date,instrument,side,t1,ret,bin,trgt,h,pt_mult,sl_mult,sigma_method,avg_uniqueness
2020-01-03,es1s,1,2020-01-17,0.02766187606236037,1,0.02616236453059317,15,1.0,0.5,garch,0.2745343040797586
2020-01-06,es1s,1,2020-01-28,0.010713735162288351,1,0.02616236453059317,15,1.0,0.5,garch,0.16307113025863024
2020-01-07,es1s,1,2020-01-17,0.027741287378902024,1,0.02616236453059317,15,1.0,0.5,garch,0.16887526054192717
2020-01-08,es1s,1,2020-01-30,0.009048385861623265,1,0.02616236453059317,15,1.0,0.5,garch,0.130333035020535
2020-01-09,es1s,1,2020-01-31,-0.015873015871771035,0,0.02616236453059317,15,1.0,0.5,garch,0.12363660644910646
2020-01-10,es1s,1,2020-02-03,-0.005896316716324512,0,0.02616236453059317,15,1.0,0.5,garch,0.12676160644910645
2020-01-13,es1s,1,2020-01-27,-0.01527471692318838,0,0.02616236453059317,15,1.0,0.5,garch,0.09924714174714173
2020-01-14,es1s,1,2020-01-27,-0.014750608272562693,0,0.02616236453059317,15,1.0,0.5,garch,0.09440158606825272
2020-01-15,es1s,1,2020-01-27,-0.016470588232733174,0,0.02616236453059317,15,1.0,0.5,garch,0.09057678432678433
2020-01-16,es1s,1,2020-01-27,-0.02321724709736528,0,0.02616236453059317,15,1.0,0.5,garch,0.08764330907188049
2020-01-17,es1s,1,2020-01-27,-0.0257142857126903,0,0.02616236453059317,15,1.0,0.5,garch,0.08558386058386058
2020-01-21,es1s,1,2020-01-27,-0.02410001506143311,0,0.02616236453059317,15,1.0,0.5,garch,0.08451881451881452
2020-01-22,es1s,1,2020-01-27,-0.024173507041497122,0,0.02616236453059317,15,1.0,0.5,garch,0.08064851814851814
2020-01-23,es1s,1,2020-01-27,-0.02600721587541155,0,0.02616236453059317,15,1.0,0.5,garch,0.07722832722832722
2020-01-24,es1s,1,2020-01-27,-0.01639593137951456,0,0.02616236453059317,15,1.0,0.5,garch,0.07417582417582418
2020-01-27,es1s,1,2020-02-05,0.029479858001406845,1,0.02616236453059317,15,1.0,0.5,garch,0.1738095238095238
2020-01-28,es1s,1,2020-01-31,-0.01654846335439719,0,0.02616236453059317,15,1.0,0.5,garch,0.15476190476190477
2020-01-29,es1s,1,2020-01-31,-0.014820473644056475,0,0.02616236453059317,15,1.0,0.5,garch,0.15079365079365079
2020-01-30,es1s,1,2020-01-31,-0.019986321148198538,0,0.02616236453059317,15,1.0,0.5,garch,0.14285714285714285
2020-01-31,es1s,1,2020-02-05,0.03442928039539339,1,0.02616236453059317,15,1.0,0.5,garch,0.2107142857142857
2020-02-03,es1s,1,2020-02-19,0.04367585888164216,1,0.04287676904991173,15,1.0,0.5,garch,0.16762866762866765
2020-02-04,es1s,-1,2020-02-12,-0.024549174118376982,0,0.04287676904991173,15,1.0,0.5,garch,0.19064625850340136
2020-02-05,es1s,1,2020-02-24,-0.032608695651983655,0,0.04287676904991173,15,1.0,0.5,garch,0.13559303943919326
2020-02-06,es1s,1,2020-02-24,-0.03557282714442089,0,0.04287676904991173,15,1.0,0.5,garch,0.1302257927257927
2020-02-07,es1s,1,2020-02-24,-0.02984513606861039,0,0.04287676904991173,15,1.0,0.5,garch,0.1193372284281375
2020-02-10,es1s,1,2020-02-24,-0.03780196838618466,0,0.04287676904991173,15,1.0,0.5,garch,0.11127095127095125
2020-02-11,es1s,1,2020-02-24,-0.03909158600195406,0,0.04287676904991173,15,1.0,0.5,garch,0.10511587178253845
2020-02-12,es1s,1,2020-02-24,-0.045629344771940694,0,0.04287676904991173,15,1.0,0.5,garch,0.10039821289821291
2020-02-13,es1s,1,2020-02-24,-0.04478164322827172,0,0.04287676904991173,15,1.0,0.5,garch,0.09688367188367189
2020-02-14,es1s,1,2020-02-24,-0.04577048210569823,0,0.04287676904991173,15,1.0,0.5,garch,0.0921976171976172
2020-02-18,es1s,1,2020-02-24,-0.04244268012182517,0,0.04287676904991173,15,1.0,0.5,garch,0.08841491841491841
2020-02-19,es1s,1,2020-02-24,-0.04753118311313598,0,0.04287676904991173,15,1.0,0.5,garch,0.08551864801864802
2020-02-20,es1s,1,2020-02-24,-0.04244268012182517,0,0.04287676904991173,15,1.0,0.5,garch,0.08372183372183373
2020-02-21,es1s,1,2020-02-24,-0.033839934116201564,0,0.04287676904991173,15,1.0,0.5,garch,0.08012820512820512
2020-02-24,es1s,1,2020-02-25,-0.02905850445496272,0,0.04287676904991173,15,1.0,0.5,garch,0.28846153846153844
2020-02-25,es1s,1,2020-02-27,-0.05602553870826865,0,0.04287676904991173,15,1.0,0.5,garch,0.4444444444444444
2020-02-26,es1s,1,2020-02-27,-0.04927256651586298,0,0.04287676904991173,15,1.0,0.5,garch,0.41666666666666663
2020-02-27,es1s,1,2020-03-04,0.053347987824615695,1,0.04287676904991173,15,1.0,0.5,garch,0.3333333333333333
2020-02-28,es1s,1,2020-03-04,0.05548966451816484,1,0.04287676904991173,15,1.0,0.5,garch,0.3333333333333333
2020-03-02,es1s,1,2020-03-03,-0.02218597063392569,0,0.04287676904991173,15,1.0,0.5,garch,0.29166666666666663
2020-03-03,es1s,1,2020-03-09,-0.08316649983295488,0,0.04287676904991173,15,1.0,0.5,garch,0.25666666666666665
2020-03-04,es1s,-1,2020-03-09,0.11782647082216102,1,0.08466462498649932,15,1.0,0.5,garch,0.2583333333333333
2020-03-05,es1s,-1,2020-03-09,0.0887912452319034,1,0.08466462498649932,15,1.0,0.5,garch,0.26111111111111107
2020-03-06,es1s,-1,2020-03-12,0.16700404858408047,1,0.08466462498649932,15,1.0,0.5,garch,0.25666666666666665
2020-03-09,es1s,1,2020-03-12,-0.10144663816016819,0,0.08466462498649932,15,1.0,0.5,garch,0.2583333333333333
2020-03-10,es1s,1,2020-03-11,-0.04379307336601934,0,0.08466462498649932,15,1.0,0.5,garch,0.29166666666666663
2020-03-11,es1s,1,2020-03-12,-0.0989873186767356,0,0.08466462498649932,15,1.0,0.5,garch,0.25
2020-03-12,es1s,1,2020-03-13,0.09194005670399785,1,0.08466462498649932,15,1.0,0.5,garch,0.375
2020-03-13,es1s,1,2020-03-16,-0.10376483679537396,0,0.08466462498649932,15,1.0,0.5,garch,0.5
2020-03-16,es1s,1,2020-03-20,-0.048539652840682845,0,0.08466462498649932,15,1.0,0.5,garch,0.35666666666666663
2020-03-17,es1s,1,2020-03-20,-0.07925970629415469,0,0.08466462498649932,15,1.0,0.5,garch,0.3208333333333333
2020-03-18,es1s,1,2020-03-20,-0.047053924629992805,0,0.08466462498649932,15,1.0,0.5,garch,0.26111111111111107
2020-03-19,es1s,1,2020-03-23,-0.07053160317909146,0,0.08466462498649932,15,1.0,0.5,garch,0.2611111111111111
2020-03-20,es1s,1,2020-03-26,0.1396110989697361,1,0.08466462498649932,15,1.0,0.5,garch,0.33999999999999997
2020-03-23,es1s,1,2020-03-24,0.09795091195508321,1,0.08466462498649932,15,1.0,0.5,garch,0.3333333333333333
2020-03-24,es1s,1,2020-04-06,0.08470057424340682,1,0.08466462498649932,15,1.0,0.5,garch,0.3092857142857143
2020-03-26,es1s,-1,2020-04-08,-0.048696319021496404,0,0.08466462498649932,15,1.0,0.5,garch,0.2527380952380952
2020-03-30,es1s,-1,2020-04-08,-0.04739109622029991,0,0.08466462498649932,15,1.0,0.5,garch,0.21175595238095238
2020-04-01,es1s,1,2020-04-08,0.11723856209170491,1,0.08466462498649932,15,1.0,0.5,garch,0.1712301587301587
2020-04-02,es1s,1,2020-04-14,0.12974369163649246,1,0.12779211653070974,15,1.0,0.5,garch,0.15669642857142857
2020-04-03,es1s,1,2020-04-14,0.14510119826855772,1,0.12779211653070974,15,1.0,0.5,garch,0.15051020408163263
2020-04-06,es1s,-1,2020-04-14,-0.07506144828763328,0,0.12779211653070974,15,1.0,0.5,garch,0.14781746031746032
2020-04-07,es1s,-1,2020-04-14,-0.07607872823538697,0,0.12779211653070974,15,1.0,0.5,garch,0.1488095238095238
2020-04-08,es1s,-1,2020-04-29,-0.07531992686964939,0,0.12779211653070974,15,1.0,0.5,garch,0.13685906685906687
2020-04-09,es1s,-1,2020-05-01,-0.015109272417787256,0,0.12779211653070974,15,1.0,0.5,garch,0.13050890082140082
2020-04-14,es1s,-1,2020-05-05,-0.005364052058950408,0,0.12779211653070974,15,1.0,0.5,garch,0.1189475455100455
2020-04-15,es1s,-1,2020-05-06,-0.021081081081667508,0,0.12779211653070974,15,1.0,0.5,garch,0.1144832597957598
2020-04-16,es1s,-1,2020-05-07,-0.03318385650523026,0,0.12779211653070974,15,1.0,0.5,garch,0.10332254551004551
2020-04-17,es1s,-1,2020-05-08,-0.020383275261907752,0,0.12779211653070974,15,1.0,0.5,garch,0.09563023781773781
2020-04-20,es1s,-1,2020-05-11,-0.0414216996265826,0,0.12779211653070974,15,1.0,0.5,garch,0.09002126345876346
2020-04-21,es1s,1,2020-05-12,0.04410688140652219,1,0.12779211653070974,15,1.0,0.5,garch,0.08590038433788433
2020-04-22,es1s,1,2020-05-13,0.00878608570739936,1,0.12779211653070974,15,1.0,0.5,garch,0.08289557664557665
2020-04-23,es1s,1,2020-05-14,0.023824507773092973,1,0.12779211653070974,15,1.0,0.5,garch,0.0807588245088245
2020-04-24,es1s,-1,2020-05-15,-0.0060081286457926986,0,0.12779211653070974,15,1.0,0.5,garch,0.07931651681651682
2020-04-29,es1s,-1,2020-05-20,-0.009350561034077831,0,0.12779211653070974,15,1.0,0.5,garch,0.07635073260073261
2020-04-30,es1s,-1,2020-05-21,-0.011886304909475953,0,0.12779211653070974,15,1.0,0.5,garch,0.07560668498168499
2020-05-01,es1s,1,2020-05-22,0.04651368831300373,1,0.12779211653070974,15,1.0,0.5,garch,0.07486263736263737
2020-05-04,es1s,1,2020-05-26,0.05990620299371363,1,0.06663094487238262,15,1.0,0.5,garch,0.07451923076923078
2020-05-05,es1s,1,2020-05-27,0.06201346977787092,1,0.06663094487238262,15,1.0,0.5,garch,0.07417582417582418
2020-05-06,es1s,1,2020-05-27,0.07128992412075674,1,0.06663094487238262,15,1.0,0.5,garch,0.07435897435897434
2020-05-07,es1s,1,2020-05-29,0.05625000000027747,1,0.06663094487238262,15,1.0,0.5,garch,0.07844169719169719
2020-05-11,es1s,-1,2020-05-27,-0.03857668291937921,0,0.06663094487238262,15,1.0,0.5,garch,0.07463369963369963
2020-05-12,es1s,1,2020-06-01,0.07063978965922546,1,0.06663094487238262,15,1.0,0.5,garch,0.08149311006453863
2020-05-13,es1s,1,2020-05-27,0.07909704941305051,1,0.06663094487238262,15,1.0,0.5,garch,0.07417582417582416
2020-05-14,es1s,1,2020-05-28,0.06708816298051268,1,0.06663094487238262,15,1.0,0.5,garch,0.07648351648351648
2020-05-15,es1s,1,2020-05-28,0.06727560161543145,1,0.06663094487238262,15,1.0,0.5,garch,0.07643467643467644
2020-05-18,es1s,1,2020-06-05,0.08098710990511537,1,0.06663094487238262,15,1.0,0.5,garch,0.0942373103087389
2020-05-20,es1s,-1,2020-06-02,-0.036550446353991184,0,0.06663094487238262,15,1.0,0.5,garch,0.08937389770723105
2020-05-21,es1s,-1,2020-05-27,-0.03353762342422417,0,0.06663094487238262,15,1.0,0.5,garch,0.07142857142857142
2020-05-22,es1s,-1,2020-06-01,-0.03420250592954788,0,0.06663094487238262,15,1.0,0.5,garch,0.08941798941798941
2020-05-26,es1s,-1,2020-06-03,-0.04115879111710363,0,0.06663094487238262,15,1.0,0.5,garch,0.10215419501133785
2020-05-27,es1s,-1,2020-06-05,-0.049827046617195725,0,0.06663094487238262,15,1.0,0.5,garch,0.1099702380952381
2020-05-28,es1s,-1,2020-06-05,-0.04896313364228999,0,0.06663094487238262,15,1.0,0.5,garch,0.11547619047619048
2020-05-29,es1s,-1,2020-06-05,-0.04758382643027326,0,0.06663094487238262,15,1.0,0.5,garch,0.11805555555555554
2020-06-01,es1s,-1,2020-06-05,-0.0434675834970315,0,0.06663094487238262,15,1.0,0.5,garch,0.11944444444444444
2020-06-02,es1s,-1,2020-06-05,-0.035667858306192235,0,0.06663094487238262,15,1.0,0.5,garch,0.12152777777777778
2020-06-03,es1s,-1,2020-06-05,-0.022131344719567014,0,0.034884109952033025,15,1.0,0.5,garch,0.12037037037037036
2020-06-04,es1s,-1,2020-06-05,-0.024513743773169727,0,0.034884109952033025,15,1.0,0.5,garch,0.11805555555555555
2020-06-05,es1s,-1,2020-06-11,0.05538558092187473,1,0.034884109952033025,15,1.0,0.5,garch,0.27888888888888885
2020-06-08,es1s,-1,2020-06-11,0.0673121611153541,1,0.034884109952033025,15,1.0,0.5,garch,0.3208333333333333
2020-06-09,es1s,-1,2020-06-11,0.06091093432992456,1,0.034884109952033025,15,1.0,0.5,garch,0.26111111111111107
2020-06-10,es1s,-1,2020-06-11,0.05516321406194513,1,0.034884109952033025,15,1.0,0.5,garch,0.225
2020-06-11,es1s,1,2020-06-16,0.03959872894607597,1,0.034884109952033025,15,1.0,0.5,garch,0.3208333333333333
2020-06-12,es1s,1,2020-07-06,0.04898102530898729,1,0.034884109952033025,15,1.0,0.5,garch,0.20133928571428572
2020-06-15,es1s,1,2020-06-26,-0.017962116264308436,0,0.034884109952033025,15,1.0,0.5,garch,0.1944047619047619
2020-06-16,es1s,1,2020-06-19,-0.018840695905545046,0,0.034884109952033025,15,1.0,0.5,garch,0.21666666666666665
2020-06-17,es1s,1,2020-06-24,-0.01866752494125079,0,0.034884109952033025,15,1.0,0.5,garch,0.17519841269841271
2020-06-18,es1s,1,2020-06-26,-0.02937378954094705,0,0.034884109952033025,15,1.0,0.5,garch,0.15867346938775512
2020-06-19,es1s,1,2020-07-06,0.03677071416875033,1,0.034884109952033025,15,1.0,0.5,garch,0.15346320346320344
2020-06-22,es1s,1,2020-06-24,-0.019850518363255465,0,0.034884109952033025,15,1.0,0.5,garch,0.14484126984126985
2020-06-23,es1s,1,2020-06-24,-0.02228635561858905,0,0.034884109952033025,15,1.0,0.5,garch,0.13392857142857142
2020-06-24,es1s,1,2020-07-06,0.04034109543808073,1,0.034884109952033025,15,1.0,0.5,garch,0.15148809523809523
2020-06-25,es1s,1,2020-06-26,-0.020760400553685,0,0.034884109952033025,15,1.0,0.5,garch,0.15476190476190477
2020-06-26,es1s,1,2020-07-02,0.040571998670266174,1,0.034884109952033025,15,1.0,0.5,garch,0.15547619047619046
2020-06-29,es1s,1,2020-07-06,0.040767779509761626,1,0.034884109952033025,15,1.0,0.5,garch,0.15547619047619046
2020-06-30,es1s,1,2020-07-15,0.04182509505486798,1,0.034884109952033025,15,1.0,0.5,garch,0.19188311688311688
2020-07-01,es1s,1,2020-07-15,0.03754431195322372,1,0.034884109952033025,15,1.0,0.5,garch,0.1944047619047619
2020-07-02,es1s,1,2020-07-24,0.02396931926988466,1,0.047473535414526015,15,1.0,0.5,garch,0.17435515873015872
2020-07-08,es1s,-1,2020-07-20,-0.025841631102451412,0,0.047473535414526015,15,1.0,0.5,garch,0.18994708994708995
2020-07-10,es1s,1,2020-07-31,0.02674217398281531,1,0.047473535414526015,15,1.0,0.5,garch,0.13442304223554224
2020-07-13,es1s,1,2020-08-03,0.04454855872411034,1,0.047473535414526015,15,1.0,0.5,garch,0.12673073454323452
2020-07-16,es1s,1,2020-08-06,0.04687744561137164,1,0.047473535414526015,15,1.0,0.5,garch,0.10921699827949828
2020-07-17,es1s,1,2020-08-07,0.04068139390187553,1,0.047473535414526015,15,1.0,0.5,garch,0.10118128399378398
2020-07-20,es1s,1,2020-08-10,0.03312533703303577,1,0.047473535414526015,15,1.0,0.5,garch,0.09557230963480963
2020-07-21,es1s,1,2020-08-11,0.024221453287702754,1,0.047473535414526015,15,1.0,0.5,garch,0.09145143051393051
2020-07-22,es1s,1,2020-08-12,0.03200122492842028,1,0.047473535414526015,15,1.0,0.5,garch,0.0873305513930514
2020-07-23,es1s,-1,2020-08-05,-0.027420604183242103,0,0.047473535414526015,15,1.0,0.5,garch,0.08986624486624487
2020-07-24,es1s,1,2020-08-12,0.05181023720506617,1,0.047473535414526015,15,1.0,0.5,garch,0.08294126508412222
2020-07-28,es1s,1,2020-08-12,0.04886399004325881,1,0.047473535414526015,15,1.0,0.5,garch,0.07917221667221665
2020-07-29,es1s,1,2020-08-19,0.036971560337320186,1,0.047473535414526015,15,1.0,0.5,garch,0.07897311022311021
2020-07-30,es1s,1,2020-08-20,0.04063101192732166,1,0.047473535414526015,15,1.0,0.5,garch,0.07775557775557776
2020-07-31,es1s,1,2020-08-21,0.03952811398685929,1,0.047473535414526015,15,1.0,0.5,garch,0.07701153013653013
2020-08-03,es1s,1,2020-08-24,0.042268511480874515,1,0.033090645652792225,15,1.0,0.5,garch,0.07701153013653014
2020-08-04,es1s,1,2020-08-24,0.038636363636515236,1,0.033090645652792225,15,1.0,0.5,garch,0.07701742701742702
2020-08-05,es1s,1,2020-08-24,0.03362484921536035,1,0.033090645652792225,15,1.0,0.5,garch,0.0770241663098806
2020-08-06,es1s,1,2020-08-26,0.0406668161776329,1,0.033090645652792225,15,1.0,0.5,garch,0.08405853405853404
2020-08-07,es1s,1,2020-08-26,0.04051124897454916,1,0.033090645652792225,15,1.0,0.5,garch,0.08496067424638852
2020-08-11,es1s,1,2020-08-25,0.03393393393201927,1,0.033090645652792225,15,1.0,0.5,garch,0.08165824074914983
2020-08-12,es1s,-1,2020-08-24,-0.017062314539370904,0,0.033090645652792225,15,1.0,0.5,garch,0.07891182891182891
2020-08-13,es1s,-1,2020-08-24,-0.017741815754882095,0,0.033090645652792225,15,1.0,0.5,garch,0.07916042291042291
2020-08-17,es1s,1,2020-08-28,0.03691101412682207,1,0.033090645652792225,15,1.0,0.5,garch,0.10721001221001221
2020-08-18,es1s,1,2020-08-28,0.03469146737632389,1,0.033090645652792225,15,1.0,0.5,garch,0.10986297652964319
2020-08-19,es1s,-1,2020-08-25,-0.02082870061527453,0,0.033090645652792225,15,1.0,0.5,garch,0.08046398046398046
2020-08-20,es1s,-1,2020-08-25,-0.018413074023483356,0,0.033090645652792225,15,1.0,0.5,garch,0.08272283272283272
2020-08-21,es1s,-1,2020-08-26,-0.02586588062185613,0,0.033090645652792225,15,1.0,0.5,garch,0.10057997557997557
2020-08-25,es1s,-1,2020-08-28,-0.017862329364291663,0,0.033090645652792225,15,1.0,0.5,garch,0.15515873015873016
2020-08-26,es1s,-1,2020-09-02,-0.028446232308910746,0,0.033090645652792225,15,1.0,0.5,garch,0.1876984126984127
2020-08-27,es1s,-1,2020-09-02,-0.026970805537775977,0,0.033090645652792225,15,1.0,0.5,garch,0.19666666666666666
2020-08-28,es1s,-1,2020-09-02,-0.021329718932301844,0,0.033090645652792225,15,1.0,0.5,garch,0.19583333333333333
2020-08-31,es1s,-1,2020-09-02,-0.022935124320436984,0,0.033090645652792225,15,1.0,0.5,garch,0.20555555555555557
2020-09-01,es1s,-1,2020-09-04,0.0310462149158105,1,0.02968227660420808,15,1.0,0.5,garch,0.2583333333333333
2020-09-02,es1s,-1,2020-09-03,0.03289795348211688,1,0.02968227660420808,15,1.0,0.5,garch,0.25
2020-09-03,es1s,-1,2020-09-08,0.036400404447084256,1,0.02968227660420808,15,1.0,0.5,garch,0.3333333333333333
2020-09-04,es1s,1,2020-09-08,-0.023994147765971308,0,0.02968227660420808,15,1.0,0.5,garch,0.3333333333333333
2020-09-08,es1s,1,2020-09-21,-0.015153827824440413,0,0.02968227660420808,15,1.0,0.5,garch,0.2551190476190476
2020-09-09,es1s,1,2020-09-10,-0.017572237337934893,0,0.02968227660420808,15,1.0,0.5,garch,0.41666666666666663
2020-09-10,es1s,1,2020-09-21,-0.016627927765690886,0,0.02968227660420808,15,1.0,0.5,garch,0.21473214285714287
2020-09-11,es1s,1,2020-09-23,-0.027800096415453,0,0.02968227660420808,15,1.0,0.5,garch,0.20383597883597881
2020-09-14,es1s,1,2020-09-18,-0.01660612350876156,0,0.02968227660420808,15,1.0,0.5,garch,0.1769047619047619
2020-09-15,es1s,1,2020-09-18,-0.02319587629007125,0,0.02968227660420808,15,1.0,0.5,garch,0.15863095238095237
2020-09-16,es1s,1,2020-09-18,-0.018715786359795983,0,0.02968227660420808,15,1.0,0.5,garch,0.14484126984126985
2020-09-17,es1s,1,2020-09-21,-0.022679797074518837,0,0.02968227660420808,15,1.0,0.5,garch,0.14484126984126985
2020-09-18,es1s,1,2020-09-23,-0.025631360721602436,0,0.02968227660420808,15,1.0,0.5,garch,0.18541666666666667
2020-09-21,es1s,1,2020-10-05,0.03603053435066372,1,0.02968227660420808,15,1.0,0.5,garch,0.20768398268398267
2020-09-22,es1s,1,2020-09-23,-0.02061074486661163,0,0.02968227660420808,15,1.0,0.5,garch,0.225
2020-09-23,es1s,1,2020-09-28,0.035512572534248665,1,0.02968227660420808,15,1.0,0.5,garch,0.24583333333333335
2020-09-24,es1s,1,2020-09-28,0.03335392217455602,1,0.02968227660420808,15,1.0,0.5,garch,0.26111111111111107
2020-09-25,es1s,1,2020-10-05,0.032169746750424943,1,0.02968227660420808,15,1.0,0.5,garch,0.19064625850340136
2020-09-28,es1s,1,2020-10-09,0.03803048416034871,1,0.02968227660420808,15,1.0,0.5,garch,0.15746031746031747
2020-09-29,es1s,1,2020-10-08,0.031121109862291885,1,0.02968227660420808,15,1.0,0.5,garch,0.15793650793650793
2020-09-30,es1s,1,2020-10-09,0.03617243436966189,1,0.02968227660420808,15,1.0,0.5,garch,0.14057539682539683
2020-10-01,es1s,1,2020-10-12,0.0489941355518817,1,0.04227159942883684,15,1.0,0.5,garch,0.1312003968253968
2020-10-02,es1s,1,2020-10-12,0.05794714381804544,1,0.04227159942883684,15,1.0,0.5,garch,0.12613378684807255
2020-10-05,es1s,1,2020-10-26,0.00014736221645583747,1,0.04227159942883684,15,1.0,0.5,garch,0.11549943112443112
2020-10-06,es1s,1,2020-10-12,0.053530157308222526,1,0.04227159942883684,15,1.0,0.5,garch,0.12301587301587302
2020-10-07,es1s,1,2020-10-28,-0.042048873560669664,0,0.04227159942883684,15,1.0,0.5,garch,0.1112583596958597
2020-10-08,es1s,1,2020-10-28,-0.050618181818381514,0,0.04227159942883684,15,1.0,0.5,garch,0.11034225034225034
2020-10-09,es1s,1,2020-10-26,-0.02296120348536912,0,0.04227159942883684,15,1.0,0.5,garch,0.112001887001887
2020-10-12,es1s,1,2020-10-19,-0.031137216050692085,0,0.04227159942883684,15,1.0,0.5,garch,0.12843915343915344
2020-10-13,es1s,1,2020-10-19,-0.023396818603867997,0,0.04227159942883684,15,1.0,0.5,garch,0.12912698412698415
2020-10-14,es1s,1,2020-10-26,-0.025136455040280503,0,0.04227159942883684,15,1.0,0.5,garch,0.10458276291609625
2020-10-15,es1s,1,2020-10-26,-0.023593727521744712,0,0.04227159942883684,15,1.0,0.5,garch,0.09979846542346542
2020-10-16,es1s,1,2020-10-27,-0.02288973932956795,0,0.04227159942883684,15,1.0,0.5,garch,0.09667346542346542
2020-10-19,es1s,1,2020-10-28,-0.046526915490176846,0,0.04227159942883684,15,1.0,0.5,garch,0.09528457653457653
2020-10-20,es1s,1,2020-10-28,-0.04916599898079976,0,0.04227159942883684,15,1.0,0.5,garch,0.09461094461094462
2020-10-21,es1s,1,2020-10-28,-0.04923525127358108,0,0.04227159942883684,15,1.0,0.5,garch,0.09186091686091685
2020-10-22,es1s,1,2020-10-28,-0.053852286727240406,0,0.04227159942883684,15,1.0,0.5,garch,0.09023310023310023
2020-10-23,es1s,1,2020-10-28,-0.054537553413771866,0,0.04227159942883684,15,1.0,0.5,garch,0.09006410256410255
2020-10-26,es1s,1,2020-10-28,-0.038308531014388914,0,0.04227159942883684,15,1.0,0.5,garch,0.09230769230769231
2020-10-27,es1s,1,2020-10-28,-0.035323677209482374,0,0.04227159942883684,15,1.0,0.5,garch,0.1
2020-10-28,es1s,1,2020-11-04,0.05255094223948409,1,0.04227159942883684,15,1.0,0.5,garch,0.25833333333333336
2020-10-29,es1s,1,2020-11-05,0.06132182602854219,1,0.04227159942883684,15,1.0,0.5,garch,0.26944444444444443
2020-10-30,es1s,1,2020-11-05,0.0735125201012472,1,0.06445332667065397,15,1.0,0.5,garch,0.2233333333333333
2020-11-02,es1s,1,2020-11-09,0.07377670050096219,1,0.06445332667065397,15,1.0,0.5,garch,0.19166666666666668
2020-11-03,es1s,1,2020-11-13,0.06559571620017213,1,0.06445332667065397,15,1.0,0.5,garch,0.16062610229276897
2020-11-04,es1s,1,2020-11-25,0.055967976710132206,1,0.06445332667065397,15,1.0,0.5,garch,0.11928167318792318
2020-11-05,es1s,1,2020-11-27,0.03759183964753032,1,0.06445332667065397,15,1.0,0.5,garch,0.11277125652125652
2020-11-06,es1s,1,2020-11-30,0.03499250160752587,1,0.06445332667065397,15,1.0,0.5,garch,0.10626083985458985
2020-11-09,es1s,1,2020-12-01,0.03287246049578019,1,0.06445332667065397,15,1.0,0.5,garch,0.09766708985458986
2020-11-10,es1s,1,2020-12-02,0.035653770121382156,1,0.06445332667065397,15,1.0,0.5,garch,0.09115667318792318
2020-11-11,es1s,1,2020-12-03,0.027045964126364286,1,0.06445332667065397,15,1.0,0.5,garch,0.08464625652125651
2020-11-12,es1s,1,2020-12-04,0.046850672326468334,1,0.06445332667065397,15,1.0,0.5,garch,0.07962393509268509
2020-11-13,es1s,1,2020-12-07,0.030360134002276107,1,0.06445332667065397,15,1.0,0.5,garch,0.07571768509268509
2020-11-16,es1s,1,2020-12-08,0.0218051338667411,1,0.06445332667065397,15,1.0,0.5,garch,0.07267949064824064
2020-11-17,es1s,1,2020-12-09,0.01822970818747871,1,0.06445332667065397,15,1.0,0.5,garch,0.0696412962037962
2020-11-18,es1s,1,2020-12-10,0.029032258063805605,1,0.06445332667065397,15,1.0,0.5,garch,0.0672975462037962
2020-11-19,es1s,1,2020-12-11,0.022695530724983204,1,0.06445332667065397,15,1.0,0.5,garch,0.06552197802197801
2020-11-20,es1s,1,2020-12-14,0.025954842795277155,1,0.06445332667065397,15,1.0,0.5,garch,0.0642198946886447
2020-11-23,es1s,1,2020-12-15,0.03288141179476911,1,0.06445332667065397,15,1.0,0.5,garch,0.06331845238095238
2020-11-24,es1s,1,2020-12-16,0.018607386177723395,1,0.06445332667065397,15,1.0,0.5,garch,0.06276041666666667
2020-11-25,es1s,1,2020-12-17,0.025399382647876667,1,0.06445332667065397,15,1.0,0.5,garch,0.0625
2020-11-27,es1s,1,2020-12-18,0.021000495961548626,1,0.06445332667065397,15,1.0,0.5,garch,0.0625
2020-11-30,es1s,1,2020-12-21,0.019066224088658323,1,0.06445332667065397,15,1.0,0.5,garch,0.0625
2020-12-01,es1s,1,2020-12-22,0.006369763108695192,1,0.03331383322810719,15,1.0,0.5,garch,0.0625
2020-12-02,es1s,1,2020-12-23,0.005678398566355325,1,0.03331383322810719,15,1.0,0.5,garch,0.0625
2020-12-03,es1s,1,2020-12-24,0.010123676978230467,1,0.03331383322810719,15,1.0,0.5,garch,0.0625
2020-12-04,es1s,1,2020-12-28,0.009777244455387635,1,0.03331383322810719,15,1.0,0.5,garch,0.0625
2020-12-07,es1s,1,2020-12-29,0.009725084912782567,1,0.03331383322810719,15,1.0,0.5,garch,0.0625
2020-12-08,es1s,-1,2020-12-30,-0.007806711621015872,0,0.03331383322810719,15,1.0,0.5,garch,0.0625
2020-12-09,es1s,1,2020-12-31,0.022598852474357223,1,0.03331383322810719,15,1.0,0.5,garch,0.06276041666666667
2020-12-10,es1s,1,2021-01-04,0.008271310773724005,1,0.03331383322810719,15,1.0,0.5,garch,0.06302083333333333
2020-12-11,es1s,1,2021-01-05,0.017381968493312305,1,0.03331383322810719,15,1.0,0.5,garch,0.06328125
2020-12-14,es1s,1,2021-01-06,0.02760989010848469,1,0.03331383322810719,15,1.0,0.5,garch,0.06354166666666666
2020-12-15,es1s,1,2021-01-07,0.029427719011877906,1,0.03331383322810719,15,1.0,0.5,garch,0.06380208333333333
2020-12-16,es1s,1,2021-01-08,0.03350253807106274,1,0.03331383322810719,15,1.0,0.5,garch,0.06470352564102563
2020-12-17,es1s,1,2021-01-11,0.0213453639506207,1,0.03331383322810719,15,1.0,0.5,garch,0.06774172008547008
2020-12-18,es1s,1,2021-01-12,0.023811129850131785,1,0.03331383322810719,15,1.0,0.5,garch,0.07077991452991453
2020-12-21,es1s,1,2021-01-08,0.03574577765775255,1,0.03331383322810719,15,1.0,0.5,garch,0.06521203155818539
2020-12-22,es1s,1,2021-01-08,0.038139914337288916,1,0.03331383322810719,15,1.0,0.5,garch,0.06543803418803418
2020-12-23,es1s,1,2021-01-08,0.03694146407698806,1,0.03331383322810719,15,1.0,0.5,garch,0.0657051282051282
2020-12-24,es1s,1,2021-01-19,0.02584573748210639,1,0.03331383322810719,15,1.0,0.5,garch,0.07971299533799533
2020-12-28,es1s,1,2021-01-20,0.03152246814432047,1,0.03331383322810719,15,1.0,0.5,garch,0.08148856351981351
2020-12-29,es1s,-1,2021-01-07,-0.020295698925564487,0,0.03331383322810719,15,1.0,0.5,garch,0.06547619047619047
2020-12-30,es1s,-1,2021-01-07,-0.019131368733485754,0,0.03331383322810719,15,1.0,0.5,garch,0.06597222222222221
2021-01-04,es1s,1,2021-01-08,0.03392240503808397,1,0.028154916816460776,15,1.0,0.5,garch,0.06871794871794872
2021-01-05,es1s,1,2021-01-20,0.03408861695788534,1,0.028154916816460776,15,1.0,0.5,garch,0.08936215299851664
2021-01-06,es1s,1,2021-01-21,0.028204785457806247,1,0.028154916816460776,15,1.0,0.5,garch,0.09239245602881967
2021-01-07,es1s,1,2021-01-29,-0.023778158345853062,0,0.028154916816460776,15,1.0,0.5,garch,0.0905729686979687
2021-01-08,es1s,1,2021-01-15,-0.014472822528245777,0,0.028154916816460776,15,1.0,0.5,garch,0.1001942501942502
2021-01-11,es1s,1,2021-01-29,-0.022877109705974008,0,0.028154916816460776,15,1.0,0.5,garch,0.09325555396983967
2021-01-12,es1s,1,2021-01-29,-0.02352088549328102,0,0.028154916816460776,15,1.0,0.5,garch,0.09188204957435728
2021-01-13,es1s,1,2021-01-27,-0.015642458100311396,0,0.028154916816460776,15,1.0,0.5,garch,0.09350038850038851
2021-01-14,es1s,1,2021-01-29,-0.022683811408946042,0,0.028154916816460776,15,1.0,0.5,garch,0.08838585656767474
2021-01-15,es1s,1,2021-01-29,-0.015150508339392355,0,0.028154916816460776,15,1.0,0.5,garch,0.08722444222444221
2021-01-19,es1s,1,2021-01-29,-0.02249043661872563,0,0.028154916816460776,15,1.0,0.5,garch,0.08681503681503681
2021-01-20,es1s,-1,2021-01-29,0.036345903772145416,1,0.028154916816460776,15,1.0,0.5,garch,0.08630328005328006
2021-01-21,es1s,-1,2021-01-29,0.03659646385890891,1,0.028154916816460776,15,1.0,0.5,garch,0.08564530707387849
2021-01-22,es1s,-1,2021-01-29,0.03364412857956045,1,0.028154916816460776,15,1.0,0.5,garch,0.08325285825285826
2021-01-25,es1s,-1,2021-01-29,0.037222294400566125,1,0.028154916816460776,15,1.0,0.5,garch,0.07990342990342991
2021-01-26,es1s,-1,2021-01-29,0.035718932987556795,1,0.028154916816460776,15,1.0,0.5,garch,0.07715201465201466
2021-01-27,es1s,1,2021-02-04,0.03211591106455103,1,0.028154916816460776,15,1.0,0.5,garch,0.17980115122972265
2021-01-28,es1s,1,2021-01-29,-0.019580604617643993,0,0.028154916816460776,15,1.0,0.5,garch,0.07417582417582418
2021-01-29,es1s,1,2021-02-02,0.030497267391508043,1,0.028154916816460776,15,1.0,0.5,garch,0.21825396825396826
2021-02-01,es1s,1,2021-02-05,0.030405629689785663,1,0.028154916816460776,15,1.0,0.5,garch,0.24666666666666665
2021-02-02,es1s,1,2021-02-24,0.02730308387334701,1,0.05524301697268338,15,1.0,0.5,garch,0.17167502636252635
2021-02-03,es1s,1,2021-02-25,0.0011769321316734693,1,0.05524301697268338,15,1.0,0.5,garch,0.16085771867021867
2021-02-04,es1s,1,2021-02-26,-0.014296804244154138,0,0.05524301697268338,15,1.0,0.5,garch,0.150040410977911
2021-02-05,es1s,1,2021-03-01,0.004767734038578109,1,0.05524301697268338,15,1.0,0.5,garch,0.14448485542235542
2021-02-11,es1s,1,2021-03-04,-0.0374488752557951,0,0.05524301697268338,15,1.0,0.5,garch,0.11091852591852591
2021-02-12,es1s,1,2021-02-26,-0.03097176290864201,0,0.05524301697268338,15,1.0,0.5,garch,0.10506465756465758
2021-02-16,es1s,1,2021-02-26,-0.030169944623200884,0,0.05524301697268338,15,1.0,0.5,garch,0.09821998988665655
2021-02-17,es1s,1,2021-02-26,-0.030231670061487637,0,0.05524301697268338,15,1.0,0.5,garch,0.09264034576534577
2021-02-18,es1s,1,2021-03-04,-0.03683335464930437,0,0.05524301697268338,15,1.0,0.5,garch,0.09356855265946175
2021-02-19,es1s,1,2021-03-04,-0.03522931078690139,0,0.05524301697268338,15,1.0,0.5,garch,0.09181429681429681
2021-02-22,es1s,1,2021-03-04,-0.027881760682561763,0,0.05524301697268338,15,1.0,0.5,garch,0.09090477423810758
2021-02-23,es1s,1,2021-03-04,-0.02900979886487831,0,0.05524301697268338,15,1.0,0.5,garch,0.09090423465423465
2021-02-24,es1s,1,2021-02-26,-0.028871892925122267,0,0.05524301697268338,15,1.0,0.5,garch,0.07692307692307693
2021-02-25,es1s,1,2021-03-18,0.0227606837599037,1,0.05524301697268338,15,1.0,0.5,garch,0.10966793623043623
2021-02-26,es1s,1,2021-03-19,0.026150368669677793,1,0.05524301697268338,15,1.0,0.5,garch,0.10966793623043623
2021-03-01,es1s,1,2021-03-04,-0.03417762103333832,0,0.05524301697268338,15,1.0,0.5,garch,0.10328282828282828
2021-03-02,es1s,1,2021-03-23,0.01069509808956104,1,0.05524301697268338,15,1.0,0.5,garch,0.1071877775002775
2021-03-03,es1s,1,2021-03-24,0.019144269582940687,1,0.05524301697268338,15,1.0,0.5,garch,0.10505102536352537
2021-03-04,es1s,1,2021-03-15,0.05364493427134698,1,0.05109221462768275,15,1.0,0.5,garch,0.1284316378066378
2021-03-08,es1s,1,2021-03-29,0.0390133541070532,1,0.05109221462768275,15,1.0,0.5,garch,0.09405785187035187
2021-03-09,es1s,1,2021-03-30,0.021616333219432127,1,0.05109221462768275,15,1.0,0.5,garch,0.08780785187035187
2021-03-10,es1s,1,2021-03-31,0.02060095374044657,1,0.05109221462768275,15,1.0,0.5,garch,0.08304594710844711
2021-03-11,es1s,1,2021-04-01,0.02098709192395143,1,0.05109221462768275,15,1.0,0.5,garch,0.07940011377511377
2021-03-12,es1s,1,2021-04-02,0.019562669574160862,1,0.05109221462768275,15,1.0,0.5,garch,0.076622335997336
2021-03-15,es1s,1,2021-04-05,0.027663740288642602,1,0.05109221462768275,15,1.0,0.5,garch,0.0748366217116217
2021-03-16,es1s,1,2021-04-06,0.028209993674323197,1,0.05109221462768275,15,1.0,0.5,garch,0.07483662171162171
2021-03-17,es1s,1,2021-04-07,0.026870190487391588,1,0.05109221462768275,15,1.0,0.5,garch,0.07540480352980353
2021-03-18,es1s,1,2021-04-08,0.046850998463759286,1,0.05109221462768275,15,1.0,0.5,garch,0.07644647019647019
2021-03-19,es1s,1,2021-04-09,0.05634976601087227,1,0.05109221462768275,15,1.0,0.5,garch,0.07788877788877789
2021-03-22,es1s,1,2021-04-12,0.04840966921294654,1,0.05109221462768275,15,1.0,0.5,garch,0.08089358558108559
2021-03-23,es1s,1,2021-04-09,0.05634976601087227,1,0.05109221462768275,15,1.0,0.5,garch,0.07802673516959231
2021-03-25,es1s,1,2021-04-09,0.0561466478642938,1,0.05109221462768275,15,1.0,0.5,garch,0.07866855366855367
2021-03-26,es1s,-1,2021-04-05,-0.02597893940255247,0,0.05109221462768275,15,1.0,0.5,garch,0.06802721088435373
2021-03-29,es1s,-1,2021-04-05,-0.02746905784073439,0,0.05109221462768275,15,1.0,0.5,garch,0.06746031746031746
2021-03-30,es1s,1,2021-04-15,0.05439807485278969,1,0.05109221462768275,15,1.0,0.5,garch,0.09484404484404485
2021-03-31,es1s,1,2021-04-16,0.052614996849016826,1,0.05109221462768275,15,1.0,0.5,garch,0.1007048507048507
2021-04-01,es1s,1,2021-04-22,0.029364089776733104,1,0.05109221462768275,15,1.0,0.5,garch,0.11262626262626263
2021-04-02,es1s,1,2021-04-15,0.038029925185518065,1,0.035989466764472906,15,1.0,0.5,garch,0.1032972582972583
2021-04-08,es1s,-1,2021-04-16,-0.021337735387367385,0,0.035989466764472906,15,1.0,0.5,garch,0.12097505668934239
2021-04-09,es1s,-1,2021-04-29,-0.02039082413016402,0,0.035989466764472906,15,1.0,0.5,garch,0.12111351611351612
2021-04-12,es1s,-1,2021-04-29,-0.020205084642485716,0,0.035989466764472906,15,1.0,0.5,garch,0.12262162440733869
2021-04-14,es1s,-1,2021-04-29,-0.020762506072000253,0,0.035989466764472906,15,1.0,0.5,garch,0.12073713323713324
2021-04-15,es1s,-1,2021-05-06,-0.007627627627679212,0,0.035989466764472906,15,1.0,0.5,garch,0.11163263819513819
2021-04-19,es1s,-1,2021-05-10,-0.006738057993909807,0,0.035989466764472906,15,1.0,0.5,garch,0.10537500693750694
2021-04-20,es1s,1,2021-05-11,0.0047861383734248975,1,0.035989466764472906,15,1.0,0.5,garch,0.09976603257853257
2021-04-21,es1s,-1,2021-05-12,0.025451707784802657,1,0.035989466764472906,15,1.0,0.5,garch,0.09564515345765345
2021-04-23,es1s,-1,2021-05-14,0.0005993048065370266,1,0.035989466764472906,15,1.0,0.5,garch,0.09676122488622489
2021-04-26,es1s,-1,2021-05-17,0.005203971766555626,1,0.035989466764472906,15,1.0,0.5,garch,0.09676122488622488
2021-04-27,es1s,-1,2021-05-18,0.01340033500813087,1,0.035989466764472906,15,1.0,0.5,garch,0.09762928044178044
2021-04-28,es1s,-1,2021-05-19,0.015504340019463658,1,0.035989466764472906,15,1.0,0.5,garch,0.09919178044178044
2021-04-29,es1s,-1,2021-05-20,0.01171642678801288,1,0.035989466764472906,15,1.0,0.5,garch,0.10132246225996226
2021-05-03,es1s,1,2021-05-12,-0.030341038045882396,0,0.03135258141073212,15,1.0,0.5,garch,0.08235722610722611
2021-05-04,es1s,1,2021-05-12,-0.023928335236114817,0,0.03135258141073212,15,1.0,0.5,garch,0.07983682983682984
2021-05-05,es1s,1,2021-05-12,-0.024338942305356603,0,0.03135258141073212,15,1.0,0.5,garch,0.07799145299145299
2021-05-06,es1s,1,2021-05-12,-0.03230613339475452,0,0.03135258141073212,15,1.0,0.5,garch,0.07692307692307693
2021-05-07,es1s,-1,2021-05-12,0.03940595230969579,1,0.03135258141073212,15,1.0,0.5,garch,0.07692307692307693
2021-05-11,es1s,1,2021-05-12,-0.02110340669119848,0,0.03135258141073212,15,1.0,0.5,garch,0.07692307692307693
2021-05-12,es1s,1,2021-05-24,0.033261472125791114,1,0.03135258141073212,15,1.0,0.5,garch,0.12009903676570342
2021-05-13,es1s,1,2021-06-04,0.029522766010591006,1,0.03135258141073212,15,1.0,0.5,garch,0.10999347874347873
2021-05-14,es1s,1,2021-06-07,0.013552410649819713,1,0.03135258141073212,15,1.0,0.5,garch,0.10627324064824065
2021-05-17,es1s,1,2021-06-08,0.016354999699644157,1,0.03135258141073212,15,1.0,0.5,garch,0.10366907398157398
2021-05-18,es1s,1,2021-06-09,0.023162745575150856,1,0.03135258141073212,15,1.0,0.5,garch,0.1010649073149073
2021-05-19,es1s,1,2021-06-10,0.030767359844510844,1,0.03135258141073212,15,1.0,0.5,garch,0.09846074064824065
2021-05-20,es1s,-1,2021-06-04,-0.017813082987862217,0,0.03135258141073212,15,1.0,0.5,garch,0.10154895609441064
2021-05-21,es1s,-1,2021-06-04,-0.018425964955212315,0,0.03135258141073212,15,1.0,0.5,garch,0.09920385170385168
2021-05-24,es1s,-1,2021-06-15,-0.012335115867032842,0,0.03135258141073212,15,1.0,0.5,garch,0.0898469585969586
2021-05-25,es1s,-1,2021-06-14,-0.01654521562434308,0,0.03135258141073212,15,1.0,0.5,garch,0.08925122496551066
2021-05-28,es1s,1,2021-06-21,0.004802419382993861,1,0.03135258141073212,15,1.0,0.5,garch,0.0833203255078255
2021-06-01,es1s,1,2021-06-22,0.011130132718496943,1,0.03135258141073212,15,1.0,0.5,garch,0.0848828255078255
2021-06-02,es1s,1,2021-06-23,0.008135463494595596,1,0.02800830830633946,15,1.0,0.5,garch,0.08701350732600732
2021-06-03,es1s,1,2021-06-24,0.017601366564317766,1,0.02800830830633946,15,1.0,0.5,garch,0.089617673992674
2021-06-04,es1s,1,2021-06-18,-0.015596416601140084,0,0.02800830830633946,15,1.0,0.5,garch,0.07790542790542788
2021-06-07,es1s,1,2021-06-18,-0.014955756357259986,0,0.02800830830633946,15,1.0,0.5,garch,0.07855311355311353
2021-06-08,es1s,1,2021-06-18,-0.015014032655342069,0,0.02800830830633946,15,1.0,0.5,garch,0.07802197802197802
2021-06-09,es1s,1,2021-06-30,0.01874851725049398,1,0.02800830830633946,15,1.0,0.5,garch,0.09874847374847374
2021-06-10,es1s,1,2021-06-18,-0.017861148770624724,0,0.02800830830633946,15,1.0,0.5,garch,0.07650444793301936
2021-06-11,es1s,1,2021-06-18,-0.019653900605774544,0,0.02800830830633946,15,1.0,0.5,garch,0.07536630036630036
2021-06-14,es1s,1,2021-06-18,-0.021727609962359784,0,0.02800830830633946,15,1.0,0.5,garch,0.07377289377289378
2021-06-15,es1s,1,2021-06-18,-0.019591644047682877,0,0.02800830830633946,15,1.0,0.5,garch,0.07298534798534799
2021-06-16,es1s,1,2021-06-18,-0.014122952765148633,0,0.02800830830633946,15,1.0,0.5,garch,0.07167277167277168
2021-06-17,es1s,1,2021-07-02,0.030981067126391038,1,0.02800830830633946,15,1.0,0.5,garch,0.10750962000962001
2021-06-18,es1s,1,2021-06-25,0.02834958468699922,1,0.02800830830633946,15,1.0,0.5,garch,0.11527777777777777
2021-06-21,es1s,1,2021-07-02,0.03061406110971565,1,0.02800830830633946,15,1.0,0.5,garch,0.1152020202020202
2021-06-22,es1s,1,2021-07-09,0.029212156976996972,1,0.02800830830633946,15,1.0,0.5,garch,0.10601428486043869
2021-06-23,es1s,1,2021-07-09,0.03036748198047179,1,0.02800830830633946,15,1.0,0.5,garch,0.10443214193214191
2021-06-24,es1s,1,2021-07-12,0.028312969925081255,1,0.02800830830633946,15,1.0,0.5,garch,0.1009599197099197
2021-06-25,es1s,1,2021-07-19,-0.0046824700011566245,0,0.02800830830633946,15,1.0,0.5,garch,0.0904606678044178
2021-06-28,es1s,1,2021-07-20,0.008176614881697741,1,0.02800830830633946,15,1.0,0.5,garch,0.09306483447108448
2021-06-29,es1s,1,2021-07-21,0.015997197571267607,1,0.02800830830633946,15,1.0,0.5,garch,0.09566900113775115
2021-06-30,es1s,1,2021-07-22,0.016555905329035836,1,0.02800830830633946,15,1.0,0.5,garch,0.09914122335997336
2021-07-01,es1s,1,2021-07-23,0.0213999884005196,1,0.028174488031532455,15,1.0,0.5,garch,0.10330789002664004
2021-07-02,es1s,1,2021-07-19,-0.021069598755764418,0,0.028174488031532455,15,1.0,0.5,garch,0.08056905215996125
2021-07-06,es1s,1,2021-07-19,-0.019093216427395254,0,0.028174488031532455,15,1.0,0.5,garch,0.07953504828504829
2021-07-07,es1s,1,2021-07-19,-0.02264497959527889,0,0.028174488031532455,15,1.0,0.5,garch,0.07726116476116476
2021-07-08,es1s,1,2021-07-19,-0.014317180617314351,0,0.028174488031532455,15,1.0,0.5,garch,0.07555517399267399
2021-07-09,es1s,1,2021-07-19,-0.024942660549723827,0,0.028174488031532455,15,1.0,0.5,garch,0.07444400837257979
2021-07-12,es1s,1,2021-07-19,-0.028618759281621275,0,0.028174488031532455,15,1.0,0.5,garch,0.07403083028083028
2021-07-13,es1s,1,2021-07-19,-0.025222126683503765,0,0.028174488031532455,15,1.0,0.5,garch,0.07217032967032967
2021-07-14,es1s,1,2021-07-19,-0.026672772021235525,0,0.028174488031532455,15,1.0,0.5,garch,0.06937957875457876
2021-07-15,es1s,1,2021-07-19,-0.02315027573472317,0,0.028174488031532455,15,1.0,0.5,garch,0.06686507936507936
2021-07-16,es1s,1,2021-07-19,-0.015572536760088185,0,0.028174488031532455,15,1.0,0.5,garch,0.06458333333333333
2021-07-19,es1s,1,2021-07-23,0.03569538370997316,1,0.028174488031532455,15,1.0,0.5,garch,0.14583333333333331
2021-07-20,es1s,1,2021-08-10,0.026532267409240307,1,0.028174488031532455,15,1.0,0.5,garch,0.12661279692529692
2021-07-21,es1s,1,2021-08-11,0.020687277325842857,1,0.028174488031532455,15,1.0,0.5,garch,0.12100382256632256
2021-07-22,es1s,1,2021-08-12,0.021791489850052637,1,0.028174488031532455,15,1.0,0.5,garch,0.11539484820734819
2021-07-23,es1s,1,2021-08-13,0.013513513513407904,1,0.028174488031532455,15,1.0,0.5,garch,0.11018651487401487
2021-07-26,es1s,-1,2021-08-16,-0.013535708217663478,0,0.028174488031532455,15,1.0,0.5,garch,0.10601984820734821
2021-07-27,es1s,-1,2021-08-13,-0.015473887814192011,0,0.028174488031532455,15,1.0,0.5,garch,0.0997369693798265
2021-07-28,es1s,-1,2021-08-13,-0.015647226173653328,0,0.028174488031532455,15,1.0,0.5,garch,0.09458853112699264
2021-07-29,es1s,-1,2021-08-16,-0.014110047034220363,0,0.028174488031532455,15,1.0,0.5,garch,0.09129182783028936
2021-07-30,es1s,-1,2021-08-12,-0.014808064698797141,0,0.028174488031532455,15,1.0,0.5,garch,0.08784604284604285
2021-08-02,es1s,1,2021-08-23,0.02186197842393245,1,0.03045616102472911,15,1.0,0.5,garch,0.08975226162726163
2021-08-04,es1s,1,2021-08-25,0.0223562204916401,1,0.03045616102472911,15,1.0,0.5,garch,0.08766892829392829
2021-08-06,es1s,-1,2021-08-27,-0.017157692741553543,0,0.03045616102472911,15,1.0,0.5,garch,0.0867219585969586
2021-08-09,es1s,-1,2021-08-27,-0.01801954471080247,0,0.03045616102472911,15,1.0,0.5,garch,0.08694786694786694
2021-08-10,es1s,-1,2021-08-27,-0.017042889390074256,0,0.03045616102472911,15,1.0,0.5,garch,0.08766392337820908
2021-08-12,es1s,1,2021-09-02,0.0181277359984513,1,0.03045616102472911,15,1.0,0.5,garch,0.08938179875679875
2021-08-13,es1s,1,2021-08-18,-0.0152380952379777,0,0.03045616102472911,15,1.0,0.5,garch,0.09861111111111112
2021-08-16,es1s,-1,2021-09-07,-0.010113991951687051,0,0.03045616102472911,15,1.0,0.5,garch,0.08938179875679875
2021-08-17,es1s,1,2021-09-08,0.015528299763892806,1,0.03045616102472911,15,1.0,0.5,garch,0.08793949106449106
2021-08-18,es1s,1,2021-09-02,0.03202867220509953,1,0.03045616102472911,15,1.0,0.5,garch,0.08822843822843823
2021-08-19,es1s,1,2021-09-10,0.012893331820367004,1,0.03045616102472911,15,1.0,0.5,garch,0.08401702464202464
2021-08-20,es1s,1,2021-09-13,0.007212080233728102,1,0.03045616102472911,15,1.0,0.5,garch,0.08223131035631034
2021-08-23,es1s,1,2021-09-14,-0.006994240761345805,0,0.03045616102472911,15,1.0,0.5,garch,0.08101377788877788
2021-08-24,es1s,1,2021-09-15,-0.00021714923630855587,0,0.03045616102472911,15,1.0,0.5,garch,0.08061313686313686
2021-08-26,es1s,1,2021-09-17,-0.00791009027603673,0,0.03045616102472911,15,1.0,0.5,garch,0.07946844821844821
2021-08-30,es1s,-1,2021-09-20,0.03706690106771804,1,0.03045616102472911,15,1.0,0.5,garch,0.0792107892107892
2021-08-31,es1s,-1,2021-09-20,0.03605508108628441,1,0.031518695457782096,15,1.0,0.5,garch,0.07772584558298842
2021-09-01,es1s,-1,2021-09-20,0.03621498347835639,1,0.031518695457782096,15,1.0,0.5,garch,0.07671174978867286
2021-09-02,es1s,-1,2021-09-20,0.03919012051343462,1,0.031518695457782096,15,1.0,0.5,garch,0.07615995115995115
2021-09-03,es1s,-1,2021-09-20,0.03903120389405401,1,0.031518695457782096,15,1.0,0.5,garch,0.0760905760905761
2021-09-07,es1s,1,2021-09-14,-0.016607340713036156,0,0.031518695457782096,15,1.0,0.5,garch,0.07417582417582418
2021-09-08,es1s,1,2021-09-17,-0.018023361376373725,0,0.031518695457782096,15,1.0,0.5,garch,0.07417582417582418
2021-09-09,es1s,1,2021-09-20,-0.02999320920658366,0,0.031518695457782096,15,1.0,0.5,garch,0.07497710622710622
2021-09-10,es1s,1,2021-09-20,-0.0225956359689502,0,0.031518695457782096,15,1.0,0.5,garch,0.07469911041339614
2021-09-13,es1s,1,2021-09-20,-0.024946742906746477,0,0.031518695457782096,15,1.0,0.5,garch,0.07524420024420024
2021-09-14,es1s,1,2021-09-20,-0.01950504537900566,0,0.031518695457782096,15,1.0,0.5,garch,0.076007326007326
2021-09-15,es1s,1,2021-09-20,-0.02767218246902159,0,0.031518695457782096,15,1.0,0.5,garch,0.07715201465201466
2021-09-16,es1s,1,2021-09-20,-0.02598420787291622,0,0.031518695457782096,15,1.0,0.5,garch,0.07722832722832723
2021-09-17,es1s,-1,2021-10-08,0.00893311471553937,1,0.031518695457782096,15,1.0,0.5,garch,0.23695661976911975
2021-09-22,es1s,-1,2021-10-13,0.00661496350541213,1,0.031518695457782096,15,1.0,0.5,garch,0.18048184454434454
2021-09-23,es1s,1,2021-09-28,-0.021293375393585223,0,0.031518695457782096,15,1.0,0.5,garch,0.23749999999999996
2021-09-24,es1s,1,2021-09-28,-0.02299949389901812,0,0.031518695457782096,15,1.0,0.5,garch,0.20555555555555557
2021-09-27,es1s,1,2021-09-28,-0.020189487930389438,0,0.031518695457782096,15,1.0,0.5,garch,0.18333333333333335
2021-09-28,es1s,1,2021-10-19,0.038620927823632245,1,0.031518695457782096,15,1.0,0.5,garch,0.11787882256632257
2021-09-29,es1s,1,2021-10-19,0.0371285706082376,1,0.031518695457782096,15,1.0,0.5,garch,0.11462629962629961
2021-09-30,es1s,1,2021-10-19,0.04967715665308181,1,0.04228518425297187,15,1.0,0.5,garch,0.10495674959960673
2021-10-01,es1s,1,2021-10-20,0.04241726618722419,1,0.04228518425297187,15,1.0,0.5,garch,0.09616554080839794
2021-10-04,es1s,1,2021-10-18,0.04340227206551872,1,0.04228518425297187,15,1.0,0.5,garch,0.09418737827828737
2021-10-05,es1s,1,2021-10-20,0.04476234425346459,1,0.04228518425297187,15,1.0,0.5,garch,0.08639948014948014
2021-10-06,es1s,1,2021-10-21,0.04312126780142944,1,0.04228518425297187,15,1.0,0.5,garch,0.08355857105857105
2021-10-07,es1s,1,2021-10-28,0.044988610478708946,1,0.04228518425297187,15,1.0,0.5,garch,0.08461677211677211
2021-10-08,es1s,1,2021-10-28,0.04683667065884456,1,0.04228518425297187,15,1.0,0.5,garch,0.08359122359122358
2021-10-11,es1s,1,2021-10-21,0.043840496439500054,1,0.04228518425297187,15,1.0,0.5,garch,0.07785362785362787
2021-10-12,es1s,1,2021-10-20,0.043137706617887295,1,0.04228518425297187,15,1.0,0.5,garch,0.07412349555206697
2021-10-13,es1s,1,2021-10-21,0.04288174512219167,1,0.04228518425297187,15,1.0,0.5,garch,0.07520574663431807
2021-10-14,es1s,1,2021-11-02,0.043915104987314324,1,0.04228518425297187,15,1.0,0.5,garch,0.08252739324167897
2021-10-15,es1s,1,2021-11-03,0.04252100840514084,1,0.04228518425297187,15,1.0,0.5,garch,0.0829852686995544
2021-10-18,es1s,1,2021-11-04,0.0437185929643602,1,0.04228518425297187,15,1.0,0.5,garch,0.08383560883560882
2021-10-19,es1s,1,2021-11-09,0.037018564699099255,1,0.04228518425297187,15,1.0,0.5,garch,0.08488733488733488
2021-10-20,es1s,1,2021-11-10,0.025176678446920953,1,0.04228518425297187,15,1.0,0.5,garch,0.08552836052836052
2021-10-21,es1s,1,2021-11-11,0.02229316893295108,1,0.04228518425297187,15,1.0,0.5,garch,0.08552836052836052
2021-10-22,es1s,1,2021-11-12,0.031246555713613455,1,0.04228518425297187,15,1.0,0.5,garch,0.08465423465423466
2021-10-25,es1s,1,2021-11-15,0.026546731021910963,1,0.04228518425297187,15,1.0,0.5,garch,0.08251748251748252
2021-10-26,es1s,1,2021-11-16,0.028640271615334223,1,0.04228518425297187,15,1.0,0.5,garch,0.08107517482517482
2021-10-27,es1s,1,2021-11-17,0.031191550226988385,1,0.04228518425297187,15,1.0,0.5,garch,0.08020104895104894
2021-10-28,es1s,1,2021-11-18,0.02485013624145771,1,0.04228518425297187,15,1.0,0.5,garch,0.07980040792540792
2021-10-29,es1s,-1,2021-11-04,-0.01658690450175304,0,0.0319705323946662,15,1.0,0.5,garch,0.08205128205128205
2021-11-02,es1s,1,2021-11-23,0.014058613605713477,1,0.0319705323946662,15,1.0,0.5,garch,0.07801469363969363
2021-11-04,es1s,1,2021-11-26,-0.0165837479277956,0,0.0319705323946662,15,1.0,0.5,garch,0.07607158466533466
2021-11-05,es1s,1,2021-11-26,-0.020148179736267702,0,0.0319705323946662,15,1.0,0.5,garch,0.07558746808746807
2021-11-08,es1s,1,2021-11-26,-0.020930975713804867,0,0.0319705323946662,15,1.0,0.5,garch,0.07449306645735217
2021-11-09,es1s,1,2021-11-26,-0.017634799338403284,0,0.0319705323946662,15,1.0,0.5,garch,0.07381304592843053
2021-11-10,es1s,1,2021-11-30,-0.016318397242598426,0,0.0319705323946662,15,1.0,0.5,garch,0.09518903715332286
2021-11-11,es1s,1,2021-11-30,-0.016530260607452885,0,0.0319705323946662,15,1.0,0.5,garch,0.09659411101718794
2021-11-12,es1s,1,2021-11-26,-0.017634799338403284,0,0.0319705323946662,15,1.0,0.5,garch,0.07288003663003664
2021-11-15,es1s,1,2021-11-26,-0.01779226330581196,0,0.0319705323946662,15,1.0,0.5,garch,0.07243080993080993
2021-11-16,es1s,1,2021-11-26,-0.021347955707224364,0,0.0319705323946662,15,1.0,0.5,garch,0.07186927655677655
2021-11-17,es1s,1,2021-11-26,-0.01931181648588598,0,0.0319705323946662,15,1.0,0.5,garch,0.07114730507587651
2021-11-18,es1s,1,2021-11-26,-0.022492821441702504,0,0.0319705323946662,15,1.0,0.5,garch,0.07018467643467644
2021-11-19,es1s,1,2021-11-26,-0.02103525402201234,0,0.0319705323946662,15,1.0,0.5,garch,0.06883699633699633
2021-11-22,es1s,1,2021-11-26,-0.017949676798900804,0,0.0319705323946662,15,1.0,0.5,garch,0.06681547619047619
2021-11-23,es1s,1,2021-11-26,-0.01978244641244875,0,0.0319705323946662,15,1.0,0.5,garch,0.06527777777777778
2021-11-24,es1s,1,2021-11-26,-0.021972760162143556,0,0.0319705323946662,15,1.0,0.5,garch,0.06458333333333333
2021-11-26,es1s,1,2021-12-01,-0.018984931729893795,0,0.0319705323946662,15,1.0,0.5,garch,0.2114583333333333
2021-11-29,es1s,1,2021-11-30,-0.018221887764191314,0,0.0319705323946662,15,1.0,0.5,garch,0.225
2021-11-30,es1s,1,2021-12-21,0.01833293789359325,1,0.045140389536667644,15,1.0,0.5,garch,0.18955853174603177
2021-12-01,es1s,1,2021-12-22,0.04143342743281986,1,0.045140389536667644,15,1.0,0.5,garch,0.18487103174603176
2021-12-02,es1s,1,2021-12-23,0.03264200776444803,1,0.045140389536667644,15,1.0,0.5,garch,0.1718501984126984
2021-12-03,es1s,1,2021-12-27,0.05603166551112393,1,0.045140389536667644,15,1.0,0.5,garch,0.15882936507936507
2021-12-07,es1s,1,2021-12-20,-0.025069477983924005,0,0.045140389536667644,15,1.0,0.5,garch,0.15551587301587305
2021-12-10,es1s,1,2021-12-20,-0.030450117671470323,0,0.045140389536667644,15,1.0,0.5,garch,0.1364512471655329
2021-12-14,es1s,-1,2021-12-27,-0.03332973206506895,0,0.045140389536667644,15,1.0,0.5,garch,0.12310405643738978
2021-12-16,es1s,-1,2021-12-27,-0.02639909856736522,0,0.045140389536667644,15,1.0,0.5,garch,0.11746031746031746
2021-12-17,es1s,1,2022-01-10,0.011334056399380454,1,0.045140389536667644,15,1.0,0.5,garch,0.11907085969585969
2021-12-20,es1s,1,2021-12-27,0.04908412855207822,1,0.045140389536667644,15,1.0,0.5,garch,0.11722222222222223
2021-12-21,es1s,1,2022-01-12,0.016268922048558565,1,0.045140389536667644,15,1.0,0.5,garch,0.11907085969585968
2021-12-23,es1s,1,2022-01-14,-0.012935376133137555,0,0.045140389536667644,15,1.0,0.5,garch,0.11624573343323344
2021-12-27,es1s,1,2022-01-07,-0.023942704794632563,0,0.045140389536667644,15,1.0,0.5,garch,0.12218004218004216
2021-12-28,es1s,1,2022-01-07,-0.02317672910039592,0,0.045140389536667644,15,1.0,0.5,garch,0.12186671353338019
2021-12-29,es1s,1,2022-01-07,-0.02440171386922918,0,0.045140389536667644,15,1.0,0.5,garch,0.11210005272505273
2021-12-30,es1s,1,2022-01-07,-0.0218974278385069,0,0.03697083958129894,15,1.0,0.5,garch,0.10430482216196503
2021-12-31,es1s,1,2022-01-07,-0.019071135862689048,0,0.03697083958129894,15,1.0,0.5,garch,0.0978794353794354
2022-01-03,es1s,-1,2022-01-18,0.04487045549579116,1,0.03697083958129894,15,1.0,0.5,garch,0.09693791057427421
2022-01-04,es1s,-1,2022-01-18,0.04452108481063366,1,0.03697083958129894,15,1.0,0.5,garch,0.09552059052059052
2022-01-05,es1s,1,2022-01-18,-0.0258391049552672,0,0.03697083958129894,15,1.0,0.5,garch,0.09502287835621169
2022-01-06,es1s,1,2022-01-18,-0.02480000000035887,0,0.03697083958129894,15,1.0,0.5,garch,0.09553710178710179
2022-01-07,es1s,1,2022-01-18,-0.02067377216022126,0,0.03697083958129894,15,1.0,0.5,garch,0.09728049728049729
2022-01-10,es1s,1,2022-01-18,-0.019518472841539847,0,0.03697083958129894,15,1.0,0.5,garch,0.10067340067340068
2022-01-11,es1s,1,2022-01-18,-0.028427205100807984,0,0.03697083958129894,15,1.0,0.5,garch,0.0985858585858586
2022-01-12,es1s,1,2022-01-18,-0.030744765439514543,0,0.03697083958129894,15,1.0,0.5,garch,0.09545454545454546
2022-01-13,es1s,1,2022-01-19,-0.02746130696434612,0,0.03697083958129894,15,1.0,0.5,garch,0.13295454545454546
2022-01-14,es1s,1,2022-01-19,-0.028035877331106462,0,0.03697083958129894,15,1.0,0.5,garch,0.14393939393939395
2022-01-18,es1s,1,2022-01-20,-0.021110199617367487,0,0.03697083958129894,15,1.0,0.5,garch,0.22474747474747478
2022-01-19,es1s,1,2022-01-21,-0.029673426533366132,0,0.03697083958129894,15,1.0,0.5,garch,0.3055555555555555
2022-01-20,es1s,1,2022-01-21,-0.018939605562353412,0,0.03697083958129894,15,1.0,0.5,garch,0.3333333333333333
2022-01-21,es1s,1,2022-02-02,0.042653758540262654,1,0.03697083958129894,15,1.0,0.5,garch,0.27037037037037037
2022-01-24,es1s,1,2022-01-27,-0.019528810673738017,0,0.03697083958129894,15,1.0,0.5,garch,0.3208333333333333
2022-01-25,es1s,1,2022-02-01,0.04276845251791617,1,0.03697083958129894,15,1.0,0.5,garch,0.22499999999999998
2022-01-26,es1s,1,2022-01-31,0.037487043646910356,1,0.03697083958129894,15,1.0,0.5,garch,0.20416666666666666
2022-01-27,es1s,1,2022-01-31,0.04319379306228455,1,0.03697083958129894,15,1.0,0.5,garch,0.18888888888888888
2022-01-28,es1s,-1,2022-02-01,-0.02526422878991741,0,0.03697083958129894,15,1.0,0.5,garch,0.18888888888888888
2022-01-31,es1s,-1,2022-02-22,0.04534606205147651,1,0.05355180894562827,15,1.0,0.5,garch,0.14883120351870352
2022-02-01,es1s,-1,2022-02-23,0.06901874310942158,1,0.05355180894562827,15,1.0,0.5,garch,0.14535898129648128
2022-02-02,es1s,-1,2022-02-22,0.060571303729850756,1,0.05355180894562827,15,1.0,0.5,garch,0.14390232783089926
2022-02-03,es1s,-1,2022-02-23,0.05526963526524864,1,0.05355180894562827,15,1.0,0.5,garch,0.13398169291026432
2022-02-07,es1s,1,2022-02-18,-0.029548120425248903,0,0.05355180894562827,15,1.0,0.5,garch,0.11737234987234986
2022-02-08,es1s,1,2022-02-17,-0.03058171745215099,0,0.05355180894562827,15,1.0,0.5,garch,0.11210005272505273
2022-02-09,es1s,-1,2022-02-22,0.060673911856897966,1,0.05355180894562827,15,1.0,0.5,garch,0.09977399144065811
2022-02-10,es1s,-1,2022-02-23,0.061256253474158195,1,0.05355180894562827,15,1.0,0.5,garch,0.09624665457998792
2022-02-11,es1s,1,2022-02-23,-0.04252182787304104,0,0.05355180894562827,15,1.0,0.5,garch,0.0926524864024864
2022-02-14,es1s,1,2022-02-23,-0.03914428766702449,0,0.05355180894562827,15,1.0,0.5,garch,0.09001554001554002
2022-02-15,es1s,1,2022-02-18,-0.027102699070354896,0,0.05355180894562827,15,1.0,0.5,garch,0.08202214452214453
2022-02-16,es1s,1,2022-02-18,-0.028299776285243605,0,0.05355180894562827,15,1.0,0.5,garch,0.07905982905982906
2022-02-17,es1s,1,2022-02-23,-0.03486112698592181,0,0.05355180894562827,15,1.0,0.5,garch,0.08896658896658896
2022-02-18,es1s,1,2022-02-23,-0.027972832970046047,0,0.05355180894562827,15,1.0,0.5,garch,0.09298109298109299
2022-02-22,es1s,1,2022-03-08,-0.030523255814981054,0,0.05355180894562827,15,1.0,0.5,garch,0.16342319296864752
2022-02-23,es1s,1,2022-03-16,0.032302162149473235,1,0.05355180894562827,15,1.0,0.5,garch,0.16889880952380953
2022-02-24,es1s,1,2022-03-08,-0.026902427638077042,0,0.05355180894562827,15,1.0,0.5,garch,0.1772927689594356
2022-02-25,es1s,1,2022-03-07,-0.04143835616553704,0,0.05355180894562827,15,1.0,0.5,garch,0.15651927437641724
2022-02-28,es1s,1,2022-03-07,-0.038804945055612605,0,0.05355180894562827,15,1.0,0.5,garch,0.14093915343915345
2022-03-01,es1s,1,2022-03-08,-0.031367993029875474,0,0.05355180894562827,15,1.0,0.5,garch,0.13538359788359788
2022-03-02,es1s,1,2022-03-07,-0.0418211901643466,0,0.0533166917123647,15,1.0,0.5,garch,0.11974206349206348
2022-03-03,es1s,1,2022-03-07,-0.03687560933740941,0,0.0533166917123647,15,1.0,0.5,garch,0.11203703703703705
2022-03-04,es1s,1,2022-03-07,-0.029753307527492834,0,0.0533166917123647,15,1.0,0.5,garch,0.10555555555555556
2022-03-07,es1s,1,2022-03-18,0.062901524343137,1,0.0533166917123647,15,1.0,0.5,garch,0.14984126984126983
2022-03-08,es1s,1,2022-03-17,0.058107804510825645,1,0.0533166917123647,15,1.0,0.5,garch,0.1591765873015873
2022-03-09,es1s,1,2022-03-22,0.05589081103305449,1,0.0533166917123647,15,1.0,0.5,garch,0.14996031746031746
2022-03-10,es1s,1,2022-03-22,0.060355203446502914,1,0.0533166917123647,15,1.0,0.5,garch,0.1388447971781305
2022-03-11,es1s,1,2022-03-18,0.06214258002000883,1,0.0533166917123647,15,1.0,0.5,garch,0.13029100529100532
2022-03-14,es1s,1,2022-03-17,0.05728353548677867,1,0.0533166917123647,15,1.0,0.5,garch,0.12251984126984126
2022-03-15,es1s,1,2022-03-22,0.059065530414129874,1,0.0533166917123647,15,1.0,0.5,garch,0.12334656084656086
2022-03-16,es1s,1,2022-03-29,0.06345556960703558,1,0.0533166917123647,15,1.0,0.5,garch,0.1285714285714286
2022-03-17,es1s,-1,2022-03-25,-0.030554293503524566,0,0.0533166917123647,15,1.0,0.5,garch,0.1340702947845805
2022-03-18,es1s,-1,2022-03-29,-0.038621309084808875,0,0.0533166917123647,15,1.0,0.5,garch,0.13293650793650794
2022-03-21,es1s,-1,2022-03-29,-0.03891290920293344,0,0.0533166917123647,15,1.0,0.5,garch,0.1340702947845805
2022-03-22,es1s,-1,2022-03-29,-0.026748057713841256,0,0.0533166917123647,15,1.0,0.5,garch,0.13260582010582012
2022-03-23,es1s,1,2022-04-13,-0.0011804384467727358,0,0.0533166917123647,15,1.0,0.5,garch,0.12294597763347764
2022-03-24,es1s,1,2022-04-14,-0.027700831024706662,0,0.0533166917123647,15,1.0,0.5,garch,0.12145788239538238
2022-03-25,es1s,1,2022-04-11,-0.02810536757449089,0,0.0533166917123647,15,1.0,0.5,garch,0.11432479557479557
2022-03-28,es1s,1,2022-04-11,-0.03480735551652547,0,0.0533166917123647,15,1.0,0.5,garch,0.11335432244523154
2022-03-29,es1s,1,2022-04-06,-0.032374878392654405,0,0.0533166917123647,15,1.0,0.5,garch,0.12109358895073183
2022-03-30,es1s,1,2022-04-11,-0.040687554395654746,0,0.0533166917123647,15,1.0,0.5,garch,0.11230960397627064
2022-03-31,es1s,1,2022-04-11,-0.02687193069629923,0,0.04131831491820101,15,1.0,0.5,garch,0.10551497113997113
2022-04-01,es1s,1,2022-04-11,-0.02869416753921128,0,0.04131831491820101,15,1.0,0.5,garch,0.10018037518037519
2022-04-04,es1s,1,2022-04-06,-0.022281688602776573,0,0.04131831491820101,15,1.0,0.5,garch,0.10067340067340068
2022-04-05,es1s,1,2022-04-11,-0.02461147060598523,0,0.04131831491820101,15,1.0,0.5,garch,0.09303030303030303
2022-04-06,es1s,-1,2022-04-22,0.04658437133459903,1,0.04131831491820101,15,1.0,0.5,garch,0.1199464886964887
2022-04-07,es1s,1,2022-04-12,-0.022963580762325297,0,0.04131831491820101,15,1.0,0.5,garch,0.10427489177489177
2022-04-08,es1s,1,2022-04-14,-0.021411843426756172,0,0.04131831491820101,15,1.0,0.5,garch,0.12056277056277057
2022-04-11,es1s,1,2022-04-22,-0.03215014742600342,0,0.04131831491820101,15,1.0,0.5,garch,0.12861552028218695
2022-04-12,es1s,1,2022-04-22,-0.028625085364055836,0,0.04131831491820101,15,1.0,0.5,garch,0.13427579365079365
2022-04-13,es1s,-1,2022-04-26,0.061173954641295825,1,0.04131831491820101,15,1.0,0.5,garch,0.1534832451499118
2022-04-14,es1s,1,2022-04-22,-0.02740740740807368,0,0.04131831491820101,15,1.0,0.5,garch,0.1314153439153439
2022-04-18,es1s,1,2022-04-22,-0.027241123838306902,0,0.04131831491820101,15,1.0,0.5,garch,0.12912698412698415
2022-04-19,es1s,-1,2022-04-22,0.043056567810209834,1,0.04131831491820101,15,1.0,0.5,garch,0.11974206349206348
2022-04-20,es1s,-1,2022-04-22,0.04225115026456738,1,0.04131831491820101,15,1.0,0.5,garch,0.11203703703703705
2022-04-21,es1s,-1,2022-04-26,0.050108188133379805,1,0.04131831491820101,15,1.0,0.5,garch,0.1652777777777778
2022-04-22,es1s,1,2022-04-26,-0.022672681468857925,0,0.04131831491820101,15,1.0,0.5,garch,0.18333333333333335
2022-04-25,es1s,1,2022-04-26,-0.028478248208800183,0,0.04131831491820101,15,1.0,0.5,garch,0.225
2022-04-26,es1s,1,2022-05-09,-0.043879630739822706,0,0.04131831491820101,15,1.0,0.5,garch,0.22789682539682538
2022-04-27,es1s,1,2022-05-09,-0.04610968243570002,0,0.04131831491820101,15,1.0,0.5,garch,0.2309964726631393
2022-04-28,es1s,1,2022-04-29,-0.03641881638860478,0,0.04131831491820101,15,1.0,0.5,garch,0.29166666666666663
2022-04-29,es1s,1,2022-05-09,-0.03391883706935539,0,0.04131831491820101,15,1.0,0.5,garch,0.17794784580498865
2022-05-02,es1s,1,2022-05-11,-0.05317995663544006,0,0.08742946148041338,15,1.0,0.5,garch,0.15793650793650793
2022-05-03,es1s,1,2022-05-11,-0.05732445883437509,0,0.08742946148041338,15,1.0,0.5,garch,0.1447845804988662
2022-05-04,es1s,-1,2022-05-19,0.09254408940073477,1,0.08742946148041338,15,1.0,0.5,garch,0.13826058201058203
2022-05-05,es1s,1,2022-05-11,-0.05140891811951964,0,0.08742946148041338,15,1.0,0.5,garch,0.12936507936507935
2022-05-06,es1s,1,2022-05-11,-0.0459400412661366,0,0.08742946148041338,15,1.0,0.5,garch,0.1259920634920635
2022-05-09,es1s,1,2022-05-31,0.03605015673895107,1,0.08742946148041338,15,1.0,0.5,garch,0.11510260572760572
2022-05-10,es1s,1,2022-06-01,0.025583286420022056,1,0.08742946148041338,15,1.0,0.5,garch,0.1129658535908536
2022-05-11,es1s,1,2022-06-02,0.06233700146105692,1,0.08742946148041338,15,1.0,0.5,garch,0.10884497446997446
2022-05-12,es1s,1,2022-06-03,0.045769940796261066,1,0.08742946148041338,15,1.0,0.5,garch,0.10584016677766678
2022-05-13,es1s,1,2022-06-06,0.025063747745490694,1,0.08742946148041338,15,1.0,0.5,garch,0.09854850011100011
2022-05-16,es1s,1,2022-06-07,0.03845433547799382,1,0.08742946148041338,15,1.0,0.5,garch,0.09381365162615163
2022-05-17,es1s,1,2022-05-19,-0.04578003549844489,0,0.08742946148041338,15,1.0,0.5,garch,0.11203703703703705
2022-05-18,es1s,1,2022-06-09,0.023835319610314043,1,0.08742946148041338,15,1.0,0.5,garch,0.08843621656121657
2022-05-19,es1s,1,2022-06-10,0.0003206978388450299,1,0.08742946148041338,15,1.0,0.5,garch,0.08774177211677212
2022-05-20,es1s,1,2022-06-13,-0.03821002692652575,0,0.08742946148041338,15,1.0,0.5,garch,0.0919084387834388
2022-05-23,es1s,1,2022-06-13,-0.05570592308199218,0,0.08742946148041338,15,1.0,0.5,garch,0.09062826062826064
2022-05-24,es1s,1,2022-06-13,-0.04821723131611444,0,0.08742946148041338,15,1.0,0.5,garch,0.0899588506731364
2022-05-25,es1s,1,2022-06-13,-0.05689319167813578,0,0.08742946148041338,15,1.0,0.5,garch,0.08988575527037067
2022-05-27,es1s,1,2022-06-10,-0.061781868495570325,0,0.08742946148041338,15,1.0,0.5,garch,0.08351814851814851
2022-05-31,es1s,-1,2022-06-13,0.09216338880404717,1,0.08742946148041338,15,1.0,0.5,garch,0.0924925074925075
2022-06-02,es1s,-1,2022-06-10,0.06616370277050365,1,0.06018918854639355,15,1.0,0.5,garch,0.08712953712953712
2022-06-03,es1s,1,2022-06-10,-0.05064523983285352,0,0.06018918854639355,15,1.0,0.5,garch,0.08883061383061384
2022-06-08,es1s,-1,2022-06-13,0.08835683033503405,1,0.06018918854639355,15,1.0,0.5,garch,0.11212121212121212
2020-01-03,nq1s,1,2020-01-22,0.04378547105476138,1,0.03313796921558648,15,1.25,0.75,garch,0.2561077811077811
2020-01-06,nq1s,-1,2020-01-13,-0.02721107657490962,0,0.03313796921558648,15,1.25,0.75,garch,0.2654761904761905
2020-01-07,nq1s,-1,2020-01-13,-0.026572913136689635,0,0.03313796921558648,15,1.25,0.75,garch,0.21857142857142856
2020-01-08,nq1s,1,2020-01-30,0.030381798870731114,1,0.03313796921558648,15,1.25,0.75,garch,0.12559818653568652
2020-01-09,nq1s,-1,2020-01-23,-0.026556776557133288,0,0.03313796921558648,15,1.25,0.75,garch,0.13369769119769118
2020-01-10,nq1s,-1,2020-01-23,-0.030072675632556,0,0.03313796921558648,15,1.25,0.75,garch,0.12633076799743467
2020-01-13,nq1s,1,2020-02-04,0.02935108519286489,1,0.03313796921558648,15,1.25,0.75,garch,0.10049516455766457
2020-01-14,nq1s,1,2020-02-05,0.03520000000000234,1,0.03313796921558648,15,1.25,0.75,garch,0.09637428543678545
2020-01-15,nq1s,1,2020-02-06,0.04365342163381114,1,0.03313796921558648,15,1.25,0.75,garch,0.09163943695193695
2020-01-16,nq1s,-1,2020-02-05,-0.027152789182125936,0,0.034254644558287445,15,1.25,0.75,garch,0.08803319696176838
2020-01-17,nq1s,-1,2020-02-06,-0.030628372117596392,0,0.034254644558287445,15,1.25,0.75,garch,0.08559813202670344
2020-01-21,nq1s,-1,2020-02-06,-0.03116224542585755,0,0.034254644558287445,15,1.25,0.75,garch,0.08363559517405669
2020-01-22,nq1s,-1,2020-02-06,-0.028246744419960335,0,0.034254644558287445,15,1.25,0.75,garch,0.08227189477189477
2020-01-23,nq1s,-1,2020-02-10,-0.03019490173729844,0,0.034254644558287445,15,1.25,0.75,garch,0.09275980429826583
2020-01-24,nq1s,-1,2020-02-05,-0.02591721799990654,0,0.034254644558287445,15,1.25,0.75,garch,0.07939282939282938
2020-01-27,nq1s,-1,2020-01-30,-0.029231112847758256,0,0.034254644558287445,15,1.25,0.75,garch,0.08064851814851814
2020-01-28,nq1s,-1,2020-02-04,-0.02742923038860945,0,0.034254644558287445,15,1.25,0.75,garch,0.07445054945054945
2020-01-29,nq1s,-1,2020-02-04,-0.028191460129918466,0,0.034254644558287445,15,1.25,0.75,garch,0.07267399267399267
2020-01-30,nq1s,-1,2020-02-06,-0.025959582259955427,0,0.034254644558287445,15,1.25,0.75,garch,0.0757131757131757
2020-01-31,nq1s,1,2020-02-06,0.050873829568744755,1,0.034254644558287445,15,1.25,0.75,garch,0.07657009657009657
2020-02-03,nq1s,1,2020-02-10,0.04534108675901338,1,0.034254644558287445,15,1.25,0.75,garch,0.10257520257520258
2020-02-04,nq1s,-1,2020-02-12,-0.028941742384624325,0,0.034254644558287445,15,1.25,0.75,garch,0.12193520764949335
2020-02-05,nq1s,-1,2020-02-12,-0.02603528220561402,0,0.034254644558287445,15,1.25,0.75,garch,0.13114663114663114
2020-02-06,nq1s,1,2020-02-24,-0.03854899264973044,0,0.034254644558287445,15,1.25,0.75,garch,0.12980098605098606
2020-02-07,nq1s,-1,2020-02-19,-0.03443328551023317,0,0.034254644558287445,15,1.25,0.75,garch,0.14558531746031747
2020-02-10,nq1s,-1,2020-02-24,0.045814746785165394,1,0.034254644558287445,15,1.25,0.75,garch,0.1300036075036075
2020-02-11,nq1s,-1,2020-02-24,0.04578970846791908,1,0.034254644558287445,15,1.25,0.75,garch,0.12857543690877024
2020-02-12,nq1s,-1,2020-02-24,0.05555411266719368,1,0.034254644558287445,15,1.25,0.75,garch,0.12381403318903318
2020-02-13,nq1s,-1,2020-02-24,0.054301466763493456,1,0.034254644558287445,15,1.25,0.75,garch,0.12109358895073183
2020-02-14,nq1s,-1,2020-02-24,0.056191440213386845,1,0.034254644558287445,15,1.25,0.75,garch,0.113498075998076
2020-02-18,nq1s,-1,2020-02-24,0.056558738066068925,1,0.037525513372547475,15,1.25,0.75,garch,0.10762626262626263
2020-02-19,nq1s,-1,2020-02-24,0.06600914367963229,1,0.037525513372547475,15,1.25,0.75,garch,0.10328282828282828
2020-02-20,nq1s,-1,2020-02-24,0.05540691482453364,1,0.037525513372547475,15,1.25,0.75,garch,0.10067340067340068
2020-02-21,nq1s,-1,2020-02-25,0.06383484880555157,1,0.037525513372547475,15,1.25,0.75,garch,0.17474747474747473
2020-02-24,nq1s,1,2020-02-27,-0.07790672093219908,0,0.037525513372547475,15,1.25,0.75,garch,0.2518939393939394
2020-02-25,nq1s,1,2020-02-27,-0.053251263516315483,0,0.037525513372547475,15,1.25,0.75,garch,0.3055555555555555
2020-02-26,nq1s,1,2020-02-27,-0.05282336657133668,0,0.037525513372547475,15,1.25,0.75,garch,0.29166666666666663
2020-02-27,nq1s,1,2020-03-02,0.04873102502070581,1,0.037525513372547475,15,1.25,0.75,garch,0.3611111111111111
2020-02-28,nq1s,1,2020-03-04,0.05234208658562478,1,0.037525513372547475,15,1.25,0.75,garch,0.41666666666666663
2020-03-02,nq1s,1,2020-03-06,-0.032759846437901974,0,0.037525513372547475,15,1.25,0.75,garch,0.35
2020-03-04,nq1s,-1,2020-03-09,0.10622154779972148,1,0.037525513372547475,15,1.25,0.75,garch,0.29166666666666663
2020-03-05,nq1s,-1,2020-03-09,0.0806185865009098,1,0.037525513372547475,15,1.25,0.75,garch,0.27777777777777773
2020-03-06,nq1s,-1,2020-03-09,0.06488695498793406,1,0.037525513372547475,15,1.25,0.75,garch,0.25
2020-03-09,nq1s,1,2020-03-10,0.04778972520919034,1,0.037525513372547475,15,1.25,0.75,garch,0.375
2020-03-10,nq1s,1,2020-03-11,-0.03936866110536141,0,0.037525513372547475,15,1.25,0.75,garch,0.5
2020-03-11,nq1s,1,2020-03-12,-0.09848816142923755,0,0.037525513372547475,15,1.25,0.75,garch,0.5
2020-03-12,nq1s,1,2020-03-13,0.09708603305411989,1,0.037525513372547475,15,1.25,0.75,garch,0.5
2020-03-13,nq1s,1,2020-03-16,-0.10842308056721739,0,0.037525513372547475,15,1.25,0.75,garch,0.5
2020-03-16,nq1s,1,2020-03-17,0.04996094027483067,1,0.037525513372547475,15,1.25,0.75,garch,0.5
2020-03-17,nq1s,-1,2020-03-20,0.057255909905215674,1,0.037525513372547475,15,1.25,0.75,garch,0.3958333333333333
2020-03-18,nq1s,1,2020-04-08,0.136597043924636,1,0.2175367367979124,15,1.25,0.75,garch,0.16442056207681208
2020-03-19,nq1s,-1,2020-04-09,-0.13116106413842976,0,0.2175367367979124,15,1.25,0.75,garch,0.13733722874347876
2020-03-20,nq1s,1,2020-04-13,0.1948988377090759,1,0.2175367367979124,15,1.25,0.75,garch,0.12067056207681208
2020-03-23,nq1s,1,2020-04-14,0.24454148471650683,1,0.2175367367979124,15,1.25,0.75,garch,0.10921222874347875
2020-03-24,nq1s,1,2020-04-15,0.13756246070281808,1,0.2175367367979124,15,1.25,0.75,garch,0.09805151445776444
2020-03-25,nq1s,1,2020-04-16,0.16959592916156496,1,0.2175367367979124,15,1.25,0.75,garch,0.09001580017205017
2020-03-26,nq1s,-1,2020-04-17,-0.12302396736339105,0,0.2175367367979124,15,1.25,0.75,garch,0.08406341921966923
2020-03-27,nq1s,1,2020-04-20,0.14844420955257354,1,0.2175367367979124,15,1.25,0.75,garch,0.0795991335053835
2020-03-30,nq1s,-1,2020-04-21,-0.07345873515956458,0,0.2175367367979124,15,1.25,0.75,garch,0.07625091921966923
2020-03-31,nq1s,-1,2020-04-22,-0.10939155562684899,0,0.2175367367979124,15,1.25,0.75,garch,0.07377076048951049
2020-04-01,nq1s,1,2020-04-23,0.15594017812141026,1,0.2175367367979124,15,1.25,0.75,garch,0.0719850462037962
2020-04-02,nq1s,1,2020-04-24,0.14969353305670574,1,0.2175367367979124,15,1.25,0.75,garch,0.07076751373626375
2020-04-03,nq1s,1,2020-04-27,0.17300854075991667,1,0.2175367367979124,15,1.25,0.75,garch,0.07002346611721612
2020-04-06,nq1s,-1,2020-04-28,-0.08593044615404866,0,0.2175367367979124,15,1.25,0.75,garch,0.06968005952380953
2020-04-07,nq1s,-1,2020-04-29,-0.12787069396030404,0,0.2175367367979124,15,1.25,0.75,garch,0.06968005952380953
2020-04-08,nq1s,-1,2020-04-30,-0.09753044964782998,0,0.2175367367979124,15,1.25,0.75,garch,0.06997767857142857
2020-04-13,nq1s,-1,2020-05-04,-0.056231048665198013,0,0.2175367367979124,15,1.25,0.75,garch,0.07083333333333333
2020-04-14,nq1s,-1,2020-05-05,-0.02666091458199027,0,0.2175367367979124,15,1.25,0.75,garch,0.07147435897435897
2020-04-16,nq1s,-1,2020-05-07,-0.04276268712179476,0,0.2175367367979124,15,1.25,0.75,garch,0.07285943223443223
2020-04-17,nq1s,1,2020-05-08,0.04645816778328449,1,0.07846917209620027,15,1.25,0.75,garch,0.07320283882783883
2020-04-20,nq1s,1,2020-05-11,0.06753336401174126,1,0.07846917209620027,15,1.25,0.75,garch,0.07354624542124542
2020-04-21,nq1s,1,2020-05-11,0.10048329231757624,1,0.07846917209620027,15,1.25,0.75,garch,0.07368742368742368
2020-04-22,nq1s,1,2020-05-13,0.041010650612826716,1,0.07846917209620027,15,1.25,0.75,garch,0.07463369963369965
2020-04-23,nq1s,1,2020-05-14,0.05590928914185955,1,0.07846917209620027,15,1.25,0.75,garch,0.07497710622710624
2020-04-24,nq1s,1,2020-05-15,0.03734747405635397,1,0.07846917209620027,15,1.25,0.75,garch,0.07532051282051283
2020-04-27,nq1s,-1,2020-05-18,-0.056803694365264557,0,0.07846917209620027,15,1.25,0.75,garch,0.07566391941391942
2020-04-28,nq1s,1,2020-05-19,0.06663035063995015,1,0.07846917209620027,15,1.25,0.75,garch,0.07600732600732601
2020-04-29,nq1s,-1,2020-05-20,-0.04968737896277009,0,0.07846917209620027,15,1.25,0.75,garch,0.07635073260073261
2020-04-30,nq1s,-1,2020-05-21,-0.04085776269767161,0,0.07846917209620027,15,1.25,0.75,garch,0.0766941391941392
2020-05-01,nq1s,1,2020-05-22,0.07894585914295993,1,0.07846917209620027,15,1.25,0.75,garch,0.07703754578754579
2020-05-07,nq1s,-1,2020-05-29,-0.04968296231297509,0,0.07846917209620027,15,1.25,0.75,garch,0.07569826007326008
2020-05-08,nq1s,-1,2020-06-01,-0.0408700132888955,0,0.07846917209620027,15,1.25,0.75,garch,0.07535485347985348
2020-05-11,nq1s,-1,2020-06-02,-0.03974027373684419,0,0.07846917209620027,15,1.25,0.75,garch,0.07501144688644688
2020-05-12,nq1s,1,2020-06-03,0.06680803018261439,1,0.07846917209620027,15,1.25,0.75,garch,0.07541208791208791
2020-05-13,nq1s,1,2020-06-04,0.07050515721910489,1,0.07846917209620027,15,1.25,0.75,garch,0.07541208791208792
2020-05-14,nq1s,1,2020-06-05,0.08029076490936604,1,0.07846917209620027,15,1.25,0.75,garch,0.07581272893772893
2020-05-15,nq1s,1,2020-06-08,0.08665420766123444,1,0.07846917209620027,15,1.25,0.75,garch,0.07725503663003662
2020-05-18,nq1s,-1,2020-06-02,-0.0345557878927818,0,0.04521408275087422,15,1.25,0.75,garch,0.07355977355977356
2020-05-19,nq1s,-1,2020-06-02,-0.03730881918145501,0,0.04521408275087422,15,1.25,0.75,garch,0.07322344322344322
2020-05-20,nq1s,-1,2020-06-05,-0.034051974065564705,0,0.04521408275087422,15,1.25,0.75,garch,0.07544261294261295
2020-05-21,nq1s,1,2020-06-08,0.05654276781537182,1,0.04521408275087422,15,1.25,0.75,garch,0.07736568986568988
2020-05-22,nq1s,1,2020-06-09,0.05791362126179389,1,0.04521408275087422,15,1.25,0.75,garch,0.08137210012210012
2020-05-26,nq1s,1,2020-06-09,0.05788550470335441,1,0.04521408275087422,15,1.25,0.75,garch,0.08177655677655678
2020-05-27,nq1s,1,2020-06-10,0.06941425921004862,1,0.04521408275087422,15,1.25,0.75,garch,0.08777056277056276
2020-05-28,nq1s,-1,2020-06-05,-0.036811923574548544,0,0.04521408275087422,15,1.25,0.75,garch,0.07517006802721089
2020-06-02,nq1s,-1,2020-06-10,-0.04555466300482469,0,0.04521408275087422,15,1.25,0.75,garch,0.09846938775510204
2020-06-03,nq1s,-1,2020-06-10,-0.04156018482674284,0,0.04521408275087422,15,1.25,0.75,garch,0.10297619047619049
2020-06-04,nq1s,1,2020-06-23,0.06048560611000964,1,0.04521408275087422,15,1.25,0.75,garch,0.11698103483817769
2020-06-05,nq1s,-1,2020-06-23,-0.040780911027606725,0,0.04521408275087422,15,1.25,0.75,garch,0.11956931956931956
2020-06-08,nq1s,-1,2020-06-29,-0.010240734792928974,0,0.04521408275087422,15,1.25,0.75,garch,0.11602633477633478
2020-06-10,nq1s,-1,2020-07-01,-0.01924099750707775,0,0.04521408275087422,15,1.25,0.75,garch,0.11197986041736041
2020-06-11,nq1s,1,2020-06-23,0.06153321712725757,1,0.04521408275087422,15,1.25,0.75,garch,0.1225789642456309
2020-06-12,nq1s,1,2020-06-23,0.05842400889785848,1,0.04521408275087422,15,1.25,0.75,garch,0.11290133477633478
2020-06-15,nq1s,-1,2020-06-22,-0.03435153496437837,0,0.04521408275087422,15,1.25,0.75,garch,0.10886844636844638
2020-06-16,nq1s,1,2020-07-06,0.06394619284281333,1,0.04521408275087422,15,1.25,0.75,garch,0.0919748901891759
2020-06-17,nq1s,1,2020-07-09,0.07457678052651451,1,0.06366728310935206,15,1.25,0.75,garch,0.09154179154179154
2020-06-18,nq1s,1,2020-07-10,0.08557046979870475,1,0.06366728310935206,15,1.25,0.75,garch,0.09240984709734709
2020-06-19,nq1s,-1,2020-07-06,-0.06802035572144027,0,0.06366728310935206,15,1.25,0.75,garch,0.08650339559430466
2020-06-22,nq1s,-1,2020-07-08,-0.053087730560472446,0,0.06366728310935206,15,1.25,0.75,garch,0.08762811262811261
2020-06-23,nq1s,-1,2020-07-09,-0.05212828560244276,0,0.06366728310935206,15,1.25,0.75,garch,0.08994292744292744
2020-06-24,nq1s,-1,2020-07-06,-0.058711884724200525,0,0.06366728310935206,15,1.25,0.75,garch,0.08674519924519924
2020-06-25,nq1s,-1,2020-07-06,-0.050578643471251405,0,0.06366728310935206,15,1.25,0.75,garch,0.08326435469292612
2020-06-26,nq1s,1,2020-07-08,0.08076123865989371,1,0.06366728310935206,15,1.25,0.75,garch,0.08421994671994673
2020-06-29,nq1s,-1,2020-07-06,-0.06263942849889359,0,0.06366728310935206,15,1.25,0.75,garch,0.07838827838827837
2020-06-30,nq1s,-1,2020-07-08,-0.05075266697878544,0,0.06366728310935206,15,1.25,0.75,garch,0.08325285825285826
2020-07-01,nq1s,-1,2020-07-10,-0.05536214242282833,0,0.06366728310935206,15,1.25,0.75,garch,0.09318498961356103
2020-07-02,nq1s,-1,2020-07-20,-0.05748014388272682,0,0.06366728310935206,15,1.25,0.75,garch,0.10238187738187737
2020-07-06,nq1s,-1,2020-07-27,-0.007241590791150276,0,0.06366728310935206,15,1.25,0.75,garch,0.09453194375069374
2020-07-07,nq1s,-1,2020-07-28,-0.0007358351732091872,0,0.06366728310935206,15,1.25,0.75,garch,0.09397390803640804
2020-07-08,nq1s,-1,2020-07-29,-0.0011254660138726447,0,0.06366728310935206,15,1.25,0.75,garch,0.09163015803640803
2020-07-09,nq1s,-1,2020-07-30,-0.006199021206563238,0,0.06366728310935206,15,1.25,0.75,garch,0.08985458985458986
2020-07-10,nq1s,-1,2020-07-31,-0.00491360815691233,0,0.06366728310935206,15,1.25,0.75,garch,0.08681639541014541
2020-07-13,nq1s,-1,2020-08-03,-0.04191037735754044,0,0.06366728310935206,15,1.25,0.75,garch,0.08291014541014541
2020-07-14,nq1s,-1,2020-08-04,-0.04130562404548188,0,0.06366728310935206,15,1.25,0.75,garch,0.0784458596958597
2020-07-15,nq1s,-1,2020-08-05,-0.038237427748077035,0,0.06366728310935206,15,1.25,0.75,garch,0.07631517787767787
2020-07-16,nq1s,-1,2020-08-03,-0.050657597450343816,0,0.06366728310935206,15,1.25,0.75,garch,0.07289185173800558
2020-07-17,nq1s,-1,2020-08-03,-0.03970345963739064,0,0.04751418211332286,15,1.25,0.75,garch,0.07063283938283939
2020-07-20,nq1s,-1,2020-08-10,-0.011049219248802089,0,0.04751418211332286,15,1.25,0.75,garch,0.07986180486180486
2020-07-21,nq1s,-1,2020-08-06,-0.03780757533896528,0,0.04751418211332286,15,1.25,0.75,garch,0.07127680012295398
2020-07-22,nq1s,-1,2020-08-06,-0.04229816970176303,0,0.04751418211332286,15,1.25,0.75,garch,0.07027208902208902
2020-07-23,nq1s,1,2020-08-06,0.06759415068845875,1,0.04751418211332286,15,1.25,0.75,garch,0.06966745375836285
2020-07-24,nq1s,1,2020-08-04,0.059948369825283176,1,0.04751418211332286,15,1.25,0.75,garch,0.06413690476190476
2020-07-27,nq1s,-1,2020-08-04,-0.03847685065934314,0,0.04751418211332286,15,1.25,0.75,garch,0.06377551020408163
2020-07-28,nq1s,1,2020-08-06,0.06842979127141269,1,0.04751418211332286,15,1.25,0.75,garch,0.07071834415584416
2020-07-29,nq1s,-1,2020-08-04,-0.038574138697998084,0,0.04751418211332286,15,1.25,0.75,garch,0.06428571428571428
2020-07-30,nq1s,-1,2020-08-06,-0.04328793774385198,0,0.04751418211332286,15,1.25,0.75,garch,0.07345779220779221
2020-07-31,nq1s,-1,2020-08-17,-0.036384922638170725,0,0.04751418211332286,15,1.25,0.75,garch,0.09637145262145262
2020-08-03,nq1s,-1,2020-08-20,-0.03920592163351433,0,0.04751418211332286,15,1.25,0.75,garch,0.09468874379588664
2020-08-04,nq1s,-1,2020-08-21,-0.04293703770575896,0,0.04751418211332286,15,1.25,0.75,garch,0.09571896357610642
2020-08-05,nq1s,-1,2020-08-21,-0.04239637568540755,0,0.04751418211332286,15,1.25,0.75,garch,0.09758745527976297
2020-08-06,nq1s,-1,2020-08-25,-0.04129204129165687,0,0.04751418211332286,15,1.25,0.75,garch,0.10198055912341626
2020-08-07,nq1s,-1,2020-08-21,-0.03949113303902618,0,0.04751418211332286,15,1.25,0.75,garch,0.09880170334715789
2020-08-10,nq1s,-1,2020-08-20,-0.036601336704832566,0,0.04751418211332286,15,1.25,0.75,garch,0.09633761300427968
2020-08-11,nq1s,1,2020-08-21,0.06283035345023946,1,0.04751418211332286,15,1.25,0.75,garch,0.09099573266239933
2020-08-12,nq1s,-1,2020-08-21,-0.03918748876525857,0,0.04751418211332286,15,1.25,0.75,garch,0.08674519924519924
2020-08-13,nq1s,-1,2020-08-24,-0.04125187355968318,0,0.04751418211332286,15,1.25,0.75,garch,0.08848131035631035
2020-08-14,nq1s,-1,2020-08-21,-0.03846412933639809,0,0.04751418211332286,15,1.25,0.75,garch,0.08047508047508048
2020-08-17,nq1s,-1,2020-08-25,-0.03893946441643892,0,0.04606904893884933,15,1.25,0.75,garch,0.09170591313448455
2020-08-18,nq1s,-1,2020-08-26,-0.0510112408795691,0,0.04606904893884933,15,1.25,0.75,garch,0.10361067503924647
2020-08-19,nq1s,-1,2020-08-25,-0.03479085774788193,0,0.04606904893884933,15,1.25,0.75,garch,0.09505494505494505
2020-08-20,nq1s,-1,2020-08-26,-0.04478424709789386,0,0.04606904893884933,15,1.25,0.75,garch,0.113003663003663
2020-08-21,nq1s,-1,2020-08-26,-0.03712592976952567,0,0.04606904893884933,15,1.25,0.75,garch,0.1233974358974359
2020-08-24,nq1s,-1,2020-08-31,-0.04105704157202483,0,0.04606904893884933,15,1.25,0.75,garch,0.17222222222222225
2020-08-25,nq1s,-1,2020-09-01,-0.0499946700785463,0,0.04606904893884933,15,1.25,0.75,garch,0.18472222222222223
2020-08-26,nq1s,-1,2020-09-02,-0.035046387991570116,0,0.04606904893884933,15,1.25,0.75,garch,0.19722222222222222
2020-08-27,nq1s,-1,2020-09-02,-0.03838028905481594,0,0.04606904893884933,15,1.25,0.75,garch,0.2033333333333333
2020-08-28,nq1s,-1,2020-09-02,-0.03500323138874073,0,0.04606904893884933,15,1.25,0.75,garch,0.19166666666666665
2020-08-31,nq1s,-1,2020-09-08,0.08696549446831536,1,0.04606904893884933,15,1.25,0.75,garch,0.2333333333333333
2020-09-02,nq1s,-1,2020-09-04,0.06951214599421907,1,0.04606904893884933,15,1.25,0.75,garch,0.2611111111111111
2020-09-03,nq1s,-1,2020-09-08,0.06270920723701101,1,0.04606904893884933,15,1.25,0.75,garch,0.27777777777777773
2020-09-04,nq1s,1,2020-09-08,-0.04227730273766661,0,0.04606904893884933,15,1.25,0.75,garch,0.25
2020-09-08,nq1s,1,2020-09-29,0.026340449058417592,1,0.04606904893884933,15,1.25,0.75,garch,0.17289030414030415
2020-09-09,nq1s,1,2020-09-18,-0.039689440227397954,0,0.04606904893884933,15,1.25,0.75,garch,0.22862103174603174
2020-09-10,nq1s,1,2020-10-01,0.03675736704834942,1,0.04606904893884933,15,1.25,0.75,garch,0.13528728216228214
2020-09-11,nq1s,1,2020-10-02,0.016788743191534783,1,0.04606904893884933,15,1.25,0.75,garch,0.11891823454323454
2020-09-14,nq1s,1,2020-09-23,-0.03883193538318397,0,0.04606904893884933,15,1.25,0.75,garch,0.13521825396825396
2020-09-15,nq1s,1,2020-09-18,-0.04569769218948816,0,0.04606904893884933,15,1.25,0.75,garch,0.13640873015873017
2020-09-16,nq1s,1,2020-10-07,0.019102621057454527,1,0.07249915806358084,15,1.25,0.75,garch,0.09291377025752026
2020-09-17,nq1s,1,2020-10-08,0.041872643958174915,1,0.07249915806358084,15,1.25,0.75,garch,0.08789144882894882
2020-09-18,nq1s,1,2020-10-09,0.07300722979791918,1,0.07249915806358084,15,1.25,0.75,garch,0.08398519882894882
2020-09-21,nq1s,1,2020-10-12,0.1009418509423674,1,0.07249915806358084,15,1.25,0.75,garch,0.08094700438450439
2020-09-22,nq1s,1,2020-10-13,0.08471231893841535,1,0.07249915806358084,15,1.25,0.75,garch,0.07759879009879009
2020-09-23,nq1s,1,2020-10-12,0.11720842183015523,1,0.07249915806358084,15,1.25,0.75,garch,0.07564578278863994
2020-09-24,nq1s,1,2020-10-12,0.11077191452295199,1,0.07249915806358084,15,1.25,0.75,garch,0.07377238146468915
2020-09-25,nq1s,1,2020-10-16,0.05939927266166811,1,0.07249915806358084,15,1.25,0.75,garch,0.0709519647019647
2020-09-28,nq1s,1,2020-10-19,0.022422606902571918,1,0.07249915806358084,15,1.25,0.75,garch,0.06943681318681319
2020-09-29,nq1s,1,2020-10-20,0.028488897708273564,1,0.07249915806358084,15,1.25,0.75,garch,0.06839514652014653
2020-09-30,nq1s,1,2020-10-21,0.02489644743469821,1,0.07249915806358084,15,1.25,0.75,garch,0.06775412087912087
2020-10-01,nq1s,1,2020-10-22,0.006479621589558615,1,0.07249915806358084,15,1.25,0.75,garch,0.06711309523809524
2020-10-02,nq1s,1,2020-10-23,0.038301471080189664,1,0.07249915806358084,15,1.25,0.75,garch,0.06681547619047618
2020-10-05,nq1s,1,2020-10-26,0.0020053621643745245,1,0.07249915806358084,15,1.25,0.75,garch,0.06651785714285714
2020-10-06,nq1s,1,2020-10-27,0.02787448719370378,1,0.07249915806358084,15,1.25,0.75,garch,0.0662202380952381
2020-10-07,nq1s,1,2020-10-28,-0.029402789886982084,0,0.07249915806358084,15,1.25,0.75,garch,0.0662202380952381
2020-10-08,nq1s,1,2020-10-29,-0.017007539647277303,0,0.07249915806358084,15,1.25,0.75,garch,0.0671216804029304
2020-10-09,nq1s,1,2020-10-30,-0.05786903771971741,0,0.07249915806358084,15,1.25,0.75,garch,0.06802312271062272
2020-10-12,nq1s,1,2020-10-28,-0.07980493046583603,0,0.07249915806358084,15,1.25,0.75,garch,0.06707875457875458
2020-10-13,nq1s,1,2020-10-28,-0.07948156110496196,0,0.07249915806358084,15,1.25,0.75,garch,0.06746031746031746
2020-10-14,nq1s,-1,2020-11-04,0.017642023508720128,1,0.07249915806358084,15,1.25,0.75,garch,0.07097069597069597
2020-10-15,nq1s,-1,2020-11-05,-0.01705406771043161,0,0.058376520091436686,15,1.25,0.75,garch,0.07131410256410256
2020-10-19,nq1s,-1,2020-11-09,-0.014613420312428849,0,0.058376520091436686,15,1.25,0.75,garch,0.07491258741258741
2020-10-20,nq1s,-1,2020-11-10,0.003644705529234571,1,0.058376520091436686,15,1.25,0.75,garch,0.07642773892773892
2020-10-21,nq1s,-1,2020-11-11,-0.016657756868955875,0,0.058376520091436686,15,1.25,0.75,garch,0.07794289044289043
2020-10-22,nq1s,-1,2020-11-12,-0.014614047512452766,0,0.058376520091436686,15,1.25,0.75,garch,0.07945804195804196
2020-10-23,nq1s,-1,2020-11-13,-0.023149140480645647,0,0.058376520091436686,15,1.25,0.75,garch,0.08097319347319348
2020-10-26,nq1s,1,2020-11-16,0.044617024516198533,1,0.058376520091436686,15,1.25,0.75,garch,0.082488344988345
2020-10-27,nq1s,1,2020-10-30,-0.04675094925752821,0,0.058376520091436686,15,1.25,0.75,garch,0.07179487179487179
2020-10-28,nq1s,1,2020-11-05,0.08477240574036404,1,0.058376520091436686,15,1.25,0.75,garch,0.07728937728937728
2020-10-29,nq1s,1,2020-11-19,0.05682043596025266,1,0.058376520091436686,15,1.25,0.75,garch,0.08568618881118882
2020-10-30,nq1s,1,2020-11-05,0.09326694579620343,1,0.058376520091436686,15,1.25,0.75,garch,0.07948717948717948
2020-11-02,nq1s,1,2020-11-05,0.09158701105074063,1,0.058376520091436686,15,1.25,0.75,garch,0.08012820512820512
2020-11-04,nq1s,1,2020-11-25,0.033091048202582796,1,0.058376520091436686,15,1.25,0.75,garch,0.08299903221778222
2020-11-05,nq1s,1,2020-11-27,0.014987786196242858,1,0.058376520091436686,15,1.25,0.75,garch,0.08209758991008992
2020-11-06,nq1s,1,2020-11-30,0.016728778467141492,1,0.058376520091436686,15,1.25,0.75,garch,0.0811961476023976
2020-11-09,nq1s,1,2020-12-01,0.05344528573236729,1,0.058376520091436686,15,1.25,0.75,garch,0.0788523976023976
2020-11-10,nq1s,1,2020-12-02,0.07195575925894859,1,0.058376520091436686,15,1.25,0.75,garch,0.07763486513486513
2020-11-11,nq1s,-1,2020-12-01,-0.04764008076690884,0,0.058376520091436686,15,1.25,0.75,garch,0.07713001284429856
2020-11-12,nq1s,-1,2020-12-01,-0.05348984771477028,0,0.058376520091436686,15,1.25,0.75,garch,0.07607008376239145
2020-11-13,nq1s,1,2020-12-07,0.05551598441382355,1,0.06607230739361433,15,1.25,0.75,garch,0.07312661297036296
2020-11-16,nq1s,1,2020-12-08,0.052686380674462185,1,0.06607230739361433,15,1.25,0.75,garch,0.07135104478854479
2020-11-17,nq1s,1,2020-12-09,0.03273486430091732,1,0.06607230739361433,15,1.25,0.75,garch,0.0695754766067266
2020-11-18,nq1s,1,2020-12-10,0.042447675884430325,1,0.06607230739361433,15,1.25,0.75,garch,0.06779990842490842
2020-11-19,nq1s,1,2020-12-11,0.031762914764415395,1,0.06607230739361433,15,1.25,0.75,garch,0.06649782509157509
2020-11-20,nq1s,1,2020-12-14,0.04625916048936074,1,0.06607230739361433,15,1.25,0.75,garch,0.06559638278388277
2020-11-23,nq1s,1,2020-12-15,0.057511243122761124,1,0.06607230739361433,15,1.25,0.75,garch,0.06469494047619047
2020-11-24,nq1s,-1,2020-12-16,-0.048745423916532804,0,0.06607230739361433,15,1.25,0.75,garch,0.06413690476190476
2020-11-25,nq1s,1,2020-12-17,0.04876554574684522,1,0.06607230739361433,15,1.25,0.75,garch,0.06387648809523809
2020-11-27,nq1s,1,2020-12-18,0.03662081492261282,1,0.06607230739361433,15,1.25,0.75,garch,0.06387648809523809
2020-11-30,nq1s,1,2020-12-21,0.03261330950591357,1,0.06607230739361433,15,1.25,0.75,garch,0.06387648809523809
2020-12-01,nq1s,1,2020-12-22,0.02020766066654822,1,0.06607230739361433,15,1.25,0.75,garch,0.06387648809523809
2020-12-02,nq1s,1,2020-12-23,0.015328833721405477,1,0.06607230739361433,15,1.25,0.75,garch,0.06387648809523809
2020-12-03,nq1s,1,2020-12-24,0.018947901901679387,1,0.06607230739361433,15,1.25,0.75,garch,0.06331845238095238
2020-12-04,nq1s,1,2020-12-28,0.02399582829556368,1,0.06607230739361433,15,1.25,0.75,garch,0.06276041666666667
2020-12-07,nq1s,1,2020-12-29,0.018959810520366993,1,0.06607230739361433,15,1.25,0.75,garch,0.0625
2020-12-08,nq1s,1,2020-12-30,0.015653217219030457,1,0.06607230739361433,15,1.25,0.75,garch,0.0625
2020-12-09,nq1s,1,2020-12-31,0.04142446422361434,1,0.06607230739361433,15,1.25,0.75,garch,0.0625
2020-12-10,nq1s,1,2021-01-04,0.022366766482724953,1,0.06607230739361433,15,1.25,0.75,garch,0.0625
2020-12-11,nq1s,1,2021-01-05,0.0339052912292539,1,0.06607230739361433,15,1.25,0.75,garch,0.0625
2020-12-14,nq1s,-1,2021-01-06,-0.012377131394319285,0,0.06607230739361433,15,1.25,0.75,garch,0.0625
2020-12-15,nq1s,-1,2021-01-07,-0.02635757383225079,0,0.03972199762939036,15,1.25,0.75,garch,0.0625
2020-12-16,nq1s,-1,2021-01-08,-0.03366020164573591,0,0.03972199762939036,15,1.25,0.75,garch,0.0625
2020-12-17,nq1s,-1,2021-01-11,-0.011450082346299517,0,0.03972199762939036,15,1.25,0.75,garch,0.06427556818181818
2020-12-18,nq1s,-1,2021-01-08,-0.030265486725812307,0,0.03972199762939036,15,1.25,0.75,garch,0.0625
2020-12-21,nq1s,-1,2021-01-08,-0.03262112193016331,0,0.03972199762939036,15,1.25,0.75,garch,0.0625
2020-12-22,nq1s,-1,2021-01-08,-0.030468135326305656,0,0.03972199762939036,15,1.25,0.75,garch,0.0625
2020-12-23,nq1s,-1,2021-01-08,-0.035253433455202154,0,0.03972199762939036,15,1.25,0.75,garch,0.0625
2020-12-24,nq1s,-1,2021-01-08,-0.030914242984420248,0,0.03972199762939036,15,1.25,0.75,garch,0.0625
2020-12-28,nq1s,-1,2021-01-20,-0.035962673628604724,0,0.03972199762939036,15,1.25,0.75,garch,0.06907311438561439
2020-12-29,nq1s,-1,2021-01-20,-0.03529709524205882,0,0.03972199762939036,15,1.25,0.75,garch,0.06951132201132201
2020-12-30,nq1s,-1,2021-01-20,-0.03525678464322235,0,0.03972199762939036,15,1.25,0.75,garch,0.07001213072641645
2020-12-31,nq1s,-1,2021-01-20,-0.031721702688797704,0,0.03972199762939036,15,1.25,0.75,garch,0.0705899869361408
2021-01-04,nq1s,1,2021-01-21,0.05596941389751642,1,0.03972199762939036,15,1.25,0.75,garch,0.07219255103870488
2021-01-05,nq1s,1,2021-01-25,0.053308320631437534,1,0.03972199762939036,15,1.25,0.75,garch,0.07401854098282669
2021-01-06,nq1s,1,2021-01-20,0.05369845641714521,1,0.03972199762939036,15,1.25,0.75,garch,0.07301698301698302
2021-01-07,nq1s,1,2021-01-29,-0.0012956373755976802,0,0.03972199762939036,15,1.25,0.75,garch,0.07520006035631036
2021-01-08,nq1s,1,2021-02-01,0.010632002901493465,1,0.03972199762939036,15,1.25,0.75,garch,0.07697562853812853
2021-01-11,nq1s,1,2021-02-02,0.04280065131441457,1,0.03972199762939036,15,1.25,0.75,garch,0.07875119671994672
2021-01-12,nq1s,1,2021-02-03,0.03909931925282972,1,0.03972199762939036,15,1.25,0.75,garch,0.07875119671994672
2021-01-13,nq1s,1,2021-02-04,0.044344658790296476,1,0.03972199762939036,15,1.25,0.75,garch,0.07875119671994672
2021-01-14,nq1s,1,2021-02-04,0.0501123943880295,1,0.03972199762939036,15,1.25,0.75,garch,0.07844572094572094
2021-01-15,nq1s,1,2021-02-04,0.058212423597295615,1,0.04356931496484046,15,1.25,0.75,garch,0.07855448123305266
2021-01-19,nq1s,1,2021-02-09,0.05350198298100084,1,0.04356931496484046,15,1.25,0.75,garch,0.08708834568209568
2021-01-20,nq1s,1,2021-02-10,0.02627075615421881,1,0.04356931496484046,15,1.25,0.75,garch,0.09333834568209567
2021-01-21,nq1s,1,2021-01-29,-0.036150199693271934,0,0.04356931496484046,15,1.25,0.75,garch,0.07650444793301936
2021-01-22,nq1s,1,2021-01-29,-0.03369756389629619,0,0.04356931496484046,15,1.25,0.75,garch,0.07536630036630036
2021-01-25,nq1s,1,2021-01-29,-0.041872286742318354,0,0.04356931496484046,15,1.25,0.75,garch,0.07377289377289378
2021-01-26,nq1s,1,2021-01-29,-0.04258277409009281,0,0.04356931496484046,15,1.25,0.75,garch,0.07298534798534799
2021-01-28,nq1s,-1,2021-02-08,-0.03769149097470503,0,0.04356931496484046,15,1.25,0.75,garch,0.09049422799422799
2021-01-29,nq1s,1,2021-02-08,0.05977345338280071,1,0.04356931496484046,15,1.25,0.75,garch,0.09321789321789321
2021-02-01,nq1s,1,2021-02-23,-0.003361915913819624,0,0.04356931496484046,15,1.25,0.75,garch,0.13111020923520922
2021-02-02,nq1s,1,2021-02-24,-0.010930180682471646,0,0.04356931496484046,15,1.25,0.75,garch,0.13324089105339104
2021-02-03,nq1s,1,2021-02-25,-0.041995632454570386,0,0.04356931496484046,15,1.25,0.75,garch,0.13537157287157287
2021-02-04,nq1s,1,2021-02-25,-0.05283262594614546,0,0.04356931496484046,15,1.25,0.75,garch,0.13833573833573834
2021-02-05,nq1s,1,2021-02-25,-0.056350198558914766,0,0.04356931496484046,15,1.25,0.75,garch,0.1417233560090703
2021-02-11,nq1s,-1,2021-02-25,0.06535435938537582,1,0.04356931496484046,15,1.25,0.75,garch,0.14523809523809522
2021-02-18,nq1s,1,2021-02-22,-0.02998239565734584,0,0.03727824372121084,15,1.25,0.75,garch,0.1369047619047619
2021-02-22,nq1s,1,2021-02-25,-0.029680322136368065,0,0.03727824372121084,15,1.25,0.75,garch,0.125
2021-02-23,nq1s,1,2021-03-03,-0.03867874469381227,0,0.03727824372121084,15,1.25,0.75,garch,0.18928571428571428
2021-02-24,nq1s,1,2021-02-25,-0.0353518267933528,0,0.03727824372121084,15,1.25,0.75,garch,0.125
2021-02-25,nq1s,1,2021-03-04,-0.02936076528882059,0,0.03727824372121084,15,1.25,0.75,garch,0.2125
2021-02-26,nq1s,1,2021-03-04,-0.03531872047059925,0,0.03727824372121084,15,1.25,0.75,garch,0.22999999999999998
2021-03-01,nq1s,-1,2021-03-04,0.06210583783555945,1,0.03727824372121084,15,1.25,0.75,garch,0.20416666666666666
2021-03-02,nq1s,1,2021-03-03,-0.02860918021447556,0,0.03727824372121084,15,1.25,0.75,garch,0.18333333333333335
2021-03-03,nq1s,1,2021-03-08,-0.030319159422375508,0,0.03727824372121084,15,1.25,0.75,garch,0.2375
2021-03-04,nq1s,1,2021-03-11,0.04763147330353679,1,0.03727824372121084,15,1.25,0.75,garch,0.2611111111111111
2021-03-05,nq1s,1,2021-03-08,-0.02894087454363803,0,0.03727824372121084,15,1.25,0.75,garch,0.29166666666666663
2021-03-08,nq1s,1,2021-03-11,0.06107056455659832,1,0.03727824372121084,15,1.25,0.75,garch,0.2583333333333333
2021-03-09,nq1s,1,2021-03-30,0.007711059819601074,1,0.03727824372121084,15,1.25,0.75,garch,0.15061847874347872
2021-03-10,nq1s,1,2021-03-31,0.02743412430133718,1,0.03727824372121084,15,1.25,0.75,garch,0.13424943112443113
2021-03-11,nq1s,1,2021-04-01,0.021242284736648687,1,0.03727824372121084,15,1.25,0.75,garch,0.12308871683871683
2021-03-12,nq1s,1,2021-04-02,0.03030306118333126,1,0.03727824372121084,15,1.25,0.75,garch,0.11505300255300255
2021-03-15,nq1s,1,2021-04-05,0.03950111903816089,1,0.03727824372121084,15,1.25,0.75,garch,0.10389228826728826
2021-03-16,nq1s,1,2021-03-25,-0.02821268905188079,0,0.03727824372121084,15,1.25,0.75,garch,0.11810966810966811
2021-03-17,nq1s,1,2021-03-18,-0.031029645917253545,0,0.03727824372121084,15,1.25,0.75,garch,0.13392857142857142
2021-03-18,nq1s,1,2021-04-08,0.07574483069004012,1,0.05634492265266929,15,1.25,0.75,garch,0.08458425255300256
2021-03-19,nq1s,1,2021-04-09,0.07668651952149164,1,0.05634492265266929,15,1.25,0.75,garch,0.08123603826728826
2021-03-22,nq1s,1,2021-04-12,0.056381127240042295,1,0.05634492265266929,15,1.25,0.75,garch,0.07823123057498058
2021-03-23,nq1s,1,2021-04-13,0.07454108601629694,1,0.05634492265266929,15,1.25,0.75,garch,0.07609447843822843
2021-03-24,nq1s,1,2021-04-08,0.07454666249838526,1,0.05634492265266929,15,1.25,0.75,garch,0.07435307747807747
2021-03-25,nq1s,1,2021-04-08,0.07652402020362414,1,0.05634492265266929,15,1.25,0.75,garch,0.07284798534798534
2021-03-26,nq1s,1,2021-04-13,0.07781440993313704,1,0.05634492265266929,15,1.25,0.75,garch,0.07255917159763312
2021-03-29,nq1s,1,2021-04-13,0.07966704005487935,1,0.05634492265266929,15,1.25,0.75,garch,0.07166132478632477
2021-03-30,nq1s,1,2021-04-09,0.07386484964969853,1,0.05634492265266929,15,1.25,0.75,garch,0.0699074074074074
2021-03-31,nq1s,1,2021-04-15,0.07060868236521389,1,0.05634492265266929,15,1.25,0.75,garch,0.07381888944388944
2021-04-01,nq1s,1,2021-04-22,0.03261114448760982,1,0.05634492265266929,15,1.25,0.75,garch,0.0734531093906094
2021-04-02,nq1s,1,2021-04-23,0.04588465004505826,1,0.05634492265266929,15,1.25,0.75,garch,0.07289507367632368
2021-04-05,nq1s,-1,2021-04-26,-0.031356961467179145,0,0.05634492265266929,15,1.25,0.75,garch,0.07233703796203797
2021-04-06,nq1s,-1,2021-04-27,-0.028224023581904456,0,0.05634492265266929,15,1.25,0.75,garch,0.07177900224775224
2021-04-07,nq1s,-1,2021-04-28,-0.02113232510767271,0,0.05634492265266929,15,1.25,0.75,garch,0.07122096653346653
2021-04-08,nq1s,1,2021-04-29,0.014966085358656622,1,0.05634492265266929,15,1.25,0.75,garch,0.07096054986679987
2021-04-09,nq1s,1,2021-04-30,0.0014823384794468986,1,0.05634492265266929,15,1.25,0.75,garch,0.07096054986679987
2021-04-12,nq1s,1,2021-05-03,-0.0013578347061911078,0,0.05634492265266929,15,1.25,0.75,garch,0.07040251415251414
2021-04-13,nq1s,1,2021-05-04,-0.031465216535159546,0,0.05634492265266929,15,1.25,0.75,garch,0.06950107184482185
2021-04-14,nq1s,1,2021-05-05,-0.022302744813588626,0,0.05634492265266929,15,1.25,0.75,garch,0.0688600462037962
2021-04-15,nq1s,1,2021-05-06,-0.02970244041665049,0,0.05634492265266929,15,1.25,0.75,garch,0.06764251373626373
2021-04-16,nq1s,1,2021-05-04,-0.03517587939685651,0,0.04672564267964531,15,1.25,0.75,garch,0.06621935756551142
2021-04-19,nq1s,1,2021-05-10,-0.038892586662574,0,0.04672564267964531,15,1.25,0.75,garch,0.06585679945054945
2021-04-20,nq1s,1,2021-05-11,-0.03249542381809567,0,0.04672564267964531,15,1.25,0.75,garch,0.06799355158730158
2021-04-21,nq1s,1,2021-05-10,-0.04041166011098851,0,0.04672564267964531,15,1.25,0.75,garch,0.06466836734693877
2021-04-22,nq1s,1,2021-05-12,-0.054671733240754694,0,0.04672564267964531,15,1.25,0.75,garch,0.07072751322751322
2021-04-23,nq1s,1,2021-05-10,-0.04094564514951671,0,0.04672564267964531,15,1.25,0.75,garch,0.06468253968253967
2021-04-26,nq1s,1,2021-05-05,-0.03714805695382528,0,0.04672564267964531,15,1.25,0.75,garch,0.06302083333333333
2021-04-27,nq1s,1,2021-05-10,-0.042732745646525405,0,0.04672564267964531,15,1.25,0.75,garch,0.0651190476190476
2021-04-28,nq1s,1,2021-05-10,-0.0385466717056373,0,0.04672564267964531,15,1.25,0.75,garch,0.0654100529100529
2021-04-29,nq1s,1,2021-05-10,-0.042767047693690996,0,0.04672564267964531,15,1.25,0.75,garch,0.06577380952380953
2021-04-30,nq1s,1,2021-05-10,-0.03561371841141481,0,0.04672564267964531,15,1.25,0.75,garch,0.06624149659863944
2021-05-03,nq1s,1,2021-05-12,-0.0573966642490884,0,0.04672564267964531,15,1.25,0.75,garch,0.0779265873015873
2021-05-04,nq1s,1,2021-05-12,-0.03970892435026818,0,0.04672564267964531,15,1.25,0.75,garch,0.08013038548752835
2021-05-05,nq1s,1,2021-05-12,-0.036505818693727154,0,0.04672564267964531,15,1.25,0.75,garch,0.08306878306878307
2021-05-06,nq1s,1,2021-05-12,-0.044069790957853794,0,0.04672564267964531,15,1.25,0.75,garch,0.08634920634920634
2021-05-07,nq1s,1,2021-05-12,-0.05187913711074621,0,0.04672564267964531,15,1.25,0.75,garch,0.09007936507936508
2021-05-10,nq1s,1,2021-06-01,0.02186160555534644,1,0.04672564267964531,15,1.25,0.75,garch,0.11867403429903431
2021-05-11,nq1s,1,2021-06-02,0.024557919975815468,1,0.04672564267964531,15,1.25,0.75,garch,0.1186740342990343
2021-05-12,nq1s,1,2021-06-03,0.040831634419064455,1,0.04672564267964531,15,1.25,0.75,garch,0.11589625652125651
2021-05-13,nq1s,1,2021-06-04,0.05087689166311726,1,0.04672564267964531,15,1.25,0.75,garch,0.11311847874347875
2021-05-14,nq1s,1,2021-06-07,0.03116829760216344,1,0.04672564267964531,15,1.25,0.75,garch,0.10166014541014541
2021-05-17,nq1s,1,2021-06-08,0.03818543992221457,1,0.059566310423637914,15,1.25,0.75,garch,0.09332681207681207
2021-05-18,nq1s,1,2021-06-09,0.04558356039972189,1,0.059566310423637914,15,1.25,0.75,garch,0.08707681207681207
2021-05-19,nq1s,1,2021-06-10,0.05487966146507639,1,0.059566310423637914,15,1.25,0.75,garch,0.08231490731490732
2021-05-21,nq1s,-1,2021-06-14,-0.05369265199572526,0,0.059566310423637914,15,1.25,0.75,garch,0.07476282398157398
2021-05-24,nq1s,1,2021-06-15,0.028891972218856754,1,0.059566310423637914,15,1.25,0.75,garch,0.07172462953712955
2021-05-25,nq1s,1,2021-06-16,0.02371977901790867,1,0.059566310423637914,15,1.25,0.75,garch,0.06938087953712954
2021-05-26,nq1s,-1,2021-06-17,-0.03383301175687903,0,0.059566310423637914,15,1.25,0.75,garch,0.06760531135531135
2021-05-27,nq1s,-1,2021-06-18,-0.027584523322710774,0,0.059566310423637914,15,1.25,0.75,garch,0.06630322802197802
2021-05-28,nq1s,-1,2021-06-21,-0.032952674067436405,0,0.059566310423637914,15,1.25,0.75,garch,0.0654017857142857
2021-06-01,nq1s,-1,2021-06-22,-0.04521109320282202,0,0.059566310423637914,15,1.25,0.75,garch,0.06484374999999999
2021-06-02,nq1s,-1,2021-06-23,-0.04364767762083188,0,0.059566310423637914,15,1.25,0.75,garch,0.06458333333333333
2021-06-03,nq1s,1,2021-06-24,0.061542650907364216,1,0.059566310423637914,15,1.25,0.75,garch,0.06432291666666666
2021-06-04,nq1s,1,2021-06-25,0.042120893311260454,1,0.059566310423637914,15,1.25,0.75,garch,0.0640625
2021-06-07,nq1s,1,2021-06-28,0.05186518517616223,1,0.059566310423637914,15,1.25,0.75,garch,0.06380208333333333
2021-06-08,nq1s,1,2021-06-29,0.05497135078364024,1,0.059566310423637914,15,1.25,0.75,garch,0.06354166666666666
2021-06-09,nq1s,1,2021-06-30,0.053747353177990176,1,0.059566310423637914,15,1.25,0.75,garch,0.06328125
2021-06-10,nq1s,1,2021-07-01,0.042728494994748845,1,0.059566310423637914,15,1.25,0.75,garch,0.06302083333333333
2021-06-11,nq1s,1,2021-07-02,0.051972552980419806,1,0.059566310423637914,15,1.25,0.75,garch,0.06276041666666667
2021-06-14,nq1s,1,2021-07-06,0.046627353060625154,1,0.059566310423637914,15,1.25,0.75,garch,0.06305803571428571
2021-06-15,nq1s,1,2021-07-07,0.05566352274184916,1,0.059566310423637914,15,1.25,0.75,garch,0.06361607142857142
2021-06-16,nq1s,1,2021-07-02,0.05303179402830849,1,0.03795799501857424,15,1.25,0.75,garch,0.0625
2021-06-17,nq1s,1,2021-07-09,0.04621633554126614,1,0.03795799501857424,15,1.25,0.75,garch,0.06507554945054946
2021-06-18,nq1s,1,2021-07-02,0.048361239757651386,1,0.03795799501857424,15,1.25,0.75,garch,0.0625
2021-06-21,nq1s,1,2021-07-07,0.047576079264312066,1,0.03795799501857424,15,1.25,0.75,garch,0.06398809523809523
2021-06-22,nq1s,1,2021-07-14,0.04443041747809806,1,0.03795799501857424,15,1.25,0.75,garch,0.06589400183150182
2021-06-23,nq1s,1,2021-07-15,0.03677346981753127,1,0.03795799501857424,15,1.25,0.75,garch,0.06589400183150183
2021-06-24,nq1s,1,2021-07-16,0.022031802428311043,1,0.03795799501857424,15,1.25,0.75,garch,0.06589400183150183
2021-06-25,nq1s,1,2021-07-19,0.014070018830226294,1,0.03795799501857424,15,1.25,0.75,garch,0.06589400183150182
2021-06-28,nq1s,1,2021-07-20,0.01448751076673438,1,0.03795799501857424,15,1.25,0.75,garch,0.06589400183150182
2021-06-29,nq1s,1,2021-07-21,0.018179633317452648,1,0.03795799501857424,15,1.25,0.75,garch,0.06589400183150183
2021-06-30,nq1s,1,2021-07-22,0.026084266959726543,1,0.03795799501857424,15,1.25,0.75,garch,0.06589400183150183
2021-07-01,nq1s,1,2021-07-23,0.037770216861130024,1,0.03795799501857424,15,1.25,0.75,garch,0.0661544184981685
2021-07-02,nq1s,1,2021-07-26,0.027457310338295127,1,0.03795799501857424,15,1.25,0.75,garch,0.06705586080586082
2021-07-06,nq1s,1,2021-07-27,0.011657811918617478,1,0.03795799501857424,15,1.25,0.75,garch,0.06795730311355312
2021-07-07,nq1s,1,2021-07-28,0.014136364403719126,1,0.03795799501857424,15,1.25,0.75,garch,0.06830070970695971
2021-07-08,nq1s,1,2021-07-29,0.022124420126163002,1,0.03795799501857424,15,1.25,0.75,garch,0.0686441163003663
2021-07-09,nq1s,1,2021-07-30,0.00980723135649919,1,0.03795799501857424,15,1.25,0.75,garch,0.0686441163003663
2021-07-12,nq1s,1,2021-08-02,0.005615616120462352,1,0.03795799501857424,15,1.25,0.75,garch,0.0689875228937729
2021-07-13,nq1s,1,2021-08-03,0.012193070972273956,1,0.03795799501857424,15,1.25,0.75,garch,0.06933092948717949
2021-07-14,nq1s,1,2021-08-04,0.012204744237124476,1,0.03795799501857424,15,1.25,0.75,garch,0.06997195512820513
2021-07-15,nq1s,1,2021-08-05,0.025714285714003804,1,0.03795799501857424,15,1.25,0.75,garch,0.07087339743589743
2021-07-16,nq1s,1,2021-08-06,0.028969701100680867,1,0.033945337302851715,15,1.25,0.75,garch,0.07217548076923078
2021-07-19,nq1s,1,2021-08-05,0.04312019668856171,1,0.033945337302851715,15,1.25,0.75,garch,0.07206959706959705
2021-07-20,nq1s,-1,2021-07-23,-0.025487765532878015,0,0.033945337302851715,15,1.25,0.75,garch,0.06354166666666666
2021-07-21,nq1s,-1,2021-08-11,-0.012931833892524836,0,0.033945337302851715,15,1.25,0.75,garch,0.07493704212454212
2021-07-22,nq1s,-1,2021-08-12,-0.010047894965580895,0,0.033945337302851715,15,1.25,0.75,garch,0.07549507783882783
2021-07-27,nq1s,1,2021-08-17,0.0033282601059205774,1,0.033945337302851715,15,1.25,0.75,garch,0.07515167124542124
2021-07-28,nq1s,1,2021-08-18,-0.010808380241608018,0,0.033945337302851715,15,1.25,0.75,garch,0.07425022893772894
2021-07-29,nq1s,1,2021-08-19,-0.0072982992800413315,0,0.033945337302851715,15,1.25,0.75,garch,0.07334878663003663
2021-07-30,nq1s,1,2021-08-20,0.008759172892540024,1,0.033945337302851715,15,1.25,0.75,garch,0.07244734432234431
2021-08-02,nq1s,1,2021-08-23,0.023524100917909907,1,0.033945337302851715,15,1.25,0.75,garch,0.07154590201465201
2021-08-03,nq1s,-1,2021-08-24,-0.020553294009808987,0,0.033945337302851715,15,1.25,0.75,garch,0.0706444597069597
2021-08-04,nq1s,-1,2021-08-25,-0.019288818124929996,0,0.033945337302851715,15,1.25,0.75,garch,0.0697430173992674
2021-08-05,nq1s,-1,2021-08-26,-0.007054441166173042,0,0.033945337302851715,15,1.25,0.75,garch,0.06884157509157508
2021-08-06,nq1s,-1,2021-08-27,-0.021927064357019077,0,0.033945337302851715,15,1.25,0.75,garch,0.06794013278388278
2021-08-09,nq1s,-1,2021-08-30,-0.03122262441971113,0,0.033945337302851715,15,1.25,0.75,garch,0.06663804945054945
2021-08-10,nq1s,1,2021-08-31,0.03576057695502488,1,0.033945337302851715,15,1.25,0.75,garch,0.06623740842490843
2021-08-11,nq1s,1,2021-09-01,0.03926562135885758,1,0.033945337302851715,15,1.25,0.75,garch,0.06623740842490841
2021-08-12,nq1s,1,2021-09-02,0.03465198793025004,1,0.033945337302851715,15,1.25,0.75,garch,0.06698145604395604
2021-08-13,nq1s,1,2021-09-03,0.034758607010997755,1,0.033945337302851715,15,1.25,0.75,garch,0.06772550366300366
2021-08-16,nq1s,1,2021-09-07,0.035730804810356176,1,0.03242912321815632,15,1.25,0.75,garch,0.06846955128205127
2021-08-17,nq1s,1,2021-09-01,0.04079013168866741,1,0.03242912321815632,15,1.25,0.75,garch,0.06490384615384615
2021-08-18,nq1s,1,2021-08-30,0.05038975032423254,1,0.03242912321815632,15,1.25,0.75,garch,0.0625
2021-08-19,nq1s,1,2021-08-30,0.04484860664553425,1,0.03242912321815632,15,1.25,0.75,garch,0.0625
2021-08-20,nq1s,-1,2021-08-30,-0.033854209820320946,0,0.03242912321815632,15,1.25,0.75,garch,0.0625
2021-08-23,nq1s,1,2021-09-14,0.005356464939443306,1,0.03242912321815632,15,1.25,0.75,garch,0.07123111263736263
2021-08-24,nq1s,1,2021-09-15,0.009623854062176251,1,0.03242912321815632,15,1.25,0.75,garch,0.07123111263736263
2021-08-25,nq1s,1,2021-09-16,0.009895359553635297,1,0.03242912321815632,15,1.25,0.75,garch,0.07123111263736263
2021-08-26,nq1s,1,2021-09-17,0.003794137658979624,1,0.03242912321815632,15,1.25,0.75,garch,0.07123111263736263
2021-08-27,nq1s,1,2021-09-20,-0.026605772645992176,0,0.03242912321815632,15,1.25,0.75,garch,0.07123111263736263
2021-08-30,nq1s,1,2021-09-20,-0.03727738110109835,0,0.03242912321815632,15,1.25,0.75,garch,0.07181318681318681
2021-08-31,nq1s,1,2021-09-20,-0.03635064666909382,0,0.03242912321815632,15,1.25,0.75,garch,0.07247841444270016
2021-09-01,nq1s,1,2021-09-20,-0.0380020790059693,0,0.03242912321815632,15,1.25,0.75,garch,0.07213651732882502
2021-09-02,nq1s,1,2021-09-20,-0.037493362715430356,0,0.03242912321815632,15,1.25,0.75,garch,0.07173763736263737
2021-09-03,nq1s,1,2021-09-20,-0.04059891714664188,0,0.03242912321815632,15,1.25,0.75,garch,0.07068348318348318
2021-09-07,nq1s,1,2021-09-20,-0.04202197494214399,0,0.03242912321815632,15,1.25,0.75,garch,0.06941849816849817
2021-09-08,nq1s,1,2021-09-20,-0.038664145437209196,0,0.03242912321815632,15,1.25,0.75,garch,0.06787240537240538
2021-09-09,nq1s,1,2021-09-20,-0.03487966268027365,0,0.03242912321815632,15,1.25,0.75,garch,0.06593978937728938
2021-09-10,nq1s,1,2021-09-20,-0.02755133579811908,0,0.03242912321815632,15,1.25,0.75,garch,0.06437074829931973
2021-09-13,nq1s,1,2021-09-20,-0.027252106286957734,0,0.03242912321815632,15,1.25,0.75,garch,0.06319444444444444
2021-09-14,nq1s,1,2021-09-28,-0.03998764609305605,0,0.03242912321815632,15,1.25,0.75,garch,0.11892135642135643
2021-09-15,nq1s,1,2021-09-20,-0.031426451134171085,0,0.032679755286900806,15,1.25,0.75,garch,0.0625
2021-09-16,nq1s,1,2021-09-20,-0.03223830555476459,0,0.032679755286900806,15,1.25,0.75,garch,0.0625
2021-09-17,nq1s,1,2021-09-28,-0.03662077515271012,0,0.032679755286900806,15,1.25,0.75,garch,0.14007936507936508
2021-09-20,nq1s,1,2021-10-04,-0.03646024184666774,0,0.032679755286900806,15,1.25,0.75,garch,0.1420093795093795
2021-09-21,nq1s,1,2021-10-04,-0.037390175718822194,0,0.032679755286900806,15,1.25,0.75,garch,0.14996031746031746
2021-09-22,nq1s,1,2021-09-28,-0.026296699310285887,0,0.032679755286900806,15,1.25,0.75,garch,0.14912698412698414
2021-09-23,nq1s,-1,2021-10-04,0.0549710850463464,1,0.032679755286900806,15,1.25,0.75,garch,0.13120039682539683
2021-09-24,nq1s,-1,2021-09-30,0.04153406772789925,1,0.032679755286900806,15,1.25,0.75,garch,0.12936507936507935
2021-09-27,nq1s,-1,2021-10-04,0.04820744007005251,1,0.032679755286900806,15,1.25,0.75,garch,0.12334656084656086
2021-09-28,nq1s,1,2021-10-19,0.04292317851643568,1,0.032679755286900806,15,1.25,0.75,garch,0.10862939144189143
2021-09-29,nq1s,1,2021-10-19,0.04469207415303189,1,0.032679755286900806,15,1.25,0.75,garch,0.10846394346394345
2021-09-30,nq1s,1,2021-10-18,0.041409841648453405,1,0.032679755286900806,15,1.25,0.75,garch,0.10775143659759043
2021-10-01,nq1s,1,2021-10-19,0.04313512964268518,1,0.032679755286900806,15,1.25,0.75,garch,0.10454630839246223
2021-10-04,nq1s,1,2021-10-15,0.04648308527426992,1,0.032679755286900806,15,1.25,0.75,garch,0.10793401043401044
2021-10-05,nq1s,1,2021-10-18,0.0433462411082588,1,0.032679755286900806,15,1.25,0.75,garch,0.10396575646575648
2021-10-06,nq1s,1,2021-10-19,0.04332949386817919,1,0.032679755286900806,15,1.25,0.75,garch,0.09563242313242312
2021-10-07,nq1s,1,2021-10-25,0.04129357412787704,1,0.032679755286900806,15,1.25,0.75,garch,0.10134118018733404
2021-10-08,nq1s,1,2021-10-21,0.045278814174669835,1,0.032679755286900806,15,1.25,0.75,garch,0.09563242313242312
2021-10-11,nq1s,1,2021-10-19,0.04748137818475562,1,0.032679755286900806,15,1.25,0.75,garch,0.08247942533656819
2021-10-12,nq1s,1,2021-10-18,0.04348864586346157,1,0.032679755286900806,15,1.25,0.75,garch,0.07880452880452879
2021-10-13,nq1s,1,2021-10-19,0.04295849772322757,1,0.032679755286900806,15,1.25,0.75,garch,0.07728937728937728
2021-10-14,nq1s,1,2021-10-29,0.05328434387928627,1,0.04015229853086764,15,1.25,0.75,garch,0.09936961186961187
2021-10-15,nq1s,1,2021-11-01,0.05019987445832119,1,0.04015229853086764,15,1.25,0.75,garch,0.09990379990379988
2021-10-18,nq1s,1,2021-11-03,0.05488702135289647,1,0.04015229853086764,15,1.25,0.75,garch,0.09905180289795673
2021-10-19,nq1s,1,2021-11-04,0.06054161119590806,1,0.04015229853086764,15,1.25,0.75,garch,0.09996755381370764
2021-10-20,nq1s,1,2021-11-04,0.061989920338346494,1,0.04015229853086764,15,1.25,0.75,garch,0.10135373885373884
2021-10-21,nq1s,1,2021-11-04,0.0550432043935265,1,0.04015229853086764,15,1.25,0.75,garch,0.09758070212615667
2021-10-22,nq1s,1,2021-11-03,0.05141451013581899,1,0.04015229853086764,15,1.25,0.75,garch,0.0961171544504878
2021-10-25,nq1s,1,2021-11-04,0.05388574286571579,1,0.04015229853086764,15,1.25,0.75,garch,0.09148752482085815
2021-10-26,nq1s,1,2021-11-04,0.050546799614336946,1,0.04015229853086764,15,1.25,0.75,garch,0.08903457653457653
2021-10-27,nq1s,1,2021-11-17,0.0464642576463723,1,0.04015229853086764,15,1.25,0.75,garch,0.08681483447108448
2021-10-28,nq1s,1,2021-11-18,0.04544949967412637,1,0.04015229853086764,15,1.25,0.75,garch,0.08447108447108448
2021-10-29,nq1s,1,2021-11-19,0.04650061558851126,1,0.04015229853086764,15,1.25,0.75,garch,0.0826955162892663
2021-11-01,nq1s,1,2021-11-22,0.03068719820068644,1,0.04015229853086764,15,1.25,0.75,garch,0.08139343295593296
2021-11-02,nq1s,1,2021-11-23,0.02197509593599012,1,0.04015229853086764,15,1.25,0.75,garch,0.08009134962259962
2021-11-03,nq1s,1,2021-11-24,0.014646848215616792,1,0.04015229853086764,15,1.25,0.75,garch,0.07878926628926629
2021-11-04,nq1s,1,2021-11-26,-0.017130260398253827,0,0.04015229853086764,15,1.25,0.75,garch,0.07788782398157398
2021-11-05,nq1s,1,2021-11-29,0.0023850658188213636,1,0.04015229853086764,15,1.25,0.75,garch,0.07684615731490732
2021-11-08,nq1s,1,2021-11-30,-0.010855751711380979,0,0.04015229853086764,15,1.25,0.75,garch,0.07320032398157397
2021-11-09,nq1s,1,2021-12-01,-0.02115618880189174,0,0.04015229853086764,15,1.25,0.75,garch,0.0704225462037962
2021-11-10,nq1s,1,2021-12-02,0.000500610117852851,1,0.04015229853086764,15,1.25,0.75,garch,0.06985436438561438
2021-11-11,nq1s,1,2021-12-03,-0.019035433992304118,0,0.04015229853086764,15,1.25,0.75,garch,0.06985436438561439
2021-11-12,nq1s,1,2021-12-06,-0.02161461147782262,0,0.03916059946112875,15,1.25,0.75,garch,0.07245853105228106
2021-11-15,nq1s,1,2021-12-07,0.008046207780640247,1,0.03916059946112875,15,1.25,0.75,garch,0.07546333874458874
2021-11-16,nq1s,1,2021-12-03,-0.03576522552603534,0,0.03916059946112875,15,1.25,0.75,garch,0.06815268065268065
2021-11-17,nq1s,1,2021-12-03,-0.03640069889297859,0,0.03916059946112875,15,1.25,0.75,garch,0.06827651515151516
2021-11-18,nq1s,1,2021-12-01,-0.037102768296612076,0,0.03916059946112875,15,1.25,0.75,garch,0.06388888888888888
2021-11-19,nq1s,1,2021-11-26,-0.03161387631934143,0,0.03916059946112875,15,1.25,0.75,garch,0.0625
2021-11-22,nq1s,1,2021-12-01,-0.03126907581423333,0,0.03916059946112875,15,1.25,0.75,garch,0.06428571428571428
2021-11-23,nq1s,1,2021-12-03,-0.03643023540961898,0,0.03916059946112875,15,1.25,0.75,garch,0.07116477272727273
2021-11-24,nq1s,1,2021-12-01,-0.03032200904304605,0,0.03916059946112875,15,1.25,0.75,garch,0.06499999999999999
2021-11-26,nq1s,1,2021-12-17,-0.01635468976369092,0,0.03916059946112875,15,1.25,0.75,garch,0.08902824605949607
2021-11-29,nq1s,1,2021-12-01,-0.031786220886224514,0,0.03916059946112875,15,1.25,0.75,garch,0.06666666666666667
2021-11-30,nq1s,1,2021-12-20,-0.032739810527522395,0,0.03916059946112875,15,1.25,0.75,garch,0.09148055648055647
2021-12-01,nq1s,1,2021-12-22,0.018935568854903995,1,0.03916059946112875,15,1.25,0.75,garch,0.09086833305583306
2021-12-02,nq1s,1,2021-12-23,0.019451903708071816,1,0.03916059946112875,15,1.25,0.75,garch,0.0911659521034521
2021-12-03,nq1s,1,2021-12-27,0.053618671714904975,1,0.03916059946112875,15,1.25,0.75,garch,0.08994841963591964
2021-12-06,nq1s,1,2021-12-28,0.040760766833350504,1,0.03916059946112875,15,1.25,0.75,garch,0.08907429376179377
2021-12-07,nq1s,-1,2021-12-29,-0.010602568726571615,0,0.03916059946112875,15,1.25,0.75,garch,0.08606948606948607
2021-12-08,nq1s,1,2021-12-16,-0.032027737310235005,0,0.03916059946112875,15,1.25,0.75,garch,0.09410074052931197
2021-12-09,nq1s,-1,2021-12-31,-0.01068240196095438,0,0.03916059946112875,15,1.25,0.75,garch,0.0797164640914641
2021-12-10,nq1s,1,2021-12-17,-0.03314558553503888,0,0.03916059946112875,15,1.25,0.75,garch,0.08233710733710732
2021-12-13,nq1s,-1,2021-12-27,-0.029754687063509033,0,0.03916059946112875,15,1.25,0.75,garch,0.07621545121545122
2021-12-14,nq1s,-1,2022-01-05,0.009781908963880648,1,0.055356152468402274,15,1.25,0.75,garch,0.07337740384615385
2021-12-15,nq1s,-1,2022-01-06,0.03237393506760655,1,0.055356152468402274,15,1.25,0.75,garch,0.07263335622710623
2021-12-16,nq1s,1,2022-01-07,-0.01800935919502833,0,0.055356152468402274,15,1.25,0.75,garch,0.07228994963369964
2021-12-17,nq1s,1,2022-01-10,-0.01140106409908137,0,0.055356152468402274,15,1.25,0.75,garch,0.07350748210123209
2021-12-20,nq1s,1,2022-01-11,0.013427222534027505,1,0.055356152468402274,15,1.25,0.75,garch,0.07472501456876457
2021-12-21,nq1s,1,2022-01-12,-0.005804130162708976,0,0.055356152468402274,15,1.25,0.75,garch,0.07559914044289044
2021-12-22,nq1s,-1,2022-01-13,0.04202291315621698,1,0.055356152468402274,15,1.25,0.75,garch,0.07647326631701631
2021-12-23,nq1s,1,2022-01-07,-0.044051782318419,0,0.055356152468402274,15,1.25,0.75,garch,0.07168248418248417
2021-12-27,nq1s,-1,2022-01-18,0.08176328502451657,1,0.055356152468402274,15,1.25,0.75,garch,0.07843484640359641
2021-12-28,nq1s,1,2022-01-05,-0.04375909752595297,0,0.055356152468402274,15,1.25,0.75,garch,0.07182757718472003
2021-12-29,nq1s,1,2022-01-05,-0.04390406597775087,0,0.055356152468402274,15,1.25,0.75,garch,0.07097832722832723
2021-12-30,nq1s,1,2022-01-07,-0.05168819707600125,0,0.055356152468402274,15,1.25,0.75,garch,0.07025771847200417
2021-12-31,nq1s,1,2022-01-07,-0.04532573564365083,0,0.055356152468402274,15,1.25,0.75,garch,0.06914682539682539
2022-01-03,nq1s,-1,2022-01-18,0.07761366048977769,1,0.055356152468402274,15,1.25,0.75,garch,0.0801210153482881
2022-01-04,nq1s,-1,2022-01-19,0.07632520774756102,1,0.055356152468402274,15,1.25,0.75,garch,0.08189197166469896
2022-01-05,nq1s,-1,2022-01-21,0.08499032759291592,1,0.055356152468402274,15,1.25,0.75,garch,0.08542117604617605
2022-01-06,nq1s,-1,2022-01-21,0.08455485754165282,1,0.055356152468402274,15,1.25,0.75,garch,0.08750491932310114
2022-01-07,nq1s,1,2022-01-20,-0.04749374237834103,0,0.055356152468402274,15,1.25,0.75,garch,0.08790283790283791
2022-01-10,nq1s,1,2022-01-20,-0.04914146591541291,0,0.055356152468402274,15,1.25,0.75,garch,0.08996212121212122
2022-01-11,nq1s,-1,2022-01-21,0.08871833743935309,1,0.055356152468402274,15,1.25,0.75,garch,0.09109848484848485
2022-01-12,nq1s,-1,2022-01-21,0.09194479850155401,1,0.055356152468402274,15,1.25,0.75,garch,0.09112554112554112
2022-01-13,nq1s,-1,2022-01-21,0.06867222930533656,1,0.0478487344366026,15,1.25,0.75,garch,0.09116161616161617
2022-01-14,nq1s,-1,2022-01-21,0.07497234823615873,1,0.0478487344366026,15,1.25,0.75,garch,0.09121212121212122
2022-01-18,nq1s,-1,2022-01-25,0.07005458371649909,1,0.0478487344366026,15,1.25,0.75,garch,0.12196969696969696
2022-01-19,nq1s,-1,2022-01-27,0.06962783117646054,1,0.0478487344366026,15,1.25,0.75,garch,0.14502164502164505
2022-01-20,nq1s,1,2022-01-25,-0.04718347820167523,0,0.0478487344366026,15,1.25,0.75,garch,0.1393939393939394
2022-01-21,nq1s,1,2022-02-11,-0.01289294007516828,0,0.0478487344366026,15,1.25,0.75,garch,0.14699900793650794
2022-01-24,nq1s,1,2022-02-14,-0.01710226880944621,0,0.0478487344366026,15,1.25,0.75,garch,0.14699900793650794
2022-01-25,nq1s,1,2022-02-01,0.060392836306427444,1,0.0478487344366026,15,1.25,0.75,garch,0.16428571428571426
2022-01-26,nq1s,1,2022-02-02,0.06752127697202015,1,0.0478487344366026,15,1.25,0.75,garch,0.16428571428571428
2022-01-27,nq1s,1,2022-01-31,0.06565142009348457,1,0.0478487344366026,15,1.25,0.75,garch,0.15873015873015872
2022-01-28,nq1s,-1,2022-02-01,-0.038921222199131966,0,0.0478487344366026,15,1.25,0.75,garch,0.15079365079365079
2022-01-31,nq1s,-1,2022-02-18,0.06098624622601023,1,0.0478487344366026,15,1.25,0.75,garch,0.12114237614237615
2022-02-01,nq1s,-1,2022-02-18,0.06660664565970142,1,0.0478487344366026,15,1.25,0.75,garch,0.11959132137703567
2022-02-02,nq1s,-1,2022-02-17,0.0628370108178189,1,0.0478487344366026,15,1.25,0.75,garch,0.1200426887926888
2022-02-03,nq1s,-1,2022-02-09,-0.03767530921701012,0,0.0478487344366026,15,1.25,0.75,garch,0.1376984126984127
2022-02-04,nq1s,-1,2022-02-23,0.08021517823733593,1,0.0478487344366026,15,1.25,0.75,garch,0.1083999333999334
2022-02-08,nq1s,-1,2022-02-23,0.08327394889574946,1,0.0478487344366026,15,1.25,0.75,garch,0.10213498622589533
2022-02-09,nq1s,-1,2022-02-18,0.06930660149966172,1,0.0478487344366026,15,1.25,0.75,garch,0.09842171717171717
2022-02-10,nq1s,1,2022-02-17,-0.03647711040055235,0,0.0478487344366026,15,1.25,0.75,garch,0.09755892255892257
2022-02-11,nq1s,1,2022-02-23,-0.051472911766410556,0,0.0478487344366026,15,1.25,0.75,garch,0.09703282828282828
2022-02-14,nq1s,1,2022-03-07,-0.0654072826768517,0,0.08021631079368882,15,1.25,0.75,garch,0.10487086987086987
2022-02-15,nq1s,1,2022-02-23,-0.07543037064965341,0,0.08021631079368882,15,1.25,0.75,garch,0.09604377104377104
2022-02-16,nq1s,1,2022-02-23,-0.07482876712382613,0,0.08021631079368882,15,1.25,0.75,garch,0.09525252525252526
2022-02-17,nq1s,1,2022-03-08,-0.06337916306328018,0,0.08021631079368882,15,1.25,0.75,garch,0.1056202344663883
2022-02-18,nq1s,1,2022-03-14,-0.06791226064620648,0,0.08021631079368882,15,1.25,0.75,garch,0.10077023670773672
2022-02-22,nq1s,1,2022-03-15,-0.029698535237376422,0,0.08021631079368882,15,1.25,0.75,garch,0.10029675185925185
2022-02-23,nq1s,1,2022-03-16,0.032859830249079236,1,0.08021631079368882,15,1.25,0.75,garch,0.09856064074814075
2022-02-24,nq1s,1,2022-03-14,-0.06594350767964985,0,0.08021631079368882,15,1.25,0.75,garch,0.10079258348489116
2022-02-25,nq1s,1,2022-03-07,-0.06062903282640886,0,0.08021631079368882,15,1.25,0.75,garch,0.10430482216196503
2022-02-28,nq1s,1,2022-03-07,-0.06376511104852878,0,0.08021631079368882,15,1.25,0.75,garch,0.0978794353794354
2022-03-01,nq1s,1,2022-03-14,-0.06854450037503457,0,0.08021631079368882,15,1.25,0.75,garch,0.08757797757797758
2022-03-02,nq1s,-1,2022-03-23,-0.014706627002498474,0,0.08021631079368882,15,1.25,0.75,garch,0.08230415417915418
2022-03-03,nq1s,-1,2022-03-24,-0.05238215055300577,0,0.08021631079368882,15,1.25,0.75,garch,0.0808618464868465
2022-03-04,nq1s,1,2022-03-25,0.06630877316254935,1,0.08021631079368882,15,1.25,0.75,garch,0.08038836163836163
2022-03-07,nq1s,1,2022-03-24,0.10845468636046451,1,0.08021631079368882,15,1.25,0.75,garch,0.07996765139622282
2022-03-08,nq1s,1,2022-03-22,0.10467212953968907,1,0.08021631079368882,15,1.25,0.75,garch,0.08079798988889896
2022-03-09,nq1s,1,2022-03-29,0.10955803863574909,1,0.08021631079368882,15,1.25,0.75,garch,0.08061938061938059
2022-03-10,nq1s,1,2022-03-28,0.10311888965224725,1,0.08021631079368882,15,1.25,0.75,garch,0.07903634826711749
2022-03-11,nq1s,1,2022-03-22,0.1025944284227116,1,0.08021631079368882,15,1.25,0.75,garch,0.0779532967032967
2022-03-14,nq1s,1,2022-03-18,0.10499080036829689,1,0.08021631079368882,15,1.25,0.75,garch,0.07967032967032966
2022-03-15,nq1s,1,2022-03-28,0.11418640098155053,1,0.08021631079368882,15,1.25,0.75,garch,0.07957875457875459
2022-03-16,nq1s,1,2022-04-06,0.039821502177788126,1,0.0818265114852291,15,1.25,0.75,garch,0.07844525266400265
2022-03-17,nq1s,1,2022-04-07,0.03035565557935027,1,0.0818265114852291,15,1.25,0.75,garch,0.07714316933066934
2022-03-18,nq1s,1,2022-04-08,-0.006001318208322615,0,0.0818265114852291,15,1.25,0.75,garch,0.075841085997336
2022-03-21,nq1s,1,2022-04-11,-0.025781983925079133,0,0.0818265114852291,15,1.25,0.75,garch,0.07493964368964368
2022-03-22,nq1s,1,2022-04-12,-0.048382694144902705,0,0.0818265114852291,15,1.25,0.75,garch,0.07493964368964368
2022-03-23,nq1s,1,2022-04-13,-0.015608776908532795,0,0.0818265114852291,15,1.25,0.75,garch,0.07615717615717615
2022-03-24,nq1s,-1,2022-04-14,0.05892811785619534,1,0.0818265114852291,15,1.25,0.75,garch,0.07703130203130203
2022-03-25,nq1s,-1,2022-04-18,0.05746912220668288,1,0.0818265114852291,15,1.25,0.75,garch,0.07847360972360971
2022-03-28,nq1s,-1,2022-04-19,0.051250396223264105,1,0.0818265114852291,15,1.25,0.75,garch,0.07951527639027639
2022-03-29,nq1s,1,2022-04-11,-0.08122918409859237,0,0.0818265114852291,15,1.25,0.75,garch,0.07301698301698302
2022-03-30,nq1s,1,2022-04-11,-0.07109444978936774,0,0.0818265114852291,15,1.25,0.75,garch,0.07102897102897103
2022-03-31,nq1s,1,2022-04-12,-0.06212694409370134,0,0.0818265114852291,15,1.25,0.75,garch,0.06947496947496948
2022-04-01,nq1s,1,2022-04-12,-0.06181145404021804,0,0.0818265114852291,15,1.25,0.75,garch,0.067742673992674
2022-04-04,nq1s,1,2022-04-11,-0.07677596979738766,0,0.0818265114852291,15,1.25,0.75,garch,0.06468253968253969
2022-04-05,nq1s,1,2022-04-14,-0.06300579983829202,0,0.0818265114852291,15,1.25,0.75,garch,0.07192599067599068
2022-04-06,nq1s,1,2022-04-22,-0.07940228537978278,0,0.0818265114852291,15,1.25,0.75,garch,0.08191530691530692
2022-04-07,nq1s,1,2022-04-22,-0.08134975233873942,0,0.0818265114852291,15,1.25,0.75,garch,0.08368033481669845
2022-04-08,nq1s,1,2022-04-22,-0.06794862846393501,0,0.0818265114852291,15,1.25,0.75,garch,0.08579836829836832
2022-04-11,nq1s,1,2022-04-26,-0.07028571428563679,0,0.0818265114852291,15,1.25,0.75,garch,0.08967207035388854
2022-04-12,nq1s,1,2022-04-26,-0.06661885980666937,0,0.0818265114852291,15,1.25,0.75,garch,0.0923892773892774
2022-04-13,nq1s,-1,2022-05-05,0.09587596245175856,1,0.0818265114852291,15,1.25,0.75,garch,0.09197399822399822
2022-04-14,nq1s,-1,2022-05-06,0.08622582096227338,1,0.06155538196834267,15,1.25,0.75,garch,0.09075646575646576
2022-04-18,nq1s,-1,2022-05-06,0.08714565619871806,1,0.06155538196834267,15,1.25,0.75,garch,0.09074629074629073
2022-04-19,nq1s,-1,2022-04-26,0.08449242997023887,1,0.06155538196834267,15,1.25,0.75,garch,0.0941919191919192
2022-04-20,nq1s,-1,2022-04-29,0.08231135864607175,1,0.06155538196834267,15,1.25,0.75,garch,0.09589646464646465
2022-04-21,nq1s,-1,2022-05-09,0.11177681059132805,1,0.06155538196834267,15,1.25,0.75,garch,0.08804059188674573
2022-04-22,nq1s,1,2022-05-06,-0.04925674916645095,0,0.06155538196834267,15,1.25,0.75,garch,0.08820775184411547
2022-04-25,nq1s,-1,2022-05-09,0.09914485713755572,1,0.06155538196834267,15,1.25,0.75,garch,0.08820775184411549
2022-04-26,nq1s,1,2022-05-09,-0.06317224953913014,0,0.06155538196834267,15,1.25,0.75,garch,0.08702852702852702
2022-04-27,nq1s,1,2022-05-09,-0.0626681528172579,0,0.06155538196834267,15,1.25,0.75,garch,0.08659735326401993
2022-04-28,nq1s,-1,2022-05-09,0.0937215481519248,1,0.06155538196834267,15,1.25,0.75,garch,0.08353313353313355
2022-04-29,nq1s,1,2022-05-09,-0.051217709305735215,0,0.06155538196834267,15,1.25,0.75,garch,0.0811807240378669
2022-05-02,nq1s,-1,2022-05-11,0.08439149391852885,1,0.06155538196834267,15,1.25,0.75,garch,0.09835997335997336
2022-05-03,nq1s,-1,2022-05-11,0.08540592168120609,1,0.06155538196834267,15,1.25,0.75,garch,0.09942438513867084
2022-05-04,nq1s,-1,2022-05-09,0.09884526558887963,1,0.06155538196834267,15,1.25,0.75,garch,0.07577838827838827
2022-05-05,nq1s,-1,2022-05-20,0.07911417016573963,1,0.06155538196834267,15,1.25,0.75,garch,0.1129659692159692
2022-05-06,nq1s,-1,2022-05-27,0.001417797294418932,1,0.06155538196834267,15,1.25,0.75,garch,0.1047565281940282
2022-05-09,nq1s,-1,2022-05-31,-0.03712967708857717,0,0.06155538196834267,15,1.25,0.75,garch,0.10475652819402818
2022-05-10,nq1s,1,2022-05-24,-0.046805409345329396,0,0.06155538196834267,15,1.25,0.75,garch,0.11724159678705132
2022-05-11,nq1s,1,2022-06-02,0.07719459470761025,1,0.06155538196834267,15,1.25,0.75,garch,0.09840350621600621
2022-05-12,nq1s,1,2022-06-02,0.07922325221304227,1,0.06155538196834267,15,1.25,0.75,garch,0.09543993043993043
2022-05-13,nq1s,1,2022-05-24,-0.0494034039288761,0,0.06155538196834267,15,1.25,0.75,garch,0.10168338605838606
2022-05-16,nq1s,1,2022-06-07,0.03811837726391931,1,0.09908000729627785,15,1.25,0.75,garch,0.08356834138084138
2022-05-17,nq1s,1,2022-06-08,0.004418701856851781,1,0.09908000729627785,15,1.25,0.75,garch,0.07992250804750804
2022-05-18,nq1s,1,2022-06-09,0.028444556155760914,1,0.09908000729627785,15,1.25,0.75,garch,0.07744234931734931
2022-05-19,nq1s,1,2022-06-10,-0.0032201713210873173,0,0.09908000729627785,15,1.25,0.75,garch,0.07600004162504162
2022-05-20,nq1s,1,2022-06-13,-0.045964149230200424,0,0.09908000729627785,15,1.25,0.75,garch,0.07600004162504162
2022-05-23,nq1s,1,2022-06-14,-0.05980781432452853,0,0.09908000729627785,15,1.25,0.75,garch,0.09162504162504162
2022-05-24,nq1s,1,2022-06-15,-0.014767234377908833,0,0.09908000729627785,15,1.25,0.75,garch,0.11766670829170829
2022-05-25,nq1s,1,2022-06-16,-0.06828981777802468,0,0.09908000729627785,15,1.25,0.75,garch,0.175359015984016
2022-05-26,nq1s,1,2022-06-13,-0.08003338966125151,0,0.09908000729627785,15,1.25,0.75,garch,0.07408979908979908
2022-05-27,nq1s,1,2022-06-13,-0.10895072075089896,0,0.09908000729627785,15,1.25,0.75,garch,0.07383222837768291
2022-05-31,nq1s,1,2022-06-13,-0.10674890285803529,0,0.09908000729627785,15,1.25,0.75,garch,0.07407259407259406
2022-06-02,nq1s,1,2022-06-10,-0.08172564226813717,0,0.09908000729627785,15,1.25,0.75,garch,0.07163788592360021
2022-06-03,nq1s,1,2022-06-13,-0.09995219504404185,0,0.09908000729627785,15,1.25,0.75,garch,0.07442081727796013
2022-06-06,nq1s,1,2022-06-13,-0.10380801269333151,0,0.09908000729627785,15,1.25,0.75,garch,0.074003774003774
2022-06-07,nq1s,1,2022-06-13,-0.11131652440662809,0,0.09908000729627785,15,1.25,0.75,garch,0.07451881451881452
2022-06-08,nq1s,1,2022-06-13,-0.10457166636872162,0,0.09908000729627785,15,1.25,0.75,garch,0.07648185148185149
2020-01-03,fesx1s,-1,2020-01-17,-0.01092168353815981,0,0.028927355728063216,10,2.0,1.25,garch,0.2745343040797586
2020-01-06,fesx1s,1,2020-01-20,0.013640010698167782,1,0.028927355728063216,10,2.0,1.25,garch,0.19188967598058507
2020-01-07,fesx1s,1,2020-01-21,0.007466666666133603,1,0.028927355728063216,10,2.0,1.25,garch,0.15469959333595693
2020-01-08,fesx1s,1,2020-01-22,-0.0005317734655526651,0,0.028927355728063216,10,2.0,1.25,garch,0.132661025842844
2020-01-09,fesx1s,-1,2020-01-23,0.014542570069064231,1,0.028927355728063216,10,2.0,1.25,garch,0.11819821592548863
2020-01-10,fesx1s,-1,2020-01-24,0.003439153438372089,1,0.028927355728063216,10,2.0,1.25,garch,0.10828086055358782
2020-01-13,fesx1s,1,2020-01-27,-0.02470775770579814,0,0.026113783368414408,10,2.0,1.25,garch,0.10139380821199002
2020-01-14,fesx1s,1,2020-01-28,-0.014088250929640722,0,0.026113783368414408,10,2.0,1.25,garch,0.09749770431588614
2020-01-15,fesx1s,1,2020-01-29,-0.006922257721306058,0,0.026113783368414408,10,2.0,1.25,garch,0.09522497704315885
2020-01-16,fesx1s,1,2020-01-30,-0.022062732588860268,0,0.026113783368414408,10,2.0,1.25,garch,0.09421487603305785
2020-01-17,fesx1s,1,2020-01-27,-0.0326745718054029,0,0.026113783368414408,10,2.0,1.25,garch,0.09090909090909093
2020-01-20,fesx1s,1,2020-01-31,-0.03984168865555093,0,0.026113783368414408,10,2.0,1.25,garch,0.09454545454545454
2020-01-21,fesx1s,-1,2020-02-04,0.014822657491578517,1,0.026113783368414408,10,2.0,1.25,garch,0.09687786960514234
2020-01-22,fesx1s,-1,2020-02-05,-0.0029263101889458465,0,0.026113783368414408,10,2.0,1.25,garch,0.09770431588613407
2020-01-23,fesx1s,-1,2020-02-06,-0.019318486718270522,0,0.026113783368414408,10,2.0,1.25,garch,0.09853076216712581
2020-01-24,fesx1s,1,2020-01-31,-0.03397929386837739,0,0.026113783368414408,10,2.0,1.25,garch,0.09696969696969697
2020-01-27,fesx1s,1,2020-02-10,0.032143830020162634,1,0.026113783368414408,10,2.0,1.25,garch,0.09935720844811753
2020-01-28,fesx1s,-1,2020-02-11,-0.03127527635480232,0,0.026113783368414408,10,2.0,1.25,garch,0.09935720844811753
2020-01-29,fesx1s,1,2020-02-12,0.03136729222573198,1,0.026113783368414408,10,2.0,1.25,garch,0.09935720844811756
2020-01-30,fesx1s,-1,2020-02-11,-0.039684696929057406,0,0.026113783368414408,10,2.0,1.25,garch,0.09921436588103255
2020-01-31,fesx1s,1,2020-02-12,0.05715856004472908,1,0.026113783368414408,10,2.0,1.25,garch,0.09921436588103255
2020-02-03,fesx1s,1,2020-02-12,0.05281882868137,1,0.026113783368414408,10,2.0,1.25,garch,0.09911616161616162
2020-02-04,fesx1s,1,2020-02-18,0.028747984955332706,1,0.026113783368414408,10,2.0,1.25,garch,0.10080348943985308
2020-02-05,fesx1s,1,2020-02-19,0.023607427056749453,1,0.026113783368414408,10,2.0,1.25,garch,0.09997704315886134
2020-02-06,fesx1s,-1,2020-02-20,-0.00947617794143385,0,0.026113783368414408,10,2.0,1.25,garch,0.0991505968778696
2020-02-07,fesx1s,-1,2020-02-21,-0.00026364355254959726,0,0.026113783368414408,10,2.0,1.25,garch,0.09832415059687788
2020-02-10,fesx1s,-1,2020-02-24,0.03800475059328634,1,0.026113783368414408,10,2.0,1.25,garch,0.09749770431588614
2020-02-11,fesx1s,1,2020-02-24,-0.0470588235287519,0,0.032908459576031494,10,2.0,1.25,garch,0.09815656565656566
2020-02-12,fesx1s,1,2020-02-24,-0.05250844814087252,0,0.032908459576031494,10,2.0,1.25,garch,0.0989618406285073
2020-02-13,fesx1s,1,2020-02-24,-0.04979144942588831,0,0.032908459576031494,10,2.0,1.25,garch,0.0988320707070707
2020-02-14,fesx1s,1,2020-02-24,-0.05003909304132936,0,0.032908459576031494,10,2.0,1.25,garch,0.0950937950937951
2020-02-17,fesx1s,1,2020-02-24,-0.053000779421901845,0,0.032908459576031494,10,2.0,1.25,garch,0.09242424242424245
2020-02-18,fesx1s,1,2020-02-24,-0.048054322276881445,0,0.032908459576031494,10,2.0,1.25,garch,0.09090909090909091
2020-02-19,fesx1s,1,2020-02-24,-0.05545478103136259,0,0.032908459576031494,10,2.0,1.25,garch,0.09090909090909091
2020-02-20,fesx1s,1,2020-02-24,-0.04954367666123405,0,0.032908459576031494,10,2.0,1.25,garch,0.0909090909090909
2020-02-21,fesx1s,1,2020-02-25,-0.058777016340724075,0,0.032908459576031494,10,2.0,1.25,garch,0.1717171717171717
2020-02-24,fesx1s,1,2020-02-27,-0.05157750343099421,0,0.032908459576031494,10,2.0,1.25,garch,0.2518939393939394
2020-02-25,fesx1s,1,2020-02-28,-0.07196863623612637,0,0.032908459576031494,10,2.0,1.25,garch,0.29166666666666663
2020-02-26,fesx1s,1,2020-02-28,-0.07274762171182514,0,0.032908459576031494,10,2.0,1.25,garch,0.27777777777777773
2020-02-27,fesx1s,1,2020-02-28,-0.04136534567432937,0,0.032908459576031494,10,2.0,1.25,garch,0.25
2020-02-28,fesx1s,1,2020-03-09,-0.10229330114772095,0,0.032908459576031494,10,2.0,1.25,garch,0.26666666666666666
2020-03-02,fesx1s,1,2020-03-09,-0.109014675053273,0,0.032908459576031494,10,2.0,1.25,garch,0.26944444444444443
2020-03-03,fesx1s,1,2020-03-09,-0.11299940369819628,0,0.032908459576031494,10,2.0,1.25,garch,0.2233333333333333
2020-03-04,fesx1s,1,2020-03-06,-0.05218411023182423,0,0.032908459576031494,10,2.0,1.25,garch,0.20555555555555557
2020-03-05,fesx1s,1,2020-03-09,-0.11642411642445194,0,0.032908459576031494,10,2.0,1.25,garch,0.17777777777777778
2020-03-06,fesx1s,1,2020-03-09,-0.07980204144797765,0,0.032908459576031494,10,2.0,1.25,garch,0.16666666666666666
2020-03-09,fesx1s,1,2020-03-12,-0.137142857141882,0,0.032908459576031494,10,2.0,1.25,garch,0.3125
2020-03-10,fesx1s,1,2020-03-12,-0.11908030198975461,0,0.032908459576031494,10,2.0,1.25,garch,0.3611111111111111
2020-03-11,fesx1s,1,2020-03-16,-0.1641326883206088,0,0.0973873987169521,10,2.0,1.25,garch,0.29166666666666663
2020-03-12,fesx1s,1,2020-03-26,0.10172111166075992,1,0.0973873987169521,10,2.0,1.25,garch,0.18362521317066774
2020-03-13,fesx1s,1,2020-03-27,0.06143834895072575,1,0.0973873987169521,10,2.0,1.25,garch,0.16998884953430407
2020-03-16,fesx1s,1,2020-03-30,0.14466469843986474,1,0.0973873987169521,10,2.0,1.25,garch,0.1487767283221829
2020-03-17,fesx1s,1,2020-03-31,0.12351738241363885,1,0.0973873987169521,10,2.0,1.25,garch,0.13514036468581925
2020-03-18,fesx1s,1,2020-03-26,0.19792566983751536,1,0.0973873987169521,10,2.0,1.25,garch,0.1337920016491445
2020-03-19,fesx1s,1,2020-04-02,0.11087778244588176,1,0.0973873987169521,10,2.0,1.25,garch,0.11158664567755477
2020-03-20,fesx1s,1,2020-04-03,0.07076047173573063,1,0.0973873987169521,10,2.0,1.25,garch,0.10469959333595696
2020-03-23,fesx1s,1,2020-04-06,0.1527893422158717,1,0.0973873987169521,10,2.0,1.25,garch,0.09997704315886134
2020-03-24,fesx1s,1,2020-04-07,0.07094081942273234,1,0.0973873987169521,10,2.0,1.25,garch,0.09687786960514234
2020-03-25,fesx1s,1,2020-04-08,0.031571218795646505,1,0.0973873987169521,10,2.0,1.25,garch,0.09504132231404959
2020-03-26,fesx1s,1,2020-04-09,0.02994227994103027,1,0.0973873987169521,10,2.0,1.25,garch,0.09421487603305785
2020-03-27,fesx1s,1,2020-04-14,0.08703843255524557,1,0.0973873987169521,10,2.0,1.25,garch,0.09421487603305785
2020-03-30,fesx1s,1,2020-04-15,0.020265291082016912,1,0.0973873987169521,10,2.0,1.25,garch,0.09338842975206613
2020-03-31,fesx1s,1,2020-04-16,0.014197306152425204,1,0.0973873987169521,10,2.0,1.25,garch,0.09256198347107439
2020-04-01,fesx1s,1,2020-04-17,0.08057772710098865,1,0.0973873987169521,10,2.0,1.25,garch,0.09173553719008264
2020-04-02,fesx1s,1,2020-04-20,0.08393194706990226,1,0.0973873987169521,10,2.0,1.25,garch,0.09090909090909091
2020-04-03,fesx1s,1,2020-04-21,0.046714774022255545,1,0.0973873987169521,10,2.0,1.25,garch,0.09090909090909091
2020-04-06,fesx1s,-1,2020-04-22,-0.01119537739353782,0,0.0973873987169521,10,2.0,1.25,garch,0.09090909090909091
2020-04-07,fesx1s,-1,2020-04-23,-0.0003542330865222709,0,0.0973873987169521,10,2.0,1.25,garch,0.09090909090909091
2020-04-08,fesx1s,1,2020-04-24,-0.013167259786901253,0,0.0973873987169521,10,2.0,1.25,garch,0.09090909090909091
2020-04-09,fesx1s,-1,2020-04-27,0.00455341506137763,1,0.09174638902472586,10,2.0,1.25,garch,0.09090909090909091
2020-04-14,fesx1s,-1,2020-04-28,-0.002772963604155576,0,0.09174638902472586,10,2.0,1.25,garch,0.09090909090909091
2020-04-15,fesx1s,1,2020-04-29,0.07114481762475688,1,0.09174638902472586,10,2.0,1.25,garch,0.09090909090909091
2020-04-16,fesx1s,1,2020-04-30,0.03625269203127113,1,0.09174638902472586,10,2.0,1.25,garch,0.09090909090909091
2020-04-17,fesx1s,-1,2020-05-04,0.020049243757692126,1,0.09174638902472586,10,2.0,1.25,garch,0.09090909090909091
2020-04-20,fesx1s,-1,2020-05-05,0.005231949773180755,1,0.09174638902472586,10,2.0,1.25,garch,0.09090909090909091
2020-04-21,fesx1s,1,2020-05-06,0.023222060957149626,1,0.09174638902472586,10,2.0,1.25,garch,0.09090909090909091
2020-04-22,fesx1s,1,2020-05-07,0.021785714283961033,1,0.09174638902472586,10,2.0,1.25,garch,0.09090909090909091
2020-04-23,fesx1s,1,2020-05-08,0.023725212462305745,1,0.09174638902472586,10,2.0,1.25,garch,0.09090909090909091
2020-04-24,fesx1s,-1,2020-05-11,-0.03389830508633107,0,0.09174638902472586,10,2.0,1.25,garch,0.09090909090909091
2020-04-27,fesx1s,1,2020-05-12,0.010555946516348502,1,0.09174638902472586,10,2.0,1.25,garch,0.09090909090909091
2020-04-28,fesx1s,-1,2020-05-13,0.035257518145679234,1,0.09174638902472586,10,2.0,1.25,garch,0.09090909090909091
2020-04-29,fesx1s,-1,2020-05-14,0.07754551584791802,1,0.09174638902472586,10,2.0,1.25,garch,0.09090909090909091
2020-04-30,fesx1s,-1,2020-05-15,0.04641496363054165,1,0.09174638902472586,10,2.0,1.25,garch,0.09090909090909091
2020-05-04,fesx1s,1,2020-05-18,0.04235463029373654,1,0.09174638902472586,10,2.0,1.25,garch,0.09090909090909091
2020-05-05,fesx1s,-1,2020-05-19,-0.015077138849799665,0,0.09174638902472586,10,2.0,1.25,garch,0.09090909090909091
2020-05-06,fesx1s,-1,2020-05-20,-0.04078014184491918,0,0.09174638902472586,10,2.0,1.25,garch,0.09090909090909091
2020-05-07,fesx1s,-1,2020-05-21,-0.010835372248419795,0,0.09174638902472586,10,2.0,1.25,garch,0.09090909090909091
2020-05-08,fesx1s,-1,2020-05-22,-0.00207540643566384,0,0.09174638902472586,10,2.0,1.25,garch,0.09090909090909091
2020-05-11,fesx1s,1,2020-05-25,0.03139169863908409,1,0.09174638902472586,10,2.0,1.25,garch,0.09090909090909091
2020-05-12,fesx1s,1,2020-05-26,0.042479108636622076,1,0.09174638902472586,10,2.0,1.25,garch,0.09173553719008266
2020-05-13,fesx1s,1,2020-05-27,0.08849874596819696,1,0.05362212019802712,10,2.0,1.25,garch,0.09256198347107439
2020-05-14,fesx1s,1,2020-05-27,0.11038011695953243,1,0.05362212019802712,10,2.0,1.25,garch,0.09272727272727273
2020-05-15,fesx1s,-1,2020-05-25,-0.07410098075005944,0,0.05362212019802712,10,2.0,1.25,garch,0.09090909090909093
2020-05-18,fesx1s,-1,2020-06-01,-0.06646005509783826,0,0.05362212019802712,10,2.0,1.25,garch,0.09706152433425162
2020-05-19,fesx1s,-1,2020-05-28,-0.06804835923858987,0,0.05362212019802712,10,2.0,1.25,garch,0.09570707070707071
2020-05-20,fesx1s,1,2020-06-03,0.11107325383372224,1,0.05362212019802712,10,2.0,1.25,garch,0.09788797061524333
2020-05-21,fesx1s,1,2020-06-03,0.12759336099640883,1,0.05362212019802712,10,2.0,1.25,garch,0.09858585858585858
2020-05-22,fesx1s,1,2020-06-03,0.12564722126306105,1,0.05362212019802712,10,2.0,1.25,garch,0.09943883277216611
2020-05-25,fesx1s,1,2020-06-05,0.14338856949546908,1,0.05362212019802712,10,2.0,1.25,garch,0.11135642135642136
2020-05-26,fesx1s,-1,2020-06-03,-0.08917835671311947,0,0.05362212019802712,10,2.0,1.25,garch,0.10187590187590188
2020-05-27,fesx1s,-1,2020-06-03,-0.07340355497152662,0,0.05362212019802712,10,2.0,1.25,garch,0.10218855218855218
2020-05-28,fesx1s,-1,2020-06-05,-0.09346701164323323,0,0.05362212019802712,10,2.0,1.25,garch,0.11752216037930323
2020-05-29,fesx1s,-1,2020-06-03,-0.07058437294998399,0,0.05362212019802712,10,2.0,1.25,garch,0.10050505050505051
2020-06-01,fesx1s,-1,2020-06-05,-0.09170164675441561,0,0.05362212019802712,10,2.0,1.25,garch,0.12008658008658006
2020-06-02,fesx1s,1,2020-06-16,0.03048588103195793,1,0.05362212019802712,10,2.0,1.25,garch,0.13247081201626656
2020-06-03,fesx1s,1,2020-06-17,0.0006323452425325282,1,0.05362212019802712,10,2.0,1.25,garch,0.1324708120162666
2020-06-04,fesx1s,1,2020-06-18,-0.002176480190527519,0,0.05362212019802712,10,2.0,1.25,garch,0.13329725829725833
2020-06-05,fesx1s,-1,2020-06-19,0.03190011652914626,1,0.05362212019802712,10,2.0,1.25,garch,0.12723665223665226
2020-06-08,fesx1s,1,2020-06-12,-0.06743909685156935,0,0.05362212019802712,10,2.0,1.25,garch,0.14912698412698414
2020-06-09,fesx1s,-1,2020-06-23,0.002878346655593056,1,0.05362212019802712,10,2.0,1.25,garch,0.11342319296864752
2020-06-10,fesx1s,1,2020-06-24,-0.02832715754518511,0,0.05362212019802712,10,2.0,1.25,garch,0.1065361406270497
2020-06-11,fesx1s,1,2020-06-25,0.02627789306624595,1,0.05582459986202504,10,2.0,1.25,garch,0.10181359044995407
2020-06-12,fesx1s,1,2020-06-26,0.022176006910541002,1,0.05582459986202504,10,2.0,1.25,garch,0.09871441689623507
2020-06-15,fesx1s,1,2020-06-29,0.03634609199095218,1,0.05582459986202504,10,2.0,1.25,garch,0.09687786960514234
2020-06-16,fesx1s,1,2020-06-30,0.0028002489111838003,1,0.05582459986202504,10,2.0,1.25,garch,0.09504132231404959
2020-06-17,fesx1s,1,2020-07-01,-0.009579728059908477,0,0.05582459986202504,10,2.0,1.25,garch,0.09421487603305785
2020-06-18,fesx1s,-1,2020-07-02,-0.025473749613220686,0,0.05582459986202504,10,2.0,1.25,garch,0.09338842975206613
2020-06-19,fesx1s,-1,2020-07-03,-0.007701786815002887,0,0.05582459986202504,10,2.0,1.25,garch,0.09256198347107439
2020-06-22,fesx1s,-1,2020-07-06,-0.038569206843096504,0,0.05582459986202504,10,2.0,1.25,garch,0.09173553719008264
2020-06-23,fesx1s,-1,2020-07-07,-0.009140767822921392,0,0.05582459986202504,10,2.0,1.25,garch,0.09090909090909091
2020-06-24,fesx1s,1,2020-07-08,0.03020767778436695,1,0.05582459986202504,10,2.0,1.25,garch,0.09090909090909091
2020-06-25,fesx1s,1,2020-07-09,0.013092269327477535,1,0.05582459986202504,10,2.0,1.25,garch,0.09090909090909091
2020-06-26,fesx1s,1,2020-07-10,0.032369578880931504,1,0.05582459986202504,10,2.0,1.25,garch,0.09090909090909091
2020-06-29,fesx1s,-1,2020-07-13,-0.03755431409073817,0,0.05582459986202504,10,2.0,1.25,garch,0.09090909090909091
2020-06-30,fesx1s,-1,2020-07-14,-0.025131864723826114,0,0.05582459986202504,10,2.0,1.25,garch,0.09090909090909091
2020-07-01,fesx1s,1,2020-07-15,0.053042121685919597,1,0.05582459986202504,10,2.0,1.25,garch,0.09090909090909091
2020-07-02,fesx1s,-1,2020-07-16,-0.017267494697488672,0,0.05582459986202504,10,2.0,1.25,garch,0.09090909090909091
2020-07-03,fesx1s,1,2020-07-17,0.02690308774022787,1,0.05582459986202504,10,2.0,1.25,garch,0.09090909090909091
2020-07-06,fesx1s,-1,2020-07-20,-0.013477088949600757,0,0.05582459986202504,10,2.0,1.25,garch,0.09090909090909091
2020-07-07,fesx1s,-1,2020-07-21,-0.025966183576459523,0,0.05582459986202504,10,2.0,1.25,garch,0.09090909090909091
2020-07-08,fesx1s,-1,2020-07-22,-0.026878436163188857,0,0.05582459986202504,10,2.0,1.25,garch,0.09090909090909091
2020-07-09,fesx1s,1,2020-07-23,0.03569230769230658,1,0.05582459986202504,10,2.0,1.25,garch,0.09090909090909091
2020-07-10,fesx1s,-1,2020-07-24,-0.0051750380520569905,0,0.04563071769315756,10,2.0,1.25,garch,0.09090909090909091
2020-07-13,fesx1s,-1,2020-07-27,0.013161830689710552,1,0.04563071769315756,10,2.0,1.25,garch,0.09090909090909091
2020-07-14,fesx1s,-1,2020-07-28,0.0009079903148234703,1,0.04563071769315756,10,2.0,1.25,garch,0.09090909090909091
2020-07-15,fesx1s,-1,2020-07-29,0.022814814814117956,1,0.04563071769315756,10,2.0,1.25,garch,0.09090909090909091
2020-07-16,fesx1s,-1,2020-07-30,0.04943418701697855,1,0.04563071769315756,10,2.0,1.25,garch,0.09090909090909091
2020-07-17,fesx1s,-1,2020-07-31,0.05239654659025306,1,0.04563071769315756,10,2.0,1.25,garch,0.09090909090909091
2020-07-20,fesx1s,-1,2020-08-03,0.040189125295848394,1,0.04563071769315756,10,2.0,1.25,garch,0.09090909090909091
2020-07-21,fesx1s,-1,2020-08-04,0.044732195409672215,1,0.04563071769315756,10,2.0,1.25,garch,0.09090909090909091
2020-07-22,fesx1s,-1,2020-08-05,0.03004164187956726,1,0.04563071769315756,10,2.0,1.25,garch,0.09090909090909091
2020-07-23,fesx1s,-1,2020-08-06,0.03832442067759212,1,0.04563071769315756,10,2.0,1.25,garch,0.09090909090909091
2020-07-24,fesx1s,-1,2020-08-07,0.01817080557345152,1,0.04563071769315756,10,2.0,1.25,garch,0.09090909090909091
2020-07-27,fesx1s,-1,2020-08-10,0.013943619279391917,1,0.04563071769315756,10,2.0,1.25,garch,0.09090909090909091
2020-07-28,fesx1s,-1,2020-08-11,-0.007573462585435564,0,0.04563071769315756,10,2.0,1.25,garch,0.09090909090909091
2020-07-29,fesx1s,-1,2020-08-12,-0.019405700423537287,0,0.04563071769315756,10,2.0,1.25,garch,0.09090909090909091
2020-07-30,fesx1s,1,2020-08-13,0.047619047619773536,1,0.04563071769315756,10,2.0,1.25,garch,0.09090909090909091
2020-07-31,fesx1s,1,2020-08-14,0.038014451775112645,1,0.04563071769315756,10,2.0,1.25,garch,0.09090909090909091
2020-08-03,fesx1s,-1,2020-08-17,-0.017857142856072983,0,0.04563071769315756,10,2.0,1.25,garch,0.09090909090909091
2020-08-04,fesx1s,-1,2020-08-18,-0.009550215650603544,0,0.04563071769315756,10,2.0,1.25,garch,0.09090909090909091
2020-08-05,fesx1s,-1,2020-08-19,-0.015639374423825014,0,0.04563071769315756,10,2.0,1.25,garch,0.09090909090909091
2020-08-06,fesx1s,-1,2020-08-20,-0.010503552672858962,0,0.04563071769315756,10,2.0,1.25,garch,0.09090909090909091
2020-08-07,fesx1s,-1,2020-08-21,-0.0024676125849723007,0,0.04563071769315756,10,2.0,1.25,garch,0.09090909090909091
2020-08-10,fesx1s,-1,2020-08-24,-0.02305564094606094,0,0.037524922681736544,10,2.0,1.25,garch,0.09090909090909091
2020-08-11,fesx1s,-1,2020-08-25,-0.0009019843656590254,0,0.037524922681736544,10,2.0,1.25,garch,0.09090909090909091
2020-08-12,fesx1s,-1,2020-08-26,0.00297441998828063,1,0.037524922681736544,10,2.0,1.25,garch,0.09090909090909091
2020-08-13,fesx1s,-1,2020-08-27,0.005980861244379687,1,0.037524922681736544,10,2.0,1.25,garch,0.09090909090909091
2020-08-14,fesx1s,1,2020-08-28,0.002723970942366538,1,0.037524922681736544,10,2.0,1.25,garch,0.09090909090909091
2020-08-17,fesx1s,1,2020-08-31,-0.012401693888550835,0,0.037524922681736544,10,2.0,1.25,garch,0.09090909090909091
2020-08-18,fesx1s,1,2020-09-01,-0.0018309429357206142,0,0.037524922681736544,10,2.0,1.25,garch,0.09090909090909091
2020-08-19,fesx1s,1,2020-09-02,0.004830917874690144,1,0.037524922681736544,10,2.0,1.25,garch,0.09090909090909091
2020-08-20,fesx1s,1,2020-09-03,0.0067257719355882095,1,0.037524922681736544,10,2.0,1.25,garch,0.09090909090909091
2020-08-21,fesx1s,1,2020-09-04,-0.0009230769231322045,0,0.037524922681736544,10,2.0,1.25,garch,0.09090909090909091
2020-08-24,fesx1s,1,2020-09-07,-0.005709134615730416,0,0.037524922681736544,10,2.0,1.25,garch,0.09090909090909091
2020-08-25,fesx1s,1,2020-09-08,-0.018323820966279047,0,0.037524922681736544,10,2.0,1.25,garch,0.09090909090909091
2020-08-26,fesx1s,-1,2020-09-09,0.006861575179410329,1,0.037524922681736544,10,2.0,1.25,garch,0.09090909090909091
2020-08-27,fesx1s,-1,2020-09-10,0.0027075812276010636,1,0.037524922681736544,10,2.0,1.25,garch,0.09090909090909091
2020-08-28,fesx1s,-1,2020-09-11,-0.002414729852244779,0,0.037524922681736544,10,2.0,1.25,garch,0.09090909090909091
2020-08-31,fesx1s,1,2020-09-14,0.016539050534844835,1,0.037524922681736544,10,2.0,1.25,garch,0.09090909090909091
2020-09-01,fesx1s,1,2020-09-15,0.019583631508353516,1,0.037524922681736544,10,2.0,1.25,garch,0.09090909090909091
2020-09-02,fesx1s,-1,2020-09-16,-0.001517668668997496,0,0.037524922681736544,10,2.0,1.25,garch,0.09090909090909091
2020-09-03,fesx1s,1,2020-09-17,0.008200312379758268,1,0.037524922681736544,10,2.0,1.25,garch,0.09090909090909091
2020-09-04,fesx1s,-1,2020-09-18,-0.013828773023530472,0,0.037524922681736544,10,2.0,1.25,garch,0.09090909090909091
2020-09-07,fesx1s,-1,2020-09-21,0.047326188766140365,1,0.037524922681736544,10,2.0,1.25,garch,0.09090909090909091
2020-09-08,fesx1s,-1,2020-09-22,0.02861766461857118,1,0.040587068963299305,10,2.0,1.25,garch,0.09090909090909091
2020-09-09,fesx1s,-1,2020-09-23,0.044306736948443004,1,0.040587068963299305,10,2.0,1.25,garch,0.09090909090909091
2020-09-10,fesx1s,-1,2020-09-24,0.04723396278446579,1,0.040587068963299305,10,2.0,1.25,garch,0.09090909090909091
2020-09-11,fesx1s,-1,2020-09-25,0.05741710005805267,1,0.040587068963299305,10,2.0,1.25,garch,0.09090909090909091
2020-09-14,fesx1s,-1,2020-09-28,0.026912609614603955,1,0.040587068963299305,10,2.0,1.25,garch,0.09090909090909091
2020-09-15,fesx1s,-1,2020-09-29,0.036111947035456615,1,0.040587068963299305,10,2.0,1.25,garch,0.09090909090909091
2020-09-16,fesx1s,-1,2020-09-30,0.03824149352476147,1,0.040587068963299305,10,2.0,1.25,garch,0.09090909090909091
2020-09-17,fesx1s,-1,2020-10-01,0.03929866989269448,1,0.040587068963299305,10,2.0,1.25,garch,0.09090909090909091
2020-09-18,fesx1s,-1,2020-10-02,0.031097560976886984,1,0.040587068963299305,10,2.0,1.25,garch,0.09090909090909091
2020-09-21,fesx1s,-1,2020-10-05,-0.02324100604833257,0,0.040587068963299305,10,2.0,1.25,garch,0.09090909090909091
2020-09-22,fesx1s,1,2020-10-06,0.020233955107193058,1,0.040587068963299305,10,2.0,1.25,garch,0.09090909090909091
2020-09-23,fesx1s,1,2020-10-07,0.016719242901949816,1,0.040587068963299305,10,2.0,1.25,garch,0.09090909090909091
2020-09-24,fesx1s,-1,2020-10-08,-0.0333651096281713,0,0.040587068963299305,10,2.0,1.25,garch,0.09090909090909091
2020-09-25,fesx1s,-1,2020-10-09,-0.046168643795656994,0,0.040587068963299305,10,2.0,1.25,garch,0.09090909090909091
2020-09-28,fesx1s,-1,2020-10-12,-0.023617153511623634,0,0.040587068963299305,10,2.0,1.25,garch,0.09090909090909091
2020-09-29,fesx1s,1,2020-10-13,0.019981267560736704,1,0.040587068963299305,10,2.0,1.25,garch,0.09090909090909091
2020-09-30,fesx1s,1,2020-10-14,0.022855353787674115,1,0.040587068963299305,10,2.0,1.25,garch,0.09090909090909091
2020-10-01,fesx1s,-1,2020-10-15,-0.0009439899315830669,0,0.040587068963299305,10,2.0,1.25,garch,0.09090909090909091
2020-10-02,fesx1s,-1,2020-10-16,-0.01982378854799305,0,0.040587068963299305,10,2.0,1.25,garch,0.09090909090909091
2020-10-05,fesx1s,1,2020-10-19,0.006845052892268555,1,0.040587068963299305,10,2.0,1.25,garch,0.09090909090909091
2020-10-06,fesx1s,-1,2020-10-20,0.00030988534411935387,1,0.040587068963299305,10,2.0,1.25,garch,0.09090909090909091
2020-10-07,fesx1s,-1,2020-10-21,0.016134036612052927,1,0.039042345129741994,10,2.0,1.25,garch,0.09090909090909091
2020-10-08,fesx1s,-1,2020-10-22,0.027675276753034717,1,0.039042345129741994,10,2.0,1.25,garch,0.09090909090909091
2020-10-09,fesx1s,-1,2020-10-23,0.02421084891085501,1,0.039042345129741994,10,2.0,1.25,garch,0.09090909090909091
2020-10-12,fesx1s,-1,2020-10-26,0.05980570734810864,1,0.039042345129741994,10,2.0,1.25,garch,0.09090909090909091
2020-10-13,fesx1s,1,2020-10-26,-0.052035506581715074,0,0.039042345129741994,10,2.0,1.25,garch,0.09090909090909091
2020-10-14,fesx1s,1,2020-10-26,-0.052035506581715074,0,0.039042345129741994,10,2.0,1.25,garch,0.09090909090909091
2020-10-15,fesx1s,-1,2020-10-29,0.07293303992532196,1,0.039042345129741994,10,2.0,1.25,garch,0.09667125803489439
2020-10-16,fesx1s,-1,2020-10-28,0.09102128972561885,1,0.039042345129741994,10,2.0,1.25,garch,0.0941638608305275
2020-10-19,fesx1s,-1,2020-10-28,0.08961681087599971,1,0.039042345129741994,10,2.0,1.25,garch,0.09457070707070707
2020-10-20,fesx1s,-1,2020-10-28,0.08679479231101572,1,0.039042345129741994,10,2.0,1.25,garch,0.0950937950937951
2020-10-21,fesx1s,-1,2020-11-04,0.005361084832233409,1,0.039042345129741994,10,2.0,1.25,garch,0.1024334251606979
2020-10-22,fesx1s,-1,2020-11-05,-0.015496521188520074,0,0.039042345129741994,10,2.0,1.25,garch,0.10243342516069788
2020-10-23,fesx1s,-1,2020-11-06,-0.004396984924759817,0,0.039042345129741994,10,2.0,1.25,garch,0.10553259871441689
2020-10-26,fesx1s,-1,2020-11-09,-0.09977397481488803,0,0.039042345129741994,10,2.0,1.25,garch,0.1086317722681359
2020-10-27,fesx1s,1,2020-11-09,0.11016949152578714,1,0.039042345129741994,10,2.0,1.25,garch,0.11040404040404042
2020-10-28,fesx1s,1,2020-11-05,0.089952477934796,1,0.039042345129741994,10,2.0,1.25,garch,0.10613275613275615
2020-10-29,fesx1s,1,2020-11-05,0.0888436758225346,1,0.039042345129741994,10,2.0,1.25,garch,0.10715488215488217
2020-10-30,fesx1s,1,2020-11-05,0.08516390672570928,1,0.039042345129741994,10,2.0,1.25,garch,0.1035858585858586
2020-11-02,fesx1s,1,2020-11-09,0.13043478260769614,1,0.039042345129741994,10,2.0,1.25,garch,0.10715488215488216
2020-11-03,fesx1s,1,2020-11-09,0.10048465266510953,1,0.039042345129741994,10,2.0,1.25,garch,0.10636363636363637
2020-11-04,fesx1s,-1,2020-11-09,-0.07989854153497,0,0.039042345129741994,10,2.0,1.25,garch,0.10795454545454546
2020-11-05,fesx1s,-1,2020-11-10,-0.07474307069599329,0,0.05518489545100684,10,2.0,1.25,garch,0.14772727272727273
2020-11-06,fesx1s,-1,2020-11-10,-0.0791119449654214,0,0.05518489545100684,10,2.0,1.25,garch,0.16666666666666666
2020-11-09,fesx1s,-1,2020-11-23,-0.018790369936594997,0,0.05518489545100684,10,2.0,1.25,garch,0.17226157680703136
2020-11-10,fesx1s,-1,2020-11-24,-0.015647638365031025,0,0.05518489545100684,10,2.0,1.25,garch,0.16916240325331233
2020-11-11,fesx1s,-1,2020-11-25,-0.012687427911894478,0,0.05518489545100684,10,2.0,1.25,garch,0.15469959333595693
2020-11-12,fesx1s,-1,2020-11-26,-0.02360139860141275,0,0.05518489545100684,10,2.0,1.25,garch,0.132661025842844
2020-11-13,fesx1s,-1,2020-11-27,-0.02734147760383565,0,0.05518489545100684,10,2.0,1.25,garch,0.11819821592548863
2020-11-16,fesx1s,-1,2020-11-30,-0.010086455330727384,0,0.05518489545100684,10,2.0,1.25,garch,0.10828086055358782
2020-11-17,fesx1s,-1,2020-12-01,-0.01759446207137172,0,0.05518489545100684,10,2.0,1.25,garch,0.10139380821199002
2020-11-18,fesx1s,1,2020-12-02,0.010632183906530424,1,0.05518489545100684,10,2.0,1.25,garch,0.09667125803489439
2020-11-19,fesx1s,1,2020-12-03,0.019425920556592757,1,0.05518489545100684,10,2.0,1.25,garch,0.09357208448117539
2020-11-20,fesx1s,1,2020-12-04,0.02021368755479358,1,0.05518489545100684,10,2.0,1.25,garch,0.09173553719008264
2020-11-23,fesx1s,1,2020-12-07,0.016138328528764845,1,0.05518489545100684,10,2.0,1.25,garch,0.09090909090909091
2020-11-24,fesx1s,-1,2020-12-08,-0.005991440798061021,0,0.05518489545100684,10,2.0,1.25,garch,0.09090909090909091
2020-11-25,fesx1s,-1,2020-12-09,-0.005694760821640443,0,0.05518489545100684,10,2.0,1.25,garch,0.09090909090909091
2020-11-26,fesx1s,-1,2020-12-10,-0.002846569883097727,0,0.05518489545100684,10,2.0,1.25,garch,0.09090909090909091
2020-11-27,fesx1s,-1,2020-12-11,0.013306908267544437,1,0.05518489545100684,10,2.0,1.25,garch,0.09090909090909091
2020-11-30,fesx1s,-1,2020-12-14,-0.000570613408586329,0,0.05518489545100684,10,2.0,1.25,garch,0.09090909090909091
2020-12-01,fesx1s,-1,2020-12-15,0.0005453083051718544,1,0.05518489545100684,10,2.0,1.25,garch,0.09090909090909091
2020-12-02,fesx1s,-1,2020-12-16,-0.006862744540274468,0,0.05518489545100684,10,2.0,1.25,garch,0.09090909090909091
2020-12-03,fesx1s,-1,2020-12-17,-0.012574637329402227,0,0.05518489545100684,10,2.0,1.25,garch,0.09090909090909091
2020-12-04,fesx1s,-1,2020-12-18,-0.0023029359025341645,0,0.03306419299217816,10,2.0,1.25,garch,0.09090909090909091
2020-12-07,fesx1s,-1,2020-12-21,0.023042682073722065,1,0.03306419299217816,10,2.0,1.25,garch,0.09090909090909091
2020-12-08,fesx1s,-1,2020-12-22,0.008805472544678339,1,0.03306419299217816,10,2.0,1.25,garch,0.09090909090909091
2020-12-09,fesx1s,-1,2020-12-23,-0.0025867136302935023,0,0.03306419299217816,10,2.0,1.25,garch,0.09090909090909091
2020-12-10,fesx1s,-1,2020-12-28,-0.015407482577396214,0,0.03306419299217816,10,2.0,1.25,garch,0.09090909090909091
2020-12-11,fesx1s,1,2020-12-29,0.027631734056474455,1,0.03306419299217816,10,2.0,1.25,garch,0.09090909090909091
2020-12-14,fesx1s,-1,2020-12-30,-0.016318350988714814,0,0.03306419299217816,10,2.0,1.25,garch,0.09090909090909091
2020-12-15,fesx1s,-1,2021-01-04,-0.011104783600100143,0,0.03306419299217816,10,2.0,1.25,garch,0.09090909090909091
2020-12-16,fesx1s,-1,2021-01-05,-0.0,0,0.03306419299217816,10,2.0,1.25,garch,0.09090909090909091
2020-12-17,fesx1s,-1,2021-01-06,-0.01692047377329864,0,0.03306419299217816,10,2.0,1.25,garch,0.09090909090909091
2020-12-18,fesx1s,-1,2021-01-07,-0.02495038276224637,0,0.03306419299217816,10,2.0,1.25,garch,0.09173553719008266
2020-12-21,fesx1s,-1,2021-01-06,-0.051005537743848306,0,0.03306419299217816,10,2.0,1.25,garch,0.09090909090909091
2020-12-22,fesx1s,-1,2021-01-11,-0.03648376903164152,0,0.03306419299217816,10,2.0,1.25,garch,0.09256198347107437
2020-12-23,fesx1s,-1,2021-01-12,-0.020697476608724008,0,0.03306419299217816,10,2.0,1.25,garch,0.09256198347107437
2020-12-28,fesx1s,-1,2021-01-13,-0.012068481616312132,0,0.03306419299217816,10,2.0,1.25,garch,0.09256198347107439
2020-12-29,fesx1s,-1,2021-01-14,-0.01738155312524836,0,0.03306419299217816,10,2.0,1.25,garch,0.09256198347107439
2020-12-30,fesx1s,-1,2021-01-15,-0.009859154929914071,0,0.03306419299217816,10,2.0,1.25,garch,0.09256198347107439
2021-01-04,fesx1s,-1,2021-01-18,-0.011264432554875858,0,0.03306419299217816,10,2.0,1.25,garch,0.09256198347107439
2021-01-05,fesx1s,-1,2021-01-19,-0.017011624610178133,0,0.03306419299217816,10,2.0,1.25,garch,0.09256198347107439
2021-01-06,fesx1s,-1,2021-01-20,-0.001663893510818415,0,0.03306419299217816,10,2.0,1.25,garch,0.09256198347107439
2021-01-07,fesx1s,-1,2021-01-21,-0.0005532503451459725,0,0.03306419299217816,10,2.0,1.25,garch,0.09256198347107439
2021-01-08,fesx1s,-1,2021-01-22,0.009387078962546203,1,0.03659791062224713,10,2.0,1.25,garch,0.09173553719008264
2021-01-11,fesx1s,-1,2021-01-25,0.018847006651295573,1,0.03659791062224713,10,2.0,1.25,garch,0.09090909090909091
2021-01-12,fesx1s,-1,2021-01-26,0.0030555555558807734,1,0.03659791062224713,10,2.0,1.25,garch,0.09090909090909091
2021-01-13,fesx1s,-1,2021-01-27,0.020521353299457035,1,0.03659791062224713,10,2.0,1.25,garch,0.09090909090909091
2021-01-14,fesx1s,-1,2021-01-28,0.022320198402749458,1,0.03659791062224713,10,2.0,1.25,garch,0.09090909090909091
2021-01-15,fesx1s,1,2021-01-29,-0.02984658298500764,0,0.03659791062224713,10,2.0,1.25,garch,0.09090909090909091
2021-01-18,fesx1s,1,2021-02-01,-0.018379281537193926,0,0.03659791062224713,10,2.0,1.25,garch,0.09090909090909091
2021-01-19,fesx1s,1,2021-02-02,-0.001672706997493667,0,0.03659791062224713,10,2.0,1.25,garch,0.09090909090909091
2021-01-20,fesx1s,1,2021-02-03,-0.004152823919318704,0,0.03659791062224713,10,2.0,1.25,garch,0.09090909090909091
2021-01-21,fesx1s,1,2021-02-04,0.004423555433321846,1,0.03659791062224713,10,2.0,1.25,garch,0.09090909090909091
2021-01-22,fesx1s,1,2021-02-05,0.016443701226661833,1,0.03659791062224713,10,2.0,1.25,garch,0.09090909090909091
2021-01-25,fesx1s,1,2021-02-08,0.03615819208981641,1,0.03659791062224713,10,2.0,1.25,garch,0.09090909090909091
2021-01-26,fesx1s,1,2021-02-09,0.01811089439991509,1,0.03659791062224713,10,2.0,1.25,garch,0.09090909090909091
2021-01-27,fesx1s,1,2021-02-10,0.030860702151469965,1,0.03659791062224713,10,2.0,1.25,garch,0.09090909090909091
2021-01-28,fesx1s,-1,2021-02-11,-0.03213077790312746,0,0.03659791062224713,10,2.0,1.25,garch,0.09090909090909091
2021-01-29,fesx1s,1,2021-02-12,0.06066705002850159,1,0.03659791062224713,10,2.0,1.25,garch,0.09090909090909091
2021-02-01,fesx1s,1,2021-02-15,0.05872340425439804,1,0.03659791062224713,10,2.0,1.25,garch,0.09090909090909091
2021-02-02,fesx1s,1,2021-02-16,0.03881597319158714,1,0.03659791062224713,10,2.0,1.25,garch,0.09090909090909091
2021-02-03,fesx1s,-1,2021-02-17,-0.027800945230885832,0,0.03659791062224713,10,2.0,1.25,garch,0.09090909090909091
2021-02-04,fesx1s,-1,2021-02-18,-0.011560693641629483,0,0.03659791062224713,10,2.0,1.25,garch,0.09090909090909091
2021-02-05,fesx1s,-1,2021-02-19,-0.01837126405235967,0,0.03659791062224713,10,2.0,1.25,garch,0.09090909090909091
2021-02-08,fesx1s,-1,2021-02-22,-0.008724100328429518,0,0.03582760951216913,10,2.0,1.25,garch,0.09090909090909091
2021-02-09,fesx1s,-1,2021-02-23,-0.00711548987349464,0,0.03582760951216913,10,2.0,1.25,garch,0.09090909090909091
2021-02-10,fesx1s,-1,2021-02-24,-0.016753639109845286,0,0.03582760951216913,10,2.0,1.25,garch,0.09090909090909091
2021-02-11,fesx1s,-1,2021-02-25,-0.007099945386308981,0,0.03582760951216913,10,2.0,1.25,garch,0.09090909090909091
2021-02-12,fesx1s,-1,2021-02-26,0.01680672268847838,1,0.03582760951216913,10,2.0,1.25,garch,0.09090909090909091
2021-02-15,fesx1s,-1,2021-03-01,0.008306538049010603,1,0.03582760951216913,10,2.0,1.25,garch,0.09090909090909091
2021-02-16,fesx1s,-1,2021-03-02,0.004032258063596528,1,0.03582760951216913,10,2.0,1.25,garch,0.09090909090909091
2021-02-17,fesx1s,-1,2021-03-03,-0.003516364619658985,0,0.03582760951216913,10,2.0,1.25,garch,0.09090909090909091
2021-02-18,fesx1s,1,2021-03-04,0.007619047617803298,1,0.03582760951216913,10,2.0,1.25,garch,0.09090909090909091
2021-02-19,fesx1s,1,2021-03-05,-0.01292407108241489,0,0.03582760951216913,10,2.0,1.25,garch,0.09090909090909091
2021-02-22,fesx1s,1,2021-03-08,0.017567567567900122,1,0.03582760951216913,10,2.0,1.25,garch,0.09090909090909091
2021-02-23,fesx1s,1,2021-03-09,0.029891304349150438,1,0.03582760951216913,10,2.0,1.25,garch,0.09090909090909091
2021-02-24,fesx1s,-1,2021-03-10,-0.03133441382979907,0,0.03582760951216913,10,2.0,1.25,garch,0.09090909090909091
2021-02-25,fesx1s,1,2021-03-11,0.04229934924083367,1,0.03582760951216913,10,2.0,1.25,garch,0.09090909090909091
2021-02-26,fesx1s,1,2021-03-12,0.05652054039124499,1,0.03582760951216913,10,2.0,1.25,garch,0.09090909090909091
2021-03-01,fesx1s,1,2021-03-15,0.03458524722991063,1,0.03582760951216913,10,2.0,1.25,garch,0.09090909090909091
2021-03-02,fesx1s,1,2021-03-16,0.03922653338250148,1,0.03582760951216913,10,2.0,1.25,garch,0.09090909090909091
2021-03-03,fesx1s,1,2021-03-17,0.03837362395398669,1,0.03582760951216913,10,2.0,1.25,garch,0.09090909090909091
2021-03-04,fesx1s,1,2021-03-18,0.04527482933463434,1,0.03582760951216913,10,2.0,1.25,garch,0.09090909090909091
2021-03-05,fesx1s,1,2021-03-19,0.04806518042754826,1,0.03582760951216913,10,2.0,1.25,garch,0.09090909090909091
2021-03-08,fesx1s,1,2021-03-22,0.018078001956088663,1,0.03582760951216913,10,2.0,1.25,garch,0.09090909090909091
2021-03-09,fesx1s,1,2021-03-23,0.011362447853776825,1,0.04084773857320343,10,2.0,1.25,garch,0.09090909090909091
2021-03-10,fesx1s,1,2021-03-24,0.0036793499292342435,1,0.04084773857320343,10,2.0,1.25,garch,0.09090909090909091
2021-03-11,fesx1s,1,2021-03-25,-0.0036378981953403278,0,0.04084773857320343,10,2.0,1.25,garch,0.09090909090909091
2021-03-12,fesx1s,1,2021-03-26,0.009821705029986028,1,0.04084773857320343,10,2.0,1.25,garch,0.09090909090909091
2021-03-15,fesx1s,1,2021-03-29,0.016184664368000146,1,0.04084773857320343,10,2.0,1.25,garch,0.09090909090909091
2021-03-16,fesx1s,1,2021-03-30,0.021635883903404984,1,0.04084773857320343,10,2.0,1.25,garch,0.09090909090909091
2021-03-17,fesx1s,1,2021-03-31,0.019514767932057753,1,0.04084773857320343,10,2.0,1.25,garch,0.09090909090909091
2021-03-18,fesx1s,1,2021-04-01,0.02178477690270708,1,0.04084773857320343,10,2.0,1.25,garch,0.09090909090909091
2021-03-19,fesx1s,1,2021-04-06,0.036488630353547435,1,0.04084773857320343,10,2.0,1.25,garch,0.09090909090909091
2021-03-22,fesx1s,1,2021-04-07,0.03604558706598171,1,0.04084773857320343,10,2.0,1.25,garch,0.09090909090909091
2021-03-23,fesx1s,1,2021-04-08,0.040286244367332635,1,0.04084773857320343,10,2.0,1.25,garch,0.09090909090909091
2021-03-24,fesx1s,1,2021-04-09,0.040827147402408004,1,0.04084773857320343,10,2.0,1.25,garch,0.09090909090909091
2021-03-25,fesx1s,1,2021-04-12,0.03846153846181566,1,0.04084773857320343,10,2.0,1.25,garch,0.09090909090909091
2021-03-26,fesx1s,-1,2021-04-13,-0.028353898662439425,0,0.04084773857320343,10,2.0,1.25,garch,0.09090909090909091
2021-03-29,fesx1s,-1,2021-04-14,-0.02558746736258999,0,0.04084773857320343,10,2.0,1.25,garch,0.09090909090909091
2021-03-30,fesx1s,-1,2021-04-15,-0.018078512397731394,0,0.04084773857320343,10,2.0,1.25,garch,0.09090909090909091
2021-03-31,fesx1s,-1,2021-04-16,-0.030263838592702763,0,0.04084773857320343,10,2.0,1.25,garch,0.09090909090909091
2021-04-01,fesx1s,-1,2021-04-19,-0.02157718982736445,0,0.04084773857320343,10,2.0,1.25,garch,0.09090909090909091
2021-04-06,fesx1s,-1,2021-04-20,0.006887755101073423,1,0.04084773857320343,10,2.0,1.25,garch,0.09090909090909091
2021-04-07,fesx1s,-1,2021-04-21,-0.00562803786216115,0,0.04084773857320343,10,2.0,1.25,garch,0.09090909090909091
2021-04-08,fesx1s,-1,2021-04-22,-0.010955414012995046,0,0.04084773857320343,10,2.0,1.25,garch,0.09090909090909091
2021-04-09,fesx1s,-1,2021-04-23,-0.010443199184145158,0,0.026259510988699344,10,2.0,1.25,garch,0.09090909090909091
2021-04-12,fesx1s,-1,2021-04-26,-0.015581098340485156,0,0.026259510988699344,10,2.0,1.25,garch,0.09090909090909091
2021-04-13,fesx1s,-1,2021-04-27,-0.010977789124574144,0,0.026259510988699344,10,2.0,1.25,garch,0.09090909090909091
2021-04-14,fesx1s,-1,2021-04-28,-0.011456211812163719,0,0.026259510988699344,10,2.0,1.25,garch,0.09090909090909091
2021-04-15,fesx1s,-1,2021-04-29,-0.003551496702381751,0,0.026259510988699344,10,2.0,1.25,garch,0.09090909090909091
2021-04-16,fesx1s,-1,2021-04-30,0.010795882500878928,1,0.026259510988699344,10,2.0,1.25,garch,0.09090909090909091
2021-04-19,fesx1s,-1,2021-05-03,0.004023133014331881,1,0.026259510988699344,10,2.0,1.25,garch,0.09090909090909091
2021-04-20,fesx1s,1,2021-05-04,-0.0020549704604134744,0,0.026259510988699344,10,2.0,1.25,garch,0.09090909090909091
2021-04-21,fesx1s,1,2021-05-05,0.00966675146129825,1,0.026259510988699344,10,2.0,1.25,garch,0.09090909090909091
2021-04-22,fesx1s,-1,2021-05-06,-0.0002520161286798661,0,0.026259510988699344,10,2.0,1.25,garch,0.09090909090909091
2021-04-23,fesx1s,-1,2021-05-07,-0.010839425258628577,0,0.026259510988699344,10,2.0,1.25,garch,0.09090909090909091
2021-04-26,fesx1s,-1,2021-05-10,-0.008802816901050559,0,0.026259510988699344,10,2.0,1.25,garch,0.09090909090909091
2021-04-27,fesx1s,-1,2021-05-11,0.00959595959625048,1,0.026259510988699344,10,2.0,1.25,garch,0.09090909090909091
2021-04-28,fesx1s,-1,2021-05-12,0.009312861816210383,1,0.026259510988699344,10,2.0,1.25,garch,0.09090909090909091
2021-04-29,fesx1s,1,2021-05-13,-0.0040444893844232555,0,0.026259510988699344,10,2.0,1.25,garch,0.09090909090909091
2021-04-30,fesx1s,1,2021-05-14,0.016751269036247685,1,0.026259510988699344,10,2.0,1.25,garch,0.09090909090909091
2021-05-03,fesx1s,1,2021-05-17,0.009845998485172203,1,0.026259510988699344,10,2.0,1.25,garch,0.09090909090909091
2021-05-04,fesx1s,1,2021-05-18,0.030888030888536866,1,0.026259510988699344,10,2.0,1.25,garch,0.09090909090909091
2021-05-05,fesx1s,-1,2021-05-19,0.009826152683247602,1,0.026259510988699344,10,2.0,1.25,garch,0.09090909090909091
2021-05-06,fesx1s,-1,2021-05-20,-0.0040312421276889054,0,0.026259510988699344,10,2.0,1.25,garch,0.09090909090909091
2021-05-07,fesx1s,-1,2021-05-21,-0.0017456359094760732,0,0.026259510988699344,10,2.0,1.25,garch,0.09090909090909091
2021-05-10,fesx1s,-1,2021-05-24,-0.00797806033477566,0,0.03569323737924424,10,2.0,1.25,garch,0.09090909090909091
2021-05-11,fesx1s,1,2021-05-25,0.02906680265086692,1,0.03569323737924424,10,2.0,1.25,garch,0.09090909090909091
2021-05-12,fesx1s,1,2021-05-26,0.02337398373991273,1,0.03569323737924424,10,2.0,1.25,garch,0.09090909090909091
2021-05-13,fesx1s,1,2021-05-27,0.024873096448127407,1,0.03569323737924424,10,2.0,1.25,garch,0.09090909090909091
2021-05-14,fesx1s,-1,2021-05-28,-0.01497753369884669,0,0.03569323737924424,10,2.0,1.25,garch,0.09090909090909091
2021-05-17,fesx1s,-1,2021-05-31,-0.008749999999643654,0,0.03569323737924424,10,2.0,1.25,garch,0.09090909090909091
2021-05-18,fesx1s,-1,2021-06-01,-0.0162297128582658,0,0.03569323737924424,10,2.0,1.25,garch,0.09090909090909091
2021-05-19,fesx1s,1,2021-06-02,0.03918575063664842,1,0.03569323737924424,10,2.0,1.25,garch,0.09090909090909091
2021-05-20,fesx1s,-1,2021-06-03,-0.025345043915006693,0,0.03569323737924424,10,2.0,1.25,garch,0.09090909090909091
2021-05-21,fesx1s,-1,2021-06-04,-0.01792382374936574,0,0.03569323737924424,10,2.0,1.25,garch,0.09090909090909091
2021-05-24,fesx1s,-1,2021-06-07,-0.013851100666917304,0,0.03569323737924424,10,2.0,1.25,garch,0.09090909090909091
2021-05-25,fesx1s,-1,2021-06-08,-0.015609514370712008,0,0.03569323737924424,10,2.0,1.25,garch,0.09090909090909091
2021-05-26,fesx1s,1,2021-06-09,0.017874875867508022,1,0.03569323737924424,10,2.0,1.25,garch,0.09090909090909091
2021-05-27,fesx1s,1,2021-06-10,0.01461119365996466,1,0.03569323737924424,10,2.0,1.25,garch,0.09090909090909091
2021-05-28,fesx1s,-1,2021-06-11,-0.015002459420316638,0,0.03569323737924424,10,2.0,1.25,garch,0.09090909090909091
2021-05-31,fesx1s,-1,2021-06-14,-0.02527881040891078,0,0.03569323737924424,10,2.0,1.25,garch,0.09090909090909091
2021-06-01,fesx1s,-1,2021-06-15,-0.018188076922464047,0,0.03569323737924424,10,2.0,1.25,garch,0.09090909090909091
2021-06-02,fesx1s,-1,2021-06-16,-0.01666370841141962,0,0.03569323737924424,10,2.0,1.25,garch,0.09090909090909091
2021-06-03,fesx1s,-1,2021-06-17,-0.017148590599823876,0,0.03569323737924424,10,2.0,1.25,garch,0.09090909090909091
2021-06-04,fesx1s,-1,2021-06-18,0.002988099929719823,1,0.03569323737924424,10,2.0,1.25,garch,0.09090909090909091
2021-06-07,fesx1s,-1,2021-06-21,-0.0024147615798577604,0,0.03569323737924424,10,2.0,1.25,garch,0.09090909090909091
2021-06-08,fesx1s,-1,2021-06-22,-0.006699631713012355,0,0.02694345812257451,10,2.0,1.25,garch,0.09090909090909091
2021-06-09,fesx1s,-1,2021-06-23,0.004194269890285263,1,0.02694345812257451,10,2.0,1.25,garch,0.09090909090909091
2021-06-10,fesx1s,-1,2021-06-24,-0.006456156543444447,0,0.02694345812257451,10,2.0,1.25,garch,0.09090909090909091
2021-06-11,fesx1s,-1,2021-06-25,0.0008599773783100062,1,0.02694345812257451,10,2.0,1.25,garch,0.09090909090909091
2021-06-14,fesx1s,-1,2021-06-28,0.011159631246635437,1,0.02694345812257451,10,2.0,1.25,garch,0.09090909090909091
2021-06-15,fesx1s,-1,2021-06-29,0.007628965851510849,1,0.02694345812257451,10,2.0,1.25,garch,0.09090909090909091
2021-06-16,fesx1s,-1,2021-06-30,0.019700265893520807,1,0.02694345812257451,10,2.0,1.25,garch,0.09090909090909091
2021-06-17,fesx1s,-1,2021-07-01,0.01859454238068825,1,0.02694345812257451,10,2.0,1.25,garch,0.09090909090909091
2021-06-18,fesx1s,1,2021-07-02,0.0013540128028577403,1,0.02694345812257451,10,2.0,1.25,garch,0.09090909090909091
2021-06-21,fesx1s,-1,2021-07-05,0.004030288227181988,1,0.02694345812257451,10,2.0,1.25,garch,0.09090909090909091
2021-06-22,fesx1s,-1,2021-07-06,0.01909278851878682,1,0.02694345812257451,10,2.0,1.25,garch,0.09090909090909091
2021-06-23,fesx1s,-1,2021-07-07,0.0008603736465309098,1,0.02694345812257451,10,2.0,1.25,garch,0.09090909090909091
2021-06-24,fesx1s,-1,2021-07-08,0.031276621636993185,1,0.02694345812257451,10,2.0,1.25,garch,0.09090909090909091
2021-06-25,fesx1s,-1,2021-07-09,0.01375197760604907,1,0.02694345812257451,10,2.0,1.25,garch,0.09090909090909091
2021-06-28,fesx1s,-1,2021-07-12,-0.0031894013741968763,0,0.02694345812257451,10,2.0,1.25,garch,0.09090909090909091
2021-06-29,fesx1s,-1,2021-07-13,0.004148871263738307,1,0.02694345812257451,10,2.0,1.25,garch,0.09090909090909091
2021-06-30,fesx1s,1,2021-07-14,0.008876833930206551,1,0.02694345812257451,10,2.0,1.25,garch,0.09090909090909091
2021-07-01,fesx1s,1,2021-07-15,-0.004552165354246851,0,0.02694345812257451,10,2.0,1.25,garch,0.09090909090909091
2021-07-02,fesx1s,1,2021-07-16,-0.011309157960752603,0,0.02694345812257451,10,2.0,1.25,garch,0.09090909090909091
2021-07-05,fesx1s,1,2021-07-19,-0.039852851010466095,0,0.02694345812257451,10,2.0,1.25,garch,0.09090909090909091
2021-07-06,fesx1s,-1,2021-07-20,0.020704190428715075,1,0.02694345812257451,10,2.0,1.25,garch,0.09090909090909091
2021-07-07,fesx1s,-1,2021-07-21,0.011194488868070063,1,0.028214135181734747,10,2.0,1.25,garch,0.09090909090909091
2021-07-08,fesx1s,1,2021-07-22,0.0175879396976637,1,0.028214135181734747,10,2.0,1.25,garch,0.09090909090909091
2021-07-09,fesx1s,-1,2021-07-23,-0.013203356365896868,0,0.028214135181734747,10,2.0,1.25,garch,0.09090909090909091
2021-07-12,fesx1s,-1,2021-07-26,-0.0011005135720860704,0,0.028214135181734747,10,2.0,1.25,garch,0.09090909090909091
2021-07-13,fesx1s,-1,2021-07-27,0.005023894129951967,1,0.028214135181734747,10,2.0,1.25,garch,0.09090909090909091
2021-07-14,fesx1s,-1,2021-07-28,-0.0012220457038614185,0,0.028214135181734747,10,2.0,1.25,garch,0.09090909090909091
2021-07-15,fesx1s,-1,2021-07-29,-0.016561611666526366,0,0.028214135181734747,10,2.0,1.25,garch,0.09090909090909091
2021-07-16,fesx1s,1,2021-07-30,0.016536118364463892,1,0.028214135181734747,10,2.0,1.25,garch,0.09090909090909091
2021-07-19,fesx1s,1,2021-08-02,0.05083014048530465,1,0.028214135181734747,10,2.0,1.25,garch,0.09090909090909091
2021-07-20,fesx1s,1,2021-08-03,0.041397645270825345,1,0.028214135181734747,10,2.0,1.25,garch,0.09090909090909091
2021-07-21,fesx1s,-1,2021-08-04,-0.02960935556156441,0,0.028214135181734747,10,2.0,1.25,garch,0.09090909090909091
2021-07-22,fesx1s,1,2021-08-05,0.026296296296737465,1,0.028214135181734747,10,2.0,1.25,garch,0.09090909090909091
2021-07-23,fesx1s,-1,2021-08-06,-0.015954207770189077,0,0.028214135181734747,10,2.0,1.25,garch,0.09090909090909091
2021-07-26,fesx1s,-1,2021-08-09,-0.020276047391717178,0,0.028214135181734747,10,2.0,1.25,garch,0.09090909090909091
2021-07-27,fesx1s,1,2021-08-10,0.031034482757839044,1,0.028214135181734747,10,2.0,1.25,garch,0.09090909090909091
2021-07-28,fesx1s,-1,2021-08-11,-0.025387525937536237,0,0.028214135181734747,10,2.0,1.25,garch,0.09090909090909091
2021-07-29,fesx1s,-1,2021-08-12,-0.026990881458487825,0,0.028214135181734747,10,2.0,1.25,garch,0.09090909090909091
2021-07-30,fesx1s,-1,2021-08-13,-0.033635029354588175,0,0.028214135181734747,10,2.0,1.25,garch,0.09090909090909091
2021-08-02,fesx1s,-1,2021-08-16,-0.019567331064472393,0,0.028214135181734747,10,2.0,1.25,garch,0.09090909090909091
2021-08-03,fesx1s,-1,2021-08-17,-0.019450522732359365,0,0.028214135181734747,10,2.0,1.25,garch,0.09090909090909091
2021-08-04,fesx1s,-1,2021-08-18,-0.011599806668972201,0,0.028214135181734747,10,2.0,1.25,garch,0.09090909090909091
2021-08-05,fesx1s,-1,2021-08-19,0.009022013713562593,1,0.031097861622043626,10,2.0,1.25,garch,0.09090909090909091
2021-08-06,fesx1s,-1,2021-08-20,0.0071925197788654804,1,0.031097861622043626,10,2.0,1.25,garch,0.09090909090909091
2021-08-09,fesx1s,-1,2021-08-23,-0.0007183048022343375,0,0.031097861622043626,10,2.0,1.25,garch,0.09090909090909091
2021-08-10,fesx1s,-1,2021-08-24,0.0026278069748889576,1,0.031097861622043626,10,2.0,1.25,garch,0.09090909090909091
2021-08-11,fesx1s,-1,2021-08-25,0.00559457207565206,1,0.031097861622043626,10,2.0,1.25,garch,0.09090909090909091
2021-08-12,fesx1s,-1,2021-08-26,0.013140760032920973,1,0.031097861622043626,10,2.0,1.25,garch,0.09090909090909091
2021-08-13,fesx1s,-1,2021-08-27,0.009348006154245025,1,0.031097861622043626,10,2.0,1.25,garch,0.09090909090909091
2021-08-16,fesx1s,-1,2021-08-30,-0.000834426034294955,0,0.031097861622043626,10,2.0,1.25,garch,0.09090909090909091
2021-08-17,fesx1s,-1,2021-08-31,0.00274266634819198,1,0.031097861622043626,10,2.0,1.25,garch,0.09090909090909091
2021-08-18,fesx1s,-1,2021-09-01,-0.00895843287158482,0,0.031097861622043626,10,2.0,1.25,garch,0.09090909090909091
2021-08-19,fesx1s,1,2021-09-02,0.027555231851587703,1,0.031097861622043626,10,2.0,1.25,garch,0.09090909090909091
2021-08-20,fesx1s,1,2021-09-03,0.014006278676086614,1,0.031097861622043626,10,2.0,1.25,garch,0.09090909090909091
2021-08-23,fesx1s,-1,2021-09-06,-0.015193204927879789,0,0.031097861622043626,10,2.0,1.25,garch,0.09090909090909091
2021-08-24,fesx1s,-1,2021-09-07,-0.01185628742502498,0,0.031097861622043626,10,2.0,1.25,garch,0.09090909090909091
2021-08-25,fesx1s,-1,2021-09-08,-0.0009576250902423311,0,0.031097861622043626,10,2.0,1.25,garch,0.09090909090909091
2021-08-26,fesx1s,-1,2021-09-09,-0.001919385797476636,0,0.031097861622043626,10,2.0,1.25,garch,0.09090909090909091
2021-08-27,fesx1s,1,2021-09-10,-0.004538939320115953,0,0.031097861622043626,10,2.0,1.25,garch,0.09090909090909091
2021-08-30,fesx1s,1,2021-09-13,-0.002620295379617832,0,0.031097861622043626,10,2.0,1.25,garch,0.09090909090909091
2021-08-31,fesx1s,1,2021-09-14,0.0014357402376941053,1,0.031097861622043626,10,2.0,1.25,garch,0.09090909090909091
2021-09-01,fesx1s,1,2021-09-15,-0.017226338812025954,0,0.031097861622043626,10,2.0,1.25,garch,0.09090909090909091
2021-09-02,fesx1s,1,2021-09-16,-0.015033129588034377,0,0.031097861622043626,10,2.0,1.25,garch,0.09090909090909091
2021-09-03,fesx1s,1,2021-09-17,-0.01940690571917114,0,0.025864643479209207,10,2.0,1.25,garch,0.09090909090909091
2021-09-06,fesx1s,-1,2021-09-20,0.04725859535354038,1,0.025864643479209207,10,2.0,1.25,garch,0.09090909090909091
2021-09-07,fesx1s,-1,2021-09-21,0.030928238597096813,1,0.025864643479209207,10,2.0,1.25,garch,0.09400826446280992
2021-09-08,fesx1s,1,2021-09-20,-0.03313040422995128,0,0.025864643479209207,10,2.0,1.25,garch,0.09090909090909091
2021-09-09,fesx1s,1,2021-09-23,0.006613284858944413,1,0.025864643479209207,10,2.0,1.25,garch,0.09894398530762168
2021-09-10,fesx1s,1,2021-09-24,-0.0002757398177295478,0,0.025864643479209207,10,2.0,1.25,garch,0.10078053259871442
2021-09-13,fesx1s,1,2021-09-20,-0.03451593505731321,0,0.025864643479209207,10,2.0,1.25,garch,0.09090909090909093
2021-09-14,fesx1s,1,2021-09-20,-0.034632034632293474,0,0.025864643479209207,10,2.0,1.25,garch,0.09090909090909091
2021-09-15,fesx1s,1,2021-09-29,-0.014193861457149293,0,0.025864643479209207,10,2.0,1.25,garch,0.1034435261707989
2021-09-16,fesx1s,1,2021-09-30,-0.02210411885551089,0,0.025864643479209207,10,2.0,1.25,garch,0.10344352617079888
2021-09-17,fesx1s,1,2021-10-01,-0.019567078389487347,0,0.025864643479209207,10,2.0,1.25,garch,0.1034435261707989
2021-09-20,fesx1s,1,2021-10-04,-0.007598405580114487,0,0.025864643479209207,10,2.0,1.25,garch,0.10426997245179064
2021-09-21,fesx1s,1,2021-10-05,-0.0036900369009787992,0,0.025864643479209207,10,2.0,1.25,garch,0.10736914600550965
2021-09-22,fesx1s,1,2021-10-04,-0.0338345864657672,0,0.025864643479209207,10,2.0,1.25,garch,0.10345117845117845
2021-09-23,fesx1s,-1,2021-10-07,0.022520364160013906,1,0.025864643479209207,10,2.0,1.25,garch,0.10610651974288339
2021-09-24,fesx1s,1,2021-10-04,-0.03698779161123533,0,0.025864643479209207,10,2.0,1.25,garch,0.09927849927849929
2021-09-27,fesx1s,1,2021-10-01,-0.033397636845358236,0,0.025864643479209207,10,2.0,1.25,garch,0.09676767676767677
2021-09-28,fesx1s,1,2021-10-12,-0.001112347051303031,0,0.025864643479209207,10,2.0,1.25,garch,0.10325987144168963
2021-09-29,fesx1s,1,2021-10-13,0.002215111985922391,1,0.025864643479209207,10,2.0,1.25,garch,0.10243342516069788
2021-09-30,fesx1s,1,2021-10-14,0.021862648221491865,1,0.025864643479209207,10,2.0,1.25,garch,0.10243342516069788
2021-10-01,fesx1s,-1,2021-10-15,-0.0400399151796631,0,0.025864643479209207,10,2.0,1.25,garch,0.10243342516069788
2021-10-04,fesx1s,-1,2021-10-15,-0.04656708924304431,0,0.03681371901472541,10,2.0,1.25,garch,0.10358585858585859
2021-10-05,fesx1s,-1,2021-10-19,-0.026790123456644777,0,0.03681371901472541,10,2.0,1.25,garch,0.10243342516069788
2021-10-06,fesx1s,-1,2021-10-20,-0.0412809607206539,0,0.03681371901472541,10,2.0,1.25,garch,0.09933425160697885
2021-10-07,fesx1s,1,2021-10-21,0.015808823529241733,1,0.03681371901472541,10,2.0,1.25,garch,0.09623507805325987
2021-10-08,fesx1s,1,2021-10-22,0.02829376306965692,1,0.03681371901472541,10,2.0,1.25,garch,0.09439853076216713
2021-10-11,fesx1s,1,2021-10-25,0.031427162929364094,1,0.03681371901472541,10,2.0,1.25,garch,0.09256198347107439
2021-10-12,fesx1s,1,2021-10-26,0.04429596634387556,1,0.03681371901472541,10,2.0,1.25,garch,0.09173553719008264
2021-10-13,fesx1s,-1,2021-10-27,-0.033276031434809505,0,0.03681371901472541,10,2.0,1.25,garch,0.09173553719008264
2021-10-14,fesx1s,1,2021-10-28,0.019702647166204956,1,0.03681371901472541,10,2.0,1.25,garch,0.09173553719008264
2021-10-15,fesx1s,1,2021-10-29,0.01631086591543318,1,0.03681371901472541,10,2.0,1.25,garch,0.09173553719008264
2021-10-18,fesx1s,1,2021-11-01,0.031857125618558246,1,0.03681371901472541,10,2.0,1.25,garch,0.09173553719008264
2021-10-19,fesx1s,1,2021-11-02,0.031261272093107806,1,0.03681371901472541,10,2.0,1.25,garch,0.09090909090909091
2021-10-20,fesx1s,1,2021-11-03,0.03327727054243579,1,0.03681371901472541,10,2.0,1.25,garch,0.09090909090909091
2021-10-21,fesx1s,1,2021-11-04,0.043189769574732306,1,0.03681371901472541,10,2.0,1.25,garch,0.09090909090909091
2021-10-22,fesx1s,-1,2021-11-05,-0.04079435339249193,0,0.03681371901472541,10,2.0,1.25,garch,0.09090909090909091
2021-10-25,fesx1s,-1,2021-11-08,-0.03907276855048436,0,0.03681371901472541,10,2.0,1.25,garch,0.09090909090909091
2021-10-26,fesx1s,-1,2021-11-09,-0.027251184834949482,0,0.03681371901472541,10,2.0,1.25,garch,0.09090909090909091
2021-10-27,fesx1s,-1,2021-11-10,-0.03161021984413814,0,0.03681371901472541,10,2.0,1.25,garch,0.09090909090909091
2021-10-28,fesx1s,-1,2021-11-11,-0.03105737316256807,0,0.03681371901472541,10,2.0,1.25,garch,0.09090909090909091
2021-10-29,fesx1s,-1,2021-11-12,-0.030328062307819703,0,0.03681371901472541,10,2.0,1.25,garch,0.09090909090909091
2021-11-01,fesx1s,1,2021-11-15,0.022804350368246684,1,0.03681371901472541,10,2.0,1.25,garch,0.09090909090909091
2021-11-02,fesx1s,1,2021-11-16,0.025067039757219023,1,0.028025068237206973,10,2.0,1.25,garch,0.09090909090909091
2021-11-03,fesx1s,1,2021-11-17,0.0220904545978049,1,0.028025068237206973,10,2.0,1.25,garch,0.09090909090909091
2021-11-04,fesx1s,-1,2021-11-18,-0.012605527928729154,0,0.028025068237206973,10,2.0,1.25,garch,0.09090909090909091
2021-11-05,fesx1s,-1,2021-11-19,-0.0011494252865167365,0,0.028025068237206973,10,2.0,1.25,garch,0.09090909090909091
2021-11-08,fesx1s,-1,2021-11-22,0.001494940203308981,1,0.028025068237206973,10,2.0,1.25,garch,0.09090909090909091
2021-11-09,fesx1s,-1,2021-11-23,0.010726643598999885,1,0.028025068237206973,10,2.0,1.25,garch,0.09090909090909091
2021-11-10,fesx1s,-1,2021-11-24,0.014629650961573537,1,0.028025068237206973,10,2.0,1.25,garch,0.09090909090909091
2021-11-11,fesx1s,-1,2021-11-25,0.013796275006485503,1,0.028025068237206973,10,2.0,1.25,garch,0.09090909090909091
2021-11-12,fesx1s,-1,2021-11-26,0.06448287710415224,1,0.028025068237206973,10,2.0,1.25,garch,0.09090909090909091
2021-11-15,fesx1s,-1,2021-11-26,0.06608735421820344,1,0.028025068237206973,10,2.0,1.25,garch,0.09090909090909091
2021-11-16,fesx1s,-1,2021-11-26,0.0709736123741701,1,0.028025068237206973,10,2.0,1.25,garch,0.09090909090909091
2021-11-17,fesx1s,-1,2021-11-26,0.07086793311263029,1,0.028025068237206973,10,2.0,1.25,garch,0.09090909090909091
2021-11-18,fesx1s,-1,2021-11-26,0.06715395157584969,1,0.028025068237206973,10,2.0,1.25,garch,0.09090909090909093
2021-11-19,fesx1s,1,2021-11-26,-0.06222732491353189,0,0.028025068237206973,10,2.0,1.25,garch,0.09090909090909093
2021-11-22,fesx1s,1,2021-11-26,-0.05931129793779888,0,0.028025068237206973,10,2.0,1.25,garch,0.09090909090909091
2021-11-23,fesx1s,1,2021-11-26,-0.047685670980047945,0,0.028025068237206973,10,2.0,1.25,garch,0.09090909090909091
2021-11-24,fesx1s,1,2021-11-26,-0.04512508767771983,0,0.028025068237206973,10,2.0,1.25,garch,0.0909090909090909
2021-11-25,fesx1s,1,2021-11-26,-0.04779668920452984,0,0.028025068237206973,10,2.0,1.25,garch,0.09090909090909091
2021-11-26,fesx1s,1,2021-12-10,0.028403525954279196,1,0.028025068237206973,10,2.0,1.25,garch,0.19188967598058507
2021-11-29,fesx1s,1,2021-12-13,0.0181441792495578,1,0.028025068237206973,10,2.0,1.25,garch,0.19188967598058507
2021-11-30,fesx1s,1,2021-12-14,0.0182416226718769,1,0.028025068237206973,10,2.0,1.25,garch,0.15469959333595693
2021-12-01,fesx1s,1,2021-12-15,-0.003610780966993965,0,0.05055587245389148,10,2.0,1.25,garch,0.132661025842844
2021-12-02,fesx1s,1,2021-12-16,0.02386457365342709,1,0.05055587245389148,10,2.0,1.25,garch,0.11819821592548863
2021-12-03,fesx1s,1,2021-12-17,0.023580791017407954,1,0.05055587245389148,10,2.0,1.25,garch,0.10828086055358782
2021-12-06,fesx1s,1,2021-12-20,-0.008524203798160435,0,0.05055587245389148,10,2.0,1.25,garch,0.10139380821199002
2021-12-07,fesx1s,-1,2021-12-21,0.023410563383499006,1,0.05055587245389148,10,2.0,1.25,garch,0.09667125803489439
2021-12-08,fesx1s,1,2021-12-22,-0.00563742870527828,0,0.05055587245389148,10,2.0,1.25,garch,0.09357208448117539
2021-12-09,fesx1s,1,2021-12-23,0.014353337444498404,1,0.05055587245389148,10,2.0,1.25,garch,0.09173553719008264
2021-12-10,fesx1s,1,2021-12-27,0.023098956546305782,1,0.05055587245389148,10,2.0,1.25,garch,0.09090909090909091
2021-12-13,fesx1s,1,2021-12-28,0.03339740509391076,1,0.05055587245389148,10,2.0,1.25,garch,0.09090909090909091
2021-12-14,fesx1s,1,2021-12-29,0.03218001451646191,1,0.05055587245389148,10,2.0,1.25,garch,0.09090909090909091
2021-12-15,fesx1s,1,2021-12-30,0.03475322794764746,1,0.05055587245389148,10,2.0,1.25,garch,0.09090909090909091
2021-12-16,fesx1s,-1,2022-01-03,-0.03173088393256651,0,0.05055587245389148,10,2.0,1.25,garch,0.09090909090909091
2021-12-17,fesx1s,1,2022-01-04,0.04848631045656093,1,0.05055587245389148,10,2.0,1.25,garch,0.09090909090909091
2021-12-20,fesx1s,1,2022-01-05,0.07078239608668913,1,0.05055587245389148,10,2.0,1.25,garch,0.09090909090909091
2021-12-21,fesx1s,1,2022-01-06,0.037308942110633625,1,0.05055587245389148,10,2.0,1.25,garch,0.09090909090909091
2021-12-22,fesx1s,1,2022-01-07,0.022903495168963284,1,0.05055587245389148,10,2.0,1.25,garch,0.09090909090909091
2021-12-23,fesx1s,-1,2022-01-10,0.0020007061318022545,1,0.05055587245389148,10,2.0,1.25,garch,0.09090909090909091
2021-12-27,fesx1s,1,2022-01-11,-0.0018700327253249327,0,0.05055587245389148,10,2.0,1.25,garch,0.09090909090909091
2021-12-28,fesx1s,-1,2022-01-12,-0.0004650081379695692,0,0.05055587245389148,10,2.0,1.25,garch,0.09090909090909091
2021-12-29,fesx1s,1,2022-01-13,0.008673230192835613,1,0.05055587245389148,10,2.0,1.25,garch,0.09090909090909091
2021-12-30,fesx1s,-1,2022-01-14,0.007113702623064322,1,0.05055587245389148,10,2.0,1.25,garch,0.09090909090909091
2022-01-03,fesx1s,1,2022-01-17,-0.007284079084383777,0,0.03443620223172035,10,2.0,1.25,garch,0.09090909090909091
2022-01-04,fesx1s,1,2022-01-18,-0.021626596111659513,0,0.03443620223172035,10,2.0,1.25,garch,0.09090909090909091
2022-01-05,fesx1s,-1,2022-01-19,0.029797922137221544,1,0.03443620223172035,10,2.0,1.25,garch,0.09090909090909091
2022-01-06,fesx1s,-1,2022-01-20,0.005337046060902351,1,0.03443620223172035,10,2.0,1.25,garch,0.09090909090909091
2022-01-07,fesx1s,-1,2022-01-21,0.01714285714205488,1,0.03443620223172035,10,2.0,1.25,garch,0.09090909090909091
2022-01-10,fesx1s,-1,2022-01-24,0.043160377358095414,1,0.03443620223172035,10,2.0,1.25,garch,0.09090909090909091
2022-01-11,fesx1s,-1,2022-01-25,0.04601873536286061,1,0.03443620223172035,10,2.0,1.25,garch,0.09173553719008266
2022-01-12,fesx1s,-1,2022-01-26,0.034627004415786256,1,0.03443620223172035,10,2.0,1.25,garch,0.09256198347107439
2022-01-13,fesx1s,-1,2022-01-27,0.03253544039154799,1,0.03443620223172035,10,2.0,1.25,garch,0.09338842975206613
2022-01-14,fesx1s,1,2022-01-24,-0.046981442330317646,0,0.03443620223172035,10,2.0,1.25,garch,0.09090909090909093
2022-01-17,fesx1s,-1,2022-01-31,0.034940600977987235,1,0.03443620223172035,10,2.0,1.25,garch,0.09421487603305785
2022-01-18,fesx1s,-1,2022-02-01,0.011287477954229463,1,0.03443620223172035,10,2.0,1.25,garch,0.09421487603305785
2022-01-19,fesx1s,-1,2022-02-02,0.007413509061061863,1,0.03443620223172035,10,2.0,1.25,garch,0.09421487603305785
2022-01-20,fesx1s,-1,2022-02-03,0.03616003732773709,1,0.03443620223172035,10,2.0,1.25,garch,0.09421487603305785
2022-01-21,fesx1s,-1,2022-02-04,0.033815851922529894,1,0.03443620223172035,10,2.0,1.25,garch,0.09421487603305785
2022-01-24,fesx1s,1,2022-02-07,0.014419521813159086,1,0.03443620223172035,10,2.0,1.25,garch,0.09421487603305785
2022-01-25,fesx1s,1,2022-02-08,0.01080152203203566,1,0.03443620223172035,10,2.0,1.25,garch,0.09421487603305785
2022-01-26,fesx1s,-1,2022-02-09,-0.008305247953585226,0,0.03443620223172035,10,2.0,1.25,garch,0.09338842975206613
2022-01-27,fesx1s,-1,2022-02-10,-0.00624549603769875,0,0.03443620223172035,10,2.0,1.25,garch,0.09256198347107439
2022-01-28,fesx1s,-1,2022-02-11,-0.004361521686285119,0,0.03443620223172035,10,2.0,1.25,garch,0.09173553719008264
2022-01-31,fesx1s,1,2022-02-14,-0.02196475983597379,0,0.03443620223172035,10,2.0,1.25,garch,0.09090909090909091
2022-02-01,fesx1s,1,2022-02-15,-0.018908312522491033,0,0.04232986274173739,10,2.0,1.25,garch,0.09090909090909091
2022-02-02,fesx1s,1,2022-02-16,-0.019917012447892013,0,0.04232986274173739,10,2.0,1.25,garch,0.09090909090909091
2022-02-03,fesx1s,-1,2022-02-17,0.006777199564241498,1,0.04232986274173739,10,2.0,1.25,garch,0.09090909090909091
2022-02-04,fesx1s,1,2022-02-18,-0.0009824389052717208,0,0.04232986274173739,10,2.0,1.25,garch,0.09090909090909091
2022-02-07,fesx1s,1,2022-02-21,-0.033896245898730415,0,0.04232986274173739,10,2.0,1.25,garch,0.09090909090909091
2022-02-08,fesx1s,1,2022-02-22,-0.0349726775958753,0,0.04232986274173739,10,2.0,1.25,garch,0.09090909090909091
2022-02-09,fesx1s,-1,2022-02-23,0.05347976602533899,1,0.04232986274173739,10,2.0,1.25,garch,0.09090909090909091
2022-02-10,fesx1s,-1,2022-02-24,0.08725232752476364,1,0.04232986274173739,10,2.0,1.25,garch,0.09090909090909091
2022-02-11,fesx1s,-1,2022-02-25,0.044270205066464285,1,0.04232986274173739,10,2.0,1.25,garch,0.09090909090909091
2022-02-14,fesx1s,-1,2022-02-28,0.030848963475886282,1,0.04232986274173739,10,2.0,1.25,garch,0.09090909090909091
2022-02-15,fesx1s,-1,2022-03-01,0.0860606060604332,1,0.04232986274173739,10,2.0,1.25,garch,0.09090909090909091
2022-02-16,fesx1s,-1,2022-03-01,0.08794000241929922,1,0.04232986274173739,10,2.0,1.25,garch,0.09090909090909091
2022-02-17,fesx1s,-1,2022-03-03,0.08907030583525977,1,0.04232986274173739,10,2.0,1.25,garch,0.09173553719008264
2022-02-18,fesx1s,-1,2022-03-04,0.12513829133389187,1,0.04232986274173739,10,2.0,1.25,garch,0.09256198347107439
2022-02-21,fesx1s,-1,2022-03-04,0.10500503018216667,1,0.04232986274173739,10,2.0,1.25,garch,0.09272727272727273
2022-02-22,fesx1s,-1,2022-03-04,0.10444192777179384,1,0.04232986274173739,10,2.0,1.25,garch,0.09292929292929292
2022-02-23,fesx1s,-1,2022-03-04,0.10240887880048954,1,0.04232986274173739,10,2.0,1.25,garch,0.09318181818181819
2022-02-24,fesx1s,1,2022-03-04,-0.06930822544855153,0,0.04232986274173739,10,2.0,1.25,garch,0.09350649350649351
2022-02-25,fesx1s,1,2022-03-03,-0.056418023474758106,0,0.04232986274173739,10,2.0,1.25,garch,0.09272727272727273
2022-02-28,fesx1s,-1,2022-03-04,0.09383753501409398,1,0.04232986274173739,10,2.0,1.25,garch,0.09454545454545456
2022-03-01,fesx1s,-1,2022-03-15,0.007982058976577333,1,0.04232986274173739,10,2.0,1.25,garch,0.11985110848747213
2022-03-02,fesx1s,1,2022-03-16,0.01787959843990783,1,0.07123669149744405,10,2.0,1.25,garch,0.11985110848747213
2022-03-03,fesx1s,1,2022-03-17,0.04074423590667764,1,0.07123669149744405,10,2.0,1.25,garch,0.11902466220648038
2022-03-04,fesx1s,1,2022-03-18,0.09424835488807393,1,0.07123669149744405,10,2.0,1.25,garch,0.11902466220648038
2022-03-07,fesx1s,1,2022-03-21,0.10597313789408203,1,0.07123669149744405,10,2.0,1.25,garch,0.11819821592548863
2022-03-08,fesx1s,1,2022-03-22,0.11316672409075945,1,0.07123669149744405,10,2.0,1.25,garch,0.10828086055358782
2022-03-09,fesx1s,-1,2022-03-23,-0.03402980652661336,0,0.07123669149744405,10,2.0,1.25,garch,0.10139380821199002
2022-03-10,fesx1s,-1,2022-03-24,-0.06398048596276351,0,0.07123669149744405,10,2.0,1.25,garch,0.09667125803489439
2022-03-11,fesx1s,-1,2022-03-25,-0.04942318047968919,0,0.07123669149744405,10,2.0,1.25,garch,0.09357208448117539
2022-03-14,fesx1s,-1,2022-03-28,-0.04276540511018534,0,0.07123669149744405,10,2.0,1.25,garch,0.09173553719008264
2022-03-15,fesx1s,-1,2022-03-29,-0.07016823963864338,0,0.07123669149744405,10,2.0,1.25,garch,0.09090909090909091
2022-03-16,fesx1s,-1,2022-03-30,-0.014176949330035882,0,0.07123669149744405,10,2.0,1.25,garch,0.09090909090909091
2022-03-17,fesx1s,-1,2022-03-31,-0.005391190006364788,0,0.07123669149744405,10,2.0,1.25,garch,0.09090909090909091
2022-03-18,fesx1s,-1,2022-04-01,-0.008145034156918918,0,0.07123669149744405,10,2.0,1.25,garch,0.09090909090909091
2022-03-21,fesx1s,-1,2022-04-04,-0.01866947146900677,0,0.07123669149744405,10,2.0,1.25,garch,0.09090909090909091
2022-03-22,fesx1s,-1,2022-04-05,0.0010441138081155321,1,0.07123669149744405,10,2.0,1.25,garch,0.09090909090909091
2022-03-23,fesx1s,-1,2022-04-06,0.010843692144519523,1,0.07123669149744405,10,2.0,1.25,garch,0.09090909090909091
2022-03-24,fesx1s,-1,2022-04-07,0.01822503962062827,1,0.07123669149744405,10,2.0,1.25,garch,0.09090909090909091
2022-03-25,fesx1s,-1,2022-04-08,0.0036978341264251036,1,0.07123669149744405,10,2.0,1.25,garch,0.09090909090909091
2022-03-28,fesx1s,1,2022-04-11,-0.016247379455556987,0,0.07123669149744405,10,2.0,1.25,garch,0.09090909090909091
2022-03-29,fesx1s,-1,2022-04-12,0.04038854805775349,1,0.07123669149744405,10,2.0,1.25,garch,0.09090909090909091
2022-03-30,fesx1s,-1,2022-04-13,0.030546207610674836,1,0.07123669149744405,10,2.0,1.25,garch,0.09090909090909091
2022-03-31,fesx1s,1,2022-04-14,-0.012032435260343366,0,0.0498664083265743,10,2.0,1.25,garch,0.09090909090909091
2022-04-01,fesx1s,1,2022-04-19,-0.020328381547567553,0,0.0498664083265743,10,2.0,1.25,garch,0.09090909090909091
2022-04-04,fesx1s,-1,2022-04-20,0.013422818791606561,1,0.0498664083265743,10,2.0,1.25,garch,0.09090909090909091
2022-04-05,fesx1s,1,2022-04-21,0.008622942252585641,1,0.0498664083265743,10,2.0,1.25,garch,0.09090909090909091
2022-04-06,fesx1s,1,2022-04-22,0.007754010693906022,1,0.0498664083265743,10,2.0,1.25,garch,0.09090909090909091
2022-04-07,fesx1s,1,2022-04-25,-0.00860909335422999,0,0.0498664083265743,10,2.0,1.25,garch,0.09090909090909091
2022-04-08,fesx1s,1,2022-04-26,-0.03075291622495213,0,0.0498664083265743,10,2.0,1.25,garch,0.09090909090909091
2022-04-11,fesx1s,1,2022-04-27,-0.025572722429293537,0,0.0498664083265743,10,2.0,1.25,garch,0.09090909090909091
2022-04-12,fesx1s,1,2022-04-28,-0.012519978688543487,0,0.0498664083265743,10,2.0,1.25,garch,0.09090909090909091
2022-04-13,fesx1s,1,2022-04-29,-0.0024032042708254098,0,0.0498664083265743,10,2.0,1.25,garch,0.09090909090909091
2022-04-14,fesx1s,1,2022-05-02,-0.02912364310355542,0,0.0498664083265743,10,2.0,1.25,garch,0.09090909090909091
2022-04-19,fesx1s,-1,2022-05-03,0.01383346634707383,1,0.0498664083265743,10,2.0,1.25,garch,0.09090909090909091
2022-04-20,fesx1s,-1,2022-05-04,0.03689167974800778,1,0.0498664083265743,10,2.0,1.25,garch,0.09090909090909091
2022-04-21,fesx1s,-1,2022-05-05,0.054663212436139585,1,0.0498664083265743,10,2.0,1.25,garch,0.09090909090909091
2022-04-22,fesx1s,-1,2022-05-06,0.04218625630100947,1,0.0498664083265743,10,2.0,1.25,garch,0.09090909090909091
2022-04-25,fesx1s,1,2022-05-09,-0.049932157395173316,0,0.0498664083265743,10,2.0,1.25,garch,0.09090909090909091
2022-04-26,fesx1s,1,2022-05-10,-0.03501094091827439,0,0.0498664083265743,10,2.0,1.25,garch,0.09274563820018367
2022-04-27,fesx1s,1,2022-05-11,-0.011755057407844327,0,0.0498664083265743,10,2.0,1.25,garch,0.09458218549127641
2022-04-28,fesx1s,-1,2022-05-12,0.02994335041774665,1,0.0498664083265743,10,2.0,1.25,garch,0.09641873278236916
2022-04-29,fesx1s,1,2022-05-09,-0.0629014989302088,0,0.0498664083265743,10,2.0,1.25,garch,0.09090909090909093
2022-05-02,fesx1s,1,2022-05-16,-0.0019089173715103325,0,0.0498664083265743,10,2.0,1.25,garch,0.09908172635445366
2022-05-03,fesx1s,1,2022-05-09,-0.05557054221786317,0,0.04361262748959263,10,2.0,1.25,garch,0.09090909090909091
2022-05-04,fesx1s,-1,2022-05-18,0.0035316490083280305,1,0.04361262748959263,10,2.0,1.25,garch,0.09990817263544537
2022-05-05,fesx1s,-1,2022-05-19,0.0087695258968703,1,0.04361262748959263,10,2.0,1.25,garch,0.09990817263544537
2022-05-06,fesx1s,-1,2022-05-20,-0.008587257618065669,0,0.04361262748959263,10,2.0,1.25,garch,0.09990817263544537
2022-05-09,fesx1s,1,2022-05-23,0.05484147386434124,1,0.04361262748959263,10,2.0,1.25,garch,0.09990817263544537
2022-05-10,fesx1s,1,2022-05-24,0.03259637188136466,1,0.04361262748959263,10,2.0,1.25,garch,0.09990817263544537
2022-05-11,fesx1s,1,2022-05-25,0.018257261411145587,1,0.04361262748959263,10,2.0,1.25,garch,0.09807162534435263
2022-05-12,fesx1s,-1,2022-05-26,-0.04115684093383165,0,0.04361262748959263,10,2.0,1.25,garch,0.09623507805325987
2022-05-13,fesx1s,1,2022-05-27,0.03341483292454006,1,0.04361262748959263,10,2.0,1.25,garch,0.09439853076216713
2022-05-16,fesx1s,-1,2022-05-30,-0.049180327869525975,0,0.04361262748959263,10,2.0,1.25,garch,0.09256198347107439
2022-05-17,fesx1s,1,2022-05-31,0.016657710908760448,1,0.04361262748959263,10,2.0,1.25,garch,0.09357208448117539
2022-05-18,fesx1s,-1,2022-06-01,-0.02317339149379727,0,0.04361262748959263,10,2.0,1.25,garch,0.09458218549127641
2022-05-19,fesx1s,-1,2022-05-30,-0.06165330384302936,0,0.04361262748959263,10,2.0,1.25,garch,0.09090909090909091
2022-05-20,fesx1s,-1,2022-05-30,-0.05465531447414573,0,0.04361262748959263,10,2.0,1.25,garch,0.09090909090909093
2022-05-23,fesx1s,-1,2022-06-06,-0.03980503655612466,0,0.04361262748959263,10,2.0,1.25,garch,0.09724517906336089
2022-05-24,fesx1s,-1,2022-06-07,-0.043919846280922714,0,0.04361262748959263,10,2.0,1.25,garch,0.09724517906336087
2022-05-25,fesx1s,-1,2022-06-08,-0.02770986145009502,0,0.04361262748959263,10,2.0,1.25,garch,0.09724517906336089
2022-05-26,fesx1s,-1,2022-06-09,0.005608974360036378,1,0.04361262748959263,10,2.0,1.25,garch,0.09724517906336089
2022-05-27,fesx1s,-1,2022-06-10,0.05494216614031033,1,0.04361262748959263,10,2.0,1.25,garch,0.09724517906336087
2022-05-30,fesx1s,-1,2022-06-13,0.0872395833338101,1,0.04361262748959263,10,2.0,1.25,garch,0.09724517906336087
2022-05-31,fesx1s,-1,2022-06-14,0.08116714267755076,1,0.04361262748959263,10,2.0,1.25,garch,0.10413223140495868
2022-06-01,fesx1s,1,2022-06-13,-0.06608046895896846,0,0.043987614142770005,10,2.0,1.25,garch,0.09640852974186308
2022-06-02,fesx1s,-1,2022-06-16,0.09389240429989976,1,0.043987614142770005,10,2.0,1.25,garch,0.1172635445362718
2022-06-03,fesx1s,1,2022-06-13,-0.07226045526723057,0,0.043987614142770005,10,2.0,1.25,garch,0.09220779220779222
2022-06-06,fesx1s,-1,2022-06-14,0.09456678851291334,1,0.043987614142770005,10,2.0,1.25,garch,0.10173160173160174
2022-06-07,fesx1s,1,2022-06-13,-0.07835919011366166,0,0.043987614142770005,10,2.0,1.25,garch,0.09090909090909091
2022-06-08,fesx1s,1,2022-06-13,-0.07348665080659345,0,0.043987614142770005,10,2.0,1.25,garch,0.09090909090909091
2022-06-09,fesx1s,1,2022-06-13,-0.05855492882045288,0,0.043987614142770005,10,2.0,1.25,garch,0.0909090909090909
2022-06-10,fesx1s,-1,2022-06-24,0.013853976599151219,1,0.043987614142770005,10,2.0,1.25,garch,0.1741046831955923
2022-06-13,fesx1s,1,2022-06-27,0.013474770643110423,1,0.043987614142770005,10,2.0,1.25,garch,0.18856749311294765
2022-06-14,fesx1s,1,2022-06-28,0.021676300578322483,1,0.043987614142770005,10,2.0,1.25,garch,0.21060606060606063
2022-06-15,fesx1s,-1,2022-06-29,0.004551920342365512,1,0.043987614142770005,10,2.0,1.25,garch,0.24090909090909093
2022-06-16,fesx1s,-1,2022-06-30,-0.005552308593017585,0,0.043987614142770005,10,2.0,1.25,garch,0.31363636363636366
2020-01-07,cl1s,-1,2020-01-22,0.09552180727235737,1,0.06733813704699637,15,1.25,1.0,garch,0.9545454545454546
2020-01-22,cl1s,-1,2020-01-31,0.09129362000182573,1,0.06733813704699637,15,1.25,1.0,garch,0.2772321428571428
2020-01-23,cl1s,-1,2020-02-03,0.09857888102086665,1,0.06808666535168734,15,1.25,1.0,garch,0.2325892857142857
2020-01-24,cl1s,-1,2020-02-10,0.08525558221771734,1,0.06808666535168734,15,1.25,1.0,garch,0.1671957671957672
2020-01-27,cl1s,-1,2020-02-18,0.020566932923882786,1,0.06808666535168734,15,1.25,1.0,garch,0.1309756216006216
2020-01-28,cl1s,-1,2020-02-19,0.004459643636214317,1,0.06808666535168734,15,1.25,1.0,garch,0.1198149073149073
2020-01-29,cl1s,-1,2020-02-20,-0.005619471774987561,0,0.06808666535168734,15,1.25,1.0,garch,0.11177919302919302
2020-01-30,cl1s,-1,2020-02-21,-0.019025878143469566,0,0.06808666535168734,15,1.25,1.0,garch,0.10582681207681208
2020-01-31,cl1s,-1,2020-02-24,0.007155381515784431,1,0.06808666535168734,15,1.25,1.0,garch,0.10136252636252635
2020-02-05,cl1s,1,2020-02-27,-0.07642894358059571,0,0.06808666535168734,15,1.25,1.0,garch,0.08834169302919302
2020-02-06,cl1s,1,2020-02-27,-0.0800543449928367,0,0.06808666535168734,15,1.25,1.0,garch,0.08470732970732969
2020-02-07,cl1s,1,2020-02-27,-0.06853674241421193,0,0.06808666535168734,15,1.25,1.0,garch,0.08182928182928181
2020-02-10,cl1s,1,2020-02-28,-0.10122945862674948,0,0.06808666535168734,15,1.25,1.0,garch,0.0857975357975358
2020-02-11,cl1s,1,2020-02-28,-0.10788835129994312,0,0.06808666535168734,15,1.25,1.0,garch,0.0847050385511924
2020-02-12,cl1s,1,2020-02-27,-0.08400955400649468,0,0.06808666535168734,15,1.25,1.0,garch,0.07586353040898496
2020-02-13,cl1s,1,2020-02-27,-0.08846302769103509,0,0.06808666535168734,15,1.25,1.0,garch,0.07435897435897434
2020-02-14,cl1s,1,2020-02-26,-0.06861620802165058,0,0.06808666535168734,15,1.25,1.0,garch,0.07211538461538461
2020-02-18,cl1s,1,2020-02-27,-0.09944540086701126,0,0.06808666535168734,15,1.25,1.0,garch,0.07291666666666666
2020-02-19,cl1s,1,2020-02-26,-0.0889885957958062,0,0.06808666535168734,15,1.25,1.0,garch,0.07142857142857141
2020-02-20,cl1s,1,2020-02-25,-0.07386785491657755,0,0.06808666535168734,15,1.25,1.0,garch,0.07142857142857142
2020-02-21,cl1s,1,2020-02-26,-0.0871112774316164,0,0.06808666535168734,15,1.25,1.0,garch,0.07142857142857142
2020-02-24,cl1s,1,2020-02-27,-0.0843865447505,0,0.06452949179598329,15,1.25,1.0,garch,0.0744047619047619
2020-02-25,cl1s,1,2020-02-28,-0.10300601189237046,0,0.06452949179598329,15,1.25,1.0,garch,0.0982142857142857
2020-02-26,cl1s,1,2020-02-28,-0.0814693209049987,0,0.06452949179598329,15,1.25,1.0,garch,0.10714285714285714
2020-02-27,cl1s,1,2020-03-06,-0.12338076039307988,0,0.06452949179598329,15,1.25,1.0,garch,0.39285714285714285
2020-02-28,cl1s,1,2020-03-06,-0.0777479893830979,0,0.06452949179598329,15,1.25,1.0,garch,0.4444444444444444
2020-03-18,cl1s,1,2020-03-19,0.2438790202528529,1,0.06452949179598329,15,1.25,1.0,garch,1.0
2020-03-20,cl1s,1,2020-03-25,0.08219178024545215,1,0.06452949179598329,15,1.25,1.0,garch,0.5416666666666666
2020-03-23,cl1s,1,2020-03-27,-0.07919520532055069,0,0.06452949179598329,15,1.25,1.0,garch,0.35
2020-03-24,cl1s,1,2020-04-15,-0.17242815531886957,0,0.4876447300277048,15,1.25,1.0,garch,0.265625
2020-03-26,cl1s,1,2020-04-17,-0.15489767305899071,0,0.4876447300277048,15,1.25,1.0,garch,0.265625
2020-03-27,cl1s,1,2020-04-20,-0.2752556410056163,0,0.4876447300277048,15,1.25,1.0,garch,0.27604166666666663
2020-03-30,cl1s,1,2020-04-21,-0.560549149665749,0,0.4876447300277048,15,1.25,1.0,garch,0.29166666666666663
2020-04-21,cl1s,1,2020-04-30,0.6283491793084321,1,0.4876447300277048,15,1.25,1.0,garch,0.2772321428571428
2020-04-22,cl1s,1,2020-05-05,0.7822931815705825,1,0.4876447300277048,15,1.25,1.0,garch,0.20539682539682538
2020-04-23,cl1s,1,2020-05-14,0.6640356833546726,1,0.7816436784507341,15,1.25,1.0,garch,0.13528728216228217
2020-04-24,cl1s,1,2020-05-15,0.7161559747286552,1,0.7816436784507341,15,1.25,1.0,garch,0.11926164113664114
2020-04-27,cl1s,1,2020-05-12,1.0172143975443477,1,0.7816436784507341,15,1.25,1.0,garch,0.11940929440929439
2020-04-28,cl1s,1,2020-05-05,0.9902755281657905,1,0.7816436784507341,15,1.25,1.0,garch,0.12843915343915344
2020-04-29,cl1s,1,2020-05-18,1.0696769016614849,1,0.7816436784507341,15,1.25,1.0,garch,0.09820378034663747
2020-04-30,cl1s,1,2020-05-21,0.7730817314552498,1,0.7816436784507341,15,1.25,1.0,garch,0.09262473637473637
2020-05-01,cl1s,1,2020-05-22,0.6554618324354393,1,0.7816436784507341,15,1.25,1.0,garch,0.09049405455655456
2020-05-04,cl1s,1,2020-05-26,0.6590647111974834,1,0.7816436784507341,15,1.25,1.0,garch,0.08893155455655456
2020-05-05,cl1s,1,2020-05-27,0.3156236676910533,1,0.7816436784507341,15,1.25,1.0,garch,0.08823711011211012
2020-05-06,cl1s,1,2020-05-28,0.38382863882674134,1,0.7816436784507341,15,1.25,1.0,garch,0.0882371101121101
2020-05-07,cl1s,1,2020-05-29,0.48411959030294893,1,0.7816436784507341,15,1.25,1.0,garch,0.0882371101121101
2020-05-08,cl1s,1,2020-06-01,0.4107427529139518,1,0.7816436784507341,15,1.25,1.0,garch,0.08979961011211011
2020-05-11,cl1s,1,2020-06-02,0.5016971677359392,1,0.7816436784507341,15,1.25,1.0,garch,0.09304636335886336
2020-05-12,cl1s,1,2020-06-03,0.4245027119175886,1,0.7816436784507341,15,1.25,1.0,garch,0.09825469669219669
2020-05-13,cl1s,1,2020-06-04,0.45677570167644777,1,0.7816436784507341,15,1.25,1.0,garch,0.10386367105117106
2020-05-14,cl1s,1,2020-06-05,0.4185796267577895,1,0.7816436784507341,15,1.25,1.0,garch,0.1094726454101454
2020-05-19,cl1s,1,2020-06-10,0.23904881085705076,1,0.7816436784507341,15,1.25,1.0,garch,0.12215007215007215
2020-05-27,cl1s,1,2020-06-17,0.15644845218456505,1,0.399349901338098,15,1.25,1.0,garch,0.1294890873015873
2020-05-28,cl1s,1,2020-06-18,0.15031758212977886,1,0.399349901338098,15,1.25,1.0,garch,0.1294890873015873
2020-06-04,cl1s,1,2020-06-25,0.027786981965956192,1,0.399349901338098,15,1.25,1.0,garch,0.11554903429903429
2020-06-05,cl1s,1,2020-06-26,-0.03360005775305064,0,0.399349901338098,15,1.25,1.0,garch,0.10959665334665335
2020-06-08,cl1s,1,2020-06-29,0.032277165127061025,1,0.399349901338098,15,1.25,1.0,garch,0.10364427239427239
2020-06-09,cl1s,1,2020-06-30,0.0014296047501645148,1,0.399349901338098,15,1.25,1.0,garch,0.09769189144189144
2020-06-10,cl1s,1,2020-07-01,-0.0014690237610686108,0,0.399349901338098,15,1.25,1.0,garch,0.09322760572760572
2020-06-11,cl1s,1,2020-07-02,0.11078779395950233,1,0.399349901338098,15,1.25,1.0,garch,0.08987939144189144
2020-06-12,cl1s,1,2020-07-06,0.11269079380713443,1,0.399349901338098,15,1.25,1.0,garch,0.08653117715617716
2020-06-17,cl1s,1,2020-07-09,0.03690133546958263,1,0.399349901338098,15,1.25,1.0,garch,0.0782350462037962
2020-06-18,cl1s,1,2020-07-10,0.03841229155240966,1,0.399349901338098,15,1.25,1.0,garch,0.0758912962037962
2020-06-19,cl1s,1,2020-07-13,0.006778810112880729,1,0.399349901338098,15,1.25,1.0,garch,0.07354754620379621
2020-06-22,cl1s,1,2020-07-14,-0.010802848322982728,0,0.399349901338098,15,1.25,1.0,garch,0.0712037962037962
2020-06-23,cl1s,1,2020-07-15,0.02055982182139582,1,0.15970697631712052,15,1.25,1.0,garch,0.06942822802197803
2020-06-24,cl1s,1,2020-07-16,0.07161985073500343,1,0.15970697631712052,15,1.25,1.0,garch,0.0681261446886447
2020-06-25,cl1s,1,2020-07-17,0.04734349382407621,1,0.15970697631712052,15,1.25,1.0,garch,0.06722470238095238
2020-06-26,cl1s,1,2020-07-20,0.05799737139687977,1,0.15970697631712052,15,1.25,1.0,garch,0.06666666666666665
2020-06-29,cl1s,1,2020-07-21,0.05081833592530849,1,0.15970697631712052,15,1.25,1.0,garch,0.06610863095238095
2020-06-30,cl1s,1,2020-07-22,0.0618177881066444,1,0.15970697631712052,15,1.25,1.0,garch,0.06555059523809523
2020-07-01,cl1s,1,2020-07-23,0.02640869387903222,1,0.15970697631712052,15,1.25,1.0,garch,0.06499255952380953
2020-07-02,cl1s,1,2020-07-24,0.01083718106894449,1,0.15970697631712052,15,1.25,1.0,garch,0.0644345238095238
2020-07-06,cl1s,1,2020-07-27,0.018927733302300798,1,0.15970697631712052,15,1.25,1.0,garch,0.06387648809523809
2020-07-07,cl1s,1,2020-07-28,0.005458865873901875,1,0.15970697631712052,15,1.25,1.0,garch,0.06331845238095238
2020-07-08,cl1s,1,2020-07-29,0.004171834338458469,1,0.15970697631712052,15,1.25,1.0,garch,0.06276041666666667
2020-07-09,cl1s,1,2020-07-30,0.0027044357786387696,1,0.15970697631712052,15,1.25,1.0,garch,0.0625
2020-07-10,cl1s,1,2020-07-31,-0.01170261545922735,0,0.15970697631712052,15,1.25,1.0,garch,0.0625
2020-07-13,cl1s,1,2020-08-03,0.017752720098931363,1,0.15970697631712052,15,1.25,1.0,garch,0.0625
2020-07-14,cl1s,1,2020-08-04,0.029996295501252268,1,0.15970697631712052,15,1.25,1.0,garch,0.0625
2020-07-15,cl1s,1,2020-08-05,0.019082125203972122,1,0.15970697631712052,15,1.25,1.0,garch,0.06276041666666667
2020-07-16,cl1s,1,2020-08-06,0.024920596243695137,1,0.15970697631712052,15,1.25,1.0,garch,0.06331845238095238
2020-07-17,cl1s,1,2020-08-07,0.011533742338198039,1,0.15970697631712052,15,1.25,1.0,garch,0.0642198946886447
2020-07-20,cl1s,1,2020-08-10,0.024926686336724124,1,0.15970697631712052,15,1.25,1.0,garch,0.06552197802197801
2020-07-21,cl1s,1,2020-08-11,-0.007395037963032203,0,0.15970697631712052,15,1.25,1.0,garch,0.0672975462037962
2020-07-22,cl1s,1,2020-08-12,0.018377088297800492,1,0.15970697631712052,15,1.25,1.0,garch,0.0696412962037962
2020-07-23,cl1s,1,2020-08-13,0.02848794709715574,1,0.07973851849983402,15,1.25,1.0,garch,0.07267949064824064
2020-07-24,cl1s,1,2020-08-14,0.017437636358415887,1,0.07973851849983402,15,1.25,1.0,garch,0.07658574064824064
2020-07-27,cl1s,1,2020-08-17,0.030382263836559176,1,0.07973851849983402,15,1.25,1.0,garch,0.08160806207681208
2020-07-28,cl1s,1,2020-08-18,0.04323237547239045,1,0.07973851849983402,15,1.25,1.0,garch,0.08811847874347875
2020-07-29,cl1s,1,2020-08-19,0.037177794472692094,1,0.07973851849983402,15,1.25,1.0,garch,0.09671222874347873
2020-07-30,cl1s,1,2020-08-20,0.06503967483579975,1,0.07973851849983402,15,1.25,1.0,garch,0.10843097874347875
2020-07-31,cl1s,1,2020-08-21,0.04394803276517534,1,0.07973851849983402,15,1.25,1.0,garch,0.12014972874347875
2020-08-03,cl1s,1,2020-08-24,0.03188983025164083,1,0.07973851849983402,15,1.25,1.0,garch,0.13186847874347873
2020-08-04,cl1s,1,2020-08-25,0.03219726226663444,1,0.07973851849983402,15,1.25,1.0,garch,0.14358722874347873
2020-08-21,cl1s,1,2020-09-08,-0.1317902690585856,0,0.06378250955799918,15,1.25,1.0,garch,0.24583333333333332
2020-08-24,cl1s,1,2020-09-04,-0.0668700148265261,0,0.06378250955799918,15,1.25,1.0,garch,0.21999999999999997
2020-08-25,cl1s,1,2020-09-04,-0.08258362186356316,0,0.06378250955799918,15,1.25,1.0,garch,0.21666666666666667
2020-08-26,cl1s,1,2020-09-04,-0.08342936207812357,0,0.06378250955799918,15,1.25,1.0,garch,0.2125
2020-09-01,cl1s,1,2020-09-04,-0.06992516440165908,0,0.06378250955799918,15,1.25,1.0,garch,0.175
2020-09-02,cl1s,1,2020-09-08,-0.11443025774356952,0,0.06378250955799918,15,1.25,1.0,garch,0.25
2020-09-16,cl1s,1,2020-10-02,-0.08314773579694423,0,0.06378250955799918,15,1.25,1.0,garch,0.3861444111444111
2020-09-21,cl1s,1,2020-10-12,-0.00278199371262311,0,0.06378250955799918,15,1.25,1.0,garch,0.15625294844044843
2020-09-22,cl1s,1,2020-10-13,0.010050251554224232,1,0.12374435030286707,15,1.25,1.0,garch,0.1291696151071151
2020-09-23,cl1s,1,2020-10-14,0.0277986478772414,1,0.12374435030286707,15,1.25,1.0,garch,0.11250294844044845
2020-09-24,cl1s,1,2020-10-15,0.015646878897725758,1,0.12374435030286707,15,1.25,1.0,garch,0.1010446151071151
2020-09-25,cl1s,1,2020-10-16,0.014201155103015228,1,0.12374435030286707,15,1.25,1.0,garch,0.09271128177378177
2020-09-28,cl1s,1,2020-10-19,0.003990933658044149,1,0.12374435030286707,15,1.25,1.0,garch,0.08646128177378178
2020-09-29,cl1s,1,2020-10-20,0.053636739293590585,1,0.12374435030286707,15,1.25,1.0,garch,0.08169937701187702
2020-09-30,cl1s,1,2020-10-21,-0.01194663015808295,0,0.12374435030286707,15,1.25,1.0,garch,0.07805354367854368
2020-10-01,cl1s,1,2020-10-22,0.041970037243717284,1,0.12374435030286707,15,1.25,1.0,garch,0.0752757659007659
2020-10-02,cl1s,1,2020-10-23,0.06776822632704449,1,0.12374435030286707,15,1.25,1.0,garch,0.07319243256743257
2020-10-05,cl1s,1,2020-10-26,-0.023962922416913668,0,0.12374435030286707,15,1.25,1.0,garch,0.07167728105228105
2020-10-07,cl1s,1,2020-10-28,-0.07087197180828286,0,0.12374435030286707,15,1.25,1.0,garch,0.06838656135531135
2020-10-08,cl1s,1,2020-10-29,-0.12824670699601937,0,0.12374435030286707,15,1.25,1.0,garch,0.06708447802197802
2020-10-09,cl1s,1,2020-10-30,-0.12487005568498577,0,0.12374435030286707,15,1.25,1.0,garch,0.06748511904761906
2020-10-12,cl1s,1,2020-11-02,-0.07322156369325183,0,0.12374435030286707,15,1.25,1.0,garch,0.07194940476190476
2020-10-13,cl1s,1,2020-11-03,-0.06998245337537623,0,0.12374435030286707,15,1.25,1.0,garch,0.07671130952380951
2020-10-14,cl1s,1,2020-10-29,-0.12506047401568443,0,0.12374435030286707,15,1.25,1.0,garch,0.06597222222222222
2020-10-15,cl1s,1,2020-10-30,-0.13215324949678064,0,0.12374435030286707,15,1.25,1.0,garch,0.06736111111111111
2020-10-16,cl1s,1,2020-10-30,-0.1296206226762795,0,0.12374435030286707,15,1.25,1.0,garch,0.06742424242424243
2020-10-19,cl1s,1,2020-10-30,-0.12834875796489964,0,0.12374435030286707,15,1.25,1.0,garch,0.06749999999999999
2020-10-20,cl1s,1,2020-10-29,-0.13261390839901777,0,0.12374435030286707,15,1.25,1.0,garch,0.06562499999999999
2020-10-21,cl1s,1,2020-10-29,-0.09642767933580876,0,0.09383559755970076,15,1.25,1.0,garch,0.06547619047619048
2020-10-22,cl1s,1,2020-10-29,-0.10999015742900398,0,0.09383559755970076,15,1.25,1.0,garch,0.06527777777777778
2020-10-23,cl1s,1,2020-10-30,-0.10188205806201145,0,0.09383559755970076,15,1.25,1.0,garch,0.06805555555555555
2020-10-26,cl1s,1,2020-11-16,0.07209543539596064,1,0.09383559755970076,15,1.25,1.0,garch,0.09948142135642135
2020-10-27,cl1s,1,2020-10-30,-0.09552691438382077,0,0.09383559755970076,15,1.25,1.0,garch,0.06874999999999999
2020-10-28,cl1s,1,2020-11-18,0.11734596289974175,1,0.09383559755970076,15,1.25,1.0,garch,0.10116411366411365
2020-10-29,cl1s,1,2020-11-10,0.1434890792403538,1,0.09383559755970076,15,1.25,1.0,garch,0.11227954144620811
2020-10-30,cl1s,1,2020-11-09,0.1257334451302825,1,0.09383559755970076,15,1.25,1.0,garch,0.12114512471655328
2020-11-02,cl1s,1,2020-11-10,0.12360771534789405,1,0.09383559755970076,15,1.25,1.0,garch,0.12352607709750567
2020-11-03,cl1s,1,2020-11-20,0.12016189837337543,1,0.09383559755970076,15,1.25,1.0,garch,0.10197798233512516
2020-11-04,cl1s,1,2020-11-24,0.1407795743613185,1,0.09383559755970076,15,1.25,1.0,garch,0.09554575054575053
2020-11-05,cl1s,1,2020-11-24,0.15136685628284074,1,0.09383559755970076,15,1.25,1.0,garch,0.09216636538065108
2020-11-06,cl1s,1,2020-11-18,0.12486713858441778,1,0.09383559755970076,15,1.25,1.0,garch,0.09519122852456184
2020-11-09,cl1s,1,2020-11-25,0.12824755718553926,1,0.09383559755970076,15,1.25,1.0,garch,0.08750394904241057
2020-11-10,cl1s,1,2020-12-02,0.08872033751679709,1,0.09383559755970076,15,1.25,1.0,garch,0.0882371101121101
2020-11-11,cl1s,1,2020-12-03,0.09499351836215841,1,0.09383559755970076,15,1.25,1.0,garch,0.08719544344544344
2020-11-12,cl1s,1,2020-12-04,0.11877555942619966,1,0.09383559755970076,15,1.25,1.0,garch,0.08545933233433234
2020-11-13,cl1s,1,2020-11-25,0.13274592694620102,1,0.09383559755970076,15,1.25,1.0,garch,0.08071558071558071
2020-11-16,cl1s,1,2020-12-08,0.09694491238092096,1,0.09383559755970076,15,1.25,1.0,garch,0.08354353979353979
2020-11-17,cl1s,1,2020-12-09,0.09291716677748396,1,0.09383559755970076,15,1.25,1.0,garch,0.08314289876789877
2020-11-18,cl1s,1,2020-12-10,0.11354439463330412,1,0.09383559755970076,15,1.25,1.0,garch,0.08314289876789877
2020-11-19,cl1s,1,2020-12-11,0.1114558478161447,1,0.11793890512397937,15,1.25,1.0,garch,0.08354353979353979
2020-11-20,cl1s,1,2020-12-14,0.10773220161488428,1,0.11793890512397937,15,1.25,1.0,garch,0.08401702464202465
2020-11-23,cl1s,1,2020-12-15,0.1058987465464607,1,0.11793890512397937,15,1.25,1.0,garch,0.08545933233433234
2020-11-24,cl1s,1,2020-12-16,0.06479625894389462,1,0.11793890512397937,15,1.25,1.0,garch,0.08759608447108447
2020-12-01,cl1s,1,2020-12-22,0.051485409470499954,1,0.11793890512397937,15,1.25,1.0,garch,0.09667346542346542
2020-12-02,cl1s,1,2020-12-23,0.05873564559793176,1,0.11793890512397937,15,1.25,1.0,garch,0.09992021867021866
2020-12-03,cl1s,1,2020-12-24,0.05278565997472984,1,0.11793890512397937,15,1.25,1.0,garch,0.105128552003552
2020-12-04,cl1s,1,2020-12-28,0.02553880241491968,1,0.11793890512397937,15,1.25,1.0,garch,0.11242021867021867
2020-12-07,cl1s,1,2020-12-29,0.04501748290492524,1,0.11793890512397937,15,1.25,1.0,garch,0.12283688533688535
2020-12-08,cl1s,1,2020-12-30,0.05742324509958041,1,0.11793890512397937,15,1.25,1.0,garch,0.13846188533688533
2020-12-09,cl1s,1,2020-12-31,0.0619079528438895,1,0.11793890512397937,15,1.25,1.0,garch,0.164904193029193
2020-12-11,cl1s,1,2021-01-05,0.0681288917810925,1,0.11793890512397937,15,1.25,1.0,garch,0.20697150072150072
2021-01-04,cl1s,1,2021-01-08,0.09701805949835118,1,0.06822842692649575,15,1.25,1.0,garch,0.3233333333333333
2021-01-05,cl1s,1,2021-01-27,0.057482552590150116,1,0.06822842692649575,15,1.25,1.0,garch,0.18167162698412698
2021-01-06,cl1s,1,2021-01-28,0.032798446191786956,1,0.06822842692649575,15,1.25,1.0,garch,0.16865079365079366
2021-01-07,cl1s,1,2021-01-29,0.0259830317475489,1,0.06822842692649575,15,1.25,1.0,garch,0.15674603174603174
2021-01-08,cl1s,1,2021-02-01,0.02410878635349012,1,0.06822842692649575,15,1.25,1.0,garch,0.1515376984126984
2021-01-11,cl1s,1,2021-02-02,0.047048815208913686,1,0.06822842692649575,15,1.25,1.0,garch,0.1515376984126984
2021-01-15,cl1s,1,2021-02-08,0.1058756199893296,1,0.06822842692649575,15,1.25,1.0,garch,0.1490079365079365
2021-01-19,cl1s,1,2021-02-08,0.09418648527315088,1,0.06822842692649575,15,1.25,1.0,garch,0.1478306878306878
2021-01-20,cl1s,1,2021-02-08,0.08741324290388564,1,0.06822842692649575,15,1.25,1.0,garch,0.1481859410430839
2021-01-21,cl1s,1,2021-02-08,0.0910973083353539,1,0.06822842692649575,15,1.25,1.0,garch,0.14996947496947496
2021-02-04,cl1s,-1,2021-02-17,-0.08713250442677278,0,0.0713198702850684,15,1.25,1.0,garch,0.16723985890652557
2021-02-05,cl1s,-1,2021-02-17,-0.07527635395766286,0,0.0713198702850684,15,1.25,1.0,garch,0.16314484126984127
2021-02-08,cl1s,-1,2021-02-24,-0.09001952942548108,0,0.0713198702850684,15,1.25,1.0,garch,0.1374037999037999
2021-02-09,cl1s,-1,2021-02-24,-0.08273530018103892,0,0.0713198702850684,15,1.25,1.0,garch,0.136908041453496
2021-02-10,cl1s,-1,2021-02-24,-0.0768308131035127,0,0.0713198702850684,15,1.25,1.0,garch,0.12559884559884557
2021-02-11,cl1s,-1,2021-02-24,-0.08496621053948972,0,0.0713198702850684,15,1.25,1.0,garch,0.117332050665384
2021-02-12,cl1s,-1,2021-03-04,-0.07277833348605944,0,0.0713198702850684,15,1.25,1.0,garch,0.11610235003092147
2021-02-16,cl1s,-1,2021-03-05,-0.10003328930722621,0,0.0713198702850684,15,1.25,1.0,garch,0.11482683982683982
2021-02-17,cl1s,-1,2021-03-05,-0.08060824064918326,0,0.0713198702850684,15,1.25,1.0,garch,0.11404428904428904
2021-02-18,cl1s,-1,2021-03-05,-0.09185527877695243,0,0.0713198702850684,15,1.25,1.0,garch,0.11428872053872054
2021-02-19,cl1s,-1,2021-02-25,-0.07205534960679749,0,0.0713198702850684,15,1.25,1.0,garch,0.0992929292929293
2021-02-22,cl1s,-1,2021-03-15,-0.0598055109874418,0,0.0713198702850684,15,1.25,1.0,garch,0.13345959595959594
2021-02-23,cl1s,-1,2021-03-16,-0.050754013455983626,0,0.08789044870557573,15,1.25,1.0,garch,0.13970959595959598
2021-02-24,cl1s,-1,2021-03-17,-0.02135736717630965,0,0.08789044870557573,15,1.25,1.0,garch,0.14965277777777777
2021-02-25,cl1s,-1,2021-03-18,0.05549440689387719,1,0.08789044870557573,15,1.25,1.0,garch,0.16527777777777777
2021-03-05,cl1s,-1,2021-03-23,0.12684872165829753,1,0.08789044870557573,15,1.25,1.0,garch,0.2621794871794872
2021-03-08,cl1s,-1,2021-03-23,0.1128890393171732,1,0.08789044870557573,15,1.25,1.0,garch,0.2736111111111111
2021-04-15,cl1s,1,2021-05-06,0.01889466193065714,1,0.13942014916694453,15,1.25,1.0,garch,0.21155597874347876
2021-04-16,cl1s,1,2021-05-07,0.027061243412423996,1,0.13942014916694453,15,1.25,1.0,garch,0.15352026445776445
2021-04-19,cl1s,1,2021-05-10,0.02349046224576834,1,0.13942014916694453,15,1.25,1.0,garch,0.12707795676545675
2021-04-20,cl1s,1,2021-05-11,0.04164672120188184,1,0.13942014916694453,15,1.25,1.0,garch,0.11145295676545677
2021-04-21,cl1s,1,2021-05-12,0.07709861455569045,1,0.13942014916694453,15,1.25,1.0,garch,0.10103629009879009
2021-04-22,cl1s,1,2021-05-13,0.03890607187543971,1,0.13942014916694453,15,1.25,1.0,garch,0.09421810828060828
2021-04-23,cl1s,1,2021-05-14,0.05197940111151045,1,0.08835754690665544,15,1.25,1.0,garch,0.0894832597957598
2021-04-26,cl1s,1,2021-05-17,0.07075013295894816,1,0.08835754690665544,15,1.25,1.0,garch,0.08623650654900655
2021-04-27,cl1s,1,2021-05-18,0.040832879175963344,1,0.08835754690665544,15,1.25,1.0,garch,0.08467400654900654
2021-04-28,cl1s,1,2021-05-19,-0.007834443131642055,0,0.08835754690665544,15,1.25,1.0,garch,0.08397956210456212
2021-04-29,cl1s,1,2021-05-20,-0.04707773017330641,0,0.08835754690665544,15,1.25,1.0,garch,0.08397956210456212
2021-04-30,cl1s,1,2021-05-21,0.00015299874846896877,1,0.08835754690665544,15,1.25,1.0,garch,0.08454774392274392
2021-05-03,cl1s,1,2021-05-24,0.024346496397964046,1,0.08835754690665544,15,1.25,1.0,garch,0.08558941058941058
2021-05-04,cl1s,1,2021-05-25,0.005938630531591382,1,0.08835754690665544,15,1.25,1.0,garch,0.0870317182817183
2021-05-05,cl1s,1,2021-05-26,0.008991772884536786,1,0.08835754690665544,15,1.25,1.0,garch,0.08881743256743257
2021-05-12,cl1s,1,2021-06-03,0.04147287900824592,1,0.08835754690665544,15,1.25,1.0,garch,0.09275932400932402
2021-05-14,cl1s,1,2021-06-07,0.05921052643518565,1,0.08835754690665544,15,1.25,1.0,garch,0.09114115051615052
2021-05-17,cl1s,1,2021-06-08,0.05687990361450601,1,0.08835754690665544,15,1.25,1.0,garch,0.08992361804861805
2021-05-19,cl1s,1,2021-06-10,0.10955011858158015,1,0.08835754690665544,15,1.25,1.0,garch,0.08662275224775226
2021-05-20,cl1s,1,2021-06-02,0.11123668057222402,1,0.08835754690665544,15,1.25,1.0,garch,0.09457394457394458
2021-05-21,cl1s,1,2021-06-11,0.11528782624622513,1,0.08835754690665544,15,1.25,1.0,garch,0.08382617382617381
2021-05-24,cl1s,1,2021-06-15,0.09190007605393036,1,0.09182903227383318,15,1.25,1.0,garch,0.08160901598401599
2021-05-25,cl1s,1,2021-06-16,0.09202361118498104,1,0.09182903227383318,15,1.25,1.0,garch,0.07982330169830171
2021-05-26,cl1s,1,2021-06-17,0.07199437754519522,1,0.09182903227383318,15,1.25,1.0,garch,0.07803758741258741
2021-05-27,cl1s,1,2021-06-18,0.06938168159988778,1,0.09182903227383318,15,1.25,1.0,garch,0.07625187312687312
2021-05-28,cl1s,1,2021-06-21,0.10559789298297084,1,0.09182903227383318,15,1.25,1.0,garch,0.07446615884115884
2021-06-01,cl1s,1,2021-06-22,0.07874338066647546,1,0.09182903227383318,15,1.25,1.0,garch,0.07324862637362638
2021-06-02,cl1s,1,2021-06-23,0.06469767627082157,1,0.09182903227383318,15,1.25,1.0,garch,0.07284798534798534
2021-06-03,cl1s,1,2021-06-24,0.06821323357866138,1,0.09182903227383318,15,1.25,1.0,garch,0.07284798534798534
2021-06-04,cl1s,1,2021-06-25,0.06658772452567208,1,0.09182903227383318,15,1.25,1.0,garch,0.07284798534798534
2021-06-07,cl1s,1,2021-06-28,0.05608361322043298,1,0.09182903227383318,15,1.25,1.0,garch,0.07284798534798535
2021-06-08,cl1s,1,2021-06-29,0.04472324179282894,1,0.09182903227383318,15,1.25,1.0,garch,0.07319139194139195
2021-06-09,cl1s,1,2021-06-30,0.05309069701525537,1,0.09182903227383318,15,1.25,1.0,garch,0.07353479853479854
2021-06-10,cl1s,1,2021-07-01,0.07325533415052599,1,0.09182903227383318,15,1.25,1.0,garch,0.07387820512820513
2021-06-15,cl1s,1,2021-07-07,0.0038920535577569026,1,0.09182903227383318,15,1.25,1.0,garch,0.07387820512820512
2021-06-16,cl1s,1,2021-07-08,0.013759555646030597,1,0.09182903227383318,15,1.25,1.0,garch,0.07358058608058607
2021-06-17,cl1s,1,2021-07-09,0.053404916887010545,1,0.09182903227383318,15,1.25,1.0,garch,0.07328296703296702
2021-06-18,cl1s,1,2021-07-12,0.03941646760773421,1,0.09182903227383318,15,1.25,1.0,garch,0.07298534798534798
2021-06-21,cl1s,1,2021-07-13,0.02913019667768868,1,0.09182903227383318,15,1.25,1.0,garch,0.07268772893772893
2021-06-22,cl1s,1,2021-07-14,0.003843514068892606,1,0.09182903227383318,15,1.25,1.0,garch,0.07239010989010988
2021-06-24,cl1s,1,2021-07-16,-0.017152595287532102,0,0.06759488493613466,15,1.25,1.0,garch,0.07119104853479853
2021-06-25,cl1s,1,2021-07-19,-0.097939632390741,0,0.06759488493613466,15,1.25,1.0,garch,0.07028960622710623
2021-06-28,cl1s,1,2021-07-19,-0.08383527348793796,0,0.06759488493613466,15,1.25,1.0,garch,0.06984737484737484
2021-06-29,cl1s,1,2021-07-19,-0.08471402803653938,0,0.06759488493613466,15,1.25,1.0,garch,0.06934196755625327
2021-06-30,cl1s,1,2021-07-19,-0.09081842643086169,0,0.06759488493613466,15,1.25,1.0,garch,0.06875880529726683
2021-07-01,cl1s,1,2021-07-19,-0.11208865846391036,0,0.06759488493613466,15,1.25,1.0,garch,0.06807844932844932
2021-07-02,cl1s,1,2021-07-19,-0.11126170527558699,0,0.06759488493613466,15,1.25,1.0,garch,0.06727439227439228
2021-07-06,cl1s,1,2021-07-19,-0.08957925287053559,0,0.06759488493613466,15,1.25,1.0,garch,0.06630952380952382
2021-07-07,cl1s,1,2021-07-19,-0.07482589700462372,0,0.06759488493613466,15,1.25,1.0,garch,0.06574074074074072
2021-07-08,cl1s,1,2021-07-19,-0.08421208923581913,0,0.06759488493613466,15,1.25,1.0,garch,0.06562499999999999
2021-07-09,cl1s,1,2021-07-19,-0.10410984161401349,0,0.06759488493613466,15,1.25,1.0,garch,0.06547619047619048
2021-07-12,cl1s,1,2021-07-19,-0.09854830993535457,0,0.06759488493613466,15,1.25,1.0,garch,0.06527777777777778
2021-07-13,cl1s,1,2021-07-19,-0.11232464804265152,0,0.06759488493613466,15,1.25,1.0,garch,0.065
2021-07-14,cl1s,1,2021-07-19,-0.08659140971180168,0,0.06759488493613466,15,1.25,1.0,garch,0.06458333333333333
2021-07-15,cl1s,1,2021-07-19,-0.0704679178941423,0,0.06759488493613466,15,1.25,1.0,garch,0.06388888888888888
2021-07-16,cl1s,1,2021-07-19,-0.07280603677550579,0,0.06759488493613466,15,1.25,1.0,garch,0.0625
2021-07-19,cl1s,1,2021-07-23,0.08620949492581831,1,0.06759488493613466,15,1.25,1.0,garch,0.26916666666666667
2021-07-20,cl1s,1,2021-07-29,0.09553571397303262,1,0.06759488493613466,15,1.25,1.0,garch,0.23973214285714284
2021-07-21,cl1s,1,2021-08-11,-0.014935988657259425,0,0.06759488493613466,15,1.25,1.0,garch,0.13841609779109776
2021-07-22,cl1s,1,2021-08-09,-0.07551105540582959,0,0.06759488493613466,15,1.25,1.0,garch,0.13409453794069176
2021-07-23,cl1s,1,2021-08-13,-0.050367698041246856,0,0.12668741075927784,15,1.25,1.0,garch,0.11003068112443112
2021-07-26,cl1s,1,2021-08-16,-0.06424697519022404,0,0.12668741075927784,15,1.25,1.0,garch,0.10143693112443113
2021-07-27,cl1s,1,2021-08-17,-0.07079611159905763,0,0.12668741075927784,15,1.25,1.0,garch,0.09284318112443112
2021-07-28,cl1s,1,2021-08-18,-0.09596057654832313,0,0.12668741075927784,15,1.25,1.0,garch,0.08633276445776444
2021-07-29,cl1s,1,2021-08-19,-0.13437526378305065,0,0.12668741075927784,15,1.25,1.0,garch,0.08131044302919302
2021-07-30,cl1s,1,2021-08-19,-0.13823809243862328,0,0.12668741075927784,15,1.25,1.0,garch,0.07839780589780589
2021-08-02,cl1s,1,2021-08-23,-0.0755690005561861,0,0.12668741075927784,15,1.25,1.0,garch,0.0737583596958597
2021-08-03,cl1s,1,2021-08-24,-0.03937423616933555,0,0.12668741075927784,15,1.25,1.0,garch,0.07072016525141525
2021-08-04,cl1s,1,2021-08-25,0.00667188587867118,1,0.12668741075927784,15,1.25,1.0,garch,0.06837641525141525
2021-08-05,cl1s,1,2021-08-26,-0.020678471650663055,0,0.12668741075927784,15,1.25,1.0,garch,0.06660084706959707
2021-08-06,cl1s,1,2021-08-27,0.010340498181883095,1,0.12668741075927784,15,1.25,1.0,garch,0.06529876373626374
2021-08-09,cl1s,1,2021-08-30,0.04479138914431857,1,0.12668741075927784,15,1.25,1.0,garch,0.06439732142857144
2021-08-10,cl1s,1,2021-08-31,0.006665546073147288,1,0.12668741075927784,15,1.25,1.0,garch,0.06383928571428571
2021-08-11,cl1s,1,2021-09-01,-0.005985381991007399,0,0.12668741075927784,15,1.25,1.0,garch,0.06328125
2021-08-12,cl1s,1,2021-09-02,0.016652532694670708,1,0.12668741075927784,15,1.25,1.0,garch,0.06302083333333333
2021-08-13,cl1s,1,2021-09-03,0.01604351093925671,1,0.12668741075927784,15,1.25,1.0,garch,0.06276041666666667
2021-08-16,cl1s,1,2021-09-07,0.01938851614502113,1,0.12668741075927784,15,1.25,1.0,garch,0.06276041666666667
2021-08-17,cl1s,1,2021-09-08,0.0446186312643877,1,0.12668741075927784,15,1.25,1.0,garch,0.06276041666666667
2021-08-18,cl1s,1,2021-09-09,0.04493175896013035,1,0.12668741075927784,15,1.25,1.0,garch,0.06276041666666667
2021-08-19,cl1s,1,2021-09-10,0.09795275567698902,1,0.12668741075927784,15,1.25,1.0,garch,0.06276041666666667
2021-08-20,cl1s,1,2021-09-13,0.13373028652806984,1,0.12668741075927784,15,1.25,1.0,garch,0.06276041666666667
2021-08-23,cl1s,1,2021-09-14,0.0734308349301609,1,0.08726280229383646,15,1.25,1.0,garch,0.0625
2021-08-24,cl1s,1,2021-09-15,0.07506662758215743,1,0.08726280229383646,15,1.25,1.0,garch,0.0625
2021-08-25,cl1s,1,2021-09-16,0.06275826290182573,1,0.08726280229383646,15,1.25,1.0,garch,0.0625
2021-08-26,cl1s,1,2021-09-17,0.06938632044264992,1,0.08726280229383646,15,1.25,1.0,garch,0.0625
2021-08-27,cl1s,1,2021-09-20,0.02431658733118547,1,0.08726280229383646,15,1.25,1.0,garch,0.0625
2021-08-30,cl1s,1,2021-09-21,0.022437177877299375,1,0.08726280229383646,15,1.25,1.0,garch,0.0625
2021-08-31,cl1s,1,2021-09-22,0.05853449502122454,1,0.08726280229383646,15,1.25,1.0,garch,0.0625
2021-09-01,cl1s,1,2021-09-23,0.07280587568969188,1,0.08726280229383646,15,1.25,1.0,garch,0.0625
2021-09-02,cl1s,1,2021-09-24,0.061099977309593045,1,0.08726280229383646,15,1.25,1.0,garch,0.0625
2021-09-03,cl1s,1,2021-09-27,0.0931170150017202,1,0.08726280229383646,15,1.25,1.0,garch,0.0625
2021-09-07,cl1s,1,2021-09-28,0.10580041828895559,1,0.08726280229383646,15,1.25,1.0,garch,0.06276041666666667
2021-09-08,cl1s,1,2021-09-29,0.08397803592536679,1,0.08726280229383646,15,1.25,1.0,garch,0.06302083333333333
2021-09-09,cl1s,1,2021-09-27,0.11156557035004977,1,0.08726280229383646,15,1.25,1.0,garch,0.0625
2021-09-10,cl1s,1,2021-10-01,0.09256658908940074,1,0.08726280229383646,15,1.25,1.0,garch,0.06328125
2021-09-13,cl1s,1,2021-10-04,0.10603943717241249,1,0.08726280229383646,15,1.25,1.0,garch,0.06328125
2021-09-14,cl1s,1,2021-10-05,0.12454654500809226,1,0.08726280229383646,15,1.25,1.0,garch,0.06354166666666666
2021-09-15,cl1s,1,2021-10-06,0.07051016168189461,1,0.08726280229383646,15,1.25,1.0,garch,0.06484374999999999
2021-09-16,cl1s,1,2021-10-07,0.0819400304075888,1,0.08726280229383646,15,1.25,1.0,garch,0.06661931818181818
2021-09-17,cl1s,1,2021-10-08,0.1048454468639275,1,0.08726280229383646,15,1.25,1.0,garch,0.06896306818181817
2021-09-20,cl1s,1,2021-10-05,0.1253207868388817,1,0.08726280229383646,15,1.25,1.0,garch,0.06388888888888888
2021-09-21,cl1s,1,2021-10-05,0.11973329567141833,1,0.08726280229383646,15,1.25,1.0,garch,0.06401515151515151
2021-09-22,cl1s,1,2021-10-08,0.09857399970502612,1,0.0768549419666247,15,1.25,1.0,garch,0.07045454545454545
2021-09-23,cl1s,1,2021-10-11,0.09849931790636202,1,0.0768549419666247,15,1.25,1.0,garch,0.07526223776223775
2021-09-24,cl1s,1,2021-10-14,0.09908083247296418,1,0.0768549419666247,15,1.25,1.0,garch,0.08963203463203463
2021-09-27,cl1s,1,2021-10-18,0.08994235659723082,1,0.0768549419666247,15,1.25,1.0,garch,0.10616544913419912
2021-09-28,cl1s,1,2021-10-19,0.10228669204725183,1,0.0768549419666247,15,1.25,1.0,garch,0.12309253246753246
2021-09-29,cl1s,1,2021-10-15,0.09951113488556751,1,0.0768549419666247,15,1.25,1.0,garch,0.1014985014985015
2021-09-30,cl1s,1,2021-10-15,0.096580277420516,1,0.0768549419666247,15,1.25,1.0,garch,0.1044011544011544
2021-10-01,cl1s,1,2021-10-20,0.1067174086852607,1,0.0768549419666247,15,1.25,1.0,garch,0.16210575139146569
2021-10-04,cl1s,1,2021-10-25,0.08631783188440556,1,0.0768549419666247,15,1.25,1.0,garch,0.3254362824675325
2021-11-03,cl1s,1,2021-11-24,-0.018145790498479752,0,0.06350693475939377,15,1.25,1.0,garch,0.27197264541014543
2021-11-05,cl1s,1,2021-11-26,-0.15071064763956887,0,0.06350693475939377,15,1.25,1.0,garch,0.16153272653272657
2021-11-08,cl1s,1,2021-11-26,-0.15755223142454733,0,0.06350693475939377,15,1.25,1.0,garch,0.13735649271363554
2021-11-09,cl1s,1,2021-11-17,-0.06664306052523028,0,0.06350693475939377,15,1.25,1.0,garch,0.15651927437641724
2021-11-10,cl1s,1,2021-11-26,-0.1514415335863165,0,0.06350693475939377,15,1.25,1.0,garch,0.11163813038813038
2021-11-11,cl1s,1,2021-11-26,-0.15404160212898133,0,0.06350693475939377,15,1.25,1.0,garch,0.10360523315068769
2021-11-12,cl1s,1,2021-11-26,-0.14566473998385931,0,0.06350693475939377,15,1.25,1.0,garch,0.09729908979908979
2021-11-15,cl1s,1,2021-11-26,-0.14661540976115228,0,0.06350693475939377,15,1.25,1.0,garch,0.09223708390375057
2021-11-16,cl1s,1,2021-11-26,-0.14534737883581472,0,0.06350693475939377,15,1.25,1.0,garch,0.08814171939171939
2021-11-17,cl1s,1,2021-11-26,-0.12121212131729164,0,0.06350693475939377,15,1.25,1.0,garch,0.08486037771752056
2021-11-18,cl1s,1,2021-11-26,-0.13085065696387466,0,0.06350693475939377,15,1.25,1.0,garch,0.08233710733710732
2021-11-19,cl1s,1,2021-11-26,-0.10258098520592751,0,0.08270789212781077,15,1.25,1.0,garch,0.07880452880452879
2021-11-22,cl1s,1,2021-11-26,-0.11205211746973953,0,0.08270789212781077,15,1.25,1.0,garch,0.07577838827838827
2021-11-23,cl1s,1,2021-11-26,-0.13184713395805558,0,0.08270789212781077,15,1.25,1.0,garch,0.07326007326007326
2021-11-24,cl1s,1,2021-11-26,-0.13062890673341798,0,0.08270789212781077,15,1.25,1.0,garch,0.07142857142857142
2021-11-26,cl1s,1,2021-12-17,0.04079498627328326,1,0.08270789212781077,15,1.25,1.0,garch,0.15629804223554222
2021-11-29,cl1s,1,2021-12-20,-0.016241494687427083,0,0.08270789212781077,15,1.25,1.0,garch,0.15600042318792318
2021-11-30,cl1s,1,2021-12-21,0.07783872952545368,1,0.08270789212781077,15,1.25,1.0,garch,0.12891708985458986
2021-12-01,cl1s,1,2021-12-08,0.10355345384034687,1,0.08270789212781077,15,1.25,1.0,garch,0.16593915343915344
2021-12-02,cl1s,1,2021-12-23,0.11292183863632266,1,0.08270789212781077,15,1.25,1.0,garch,0.10053167318792319
2021-12-03,cl1s,1,2021-12-23,0.11695294736977324,1,0.08270789212781077,15,1.25,1.0,garch,0.09390045140045139
2021-12-06,cl1s,1,2021-12-28,0.09664427854080326,1,0.08270789212781077,15,1.25,1.0,garch,0.08568792318792318
2021-12-07,cl1s,1,2021-12-29,0.06575343028900882,1,0.08270789212781077,15,1.25,1.0,garch,0.08092601842601842
2021-12-08,cl1s,1,2021-12-30,0.06714776980450976,1,0.08270789212781077,15,1.25,1.0,garch,0.07728018509268508
2021-12-09,cl1s,1,2021-12-31,0.06334257818503075,1,0.08270789212781077,15,1.25,1.0,garch,0.07450240731490732
2021-12-10,cl1s,1,2022-01-03,0.06468687172087684,1,0.08270789212781077,15,1.25,1.0,garch,0.07172462953712955
2021-12-13,cl1s,1,2022-01-04,0.08316471580156692,1,0.08270789212781077,15,1.25,1.0,garch,0.0696412962037962
2021-12-14,cl1s,1,2022-01-05,0.10393564987944148,1,0.08270789212781077,15,1.25,1.0,garch,0.06812614468864468
2021-12-15,cl1s,1,2022-01-06,0.12454005111092115,1,0.08270789212781077,15,1.25,1.0,garch,0.06708447802197802
2021-12-16,cl1s,1,2022-01-07,0.09355509346037061,1,0.08270789212781077,15,1.25,1.0,garch,0.06674107142857143
2021-12-17,cl1s,1,2022-01-06,0.12358597294055196,1,0.08270789212781077,15,1.25,1.0,garch,0.06607142857142856
2021-12-20,cl1s,1,2021-12-28,0.10741874355995873,1,0.08270789212781077,15,1.25,1.0,garch,0.06527777777777778
2021-12-21,cl1s,1,2022-01-11,0.14201349811375907,1,0.10885568039155898,15,1.25,1.0,garch,0.06674603174603173
2021-12-22,cl1s,1,2022-01-13,0.12864211067340747,1,0.10885568039155898,15,1.25,1.0,garch,0.06648065476190476
2021-12-23,cl1s,1,2022-01-14,0.13579470959930928,1,0.10885568039155898,15,1.25,1.0,garch,0.06622023809523808
2021-12-27,cl1s,1,2022-01-18,0.1294119928785349,1,0.10885568039155898,15,1.25,1.0,garch,0.0662202380952381
2021-12-28,cl1s,1,2022-01-19,0.13616223287376839,1,0.10885568039155898,15,1.25,1.0,garch,0.06595982142857143
2021-12-29,cl1s,1,2022-01-20,0.12426952697654148,1,0.10885568039155898,15,1.25,1.0,garch,0.06622023809523808
2021-12-30,cl1s,1,2022-01-21,0.11263233375519088,1,0.10885568039155898,15,1.25,1.0,garch,0.06622023809523808
2021-12-31,cl1s,1,2022-01-19,0.14779426207159285,1,0.10885568039155898,15,1.25,1.0,garch,0.06611721611721612
2022-01-03,cl1s,1,2022-01-25,0.13202393907882803,1,0.10885568039155898,15,1.25,1.0,garch,0.06595982142857143
2022-01-04,cl1s,1,2022-01-26,0.14151320553841873,1,0.10885568039155898,15,1.25,1.0,garch,0.06569940476190475
2022-01-05,cl1s,1,2022-01-27,0.11933935095273318,1,0.10885568039155898,15,1.25,1.0,garch,0.0654389880952381
2022-01-06,cl1s,1,2022-01-28,0.0993185872532687,1,0.10885568039155898,15,1.25,1.0,garch,0.06517857142857143
2022-01-07,cl1s,1,2022-01-31,0.12408114638981504,1,0.10885568039155898,15,1.25,1.0,garch,0.06491815476190477
2022-01-10,cl1s,1,2022-02-01,0.13435138386726564,1,0.10885568039155898,15,1.25,1.0,garch,0.06436011904761904
2022-01-11,cl1s,1,2022-02-02,0.09333509361567649,1,0.10885568039155898,15,1.25,1.0,garch,0.06380208333333333
2022-01-12,cl1s,1,2022-02-03,0.09901971744190385,1,0.10885568039155898,15,1.25,1.0,garch,0.06380208333333333
2022-01-13,cl1s,1,2022-02-04,0.13097280085368457,1,0.10885568039155898,15,1.25,1.0,garch,0.06409970238095238
2022-01-14,cl1s,1,2022-02-07,0.09627851128934473,1,0.10885568039155898,15,1.25,1.0,garch,0.0654017857142857
2022-01-18,cl1s,1,2022-02-08,0.05340091937340352,1,0.10885568039155898,15,1.25,1.0,garch,0.0671773538961039
2022-01-19,cl1s,1,2022-02-09,0.04498834498472193,1,0.10885568039155898,15,1.25,1.0,garch,0.06952110389610389
2022-01-20,cl1s,1,2022-02-10,0.05061367615989942,1,0.10885568039155898,15,1.25,1.0,garch,0.07186485389610389
2022-01-21,cl1s,1,2022-02-11,0.09349306990049655,1,0.08020215443237368,15,1.25,1.0,garch,0.07464263167388167
2022-01-24,cl1s,1,2022-02-04,0.10803024842374542,1,0.08020215443237368,15,1.25,1.0,garch,0.06422619047619046
2022-01-25,cl1s,1,2022-02-14,0.11518691585636454,1,0.08020215443237368,15,1.25,1.0,garch,0.07906325156325157
2022-01-26,cl1s,1,2022-02-16,0.072963962018888,1,0.08020215443237368,15,1.25,1.0,garch,0.08695661976911977
2022-01-27,cl1s,1,2022-02-14,0.10218219605593104,1,0.08020215443237368,15,1.25,1.0,garch,0.08161144411144411
2022-01-28,cl1s,1,2022-02-18,0.0604699375796951,1,0.08020215443237368,15,1.25,1.0,garch,0.09390106421356421
2022-01-31,cl1s,1,2022-02-22,0.06415259849965937,1,0.08020215443237368,15,1.25,1.0,garch,0.09693925865800866
2022-02-01,cl1s,1,2022-02-23,0.06574794876277568,1,0.08020215443237368,15,1.25,1.0,garch,0.0999774531024531
2022-02-02,cl1s,1,2022-02-24,0.07323372155615782,1,0.08020215443237368,15,1.25,1.0,garch,0.10301564754689754
2022-02-10,cl1s,1,2022-03-01,0.17425639698334727,1,0.08020215443237368,15,1.25,1.0,garch,0.11419413919413922
2022-02-15,cl1s,1,2022-03-01,0.14632524127268143,1,0.08020215443237368,15,1.25,1.0,garch,0.11484126984126986
2022-02-16,cl1s,1,2022-03-01,0.12610258078016012,1,0.08020215443237368,15,1.25,1.0,garch,0.1117283950617284
2022-02-17,cl1s,1,2022-03-01,0.14848956019010973,1,0.08020215443237368,15,1.25,1.0,garch,0.11006944444444444
2022-02-18,cl1s,1,2022-03-01,0.14632524127268143,1,0.08020215443237368,15,1.25,1.0,garch,0.10793650793650793
2022-02-22,cl1s,1,2022-03-01,0.12512240218867987,1,0.0909504847762303,15,1.25,1.0,garch,0.1074074074074074
2022-02-23,cl1s,1,2022-03-01,0.12280130281675894,1,0.0909504847762303,15,1.25,1.0,garch,0.10666666666666666
2022-02-24,cl1s,1,2022-03-01,0.11421183059511608,1,0.0909504847762303,15,1.25,1.0,garch,0.10555555555555554
2022-02-25,cl1s,1,2022-03-01,0.12905338988846782,1,0.0909504847762303,15,1.25,1.0,garch,0.1037037037037037
2022-02-28,cl1s,1,2022-03-02,0.15545340572375177,1,0.0909504847762303,15,1.25,1.0,garch,0.39999999999999997
2022-03-03,cl1s,1,2022-03-08,0.1488808397299648,1,0.0909504847762303,15,1.25,1.0,garch,1.0
2022-03-14,cl1s,-1,2022-03-23,-0.13300284378705762,0,0.0909504847762303,15,1.25,1.0,garch,0.6604166666666667
2022-03-18,cl1s,-1,2022-03-23,-0.1148511008885893,0,0.0909504847762303,15,1.25,1.0,garch,0.3208333333333333
2022-03-21,cl1s,-1,2022-04-06,0.12494316634569669,1,0.0909504847762303,15,1.25,1.0,garch,0.19743589743589737
2022-03-22,cl1s,-1,2022-04-06,0.11933742124306079,1,0.0909504847762303,15,1.25,1.0,garch,0.18611111111111112
2022-03-23,cl1s,-1,2022-04-13,0.09292612890933416,1,0.1929525899067825,15,1.25,1.0,garch,0.19895833333333335
2022-03-24,cl1s,-1,2022-04-14,0.04885633840901027,1,0.1929525899067825,15,1.25,1.0,garch,0.19895833333333335
2022-03-25,cl1s,-1,2022-04-18,0.05103660814714983,1,0.1929525899067825,15,1.25,1.0,garch,0.19895833333333335
2022-03-28,cl1s,-1,2022-04-19,0.032632235795613584,1,0.1929525899067825,15,1.25,1.0,garch,0.20729166666666665
2022-04-13,cl1s,-1,2022-05-05,-0.04306773272948172,0,0.1929525899067825,15,1.25,1.0,garch,0.30076884920634916
2022-04-14,cl1s,-1,2022-05-06,-0.03186689242435703,0,0.1929525899067825,15,1.25,1.0,garch,0.29521329365079363
2022-04-27,cl1s,1,2022-05-18,0.07153755613181345,1,0.13174248303466407,15,1.25,1.0,garch,0.13143445096570094
2022-04-28,cl1s,1,2022-05-19,0.06519477482880087,1,0.13174248303466407,15,1.25,1.0,garch,0.11450736763236763
2022-04-29,cl1s,1,2022-05-20,0.07581643242500258,1,0.13174248303466407,15,1.25,1.0,garch,0.10278861763236763
2022-05-02,cl1s,1,2022-05-23,0.071003472246282,1,0.13174248303466407,15,1.25,1.0,garch,0.09419486763236763
2022-05-03,cl1s,1,2022-05-24,0.0946818414099968,1,0.13174248303466407,15,1.25,1.0,garch,0.08768445096570096
2022-05-04,cl1s,1,2022-05-25,0.04515616844199233,1,0.13174248303466407,15,1.25,1.0,garch,0.08266212953712954
2022-05-05,cl1s,1,2022-05-26,0.07628223875357953,1,0.13174248303466407,15,1.25,1.0,garch,0.07875587953712954
2022-05-06,cl1s,1,2022-05-27,0.07059464036580332,1,0.13174248303466407,15,1.25,1.0,garch,0.07597810175935177
2022-05-09,cl1s,1,2022-05-31,0.136004074203514,1,0.13174248303466407,15,1.25,1.0,garch,0.07320032398157397
2022-05-10,cl1s,1,2022-05-26,0.16798631879446968,1,0.13174248303466407,15,1.25,1.0,garch,0.07128928763544148
2022-05-11,cl1s,1,2022-06-02,0.12910306711399033,1,0.13174248303466407,15,1.25,1.0,garch,0.0680787962037962
2022-05-12,cl1s,1,2022-06-03,0.14388065253783577,1,0.13174248303466407,15,1.25,1.0,garch,0.06630322802197802
2022-05-13,cl1s,1,2022-06-06,0.09532245905125936,1,0.13174248303466407,15,1.25,1.0,garch,0.06500114468864468
2022-05-16,cl1s,1,2022-06-07,0.06787694529338872,1,0.13174248303466407,15,1.25,1.0,garch,0.06409970238095238
2022-05-17,cl1s,1,2022-06-08,0.11383745342357843,1,0.13174248303466407,15,1.25,1.0,garch,0.06354166666666666
2022-05-18,cl1s,1,2022-06-09,0.1351831093121052,1,0.13174248303466407,15,1.25,1.0,garch,0.06354166666666666
2022-05-19,cl1s,1,2022-06-10,0.09809809794013646,1,0.13174248303466407,15,1.25,1.0,garch,0.06409970238095239
2022-05-20,cl1s,1,2022-06-13,0.09657236145593395,1,0.13174248303466407,15,1.25,1.0,garch,0.06500114468864468
2022-05-23,cl1s,1,2022-06-14,0.07833892456246816,1,0.11548059486960364,15,1.25,1.0,garch,0.06630322802197802
2022-05-24,cl1s,1,2022-06-15,0.05390542521715358,1,0.11548059486960364,15,1.25,1.0,garch,0.0680787962037962
2022-05-25,cl1s,1,2022-06-16,0.06858338229875849,1,0.11548059486960364,15,1.25,1.0,garch,0.0704225462037962
2022-05-26,cl1s,1,2022-06-17,-0.03172869580602167,0,0.11548059486960364,15,1.25,1.0,garch,0.07346074064824065
2022-05-27,cl1s,1,2022-06-21,-0.026373418375132407,0,0.11548059486960364,15,1.25,1.0,garch,0.07736699064824065
2022-05-31,cl1s,1,2022-06-22,-0.052683921506873066,0,0.11548059486960364,15,1.25,1.0,garch,0.08212889541014541
2022-06-01,cl1s,1,2022-06-23,-0.07457365545326222,0,0.11548059486960364,15,1.25,1.0,garch,0.0883788954101454
2022-06-02,cl1s,1,2022-06-24,-0.057999693726549895,0,0.11548059486960364,15,1.25,1.0,garch,0.09983722874347874
2022-06-03,cl1s,1,2022-06-27,-0.05706772924199266,0,0.11548059486960364,15,1.25,1.0,garch,0.11676431207681208
2022-06-06,cl1s,1,2022-06-28,-0.03521810913851564,0,0.11548059486960364,15,1.25,1.0,garch,0.1441080620768121
2022-06-07,cl1s,1,2022-06-29,-0.05953285470985703,0,0.11548059486960364,15,1.25,1.0,garch,0.2027018120768121
2022-06-08,cl1s,1,2022-06-23,-0.12648726184654158,0,0.11548059486960364,15,1.25,1.0,garch,0.09976324180869636
2020-01-21,ho1s,1,2020-01-22,-0.015853924427236987,0,0.03160083109562283,5,1.25,0.5,garch,1.0
2020-01-23,ho1s,1,2020-01-24,-0.03171153507088209,0,0.03160083109562283,5,1.25,0.5,garch,1.0
2020-01-31,ho1s,1,2020-02-03,-0.0310120413022692,0,0.034682110519045774,5,1.25,0.5,garch,0.75
2020-02-03,ho1s,1,2020-02-06,0.05545345638167798,1,0.034682110519045774,5,1.25,0.5,garch,0.5
2020-02-04,ho1s,1,2020-02-06,0.051455272741224745,1,0.034682110519045774,5,1.25,0.5,garch,0.5
2020-03-09,ho1s,1,2020-03-10,0.07481296208401367,1,0.04614924589540901,5,1.25,0.5,garch,1.0
2020-04-15,ho1s,-1,2020-04-21,0.20453053138895283,1,0.11945339946680328,5,1.25,0.5,garch,0.5666666666666667
2020-04-16,ho1s,-1,2020-04-21,0.23185036383735247,1,0.11945339946680328,5,1.25,0.5,garch,0.4583333333333333
2020-04-21,ho1s,1,2020-04-27,-0.0965589523431184,0,0.11945339946680328,5,1.25,0.5,garch,0.8666666666666666
2020-05-18,ho1s,-1,2020-05-26,0.024242976465613464,1,0.14750018347698077,5,1.25,0.5,garch,0.6666666666666666
2020-05-20,ho1s,-1,2020-05-28,0.059600736471355,1,0.14750018347698077,5,1.25,0.5,garch,0.6666666666666666
2020-07-01,ho1s,-1,2020-07-09,-0.02025675776938085,0,0.08352878358341836,5,1.25,0.5,garch,1.0
2020-07-10,ho1s,-1,2020-07-17,0.017805349380789703,1,0.08352878358341836,5,1.25,0.5,garch,1.0
2020-09-08,ho1s,1,2020-09-15,0.020895249086357204,1,0.04080588190903121,5,1.25,0.5,garch,1.0
2020-09-21,ho1s,1,2020-09-28,0.022911239680758255,1,0.04080588190903121,5,1.25,0.5,garch,0.4138888888888889
2020-09-22,ho1s,1,2020-09-29,0.006041485720889916,1,0.04080588190903121,5,1.25,0.5,garch,0.2805555555555555
2020-09-23,ho1s,1,2020-09-30,0.030774737203220548,1,0.04080588190903121,5,1.25,0.5,garch,0.2305555555555555
2020-09-24,ho1s,1,2020-10-01,-0.0012428898163191482,0,0.053905121512170605,5,1.25,0.5,garch,0.20833333333333334
2020-09-25,ho1s,1,2020-10-02,-0.042618904502669475,0,0.053905121512170605,5,1.25,0.5,garch,0.19999999999999998
2020-09-29,ho1s,1,2020-10-02,-0.02751635993622281,0,0.053905121512170605,5,1.25,0.5,garch,0.2
2020-09-30,ho1s,1,2020-10-02,-0.05832320553445969,0,0.053905121512170605,5,1.25,0.5,garch,0.20000000000000004
2020-10-01,ho1s,1,2020-10-02,-0.03555556012245398,0,0.053905121512170605,5,1.25,0.5,garch,0.2
2020-10-02,ho1s,1,2020-10-06,0.09548387523421953,1,0.053905121512170605,5,1.25,0.5,garch,0.7333333333333334
2020-10-23,ho1s,1,2020-10-26,-0.02632941783564524,0,0.05201492055139122,5,1.25,0.5,garch,0.75
2020-10-26,ho1s,1,2020-10-29,-0.03635074692990625,0,0.05201492055139122,5,1.25,0.5,garch,0.5
2020-10-27,ho1s,1,2020-10-28,-0.03943054303520832,0,0.05201492055139122,5,1.25,0.5,garch,0.5
2020-10-29,ho1s,1,2020-11-04,0.07967614337688578,1,0.05201492055139122,5,1.25,0.5,garch,0.5
2020-10-30,ho1s,1,2020-11-04,0.08067040392714331,1,0.05201492055139122,5,1.25,0.5,garch,0.5
2020-12-18,ho1s,-1,2020-12-28,0.0228791009371061,1,0.05219389169053331,5,1.25,0.5,garch,0.5833333333333334
2020-12-21,ho1s,-1,2020-12-29,-0.006008098378828652,0,0.05219389169053331,5,1.25,0.5,garch,0.5833333333333334
2021-01-04,ho1s,1,2021-01-07,0.05205198799460464,1,0.0375586164451883,5,1.25,0.5,garch,1.0
2021-06-17,ho1s,1,2021-06-24,0.04585991404417111,1,0.04043308094846415,5,1.25,0.5,garch,1.0
2021-06-28,ho1s,1,2021-07-06,-0.0074971743065301855,0,0.02838219143025289,5,1.25,0.5,garch,0.5833333333333334
2021-06-29,ho1s,1,2021-07-07,-0.016662746222967817,0,0.02838219143025289,5,1.25,0.5,garch,0.5
2021-07-07,ho1s,1,2021-07-13,0.045617735081075805,1,0.02838219143025289,5,1.25,0.5,garch,0.5
2021-07-08,ho1s,1,2021-07-15,-0.003678554450311622,0,0.02838219143025289,5,1.25,0.5,garch,0.6666666666666666
2021-11-03,ho1s,1,2021-11-10,0.0072294063533990816,1,0.03165319934685613,5,1.25,0.5,garch,0.4444444444444444
2021-11-04,ho1s,1,2021-11-09,0.04217568024741691,1,0.03165319934685613,5,1.25,0.5,garch,0.3333333333333333
2021-11-05,ho1s,1,2021-11-12,-0.021135363142895658,0,0.03165319934685613,5,1.25,0.5,garch,0.3333333333333333
2021-11-08,ho1s,1,2021-11-12,-0.025698188626813168,0,0.03165319934685613,5,1.25,0.5,garch,0.3333333333333333
2021-11-12,ho1s,1,2021-11-17,-0.01634979677952586,0,0.03165319934685613,5,1.25,0.5,garch,0.4583333333333333
2021-11-15,ho1s,1,2021-11-19,-0.043659561346870546,0,0.03165319934685613,5,1.25,0.5,garch,0.5
2021-11-18,ho1s,1,2021-11-19,-0.038003354233924425,0,0.03165319934685613,5,1.25,0.5,garch,0.5
2021-11-22,ho1s,1,2021-11-26,-0.10046467454751318,0,0.03165319934685613,5,1.25,0.5,garch,0.875
2021-11-26,ho1s,1,2021-12-03,0.0036829730751355427,1,0.04365401124987883,5,1.25,0.5,garch,0.3527777777777778
2021-11-29,ho1s,1,2021-11-30,-0.04091798265132984,0,0.04365401124987883,5,1.25,0.5,garch,0.41666666666666663
2021-11-30,ho1s,1,2021-12-07,0.07974567312866654,1,0.04365401124987883,5,1.25,0.5,garch,0.26944444444444443
2021-12-01,ho1s,1,2021-12-07,0.07101247034055636,1,0.04365401124987883,5,1.25,0.5,garch,0.25666666666666665
2021-12-02,ho1s,1,2021-12-07,0.057620997644717065,1,0.04365401124987883,5,1.25,0.5,garch,0.2375
2021-12-03,ho1s,1,2021-12-07,0.06014106479616377,1,0.04365401124987883,5,1.25,0.5,garch,0.2333333333333333
2021-12-14,ho1s,1,2021-12-21,0.01776054392678228,1,0.04365401124987883,5,1.25,0.5,garch,0.4138888888888889
2021-12-15,ho1s,1,2021-12-22,0.03843266329856876,1,0.04365401124987883,5,1.25,0.5,garch,0.2805555555555555
2021-12-16,ho1s,1,2021-12-20,-0.04116842440600166,0,0.04365401124987883,5,1.25,0.5,garch,0.26111111111111107
2021-12-17,ho1s,1,2021-12-27,0.059311586367594815,1,0.04365401124987883,5,1.25,0.5,garch,0.21666666666666667
2021-12-20,ho1s,1,2021-12-22,0.06108416367934488,1,0.04365401124987883,5,1.25,0.5,garch,0.20000000000000004
2021-12-21,ho1s,1,2021-12-29,0.05143466355873305,1,0.04365401124987883,5,1.25,0.5,garch,0.2027777777777778
2021-12-22,ho1s,1,2021-12-30,0.03788274033764716,1,0.04365401124987883,5,1.25,0.5,garch,0.2027777777777778
2021-12-23,ho1s,1,2021-12-31,0.0008177689685384681,1,0.05842776418388733,5,1.25,0.5,garch,0.2111111111111111
2021-12-27,ho1s,1,2022-01-03,0.005330722976378821,1,0.05842776418388733,5,1.25,0.5,garch,0.22499999999999998
2021-12-28,ho1s,1,2022-01-04,0.02054214352596717,1,0.05842776418388733,5,1.25,0.5,garch,0.27499999999999997
2021-12-29,ho1s,1,2022-01-05,0.033330519248542245,1,0.05842776418388733,5,1.25,0.5,garch,0.4083333333333334
2022-05-31,ho1s,-1,2022-06-01,-0.0529351963558633,0,0.049390762734137776,5,1.25,0.5,garch,1.0
2022-06-02,ho1s,-1,2022-06-06,-0.036046954422454425,0,0.049390762734137776,5,1.25,0.5,garch,1.0
2020-01-03,rb1s,1,2020-01-22,-0.09675205835287337,0,0.07721992380479756,20,2.0,1.25,garch,0.24462567347182732
2020-01-06,rb1s,1,2020-01-22,-0.09963520293966621,0,0.07721992380479756,20,2.0,1.25,garch,0.18167781292781296
2020-01-07,rb1s,-1,2020-02-04,0.16882114641466417,1,0.07721992380479756,20,2.0,1.25,garch,0.12565406815406815
2020-01-08,rb1s,1,2020-01-27,-0.10186136206386232,0,0.07721992380479756,20,2.0,1.25,garch,0.1214219541142618
2020-01-09,rb1s,1,2020-01-27,-0.10398076701863701,0,0.07721992380479756,20,2.0,1.25,garch,0.11070711695711694
2020-01-10,rb1s,1,2020-01-27,-0.10770608109956437,0,0.07721992380479756,20,2.0,1.25,garch,0.10258958213503667
2020-01-13,rb1s,1,2020-01-27,-0.10646775694282185,0,0.07721992380479756,20,2.0,1.25,garch,0.09618187368187367
2020-01-14,rb1s,1,2020-01-27,-0.10490148341207339,0,0.07721992380479756,20,2.0,1.25,garch,0.09099573266239933
2020-01-15,rb1s,1,2020-02-03,-0.10697211893682201,0,0.07721992380479756,20,2.0,1.25,garch,0.09263962533193303
2020-01-16,rb1s,1,2020-01-27,-0.10511784735108887,0,0.07721992380479756,20,2.0,1.25,garch,0.08326435469292612
2020-01-17,rb1s,1,2020-01-27,-0.09737231157772819,0,0.07721992380479756,20,2.0,1.25,garch,0.08047508047508047
2020-01-21,rb1s,1,2020-02-03,-0.10680841055181822,0,0.07721992380479756,20,2.0,1.25,garch,0.09022949272949274
2020-01-22,rb1s,1,2020-02-20,0.04843828930721661,1,0.07721992380479756,20,2.0,1.25,garch,0.07814962324029108
2020-01-23,rb1s,-1,2020-02-21,-0.04761534017260782,0,0.07721992380479756,20,2.0,1.25,garch,0.0776612227518906
2020-01-24,rb1s,-1,2020-02-24,-0.05051894263463197,0,0.07810339966266029,20,2.0,1.25,garch,0.07686757195823979
2020-01-27,rb1s,-1,2020-02-19,-0.11406563964045624,0,0.07810339966266029,20,2.0,1.25,garch,0.07890956475686033
2020-01-28,rb1s,-1,2020-02-19,-0.09839529982589479,0,0.07810339966266029,20,2.0,1.25,garch,0.07937712683987838
2020-01-29,rb1s,-1,2020-02-27,0.07659842408609707,1,0.07810339966266029,20,2.0,1.25,garch,0.07297781092562163
2020-01-30,rb1s,-1,2020-02-19,-0.10481567654611545,0,0.07810339966266029,20,2.0,1.25,garch,0.07385163702335308
2020-01-31,rb1s,-1,2020-02-19,-0.10584402767905243,0,0.07810339966266029,20,2.0,1.25,garch,0.07184022448668793
2020-02-03,rb1s,-1,2020-02-19,-0.12865576498387665,0,0.07810339966266029,20,2.0,1.25,garch,0.07025115228482103
2020-02-04,rb1s,1,2020-02-20,0.1569429062363925,1,0.07810339966266029,20,2.0,1.25,garch,0.06851504117370992
2020-02-05,rb1s,1,2020-03-05,-0.04198348281256903,0,0.07810339966266029,20,2.0,1.25,garch,0.07134980929761998
2020-02-06,rb1s,1,2020-03-06,-0.1324144154171243,0,0.07810339966266029,20,2.0,1.25,garch,0.07068380863161933
2020-02-07,rb1s,1,2020-03-06,-0.14715978352226367,0,0.07810339966266029,20,2.0,1.25,garch,0.07005133239653362
2020-02-10,rb1s,1,2020-03-06,-0.1457022250212877,0,0.07810339966266029,20,2.0,1.25,garch,0.06968966163197872
2020-02-11,rb1s,1,2020-03-06,-0.14169646931290836,0,0.07810339966266029,20,2.0,1.25,garch,0.06959305553216802
2020-02-12,rb1s,1,2020-02-27,-0.10007770462418264,0,0.07810339966266029,20,2.0,1.25,garch,0.06063733308315351
2020-02-13,rb1s,1,2020-02-27,-0.09962210614025446,0,0.07810339966266029,20,2.0,1.25,garch,0.06045106639146887
2020-02-14,rb1s,1,2020-02-27,-0.10138498741146562,0,0.07810339966266029,20,2.0,1.25,garch,0.06063190383365821
2020-02-18,rb1s,1,2020-02-27,-0.11891432428054283,0,0.07810339966266029,20,2.0,1.25,garch,0.061266447368421045
2020-02-19,rb1s,-1,2020-02-28,0.1658697251477761,1,0.07810339966266029,20,2.0,1.25,garch,0.06605113636363637
2020-02-20,rb1s,-1,2020-02-28,0.16906696607076044,1,0.07810339966266029,20,2.0,1.25,garch,0.06834415584415585
2020-02-21,rb1s,1,2020-02-26,-0.11168521491630512,0,0.07810339966266029,20,2.0,1.25,garch,0.065625
2020-02-24,rb1s,1,2020-02-27,-0.11242119954120522,0,0.07810339966266029,20,2.0,1.25,garch,0.06458333333333333
2020-02-25,rb1s,1,2020-03-06,-0.1540288691292886,0,0.08750621052964533,20,2.0,1.25,garch,0.07896270396270395
2020-02-26,rb1s,1,2020-03-06,-0.11217641416179136,0,0.08750621052964533,20,2.0,1.25,garch,0.08049970862470862
2020-02-27,rb1s,1,2020-03-09,-0.25233460510608685,0,0.08750621052964533,20,2.0,1.25,garch,0.08831220862470862
2020-02-28,rb1s,1,2020-03-09,-0.23327488481859948,0,0.08750621052964533,20,2.0,1.25,garch,0.091999666999667
2020-03-02,rb1s,1,2020-03-09,-0.2615614449367638,0,0.08750621052964533,20,2.0,1.25,garch,0.09218142968142969
2020-03-03,rb1s,1,2020-03-09,-0.2575589369886335,0,0.08750621052964533,20,2.0,1.25,garch,0.09061771561771562
2020-03-04,rb1s,1,2020-03-09,-0.26910961051754223,0,0.08750621052964533,20,2.0,1.25,garch,0.09054487179487179
2020-03-05,rb1s,1,2020-03-09,-0.25292416804898443,0,0.08750621052964533,20,2.0,1.25,garch,0.09294871794871795
2020-03-06,rb1s,1,2020-03-09,-0.18149747984205244,0,0.08750621052964533,20,2.0,1.25,garch,0.10096153846153846
2020-03-09,rb1s,1,2020-03-12,-0.2105726107560003,0,0.08750621052964533,20,2.0,1.25,garch,0.3020833333333333
2020-03-10,rb1s,1,2020-03-12,-0.2243539881021751,0,0.08750621052964533,20,2.0,1.25,garch,0.3611111111111111
2020-03-11,rb1s,-1,2020-03-12,0.1916599121646031,1,0.08750621052964533,20,2.0,1.25,garch,0.29166666666666663
2020-03-12,rb1s,1,2020-03-16,-0.23130919096525893,0,0.08750621052964533,20,2.0,1.25,garch,0.3611111111111111
2020-03-13,rb1s,1,2020-03-16,-0.23276245636581316,0,0.08750621052964533,20,2.0,1.25,garch,0.41666666666666663
2020-03-16,rb1s,1,2020-03-20,-0.12248151858410128,0,0.08750621052964533,20,2.0,1.25,garch,0.3233333333333333
2020-03-17,rb1s,-1,2020-03-23,0.4211414130791882,1,0.08750621052964533,20,2.0,1.25,garch,0.29666666666666663
2020-03-18,rb1s,-1,2020-03-23,0.354241809313518,1,0.08750621052964533,20,2.0,1.25,garch,0.2458333333333333
2020-03-19,rb1s,-1,2020-03-23,0.3988321194941117,1,0.08750621052964533,20,2.0,1.25,garch,0.21666666666666667
2020-03-20,rb1s,-1,2020-03-23,0.31978857193106447,1,0.08750621052964533,20,2.0,1.25,garch,0.2
2020-03-23,rb1s,-1,2020-03-25,-0.2237719884499918,0,0.08750621052964533,20,2.0,1.25,garch,0.3444444444444444
2020-03-24,rb1s,-1,2020-03-25,-0.18589618683642373,0,0.08750621052964533,20,2.0,1.25,garch,0.41666666666666663
2020-03-25,rb1s,-1,2020-04-23,-0.04622672108496739,0,0.6551103064617797,20,2.0,1.25,garch,0.1418424780045744
2020-03-26,rb1s,-1,2020-04-24,-0.08712396729566785,0,0.6551103064617797,20,2.0,1.25,garch,0.12823703582770365
2020-03-27,rb1s,-1,2020-04-27,-0.03648253857177841,0,0.6551103064617797,20,2.0,1.25,garch,0.10669508571432497
2020-03-30,rb1s,-1,2020-04-28,-0.059859920243741316,0,0.6551103064617797,20,2.0,1.25,garch,0.09308964353745426
2020-03-31,rb1s,-1,2020-04-29,-0.18207353167280416,0,0.6551103064617797,20,2.0,1.25,garch,0.08345245532883747
2020-04-01,rb1s,-1,2020-04-30,-0.3316186085626551,0,0.6551103064617797,20,2.0,1.25,garch,0.07619621950117307
2020-04-02,rb1s,-1,2020-05-01,-0.07358516511919411,0,0.6551103064617797,20,2.0,1.25,garch,0.07052728526081026
2020-04-03,rb1s,-1,2020-05-04,-0.10299300816386969,0,0.6551103064617797,20,2.0,1.25,garch,0.06599213786852001
2020-04-06,rb1s,-1,2020-05-05,-0.19288881549490489,0,0.6551103064617797,20,2.0,1.25,garch,0.06230733061228419
2020-04-07,rb1s,-1,2020-05-06,-0.2562070284885791,0,0.6551103064617797,20,2.0,1.25,garch,0.059283899017424015
2020-04-08,rb1s,-1,2020-05-07,-0.2756358488596351,0,0.6551103064617797,20,2.0,1.25,garch,0.05678956795166438
2020-04-09,rb1s,-1,2020-05-08,-0.3054711489483235,0,0.6551103064617797,20,2.0,1.25,garch,0.05472813731880518
2020-04-13,rb1s,-1,2020-05-11,-0.22024074337349187,0,0.6551103064617797,20,2.0,1.25,garch,0.05302745704669633
2020-04-14,rb1s,-1,2020-05-12,-0.1845866653469319,0,0.6551103064617797,20,2.0,1.25,garch,0.05163202707983779
2020-04-15,rb1s,-1,2020-05-13,-0.09911398647932801,0,0.6551103064617797,20,2.0,1.25,garch,0.050498240231765225
2020-04-16,rb1s,-1,2020-05-14,-0.20435125733532367,0,0.6551103064617797,20,2.0,1.25,garch,0.04959121075330718
2020-04-17,rb1s,-1,2020-05-15,-0.26763765657273964,0,0.6551103064617797,20,2.0,1.25,garch,0.048882593973261834
2020-04-20,rb1s,-1,2020-05-18,-0.4253168239489844,0,0.6551103064617797,20,2.0,1.25,garch,0.048349047221227674
2020-04-21,rb1s,1,2020-05-19,0.9019277204356231,1,0.6551103064617797,20,2.0,1.25,garch,0.04797111827187016
2020-04-22,rb1s,1,2020-05-20,0.518254545430388,1,0.6551103064617797,20,2.0,1.25,garch,0.04773242630385489
2020-04-23,rb1s,1,2020-05-21,0.5385333712501594,1,0.6551103064617797,20,2.0,1.25,garch,0.04761904761904763
2020-04-24,rb1s,1,2020-05-22,0.48485942360754897,1,0.5396518773230015,20,2.0,1.25,garch,0.04761904761904763
2020-04-27,rb1s,1,2020-05-26,0.5365727517286047,1,0.5396518773230015,20,2.0,1.25,garch,0.04761904761904763
2020-04-28,rb1s,1,2020-05-27,0.42876027114975734,1,0.5396518773230015,20,2.0,1.25,garch,0.04761904761904763
2020-04-29,rb1s,1,2020-05-28,0.34400339920429457,1,0.5396518773230015,20,2.0,1.25,garch,0.04761904761904763
2020-04-30,rb1s,-1,2020-05-29,-0.36013668222110984,0,0.5396518773230015,20,2.0,1.25,garch,0.04761904761904763
2020-05-01,rb1s,-1,2020-06-01,-0.37580131866538635,0,0.5396518773230015,20,2.0,1.25,garch,0.04761904761904763
2020-05-04,rb1s,1,2020-06-02,0.3454358858931501,1,0.5396518773230015,20,2.0,1.25,garch,0.04761904761904763
2020-05-05,rb1s,-1,2020-06-03,-0.22740922780247286,0,0.5396518773230015,20,2.0,1.25,garch,0.04761904761904763
2020-05-06,rb1s,-1,2020-06-04,-0.295037091716412,0,0.5396518773230015,20,2.0,1.25,garch,0.04761904761904763
2020-05-07,rb1s,-1,2020-06-05,-0.2878093809413558,0,0.5396518773230015,20,2.0,1.25,garch,0.04761904761904763
2020-05-08,rb1s,-1,2020-06-08,-0.24037206638909359,0,0.5396518773230015,20,2.0,1.25,garch,0.04761904761904763
2020-05-11,rb1s,-1,2020-06-09,-0.2943130220028727,0,0.5396518773230015,20,2.0,1.25,garch,0.04761904761904763
2020-05-12,rb1s,-1,2020-06-10,-0.3019148058495891,0,0.5396518773230015,20,2.0,1.25,garch,0.04761904761904763
2020-05-13,rb1s,1,2020-06-11,0.2967863927234269,1,0.5396518773230015,20,2.0,1.25,garch,0.04761904761904763
2020-05-14,rb1s,-1,2020-06-12,-0.2150964478932531,0,0.5396518773230015,20,2.0,1.25,garch,0.04761904761904763
2020-05-15,rb1s,-1,2020-06-15,-0.18751136592906015,0,0.5396518773230015,20,2.0,1.25,garch,0.04761904761904763
2020-05-18,rb1s,-1,2020-06-16,-0.16322775230535846,0,0.5396518773230015,20,2.0,1.25,garch,0.04761904761904763
2020-05-19,rb1s,-1,2020-06-17,-0.14920193026898532,0,0.5396518773230015,20,2.0,1.25,garch,0.04761904761904763
2020-05-20,rb1s,-1,2020-06-18,-0.19089101233769035,0,0.5396518773230015,20,2.0,1.25,garch,0.04761904761904763
2020-05-21,rb1s,-1,2020-06-19,-0.19758900133730783,0,0.5396518773230015,20,2.0,1.25,garch,0.04761904761904763
2020-05-22,rb1s,-1,2020-06-22,-0.22770488599657557,0,0.5396518773230015,20,2.0,1.25,garch,0.04761904761904763
2020-05-26,rb1s,-1,2020-06-23,-0.22014040981289473,0,0.2735232097386087,20,2.0,1.25,garch,0.04761904761904763
2020-05-27,rb1s,-1,2020-06-24,-0.17916517024884993,0,0.2735232097386087,20,2.0,1.25,garch,0.04761904761904763
2020-05-28,rb1s,-1,2020-06-25,-0.16767543394180207,0,0.2735232097386087,20,2.0,1.25,garch,0.04761904761904763
2020-05-29,rb1s,-1,2020-06-26,-0.0734417146569959,0,0.2735232097386087,20,2.0,1.25,garch,0.04761904761904763
2020-06-01,rb1s,-1,2020-06-29,-0.11430433885821034,0,0.2735232097386087,20,2.0,1.25,garch,0.04761904761904763
2020-06-02,rb1s,-1,2020-06-30,-0.07514798908712805,0,0.2735232097386087,20,2.0,1.25,garch,0.04761904761904763
2020-06-03,rb1s,-1,2020-07-01,-0.08795562972536963,0,0.2735232097386087,20,2.0,1.25,garch,0.04761904761904763
2020-06-04,rb1s,-1,2020-07-02,-0.0966738387316346,0,0.2735232097386087,20,2.0,1.25,garch,0.04761904761904763
2020-06-05,rb1s,-1,2020-07-06,-0.023125744990734942,0,0.2735232097386087,20,2.0,1.25,garch,0.04761904761904763
2020-06-08,rb1s,-1,2020-07-07,-0.06768975742798644,0,0.2735232097386087,20,2.0,1.25,garch,0.04761904761904763
2020-06-09,rb1s,-1,2020-07-08,-0.06733896206501044,0,0.2735232097386087,20,2.0,1.25,garch,0.04761904761904763
2020-06-10,rb1s,-1,2020-07-09,-0.03427735249861463,0,0.2735232097386087,20,2.0,1.25,garch,0.04761904761904763
2020-06-11,rb1s,-1,2020-07-10,-0.14765365239598638,0,0.2735232097386087,20,2.0,1.25,garch,0.04761904761904763
2020-06-12,rb1s,1,2020-07-13,0.13340580213934228,1,0.2735232097386087,20,2.0,1.25,garch,0.04761904761904763
2020-06-15,rb1s,1,2020-07-14,0.07083298385004944,1,0.2735232097386087,20,2.0,1.25,garch,0.04761904761904763
2020-06-16,rb1s,1,2020-07-15,0.04810895161356421,1,0.2735232097386087,20,2.0,1.25,garch,0.04761904761904763
2020-06-17,rb1s,-1,2020-07-16,-0.016012996822814873,0,0.2735232097386087,20,2.0,1.25,garch,0.04761904761904763
2020-06-18,rb1s,-1,2020-07-17,0.02571834403358264,1,0.2735232097386087,20,2.0,1.25,garch,0.04761904761904763
2020-06-19,rb1s,-1,2020-07-20,0.033220488942336535,1,0.2735232097386087,20,2.0,1.25,garch,0.04761904761904763
2020-06-22,rb1s,-1,2020-07-21,0.008292002070537707,1,0.2735232097386087,20,2.0,1.25,garch,0.04761904761904763
2020-06-23,rb1s,-1,2020-07-22,0.01193868740734183,1,0.2735232097386087,20,2.0,1.25,garch,0.04761904761904763
2020-06-24,rb1s,1,2020-07-23,0.04953302068860155,1,0.15372353565182387,20,2.0,1.25,garch,0.04761904761904763
2020-06-25,rb1s,1,2020-07-24,0.0680382087971314,1,0.15372353565182387,20,2.0,1.25,garch,0.04761904761904763
2020-06-26,rb1s,1,2020-07-27,0.09529908838065304,1,0.15372353565182387,20,2.0,1.25,garch,0.04761904761904763
2020-06-29,rb1s,1,2020-07-28,0.05866320769429789,1,0.15372353565182387,20,2.0,1.25,garch,0.04761904761904763
2020-06-30,rb1s,1,2020-07-29,0.027951169423952038,1,0.15372353565182387,20,2.0,1.25,garch,0.04761904761904763
2020-07-01,rb1s,-1,2020-07-30,0.003797119286419348,1,0.15372353565182387,20,2.0,1.25,garch,0.04761904761904763
2020-07-02,rb1s,1,2020-07-31,-0.05318937279386504,0,0.15372353565182387,20,2.0,1.25,garch,0.04761904761904763
2020-07-06,rb1s,1,2020-08-03,-0.004689292886632335,0,0.15372353565182387,20,2.0,1.25,garch,0.04761904761904763
2020-07-07,rb1s,1,2020-08-04,-0.03042888752903461,0,0.15372353565182387,20,2.0,1.25,garch,0.04761904761904763
2020-07-08,rb1s,1,2020-08-05,-0.03566775573960812,0,0.15372353565182387,20,2.0,1.25,garch,0.04761904761904763
2020-07-09,rb1s,1,2020-08-06,-0.00019824555741920769,0,0.15372353565182387,20,2.0,1.25,garch,0.04761904761904763
2020-07-10,rb1s,1,2020-08-07,-0.04186554611336313,0,0.15372353565182387,20,2.0,1.25,garch,0.04761904761904763
2020-07-13,rb1s,1,2020-08-10,-0.017218676988225323,0,0.15372353565182387,20,2.0,1.25,garch,0.04761904761904763
2020-07-14,rb1s,1,2020-08-11,-0.01697418299233877,0,0.15372353565182387,20,2.0,1.25,garch,0.04761904761904763
2020-07-15,rb1s,1,2020-08-12,0.0013723073317974954,1,0.15372353565182387,20,2.0,1.25,garch,0.04761904761904763
2020-07-16,rb1s,1,2020-08-13,0.018780243708218514,1,0.15372353565182387,20,2.0,1.25,garch,0.04761904761904763
2020-07-17,rb1s,1,2020-08-14,0.03474864042426451,1,0.15372353565182387,20,2.0,1.25,garch,0.04761904761904763
2020-07-20,rb1s,1,2020-08-17,0.05242806109173204,1,0.15372353565182387,20,2.0,1.25,garch,0.04761904761904763
2020-07-21,rb1s,1,2020-08-18,0.020662934801629618,1,0.15372353565182387,20,2.0,1.25,garch,0.04761904761904763
2020-07-22,rb1s,1,2020-08-19,0.024148457932984035,1,0.15372353565182387,20,2.0,1.25,garch,0.04761904761904763
2020-07-23,rb1s,1,2020-08-20,0.04869368360092552,1,0.15372353565182387,20,2.0,1.25,garch,0.04761904761904763
2020-07-24,rb1s,1,2020-08-21,0.022372609741330596,1,0.11391173654659903,20,2.0,1.25,garch,0.04761904761904763
2020-07-27,rb1s,1,2020-08-24,0.0714575232024679,1,0.11391173654659903,20,2.0,1.25,garch,0.04761904761904763
2020-07-28,rb1s,1,2020-08-25,0.08715441417665803,1,0.11391173654659903,20,2.0,1.25,garch,0.04761904761904763
2020-07-29,rb1s,1,2020-08-26,0.10241855813067158,1,0.11391173654659903,20,2.0,1.25,garch,0.04761904761904763
2020-07-30,rb1s,1,2020-08-27,0.08297345900857467,1,0.11391173654659903,20,2.0,1.25,garch,0.04761904761904763
2020-07-31,rb1s,1,2020-08-28,0.12677277986743096,1,0.11391173654659903,20,2.0,1.25,garch,0.04761904761904763
2020-08-03,rb1s,1,2020-08-31,0.059138598089897965,1,0.11391173654659903,20,2.0,1.25,garch,0.04761904761904763
2020-08-04,rb1s,1,2020-09-01,0.06768162604922057,1,0.11391173654659903,20,2.0,1.25,garch,0.04761904761904763
2020-08-05,rb1s,1,2020-09-02,0.040607812474088956,1,0.11391173654659903,20,2.0,1.25,garch,0.04761904761904763
2020-08-06,rb1s,1,2020-09-03,0.03861673954570577,1,0.11391173654659903,20,2.0,1.25,garch,0.04761904761904763
2020-08-07,rb1s,1,2020-09-04,0.03196553931624013,1,0.11391173654659903,20,2.0,1.25,garch,0.04761904761904763
2020-08-10,rb1s,1,2020-09-08,-0.0503208124928578,0,0.11391173654659903,20,2.0,1.25,garch,0.04761904761904763
2020-08-11,rb1s,1,2020-09-09,-0.016265860193609094,0,0.11391173654659903,20,2.0,1.25,garch,0.048152594371081776
2020-08-12,rb1s,1,2020-09-10,-0.06573268265054644,0,0.11391173654659903,20,2.0,1.25,garch,0.04868614112311592
2020-08-13,rb1s,1,2020-09-11,-0.061323641386902605,0,0.11391173654659903,20,2.0,1.25,garch,0.049394757903161265
2020-08-14,rb1s,1,2020-09-14,-0.05859305251158797,0,0.11391173654659903,20,2.0,1.25,garch,0.050103374683206615
2020-08-17,rb1s,1,2020-09-15,-0.051330916994400955,0,0.11391173654659903,20,2.0,1.25,garch,0.050811991463251965
2020-08-18,rb1s,1,2020-09-16,-0.019027764586978968,0,0.11391173654659903,20,2.0,1.25,garch,0.051520608243297315
2020-08-19,rb1s,1,2020-09-17,0.004392260163789796,1,0.11391173654659903,20,2.0,1.25,garch,0.052229225023342665
2020-08-20,rb1s,1,2020-09-18,0.009705601321162494,1,0.11391173654659903,20,2.0,1.25,garch,0.05293784180338802
2020-08-21,rb1s,1,2020-09-21,-0.02959604214330458,0,0.11391173654659903,20,2.0,1.25,garch,0.05364645858343337
2020-08-24,rb1s,1,2020-09-08,-0.12462295534381085,0,0.08132471817793974,20,2.0,1.25,garch,0.04761904761904761
2020-08-25,rb1s,1,2020-09-08,-0.13062672448068846,0,0.08132471817793974,20,2.0,1.25,garch,0.047619047619047616
2020-08-26,rb1s,1,2020-09-08,-0.1271173034446469,0,0.08132471817793974,20,2.0,1.25,garch,0.047619047619047616
2020-08-27,rb1s,1,2020-09-25,-0.0058082029188841755,0,0.08132471817793974,20,2.0,1.25,garch,0.05550524303288567
2020-08-28,rb1s,1,2020-09-08,-0.11528279238395711,0,0.08132471817793974,20,2.0,1.25,garch,0.047619047619047616
2020-08-31,rb1s,1,2020-09-29,-0.017805644072779625,0,0.08132471817793974,20,2.0,1.25,garch,0.0558573136857082
2020-09-01,rb1s,1,2020-09-10,-0.10369886551832186,0,0.08132471817793974,20,2.0,1.25,garch,0.0508203281312525
2020-09-02,rb1s,1,2020-10-01,-0.024081416848605985,0,0.08132471817793974,20,2.0,1.25,garch,0.05597069237051546
2020-09-03,rb1s,1,2020-10-02,-0.05084557432085146,0,0.08132471817793974,20,2.0,1.25,garch,0.05597069237051546
2020-09-04,rb1s,1,2020-10-05,0.03253611413597235,1,0.08132471817793974,20,2.0,1.25,garch,0.055970692370515475
2020-09-08,rb1s,1,2020-10-06,0.1400402118365629,1,0.08132471817793974,20,2.0,1.25,garch,0.05597069237051546
2020-09-09,rb1s,1,2020-10-07,0.09213203655038038,1,0.08132471817793974,20,2.0,1.25,garch,0.05597069237051546
2020-09-10,rb1s,1,2020-10-08,0.14209129293185274,1,0.08132471817793974,20,2.0,1.25,garch,0.055437145618481315
2020-09-11,rb1s,1,2020-10-09,0.11860864656785308,1,0.08132471817793974,20,2.0,1.25,garch,0.05490359886644717
2020-09-14,rb1s,1,2020-10-12,0.08128996592066118,1,0.08132471817793974,20,2.0,1.25,garch,0.05419498208640182
2020-09-15,rb1s,1,2020-10-13,0.057813190369421674,1,0.08132471817793974,20,2.0,1.25,garch,0.053486365306356476
2020-09-16,rb1s,1,2020-10-14,0.02494346360422517,1,0.08132471817793974,20,2.0,1.25,garch,0.05277774852631111
2020-09-17,rb1s,1,2020-10-15,-0.018989871722561835,0,0.08132471817793974,20,2.0,1.25,garch,0.05206913174626576
2020-09-18,rb1s,1,2020-10-16,-0.03788770235221017,0,0.08132471817793974,20,2.0,1.25,garch,0.05136051496622042
2020-09-21,rb1s,1,2020-10-19,0.00512409348552656,1,0.08132471817793974,20,2.0,1.25,garch,0.05065189818617507
2020-09-22,rb1s,1,2020-10-20,0.038555691589920116,1,0.08132471817793974,20,2.0,1.25,garch,0.049943281406129705
2020-09-23,rb1s,1,2020-10-21,-0.015114872817288183,0,0.12652572834854336,20,2.0,1.25,garch,0.049234664626084355
2020-09-24,rb1s,1,2020-10-22,-0.012870780737693766,0,0.12652572834854336,20,2.0,1.25,garch,0.048701117874050216
2020-09-25,rb1s,1,2020-10-23,-0.04211212960866506,0,0.12652572834854336,20,2.0,1.25,garch,0.048323188924692694
2020-09-28,rb1s,1,2020-10-26,-0.08567760508996547,0,0.12652572834854336,20,2.0,1.25,garch,0.048084496956677415
2020-09-29,rb1s,1,2020-10-27,-0.025262348973799753,0,0.12652572834854336,20,2.0,1.25,garch,0.047845804988662144
2020-09-30,rb1s,1,2020-10-28,-0.08972509823221586,0,0.12652572834854336,20,2.0,1.25,garch,0.04773242630385489
2020-10-01,rb1s,1,2020-10-29,-0.09790020073667005,0,0.12652572834854336,20,2.0,1.25,garch,0.04761904761904763
2020-10-02,rb1s,1,2020-10-30,-0.07091488743339502,0,0.12652572834854336,20,2.0,1.25,garch,0.04773242630385489
2020-10-05,rb1s,1,2020-11-02,-0.10907783507926738,0,0.12652572834854336,20,2.0,1.25,garch,0.047845804988662144
2020-10-06,rb1s,1,2020-10-29,-0.15830312573640548,0,0.12652572834854336,20,2.0,1.25,garch,0.04761904761904762
2020-10-07,rb1s,1,2020-11-04,-0.06688142978838829,0,0.12652572834854336,20,2.0,1.25,garch,0.047959183673469394
2020-10-08,rb1s,1,2020-11-05,-0.08373663880044091,0,0.12652572834854336,20,2.0,1.25,garch,0.047959183673469394
2020-10-09,rb1s,1,2020-11-06,-0.08858450233922122,0,0.12652572834854336,20,2.0,1.25,garch,0.047959183673469394
2020-10-12,rb1s,1,2020-11-09,-0.0016376643180728845,0,0.12652572834854336,20,2.0,1.25,garch,0.047959183673469394
2020-10-13,rb1s,1,2020-11-10,0.02101194667809092,1,0.12652572834854336,20,2.0,1.25,garch,0.047959183673469394
2020-10-14,rb1s,1,2020-11-11,-0.006644545433660443,0,0.12652572834854336,20,2.0,1.25,garch,0.047959183673469394
2020-10-15,rb1s,1,2020-11-12,-0.00836097746588782,0,0.12652572834854336,20,2.0,1.25,garch,0.047959183673469394
2020-10-16,rb1s,1,2020-11-13,-0.026285963025425185,0,0.12652572834854336,20,2.0,1.25,garch,0.047959183673469394
2020-10-19,rb1s,1,2020-11-16,-0.002221436691542511,0,0.12652572834854336,20,2.0,1.25,garch,0.047959183673469394
2020-10-20,rb1s,1,2020-11-17,-0.018275851309210944,0,0.12652572834854336,20,2.0,1.25,garch,0.047959183673469394
2020-10-21,rb1s,1,2020-11-18,0.031307004389577786,1,0.12652572834854336,20,2.0,1.25,garch,0.047959183673469394
2020-10-22,rb1s,1,2020-11-19,0.015106531711588378,1,0.11691408048955151,20,2.0,1.25,garch,0.047959183673469394
2020-10-23,rb1s,1,2020-11-20,0.041017531784466765,1,0.11691408048955151,20,2.0,1.25,garch,0.047959183673469394
2020-10-26,rb1s,1,2020-11-23,0.09407765907210597,1,0.11691408048955151,20,2.0,1.25,garch,0.047959183673469394
2020-10-27,rb1s,1,2020-11-24,0.11102815226241791,1,0.11691408048955151,20,2.0,1.25,garch,0.047959183673469394
2020-10-28,rb1s,1,2020-11-25,0.19798664370961583,1,0.11691408048955151,20,2.0,1.25,garch,0.047959183673469394
2020-10-29,rb1s,1,2020-11-25,0.23947334214277016,1,0.11691408048955151,20,2.0,1.25,garch,0.047976190476190485
2020-10-30,rb1s,1,2020-11-25,0.23442994850227916,1,0.11691408048955151,20,2.0,1.25,garch,0.04799498746867168
2020-11-02,rb1s,1,2020-12-01,0.16297723519746743,1,0.11691408048955151,20,2.0,1.25,garch,0.048197875641484665
2020-11-03,rb1s,1,2020-12-02,0.15423977810076583,1,0.11691408048955151,20,2.0,1.25,garch,0.048084496956677415
2020-11-04,rb1s,1,2020-12-03,0.14146316839370154,1,0.11691408048955151,20,2.0,1.25,garch,0.04797111827187016
2020-11-05,rb1s,1,2020-12-04,0.13959345872831563,1,0.11691408048955151,20,2.0,1.25,garch,0.04797111827187016
2020-11-06,rb1s,1,2020-12-07,0.16095590326853793,1,0.11691408048955151,20,2.0,1.25,garch,0.04797111827187016
2020-11-09,rb1s,1,2020-12-08,0.08472545618921812,1,0.11691408048955151,20,2.0,1.25,garch,0.04797111827187016
2020-11-10,rb1s,1,2020-12-09,0.07117565648799529,1,0.11691408048955151,20,2.0,1.25,garch,0.04797111827187016
2020-11-11,rb1s,1,2020-12-10,0.12245313065474095,1,0.11691408048955151,20,2.0,1.25,garch,0.04797111827187016
2020-11-12,rb1s,1,2020-12-11,0.132979326336089,1,0.11691408048955151,20,2.0,1.25,garch,0.04797111827187016
2020-11-13,rb1s,1,2020-12-14,0.17504788194335275,1,0.11691408048955151,20,2.0,1.25,garch,0.04797111827187016
2020-11-16,rb1s,1,2020-12-15,0.1598518837892542,1,0.11691408048955151,20,2.0,1.25,garch,0.04797111827187016
2020-11-17,rb1s,1,2020-12-16,0.17610424435427485,1,0.11691408048955151,20,2.0,1.25,garch,0.04797111827187016
2020-11-18,rb1s,1,2020-12-17,0.19663896069029585,1,0.11691408048955151,20,2.0,1.25,garch,0.04797111827187016
2020-11-19,rb1s,1,2020-12-18,0.20351845477905628,1,0.11691408048955151,20,2.0,1.25,garch,0.04797111827187016
2020-11-20,rb1s,1,2020-12-21,0.16243697984322436,1,0.11648779401359663,20,2.0,1.25,garch,0.04797111827187016
2020-11-23,rb1s,1,2020-12-22,0.11895413828621182,1,0.11648779401359663,20,2.0,1.25,garch,0.04797111827187016
2020-11-24,rb1s,1,2020-12-23,0.10337482061913006,1,0.11648779401359663,20,2.0,1.25,garch,0.04797111827187016
2020-11-25,rb1s,1,2020-12-24,0.08285595988782046,1,0.11648779401359663,20,2.0,1.25,garch,0.04797111827187016
2020-11-27,rb1s,1,2020-12-28,0.07802170586774282,1,0.11648779401359663,20,2.0,1.25,garch,0.04797111827187016
2020-11-30,rb1s,1,2020-12-29,0.11342476765532394,1,0.11648779401359663,20,2.0,1.25,garch,0.04773242630385489
2020-12-01,rb1s,1,2020-12-30,0.15166919036532023,1,0.11648779401359663,20,2.0,1.25,garch,0.04761904761904763
2020-12-02,rb1s,1,2020-12-31,0.14067540901060127,1,0.11648779401359663,20,2.0,1.25,garch,0.04761904761904763
2020-12-03,rb1s,1,2021-01-04,0.0913941659631885,1,0.11648779401359663,20,2.0,1.25,garch,0.04761904761904763
2020-12-04,rb1s,1,2021-01-05,0.1481665219739252,1,0.11648779401359663,20,2.0,1.25,garch,0.04761904761904763
2020-12-07,rb1s,1,2021-01-06,0.1780680197405684,1,0.11648779401359663,20,2.0,1.25,garch,0.04761904761904763
2020-12-08,rb1s,1,2021-01-07,0.18412364014243443,1,0.11648779401359663,20,2.0,1.25,garch,0.04761904761904763
2020-12-09,rb1s,1,2021-01-08,0.21241429017986335,1,0.11648779401359663,20,2.0,1.25,garch,0.04761904761904763
2020-12-10,rb1s,1,2021-01-11,0.1585561291795512,1,0.11648779401359663,20,2.0,1.25,garch,0.04761904761904763
2020-12-11,rb1s,1,2021-01-12,0.19113821230760508,1,0.11648779401359663,20,2.0,1.25,garch,0.04761904761904763
2020-12-14,rb1s,1,2021-01-13,0.17765056766882314,1,0.11648779401359663,20,2.0,1.25,garch,0.04761904761904763
2020-12-15,rb1s,1,2021-01-14,0.17467149319237296,1,0.11648779401359663,20,2.0,1.25,garch,0.04761904761904763
2020-12-16,rb1s,1,2021-01-15,0.13310500528362135,1,0.11648779401359663,20,2.0,1.25,garch,0.04761904761904763
2020-12-17,rb1s,1,2021-01-19,0.11138017223085095,1,0.11648779401359663,20,2.0,1.25,garch,0.04761904761904763
2020-12-18,rb1s,1,2021-01-20,0.1095759421964444,1,0.11648779401359663,20,2.0,1.25,garch,0.04761904761904763
2020-12-21,rb1s,1,2021-01-21,0.14123505351994736,1,0.11648779401359663,20,2.0,1.25,garch,0.04761904761904763
2020-12-22,rb1s,1,2021-01-22,0.15739348743114223,1,0.09236110469727503,20,2.0,1.25,garch,0.04761904761904763
2020-12-23,rb1s,1,2021-01-25,0.13254239255492006,1,0.09236110469727503,20,2.0,1.25,garch,0.04761904761904763
2020-12-24,rb1s,1,2021-01-26,0.14816534352583743,1,0.09236110469727503,20,2.0,1.25,garch,0.04761904761904763
2020-12-28,rb1s,1,2021-01-27,0.15551630784896164,1,0.09236110469727503,20,2.0,1.25,garch,0.04761904761904763
2020-12-29,rb1s,1,2021-01-28,0.14351937867187847,1,0.09236110469727503,20,2.0,1.25,garch,0.04761904761904763
2020-12-30,rb1s,1,2021-01-29,0.10854384200279132,1,0.09236110469727503,20,2.0,1.25,garch,0.04761904761904763
2020-12-31,rb1s,1,2021-02-01,0.128160704836231,1,0.09236110469727503,20,2.0,1.25,garch,0.04761904761904763
2021-01-04,rb1s,1,2021-02-02,0.1776029769713965,1,0.09236110469727503,20,2.0,1.25,garch,0.04761904761904763
2021-01-05,rb1s,1,2021-02-03,0.13583491293101324,1,0.09236110469727503,20,2.0,1.25,garch,0.04761904761904763
2021-01-06,rb1s,-1,2021-02-03,-0.11820059494616775,0,0.09236110469727503,20,2.0,1.25,garch,0.04761904761904763
2021-01-07,rb1s,-1,2021-02-05,-0.11286584926665122,0,0.09236110469727503,20,2.0,1.25,garch,0.04773242630385489
2021-01-08,rb1s,-1,2021-02-08,-0.08640195186410504,0,0.09236110469727503,20,2.0,1.25,garch,0.04773242630385489
2021-01-11,rb1s,-1,2021-02-09,-0.10097132168877754,0,0.09236110469727503,20,2.0,1.25,garch,0.04773242630385489
2021-01-12,rb1s,-1,2021-02-10,-0.06513074596956114,0,0.09236110469727503,20,2.0,1.25,garch,0.04773242630385489
2021-01-13,rb1s,-1,2021-02-11,-0.06595209236063759,0,0.09236110469727503,20,2.0,1.25,garch,0.04773242630385489
2021-01-14,rb1s,-1,2021-02-12,-0.08968771453175695,0,0.09236110469727503,20,2.0,1.25,garch,0.04773242630385489
2021-01-15,rb1s,-1,2021-02-16,-0.16049601834311789,0,0.09236110469727503,20,2.0,1.25,garch,0.04773242630385489
2021-01-19,rb1s,-1,2021-02-16,-0.15317736925820302,0,0.09236110469727503,20,2.0,1.25,garch,0.047738095238095246
2021-01-20,rb1s,-1,2021-02-16,-0.14884520515268873,0,0.09236110469727503,20,2.0,1.25,garch,0.047744360902255645
2021-01-21,rb1s,-1,2021-02-16,-0.1458764231270686,0,0.09236110469727503,20,2.0,1.25,garch,0.04775132275132275
2021-01-22,rb1s,-1,2021-02-16,-0.1475080919320193,0,0.09236110469727503,20,2.0,1.25,garch,0.04775910364145658
2021-01-25,rb1s,-1,2021-02-16,-0.13800629168856804,0,0.0858005538754046,20,2.0,1.25,garch,0.04776785714285714
2021-01-26,rb1s,-1,2021-02-16,-0.1257937521666912,0,0.0858005538754046,20,2.0,1.25,garch,0.04777777777777779
2021-01-27,rb1s,-1,2021-02-16,-0.1280860257151033,0,0.0858005538754046,20,2.0,1.25,garch,0.047789115646258505
2021-01-28,rb1s,-1,2021-02-16,-0.12536498622468417,0,0.0858005538754046,20,2.0,1.25,garch,0.047802197802197806
2021-01-29,rb1s,-1,2021-02-16,-0.14181748015226248,0,0.0858005538754046,20,2.0,1.25,garch,0.047817460317460314
2021-02-01,rb1s,-1,2021-02-16,-0.11496132229969458,0,0.0858005538754046,20,2.0,1.25,garch,0.04783549783549783
2021-02-02,rb1s,-1,2021-02-17,-0.12035891076858274,0,0.0858005538754046,20,2.0,1.25,garch,0.05177095631641086
2021-02-03,rb1s,-1,2021-02-22,-0.11358049680588334,0,0.0858005538754046,20,2.0,1.25,garch,0.059463613309767155
2021-02-04,rb1s,-1,2021-02-22,-0.11615321362279296,0,0.0858005538754046,20,2.0,1.25,garch,0.060450660450660464
2021-02-05,rb1s,-1,2021-02-22,-0.11310786794011563,0,0.0858005538754046,20,2.0,1.25,garch,0.06140072049162959
2021-02-08,rb1s,-1,2021-02-24,-0.12272809622353109,0,0.0858005538754046,20,2.0,1.25,garch,0.06990833240833241
2021-02-09,rb1s,-1,2021-02-24,-0.12353311094202568,0,0.0858005538754046,20,2.0,1.25,garch,0.07193463102554011
2021-02-10,rb1s,-1,2021-02-22,-0.1103476515419548,0,0.0858005538754046,20,2.0,1.25,garch,0.06656884781884781
2021-02-11,rb1s,-1,2021-02-22,-0.11250079032906202,0,0.0858005538754046,20,2.0,1.25,garch,0.06927596213310498
2021-02-12,rb1s,-1,2021-02-24,-0.11098671514496417,0,0.0858005538754046,20,2.0,1.25,garch,0.0810529748029748
2021-02-16,rb1s,-1,2021-03-05,-0.10726060170711782,0,0.0858005538754046,20,2.0,1.25,garch,0.08996499532213817
2021-02-17,rb1s,-1,2021-03-11,-0.1227583683249267,0,0.0858005538754046,20,2.0,1.25,garch,0.08654762672928762
2021-02-18,rb1s,-1,2021-03-11,-0.13289529415110324,0,0.0858005538754046,20,2.0,1.25,garch,0.08627503521804993
2021-02-19,rb1s,-1,2021-03-11,-0.1318756935162375,0,0.0858005538754046,20,2.0,1.25,garch,0.08596609817198053
2021-02-22,rb1s,-1,2021-03-11,-0.10725568436879018,0,0.0858005538754046,20,2.0,1.25,garch,0.08615415280331247
2021-02-23,rb1s,-1,2021-03-23,0.023732305377926366,1,0.0858005538754046,20,2.0,1.25,garch,0.07592666723582248
2021-02-24,rb1s,-1,2021-03-24,-0.0052202847501992,0,0.0885092234163183,20,2.0,1.25,garch,0.07290323564096231
2021-02-25,rb1s,-1,2021-03-25,0.02848297393780652,1,0.0885092234163183,20,2.0,1.25,garch,0.07040890457520267
2021-02-26,rb1s,-1,2021-03-26,-0.010725343407175014,0,0.0885092234163183,20,2.0,1.25,garch,0.06672409731896686
2021-03-01,rb1s,-1,2021-03-29,-0.030123883246397698,0,0.0885092234163183,20,2.0,1.25,garch,0.06370066572410668
2021-03-02,rb1s,-1,2021-03-30,-0.03125723197834196,0,0.0885092234163183,20,2.0,1.25,garch,0.06120633465834705
2021-03-03,rb1s,-1,2021-03-31,-0.004312339991319636,0,0.0885092234163183,20,2.0,1.25,garch,0.059144904025487846
2021-03-04,rb1s,-1,2021-04-01,-0.012479770960106107,0,0.0885092234163183,20,2.0,1.25,garch,0.05744422375337901
2021-03-05,rb1s,-1,2021-04-05,0.04992628832845658,1,0.0885092234163183,20,2.0,1.25,garch,0.056048793786520466
2021-03-08,rb1s,-1,2021-04-06,0.039967508435724275,1,0.0885092234163183,20,2.0,1.25,garch,0.054915006938447905
2021-03-09,rb1s,-1,2021-04-07,0.04774424888501616,1,0.0885092234163183,20,2.0,1.25,garch,0.05378122009037534
2021-03-10,rb1s,-1,2021-04-08,0.05755387385575095,1,0.0885092234163183,20,2.0,1.25,garch,0.05287419061191729
2021-03-11,rb1s,-1,2021-04-09,0.08203112341511476,1,0.0885092234163183,20,2.0,1.25,garch,0.05216557383187194
2021-03-12,rb1s,-1,2021-04-12,0.08347928220402334,1,0.0885092234163183,20,2.0,1.25,garch,0.05163202707983779
2021-03-15,rb1s,-1,2021-04-13,0.06099921708661871,1,0.0885092234163183,20,2.0,1.25,garch,0.050498240231765225
2021-03-16,rb1s,-1,2021-04-14,0.031012366285331217,1,0.0885092234163183,20,2.0,1.25,garch,0.04959121075330718
2021-03-17,rb1s,-1,2021-04-15,-0.002560262818525949,0,0.0885092234163183,20,2.0,1.25,garch,0.048882593973261834
2021-03-18,rb1s,1,2021-04-16,0.04955402346468962,1,0.0885092234163183,20,2.0,1.25,garch,0.048349047221227674
2021-03-19,rb1s,1,2021-04-19,0.052462142655523625,1,0.0885092234163183,20,2.0,1.25,garch,0.04797111827187016
2021-03-22,rb1s,1,2021-04-20,0.029662232914736464,1,0.0885092234163183,20,2.0,1.25,garch,0.04773242630385489
2021-03-23,rb1s,-1,2021-04-21,-0.046152223871957165,0,0.0885092234163183,20,2.0,1.25,garch,0.04761904761904763
2021-03-24,rb1s,1,2021-04-22,-0.006440251111851314,0,0.0885092234163183,20,2.0,1.25,garch,0.04761904761904763
2021-03-25,rb1s,1,2021-04-23,0.04116611120368274,1,0.12044798042726208,20,2.0,1.25,garch,0.04761904761904763
2021-03-26,rb1s,-1,2021-04-26,-0.0065303170090813545,0,0.12044798042726208,20,2.0,1.25,garch,0.04761904761904763
2021-03-29,rb1s,-1,2021-04-27,-0.010668151331832743,0,0.12044798042726208,20,2.0,1.25,garch,0.04761904761904763
2021-03-30,rb1s,-1,2021-04-28,-0.03566365335313271,0,0.12044798042726208,20,2.0,1.25,garch,0.04761904761904763
2021-03-31,rb1s,-1,2021-04-29,-0.07006358886039021,0,0.12044798042726208,20,2.0,1.25,garch,0.04761904761904763
2021-04-01,rb1s,-1,2021-04-30,-0.023385478753069178,0,0.12044798042726208,20,2.0,1.25,garch,0.04761904761904763
2021-04-05,rb1s,-1,2021-05-03,-0.06813066497651565,0,0.12044798042726208,20,2.0,1.25,garch,0.04761904761904763
2021-04-06,rb1s,-1,2021-05-04,-0.09050017115509457,0,0.12044798042726208,20,2.0,1.25,garch,0.04761904761904763
2021-04-07,rb1s,-1,2021-05-05,-0.09865260976011281,0,0.12044798042726208,20,2.0,1.25,garch,0.04761904761904763
2021-04-08,rb1s,-1,2021-05-06,-0.07531854942320715,0,0.12044798042726208,20,2.0,1.25,garch,0.04761904761904763
2021-04-09,rb1s,-1,2021-05-07,-0.08048977560408144,0,0.12044798042726208,20,2.0,1.25,garch,0.04761904761904763
2021-04-12,rb1s,-1,2021-05-10,-0.07944568056345136,0,0.12044798042726208,20,2.0,1.25,garch,0.04761904761904763
2021-04-13,rb1s,-1,2021-05-11,-0.07961076542908474,0,0.12044798042726208,20,2.0,1.25,garch,0.04761904761904763
2021-04-14,rb1s,-1,2021-05-12,-0.05822590355843782,0,0.12044798042726208,20,2.0,1.25,garch,0.04761904761904763
2021-04-15,rb1s,-1,2021-05-13,-0.017901878412670102,0,0.12044798042726208,20,2.0,1.25,garch,0.04761904761904763
2021-04-16,rb1s,-1,2021-05-14,-0.03913424998512127,0,0.12044798042726208,20,2.0,1.25,garch,0.04761904761904763
2021-04-19,rb1s,-1,2021-05-17,-0.05225118614483182,0,0.12044798042726208,20,2.0,1.25,garch,0.04761904761904763
2021-04-20,rb1s,-1,2021-05-18,-0.06767083838944243,0,0.12044798042726208,20,2.0,1.25,garch,0.04761904761904763
2021-04-21,rb1s,-1,2021-05-19,-0.05637260774523001,0,0.12044798042726208,20,2.0,1.25,garch,0.04761904761904763
2021-04-22,rb1s,-1,2021-05-20,-0.03336530079168143,0,0.12044798042726208,20,2.0,1.25,garch,0.04761904761904763
2021-04-23,rb1s,-1,2021-05-21,-0.03332106707282745,0,0.12044798042726208,20,2.0,1.25,garch,0.04761904761904763
2021-04-26,rb1s,-1,2021-05-24,-0.06659476351420679,0,0.08170646773580532,20,2.0,1.25,garch,0.04761904761904763
2021-04-27,rb1s,-1,2021-05-25,-0.046893474888553,0,0.08170646773580532,20,2.0,1.25,garch,0.04761904761904763
2021-04-28,rb1s,-1,2021-05-26,-0.037579574319887454,0,0.08170646773580532,20,2.0,1.25,garch,0.04761904761904763
2021-04-29,rb1s,-1,2021-05-27,-0.024932631066381106,0,0.08170646773580532,20,2.0,1.25,garch,0.04761904761904763
2021-04-30,rb1s,-1,2021-05-28,-0.029689507421242656,0,0.08170646773580532,20,2.0,1.25,garch,0.04761904761904763
2021-05-03,rb1s,1,2021-06-01,0.03329083884909667,1,0.08170646773580532,20,2.0,1.25,garch,0.04761904761904763
2021-05-04,rb1s,-1,2021-06-02,-0.020440814211441838,0,0.08170646773580532,20,2.0,1.25,garch,0.04761904761904763
2021-05-05,rb1s,-1,2021-06-03,-0.023974362222177525,0,0.08170646773580532,20,2.0,1.25,garch,0.04761904761904763
2021-05-06,rb1s,-1,2021-06-04,-0.04678089882781622,0,0.08170646773580532,20,2.0,1.25,garch,0.04761904761904763
2021-05-07,rb1s,-1,2021-06-07,-0.03162903358254088,0,0.08170646773580532,20,2.0,1.25,garch,0.04761904761904763
2021-05-10,rb1s,-1,2021-06-08,-0.04063206565430688,0,0.08170646773580532,20,2.0,1.25,garch,0.04761904761904763
2021-05-11,rb1s,-1,2021-06-09,-0.02975671152357684,0,0.08170646773580532,20,2.0,1.25,garch,0.04761904761904763
2021-05-12,rb1s,-1,2021-06-10,-0.024193025167580595,0,0.08170646773580532,20,2.0,1.25,garch,0.04761904761904763
2021-05-13,rb1s,1,2021-06-11,0.043844972658654724,1,0.08170646773580532,20,2.0,1.25,garch,0.04761904761904763
2021-05-14,rb1s,1,2021-06-14,0.021471404658895965,1,0.08170646773580532,20,2.0,1.25,garch,0.04761904761904763
2021-05-17,rb1s,1,2021-06-15,0.006144071706165377,1,0.08170646773580532,20,2.0,1.25,garch,0.04761904761904763
2021-05-18,rb1s,1,2021-06-16,-0.001687371715624164,0,0.08170646773580532,20,2.0,1.25,garch,0.04761904761904763
2021-05-19,rb1s,1,2021-06-17,0.015814941031770058,1,0.08170646773580532,20,2.0,1.25,garch,0.04761904761904763
2021-05-20,rb1s,1,2021-06-18,0.059671586967875445,1,0.08170646773580532,20,2.0,1.25,garch,0.04761904761904763
2021-05-21,rb1s,1,2021-06-21,0.0608431122594264,1,0.08170646773580532,20,2.0,1.25,garch,0.04761904761904763
2021-05-24,rb1s,-1,2021-06-22,-0.048357447833248246,0,0.08170646773580532,20,2.0,1.25,garch,0.04761904761904763
2021-05-25,rb1s,-1,2021-06-23,-0.06646403164988901,0,0.08967455736366928,20,2.0,1.25,garch,0.04761904761904763
2021-05-26,rb1s,-1,2021-06-24,-0.05711706185231713,0,0.08967455736366928,20,2.0,1.25,garch,0.04761904761904763
2021-05-27,rb1s,-1,2021-06-25,-0.046454676672025075,0,0.08967455736366928,20,2.0,1.25,garch,0.04761904761904763
2021-05-28,rb1s,-1,2021-06-28,-0.03511266289569104,0,0.08967455736366928,20,2.0,1.25,garch,0.04761904761904763
2021-06-01,rb1s,-1,2021-06-29,-0.03007295803324994,0,0.08967455736366928,20,2.0,1.25,garch,0.04761904761904763
2021-06-02,rb1s,-1,2021-06-30,-0.01908280046086297,0,0.08967455736366928,20,2.0,1.25,garch,0.04761904761904763
2021-06-03,rb1s,-1,2021-07-01,-0.027206135952779764,0,0.08967455736366928,20,2.0,1.25,garch,0.04761904761904763
2021-06-04,rb1s,-1,2021-07-02,-0.03722302602815586,0,0.08967455736366928,20,2.0,1.25,garch,0.04761904761904763
2021-06-07,rb1s,-1,2021-07-06,-0.013362338686349062,0,0.08967455736366928,20,2.0,1.25,garch,0.04761904761904763
2021-06-08,rb1s,-1,2021-07-07,0.008444037917286984,1,0.08967455736366928,20,2.0,1.25,garch,0.04761904761904763
2021-06-09,rb1s,-1,2021-07-08,-0.021264344087785547,0,0.08967455736366928,20,2.0,1.25,garch,0.04761904761904763
2021-06-10,rb1s,-1,2021-07-09,-0.033378090109716485,0,0.08967455736366928,20,2.0,1.25,garch,0.04761904761904763
2021-06-11,rb1s,-1,2021-07-12,-0.038963222258725505,0,0.08967455736366928,20,2.0,1.25,garch,0.04761904761904763
2021-06-14,rb1s,-1,2021-07-13,-0.0649735675411347,0,0.08967455736366928,20,2.0,1.25,garch,0.04761904761904763
2021-06-15,rb1s,-1,2021-07-14,-0.05392080617693762,0,0.08967455736366928,20,2.0,1.25,garch,0.04761904761904763
2021-06-16,rb1s,-1,2021-07-15,-0.04092730977996761,0,0.08967455736366928,20,2.0,1.25,garch,0.04761904761904763
2021-06-17,rb1s,-1,2021-07-16,-0.05319973789474042,0,0.08967455736366928,20,2.0,1.25,garch,0.04761904761904763
2021-06-18,rb1s,-1,2021-07-19,0.029234279796940377,1,0.08967455736366928,20,2.0,1.25,garch,0.04761904761904763
2021-06-21,rb1s,-1,2021-07-20,0.03229257764024196,1,0.08967455736366928,20,2.0,1.25,garch,0.04761904761904763
2021-06-22,rb1s,-1,2021-07-21,0.006008698434130322,1,0.08967455736366928,20,2.0,1.25,garch,0.04761904761904763
2021-06-23,rb1s,-1,2021-07-22,-0.0014538083728985463,0,0.08967455736366928,20,2.0,1.25,garch,0.04761904761904763
2021-06-24,rb1s,-1,2021-07-23,-0.0031396589783345696,0,0.06905751604540851,20,2.0,1.25,garch,0.04761904761904763
2021-06-25,rb1s,-1,2021-07-26,-0.017831874786419677,0,0.06905751604540851,20,2.0,1.25,garch,0.04761904761904763
2021-06-28,rb1s,-1,2021-07-27,-0.04048751819683982,0,0.06905751604540851,20,2.0,1.25,garch,0.04761904761904763
2021-06-29,rb1s,-1,2021-07-28,-0.029755613441895035,0,0.06905751604540851,20,2.0,1.25,garch,0.04761904761904763
2021-06-30,rb1s,-1,2021-07-29,-0.04906414025153527,0,0.06905751604540851,20,2.0,1.25,garch,0.04761904761904763
2021-07-01,rb1s,-1,2021-07-30,-0.04141038890526372,0,0.06905751604540851,20,2.0,1.25,garch,0.04761904761904763
2021-07-02,rb1s,-1,2021-08-02,-0.0004406495232267549,0,0.06905751604540851,20,2.0,1.25,garch,0.04761904761904763
2021-07-06,rb1s,-1,2021-08-03,-0.030817981796541716,0,0.06905751604540851,20,2.0,1.25,garch,0.04761904761904763
2021-07-07,rb1s,-1,2021-08-04,-0.03165450794573932,0,0.06905751604540851,20,2.0,1.25,garch,0.04761904761904763
2021-07-08,rb1s,-1,2021-08-05,-0.02888212380242572,0,0.06905751604540851,20,2.0,1.25,garch,0.04761904761904763
2021-07-09,rb1s,-1,2021-08-06,0.004010009115812063,1,0.06905751604540851,20,2.0,1.25,garch,0.04761904761904763
2021-07-12,rb1s,-1,2021-08-09,0.007353172529472651,1,0.06905751604540851,20,2.0,1.25,garch,0.04761904761904763
2021-07-13,rb1s,-1,2021-08-10,0.010509709530759026,1,0.06905751604540851,20,2.0,1.25,garch,0.04761904761904763
2021-07-14,rb1s,-1,2021-08-11,-0.015316807581438718,0,0.06905751604540851,20,2.0,1.25,garch,0.04761904761904763
2021-07-15,rb1s,-1,2021-08-12,-0.022762048400658985,0,0.06905751604540851,20,2.0,1.25,garch,0.04761904761904763
2021-07-16,rb1s,-1,2021-08-13,-0.015519388595074624,0,0.06905751604540851,20,2.0,1.25,garch,0.04761904761904763
2021-07-19,rb1s,1,2021-08-16,0.05485509148870715,1,0.06905751604540851,20,2.0,1.25,garch,0.04761904761904763
2021-07-20,rb1s,1,2021-08-17,0.027661712671511296,1,0.06905751604540851,20,2.0,1.25,garch,0.04761904761904763
2021-07-21,rb1s,1,2021-08-18,-0.020004758186510263,0,0.06905751604540851,20,2.0,1.25,garch,0.04761904761904763
2021-07-22,rb1s,1,2021-08-19,-0.0738186361571771,0,0.06905751604540851,20,2.0,1.25,garch,0.04761904761904763
2021-07-23,rb1s,1,2021-08-20,-0.10507695067907619,0,0.06905751604540851,20,2.0,1.25,garch,0.04761904761904763
2021-07-26,rb1s,1,2021-08-23,-0.06688933844972766,0,0.11458154579373778,20,2.0,1.25,garch,0.04761904761904763
2021-07-27,rb1s,1,2021-08-24,-0.036039972634961503,0,0.11458154579373778,20,2.0,1.25,garch,0.04761904761904763
2021-07-28,rb1s,1,2021-08-25,0.004597587732268371,1,0.11458154579373778,20,2.0,1.25,garch,0.04761904761904763
2021-07-29,rb1s,1,2021-08-26,-0.03824867472416793,0,0.11458154579373778,20,2.0,1.25,garch,0.04761904761904763
2021-07-30,rb1s,1,2021-08-27,-0.029706098657553248,0,0.11458154579373778,20,2.0,1.25,garch,0.04761904761904763
2021-08-02,rb1s,1,2021-08-30,0.011956207324096635,1,0.11458154579373778,20,2.0,1.25,garch,0.04761904761904763
2021-08-03,rb1s,1,2021-08-31,0.008093419134718838,1,0.11458154579373778,20,2.0,1.25,garch,0.04761904761904763
2021-08-04,rb1s,1,2021-09-01,0.0026875352632633742,1,0.11458154579373778,20,2.0,1.25,garch,0.04761904761904763
2021-08-05,rb1s,1,2021-09-02,0.00796153792316523,1,0.11458154579373778,20,2.0,1.25,garch,0.04761904761904763
2021-08-06,rb1s,1,2021-09-03,0.02003214246320595,1,0.11458154579373778,20,2.0,1.25,garch,0.04761904761904763
2021-08-09,rb1s,1,2021-09-07,0.018641614993762712,1,0.11458154579373778,20,2.0,1.25,garch,0.04761904761904763
2021-08-10,rb1s,1,2021-09-08,0.0047641791208588025,1,0.11458154579373778,20,2.0,1.25,garch,0.04761904761904763
2021-08-11,rb1s,1,2021-09-09,-0.025246792116580208,0,0.11458154579373778,20,2.0,1.25,garch,0.04761904761904763
2021-08-12,rb1s,1,2021-09-10,0.011738833943619964,1,0.11458154579373778,20,2.0,1.25,garch,0.04761904761904763
2021-08-13,rb1s,1,2021-09-13,0.020721731622975303,1,0.11458154579373778,20,2.0,1.25,garch,0.04761904761904763
2021-08-16,rb1s,1,2021-09-14,0.05492104967202649,1,0.11458154579373778,20,2.0,1.25,garch,0.04761904761904763
2021-08-17,rb1s,1,2021-09-15,0.08899489846464781,1,0.11458154579373778,20,2.0,1.25,garch,0.04761904761904763
2021-08-18,rb1s,1,2021-09-16,0.0854313116145855,1,0.11458154579373778,20,2.0,1.25,garch,0.04761904761904763
2021-08-19,rb1s,1,2021-09-17,0.11486913478183425,1,0.11458154579373778,20,2.0,1.25,garch,0.04761904761904763
2021-08-20,rb1s,1,2021-09-20,0.11713907192196316,1,0.11458154579373778,20,2.0,1.25,garch,0.04761904761904763
2021-08-23,rb1s,1,2021-09-21,0.05969999022020267,1,0.11458154579373778,20,2.0,1.25,garch,0.04761904761904763
2021-08-24,rb1s,1,2021-09-22,0.03222200695615984,1,0.11342177484095824,20,2.0,1.25,garch,0.04761904761904763
2021-08-25,rb1s,1,2021-09-23,0.010311424668560942,1,0.11342177484095824,20,2.0,1.25,garch,0.04761904761904763
2021-08-26,rb1s,1,2021-09-24,0.04140983733709658,1,0.11342177484095824,20,2.0,1.25,garch,0.04761904761904763
2021-08-27,rb1s,1,2021-09-27,0.04352941736503002,1,0.11342177484095824,20,2.0,1.25,garch,0.04761904761904763
2021-08-30,rb1s,1,2021-09-28,0.016311111178684,1,0.11342177484095824,20,2.0,1.25,garch,0.04761904761904763
2021-08-31,rb1s,1,2021-09-29,0.03504431373566663,1,0.11342177484095824,20,2.0,1.25,garch,0.04761904761904763
2021-09-01,rb1s,1,2021-09-30,0.05941919350977409,1,0.11342177484095824,20,2.0,1.25,garch,0.04761904761904763
2021-09-02,rb1s,1,2021-10-01,0.06004546418052792,1,0.11342177484095824,20,2.0,1.25,garch,0.04761904761904763
2021-09-03,rb1s,1,2021-10-04,0.09240342454586492,1,0.11342177484095824,20,2.0,1.25,garch,0.04761904761904763
2021-09-07,rb1s,1,2021-10-05,0.128352127949378,1,0.11342177484095824,20,2.0,1.25,garch,0.04761904761904763
2021-09-08,rb1s,1,2021-10-06,0.10348069467037146,1,0.11342177484095824,20,2.0,1.25,garch,0.04773242630385489
2021-09-09,rb1s,1,2021-10-07,0.13322696425313008,1,0.11342177484095824,20,2.0,1.25,garch,0.047845804988662144
2021-09-10,rb1s,1,2021-10-08,0.11970759500789052,1,0.11342177484095824,20,2.0,1.25,garch,0.047959183673469394
2021-09-13,rb1s,1,2021-10-11,0.121651111458007,1,0.11342177484095824,20,2.0,1.25,garch,0.04807256235827665
2021-09-14,rb1s,1,2021-10-12,0.11805944851750616,1,0.11342177484095824,20,2.0,1.25,garch,0.04818594104308391
2021-09-15,rb1s,1,2021-10-13,0.11117028935092765,1,0.11342177484095824,20,2.0,1.25,garch,0.048299319727891164
2021-09-16,rb1s,1,2021-10-14,0.13789542102544772,1,0.11342177484095824,20,2.0,1.25,garch,0.04841269841269842
2021-09-17,rb1s,1,2021-10-15,0.16721278883277857,1,0.11342177484095824,20,2.0,1.25,garch,0.04852607709750568
2021-09-20,rb1s,1,2021-10-18,0.19826635445248253,1,0.11342177484095824,20,2.0,1.25,garch,0.048639455782312935
2021-09-21,rb1s,1,2021-10-19,0.19858390806217874,1,0.11342177484095824,20,2.0,1.25,garch,0.048752834467120185
2021-09-22,rb1s,1,2021-10-20,0.20382012644578773,1,0.11342177484095824,20,2.0,1.25,garch,0.04886621315192744
2021-09-23,rb1s,-1,2021-10-05,-0.10902591531661199,0,0.08401384086901245,20,2.0,1.25,garch,0.047619047619047616
2021-09-24,rb1s,1,2021-10-20,0.17341067358304296,1,0.08401384086901245,20,2.0,1.25,garch,0.048997493734335845
2021-09-27,rb1s,1,2021-10-25,0.15410074815078323,1,0.08401384086901245,20,2.0,1.25,garch,0.0495962127541075
2021-09-28,rb1s,1,2021-10-20,0.1680558776187202,1,0.08401384086901245,20,2.0,1.25,garch,0.049159663865546224
2021-09-29,rb1s,1,2021-10-27,0.12151481196017921,1,0.08401384086901245,20,2.0,1.25,garch,0.049709591438914756
2021-09-30,rb1s,1,2021-10-28,0.10231630518836754,1,0.08401384086901245,20,2.0,1.25,garch,0.049709591438914756
2021-10-01,rb1s,1,2021-10-29,0.07980211627619482,1,0.08401384086901245,20,2.0,1.25,garch,0.049709591438914756
2021-10-04,rb1s,-1,2021-11-01,-0.07002598733847187,0,0.08401384086901245,20,2.0,1.25,garch,0.049709591438914756
2021-10-05,rb1s,-1,2021-11-02,-0.06534863030325866,0,0.08401384086901245,20,2.0,1.25,garch,0.049709591438914756
2021-10-06,rb1s,1,2021-11-03,0.038717052805886,1,0.08401384086901245,20,2.0,1.25,garch,0.049709591438914756
2021-10-07,rb1s,-1,2021-11-04,-0.006899991626018398,0,0.08401384086901245,20,2.0,1.25,garch,0.0495962127541075
2021-10-08,rb1s,-1,2021-11-05,-0.005630189090131799,0,0.08401384086901245,20,2.0,1.25,garch,0.04948283406930024
2021-10-11,rb1s,1,2021-11-08,0.0012426874543256528,1,0.08401384086901245,20,2.0,1.25,garch,0.049369455384492986
2021-10-12,rb1s,1,2021-11-09,0.021945395854218175,1,0.08401384086901245,20,2.0,1.25,garch,0.049256076699685736
2021-10-13,rb1s,1,2021-11-10,-0.020900631335346587,0,0.08401384086901245,20,2.0,1.25,garch,0.04914269801487848
2021-10-14,rb1s,1,2021-11-11,-0.024088766585948607,0,0.08401384086901245,20,2.0,1.25,garch,0.04902931933007122
2021-10-15,rb1s,1,2021-11-12,-0.04690226850806434,0,0.08401384086901245,20,2.0,1.25,garch,0.048915940645263965
2021-10-18,rb1s,1,2021-11-15,-0.03980467534881249,0,0.08401384086901245,20,2.0,1.25,garch,0.04880256196045671
2021-10-19,rb1s,1,2021-11-16,-0.026843224972400215,0,0.08401384086901245,20,2.0,1.25,garch,0.04868918327564945
2021-10-20,rb1s,1,2021-11-17,-0.06797294415840471,0,0.08401384086901245,20,2.0,1.25,garch,0.048575804590842195
2021-10-21,rb1s,1,2021-11-18,-0.05155022599650627,0,0.08401384086901245,20,2.0,1.25,garch,0.048462425906034945
2021-10-22,rb1s,1,2021-11-19,-0.08432687548762008,0,0.07469234568487654,20,2.0,1.25,garch,0.048084496956677415
2021-10-25,rb1s,1,2021-11-19,-0.09448561115032017,0,0.07469234568487654,20,2.0,1.25,garch,0.04785714285714286
2021-10-26,rb1s,1,2021-11-19,-0.096150703315809,0,0.07469234568487654,20,2.0,1.25,garch,0.047744360902255645
2021-10-27,rb1s,1,2021-11-24,-0.02333580454554607,0,0.07469234568487654,20,2.0,1.25,garch,0.048349047221227674
2021-10-28,rb1s,1,2021-11-26,-0.13874383132829182,0,0.07469234568487654,20,2.0,1.25,garch,0.04846242590603493
2021-10-29,rb1s,1,2021-11-26,-0.14266903972804257,0,0.07469234568487654,20,2.0,1.25,garch,0.04850459482038429
2021-11-01,rb1s,1,2021-11-26,-0.15676039573412603,0,0.07469234568487654,20,2.0,1.25,garch,0.04855120256782306
2021-11-02,rb1s,1,2021-11-19,-0.09722052156173211,0,0.07469234568487654,20,2.0,1.25,garch,0.04761904761904762
2021-11-03,rb1s,1,2021-11-26,-0.13123062799140284,0,0.07469234568487654,20,2.0,1.25,garch,0.048660867855914294
2021-11-04,rb1s,1,2021-11-26,-0.11383705033296287,0,0.07469234568487654,20,2.0,1.25,garch,0.048725981620718464
2021-11-05,rb1s,1,2021-11-26,-0.12464251916867597,0,0.07469234568487654,20,2.0,1.25,garch,0.04879977722082985
2021-11-08,rb1s,1,2021-11-26,-0.12513255595007244,0,0.07469234568487654,20,2.0,1.25,garch,0.048884115049528595
2021-11-09,rb1s,-1,2021-11-30,0.16235614035435686,1,0.07469234568487654,20,2.0,1.25,garch,0.05819131161236425
2021-11-10,rb1s,-1,2021-12-09,0.0498549271904577,1,0.07469234568487654,20,2.0,1.25,garch,0.07066456239388569
2021-11-11,rb1s,-1,2021-12-10,0.05440604850332775,1,0.07469234568487654,20,2.0,1.25,garch,0.07179834924195824
2021-11-12,rb1s,-1,2021-12-13,0.06097178345375076,1,0.07469234568487654,20,2.0,1.25,garch,0.07293213609003082
2021-11-15,rb1s,1,2021-11-26,-0.12761199918168986,0,0.07469234568487654,20,2.0,1.25,garch,0.049586930288684675
2021-11-16,rb1s,1,2021-11-26,-0.13537167471289435,0,0.07469234568487654,20,2.0,1.25,garch,0.049832915622389305
2021-11-17,rb1s,1,2021-11-26,-0.10905706459406561,0,0.07469234568487654,20,2.0,1.25,garch,0.050149182480009546
2021-11-18,rb1s,1,2021-11-26,-0.11449366876796596,0,0.07469234568487654,20,2.0,1.25,garch,0.050570871623503204
2021-11-19,rb1s,1,2021-11-30,-0.10051462713193782,0,0.07469234568487654,20,2.0,1.25,garch,0.07027389903329753
2021-11-22,rb1s,1,2021-12-21,-0.023192484166117633,0,0.10018915549990558,20,2.0,1.25,garch,0.07683173686601373
2021-11-23,rb1s,1,2021-11-26,-0.1304481418269705,0,0.10018915549990558,20,2.0,1.25,garch,0.05087719298245614
2021-11-24,rb1s,1,2021-11-26,-0.12568957165430716,0,0.10018915549990558,20,2.0,1.25,garch,0.05
2021-11-26,rb1s,1,2021-12-27,0.1297235559507932,1,0.10018915549990558,20,2.0,1.25,garch,0.07645380791665621
2021-11-29,rb1s,1,2021-12-28,0.10858296252176869,1,0.10018915549990558,20,2.0,1.25,garch,0.07634042923184896
2021-11-30,rb1s,1,2021-12-29,0.17232113572183572,1,0.10018915549990558,20,2.0,1.25,garch,0.07265562197561312
2021-12-01,rb1s,1,2021-12-30,0.1784664035085275,1,0.10018915549990558,20,2.0,1.25,garch,0.06963219038075297
2021-12-02,rb1s,1,2021-12-31,0.13445917962702403,1,0.10018915549990558,20,2.0,1.25,garch,0.06594738312451714
2021-12-03,rb1s,1,2022-01-03,0.15944768847689206,1,0.10018915549990558,20,2.0,1.25,garch,0.06292395152965698
2021-12-06,rb1s,1,2022-01-04,0.11787486076828668,1,0.10018915549990558,20,2.0,1.25,garch,0.06042962046389734
2021-12-07,rb1s,1,2022-01-05,0.09524200760283907,1,0.10018915549990558,20,2.0,1.25,garch,0.058368189831038135
2021-12-08,rb1s,1,2022-01-06,0.07621610686254932,1,0.10018915549990558,20,2.0,1.25,garch,0.0566675095589293
2021-12-09,rb1s,1,2022-01-07,0.0838337141789236,1,0.10018915549990558,20,2.0,1.25,garch,0.055272079592070755
2021-12-10,rb1s,1,2022-01-10,0.06833735553220954,1,0.10018915549990558,20,2.0,1.25,garch,0.054138292743998194
2021-12-13,rb1s,1,2022-01-11,0.11766289330279767,1,0.10018915549990558,20,2.0,1.25,garch,0.053004505895925626
2021-12-14,rb1s,1,2022-01-12,0.1365590051842427,1,0.10018915549990558,20,2.0,1.25,garch,0.051870719047853064
2021-12-15,rb1s,1,2022-01-13,0.12447738522363583,1,0.10018915549990558,20,2.0,1.25,garch,0.05073693219978051
2021-12-16,rb1s,1,2022-01-14,0.11458630121824975,1,0.10018915549990558,20,2.0,1.25,garch,0.04982990272132245
2021-12-17,rb1s,1,2022-01-18,0.1501108581213928,1,0.10018915549990558,20,2.0,1.25,garch,0.049121285941277106
2021-12-20,rb1s,1,2022-01-19,0.1796541405519232,1,0.10018915549990558,20,2.0,1.25,garch,0.04858773918924296
2021-12-21,rb1s,1,2022-01-20,0.14798582633709834,1,0.10018915549990558,20,2.0,1.25,garch,0.04820981023988544
2021-12-22,rb1s,1,2022-01-21,0.1281293300963111,1,0.12508561884117023,20,2.0,1.25,garch,0.04797111827187016
2021-12-23,rb1s,1,2022-01-24,0.0884012199509212,1,0.12508561884117023,20,2.0,1.25,garch,0.04773242630385489
2021-12-27,rb1s,1,2022-01-25,0.10225655496545683,1,0.12508561884117023,20,2.0,1.25,garch,0.04761904761904763
2021-12-28,rb1s,1,2022-01-26,0.12153671477871253,1,0.12508561884117023,20,2.0,1.25,garch,0.04761904761904763
2021-12-29,rb1s,1,2022-01-27,0.11037463582606577,1,0.12508561884117023,20,2.0,1.25,garch,0.04761904761904763
2021-12-30,rb1s,-1,2022-01-28,-0.10572000679272375,0,0.12508561884117023,20,2.0,1.25,garch,0.04761904761904763
2021-12-31,rb1s,1,2022-01-31,0.1463270577093756,1,0.12508561884117023,20,2.0,1.25,garch,0.04761904761904763
2022-01-03,rb1s,1,2022-02-01,0.13932387147151637,1,0.12508561884117023,20,2.0,1.25,garch,0.04761904761904763
2022-01-04,rb1s,1,2022-02-02,0.14336028741051243,1,0.12508561884117023,20,2.0,1.25,garch,0.04761904761904763
2022-01-05,rb1s,1,2022-02-03,0.1510279624032922,1,0.12508561884117023,20,2.0,1.25,garch,0.04761904761904763
2022-01-06,rb1s,1,2022-02-04,0.1604440390849613,1,0.12508561884117023,20,2.0,1.25,garch,0.04761904761904763
2022-01-07,rb1s,1,2022-02-07,0.166122843085583,1,0.12508561884117023,20,2.0,1.25,garch,0.04761904761904763
2022-01-10,rb1s,1,2022-02-08,0.15175384059351527,1,0.12508561884117023,20,2.0,1.25,garch,0.04761904761904763
2022-01-11,rb1s,1,2022-02-09,0.12367577186105572,1,0.12508561884117023,20,2.0,1.25,garch,0.04761904761904763
2022-01-12,rb1s,1,2022-02-10,0.11298860413008449,1,0.12508561884117023,20,2.0,1.25,garch,0.04761904761904763
2022-01-13,rb1s,1,2022-02-11,0.1467683731840166,1,0.12508561884117023,20,2.0,1.25,garch,0.04761904761904763
2022-01-14,rb1s,-1,2022-02-14,-0.14706163917141124,0,0.12508561884117023,20,2.0,1.25,garch,0.04761904761904763
2022-01-18,rb1s,-1,2022-02-15,-0.09574264023003254,0,0.12508561884117023,20,2.0,1.25,garch,0.04761904761904763
2022-01-19,rb1s,1,2022-02-16,0.08775480134917668,1,0.12508561884117023,20,2.0,1.25,garch,0.04761904761904763
2022-01-20,rb1s,1,2022-02-17,0.07390192070745716,1,0.12508561884117023,20,2.0,1.25,garch,0.04761904761904763
2022-01-21,rb1s,-1,2022-02-18,-0.08876426727943354,0,0.12508561884117023,20,2.0,1.25,garch,0.04761904761904763
2022-01-24,rb1s,1,2022-02-22,0.12560947910112064,1,0.08011667248684835,20,2.0,1.25,garch,0.04761904761904763
2022-01-25,rb1s,1,2022-02-23,0.10630331545553506,1,0.08011667248684835,20,2.0,1.25,garch,0.04761904761904763
2022-01-26,rb1s,1,2022-02-24,0.09493795926249948,1,0.08011667248684835,20,2.0,1.25,garch,0.04761904761904763
2022-01-27,rb1s,1,2022-02-25,0.07996140735133106,1,0.08011667248684835,20,2.0,1.25,garch,0.04761904761904763
2022-01-28,rb1s,1,2022-02-28,0.09456793846496248,1,0.08011667248684835,20,2.0,1.25,garch,0.04761904761904763
2022-01-31,rb1s,1,2022-03-01,0.1454233453482161,1,0.08011667248684835,20,2.0,1.25,garch,0.04761904761904763
2022-02-01,rb1s,1,2022-03-02,0.2169511034111622,1,0.08011667248684835,20,2.0,1.25,garch,0.04773242630385489
2022-02-02,rb1s,1,2022-03-02,0.20210682165163552,1,0.08011667248684835,20,2.0,1.25,garch,0.047738095238095246
2022-02-03,rb1s,1,2022-03-02,0.185867667238097,1,0.08011667248684835,20,2.0,1.25,garch,0.047744360902255645
2022-02-04,rb1s,1,2022-03-02,0.1700177279881414,1,0.08011667248684835,20,2.0,1.25,garch,0.04775132275132275
2022-02-07,rb1s,1,2022-03-02,0.16705488529265078,1,0.08011667248684835,20,2.0,1.25,garch,0.04775910364145658
2022-02-08,rb1s,-1,2022-03-01,-0.11457445177443404,0,0.08011667248684835,20,2.0,1.25,garch,0.04761904761904763
2022-02-09,rb1s,1,2022-03-02,0.18108558112473672,1,0.08011667248684835,20,2.0,1.25,garch,0.04777777777777779
2022-02-10,rb1s,1,2022-03-02,0.1757681707956762,1,0.08011667248684835,20,2.0,1.25,garch,0.047789115646258505
2022-02-11,rb1s,1,2022-03-04,0.22586971841378967,1,0.08011667248684835,20,2.0,1.25,garch,0.055502645502645505
2022-02-14,rb1s,-1,2022-03-02,-0.12754280855967237,0,0.08011667248684835,20,2.0,1.25,garch,0.047817460317460314
2022-02-15,rb1s,1,2022-03-02,0.17413828037788948,1,0.08011667248684835,20,2.0,1.25,garch,0.047835497835497835
2022-02-16,rb1s,1,2022-03-02,0.17062959313033632,1,0.08011667248684835,20,2.0,1.25,garch,0.047857142857142855
2022-02-17,rb1s,1,2022-03-02,0.1832260374678174,1,0.08011667248684835,20,2.0,1.25,garch,0.04788359788359788
2022-02-18,rb1s,1,2022-03-02,0.1765354396614498,1,0.08011667248684835,20,2.0,1.25,garch,0.04791666666666666
2022-02-22,rb1s,1,2022-03-04,0.2416354279643278,1,0.08011667248684835,20,2.0,1.25,garch,0.060758377425044086
2022-02-23,rb1s,1,2022-03-04,0.23226703837883234,1,0.08855663539618262,20,2.0,1.25,garch,0.06240079365079365
2022-02-24,rb1s,1,2022-03-04,0.21515515229770998,1,0.08855663539618262,20,2.0,1.25,garch,0.06451247165532879
2022-02-25,rb1s,1,2022-03-04,0.23308166107540873,1,0.08855663539618262,20,2.0,1.25,garch,0.06732804232804233
2022-02-28,rb1s,1,2022-03-04,0.20852514959410118,1,0.08855663539618262,20,2.0,1.25,garch,0.07126984126984126
2022-03-01,rb1s,1,2022-03-08,0.19228154234650652,1,0.08855663539618262,20,2.0,1.25,garch,0.11256613756613755
2022-03-02,rb1s,-1,2022-03-08,-0.11313967870544772,0,0.08855663539618262,20,2.0,1.25,garch,0.12555555555555556
2022-03-03,rb1s,-1,2022-03-08,-0.1212398007190203,0,0.08855663539618262,20,2.0,1.25,garch,0.14444444444444443
2022-03-04,rb1s,-1,2022-04-01,0.10519005452182906,1,0.08855663539618262,20,2.0,1.25,garch,0.1121939519274769
2022-03-07,rb1s,-1,2022-04-04,0.09967333727135419,1,0.08855663539618262,20,2.0,1.25,garch,0.1098129995465245
2022-03-08,rb1s,-1,2022-03-15,0.1858741102136211,1,0.08855663539618262,20,2.0,1.25,garch,0.17519841269841271
2022-03-09,rb1s,-1,2022-04-06,0.0699787554413478,1,0.08855663539618262,20,2.0,1.25,garch,0.09700120816330457
2022-03-10,rb1s,-1,2022-04-07,0.03162541837402533,1,0.08855663539618262,20,2.0,1.25,garch,0.08736401995468782
2022-03-11,rb1s,-1,2022-04-08,0.049188285026625866,1,0.08855663539618262,20,2.0,1.25,garch,0.08010778412702341
2022-03-14,rb1s,-1,2022-04-11,0.04699991311843721,1,0.08855663539618262,20,2.0,1.25,garch,0.0744388498866606
2022-03-15,rb1s,1,2022-04-12,0.05783934212613784,1,0.08855663539618262,20,2.0,1.25,garch,0.06990370249437035
2022-03-16,rb1s,1,2022-04-13,0.10787620865384495,1,0.08855663539618262,20,2.0,1.25,garch,0.06621889523813453
2022-03-17,rb1s,-1,2022-04-14,-0.057136751313519474,0,0.08855663539618262,20,2.0,1.25,garch,0.0625340879818987
2022-03-18,rb1s,-1,2022-04-18,-0.048866105925570835,0,0.08855663539618262,20,2.0,1.25,garch,0.05951065638703853
2022-03-21,rb1s,-1,2022-04-19,0.031429089104187624,1,0.08855663539618262,20,2.0,1.25,garch,0.0570163253212789
2022-03-22,rb1s,-1,2022-04-20,0.008243408910106331,1,0.08855663539618262,20,2.0,1.25,garch,0.054954894688419686
2022-03-23,rb1s,-1,2022-04-21,0.0236584295253206,1,0.08855663539618262,20,2.0,1.25,garch,0.05325421441631084
2022-03-24,rb1s,-1,2022-04-22,0.018403736474691734,1,0.18485393431857428,20,2.0,1.25,garch,0.05185878444945231
2022-03-25,rb1s,-1,2022-04-25,0.05681002946381997,1,0.18485393431857428,20,2.0,1.25,garch,0.05072499760137974
2022-03-28,rb1s,-1,2022-04-26,-0.04250630763402263,0,0.18485393431857428,20,2.0,1.25,garch,0.04981796812292169
2022-03-29,rb1s,-1,2022-04-27,-0.08137708273038213,0,0.18485393431857428,20,2.0,1.25,garch,0.04910935134287634
2022-03-30,rb1s,-1,2022-04-28,-0.06438883266888262,0,0.18485393431857428,20,2.0,1.25,garch,0.048575804590842195
2022-03-31,rb1s,1,2022-04-29,0.09946186455673378,1,0.18485393431857428,20,2.0,1.25,garch,0.048197875641484665
2022-04-01,rb1s,1,2022-05-02,0.12016013303895923,1,0.18485393431857428,20,2.0,1.25,garch,0.047959183673469394
2022-04-04,rb1s,1,2022-05-03,0.10173802307159985,1,0.18485393431857428,20,2.0,1.25,garch,0.047845804988662144
2022-04-05,rb1s,1,2022-05-04,0.16134140016087106,1,0.18485393431857428,20,2.0,1.25,garch,0.04773242630385489
2022-04-06,rb1s,1,2022-05-05,0.20870924503663923,1,0.18485393431857428,20,2.0,1.25,garch,0.04761904761904763
2022-04-07,rb1s,1,2022-05-06,0.24445951483883066,1,0.18485393431857428,20,2.0,1.25,garch,0.04761904761904763
2022-04-08,rb1s,1,2022-05-09,0.17034846556150307,1,0.18485393431857428,20,2.0,1.25,garch,0.04761904761904763
2022-04-11,rb1s,1,2022-05-10,0.1867818875315923,1,0.18485393431857428,20,2.0,1.25,garch,0.04761904761904763
2022-04-12,rb1s,1,2022-05-11,0.1760227527508058,1,0.18485393431857428,20,2.0,1.25,garch,0.04761904761904763
2022-04-13,rb1s,1,2022-05-12,0.15936438874372483,1,0.18485393431857428,20,2.0,1.25,garch,0.04761904761904763
2022-04-14,rb1s,-1,2022-05-13,-0.17790632275496754,0,0.18485393431857428,20,2.0,1.25,garch,0.04761904761904763
2022-04-18,rb1s,-1,2022-05-16,-0.19845075493401243,0,0.18485393431857428,20,2.0,1.25,garch,0.04773242630385489
2022-04-19,rb1s,-1,2022-05-16,-0.2466855011087501,0,0.18485393431857428,20,2.0,1.25,garch,0.047738095238095246
2022-04-20,rb1s,-1,2022-05-16,-0.2324910176899333,0,0.18485393431857428,20,2.0,1.25,garch,0.047744360902255645
2022-04-21,rb1s,-1,2022-05-19,-0.15499623199796297,0,0.18485393431857428,20,2.0,1.25,garch,0.0493525187852919
2022-04-22,rb1s,-1,2022-05-20,-0.16768107091653528,0,0.18485393431857428,20,2.0,1.25,garch,0.04973044773464942
2022-04-25,rb1s,1,2022-05-23,0.18832538703906643,1,0.1286466857368697,20,2.0,1.25,garch,0.05010837668400694
2022-04-26,rb1s,-1,2022-05-13,-0.1953488361660658,0,0.1286466857368697,20,2.0,1.25,garch,0.04761904761904762
2022-04-27,rb1s,-1,2022-05-16,-0.17852644023689934,0,0.1286466857368697,20,2.0,1.25,garch,0.047789115646258505
2022-04-28,rb1s,-1,2022-05-26,-0.13461261376665545,0,0.1286466857368697,20,2.0,1.25,garch,0.050838376286186995
2022-04-29,rb1s,-1,2022-05-16,-0.16863235008414423,0,0.1286466857368697,20,2.0,1.25,garch,0.047817460317460314
2022-05-02,rb1s,-1,2022-05-31,-0.16023541174387268,0,0.1286466857368697,20,2.0,1.25,garch,0.05106513365580151
2022-05-03,rb1s,-1,2022-05-27,-0.16190753305458583,0,0.1286466857368697,20,2.0,1.25,garch,0.051302566271199154
2022-05-04,rb1s,-1,2022-06-02,-0.19327790167548176,0,0.1286466857368697,20,2.0,1.25,garch,0.05141720430862403
2022-05-05,rb1s,-1,2022-06-02,-0.19119055413670605,0,0.1286466857368697,20,2.0,1.25,garch,0.05160711214310286
2022-05-06,rb1s,-1,2022-06-03,-0.17636501556542772,0,0.1286466857368697,20,2.0,1.25,garch,0.052351159762150476
2022-05-09,rb1s,-1,2022-06-01,-0.16262011324319126,0,0.1286466857368697,20,2.0,1.25,garch,0.05201603345156432
2022-05-10,rb1s,1,2022-06-08,0.23971381022561356,1,0.1286466857368697,20,2.0,1.25,garch,0.05552718163288707
2022-05-11,rb1s,1,2022-06-09,0.20659726497222874,1,0.1286466857368697,20,2.0,1.25,garch,0.0569226115997456
2022-05-12,rb1s,-1,2022-06-03,-0.16621992627434112,0,0.1286466857368697,20,2.0,1.25,garch,0.05353418779792619
2022-05-13,rb1s,-1,2022-06-13,-0.06028526600470885,0,0.1286466857368697,20,2.0,1.25,garch,0.06104547286546401
2022-05-16,rb1s,-1,2022-06-14,-0.032399577509808264,0,0.1286466857368697,20,2.0,1.25,garch,0.06353980393122366
2022-05-17,rb1s,-1,2022-06-15,-0.027390221557816563,0,0.1286466857368697,20,2.0,1.25,garch,0.06644985684127655
2022-05-18,rb1s,-1,2022-06-02,-0.1713725960491359,0,0.1286466857368697,20,2.0,1.25,garch,0.0533008099571567
2022-05-19,rb1s,-1,2022-06-17,-0.029418779430500086,0,0.1286466857368697,20,2.0,1.25,garch,0.07257730782166873
2022-05-20,rb1s,-1,2022-06-21,-0.028403393432709922,0,0.1286466857368697,20,2.0,1.25,garch,0.07673452626460146
2022-05-23,rb1s,-1,2022-06-09,-0.1619477198172381,0,0.1286466857368697,20,2.0,1.25,garch,0.05923715847804916
2022-05-24,rb1s,-1,2022-06-23,-0.01996804115239459,0,0.12752447170673828,20,2.0,1.25,garch,0.08731653684661204
2022-05-25,rb1s,1,2022-06-24,0.04352705222874542,1,0.12752447170673828,20,2.0,1.25,garch,0.0941948437249189
2022-05-26,rb1s,1,2022-06-27,0.01373337017336329,1,0.12752447170673828,20,2.0,1.25,garch,0.10359333996552042
2022-05-27,rb1s,-1,2022-06-28,-0.01017384848946934,0,0.12752447170673828,20,2.0,1.25,garch,0.11708540345758392
2022-05-31,rb1s,-1,2022-06-29,0.022670386410991394,1,0.12752447170673828,20,2.0,1.25,garch,0.13851397488615533
2022-06-01,rb1s,-1,2022-06-30,0.10718416075385528,1,0.12752447170673828,20,2.0,1.25,garch,0.18375207012425057
2020-05-05,ng1s,-1,2020-05-06,0.08903459136917258,1,0.08427620467950621,4,1.0,0.5,garch,0.75
2020-05-06,ng1s,-1,2020-05-12,0.11522841096164105,1,0.08427620467950621,4,1.0,0.5,garch,0.35666666666666663
2020-05-07,ng1s,-1,2020-05-12,0.09186844346162915,1,0.08427620467950621,4,1.0,0.5,garch,0.3208333333333333
2020-05-08,ng1s,-1,2020-05-13,0.11354804044633637,1,0.08427620467950621,4,1.0,0.5,garch,0.2791666666666666
2020-05-11,ng1s,-1,2020-05-13,0.1150032832977258,1,0.08427620467950621,4,1.0,0.5,garch,0.2611111111111111
2020-05-12,ng1s,-1,2020-05-18,-0.0366286519418928,0,0.08427620467950621,4,1.0,0.5,garch,0.3233333333333333
2020-05-14,ng1s,-1,2020-05-18,-0.06067562476453592,0,0.08427620467950621,4,1.0,0.5,garch,0.3611111111111111
2020-05-15,ng1s,-1,2020-05-18,-0.08322987739188425,0,0.08427620467950621,4,1.0,0.5,garch,0.29166666666666663
2020-05-18,ng1s,-1,2020-05-22,0.021297252242438947,1,0.08427620467950621,4,1.0,0.5,garch,0.31666666666666665
2020-05-19,ng1s,-1,2020-05-26,0.013990402362495491,1,0.08427620467950621,4,1.0,0.5,garch,0.3333333333333333
2020-05-20,ng1s,-1,2020-05-27,0.012048652334158194,1,0.08427620467950621,4,1.0,0.5,garch,0.3333333333333333
2020-05-21,ng1s,-1,2020-05-26,-0.050213543944837236,0,0.08427620467950621,4,1.0,0.5,garch,0.27777777777777773
2020-05-27,ng1s,-1,2020-06-02,0.057792728009806726,1,0.08427620467950621,4,1.0,0.5,garch,0.35666666666666663
2020-05-28,ng1s,-1,2020-06-03,0.0032831151232537437,1,0.08427620467950621,4,1.0,0.5,garch,0.30666666666666664
2020-05-29,ng1s,-1,2020-06-04,0.014600696068248098,1,0.07997389065466659,4,1.0,0.5,garch,0.2733333333333333
2020-06-01,ng1s,-1,2020-06-05,-0.004509981990856948,0,0.07997389065466659,4,1.0,0.5,garch,0.30666666666666664
2020-06-02,ng1s,-1,2020-06-08,-0.006750977047702333,0,0.07997389065466659,4,1.0,0.5,garch,0.45666666666666667
2020-08-03,ng1s,-1,2020-08-04,-0.043790731101466696,0,0.06980650730089674,4,1.0,0.5,garch,1.0
2020-08-06,ng1s,-1,2020-08-12,0.006003809936531157,1,0.06980650730089674,4,1.0,0.5,garch,0.7
2020-08-10,ng1s,-1,2020-08-14,-0.09428592179683881,0,0.06980650730089674,4,1.0,0.5,garch,0.7
2020-09-24,ng1s,-1,2020-09-29,0.11659132075282352,1,0.06973349753161791,4,1.0,0.5,garch,1.0
2020-10-09,ng1s,-1,2020-10-12,-0.05107699492148732,0,0.09765680202144597,4,1.0,0.5,garch,0.75
2020-10-12,ng1s,-1,2020-10-16,0.03748750416527813,1,0.09765680202144597,4,1.0,0.5,garch,0.4333333333333333
2020-10-13,ng1s,-1,2020-10-19,0.02101610980344193,1,0.09765680202144597,4,1.0,0.5,garch,0.5333333333333333
2020-10-14,ng1s,-1,2020-10-15,-0.05273090463630248,0,0.09765680202144597,4,1.0,0.5,garch,0.3333333333333333
2020-10-26,ng1s,-1,2020-10-30,-0.03105188126134273,0,0.09765680202144597,4,1.0,0.5,garch,0.6
2020-10-27,ng1s,-1,2020-11-02,0.02023499942636442,1,0.07457086548985468,4,1.0,0.5,garch,0.6
2021-02-16,ng1s,-1,2021-02-22,0.026292250705055253,1,0.06527702898249604,4,1.0,0.5,garch,1.0
2021-10-05,ng1s,-1,2021-10-06,0.10091825932825105,1,0.08495064409561921,4,1.0,0.5,garch,0.75
2021-10-06,ng1s,-1,2021-10-12,0.0299553681443554,1,0.08495064409561921,4,1.0,0.5,garch,0.35666666666666663
2021-10-07,ng1s,-1,2021-10-13,0.015325192743419369,1,0.08495064409561921,4,1.0,0.5,garch,0.29666666666666663
2021-10-08,ng1s,-1,2021-10-14,-0.021922449258185983,0,0.08495064409561921,4,1.0,0.5,garch,0.24666666666666665
2021-10-11,ng1s,-1,2021-10-13,-0.04583688658035512,0,0.08495064409561921,4,1.0,0.5,garch,0.21666666666666667
2021-10-12,ng1s,-1,2021-10-18,0.09373265212032245,1,0.08495064409561921,4,1.0,0.5,garch,0.22000000000000003
2021-10-13,ng1s,-1,2021-10-18,0.1075128333425992,1,0.08495064409561921,4,1.0,0.5,garch,0.22499999999999998
2021-10-14,ng1s,-1,2021-10-18,0.1227351662497268,1,0.08495064409561921,4,1.0,0.5,garch,0.2333333333333333
2021-10-15,ng1s,-1,2021-10-21,0.05452862705048833,1,0.08495064409561921,4,1.0,0.5,garch,0.24666666666666665
2021-10-18,ng1s,-1,2021-10-22,-0.04730807698031203,0,0.08495064409561921,4,1.0,0.5,garch,0.23666666666666666
2021-10-19,ng1s,-1,2021-10-25,-0.13881998432256148,0,0.08495064409561921,4,1.0,0.5,garch,0.23666666666666664
2021-10-20,ng1s,-1,2021-10-25,-0.12075874966604339,0,0.08495064409561921,4,1.0,0.5,garch,0.21250000000000002
2021-10-21,ng1s,-1,2021-10-25,-0.13281170887144134,0,0.08495064409561921,4,1.0,0.5,garch,0.20000000000000004
2021-10-22,ng1s,-1,2021-10-25,-0.1089559094198469,0,0.08495064409561921,4,1.0,0.5,garch,0.2
2021-10-25,ng1s,-1,2021-10-29,0.10402860548271753,1,0.08495064409561921,4,1.0,0.5,garch,0.29666666666666663
2021-10-26,ng1s,-1,2021-10-29,0.09611829388901083,1,0.08495064409561921,4,1.0,0.5,garch,0.3208333333333333
2021-10-27,ng1s,-1,2021-10-29,0.1245556367532441,1,0.0968287135780109,4,1.0,0.5,garch,0.26111111111111107
2021-10-28,ng1s,-1,2021-11-01,0.10307849795266155,1,0.0968287135780109,4,1.0,0.5,garch,0.2611111111111111
2021-10-29,ng1s,-1,2021-11-04,-0.0534441015271645,0,0.0968287135780109,4,1.0,0.5,garch,0.29
2021-11-01,ng1s,-1,2021-11-02,-0.06864587247901777,0,0.0968287135780109,4,1.0,0.5,garch,0.3333333333333333
2021-11-02,ng1s,-1,2021-11-08,0.02075111684184472,1,0.0968287135780109,4,1.0,0.5,garch,0.2733333333333333
2021-11-03,ng1s,-1,2021-11-09,0.12186792867168039,1,0.0968287135780109,4,1.0,0.5,garch,0.24666666666666665
2021-11-04,ng1s,-1,2021-11-09,0.12893439155443587,1,0.0968287135780109,4,1.0,0.5,garch,0.22499999999999998
2021-11-05,ng1s,-1,2021-11-09,0.09735176249284372,1,0.0968287135780109,4,1.0,0.5,garch,0.21666666666666667
2021-11-08,ng1s,-1,2021-11-10,0.1007903758358466,1,0.0968287135780109,4,1.0,0.5,garch,0.24444444444444446
2021-11-09,ng1s,-1,2021-11-15,-0.007632730132612231,0,0.0968287135780109,4,1.0,0.5,garch,0.29
2021-11-10,ng1s,-1,2021-11-11,-0.055119420480640224,0,0.0968287135780109,4,1.0,0.5,garch,0.3333333333333333
2021-11-11,ng1s,-1,2021-11-17,0.06467089792070435,1,0.0968287135780109,4,1.0,0.5,garch,0.2833333333333333
2021-11-12,ng1s,-1,2021-11-16,-0.08056934515514236,0,0.0968287135780109,4,1.0,0.5,garch,0.27777777777777773
2021-11-15,ng1s,-1,2021-11-19,-0.0095639569388144,0,0.0968287135780109,4,1.0,0.5,garch,0.24
2021-11-16,ng1s,-1,2021-11-22,0.07563901020952346,1,0.0968287135780109,4,1.0,0.5,garch,0.24
2021-11-17,ng1s,-1,2021-11-19,-0.051700364203174365,0,0.0968287135780109,4,1.0,0.5,garch,0.2333333333333333
2021-11-18,ng1s,-1,2021-11-24,-0.02702374378796235,0,0.0968287135780109,4,1.0,0.5,garch,0.22999999999999998
2021-11-19,ng1s,-1,2021-11-26,-0.06453210394681541,0,0.0968287135780109,4,1.0,0.5,garch,0.22999999999999998
2021-11-22,ng1s,-1,2021-11-24,-0.05204589933971615,0,0.0968287135780109,4,1.0,0.5,garch,0.2333333333333333
2021-11-23,ng1s,-1,2021-11-26,-0.08778514791649972,0,0.0968287135780109,4,1.0,0.5,garch,0.2333333333333333
2021-11-24,ng1s,-1,2021-11-26,-0.07098436867139091,0,0.0968287135780109,4,1.0,0.5,garch,0.225
2021-11-26,ng1s,-1,2021-11-29,0.11375023009086493,1,0.09066083076794319,4,1.0,0.5,garch,0.375
2021-11-29,ng1s,-1,2021-12-01,0.1227837632690979,1,0.09066083076794319,4,1.0,0.5,garch,0.5
2021-11-30,ng1s,-1,2021-12-02,0.11188842063014237,1,0.09066083076794319,4,1.0,0.5,garch,0.6666666666666666
2022-01-13,ng1s,-1,2022-01-20,0.10960291396469224,1,0.09444933671695392,4,1.0,0.5,garch,0.5
2022-01-14,ng1s,-1,2022-01-20,0.10792992008283997,1,0.09444933671695392,4,1.0,0.5,garch,0.37499999999999994
2022-01-18,ng1s,-1,2022-01-20,0.11230357573189065,1,0.09444933671695392,4,1.0,0.5,garch,0.3333333333333333
2022-01-25,ng1s,-1,2022-01-27,-0.09989886504101575,0,0.09444933671695392,4,1.0,0.5,garch,0.611111111111111
2022-01-26,ng1s,-1,2022-01-27,-0.06119793838506826,0,0.09444933671695392,4,1.0,0.5,garch,0.41666666666666663
2022-01-27,ng1s,-1,2022-01-28,-0.08311983276225221,0,0.10463026940093717,4,1.0,0.5,garch,0.41666666666666663
2022-01-28,ng1s,-1,2022-02-02,-0.18581415681992164,0,0.10463026940093717,4,1.0,0.5,garch,0.3958333333333333
2022-01-31,ng1s,-1,2022-02-02,-0.12864117898924055,0,0.10463026940093717,4,1.0,0.5,garch,0.3611111111111111
2022-02-01,ng1s,-1,2022-02-02,-0.15786322818328347,0,0.10463026940093717,4,1.0,0.5,garch,0.29166666666666663
2022-02-02,ng1s,-1,2022-02-03,0.11143337035235379,1,0.10463026940093717,4,1.0,0.5,garch,0.375
2022-02-03,ng1s,-1,2022-02-07,0.13420856918563817,1,0.10463026940093717,4,1.0,0.5,garch,0.5
2022-02-04,ng1s,-1,2022-02-09,0.12314289921225063,1,0.10463026940093717,4,1.0,0.5,garch,0.4583333333333333
2022-02-08,ng1s,-1,2022-02-14,0.012475832778675922,1,0.10463026940093717,4,1.0,0.5,garch,0.3233333333333333
2022-02-09,ng1s,-1,2022-02-15,-0.07408262561553625,0,0.10463026940093717,4,1.0,0.5,garch,0.29
2022-02-10,ng1s,-1,2022-02-14,-0.059612474281147465,0,0.10463026940093717,4,1.0,0.5,garch,0.26111111111111107
2022-02-11,ng1s,-1,2022-02-14,-0.06444973032066836,0,0.10463026940093717,4,1.0,0.5,garch,0.225
2022-02-14,ng1s,-1,2022-02-16,-0.12443281887514601,0,0.10463026940093717,4,1.0,0.5,garch,0.2888888888888889
2022-02-15,ng1s,-1,2022-02-16,-0.09544896698898597,0,0.10463026940093717,4,1.0,0.5,garch,0.3333333333333333
2022-02-16,ng1s,-1,2022-02-23,0.013979127642494094,1,0.10463026940093717,4,1.0,0.5,garch,0.3233333333333333
2022-02-17,ng1s,-1,2022-02-24,-0.0476270868504971,0,0.10463026940093717,4,1.0,0.5,garch,0.29666666666666663
2022-02-18,ng1s,-1,2022-02-24,-0.06031265069619263,0,0.10463026940093717,4,1.0,0.5,garch,0.2458333333333333
2022-02-22,ng1s,-1,2022-02-28,0.01322578842464106,1,0.10463026940093717,4,1.0,0.5,garch,0.22000000000000003
2022-02-23,ng1s,-1,2022-03-01,0.004353065057154382,1,0.10463026940093717,4,1.0,0.5,garch,0.21000000000000002
2022-02-24,ng1s,-1,2022-03-02,-0.026073877777578858,0,0.10463026940093717,4,1.0,0.5,garch,0.21000000000000002
2022-02-25,ng1s,-1,2022-03-02,-0.06532667053347008,0,0.10463026940093717,4,1.0,0.5,garch,0.21250000000000002
2022-02-28,ng1s,-1,2022-03-02,-0.08178128480546709,0,0.10388372927612904,4,1.0,0.5,garch,0.20000000000000004
2022-03-01,ng1s,-1,2022-03-04,-0.09687302383392593,0,0.10388372927612904,4,1.0,0.5,garch,0.24583333333333335
2022-03-02,ng1s,-1,2022-03-04,-0.05333896400326665,0,0.10388372927612904,4,1.0,0.5,garch,0.2611111111111111
2022-03-03,ng1s,-1,2022-03-04,-0.062262643469813694,0,0.10388372927612904,4,1.0,0.5,garch,0.29166666666666663
2022-03-04,ng1s,-1,2022-03-10,0.07675384100540417,1,0.10388372927612904,4,1.0,0.5,garch,0.30666666666666664
2022-03-07,ng1s,-1,2022-03-11,0.022345408152738333,1,0.10388372927612904,4,1.0,0.5,garch,0.29666666666666663
2022-03-08,ng1s,-1,2022-03-14,-0.028936876344599405,0,0.10388372927612904,4,1.0,0.5,garch,0.23666666666666664
2022-03-09,ng1s,-1,2022-03-15,-0.009279319638962225,0,0.10388372927612904,4,1.0,0.5,garch,0.21000000000000002
2022-03-10,ng1s,-1,2022-03-16,-0.025261624151246664,0,0.10388372927612904,4,1.0,0.5,garch,0.2
2022-03-11,ng1s,-1,2022-03-17,-0.05608160393950046,0,0.10388372927612904,4,1.0,0.5,garch,0.2
2022-03-14,ng1s,-1,2022-03-17,-0.07127463713302973,0,0.10388372927612904,4,1.0,0.5,garch,0.2
2022-03-15,ng1s,-1,2022-03-17,-0.09238029055531505,0,0.10388372927612904,4,1.0,0.5,garch,0.20000000000000004
2022-03-16,ng1s,-1,2022-03-22,-0.09246262465740007,0,0.10388372927612904,4,1.0,0.5,garch,0.38
2022-03-17,ng1s,-1,2022-03-23,-0.048497222259229256,0,0.10388372927612904,4,1.0,0.5,garch,0.54
2022-05-04,ng1s,-1,2022-05-05,-0.04373006154902104,0,0.08639685824425251,4,1.0,0.5,garch,0.75
2022-05-05,ng1s,-1,2022-05-09,0.20004552635470085,1,0.08639685824425251,4,1.0,0.5,garch,0.5
2022-05-06,ng1s,-1,2022-05-09,0.12644603692931333,1,0.08639685824425251,4,1.0,0.5,garch,0.5
2022-05-17,ng1s,-1,2022-05-23,-0.05063410960228998,0,0.08639685824425251,4,1.0,0.5,garch,0.5
2022-05-18,ng1s,-1,2022-05-24,-0.043661247044120666,0,0.08639685824425251,4,1.0,0.5,garch,0.5
2022-05-19,ng1s,-1,2022-05-23,-0.05012844746200562,0,0.08639685824425251,4,1.0,0.5,garch,0.3333333333333333
2022-05-25,ng1s,-1,2022-05-31,0.09429526072546357,1,0.08639685824425251,4,1.0,0.5,garch,1.0
2022-06-01,ng1s,-1,2022-06-06,-0.07198823026531609,0,0.08869807488869741,4,1.0,0.5,garch,0.5208333333333333
2022-06-02,ng1s,-1,2022-06-06,-0.09864481306326023,0,0.08869807488869741,4,1.0,0.5,garch,0.3611111111111111
2022-06-03,ng1s,-1,2022-06-06,-0.0937463867629249,0,0.08869807488869741,4,1.0,0.5,garch,0.29166666666666663
2022-06-06,ng1s,-1,2022-06-10,0.05063298182101428,1,0.08869807488869741,4,1.0,0.5,garch,0.35
2022-06-07,ng1s,-1,2022-06-13,0.0736051138847702,1,0.08869807488869741,4,1.0,0.5,garch,0.39999999999999997
2022-06-08,ng1s,-1,2022-06-14,0.1735833007061386,1,0.08869807488869741,4,1.0,0.5,garch,0.5
2022-06-17,ng1s,-1,2022-06-23,0.09703272517229011,1,0.08869807488869741,4,1.0,0.5,garch,0.5416666666666666
2022-06-21,ng1s,-1,2022-06-27,0.04044369727412633,1,0.08869807488869741,4,1.0,0.5,garch,0.4333333333333333
2022-06-22,ng1s,-1,2022-06-28,0.04394792701311401,1,0.08869807488869741,4,1.0,0.5,garch,0.5333333333333333
2020-03-16,gc1s,1,2020-03-17,0.02643794146958367,1,0.016007857315474338,4,0.75,0.5,garch,1.0
2020-03-18,gc1s,1,2020-03-23,0.06069422829272608,1,0.016007857315474338,4,0.75,0.5,garch,0.5416666666666666
2020-03-19,gc1s,1,2020-03-23,0.059690394107854816,1,0.016007857315474338,4,0.75,0.5,garch,0.38888888888888884
2020-03-20,gc1s,1,2020-03-23,0.05590731509768565,1,0.016007857315474338,4,0.75,0.5,garch,0.3333333333333333
2020-03-25,gc1s,-1,2020-03-31,0.023067980176863623,1,0.04756483952467758,4,0.75,0.5,garch,0.45666666666666667
2020-03-26,gc1s,-1,2020-03-31,0.03836656026997409,1,0.04756483952467758,4,0.75,0.5,garch,0.3208333333333333
2020-03-27,gc1s,-1,2020-04-01,0.037905809811098035,1,0.04756483952467758,4,0.75,0.5,garch,0.2583333333333333
2020-03-30,gc1s,-1,2020-04-03,-0.0015214216211059117,0,0.04756483952467758,4,0.75,0.5,garch,0.25666666666666665
2020-03-31,gc1s,-1,2020-04-02,-0.025742202189435792,0,0.04756483952467758,4,0.75,0.5,garch,0.2333333333333333
2020-04-01,gc1s,-1,2020-04-02,-0.029093879611370665,0,0.04756483952467758,4,0.75,0.5,garch,0.25
2020-04-02,gc1s,-1,2020-04-06,-0.034316419364320394,0,0.04756483952467758,4,0.75,0.5,garch,0.3611111111111111
2020-04-03,gc1s,-1,2020-04-06,-0.02928844868566549,0,0.04756483952467758,4,0.75,0.5,garch,0.41666666666666663
2020-04-13,gc1s,-1,2020-04-17,0.03553991143728885,1,0.04756483952467758,4,0.75,0.5,garch,0.6166666666666667
2020-04-15,gc1s,-1,2020-04-21,0.030111481434463405,1,0.04756483952467758,4,0.75,0.5,garch,0.31666666666666665
2020-04-16,gc1s,-1,2020-04-22,-0.003811283706503854,0,0.04756483952467758,4,0.75,0.5,garch,0.2833333333333333
2020-04-17,gc1s,-1,2020-04-23,-0.027431127868648764,0,0.04756483952467758,4,0.75,0.5,garch,0.31666666666666665
2020-04-20,gc1s,-1,2020-04-24,-0.014258999538666384,0,0.04756483952467758,4,0.75,0.5,garch,0.4666666666666666
2020-04-27,gc1s,1,2020-05-01,-0.013284603774642356,0,0.03711542515020703,4,0.75,0.5,garch,0.6
2020-04-28,gc1s,1,2020-05-04,-0.005167808614570557,0,0.03711542515020703,4,0.75,0.5,garch,0.6
2020-05-06,gc1s,1,2020-05-12,0.010838021917661367,1,0.03711542515020703,4,0.75,0.5,garch,0.6
2020-05-07,gc1s,1,2020-05-13,-0.005446749340540125,0,0.03711542515020703,4,0.75,0.5,garch,0.6
2020-05-20,gc1s,-1,2020-05-27,0.024556771642504138,1,0.03711542515020703,4,0.75,0.5,garch,0.45666666666666667
2020-05-21,gc1s,-1,2020-05-28,0.00658651336677285,1,0.03711542515020703,4,0.75,0.5,garch,0.29666666666666663
2020-05-22,gc1s,-1,2020-05-29,0.0010265184008161343,1,0.03711542515020703,4,0.75,0.5,garch,0.24666666666666665
2020-05-26,gc1s,-1,2020-05-29,-0.013597963198877183,0,0.025494973072215286,4,0.75,0.5,garch,0.225
2020-05-27,gc1s,-1,2020-05-29,-0.014419735920863319,0,0.025494973072215286,4,0.75,0.5,garch,0.21666666666666667
2020-05-28,gc1s,-1,2020-05-29,-0.013539316083486463,0,0.025494973072215286,4,0.75,0.5,garch,0.225
2020-06-02,gc1s,-1,2020-06-05,0.029411764698461407,1,0.025494973072215286,4,0.75,0.5,garch,1.0
2020-06-19,gc1s,1,2020-06-25,0.010039931551125703,1,0.025494973072215286,4,0.75,0.5,garch,0.4833333333333333
2020-06-22,gc1s,1,2020-06-26,0.007869112312350879,1,0.025494973072215286,4,0.75,0.5,garch,0.3333333333333333
2020-06-23,gc1s,1,2020-06-29,-0.00044893378621657654,0,0.025494973072215286,4,0.75,0.5,garch,0.2833333333333333
2020-06-25,gc1s,1,2020-06-30,0.016886930988301962,1,0.021713639957803763,4,0.75,0.5,garch,0.2708333333333333
2020-06-26,gc1s,1,2020-07-02,0.005448519912532257,1,0.021713639957803763,4,0.75,0.5,garch,0.3333333333333333
2020-06-29,gc1s,1,2020-07-06,0.006905456994656722,1,0.021713639957803763,4,0.75,0.5,garch,0.35
2020-07-02,gc1s,1,2020-07-08,0.017094972068092185,1,0.021713639957803763,4,0.75,0.5,garch,0.3125
2020-07-06,gc1s,1,2020-07-10,0.004683579593543596,1,0.021713639957803763,4,0.75,0.5,garch,0.2733333333333333
2020-07-07,gc1s,1,2020-07-13,0.00232057020424703,1,0.021713639957803763,4,0.75,0.5,garch,0.24666666666666665
2020-07-08,gc1s,1,2020-07-14,-0.003954740190282191,0,0.021713639957803763,4,0.75,0.5,garch,0.21999999999999997
2020-07-09,gc1s,1,2020-07-15,0.005543851863159421,1,0.021713639957803763,4,0.75,0.5,garch,0.21000000000000002
2020-07-10,gc1s,1,2020-07-16,-0.0008879516009637767,0,0.021713639957803763,4,0.75,0.5,garch,0.2
2020-07-13,gc1s,1,2020-07-17,-0.00226007386561089,0,0.021713639957803763,4,0.75,0.5,garch,0.21000000000000002
2020-07-14,gc1s,1,2020-07-20,0.0022058012498946677,1,0.021713639957803763,4,0.75,0.5,garch,0.23666666666666666
2020-07-15,gc1s,1,2020-07-21,0.016594993940783676,1,0.021713639957803763,4,0.75,0.5,garch,0.2966666666666667
2020-07-16,gc1s,1,2020-07-21,0.024218185854917307,1,0.021713639957803763,4,0.75,0.5,garch,0.3208333333333333
2020-08-18,gc1s,-1,2020-08-19,0.021260742144275313,1,0.01849967863792289,4,0.75,0.5,garch,0.75
2020-08-19,gc1s,-1,2020-08-24,0.01578439831656442,1,0.01849967863792289,4,0.75,0.5,garch,0.3958333333333333
2020-08-20,gc1s,-1,2020-08-26,-0.0030824556862207864,0,0.01849967863792289,4,0.75,0.5,garch,0.35
2020-08-21,gc1s,-1,2020-08-27,0.00739599384347378,1,0.01849967863792289,4,0.75,0.5,garch,0.35
2020-08-24,gc1s,-1,2020-08-28,-0.018409653468125065,0,0.027809611251166183,4,0.75,0.5,garch,0.4833333333333333
2020-09-23,gc1s,1,2020-09-29,0.018625561988874217,1,0.022953950412463463,4,0.75,0.5,garch,0.45666666666666667
2020-09-24,gc1s,1,2020-09-30,0.009909957902017874,1,0.022953950412463463,4,0.75,0.5,garch,0.30666666666666664
2020-09-25,gc1s,1,2020-09-29,0.01977174088778022,1,0.022953950412463463,4,0.75,0.5,garch,0.26111111111111107
2020-09-28,gc1s,1,2020-10-01,0.018063008027904726,1,0.022953950412463463,4,0.75,0.5,garch,0.2583333333333333
2020-09-29,gc1s,1,2020-10-05,0.008879781416524901,1,0.022953950412463463,4,0.75,0.5,garch,0.35666666666666663
2020-09-30,gc1s,1,2020-10-06,0.007016618307051914,1,0.022953950412463463,4,0.75,0.5,garch,0.5166666666666666
2020-10-19,gc1s,1,2020-10-23,-0.003400115080191113,0,0.022953950412463463,4,0.75,0.5,garch,0.4666666666666666
2020-10-20,gc1s,1,2020-10-26,-0.005064216344041195,0,0.022953950412463463,4,0.75,0.5,garch,0.31666666666666665
2020-10-21,gc1s,1,2020-10-22,-0.01290489764576297,0,0.022953950412463463,4,0.75,0.5,garch,0.29166666666666663
2020-10-22,gc1s,1,2020-10-28,-0.013336133565354125,0,0.0189743845350186,4,0.75,0.5,garch,0.24
2020-10-23,gc1s,1,2020-10-28,-0.013646861219393847,0,0.0189743845350186,4,0.75,0.5,garch,0.2375
2020-10-26,gc1s,1,2020-10-28,-0.013905651467019386,0,0.0189743845350186,4,0.75,0.5,garch,0.2333333333333333
2020-10-27,gc1s,1,2020-10-28,-0.01710340498781504,0,0.0189743845350186,4,0.75,0.5,garch,0.225
2020-10-28,gc1s,1,2020-11-03,0.016602809695284826,1,0.0189743845350186,4,0.75,0.5,garch,0.3233333333333333
2020-10-29,gc1s,1,2020-11-03,0.022698072795230395,1,0.0189743845350186,4,0.75,0.5,garch,0.35416666666666663
2020-10-30,gc1s,1,2020-11-03,0.016224267246366386,1,0.0189743845350186,4,0.75,0.5,garch,0.3055555555555555
2020-11-03,gc1s,1,2020-11-05,0.019053601346971538,1,0.0189743845350186,4,0.75,0.5,garch,0.4166666666666667
2020-11-04,gc1s,1,2020-11-05,0.026684948844743595,1,0.0189743845350186,4,0.75,0.5,garch,0.5
2020-11-10,gc1s,1,2020-11-16,0.006075463656117552,1,0.0189743845350186,4,0.75,0.5,garch,0.7
2020-11-12,gc1s,1,2020-11-18,0.00032029040020753463,1,0.0189743845350186,4,0.75,0.5,garch,0.7
2020-11-19,gc1s,1,2020-11-23,-0.012731668019695386,0,0.0189743845350186,4,0.75,0.5,garch,0.8333333333333334
2020-11-23,gc1s,1,2020-11-24,-0.018003362069105577,0,0.02539293259996613,4,0.75,0.5,garch,0.5
2020-11-24,gc1s,1,2020-11-30,-0.016566348222362248,0,0.02539293259996613,4,0.75,0.5,garch,0.41666666666666663
2020-11-25,gc1s,1,2020-11-27,-0.012753975273019913,0,0.02539293259996613,4,0.75,0.5,garch,0.41666666666666663
2020-11-27,gc1s,1,2020-12-02,0.023544544492584807,1,0.02539293259996613,4,0.75,0.5,garch,0.3333333333333333
2020-11-30,gc1s,1,2020-12-01,0.021337525961485193,1,0.02539293259996613,4,0.75,0.5,garch,0.3333333333333333
2020-12-01,gc1s,1,2020-12-07,0.025894771568888864,1,0.02539293259996613,4,0.75,0.5,garch,0.4333333333333333
2020-12-02,gc1s,1,2020-12-07,0.019560703744981423,1,0.02539293259996613,4,0.75,0.5,garch,0.4583333333333333
2020-12-14,gc1s,1,2020-12-17,0.031821407123379775,1,0.02539293259996613,4,0.75,0.5,garch,0.5416666666666666
2020-12-15,gc1s,1,2020-12-21,0.014822400687871218,1,0.02539293259996613,4,0.75,0.5,garch,0.4333333333333333
2020-12-16,gc1s,1,2020-12-22,0.00602442042353335,1,0.02539293259996613,4,0.75,0.5,garch,0.5333333333333333
2020-12-24,gc1s,1,2020-12-31,0.006319031425513044,1,0.021768047152491164,4,0.75,0.5,garch,0.45666666666666667
2020-12-28,gc1s,1,2021-01-04,0.035205275474236686,1,0.021768047152491164,4,0.75,0.5,garch,0.29666666666666663
2020-12-29,gc1s,1,2021-01-04,0.03383079292692681,1,0.021768047152491164,4,0.75,0.5,garch,0.2458333333333333
2020-12-30,gc1s,1,2021-01-04,0.02809760220436841,1,0.021768047152491164,4,0.75,0.5,garch,0.21666666666666667
2020-12-31,gc1s,1,2021-01-04,0.027175346954232404,1,0.021768047152491164,4,0.75,0.5,garch,0.2
2021-01-04,gc1s,1,2021-01-06,-0.01952121648492433,0,0.021768047152491164,4,0.75,0.5,garch,0.7333333333333334
2021-01-20,gc1s,-1,2021-01-26,0.00829971322864298,1,0.021768047152491164,4,0.75,0.5,garch,0.6
2021-01-21,gc1s,-1,2021-01-27,0.011136370912538829,1,0.021768047152491164,4,0.75,0.5,garch,0.6
2021-02-04,gc1s,1,2021-02-08,0.02400625279778379,1,0.02430731974182814,4,0.75,0.5,garch,1.0
2021-02-19,gc1s,1,2021-02-25,-0.0011252391139303652,0,0.02430731974182814,4,0.75,0.5,garch,1.0
2021-02-26,gc1s,1,2021-03-04,-0.016254049042545682,0,0.021777768568895108,4,0.75,0.5,garch,0.45666666666666667
2021-03-01,gc1s,1,2021-03-04,-0.012942542074155905,0,0.021777768568895108,4,0.75,0.5,garch,0.3208333333333333
2021-03-02,gc1s,1,2021-03-04,-0.018977849554327353,0,0.021777768568895108,4,0.75,0.5,garch,0.26111111111111107
2021-03-03,gc1s,1,2021-03-08,-0.022030539680538808,0,0.021777768568895108,4,0.75,0.5,garch,0.2583333333333333
2021-03-04,gc1s,1,2021-03-08,-0.013347445166054461,0,0.021777768568895108,4,0.75,0.5,garch,0.2611111111111111
2021-03-05,gc1s,1,2021-03-08,-0.012069473052982116,0,0.021777768568895108,4,0.75,0.5,garch,0.29166666666666663
2021-03-08,gc1s,1,2021-03-09,0.023182359946539055,1,0.021777768568895108,4,0.75,0.5,garch,0.375
2021-03-09,gc1s,1,2021-03-15,0.007164074779090646,1,0.021777768568895108,4,0.75,0.5,garch,0.35666666666666663
2021-03-10,gc1s,1,2021-03-16,0.0052851666925441965,1,0.021777768568895108,4,0.75,0.5,garch,0.29666666666666663
2021-03-11,gc1s,1,2021-03-17,0.002612330196390289,1,0.021777768568895108,4,0.75,0.5,garch,0.23666666666666664
2021-03-12,gc1s,1,2021-03-18,0.007384579609968078,1,0.021777768568895108,4,0.75,0.5,garch,0.21000000000000002
2021-03-15,gc1s,1,2021-03-19,0.007228776313202623,1,0.021777768568895108,4,0.75,0.5,garch,0.2
2021-03-16,gc1s,1,2021-03-22,0.004159685714909989,1,0.021777768568895108,4,0.75,0.5,garch,0.21000000000000002
2021-03-17,gc1s,1,2021-03-23,-0.0011580105385390338,0,0.021777768568895108,4,0.75,0.5,garch,0.23666666666666666
2021-03-18,gc1s,1,2021-03-24,0.00040404039354768884,1,0.021777768568895108,4,0.75,0.5,garch,0.2966666666666667
2021-03-19,gc1s,1,2021-03-25,-0.009530918066764649,0,0.021777768568895108,4,0.75,0.5,garch,0.45666666666666667
2021-04-06,gc1s,-1,2021-04-12,0.005909351700490562,1,0.02004181512266533,4,0.75,0.5,garch,0.5333333333333334
2021-04-07,gc1s,-1,2021-04-13,-0.0034451079439314913,0,0.02004181512266533,4,0.75,0.5,garch,0.4333333333333333
2021-04-09,gc1s,-1,2021-04-15,-0.012608895006394949,0,0.02004181512266533,4,0.75,0.5,garch,0.6333333333333333
2021-05-07,gc1s,1,2021-05-13,-0.0039862392925161805,0,0.01883085837123222,4,0.75,0.5,garch,0.7666666666666667
2021-05-12,gc1s,1,2021-05-17,0.024577572963855543,1,0.01883085837123222,4,0.75,0.5,garch,0.41666666666666663
2021-05-13,gc1s,1,2021-05-17,0.023903508777223914,1,0.01883085837123222,4,0.75,0.5,garch,0.38888888888888884
2021-05-17,gc1s,1,2021-05-21,0.004872563718190559,1,0.01883085837123222,4,0.75,0.5,garch,0.3333333333333333
2021-05-18,gc1s,1,2021-05-24,0.008832976444881346,1,0.01883085837123222,4,0.75,0.5,garch,0.3333333333333333
2021-05-19,gc1s,1,2021-05-25,0.00892049343985879,1,0.01883085837123222,4,0.75,0.5,garch,0.3333333333333333
2021-05-20,gc1s,1,2021-05-26,0.01045754844163338,1,0.01883085837123222,4,0.75,0.5,garch,0.4666666666666666
2021-05-28,gc1s,1,2021-06-03,-0.01679525534148918,0,0.016813524807651043,4,0.75,0.5,garch,0.625
2021-06-01,gc1s,1,2021-06-03,-0.01664041994753873,0,0.016813524807651043,4,0.75,0.5,garch,0.5
2021-08-03,gc1s,-1,2021-08-06,0.028113113948068924,1,0.01700466757234051,4,0.75,0.5,garch,0.625
2021-08-04,gc1s,-1,2021-08-06,0.028327362914450593,1,0.01700466757234051,4,0.75,0.5,garch,0.5
2021-08-09,gc1s,1,2021-08-11,0.015522733859795412,1,0.01700466757234051,4,0.75,0.5,garch,0.611111111111111
2021-08-10,gc1s,1,2021-08-13,0.026852226137215718,1,0.01700466757234051,4,0.75,0.5,garch,0.37499999999999994
2021-08-11,gc1s,1,2021-08-13,0.0142017909095844,1,0.01700466757234051,4,0.75,0.5,garch,0.3333333333333333
2021-08-12,gc1s,1,2021-08-13,0.015070213502709873,1,0.01700466757234051,4,0.75,0.5,garch,0.3333333333333333
2021-09-20,gc1s,1,2021-09-24,-0.00686018823822121,0,0.018243770474483775,4,0.75,0.5,garch,0.4833333333333333
2021-09-21,gc1s,1,2021-09-23,-0.015971206845900365,0,0.018243770474483775,4,0.75,0.5,garch,0.3611111111111111
2021-09-22,gc1s,1,2021-09-23,-0.016303125712917033,0,0.018243770474483775,4,0.75,0.5,garch,0.29166666666666663
2021-09-23,gc1s,1,2021-09-29,-0.015373185507770337,0,0.01799184983387325,4,0.75,0.5,garch,0.2733333333333333
2021-09-24,gc1s,1,2021-09-29,-0.016441171438271174,0,0.01799184983387325,4,0.75,0.5,garch,0.2791666666666667
2021-09-27,gc1s,1,2021-09-29,-0.016609589047259288,0,0.01799184983387325,4,0.75,0.5,garch,0.26111111111111107
2021-09-28,gc1s,1,2021-10-04,0.01732374101336953,1,0.01799184983387325,4,0.75,0.5,garch,0.29
2021-09-29,gc1s,1,2021-09-30,0.019792210813092126,1,0.01799184983387325,4,0.75,0.5,garch,0.26666666666666666
2021-09-30,gc1s,1,2021-10-06,0.0027319294330294674,1,0.01799184983387325,4,0.75,0.5,garch,0.31666666666666665
2021-10-01,gc1s,1,2021-10-07,0.000454959062068383,1,0.01799184983387325,4,0.75,0.5,garch,0.3
2021-10-05,gc1s,1,2021-10-11,-0.002953035384604341,0,0.01799184983387325,4,0.75,0.5,garch,0.29999999999999993
2021-10-06,gc1s,1,2021-10-12,-0.0014190032988121715,0,0.01799184983387325,4,0.75,0.5,garch,0.3333333333333333
2021-10-07,gc1s,1,2021-10-13,0.02017962710561827,1,0.01799184983387325,4,0.75,0.5,garch,0.4833333333333333
2021-11-10,gc1s,1,2021-11-16,0.0031380187138014826,1,0.01773368398437574,4,0.75,0.5,garch,1.0
2022-01-24,gc1s,1,2022-01-27,-0.026670542136947528,0,0.0172183268794187,4,0.75,0.5,garch,0.75
2022-01-25,gc1s,1,2022-01-26,-0.012398921829594345,0,0.0172183268794187,4,0.75,0.5,garch,0.5
2022-02-16,gc1s,1,2022-02-17,0.016297087897956697,1,0.0172183268794187,4,0.75,0.5,garch,1.0
2022-02-22,gc1s,1,2022-02-25,-0.010380622838365383,0,0.0172183268794187,4,0.75,0.5,garch,0.7083333333333334
2022-02-24,gc1s,1,2022-02-25,-0.020090328603662666,0,0.017099100899678463,4,0.75,0.5,garch,0.41666666666666663
2022-02-25,gc1s,1,2022-03-01,0.0297732570401954,1,0.017099100899678463,4,0.75,0.5,garch,0.7777777777777777
2022-03-03,gc1s,1,2022-03-04,0.015858257146453836,1,0.017099100899678463,4,0.75,0.5,garch,1.0
2022-03-22,gc1s,1,2022-03-24,0.021181368723667715,1,0.017099100899678463,4,0.75,0.5,garch,1.0
2022-04-25,gc1s,1,2022-04-29,0.008280590725868286,1,0.019460551858950407,4,0.75,0.5,garch,0.6333333333333334
2022-04-27,gc1s,1,2022-05-02,-0.013289564248844754,0,0.019460551858950407,4,0.75,0.5,garch,0.37499999999999994
2022-04-28,gc1s,1,2022-05-02,-0.014646010676279908,0,0.019460551858950407,4,0.75,0.5,garch,0.3333333333333333
2022-05-02,gc1s,1,2022-05-06,0.010302640046864653,1,0.019460551858950407,4,0.75,0.5,garch,0.8666666666666666
2022-05-09,gc1s,1,2022-05-12,-0.0182933390736999,0,0.019460551858950407,4,0.75,0.5,garch,0.5833333333333334
2022-05-10,gc1s,1,2022-05-13,-0.017816404121493545,0,0.019460551858950407,4,0.75,0.5,garch,0.41666666666666663
2022-05-12,gc1s,1,2022-05-18,-0.004768168374232107,0,0.019460551858950407,4,0.75,0.5,garch,0.35
2022-05-13,gc1s,1,2022-05-19,0.01825019356402202,1,0.019460551858950407,4,0.75,0.5,garch,0.35
2022-05-17,gc1s,1,2022-05-23,0.01588872395805474,1,0.019460551858950407,4,0.75,0.5,garch,0.3833333333333333
2022-05-18,gc1s,1,2022-05-23,0.01756704664769493,1,0.019460551858950407,4,0.75,0.5,garch,0.3958333333333333
2022-05-31,gc1s,1,2022-06-06,-0.0025427396680582914,0,0.019285400189258513,4,0.75,0.5,garch,0.5333333333333334
2022-06-01,gc1s,1,2022-06-07,0.0018391302037390478,1,0.019285400189258513,4,0.75,0.5,garch,0.39999999999999997
2022-06-03,gc1s,1,2022-06-09,0.0014052534804946948,1,0.019285400189258513,4,0.75,0.5,garch,0.4
2022-06-07,gc1s,1,2022-06-13,-0.010960531297096288,0,0.019285400189258513,4,0.75,0.5,garch,0.6666666666666666
2022-06-14,gc1s,1,2022-06-16,0.020071684576737026,1,0.019285400189258513,4,0.75,0.5,garch,0.6666666666666666
2022-06-15,gc1s,1,2022-06-16,0.016652011418575086,1,0.019285400189258513,4,0.75,0.5,garch,0.5
2022-06-23,gc1s,1,2022-06-29,-0.00672204613107763,0,0.019285400189258513,4,0.75,0.5,garch,0.6
2022-06-24,gc1s,1,2022-06-30,-0.012566245976232016,0,0.018772088243304876,4,0.75,0.5,garch,0.6
2020-01-03,si1s,1,2020-01-27,-0.005233870900998472,0,0.05116212530394013,15,2.0,1.5,garch,0.2152018120768121
2020-01-06,si1s,1,2020-01-28,-0.03966114775047036,0,0.05116212530394013,15,2.0,1.5,garch,0.15686847874347876
2020-01-07,si1s,1,2020-01-29,-0.049257870384622815,0,0.05116212530394013,15,2.0,1.5,garch,0.1297851454101454
2020-01-08,si1s,1,2020-01-30,-0.009632850430144946,0,0.05116212530394013,15,2.0,1.5,garch,0.11311847874347875
2020-01-09,si1s,1,2020-01-31,0.004237288378003967,1,0.05116212530394013,15,2.0,1.5,garch,0.10166014541014541
2020-01-10,si1s,1,2020-02-03,-0.024026511797262118,0,0.05116212530394013,15,2.0,1.5,garch,0.09332681207681207
2020-01-13,si1s,1,2020-02-04,-0.024172038014453334,0,0.05116212530394013,15,2.0,1.5,garch,0.08707681207681207
2020-01-14,si1s,1,2020-02-05,-0.007890879460971001,0,0.05116212530394013,15,2.0,1.5,garch,0.08231490731490732
2020-01-16,si1s,-1,2020-02-07,0.013768883415270161,1,0.05116212530394013,15,2.0,1.5,garch,0.07476282398157398
2020-01-17,si1s,-1,2020-02-10,0.015935372847029172,1,0.05116212530394013,15,2.0,1.5,garch,0.0719850462037962
2020-01-21,si1s,1,2020-02-11,-0.011848607993523719,0,0.05116212530394013,15,2.0,1.5,garch,0.06990171287046287
2020-01-22,si1s,1,2020-02-12,-0.01856630026234629,0,0.05116212530394013,15,2.0,1.5,garch,0.06838656135531135
2020-01-23,si1s,1,2020-02-13,-0.01177856324772908,0,0.04794439778957548,15,2.0,1.5,garch,0.06734489468864469
2020-01-24,si1s,1,2020-02-14,-0.02092419889445174,0,0.04794439778957548,15,2.0,1.5,garch,0.06670386904761905
2020-01-27,si1s,-1,2020-02-18,-0.0052060247937275594,0,0.04794439778957548,15,2.0,1.5,garch,0.06670386904761905
2020-01-28,si1s,-1,2020-02-19,-0.04886012260618888,0,0.04794439778957548,15,2.0,1.5,garch,0.0670014880952381
2020-01-29,si1s,-1,2020-02-20,-0.04757820210031305,0,0.04794439778957548,15,2.0,1.5,garch,0.06729910714285714
2020-01-30,si1s,-1,2020-02-21,-0.029902177865813284,0,0.04794439778957548,15,2.0,1.5,garch,0.06759672619047619
2020-01-31,si1s,-1,2020-02-24,-0.04796802182443827,0,0.04794439778957548,15,2.0,1.5,garch,0.06789434523809525
2020-02-03,si1s,-1,2020-02-25,-0.029262354305750415,0,0.04794439778957548,15,2.0,1.5,garch,0.06893601190476191
2020-02-04,si1s,-1,2020-02-24,-0.07488184040775958,0,0.04794439778957548,15,2.0,1.5,garch,0.06806972789115644
2020-02-05,si1s,1,2020-02-27,0.0030921035100504035,1,0.04794439778957548,15,2.0,1.5,garch,0.07061870421245421
2020-02-06,si1s,1,2020-02-28,-0.08047540365852757,0,0.04794439778957548,15,2.0,1.5,garch,0.07125972985347985
2020-02-07,si1s,1,2020-02-28,-0.07392667533150099,0,0.04794439778957548,15,2.0,1.5,garch,0.07156593406593406
2020-02-11,si1s,1,2020-03-04,-0.024288590909368746,0,0.04794439778957548,15,2.0,1.5,garch,0.08270566239316239
2020-02-12,si1s,-1,2020-02-24,-0.07881351136150783,0,0.04794439778957548,15,2.0,1.5,garch,0.06964285714285715
2020-02-13,si1s,1,2020-03-06,-0.024546322459848557,0,0.04794439778957548,15,2.0,1.5,garch,0.0875667735042735
2020-02-14,si1s,1,2020-02-28,-0.07611992448270644,0,0.04794439778957548,15,2.0,1.5,garch,0.07443223443223443
2020-02-19,si1s,-1,2020-02-28,0.10523241557204688,1,0.04794439778957548,15,2.0,1.5,garch,0.07577838827838827
2020-02-20,si1s,-1,2020-02-28,0.10562316497531254,1,0.04794439778957548,15,2.0,1.5,garch,0.07639979068550497
2020-02-21,si1s,-1,2020-02-28,0.11580737955289011,1,0.04794439778957548,15,2.0,1.5,garch,0.07722832722832722
2020-02-24,si1s,-1,2020-02-28,0.13201476790799627,1,0.05031824876982026,15,2.0,1.5,garch,0.07838827838827839
2020-02-25,si1s,-1,2020-03-12,0.12387781778473983,1,0.05031824876982026,15,2.0,1.5,garch,0.09705828359674512
2020-02-26,si1s,-1,2020-03-12,0.10656469701429183,1,0.05031824876982026,15,2.0,1.5,garch,0.09820202945202944
2020-02-27,si1s,-1,2020-03-13,0.1824076686286944,1,0.05031824876982026,15,2.0,1.5,garch,0.09883334258334257
2020-02-28,si1s,1,2020-03-13,-0.1189159637675854,0,0.05031824876982026,15,2.0,1.5,garch,0.10082518491609402
2020-03-02,si1s,1,2020-03-13,-0.13375948469656984,0,0.05031824876982026,15,2.0,1.5,garch,0.1032153957153957
2020-03-03,si1s,1,2020-03-13,-0.15638817823784434,0,0.05031824876982026,15,2.0,1.5,garch,0.09881075714409047
2020-03-04,si1s,1,2020-03-13,-0.15922532770982234,0,0.05031824876982026,15,2.0,1.5,garch,0.09553710178710179
2020-03-05,si1s,1,2020-03-12,-0.0798022190273181,0,0.05031824876982026,15,2.0,1.5,garch,0.09371276871276872
2020-03-06,si1s,1,2020-03-13,-0.16005329339101526,0,0.05031824876982026,15,2.0,1.5,garch,0.09034576534576534
2020-03-09,si1s,1,2020-03-13,-0.14975958768104014,0,0.05031824876982026,15,2.0,1.5,garch,0.08841491841491841
2020-03-10,si1s,1,2020-03-13,-0.14479504554584421,0,0.05031824876982026,15,2.0,1.5,garch,0.08551864801864803
2020-03-11,si1s,1,2020-03-13,-0.1356700059946092,0,0.05031824876982026,15,2.0,1.5,garch,0.08372183372183373
2020-03-12,si1s,1,2020-03-13,-0.09403311596851249,0,0.05031824876982026,15,2.0,1.5,garch,0.08391608391608392
2020-03-13,si1s,1,2020-03-16,-0.1161379307745316,0,0.05031824876982026,15,2.0,1.5,garch,0.29545454545454547
2020-03-16,si1s,1,2020-03-18,-0.0814606735635105,0,0.05031824876982026,15,2.0,1.5,garch,0.4444444444444444
2020-03-17,si1s,1,2020-03-24,0.14101640601205667,1,0.05031824876982026,15,2.0,1.5,garch,0.30277777777777776
2020-03-18,si1s,1,2020-03-23,0.12648657835756483,1,0.05031824876982026,15,2.0,1.5,garch,0.2791666666666667
2020-03-19,si1s,1,2020-03-24,0.17496291422,1,0.05031824876982026,15,2.0,1.5,garch,0.2458333333333333
2020-03-20,si1s,1,2020-03-24,0.15115058586511498,1,0.05031824876982026,15,2.0,1.5,garch,0.21666666666666667
2020-03-23,si1s,1,2020-03-25,0.12155946016583141,1,0.05031824876982026,15,2.0,1.5,garch,0.3
2020-03-24,si1s,1,2020-04-15,0.08753594887223404,1,0.14513066542839462,15,2.0,1.5,garch,0.18863931207681206
2020-03-26,si1s,1,2020-04-17,0.04217770630400053,1,0.14513066542839462,15,2.0,1.5,garch,0.15296222874347876
2020-03-27,si1s,1,2020-04-20,0.07430851922871073,1,0.14513066542839462,15,2.0,1.5,garch,0.12561847874347876
2020-03-30,si1s,-1,2020-04-21,-0.05264647678804635,0,0.14513066542839462,15,2.0,1.5,garch,0.10895181207681208
2020-03-31,si1s,-1,2020-04-22,-0.08328623924749179,0,0.14513066542839462,15,2.0,1.5,garch,0.09749347874347875
2020-04-01,si1s,-1,2020-04-23,-0.09818363951219844,0,0.14513066542839462,15,2.0,1.5,garch,0.08916014541014541
2020-04-02,si1s,-1,2020-04-24,-0.0415586188403374,0,0.14513066542839462,15,2.0,1.5,garch,0.08291014541014541
2020-04-03,si1s,-1,2020-04-27,-0.045965608004039815,0,0.14513066542839462,15,2.0,1.5,garch,0.0784458596958597
2020-04-06,si1s,-1,2020-04-28,0.0014253609587389082,1,0.14513066542839462,15,2.0,1.5,garch,0.075441052003552
2020-04-07,si1s,-1,2020-04-29,0.02231705972147935,1,0.14513066542839462,15,2.0,1.5,garch,0.07330429986679987
2020-04-08,si1s,-1,2020-04-30,0.026862089039922155,1,0.14513066542839462,15,2.0,1.5,garch,0.07186199217449218
2020-04-09,si1s,-1,2020-05-01,0.08042270134568463,1,0.14513066542839462,15,2.0,1.5,garch,0.0709878663003663
2020-04-13,si1s,-1,2020-05-04,0.05891435648542187,1,0.14513066542839462,15,2.0,1.5,garch,0.07058722527472527
2020-04-14,si1s,-1,2020-05-05,0.07427479488853306,1,0.14513066542839462,15,2.0,1.5,garch,0.07058722527472527
2020-04-15,si1s,-1,2020-05-06,0.04301405994462848,1,0.14513066542839462,15,2.0,1.5,garch,0.07093063186813187
2020-04-16,si1s,-1,2020-05-07,0.013808005055499284,1,0.14513066542839462,15,2.0,1.5,garch,0.0715716575091575
2020-04-17,si1s,-1,2020-05-08,-0.019423080318283548,0,0.14513066542839462,15,2.0,1.5,garch,0.07221268315018314
2020-04-20,si1s,-1,2020-05-11,0.00760658430726191,1,0.14513066542839462,15,2.0,1.5,garch,0.07311412545787546
2020-04-22,si1s,1,2020-05-13,0.00986872397142391,1,0.14513066542839462,15,2.0,1.5,garch,0.07431318681318681
2020-04-23,si1s,1,2020-05-14,0.0396315520919881,1,0.12770721800182833,15,2.0,1.5,garch,0.07461080586080587
2020-04-24,si1s,-1,2020-05-15,-0.10521204255239525,0,0.12770721800182833,15,2.0,1.5,garch,0.07490842490842492
2020-04-29,si1s,-1,2020-05-20,-0.1773424728207651,0,0.12770721800182833,15,2.0,1.5,garch,0.0740069826007326
2020-04-30,si1s,1,2020-05-21,0.15968743678119623,1,0.12770721800182833,15,2.0,1.5,garch,0.0731055402930403
2020-05-01,si1s,1,2020-05-22,0.184428973678882,1,0.12770721800182833,15,2.0,1.5,garch,0.07220409798534799
2020-05-04,si1s,1,2020-05-26,0.18917274979109178,1,0.12770721800182833,15,2.0,1.5,garch,0.07130265567765567
2020-05-05,si1s,1,2020-05-27,0.17518199734457252,1,0.12770721800182833,15,2.0,1.5,garch,0.07040121336996337
2020-05-06,si1s,1,2020-05-28,0.19660339735322152,1,0.12770721800182833,15,2.0,1.5,garch,0.06949977106227107
2020-05-07,si1s,-1,2020-05-29,-0.18659397072231787,0,0.12770721800182833,15,2.0,1.5,garch,0.06859832875457875
2020-05-08,si1s,1,2020-06-01,0.19324375632651591,1,0.12770721800182833,15,2.0,1.5,garch,0.06769688644688644
2020-05-11,si1s,1,2020-06-02,0.16454081771306805,1,0.12770721800182833,15,2.0,1.5,garch,0.06679544413919414
2020-05-12,si1s,1,2020-06-03,0.14316633820601132,1,0.12770721800182833,15,2.0,1.5,garch,0.0661544184981685
2020-05-13,si1s,1,2020-06-04,0.1525110080440586,1,0.12770721800182833,15,2.0,1.5,garch,0.06551339285714286
2020-05-14,si1s,1,2020-06-05,0.08188908037056075,1,0.12770721800182833,15,2.0,1.5,garch,0.06551339285714285
2020-05-15,si1s,1,2020-06-08,0.04821324029623009,1,0.12770721800182833,15,2.0,1.5,garch,0.06585679945054945
2020-05-18,si1s,1,2020-06-09,0.01866269732900272,1,0.12770721800182833,15,2.0,1.5,garch,0.06620020604395604
2020-05-19,si1s,1,2020-06-10,-0.005865594762615389,0,0.12770721800182833,15,2.0,1.5,garch,0.06654361263736264
2020-05-20,si1s,1,2020-06-11,-0.007875325119244825,0,0.12770721800182833,15,2.0,1.5,garch,0.06718463827838828
2020-05-21,si1s,1,2020-06-12,0.006795669430330831,1,0.12770721800182833,15,2.0,1.5,garch,0.0680860805860806
2020-05-22,si1s,-1,2020-06-15,0.016616741604547514,1,0.1001301266064422,15,2.0,1.5,garch,0.06898752289377288
2020-05-26,si1s,-1,2020-06-16,-0.0032395575928916287,0,0.1001301266064422,15,2.0,1.5,garch,0.0698889652014652
2020-05-27,si1s,-1,2020-06-17,-0.0010136852909496952,0,0.1001301266064422,15,2.0,1.5,garch,0.07079040750915751
2020-05-28,si1s,-1,2020-06-18,0.025546837175903114,1,0.1001301266064422,15,2.0,1.5,garch,0.07169184981684981
2020-05-29,si1s,-1,2020-06-19,0.03524514804732315,1,0.1001301266064422,15,2.0,1.5,garch,0.07259329212454213
2020-06-01,si1s,-1,2020-06-22,0.04913156673037644,1,0.1001301266064422,15,2.0,1.5,garch,0.07349473443223443
2020-06-02,si1s,-1,2020-06-23,0.010788609079688039,1,0.1001301266064422,15,2.0,1.5,garch,0.07439617673992674
2020-06-04,si1s,-1,2020-06-25,0.008465751830001533,1,0.1001301266064422,15,2.0,1.5,garch,0.0755952380952381
2020-06-09,si1s,1,2020-06-30,0.03908401811692186,1,0.1001301266064422,15,2.0,1.5,garch,0.07495421245421245
2020-06-10,si1s,1,2020-07-01,0.015609013283346185,1,0.1001301266064422,15,2.0,1.5,garch,0.07431318681318681
2020-06-11,si1s,-1,2020-07-02,-0.01609674561684349,0,0.1001301266064422,15,2.0,1.5,garch,0.07367216117216117
2020-06-12,si1s,-1,2020-07-06,-0.05450728815179118,0,0.1001301266064422,15,2.0,1.5,garch,0.07303113553113552
2020-06-15,si1s,-1,2020-07-07,-0.06620898879290626,0,0.1001301266064422,15,2.0,1.5,garch,0.07239010989010988
2020-06-16,si1s,-1,2020-07-08,-0.07689286019238883,0,0.1001301266064422,15,2.0,1.5,garch,0.07174908424908424
2020-06-17,si1s,-1,2020-07-09,-0.058334074431694694,0,0.1001301266064422,15,2.0,1.5,garch,0.0711080586080586
2020-06-18,si1s,-1,2020-07-10,-0.07963032750578258,0,0.1001301266064422,15,2.0,1.5,garch,0.07046703296703297
2020-06-19,si1s,-1,2020-07-13,-0.09998034172367909,0,0.1001301266064422,15,2.0,1.5,garch,0.06982600732600733
2020-06-22,si1s,-1,2020-07-14,-0.08230318509644641,0,0.1001301266064422,15,2.0,1.5,garch,0.06918498168498169
2020-06-23,si1s,-1,2020-07-15,-0.08534368092202138,0,0.07585363106319307,15,2.0,1.5,garch,0.06854395604395605
2020-06-24,si1s,-1,2020-07-16,-0.0989276295278052,0,0.07585363106319307,15,2.0,1.5,garch,0.06820054945054946
2020-06-25,si1s,-1,2020-07-17,-0.09489778844571073,0,0.07585363106319307,15,2.0,1.5,garch,0.06785714285714287
2020-06-26,si1s,1,2020-07-20,0.11140466768565394,1,0.07585363106319307,15,2.0,1.5,garch,0.06785714285714287
2020-06-29,si1s,1,2020-07-21,0.19336802472467562,1,0.07585363106319307,15,2.0,1.5,garch,0.06785714285714287
2020-07-01,si1s,-1,2020-07-21,-0.1832802720225446,0,0.07585363106319307,15,2.0,1.5,garch,0.06802721088435373
2020-07-02,si1s,-1,2020-07-21,-0.17656369375479564,0,0.07585363106319307,15,2.0,1.5,garch,0.06813186813186813
2020-07-06,si1s,1,2020-07-21,0.16010117224530007,1,0.07585363106319307,15,2.0,1.5,garch,0.06825396825396825
2020-07-07,si1s,1,2020-07-21,0.15284239644670738,1,0.07585363106319307,15,2.0,1.5,garch,0.0683982683982684
2020-07-08,si1s,-1,2020-07-21,-0.1250456655332901,0,0.07585363106319307,15,2.0,1.5,garch,0.06857142857142857
2020-07-09,si1s,-1,2020-07-21,-0.13685265124753387,0,0.07585363106319307,15,2.0,1.5,garch,0.06878306878306878
2020-07-10,si1s,-1,2020-07-21,-0.13142287234954475,0,0.07585363106319307,15,2.0,1.5,garch,0.06904761904761905
2020-07-13,si1s,-1,2020-07-22,-0.16959773586292748,0,0.07585363106319307,15,2.0,1.5,garch,0.07857142857142857
2020-07-14,si1s,-1,2020-07-22,-0.1850486430489,0,0.07585363106319307,15,2.0,1.5,garch,0.08027210884353742
2020-07-15,si1s,1,2020-07-22,0.17119578941077274,1,0.07585363106319307,15,2.0,1.5,garch,0.08253968253968254
2020-07-17,si1s,-1,2020-07-22,-0.1710180130783372,0,0.07585363106319307,15,2.0,1.5,garch,0.08928571428571427
2020-07-20,si1s,-1,2020-07-22,-0.14619651391034405,0,0.07585363106319307,15,2.0,1.5,garch,0.09523809523809523
2020-07-21,si1s,-1,2020-07-27,-0.13656816929605609,0,0.07585363106319307,15,2.0,1.5,garch,0.19952380952380952
2020-07-22,si1s,-1,2020-08-04,-0.12461113013152225,0,0.07585363106319307,15,2.0,1.5,garch,0.1771825396825397
2020-07-23,si1s,-1,2020-08-05,-0.16974073501892017,0,0.09968630994828935,15,2.0,1.5,garch,0.1728968253968254
2020-07-24,si1s,-1,2020-08-05,-0.17680525107679101,0,0.09968630994828935,15,2.0,1.5,garch,0.1550705467372134
2020-07-27,si1s,-1,2020-08-06,-0.1591363616121304,0,0.09968630994828935,15,2.0,1.5,garch,0.1411816578483245
2020-07-28,si1s,-1,2020-08-06,-0.16872428059839728,0,0.09968630994828935,15,2.0,1.5,garch,0.13382936507936508
2020-07-29,si1s,-1,2020-08-06,-0.1677151443003837,0,0.09968630994828935,15,2.0,1.5,garch,0.12437641723356009
2020-07-30,si1s,-1,2020-08-05,-0.15101446835291243,0,0.09968630994828935,15,2.0,1.5,garch,0.11579365079365078
2020-07-31,si1s,-1,2020-08-06,-0.17277832815010252,0,0.09968630994828935,15,2.0,1.5,garch,0.11222222222222222
2020-08-03,si1s,-1,2020-08-06,-0.16312405319477574,0,0.09968630994828935,15,2.0,1.5,garch,0.10902777777777778
2020-08-04,si1s,-1,2020-08-25,-0.009412939534442666,0,0.09968630994828935,15,2.0,1.5,garch,0.11758276445776444
2020-08-05,si1s,-1,2020-08-26,-0.02060913643768103,0,0.09968630994828935,15,2.0,1.5,garch,0.11579705017205018
2020-08-06,si1s,-1,2020-08-27,0.04786865155839737,1,0.09968630994828935,15,2.0,1.5,garch,0.11401133588633589
2020-08-07,si1s,-1,2020-08-28,-0.003235395491023585,0,0.09968630994828935,15,2.0,1.5,garch,0.1106631216006216
2020-08-10,si1s,-1,2020-08-31,0.02845262232946244,1,0.09968630994828935,15,2.0,1.5,garch,0.09950240731490731
2020-08-11,si1s,1,2020-09-01,0.09329158734105558,1,0.09968630994828935,15,2.0,1.5,garch,0.09146669302919302
2020-08-12,si1s,1,2020-09-02,0.04840023594944021,1,0.09968630994828935,15,2.0,1.5,garch,0.08551431207681207
2020-08-13,si1s,-1,2020-09-03,0.036027115518170616,1,0.09968630994828935,15,2.0,1.5,garch,0.08105002636252637
2020-08-14,si1s,-1,2020-09-04,-0.017951785745206505,0,0.09968630994828935,15,2.0,1.5,garch,0.07770181207681207
2020-08-17,si1s,-1,2020-09-08,0.030081728810885888,1,0.09968630994828935,15,2.0,1.5,garch,0.07522165334665334
2020-08-18,si1s,-1,2020-09-09,0.040919105134023304,1,0.09968630994828935,15,2.0,1.5,garch,0.07377934565434566
2020-08-19,si1s,-1,2020-09-10,0.007571621513384308,1,0.09968630994828935,15,2.0,1.5,garch,0.07290521978021977
2020-08-20,si1s,-1,2020-09-11,0.01641048242346943,1,0.09968630994828935,15,2.0,1.5,garch,0.07250457875457875
2020-08-21,si1s,-1,2020-09-14,-0.017380716864039414,0,0.15223282966639226,15,2.0,1.5,garch,0.07250457875457875
2020-08-25,si1s,1,2020-09-16,0.03973359627935902,1,0.15223282966639226,15,2.0,1.5,garch,0.07284798534798534
2020-08-27,si1s,-1,2020-09-18,0.002536951053931036,1,0.15223282966639226,15,2.0,1.5,garch,0.07284798534798534
2020-08-28,si1s,-1,2020-09-21,0.12245412035521452,1,0.15223282966639226,15,2.0,1.5,garch,0.07255036630036629
2020-08-31,si1s,-1,2020-09-22,0.14237252643956677,1,0.15223282966639226,15,2.0,1.5,garch,0.07225274725274725
2020-09-01,si1s,-1,2020-09-23,0.19340198970136224,1,0.15223282966639226,15,2.0,1.5,garch,0.07225274725274725
2020-09-02,si1s,-1,2020-09-24,0.15327614530561584,1,0.15223282966639226,15,2.0,1.5,garch,0.07225274725274725
2020-09-03,si1s,1,2020-09-25,-0.14072558159792514,0,0.15223282966639226,15,2.0,1.5,garch,0.07259615384615384
2020-09-04,si1s,1,2020-09-28,-0.1163522012294087,0,0.15223282966639226,15,2.0,1.5,garch,0.07293956043956044
2020-09-08,si1s,1,2020-09-29,-0.0943277388342858,0,0.15223282966639226,15,2.0,1.5,garch,0.07328296703296704
2020-09-10,si1s,1,2020-10-01,-0.11128210795701798,0,0.15223282966639226,15,2.0,1.5,garch,0.07362637362637361
2020-09-11,si1s,1,2020-10-02,-0.10529843231478453,0,0.15223282966639226,15,2.0,1.5,garch,0.07362637362637363
2020-09-14,si1s,1,2020-10-05,-0.10217510498939619,0,0.15223282966639226,15,2.0,1.5,garch,0.07362637362637363
2020-09-15,si1s,1,2020-10-06,-0.12900524292200755,0,0.15223282966639226,15,2.0,1.5,garch,0.07362637362637361
2020-09-16,si1s,1,2020-10-07,-0.1302955311384384,0,0.15223282966639226,15,2.0,1.5,garch,0.07362637362637361
2020-09-17,si1s,1,2020-10-08,-0.11896678968287056,0,0.15223282966639226,15,2.0,1.5,garch,0.07396978021978022
2020-09-18,si1s,1,2020-10-09,-0.07449592659195436,0,0.15223282966639226,15,2.0,1.5,garch,0.07431318681318681
2020-09-21,si1s,-1,2020-10-12,-0.03624882175348976,0,0.15223282966639226,15,2.0,1.5,garch,0.07495421245421245
2020-09-22,si1s,-1,2020-10-13,0.016066548751148546,1,0.13313761602142868,15,2.0,1.5,garch,0.07599587912087913
2020-09-24,si1s,1,2020-10-15,0.04431798562762168,1,0.13313761602142868,15,2.0,1.5,garch,0.07778159340659341
2020-09-28,si1s,-1,2020-10-19,-0.04634807636033189,0,0.13313761602142868,15,2.0,1.5,garch,0.07852564102564102
2020-09-29,si1s,-1,2020-10-20,-0.021885865774025737,0,0.13313761602142868,15,2.0,1.5,garch,0.07852564102564102
2020-09-30,si1s,1,2020-10-21,0.07435941134456447,1,0.13313761602142868,15,2.0,1.5,garch,0.07852564102564102
2020-10-02,si1s,1,2020-10-23,0.026884181501229953,1,0.13313761602142868,15,2.0,1.5,garch,0.07818223443223443
2020-10-05,si1s,-1,2020-10-26,0.005700326384014409,1,0.13313761602142868,15,2.0,1.5,garch,0.07783882783882784
2020-10-06,si1s,1,2020-10-27,0.02713097245891949,1,0.13313761602142868,15,2.0,1.5,garch,0.07749542124542125
2020-10-07,si1s,1,2020-10-28,-0.022472379717207724,0,0.13313761602142868,15,2.0,1.5,garch,0.07715201465201466
2020-10-08,si1s,1,2020-10-29,-0.021611659982369913,0,0.13313761602142868,15,2.0,1.5,garch,0.07680860805860806
2020-10-09,si1s,-1,2020-10-30,0.05822845374565411,1,0.13313761602142868,15,2.0,1.5,garch,0.07646520146520147
2020-10-12,si1s,-1,2020-11-02,0.04898895979172535,1,0.13313761602142868,15,2.0,1.5,garch,0.07612179487179488
2020-10-14,si1s,-1,2020-11-04,0.02057798806883626,1,0.13313761602142868,15,2.0,1.5,garch,0.07473672161172161
2020-10-16,si1s,-1,2020-11-06,-0.051505838939425175,0,0.13313761602142868,15,2.0,1.5,garch,0.07239297161172162
2020-10-19,si1s,-1,2020-11-09,0.040367640726250764,1,0.13313761602142868,15,2.0,1.5,garch,0.07109088827838828
2020-10-20,si1s,-1,2020-11-10,0.020736588868695227,1,0.13313761602142868,15,2.0,1.5,garch,0.07018944597069597
2020-10-21,si1s,1,2020-11-11,-0.03858801165957293,0,0.10605474737770852,15,2.0,1.5,garch,0.06928800366300367
2020-10-22,si1s,1,2020-11-12,-0.016309847368723096,0,0.10605474737770852,15,2.0,1.5,garch,0.06838656135531135
2020-10-23,si1s,1,2020-11-13,0.004052684841723497,1,0.10605474737770852,15,2.0,1.5,garch,0.06748511904761906
2020-10-26,si1s,1,2020-11-16,0.01564291551352559,1,0.10605474737770852,15,2.0,1.5,garch,0.06692708333333333
2020-10-27,si1s,1,2020-11-17,0.003296703421015179,1,0.10605474737770852,15,2.0,1.5,garch,0.0663690476190476
2020-10-28,si1s,1,2020-11-18,0.046620146572994514,1,0.10605474737770852,15,2.0,1.5,garch,0.0658110119047619
2020-10-29,si1s,1,2020-11-19,0.029452055291465662,1,0.10605474737770852,15,2.0,1.5,garch,0.06525297619047618
2020-10-30,si1s,1,2020-11-20,0.03032225405186817,1,0.10605474737770852,15,2.0,1.5,garch,0.06469494047619047
2020-11-02,si1s,1,2020-11-23,-0.016643781215660014,0,0.10605474737770852,15,2.0,1.5,garch,0.06413690476190476
2020-11-03,si1s,-1,2020-11-24,0.04299288416773239,1,0.10605474737770852,15,2.0,1.5,garch,0.06357886904761904
2020-11-04,si1s,1,2020-11-25,-0.02383027347029787,0,0.10605474737770852,15,2.0,1.5,garch,0.06302083333333333
2020-11-05,si1s,-1,2020-11-27,0.10599676772890287,1,0.10605474737770852,15,2.0,1.5,garch,0.06276041666666667
2020-11-06,si1s,-1,2020-11-30,0.12418846851916754,1,0.10605474737770852,15,2.0,1.5,garch,0.0625
2020-11-09,si1s,1,2020-12-01,0.011107628601672248,1,0.10605474737770852,15,2.0,1.5,garch,0.06276041666666667
2020-11-10,si1s,1,2020-12-02,-0.020754063437916415,0,0.10605474737770852,15,2.0,1.5,garch,0.06331845238095238
2020-11-11,si1s,1,2020-12-03,-0.010548622798234875,0,0.10605474737770852,15,2.0,1.5,garch,0.06387648809523809
2020-11-12,si1s,1,2020-12-04,-0.007388664789123367,0,0.10605474737770852,15,2.0,1.5,garch,0.0644345238095238
2020-11-13,si1s,1,2020-12-07,-0.004456615057614077,0,0.10605474737770852,15,2.0,1.5,garch,0.06499255952380953
2020-11-16,si1s,1,2020-12-08,-0.007866699669175081,0,0.10605474737770852,15,2.0,1.5,garch,0.06555059523809523
2020-11-17,si1s,-1,2020-12-09,0.031893884483851664,1,0.10605474737770852,15,2.0,1.5,garch,0.06610863095238095
2020-11-18,si1s,1,2020-12-10,-0.019623649055277137,0,0.10605474737770852,15,2.0,1.5,garch,0.06666666666666665
2020-11-19,si1s,1,2020-12-11,-0.003399390863145668,0,0.10114669884176085,15,2.0,1.5,garch,0.06722470238095238
2020-11-20,si1s,1,2020-12-14,-0.01812230284783234,0,0.10114669884176085,15,2.0,1.5,garch,0.0677827380952381
2020-11-23,si1s,1,2020-12-15,0.0373363639953499,1,0.10114669884176085,15,2.0,1.5,garch,0.0683407738095238
2020-11-24,si1s,1,2020-12-16,0.07014096652680046,1,0.10114669884176085,15,2.0,1.5,garch,0.06889880952380953
2020-11-25,si1s,1,2020-12-17,0.1166510281847577,1,0.10114669884176085,15,2.0,1.5,garch,0.06945684523809524
2020-11-27,si1s,1,2020-12-18,0.14991828159602938,1,0.10114669884176085,15,2.0,1.5,garch,0.07001488095238095
2020-11-30,si1s,1,2020-12-21,0.16757402731041005,1,0.10114669884176085,15,2.0,1.5,garch,0.07057291666666667
2020-12-03,si1s,1,2020-12-24,0.0733728299768035,1,0.10114669884176085,15,2.0,1.5,garch,0.07057291666666667
2020-12-04,si1s,1,2020-12-28,0.09425638113787982,1,0.10114669884176085,15,2.0,1.5,garch,0.07001488095238095
2020-12-07,si1s,1,2020-12-29,0.05739291673650482,1,0.10114669884176085,15,2.0,1.5,garch,0.06945684523809524
2020-12-08,si1s,1,2020-12-30,0.0742642295726641,1,0.10114669884176085,15,2.0,1.5,garch,0.06889880952380953
2020-12-09,si1s,1,2020-12-31,0.10095873322601445,1,0.10114669884176085,15,2.0,1.5,garch,0.0683407738095238
2020-12-10,si1s,1,2021-01-04,0.13571843581798282,1,0.10114669884176085,15,2.0,1.5,garch,0.0677827380952381
2020-12-11,si1s,1,2021-01-05,0.14726880293657318,1,0.10114669884176085,15,2.0,1.5,garch,0.06722470238095238
2020-12-14,si1s,1,2021-01-06,0.12454776025659764,1,0.10114669884176085,15,2.0,1.5,garch,0.06692708333333333
2020-12-15,si1s,1,2021-01-07,0.10619217646449308,1,0.10114669884176085,15,2.0,1.5,garch,0.06692708333333333
2020-12-16,si1s,1,2021-01-08,-0.01656554473453098,0,0.10114669884176085,15,2.0,1.5,garch,0.06692708333333333
2020-12-17,si1s,1,2021-01-11,-0.03426148739556756,0,0.10114669884176085,15,2.0,1.5,garch,0.06727048992673992
2020-12-18,si1s,1,2021-01-12,-0.0229708447476632,0,0.10114669884176085,15,2.0,1.5,garch,0.06761389652014652
2020-12-21,si1s,1,2021-01-13,-0.03059251624613124,0,0.09110459263643278,15,2.0,1.5,garch,0.06795730311355311
2020-12-22,si1s,1,2021-01-14,0.010456235862344787,1,0.09110459263643278,15,2.0,1.5,garch,0.0683007097069597
2020-12-23,si1s,1,2021-01-15,-0.040700589758933314,0,0.09110459263643278,15,2.0,1.5,garch,0.0686441163003663
2020-12-24,si1s,1,2021-01-19,-0.022695692439349657,0,0.09110459263643278,15,2.0,1.5,garch,0.06928514194139195
2020-12-28,si1s,-1,2021-01-20,0.029126944732778326,1,0.09110459263643278,15,2.0,1.5,garch,0.07018658424908425
2020-12-29,si1s,1,2021-01-21,-0.013845976864818588,0,0.09110459263643278,15,2.0,1.5,garch,0.07108802655677655
2020-12-30,si1s,1,2021-01-22,-0.038271929870978716,0,0.09110459263643278,15,2.0,1.5,garch,0.07198946886446886
2020-12-31,si1s,1,2021-01-25,-0.0351355443650343,0,0.09110459263643278,15,2.0,1.5,garch,0.07289091117216118
2021-01-04,si1s,-1,2021-01-26,0.06673000988832145,1,0.09110459263643278,15,2.0,1.5,garch,0.07379235347985348
2021-01-05,si1s,-1,2021-01-27,0.0814399417271583,1,0.09110459263643278,15,2.0,1.5,garch,0.07469379578754579
2021-01-08,si1s,-1,2021-02-01,-0.19405771840605635,0,0.09110459263643278,15,2.0,1.5,garch,0.07623626373626374
2021-01-12,si1s,-1,2021-02-01,-0.1565952428249,0,0.09110459263643278,15,2.0,1.5,garch,0.07653061224489795
2021-01-13,si1s,-1,2021-02-01,-0.15039887287565423,0,0.09110459263643278,15,2.0,1.5,garch,0.07650042265426879
2021-01-14,si1s,-1,2021-02-01,-0.14014417490009068,0,0.09110459263643278,15,2.0,1.5,garch,0.07646520146520146
2021-01-15,si1s,-1,2021-02-01,-0.18306120751485833,0,0.09110459263643278,15,2.0,1.5,garch,0.07642357642357642
2021-01-19,si1s,-1,2021-02-01,-0.16184834150792948,0,0.09110459263643278,15,2.0,1.5,garch,0.07637362637362637
2021-01-20,si1s,-1,2021-02-01,-0.1417371722510945,0,0.09110459263643278,15,2.0,1.5,garch,0.07631257631257632
2021-01-21,si1s,-1,2021-02-01,-0.13785100860990784,0,0.09110459263643278,15,2.0,1.5,garch,0.07623626373626374
2021-01-22,si1s,-1,2021-02-12,-0.06933792405730177,0,0.10261458333189317,15,2.0,1.5,garch,0.11267777361527362
2021-01-25,si1s,-1,2021-02-01,-0.15437136951967645,0,0.10261458333189317,15,2.0,1.5,garch,0.07600732600732601
2021-01-26,si1s,-1,2021-02-17,-0.0695825817318858,0,0.10261458333189317,15,2.0,1.5,garch,0.11307841464091464
2021-01-27,si1s,-1,2021-02-01,-0.1586907709016998,0,0.10261458333189317,15,2.0,1.5,garch,0.07554945054945056
2021-01-28,si1s,-1,2021-02-19,-0.05138492404471995,0,0.10261458333189317,15,2.0,1.5,garch,0.11273500804750805
2021-02-01,si1s,-1,2021-02-23,0.05851396698619926,1,0.10261458333189317,15,2.0,1.5,garch,0.1117505758130758
2021-02-03,si1s,1,2021-02-25,0.027919569836755587,1,0.10261458333189317,15,2.0,1.5,garch,0.09999462343212343
2021-02-04,si1s,1,2021-02-26,0.006204358864088322,1,0.10261458333189317,15,2.0,1.5,garch,0.0916612900987901
2021-02-05,si1s,1,2021-03-01,-0.014235317441361195,0,0.10261458333189317,15,2.0,1.5,garch,0.08541129009879009
2021-02-08,si1s,-1,2021-03-02,0.02686947755306368,1,0.10261458333189317,15,2.0,1.5,garch,0.08064938533688533
2021-02-09,si1s,-1,2021-03-03,0.03861572862373419,1,0.10261458333189317,15,2.0,1.5,garch,0.077003552003552
2021-02-10,si1s,-1,2021-03-04,0.061253933318478615,1,0.10261458333189317,15,2.0,1.5,garch,0.07422577422577423
2021-02-11,si1s,-1,2021-03-05,0.0666007123806669,1,0.10261458333189317,15,2.0,1.5,garch,0.0721424408924409
2021-02-12,si1s,-1,2021-03-08,0.07685597340959593,1,0.10261458333189317,15,2.0,1.5,garch,0.07062728937728938
2021-02-16,si1s,-1,2021-03-09,0.04336009520723816,1,0.10261458333189317,15,2.0,1.5,garch,0.06958562271062271
2021-02-17,si1s,-1,2021-03-10,0.0449470231143172,1,0.10261458333189317,15,2.0,1.5,garch,0.06854395604395605
2021-02-18,si1s,-1,2021-03-11,0.03426512257261505,1,0.10261458333189317,15,2.0,1.5,garch,0.06790293040293041
2021-02-19,si1s,-1,2021-03-12,0.05083179931178938,1,0.10261458333189317,15,2.0,1.5,garch,0.06726190476190477
2021-02-22,si1s,-1,2021-03-15,0.06551491261503783,1,0.10261458333189317,15,2.0,1.5,garch,0.06696428571428573
2021-02-23,si1s,-1,2021-03-16,0.06268473807887298,1,0.11324127921343224,15,2.0,1.5,garch,0.06666666666666667
2021-02-24,si1s,1,2021-03-17,-0.06695789178989953,0,0.11324127921343224,15,2.0,1.5,garch,0.06666666666666667
2021-02-26,si1s,-1,2021-03-19,0.00450075676614814,1,0.11324127921343224,15,2.0,1.5,garch,0.06640625
2021-03-01,si1s,-1,2021-03-22,0.03407301869424928,1,0.11324127921343224,15,2.0,1.5,garch,0.06614583333333332
2021-03-02,si1s,1,2021-03-23,-0.0614606202914324,0,0.11324127921343224,15,2.0,1.5,garch,0.06588541666666667
2021-03-03,si1s,1,2021-03-24,-0.043809451938905286,0,0.11324127921343224,15,2.0,1.5,garch,0.06562499999999999
2021-03-04,si1s,-1,2021-03-25,0.01626016278618192,1,0.11324127921343224,15,2.0,1.5,garch,0.06536458333333332
2021-03-05,si1s,-1,2021-03-26,0.006841461143589078,1,0.11324127921343224,15,2.0,1.5,garch,0.06510416666666666
2021-03-08,si1s,-1,2021-03-29,0.01970794163616274,1,0.11324127921343224,15,2.0,1.5,garch,0.06484374999999999
2021-03-09,si1s,-1,2021-03-30,0.07814230560287183,1,0.11324127921343224,15,2.0,1.5,garch,0.06458333333333333
2021-03-10,si1s,-1,2021-03-31,0.061155759418894395,1,0.11324127921343224,15,2.0,1.5,garch,0.06432291666666666
2021-03-11,si1s,-1,2021-04-01,0.047531782286764135,1,0.11324127921343224,15,2.0,1.5,garch,0.0640625
2021-03-12,si1s,1,2021-04-05,-0.04364941479406548,0,0.11324127921343224,15,2.0,1.5,garch,0.06380208333333333
2021-03-15,si1s,-1,2021-04-06,0.04036062100257365,1,0.11324127921343224,15,2.0,1.5,garch,0.06354166666666666
2021-03-16,si1s,1,2021-04-07,-0.02907356936163763,0,0.11324127921343224,15,2.0,1.5,garch,0.06328125
2021-03-17,si1s,1,2021-04-08,-0.018151814638280084,0,0.11324127921343224,15,2.0,1.5,garch,0.06302083333333333
2021-03-18,si1s,-1,2021-04-09,0.03893590368607447,1,0.11324127921343224,15,2.0,1.5,garch,0.06276041666666667
2021-03-19,si1s,-1,2021-04-12,0.05524106202861212,1,0.11324127921343224,15,2.0,1.5,garch,0.0625
2021-03-22,si1s,1,2021-04-13,-0.013310567194160905,0,0.11324127921343224,15,2.0,1.5,garch,0.0625
2021-03-23,si1s,1,2021-04-14,0.011773100205422216,1,0.11324127921343224,15,2.0,1.5,garch,0.0625
2021-03-24,si1s,1,2021-04-15,0.029051563781659295,1,0.0892353347017038,15,2.0,1.5,garch,0.06276041666666667
2021-03-25,si1s,1,2021-04-16,0.04224058831744104,1,0.0892353347017038,15,2.0,1.5,garch,0.06302083333333333
2021-03-26,si1s,1,2021-04-19,0.028788724279511513,1,0.0892353347017038,15,2.0,1.5,garch,0.06357886904761904
2021-03-29,si1s,1,2021-04-20,0.04315530198666284,1,0.0892353347017038,15,2.0,1.5,garch,0.06448031135531135
2021-03-30,si1s,1,2021-04-21,0.10079960213064831,1,0.0892353347017038,15,2.0,1.5,garch,0.06538175366300367
2021-03-31,si1s,1,2021-04-22,0.06717756425845756,1,0.0892353347017038,15,2.0,1.5,garch,0.066683836996337
2021-04-01,si1s,1,2021-04-23,0.04517396103732563,1,0.0892353347017038,15,2.0,1.5,garch,0.06845940517815517
2021-04-05,si1s,1,2021-04-26,0.057667473826832794,1,0.0892353347017038,15,2.0,1.5,garch,0.07023497335997336
2021-04-06,si1s,-1,2021-04-27,-0.046961831439629176,0,0.0892353347017038,15,2.0,1.5,garch,0.07201054154179154
2021-04-07,si1s,-1,2021-04-28,-0.03300141715339677,0,0.0892353347017038,15,2.0,1.5,garch,0.07378610972360973
2021-04-08,si1s,1,2021-04-29,0.01806662304811746,1,0.0892353347017038,15,2.0,1.5,garch,0.07556167790542791
2021-04-09,si1s,1,2021-04-30,0.02015958400430562,1,0.0892353347017038,15,2.0,1.5,garch,0.07733724608724608
2021-04-12,si1s,1,2021-05-03,0.08259813102939462,1,0.0892353347017038,15,2.0,1.5,garch,0.07911281426906427
2021-04-13,si1s,1,2021-05-04,0.04300911413380626,1,0.0892353347017038,15,2.0,1.5,garch,0.08088838245088245
2021-04-14,si1s,1,2021-05-05,0.03759606094696899,1,0.0892353347017038,15,2.0,1.5,garch,0.08266395063270064
2021-04-16,si1s,-1,2021-05-07,-0.05103310589528265,0,0.0892353347017038,15,2.0,1.5,garch,0.08548118548118548
2021-04-21,si1s,-1,2021-05-12,-0.02388244463919187,0,0.0892353347017038,15,2.0,1.5,garch,0.08652285214785216
2021-04-26,si1s,-1,2021-05-17,-0.07722787310850787,0,0.07147706879737027,15,2.0,1.5,garch,0.08336221070596071
2021-04-27,si1s,-1,2021-05-18,-0.07119092631496482,0,0.07147706879737027,15,2.0,1.5,garch,0.08158664252414252
2021-04-28,si1s,-1,2021-05-19,-0.07301477962653924,0,0.07147706879737027,15,2.0,1.5,garch,0.07981107434232435
2021-04-29,si1s,-1,2021-05-20,-0.07598236548715742,0,0.07147706879737027,15,2.0,1.5,garch,0.07803550616050615
2021-04-30,si1s,1,2021-05-21,0.0623429825723707,1,0.07147706879737027,15,2.0,1.5,garch,0.07625993797868798
2021-05-03,si1s,-1,2021-05-24,-0.035051929381475055,0,0.07147706879737027,15,2.0,1.5,garch,0.0744843697968698
2021-05-04,si1s,1,2021-05-25,0.05640485006874818,1,0.07147706879737027,15,2.0,1.5,garch,0.07270880161505161
2021-05-05,si1s,1,2021-05-26,0.05108966246365321,1,0.07147706879737027,15,2.0,1.5,garch,0.0711936500999001
2021-05-06,si1s,-1,2021-05-27,-0.016850456637140354,0,0.07147706879737027,15,2.0,1.5,garch,0.06997611763236763
2021-05-07,si1s,-1,2021-05-28,-0.0195436176726258,0,0.07147706879737027,15,2.0,1.5,garch,0.06875858516483516
2021-05-10,si1s,-1,2021-06-01,-0.022188273888362753,0,0.07147706879737027,15,2.0,1.5,garch,0.06801453754578754
2021-05-11,si1s,-1,2021-06-02,-0.019409405205470298,0,0.07147706879737027,15,2.0,1.5,garch,0.06727048992673992
2021-05-12,si1s,1,2021-06-03,0.008552341985627043,1,0.07147706879737027,15,2.0,1.5,garch,0.06692708333333333
2021-05-13,si1s,-1,2021-06-04,-0.030932407133274387,0,0.07147706879737027,15,2.0,1.5,garch,0.06727048992673992
2021-05-14,si1s,-1,2021-06-07,-0.023862599287767017,0,0.07147706879737027,15,2.0,1.5,garch,0.06801453754578754
2021-05-17,si1s,-1,2021-06-08,0.01920492357407977,1,0.07147706879737027,15,2.0,1.5,garch,0.0690562042124542
2021-05-18,si1s,-1,2021-06-09,0.011682490506408572,1,0.07147706879737027,15,2.0,1.5,garch,0.07035828754578755
2021-05-19,si1s,-1,2021-06-10,-0.00021409439974995337,0,0.07147706879737027,15,2.0,1.5,garch,0.07166037087912089
2021-05-20,si1s,-1,2021-06-11,-0.0028146925923935306,0,0.07147706879737027,15,2.0,1.5,garch,0.07296245421245422
2021-05-21,si1s,-1,2021-06-14,-0.02011933428457069,0,0.07147706879737027,15,2.0,1.5,garch,0.07426453754578755
2021-05-24,si1s,1,2021-06-15,-0.0075972049942517605,0,0.0661657668838131,15,2.0,1.5,garch,0.07556662087912089
2021-05-25,si1s,1,2021-06-16,-0.008696891643101723,0,0.0661657668838131,15,2.0,1.5,garch,0.0768687042124542
2021-05-28,si1s,1,2021-06-21,-0.07100021434049608,0,0.0661657668838131,15,2.0,1.5,garch,0.07881181318681318
2021-06-01,si1s,-1,2021-06-22,0.07988755308381901,1,0.0661657668838131,15,2.0,1.5,garch,0.07881181318681318
2021-06-02,si1s,-1,2021-06-23,0.07420933195614343,1,0.0661657668838131,15,2.0,1.5,garch,0.07881181318681318
2021-06-03,si1s,1,2021-06-24,-0.05193434521636808,0,0.0661657668838131,15,2.0,1.5,garch,0.07881181318681318
2021-06-08,si1s,-1,2021-06-29,0.06738736229065068,1,0.0661657668838131,15,2.0,1.5,garch,0.0768687042124542
2021-06-09,si1s,-1,2021-06-30,0.0659651802482295,1,0.0661657668838131,15,2.0,1.5,garch,0.07556662087912089
2021-06-10,si1s,-1,2021-07-01,0.07027992091165247,1,0.0661657668838131,15,2.0,1.5,garch,0.07426453754578755
2021-06-11,si1s,-1,2021-07-02,0.05985276339702139,1,0.0661657668838131,15,2.0,1.5,garch,0.07296245421245422
2021-06-14,si1s,-1,2021-07-06,0.06790994917023552,1,0.0661657668838131,15,2.0,1.5,garch,0.07166037087912089
2021-06-15,si1s,-1,2021-07-07,0.057886823599545,1,0.0661657668838131,15,2.0,1.5,garch,0.07061870421245423
2021-06-16,si1s,-1,2021-07-08,0.0670159477573754,1,0.0661657668838131,15,2.0,1.5,garch,0.06957703754578755
2021-06-17,si1s,1,2021-07-09,0.013102694079481614,1,0.0661657668838131,15,2.0,1.5,garch,0.06853537087912089
2021-06-18,si1s,1,2021-07-12,0.008886587201243357,1,0.0661657668838131,15,2.0,1.5,garch,0.06749370421245421
2021-06-21,si1s,1,2021-07-13,0.0029173400232163083,1,0.0661657668838131,15,2.0,1.5,garch,0.06685267857142857
2021-06-22,si1s,1,2021-07-14,0.014492320827169891,1,0.0661657668838131,15,2.0,1.5,garch,0.06685267857142857
2021-06-23,si1s,1,2021-07-15,0.009327259424797951,1,0.07268228013708602,15,2.0,1.5,garch,0.06685267857142857
2021-06-24,si1s,1,2021-07-16,-0.011269118033151448,0,0.07268228013708602,15,2.0,1.5,garch,0.06685267857142857
2021-06-25,si1s,1,2021-07-19,-0.03758707838311903,0,0.07268228013708602,15,2.0,1.5,garch,0.06685267857142857
2021-06-28,si1s,1,2021-07-20,-0.04795459780597622,0,0.07268228013708602,15,2.0,1.5,garch,0.06685267857142857
2021-06-29,si1s,1,2021-07-21,-0.02494112278887195,0,0.07268228013708602,15,2.0,1.5,garch,0.06715029761904762
2021-06-30,si1s,1,2021-07-22,-0.031037641409348615,0,0.07268228013708602,15,2.0,1.5,garch,0.06770833333333333
2021-07-01,si1s,1,2021-07-23,-0.03321839060251841,0,0.07268228013708602,15,2.0,1.5,garch,0.06826636904761905
2021-07-02,si1s,-1,2021-07-26,0.044639825108407694,1,0.07268228013708602,15,2.0,1.5,garch,0.06882440476190477
2021-07-06,si1s,1,2021-07-27,-0.05826392609692954,0,0.07268228013708602,15,2.0,1.5,garch,0.06938244047619048
2021-07-08,si1s,1,2021-07-29,-0.007888559315316623,0,0.07268228013708602,15,2.0,1.5,garch,0.06994047619047619
2021-07-09,si1s,-1,2021-07-30,0.026187390920968556,1,0.07268228013708602,15,2.0,1.5,garch,0.06994047619047619
2021-07-12,si1s,-1,2021-08-02,0.025305843071005807,1,0.07268228013708602,15,2.0,1.5,garch,0.06994047619047619
2021-07-13,si1s,-1,2021-08-03,0.021346595190051332,1,0.07268228013708602,15,2.0,1.5,garch,0.06994047619047619
2021-07-15,si1s,-1,2021-08-05,0.04175191319372151,1,0.07268228013708602,15,2.0,1.5,garch,0.06938244047619048
2021-07-16,si1s,-1,2021-08-06,0.056949021320522375,1,0.07268228013708602,15,2.0,1.5,garch,0.06882440476190477
2021-07-19,si1s,-1,2021-08-09,0.0745704737026035,1,0.07268228013708602,15,2.0,1.5,garch,0.06826636904761905
2021-07-20,si1s,1,2021-08-10,-0.06413282619876082,0,0.07268228013708602,15,2.0,1.5,garch,0.06901041666666667
2021-07-21,si1s,1,2021-08-11,-0.06996634293448167,0,0.07268228013708602,15,2.0,1.5,garch,0.06975446428571429
2021-07-22,si1s,1,2021-08-12,-0.08923998361178631,0,0.07268228013708602,15,2.0,1.5,garch,0.0704985119047619
2021-07-23,si1s,1,2021-08-13,-0.05762295401230921,0,0.05910819308245202,15,2.0,1.5,garch,0.07171604437229438
2021-07-26,si1s,1,2021-08-16,-0.06031282032539542,0,0.05910819308245202,15,2.0,1.5,garch,0.07293357683982685
2021-07-27,si1s,1,2021-08-17,-0.04016390119862345,0,0.05910819308245202,15,2.0,1.5,garch,0.07415110930735931
2021-07-28,si1s,1,2021-08-18,-0.05848775997505762,0,0.05910819308245202,15,2.0,1.5,garch,0.07536864177489178
2021-07-29,si1s,1,2021-08-09,-0.09747110351731403,0,0.05910819308245202,15,2.0,1.5,garch,0.06510416666666666
2021-07-30,si1s,1,2021-08-09,-0.08916898219876712,0,0.05910819308245202,15,2.0,1.5,garch,0.06488095238095239
2021-08-02,si1s,1,2021-08-09,-0.09016617741423927,0,0.05910819308245202,15,2.0,1.5,garch,0.06458333333333334
2021-08-03,si1s,1,2021-08-09,-0.09041513568248083,0,0.05910819308245202,15,2.0,1.5,garch,0.06416666666666666
2021-08-04,si1s,1,2021-08-12,-0.09210164665545728,0,0.05910819308245202,15,2.0,1.5,garch,0.07202380952380952
2021-08-05,si1s,1,2021-08-26,-0.0688974427116863,0,0.05910819308245202,15,2.0,1.5,garch,0.07830606893106894
2021-08-06,si1s,1,2021-08-27,-0.010834835529617837,0,0.05910819308245202,15,2.0,1.5,garch,0.07830606893106894
2021-08-09,si1s,1,2021-08-30,0.02963758524735427,1,0.05910819308245202,15,2.0,1.5,garch,0.07830606893106894
2021-08-10,si1s,1,2021-08-31,0.02422353643513131,1,0.05910819308245202,15,2.0,1.5,garch,0.07830606893106892
2021-08-11,si1s,1,2021-09-01,0.029172888443214973,1,0.05910819308245202,15,2.0,1.5,garch,0.0770039855977356
2021-08-12,si1s,1,2021-09-02,0.03265316647760508,1,0.05910819308245202,15,2.0,1.5,garch,0.07570190226440227
2021-08-13,si1s,1,2021-09-03,0.04096330792553249,1,0.05910819308245202,15,2.0,1.5,garch,0.07439981893106894
2021-08-16,si1s,1,2021-09-07,0.02244180111003269,1,0.05910819308245202,15,2.0,1.5,garch,0.07262425074925075
2021-08-17,si1s,1,2021-09-08,0.014774010723874298,1,0.05910819308245202,15,2.0,1.5,garch,0.07084868256743257
2021-08-18,si1s,1,2021-09-09,0.030198086994639217,1,0.05910819308245202,15,2.0,1.5,garch,0.06907311438561438
2021-08-19,si1s,1,2021-09-10,0.02681214398190024,1,0.05910819308245202,15,2.0,1.5,garch,0.0672975462037962
2021-08-20,si1s,1,2021-09-13,0.027563660027595915,1,0.05910819308245202,15,2.0,1.5,garch,0.06552197802197801
2021-08-23,si1s,1,2021-09-14,0.007688353845973994,1,0.06486341720916533,15,2.0,1.5,garch,0.0642198946886447
2021-08-24,si1s,1,2021-09-15,-0.005857478609537337,0,0.06486341720916533,15,2.0,1.5,garch,0.06331845238095238
2021-08-25,si1s,1,2021-09-16,-0.043153388029006035,0,0.06486341720916533,15,2.0,1.5,garch,0.06276041666666667
2021-08-26,si1s,1,2021-09-17,-0.05335650077552434,0,0.06486341720916533,15,2.0,1.5,garch,0.0625
2021-08-27,si1s,-1,2021-09-20,0.07905433374409465,1,0.06486341720916533,15,2.0,1.5,garch,0.0625
2021-08-30,si1s,-1,2021-09-21,0.05811047303580108,1,0.06486341720916533,15,2.0,1.5,garch,0.0625
2021-08-31,si1s,-1,2021-09-22,0.04578022140709026,1,0.06486341720916533,15,2.0,1.5,garch,0.0625
2021-09-01,si1s,-1,2021-09-23,0.06366376278486674,1,0.06486341720916533,15,2.0,1.5,garch,0.0625
2021-09-02,si1s,-1,2021-09-24,0.06242160696445431,1,0.06486341720916533,15,2.0,1.5,garch,0.0625
2021-09-03,si1s,-1,2021-09-27,0.0849931462320822,1,0.06486341720916533,15,2.0,1.5,garch,0.0625
2021-09-07,si1s,-1,2021-09-28,0.07820128895357636,1,0.06486341720916533,15,2.0,1.5,garch,0.0625
2021-09-08,si1s,-1,2021-09-29,0.10687562374849291,1,0.06486341720916533,15,2.0,1.5,garch,0.0625
2021-09-09,si1s,-1,2021-09-30,0.08810026036423146,1,0.06486341720916533,15,2.0,1.5,garch,0.0634014423076923
2021-09-10,si1s,1,2021-09-29,-0.10104602487019598,0,0.06486341720916533,15,2.0,1.5,garch,0.0625
2021-09-13,si1s,1,2021-10-04,-0.04841149838761605,0,0.06486341720916533,15,2.0,1.5,garch,0.06486092032967034
2021-09-14,si1s,1,2021-09-29,-0.10048147325191337,0,0.06486341720916533,15,2.0,1.5,garch,0.0625
2021-09-15,si1s,1,2021-09-29,-0.09730683539588181,0,0.06486341720916533,15,2.0,1.5,garch,0.0625
2021-09-16,si1s,1,2021-10-07,-0.005966482100757564,0,0.06486341720916533,15,2.0,1.5,garch,0.06567937271062271
2021-09-17,si1s,1,2021-10-08,0.01647490721141187,1,0.06486341720916533,15,2.0,1.5,garch,0.06567937271062271
2021-09-20,si1s,1,2021-10-11,0.020762024833723247,1,0.06486341720916533,15,2.0,1.5,garch,0.06567937271062271
2021-09-21,si1s,1,2021-10-12,-0.004289946594334126,0,0.06486341720916533,15,2.0,1.5,garch,0.06593978937728937
2021-09-22,si1s,1,2021-10-13,0.01148120609811265,1,0.06694033550527419,15,2.0,1.5,garch,0.06620020604395604
2021-09-23,si1s,1,2021-10-14,0.03518673629094793,1,0.06694033550527419,15,2.0,1.5,garch,0.06646062271062271
2021-09-24,si1s,1,2021-10-15,0.04120401302085064,1,0.06694033550527419,15,2.0,1.5,garch,0.06672103937728938
2021-09-27,si1s,1,2021-10-18,0.025116770930831533,1,0.06694033550527419,15,2.0,1.5,garch,0.06698145604395604
2021-09-28,si1s,1,2021-10-19,0.06302577116896457,1,0.06694033550527419,15,2.0,1.5,garch,0.06724187271062271
2021-09-29,si1s,1,2021-10-20,0.1377705372376743,1,0.06694033550527419,15,2.0,1.5,garch,0.06750228937728939
2021-09-30,si1s,1,2021-10-21,0.09629427991531303,1,0.06694033550527419,15,2.0,1.5,garch,0.06776270604395604
2021-10-01,si1s,1,2021-10-22,0.08488640498028222,1,0.06694033550527419,15,2.0,1.5,garch,0.0671216804029304
2021-10-04,si1s,1,2021-10-25,0.08602720442283918,1,0.06694033550527419,15,2.0,1.5,garch,0.06648065476190476
2021-10-05,si1s,1,2021-10-26,0.06546355323762176,1,0.06694033550527419,15,2.0,1.5,garch,0.06618303571428572
2021-10-06,si1s,1,2021-10-27,0.07362861709509438,1,0.06694033550527419,15,2.0,1.5,garch,0.06588541666666667
2021-10-07,si1s,-1,2021-10-28,-0.06452467190652023,0,0.06694033550527419,15,2.0,1.5,garch,0.06588541666666667
2021-10-08,si1s,-1,2021-10-29,-0.054789693253661564,0,0.06694033550527419,15,2.0,1.5,garch,0.06614583333333332
2021-10-11,si1s,-1,2021-11-01,-0.06212221481399238,0,0.06694033550527419,15,2.0,1.5,garch,0.06640625
2021-10-13,si1s,-1,2021-11-03,-0.0026327143486017945,0,0.06694033550527419,15,2.0,1.5,garch,0.06640625
2021-10-14,si1s,-1,2021-11-04,-0.018486178224083494,0,0.06694033550527419,15,2.0,1.5,garch,0.06614583333333332
2021-10-15,si1s,-1,2021-11-05,-0.03460533718882375,0,0.06694033550527419,15,2.0,1.5,garch,0.06588541666666667
2021-10-18,si1s,-1,2021-11-08,-0.05493466365744948,0,0.06694033550527419,15,2.0,1.5,garch,0.06562499999999999
2021-10-19,si1s,-1,2021-11-09,-0.018213792353240166,0,0.06694033550527419,15,2.0,1.5,garch,0.06536458333333332
2021-10-20,si1s,-1,2021-11-10,-0.013376968679473356,0,0.06694033550527419,15,2.0,1.5,garch,0.06510416666666666
2021-10-21,si1s,-1,2021-11-11,-0.04679354577780037,0,0.06652631478108244,15,2.0,1.5,garch,0.06484374999999999
2021-10-22,si1s,-1,2021-11-12,-0.03668861704960391,0,0.06652631478108244,15,2.0,1.5,garch,0.06458333333333333
2021-10-25,si1s,-1,2021-11-15,-0.020860442140111957,0,0.06652631478108244,15,2.0,1.5,garch,0.06432291666666666
2021-10-26,si1s,-1,2021-11-16,-0.03553636644359037,0,0.06652631478108244,15,2.0,1.5,garch,0.0640625
2021-10-27,si1s,-1,2021-11-17,-0.04034558246442499,0,0.06652631478108244,15,2.0,1.5,garch,0.06380208333333333
2021-10-28,si1s,-1,2021-11-18,-0.032338308328449195,0,0.06652631478108244,15,2.0,1.5,garch,0.06354166666666666
2021-10-29,si1s,-1,2021-11-19,-0.03474048984033207,0,0.06652631478108244,15,2.0,1.5,garch,0.06328125
2021-11-01,si1s,-1,2021-11-22,-0.009305030870740305,0,0.06652631478108244,15,2.0,1.5,garch,0.06302083333333333
2021-11-02,si1s,1,2021-11-23,-0.0030629166596556345,0,0.06652631478108244,15,2.0,1.5,garch,0.06276041666666667
2021-11-03,si1s,1,2021-11-24,0.010670796050090914,1,0.06652631478108244,15,2.0,1.5,garch,0.0625
2021-11-04,si1s,1,2021-11-26,-0.03480129623343253,0,0.06652631478108244,15,2.0,1.5,garch,0.0625
2021-11-05,si1s,1,2021-11-29,-0.05631689091049119,0,0.06652631478108244,15,2.0,1.5,garch,0.0625
2021-11-08,si1s,-1,2021-11-30,0.07262478077720746,1,0.06652631478108244,15,2.0,1.5,garch,0.0625
2021-11-09,si1s,-1,2021-12-01,0.0836089486800693,1,0.06652631478108244,15,2.0,1.5,garch,0.0625
2021-11-10,si1s,1,2021-12-01,-0.10040377882684037,0,0.06652631478108244,15,2.0,1.5,garch,0.0625
2021-11-11,si1s,-1,2021-12-03,0.11361396484956487,1,0.06652631478108244,15,2.0,1.5,garch,0.06276041666666667
2021-11-12,si1s,-1,2021-12-06,0.12376777495630775,1,0.06652631478108244,15,2.0,1.5,garch,0.06276041666666667
2021-11-15,si1s,-1,2021-12-07,0.10502484983167293,1,0.06652631478108244,15,2.0,1.5,garch,0.06276041666666667
2021-11-16,si1s,-1,2021-12-08,0.10288759060898367,1,0.06652631478108244,15,2.0,1.5,garch,0.06276041666666667
2021-11-17,si1s,-1,2021-12-09,0.12744512326805246,1,0.06652631478108244,15,2.0,1.5,garch,0.06276041666666667
2021-11-18,si1s,-1,2021-12-10,0.11079730969659463,1,0.06652631478108244,15,2.0,1.5,garch,0.06276041666666667
2021-11-19,si1s,-1,2021-12-13,0.10117330657169721,1,0.060122127803090855,15,2.0,1.5,garch,0.06276041666666667
2021-11-22,si1s,-1,2021-12-14,0.09985576310760391,1,0.060122127803090855,15,2.0,1.5,garch,0.06276041666666667
2021-11-23,si1s,1,2021-12-15,-0.08287927878578472,0,0.060122127803090855,15,2.0,1.5,garch,0.06276041666666667
2021-11-24,si1s,-1,2021-12-16,0.044654997647935346,1,0.060122127803090855,15,2.0,1.5,garch,0.06276041666666667
2021-11-26,si1s,1,2021-12-17,-0.026021180927602305,0,0.060122127803090855,15,2.0,1.5,garch,0.06276041666666667
2021-11-29,si1s,1,2021-12-20,-0.024549274062225623,0,0.060122127803090855,15,2.0,1.5,garch,0.06276041666666667
2021-11-30,si1s,1,2021-12-21,-0.0125356126259214,0,0.060122127803090855,15,2.0,1.5,garch,0.06276041666666667
2021-12-01,si1s,1,2021-12-22,0.021487085298913078,1,0.060122127803090855,15,2.0,1.5,garch,0.06276041666666667
2021-12-02,si1s,1,2021-12-23,0.027962000674770948,1,0.060122127803090855,15,2.0,1.5,garch,0.06276041666666667
2021-12-03,si1s,1,2021-12-27,0.022596859554781412,1,0.060122127803090855,15,2.0,1.5,garch,0.06276041666666667
2021-12-06,si1s,1,2021-12-28,0.038539280703101975,1,0.060122127803090855,15,2.0,1.5,garch,0.06302083333333333
2021-12-07,si1s,1,2021-12-29,0.014873685233214973,1,0.060122127803090855,15,2.0,1.5,garch,0.06357886904761904
2021-12-08,si1s,1,2021-12-30,0.027995720716104344,1,0.060122127803090855,15,2.0,1.5,garch,0.06413690476190476
2021-12-09,si1s,1,2021-12-31,0.06082769329946802,1,0.060122127803090855,15,2.0,1.5,garch,0.06469494047619047
2021-12-10,si1s,1,2022-01-03,0.0277089433845068,1,0.060122127803090855,15,2.0,1.5,garch,0.06525297619047618
2021-12-13,si1s,1,2022-01-04,0.03260480174302449,1,0.060122127803090855,15,2.0,1.5,garch,0.0658110119047619
2021-12-14,si1s,1,2022-01-05,0.05683269468518448,1,0.060122127803090855,15,2.0,1.5,garch,0.0663690476190476
2021-12-15,si1s,1,2022-01-06,0.029937341203800427,1,0.060122127803090855,15,2.0,1.5,garch,0.06692708333333333
2021-12-16,si1s,1,2022-01-07,-0.0033800299751411966,0,0.060122127803090855,15,2.0,1.5,garch,0.06748511904761906
2021-12-17,si1s,1,2022-01-10,-0.0031509340371866923,0,0.060122127803090855,15,2.0,1.5,garch,0.06804315476190476
2021-12-20,si1s,1,2022-01-11,0.023372662003062983,1,0.060122127803090855,15,2.0,1.5,garch,0.06860119047619048
2021-12-21,si1s,1,2022-01-12,0.03009454596064076,1,0.06416645246853124,15,2.0,1.5,garch,0.0691592261904762
2021-12-22,si1s,1,2022-01-13,0.01503133411552171,1,0.06416645246853124,15,2.0,1.5,garch,0.0697172619047619
2021-12-23,si1s,1,2022-01-14,-0.0009590242652358638,0,0.06416645246853124,15,2.0,1.5,garch,0.07027529761904762
2021-12-28,si1s,-1,2022-01-19,-0.048008305062060774,0,0.06416645246853124,15,2.0,1.5,garch,0.07083333333333333
2021-12-30,si1s,-1,2022-01-21,-0.05464006866502724,0,0.06416645246853124,15,2.0,1.5,garch,0.07027529761904762
2021-12-31,si1s,-1,2022-01-24,-0.01918465212397824,0,0.06416645246853124,15,2.0,1.5,garch,0.0697172619047619
2022-01-03,si1s,1,2022-01-25,0.04761069655040262,1,0.06416645246853124,15,2.0,1.5,garch,0.0691592261904762
2022-01-04,si1s,1,2022-01-26,0.0325728650229129,1,0.06416645246853124,15,2.0,1.5,garch,0.06860119047619048
2022-01-05,si1s,1,2022-01-27,-0.021320673906149668,0,0.06416645246853124,15,2.0,1.5,garch,0.06804315476190476
2022-01-06,si1s,1,2022-01-28,0.005002253222490927,1,0.06416645246853124,15,2.0,1.5,garch,0.06748511904761906
2022-01-07,si1s,1,2022-01-31,-0.0007139988824688137,0,0.06416645246853124,15,2.0,1.5,garch,0.06692708333333333
2022-01-10,si1s,1,2022-02-01,0.005921111910577981,1,0.06416645246853124,15,2.0,1.5,garch,0.06662946428571428
2022-01-11,si1s,1,2022-02-02,-0.0046028398809483395,0,0.06416645246853124,15,2.0,1.5,garch,0.06633184523809524
2022-01-12,si1s,1,2022-02-03,-0.03585125259916644,0,0.06416645246853124,15,2.0,1.5,garch,0.06603422619047619
2022-01-13,si1s,1,2022-02-04,-0.029660651198122445,0,0.06416645246853124,15,2.0,1.5,garch,0.06573660714285713
2022-01-14,si1s,1,2022-02-07,0.006894145428683496,1,0.06416645246853124,15,2.0,1.5,garch,0.06543898809523808
2022-01-18,si1s,1,2022-02-08,-0.012429764069527005,0,0.06416645246853124,15,2.0,1.5,garch,0.06514136904761904
2022-01-19,si1s,-1,2022-02-09,0.03672980922026203,1,0.06416645246853124,15,2.0,1.5,garch,0.06484374999999999
2022-01-20,si1s,-1,2022-02-10,0.048308787665008235,1,0.06416645246853124,15,2.0,1.5,garch,0.06484374999999999
2022-01-21,si1s,-1,2022-02-11,0.03910361795102635,1,0.06696995927221326,15,2.0,1.5,garch,0.06484374999999999
2022-01-24,si1s,1,2022-02-14,0.0020168068447372622,1,0.06696995927221326,15,2.0,1.5,garch,0.06510416666666666
2022-01-25,si1s,1,2022-02-15,-0.02318379592504416,0,0.06696995927221326,15,2.0,1.5,garch,0.06536458333333332
2022-01-26,si1s,-1,2022-02-16,0.008484899271790858,1,0.06696995927221326,15,2.0,1.5,garch,0.06562499999999999
2022-01-27,si1s,-1,2022-02-17,-0.05287528682152809,0,0.06696995927221326,15,2.0,1.5,garch,0.06588541666666667
2022-01-28,si1s,1,2022-02-18,0.07582619622731213,1,0.06696995927221326,15,2.0,1.5,garch,0.06614583333333332
2022-01-31,si1s,1,2022-02-22,0.08565176514683759,1,0.06696995927221326,15,2.0,1.5,garch,0.06640625
2022-02-02,si1s,-1,2022-02-24,-0.08620011198234456,0,0.06696995927221326,15,2.0,1.5,garch,0.06640625
2022-02-03,si1s,1,2022-02-25,0.07140229481674298,1,0.06696995927221326,15,2.0,1.5,garch,0.06614583333333332
2022-02-04,si1s,-1,2022-02-28,-0.08213488434934568,0,0.06696995927221326,15,2.0,1.5,garch,0.06588541666666667
2022-02-07,si1s,-1,2022-03-01,-0.1047759835171378,0,0.06696995927221326,15,2.0,1.5,garch,0.06562499999999999
2022-02-08,si1s,-1,2022-03-02,-0.08376978999229734,0,0.06696995927221326,15,2.0,1.5,garch,0.06536458333333332
2022-02-09,si1s,-1,2022-03-03,-0.07816368031837895,0,0.06696995927221326,15,2.0,1.5,garch,0.06510416666666666
2022-02-10,si1s,-1,2022-03-04,-0.09435219840650388,0,0.06696995927221326,15,2.0,1.5,garch,0.06484374999999999
2022-02-11,si1s,-1,2022-03-04,-0.1015170694429004,0,0.06696995927221326,15,2.0,1.5,garch,0.06472222222222222
2022-02-14,si1s,-1,2022-03-08,-0.1256838711105397,0,0.06696995927221326,15,2.0,1.5,garch,0.0654389880952381
2022-02-15,si1s,-1,2022-03-04,-0.10279120851464896,0,0.06696995927221326,15,2.0,1.5,garch,0.06442307692307692
2022-02-16,si1s,-1,2022-03-08,-0.13727214430085777,0,0.06696995927221326,15,2.0,1.5,garch,0.06526360544217687
2022-02-17,si1s,-1,2022-03-08,-0.1244108467026086,0,0.06696995927221326,15,2.0,1.5,garch,0.06515567765567765
2022-02-18,si1s,-1,2022-03-08,-0.11892751535983548,0,0.06696995927221326,15,2.0,1.5,garch,0.0650297619047619
2022-02-22,si1s,-1,2022-03-08,-0.10424536093394332,0,0.06459313633454124,15,2.0,1.5,garch,0.06488095238095237
2022-02-23,si1s,-1,2022-03-16,-0.004553215622640661,0,0.06459313633454124,15,2.0,1.5,garch,0.07819151334776335
2022-02-24,si1s,-1,2022-03-17,-0.03666531755079672,0,0.06459313633454124,15,2.0,1.5,garch,0.07970666486291486
2022-02-25,si1s,1,2022-03-18,0.044551775970546936,1,0.06459313633454124,15,2.0,1.5,garch,0.08148223304473305
2022-02-28,si1s,-1,2022-03-08,-0.10379216925133905,0,0.06459313633454124,15,2.0,1.5,garch,0.06505102040816325
2022-03-01,si1s,-1,2022-03-22,0.024940292734933367,1,0.06459313633454124,15,2.0,1.5,garch,0.08560155122655122
2022-03-02,si1s,-1,2022-03-23,3.9698956014633247e-05,1,0.06459313633454124,15,2.0,1.5,garch,0.08737711940836941
2022-03-03,si1s,-1,2022-03-24,-0.02808186598627138,0,0.06459313633454124,15,2.0,1.5,garch,0.0891526875901876
2022-03-04,si1s,-1,2022-03-25,0.006747063488391047,1,0.06459313633454124,15,2.0,1.5,garch,0.09092825577200578
2022-03-07,si1s,-1,2022-03-28,0.02037325048774774,1,0.06459313633454124,15,2.0,1.5,garch,0.09270382395382396
2022-03-09,si1s,-1,2022-03-30,0.027231173825466026,1,0.06459313633454124,15,2.0,1.5,garch,0.09466540404040405
2022-03-11,si1s,-1,2022-04-01,0.057568807714132975,1,0.06459313633454124,15,2.0,1.5,garch,0.09079254079254079
2022-03-15,si1s,-1,2022-04-05,0.024803242868940423,1,0.06459313633454124,15,2.0,1.5,garch,0.08756451881451882
2022-03-17,si1s,-1,2022-04-07,0.03439256749887076,1,0.06459313633454124,15,2.0,1.5,garch,0.08483183483183483
2022-03-18,si1s,-1,2022-04-08,0.01052337940482273,1,0.06459313633454124,15,2.0,1.5,garch,0.08361430236430237
2022-03-22,si1s,-1,2022-04-12,-0.03336813376239767,0,0.06459313633454124,15,2.0,1.5,garch,0.08031343656343656
2022-03-23,si1s,-1,2022-04-13,-0.03338759048341844,0,0.07924963759551763,15,2.0,1.5,garch,0.07879828504828504
2022-03-24,si1s,-1,2022-04-14,0.008487655131637184,1,0.07924963759551763,15,2.0,1.5,garch,0.07728313353313354
2022-03-25,si1s,-1,2022-04-18,-0.020886199576474418,0,0.07924963759551763,15,2.0,1.5,garch,0.07576798201798202
2022-03-28,si1s,-1,2022-04-19,-0.007739323812629317,0,0.07924963759551763,15,2.0,1.5,garch,0.0742528305028305
2022-03-29,si1s,-1,2022-04-20,-0.021628395926466037,0,0.07924963759551763,15,2.0,1.5,garch,0.07303529803529804
2022-03-30,si1s,-1,2022-04-21,0.019591447465921563,1,0.07924963759551763,15,2.0,1.5,garch,0.07181776556776556
2022-03-31,si1s,-1,2022-04-22,0.03477499760042091,1,0.07924963759551763,15,2.0,1.5,garch,0.07107371794871795
2022-04-01,si1s,1,2022-04-25,-0.039912386626367535,0,0.07924963759551763,15,2.0,1.5,garch,0.07032967032967033
2022-04-04,si1s,1,2022-04-26,-0.04309255836768755,0,0.07924963759551763,15,2.0,1.5,garch,0.06998626373626374
2022-04-05,si1s,1,2022-04-27,-0.044364193686070585,0,0.07924963759551763,15,2.0,1.5,garch,0.06964285714285715
2022-04-06,si1s,1,2022-04-28,-0.054608384800644116,0,0.07924963759551763,15,2.0,1.5,garch,0.06964285714285715
2022-04-07,si1s,1,2022-04-29,-0.06906687501017306,0,0.07924963759551763,15,2.0,1.5,garch,0.06964285714285715
2022-04-11,si1s,-1,2022-05-03,0.09522180336181096,1,0.07924963759551763,15,2.0,1.5,garch,0.0710279304029304
2022-04-12,si1s,1,2022-05-02,-0.124659117786174,0,0.07924963759551763,15,2.0,1.5,garch,0.07012035583464153
2022-04-13,si1s,-1,2022-05-05,0.139982554853338,1,0.07924963759551763,15,2.0,1.5,garch,0.07241300366300367
2022-04-14,si1s,1,2022-05-02,-0.12346701926491521,0,0.07924963759551763,15,2.0,1.5,garch,0.07069597069597068
2022-04-18,si1s,1,2022-04-29,-0.11944050281768459,0,0.07924963759551763,15,2.0,1.5,garch,0.07047619047619047
2022-04-19,si1s,-1,2022-05-10,0.15836987103913025,1,0.07924963759551763,15,2.0,1.5,garch,0.07335164835164834
2022-04-21,si1s,-1,2022-05-12,0.15842262216963243,1,0.07924963759551763,15,2.0,1.5,garch,0.07335164835164835
2022-04-22,si1s,1,2022-05-10,-0.1190968052757524,0,0.07159647424084344,15,2.0,1.5,garch,0.07416173570019723
2022-04-25,si1s,1,2022-05-12,-0.1246101984304121,0,0.07159647424084344,15,2.0,1.5,garch,0.07362637362637361
2022-04-26,si1s,1,2022-05-12,-0.11941500645856917,0,0.07159647424084344,15,2.0,1.5,garch,0.07379543533389686
2022-04-27,si1s,1,2022-05-12,-0.11623058859121793,0,0.07159647424084344,15,2.0,1.5,garch,0.07399267399267398
2022-04-28,si1s,1,2022-05-19,-0.054915663487213884,0,0.07159647424084344,15,2.0,1.5,garch,0.0735834478021978
2022-04-29,si1s,1,2022-05-20,-0.06112193973990121,0,0.07159647424084344,15,2.0,1.5,garch,0.07302541208791208
2022-05-02,si1s,1,2022-05-23,-0.03812433630900769,0,0.07159647424084344,15,2.0,1.5,garch,0.07246737637362638
2022-05-03,si1s,1,2022-05-24,-0.026560776286766452,0,0.07159647424084344,15,2.0,1.5,garch,0.07156593406593406
2022-05-04,si1s,1,2022-05-25,-0.023747879251275306,0,0.07159647424084344,15,2.0,1.5,garch,0.07026385073260072
2022-05-05,si1s,1,2022-05-26,-0.021298400413674923,0,0.07159647424084344,15,2.0,1.5,garch,0.06896176739926739
2022-05-06,si1s,1,2022-05-27,-0.012116064335004895,0,0.07159647424084344,15,2.0,1.5,garch,0.06806032509157509
2022-05-09,si1s,1,2022-05-31,-0.006049495908959424,0,0.07159647424084344,15,2.0,1.5,garch,0.06715888278388277
2022-05-10,si1s,1,2022-06-01,0.02291822217231898,1,0.07159647424084344,15,2.0,1.5,garch,0.06660084706959707
2022-05-11,si1s,1,2022-06-02,0.03244495970663652,1,0.07159647424084344,15,2.0,1.5,garch,0.06634043040293039
2022-05-12,si1s,1,2022-06-03,0.054638232956034205,1,0.07159647424084344,15,2.0,1.5,garch,0.06578239468864469
2022-05-13,si1s,1,2022-06-06,0.05194990828367585,1,0.07159647424084344,15,2.0,1.5,garch,0.06552197802197801
2022-05-16,si1s,1,2022-06-07,0.029093778092745604,1,0.07159647424084344,15,2.0,1.5,garch,0.0642198946886447
2022-05-17,si1s,1,2022-06-08,0.01581609221609459,1,0.07159647424084344,15,2.0,1.5,garch,0.06331845238095238
2022-05-18,si1s,1,2022-06-09,0.012671741782542378,1,0.07159647424084344,15,2.0,1.5,garch,0.06302083333333333
2022-05-19,si1s,1,2022-06-10,0.0010498444383570948,1,0.07159647424084344,15,2.0,1.5,garch,0.06331845238095238
2022-05-20,si1s,1,2022-06-13,-0.019331919568894018,0,0.07159647424084344,15,2.0,1.5,garch,0.0642198946886447
2022-05-23,si1s,1,2022-06-14,-0.03540026617693881,0,0.0678890170777558,15,2.0,1.5,garch,0.06552197802197801
2022-05-24,si1s,1,2022-06-15,-0.029143815140558305,0,0.0678890170777558,15,2.0,1.5,garch,0.0672975462037962
2022-05-25,si1s,1,2022-06-16,0.0006858703882841599,1,0.0678890170777558,15,2.0,1.5,garch,0.0696412962037962
2022-05-26,si1s,1,2022-06-17,-0.01720919623218453,0,0.0678890170777558,15,2.0,1.5,garch,0.07267949064824064
2022-05-27,si1s,-1,2022-06-21,0.014844315376361328,1,0.0678890170777558,15,2.0,1.5,garch,0.07658574064824064
2022-05-31,si1s,1,2022-06-22,-0.012310955016553549,0,0.0678890170777558,15,2.0,1.5,garch,0.08160806207681208
2022-06-01,si1s,-1,2022-06-23,0.03983572922501122,1,0.0678890170777558,15,2.0,1.5,garch,0.08811847874347875
2022-06-02,si1s,-1,2022-06-24,0.05162738487232321,1,0.0678890170777558,15,2.0,1.5,garch,0.09671222874347873
2022-06-03,si1s,-1,2022-06-27,0.03446435192484054,1,0.0678890170777558,15,2.0,1.5,garch,0.10843097874347875
2022-06-06,si1s,-1,2022-06-28,0.056741754265744904,1,0.0678890170777558,15,2.0,1.5,garch,0.12535806207681208
2022-06-07,si1s,-1,2022-06-29,0.0664317562292055,1,0.0678890170777558,15,2.0,1.5,garch,0.15270181207681208
2022-06-08,si1s,-1,2022-06-30,0.08032512212339815,1,0.0678890170777558,15,2.0,1.5,garch,0.2112955620768121
2020-01-03,hg1s,1,2020-01-17,0.02099031205581081,1,0.03407673963705283,10,2.0,0.75,garch,0.2745343040797586
2020-01-06,hg1s,1,2020-01-21,0.0012544819142685792,1,0.03407673963705283,10,2.0,0.75,garch,0.19188967598058507
2020-01-07,hg1s,1,2020-01-22,-0.0102022552460449,0,0.03407673963705283,10,2.0,0.75,garch,0.1555260396169487
2020-01-08,hg1s,1,2020-01-23,-0.03058321378428852,0,0.03407673963705283,10,2.0,0.75,garch,0.14037452446543355
2020-01-09,hg1s,1,2020-01-23,-0.027123482260535847,0,0.03407673963705283,10,2.0,0.75,garch,0.12941197691197692
2020-01-10,hg1s,1,2020-01-23,-0.031100052154954594,0,0.03407673963705283,10,2.0,0.75,garch,0.12156886323552991
2020-01-13,hg1s,1,2020-01-22,-0.03355470015078765,0,0.03407673963705283,10,2.0,0.75,garch,0.1086837765409194
2020-01-14,hg1s,1,2020-01-21,-0.027840612126167064,0,0.03407673963705283,10,2.0,0.75,garch,0.1035858585858586
2020-01-15,hg1s,1,2020-01-22,-0.03524075404403337,0,0.03407673963705283,10,2.0,0.75,garch,0.09858585858585858
2020-01-16,hg1s,1,2020-01-22,-0.028802246464089354,0,0.03407673963705283,10,2.0,0.75,garch,0.09545454545454546
2020-01-17,hg1s,1,2020-01-22,-0.028290281534200545,0,0.03407673963705283,10,2.0,0.75,garch,0.09393939393939395
2020-01-21,hg1s,-1,2020-01-27,0.07052085131902797,1,0.03407673963705283,10,2.0,0.75,garch,0.16151515151515153
2020-01-22,hg1s,-1,2020-01-29,0.07631103061063027,1,0.03407673963705283,10,2.0,0.75,garch,0.18055555555555555
2020-01-23,hg1s,-1,2020-01-30,0.07410124799546325,1,0.033457735805296165,10,2.0,0.75,garch,0.19166666666666665
2020-01-24,hg1s,-1,2020-02-07,0.0488077499223567,1,0.033457735805296165,10,2.0,0.75,garch,0.16046176046176044
2020-01-27,hg1s,-1,2020-02-10,0.01771615867851184,1,0.033457735805296165,10,2.0,0.75,garch,0.14909812409812412
2020-01-28,hg1s,-1,2020-02-11,-0.001356850630511941,0,0.033457735805296165,10,2.0,0.75,garch,0.14227994227994228
2020-01-29,hg1s,-1,2020-02-12,-0.018010962295735178,0,0.033457735805296165,10,2.0,0.75,garch,0.13546176046176048
2020-01-30,hg1s,-1,2020-02-06,-0.02733755806011251,0,0.033457735805296165,10,2.0,0.75,garch,0.13723544973544974
2020-01-31,hg1s,-1,2020-02-06,-0.030194675129957327,0,0.033457735805296165,10,2.0,0.75,garch,0.13134920634920638
2020-02-03,hg1s,-1,2020-02-05,-0.026924609891188833,0,0.033457735805296165,10,2.0,0.75,garch,0.1263227513227513
2020-02-04,hg1s,-1,2020-02-13,-0.02793076383234383,0,0.033457735805296165,10,2.0,0.75,garch,0.12152777777777778
2020-02-05,hg1s,-1,2020-02-20,-0.005243738362559203,0,0.033457735805296165,10,2.0,0.75,garch,0.11584022038567493
2020-02-06,hg1s,-1,2020-02-21,-0.005784806779036034,0,0.033457735805296165,10,2.0,0.75,garch,0.11400367309458216
2020-02-07,hg1s,1,2020-02-24,0.009400705585950409,1,0.033457735805296165,10,2.0,0.75,garch,0.11216712580348943
2020-02-10,hg1s,1,2020-02-25,0.00980348099576367,1,0.033457735805296165,10,2.0,0.75,garch,0.10906795224977041
2020-02-11,hg1s,1,2020-02-26,-0.006184605260221576,0,0.033457735805296165,10,2.0,0.75,garch,0.10596877869605142
2020-02-12,hg1s,-1,2020-02-27,0.01344992631661146,1,0.033457735805296165,10,2.0,0.75,garch,0.1028696051423324
2020-02-13,hg1s,-1,2020-02-28,0.030382913248431787,1,0.033457735805296165,10,2.0,0.75,garch,0.09977043158861341
2020-02-14,hg1s,-1,2020-03-02,0.004242715715764178,1,0.033457735805296165,10,2.0,0.75,garch,0.09667125803489439
2020-02-18,hg1s,-1,2020-03-03,0.014390777597036108,1,0.033457735805296165,10,2.0,0.75,garch,0.09357208448117539
2020-02-19,hg1s,-1,2020-03-04,0.010171253177939099,1,0.033457735805296165,10,2.0,0.75,garch,0.09173553719008264
2020-02-20,hg1s,-1,2020-03-05,0.008297367360316166,1,0.033457735805296165,10,2.0,0.75,garch,0.09090909090909091
2020-02-21,hg1s,-1,2020-03-06,0.02068333394385935,1,0.033457735805296165,10,2.0,0.75,garch,0.09090909090909091
2020-02-24,hg1s,-1,2020-03-09,0.028256241814390126,1,0.03489496279836735,10,2.0,0.75,garch,0.09090909090909091
2020-02-25,hg1s,-1,2020-03-10,0.023431449512574143,1,0.03489496279836735,10,2.0,0.75,garch,0.09090909090909091
2020-02-26,hg1s,-1,2020-03-11,0.027783175262679705,1,0.03489496279836735,10,2.0,0.75,garch,0.09090909090909091
2020-02-27,hg1s,-1,2020-03-12,0.03849893022967077,1,0.03489496279836735,10,2.0,0.75,garch,0.09090909090909091
2020-02-28,hg1s,1,2020-03-12,-0.02657480362865483,0,0.03489496279836735,10,2.0,0.75,garch,0.09090909090909091
2020-03-02,hg1s,-1,2020-03-16,0.07803468042495787,1,0.03489496279836735,10,2.0,0.75,garch,0.09173553719008264
2020-03-03,hg1s,-1,2020-03-16,0.07015157310314768,1,0.03489496279836735,10,2.0,0.75,garch,0.09181818181818183
2020-03-04,hg1s,-1,2020-03-16,0.07482598634493898,1,0.03489496279836735,10,2.0,0.75,garch,0.09191919191919191
2020-03-05,hg1s,-1,2020-03-16,0.07015157310314768,1,0.03489496279836735,10,2.0,0.75,garch,0.09204545454545454
2020-03-06,hg1s,-1,2020-03-17,0.09646553271721015,1,0.03489496279836735,10,2.0,0.75,garch,0.10151515151515152
2020-03-09,hg1s,1,2020-03-16,-0.04700258865054052,0,0.03489496279836735,10,2.0,0.75,garch,0.09242424242424242
2020-03-10,hg1s,1,2020-03-16,-0.05116002293416799,0,0.03489496279836735,10,2.0,0.75,garch,0.09272727272727273
2020-03-11,hg1s,-1,2020-03-17,0.07533972745684525,1,0.03489496279836735,10,2.0,0.75,garch,0.10787878787878788
2020-03-12,hg1s,-1,2020-03-18,0.13003033219946247,1,0.03489496279836735,10,2.0,0.75,garch,0.1296969696969697
2020-03-13,hg1s,-1,2020-03-18,0.12702922012432716,1,0.03489496279836735,10,2.0,0.75,garch,0.1393939393939394
2020-03-16,hg1s,-1,2020-03-18,0.10094043760845894,1,0.03489496279836735,10,2.0,0.75,garch,0.15252525252525254
2020-03-17,hg1s,-1,2020-03-18,0.070239896116716,1,0.03489496279836735,10,2.0,0.75,garch,0.18333333333333335
2020-03-18,hg1s,-1,2020-03-31,-0.03579730015495852,0,0.03489496279836735,10,2.0,0.75,garch,0.2228968253968254
2020-03-19,hg1s,-1,2020-04-02,-0.015099518144202406,0,0.03489496279836735,10,2.0,0.75,garch,0.20364357864357865
2020-03-20,hg1s,-1,2020-04-03,-0.009670732546360972,0,0.03489496279836735,10,2.0,0.75,garch,0.16727994227994228
2020-03-23,hg1s,-1,2020-03-24,-0.03784813258054531,0,0.03489496279836735,10,2.0,0.75,garch,0.225
2020-03-24,hg1s,-1,2020-04-07,-0.042431191456560935,0,0.05700976274253255,10,2.0,0.75,garch,0.1316050111504657
2020-03-25,hg1s,-1,2020-04-08,-0.025408347074809434,0,0.05700976274253255,10,2.0,0.75,garch,0.12352420306965763
2020-03-26,hg1s,-1,2020-04-07,-0.043388426637952726,0,0.05700976274253255,10,2.0,0.75,garch,0.11640612473945808
2020-03-27,hg1s,-1,2020-04-07,-0.04627071739277011,0,0.05700976274253255,10,2.0,0.75,garch,0.110123556998557
2020-03-30,hg1s,1,2020-04-14,0.08072372800823469,1,0.05700976274253255,10,2.0,0.75,garch,0.10466023875114784
2020-03-31,hg1s,1,2020-04-15,0.030520649294637936,1,0.05700976274253255,10,2.0,0.75,garch,0.10238751147842057
2020-04-01,hg1s,1,2020-04-16,0.05357553444313368,1,0.05700976274253255,10,2.0,0.75,garch,0.10137741046831956
2020-04-02,hg1s,-1,2020-04-14,-0.05003380679411884,0,0.05700976274253255,10,2.0,0.75,garch,0.10050505050505051
2020-04-03,hg1s,1,2020-04-20,0.05815279304551013,1,0.05700976274253255,10,2.0,0.75,garch,0.09954086317722681
2020-04-06,hg1s,1,2020-04-21,0.005411499948461573,1,0.05700976274253255,10,2.0,0.75,garch,0.09871441689623507
2020-04-07,hg1s,-1,2020-04-22,-0.007700770364109433,0,0.05700976274253255,10,2.0,0.75,garch,0.09788797061524335
2020-04-08,hg1s,-1,2020-04-23,-0.023008848072564314,0,0.05700976274253255,10,2.0,0.75,garch,0.09788797061524335
2020-04-09,hg1s,-1,2020-04-24,-0.03429962290088384,0,0.05700976274253255,10,2.0,0.75,garch,0.0960514233241506
2020-04-13,hg1s,-1,2020-04-27,-0.01867614465546774,0,0.05700976274253255,10,2.0,0.75,garch,0.09421487603305785
2020-04-14,hg1s,-1,2020-04-28,-0.007083892692510085,0,0.05700976274253255,10,2.0,0.75,garch,0.09338842975206613
2020-04-15,hg1s,-1,2020-04-29,-0.03266867254364425,0,0.05700976274253255,10,2.0,0.75,garch,0.09338842975206613
2020-04-16,hg1s,-1,2020-04-30,-0.023352949743350226,0,0.05700976274253255,10,2.0,0.75,garch,0.09256198347107439
2020-04-17,hg1s,-1,2020-05-01,0.013651200888848747,1,0.05700976274253255,10,2.0,0.75,garch,0.09173553719008264
2020-04-20,hg1s,-1,2020-05-04,0.003019455051068598,1,0.05700976274253255,10,2.0,0.75,garch,0.09090909090909091
2020-04-21,hg1s,1,2020-05-05,0.04642258091855456,1,0.05700976274253255,10,2.0,0.75,garch,0.09090909090909091
2020-04-22,hg1s,-1,2020-05-06,-0.025110153486725073,0,0.05700976274253255,10,2.0,0.75,garch,0.09090909090909091
2020-04-23,hg1s,-1,2020-05-07,-0.029848366222922973,0,0.05462134466551519,10,2.0,0.75,garch,0.09090909090909091
2020-04-24,hg1s,-1,2020-05-08,-0.029745346183701837,0,0.05462134466551519,10,2.0,0.75,garch,0.09090909090909091
2020-04-27,hg1s,-1,2020-05-11,-0.014925371327098258,0,0.05462134466551519,10,2.0,0.75,garch,0.09090909090909091
2020-04-28,hg1s,-1,2020-05-12,-0.005755703038092808,0,0.05462134466551519,10,2.0,0.75,garch,0.09090909090909091
2020-04-29,hg1s,-1,2020-05-13,0.01033537315077293,1,0.05462134466551519,10,2.0,0.75,garch,0.09090909090909091
2020-04-30,hg1s,-1,2020-05-14,-0.0008532397733378438,0,0.05462134466551519,10,2.0,0.75,garch,0.09090909090909091
2020-05-01,hg1s,-1,2020-05-15,-0.008001731514602373,0,0.05462134466551519,10,2.0,0.75,garch,0.09090909090909091
2020-05-04,hg1s,-1,2020-05-18,-0.039567568713051005,0,0.05462134466551519,10,2.0,0.75,garch,0.09090909090909091
2020-05-05,hg1s,-1,2020-05-19,-0.03665594650843218,0,0.05462134466551519,10,2.0,0.75,garch,0.09090909090909091
2020-05-06,hg1s,-1,2020-05-20,-0.0481465686840572,0,0.05462134466551519,10,2.0,0.75,garch,0.09090909090909091
2020-05-07,hg1s,-1,2020-05-21,-0.021634109040427285,0,0.05462134466551519,10,2.0,0.75,garch,0.09400826446280992
2020-05-08,hg1s,-1,2020-05-22,0.008104738258484234,1,0.05462134466551519,10,2.0,0.75,garch,0.09710743801652894
2020-05-11,hg1s,-1,2020-05-26,-0.016176471465468856,0,0.05462134466551519,10,2.0,0.75,garch,0.10020661157024793
2020-05-12,hg1s,-1,2020-05-20,-0.04281475168491,0,0.05462134466551519,10,2.0,0.75,garch,0.09090909090909093
2020-05-13,hg1s,-1,2020-05-20,-0.0485933513760024,0,0.05462134466551519,10,2.0,0.75,garch,0.09090909090909093
2020-05-14,hg1s,-1,2020-05-20,-0.0485933513760024,0,0.05462134466551519,10,2.0,0.75,garch,0.09090909090909091
2020-05-15,hg1s,1,2020-06-01,0.06007294557372722,1,0.05462134466551519,10,2.0,0.75,garch,0.10596877869605142
2020-05-18,hg1s,-1,2020-06-02,-0.03618968355821717,0,0.05462134466551519,10,2.0,0.75,garch,0.10780532598714418
2020-05-19,hg1s,-1,2020-06-03,-0.028742763187933562,0,0.05462134466551519,10,2.0,0.75,garch,0.10964187327823692
2020-05-20,hg1s,-1,2020-06-04,-0.011991871477419647,0,0.05462134466551519,10,2.0,0.75,garch,0.11147842056932968
2020-05-21,hg1s,-1,2020-06-05,-0.05078124955734786,0,0.05462134466551519,10,2.0,0.75,garch,0.1133149678604224
2020-05-22,hg1s,-1,2020-06-01,-0.03519798860278045,0,0.043322698942993246,10,2.0,0.75,garch,0.11283670033670035
2020-05-26,hg1s,-1,2020-06-05,-0.05664668202532597,0,0.043322698942993246,10,2.0,0.75,garch,0.11071829405162739
2020-05-27,hg1s,-1,2020-06-01,-0.037153653733082326,0,0.043322698942993246,10,2.0,0.75,garch,0.10675505050505052
2020-05-28,hg1s,-1,2020-06-05,-0.05883571674685184,0,0.043322698942993246,10,2.0,0.75,garch,0.10663780663780664
2020-05-29,hg1s,-1,2020-06-05,-0.05359719484031489,0,0.043322698942993246,10,2.0,0.75,garch,0.10589225589225588
2020-06-01,hg1s,-1,2020-06-05,-0.03440598940393835,0,0.043322698942993246,10,2.0,0.75,garch,0.10707070707070707
2020-06-02,hg1s,-1,2020-06-09,-0.04335608327972684,0,0.043322698942993246,10,2.0,0.75,garch,0.13518518518518516
2020-06-03,hg1s,-1,2020-06-09,-0.04482412111116396,0,0.043322698942993246,10,2.0,0.75,garch,0.13999999999999999
2020-06-04,hg1s,-1,2020-06-09,-0.043984735399578145,0,0.043322698942993246,10,2.0,0.75,garch,0.14722222222222223
2020-06-05,hg1s,-1,2020-06-10,-0.03952259804241409,0,0.043322698942993246,10,2.0,0.75,garch,0.18194444444444444
2020-06-08,hg1s,-1,2020-06-10,-0.035470666771467485,0,0.043322698942993246,10,2.0,0.75,garch,0.20555555555555557
2020-06-09,hg1s,-1,2020-06-23,-0.022893419685249716,0,0.043322698942993246,10,2.0,0.75,garch,0.17604945559491014
2020-06-10,hg1s,-1,2020-06-24,0.0022586105033867154,1,0.043322698942993246,10,2.0,0.75,garch,0.16916240325331233
2020-06-11,hg1s,1,2020-06-25,0.032648756049003635,1,0.043322698942993246,10,2.0,0.75,garch,0.15469959333595693
2020-06-12,hg1s,1,2020-06-26,0.02767052783381585,1,0.043322698942993246,10,2.0,0.75,garch,0.132661025842844
2020-06-15,hg1s,1,2020-06-29,0.04612692155558462,1,0.043322698942993246,10,2.0,0.75,garch,0.11819821592548863
2020-06-16,hg1s,1,2020-06-30,0.06114758802918252,1,0.043322698942993246,10,2.0,0.75,garch,0.10828086055358782
2020-06-17,hg1s,1,2020-07-01,0.053021239519486674,1,0.043322698942993246,10,2.0,0.75,garch,0.10222025449298178
2020-06-18,hg1s,1,2020-07-02,0.05921959164121238,1,0.043322698942993246,10,2.0,0.75,garch,0.09832415059687788
2020-06-19,hg1s,-1,2020-06-30,-0.04224932443442375,0,0.043322698942993246,10,2.0,0.75,garch,0.09457070707070707
2020-06-22,hg1s,-1,2020-07-02,-0.03346288543990239,0,0.043322698942993246,10,2.0,0.75,garch,0.09393939393939393
2020-06-23,hg1s,-1,2020-07-02,-0.031130451334488107,0,0.04129819436093202,10,2.0,0.75,garch,0.09318181818181819
2020-06-24,hg1s,-1,2020-07-02,-0.03424271122154421,0,0.04129819436093202,10,2.0,0.75,garch,0.09350649350649351
2020-06-25,hg1s,-1,2020-07-06,-0.03603435200892813,0,0.04129819436093202,10,2.0,0.75,garch,0.10092764378478665
2020-06-26,hg1s,-1,2020-07-06,-0.03564762756355244,0,0.04129819436093202,10,2.0,0.75,garch,0.10259740259740258
2020-06-29,hg1s,-1,2020-07-07,-0.03881151594428833,0,0.04129819436093202,10,2.0,0.75,garch,0.11522366522366521
2020-06-30,hg1s,-1,2020-07-08,-0.03500091414491391,0,0.04129819436093202,10,2.0,0.75,garch,0.12784992784992785
2020-07-01,hg1s,-1,2020-07-08,-0.03291879889234517,0,0.04129819436093202,10,2.0,0.75,garch,0.1352380952380952
2020-07-02,hg1s,-1,2020-07-09,-0.03274513229328346,0,0.04129819436093202,10,2.0,0.75,garch,0.15523809523809523
2020-07-06,hg1s,-1,2020-07-10,-0.044332312818487374,0,0.04129819436093202,10,2.0,0.75,garch,0.17523809523809525
2020-07-07,hg1s,-1,2020-07-10,-0.03593135372494394,0,0.04129819436093202,10,2.0,0.75,garch,0.18333333333333335
2020-07-08,hg1s,-1,2020-07-13,-0.04638810386136183,0,0.04129819436093202,10,2.0,0.75,garch,0.20416666666666666
2020-07-09,hg1s,-1,2020-07-13,-0.041042805447454755,0,0.04129819436093202,10,2.0,0.75,garch,0.21666666666666667
2020-07-10,hg1s,-1,2020-07-24,0.0017256262698223113,1,0.04129819436093202,10,2.0,0.75,garch,0.17907975862521316
2020-07-13,hg1s,-1,2020-07-27,0.019458545970781782,1,0.04129819436093202,10,2.0,0.75,garch,0.16916240325331233
2020-07-14,hg1s,-1,2020-07-28,0.005115088827613579,1,0.04129819436093202,10,2.0,0.75,garch,0.15469959333595693
2020-07-15,hg1s,-1,2020-07-29,-0.011785094509772831,0,0.04129819436093202,10,2.0,0.75,garch,0.132661025842844
2020-07-16,hg1s,-1,2020-07-30,-0.00430811686991861,0,0.04129819436093202,10,2.0,0.75,garch,0.11819821592548863
2020-07-17,hg1s,-1,2020-07-31,0.012566707817349254,1,0.04129819436093202,10,2.0,0.75,garch,0.10828086055358782
2020-07-20,hg1s,-1,2020-08-03,0.001200479264623855,1,0.04129819436093202,10,2.0,0.75,garch,0.10139380821199002
2020-07-21,hg1s,-1,2020-08-04,0.02146720678030767,1,0.04129819436093202,10,2.0,0.75,garch,0.09667125803489439
2020-07-22,hg1s,-1,2020-08-05,0.0025645405986370884,1,0.04129819436093202,10,2.0,0.75,garch,0.09357208448117539
2020-07-23,hg1s,-1,2020-08-06,0.009528672273265815,1,0.037733657169535646,10,2.0,0.75,garch,0.09173553719008264
2020-07-24,hg1s,-1,2020-08-07,0.03457216959128162,1,0.037733657169535646,10,2.0,0.75,garch,0.09090909090909091
2020-07-27,hg1s,-1,2020-08-10,0.012424503363034356,1,0.037733657169535646,10,2.0,0.75,garch,0.09090909090909091
2020-07-28,hg1s,-1,2020-08-11,0.014395887243602967,1,0.037733657169535646,10,2.0,0.75,garch,0.09090909090909091
2020-07-29,hg1s,-1,2020-08-12,0.009592324474362313,1,0.037733657169535646,10,2.0,0.75,garch,0.09090909090909091
2020-07-30,hg1s,-1,2020-08-13,0.036719287347413365,1,0.037733657169535646,10,2.0,0.75,garch,0.09090909090909091
2020-07-31,hg1s,-1,2020-08-14,0.0031380766422718365,1,0.037733657169535646,10,2.0,0.75,garch,0.09173553719008266
2020-08-03,hg1s,-1,2020-08-17,0.003605769317171159,1,0.037733657169535646,10,2.0,0.75,garch,0.09256198347107439
2020-08-04,hg1s,-1,2020-08-18,-0.027811368046067653,0,0.037733657169535646,10,2.0,0.75,garch,0.09338842975206613
2020-08-05,hg1s,-1,2020-08-19,-0.036338702258688294,0,0.037733657169535646,10,2.0,0.75,garch,0.09421487603305785
2020-08-06,hg1s,-1,2020-08-19,-0.03865315295855831,0,0.037733657169535646,10,2.0,0.75,garch,0.09454545454545454
2020-08-07,hg1s,1,2020-08-19,0.08254252515854921,1,0.037733657169535646,10,2.0,0.75,garch,0.09494949494949495
2020-08-10,hg1s,1,2020-08-24,0.022715359903676013,1,0.037733657169535646,10,2.0,0.75,garch,0.1051357733175915
2020-08-11,hg1s,1,2020-08-25,0.02034428928969345,1,0.037733657169535646,10,2.0,0.75,garch,0.10823494687131051
2020-08-12,hg1s,1,2020-08-13,-0.02905569077393222,0,0.037733657169535646,10,2.0,0.75,garch,0.09090909090909091
2020-08-13,hg1s,1,2020-08-19,0.07695048072265132,1,0.037733657169535646,10,2.0,0.75,garch,0.09818181818181818
2020-08-14,hg1s,1,2020-08-28,0.04916553120666767,1,0.037733657169535646,10,2.0,0.75,garch,0.113997113997114
2020-08-17,hg1s,1,2020-08-31,0.048177477110276534,1,0.037733657169535646,10,2.0,0.75,garch,0.11399711399711401
2020-08-18,hg1s,1,2020-09-01,0.011262125921073896,1,0.037733657169535646,10,2.0,0.75,garch,0.11399711399711401
2020-08-19,hg1s,1,2020-08-21,-0.03489910640311367,0,0.037733657169535646,10,2.0,0.75,garch,0.12261904761904763
2020-08-20,hg1s,1,2020-09-03,-0.00643535134010742,0,0.037733657169535646,10,2.0,0.75,garch,0.11317066771612226
2020-08-21,hg1s,1,2020-09-04,0.04259936536409037,1,0.04608629603439776,10,2.0,0.75,garch,0.10844811753902661
2020-08-24,hg1s,1,2020-09-08,0.02683339444487931,1,0.04608629603439776,10,2.0,0.75,garch,0.10534894398530761
2020-08-25,hg1s,1,2020-09-09,0.03318097069261139,1,0.04608629603439776,10,2.0,0.75,garch,0.10224977043158862
2020-08-26,hg1s,1,2020-09-10,0.005701828810362519,1,0.04608629603439776,10,2.0,0.75,garch,0.0991505968778696
2020-08-27,hg1s,1,2020-09-11,0.016385222204570393,1,0.04608629603439776,10,2.0,0.75,garch,0.09605142332415059
2020-08-28,hg1s,1,2020-09-14,0.01606225929211136,1,0.04608629603439776,10,2.0,0.75,garch,0.09421487603305785
2020-08-31,hg1s,1,2020-09-15,0.000489954034317952,1,0.04608629603439776,10,2.0,0.75,garch,0.09338842975206613
2020-09-01,hg1s,1,2020-09-16,0.0107313831904996,1,0.04608629603439776,10,2.0,0.75,garch,0.09256198347107439
2020-09-02,hg1s,1,2020-09-17,0.016719086648659953,1,0.04608629603439776,10,2.0,0.75,garch,0.09173553719008264
2020-09-03,hg1s,1,2020-09-18,0.047394958567941625,1,0.04608629603439776,10,2.0,0.75,garch,0.09090909090909091
2020-09-04,hg1s,1,2020-09-21,-0.009797519120040121,0,0.04608629603439776,10,2.0,0.75,garch,0.09090909090909091
2020-09-08,hg1s,1,2020-09-22,0.01190082563199657,1,0.04608629603439776,10,2.0,0.75,garch,0.09090909090909091
2020-09-09,hg1s,1,2020-09-23,-0.019170898245497447,0,0.04608629603439776,10,2.0,0.75,garch,0.09090909090909091
2020-09-10,hg1s,1,2020-09-24,-0.010171753096525737,0,0.04608629603439776,10,2.0,0.75,garch,0.09173553719008266
2020-09-11,hg1s,1,2020-09-25,-0.022536601385966804,0,0.04608629603439776,10,2.0,0.75,garch,0.09256198347107439
2020-09-14,hg1s,-1,2020-09-28,0.025423728021940484,1,0.04608629603439776,10,2.0,0.75,garch,0.09338842975206613
2020-09-15,hg1s,-1,2020-09-29,0.02383284352842474,1,0.04608629603439776,10,2.0,0.75,garch,0.09421487603305785
2020-09-16,hg1s,-1,2020-09-30,0.00931068307172489,1,0.04608629603439776,10,2.0,0.75,garch,0.09504132231404959
2020-09-17,hg1s,-1,2020-10-01,0.06691631386672825,1,0.04608629603439776,10,2.0,0.75,garch,0.09586776859504133
2020-09-18,hg1s,1,2020-09-23,-0.039473682430880785,0,0.04608629603439776,10,2.0,0.75,garch,0.09090909090909091
2020-09-21,hg1s,1,2020-10-01,-0.05491424706937875,0,0.04608629603439776,10,2.0,0.75,garch,0.09696969696969697
2020-09-22,hg1s,1,2020-10-01,-0.06386801572892675,0,0.04269841760305223,10,2.0,0.75,garch,0.09772727272727273
2020-09-23,hg1s,1,2020-10-01,-0.04259939937911583,0,0.04269841760305223,10,2.0,0.75,garch,0.09870129870129869
2020-09-24,hg1s,1,2020-10-01,-0.03453503935049751,0,0.04269841760305223,10,2.0,0.75,garch,0.09999999999999999
2020-09-25,hg1s,1,2020-10-01,-0.035509929995202416,0,0.04269841760305223,10,2.0,0.75,garch,0.1
2020-09-28,hg1s,1,2020-10-01,-0.04163879503578072,0,0.04269841760305223,10,2.0,0.75,garch,0.1
2020-09-29,hg1s,1,2020-10-01,-0.04163879503578072,0,0.04269841760305223,10,2.0,0.75,garch,0.10000000000000002
2020-09-30,hg1s,-1,2020-10-14,-0.005935698999864458,0,0.04269841760305223,10,2.0,0.75,garch,0.15945165945165946
2020-10-01,hg1s,1,2020-10-15,0.07677543016237576,1,0.04269841760305223,10,2.0,0.75,garch,0.15945165945165948
2020-10-02,hg1s,-1,2020-10-09,-0.03526448210836475,0,0.04269841760305223,10,2.0,0.75,garch,0.20297619047619045
2020-10-05,hg1s,1,2020-10-19,0.041511982045923324,1,0.04269841760305223,10,2.0,0.75,garch,0.13741309195854653
2020-10-06,hg1s,1,2020-10-20,0.06225746729267945,1,0.04269841760305223,10,2.0,0.75,garch,0.12295028204119113
2020-10-07,hg1s,-1,2020-10-20,-0.03791625436945045,0,0.04269841760305223,10,2.0,0.75,garch,0.11524531024531023
2020-10-08,hg1s,-1,2020-10-20,-0.03484549643314483,0,0.04269841760305223,10,2.0,0.75,garch,0.10953182619849286
2020-10-09,hg1s,-1,2020-10-21,-0.03763179375352732,0,0.04269841760305223,10,2.0,0.75,garch,0.10754769921436588
2020-10-12,hg1s,-1,2020-10-21,-0.04389686715721841,0,0.04269841760305223,10,2.0,0.75,garch,0.10536616161616162
2020-10-13,hg1s,-1,2020-10-20,-0.033995730430968596,0,0.04269841760305223,10,2.0,0.75,garch,0.09882154882154882
2020-10-14,hg1s,-1,2020-10-21,-0.04851663661287198,0,0.04269841760305223,10,2.0,0.75,garch,0.10113636363636365
2020-10-15,hg1s,-1,2020-10-21,-0.03662291601698198,0,0.04269841760305223,10,2.0,0.75,garch,0.10136363636363636
2020-10-16,hg1s,-1,2020-10-21,-0.042705788461509187,0,0.04269841760305223,10,2.0,0.75,garch,0.10170454545454546
2020-10-19,hg1s,1,2020-11-02,-0.002916396427258272,0,0.04269841760305223,10,2.0,0.75,garch,0.13885937295028206
2020-10-20,hg1s,1,2020-11-03,-0.017630241093533727,0,0.04269841760305223,10,2.0,0.75,garch,0.1396858192312738
2020-10-21,hg1s,1,2020-10-28,-0.042050961678580356,0,0.0459457821597059,10,2.0,0.75,garch,0.16825396825396824
2020-10-22,hg1s,1,2020-11-05,-0.013794197767834304,0,0.0459457821597059,10,2.0,0.75,garch,0.13741309195854653
2020-10-23,hg1s,1,2020-11-06,0.0079897722458806,1,0.0459457821597059,10,2.0,0.75,garch,0.12295028204119113
2020-10-26,hg1s,1,2020-11-09,0.021524518281479166,1,0.0459457821597059,10,2.0,0.75,garch,0.1130329266692903
2020-10-27,hg1s,1,2020-11-10,0.020042023437562007,1,0.0459457821597059,10,2.0,0.75,garch,0.1061458743276925
2020-10-28,hg1s,1,2020-11-11,0.02284595111176846,1,0.0459457821597059,10,2.0,0.75,garch,0.10142332415059686
2020-10-29,hg1s,1,2020-11-12,0.02895468661093692,1,0.0459457821597059,10,2.0,0.75,garch,0.09832415059687788
2020-10-30,hg1s,1,2020-11-13,0.04282198509130741,1,0.0459457821597059,10,2.0,0.75,garch,0.09522497704315885
2020-11-02,hg1s,-1,2020-11-16,-0.04712382014172678,0,0.0459457821597059,10,2.0,0.75,garch,0.09338842975206613
2020-11-03,hg1s,-1,2020-11-16,-0.04187550354920977,0,0.0459457821597059,10,2.0,0.75,garch,0.09272727272727274
2020-11-04,hg1s,-1,2020-11-16,-0.0370131958989941,0,0.0459457821597059,10,2.0,0.75,garch,0.09191919191919191
2020-11-05,hg1s,-1,2020-11-16,-0.036012862630465214,0,0.0459457821597059,10,2.0,0.75,garch,0.09090909090909091
2020-11-06,hg1s,-1,2020-11-20,-0.04343690555832325,0,0.0459457821597059,10,2.0,0.75,garch,0.09667125803489439
2020-11-09,hg1s,-1,2020-11-20,-0.04277566517582865,0,0.0459457821597059,10,2.0,0.75,garch,0.09724747474747475
2020-11-10,hg1s,-1,2020-11-20,-0.04294089599305839,0,0.0459457821597059,10,2.0,0.75,garch,0.09795173961840628
2020-11-11,hg1s,1,2020-11-25,0.05621559778545615,1,0.0459457821597059,10,2.0,0.75,garch,0.1024334251606979
2020-11-12,hg1s,1,2020-11-27,0.08001554028763347,1,0.0459457821597059,10,2.0,0.75,garch,0.10325987144168965
2020-11-13,hg1s,-1,2020-11-20,-0.03555695371197243,0,0.0459457821597059,10,2.0,0.75,garch,0.10147306397306398
2020-11-16,hg1s,1,2020-12-01,0.07502701338501128,1,0.0459457821597059,10,2.0,0.75,garch,0.10819559228650139
2020-11-17,hg1s,1,2020-12-02,0.08433790797557483,1,0.0459457821597059,10,2.0,0.75,garch,0.1112947658402204
2020-11-18,hg1s,1,2020-12-03,0.08480408960358177,1,0.0459457821597059,10,2.0,0.75,garch,0.1112947658402204
2020-11-19,hg1s,1,2020-12-01,0.08174173537416007,1,0.036236986743117414,10,2.0,0.75,garch,0.10789141414141415
2020-11-20,hg1s,-1,2020-11-27,-0.032102362420129094,0,0.036236986743117414,10,2.0,0.75,garch,0.10540404040404039
2020-11-23,hg1s,-1,2020-11-27,-0.04255643810112142,0,0.036236986743117414,10,2.0,0.75,garch,0.10902777777777778
2020-11-24,hg1s,1,2020-12-09,0.058283131851503356,1,0.036236986743117414,10,2.0,0.75,garch,0.11439393939393941
2020-11-25,hg1s,1,2020-12-10,0.07371265638854085,1,0.036236986743117414,10,2.0,0.75,garch,0.1133838383838384
2020-11-27,hg1s,-1,2020-12-04,-0.03130943711522449,0,0.036236986743117414,10,2.0,0.75,garch,0.11851851851851852
2020-11-30,hg1s,-1,2020-12-10,-0.04013961701585855,0,0.036236986743117414,10,2.0,0.75,garch,0.11635802469135803
2020-12-01,hg1s,-1,2020-12-15,-0.017073170589259057,0,0.036236986743117414,10,2.0,0.75,garch,0.1112947658402204
2020-12-02,hg1s,-1,2020-12-16,-0.020063056742804175,0,0.036236986743117414,10,2.0,0.75,garch,0.10945821854912764
2020-12-03,hg1s,-1,2020-12-17,-0.031800603435146346,0,0.036236986743117414,10,2.0,0.75,garch,0.10635904499540862
2020-12-04,hg1s,-1,2020-12-18,-0.030642643257449365,0,0.036236986743117414,10,2.0,0.75,garch,0.10408631772268138
2020-12-07,hg1s,-1,2020-12-18,-0.03298734465787834,0,0.036236986743117414,10,2.0,0.75,garch,0.1019949494949495
2020-12-08,hg1s,-1,2020-12-17,-0.029294086197003466,0,0.036236986743117414,10,2.0,0.75,garch,0.09936868686868687
2020-12-09,hg1s,-1,2020-12-18,-0.03386936077563352,0,0.036236986743117414,10,2.0,0.75,garch,0.09797979797979797
2020-12-10,hg1s,-1,2020-12-24,0.003775167356483089,1,0.036236986743117414,10,2.0,0.75,garch,0.11177030040666405
2020-12-11,hg1s,-1,2020-12-18,-0.029620180617564662,0,0.036236986743117414,10,2.0,0.75,garch,0.0973063973063973
2020-12-14,hg1s,-1,2020-12-18,-0.030058130728368493,0,0.036236986743117414,10,2.0,0.75,garch,0.09454545454545456
2020-12-15,hg1s,-1,2020-12-30,-0.0012695732303229512,0,0.036236986743117414,10,2.0,0.75,garch,0.11094385412567233
2020-12-16,hg1s,-1,2020-12-31,0.011239111531660906,1,0.036236986743117414,10,2.0,0.75,garch,0.1109438541256723
2020-12-17,hg1s,-1,2021-01-04,0.01305011921106991,1,0.036236986743117414,10,2.0,0.75,garch,0.11094385412567229
2020-12-18,hg1s,-1,2021-01-05,-0.0019270492589682497,0,0.036236986743117414,10,2.0,0.75,garch,0.11094385412567229
2020-12-21,hg1s,-1,2021-01-06,-0.02040531040546001,0,0.036786893881961935,10,2.0,0.75,garch,0.11011740784468055
2020-12-22,hg1s,1,2021-01-07,0.050000000843252845,1,0.036786893881961935,10,2.0,0.75,garch,0.10323035550308277
2020-12-23,hg1s,1,2021-01-08,0.033042744162969484,1,0.036786893881961935,10,2.0,0.75,garch,0.09850780532598714
2020-12-24,hg1s,1,2021-01-11,0.0005614030039280404,1,0.036786893881961935,10,2.0,0.75,garch,0.09540863177226813
2020-12-28,hg1s,1,2021-01-12,0.009661159560581556,1,0.036786893881961935,10,2.0,0.75,garch,0.09357208448117539
2020-12-29,hg1s,1,2021-01-13,0.017297144611124304,1,0.036786893881961935,10,2.0,0.75,garch,0.09173553719008264
2020-12-30,hg1s,1,2021-01-14,0.03254437869115523,1,0.036786893881961935,10,2.0,0.75,garch,0.09090909090909091
2020-12-31,hg1s,1,2021-01-15,0.02358624534684095,1,0.036786893881961935,10,2.0,0.75,garch,0.09090909090909091
2021-01-04,hg1s,1,2021-01-19,0.022225348452288296,1,0.036786893881961935,10,2.0,0.75,garch,0.09090909090909091
2021-01-05,hg1s,-1,2021-01-20,-0.0005495255392033993,0,0.036786893881961935,10,2.0,0.75,garch,0.09090909090909091
2021-01-06,hg1s,-1,2021-01-21,0.0008218056553634945,1,0.036786893881961935,10,2.0,0.75,garch,0.09090909090909091
2021-01-07,hg1s,-1,2021-01-22,0.018939395260507363,1,0.036786893881961935,10,2.0,0.75,garch,0.09090909090909091
2021-01-08,hg1s,-1,2021-01-25,0.011977678743389841,1,0.036786893881961935,10,2.0,0.75,garch,0.09090909090909091
2021-01-11,hg1s,1,2021-01-26,0.015429933290152631,1,0.036786893881961935,10,2.0,0.75,garch,0.09090909090909091
2021-01-12,hg1s,-1,2021-01-27,0.013312993827799935,1,0.036786893881961935,10,2.0,0.75,garch,0.09090909090909091
2021-01-13,hg1s,-1,2021-01-28,0.010782417222831131,1,0.036786893881961935,10,2.0,0.75,garch,0.09090909090909091
2021-01-14,hg1s,-1,2021-01-29,0.029608405521381886,1,0.036786893881961935,10,2.0,0.75,garch,0.09090909090909091
2021-01-15,hg1s,1,2021-02-01,-0.015546918522481357,0,0.036786893881961935,10,2.0,0.75,garch,0.09090909090909091
2021-01-19,hg1s,1,2021-02-02,-0.029998623783364375,0,0.036786893881961935,10,2.0,0.75,garch,0.09173553719008266
2021-01-20,hg1s,1,2021-02-02,-0.032129617125557286,0,0.036786893881961935,10,2.0,0.75,garch,0.09181818181818183
2021-01-21,hg1s,1,2021-02-01,-0.027827277799636674,0,0.036786893881961935,10,2.0,0.75,garch,0.09090909090909091
2021-01-22,hg1s,1,2021-02-05,0.0,0,0.038805525473322666,10,2.0,0.75,garch,0.09439853076216713
2021-01-25,hg1s,1,2021-02-08,0.010056483678795969,1,0.038805525473322666,10,2.0,0.75,garch,0.09439853076216713
2021-01-26,hg1s,1,2021-02-09,0.027766266313254295,1,0.038805525473322666,10,2.0,0.75,garch,0.09439853076216713
2021-01-27,hg1s,1,2021-02-10,0.060435698513323866,1,0.038805525473322666,10,2.0,0.75,garch,0.09439853076216713
2021-01-28,hg1s,1,2021-02-11,0.054080493680872976,1,0.038805525473322666,10,2.0,0.75,garch,0.09522497704315888
2021-01-29,hg1s,1,2021-02-12,0.06524184573248593,1,0.038805525473322666,10,2.0,0.75,garch,0.0960514233241506
2021-02-01,hg1s,1,2021-02-16,0.0812182728248092,1,0.038805525473322666,10,2.0,0.75,garch,0.09788797061524335
2021-02-02,hg1s,1,2021-02-16,0.08781387293582066,1,0.038805525473322666,10,2.0,0.75,garch,0.09858585858585858
2021-02-03,hg1s,1,2021-02-18,0.09409619887829179,1,0.038805525473322666,10,2.0,0.75,garch,0.10488324806506624
2021-02-04,hg1s,1,2021-02-16,0.0790880939075882,1,0.038805525473322666,10,2.0,0.75,garch,0.09684343434343434
2021-02-05,hg1s,-1,2021-02-10,-0.04040264809603378,0,0.038805525473322666,10,2.0,0.75,garch,0.09090909090909091
2021-02-08,hg1s,-1,2021-02-12,-0.033278778085834126,0,0.038805525473322666,10,2.0,0.75,garch,0.09454545454545453
2021-02-09,hg1s,1,2021-02-19,0.09516129147716956,1,0.038805525473322666,10,2.0,0.75,garch,0.11072330447330447
2021-02-10,hg1s,1,2021-02-19,0.07992047781560996,1,0.038805525473322666,10,2.0,0.75,garch,0.11355390641104926
2021-02-11,hg1s,1,2021-02-19,0.08020681347161496,1,0.038805525473322666,10,2.0,0.75,garch,0.11732804232804232
2021-02-12,hg1s,1,2021-02-22,0.09318901579769778,1,0.038805525473322666,10,2.0,0.75,garch,0.15621693121693123
2021-02-16,hg1s,-1,2021-02-19,-0.06259781037132828,0,0.038805525473322666,10,2.0,0.75,garch,0.1259920634920635
2021-02-17,hg1s,-1,2021-02-19,-0.0663525725270715,0,0.038805525473322666,10,2.0,0.75,garch,0.13095238095238096
2021-02-18,hg1s,-1,2021-02-19,-0.044347603531436075,0,0.038805525473322666,10,2.0,0.75,garch,0.125
2021-02-19,hg1s,-1,2021-02-24,-0.05441854076333352,0,0.038805525473322666,10,2.0,0.75,garch,0.26041666666666663
2021-02-22,hg1s,-1,2021-02-24,-0.03735840144615077,0,0.038805525473322666,10,2.0,0.75,garch,0.3055555555555555
2021-02-23,hg1s,-1,2021-03-09,0.04274626864193687,1,0.04486568272356218,10,2.0,0.75,garch,0.19120097074642528
2021-02-24,hg1s,-1,2021-03-10,0.06308085639536687,1,0.04486568272356218,10,2.0,0.75,garch,0.16916240325331233
2021-02-25,hg1s,-1,2021-03-11,0.02920136015023278,1,0.04486568272356218,10,2.0,0.75,garch,0.15469959333595693
2021-02-26,hg1s,1,2021-03-12,0.011606597056367907,1,0.04486568272356218,10,2.0,0.75,garch,0.132661025842844
2021-03-01,hg1s,-1,2021-03-15,-0.006686116639142536,0,0.04486568272356218,10,2.0,0.75,garch,0.11819821592548863
2021-03-02,hg1s,-1,2021-03-16,0.035646611970958864,1,0.04486568272356218,10,2.0,0.75,garch,0.10828086055358782
2021-03-03,hg1s,-1,2021-03-17,0.005552873709029016,1,0.04486568272356218,10,2.0,0.75,garch,0.10139380821199002
2021-03-04,hg1s,1,2021-03-18,0.03254995526577731,1,0.04486568272356218,10,2.0,0.75,garch,0.09667125803489439
2021-03-05,hg1s,1,2021-03-19,0.00920132556555231,1,0.04486568272356218,10,2.0,0.75,garch,0.09357208448117539
2021-03-08,hg1s,1,2021-03-22,0.011360860128645456,1,0.04486568272356218,10,2.0,0.75,garch,0.09173553719008264
2021-03-09,hg1s,1,2021-03-23,0.017712362386527847,1,0.04486568272356218,10,2.0,0.75,garch,0.09090909090909091
2021-03-10,hg1s,1,2021-03-24,0.007811532898741591,1,0.04486568272356218,10,2.0,0.75,garch,0.09090909090909091
2021-03-11,hg1s,-1,2021-03-25,0.03889828543415741,1,0.04486568272356218,10,2.0,0.75,garch,0.09090909090909091
2021-03-12,hg1s,-1,2021-03-26,0.01739130290219504,1,0.04486568272356218,10,2.0,0.75,garch,0.09090909090909091
2021-03-15,hg1s,-1,2021-03-29,0.025600772700863472,1,0.04486568272356218,10,2.0,0.75,garch,0.09090909090909091
2021-03-16,hg1s,1,2021-03-30,-0.022841704790352302,0,0.04486568272356218,10,2.0,0.75,garch,0.09090909090909091
2021-03-17,hg1s,-1,2021-03-31,0.029983005846312527,1,0.04486568272356218,10,2.0,0.75,garch,0.09090909090909091
2021-03-18,hg1s,-1,2021-04-01,0.028602725583428135,1,0.04486568272356218,10,2.0,0.75,garch,0.09090909090909091
2021-03-19,hg1s,-1,2021-04-05,-0.005956721495697925,0,0.04486568272356218,10,2.0,0.75,garch,0.09090909090909091
2021-03-22,hg1s,-1,2021-04-06,0.0055562272973469495,1,0.04486568272356218,10,2.0,0.75,garch,0.09090909090909091
2021-03-23,hg1s,-1,2021-04-07,0.006128201673833322,1,0.04486568272356218,10,2.0,0.75,garch,0.09090909090909091
2021-03-24,hg1s,-1,2021-04-08,-0.007504921249553265,0,0.045301820066630256,10,2.0,0.75,garch,0.09090909090909091
2021-03-25,hg1s,1,2021-04-09,0.015585723085394632,1,0.045301820066630256,10,2.0,0.75,garch,0.09090909090909091
2021-03-26,hg1s,-1,2021-04-12,0.012168142260678194,1,0.045301820066630256,10,2.0,0.75,garch,0.09090909090909091
2021-03-29,hg1s,1,2021-04-13,-0.0007435871176496578,0,0.045301820066630256,10,2.0,0.75,garch,0.09090909090909091
2021-03-30,hg1s,1,2021-04-14,0.03770265198373912,1,0.045301820066630256,10,2.0,0.75,garch,0.09090909090909091
2021-03-31,hg1s,1,2021-04-15,0.05581278973669557,1,0.045301820066630256,10,2.0,0.75,garch,0.09090909090909091
2021-04-01,hg1s,1,2021-04-16,0.04448064118771722,1,0.045301820066630256,10,2.0,0.75,garch,0.09090909090909091
2021-04-05,hg1s,-1,2021-04-19,-0.024290029769722166,0,0.045301820066630256,10,2.0,0.75,garch,0.09090909090909091
2021-04-06,hg1s,-1,2021-04-20,-0.023442244139649127,0,0.045301820066630256,10,2.0,0.75,garch,0.09090909090909091
2021-04-07,hg1s,1,2021-04-21,0.055370574368936776,1,0.045301820066630256,10,2.0,0.75,garch,0.09090909090909091
2021-04-08,hg1s,1,2021-04-22,0.0435950656768771,1,0.045301820066630256,10,2.0,0.75,garch,0.09090909090909091
2021-04-09,hg1s,1,2021-04-23,0.07326732499177191,1,0.045301820066630256,10,2.0,0.75,garch,0.09090909090909091
2021-04-12,hg1s,1,2021-04-26,0.10513873244975103,1,0.045301820066630256,10,2.0,0.75,garch,0.09090909090909091
2021-04-13,hg1s,1,2021-04-26,0.10157509567185863,1,0.045301820066630256,10,2.0,0.75,garch,0.09090909090909091
2021-04-14,hg1s,1,2021-04-28,0.08852083294935853,1,0.045301820066630256,10,2.0,0.75,garch,0.10035419126328217
2021-04-15,hg1s,1,2021-04-29,0.06269217129607862,1,0.045301820066630256,10,2.0,0.75,garch,0.10507674144037779
2021-04-16,hg1s,1,2021-04-30,0.07113279709377096,1,0.045301820066630256,10,2.0,0.75,garch,0.10979929161747343
2021-04-19,hg1s,-1,2021-04-26,-0.047899952984866045,0,0.045301820066630256,10,2.0,0.75,garch,0.09090909090909093
2021-04-20,hg1s,1,2021-05-04,0.07238057552868149,1,0.045301820066630256,10,2.0,0.75,garch,0.11762101534828807
2021-04-21,hg1s,-1,2021-04-26,-0.037859313265137695,0,0.045301820066630256,10,2.0,0.75,garch,0.09090909090909091
2021-04-22,hg1s,-1,2021-04-26,-0.03931663872355173,0,0.045301820066630256,10,2.0,0.75,garch,0.0909090909090909
2021-04-23,hg1s,-1,2021-04-27,-0.03366414216515734,0,0.04304428653226158,10,2.0,0.75,garch,0.10822510822510822
2021-04-26,hg1s,-1,2021-05-06,-0.03554955601670762,0,0.04304428653226158,10,2.0,0.75,garch,0.12958954625621294
2021-04-27,hg1s,-1,2021-05-07,-0.058633373229218355,0,0.04304428653226158,10,2.0,0.75,garch,0.1318342151675485
2021-04-28,hg1s,-1,2021-05-07,-0.05580878332400818,0,0.04304428653226158,10,2.0,0.75,garch,0.1304563492063492
2021-04-29,hg1s,-1,2021-05-07,-0.058397414629749234,0,0.04304428653226158,10,2.0,0.75,garch,0.12868480725623585
2021-04-30,hg1s,1,2021-05-14,0.041741271218860065,1,0.04304428653226158,10,2.0,0.75,garch,0.1207103502558048
2021-05-03,hg1s,1,2021-05-17,0.04041073199812928,1,0.04304428653226158,10,2.0,0.75,garch,0.11598780007870917
2021-05-04,hg1s,1,2021-05-18,0.045117770740347174,1,0.04304428653226158,10,2.0,0.75,garch,0.11126524990161352
2021-05-05,hg1s,1,2021-05-19,0.011604774844315324,1,0.04304428653226158,10,2.0,0.75,garch,0.10816607634789452
2021-05-06,hg1s,1,2021-05-20,-0.007495926848901546,0,0.04304428653226158,10,2.0,0.75,garch,0.10816607634789453
2021-05-07,hg1s,1,2021-05-19,-0.03622196525527899,0,0.04304428653226158,10,2.0,0.75,garch,0.10596841430174764
2021-05-10,hg1s,1,2021-05-21,-0.049830365445773794,0,0.04304428653226158,10,2.0,0.75,garch,0.11104617604617603
2021-05-11,hg1s,1,2021-05-19,-0.03895422189940034,0,0.04304428653226158,10,2.0,0.75,garch,0.09996392496392499
2021-05-12,hg1s,1,2021-05-19,-0.033678210066827474,0,0.04304428653226158,10,2.0,0.75,garch,0.0957912457912458
2021-05-13,hg1s,1,2021-05-21,-0.04466474775649898,0,0.04304428653226158,10,2.0,0.75,garch,0.10449907235621524
2021-05-14,hg1s,1,2021-05-21,-0.037275755319024495,0,0.04304428653226158,10,2.0,0.75,garch,0.10524891774891776
2021-05-17,hg1s,1,2021-05-21,-0.04892284832200888,0,0.04304428653226158,10,2.0,0.75,garch,0.1081168831168831
2021-05-18,hg1s,1,2021-05-20,-0.033329807226536445,0,0.04304428653226158,10,2.0,0.75,garch,0.10227272727272728
2021-05-19,hg1s,1,2021-06-03,-0.024800610880312934,0,0.04304428653226158,10,2.0,0.75,garch,0.1491014036468582
2021-05-20,hg1s,1,2021-06-04,-0.008537652935096784,0,0.04304428653226158,10,2.0,0.75,garch,0.1522005772005772
2021-05-21,hg1s,1,2021-06-07,0.010153983747345885,1,0.04304428653226158,10,2.0,0.75,garch,0.1522005772005772
2021-05-24,hg1s,-1,2021-05-28,-0.03358745005270536,0,0.0432179143079325,10,2.0,0.75,garch,0.18047619047619046
2021-05-25,hg1s,-1,2021-05-27,-0.03472761383180423,0,0.0432179143079325,10,2.0,0.75,garch,0.16984126984126982
2021-05-26,hg1s,1,2021-06-10,-0.009824485256489934,0,0.0432179143079325,10,2.0,0.75,garch,0.12886002886002887
2021-05-27,hg1s,-1,2021-06-11,0.02691400327275173,1,0.0432179143079325,10,2.0,0.75,garch,0.12279942279942282
2021-05-28,hg1s,-1,2021-06-14,0.03217530813286651,1,0.0432179143079325,10,2.0,0.75,garch,0.11890331890331893
2021-06-01,hg1s,1,2021-06-03,-0.040936928684739304,0,0.0432179143079325,10,2.0,0.75,garch,0.1263227513227513
2021-06-02,hg1s,1,2021-06-15,-0.05629968430615817,0,0.0432179143079325,10,2.0,0.75,garch,0.11222222222222225
2021-06-03,hg1s,1,2021-06-17,-0.06385839120002001,0,0.0432179143079325,10,2.0,0.75,garch,0.14368686868686867
2021-06-04,hg1s,1,2021-06-15,-0.043276660774658304,0,0.0432179143079325,10,2.0,0.75,garch,0.11076388888888888
2021-06-07,hg1s,1,2021-06-15,-0.04274826026161649,0,0.0432179143079325,10,2.0,0.75,garch,0.10873015873015872
2021-06-08,hg1s,1,2021-06-15,-0.04894644467622866,0,0.0432179143079325,10,2.0,0.75,garch,0.10601851851851851
2021-06-09,hg1s,1,2021-06-15,-0.043698961716389984,0,0.0432179143079325,10,2.0,0.75,garch,0.10222222222222221
2021-06-10,hg1s,1,2021-06-15,-0.033890746199478516,0,0.0432179143079325,10,2.0,0.75,garch,0.1
2021-06-11,hg1s,1,2021-06-15,-0.04506887008746496,0,0.0432179143079325,10,2.0,0.75,garch,0.10000000000000002
2021-06-14,hg1s,1,2021-06-15,-0.042853986693367485,0,0.0432179143079325,10,2.0,0.75,garch,0.1
2021-06-15,hg1s,1,2021-06-17,-0.03577198225138645,0,0.0432179143079325,10,2.0,0.75,garch,0.22777777777777777
2021-06-16,hg1s,1,2021-06-17,-0.04720638416691514,0,0.0432179143079325,10,2.0,0.75,garch,0.29166666666666663
2021-06-17,hg1s,1,2021-07-01,0.015295315306835366,1,0.0432179143079325,10,2.0,0.75,garch,0.20635248589794042
2021-06-18,hg1s,1,2021-07-02,0.030060038729882832,1,0.0432179143079325,10,2.0,0.75,garch,0.19188967598058507
2021-06-21,hg1s,1,2021-07-06,0.017429430510378152,1,0.0432179143079325,10,2.0,0.75,garch,0.15469959333595693
2021-06-22,hg1s,1,2021-07-07,0.023291819753724408,1,0.0432179143079325,10,2.0,0.75,garch,0.132661025842844
2021-06-23,hg1s,1,2021-07-08,-0.01386824589562885,0,0.05022813573065952,10,2.0,0.75,garch,0.11819821592548863
2021-06-24,hg1s,1,2021-07-09,0.009407665980845303,1,0.05022813573065952,10,2.0,0.75,garch,0.10828086055358782
2021-06-25,hg1s,1,2021-07-12,0.006177875664057364,1,0.05022813573065952,10,2.0,0.75,garch,0.10139380821199002
2021-06-28,hg1s,1,2021-07-13,0.006661212639984315,1,0.05022813573065952,10,2.0,0.75,garch,0.09667125803489439
2021-06-29,hg1s,1,2021-07-14,0.0007034814602999706,1,0.05022813573065952,10,2.0,0.75,garch,0.09357208448117539
2021-06-30,hg1s,1,2021-07-15,0.00792725626267532,1,0.05022813573065952,10,2.0,0.75,garch,0.09173553719008264
2021-07-01,hg1s,1,2021-07-16,0.020538245037311276,1,0.05022813573065952,10,2.0,0.75,garch,0.09090909090909091
2021-07-02,hg1s,-1,2021-07-19,0.017422826034110606,1,0.05022813573065952,10,2.0,0.75,garch,0.09090909090909091
2021-07-06,hg1s,1,2021-07-20,0.002822866090699705,1,0.05022813573065952,10,2.0,0.75,garch,0.09090909090909091
2021-07-07,hg1s,-1,2021-07-21,0.011683054964800932,1,0.05022813573065952,10,2.0,0.75,garch,0.09090909090909091
2021-07-08,hg1s,1,2021-07-22,0.017118066125353604,1,0.05022813573065952,10,2.0,0.75,garch,0.09090909090909091
2021-07-09,hg1s,-1,2021-07-23,-0.012541709333116158,0,0.05022813573065952,10,2.0,0.75,garch,0.09090909090909091
2021-07-12,hg1s,-1,2021-07-26,-0.06232622879532013,0,0.05022813573065952,10,2.0,0.75,garch,0.09090909090909091
2021-07-13,hg1s,-1,2021-07-26,-0.06454608821868169,0,0.05022813573065952,10,2.0,0.75,garch,0.09090909090909091
2021-07-14,hg1s,-1,2021-07-26,-0.07439953116667408,0,0.05022813573065952,10,2.0,0.75,garch,0.09090909090909091
2021-07-15,hg1s,-1,2021-07-26,-0.060606059832218895,0,0.05022813573065952,10,2.0,0.75,garch,0.09090909090909091
2021-07-16,hg1s,-1,2021-07-26,-0.060606059832218895,0,0.05022813573065952,10,2.0,0.75,garch,0.09090909090909093
2021-07-19,hg1s,1,2021-08-02,0.0550993708425771,1,0.05022813573065952,10,2.0,0.75,garch,0.1489374262101535
2021-07-20,hg1s,-1,2021-07-26,-0.07553366138402362,0,0.05022813573065952,10,2.0,0.75,garch,0.09090909090909091
2021-07-21,hg1s,-1,2021-07-26,-0.07326779026822128,0,0.05022813573065952,10,2.0,0.75,garch,0.09090909090909091
2021-07-22,hg1s,-1,2021-07-26,-0.057060519447403646,0,0.05022813573065952,10,2.0,0.75,garch,0.0909090909090909
2021-07-23,hg1s,-1,2021-07-26,-0.04204545514638336,0,0.04387579172967507,10,2.0,0.75,garch,0.09090909090909091
2021-07-26,hg1s,-1,2021-08-09,0.06444929137003585,1,0.04387579172967507,10,2.0,0.75,garch,0.15942214351305262
2021-07-27,hg1s,-1,2021-08-10,0.04191880250186841,1,0.04387579172967507,10,2.0,0.75,garch,0.1594221435130526
2021-07-28,hg1s,-1,2021-08-11,0.025546630902371525,1,0.04387579172967507,10,2.0,0.75,garch,0.13738357601993964
2021-07-29,hg1s,-1,2021-08-12,0.036144578765614166,1,0.04387579172967507,10,2.0,0.75,garch,0.12292076610258426
2021-07-30,hg1s,-1,2021-08-13,0.02030117280228949,1,0.04387579172967507,10,2.0,0.75,garch,0.11300341073068343
2021-08-02,hg1s,1,2021-08-16,-0.023911572079580057,0,0.04387579172967507,10,2.0,0.75,garch,0.10611635838908566
2021-08-03,hg1s,1,2021-08-17,-0.04103967092246863,0,0.04387579172967507,10,2.0,0.75,garch,0.10139380821199002
2021-08-04,hg1s,1,2021-08-18,-0.04904789296502865,0,0.04387579172967507,10,2.0,0.75,garch,0.09667125803489439
2021-08-05,hg1s,1,2021-08-18,-0.052437901292652245,0,0.04387579172967507,10,2.0,0.75,garch,0.09383838383838385
2021-08-06,hg1s,1,2021-08-18,-0.052437901292652245,0,0.04387579172967507,10,2.0,0.75,garch,0.09191919191919191
2021-08-09,hg1s,1,2021-08-18,-0.03951509397691022,0,0.04387579172967507,10,2.0,0.75,garch,0.09090909090909091
2021-08-10,hg1s,-1,2021-08-24,0.022048689937991917,1,0.04387579172967507,10,2.0,0.75,garch,0.09749770431588613
2021-08-11,hg1s,-1,2021-08-25,0.02289639319693848,1,0.04387579172967507,10,2.0,0.75,garch,0.09933425160697888
2021-08-12,hg1s,-1,2021-08-26,0.02499247702058449,1,0.04387579172967507,10,2.0,0.75,garch,0.10117079889807162
2021-08-13,hg1s,-1,2021-08-27,0.015509806872169407,1,0.04387579172967507,10,2.0,0.75,garch,0.10300734618916438
2021-08-16,hg1s,-1,2021-08-30,-0.009198569274337931,0,0.04387579172967507,10,2.0,0.75,garch,0.10610651974288339
2021-08-17,hg1s,-1,2021-08-30,-0.03823162355041565,0,0.04387579172967507,10,2.0,0.75,garch,0.10762626262626263
2021-08-18,hg1s,-1,2021-08-24,-0.03349514575013468,0,0.04387579172967507,10,2.0,0.75,garch,0.10540404040404039
2021-08-19,hg1s,-1,2021-08-23,-0.048502846256146315,0,0.04387579172967507,10,2.0,0.75,garch,0.11203703703703705
2021-08-20,hg1s,-1,2021-08-27,-0.045054067040283696,0,0.04387579172967507,10,2.0,0.75,garch,0.1074074074074074
2021-08-23,hg1s,1,2021-09-07,0.008493996951861815,1,0.04625120004830402,10,2.0,0.75,garch,0.11165551620097075
2021-08-24,hg1s,1,2021-09-08,-0.00784746923388624,0,0.04625120004830402,10,2.0,0.75,garch,0.110829069919979
2021-08-25,hg1s,1,2021-09-09,0.002221703332207836,1,0.04625120004830402,10,2.0,0.75,garch,0.11000262363898726
2021-08-26,hg1s,1,2021-09-10,0.04519309807852889,1,0.04625120004830402,10,2.0,0.75,garch,0.10816607634789452
2021-08-27,hg1s,-1,2021-09-13,-0.008079408573306468,0,0.04625120004830402,10,2.0,0.75,garch,0.10942870261052079
2021-08-30,hg1s,-1,2021-09-14,0.012455720072359178,1,0.04625120004830402,10,2.0,0.75,garch,0.11069132887314707
2021-08-31,hg1s,-1,2021-09-15,-0.0072000001633703015,0,0.04625120004830402,10,2.0,0.75,garch,0.11069132887314705
2021-09-01,hg1s,-1,2021-09-10,-0.04067321207969332,0,0.04625120004830402,10,2.0,0.75,garch,0.09996392496392499
2021-09-02,hg1s,-1,2021-09-17,0.013475836525849383,1,0.04625120004830402,10,2.0,0.75,garch,0.10906795224977044
2021-09-03,hg1s,-1,2021-09-20,0.050646054336288104,1,0.04625120004830402,10,2.0,0.75,garch,0.1103305785123967
2021-09-07,hg1s,-1,2021-09-10,-0.03982249308621033,0,0.04625120004830402,10,2.0,0.75,garch,0.09090909090909091
2021-09-08,hg1s,1,2021-09-22,0.0044885420216931315,1,0.04625120004830402,10,2.0,0.75,garch,0.11732585596221959
2021-09-09,hg1s,-1,2021-09-10,-0.03885194256168689,0,0.04625120004830402,10,2.0,0.75,garch,0.09090909090909091
2021-09-10,hg1s,1,2021-09-16,-0.038297395325635475,0,0.04625120004830402,10,2.0,0.75,garch,0.1181818181818182
2021-09-13,hg1s,-1,2021-09-27,0.01774673627146839,1,0.04625120004830402,10,2.0,0.75,garch,0.1230880230880231
2021-09-14,hg1s,1,2021-09-20,-0.047789863188882564,0,0.04625120004830402,10,2.0,0.75,garch,0.125
2021-09-15,hg1s,-1,2021-09-29,0.04708952587326187,1,0.04625120004830402,10,2.0,0.75,garch,0.11771612226157681
2021-09-16,hg1s,-1,2021-09-30,0.044960878521582814,1,0.04625120004830402,10,2.0,0.75,garch,0.11461694870785778
2021-09-17,hg1s,-1,2021-10-01,0.013542157800991994,1,0.04625120004830402,10,2.0,0.75,garch,0.11234422143513051
2021-09-20,hg1s,1,2021-10-04,0.030137319394415885,1,0.04625120004830402,10,2.0,0.75,garch,0.11007149416240326
2021-09-21,hg1s,1,2021-10-05,0.016117304567651036,1,0.04625120004830402,10,2.0,0.75,garch,0.10779876688967599
2021-09-22,hg1s,-1,2021-10-06,0.024576670715245275,1,0.04925485002433759,10,2.0,0.75,garch,0.1039026629935721
2021-09-23,hg1s,1,2021-10-07,0.0029543848493636116,1,0.04925485002433759,10,2.0,0.75,garch,0.10162993572084482
2021-09-24,hg1s,-1,2021-10-08,0.002333450433002704,1,0.04925485002433759,10,2.0,0.75,garch,0.09935720844811756
2021-09-27,hg1s,-1,2021-10-11,-0.01795080985159303,0,0.04925485002433759,10,2.0,0.75,garch,0.09834710743801653
2021-09-28,hg1s,1,2021-09-30,-0.0370893685108461,0,0.04925485002433759,10,2.0,0.75,garch,0.09393939393939395
2021-09-29,hg1s,1,2021-10-13,0.07549416535803988,1,0.04925485002433759,10,2.0,0.75,garch,0.09752066115702479
2021-09-30,hg1s,1,2021-10-13,0.10442651109014855,1,0.04925485002433759,10,2.0,0.75,garch,0.09818181818181819
2021-10-01,hg1s,1,2021-10-14,0.10576578800850811,1,0.04925485002433759,10,2.0,0.75,garch,0.09909090909090909
2021-10-04,hg1s,1,2021-10-15,0.11584286931697374,1,0.04925485002433759,10,2.0,0.75,garch,0.1015909090909091
2021-10-05,hg1s,1,2021-10-14,0.10471079496768954,1,0.04925485002433759,10,2.0,0.75,garch,0.09886363636363638
2021-10-06,hg1s,1,2021-10-14,0.11669680715637498,1,0.04925485002433759,10,2.0,0.75,garch,0.0987012987012987
2021-10-07,hg1s,1,2021-10-15,0.114528101938844,1,0.04925485002433759,10,2.0,0.75,garch,0.10227272727272728
2021-10-08,hg1s,1,2021-10-15,0.10618641132498641,1,0.04925485002433759,10,2.0,0.75,garch,0.10265151515151516
2021-10-11,hg1s,1,2021-10-25,0.03698614431230096,1,0.04925485002433759,10,2.0,0.75,garch,0.11959202413747869
2021-10-12,hg1s,1,2021-10-26,0.03710553547299145,1,0.04925485002433759,10,2.0,0.75,garch,0.12348812803358257
2021-10-13,hg1s,1,2021-10-27,-0.02801151485648179,0,0.04925485002433759,10,2.0,0.75,garch,0.12738423192968645
2021-10-14,hg1s,1,2021-10-27,-0.05225089138274652,0,0.04925485002433759,10,2.0,0.75,garch,0.131031746031746
2021-10-15,hg1s,1,2021-10-22,-0.04894809245336329,0,0.04925485002433759,10,2.0,0.75,garch,0.13029100529100532
2021-10-18,hg1s,1,2021-10-22,-0.04814305350146297,0,0.04925485002433759,10,2.0,0.75,garch,0.13134920634920638
2021-10-19,hg1s,1,2021-10-22,-0.04358919912801984,0,0.04925485002433759,10,2.0,0.75,garch,0.12251984126984126
2021-10-20,hg1s,1,2021-10-21,-0.03717393669236824,0,0.04925485002433759,10,2.0,0.75,garch,0.11805555555555555
2021-10-21,hg1s,1,2021-10-29,-0.0417900623565709,0,0.05101636928630329,10,2.0,0.75,garch,0.13718820861678002
2021-10-22,hg1s,1,2021-11-03,-0.03935082263492007,0,0.05101636928630329,10,2.0,0.75,garch,0.13646384479717813
2021-10-25,hg1s,1,2021-11-03,-0.0457155471192604,0,0.05101636928630329,10,2.0,0.75,garch,0.1396329365079365
2021-10-26,hg1s,1,2021-11-09,-0.0251894769611557,0,0.05101636928630329,10,2.0,0.75,garch,0.12738423192968648
2021-10-27,hg1s,1,2021-11-10,-0.015149788952328658,0,0.05101636928630329,10,2.0,0.75,garch,0.12266168175259083
2021-10-28,hg1s,1,2021-11-11,-0.008786752737927506,0,0.05101636928630329,10,2.0,0.75,garch,0.11793913157549518
2021-10-29,hg1s,-1,2021-11-12,-0.018658425215476004,0,0.05101636928630329,10,2.0,0.75,garch,0.11105207923389739
2021-11-01,hg1s,-1,2021-11-15,-0.0014794593386808774,0,0.05101636928630329,10,2.0,0.75,garch,0.10632952905680178
2021-11-02,hg1s,-1,2021-11-16,0.003321116779786526,1,0.05101636928630329,10,2.0,0.75,garch,0.10160697887970614
2021-11-03,hg1s,-1,2021-11-17,0.012728535433200516,1,0.05101636928630329,10,2.0,0.75,garch,0.09850780532598714
2021-11-04,hg1s,-1,2021-11-18,0.0037032749758703076,1,0.05101636928630329,10,2.0,0.75,garch,0.09667125803489439
2021-11-05,hg1s,-1,2021-11-19,-0.014851486322104313,0,0.05101636928630329,10,2.0,0.75,garch,0.09357208448117539
2021-11-08,hg1s,-1,2021-11-22,0.0005683110837589878,1,0.05101636928630329,10,2.0,0.75,garch,0.09173553719008264
2021-11-09,hg1s,-1,2021-11-23,-0.011548136072626836,0,0.05101636928630329,10,2.0,0.75,garch,0.09090909090909091
2021-11-10,hg1s,1,2021-11-24,0.03400294810500015,1,0.05101636928630329,10,2.0,0.75,garch,0.09090909090909091
2021-11-11,hg1s,-1,2021-11-26,0.024772126649015735,1,0.05101636928630329,10,2.0,0.75,garch,0.09090909090909091
2021-11-12,hg1s,-1,2021-11-29,0.024495026647449403,1,0.05101636928630329,10,2.0,0.75,garch,0.09090909090909091
2021-11-15,hg1s,-1,2021-11-30,0.027382664987311678,1,0.05101636928630329,10,2.0,0.75,garch,0.09090909090909091
2021-11-16,hg1s,1,2021-12-01,-0.0240101250171163,0,0.05101636928630329,10,2.0,0.75,garch,0.09090909090909091
2021-11-17,hg1s,1,2021-12-02,0.007621690276315762,1,0.05101636928630329,10,2.0,0.75,garch,0.09090909090909091
2021-11-18,hg1s,1,2021-12-03,-0.008823848474876828,0,0.05101636928630329,10,2.0,0.75,garch,0.09090909090909091
2021-11-19,hg1s,-1,2021-12-06,0.01599324470203023,1,0.04543996419290799,10,2.0,0.75,garch,0.09090909090909091
2021-11-22,hg1s,-1,2021-12-07,0.013076414207481735,1,0.04543996419290799,10,2.0,0.75,garch,0.09090909090909091
2021-11-23,hg1s,-1,2021-12-08,0.006894214491168227,1,0.04543996419290799,10,2.0,0.75,garch,0.09090909090909091
2021-11-24,hg1s,-1,2021-12-09,0.030757186607268117,1,0.04543996419290799,10,2.0,0.75,garch,0.09090909090909091
2021-11-26,hg1s,-1,2021-12-10,0.0010487067320023025,1,0.04543996419290799,10,2.0,0.75,garch,0.09090909090909091
2021-11-29,hg1s,-1,2021-12-13,0.013130616119657379,1,0.04543996419290799,10,2.0,0.75,garch,0.09090909090909091
2021-11-30,hg1s,1,2021-12-14,-0.005257010031007425,0,0.04543996419290799,10,2.0,0.75,garch,0.09090909090909091
2021-12-01,hg1s,1,2021-12-15,-0.015303119039841162,0,0.04543996419290799,10,2.0,0.75,garch,0.09090909090909091
2021-12-02,hg1s,1,2021-12-16,0.0012793672410766899,1,0.04543996419290799,10,2.0,0.75,garch,0.09274563820018367
2021-12-03,hg1s,1,2021-12-17,0.006561985980905849,1,0.04543996419290799,10,2.0,0.75,garch,0.09458218549127641
2021-12-06,hg1s,1,2021-12-15,-0.03573487061553149,0,0.04543996419290799,10,2.0,0.75,garch,0.09090909090909091
2021-12-07,hg1s,1,2021-12-15,-0.036179283263854445,0,0.04543996419290799,10,2.0,0.75,garch,0.09090909090909093
2021-12-08,hg1s,-1,2021-12-22,0.00045521756482402864,1,0.04543996419290799,10,2.0,0.75,garch,0.09724517906336089
2021-12-09,hg1s,-1,2021-12-23,-0.01373182513478688,0,0.04543996419290799,10,2.0,0.75,garch,0.09724517906336087
2021-12-10,hg1s,1,2021-12-27,0.04327539898488508,1,0.04543996419290799,10,2.0,0.75,garch,0.09724517906336089
2021-12-13,hg1s,1,2021-12-28,0.03478058036810472,1,0.04543996419290799,10,2.0,0.75,garch,0.10034435261707991
2021-12-14,hg1s,1,2021-12-29,0.03652378279431945,1,0.04543996419290799,10,2.0,0.75,garch,0.10344352617079888
2021-12-15,hg1s,1,2021-12-30,0.05020920479957991,1,0.04543996419290799,10,2.0,0.75,garch,0.1065426997245179
2021-12-16,hg1s,-1,2021-12-27,-0.03891276461997695,0,0.04543996419290799,10,2.0,0.75,garch,0.10086580086580088
2021-12-17,hg1s,-1,2021-12-27,-0.04121071025168743,0,0.04543996419290799,10,2.0,0.75,garch,0.09915824915824917
2021-12-20,hg1s,-1,2021-12-27,-0.041574471835776894,0,0.04543996419290799,10,2.0,0.75,garch,0.09676767676767677
2021-12-21,hg1s,-1,2022-01-05,-0.015531523315903462,0,0.044144190895638626,10,2.0,0.75,garch,0.10679522497704318
2021-12-22,hg1s,-1,2022-01-06,0.00842536613464484,1,0.044144190895638626,10,2.0,0.75,garch,0.10596877869605142
2021-12-23,hg1s,-1,2022-01-07,-0.003984063405403804,0,0.044144190895638626,10,2.0,0.75,garch,0.10596877869605142
2021-12-27,hg1s,-1,2022-01-10,0.02683363056227206,1,0.044144190895638626,10,2.0,0.75,garch,0.10596877869605142
2021-12-28,hg1s,-1,2022-01-11,0.0009023246664606743,1,0.044144190895638626,10,2.0,0.75,garch,0.10596877869605142
2021-12-29,hg1s,-1,2022-01-12,-0.03704962577302906,0,0.044144190895638626,10,2.0,0.75,garch,0.1028696051423324
2021-12-30,hg1s,-1,2022-01-12,-0.041889585265781015,0,0.044144190895638626,10,2.0,0.75,garch,0.10065656565656567
2021-12-31,hg1s,-1,2022-01-14,0.009633695304669954,1,0.044144190895638626,10,2.0,0.75,garch,0.1210514233241506
2022-01-03,hg1s,-1,2022-01-12,-0.03505597677456995,0,0.044144190895638626,10,2.0,0.75,garch,0.09457070707070707
2022-01-04,hg1s,-1,2022-01-19,0.0011173194258813357,1,0.044144190895638626,10,2.0,0.75,garch,0.13292011019283748
2022-01-05,hg1s,-1,2022-01-12,-0.036932140788795254,0,0.044144190895638626,10,2.0,0.75,garch,0.09090909090909093
2022-01-06,hg1s,-1,2022-01-12,-0.05098174246773168,0,0.044144190895638626,10,2.0,0.75,garch,0.09090909090909091
2022-01-07,hg1s,-1,2022-01-12,-0.03775510313560737,0,0.044144190895638626,10,2.0,0.75,garch,0.09090909090909091
2022-01-10,hg1s,-1,2022-01-12,-0.05158547791938495,0,0.044144190895638626,10,2.0,0.75,garch,0.0909090909090909
2022-01-11,hg1s,-1,2022-01-12,-0.033303229448836014,0,0.044144190895638626,10,2.0,0.75,garch,0.09090909090909091
2022-01-12,hg1s,-1,2022-01-27,0.033431662382865546,1,0.044144190895638626,10,2.0,0.75,garch,0.16544339498884952
2022-01-13,hg1s,-1,2022-01-28,0.051913771031931955,1,0.044144190895638626,10,2.0,0.75,garch,0.16727994227994228
2022-01-14,hg1s,-1,2022-01-20,-0.03664743899629097,0,0.044144190895638626,10,2.0,0.75,garch,0.18333333333333332
2022-01-18,hg1s,-1,2022-01-20,-0.04563605414299188,0,0.044144190895638626,10,2.0,0.75,garch,0.17777777777777778
2022-01-19,hg1s,-1,2022-02-02,-0.005816555781743782,0,0.044144190895638626,10,2.0,0.75,garch,0.13564541519086973
2022-01-20,hg1s,-1,2022-02-03,0.024331698169294702,1,0.044144190895638626,10,2.0,0.75,garch,0.12875836284927192
2022-01-21,hg1s,-1,2022-02-04,0.008068081356209289,1,0.04703286611869105,10,2.0,0.75,garch,0.12187131050767412
2022-01-24,hg1s,1,2022-02-07,0.011331445168960563,1,0.04703286611869105,10,2.0,0.75,garch,0.11195395513577332
2022-01-25,hg1s,1,2022-02-08,0.0024719100109420467,1,0.04703286611869105,10,2.0,0.75,garch,0.10506690279417552
2022-01-26,hg1s,-1,2022-02-09,-0.01937984328099951,0,0.04703286611869105,10,2.0,0.75,garch,0.10034435261707988
2022-01-27,hg1s,-1,2022-02-09,-0.040465694321750956,0,0.04703286611869105,10,2.0,0.75,garch,0.09787878787878788
2022-01-28,hg1s,1,2022-02-11,0.045475638482580516,1,0.04703286611869105,10,2.0,0.75,garch,0.09623507805325987
2022-01-31,hg1s,1,2022-02-14,0.042317029807193096,1,0.04703286611869105,10,2.0,0.75,garch,0.09439853076216713
2022-02-01,hg1s,1,2022-02-15,0.021989174856930083,1,0.04703286611869105,10,2.0,0.75,garch,0.09256198347107439
2022-02-02,hg1s,1,2022-02-16,0.009008006393550927,1,0.04703286611869105,10,2.0,0.75,garch,0.09173553719008264
2022-02-03,hg1s,1,2022-02-17,0.011630507758539466,1,0.04703286611869105,10,2.0,0.75,garch,0.09173553719008264
2022-02-04,hg1s,1,2022-02-18,0.007130919101098643,1,0.04703286611869105,10,2.0,0.75,garch,0.09173553719008264
2022-02-07,hg1s,1,2022-02-22,0.010756303286999724,1,0.04703286611869105,10,2.0,0.75,garch,0.09173553719008264
2022-02-08,hg1s,1,2022-02-23,0.004605455391967439,1,0.04703286611869105,10,2.0,0.75,garch,0.09173553719008264
2022-02-09,hg1s,-1,2022-02-24,0.03224604991962776,1,0.04703286611869105,10,2.0,0.75,garch,0.09256198347107439
2022-02-10,hg1s,1,2022-02-23,-0.03819188058545553,0,0.04703286611869105,10,2.0,0.75,garch,0.09191919191919191
2022-02-11,hg1s,1,2022-02-28,-0.012961025912733626,0,0.04703286611869105,10,2.0,0.75,garch,0.09256198347107437
2022-02-14,hg1s,1,2022-03-01,0.01816474482661712,1,0.04703286611869105,10,2.0,0.75,garch,0.09256198347107437
2022-02-15,hg1s,1,2022-03-02,0.02797543130444069,1,0.04703286611869105,10,2.0,0.75,garch,0.09256198347107439
2022-02-16,hg1s,1,2022-03-03,0.052373178767347595,1,0.04703286611869105,10,2.0,0.75,garch,0.09256198347107439
2022-02-17,hg1s,1,2022-03-04,0.08995118229750587,1,0.04703286611869105,10,2.0,0.75,garch,0.09256198347107439
2022-02-18,hg1s,1,2022-03-07,0.04517516972695401,1,0.04703286611869105,10,2.0,0.75,garch,0.09728453364817002
2022-02-22,hg1s,1,2022-03-08,0.042612063768808994,1,0.04656110968070535,10,2.0,0.75,garch,0.10417158598976782
2022-02-23,hg1s,1,2022-03-04,0.10003341882920824,1,0.04656110968070535,10,2.0,0.75,garch,0.09318181818181819
2022-02-24,hg1s,1,2022-03-04,0.10681461408097515,1,0.04656110968070535,10,2.0,0.75,garch,0.09350649350649352
2022-02-25,hg1s,1,2022-03-04,0.10089186074346146,1,0.04656110968070535,10,2.0,0.75,garch,0.09242424242424245
2022-02-28,hg1s,1,2022-03-04,0.10842967731242914,1,0.04656110968070535,10,2.0,0.75,garch,0.09090909090909091
2022-03-01,hg1s,1,2022-03-15,-0.01816599542933206,0,0.04656110968070535,10,2.0,0.75,garch,0.1259510691328873
2022-03-02,hg1s,1,2022-03-16,-0.013932055212771854,0,0.04656110968070535,10,2.0,0.75,garch,0.12778761642398007
2022-03-03,hg1s,1,2022-03-09,-0.043710133057198286,0,0.04656110968070535,10,2.0,0.75,garch,0.13160173160173158
2022-03-04,hg1s,1,2022-03-07,-0.04182278425897079,0,0.04656110968070535,10,2.0,0.75,garch,0.11688311688311688
2022-03-07,hg1s,-1,2022-03-21,0.004333122534433076,1,0.04656110968070535,10,2.0,0.75,garch,0.13045060999606453
2022-03-08,hg1s,-1,2022-03-22,0.002123142089168528,1,0.04656110968070535,10,2.0,0.75,garch,0.1257280598189689
2022-03-09,hg1s,1,2022-03-23,0.04461454382632968,1,0.04656110968070535,10,2.0,0.75,garch,0.11884100747737109
2022-03-10,hg1s,1,2022-03-24,0.019344438835205313,1,0.04656110968070535,10,2.0,0.75,garch,0.11195395513577332
2022-03-11,hg1s,1,2022-03-25,0.015782076406395174,1,0.04656110968070535,10,2.0,0.75,garch,0.10506690279417552
2022-03-14,hg1s,1,2022-03-28,0.044771169029648616,1,0.04656110968070535,10,2.0,0.75,garch,0.10034435261707988
2022-03-15,hg1s,1,2022-03-29,0.048304897092377175,1,0.04656110968070535,10,2.0,0.75,garch,0.09724517906336089
2022-03-16,hg1s,1,2022-03-30,0.03260515287280352,1,0.04656110968070535,10,2.0,0.75,garch,0.09540863177226813
2022-03-17,hg1s,1,2022-03-31,0.01042109661199131,1,0.04656110968070535,10,2.0,0.75,garch,0.09357208448117539
2022-03-18,hg1s,-1,2022-04-01,0.010760629734197114,1,0.04656110968070535,10,2.0,0.75,garch,0.09173553719008264
2022-03-21,hg1s,-1,2022-04-04,-0.015072710580985138,0,0.04656110968070535,10,2.0,0.75,garch,0.09090909090909091
2022-03-22,hg1s,-1,2022-04-05,-0.02021276623138779,0,0.04656110968070535,10,2.0,0.75,garch,0.09090909090909091
2022-03-23,hg1s,-1,2022-04-06,0.008060295476153279,1,0.050304203990338456,10,2.0,0.75,garch,0.09090909090909091
2022-03-24,hg1s,-1,2022-04-07,0.009066948916969353,1,0.050304203990338456,10,2.0,0.75,garch,0.09090909090909091
2022-03-25,hg1s,1,2022-04-08,0.005640098385991887,1,0.050304203990338456,10,2.0,0.75,garch,0.09090909090909091
2022-03-28,hg1s,1,2022-04-11,-0.019363029819637334,0,0.050304203990338456,10,2.0,0.75,garch,0.09090909090909091
2022-03-29,hg1s,1,2022-04-12,-0.004544494321441328,0,0.050304203990338456,10,2.0,0.75,garch,0.09090909090909091
2022-03-30,hg1s,1,2022-04-13,-0.00810441034119913,0,0.050304203990338456,10,2.0,0.75,garch,0.09090909090909091
2022-03-31,hg1s,1,2022-04-14,-0.005788255565041367,0,0.050304203990338456,10,2.0,0.75,garch,0.09090909090909091
2022-04-01,hg1s,1,2022-04-18,0.0242081698244605,1,0.050304203990338456,10,2.0,0.75,garch,0.09090909090909091
2022-04-04,hg1s,1,2022-04-19,-0.013280351239357668,0,0.050304203990338456,10,2.0,0.75,garch,0.09090909090909091
2022-04-05,hg1s,1,2022-04-20,-0.029822733288076497,0,0.050304203990338456,10,2.0,0.75,garch,0.09090909090909091
2022-04-06,hg1s,1,2022-04-21,-0.007176023096499562,0,0.050304203990338456,10,2.0,0.75,garch,0.09090909090909091
2022-04-07,hg1s,1,2022-04-22,-0.025109054078479298,0,0.050304203990338456,10,2.0,0.75,garch,0.09090909090909091
2022-04-08,hg1s,1,2022-04-25,-0.05841269759496737,0,0.050304203990338456,10,2.0,0.75,garch,0.09090909090909091
2022-04-11,hg1s,1,2022-04-25,-0.039922312164954676,0,0.050304203990338456,10,2.0,0.75,garch,0.09090909090909091
2022-04-12,hg1s,-1,2022-04-27,0.05467999334813667,1,0.050304203990338456,10,2.0,0.75,garch,0.09173553719008264
2022-04-13,hg1s,-1,2022-04-28,0.06394354649938583,1,0.050304203990338456,10,2.0,0.75,garch,0.09173553719008264
2022-04-14,hg1s,-1,2022-04-29,0.07148796566852889,1,0.050304203990338456,10,2.0,0.75,garch,0.09256198347107439
2022-04-18,hg1s,-1,2022-05-02,0.11577484489506762,1,0.050304203990338456,10,2.0,0.75,garch,0.09338842975206613
2022-04-19,hg1s,-1,2022-05-03,0.09686900275415278,1,0.050304203990338456,10,2.0,0.75,garch,0.10027548209366391
2022-04-20,hg1s,-1,2022-05-04,0.0722938131134353,1,0.050304203990338456,10,2.0,0.75,garch,0.10716253443526172
2022-04-21,hg1s,-1,2022-05-05,0.09238343261498827,1,0.050304203990338456,10,2.0,0.75,garch,0.11404958677685952
2022-04-22,hg1s,1,2022-04-28,-0.037280800685706716,0,0.04439812288658097,10,2.0,0.75,garch,0.09272727272727274
2022-04-25,hg1s,1,2022-05-02,-0.045617173858287674,0,0.04439812288658097,10,2.0,0.75,garch,0.09545454545454546
2022-04-26,hg1s,1,2022-05-02,-0.04390680960248494,0,0.04439812288658097,10,2.0,0.75,garch,0.09636363636363636
2022-04-27,hg1s,1,2022-05-02,-0.046256982263112256,0,0.04439812288658097,10,2.0,0.75,garch,0.09545454545454546
2022-04-28,hg1s,1,2022-05-02,-0.037329423202029144,0,0.04439812288658097,10,2.0,0.75,garch,0.09696969696969697
2022-04-29,hg1s,1,2022-05-09,-0.04876942247603244,0,0.04439812288658097,10,2.0,0.75,garch,0.14421768707482993
2022-05-02,hg1s,1,2022-05-12,-0.039245549438181926,0,0.04439812288658097,10,2.0,0.75,garch,0.14933862433862435
2022-05-03,hg1s,1,2022-05-12,-0.04261031990824682,0,0.04439812288658097,10,2.0,0.75,garch,0.15550595238095238
2022-05-04,hg1s,1,2022-05-09,-0.033310280756208566,0,0.04439812288658097,10,2.0,0.75,garch,0.1607142857142857
2022-05-05,hg1s,1,2022-05-12,-0.04450658402774399,0,0.04439812288658097,10,2.0,0.75,garch,0.15178571428571427
2022-05-06,hg1s,1,2022-05-12,-0.039020389379829656,0,0.04439812288658097,10,2.0,0.75,garch,0.1488095238095238
2022-05-09,hg1s,1,2022-05-23,0.03624657198156411,1,0.04439812288658097,10,2.0,0.75,garch,0.1376295421749967
2022-05-10,hg1s,1,2022-05-24,0.036225779970387784,1,0.04439812288658097,10,2.0,0.75,garch,0.1329069919979011
2022-05-11,hg1s,1,2022-05-25,0.010810167561563278,1,0.04439812288658097,10,2.0,0.75,garch,0.1260199396563033
2022-05-12,hg1s,1,2022-05-26,0.0386538242927188,1,0.04439812288658097,10,2.0,0.75,garch,0.12129738947920764
2022-05-13,hg1s,1,2022-05-27,0.031497006443887754,1,0.04439812288658097,10,2.0,0.75,garch,0.11819821592548863
2022-05-16,hg1s,1,2022-05-31,0.024931410187439607,1,0.04439812288658097,10,2.0,0.75,garch,0.10828086055358782
2022-05-17,hg1s,-1,2022-06-01,-0.021113470678686852,0,0.04439812288658097,10,2.0,0.75,garch,0.10139380821199002
2022-05-18,hg1s,1,2022-06-02,0.08950580322556712,1,0.04439812288658097,10,2.0,0.75,garch,0.09667125803489439
2022-05-19,hg1s,1,2022-06-03,0.04412794929696018,1,0.04439812288658097,10,2.0,0.75,garch,0.10045913682277319
2022-05-20,hg1s,1,2022-06-06,0.03742689934020538,1,0.04439812288658097,10,2.0,0.75,garch,0.10550964187327824
2022-05-23,hg1s,-1,2022-06-02,-0.047635483918080146,0,0.045841605595034175,10,2.0,0.75,garch,0.09090909090909091
2022-05-24,hg1s,-1,2022-06-02,-0.05749128876870335,0,0.045841605595034175,10,2.0,0.75,garch,0.09090909090909093
2022-05-25,hg1s,1,2022-06-09,0.02973322381617649,1,0.045841605595034175,10,2.0,0.75,garch,0.11939197166469893
2022-05-26,hg1s,1,2022-06-10,0.008335288305061361,1,0.045841605595034175,10,2.0,0.75,garch,0.12249114521841795
2022-05-27,hg1s,-1,2022-06-02,-0.05712295399965228,0,0.045841605595034175,10,2.0,0.75,garch,0.09090909090909091
2022-05-31,hg1s,-1,2022-06-02,-0.059706703155824936,0,0.045841605595034175,10,2.0,0.75,garch,0.0909090909090909
2022-06-01,hg1s,-1,2022-06-02,-0.05175002835892184,0,0.045841605595034175,10,2.0,0.75,garch,0.09090909090909091
2022-06-02,hg1s,-1,2022-06-16,0.097638660085975,1,0.045841605595034175,10,2.0,0.75,garch,0.12907975862521318
2022-06-03,hg1s,-1,2022-06-17,0.10252683541076613,1,0.045841605595034175,10,2.0,0.75,garch,0.1321789321789322
2022-06-06,hg1s,-1,2022-06-17,0.09503945922637913,1,0.045841605595034175,10,2.0,0.75,garch,0.12873015873015875
2022-06-07,hg1s,-1,2022-06-17,0.09514147296269138,1,0.045841605595034175,10,2.0,0.75,garch,0.12451499118165785
2022-06-08,hg1s,-1,2022-06-17,0.09900101117201965,1,0.045841605595034175,10,2.0,0.75,garch,0.11924603174603174
2022-06-09,hg1s,-1,2022-06-22,0.09974891543966835,1,0.045841605595034175,10,2.0,0.75,garch,0.31234567901234567
2022-06-10,hg1s,1,2022-06-16,-0.043427639472311874,0,0.045841605595034175,10,2.0,0.75,garch,0.11222222222222222
2022-06-13,hg1s,1,2022-06-17,-0.04701412925516468,0,0.045841605595034175,10,2.0,0.75,garch,0.11222222222222222
2022-06-14,hg1s,1,2022-06-17,-0.03440394590725604,0,0.045841605595034175,10,2.0,0.75,garch,0.10902777777777778
2022-06-15,hg1s,1,2022-06-17,-0.036027381074315024,0,0.045841605595034175,10,2.0,0.75,garch,0.10833333333333334
2020-01-03,pl1s,-1,2020-02-03,0.019791982220246807,1,0.06112755397757862,20,1.5,2.0,garch,0.19043220629355084
2020-01-06,pl1s,1,2020-02-04,-0.00010349823237376654,0,0.06112755397757862,20,1.5,2.0,garch,0.1456142791226825
2020-01-07,pl1s,1,2020-02-05,0.015953067101518448,1,0.06112755397757862,20,1.5,2.0,garch,0.12460587576133793
2020-01-08,pl1s,1,2020-02-06,0.0037352147695115523,1,0.06112755397757862,20,1.5,2.0,garch,0.1115339803365013
2020-01-09,pl1s,1,2020-02-07,-0.002880658442700579,0,0.06112755397757862,20,1.5,2.0,garch,0.10243033887991869
2020-01-10,pl1s,-1,2020-02-10,0.019371196755569864,1,0.06112755397757862,20,1.5,2.0,garch,0.09570764980428846
2020-01-15,pl1s,-1,2020-02-13,0.04962948518144539,1,0.06112755397757862,20,1.5,2.0,garch,0.07985101475260696
2020-01-17,pl1s,-1,2020-02-18,0.030152224824037788,1,0.06112755397757862,20,1.5,2.0,garch,0.07113279062084901
2020-01-21,pl1s,1,2020-02-19,-0.002977667494655445,0,0.06112755397757862,20,1.5,2.0,garch,0.06768667533262844
2020-01-22,pl1s,-1,2020-02-20,0.04141780084105118,1,0.06112755397757862,20,1.5,2.0,garch,0.06490193570578355
2020-01-23,pl1s,-1,2020-02-21,0.030973890595422993,1,0.06112755397757862,20,1.5,2.0,garch,0.06264629660803919
2020-01-24,pl1s,-1,2020-02-24,0.036018207005488634,1,0.06112755397757862,20,1.5,2.0,garch,0.06082355794319526
2020-01-28,pl1s,-1,2020-02-26,0.08060301506933254,1,0.06346751297619618,20,1.5,2.0,garch,0.057774268051800116
2020-01-29,pl1s,1,2020-02-27,-0.07156772275007461,0,0.06346751297619618,20,1.5,2.0,garch,0.05649221676974884
2020-01-30,pl1s,1,2020-02-28,-0.11810300867334445,0,0.06346751297619618,20,1.5,2.0,garch,0.055471808606483534
2020-01-31,pl1s,1,2020-03-02,-0.1065599334554086,0,0.06346751297619618,20,1.5,2.0,garch,0.05480347109604076
2020-02-03,pl1s,1,2020-03-03,-0.10446069846953099,0,0.06346751297619618,20,1.5,2.0,garch,0.05447278326535293
2020-02-04,pl1s,1,2020-03-04,-0.09408963876035703,0,0.06346751297619618,20,1.5,2.0,garch,0.0543171654626763
2020-02-05,pl1s,1,2020-03-02,-0.12936885826709366,0,0.06346751297619618,20,1.5,2.0,garch,0.05392921301074036
2020-02-06,pl1s,1,2020-03-06,-0.07339259871503656,0,0.06346751297619618,20,1.5,2.0,garch,0.0538666928759808
2020-02-07,pl1s,1,2020-03-09,-0.1097812628896696,0,0.06346751297619618,20,1.5,2.0,garch,0.05357183809196193
2020-02-10,pl1s,1,2020-03-10,-0.1008377288263449,0,0.06346751297619618,20,1.5,2.0,garch,0.05327698330794305
2020-02-11,pl1s,1,2020-03-11,-0.10816640985787629,0,0.06346751297619618,20,1.5,2.0,garch,0.05298212852392418
2020-02-12,pl1s,1,2020-03-12,-0.19177090871503055,0,0.06346751297619618,20,1.5,2.0,garch,0.0526872737399053
2020-02-13,pl1s,1,2020-03-12,-0.19790704831813644,0,0.06346751297619618,20,1.5,2.0,garch,0.052543859649122795
2020-02-14,pl1s,1,2020-03-12,-0.19302229561956474,0,0.06346751297619618,20,1.5,2.0,garch,0.05253924284395197
2020-02-18,pl1s,1,2020-02-28,-0.12999295703890168,0,0.06346751297619618,20,1.5,2.0,garch,0.05146198830409356
2020-02-20,pl1s,1,2020-03-12,-0.20143003064041787,0,0.06346751297619618,20,1.5,2.0,garch,0.05268640350877193
2020-02-21,pl1s,1,2020-03-12,-0.19905747361768267,0,0.06346751297619618,20,1.5,2.0,garch,0.05269005847953214
2020-02-24,pl1s,1,2020-03-12,-0.19749538081932871,0,0.06346751297619618,20,1.5,2.0,garch,0.05269423558897241
2020-02-25,pl1s,1,2020-03-12,-0.16142872465353553,0,0.06346751297619618,20,1.5,2.0,garch,0.052699055330634265
2020-02-26,pl1s,1,2020-03-12,-0.1453869698298753,0,0.06797108261963733,20,1.5,2.0,garch,0.05270467836257309
2020-02-27,pl1s,1,2020-03-12,-0.13660960795222088,0,0.06797108261963733,20,1.5,2.0,garch,0.05295055821371611
2020-02-28,pl1s,1,2020-03-13,-0.1397016306265677,0,0.06797108261963733,20,1.5,2.0,garch,0.05666956647817892
2020-03-02,pl1s,1,2020-03-16,-0.23469862695147736,0,0.06797108261963733,20,1.5,2.0,garch,0.07485138465999709
2020-03-03,pl1s,1,2020-03-13,-0.14425399747104928,0,0.06797108261963733,20,1.5,2.0,garch,0.05785929470139997
2020-03-04,pl1s,1,2020-03-13,-0.1500228519207074,0,0.06797108261963733,20,1.5,2.0,garch,0.05814726209463052
2020-03-05,pl1s,1,2020-03-13,-0.14069539101998174,0,0.06797108261963733,20,1.5,2.0,garch,0.05851750588592693
2020-03-06,pl1s,1,2020-03-13,-0.1701249442231081,0,0.06797108261963733,20,1.5,2.0,garch,0.05901116427432216
2020-03-09,pl1s,1,2020-03-13,-0.13780713955419288,0,0.06797108261963733,20,1.5,2.0,garch,0.060287081339712924
2020-03-10,pl1s,1,2020-03-13,-0.14435242696534167,0,0.06797108261963733,20,1.5,2.0,garch,0.06220095693779904
2020-03-11,pl1s,1,2020-03-13,-0.14316977655510066,0,0.06797108261963733,20,1.5,2.0,garch,0.06539074960127592
2020-03-12,pl1s,1,2020-03-16,-0.15873624968058297,0,0.06797108261963733,20,1.5,2.0,garch,0.13118022328548642
2020-03-13,pl1s,1,2020-03-18,-0.18671864498006063,0,0.06797108261963733,20,1.5,2.0,garch,0.23106060606060608
2020-03-16,pl1s,1,2020-03-25,0.13353388877441974,1,0.06797108261963733,20,1.5,2.0,garch,0.23035714285714284
2020-03-17,pl1s,1,2020-03-25,0.12058505733889247,1,0.06797108261963733,20,1.5,2.0,garch,0.22755102040816325
2020-03-18,pl1s,1,2020-03-24,0.1595823892684971,1,0.06797108261963733,20,1.5,2.0,garch,0.2019047619047619
2020-03-19,pl1s,1,2020-03-24,0.17551498910820862,1,0.06797108261963733,20,1.5,2.0,garch,0.18988095238095237
2020-03-20,pl1s,1,2020-03-24,0.1259223612495597,1,0.06797108261963733,20,1.5,2.0,garch,0.16984126984126982
2020-03-23,pl1s,1,2020-03-24,0.1183875079680583,1,0.06797108261963733,20,1.5,2.0,garch,0.15476190476190477
2020-03-24,pl1s,-1,2020-04-14,-0.16783017524449395,0,0.06797108261963733,20,1.5,2.0,garch,0.15714526214526217
2020-03-25,pl1s,-1,2020-04-23,-0.05644188230321512,0,0.06797108261963733,20,1.5,2.0,garch,0.12882978754827498
2020-03-26,pl1s,-1,2020-04-24,-0.04978971646206953,0,0.20814567451355753,20,1.5,2.0,garch,0.11990121611970353
2020-03-27,pl1s,-1,2020-04-27,-0.047734627832052956,0,0.20814567451355753,20,1.5,2.0,garch,0.10700439072287812
2020-03-30,pl1s,-1,2020-04-28,-0.09919867365728541,0,0.20814567451355753,20,1.5,2.0,garch,0.09827423199271938
2020-03-31,pl1s,-1,2020-04-29,-0.0954925332204335,0,0.20814567451355753,20,1.5,2.0,garch,0.09192502564351304
2020-04-02,pl1s,-1,2020-05-01,-0.060136986307709694,0,0.20814567451355753,20,1.5,2.0,garch,0.08220280342129081
2020-04-03,pl1s,1,2020-05-04,0.08411084807357927,1,0.20814567451355753,20,1.5,2.0,garch,0.07857468550745861
2020-04-06,pl1s,1,2020-05-05,0.07199453551877122,1,0.20814567451355753,20,1.5,2.0,garch,0.07602366509929534
2020-04-08,pl1s,1,2020-05-07,0.06611232278821344,1,0.20814567451355753,20,1.5,2.0,garch,0.07276766184329209
2020-04-09,pl1s,1,2020-05-08,0.054368153880721026,1,0.20814567451355753,20,1.5,2.0,garch,0.07166876074439099
2020-04-13,pl1s,1,2020-05-11,0.04201120298675276,1,0.20814567451355753,20,1.5,2.0,garch,0.07100276007839032
2020-04-15,pl1s,-1,2020-05-13,0.043251304994492035,1,0.20814567451355753,20,1.5,2.0,garch,0.07013061634910372
2020-04-16,pl1s,-1,2020-05-14,0.02306819614517186,1,0.20814567451355753,20,1.5,2.0,garch,0.06956372292506746
2020-04-17,pl1s,-1,2020-05-15,-0.040494078696436286,0,0.20814567451355753,20,1.5,2.0,garch,0.06956372292506746
2020-04-21,pl1s,-1,2020-05-19,-0.17299578059335907,0,0.20814567451355753,20,1.5,2.0,garch,0.06982536604385342
2020-04-22,pl1s,-1,2020-05-20,-0.22108976871783237,0,0.20814567451355753,20,1.5,2.0,garch,0.07031376653225392
2020-04-23,pl1s,-1,2020-05-21,-0.09961928932981978,0,0.20814567451355753,20,1.5,2.0,garch,0.07130583002431741
2020-04-27,pl1s,1,2020-05-26,0.12393822392847831,1,0.15055288356719934,20,1.5,2.0,garch,0.07315977673120529
2020-04-29,pl1s,-1,2020-05-28,-0.08566783392272392,0,0.15055288356719934,20,1.5,2.0,garch,0.074073347287633
2020-04-30,pl1s,-1,2020-05-29,-0.07576875769395808,0,0.15055288356719934,20,1.5,2.0,garch,0.0743001046572475
2020-05-01,pl1s,-1,2020-06-01,-0.16436232069987033,0,0.15055288356719934,20,1.5,2.0,garch,0.07452686202686201
2020-05-08,pl1s,-1,2020-06-08,-0.09109337388088146,0,0.15055288356719934,20,1.5,2.0,garch,0.07264747779453662
2020-05-11,pl1s,-1,2020-06-09,-0.10149750416676828,0,0.15055288356719934,20,1.5,2.0,garch,0.0716299767770356
2020-05-12,pl1s,1,2020-06-10,0.08824286081032318,1,0.15055288356719934,20,1.5,2.0,garch,0.07061247575953458
2020-05-13,pl1s,1,2020-06-11,0.07040789814663473,1,0.15055288356719934,20,1.5,2.0,garch,0.06959497474203358
2020-05-14,pl1s,1,2020-06-12,0.05677419355491797,1,0.15055288356719934,20,1.5,2.0,garch,0.06883911684331852
2020-05-18,pl1s,1,2020-06-16,-0.029218911758792432,0,0.15055288356719934,20,1.5,2.0,garch,0.06692652094576021
2020-05-19,pl1s,1,2020-06-17,-0.05777877698491818,0,0.15055288356719934,20,1.5,2.0,garch,0.06576978294691695
2020-05-22,pl1s,-1,2020-06-22,0.04585362592773168,1,0.15055288356719934,20,1.5,2.0,garch,0.062005335197506804
2020-05-26,pl1s,-1,2020-06-23,0.0237820139230972,1,0.15055288356719934,20,1.5,2.0,garch,0.06054334689341324
2020-05-27,pl1s,-1,2020-06-24,0.07255343487193311,1,0.14572962501417433,20,1.5,2.0,garch,0.059386608894569974
2020-05-28,pl1s,-1,2020-06-25,0.07253818933339928,1,0.14572962501417433,20,1.5,2.0,garch,0.0582298708957267
2020-05-29,pl1s,-1,2020-06-26,0.06713403181759425,1,0.14572962501417433,20,1.5,2.0,garch,0.057334776015669414
2020-06-01,pl1s,-1,2020-06-29,0.08473257767279996,1,0.14572962501417433,20,1.5,2.0,garch,0.056439681135612124
2020-06-02,pl1s,-1,2020-06-30,0.02422977562102213,1,0.14572962501417433,20,1.5,2.0,garch,0.05554458625555484
2020-06-03,pl1s,-1,2020-07-01,0.034373470951747365,1,0.14572962501417433,20,1.5,2.0,garch,0.05464949137549755
2020-06-04,pl1s,-1,2020-07-02,0.04262046169457867,1,0.14572962501417433,20,1.5,2.0,garch,0.053981153865054775
2020-06-05,pl1s,1,2020-07-06,0.00458558707262724,1,0.14572962501417433,20,1.5,2.0,garch,0.05351122905302471
2020-06-08,pl1s,-1,2020-07-07,0.0018560503980945553,1,0.14572962501417433,20,1.5,2.0,garch,0.053216374269005835
2020-06-09,pl1s,-1,2020-07-08,-0.022908273565003245,0,0.14572962501417433,20,1.5,2.0,garch,0.053077137287663584
2020-06-10,pl1s,-1,2020-07-09,0.0031093151659984386,1,0.14572962501417433,20,1.5,2.0,garch,0.052937900306321346
2020-06-11,pl1s,-1,2020-07-10,-0.022298165149444937,0,0.14572962501417433,20,1.5,2.0,garch,0.0527986633249791
2020-06-12,pl1s,-1,2020-07-13,-0.04933138356397482,0,0.14572962501417433,20,1.5,2.0,garch,0.05265942634363685
2020-06-15,pl1s,-1,2020-07-14,-0.01413121983638832,0,0.14572962501417433,20,1.5,2.0,garch,0.05252018936229461
2020-06-16,pl1s,-1,2020-07-15,0.004994734451671201,1,0.14572962501417433,20,1.5,2.0,garch,0.05238095238095236
2020-06-17,pl1s,1,2020-07-16,-0.005594381292470252,0,0.14572962501417433,20,1.5,2.0,garch,0.05238095238095236
2020-06-18,pl1s,1,2020-07-17,0.04168710152139399,1,0.14572962501417433,20,1.5,2.0,garch,0.05238095238095236
2020-06-19,pl1s,1,2020-07-20,0.03324099722542129,1,0.14572962501417433,20,1.5,2.0,garch,0.05238095238095236
2020-06-24,pl1s,1,2020-07-23,0.17852775739159799,1,0.14572962501417433,20,1.5,2.0,garch,0.052770815928710656
2020-06-25,pl1s,1,2020-07-22,0.18416821274339013,1,0.11523480278995792,20,1.5,2.0,garch,0.052785472453062476
2020-06-26,pl1s,1,2020-07-23,0.17637007200831745,1,0.11523480278995792,20,1.5,2.0,garch,0.052785472453062476
2020-06-29,pl1s,1,2020-07-28,0.19077517507166197,1,0.11523480278995792,20,1.5,2.0,garch,0.052784739626844886
2020-06-30,pl1s,1,2020-07-29,0.12605733082460535,1,0.11523480278995792,20,1.5,2.0,garch,0.05345307713728766
2020-07-01,pl1s,1,2020-07-28,0.1819271332704484,1,0.11523480278995792,20,1.5,2.0,garch,0.05280086180363189
2020-07-02,pl1s,1,2020-07-28,0.18590668590420067,1,0.11523480278995792,20,1.5,2.0,garch,0.05281026640675763
2020-07-06,pl1s,1,2020-07-28,0.17727109942949237,1,0.11523480278995792,20,1.5,2.0,garch,0.052820777433780525
2020-07-07,pl1s,1,2020-08-04,0.10658016682248839,1,0.11523480278995792,20,1.5,2.0,garch,0.055025431225121615
2020-07-08,pl1s,1,2020-08-05,0.1188914027027872,1,0.11523480278995792,20,1.5,2.0,garch,0.05516466820646387
2020-07-09,pl1s,1,2020-08-06,0.19718975086588353,1,0.11523480278995792,20,1.5,2.0,garch,0.05545952299048274
2020-07-10,pl1s,1,2020-08-06,0.19860503606485458,1,0.11523480278995792,20,1.5,2.0,garch,0.05560092019263846
2020-07-13,pl1s,1,2020-08-06,0.17485515643178373,1,0.11523480278995792,20,1.5,2.0,garch,0.05575720131081056
2020-07-14,pl1s,1,2020-07-28,0.17853728489884912,1,0.11523480278995792,20,1.5,2.0,garch,0.052923976608187144
2020-07-15,pl1s,1,2020-08-05,0.17303130929227928,1,0.11523480278995792,20,1.5,2.0,garch,0.0559562585999312
2020-07-16,pl1s,1,2020-07-28,0.17825567503412687,1,0.11523480278995792,20,1.5,2.0,garch,0.05298895386614685
2020-07-17,pl1s,1,2020-08-06,0.1933851224091172,1,0.11523480278995792,20,1.5,2.0,garch,0.05659070060772848
2020-07-20,pl1s,1,2020-08-06,0.18183937522732552,1,0.11523480278995792,20,1.5,2.0,garch,0.05687349501203991
2020-07-22,pl1s,-1,2020-08-19,0.0011489450585161487,1,0.11523480278995792,20,1.5,2.0,garch,0.05858046772465171
2020-07-23,pl1s,-1,2020-08-20,0.03828595144070812,1,0.11523480278995792,20,1.5,2.0,garch,0.05834177575663644
2020-07-24,pl1s,-1,2020-08-21,0.031276150632335464,1,0.11523480278995792,20,1.5,2.0,garch,0.05810308378862117
2020-07-27,pl1s,-1,2020-08-24,0.04355472791639803,1,0.11261003818209843,20,1.5,2.0,garch,0.05772515483926366
2020-07-28,pl1s,-1,2020-08-25,0.05293044006831815,1,0.11261003818209843,20,1.5,2.0,garch,0.05748646287124837
2020-07-29,pl1s,-1,2020-08-26,0.01950965049989395,1,0.11261003818209843,20,1.5,2.0,garch,0.057373084186441124
2020-07-30,pl1s,1,2020-08-27,0.01698444005767419,1,0.11261003818209843,20,1.5,2.0,garch,0.05646605470798306
2020-07-31,pl1s,1,2020-08-28,0.022962237460186996,1,0.11261003818209843,20,1.5,2.0,garch,0.055559025229525015
2020-08-03,pl1s,1,2020-08-31,0.007303189769030105,1,0.11261003818209843,20,1.5,2.0,garch,0.05485040844947967
2020-08-04,pl1s,-1,2020-09-01,0.0026172529398460487,1,0.11261003818209843,20,1.5,2.0,garch,0.054316861697445526
2020-08-05,pl1s,-1,2020-09-02,0.08593671013824,1,0.11261003818209843,20,1.5,2.0,garch,0.053938932748087996
2020-08-06,pl1s,-1,2020-09-03,0.12259591676049286,1,0.11261003818209843,20,1.5,2.0,garch,0.053561003798730474
2020-08-07,pl1s,-1,2020-09-04,0.07440230832458983,1,0.11261003818209843,20,1.5,2.0,garch,0.05302745704669633
2020-08-10,pl1s,-1,2020-09-08,0.09215119178296338,1,0.11261003818209843,20,1.5,2.0,garch,0.05163202707983779
2020-08-11,pl1s,1,2020-09-09,-0.04786905497249183,0,0.11261003818209843,20,1.5,2.0,garch,0.050498240231765225
2020-08-12,pl1s,-1,2020-09-10,0.018974145125733477,1,0.11261003818209843,20,1.5,2.0,garch,0.049704589438114434
2020-08-13,pl1s,-1,2020-09-11,0.044150559514771204,1,0.11261003818209843,20,1.5,2.0,garch,0.049234664626084355
2020-08-14,pl1s,-1,2020-09-14,0.000417057657851716,1,0.11261003818209843,20,1.5,2.0,garch,0.048939809842065474
2020-08-17,pl1s,-1,2020-09-15,-0.015088879699652669,0,0.11261003818209843,20,1.5,2.0,garch,0.04880057286072322
2020-08-18,pl1s,-1,2020-09-16,0.0019479188008243442,1,0.11261003818209843,20,1.5,2.0,garch,0.04880057286072322
2020-08-19,pl1s,1,2020-09-17,-0.026560702706426076,0,0.11261003818209843,20,1.5,2.0,garch,0.048925886143931244
2020-08-20,pl1s,1,2020-09-18,0.012514834394343977,1,0.11261003818209843,20,1.5,2.0,garch,0.04916457811194652
2020-08-21,pl1s,1,2020-09-21,-0.052377470229670764,0,0.11261003818209843,20,1.5,2.0,garch,0.04940327007996179
2020-08-24,pl1s,1,2020-09-22,-0.07058752309250549,0,0.11261003818209843,20,1.5,2.0,garch,0.04964196204797707
2020-08-25,pl1s,1,2020-09-23,-0.09639663516592112,0,0.10506103323553789,20,1.5,2.0,garch,0.050019890997334594
2020-08-26,pl1s,1,2020-09-24,-0.10777854423276423,0,0.10506103323553789,20,1.5,2.0,garch,0.05055343774936875
2020-08-27,pl1s,1,2020-09-25,-0.09236246576236784,0,0.10506103323553789,20,1.5,2.0,garch,0.05108698450140289
2020-08-28,pl1s,-1,2020-09-28,0.05931978311782837,1,0.10506103323553789,20,1.5,2.0,garch,0.05162053125343705
2020-08-31,pl1s,1,2020-09-29,-0.05055038265403622,0,0.10506103323553789,20,1.5,2.0,garch,0.052329148033482396
2020-09-01,pl1s,1,2020-09-30,-0.05332589811055166,0,0.10506103323553789,20,1.5,2.0,garch,0.053037764813527746
2020-09-02,pl1s,1,2020-10-01,-0.005948321644483889,0,0.10506103323553789,20,1.5,2.0,garch,0.053746381593573096
2020-09-03,pl1s,1,2020-10-02,-0.0060258499704811674,0,0.10506103323553789,20,1.5,2.0,garch,0.05445499837361846
2020-09-04,pl1s,1,2020-10-05,-0.0008544140903304909,0,0.10506103323553789,20,1.5,2.0,garch,0.055163615153663796
2020-09-08,pl1s,1,2020-10-06,-0.05162155367190291,0,0.10506103323553789,20,1.5,2.0,garch,0.05587223193370915
2020-09-09,pl1s,1,2020-10-07,-0.07034596700696671,0,0.10506103323553789,20,1.5,2.0,garch,0.0565808487137545
2020-09-14,pl1s,-1,2020-10-12,0.0932922688818677,1,0.10506103323553789,20,1.5,2.0,garch,0.057848870542368994
2020-09-15,pl1s,-1,2020-10-13,0.11801588193476742,1,0.10506103323553789,20,1.5,2.0,garch,0.05798810752371124
2020-09-16,pl1s,1,2020-10-14,-0.12022154366610349,0,0.10506103323553789,20,1.5,2.0,garch,0.05812734450505349
2020-09-17,pl1s,1,2020-10-15,-0.08219873618967766,0,0.10506103323553789,20,1.5,2.0,garch,0.05826658148639573
2020-09-18,pl1s,1,2020-10-16,-0.0811753514367155,0,0.10506103323553789,20,1.5,2.0,garch,0.05840581846773797
2020-09-21,pl1s,1,2020-10-19,-0.023962925283411485,0,0.10506103323553789,20,1.5,2.0,garch,0.05854505544908022
2020-09-22,pl1s,1,2020-10-20,0.012814592476319886,1,0.10506103323553789,20,1.5,2.0,garch,0.05868429243042246
2020-09-25,pl1s,1,2020-10-23,0.06771078662114594,1,0.11137192522357062,20,1.5,2.0,garch,0.05826412436319557
2020-09-28,pl1s,1,2020-10-26,-0.015705631582878743,0,0.11137192522357062,20,1.5,2.0,garch,0.05784395629596868
2020-09-30,pl1s,1,2020-10-28,-0.03761548613514032,0,0.11137192522357062,20,1.5,2.0,garch,0.05671517144869644
2020-10-01,pl1s,1,2020-10-29,-0.062362030906897736,0,0.11137192522357062,20,1.5,2.0,garch,0.05600655466865109
2020-10-02,pl1s,1,2020-10-30,-0.048238725596918,0,0.11137192522357062,20,1.5,2.0,garch,0.05529793788860574
2020-10-05,pl1s,1,2020-11-02,-0.04996131313715568,0,0.11137192522357062,20,1.5,2.0,garch,0.05458932110856039
2020-10-06,pl1s,1,2020-11-03,0.005400436633033356,1,0.11137192522357062,20,1.5,2.0,garch,0.053880704328515036
2020-10-07,pl1s,1,2020-11-04,0.003807106595772103,1,0.11137192522357062,20,1.5,2.0,garch,0.053172087548469686
2020-10-08,pl1s,1,2020-11-05,0.04155092591828158,1,0.11137192522357062,20,1.5,2.0,garch,0.052463470768424336
2020-10-09,pl1s,1,2020-11-06,0.005702784298959207,1,0.11137192522357062,20,1.5,2.0,garch,0.05175485398837899
2020-10-12,pl1s,1,2020-11-09,-0.010156339146915383,0,0.11137192522357062,20,1.5,2.0,garch,0.05122130723634483
2020-10-13,pl1s,1,2020-11-10,0.02221458833947132,1,0.11137192522357062,20,1.5,2.0,garch,0.05084337828698732
2020-10-14,pl1s,1,2020-11-11,0.0054435950911839726,1,0.11137192522357062,20,1.5,2.0,garch,0.050465449337629795
2020-10-15,pl1s,1,2020-11-12,0.02635550911964013,1,0.11137192522357062,20,1.5,2.0,garch,0.05008752038827228
2020-10-16,pl1s,1,2020-11-13,0.03071436787473547,1,0.11137192522357062,20,1.5,2.0,garch,0.049709591438914756
2020-10-19,pl1s,1,2020-11-16,0.07411696582673288,1,0.11137192522357062,20,1.5,2.0,garch,0.04933166248955724
2020-10-20,pl1s,1,2020-11-17,0.06816368402913642,1,0.11137192522357062,20,1.5,2.0,garch,0.04895373354019972
2020-10-21,pl1s,1,2020-11-18,0.06376552187078088,1,0.11137192522357062,20,1.5,2.0,garch,0.048575804590842195
2020-10-22,pl1s,1,2020-11-19,0.07635746606671812,1,0.11137192522357062,20,1.5,2.0,garch,0.048197875641484665
2020-10-23,pl1s,1,2020-11-20,0.05569648174379016,1,0.08912961667618642,20,1.5,2.0,garch,0.047959183673469394
2020-10-26,pl1s,1,2020-11-23,0.06188739456673864,1,0.08912961667618642,20,1.5,2.0,garch,0.047845804988662144
2020-10-27,pl1s,1,2020-11-24,0.08062697339036129,1,0.08912961667618642,20,1.5,2.0,garch,0.04773242630385489
2020-10-28,pl1s,1,2020-11-25,0.10834285713904923,1,0.08912961667618642,20,1.5,2.0,garch,0.04773242630385489
2020-10-29,pl1s,1,2020-11-25,0.14161271336105097,1,0.08912961667618642,20,1.5,2.0,garch,0.047738095238095246
2020-10-30,pl1s,1,2020-11-25,0.1430928807156442,1,0.08912961667618642,20,1.5,2.0,garch,0.047744360902255645
2020-11-02,pl1s,1,2020-12-01,0.168004653866473,1,0.08912961667618642,20,1.5,2.0,garch,0.049177448757280695
2020-11-03,pl1s,1,2020-12-01,0.14731428571330296,1,0.08912961667618642,20,1.5,2.0,garch,0.049255368814192346
2020-11-04,pl1s,1,2020-12-01,0.15377542811781741,1,0.08912961667618642,20,1.5,2.0,garch,0.049341490982357857
2020-11-05,pl1s,1,2020-12-03,0.15412823647137563,1,0.08912961667618642,20,1.5,2.0,garch,0.052185771744595266
2020-11-06,pl1s,1,2020-12-03,0.15476984656327564,1,0.08912961667618642,20,1.5,2.0,garch,0.05242612564593989
2020-11-09,pl1s,1,2020-12-01,0.15736684344199503,1,0.08912961667618642,20,1.5,2.0,garch,0.04966444911297852
2020-11-10,pl1s,1,2020-12-02,0.13375154026463365,1,0.08912961667618642,20,1.5,2.0,garch,0.051495950944480354
2020-11-11,pl1s,1,2020-12-01,0.15643359059897977,1,0.08912961667618642,20,1.5,2.0,garch,0.04995664932639723
2020-11-12,pl1s,1,2020-12-01,0.13563348416683274,1,0.08912961667618642,20,1.5,2.0,garch,0.0501364648423472
2020-11-13,pl1s,1,2020-12-03,0.15915178571194555,1,0.08912961667618642,20,1.5,2.0,garch,0.05414293922697284
2020-11-16,pl1s,1,2020-12-04,0.1566576819466965,1,0.08912961667618642,20,1.5,2.0,garch,0.05723508517626164
2020-11-17,pl1s,1,2020-12-04,0.1448084516032102,1,0.08912961667618642,20,1.5,2.0,garch,0.05797478037297041
2020-11-18,pl1s,1,2020-12-17,0.10432222104648914,1,0.08912961667618642,20,1.5,2.0,garch,0.06798802271491347
2020-11-19,pl1s,1,2020-12-18,0.09626904887166265,1,0.08912961667618642,20,1.5,2.0,garch,0.06852156946694762
2020-11-20,pl1s,1,2020-12-21,0.06138063751470346,1,0.08912961667618642,20,1.5,2.0,garch,0.06905511621898176
2020-11-23,pl1s,1,2020-12-04,0.15144359772668903,1,0.08909040187047075,20,1.5,2.0,garch,0.06257732826360278
2020-11-24,pl1s,1,2020-12-23,0.06244513465641566,1,0.08909040187047075,20,1.5,2.0,garch,0.06996659192037344
2020-12-01,pl1s,-1,2020-12-30,-0.06826783551663751,0,0.08909040187047075,20,1.5,2.0,garch,0.06951611933367793
2020-12-02,pl1s,-1,2020-12-31,-0.06030050686291699,0,0.08909040187047075,20,1.5,2.0,garch,0.06913819038432042
2020-12-03,pl1s,-1,2021-01-04,-0.025874687951251918,0,0.08909040187047075,20,1.5,2.0,garch,0.06774276041746188
2020-12-04,pl1s,-1,2021-01-05,-0.03775439696864824,0,0.08909040187047075,20,1.5,2.0,garch,0.06634733045060336
2020-12-07,pl1s,-1,2021-01-06,-0.05198759906610073,0,0.08909040187047075,20,1.5,2.0,garch,0.06439927850255141
2020-12-08,pl1s,-1,2021-01-07,-0.07837492289456915,0,0.08909040187047075,20,1.5,2.0,garch,0.06148922559249849
2020-12-09,pl1s,-1,2021-01-08,-0.04592496395589474,0,0.08909040187047075,20,1.5,2.0,garch,0.05910827321154611
2020-12-10,pl1s,-1,2021-01-11,-0.010727593057883622,0,0.08909040187047075,20,1.5,2.0,garch,0.05716022126349417
2020-12-11,pl1s,-1,2021-01-12,-0.039140987666822946,0,0.08909040187047075,20,1.5,2.0,garch,0.05557291967619257
2020-12-14,pl1s,-1,2021-01-13,-0.08748815898405526,0,0.08909040187047075,20,1.5,2.0,garch,0.05429086839414129
2020-12-15,pl1s,-1,2021-01-14,-0.07771064285595752,0,0.08909040187047075,20,1.5,2.0,garch,0.053270460230875984
2020-12-16,pl1s,-1,2021-01-15,-0.04671620810003563,0,0.08909040187047075,20,1.5,2.0,garch,0.05247680943722519
2020-12-17,pl1s,-1,2021-01-19,-0.03405213848159305,0,0.08909040187047075,20,1.5,2.0,garch,0.0518815713419871
2020-12-18,pl1s,-1,2021-01-20,-0.06425166824823503,0,0.08909040187047075,20,1.5,2.0,garch,0.05146140327476021
2020-12-21,pl1s,-1,2021-01-21,-0.10404228247547231,0,0.08909040187047075,20,1.5,2.0,garch,0.05104123520753332
2020-12-22,pl1s,-1,2021-01-22,-0.09430990352512647,0,0.08909040187047075,20,1.5,2.0,garch,0.05062106714030642
2020-12-23,pl1s,-1,2021-01-25,-0.07891395644409704,0,0.08190920843404945,20,1.5,2.0,garch,0.05020089907307953
2020-12-24,pl1s,-1,2021-01-26,-0.06995169081676123,0,0.08190920843404945,20,1.5,2.0,garch,0.04993634880852927
2020-12-28,pl1s,-1,2021-01-27,-0.028500619581404818,0,0.08190920843404945,20,1.5,2.0,garch,0.04979711182718703
2020-12-29,pl1s,-1,2021-01-28,-0.009222661394711062,0,0.08190920843404945,20,1.5,2.0,garch,0.04979711182718702
2020-12-30,pl1s,-1,2021-01-29,-0.0006490496016264835,0,0.08190920843404945,20,1.5,2.0,garch,0.04992242511039503
2020-12-31,pl1s,-1,2021-02-01,-0.05522609340068696,0,0.08190920843404945,20,1.5,2.0,garch,0.050161117078410304
2021-01-04,pl1s,1,2021-02-02,0.022865142329140165,1,0.08190920843404945,20,1.5,2.0,garch,0.050399809046425575
2021-01-05,pl1s,1,2021-02-03,-0.004555198291064877,0,0.08190920843404945,20,1.5,2.0,garch,0.050777737995783105
2021-01-07,pl1s,-1,2021-02-05,-0.007469322432282377,0,0.08190920843404945,20,1.5,2.0,garch,0.05128098022834865
2021-01-08,pl1s,1,2021-02-08,0.09698497152693641,1,0.08190920843404945,20,1.5,2.0,garch,0.051406293511556664
2021-01-11,pl1s,1,2021-02-08,0.12502393259789857,1,0.08190920843404945,20,1.5,2.0,garch,0.051476608187134495
2021-01-12,pl1s,-1,2021-02-10,-0.1677280389534379,0,0.08190920843404945,20,1.5,2.0,garch,0.05179615705931496
2021-01-13,pl1s,-1,2021-02-11,-0.12271540470070241,0,0.08190920843404945,20,1.5,2.0,garch,0.05239139515455305
2021-01-14,pl1s,-1,2021-02-12,-0.11772017045021888,0,0.08190920843404945,20,1.5,2.0,garch,0.052986633249791144
2021-01-15,pl1s,-1,2021-02-16,-0.17405266538457265,0,0.08190920843404945,20,1.5,2.0,garch,0.053780284043441935
2021-01-19,pl1s,-1,2021-02-16,-0.17179487180096675,0,0.08190920843404945,20,1.5,2.0,garch,0.05396929824561404
2021-01-20,pl1s,-1,2021-02-18,-0.14179505554058114,0,0.08190920843404945,20,1.5,2.0,garch,0.05559434300035804
2021-01-21,pl1s,-1,2021-02-19,-0.14636524822990893,0,0.08190920843404945,20,1.5,2.0,garch,0.05638799379400883
2021-01-22,pl1s,-1,2021-02-22,-0.15356243252751822,0,0.08190920843404945,20,1.5,2.0,garch,0.057670045076060106
2021-01-25,pl1s,-1,2021-02-19,-0.1705440391102655,0,0.08190920843404945,20,1.5,2.0,garch,0.057060414193378185
2021-01-26,pl1s,-1,2021-02-24,-0.13590391908978972,0,0.09075763034090877,20,1.5,2.0,garch,0.059972504521376695
2021-01-28,pl1s,1,2021-02-10,0.16271913464827348,1,0.09075763034090877,20,1.5,2.0,garch,0.05350877192982455
2021-01-29,pl1s,1,2021-02-10,0.15539288361622416,1,0.09075763034090877,20,1.5,2.0,garch,0.05360623781676413
2021-02-01,pl1s,-1,2021-03-02,-0.06638566912813704,0,0.09075763034090877,20,1.5,2.0,garch,0.06242602979113373
2021-02-02,pl1s,1,2021-02-10,0.13768248174624786,1,0.09075763034090877,20,1.5,2.0,garch,0.053884711779448626
2021-02-04,pl1s,1,2021-02-12,0.14143245693671846,1,0.09075763034090877,20,1.5,2.0,garch,0.056286549707602336
2021-02-05,pl1s,1,2021-02-19,0.14130626654905876,1,0.09075763034090877,20,1.5,2.0,garch,0.06098788638262322
2021-02-08,pl1s,1,2021-03-09,0.00017018380503852626,1,0.09075763034090877,20,1.5,2.0,garch,0.06221764234258705
2021-02-09,pl1s,-1,2021-03-10,-0.006195579370779747,0,0.09075763034090877,20,1.5,2.0,garch,0.06197895037457178
2021-02-10,pl1s,-1,2021-03-11,0.03576870639183494,1,0.09075763034090877,20,1.5,2.0,garch,0.061601021425214265
2021-02-11,pl1s,-1,2021-03-12,0.037449879708434386,1,0.09075763034090877,20,1.5,2.0,garch,0.061362329457198994
2021-02-12,pl1s,-1,2021-03-15,0.039316918188180394,1,0.09075763034090877,20,1.5,2.0,garch,0.06065371267715364
2021-02-16,pl1s,-1,2021-03-16,0.04728040012572199,1,0.09075763034090877,20,1.5,2.0,garch,0.05994509589710829
2021-02-17,pl1s,-1,2021-03-17,0.04643396676815914,1,0.09075763034090877,20,1.5,2.0,garch,0.05903806641865024
2021-02-18,pl1s,-1,2021-03-18,0.044873303522561137,1,0.09075763034090877,20,1.5,2.0,garch,0.05790427957057768
2021-02-19,pl1s,-1,2021-03-19,0.07192019179386566,1,0.09075763034090877,20,1.5,2.0,garch,0.05699725009211963
2021-02-22,pl1s,-1,2021-03-22,0.07653969294806295,1,0.09075763034090877,20,1.5,2.0,garch,0.056090220613661576
2021-02-23,pl1s,-1,2021-03-23,0.05228357975912867,1,0.09075763034090877,20,1.5,2.0,garch,0.05469479064680304
2021-02-24,pl1s,-1,2021-03-24,0.061241661274546,1,0.09075763034090877,20,1.5,2.0,garch,0.0532993606799445
2021-02-25,pl1s,-1,2021-03-25,0.062402369113720324,1,0.09683074149829363,20,1.5,2.0,garch,0.05216557383187194
2021-02-26,pl1s,-1,2021-03-26,0.006349099451766871,1,0.09683074149829363,20,1.5,2.0,garch,0.05103178698379937
2021-03-01,pl1s,-1,2021-03-29,0.009345723440933984,1,0.09683074149829363,20,1.5,2.0,garch,0.05012475750534132
2021-03-02,pl1s,-1,2021-03-30,0.04747652645253375,1,0.09683074149829363,20,1.5,2.0,garch,0.04941614072529597
2021-03-03,pl1s,1,2021-03-31,0.004858569123573853,1,0.09683074149829363,20,1.5,2.0,garch,0.048882593973261834
2021-03-04,pl1s,1,2021-04-01,0.06102796712499736,1,0.09683074149829363,20,1.5,2.0,garch,0.048349047221227674
2021-03-05,pl1s,1,2021-04-05,0.06867062367204291,1,0.09683074149829363,20,1.5,2.0,garch,0.04797111827187016
2021-03-08,pl1s,1,2021-04-06,0.07296631069114401,1,0.09683074149829363,20,1.5,2.0,garch,0.047845804988662144
2021-03-09,pl1s,1,2021-04-07,0.04458707576955412,1,0.09683074149829363,20,1.5,2.0,garch,0.047845804988662144
2021-03-10,pl1s,1,2021-04-08,0.024543203464104657,1,0.09683074149829363,20,1.5,2.0,garch,0.047959183673469394
2021-03-11,pl1s,1,2021-04-09,0.0024808497796955375,1,0.09683074149829363,20,1.5,2.0,garch,0.04807256235827665
2021-03-12,pl1s,1,2021-04-12,-0.024496097551315432,0,0.09683074149829363,20,1.5,2.0,garch,0.04818594104308391
2021-03-15,pl1s,1,2021-04-13,-0.0465017501304662,0,0.09683074149829363,20,1.5,2.0,garch,0.048299319727891164
2021-03-16,pl1s,1,2021-04-14,-0.037413914402240844,0,0.09683074149829363,20,1.5,2.0,garch,0.04841269841269842
2021-03-17,pl1s,1,2021-04-15,-0.0025740384064306676,0,0.09683074149829363,20,1.5,2.0,garch,0.04852607709750568
2021-03-18,pl1s,1,2021-04-16,-0.01052589825382133,0,0.09683074149829363,20,1.5,2.0,garch,0.048639455782312935
2021-03-19,pl1s,1,2021-04-19,0.0019931899376872675,1,0.09683074149829363,20,1.5,2.0,garch,0.048878147750328206
2021-03-22,pl1s,1,2021-04-20,0.006901775940640231,1,0.09683074149829363,20,1.5,2.0,garch,0.04911683971834348
2021-03-23,pl1s,1,2021-04-21,0.030454699699022036,1,0.09683074149829363,20,1.5,2.0,garch,0.04935553168635874
2021-03-24,pl1s,1,2021-04-22,0.02000337609123015,1,0.09683074149829363,20,1.5,2.0,garch,0.04959422365437403
2021-03-25,pl1s,1,2021-04-23,0.0643936124289306,1,0.09683074149829363,20,1.5,2.0,garch,0.0498329156223893
2021-03-26,pl1s,1,2021-04-26,0.053736142847814694,1,0.08456540465006109,20,1.5,2.0,garch,0.05007160759040457
2021-03-29,pl1s,1,2021-04-27,0.055231821636338774,1,0.08456540465006109,20,1.5,2.0,garch,0.05031029955841985
2021-03-30,pl1s,1,2021-04-28,0.04445976218795722,1,0.08456540465006109,20,1.5,2.0,garch,0.05054899152643512
2021-03-31,pl1s,1,2021-04-29,0.005119597151590272,1,0.08456540465006109,20,1.5,2.0,garch,0.050787683494450404
2021-04-01,pl1s,1,2021-04-30,-0.002813172263532726,0,0.08456540465006109,20,1.5,2.0,garch,0.051026375462465676
2021-04-05,pl1s,1,2021-05-03,0.016779633002060867,1,0.08456540465006109,20,1.5,2.0,garch,0.051265067430480954
2021-04-07,pl1s,1,2021-05-05,-0.0025164380170975553,0,0.08456540465006109,20,1.5,2.0,garch,0.05150375939849624
2021-04-08,pl1s,1,2021-05-06,0.01796988829726609,1,0.08456540465006109,20,1.5,2.0,garch,0.05150375939849624
2021-04-09,pl1s,1,2021-05-07,0.03737699496080116,1,0.08456540465006109,20,1.5,2.0,garch,0.05150375939849624
2021-04-12,pl1s,1,2021-05-10,0.07720463057130722,1,0.08456540465006109,20,1.5,2.0,garch,0.051503759398496246
2021-04-13,pl1s,1,2021-05-11,0.0726817042538459,1,0.08456540465006109,20,1.5,2.0,garch,0.051503759398496246
2021-04-14,pl1s,1,2021-05-12,0.04119245796013571,1,0.08456540465006109,20,1.5,2.0,garch,0.051503759398496246
2021-04-15,pl1s,1,2021-05-13,0.005249125144583866,1,0.08456540465006109,20,1.5,2.0,garch,0.051503759398496246
2021-04-16,pl1s,1,2021-05-14,0.011665425662464202,1,0.08456540465006109,20,1.5,2.0,garch,0.051503759398496246
2021-04-20,pl1s,1,2021-05-18,0.024241411024339188,1,0.08456540465006109,20,1.5,2.0,garch,0.051265067430480975
2021-04-21,pl1s,1,2021-05-19,-0.010784555861059086,0,0.08456540465006109,20,1.5,2.0,garch,0.051026375462465696
2021-04-22,pl1s,1,2021-05-20,-0.0028961522541934848,0,0.08456540465006109,20,1.5,2.0,garch,0.050787683494450425
2021-04-23,pl1s,1,2021-05-21,-0.051658421868518545,0,0.08456540465006109,20,1.5,2.0,garch,0.05054899152643514
2021-04-26,pl1s,1,2021-05-24,-0.05428846771652995,0,0.08456540465006109,20,1.5,2.0,garch,0.05031029955841987
2021-04-27,pl1s,1,2021-05-25,-0.042096838735191544,0,0.07475637894359083,20,1.5,2.0,garch,0.0500716075904046
2021-04-28,pl1s,1,2021-05-26,-0.009899356540767124,0,0.07475637894359083,20,1.5,2.0,garch,0.04983291562238932
2021-04-29,pl1s,1,2021-05-27,-0.015447561790367548,0,0.07475637894359083,20,1.5,2.0,garch,0.04959422365437405
2021-04-30,pl1s,1,2021-05-28,-0.018918021905655946,0,0.07475637894359083,20,1.5,2.0,garch,0.04935553168635877
2021-05-03,pl1s,1,2021-06-01,-0.0247134379297691,0,0.07475637894359083,20,1.5,2.0,garch,0.0491168397183435
2021-05-04,pl1s,1,2021-06-02,-0.031742165936107125,0,0.07475637894359083,20,1.5,2.0,garch,0.04887814775032821
2021-05-05,pl1s,1,2021-06-03,-0.05395507812701095,0,0.07475637894359083,20,1.5,2.0,garch,0.04863945578231294
2021-05-06,pl1s,1,2021-06-04,-0.07410941475910426,0,0.07475637894359083,20,1.5,2.0,garch,0.04852607709750568
2021-05-07,pl1s,1,2021-06-07,-0.06353128736606573,0,0.07475637894359083,20,1.5,2.0,garch,0.04841269841269842
2021-05-10,pl1s,1,2021-06-08,-0.08139075464139689,0,0.07475637894359083,20,1.5,2.0,garch,0.048299319727891164
2021-05-11,pl1s,1,2021-06-09,-0.07202707057481605,0,0.07475637894359083,20,1.5,2.0,garch,0.04818594104308391
2021-05-12,pl1s,1,2021-06-10,-0.06517660494644173,0,0.07475637894359083,20,1.5,2.0,garch,0.04818594104308391
2021-05-13,pl1s,1,2021-06-11,-0.04591794446679287,0,0.07475637894359083,20,1.5,2.0,garch,0.04818594104308391
2021-05-14,pl1s,1,2021-06-14,-0.047023225383328704,0,0.07475637894359083,20,1.5,2.0,garch,0.04818594104308391
2021-05-17,pl1s,1,2021-06-15,-0.07705905986215644,0,0.07475637894359083,20,1.5,2.0,garch,0.04818594104308391
2021-05-18,pl1s,1,2021-06-16,-0.0680649636847378,0,0.07475637894359083,20,1.5,2.0,garch,0.04818594104308391
2021-05-19,pl1s,1,2021-06-17,-0.12183754993259255,0,0.07475637894359083,20,1.5,2.0,garch,0.048299319727891164
2021-05-20,pl1s,1,2021-06-18,-0.13609958505951758,0,0.07475637894359083,20,1.5,2.0,garch,0.04841269841269842
2021-05-21,pl1s,1,2021-06-21,-0.10221973960370312,0,0.07475637894359083,20,1.5,2.0,garch,0.04852607709750568
2021-05-24,pl1s,1,2021-06-22,-0.09257074460262305,0,0.07475637894359083,20,1.5,2.0,garch,0.048639455782312935
2021-05-25,pl1s,1,2021-06-23,-0.09338960128925589,0,0.07475637894359083,20,1.5,2.0,garch,0.048752834467120185
2021-05-26,pl1s,1,2021-06-24,-0.09040537828395967,0,0.07201631353769214,20,1.5,2.0,garch,0.048991526435135456
2021-05-27,pl1s,1,2021-06-25,-0.06601909199281275,0,0.07201631353769214,20,1.5,2.0,garch,0.04936945538449298
2021-05-28,pl1s,1,2021-06-28,-0.07384827255561399,0,0.07201631353769214,20,1.5,2.0,garch,0.04990300213652713
2021-06-01,pl1s,1,2021-06-29,-0.1111961878765142,0,0.07201631353769214,20,1.5,2.0,garch,0.05043654888856128
2021-06-02,pl1s,1,2021-06-30,-0.10405911699238402,0,0.07201631353769214,20,1.5,2.0,garch,0.050970095640595424
2021-06-03,pl1s,1,2021-07-01,-0.07392985444654354,0,0.07201631353769214,20,1.5,2.0,garch,0.05150364239262957
2021-06-04,pl1s,1,2021-07-02,-0.06962451108623069,0,0.07201631353769214,20,1.5,2.0,garch,0.052037189144663716
2021-06-07,pl1s,1,2021-07-06,-0.08099754234763146,0,0.07201631353769214,20,1.5,2.0,garch,0.05257073589669787
2021-06-08,pl1s,1,2021-07-07,-0.07307309605885592,0,0.07201631353769214,20,1.5,2.0,garch,0.053104282648732015
2021-06-09,pl1s,1,2021-07-08,-0.0708610333630364,0,0.07201631353769214,20,1.5,2.0,garch,0.05363782940076616
2021-06-11,pl1s,1,2021-07-12,-0.028331708075509776,0,0.07201631353769214,20,1.5,2.0,garch,0.054435926417350566
2021-06-14,pl1s,1,2021-07-13,-0.05025762670303757,0,0.07201631353769214,20,1.5,2.0,garch,0.05470047668190083
2021-06-15,pl1s,1,2021-07-14,-0.021794465306665955,0,0.07201631353769214,20,1.5,2.0,garch,0.0549650269464511
2021-06-16,pl1s,1,2021-07-15,-0.007681670195285983,0,0.07201631353769214,20,1.5,2.0,garch,0.05522957721100136
2021-06-17,pl1s,1,2021-07-16,0.04629040674992235,1,0.07201631353769214,20,1.5,2.0,garch,0.05549412747555164
2021-06-18,pl1s,1,2021-07-19,0.025066972827248124,1,0.07201631353769214,20,1.5,2.0,garch,0.055758677740101896
2021-06-21,pl1s,1,2021-07-20,0.010530310225664419,1,0.07201631353769214,20,1.5,2.0,garch,0.05602322800465216
2021-06-22,pl1s,1,2021-07-21,0.0022369279497922445,1,0.07201631353769214,20,1.5,2.0,garch,0.05628777826920243
2021-06-23,pl1s,1,2021-07-22,0.001009637450487988,1,0.07201631353769214,20,1.5,2.0,garch,0.05655232853375269
2021-06-29,pl1s,1,2021-07-28,-0.011675695871689151,0,0.08779788973205375,20,1.5,2.0,garch,0.056018781781718534
2021-06-30,pl1s,1,2021-07-29,-0.0049398825590799555,0,0.08779788973205375,20,1.5,2.0,garch,0.05548523502968439
2021-07-01,pl1s,1,2021-07-30,-0.030067536314672738,0,0.08779788973205375,20,1.5,2.0,garch,0.05495168827765024
2021-07-02,pl1s,1,2021-08-02,-0.028868254114504555,0,0.08779788973205375,20,1.5,2.0,garch,0.05441814152561611
2021-07-06,pl1s,1,2021-08-03,-0.03422509224548376,0,0.08779788973205375,20,1.5,2.0,garch,0.05388459477358195
2021-07-07,pl1s,1,2021-08-04,-0.056012570474274215,0,0.08779788973205375,20,1.5,2.0,garch,0.05335104802154781
2021-07-08,pl1s,1,2021-08-05,-0.0640297812976639,0,0.08779788973205375,20,1.5,2.0,garch,0.05293087995432092
2021-07-09,pl1s,1,2021-08-06,-0.11271333393606109,0,0.08779788973205375,20,1.5,2.0,garch,0.052636025170302046
2021-07-12,pl1s,1,2021-08-09,-0.13544078361591128,0,0.08779788973205375,20,1.5,2.0,garch,0.05234117038628317
2021-07-13,pl1s,1,2021-08-10,-0.11177105831459921,0,0.08779788973205375,20,1.5,2.0,garch,0.05220193340494091
2021-07-14,pl1s,1,2021-08-11,-0.09972520166807608,0,0.08779788973205375,20,1.5,2.0,garch,0.052062696423598676
2021-07-15,pl1s,1,2021-08-12,-0.10547596027423933,0,0.08779788973205375,20,1.5,2.0,garch,0.052062696423598676
2021-07-16,pl1s,1,2021-08-13,-0.07442489851429335,0,0.08779788973205375,20,1.5,2.0,garch,0.0522183142262753
2021-07-19,pl1s,1,2021-08-16,-0.04694791861159642,0,0.08779788973205375,20,1.5,2.0,garch,0.05237393202895192
2021-07-20,pl1s,1,2021-08-17,-0.06702966579513625,0,0.08779788973205375,20,1.5,2.0,garch,0.05252954983162856
2021-07-21,pl1s,1,2021-08-18,-0.07337487212608063,0,0.08779788973205375,20,1.5,2.0,garch,0.05268516763430518
2021-07-22,pl1s,1,2021-08-19,-0.10948101962655721,0,0.08779788973205375,20,1.5,2.0,garch,0.05284078543698181
2021-07-23,pl1s,1,2021-08-20,-0.06331260600115207,0,0.08779788973205375,20,1.5,2.0,garch,0.052996403239658436
2021-07-26,pl1s,1,2021-08-23,-0.0522429906522075,0,0.08779788973205375,20,1.5,2.0,garch,0.05315202104233506
2021-07-27,pl1s,1,2021-08-24,-0.037541686522554296,0,0.07997433428061347,20,1.5,2.0,garch,0.053446875826353935
2021-07-28,pl1s,1,2021-08-25,-0.06105283054421451,0,0.07997433428061347,20,1.5,2.0,garch,0.053867043893580824
2021-07-29,pl1s,1,2021-08-26,-0.08626826527095655,0,0.07997433428061347,20,1.5,2.0,garch,0.05440059064561497
2021-07-30,pl1s,1,2021-08-27,-0.039965661960313925,0,0.07997433428061347,20,1.5,2.0,garch,0.054934137397649116
2021-08-02,pl1s,1,2021-08-30,-0.051311180532202516,0,0.07997433428061347,20,1.5,2.0,garch,0.05546768414968326
2021-08-03,pl1s,1,2021-08-31,-0.03133059509238867,0,0.07997433428061347,20,1.5,2.0,garch,0.056001230901717415
2021-08-04,pl1s,1,2021-09-01,-0.02124742975033045,0,0.07997433428061347,20,1.5,2.0,garch,0.05653477765375156
2021-08-09,pl1s,1,2021-09-07,0.025749304769303594,1,0.07997433428061347,20,1.5,2.0,garch,0.05733287467033597
2021-08-10,pl1s,1,2021-09-08,-0.01104356636827264,0,0.07997433428061347,20,1.5,2.0,garch,0.05733287467033596
2021-08-11,pl1s,1,2021-09-09,-0.04046868845672291,0,0.07997433428061347,20,1.5,2.0,garch,0.05733287467033596
2021-08-16,pl1s,1,2021-09-14,-0.08069728723584946,0,0.07997433428061347,20,1.5,2.0,garch,0.056534777653751554
2021-08-17,pl1s,1,2021-09-15,-0.06369490843605641,0,0.07997433428061347,20,1.5,2.0,garch,0.056001230901717415
2021-08-18,pl1s,1,2021-09-16,-0.07336411079520577,0,0.07997433428061347,20,1.5,2.0,garch,0.05546768414968327
2021-08-19,pl1s,1,2021-09-17,-0.04180395386514002,0,0.07997433428061347,20,1.5,2.0,garch,0.05493413739764913
2021-08-20,pl1s,1,2021-09-20,-0.09555421443733914,0,0.07997433428061347,20,1.5,2.0,garch,0.054400590645614984
2021-08-23,pl1s,1,2021-09-21,-0.06262836982349329,0,0.07997433428061347,20,1.5,2.0,garch,0.05386704389358084
2021-08-24,pl1s,-1,2021-09-22,0.010417113154529867,1,0.07997433428061347,20,1.5,2.0,garch,0.05333349714154669
2021-08-25,pl1s,1,2021-09-23,0.0016896350656949721,1,0.07924897944188489,20,1.5,2.0,garch,0.05279995038951254
2021-08-26,pl1s,1,2021-09-24,0.0005975394310453463,1,0.07924897944188489,20,1.5,2.0,garch,0.05237978232228565
2021-08-27,pl1s,1,2021-09-27,-0.02873068439409865,0,0.07924897944188489,20,1.5,2.0,garch,0.05195961425505876
2021-08-30,pl1s,1,2021-09-28,-0.040329206820456376,0,0.07924897944188489,20,1.5,2.0,garch,0.05153944618783187
2021-08-31,pl1s,1,2021-09-29,-0.06637470154014313,0,0.07924897944188489,20,1.5,2.0,garch,0.05111927812060498
2021-09-01,pl1s,1,2021-09-30,-0.03742898092750646,0,0.07924897944188489,20,1.5,2.0,garch,0.05069911005337808
2021-09-02,pl1s,1,2021-10-01,-0.020937939931119587,0,0.07924897944188489,20,1.5,2.0,garch,0.05027894198615119
2021-09-03,pl1s,1,2021-10-04,-0.0589407120691986,0,0.07924897944188489,20,1.5,2.0,garch,0.0498587739189243
2021-09-07,pl1s,1,2021-10-05,-0.0364629291848767,0,0.07924897944188489,20,1.5,2.0,garch,0.049594223654374034
2021-09-08,pl1s,1,2021-10-06,0.0009043126539345359,1,0.07924897944188489,20,1.5,2.0,garch,0.049594223654374034
2021-09-09,pl1s,1,2021-10-07,0.010857771543185013,1,0.07924897944188489,20,1.5,2.0,garch,0.04973346063571628
2021-09-10,pl1s,1,2021-10-08,0.07472175502087297,1,0.07924897944188489,20,1.5,2.0,garch,0.04987269761705852
2021-09-13,pl1s,1,2021-10-11,0.05135884613726671,1,0.07924897944188489,20,1.5,2.0,garch,0.0501675524010774
2021-09-14,pl1s,1,2021-10-12,0.07752746116344023,1,0.07924897944188489,20,1.5,2.0,garch,0.05058772046830429
2021-09-15,pl1s,1,2021-10-13,0.10045378631993973,1,0.07924897944188489,20,1.5,2.0,garch,0.05112126722033843
2021-09-16,pl1s,1,2021-10-14,0.1394627960086663,1,0.07924897944188489,20,1.5,2.0,garch,0.05165481397237258
2021-09-17,pl1s,1,2021-10-14,0.13052439238774238,1,0.07924897944188489,20,1.5,2.0,garch,0.05185660229003882
2021-09-20,pl1s,1,2021-10-08,0.14320658215869164,1,0.07924897944188489,20,1.5,2.0,garch,0.05028125870231134
2021-09-21,pl1s,1,2021-10-19,0.10128312999153422,1,0.07924897944188489,20,1.5,2.0,garch,0.0532749064538096
2021-09-22,pl1s,1,2021-10-20,0.052510502107701695,1,0.07924897944188489,20,1.5,2.0,garch,0.053808453205843744
2021-09-23,pl1s,1,2021-10-21,0.054550934292672215,1,0.07924897944188489,20,1.5,2.0,garch,0.05434199995787789
2021-09-27,pl1s,1,2021-10-25,0.08795254652788342,1,0.09887351457454827,20,1.5,2.0,garch,0.0551400969744623
2021-09-28,pl1s,1,2021-10-26,0.07381224658810837,1,0.09887351457454827,20,1.5,2.0,garch,0.05540464723901256
2021-09-29,pl1s,1,2021-10-27,0.0763463569180971,1,0.09887351457454827,20,1.5,2.0,garch,0.05566919750356283
2021-09-30,pl1s,1,2021-10-28,0.06390274314169542,1,0.09887351457454827,20,1.5,2.0,garch,0.0559337477681131
2021-10-01,pl1s,1,2021-10-29,0.04837715694395439,1,0.09887351457454827,20,1.5,2.0,garch,0.056198298032663366
2021-10-04,pl1s,1,2021-11-01,0.10992096506789184,1,0.09887351457454827,20,1.5,2.0,garch,0.056618466099890255
2021-10-05,pl1s,1,2021-11-02,0.08282975620615063,1,0.09887351457454827,20,1.5,2.0,garch,0.057038634167117144
2021-10-08,pl1s,-1,2021-11-05,-0.007391558065858783,0,0.09887351457454827,20,1.5,2.0,garch,0.057458802234344034
2021-10-11,pl1s,-1,2021-11-08,-0.05273612076631795,0,0.09887351457454827,20,1.5,2.0,garch,0.05731956525300178
2021-10-12,pl1s,-1,2021-11-09,-0.04912523474973152,0,0.09887351457454827,20,1.5,2.0,garch,0.05702471046898291
2021-10-13,pl1s,-1,2021-11-10,-0.05155243116901609,0,0.09887351457454827,20,1.5,2.0,garch,0.05672985568496404
2021-10-14,pl1s,-1,2021-11-11,-0.04010263232467293,0,0.09887351457454827,20,1.5,2.0,garch,0.05657423788228741
2021-10-15,pl1s,-1,2021-11-12,-0.0286146000567864,0,0.09887351457454827,20,1.5,2.0,garch,0.05657423788228741
2021-10-18,pl1s,-1,2021-11-15,-0.056845553517402614,0,0.09887351457454827,20,1.5,2.0,garch,0.056399167854276205
2021-10-19,pl1s,-1,2021-11-16,-0.026167510264411442,0,0.09887351457454827,20,1.5,2.0,garch,0.05639916785427622
2021-10-21,pl1s,1,2021-11-18,0.006382776035084303,1,0.09887351457454827,20,1.5,2.0,garch,0.05639916785427622
2021-10-22,pl1s,1,2021-11-19,-0.015302727873085065,0,0.09887351457454827,20,1.5,2.0,garch,0.05639916785427622
2021-10-25,pl1s,-1,2021-11-22,0.04577928181505453,1,0.08377241376016992,20,1.5,2.0,garch,0.05657423788228742
2021-10-26,pl1s,1,2021-11-23,-0.06651176299181527,0,0.08377241376016992,20,1.5,2.0,garch,0.05690492571297525
2021-10-27,pl1s,1,2021-11-24,-0.043166879235061906,0,0.08377241376016992,20,1.5,2.0,garch,0.05723561354366308
2021-10-28,pl1s,1,2021-11-26,-0.06797538822504201,0,0.08377241376016992,20,1.5,2.0,garch,0.05756630137435091
2021-10-29,pl1s,1,2021-11-29,-0.05506025277374549,0,0.08377241376016992,20,1.5,2.0,garch,0.05809540190345144
2021-11-02,pl1s,1,2021-12-01,-0.10016357163847056,0,0.08377241376016992,20,1.5,2.0,garch,0.058799572460563165
2021-11-03,pl1s,1,2021-12-02,-0.08743276283439927,0,0.08377241376016992,20,1.5,2.0,garch,0.05897464248857437
2021-11-04,pl1s,1,2021-12-03,-0.10016516079161009,0,0.08377241376016992,20,1.5,2.0,garch,0.05914971251658557
2021-11-05,pl1s,1,2021-12-06,-0.09596447190913682,0,0.08377241376016992,20,1.5,2.0,garch,0.059480400347273414
2021-11-08,pl1s,1,2021-12-07,-0.10377358490650845,0,0.08377241376016992,20,1.5,2.0,garch,0.059950325159303486
2021-11-09,pl1s,1,2021-12-08,-0.09939702279435325,0,0.08377241376016992,20,1.5,2.0,garch,0.060420249971333564
2021-11-10,pl1s,1,2021-12-09,-0.12934076137326822,0,0.08377241376016992,20,1.5,2.0,garch,0.060890174783363636
2021-11-15,pl1s,-1,2021-11-26,0.1300027349806545,1,0.08377241376016992,20,1.5,2.0,garch,0.06009440813362383
2021-11-16,pl1s,1,2021-12-15,-0.16779897626748408,0,0.08377241376016992,20,1.5,2.0,garch,0.06106524481137484
2021-11-17,pl1s,1,2021-12-16,-0.13113834065869812,0,0.08377241376016992,20,1.5,2.0,garch,0.06077039002735597
2021-11-18,pl1s,1,2021-12-17,-0.1153918970046337,0,0.08377241376016992,20,1.5,2.0,garch,0.0604755352433371
2021-11-23,pl1s,1,2021-12-22,0.001195628004353022,1,0.08006087525352557,20,1.5,2.0,garch,0.05920751341472261
2021-11-24,pl1s,1,2021-12-23,-0.0014688785784325864,0,0.08006087525352557,20,1.5,2.0,garch,0.05849889663467726
2021-11-26,pl1s,1,2021-12-27,0.019244833511120385,1,0.08006087525352557,20,1.5,2.0,garch,0.05779027985463192
2021-11-29,pl1s,1,2021-12-28,0.017605430117298093,1,0.08006087525352557,20,1.5,2.0,garch,0.05708166307458657
2021-11-30,pl1s,1,2021-12-29,0.04784172278451382,1,0.08006087525352557,20,1.5,2.0,garch,0.056174633596128516
2021-12-01,pl1s,1,2021-12-30,0.03320612499923126,1,0.08006087525352557,20,1.5,2.0,garch,0.05526760411767047
2021-12-02,pl1s,1,2021-12-31,0.03724907536307387,1,0.08006087525352557,20,1.5,2.0,garch,0.05455898733762512
2021-12-03,pl1s,1,2022-01-03,0.03178167591886738,1,0.08006087525352557,20,1.5,2.0,garch,0.05385037055757977
2021-12-06,pl1s,1,2022-01-04,0.038942425936320246,1,0.08006087525352557,20,1.5,2.0,garch,0.05314175377753441
2021-12-07,pl1s,1,2022-01-05,0.05644035858717045,1,0.08006087525352557,20,1.5,2.0,garch,0.05243313699748906
2021-12-08,pl1s,1,2022-01-06,0.006745139948633128,1,0.08006087525352557,20,1.5,2.0,garch,0.05183789890225097
2021-12-09,pl1s,1,2022-01-07,0.021798523974694506,1,0.08006087525352557,20,1.5,2.0,garch,0.051242660807012876
2021-12-10,pl1s,1,2022-01-10,0.001071719716609465,1,0.08006087525352557,20,1.5,2.0,garch,0.05064742271177477
2021-12-13,pl1s,1,2022-01-11,0.05436850292149131,1,0.08006087525352557,20,1.5,2.0,garch,0.050052184616536675
2021-12-14,pl1s,1,2022-01-12,0.07781419681311519,1,0.08006087525352557,20,1.5,2.0,garch,0.049632016549309786
2021-12-15,pl1s,1,2022-01-05,0.12236450531761611,1,0.08006087525352557,20,1.5,2.0,garch,0.04911445279866333
2021-12-16,pl1s,1,2022-01-14,0.040213551613732745,1,0.08006087525352557,20,1.5,2.0,garch,0.04912877431674424
2021-12-17,pl1s,1,2022-01-18,0.049951763309556085,1,0.08006087525352557,20,1.5,2.0,garch,0.04889008234872897
2021-12-20,pl1s,1,2022-01-19,0.11467591588973236,1,0.08006087525352557,20,1.5,2.0,garch,0.0486513903807137
2021-12-21,pl1s,1,2022-01-20,0.1367373431384047,1,0.08006087525352557,20,1.5,2.0,garch,0.04841269841269842
2021-12-22,pl1s,1,2022-01-21,0.07408944692541297,1,0.08006087525352557,20,1.5,2.0,garch,0.048299319727891164
2021-12-23,pl1s,1,2022-01-24,0.04947541658171306,1,0.0884757934741635,20,1.5,2.0,garch,0.048299319727891164
2021-12-27,pl1s,1,2022-01-25,0.05612770340582873,1,0.0884757934741635,20,1.5,2.0,garch,0.048299319727891164
2021-12-28,pl1s,1,2022-01-26,0.06746274750268944,1,0.0884757934741635,20,1.5,2.0,garch,0.048299319727891164
2021-12-29,pl1s,1,2022-01-27,0.053402061859231464,1,0.0884757934741635,20,1.5,2.0,garch,0.048299319727891164
2021-12-30,pl1s,1,2022-01-28,0.043541364294681806,1,0.0884757934741635,20,1.5,2.0,garch,0.048299319727891164
2021-12-31,pl1s,1,2022-01-31,0.0565100393343001,1,0.0884757934741635,20,1.5,2.0,garch,0.048299319727891164
2022-01-03,pl1s,1,2022-02-01,0.07253668762860688,1,0.0884757934741635,20,1.5,2.0,garch,0.048299319727891164
2022-01-04,pl1s,1,2022-02-02,0.07464991762619122,1,0.0884757934741635,20,1.5,2.0,garch,0.048299319727891164
2022-01-05,pl1s,-1,2022-02-03,-0.02834614233396704,0,0.0884757934741635,20,1.5,2.0,garch,0.04841269841269842
2022-01-06,pl1s,1,2022-02-04,0.06609763713680383,1,0.0884757934741635,20,1.5,2.0,garch,0.04852607709750568
2022-01-07,pl1s,1,2022-02-07,0.06638787244898925,1,0.0884757934741635,20,1.5,2.0,garch,0.04852607709750568
2022-01-10,pl1s,1,2022-02-08,0.11000428448450261,1,0.0884757934741635,20,1.5,2.0,garch,0.04852607709750568
2022-01-11,pl1s,1,2022-02-09,0.06596794081699753,1,0.0884757934741635,20,1.5,2.0,garch,0.04852607709750568
2022-01-12,pl1s,1,2022-02-10,0.06366697274749611,1,0.0884757934741635,20,1.5,2.0,garch,0.04865139038071369
2022-01-13,pl1s,1,2022-02-11,0.04782966468269767,1,0.0884757934741635,20,1.5,2.0,garch,0.04877670366392171
2022-01-14,pl1s,1,2022-02-14,0.06572672610374597,1,0.0884757934741635,20,1.5,2.0,garch,0.04890201694712972
2022-01-18,pl1s,1,2022-02-15,0.04175599796020757,1,0.0884757934741635,20,1.5,2.0,garch,0.04914070891514499
2022-01-19,pl1s,1,2022-02-16,0.03432516530457108,1,0.0884757934741635,20,1.5,2.0,garch,0.049379400883160264
2022-01-20,pl1s,-1,2022-02-17,-0.039874381424451766,0,0.0884757934741635,20,1.5,2.0,garch,0.04961809285117554
2022-01-21,pl1s,1,2022-02-18,0.04028596270379947,1,0.0884757934741635,20,1.5,2.0,garch,0.049996021800533065
2022-01-24,pl1s,1,2022-02-22,0.06439282564091608,1,0.0884757934741635,20,1.5,2.0,garch,0.050373950749890595
2022-01-25,pl1s,1,2022-02-23,0.06455387615879693,1,0.09378660731819527,20,1.5,2.0,garch,0.05075187969924812
2022-01-26,pl1s,1,2022-02-24,0.015489052490693433,1,0.09378660731819527,20,1.5,2.0,garch,0.05112980864860565
2022-01-27,pl1s,1,2022-02-25,0.02769622234877267,1,0.09378660731819527,20,1.5,2.0,garch,0.05150773759796316
2022-01-28,pl1s,1,2022-02-28,0.03188952911470655,1,0.09378660731819527,20,1.5,2.0,garch,0.051885666547320686
2022-01-31,pl1s,1,2022-03-01,0.030466300937758817,1,0.09378660731819527,20,1.5,2.0,garch,0.0522635954966782
2022-02-01,pl1s,1,2022-03-02,0.04378420641121039,1,0.09378660731819527,20,1.5,2.0,garch,0.052641524446035724
2022-02-02,pl1s,-1,2022-03-03,-0.03554661301295048,0,0.09378660731819527,20,1.5,2.0,garch,0.05301945339539324
2022-02-04,pl1s,1,2022-03-07,0.09021675454141054,1,0.09378660731819527,20,1.5,2.0,garch,0.053522695627958784
2022-02-07,pl1s,1,2022-03-08,0.13058823529972607,1,0.09378660731819527,20,1.5,2.0,garch,0.0536480089111668
2022-02-08,pl1s,1,2022-03-09,0.06880247033144449,1,0.09378660731819527,20,1.5,2.0,garch,0.05377332219437482
2022-02-09,pl1s,1,2022-03-10,0.05571621360795276,1,0.09378660731819527,20,1.5,2.0,garch,0.053898635477582835
2022-02-11,pl1s,1,2022-03-14,0.03298321389469261,1,0.09378660731819527,20,1.5,2.0,garch,0.053898635477582835
2022-02-14,pl1s,1,2022-03-15,-0.024805447465620745,0,0.09378660731819527,20,1.5,2.0,garch,0.05377332219437482
2022-02-15,pl1s,1,2022-03-16,-0.012054096434762185,0,0.09378660731819527,20,1.5,2.0,garch,0.05377332219437482
2022-02-16,pl1s,1,2022-03-17,-0.030459716085500688,0,0.09378660731819527,20,1.5,2.0,garch,0.05377332219437482
2022-02-17,pl1s,-1,2022-03-18,0.051981330646982626,1,0.09378660731819527,20,1.5,2.0,garch,0.05377332219437482
2022-02-22,pl1s,-1,2022-03-22,0.05523873502632892,1,0.09378660731819527,20,1.5,2.0,garch,0.053912559175717065
2022-02-23,pl1s,-1,2022-03-23,0.06319260973894525,1,0.09378660731819527,20,1.5,2.0,garch,0.05406817697839369
2022-02-24,pl1s,1,2022-03-24,-0.027298127882794287,0,0.08394186618950526,20,1.5,2.0,garch,0.054223794781070325
2022-02-25,pl1s,1,2022-03-25,-0.03807269751914977,0,0.08394186618950526,20,1.5,2.0,garch,0.054379412583746956
2022-02-28,pl1s,1,2022-03-28,-0.043776296446090046,0,0.08394186618950526,20,1.5,2.0,garch,0.05453503038642358
2022-03-01,pl1s,1,2022-03-29,-0.0700274067243647,0,0.08394186618950526,20,1.5,2.0,garch,0.0546906481891002
2022-03-02,pl1s,1,2022-03-30,-0.06308491263818972,0,0.08394186618950526,20,1.5,2.0,garch,0.055021336019788036
2022-03-03,pl1s,-1,2022-03-31,0.07917430338916209,1,0.08394186618950526,20,1.5,2.0,garch,0.05555043654888856
2022-03-04,pl1s,-1,2022-04-01,0.11530037098304835,1,0.08394186618950526,20,1.5,2.0,garch,0.0563062944476036
2022-03-07,pl1s,-1,2022-04-04,0.11299375955220936,1,0.08394186618950526,20,1.5,2.0,garch,0.05706215234631864
2022-03-08,pl1s,-1,2022-03-15,0.13067984737895233,1,0.08394186618950526,20,1.5,2.0,garch,0.051754385964912275
2022-03-09,pl1s,1,2022-04-06,-0.13998472137609608,0,0.08394186618950526,20,1.5,2.0,garch,0.058625584736818705
2022-03-10,pl1s,1,2022-04-07,-0.12577601349715894,0,0.08394186618950526,20,1.5,2.0,garch,0.05929392224726147
2022-03-11,pl1s,1,2022-04-08,-0.10431746495161354,0,0.08394186618950526,20,1.5,2.0,garch,0.05996225975770425
2022-03-14,pl1s,1,2022-04-11,-0.07133066154733292,0,0.08394186618950526,20,1.5,2.0,garch,0.06063059726814702
2022-03-15,pl1s,1,2022-04-12,-0.030581701302104136,0,0.08394186618950526,20,1.5,2.0,garch,0.06142424806179782
2022-03-16,pl1s,1,2022-04-13,-0.018914818285502233,0,0.08394186618950526,20,1.5,2.0,garch,0.06221789885544861
2022-03-17,pl1s,1,2022-04-14,-0.036527362264044405,0,0.08394186618950526,20,1.5,2.0,garch,0.06288623636589138
2022-03-18,pl1s,1,2022-04-18,-0.0154317645092511,0,0.08394186618950526,20,1.5,2.0,garch,0.06355457387633415
2022-03-24,pl1s,1,2022-04-22,-0.1028344780917253,0,0.08394186618950526,20,1.5,2.0,garch,0.06455359921746477
2022-03-25,pl1s,1,2022-04-25,-0.10458098348103084,0,0.09027413780168024,20,1.5,2.0,garch,0.06455359921746477
2022-03-28,pl1s,1,2022-04-26,-0.082209700136184,0,0.09027413780168024,20,1.5,2.0,garch,0.06472866924547598
2022-03-29,pl1s,1,2022-04-27,-0.06988148753786438,0,0.09027413780168024,20,1.5,2.0,garch,0.06490373927348718
2022-04-04,pl1s,1,2022-05-03,-0.0326942482324829,0,0.09027413780168024,20,1.5,2.0,garch,0.0636187808456716
2022-04-05,pl1s,1,2022-05-04,0.006679683487560872,1,0.09027413780168024,20,1.5,2.0,garch,0.0630185407496332
2022-04-06,pl1s,1,2022-05-05,0.02129891932037231,1,0.09027413780168024,20,1.5,2.0,garch,0.06241830065359477
2022-04-07,pl1s,1,2022-05-06,-0.0020876826693987383,0,0.09027413780168024,20,1.5,2.0,garch,0.06204481792717087
2022-04-08,pl1s,1,2022-05-09,-0.03802788028147519,0,0.09027413780168024,20,1.5,2.0,garch,0.06167133520074697
2022-04-11,pl1s,-1,2022-05-10,0.03129474329142545,1,0.09027413780168024,20,1.5,2.0,garch,0.06129785247432307
2022-04-12,pl1s,-1,2022-05-11,-0.017893870832472514,0,0.09027413780168024,20,1.5,2.0,garch,0.06092436974789915
2022-04-13,pl1s,-1,2022-05-12,0.05881164107277215,1,0.09027413780168024,20,1.5,2.0,garch,0.06055088702147525
2022-04-14,pl1s,1,2022-05-13,-0.06387044861066316,0,0.09027413780168024,20,1.5,2.0,garch,0.06017740429505135
2022-04-18,pl1s,1,2022-05-16,-0.09328760411334247,0,0.09027413780168024,20,1.5,2.0,garch,0.05980392156862745
2022-04-19,pl1s,1,2022-05-17,-0.04581774046921805,0,0.09027413780168024,20,1.5,2.0,garch,0.059430438842203545
2022-04-20,pl1s,1,2022-05-18,-0.0634245187430792,0,0.09027413780168024,20,1.5,2.0,garch,0.059056956115779644
2022-04-21,pl1s,1,2022-05-19,-0.014569125854562714,0,0.09027413780168024,20,1.5,2.0,garch,0.059056956115779644
2022-04-22,pl1s,1,2022-05-20,0.01477248221108507,1,0.09027413780168024,20,1.5,2.0,garch,0.05923202614379085
2022-04-27,pl1s,1,2022-05-25,0.020760105443171417,1,0.08948840798729917,20,1.5,2.0,garch,0.05976112667289138
2022-04-28,pl1s,1,2022-05-26,0.02886620568105469,1,0.08948840798729917,20,1.5,2.0,garch,0.059586056644880175
2022-04-29,pl1s,-1,2022-05-27,-0.0036185610848968874,0,0.08948840798729917,20,1.5,2.0,garch,0.05941098661686897
2022-05-02,pl1s,-1,2022-05-31,-0.038057461400090364,0,0.08948840798729917,20,1.5,2.0,garch,0.05941098661686897
2022-05-05,pl1s,1,2022-06-03,0.044175056497308685,1,0.08948840798729917,20,1.5,2.0,garch,0.05972222222222222
2022-05-06,pl1s,1,2022-06-06,0.07740585773482267,1,0.08948840798729917,20,1.5,2.0,garch,0.05989729225023342
2022-05-09,pl1s,1,2022-06-07,0.07927543953665439,1,0.08948840798729917,20,1.5,2.0,garch,0.060270774976657324
2022-05-10,pl1s,1,2022-06-08,0.06798986486157355,1,0.08948840798729917,20,1.5,2.0,garch,0.06087101507269574
2022-05-11,pl1s,1,2022-06-09,-0.01404324106111332,0,0.08948840798729917,20,1.5,2.0,garch,0.06173289828752013
2022-05-12,pl1s,1,2022-06-10,0.042516641625453655,1,0.08948840798729917,20,1.5,2.0,garch,0.06290003180759482
2022-05-13,pl1s,1,2022-06-13,0.0017191361431319052,1,0.08948840798729917,20,1.5,2.0,garch,0.06442791568841988
2022-05-16,pl1s,1,2022-06-14,-0.015778666379870243,0,0.08948840798729917,20,1.5,2.0,garch,0.06638870000214538
2022-05-17,pl1s,1,2022-06-15,-0.019927920283708045,0,0.08948840798729917,20,1.5,2.0,garch,0.0688785848449714
2022-05-18,pl1s,1,2022-06-16,0.028883600168083445,1,0.08948840798729917,20,1.5,2.0,garch,0.07202984534917307
2022-05-20,pl1s,1,2022-06-21,-0.0024498391478809944,0,0.08948840798729917,20,1.5,2.0,garch,0.07985797660167408
2022-05-24,pl1s,1,2022-06-23,-0.04219167584442152,0,0.08948840798729917,20,1.5,2.0,garch,0.0895801988238963
2022-05-25,pl1s,1,2022-06-24,-0.028604619945532428,0,0.09610280530152329,20,1.5,2.0,garch,0.09612781787151535
2022-05-26,pl1s,1,2022-06-27,-0.040196649769946524,0,0.09610280530152329,20,1.5,2.0,garch,0.10523145932809799
2022-05-27,pl1s,1,2022-06-28,-0.04027969873827031,0,0.09610280530152329,20,1.5,2.0,garch,0.11830335475293459
2022-05-31,pl1s,1,2022-06-29,-0.060917616152937004,0,0.09610280530152329,20,1.5,2.0,garch,0.13931175811427915
2022-06-01,pl1s,1,2022-06-30,-0.10204447657277871,0,0.09610280530152329,20,1.5,2.0,garch,0.18412968528514748
