auc_mean,auc_std,logloss_mean,logloss_std,brier_mean,brier_std,n_folds
0.7065375911945506,0.13449320505622508,0.6316806837728499,0.07652685496853984,0.217705319886301,0.031679134236455464,15
