instrument,auc_mean,auc_std,logloss,brier,n_events
cl1s,0.664514857142857,0.12993278028481786,0.6317932639478729,0.21772194014942214,2025
