date,instrument,y_true,y_score,fold
2020-01-30,cl1s,1,0.6066903471946716,0
2020-01-30,rb1s,0,0.5611759424209595,0
2020-01-31,cl1s,1,0.613303542137146,0
2020-01-31,rb1s,0,0.5594238042831421,0
2020-01-31,ho1s,0,0.5826930403709412,0
2020-02-03,rb1s,0,0.5568036437034607,0
2020-02-03,ho1s,1,0.5858320593833923,0
2020-02-04,rb1s,1,0.5747337341308594,0
2020-02-04,ho1s,1,0.5505034327507019,0
2020-02-05,cl1s,1,0.5392363667488098,0
2020-02-05,rb1s,1,0.5314945578575134,0
2020-02-06,cl1s,0,0.5446503162384033,0
2020-02-06,rb1s,1,0.540716826915741,0
2020-02-07,cl1s,0,0.5346450805664062,0
2020-02-07,rb1s,0,0.56312096118927,0
2020-02-10,cl1s,1,0.5455164313316345,0
2020-02-10,rb1s,0,0.5840584635734558,0
2020-02-11,rb1s,1,0.5923276543617249,0
2020-02-11,cl1s,1,0.5385817289352417,0
2020-02-12,rb1s,1,0.5821561813354492,0
2020-02-12,cl1s,1,0.5330809354782104,0
2020-02-13,cl1s,1,0.5419747829437256,0
2020-02-13,rb1s,1,0.5821561813354492,0
2020-02-14,cl1s,0,0.5379958748817444,0
2020-02-14,rb1s,1,0.5821561813354492,0
2020-02-18,cl1s,1,0.5342363715171814,0
2020-02-18,rb1s,0,0.578940749168396,0
2020-02-19,rb1s,1,0.5726006031036377,0
2020-02-19,cl1s,1,0.49105653166770935,0
2020-02-20,rb1s,1,0.5793243050575256,0
2020-02-20,cl1s,0,0.5040242075920105,0
2020-02-21,cl1s,0,0.499331533908844,0
2020-02-21,rb1s,0,0.549518346786499,0
2020-02-24,rb1s,0,0.551983654499054,0
2020-02-24,cl1s,0,0.5417783260345459,0
2020-02-25,cl1s,0,0.592652440071106,0
2020-02-25,rb1s,0,0.5544938445091248,0
2020-02-26,cl1s,0,0.5855876207351685,0
2020-02-26,rb1s,0,0.5521518588066101,0
2020-02-27,rb1s,0,0.5889236330986023,0
2020-02-27,cl1s,0,0.5561116933822632,0
2020-02-28,rb1s,0,0.5495485663414001,0
2020-02-28,cl1s,1,0.5580377578735352,0
2020-03-02,rb1s,0,0.5840469598770142,0
2020-03-03,rb1s,0,0.5784869194030762,0
2020-03-04,rb1s,0,0.5746098160743713,0
2020-03-05,rb1s,0,0.5911356806755066,0
2020-03-06,rb1s,0,0.5839896202087402,0
2020-03-09,ho1s,1,0.5525650978088379,0
2020-03-09,rb1s,0,0.5808210372924805,0
2020-03-10,rb1s,0,0.5783125758171082,0
2020-03-11,rb1s,1,0.5548228025436401,0
2020-03-12,rb1s,0,0.568656861782074,0
2020-03-13,rb1s,0,0.5381237268447876,0
2020-03-16,rb1s,0,0.5396898984909058,0
2020-03-17,rb1s,1,0.5216936469078064,0
2020-03-18,rb1s,0,0.529005765914917,0
2020-03-18,cl1s,1,0.5741573572158813,0
2020-03-19,rb1s,1,0.527938187122345,0
2020-03-20,cl1s,1,0.5922279357910156,0
2020-03-20,rb1s,1,0.5601320266723633,0
2020-03-23,cl1s,1,0.589145839214325,0
2020-03-23,rb1s,0,0.5529763698577881,0
2020-03-24,rb1s,0,0.562543511390686,0
2020-03-24,cl1s,1,0.595984935760498,0
2020-03-25,rb1s,0,0.5660597681999207,0
2020-03-26,rb1s,0,0.5721642971038818,0
2020-03-26,cl1s,0,0.5846715569496155,0
2020-03-27,rb1s,0,0.5612190961837769,0
2020-03-27,cl1s,0,0.5723479390144348,0
2020-03-30,cl1s,1,0.5841983556747437,0
2020-03-30,rb1s,0,0.5592327117919922,0
2020-03-31,rb1s,0,0.5686102509498596,0
2020-04-01,rb1s,0,0.5672943592071533,0
2020-04-02,rb1s,0,0.5546157956123352,0
2020-04-03,rb1s,0,0.5635343790054321,0
2020-04-06,rb1s,1,0.48521751165390015,0
2020-04-07,rb1s,0,0.5353500843048096,0
2020-04-08,rb1s,0,0.5233004689216614,0
2020-04-09,rb1s,0,0.453047513961792,0
2020-04-13,rb1s,0,0.47086918354034424,0
2020-04-14,rb1s,0,0.5327333807945251,0
2020-04-15,rb1s,0,0.56183922290802,0
2020-04-15,ho1s,0,0.4973600506782532,0
2020-04-16,rb1s,0,0.5700471997261047,0
2020-04-16,ho1s,0,0.5016170740127563,0
2020-04-17,rb1s,0,0.5615967512130737,0
2020-04-20,rb1s,0,0.5705044269561768,0
2020-04-21,cl1s,1,0.5815064907073975,0
2020-04-21,ho1s,1,0.6106000542640686,0
2020-04-21,rb1s,1,0.5931137204170227,0
2020-04-22,cl1s,1,0.6051605939865112,0
2020-04-22,rb1s,1,0.5800995230674744,0
2020-04-23,rb1s,1,0.5645748376846313,0
2020-04-23,cl1s,1,0.6016635894775391,0
2020-04-24,cl1s,0,0.6117806434631348,0
2020-04-24,rb1s,1,0.5897228121757507,0
2020-04-27,cl1s,0,0.595970869064331,0
2020-04-27,rb1s,1,0.5847973823547363,0
2020-04-28,cl1s,1,0.6100262999534607,0
2020-04-28,rb1s,1,0.5902031660079956,0
2020-04-29,cl1s,1,0.593401312828064,0
2020-04-29,rb1s,1,0.5844113826751709,0
2020-04-30,rb1s,0,0.5482726097106934,0
2020-04-30,cl1s,1,0.596012532711029,0
2020-05-01,cl1s,1,0.5844209790229797,0
2020-05-01,rb1s,0,0.5616087913513184,0
2020-05-04,cl1s,1,0.5913188457489014,0
2020-05-04,rb1s,1,0.5794055461883545,0
2020-05-05,rb1s,0,0.5599539279937744,0
2020-05-05,ng1s,1,0.4741925299167633,0
2020-05-05,cl1s,0,0.5712479948997498,0
2020-05-06,rb1s,0,0.5561608076095581,0
2020-05-06,ng1s,1,0.47869613766670227,0
2020-05-06,cl1s,0,0.5726365447044373,0
2020-05-07,rb1s,0,0.5765620470046997,0
2020-05-07,cl1s,1,0.5926581621170044,0
2020-05-07,ng1s,1,0.6146373152732849,0
2020-05-08,rb1s,0,0.5607672333717346,0
2020-05-08,cl1s,0,0.5884537100791931,0
2020-05-08,ng1s,0,0.60080486536026,0
2020-05-11,rb1s,0,0.5445097088813782,0
2020-05-11,ng1s,1,0.5926649570465088,0
2020-05-11,cl1s,1,0.5608752369880676,0
2020-05-12,ng1s,1,0.6106618642807007,0
2020-05-12,rb1s,0,0.5709308385848999,0
2020-05-12,cl1s,0,0.5908835530281067,0
2020-05-13,rb1s,1,0.5844170451164246,0
2020-05-13,cl1s,1,0.5959640145301819,0
2020-05-14,rb1s,0,0.5780816674232483,0
2020-05-14,cl1s,1,0.5910940766334534,0
2020-05-14,ng1s,1,0.6092371940612793,0
2020-05-15,rb1s,0,0.584304928779602,0
2020-05-15,ng1s,0,0.6201998591423035,0
2020-05-18,rb1s,0,0.5788686275482178,0
2020-05-18,ho1s,1,0.47376665472984314,0
2020-05-18,ng1s,0,0.5074400901794434,0
2020-05-19,rb1s,0,0.5812222957611084,0
2020-05-19,cl1s,1,0.598251461982727,0
2020-05-19,ng1s,1,0.5055862069129944,0
2020-05-20,ho1s,1,0.5188525915145874,0
2020-05-20,rb1s,0,0.5692686438560486,0
2020-05-20,ng1s,1,0.4815758466720581,0
2020-05-21,ng1s,0,0.6048584580421448,0
2020-05-21,rb1s,0,0.5829931497573853,0
2020-05-22,rb1s,0,0.5669815540313721,0
2020-05-26,rb1s,0,0.5640468001365662,0
2020-05-27,cl1s,1,0.5842347145080566,0
2020-05-27,ng1s,1,0.4848182201385498,0
2020-05-27,rb1s,0,0.5648337006568909,0
2020-05-28,ng1s,0,0.5941579937934875,0
2020-05-28,cl1s,1,0.5730625987052917,0
2020-05-28,rb1s,0,0.5674730539321899,0
2020-05-29,ng1s,1,0.5798142552375793,0
2020-05-29,rb1s,0,0.5550766587257385,0
2020-06-01,rb1s,0,0.5585182309150696,0
2020-06-01,ng1s,0,0.5955353379249573,0
2020-06-02,rb1s,0,0.5596027374267578,0
2020-06-02,ng1s,0,0.5927852988243103,0
2020-06-03,rb1s,0,0.550102174282074,0
2020-06-04,cl1s,1,0.5442817211151123,0
2020-06-04,rb1s,0,0.5241999626159668,0
2020-06-05,cl1s,0,0.545910120010376,0
2020-06-05,rb1s,0,0.5266551971435547,0
2020-06-08,rb1s,0,0.48501908779144287,0
2020-06-08,cl1s,1,0.5464791059494019,0
2020-06-09,rb1s,0,0.4824461042881012,0
2020-06-09,cl1s,1,0.5425218939781189,0
2020-06-10,cl1s,0,0.5839864611625671,0
2020-06-10,rb1s,0,0.5247377157211304,0
2020-06-11,rb1s,0,0.5426813960075378,0
2020-06-11,cl1s,0,0.5824101567268372,0
2020-06-12,cl1s,1,0.6050859093666077,0
2020-06-12,rb1s,1,0.5457485914230347,0
2020-06-15,rb1s,1,0.5340965986251831,0
2020-06-16,rb1s,0,0.5479484796524048,0
2020-06-17,rb1s,0,0.5421359539031982,0
2020-06-17,cl1s,1,0.6043211221694946,0
2020-06-18,cl1s,1,0.5776211023330688,0
2020-06-18,rb1s,0,0.5188264846801758,0
2020-06-19,rb1s,0,0.5259398818016052,0
2020-06-19,cl1s,1,0.5451326966285706,0
2020-06-22,cl1s,0,0.5811198353767395,0
2020-06-22,rb1s,1,0.5390117764472961,0
2020-06-23,rb1s,1,0.5481429696083069,0
2020-06-23,cl1s,0,0.5973297953605652,0
2020-06-24,cl1s,1,0.5751463174819946,0
2020-06-24,rb1s,0,0.5322557687759399,0
2020-06-25,cl1s,0,0.6076108813285828,0
2020-06-25,rb1s,0,0.5705382227897644,0
2020-06-26,cl1s,1,0.6112287044525146,0
2020-06-26,rb1s,1,0.581422746181488,0
2020-06-29,cl1s,0,0.6105079054832458,0
2020-06-29,rb1s,1,0.581422746181488,0
2020-06-30,rb1s,1,0.5702947974205017,0
2020-06-30,cl1s,1,0.5996206998825073,0
2020-07-01,rb1s,0,0.5661149024963379,0
2020-07-01,cl1s,1,0.6054508090019226,0
2020-07-01,ho1s,0,0.6109968423843384,0
2020-07-02,rb1s,0,0.5740951299667358,0
2020-07-02,cl1s,0,0.5984852910041809,0
2020-07-06,rb1s,0,0.5444588661193848,0
2020-07-06,cl1s,0,0.573178768157959,0
2020-07-07,rb1s,0,0.5490050911903381,0
2020-07-07,cl1s,1,0.578861653804779,0
2020-07-08,rb1s,0,0.5542721152305603,0
2020-07-08,cl1s,0,0.5834331512451172,0
2020-07-09,rb1s,0,0.5644752979278564,0
2020-07-09,cl1s,1,0.6009635925292969,0
2020-07-10,rb1s,0,0.5764700770378113,0
2020-07-10,cl1s,0,0.6178181767463684,0
2020-07-10,ho1s,1,0.6217013001441956,0
2020-07-13,cl1s,1,0.5902907848358154,0
2020-07-13,rb1s,0,0.5521561503410339,0
2020-07-14,rb1s,0,0.5759873390197754,0
2020-07-14,cl1s,1,0.5974681377410889,0
2020-07-15,rb1s,0,0.4123544692993164,0
2020-07-15,cl1s,0,0.5762996673583984,0
2020-07-16,cl1s,0,0.5849322080612183,0
2020-07-16,rb1s,0,0.4119478166103363,0
2020-07-17,cl1s,1,0.5704464316368103,0
2020-07-17,rb1s,0,0.38528144359588623,0
2020-07-20,rb1s,0,0.36887022852897644,0
2020-07-20,cl1s,1,0.5806919932365417,0
2020-07-21,rb1s,0,0.37016943097114563,0
2020-07-21,cl1s,0,0.5906057357788086,0
2020-07-22,rb1s,0,0.37016943097114563,0
2020-07-22,cl1s,0,0.573592483997345,0
2020-07-23,rb1s,0,0.39646443724632263,0
2020-07-23,cl1s,1,0.5884910225868225,0
2020-07-24,rb1s,0,0.3959849178791046,0
2020-07-24,cl1s,1,0.5913916826248169,0
2020-07-27,rb1s,0,0.3995019495487213,0
2020-07-27,cl1s,0,0.5822831988334656,0
2020-07-28,rb1s,0,0.4020135700702667,0
2020-07-28,cl1s,1,0.6007812023162842,0
2020-07-29,cl1s,0,0.5683168768882751,0
2020-07-29,rb1s,0,0.4313451051712036,0
2020-07-30,cl1s,1,0.5734531283378601,0
2020-07-30,rb1s,0,0.5560711622238159,0
2020-07-31,rb1s,1,0.5759316682815552,0
2020-07-31,cl1s,1,0.5943832993507385,0
2020-08-03,cl1s,1,0.593629002571106,0
2020-08-03,ng1s,0,0.46976616978645325,0
2020-08-03,rb1s,0,0.5555141568183899,0
2020-08-04,cl1s,1,0.5640086531639099,0
2020-08-04,rb1s,0,0.5605531334877014,0
2020-08-05,rb1s,0,0.5679429769515991,0
2020-08-06,rb1s,0,0.56266188621521,0
2020-08-06,ng1s,0,0.47819992899894714,0
2020-08-07,rb1s,1,0.5667849183082581,0
2020-08-10,ng1s,0,0.4987918734550476,0
2020-08-10,rb1s,0,0.5401066541671753,0
2020-08-11,rb1s,1,0.5097951889038086,0
2020-08-12,rb1s,0,0.3826521635055542,0
2020-08-13,rb1s,1,0.36645570397377014,0
2020-01-30,cl1s,1,0.6160750985145569,1
2020-01-30,rb1s,0,0.4610765874385834,1
2020-01-31,cl1s,1,0.5864832401275635,1
2020-01-31,rb1s,0,0.4487236738204956,1
2020-01-31,ho1s,0,0.7816722989082336,1
2020-02-03,rb1s,0,0.4205284118652344,1
2020-02-03,ho1s,1,0.7867373824119568,1
2020-02-04,rb1s,1,0.6530391573905945,1
2020-02-04,ho1s,1,0.7244945764541626,1
2020-02-05,cl1s,1,0.7169241905212402,1
2020-02-05,rb1s,1,0.5202805995941162,1
2020-02-06,cl1s,0,0.7354199886322021,1
2020-02-06,rb1s,1,0.5114364624023438,1
2020-02-07,cl1s,0,0.7382389903068542,1
2020-02-07,rb1s,0,0.5152485370635986,1
2020-02-10,cl1s,1,0.7369569540023804,1
2020-02-10,rb1s,0,0.5350421071052551,1
2020-02-11,rb1s,1,0.5449960827827454,1
2020-02-11,cl1s,1,0.7237588763237,1
2020-02-12,rb1s,1,0.556266725063324,1
2020-02-12,cl1s,1,0.7236608266830444,1
2020-02-13,cl1s,1,0.7163936495780945,1
2020-02-13,rb1s,1,0.5480648875236511,1
2020-02-14,cl1s,0,0.6050900220870972,1
2020-02-14,rb1s,1,0.5011088848114014,1
2020-02-18,cl1s,1,0.6143932938575745,1
2020-02-18,rb1s,0,0.507457971572876,1
2020-02-19,rb1s,1,0.5380653142929077,1
2020-02-19,cl1s,1,0.6458857655525208,1
2020-02-20,rb1s,1,0.5725504159927368,1
2020-02-20,cl1s,0,0.5919814705848694,1
2020-02-21,cl1s,0,0.71604323387146,1
2020-02-21,rb1s,0,0.5977190732955933,1
2020-02-24,rb1s,0,0.6520983576774597,1
2020-02-24,cl1s,0,0.7203584313392639,1
2020-02-25,cl1s,0,0.7067084312438965,1
2020-02-25,rb1s,0,0.6504706740379333,1
2020-02-26,cl1s,0,0.7095422744750977,1
2020-02-26,rb1s,0,0.6438937783241272,1
2020-02-27,rb1s,0,0.6360127329826355,1
2020-02-27,cl1s,0,0.6988916397094727,1
2020-02-28,rb1s,0,0.6036283373832703,1
2020-02-28,cl1s,1,0.721028745174408,1
2020-03-02,rb1s,0,0.5459751486778259,1
2020-03-03,rb1s,0,0.5617415308952332,1
2020-03-04,rb1s,0,0.4824921190738678,1
2020-03-05,rb1s,0,0.4833163022994995,1
2020-03-06,rb1s,0,0.6134035587310791,1
2020-03-09,ho1s,1,0.7639028429985046,1
2020-03-09,rb1s,0,0.6064085960388184,1
2020-03-10,rb1s,0,0.5918002724647522,1
2020-03-11,rb1s,1,0.38730084896087646,1
2020-03-12,rb1s,0,0.5802564024925232,1
2020-03-13,rb1s,0,0.5475438833236694,1
2020-03-16,rb1s,0,0.545845627784729,1
2020-03-17,rb1s,1,0.348441481590271,1
2020-03-18,rb1s,0,0.3880666196346283,1
2020-03-18,cl1s,1,0.7355217337608337,1
2020-03-19,rb1s,1,0.3123043179512024,1
2020-03-20,cl1s,1,0.6603785753250122,1
2020-03-20,rb1s,1,0.31534525752067566,1
2020-03-23,cl1s,1,0.6024001240730286,1
2020-03-23,rb1s,0,0.337128609418869,1
2020-03-24,rb1s,0,0.2504846751689911,1
2020-03-24,cl1s,1,0.6660758852958679,1
2020-03-25,rb1s,0,0.2670159339904785,1
2020-03-26,rb1s,0,0.2535553574562073,1
2020-03-26,cl1s,0,0.5974054932594299,1
2020-03-27,rb1s,0,0.2265772670507431,1
2020-03-27,cl1s,0,0.6337572932243347,1
2020-03-30,cl1s,1,0.640565812587738,1
2020-03-30,rb1s,0,0.22330710291862488,1
2020-03-31,rb1s,0,0.2289823740720749,1
2020-04-01,rb1s,0,0.22582542896270752,1
2020-04-02,rb1s,0,0.23517902195453644,1
2020-04-03,rb1s,0,0.22954781353473663,1
2020-04-06,rb1s,1,0.22996468842029572,1
2020-04-07,rb1s,0,0.21296162903308868,1
2020-04-08,rb1s,0,0.19971199333667755,1
2020-04-09,rb1s,0,0.20913968980312347,1
2020-04-13,rb1s,0,0.20410233736038208,1
2020-04-14,rb1s,0,0.24949337542057037,1
2020-04-15,rb1s,0,0.2545029819011688,1
2020-04-15,ho1s,0,0.5223285555839539,1
2020-04-16,rb1s,0,0.2501126527786255,1
2020-04-16,ho1s,0,0.5812846422195435,1
2020-04-17,rb1s,0,0.26820144057273865,1
2020-04-20,rb1s,0,0.2573056221008301,1
2020-04-21,cl1s,1,0.7814393043518066,1
2020-04-21,ho1s,1,0.7646026015281677,1
2020-04-21,rb1s,1,0.5460970401763916,1
2020-04-22,cl1s,1,0.8059825301170349,1
2020-04-22,rb1s,1,0.5123007893562317,1
2020-04-23,rb1s,1,0.502865731716156,1
2020-04-23,cl1s,1,0.7452337741851807,1
2020-04-24,cl1s,0,0.7101060152053833,1
2020-04-24,rb1s,1,0.3800705671310425,1
2020-04-27,cl1s,0,0.6649727821350098,1
2020-04-27,rb1s,1,0.39172041416168213,1
2020-04-28,cl1s,1,0.7071533203125,1
2020-04-28,rb1s,1,0.37749186158180237,1
2020-04-29,cl1s,1,0.6987558603286743,1
2020-04-29,rb1s,1,0.35721859335899353,1
2020-04-30,rb1s,0,0.23814859986305237,1
2020-04-30,cl1s,1,0.6907111406326294,1
2020-05-01,cl1s,1,0.7184433937072754,1
2020-05-01,rb1s,0,0.24197691679000854,1
2020-05-04,cl1s,1,0.7043039798736572,1
2020-05-04,rb1s,1,0.3884272873401642,1
2020-05-05,rb1s,0,0.24457797408103943,1
2020-05-05,ng1s,1,0.510107159614563,1
2020-05-05,cl1s,0,0.6644916534423828,1
2020-05-06,rb1s,0,0.2304844856262207,1
2020-05-06,ng1s,1,0.6184797883033752,1
2020-05-06,cl1s,0,0.7332491874694824,1
2020-05-07,rb1s,0,0.1944352686405182,1
2020-05-07,cl1s,1,0.7028345465660095,1
2020-05-07,ng1s,1,0.5985833406448364,1
2020-05-08,rb1s,0,0.22730877995491028,1
2020-05-08,cl1s,0,0.6067067384719849,1
2020-05-08,ng1s,0,0.6140698194503784,1
2020-05-11,rb1s,0,0.2372860312461853,1
2020-05-11,ng1s,1,0.6218337416648865,1
2020-05-11,cl1s,1,0.6395871043205261,1
2020-05-12,ng1s,1,0.629210352897644,1
2020-05-12,rb1s,0,0.26961344480514526,1
2020-05-12,cl1s,0,0.646681010723114,1
2020-05-13,rb1s,1,0.45523014664649963,1
2020-08-14,rb1s,1,0.24186459183692932,1
2020-08-17,rb1s,1,0.25003522634506226,1
2020-08-18,rb1s,1,0.2677232325077057,1
2020-08-19,rb1s,0,0.26887935400009155,1
2020-08-20,rb1s,0,0.33863362669944763,1
2020-08-21,rb1s,1,0.39730820059776306,1
2020-08-21,cl1s,1,0.717232346534729,1
2020-08-24,rb1s,0,0.2988918125629425,1
2020-08-24,cl1s,1,0.638003408908844,1
2020-08-25,cl1s,1,0.393507719039917,1
2020-08-25,rb1s,0,0.2745659351348877,1
2020-08-26,rb1s,0,0.2966367304325104,1
2020-08-26,cl1s,0,0.38380998373031616,1
2020-08-27,rb1s,0,0.3658282160758972,1
2020-08-28,rb1s,0,0.3428892195224762,1
2020-08-31,rb1s,0,0.3458680212497711,1
2020-09-01,cl1s,0,0.6394980549812317,1
2020-09-01,rb1s,0,0.34958550333976746,1
2020-09-02,rb1s,0,0.4413067102432251,1
2020-09-02,cl1s,0,0.6896675229072571,1
2020-09-03,rb1s,0,0.5216265916824341,1
2020-09-04,rb1s,0,0.5388125777244568,1
2020-09-08,ho1s,1,0.7595228552818298,1
2020-09-08,rb1s,0,0.5891128778457642,1
2020-09-09,rb1s,0,0.5326558351516724,1
2020-09-10,rb1s,1,0.43413877487182617,1
2020-09-11,rb1s,1,0.4934767782688141,1
2020-09-14,rb1s,1,0.42611032724380493,1
2020-09-15,rb1s,1,0.30954691767692566,1
2020-09-16,cl1s,1,0.6740488409996033,1
2020-09-16,rb1s,0,0.3247637152671814,1
2020-09-17,rb1s,0,0.3608591854572296,1
2020-09-18,rb1s,0,0.2982424795627594,1
2020-09-21,ho1s,0,0.6751458644866943,1
2020-09-21,rb1s,0,0.40414556860923767,1
2020-09-21,cl1s,1,0.7491381168365479,1
2020-09-22,ho1s,1,0.627997100353241,1
2020-09-22,rb1s,0,0.36998626589775085,1
2020-09-22,cl1s,1,0.6401416063308716,1
2020-09-23,rb1s,0,0.3618115186691284,1
2020-09-23,ho1s,1,0.6070900559425354,1
2020-09-23,cl1s,1,0.7015686631202698,1
2020-09-24,rb1s,0,0.3515932857990265,1
2020-09-24,ng1s,1,0.4630599617958069,1
2020-09-24,ho1s,1,0.5828613638877869,1
2020-09-24,cl1s,0,0.6414127349853516,1
2020-09-25,ho1s,1,0.5707412958145142,1
2020-09-25,rb1s,0,0.363925576210022,1
2020-09-25,cl1s,1,0.6818498969078064,1
2020-09-28,cl1s,0,0.6007680296897888,1
2020-09-28,rb1s,0,0.3393106162548065,1
2020-09-29,cl1s,1,0.6593647003173828,1
2020-09-29,ho1s,1,0.5831382274627686,1
2020-09-29,rb1s,0,0.39083871245384216,1
2020-09-30,cl1s,0,0.6976577639579773,1
2020-09-30,ho1s,0,0.5126733183860779,1
2020-09-30,rb1s,0,0.3518846929073334,1
2020-10-01,cl1s,0,0.6976073980331421,1
2020-10-01,ho1s,0,0.5796294808387756,1
2020-10-01,rb1s,0,0.36728665232658386,1
2020-10-02,ho1s,1,0.5577985048294067,1
2020-10-02,rb1s,1,0.33520179986953735,1
2020-10-02,cl1s,1,0.678483247756958,1
2020-10-05,cl1s,1,0.6830381751060486,1
2020-10-05,rb1s,0,0.290454238653183,1
2020-10-06,rb1s,0,0.33587703108787537,1
2020-10-07,cl1s,1,0.7046249508857727,1
2020-10-07,rb1s,0,0.3363122344017029,1
2020-10-08,rb1s,0,0.33588966727256775,1
2020-10-08,cl1s,0,0.6582881212234497,1
2020-10-09,ng1s,0,0.5345895886421204,1
2020-10-09,cl1s,0,0.6636773347854614,1
2020-10-09,rb1s,0,0.31244251132011414,1
2020-10-12,rb1s,0,0.44766172766685486,1
2020-10-12,ng1s,1,0.5094974040985107,1
2020-10-12,cl1s,1,0.6723143458366394,1
2020-10-13,rb1s,0,0.4325731098651886,1
2020-10-13,cl1s,1,0.682864785194397,1
2020-10-13,ng1s,1,0.5174080729484558,1
2020-10-14,cl1s,0,0.7246766686439514,1
2020-10-14,ng1s,0,0.5660437345504761,1
2020-10-14,rb1s,0,0.4607364237308502,1
2020-10-15,cl1s,0,0.6410072445869446,1
2020-10-15,rb1s,0,0.5714660286903381,1
2020-10-16,cl1s,0,0.7309325337409973,1
2020-10-16,rb1s,0,0.6233726143836975,1
2020-10-19,rb1s,0,0.630531370639801,1
2020-10-19,cl1s,1,0.7768084406852722,1
2020-10-20,cl1s,0,0.5802266001701355,1
2020-10-20,rb1s,0,0.43703198432922363,1
2020-10-21,cl1s,1,0.7577822804450989,1
2020-10-21,rb1s,0,0.5405319929122925,1
2020-10-22,cl1s,0,0.7524981498718262,1
2020-10-22,rb1s,0,0.48148849606513977,1
2020-10-23,ho1s,0,0.671707272529602,1
2020-10-23,rb1s,0,0.5322157144546509,1
2020-10-23,cl1s,0,0.7459645867347717,1
2020-10-26,ng1s,0,0.5116592645645142,1
2020-10-26,ho1s,1,0.7183574438095093,1
2020-10-26,rb1s,0,0.5716919302940369,1
2020-10-26,cl1s,1,0.7168974280357361,1
2020-10-27,ng1s,1,0.5481522083282471,1
2020-10-27,ho1s,0,0.7052150964736938,1
2020-10-27,rb1s,0,0.47387248277664185,1
2020-10-27,cl1s,0,0.796323835849762,1
2020-10-28,cl1s,0,0.8104248046875,1
2020-10-28,rb1s,0,0.6623809337615967,1
2020-10-29,cl1s,0,0.8044875264167786,1
2020-10-29,ho1s,0,0.7686558365821838,1
2020-10-29,rb1s,1,0.6831635236740112,1
2020-10-30,cl1s,1,0.7913985252380371,1
2020-10-30,rb1s,1,0.6817575693130493,1
2020-10-30,ho1s,1,0.770268440246582,1
2020-11-02,rb1s,1,0.600825846195221,1
2020-11-02,cl1s,1,0.7873103022575378,1
2020-11-03,rb1s,1,0.4528754949569702,1
2020-11-03,cl1s,1,0.7130829691886902,1
2020-11-04,cl1s,0,0.7471889853477478,1
2020-11-04,rb1s,0,0.48532378673553467,1
2020-11-05,cl1s,0,0.7235268354415894,1
2020-11-05,rb1s,0,0.4767239987850189,1
2020-11-06,cl1s,1,0.706929624080658,1
2020-11-06,rb1s,1,0.4076448678970337,1
2020-11-09,cl1s,1,0.6032861471176147,1
2020-11-09,rb1s,0,0.38650763034820557,1
2020-11-10,cl1s,1,0.5739830732345581,1
2020-11-10,rb1s,0,0.35880184173583984,1
2020-11-11,cl1s,0,0.5635325312614441,1
2020-01-30,cl1s,1,0.6212168335914612,2
2020-01-30,rb1s,0,0.5696642398834229,2
2020-01-31,cl1s,1,0.5982071757316589,2
2020-01-31,rb1s,0,0.5754587054252625,2
2020-01-31,ho1s,0,0.5861325263977051,2
2020-02-03,rb1s,0,0.5367176532745361,2
2020-02-03,ho1s,1,0.6025500297546387,2
2020-02-04,rb1s,1,0.5410289764404297,2
2020-02-04,ho1s,1,0.5954750180244446,2
2020-02-05,cl1s,1,0.5975836515426636,2
2020-02-05,rb1s,1,0.5363143682479858,2
2020-02-06,cl1s,0,0.5984830260276794,2
2020-02-06,rb1s,1,0.5257472991943359,2
2020-02-07,cl1s,0,0.5985221266746521,2
2020-02-07,rb1s,0,0.5024292469024658,2
2020-02-10,cl1s,1,0.5975648164749146,2
2020-02-10,rb1s,0,0.5057310461997986,2
2020-02-11,rb1s,1,0.5040905475616455,2
2020-02-11,cl1s,1,0.5979987978935242,2
2020-02-12,rb1s,1,0.36533060669898987,2
2020-02-12,cl1s,1,0.5870035290718079,2
2020-02-13,cl1s,1,0.5912898778915405,2
2020-02-13,rb1s,1,0.37422919273376465,2
2020-02-14,cl1s,0,0.5841631293296814,2
2020-02-14,rb1s,1,0.37201011180877686,2
2020-02-18,cl1s,1,0.5879984498023987,2
2020-02-18,rb1s,0,0.3623359799385071,2
2020-02-19,rb1s,1,0.3538913130760193,2
2020-02-19,cl1s,1,0.5676524043083191,2
2020-02-20,rb1s,1,0.3951980471611023,2
2020-02-20,cl1s,0,0.5693349242210388,2
2020-02-21,cl1s,0,0.5828260183334351,2
2020-02-21,rb1s,0,0.44806018471717834,2
2020-02-24,rb1s,0,0.4601481258869171,2
2020-02-24,cl1s,0,0.5847041010856628,2
2020-02-25,cl1s,0,0.5701912045478821,2
2020-02-25,rb1s,0,0.49810710549354553,2
2020-02-26,cl1s,0,0.5608109831809998,2
2020-02-26,rb1s,0,0.5228179097175598,2
2020-02-27,rb1s,0,0.5326969027519226,2
2020-02-27,cl1s,0,0.5595493912696838,2
2020-02-28,rb1s,0,0.5579795837402344,2
2020-02-28,cl1s,1,0.569434404373169,2
2020-03-02,rb1s,0,0.5309109687805176,2
2020-03-03,rb1s,0,0.5335550308227539,2
2020-03-04,rb1s,0,0.5286390781402588,2
2020-03-05,rb1s,0,0.5303008556365967,2
2020-03-06,rb1s,0,0.5717893838882446,2
2020-03-09,ho1s,1,0.5662885904312134,2
2020-03-09,rb1s,0,0.5671287178993225,2
2020-03-10,rb1s,0,0.5663313269615173,2
2020-03-11,rb1s,1,0.576457142829895,2
2020-03-12,rb1s,0,0.5718092322349548,2
2020-03-13,rb1s,0,0.5711770057678223,2
2020-03-16,rb1s,0,0.5665146708488464,2
2020-03-17,rb1s,1,0.5711770057678223,2
2020-03-18,rb1s,0,0.5711770057678223,2
2020-03-18,cl1s,1,0.5949782729148865,2
2020-03-19,rb1s,1,0.5550206303596497,2
2020-03-20,cl1s,1,0.6104569435119629,2
2020-03-20,rb1s,1,0.5550206303596497,2
2020-03-23,cl1s,1,0.6088128685951233,2
2020-03-23,rb1s,0,0.5717366933822632,2
2020-03-24,rb1s,0,0.5464282035827637,2
2020-03-24,cl1s,1,0.6046137809753418,2
2020-03-25,rb1s,0,0.548362672328949,2
2020-03-26,rb1s,0,0.5355004668235779,2
2020-03-26,cl1s,0,0.5822537541389465,2
2020-03-27,rb1s,0,0.5355004668235779,2
2020-03-27,cl1s,0,0.5822537541389465,2
2020-03-30,cl1s,1,0.5859605073928833,2
2020-03-30,rb1s,0,0.5355004668235779,2
2020-03-31,rb1s,0,0.5172175168991089,2
2020-04-01,rb1s,0,0.5172175168991089,2
2020-04-02,rb1s,0,0.5105626583099365,2
2020-04-03,rb1s,0,0.5130980014801025,2
2020-04-06,rb1s,1,0.5063228607177734,2
2020-04-07,rb1s,0,0.4829740822315216,2
2020-04-08,rb1s,0,0.4676826298236847,2
2020-04-09,rb1s,0,0.4676826298236847,2
2020-04-13,rb1s,0,0.46505245566368103,2
2020-04-14,rb1s,0,0.46505245566368103,2
2020-04-15,rb1s,0,0.46505245566368103,2
2020-04-15,ho1s,0,0.572442352771759,2
2020-04-16,rb1s,0,0.4679207503795624,2
2020-04-16,ho1s,0,0.582260012626648,2
2020-04-17,rb1s,0,0.4741761088371277,2
2020-04-20,rb1s,0,0.46883705258369446,2
2020-04-21,cl1s,1,0.6027148962020874,2
2020-04-21,ho1s,1,0.586700975894928,2
2020-04-21,rb1s,1,0.5388461947441101,2
2020-04-22,cl1s,1,0.6051594018936157,2
2020-04-22,rb1s,1,0.523553192615509,2
2020-04-23,rb1s,1,0.5188769698143005,2
2020-04-23,cl1s,1,0.603669285774231,2
2020-04-24,cl1s,0,0.6015483140945435,2
2020-04-24,rb1s,1,0.5173681378364563,2
2020-04-27,cl1s,0,0.6068203449249268,2
2020-04-27,rb1s,1,0.5281304121017456,2
2020-04-28,cl1s,1,0.6029770374298096,2
2020-04-28,rb1s,1,0.4977966845035553,2
2020-04-29,cl1s,1,0.5968034267425537,2
2020-04-29,rb1s,1,0.44941896200180054,2
2020-04-30,rb1s,0,0.38003504276275635,2
2020-04-30,cl1s,1,0.5833733081817627,2
2020-05-01,cl1s,1,0.5840843319892883,2
2020-05-01,rb1s,0,0.3891616463661194,2
2020-05-04,cl1s,1,0.5804448127746582,2
2020-05-04,rb1s,1,0.3432975709438324,2
2020-05-05,rb1s,0,0.33018550276756287,2
2020-05-05,ng1s,1,0.49699312448501587,2
2020-05-05,cl1s,0,0.5899509191513062,2
2020-05-06,rb1s,0,0.33018550276756287,2
2020-05-06,ng1s,1,0.5800228714942932,2
2020-05-06,cl1s,0,0.5919263362884521,2
2020-05-07,rb1s,0,0.33018550276756287,2
2020-05-07,cl1s,1,0.6092550158500671,2
2020-05-07,ng1s,1,0.606634795665741,2
2020-05-08,rb1s,0,0.33395683765411377,2
2020-05-08,cl1s,0,0.6034532785415649,2
2020-05-08,ng1s,0,0.6062111258506775,2
2020-05-11,rb1s,0,0.3421536087989807,2
2020-05-11,ng1s,1,0.6107077598571777,2
2020-05-11,cl1s,1,0.6117199063301086,2
2020-05-12,ng1s,1,0.5989809036254883,2
2020-05-12,rb1s,0,0.33904901146888733,2
2020-05-12,cl1s,0,0.5850738883018494,2
2020-05-13,rb1s,1,0.34950169920921326,2
2020-11-11,rb1s,0,0.3365030884742737,2
2020-11-12,rb1s,0,0.3397412896156311,2
2020-11-12,cl1s,0,0.5365147590637207,2
2020-11-13,rb1s,1,0.3629535138607025,2
2020-11-13,cl1s,1,0.538330614566803,2
2020-11-16,cl1s,1,0.5328729748725891,2
2020-11-16,rb1s,1,0.4171321988105774,2
2020-11-17,rb1s,1,0.41872790455818176,2
2020-11-17,cl1s,1,0.5004604458808899,2
2020-11-18,rb1s,1,0.3569544851779938,2
2020-11-18,cl1s,0,0.4646052122116089,2
2020-11-19,cl1s,1,0.5149445533752441,2
2020-11-19,rb1s,1,0.33739691972732544,2
2020-11-20,rb1s,1,0.33941566944122314,2
2020-11-20,cl1s,1,0.4797835350036621,2
2020-11-23,cl1s,1,0.47652071714401245,2
2020-11-23,rb1s,1,0.33941566944122314,2
2020-11-24,rb1s,0,0.34762439131736755,2
2020-11-24,cl1s,1,0.42806559801101685,2
2020-11-25,rb1s,0,0.34762439131736755,2
2020-11-27,rb1s,0,0.34762439131736755,2
2020-11-30,rb1s,0,0.3468751013278961,2
2020-12-01,cl1s,1,0.554779052734375,2
2020-12-01,rb1s,1,0.3468751013278961,2
2020-12-02,rb1s,1,0.3468751013278961,2
2020-12-02,cl1s,1,0.5171518325805664,2
2020-12-03,rb1s,1,0.3468751013278961,2
2020-12-03,cl1s,1,0.4891674816608429,2
2020-12-04,cl1s,0,0.4654042422771454,2
2020-12-04,rb1s,0,0.3468751013278961,2
2020-12-07,rb1s,1,0.3468751013278961,2
2020-12-07,cl1s,0,0.5408700108528137,2
2020-12-08,rb1s,1,0.34946295619010925,2
2020-12-08,cl1s,0,0.5584705471992493,2
2020-12-09,cl1s,1,0.5698130130767822,2
2020-12-09,rb1s,1,0.34946295619010925,2
2020-12-10,rb1s,0,0.35541126132011414,2
2020-12-11,cl1s,1,0.5790246725082397,2
2020-12-11,rb1s,1,0.3853779137134552,2
2020-12-14,rb1s,1,0.3720543384552002,2
2020-12-15,rb1s,1,0.3402315676212311,2
2020-12-16,rb1s,0,0.3392951488494873,2
2020-12-17,rb1s,0,0.33519652485847473,2
2020-12-18,ho1s,1,0.38384145498275757,2
2020-12-18,rb1s,0,0.3313008248806,2
2020-12-21,rb1s,0,0.3388507068157196,2
2020-12-21,ho1s,1,0.49500465393066406,2
2020-12-22,rb1s,1,0.38376307487487793,2
2020-12-23,rb1s,0,0.32555222511291504,2
2020-12-24,rb1s,0,0.32555222511291504,2
2020-12-28,rb1s,1,0.33073779940605164,2
2020-12-29,rb1s,1,0.3289486765861511,2
2020-12-30,rb1s,0,0.3347274661064148,2
2020-12-31,rb1s,0,0.3415057957172394,2
2021-01-04,ho1s,1,0.5801268815994263,2
2021-01-04,cl1s,1,0.5962075591087341,2
2021-01-04,rb1s,1,0.37017062306404114,2
2021-01-05,cl1s,1,0.4307316839694977,2
2021-01-05,rb1s,1,0.35255977511405945,2
2021-01-06,rb1s,0,0.3313008248806,2
2021-01-06,cl1s,1,0.3970901072025299,2
2021-01-07,cl1s,1,0.41315531730651855,2
2021-01-07,rb1s,0,0.32901468873023987,2
2021-01-08,rb1s,0,0.3265022933483124,2
2021-01-08,cl1s,1,0.40406495332717896,2
2021-01-11,cl1s,1,0.41818588972091675,2
2021-01-11,rb1s,0,0.32901468873023987,2
2021-01-12,rb1s,0,0.3240101933479309,2
2021-01-13,rb1s,0,0.321517676115036,2
2021-01-14,rb1s,0,0.321517676115036,2
2021-01-15,cl1s,1,0.6050602793693542,2
2021-01-15,rb1s,0,0.321517676115036,2
2021-01-19,rb1s,0,0.3240101933479309,2
2021-01-19,cl1s,1,0.5545095801353455,2
2021-01-20,cl1s,0,0.5780654549598694,2
2021-01-20,rb1s,0,0.3240101933479309,2
2021-01-21,cl1s,0,0.595342755317688,2
2021-01-21,rb1s,0,0.32901468873023987,2
2021-01-22,rb1s,0,0.3240101933479309,2
2021-01-25,rb1s,0,0.3240101933479309,2
2021-01-26,rb1s,0,0.3362036943435669,2
2021-01-27,rb1s,0,0.4260900914669037,2
2021-01-28,rb1s,0,0.44951558113098145,2
2021-01-29,rb1s,0,0.44744396209716797,2
2021-02-01,rb1s,0,0.3634621798992157,2
2021-02-02,rb1s,0,0.327473521232605,2
2021-02-03,rb1s,0,0.3268236219882965,2
2021-02-04,rb1s,0,0.3420635163784027,2
2021-02-04,cl1s,0,0.434039831161499,2
2021-02-05,cl1s,0,0.4406924843788147,2
2021-02-05,rb1s,0,0.34855127334594727,2
2021-02-08,rb1s,0,0.34855127334594727,2
2021-02-08,cl1s,0,0.42340657114982605,2
2021-02-09,rb1s,0,0.34855127334594727,2
2021-02-09,cl1s,0,0.43742236495018005,2
2021-02-10,rb1s,0,0.34855127334594727,2
2021-02-10,cl1s,1,0.4306507408618927,2
2021-02-11,rb1s,0,0.3511055111885071,2
2021-02-11,cl1s,0,0.5105677843093872,2
2021-02-12,cl1s,0,0.4838407337665558,2
2021-02-12,rb1s,0,0.33668121695518494,2
2021-02-16,ng1s,0,0.4495432376861572,2
2021-02-16,rb1s,0,0.34855127334594727,2
2021-02-16,cl1s,0,0.4486871361732483,2
2021-02-17,rb1s,0,0.34855127334594727,2
2021-02-17,cl1s,1,0.45106980204582214,2
2021-02-18,rb1s,0,0.34855127334594727,2
2021-02-18,cl1s,1,0.5427346229553223,2
2021-02-19,rb1s,0,0.3456605076789856,2
2021-02-19,cl1s,0,0.5795525908470154,2
2021-02-22,cl1s,1,0.4688197672367096,2
2021-02-22,rb1s,0,0.35711923241615295,2
2021-02-23,cl1s,0,0.4770723879337311,2
2021-02-23,rb1s,0,0.36934465169906616,2
2021-02-24,rb1s,0,0.3415567874908447,2
2021-02-24,cl1s,0,0.433940052986145,2
2021-02-25,cl1s,1,0.4499594271183014,2
2021-02-25,rb1s,0,0.3415567874908447,2
2021-02-26,rb1s,0,0.3720759451389313,2
2021-03-01,rb1s,0,0.35440459847450256,2
2021-03-02,rb1s,0,0.3580207824707031,2
2021-03-03,rb1s,0,0.36593592166900635,2
2021-03-04,rb1s,0,0.3781934380531311,2
2021-03-05,rb1s,0,0.3645978569984436,2
2021-03-05,cl1s,1,0.436911940574646,2
2021-03-08,cl1s,1,0.4623109996318817,2
2021-03-08,rb1s,0,0.4488247334957123,2
2021-03-09,rb1s,0,0.45209142565727234,2
2020-01-30,cl1s,1,0.6659964919090271,3
2020-01-30,rb1s,0,0.5756031274795532,3
2020-01-31,cl1s,1,0.640217125415802,3
2020-01-31,rb1s,0,0.5823169946670532,3
2020-01-31,ho1s,0,0.6518900394439697,3
2020-02-03,rb1s,0,0.5468885898590088,3
2020-02-03,ho1s,1,0.6340371370315552,3
2020-02-04,rb1s,1,0.5785388946533203,3
2020-02-04,ho1s,1,0.6357836723327637,3
2020-02-05,cl1s,1,0.6312926411628723,3
2020-02-05,rb1s,1,0.5612936615943909,3
2020-02-06,cl1s,0,0.6541293859481812,3
2020-02-06,rb1s,1,0.5746771693229675,3
2020-02-07,cl1s,0,0.6349993348121643,3
2020-02-07,rb1s,0,0.47184163331985474,3
2020-02-10,cl1s,1,0.6303341388702393,3
2020-02-10,rb1s,0,0.48891180753707886,3
2020-02-11,rb1s,1,0.5236961841583252,3
2020-02-11,cl1s,1,0.6258184313774109,3
2020-02-12,rb1s,1,0.455757200717926,3
2020-02-12,cl1s,1,0.615895688533783,3
2020-02-13,cl1s,1,0.5950043797492981,3
2020-02-13,rb1s,1,0.45200207829475403,3
2020-02-14,cl1s,0,0.5593042969703674,3
2020-02-14,rb1s,1,0.45528697967529297,3
2020-02-18,cl1s,1,0.5503436923027039,3
2020-02-18,rb1s,0,0.44582974910736084,3
2020-02-19,rb1s,1,0.445255309343338,3
2020-02-19,cl1s,1,0.5419635772705078,3
2020-02-20,rb1s,1,0.5322808027267456,3
2020-02-20,cl1s,0,0.5387948751449585,3
2020-02-21,cl1s,0,0.5513666868209839,3
2020-02-21,rb1s,0,0.458670437335968,3
2020-02-24,rb1s,0,0.49742311239242554,3
2020-02-24,cl1s,0,0.6212378144264221,3
2020-02-25,cl1s,0,0.6092882752418518,3
2020-02-25,rb1s,0,0.5097822546958923,3
2020-02-26,cl1s,0,0.6091616749763489,3
2020-02-26,rb1s,0,0.549872875213623,3
2020-02-27,rb1s,0,0.596166729927063,3
2020-02-27,cl1s,0,0.623186469078064,3
2020-02-28,rb1s,0,0.5791528224945068,3
2020-02-28,cl1s,1,0.6160430908203125,3
2020-03-02,rb1s,0,0.6336888074874878,3
2020-03-03,rb1s,0,0.6075905561447144,3
2020-03-04,rb1s,0,0.5953503847122192,3
2020-03-05,rb1s,0,0.6255965828895569,3
2020-03-06,rb1s,0,0.6235651969909668,3
2020-03-09,ho1s,1,0.6115339398384094,3
2020-03-09,rb1s,0,0.6117008328437805,3
2020-03-10,rb1s,0,0.6120750308036804,3
2020-03-11,rb1s,1,0.5897249579429626,3
2020-03-12,rb1s,0,0.6162816286087036,3
2020-03-13,rb1s,0,0.6106508374214172,3
2020-03-16,rb1s,0,0.5860013365745544,3
2020-03-17,rb1s,1,0.5733490586280823,3
2020-03-18,rb1s,0,0.5740498900413513,3
2020-03-18,cl1s,1,0.6751413345336914,3
2020-03-19,rb1s,1,0.5746005773544312,3
2020-03-20,cl1s,1,0.6646137833595276,3
2020-03-20,rb1s,1,0.6213911771774292,3
2020-03-23,cl1s,1,0.6288843750953674,3
2020-03-23,rb1s,0,0.566199541091919,3
2020-03-24,rb1s,0,0.558536946773529,3
2020-03-24,cl1s,1,0.6428755521774292,3
2020-03-25,rb1s,0,0.5371444225311279,3
2020-03-26,rb1s,0,0.49774736166000366,3
2020-03-26,cl1s,0,0.5869295001029968,3
2020-03-27,rb1s,0,0.5019302368164062,3
2020-03-27,cl1s,0,0.604224681854248,3
2020-03-30,cl1s,1,0.6043748259544373,3
2020-03-30,rb1s,0,0.5040270686149597,3
2020-03-31,rb1s,0,0.4477362036705017,3
2020-04-01,rb1s,0,0.42590856552124023,3
2020-04-02,rb1s,0,0.4130122661590576,3
2020-04-03,rb1s,0,0.4682031273841858,3
2020-04-06,rb1s,1,0.4682154655456543,3
2020-04-07,rb1s,0,0.4721634089946747,3
2020-04-08,rb1s,0,0.3758733570575714,3
2020-04-09,rb1s,0,0.3648853003978729,3
2020-04-13,rb1s,0,0.36979347467422485,3
2020-04-14,rb1s,0,0.3755747079849243,3
2020-04-15,rb1s,0,0.3798808455467224,3
2020-04-15,ho1s,0,0.5509724020957947,3
2020-04-16,rb1s,0,0.3992452919483185,3
2020-04-16,ho1s,0,0.5779682397842407,3
2020-04-17,rb1s,0,0.42124444246292114,3
2020-04-20,rb1s,0,0.43969136476516724,3
2020-04-21,cl1s,1,0.6497597694396973,3
2020-04-21,ho1s,1,0.6302525997161865,3
2020-04-21,rb1s,1,0.5636506676673889,3
2020-04-22,cl1s,1,0.6359188556671143,3
2020-04-22,rb1s,1,0.5135175585746765,3
2020-04-23,rb1s,1,0.4912551939487457,3
2020-04-23,cl1s,1,0.6198751330375671,3
2020-04-24,cl1s,0,0.6267374157905579,3
2020-04-24,rb1s,1,0.49569642543792725,3
2020-04-27,cl1s,0,0.6008188128471375,3
2020-04-27,rb1s,1,0.4777144193649292,3
2020-04-28,cl1s,1,0.6089391708374023,3
2020-04-28,rb1s,1,0.46375730633735657,3
2020-04-29,cl1s,1,0.5790807008743286,3
2020-04-29,rb1s,1,0.3747257888317108,3
2020-04-30,rb1s,0,0.37003064155578613,3
2020-04-30,cl1s,1,0.6063283681869507,3
2020-05-01,cl1s,1,0.5890873074531555,3
2020-05-01,rb1s,0,0.3735191524028778,3
2020-05-04,cl1s,1,0.6477089524269104,3
2020-05-04,rb1s,1,0.3882928192615509,3
2020-05-05,rb1s,0,0.3688138723373413,3
2020-05-05,ng1s,1,0.5490182638168335,3
2020-05-05,cl1s,0,0.6141904592514038,3
2020-05-06,rb1s,0,0.38903120160102844,3
2020-05-06,ng1s,1,0.5621040463447571,3
2020-05-06,cl1s,0,0.6600276231765747,3
2020-05-07,rb1s,0,0.3814848065376282,3
2020-05-07,cl1s,1,0.6057932376861572,3
2020-05-07,ng1s,1,0.5842574238777161,3
2020-05-08,rb1s,0,0.38606372475624084,3
2020-05-08,cl1s,0,0.6236879825592041,3
2020-05-08,ng1s,0,0.5648659467697144,3
2020-05-11,rb1s,0,0.38131803274154663,3
2020-05-11,ng1s,1,0.5594111680984497,3
2020-05-11,cl1s,1,0.5880500674247742,3
2020-05-12,ng1s,1,0.5705203413963318,3
2020-05-12,rb1s,0,0.386719673871994,3
2020-05-12,cl1s,0,0.6498846411705017,3
2020-05-13,rb1s,1,0.4510713815689087,3
2021-03-10,rb1s,0,0.3676607310771942,3
2021-03-11,rb1s,0,0.3110446631908417,3
2021-03-12,rb1s,1,0.3116876780986786,3
2021-03-15,rb1s,1,0.3075559735298157,3
2021-03-16,rb1s,1,0.3328334391117096,3
2021-03-17,rb1s,1,0.357307493686676,3
2021-03-18,rb1s,0,0.5918909311294556,3
2021-03-19,rb1s,0,0.5938099026679993,3
2021-03-22,rb1s,0,0.605945885181427,3
2021-03-23,rb1s,0,0.5669452548027039,3
2021-03-24,rb1s,0,0.4404764473438263,3
2021-03-25,rb1s,1,0.4571397602558136,3
2021-03-26,rb1s,0,0.43923646211624146,3
2021-03-29,rb1s,0,0.39911776781082153,3
2021-03-30,rb1s,0,0.3816169798374176,3
2021-03-31,rb1s,0,0.3941863179206848,3
2021-04-01,rb1s,0,0.3319869637489319,3
2021-04-05,rb1s,0,0.37965381145477295,3
2021-04-06,rb1s,0,0.38198938965797424,3
2021-04-07,rb1s,0,0.39401960372924805,3
2021-04-08,rb1s,0,0.38912907242774963,3
2021-04-09,rb1s,0,0.379018634557724,3
2021-04-12,rb1s,0,0.3682650029659271,3
2021-04-13,rb1s,0,0.4561687707901001,3
2021-04-14,rb1s,0,0.37771427631378174,3
2021-04-15,rb1s,0,0.3948889970779419,3
2021-04-15,cl1s,0,0.5515720844268799,3
2021-04-16,rb1s,0,0.32166528701782227,3
2021-04-16,cl1s,1,0.5234442353248596,3
2021-04-19,cl1s,0,0.5335376858711243,3
2021-04-19,rb1s,0,0.3870640993118286,3
2021-04-20,rb1s,0,0.3277534246444702,3
2021-04-20,cl1s,0,0.6073631048202515,3
2021-04-21,cl1s,1,0.6312203407287598,3
2021-04-21,rb1s,0,0.4250885844230652,3
2021-04-22,rb1s,0,0.44116657972335815,3
2021-04-22,cl1s,1,0.6110062599182129,3
2021-04-23,rb1s,0,0.3408183753490448,3
2021-04-23,cl1s,0,0.5653156638145447,3
2021-04-26,cl1s,1,0.6243626475334167,3
2021-04-26,rb1s,0,0.3366750180721283,3
2021-04-27,cl1s,1,0.5440204739570618,3
2021-04-27,rb1s,0,0.3051314353942871,3
2021-04-28,cl1s,1,0.557459831237793,3
2021-04-28,rb1s,0,0.2621668577194214,3
2021-04-29,rb1s,0,0.261073499917984,3
2021-04-29,cl1s,0,0.579257607460022,3
2021-04-30,cl1s,1,0.6170594096183777,3
2021-04-30,rb1s,0,0.3092546761035919,3
2021-05-03,cl1s,1,0.6062604784965515,3
2021-05-03,rb1s,0,0.30801621079444885,3
2021-05-04,cl1s,0,0.5847294926643372,3
2021-05-04,rb1s,0,0.2685088515281677,3
2021-05-05,rb1s,0,0.2884775400161743,3
2021-05-05,cl1s,0,0.5896713733673096,3
2021-05-06,rb1s,0,0.3403090536594391,3
2021-05-07,rb1s,0,0.38900333642959595,3
2021-05-10,rb1s,0,0.35243508219718933,3
2021-05-11,rb1s,0,0.3915436863899231,3
2021-05-12,rb1s,1,0.34787023067474365,3
2021-05-12,cl1s,0,0.5675386190414429,3
2021-05-13,rb1s,0,0.4051542580127716,3
2021-05-14,rb1s,0,0.4121987819671631,3
2021-05-14,cl1s,1,0.6645672917366028,3
2021-05-17,cl1s,0,0.5787728428840637,3
2021-05-17,rb1s,0,0.43376702070236206,3
2021-05-18,rb1s,0,0.4307864010334015,3
2021-05-19,cl1s,0,0.6207441091537476,3
2021-05-19,rb1s,0,0.45197612047195435,3
2021-05-20,cl1s,1,0.6217707991600037,3
2021-05-20,rb1s,1,0.4880400598049164,3
2021-05-21,cl1s,1,0.674301266670227,3
2021-05-21,rb1s,1,0.4286354184150696,3
2021-05-24,rb1s,0,0.4381536841392517,3
2021-05-24,cl1s,1,0.5796886086463928,3
2021-05-25,rb1s,0,0.4070838391780853,3
2021-05-25,cl1s,1,0.5987052321434021,3
2021-05-26,rb1s,0,0.3538597524166107,3
2021-05-26,cl1s,1,0.5394851565361023,3
2021-05-27,rb1s,0,0.35220015048980713,3
2021-05-27,cl1s,0,0.5750458836555481,3
2021-05-28,rb1s,0,0.35147202014923096,3
2021-05-28,cl1s,1,0.5503442287445068,3
2021-06-01,cl1s,1,0.6015194654464722,3
2021-06-01,rb1s,0,0.351250022649765,3
2021-06-02,rb1s,0,0.28839853405952454,3
2021-06-02,cl1s,0,0.5205795168876648,3
2021-06-03,rb1s,0,0.2711784541606903,3
2021-06-03,cl1s,1,0.5086678266525269,3
2021-06-04,cl1s,0,0.5426480770111084,3
2021-06-04,rb1s,0,0.2878820300102234,3
2021-06-07,cl1s,1,0.5586408376693726,3
2021-06-07,rb1s,0,0.32224535942077637,3
2021-06-08,cl1s,0,0.5881223678588867,3
2021-06-08,rb1s,0,0.3174701929092407,3
2021-06-09,cl1s,1,0.5358991026878357,3
2021-06-09,rb1s,0,0.3251933753490448,3
2021-06-10,cl1s,1,0.6282057166099548,3
2021-06-10,rb1s,0,0.34727394580841064,3
2021-06-11,rb1s,0,0.36765119433403015,3
2021-06-14,rb1s,0,0.3571164608001709,3
2021-06-15,cl1s,1,0.549480676651001,3
2021-06-15,rb1s,0,0.351973295211792,3
2021-06-16,rb1s,0,0.3418402373790741,3
2021-06-16,cl1s,0,0.5605413913726807,3
2021-06-17,rb1s,0,0.36299312114715576,3
2021-06-17,ho1s,1,0.6339197754859924,3
2021-06-17,cl1s,1,0.6082605719566345,3
2021-06-18,rb1s,0,0.40447521209716797,3
2021-06-18,cl1s,1,0.5541326999664307,3
2021-06-21,rb1s,0,0.4151364862918854,3
2021-06-21,cl1s,0,0.5531317591667175,3
2021-06-22,rb1s,0,0.32241538166999817,3
2021-06-22,cl1s,1,0.4968058168888092,3
2021-06-23,rb1s,0,0.34166085720062256,3
2021-06-24,cl1s,1,0.4992254972457886,3
2021-06-24,rb1s,1,0.2928159832954407,3
2021-06-25,rb1s,0,0.28711023926734924,3
2021-06-25,cl1s,0,0.5040007829666138,3
2021-06-28,rb1s,0,0.4467087686061859,3
2021-06-28,ho1s,1,0.6012028455734253,3
2021-06-28,cl1s,1,0.554352879524231,3
2021-06-29,ho1s,1,0.5904266238212585,3
2021-06-29,rb1s,0,0.3821374475955963,3
2021-06-29,cl1s,1,0.5992414951324463,3
2021-06-30,cl1s,1,0.5064980387687683,3
2021-06-30,rb1s,0,0.37966200709342957,3
2021-07-01,cl1s,0,0.5843941569328308,3
2020-01-30,cl1s,1,0.7443011999130249,4
2020-01-30,rb1s,0,0.4302697479724884,4
2020-01-31,cl1s,1,0.759868860244751,4
2020-01-31,rb1s,0,0.4866209924221039,4
2020-01-31,ho1s,0,0.7791736721992493,4
2020-02-03,rb1s,0,0.4491468667984009,4
2020-02-03,ho1s,1,0.7571061849594116,4
2020-02-04,rb1s,1,0.5494704246520996,4
2020-02-04,ho1s,1,0.7580249309539795,4
2020-02-05,cl1s,1,0.7425596117973328,4
2020-02-05,rb1s,1,0.4574282169342041,4
2020-02-06,cl1s,0,0.7698373198509216,4
2020-02-06,rb1s,1,0.4721510708332062,4
2020-02-07,cl1s,0,0.7434567213058472,4
2020-02-07,rb1s,0,0.415265291929245,4
2020-02-10,cl1s,1,0.7555211782455444,4
2020-02-10,rb1s,0,0.4269549250602722,4
2020-02-11,rb1s,1,0.4543211758136749,4
2020-02-11,cl1s,1,0.7492147088050842,4
2020-02-12,rb1s,1,0.3050801157951355,4
2020-02-12,cl1s,1,0.7269012331962585,4
2020-02-13,cl1s,1,0.72697514295578,4
2020-02-13,rb1s,1,0.31217366456985474,4
2020-02-14,cl1s,0,0.6023459434509277,4
2020-02-14,rb1s,1,0.31144198775291443,4
2020-02-18,cl1s,1,0.6460379362106323,4
2020-02-18,rb1s,0,0.22131428122520447,4
2020-02-19,rb1s,1,0.2556191682815552,4
2020-02-19,cl1s,1,0.5459774732589722,4
2020-02-20,rb1s,1,0.3231108784675598,4
2020-02-20,cl1s,0,0.5453556180000305,4
2020-02-21,cl1s,0,0.6356934309005737,4
2020-02-21,rb1s,0,0.2736705541610718,4
2020-02-24,rb1s,0,0.33764806389808655,4
2020-02-24,cl1s,0,0.7390649914741516,4
2020-02-25,cl1s,0,0.680341899394989,4
2020-02-25,rb1s,0,0.41039392352104187,4
2020-02-26,cl1s,0,0.6583311557769775,4
2020-02-26,rb1s,0,0.44535136222839355,4
2020-02-27,rb1s,0,0.5280705690383911,4
2020-02-27,cl1s,0,0.6674238443374634,4
2020-02-28,rb1s,0,0.6047126054763794,4
2020-02-28,cl1s,1,0.7353457808494568,4
2020-03-02,rb1s,0,0.6811437010765076,4
2020-03-03,rb1s,0,0.4962555766105652,4
2020-03-04,rb1s,0,0.374801903963089,4
2020-03-05,rb1s,0,0.5926674008369446,4
2020-03-06,rb1s,0,0.6599618196487427,4
2020-03-09,ho1s,1,0.7302151918411255,4
2020-03-09,rb1s,0,0.6482057571411133,4
2020-03-10,rb1s,0,0.579058051109314,4
2020-03-11,rb1s,1,0.5214465856552124,4
2020-03-12,rb1s,0,0.5943891406059265,4
2020-03-13,rb1s,0,0.5710878968238831,4
2020-03-16,rb1s,0,0.6006137728691101,4
2020-03-17,rb1s,1,0.5436281561851501,4
2020-03-18,rb1s,0,0.5356119275093079,4
2020-03-18,cl1s,1,0.7825392484664917,4
2020-03-19,rb1s,1,0.4571394622325897,4
2020-03-20,cl1s,1,0.7756786942481995,4
2020-03-20,rb1s,1,0.5346390008926392,4
2020-03-23,cl1s,1,0.6725349426269531,4
2020-03-23,rb1s,0,0.5134931206703186,4
2020-03-24,rb1s,0,0.46319276094436646,4
2020-03-24,cl1s,1,0.6799988150596619,4
2020-03-25,rb1s,0,0.4278530776500702,4
2020-03-26,rb1s,0,0.3901243507862091,4
2020-03-26,cl1s,0,0.602227509021759,4
2020-03-27,rb1s,0,0.3789904713630676,4
2020-03-27,cl1s,0,0.6472665667533875,4
2020-03-30,cl1s,1,0.6520952582359314,4
2020-03-30,rb1s,0,0.40271204710006714,4
2020-03-31,rb1s,0,0.394380122423172,4
2020-04-01,rb1s,0,0.3452611267566681,4
2020-04-02,rb1s,0,0.3379232883453369,4
2020-04-03,rb1s,0,0.37957289814949036,4
2020-04-06,rb1s,1,0.31152161955833435,4
2020-04-07,rb1s,0,0.35125309228897095,4
2020-04-08,rb1s,0,0.2561508119106293,4
2020-04-09,rb1s,0,0.2598944902420044,4
2020-04-13,rb1s,0,0.3143298625946045,4
2020-04-14,rb1s,0,0.36888906359672546,4
2020-04-15,rb1s,0,0.31539830565452576,4
2020-04-15,ho1s,0,0.609046459197998,4
2020-04-16,rb1s,0,0.4050518274307251,4
2020-04-16,ho1s,0,0.6569830775260925,4
2020-04-17,rb1s,0,0.4735110402107239,4
2020-04-20,rb1s,0,0.5047546029090881,4
2020-04-21,cl1s,1,0.7754740118980408,4
2020-04-21,ho1s,1,0.6655046939849854,4
2020-04-21,rb1s,1,0.5013871192932129,4
2020-04-22,cl1s,1,0.7950354814529419,4
2020-04-22,rb1s,1,0.46941372752189636,4
2020-04-23,rb1s,1,0.43024733662605286,4
2020-04-23,cl1s,1,0.733206033706665,4
2020-04-24,cl1s,0,0.7291966080665588,4
2020-04-24,rb1s,1,0.4484025835990906,4
2020-04-27,cl1s,0,0.6820625066757202,4
2020-04-27,rb1s,1,0.479059636592865,4
2020-04-28,cl1s,1,0.7230181694030762,4
2020-04-28,rb1s,1,0.4098368287086487,4
2020-04-29,cl1s,1,0.6546844840049744,4
2020-04-29,rb1s,1,0.32041123509407043,4
2020-04-30,rb1s,0,0.32872840762138367,4
2020-04-30,cl1s,1,0.7177929878234863,4
2020-05-01,cl1s,1,0.6988694667816162,4
2020-05-01,rb1s,0,0.3373367488384247,4
2020-05-04,cl1s,1,0.7533553838729858,4
2020-05-04,rb1s,1,0.4254152774810791,4
2020-05-05,rb1s,0,0.30748116970062256,4
2020-05-05,ng1s,1,0.5906462669372559,4
2020-05-05,cl1s,0,0.7162266373634338,4
2020-05-06,rb1s,0,0.2776896059513092,4
2020-05-06,ng1s,1,0.5944641828536987,4
2020-05-06,cl1s,0,0.7417396306991577,4
2020-05-07,rb1s,0,0.2919013798236847,4
2020-05-07,cl1s,1,0.6940945982933044,4
2020-05-07,ng1s,1,0.6462706327438354,4
2020-05-08,rb1s,0,0.3559718728065491,4
2020-05-08,cl1s,0,0.7147177457809448,4
2020-05-08,ng1s,0,0.6718825101852417,4
2020-05-11,rb1s,0,0.3527974784374237,4
2020-05-11,ng1s,1,0.6791417598724365,4
2020-05-11,cl1s,1,0.6536367535591125,4
2020-05-12,ng1s,1,0.7307177782058716,4
2020-05-12,rb1s,0,0.37712985277175903,4
2020-05-12,cl1s,0,0.7380028367042542,4
2020-05-13,rb1s,1,0.46638578176498413,4
2021-07-01,rb1s,0,0.17297609150409698,4
2021-07-02,rb1s,1,0.3224042057991028,4
2021-07-02,cl1s,0,0.6320530772209167,4
2021-07-06,cl1s,0,0.7449712157249451,4
2021-07-06,rb1s,0,0.31959983706474304,4
2021-07-07,rb1s,0,0.31566742062568665,4
2021-07-07,cl1s,1,0.6478033065795898,4
2021-07-07,ho1s,1,0.49962905049324036,4
2021-07-08,rb1s,0,0.31288057565689087,4
2021-07-08,cl1s,1,0.7014614939689636,4
2021-07-08,ho1s,1,0.5735499858856201,4
2021-07-09,rb1s,0,0.3591066598892212,4
2021-07-09,cl1s,0,0.6047333478927612,4
2021-07-12,rb1s,0,0.44996076822280884,4
2021-07-12,cl1s,1,0.7361757755279541,4
2021-07-13,rb1s,1,0.3624133765697479,4
2021-07-13,cl1s,0,0.5744110345840454,4
2021-07-14,cl1s,0,0.6398730874061584,4
2021-07-14,rb1s,1,0.31032490730285645,4
2021-07-15,cl1s,1,0.5042048692703247,4
2021-07-15,rb1s,1,0.3301284909248352,4
2021-07-16,rb1s,1,0.44660183787345886,4
2021-07-16,cl1s,0,0.6951059103012085,4
2021-07-19,rb1s,1,0.40136873722076416,4
2021-07-19,cl1s,1,0.7312238812446594,4
2021-07-20,rb1s,1,0.3667888343334198,4
2021-07-20,cl1s,1,0.7415258884429932,4
2021-07-21,rb1s,1,0.20638765394687653,4
2021-07-21,cl1s,1,0.6413434743881226,4
2021-07-22,rb1s,1,0.19238556921482086,4
2021-07-22,cl1s,1,0.5839270949363708,4
2021-07-23,rb1s,0,0.20799227058887482,4
2021-07-23,cl1s,0,0.5672263503074646,4
2021-07-26,rb1s,0,0.1936017870903015,4
2021-07-26,cl1s,0,0.5628256797790527,4
2021-07-27,rb1s,0,0.140805184841156,4
2021-07-27,cl1s,1,0.4133615791797638,4
2021-07-28,cl1s,1,0.36362501978874207,4
2021-07-28,rb1s,0,0.1474183201789856,4
2021-07-29,rb1s,0,0.12114115059375763,4
2021-07-29,cl1s,1,0.2833229601383209,4
2021-07-30,rb1s,0,0.18556803464889526,4
2021-07-30,cl1s,0,0.39873039722442627,4
2021-08-02,rb1s,0,0.18844808638095856,4
2021-08-02,cl1s,0,0.5904607772827148,4
2021-08-03,cl1s,0,0.6927509903907776,4
2021-08-03,rb1s,0,0.17026115953922272,4
2021-08-04,rb1s,0,0.1558525711297989,4
2021-08-04,cl1s,1,0.6722627878189087,4
2021-08-05,cl1s,0,0.711883544921875,4
2021-08-05,rb1s,0,0.1460692435503006,4
2021-08-06,cl1s,0,0.7149954438209534,4
2021-08-06,rb1s,0,0.16311201453208923,4
2021-08-09,cl1s,1,0.7685956358909607,4
2021-08-09,rb1s,0,0.1857239007949829,4
2021-08-10,rb1s,0,0.12926526367664337,4
2021-08-10,cl1s,1,0.7151378989219666,4
2021-08-11,cl1s,0,0.6177710890769958,4
2021-08-11,rb1s,0,0.13662751019001007,4
2021-08-12,cl1s,0,0.665603518486023,4
2021-08-12,rb1s,0,0.2094588577747345,4
2021-08-13,rb1s,0,0.29805806279182434,4
2021-08-13,cl1s,0,0.673774003982544,4
2021-08-16,cl1s,0,0.640369176864624,4
2021-08-16,rb1s,0,0.306542307138443,4
2021-08-17,cl1s,0,0.628558337688446,4
2021-08-17,rb1s,0,0.350077360868454,4
2021-08-18,cl1s,0,0.6939100623130798,4
2021-08-18,rb1s,0,0.31497111916542053,4
2021-08-19,rb1s,0,0.41817769408226013,4
2021-08-19,cl1s,0,0.7648087739944458,4
2021-08-20,rb1s,1,0.40286150574684143,4
2021-08-20,cl1s,1,0.7352918386459351,4
2021-08-23,rb1s,1,0.3577304780483246,4
2021-08-23,cl1s,1,0.7795814871788025,4
2021-08-24,cl1s,1,0.5293341279029846,4
2021-08-24,rb1s,1,0.14702944457530975,4
2021-08-25,rb1s,0,0.1401844471693039,4
2021-08-25,cl1s,0,0.4659428298473358,4
2021-08-26,rb1s,1,0.1325400024652481,4
2021-08-26,cl1s,1,0.4871058762073517,4
2021-08-27,rb1s,0,0.167901411652565,4
2021-08-27,cl1s,1,0.5050386190414429,4
2021-08-30,rb1s,0,0.14880141615867615,4
2021-08-30,cl1s,0,0.4241347312927246,4
2021-08-31,cl1s,1,0.4086800813674927,4
2021-08-31,rb1s,0,0.13230372965335846,4
2021-09-01,rb1s,1,0.13447991013526917,4
2021-09-01,cl1s,1,0.4528595805168152,4
2021-09-02,rb1s,0,0.14791829884052277,4
2021-09-02,cl1s,0,0.4756101369857788,4
2021-09-03,rb1s,0,0.14907939732074738,4
2021-09-03,cl1s,0,0.4754987359046936,4
2021-09-07,rb1s,0,0.14343945682048798,4
2021-09-07,cl1s,1,0.6260567307472229,4
2021-09-08,cl1s,0,0.4666183888912201,4
2021-09-08,rb1s,0,0.12438234686851501,4
2021-09-09,rb1s,1,0.13191856443881989,4
2021-09-09,cl1s,1,0.5615964531898499,4
2021-09-10,cl1s,1,0.5479823350906372,4
2021-09-10,rb1s,0,0.153223916888237,4
2021-09-13,rb1s,0,0.18405002355575562,4
2021-09-13,cl1s,1,0.5901151895523071,4
2021-09-14,cl1s,1,0.4633418619632721,4
2021-09-14,rb1s,0,0.1705160140991211,4
2021-09-15,rb1s,0,0.15450464189052582,4
2021-09-15,cl1s,1,0.5983240008354187,4
2021-09-16,cl1s,0,0.40173009037971497,4
2021-09-16,rb1s,0,0.1382952630519867,4
2021-09-17,cl1s,0,0.498530775308609,4
2021-09-17,rb1s,0,0.18786582350730896,4
2021-09-20,rb1s,1,0.20403265953063965,4
2021-09-20,cl1s,1,0.5563826560974121,4
2021-09-21,cl1s,1,0.5948295593261719,4
2021-09-21,rb1s,1,0.2299167662858963,4
2021-09-22,cl1s,1,0.44291427731513977,4
2021-09-22,rb1s,1,0.19621141254901886,4
2021-09-23,cl1s,1,0.4709247946739197,4
2021-09-23,rb1s,0,0.12119051814079285,4
2021-09-24,rb1s,1,0.1664799004793167,4
2021-09-24,cl1s,1,0.4176243543624878,4
2021-09-27,rb1s,0,0.20327220857143402,4
2021-09-27,cl1s,0,0.42677971720695496,4
2021-09-28,rb1s,1,0.16036124527454376,4
2021-09-28,cl1s,0,0.4943047761917114,4
2021-09-29,rb1s,1,0.14783279597759247,4
2021-09-29,cl1s,1,0.5503207445144653,4
2021-09-30,cl1s,1,0.5206330418586731,4
2021-09-30,rb1s,1,0.15472741425037384,4
2021-10-01,rb1s,1,0.18316565454006195,4
2021-10-01,cl1s,1,0.6123431921005249,4
2021-10-04,cl1s,1,0.5917014479637146,4
2021-10-04,rb1s,0,0.1445467323064804,4
2020-05-13,cl1s,1,0.7623456716537476,5
2020-05-14,rb1s,0,0.43464353680610657,5
2020-05-14,cl1s,1,0.6861671805381775,5
2020-05-14,ng1s,1,0.7770767211914062,5
2020-05-15,rb1s,0,0.43523797392845154,5
2020-05-15,ng1s,0,0.7796196937561035,5
2020-05-18,rb1s,0,0.34221991896629333,5
2020-05-18,ho1s,1,0.47941944003105164,5
2020-05-18,ng1s,0,0.7307913303375244,5
2020-05-19,rb1s,0,0.3857618272304535,5
2020-05-19,cl1s,1,0.7071893215179443,5
2020-05-19,ng1s,1,0.7230498194694519,5
2020-05-20,ho1s,1,0.49058103561401367,5
2020-05-20,rb1s,0,0.2525726556777954,5
2020-05-20,ng1s,1,0.6398516297340393,5
2020-05-21,ng1s,0,0.5510729551315308,5
2020-05-21,rb1s,0,0.2004939615726471,5
2020-05-22,rb1s,0,0.22124998271465302,5
2020-05-26,rb1s,0,0.26485148072242737,5
2020-05-27,cl1s,1,0.7342162132263184,5
2020-05-27,ng1s,1,0.6032343506813049,5
2020-05-27,rb1s,0,0.3056313395500183,5
2020-05-28,ng1s,0,0.5533478856086731,5
2020-05-28,cl1s,1,0.7287067174911499,5
2020-05-28,rb1s,0,0.27398210763931274,5
2020-05-29,ng1s,1,0.4725281000137329,5
2020-05-29,rb1s,0,0.23678027093410492,5
2020-06-01,rb1s,0,0.26745960116386414,5
2020-06-01,ng1s,0,0.5868297219276428,5
2020-06-02,rb1s,0,0.21965470910072327,5
2020-06-02,ng1s,0,0.5238812565803528,5
2020-06-03,rb1s,0,0.18246953189373016,5
2020-06-04,cl1s,1,0.6640684008598328,5
2020-06-04,rb1s,0,0.17240948975086212,5
2020-06-05,cl1s,0,0.6014873385429382,5
2020-06-05,rb1s,0,0.1677786260843277,5
2020-06-08,rb1s,0,0.18274107575416565,5
2020-06-08,cl1s,1,0.7211793065071106,5
2020-06-09,rb1s,0,0.1759108006954193,5
2020-06-09,cl1s,1,0.6922719478607178,5
2020-06-10,cl1s,0,0.7719018459320068,5
2020-06-10,rb1s,0,0.2582990825176239,5
2020-06-11,rb1s,0,0.3225177228450775,5
2020-06-11,cl1s,0,0.8403015732765198,5
2020-06-12,cl1s,1,0.8310965895652771,5
2020-06-12,rb1s,1,0.5836649537086487,5
2020-06-15,rb1s,1,0.5811507105827332,5
2020-06-16,rb1s,0,0.5398152470588684,5
2020-06-17,rb1s,0,0.25551819801330566,5
2020-06-17,cl1s,1,0.7113526463508606,5
2020-06-18,cl1s,1,0.6247372031211853,5
2020-06-18,rb1s,0,0.1974082589149475,5
2020-06-19,rb1s,0,0.16388681530952454,5
2020-06-19,cl1s,1,0.5848879814147949,5
2020-06-22,cl1s,0,0.5070661902427673,5
2020-06-22,rb1s,1,0.22377990186214447,5
2020-06-23,rb1s,1,0.26820895075798035,5
2020-06-23,cl1s,0,0.6573128700256348,5
2020-06-24,cl1s,1,0.767537534236908,5
2020-06-24,rb1s,0,0.4872492551803589,5
2020-06-25,cl1s,0,0.6576612591743469,5
2020-06-25,rb1s,0,0.4843507409095764,5
2020-06-26,cl1s,1,0.7448166608810425,5
2020-06-26,rb1s,1,0.48338115215301514,5
2020-06-29,cl1s,0,0.7247427105903625,5
2020-06-29,rb1s,1,0.4942316710948944,5
2020-06-30,rb1s,1,0.4980825185775757,5
2020-06-30,cl1s,1,0.7535227537155151,5
2020-07-01,rb1s,0,0.2496725171804428,5
2020-07-01,cl1s,1,0.7462677359580994,5
2020-07-01,ho1s,0,0.54294753074646,5
2020-07-02,rb1s,0,0.49592024087905884,5
2020-07-02,cl1s,0,0.7302893996238708,5
2020-07-06,rb1s,0,0.30356210470199585,5
2020-07-06,cl1s,0,0.5557157397270203,5
2020-07-07,rb1s,0,0.3254188597202301,5
2020-07-07,cl1s,1,0.5929367542266846,5
2020-07-08,rb1s,0,0.40453559160232544,5
2020-07-08,cl1s,0,0.5781930685043335,5
2020-07-09,rb1s,0,0.5465112924575806,5
2020-07-09,cl1s,1,0.7553842067718506,5
2020-07-10,rb1s,0,0.547076404094696,5
2020-07-10,cl1s,0,0.68727046251297,5
2020-07-10,ho1s,1,0.6013827323913574,5
2020-07-13,cl1s,1,0.7135187983512878,5
2020-07-13,rb1s,0,0.4949338436126709,5
2020-07-14,rb1s,0,0.5657522082328796,5
2020-07-14,cl1s,1,0.6972370743751526,5
2020-07-15,rb1s,0,0.4982732832431793,5
2020-07-15,cl1s,0,0.6072744131088257,5
2020-07-16,cl1s,0,0.5105617642402649,5
2020-07-16,rb1s,0,0.486214816570282,5
2020-07-17,cl1s,1,0.49190348386764526,5
2020-07-17,rb1s,0,0.43365049362182617,5
2020-07-20,rb1s,0,0.4669039845466614,5
2020-07-20,cl1s,1,0.4536862075328827,5
2020-07-21,rb1s,0,0.4494588375091553,5
2020-07-21,cl1s,0,0.45560765266418457,5
2020-07-22,rb1s,0,0.4920072853565216,5
2020-07-22,cl1s,0,0.47569578886032104,5
2020-07-23,rb1s,0,0.4745628237724304,5
2020-07-23,cl1s,1,0.5286333560943604,5
2020-07-24,rb1s,0,0.4122050106525421,5
2020-07-24,cl1s,1,0.523971676826477,5
2020-07-27,rb1s,0,0.4733771085739136,5
2020-07-27,cl1s,0,0.5102263689041138,5
2020-07-28,rb1s,0,0.4640342593193054,5
2020-07-28,cl1s,1,0.636008083820343,5
2020-07-29,cl1s,0,0.5732370018959045,5
2020-07-29,rb1s,0,0.5347324013710022,5
2020-07-30,cl1s,1,0.6218067407608032,5
2020-07-30,rb1s,0,0.5756157040596008,5
2020-07-31,rb1s,1,0.5408417582511902,5
2020-07-31,cl1s,1,0.6035456657409668,5
2020-08-03,cl1s,1,0.5510412454605103,5
2020-08-03,ng1s,0,0.34472912549972534,5
2020-08-03,rb1s,0,0.4732377231121063,5
2020-08-04,cl1s,1,0.5303908586502075,5
2020-08-04,rb1s,0,0.4659591317176819,5
2020-08-05,rb1s,0,0.46503931283950806,5
2020-08-06,rb1s,0,0.5580700635910034,5
2020-08-06,ng1s,0,0.4334891438484192,5
2020-08-07,rb1s,1,0.5290485620498657,5
2020-08-10,ng1s,0,0.4939655065536499,5
2020-08-10,rb1s,0,0.5348613858222961,5
2020-08-11,rb1s,1,0.6034865379333496,5
2020-08-12,rb1s,0,0.5478101968765259,5
2020-08-13,rb1s,1,0.5191414952278137,5
2020-08-14,rb1s,1,0.4401833415031433,5
2020-08-17,rb1s,1,0.4043777585029602,5
2020-08-18,rb1s,1,0.4164395332336426,5
2020-08-19,rb1s,0,0.5785853266716003,5
2020-08-20,rb1s,0,0.5582398176193237,5
2020-08-21,rb1s,1,0.5925103425979614,5
2020-08-21,cl1s,1,0.7404600977897644,5
2020-08-24,rb1s,0,0.5282884240150452,5
2020-08-24,cl1s,1,0.7022203803062439,5
2020-08-25,cl1s,1,0.6021345853805542,5
2020-08-25,rb1s,0,0.45974472165107727,5
2020-08-26,rb1s,0,0.4913383722305298,5
2020-08-26,cl1s,0,0.5536882281303406,5
2020-08-27,rb1s,0,0.586407482624054,5
2020-08-28,rb1s,0,0.5282527208328247,5
2020-08-31,rb1s,0,0.5016964077949524,5
2020-09-01,cl1s,0,0.6964485049247742,5
2020-09-01,rb1s,0,0.4894792437553406,5
2020-09-02,rb1s,0,0.5908505320549011,5
2020-09-02,cl1s,0,0.7388339042663574,5
2020-09-03,rb1s,0,0.6210809946060181,5
2020-09-04,rb1s,0,0.5410215854644775,5
2020-09-08,ho1s,1,0.7726934552192688,5
2020-09-08,rb1s,0,0.6092209219932556,5
2020-09-09,rb1s,0,0.5492333769798279,5
2020-09-10,rb1s,1,0.5412960052490234,5
2020-09-11,rb1s,1,0.5846855640411377,5
2020-09-14,rb1s,1,0.5892255306243896,5
2020-09-15,rb1s,1,0.5179611444473267,5
2020-09-16,cl1s,1,0.6654512286186218,5
2020-09-16,rb1s,0,0.5216736793518066,5
2020-09-17,rb1s,0,0.5815377235412598,5
2020-09-18,rb1s,0,0.5570610165596008,5
2020-09-21,ho1s,0,0.7452157735824585,5
2020-09-21,rb1s,0,0.583831787109375,5
2020-09-21,cl1s,1,0.8251699209213257,5
2020-09-22,ho1s,1,0.5975069999694824,5
2020-09-22,rb1s,0,0.45031020045280457,5
2020-09-22,cl1s,1,0.630203366279602,5
2020-09-23,rb1s,0,0.41321998834609985,5
2020-09-23,ho1s,1,0.610308825969696,5
2020-09-23,cl1s,1,0.6720975637435913,5
2020-09-24,rb1s,0,0.4485674202442169,5
2020-09-24,ng1s,1,0.4900830090045929,5
2020-09-24,ho1s,1,0.5751016139984131,5
2020-09-24,cl1s,0,0.6595765352249146,5
2020-09-25,ho1s,1,0.49421849846839905,5
2020-09-25,rb1s,0,0.3896806538105011,5
2020-09-25,cl1s,1,0.5855281949043274,5
2020-09-28,cl1s,0,0.574640691280365,5
2020-09-28,rb1s,0,0.3788553774356842,5
2020-09-29,cl1s,1,0.649936854839325,5
2020-09-29,ho1s,1,0.5510534048080444,5
2020-09-29,rb1s,0,0.40317633748054504,5
2020-09-30,cl1s,0,0.6214119791984558,5
2020-09-30,ho1s,0,0.5606868863105774,5
2020-09-30,rb1s,0,0.39008253812789917,5
2020-10-01,cl1s,0,0.6041104793548584,5
2020-10-01,ho1s,0,0.49195224046707153,5
2020-10-01,rb1s,0,0.3776884973049164,5
2020-10-02,ho1s,1,0.47011667490005493,5
2020-10-02,rb1s,1,0.34308725595474243,5
2020-10-02,cl1s,1,0.5790349841117859,5
2020-10-05,cl1s,1,0.6437638998031616,5
2020-10-05,rb1s,0,0.32344257831573486,5
2020-10-06,rb1s,0,0.2970655858516693,5
2020-10-07,cl1s,1,0.5911024808883667,5
2020-10-07,rb1s,0,0.3767099380493164,5
2020-10-08,rb1s,0,0.3539915680885315,5
2020-10-08,cl1s,0,0.5728893876075745,5
2020-10-09,ng1s,0,0.493034303188324,5
2020-10-09,cl1s,0,0.6013372540473938,5
2020-10-09,rb1s,0,0.48967450857162476,5
2020-10-12,rb1s,0,0.5209430456161499,5
2020-10-12,ng1s,1,0.5305731892585754,5
2020-10-12,cl1s,1,0.7275586128234863,5
2020-10-13,rb1s,0,0.49071604013442993,5
2020-10-13,cl1s,1,0.6962619423866272,5
2020-10-13,ng1s,1,0.5636248588562012,5
2020-10-14,cl1s,0,0.7454188466072083,5
2020-10-14,ng1s,0,0.6282393932342529,5
2020-10-14,rb1s,0,0.5506594181060791,5
2020-10-15,cl1s,0,0.7068283557891846,5
2020-10-15,rb1s,0,0.5692519545555115,5
2020-10-16,cl1s,0,0.7174468040466309,5
2020-10-16,rb1s,0,0.6051727533340454,5
2020-10-19,rb1s,0,0.611839234828949,5
2020-10-19,cl1s,1,0.7342690825462341,5
2020-10-20,cl1s,0,0.6455869674682617,5
2020-10-20,rb1s,0,0.5620801448822021,5
2020-10-21,cl1s,1,0.7773522138595581,5
2020-10-21,rb1s,0,0.624578058719635,5
2020-10-22,cl1s,0,0.7917943000793457,5
2020-10-22,rb1s,0,0.6091599464416504,5
2020-10-23,ho1s,0,0.6714915037155151,5
2020-10-23,rb1s,0,0.5149548053741455,5
2020-10-23,cl1s,0,0.8016685843467712,5
2020-10-26,ng1s,0,0.5688056945800781,5
2020-10-26,ho1s,1,0.7786246538162231,5
2020-10-26,rb1s,0,0.5734778642654419,5
2020-10-26,cl1s,1,0.7704591751098633,5
2020-10-27,ng1s,1,0.623551607131958,5
2020-10-27,ho1s,0,0.6774238348007202,5
2020-10-27,rb1s,0,0.40665334463119507,5
2020-10-27,cl1s,0,0.7921266555786133,5
2020-10-28,cl1s,0,0.800398588180542,5
2020-10-28,rb1s,0,0.5408921241760254,5
2020-10-29,cl1s,0,0.7762632966041565,5
2020-10-29,ho1s,0,0.7349718809127808,5
2020-10-29,rb1s,1,0.5655560493469238,5
2020-10-30,cl1s,1,0.7647954225540161,5
2020-10-30,rb1s,1,0.5639916062355042,5
2020-10-30,ho1s,1,0.7861685156822205,5
2020-11-02,rb1s,1,0.6113529801368713,5
2020-11-02,cl1s,1,0.8036547899246216,5
2020-11-03,rb1s,1,0.6505275964736938,5
2020-11-03,cl1s,1,0.8018527030944824,5
2020-11-04,cl1s,0,0.6725972890853882,5
2020-11-04,rb1s,0,0.5219420194625854,5
2020-11-05,cl1s,0,0.6528341174125671,5
2020-11-05,rb1s,0,0.4826827943325043,5
2020-11-06,cl1s,1,0.6239580512046814,5
2020-11-06,rb1s,1,0.405213326215744,5
2020-11-09,cl1s,1,0.5689154267311096,5
2020-11-09,rb1s,0,0.40813708305358887,5
2020-11-10,cl1s,1,0.5720119476318359,5
2020-11-10,rb1s,0,0.39115890860557556,5
2020-11-11,cl1s,0,0.5369241833686829,5
2020-05-13,cl1s,1,0.5989919304847717,6
2020-05-14,rb1s,0,0.5580141544342041,6
2020-05-14,cl1s,1,0.5510662198066711,6
2020-05-14,ng1s,1,0.727712869644165,6
2020-05-15,rb1s,0,0.5332173705101013,6
2020-05-15,ng1s,0,0.6963407397270203,6
2020-05-18,rb1s,0,0.48677515983581543,6
2020-05-18,ho1s,1,0.43688467144966125,6
2020-05-18,ng1s,0,0.5856257081031799,6
2020-05-19,rb1s,0,0.4437550902366638,6
2020-05-19,cl1s,1,0.5090526342391968,6
2020-05-19,ng1s,1,0.5411509871482849,6
2020-05-20,ho1s,1,0.4516371488571167,6
2020-05-20,rb1s,0,0.43247532844543457,6
2020-05-20,ng1s,1,0.5128106474876404,6
2020-05-21,ng1s,0,0.5642500519752502,6
2020-05-21,rb1s,0,0.40461641550064087,6
2020-05-22,rb1s,0,0.3996075391769409,6
2020-05-26,rb1s,0,0.35506272315979004,6
2020-05-27,cl1s,1,0.6193361878395081,6
2020-05-27,ng1s,1,0.624563992023468,6
2020-05-27,rb1s,0,0.3470497727394104,6
2020-05-28,ng1s,0,0.5645994544029236,6
2020-05-28,cl1s,1,0.591573178768158,6
2020-05-28,rb1s,0,0.37315526604652405,6
2020-05-29,ng1s,1,0.5353936553001404,6
2020-05-29,rb1s,0,0.3151457905769348,6
2020-06-01,rb1s,0,0.29252469539642334,6
2020-06-01,ng1s,0,0.5948120951652527,6
2020-06-02,rb1s,0,0.3075609505176544,6
2020-06-02,ng1s,0,0.5688902139663696,6
2020-06-03,rb1s,0,0.3006470501422882,6
2020-06-04,cl1s,1,0.5565060377120972,6
2020-06-04,rb1s,0,0.3006240427494049,6
2020-06-05,cl1s,0,0.5341604948043823,6
2020-06-05,rb1s,0,0.30435696244239807,6
2020-06-08,rb1s,0,0.2941822409629822,6
2020-06-08,cl1s,1,0.5678203701972961,6
2020-06-09,rb1s,0,0.28602248430252075,6
2020-06-09,cl1s,1,0.5826913118362427,6
2020-06-10,cl1s,0,0.549282968044281,6
2020-06-10,rb1s,0,0.30696800351142883,6
2020-06-11,rb1s,0,0.3315466046333313,6
2020-06-11,cl1s,0,0.6549390554428101,6
2020-06-12,cl1s,1,0.715570330619812,6
2020-06-12,rb1s,1,0.3352826237678528,6
2020-06-15,rb1s,1,0.33502280712127686,6
2020-06-16,rb1s,0,0.3500601351261139,6
2020-06-17,rb1s,0,0.3328476548194885,6
2020-06-17,cl1s,1,0.6447097063064575,6
2020-06-18,cl1s,1,0.626546323299408,6
2020-06-18,rb1s,0,0.3311440050601959,6
2020-06-19,rb1s,0,0.3236202895641327,6
2020-06-19,cl1s,1,0.6127889156341553,6
2020-06-22,cl1s,0,0.5449584722518921,6
2020-06-22,rb1s,1,0.32540351152420044,6
2020-06-23,rb1s,1,0.32346200942993164,6
2020-06-23,cl1s,0,0.6665094494819641,6
2020-06-24,cl1s,1,0.6836591958999634,6
2020-06-24,rb1s,0,0.3098432421684265,6
2020-06-25,cl1s,0,0.6368625164031982,6
2020-06-25,rb1s,0,0.31785163283348083,6
2020-06-26,cl1s,1,0.6338843107223511,6
2020-06-26,rb1s,1,0.33342596888542175,6
2020-06-29,cl1s,0,0.6428245902061462,6
2020-06-29,rb1s,1,0.3420369029045105,6
2020-06-30,rb1s,1,0.32906806468963623,6
2020-06-30,cl1s,1,0.6446983814239502,6
2020-07-01,rb1s,0,0.31112170219421387,6
2020-07-01,cl1s,1,0.6358789801597595,6
2020-07-01,ho1s,0,0.5639166235923767,6
2020-07-02,rb1s,0,0.3242207467556,6
2020-07-02,cl1s,0,0.598332405090332,6
2020-07-06,rb1s,0,0.2928687036037445,6
2020-07-06,cl1s,0,0.5594152212142944,6
2020-07-07,rb1s,0,0.31874802708625793,6
2020-07-07,cl1s,1,0.5637129545211792,6
2020-07-08,rb1s,0,0.3130510151386261,6
2020-07-08,cl1s,0,0.5516929030418396,6
2020-07-09,rb1s,0,0.3482118248939514,6
2020-07-09,cl1s,1,0.6562582850456238,6
2020-07-10,rb1s,0,0.3388567864894867,6
2020-07-10,cl1s,0,0.6295432448387146,6
2020-07-10,ho1s,1,0.4998803436756134,6
2020-07-13,cl1s,1,0.6555256843566895,6
2020-07-13,rb1s,0,0.33343154191970825,6
2020-07-14,rb1s,0,0.31871986389160156,6
2020-07-14,cl1s,1,0.5974685549736023,6
2020-07-15,rb1s,0,0.31048116087913513,6
2020-07-15,cl1s,0,0.5110666155815125,6
2020-07-16,cl1s,0,0.5030200481414795,6
2020-07-16,rb1s,0,0.2867955267429352,6
2020-07-17,cl1s,1,0.501011312007904,6
2020-07-17,rb1s,0,0.28869593143463135,6
2020-07-20,rb1s,0,0.2897929549217224,6
2020-07-20,cl1s,1,0.5386548638343811,6
2020-07-21,rb1s,0,0.2869891822338104,6
2020-07-21,cl1s,0,0.5036004185676575,6
2020-07-22,rb1s,0,0.286113977432251,6
2020-07-22,cl1s,0,0.4851337671279907,6
2020-07-23,rb1s,0,0.28212225437164307,6
2020-07-23,cl1s,1,0.5525442361831665,6
2020-07-24,rb1s,0,0.2643852233886719,6
2020-07-24,cl1s,1,0.5546841025352478,6
2020-07-27,rb1s,0,0.26826211810112,6
2020-07-27,cl1s,0,0.5276761054992676,6
2020-07-28,rb1s,0,0.2705094814300537,6
2020-07-28,cl1s,1,0.5546411871910095,6
2020-07-29,cl1s,0,0.5501812696456909,6
2020-07-29,rb1s,0,0.2658907473087311,6
2020-07-30,cl1s,1,0.5262383818626404,6
2020-07-30,rb1s,0,0.3219164311885834,6
2020-07-31,rb1s,1,0.3292825222015381,6
2020-07-31,cl1s,1,0.5476518273353577,6
2020-08-03,cl1s,1,0.5804463028907776,6
2020-08-03,ng1s,0,0.5005475878715515,6
2020-08-03,rb1s,0,0.29062172770500183,6
2020-08-04,cl1s,1,0.49796855449676514,6
2020-08-04,rb1s,0,0.26027268171310425,6
2020-08-05,rb1s,0,0.2527161240577698,6
2020-08-06,rb1s,0,0.2636989653110504,6
2020-08-06,ng1s,0,0.5291407108306885,6
2020-08-07,rb1s,1,0.2722731828689575,6
2020-08-10,ng1s,0,0.5688134431838989,6
2020-08-10,rb1s,0,0.2587488293647766,6
2020-08-11,rb1s,1,0.27294212579727173,6
2020-08-12,rb1s,0,0.2453431785106659,6
2020-08-13,rb1s,1,0.24614974856376648,6
2020-11-11,rb1s,0,0.3345668613910675,6
2020-11-12,rb1s,0,0.3871191143989563,6
2020-11-12,cl1s,0,0.5418675541877747,6
2020-11-13,rb1s,1,0.38901880383491516,6
2020-11-13,cl1s,1,0.531646192073822,6
2020-11-16,cl1s,1,0.5501480102539062,6
2020-11-16,rb1s,1,0.3870174288749695,6
2020-11-17,rb1s,1,0.37084925174713135,6
2020-11-17,cl1s,1,0.4112091660499573,6
2020-11-18,rb1s,1,0.3542376458644867,6
2020-11-18,cl1s,0,0.47491151094436646,6
2020-11-19,cl1s,1,0.4506790339946747,6
2020-11-19,rb1s,1,0.3342325687408447,6
2020-11-20,rb1s,1,0.30216342210769653,6
2020-11-20,cl1s,1,0.47986069321632385,6
2020-11-23,cl1s,1,0.4966795742511749,6
2020-11-23,rb1s,1,0.28329694271087646,6
2020-11-24,rb1s,0,0.27608993649482727,6
2020-11-24,cl1s,1,0.49587926268577576,6
2020-11-25,rb1s,0,0.3108136057853699,6
2020-11-27,rb1s,0,0.3105683922767639,6
2020-11-30,rb1s,0,0.3005332946777344,6
2020-12-01,cl1s,1,0.5611429214477539,6
2020-12-01,rb1s,1,0.29218509793281555,6
2020-12-02,rb1s,1,0.2897268533706665,6
2020-12-02,cl1s,1,0.5454786419868469,6
2020-12-03,rb1s,1,0.3030017912387848,6
2020-12-03,cl1s,1,0.5148263573646545,6
2020-12-04,cl1s,0,0.5089572072029114,6
2020-12-04,rb1s,0,0.30375543236732483,6
2020-12-07,rb1s,1,0.3076423108577728,6
2020-12-07,cl1s,0,0.546692430973053,6
2020-12-08,rb1s,1,0.3560009300708771,6
2020-12-08,cl1s,0,0.62287837266922,6
2020-12-09,cl1s,1,0.6479691863059998,6
2020-12-09,rb1s,1,0.3620893657207489,6
2020-12-10,rb1s,0,0.28038451075553894,6
2020-12-11,cl1s,1,0.6484946608543396,6
2020-12-11,rb1s,1,0.2973221242427826,6
2020-12-14,rb1s,1,0.28392645716667175,6
2020-12-15,rb1s,1,0.2805994749069214,6
2020-12-16,rb1s,0,0.2713410556316376,6
2020-12-17,rb1s,0,0.2743033468723297,6
2020-12-18,ho1s,1,0.44293805956840515,6
2020-12-18,rb1s,0,0.2647837996482849,6
2020-12-21,rb1s,0,0.3038967549800873,6
2020-12-21,ho1s,1,0.4830904006958008,6
2020-12-22,rb1s,1,0.33805572986602783,6
2020-12-23,rb1s,0,0.29363778233528137,6
2020-12-24,rb1s,0,0.2717756927013397,6
2020-12-28,rb1s,1,0.2828682065010071,6
2020-12-29,rb1s,1,0.25372058153152466,6
2020-12-30,rb1s,0,0.25734245777130127,6
2020-12-31,rb1s,0,0.2691618800163269,6
2021-01-04,ho1s,1,0.6566150784492493,6
2021-01-04,cl1s,1,0.6856192946434021,6
2021-01-04,rb1s,1,0.3070862293243408,6
2021-01-05,cl1s,1,0.6184705495834351,6
2021-01-05,rb1s,1,0.33280375599861145,6
2021-01-06,rb1s,0,0.31799444556236267,6
2021-01-06,cl1s,1,0.5568568706512451,6
2021-01-07,cl1s,1,0.5435452461242676,6
2021-01-07,rb1s,0,0.2799687087535858,6
2021-01-08,rb1s,0,0.28193458914756775,6
2021-01-08,cl1s,1,0.5301482081413269,6
2021-01-11,cl1s,1,0.5564969778060913,6
2021-01-11,rb1s,0,0.2699268162250519,6
2021-01-12,rb1s,0,0.2868296205997467,6
2021-01-13,rb1s,0,0.2887794077396393,6
2021-01-14,rb1s,0,0.3205626904964447,6
2021-01-15,cl1s,1,0.6414454579353333,6
2021-01-15,rb1s,0,0.31018683314323425,6
2021-01-19,rb1s,0,0.3486161231994629,6
2021-01-19,cl1s,1,0.64145827293396,6
2021-01-20,cl1s,0,0.6371332406997681,6
2021-01-20,rb1s,0,0.3227224349975586,6
2021-01-21,cl1s,0,0.6312738656997681,6
2021-01-21,rb1s,0,0.32791945338249207,6
2021-01-22,rb1s,0,0.27740857005119324,6
2021-01-25,rb1s,0,0.2834545373916626,6
2021-01-26,rb1s,0,0.3026743531227112,6
2021-01-27,rb1s,0,0.34585002064704895,6
2021-01-28,rb1s,0,0.33669620752334595,6
2021-01-29,rb1s,0,0.36211931705474854,6
2021-02-01,rb1s,0,0.3465965986251831,6
2021-02-02,rb1s,0,0.3147301971912384,6
2021-02-03,rb1s,0,0.2915323078632355,6
2021-02-04,rb1s,0,0.29197177290916443,6
2021-02-04,cl1s,0,0.5630089044570923,6
2021-02-05,cl1s,0,0.5449667572975159,6
2021-02-05,rb1s,0,0.27719447016716003,6
2021-02-08,rb1s,0,0.26868534088134766,6
2021-02-08,cl1s,0,0.5281727313995361,6
2021-02-09,rb1s,0,0.2592138648033142,6
2021-02-09,cl1s,0,0.48271724581718445,6
2021-02-10,rb1s,0,0.31864219903945923,6
2021-02-10,cl1s,1,0.5156003832817078,6
2021-02-11,rb1s,0,0.2923699617385864,6
2021-02-11,cl1s,0,0.5521360635757446,6
2021-02-12,cl1s,0,0.5235374569892883,6
2021-02-12,rb1s,0,0.27213436365127563,6
2021-02-16,ng1s,0,0.5184023380279541,6
2021-02-16,rb1s,0,0.2933882474899292,6
2021-02-16,cl1s,0,0.540069580078125,6
2021-02-17,rb1s,0,0.287759393453598,6
2021-02-17,cl1s,1,0.5403809547424316,6
2021-02-18,rb1s,0,0.29612115025520325,6
2021-02-18,cl1s,1,0.5652501583099365,6
2021-02-19,rb1s,0,0.2835897207260132,6
2021-02-19,cl1s,0,0.6351789832115173,6
2021-02-22,cl1s,1,0.5521438121795654,6
2021-02-22,rb1s,0,0.2660329043865204,6
2021-02-23,cl1s,0,0.5921189188957214,6
2021-02-23,rb1s,0,0.2799316942691803,6
2021-02-24,rb1s,0,0.2830011546611786,6
2021-02-24,cl1s,0,0.5123990178108215,6
2021-02-25,cl1s,1,0.5161963105201721,6
2021-02-25,rb1s,0,0.28259092569351196,6
2021-02-26,rb1s,0,0.36143094301223755,6
2021-03-01,rb1s,0,0.3408752381801605,6
2021-03-02,rb1s,0,0.3303350806236267,6
2021-03-03,rb1s,0,0.34396886825561523,6
2021-03-04,rb1s,0,0.3750051259994507,6
2021-03-05,rb1s,0,0.364250510931015,6
2021-03-05,cl1s,1,0.5573452115058899,6
2021-03-08,cl1s,1,0.5888128280639648,6
2021-03-08,rb1s,0,0.4011760950088501,6
2021-03-09,rb1s,0,0.3964459300041199,6
2020-05-13,cl1s,1,0.6071295738220215,7
2020-05-14,rb1s,0,0.5614438056945801,7
2020-05-14,cl1s,1,0.5963916778564453,7
2020-05-14,ng1s,1,0.6419420838356018,7
2020-05-15,rb1s,0,0.5615390539169312,7
2020-05-15,ng1s,0,0.6316112279891968,7
2020-05-18,rb1s,0,0.5233997106552124,7
2020-05-18,ho1s,1,0.5380919575691223,7
2020-05-18,ng1s,0,0.6311886310577393,7
2020-05-19,rb1s,0,0.5116710662841797,7
2020-05-19,cl1s,1,0.6061246991157532,7
2020-05-19,ng1s,1,0.6351090669631958,7
2020-05-20,ho1s,1,0.46215638518333435,7
2020-05-20,rb1s,0,0.4476618766784668,7
2020-05-20,ng1s,1,0.49971169233322144,7
2020-05-21,ng1s,0,0.5165204405784607,7
2020-05-21,rb1s,0,0.41333967447280884,7
2020-05-22,rb1s,0,0.43477654457092285,7
2020-05-26,rb1s,0,0.43724408745765686,7
2020-05-27,cl1s,1,0.581159770488739,7
2020-05-27,ng1s,1,0.5251441597938538,7
2020-05-27,rb1s,0,0.47195279598236084,7
2020-05-28,ng1s,0,0.5162142515182495,7
2020-05-28,cl1s,1,0.5612987279891968,7
2020-05-28,rb1s,0,0.4592058062553406,7
2020-05-29,ng1s,1,0.5406612753868103,7
2020-05-29,rb1s,0,0.3832097351551056,7
2020-06-01,rb1s,0,0.40409210324287415,7
2020-06-01,ng1s,0,0.6012704372406006,7
2020-06-02,rb1s,0,0.4009569585323334,7
2020-06-02,ng1s,0,0.5345401167869568,7
2020-06-03,rb1s,0,0.393297404050827,7
2020-06-04,cl1s,1,0.5124890208244324,7
2020-06-04,rb1s,0,0.394815593957901,7
2020-06-05,cl1s,0,0.557398796081543,7
2020-06-05,rb1s,0,0.39151060581207275,7
2020-06-08,rb1s,0,0.39044538140296936,7
2020-06-08,cl1s,1,0.5692406296730042,7
2020-06-09,rb1s,0,0.36599621176719666,7
2020-06-09,cl1s,1,0.5453583002090454,7
2020-06-10,cl1s,0,0.6075330376625061,7
2020-06-10,rb1s,0,0.4621458947658539,7
2020-06-11,rb1s,0,0.5078684687614441,7
2020-06-11,cl1s,0,0.6883251070976257,7
2020-06-12,cl1s,1,0.6551092267036438,7
2020-06-12,rb1s,1,0.5200805068016052,7
2020-06-15,rb1s,1,0.5118324160575867,7
2020-06-16,rb1s,0,0.4850604236125946,7
2020-06-17,rb1s,0,0.45546624064445496,7
2020-06-17,cl1s,1,0.6404243111610413,7
2020-06-18,cl1s,1,0.5378507971763611,7
2020-06-18,rb1s,0,0.35642677545547485,7
2020-06-19,rb1s,0,0.35624754428863525,7
2020-06-19,cl1s,1,0.5966337323188782,7
2020-06-22,cl1s,0,0.6038002371788025,7
2020-06-22,rb1s,1,0.42608144879341125,7
2020-06-23,rb1s,1,0.4084120988845825,7
2020-06-23,cl1s,0,0.6155489087104797,7
2020-06-24,cl1s,1,0.6696438789367676,7
2020-06-24,rb1s,0,0.4457646608352661,7
2020-06-25,cl1s,0,0.6545617580413818,7
2020-06-25,rb1s,0,0.4402889013290405,7
2020-06-26,cl1s,1,0.6059473752975464,7
2020-06-26,rb1s,1,0.4534398019313812,7
2020-06-29,cl1s,0,0.6132085919380188,7
2020-06-29,rb1s,1,0.46282893419265747,7
2020-06-30,rb1s,1,0.46090665459632874,7
2020-06-30,cl1s,1,0.5872769951820374,7
2020-07-01,rb1s,0,0.45616182684898376,7
2020-07-01,cl1s,1,0.6201430559158325,7
2020-07-01,ho1s,0,0.6384385824203491,7
2020-07-02,rb1s,0,0.4299643635749817,7
2020-07-02,cl1s,0,0.5673477649688721,7
2020-07-06,rb1s,0,0.38617199659347534,7
2020-07-06,cl1s,0,0.49989649653434753,7
2020-07-07,rb1s,0,0.3654254972934723,7
2020-07-07,cl1s,1,0.49779969453811646,7
2020-07-08,rb1s,0,0.4347642660140991,7
2020-07-08,cl1s,0,0.5552821159362793,7
2020-07-09,rb1s,0,0.4713329076766968,7
2020-07-09,cl1s,1,0.596407949924469,7
2020-07-10,rb1s,0,0.4453308880329132,7
2020-07-10,cl1s,0,0.6040409803390503,7
2020-07-10,ho1s,1,0.5637567043304443,7
2020-07-13,cl1s,1,0.5836712121963501,7
2020-07-13,rb1s,0,0.4531278908252716,7
2020-07-14,rb1s,0,0.4532613754272461,7
2020-07-14,cl1s,1,0.6067001223564148,7
2020-07-15,rb1s,0,0.4192875027656555,7
2020-07-15,cl1s,0,0.5454127192497253,7
2020-07-16,cl1s,0,0.45452263951301575,7
2020-07-16,rb1s,0,0.37528830766677856,7
2020-07-17,cl1s,1,0.4441526532173157,7
2020-07-17,rb1s,0,0.396291583776474,7
2020-07-20,rb1s,0,0.4010865390300751,7
2020-07-20,cl1s,1,0.46049827337265015,7
2020-07-21,rb1s,0,0.39496415853500366,7
2020-07-21,cl1s,0,0.48305779695510864,7
2020-07-22,rb1s,0,0.3855401575565338,7
2020-07-22,cl1s,0,0.4360808730125427,7
2020-07-23,rb1s,0,0.40744081139564514,7
2020-07-23,cl1s,1,0.4944066107273102,7
2020-07-24,rb1s,0,0.3814152777194977,7
2020-07-24,cl1s,1,0.4985038936138153,7
2020-07-27,rb1s,0,0.38572824001312256,7
2020-07-27,cl1s,0,0.5425821542739868,7
2020-07-28,rb1s,0,0.3921010494232178,7
2020-07-28,cl1s,1,0.5547134876251221,7
2020-07-29,cl1s,0,0.4753289818763733,7
2020-07-29,rb1s,0,0.3898763060569763,7
2020-07-30,cl1s,1,0.5682956576347351,7
2020-07-30,rb1s,0,0.46786990761756897,7
2020-07-31,rb1s,1,0.4704644978046417,7
2020-07-31,cl1s,1,0.5283963680267334,7
2020-08-03,cl1s,1,0.5505252480506897,7
2020-08-03,ng1s,0,0.5725586414337158,7
2020-08-03,rb1s,0,0.4813978672027588,7
2020-08-04,cl1s,1,0.5469306707382202,7
2020-08-04,rb1s,0,0.4639725685119629,7
2020-08-05,rb1s,0,0.4595281779766083,7
2020-08-06,rb1s,0,0.481480211019516,7
2020-08-06,ng1s,0,0.5782533288002014,7
2020-08-07,rb1s,1,0.4351416230201721,7
2020-08-10,ng1s,0,0.6002870202064514,7
2020-08-10,rb1s,0,0.38963064551353455,7
2020-08-11,rb1s,1,0.44372665882110596,7
2020-08-12,rb1s,0,0.3593887686729431,7
2020-08-13,rb1s,1,0.345002681016922,7
2021-03-10,rb1s,0,0.32345157861709595,7
2021-03-11,rb1s,0,0.3051873445510864,7
2021-03-12,rb1s,1,0.3592833876609802,7
2021-03-15,rb1s,1,0.37656158208847046,7
2021-03-16,rb1s,1,0.3411829471588135,7
2021-03-17,rb1s,1,0.37671878933906555,7
2021-03-18,rb1s,0,0.4789358973503113,7
2021-03-19,rb1s,0,0.49520036578178406,7
2021-03-22,rb1s,0,0.47786974906921387,7
2021-03-23,rb1s,0,0.4533822536468506,7
2021-03-24,rb1s,0,0.38699930906295776,7
2021-03-25,rb1s,1,0.36101844906806946,7
2021-03-26,rb1s,0,0.32809537649154663,7
2021-03-29,rb1s,0,0.3312244713306427,7
2021-03-30,rb1s,0,0.32242298126220703,7
2021-03-31,rb1s,0,0.3364216685295105,7
2021-04-01,rb1s,0,0.3004828095436096,7
2021-04-05,rb1s,0,0.38420775532722473,7
2021-04-06,rb1s,0,0.3860419988632202,7
2021-04-07,rb1s,0,0.3894578814506531,7
2021-04-08,rb1s,0,0.3658466339111328,7
2021-04-09,rb1s,0,0.31905508041381836,7
2021-04-12,rb1s,0,0.3202904164791107,7
2021-04-13,rb1s,0,0.36222806572914124,7
2021-04-14,rb1s,0,0.2985072135925293,7
2021-04-15,rb1s,0,0.31846195459365845,7
2021-04-15,cl1s,0,0.5170209407806396,7
2021-04-16,rb1s,0,0.2870326042175293,7
2021-04-16,cl1s,1,0.4163057208061218,7
2021-04-19,cl1s,0,0.43879255652427673,7
2021-04-19,rb1s,0,0.29690659046173096,7
2021-04-20,rb1s,0,0.28590577840805054,7
2021-04-20,cl1s,0,0.626428484916687,7
2021-04-21,cl1s,1,0.6244692802429199,7
2021-04-21,rb1s,0,0.32928088307380676,7
2021-04-22,rb1s,0,0.307085245847702,7
2021-04-22,cl1s,1,0.6019676923751831,7
2021-04-23,rb1s,0,0.3205125033855438,7
2021-04-23,cl1s,0,0.49366167187690735,7
2021-04-26,cl1s,1,0.5830690264701843,7
2021-04-26,rb1s,0,0.31392067670822144,7
2021-04-27,cl1s,1,0.49346667528152466,7
2021-04-27,rb1s,0,0.3006838858127594,7
2021-04-28,cl1s,1,0.4926397204399109,7
2021-04-28,rb1s,0,0.3006400465965271,7
2021-04-29,rb1s,0,0.28790196776390076,7
2021-04-29,cl1s,0,0.4884912371635437,7
2021-04-30,cl1s,1,0.5889325737953186,7
2021-04-30,rb1s,0,0.304036408662796,7
2021-05-03,cl1s,1,0.5352441668510437,7
2021-05-03,rb1s,0,0.330597460269928,7
2021-05-04,cl1s,0,0.5291335582733154,7
2021-05-04,rb1s,0,0.3016588091850281,7
2021-05-05,rb1s,0,0.3065668046474457,7
2021-05-05,cl1s,0,0.5599374175071716,7
2021-05-06,rb1s,0,0.3136121928691864,7
2021-05-07,rb1s,0,0.3313160240650177,7
2021-05-10,rb1s,0,0.32793188095092773,7
2021-05-11,rb1s,0,0.33168622851371765,7
2021-05-12,rb1s,1,0.30015528202056885,7
2021-05-12,cl1s,0,0.5778487324714661,7
2021-05-13,rb1s,0,0.3450948894023895,7
2021-05-14,rb1s,0,0.3114805221557617,7
2021-05-14,cl1s,1,0.5715138912200928,7
2021-05-17,cl1s,0,0.5017475485801697,7
2021-05-17,rb1s,0,0.307649165391922,7
2021-05-18,rb1s,0,0.32608309388160706,7
2021-05-19,cl1s,0,0.5898343920707703,7
2021-05-19,rb1s,0,0.35514310002326965,7
2021-05-20,cl1s,1,0.6007667183876038,7
2021-05-20,rb1s,1,0.36030223965644836,7
2021-05-21,cl1s,1,0.611265242099762,7
2021-05-21,rb1s,1,0.32393476366996765,7
2021-05-24,rb1s,0,0.33717072010040283,7
2021-05-24,cl1s,1,0.5540589094161987,7
2021-05-25,rb1s,0,0.339765727519989,7
2021-05-25,cl1s,1,0.583457350730896,7
2021-05-26,rb1s,0,0.3243477940559387,7
2021-05-26,cl1s,1,0.518839418888092,7
2021-05-27,rb1s,0,0.3299286961555481,7
2021-05-27,cl1s,0,0.4816732704639435,7
2021-05-28,rb1s,0,0.337240606546402,7
2021-05-28,cl1s,1,0.4821159243583679,7
2021-06-01,cl1s,1,0.6250739693641663,7
2021-06-01,rb1s,0,0.32913127541542053,7
2021-06-02,rb1s,0,0.29541638493537903,7
2021-06-02,cl1s,0,0.4218161106109619,7
2021-06-03,rb1s,0,0.2916536331176758,7
2021-06-03,cl1s,1,0.4121212661266327,7
2021-06-04,cl1s,0,0.4458864629268646,7
2021-06-04,rb1s,0,0.3488015830516815,7
2021-06-07,cl1s,1,0.4545287489891052,7
2021-06-07,rb1s,0,0.3537589907646179,7
2021-06-08,cl1s,0,0.5555437207221985,7
2021-06-08,rb1s,0,0.3462732434272766,7
2021-06-09,cl1s,1,0.4729295074939728,7
2021-06-09,rb1s,0,0.34878474473953247,7
2021-06-10,cl1s,1,0.5901505947113037,7
2021-06-10,rb1s,0,0.36051616072654724,7
2021-06-11,rb1s,0,0.3628767728805542,7
2021-06-14,rb1s,0,0.36308109760284424,7
2021-06-15,cl1s,1,0.4797855019569397,7
2021-06-15,rb1s,0,0.3569994270801544,7
2021-06-16,rb1s,0,0.36288657784461975,7
2021-06-16,cl1s,0,0.4738018214702606,7
2021-06-17,rb1s,0,0.3893595337867737,7
2021-06-17,ho1s,1,0.6216703057289124,7
2021-06-17,cl1s,1,0.5649449825286865,7
2021-06-18,rb1s,0,0.42369017004966736,7
2021-06-18,cl1s,1,0.5575651526451111,7
2021-06-21,rb1s,0,0.4390407204627991,7
2021-06-21,cl1s,0,0.5778126120567322,7
2021-06-22,rb1s,0,0.3844529390335083,7
2021-06-22,cl1s,1,0.5019468069076538,7
2021-06-23,rb1s,0,0.3853210210800171,7
2021-06-24,cl1s,1,0.45832696557044983,7
2021-06-24,rb1s,1,0.3683091402053833,7
2021-06-25,rb1s,0,0.33031290769577026,7
2021-06-25,cl1s,0,0.4329356551170349,7
2021-06-28,rb1s,0,0.4089397192001343,7
2021-06-28,ho1s,1,0.6573665142059326,7
2021-06-28,cl1s,1,0.4647551476955414,7
2021-06-29,ho1s,1,0.5916146636009216,7
2021-06-29,rb1s,0,0.36486777663230896,7
2021-06-29,cl1s,1,0.526007354259491,7
2021-06-30,cl1s,1,0.4415128529071808,7
2021-06-30,rb1s,0,0.3688112497329712,7
2021-07-01,cl1s,0,0.5442329049110413,7
2020-05-13,cl1s,1,0.6606748104095459,8
2020-05-14,rb1s,0,0.6455232501029968,8
2020-05-14,cl1s,1,0.6349422335624695,8
2020-05-14,ng1s,1,0.8085734844207764,8
2020-05-15,rb1s,0,0.6055390238761902,8
2020-05-15,ng1s,0,0.7710162401199341,8
2020-05-18,rb1s,0,0.5646567940711975,8
2020-05-18,ho1s,1,0.587212085723877,8
2020-05-18,ng1s,0,0.7851953506469727,8
2020-05-19,rb1s,0,0.5872170925140381,8
2020-05-19,cl1s,1,0.7113701701164246,8
2020-05-19,ng1s,1,0.7612022161483765,8
2020-05-20,ho1s,1,0.41229644417762756,8
2020-05-20,rb1s,0,0.4225753843784332,8
2020-05-20,ng1s,1,0.532996654510498,8
2020-05-21,ng1s,0,0.5229373574256897,8
2020-05-21,rb1s,0,0.3679955303668976,8
2020-05-22,rb1s,0,0.42722415924072266,8
2020-05-26,rb1s,0,0.4267737567424774,8
2020-05-27,cl1s,1,0.6033180952072144,8
2020-05-27,ng1s,1,0.5594992637634277,8
2020-05-27,rb1s,0,0.463481605052948,8
2020-05-28,ng1s,0,0.5244473218917847,8
2020-05-28,cl1s,1,0.582273542881012,8
2020-05-28,rb1s,0,0.4389937222003937,8
2020-05-29,ng1s,1,0.5460425615310669,8
2020-05-29,rb1s,0,0.26555171608924866,8
2020-06-01,rb1s,0,0.3123968243598938,8
2020-06-01,ng1s,0,0.7019186019897461,8
2020-06-02,rb1s,0,0.31597939133644104,8
2020-06-02,ng1s,0,0.6009236574172974,8
2020-06-03,rb1s,0,0.2532048523426056,8
2020-06-04,cl1s,1,0.49951934814453125,8
2020-06-04,rb1s,0,0.26154446601867676,8
2020-06-05,cl1s,0,0.5653240084648132,8
2020-06-05,rb1s,0,0.23872539401054382,8
2020-06-08,rb1s,0,0.2693975865840912,8
2020-06-08,cl1s,1,0.6171703934669495,8
2020-06-09,rb1s,0,0.23522692918777466,8
2020-06-09,cl1s,1,0.6170266270637512,8
2020-06-10,cl1s,0,0.7502782940864563,8
2020-06-10,rb1s,0,0.39316287636756897,8
2020-06-11,rb1s,0,0.5123428106307983,8
2020-06-11,cl1s,0,0.8321649432182312,8
2020-06-12,cl1s,1,0.8041608333587646,8
2020-06-12,rb1s,1,0.6262630224227905,8
2020-06-15,rb1s,1,0.6254925727844238,8
2020-06-16,rb1s,0,0.6132997870445251,8
2020-06-17,rb1s,0,0.5045061111450195,8
2020-06-17,cl1s,1,0.7866683602333069,8
2020-06-18,cl1s,1,0.5689666271209717,8
2020-06-18,rb1s,0,0.28012463450431824,8
2020-06-19,rb1s,0,0.2685605585575104,8
2020-06-19,cl1s,1,0.5688692927360535,8
2020-06-22,cl1s,0,0.7112236022949219,8
2020-06-22,rb1s,1,0.5170893669128418,8
2020-06-23,rb1s,1,0.46641477942466736,8
2020-06-23,cl1s,0,0.7274800539016724,8
2020-06-24,cl1s,1,0.7721484303474426,8
2020-06-24,rb1s,0,0.5134661793708801,8
2020-06-25,cl1s,0,0.7303908467292786,8
2020-06-25,rb1s,0,0.4648911654949188,8
2020-06-26,cl1s,1,0.6714663505554199,8
2020-06-26,rb1s,1,0.47717028856277466,8
2020-06-29,cl1s,0,0.6661608815193176,8
2020-06-29,rb1s,1,0.5444671511650085,8
2020-06-30,rb1s,1,0.5439193248748779,8
2020-06-30,cl1s,1,0.6472741365432739,8
2020-07-01,rb1s,0,0.46276265382766724,8
2020-07-01,cl1s,1,0.6574874520301819,8
2020-07-01,ho1s,0,0.6796056628227234,8
2020-07-02,rb1s,0,0.5163997411727905,8
2020-07-02,cl1s,0,0.5933844447135925,8
2020-07-06,rb1s,0,0.3515467941761017,8
2020-07-06,cl1s,0,0.5145680904388428,8
2020-07-07,rb1s,0,0.3048999011516571,8
2020-07-07,cl1s,1,0.46016281843185425,8
2020-07-08,rb1s,0,0.4335058629512787,8
2020-07-08,cl1s,0,0.5938591361045837,8
2020-07-09,rb1s,0,0.4785575270652771,8
2020-07-09,cl1s,1,0.6787214875221252,8
2020-07-10,rb1s,0,0.43945491313934326,8
2020-07-10,cl1s,0,0.6446635127067566,8
2020-07-10,ho1s,1,0.5999751687049866,8
2020-07-13,cl1s,1,0.6807195544242859,8
2020-07-13,rb1s,0,0.4277026951313019,8
2020-07-14,rb1s,0,0.4556942880153656,8
2020-07-14,cl1s,1,0.6887186169624329,8
2020-07-15,rb1s,0,0.3519301414489746,8
2020-07-15,cl1s,0,0.5875598788261414,8
2020-07-16,cl1s,0,0.41405031085014343,8
2020-07-16,rb1s,0,0.2726304829120636,8
2020-07-17,cl1s,1,0.4468705356121063,8
2020-07-17,rb1s,0,0.34500041604042053,8
2020-07-20,rb1s,0,0.3623715937137604,8
2020-07-20,cl1s,1,0.5184515118598938,8
2020-07-21,rb1s,0,0.35724660754203796,8
2020-07-21,cl1s,0,0.5089884400367737,8
2020-07-22,rb1s,0,0.25154241919517517,8
2020-07-22,cl1s,0,0.40014058351516724,8
2020-07-23,rb1s,0,0.3064856231212616,8
2020-07-23,cl1s,1,0.5202712416648865,8
2020-07-24,rb1s,0,0.272030234336853,8
2020-07-24,cl1s,1,0.5334253311157227,8
2020-07-27,rb1s,0,0.3319287598133087,8
2020-07-27,cl1s,0,0.6296066045761108,8
2020-07-28,rb1s,0,0.30223390460014343,8
2020-07-28,cl1s,1,0.6716319918632507,8
2020-07-29,cl1s,0,0.4510321617126465,8
2020-07-29,rb1s,0,0.2842006981372833,8
2020-07-30,cl1s,1,0.5862274169921875,8
2020-07-30,rb1s,0,0.4411469101905823,8
2020-07-31,rb1s,1,0.4731016457080841,8
2020-07-31,cl1s,1,0.5848379731178284,8
2020-08-03,cl1s,1,0.6698681712150574,8
2020-08-03,ng1s,0,0.6443147659301758,8
2020-08-03,rb1s,0,0.5195418000221252,8
2020-08-04,cl1s,1,0.616891086101532,8
2020-08-04,rb1s,0,0.44808346033096313,8
2020-08-05,rb1s,0,0.4329119324684143,8
2020-08-06,rb1s,0,0.4790683686733246,8
2020-08-06,ng1s,0,0.684844434261322,8
2020-08-07,rb1s,1,0.46158644556999207,8
2020-08-10,ng1s,0,0.7133305072784424,8
2020-08-10,rb1s,0,0.3439231812953949,8
2020-08-11,rb1s,1,0.3878224194049835,8
2020-08-12,rb1s,0,0.3207041323184967,8
2020-08-13,rb1s,1,0.27035173773765564,8
2021-07-01,rb1s,0,0.14050839841365814,8
2021-07-02,rb1s,1,0.20075613260269165,8
2021-07-02,cl1s,0,0.38709989190101624,8
2021-07-06,cl1s,0,0.634614109992981,8
2021-07-06,rb1s,0,0.2071252018213272,8
2021-07-07,rb1s,0,0.2441512793302536,8
2021-07-07,cl1s,1,0.5719236135482788,8
2021-07-07,ho1s,1,0.5926863551139832,8
2021-07-08,rb1s,0,0.23191696405410767,8
2021-07-08,cl1s,1,0.6232847571372986,8
2021-07-08,ho1s,1,0.6309853196144104,8
2021-07-09,rb1s,0,0.2718840539455414,8
2021-07-09,cl1s,0,0.5071017146110535,8
2021-07-12,rb1s,0,0.388067364692688,8
2021-07-12,cl1s,1,0.5667811632156372,8
2021-07-13,rb1s,1,0.34357744455337524,8
2021-07-13,cl1s,0,0.5029132962226868,8
2021-07-14,cl1s,0,0.6202713251113892,8
2021-07-14,rb1s,1,0.27827635407447815,8
2021-07-15,cl1s,1,0.46261832118034363,8
2021-07-15,rb1s,1,0.3580291271209717,8
2021-07-16,rb1s,1,0.34877610206604004,8
2021-07-16,cl1s,0,0.5036373138427734,8
2021-07-19,rb1s,1,0.37228986620903015,8
2021-07-19,cl1s,1,0.6277703642845154,8
2021-07-20,rb1s,1,0.33566004037857056,8
2021-07-20,cl1s,1,0.6116457581520081,8
2021-07-21,rb1s,1,0.31740185618400574,8
2021-07-21,cl1s,1,0.5807357430458069,8
2021-07-22,rb1s,1,0.21957926452159882,8
2021-07-22,cl1s,1,0.46450039744377136,8
2021-07-23,rb1s,0,0.18512584269046783,8
2021-07-23,cl1s,0,0.4521206319332123,8
2021-07-26,rb1s,0,0.14996066689491272,8
2021-07-26,cl1s,0,0.4521733224391937,8
2021-07-27,rb1s,0,0.14344573020935059,8
2021-07-27,cl1s,1,0.3580837547779083,8
2021-07-28,cl1s,1,0.2133958488702774,8
2021-07-28,rb1s,0,0.1512359231710434,8
2021-07-29,rb1s,0,0.10887397080659866,8
2021-07-29,cl1s,1,0.1799534261226654,8
2021-07-30,rb1s,0,0.12533989548683167,8
2021-07-30,cl1s,0,0.18276095390319824,8
2021-08-02,rb1s,0,0.1271524280309677,8
2021-08-02,cl1s,0,0.4766782224178314,8
2021-08-03,cl1s,0,0.5684603452682495,8
2021-08-03,rb1s,0,0.13510534167289734,8
2021-08-04,rb1s,0,0.11979522556066513,8
2021-08-04,cl1s,1,0.5517280697822571,8
2021-08-05,cl1s,0,0.49612802267074585,8
2021-08-05,rb1s,0,0.11341102421283722,8
2021-08-06,cl1s,0,0.5980903506278992,8
2021-08-06,rb1s,0,0.12305387109518051,8
2021-08-09,cl1s,1,0.662142813205719,8
2021-08-09,rb1s,0,0.13643914461135864,8
2021-08-10,rb1s,0,0.11244234442710876,8
2021-08-10,cl1s,1,0.6052449345588684,8
2021-08-11,cl1s,0,0.5666863918304443,8
2021-08-11,rb1s,0,0.14624926447868347,8
2021-08-12,cl1s,0,0.5124073028564453,8
2021-08-12,rb1s,0,0.18539650738239288,8
2021-08-13,rb1s,0,0.27419984340667725,8
2021-08-13,cl1s,0,0.583480954170227,8
2021-08-16,cl1s,0,0.5423473119735718,8
2021-08-16,rb1s,0,0.20717109739780426,8
2021-08-17,cl1s,0,0.48909395933151245,8
2021-08-17,rb1s,0,0.19360500574111938,8
2021-08-18,cl1s,0,0.5353356003761292,8
2021-08-18,rb1s,0,0.17131488025188446,8
2021-08-19,rb1s,0,0.2613375782966614,8
2021-08-19,cl1s,0,0.6670189499855042,8
2021-08-20,rb1s,1,0.2734001576900482,8
2021-08-20,cl1s,1,0.6263062953948975,8
2021-08-23,rb1s,1,0.26233533024787903,8
2021-08-23,cl1s,1,0.6576074957847595,8
2021-08-24,cl1s,1,0.5398913025856018,8
2021-08-24,rb1s,1,0.13493435084819794,8
2021-08-25,rb1s,0,0.138705775141716,8
2021-08-25,cl1s,0,0.41975128650665283,8
2021-08-26,rb1s,1,0.11609414219856262,8
2021-08-26,cl1s,1,0.40553346276283264,8
2021-08-27,rb1s,0,0.14887677133083344,8
2021-08-27,cl1s,1,0.31967514753341675,8
2021-08-30,rb1s,0,0.13916993141174316,8
2021-08-30,cl1s,0,0.3274306654930115,8
2021-08-31,cl1s,1,0.24867123365402222,8
2021-08-31,rb1s,0,0.1473863571882248,8
2021-09-01,rb1s,1,0.1538674533367157,8
2021-09-01,cl1s,1,0.37801671028137207,8
2021-09-02,rb1s,0,0.15301711857318878,8
2021-09-02,cl1s,0,0.429739385843277,8
2021-09-03,rb1s,0,0.11673694103956223,8
2021-09-03,cl1s,0,0.309905081987381,8
2021-09-07,rb1s,0,0.12582992017269135,8
2021-09-07,cl1s,1,0.44531354308128357,8
2021-09-08,cl1s,0,0.25537076592445374,8
2021-09-08,rb1s,0,0.11484185606241226,8
2021-09-09,rb1s,1,0.11465854197740555,8
2021-09-09,cl1s,1,0.41243618726730347,8
2021-09-10,cl1s,1,0.381493479013443,8
2021-09-10,rb1s,0,0.12026658654212952,8
2021-09-13,rb1s,0,0.13937261700630188,8
2021-09-13,cl1s,1,0.32800909876823425,8
2021-09-14,cl1s,1,0.2745697498321533,8
2021-09-14,rb1s,0,0.1452142894268036,8
2021-09-15,rb1s,0,0.14282166957855225,8
2021-09-15,cl1s,1,0.4137198328971863,8
2021-09-16,cl1s,0,0.23979367315769196,8
2021-09-16,rb1s,0,0.11728791147470474,8
2021-09-17,cl1s,0,0.23835617303848267,8
2021-09-17,rb1s,0,0.12609295547008514,8
2021-09-20,rb1s,1,0.14032378792762756,8
2021-09-20,cl1s,1,0.3593931794166565,8
2021-09-21,cl1s,1,0.4315078854560852,8
2021-09-21,rb1s,1,0.1450350433588028,8
2021-09-22,cl1s,1,0.226734459400177,8
2021-09-22,rb1s,1,0.13378001749515533,8
2021-09-23,cl1s,1,0.2341967672109604,8
2021-09-23,rb1s,0,0.08804281800985336,8
2021-09-24,rb1s,1,0.1276666224002838,8
2021-09-24,cl1s,1,0.2207362949848175,8
2021-09-27,rb1s,0,0.15248967707157135,8
2021-09-27,cl1s,0,0.2758735418319702,8
2021-09-28,rb1s,1,0.1522638350725174,8
2021-09-28,cl1s,0,0.4051286280155182,8
2021-09-29,rb1s,1,0.15283054113388062,8
2021-09-29,cl1s,1,0.5027207732200623,8
2021-09-30,cl1s,1,0.580562949180603,8
2021-09-30,rb1s,1,0.15580198168754578,8
2021-10-01,rb1s,1,0.17199267446994781,8
2021-10-01,cl1s,1,0.5419066548347473,8
2021-10-04,cl1s,1,0.616104781627655,8
2021-10-04,rb1s,0,0.12924562394618988,8
2020-08-14,rb1s,1,0.16292215883731842,9
2020-08-17,rb1s,1,0.16107073426246643,9
2020-08-18,rb1s,1,0.17176221311092377,9
2020-08-19,rb1s,0,0.18657684326171875,9
2020-08-20,rb1s,0,0.21760797500610352,9
2020-08-21,rb1s,1,0.19104783236980438,9
2020-08-21,cl1s,1,0.8025346994400024,9
2020-08-24,rb1s,0,0.23229990899562836,9
2020-08-24,cl1s,1,0.7571019530296326,9
2020-08-25,cl1s,1,0.4371736943721771,9
2020-08-25,rb1s,0,0.21822229027748108,9
2020-08-26,rb1s,0,0.2077658623456955,9
2020-08-26,cl1s,0,0.36829811334609985,9
2020-08-27,rb1s,0,0.2090865671634674,9
2020-08-28,rb1s,0,0.14095355570316315,9
2020-08-31,rb1s,0,0.15711627900600433,9
2020-09-01,cl1s,0,0.76323401927948,9
2020-09-01,rb1s,0,0.16815252602100372,9
2020-09-02,rb1s,0,0.21198226511478424,9
2020-09-02,cl1s,0,0.81137615442276,9
2020-09-03,rb1s,0,0.39647024869918823,9
2020-09-04,rb1s,0,0.43732112646102905,9
2020-09-08,ho1s,1,0.7376545071601868,9
2020-09-08,rb1s,0,0.4734920263290405,9
2020-09-09,rb1s,0,0.42345988750457764,9
2020-09-10,rb1s,1,0.4239828884601593,9
2020-09-11,rb1s,1,0.48862069845199585,9
2020-09-14,rb1s,1,0.46705371141433716,9
2020-09-15,rb1s,1,0.2798127830028534,9
2020-09-16,cl1s,1,0.6555978655815125,9
2020-09-16,rb1s,0,0.3022903800010681,9
2020-09-17,rb1s,0,0.31958797574043274,9
2020-09-18,rb1s,0,0.27776092290878296,9
2020-09-21,ho1s,0,0.7104632258415222,9
2020-09-21,rb1s,0,0.4078809916973114,9
2020-09-21,cl1s,1,0.7865384817123413,9
2020-09-22,ho1s,1,0.6340795159339905,9
2020-09-22,rb1s,0,0.40186330676078796,9
2020-09-22,cl1s,1,0.6694125533103943,9
2020-09-23,rb1s,0,0.38912200927734375,9
2020-09-23,ho1s,1,0.6653634905815125,9
2020-09-23,cl1s,1,0.7891170978546143,9
2020-09-24,rb1s,0,0.36261725425720215,9
2020-09-24,ng1s,1,0.7375549674034119,9
2020-09-24,ho1s,1,0.6452735662460327,9
2020-09-24,cl1s,0,0.7200272083282471,9
2020-09-25,ho1s,1,0.5747054219245911,9
2020-09-25,rb1s,0,0.2067263126373291,9
2020-09-25,cl1s,1,0.6726346611976624,9
2020-09-28,cl1s,0,0.5618337392807007,9
2020-09-28,rb1s,0,0.20155271887779236,9
2020-09-29,cl1s,1,0.6084228157997131,9
2020-09-29,ho1s,1,0.5848338007926941,9
2020-09-29,rb1s,0,0.2737082540988922,9
2020-09-30,cl1s,0,0.733099102973938,9
2020-09-30,ho1s,0,0.5658725500106812,9
2020-09-30,rb1s,0,0.2458917200565338,9
2020-10-01,cl1s,0,0.7559652924537659,9
2020-10-01,ho1s,0,0.5845719575881958,9
2020-10-01,rb1s,0,0.2911168932914734,9
2020-10-02,ho1s,1,0.5575035214424133,9
2020-10-02,rb1s,1,0.2279709279537201,9
2020-10-02,cl1s,1,0.6952171325683594,9
2020-10-05,cl1s,1,0.7373490929603577,9
2020-10-05,rb1s,0,0.2288668155670166,9
2020-10-06,rb1s,0,0.26426512002944946,9
2020-10-07,cl1s,1,0.7200079560279846,9
2020-10-07,rb1s,0,0.26212868094444275,9
2020-10-08,rb1s,0,0.24921630322933197,9
2020-10-08,cl1s,0,0.5929516553878784,9
2020-10-09,ng1s,0,0.6522090435028076,9
2020-10-09,cl1s,0,0.6651496291160583,9
2020-10-09,rb1s,0,0.14733083546161652,9
2020-10-12,rb1s,0,0.17075176537036896,9
2020-10-12,ng1s,1,0.558044970035553,9
2020-10-12,cl1s,1,0.6954272389411926,9
2020-10-13,rb1s,0,0.17623400688171387,9
2020-10-13,cl1s,1,0.6937276721000671,9
2020-10-13,ng1s,1,0.6340585350990295,9
2020-10-14,cl1s,0,0.6421071887016296,9
2020-10-14,ng1s,0,0.6959289908409119,9
2020-10-14,rb1s,0,0.20860359072685242,9
2020-10-15,cl1s,0,0.6236010193824768,9
2020-10-15,rb1s,0,0.4012405574321747,9
2020-10-16,cl1s,0,0.5469539165496826,9
2020-10-16,rb1s,0,0.30731555819511414,9
2020-10-19,rb1s,0,0.4820820689201355,9
2020-10-19,cl1s,1,0.6578447222709656,9
2020-10-20,cl1s,0,0.4647231698036194,9
2020-10-20,rb1s,0,0.2611317038536072,9
2020-10-21,cl1s,1,0.7483962774276733,9
2020-10-21,rb1s,0,0.30431753396987915,9
2020-10-22,cl1s,0,0.741089403629303,9
2020-10-22,rb1s,0,0.37077459692955017,9
2020-10-23,ho1s,0,0.6205479502677917,9
2020-10-23,rb1s,0,0.3092409372329712,9
2020-10-23,cl1s,0,0.7363055348396301,9
2020-10-26,ng1s,0,0.5720596313476562,9
2020-10-26,ho1s,1,0.7336679100990295,9
2020-10-26,rb1s,0,0.5392040610313416,9
2020-10-26,cl1s,1,0.7336549758911133,9
2020-10-27,ng1s,1,0.6148297786712646,9
2020-10-27,ho1s,0,0.724622905254364,9
2020-10-27,rb1s,0,0.47340378165245056,9
2020-10-27,cl1s,0,0.8318842053413391,9
2020-10-28,cl1s,0,0.7925925254821777,9
2020-10-28,rb1s,0,0.45149871706962585,9
2020-10-29,cl1s,0,0.7914633750915527,9
2020-10-29,ho1s,0,0.7728814482688904,9
2020-10-29,rb1s,1,0.51633620262146,9
2020-10-30,cl1s,1,0.7734807133674622,9
2020-10-30,rb1s,1,0.47009313106536865,9
2020-10-30,ho1s,1,0.7649385929107666,9
2020-11-02,rb1s,1,0.47080862522125244,9
2020-11-02,cl1s,1,0.7879277467727661,9
2020-11-03,rb1s,1,0.4120851457118988,9
2020-11-03,cl1s,1,0.756633460521698,9
2020-11-04,cl1s,0,0.8131569027900696,9
2020-11-04,rb1s,0,0.4332033097743988,9
2020-11-05,cl1s,0,0.7097647190093994,9
2020-11-05,rb1s,0,0.19759562611579895,9
2020-11-06,cl1s,1,0.6499232649803162,9
2020-11-06,rb1s,1,0.12006811797618866,9
2020-11-09,cl1s,1,0.4969521462917328,9
2020-11-09,rb1s,0,0.15035226941108704,9
2020-11-10,cl1s,1,0.45988351106643677,9
2020-11-10,rb1s,0,0.13788454234600067,9
2020-11-11,cl1s,0,0.4664415419101715,9
2020-11-11,rb1s,0,0.1537724882364273,9
2020-11-12,rb1s,0,0.17984437942504883,9
2020-11-12,cl1s,0,0.6008906960487366,9
2020-11-13,rb1s,1,0.19082827866077423,9
2020-11-13,cl1s,1,0.6333301067352295,9
2020-11-16,cl1s,1,0.5477913022041321,9
2020-11-16,rb1s,1,0.21656179428100586,9
2020-11-17,rb1s,1,0.20941956341266632,9
2020-11-17,cl1s,1,0.4912738502025604,9
2020-11-18,rb1s,1,0.1946849375963211,9
2020-11-18,cl1s,0,0.38106176257133484,9
2020-11-19,cl1s,1,0.4873727560043335,9
2020-11-19,rb1s,1,0.19149242341518402,9
2020-11-20,rb1s,1,0.20225977897644043,9
2020-11-20,cl1s,1,0.41748476028442383,9
2020-11-23,cl1s,1,0.45096197724342346,9
2020-11-23,rb1s,1,0.20382985472679138,9
2020-11-24,rb1s,0,0.21024605631828308,9
2020-11-24,cl1s,1,0.36140844225883484,9
2020-11-25,rb1s,0,0.28275975584983826,9
2020-11-27,rb1s,0,0.2731611430644989,9
2020-11-30,rb1s,0,0.25875645875930786,9
2020-12-01,cl1s,1,0.6641722917556763,9
2020-12-01,rb1s,1,0.25595757365226746,9
2020-12-02,rb1s,1,0.2475656270980835,9
2020-12-02,cl1s,1,0.5944998264312744,9
2020-12-03,rb1s,1,0.2597809433937073,9
2020-12-03,cl1s,1,0.5022303462028503,9
2020-12-04,cl1s,0,0.3857416808605194,9
2020-12-04,rb1s,0,0.257398784160614,9
2020-12-07,rb1s,1,0.24529895186424255,9
2020-12-07,cl1s,0,0.6338496208190918,9
2020-12-08,rb1s,1,0.28635793924331665,9
2020-12-08,cl1s,0,0.6474424004554749,9
2020-12-09,cl1s,1,0.6996579766273499,9
2020-12-09,rb1s,1,0.30469226837158203,9
2020-12-10,rb1s,0,0.2209288477897644,9
2020-12-11,cl1s,1,0.6902663111686707,9
2020-12-11,rb1s,1,0.24815453588962555,9
2020-12-14,rb1s,1,0.24764184653759003,9
2020-12-15,rb1s,1,0.1909765750169754,9
2020-12-16,rb1s,0,0.16845425963401794,9
2020-12-17,rb1s,0,0.17111295461654663,9
2020-12-18,ho1s,1,0.29010459780693054,9
2020-12-18,rb1s,0,0.17785537242889404,9
2020-12-21,rb1s,0,0.24312494695186615,9
2020-12-21,ho1s,1,0.523776650428772,9
2020-12-22,rb1s,1,0.35562610626220703,9
2020-12-23,rb1s,0,0.2505718767642975,9
2020-12-24,rb1s,0,0.24070259928703308,9
2020-12-28,rb1s,1,0.24505966901779175,9
2020-12-29,rb1s,1,0.21433623135089874,9
2020-12-30,rb1s,0,0.20239326357841492,9
2020-12-31,rb1s,0,0.2308378368616104,9
2021-01-04,ho1s,1,0.6910684704780579,9
2021-01-04,cl1s,1,0.8059290051460266,9
2021-01-04,rb1s,1,0.36552566289901733,9
2021-01-05,cl1s,1,0.4434451758861542,9
2021-01-05,rb1s,1,0.304007351398468,9
2021-01-06,rb1s,0,0.22647309303283691,9
2021-01-06,cl1s,1,0.34648239612579346,9
2021-01-07,cl1s,1,0.34445300698280334,9
2021-01-07,rb1s,0,0.18117161095142365,9
2021-01-08,rb1s,0,0.16884474456310272,9
2021-01-08,cl1s,1,0.3490677773952484,9
2021-01-11,cl1s,1,0.38490912318229675,9
2021-01-11,rb1s,0,0.19595564901828766,9
2021-01-12,rb1s,0,0.20948250591754913,9
2021-01-13,rb1s,0,0.21471276879310608,9
2021-01-14,rb1s,0,0.21276786923408508,9
2021-01-15,cl1s,1,0.5881025791168213,9
2021-01-15,rb1s,0,0.21282722055912018,9
2021-01-19,rb1s,0,0.2426319569349289,9
2021-01-19,cl1s,1,0.6070343255996704,9
2021-01-20,cl1s,0,0.6488120555877686,9
2021-01-20,rb1s,0,0.21367837488651276,9
2021-01-21,cl1s,0,0.599109411239624,9
2021-01-21,rb1s,0,0.19621025025844574,9
2021-01-22,rb1s,0,0.22825223207473755,9
2021-01-25,rb1s,0,0.22181494534015656,9
2021-01-26,rb1s,0,0.24002289772033691,9
2021-01-27,rb1s,0,0.292088121175766,9
2021-01-28,rb1s,0,0.3710951805114746,9
2021-01-29,rb1s,0,0.38242530822753906,9
2021-02-01,rb1s,0,0.2882833182811737,9
2021-02-02,rb1s,0,0.2645467221736908,9
2021-02-03,rb1s,0,0.25369328260421753,9
2021-02-04,rb1s,0,0.25771281123161316,9
2021-02-04,cl1s,0,0.37207189202308655,9
2021-02-05,cl1s,0,0.35160091519355774,9
2021-02-05,rb1s,0,0.16921068727970123,9
2021-02-08,rb1s,0,0.17149829864501953,9
2021-02-08,cl1s,0,0.3543766438961029,9
2021-02-09,rb1s,0,0.16348658502101898,9
2021-02-09,cl1s,0,0.3642228841781616,9
2021-02-10,rb1s,0,0.22879751026630402,9
2021-02-10,cl1s,1,0.34492987394332886,9
2021-02-11,rb1s,0,0.20264987647533417,9
2021-02-11,cl1s,0,0.5401034951210022,9
2021-02-12,cl1s,0,0.42964527010917664,9
2021-02-12,rb1s,0,0.16287675499916077,9
2021-02-16,ng1s,0,0.3871210813522339,9
2021-02-16,rb1s,0,0.2142888456583023,9
2021-02-16,cl1s,0,0.3892296850681305,9
2021-02-17,rb1s,0,0.2398262470960617,9
2021-02-17,cl1s,1,0.37942373752593994,9
2021-02-18,rb1s,0,0.23537079989910126,9
2021-02-18,cl1s,1,0.4877505898475647,9
2021-02-19,rb1s,0,0.24057108163833618,9
2021-02-19,cl1s,0,0.5972594618797302,9
2021-02-22,cl1s,1,0.3616483509540558,9
2021-02-22,rb1s,0,0.18709157407283783,9
2021-02-23,cl1s,0,0.44072943925857544,9
2021-02-23,rb1s,0,0.21019203960895538,9
2021-02-24,rb1s,0,0.17571257054805756,9
2021-02-24,cl1s,0,0.3039044141769409,9
2021-02-25,cl1s,1,0.39149439334869385,9
2021-02-25,rb1s,0,0.22870217263698578,9
2021-02-26,rb1s,0,0.4143548905849457,9
2021-03-01,rb1s,0,0.3422555923461914,9
2021-03-02,rb1s,0,0.3689080476760864,9
2021-03-03,rb1s,0,0.37586870789527893,9
2021-03-04,rb1s,0,0.41439247131347656,9
2021-03-05,rb1s,0,0.3554205298423767,9
2021-03-05,cl1s,1,0.4578755497932434,9
2021-03-08,cl1s,1,0.5834120512008667,9
2021-03-08,rb1s,0,0.40845298767089844,9
2021-03-09,rb1s,0,0.43643859028816223,9
2020-08-14,rb1s,1,0.27874448895454407,10
2020-08-17,rb1s,1,0.2816949188709259,10
2020-08-18,rb1s,1,0.3192794919013977,10
2020-08-19,rb1s,0,0.3428668677806854,10
2020-08-20,rb1s,0,0.35248011350631714,10
2020-08-21,rb1s,1,0.3501231074333191,10
2020-08-21,cl1s,1,0.5558194518089294,10
2020-08-24,rb1s,0,0.26400384306907654,10
2020-08-24,cl1s,1,0.5006475448608398,10
2020-08-25,cl1s,1,0.42211198806762695,10
2020-08-25,rb1s,0,0.24070672690868378,10
2020-08-26,rb1s,0,0.29194703698158264,10
2020-08-26,cl1s,0,0.3850875496864319,10
2020-08-27,rb1s,0,0.28976160287857056,10
2020-08-28,rb1s,0,0.3068077266216278,10
2020-08-31,rb1s,0,0.2932908535003662,10
2020-09-01,cl1s,0,0.5229739546775818,10
2020-09-01,rb1s,0,0.3002694547176361,10
2020-09-02,rb1s,0,0.33235839009284973,10
2020-09-02,cl1s,0,0.6271187663078308,10
2020-09-03,rb1s,0,0.37372633814811707,10
2020-09-04,rb1s,0,0.46378687024116516,10
2020-09-08,ho1s,1,0.7123628258705139,10
2020-09-08,rb1s,0,0.4870777130126953,10
2020-09-09,rb1s,0,0.48133334517478943,10
2020-09-10,rb1s,1,0.4779488444328308,10
2020-09-11,rb1s,1,0.4670189917087555,10
2020-09-14,rb1s,1,0.4359676241874695,10
2020-09-15,rb1s,1,0.37307000160217285,10
2020-09-16,cl1s,1,0.5593647360801697,10
2020-09-16,rb1s,0,0.401216059923172,10
2020-09-17,rb1s,0,0.44881492853164673,10
2020-09-18,rb1s,0,0.4363307058811188,10
2020-09-21,ho1s,0,0.6328892707824707,10
2020-09-21,rb1s,0,0.4751986563205719,10
2020-09-21,cl1s,1,0.6868558526039124,10
2020-09-22,ho1s,1,0.5872503519058228,10
2020-09-22,rb1s,0,0.45377117395401,10
2020-09-22,cl1s,1,0.621780514717102,10
2020-09-23,rb1s,0,0.320030152797699,10
2020-09-23,ho1s,1,0.5510942339897156,10
2020-09-23,cl1s,1,0.6255495548248291,10
2020-09-24,rb1s,0,0.3249984383583069,10
2020-09-24,ng1s,1,0.4952731728553772,10
2020-09-24,ho1s,1,0.5217944979667664,10
2020-09-24,cl1s,0,0.5971869826316833,10
2020-09-25,ho1s,1,0.5516940355300903,10
2020-09-25,rb1s,0,0.3510381281375885,10
2020-09-25,cl1s,1,0.625326931476593,10
2020-09-28,cl1s,0,0.5721047520637512,10
2020-09-28,rb1s,0,0.322116494178772,10
2020-09-29,cl1s,1,0.6571747660636902,10
2020-09-29,ho1s,1,0.5740710496902466,10
2020-09-29,rb1s,0,0.39763396978378296,10
2020-09-30,cl1s,0,0.6315473318099976,10
2020-09-30,ho1s,0,0.5342215895652771,10
2020-09-30,rb1s,0,0.363348126411438,10
2020-10-01,cl1s,0,0.6408314108848572,10
2020-10-01,ho1s,0,0.5275153517723083,10
2020-10-01,rb1s,0,0.32743844389915466,10
2020-10-02,ho1s,1,0.5147775411605835,10
2020-10-02,rb1s,1,0.3029401898384094,10
2020-10-02,cl1s,1,0.6293607354164124,10
2020-10-05,cl1s,1,0.7116870880126953,10
2020-10-05,rb1s,0,0.2923007905483246,10
2020-10-06,rb1s,0,0.29776909947395325,10
2020-10-07,cl1s,1,0.7003801465034485,10
2020-10-07,rb1s,0,0.28602856397628784,10
2020-10-08,rb1s,0,0.3139873445034027,10
2020-10-08,cl1s,0,0.6751469373703003,10
2020-10-09,ng1s,0,0.5617932677268982,10
2020-10-09,cl1s,0,0.668331503868103,10
2020-10-09,rb1s,0,0.31485626101493835,10
2020-10-12,rb1s,0,0.44780293107032776,10
2020-10-12,ng1s,1,0.6280205845832825,10
2020-10-12,cl1s,1,0.7181297540664673,10
2020-10-13,rb1s,0,0.47059088945388794,10
2020-10-13,cl1s,1,0.7208653688430786,10
2020-10-13,ng1s,1,0.6348299980163574,10
2020-10-14,cl1s,0,0.7291789650917053,10
2020-10-14,ng1s,0,0.6630750894546509,10
2020-10-14,rb1s,0,0.5093858242034912,10
2020-10-15,cl1s,0,0.6618629097938538,10
2020-10-15,rb1s,0,0.5611736178398132,10
2020-10-16,cl1s,0,0.7205721139907837,10
2020-10-16,rb1s,0,0.6739473938941956,10
2020-10-19,rb1s,0,0.6696420311927795,10
2020-10-19,cl1s,1,0.7101764678955078,10
2020-10-20,cl1s,0,0.6993452906608582,10
2020-10-20,rb1s,0,0.6039008498191833,10
2020-10-21,cl1s,1,0.8042046427726746,10
2020-10-21,rb1s,0,0.6396909952163696,10
2020-10-22,cl1s,0,0.767703652381897,10
2020-10-22,rb1s,0,0.6121253967285156,10
2020-10-23,ho1s,0,0.7323195338249207,10
2020-10-23,rb1s,0,0.5572035312652588,10
2020-10-23,cl1s,0,0.7765645384788513,10
2020-10-26,ng1s,0,0.5982906222343445,10
2020-10-26,ho1s,1,0.7673360109329224,10
2020-10-26,rb1s,0,0.602024495601654,10
2020-10-26,cl1s,1,0.7802705764770508,10
2020-10-27,ng1s,1,0.6654508113861084,10
2020-10-27,ho1s,0,0.7446592450141907,10
2020-10-27,rb1s,0,0.5750287771224976,10
2020-10-27,cl1s,0,0.7992419004440308,10
2020-10-28,cl1s,0,0.8327308297157288,10
2020-10-28,rb1s,0,0.5767350792884827,10
2020-10-29,cl1s,0,0.8272656202316284,10
2020-10-29,ho1s,0,0.7502111792564392,10
2020-10-29,rb1s,1,0.6013529896736145,10
2020-10-30,cl1s,1,0.7900242805480957,10
2020-10-30,rb1s,1,0.6154496669769287,10
2020-10-30,ho1s,1,0.7767946124076843,10
2020-11-02,rb1s,1,0.6391621232032776,10
2020-11-02,cl1s,1,0.8375002145767212,10
2020-11-03,rb1s,1,0.5605980753898621,10
2020-11-03,cl1s,1,0.7971684336662292,10
2020-11-04,cl1s,0,0.7608225345611572,10
2020-11-04,rb1s,0,0.4847452640533447,10
2020-11-05,cl1s,0,0.7003252506256104,10
2020-11-05,rb1s,0,0.4336821436882019,10
2020-11-06,cl1s,1,0.7035641074180603,10
2020-11-06,rb1s,1,0.32478803396224976,10
2020-11-09,cl1s,1,0.6956402659416199,10
2020-11-09,rb1s,0,0.35544830560684204,10
2020-11-10,cl1s,1,0.6708143949508667,10
2020-11-10,rb1s,0,0.35005244612693787,10
2020-11-11,cl1s,0,0.6516227126121521,10
2021-03-10,rb1s,0,0.23577533662319183,10
2021-03-11,rb1s,0,0.17143166065216064,10
2021-03-12,rb1s,1,0.23863108456134796,10
2021-03-15,rb1s,1,0.23195232450962067,10
2021-03-16,rb1s,1,0.3209478557109833,10
2021-03-17,rb1s,1,0.2597649395465851,10
2021-03-18,rb1s,0,0.4638051390647888,10
2021-03-19,rb1s,0,0.45891910791397095,10
2021-03-22,rb1s,0,0.4302322268486023,10
2021-03-23,rb1s,0,0.4497334361076355,10
2021-03-24,rb1s,0,0.4231651723384857,10
2021-03-25,rb1s,1,0.40647128224372864,10
2021-03-26,rb1s,0,0.2747561037540436,10
2021-03-29,rb1s,0,0.26897644996643066,10
2021-03-30,rb1s,0,0.2619064450263977,10
2021-03-31,rb1s,0,0.29138535261154175,10
2021-04-01,rb1s,0,0.22671838104724884,10
2021-04-05,rb1s,0,0.2783128023147583,10
2021-04-06,rb1s,0,0.23294834792613983,10
2021-04-07,rb1s,0,0.24700552225112915,10
2021-04-08,rb1s,0,0.2225019484758377,10
2021-04-09,rb1s,0,0.2439800500869751,10
2021-04-12,rb1s,0,0.248906210064888,10
2021-04-13,rb1s,0,0.2855508625507355,10
2021-04-14,rb1s,0,0.24670879542827606,10
2021-04-15,rb1s,0,0.3217516839504242,10
2021-04-15,cl1s,0,0.558760941028595,10
2021-04-16,rb1s,0,0.2995201349258423,10
2021-04-16,cl1s,1,0.5618575811386108,10
2021-04-19,cl1s,0,0.5969639420509338,10
2021-04-19,rb1s,0,0.34001025557518005,10
2021-04-20,rb1s,0,0.3136833608150482,10
2021-04-20,cl1s,0,0.67000412940979,10
2021-04-21,cl1s,1,0.6745017170906067,10
2021-04-21,rb1s,0,0.36424243450164795,10
2021-04-22,rb1s,0,0.3849065601825714,10
2021-04-22,cl1s,1,0.6359761357307434,10
2021-04-23,rb1s,0,0.2704806625843048,10
2021-04-23,cl1s,0,0.6451665163040161,10
2021-04-26,cl1s,1,0.642090916633606,10
2021-04-26,rb1s,0,0.25713488459587097,10
2021-04-27,cl1s,1,0.6188336610794067,10
2021-04-27,rb1s,0,0.21120908856391907,10
2021-04-28,cl1s,1,0.6094686388969421,10
2021-04-28,rb1s,0,0.2179432362318039,10
2021-04-29,rb1s,0,0.1966143697500229,10
2021-04-29,cl1s,0,0.579354465007782,10
2021-04-30,cl1s,1,0.7058389782905579,10
2021-04-30,rb1s,0,0.2154020518064499,10
2021-05-03,cl1s,1,0.687311589717865,10
2021-05-03,rb1s,0,0.4196959137916565,10
2021-05-04,cl1s,0,0.710250973701477,10
2021-05-04,rb1s,0,0.25437596440315247,10
2021-05-05,rb1s,0,0.2679208219051361,10
2021-05-05,cl1s,0,0.7385761141777039,10
2021-05-06,rb1s,0,0.2741379141807556,10
2021-05-07,rb1s,0,0.2785256505012512,10
2021-05-10,rb1s,0,0.30571073293685913,10
2021-05-11,rb1s,0,0.306717187166214,10
2021-05-12,rb1s,1,0.2754181921482086,10
2021-05-12,cl1s,0,0.6870260238647461,10
2021-05-13,rb1s,0,0.5650975108146667,10
2021-05-14,rb1s,0,0.4231566786766052,10
2021-05-14,cl1s,1,0.6484425663948059,10
2021-05-17,cl1s,0,0.5313671827316284,10
2021-05-17,rb1s,0,0.42254796624183655,10
2021-05-18,rb1s,0,0.3760344684123993,10
2021-05-19,cl1s,0,0.7198479175567627,10
2021-05-19,rb1s,0,0.5312159657478333,10
2021-05-20,cl1s,1,0.7246178388595581,10
2021-05-20,rb1s,1,0.566916823387146,10
2021-05-21,cl1s,1,0.7324517369270325,10
2021-05-21,rb1s,1,0.45820510387420654,10
2021-05-24,rb1s,0,0.3437718451023102,10
2021-05-24,cl1s,1,0.5646271705627441,10
2021-05-25,rb1s,0,0.37015578150749207,10
2021-05-25,cl1s,1,0.580807089805603,10
2021-05-26,rb1s,0,0.31678706407546997,10
2021-05-26,cl1s,1,0.48478320240974426,10
2021-05-27,rb1s,0,0.3157336711883545,10
2021-05-27,cl1s,0,0.5156825184822083,10
2021-05-28,rb1s,0,0.28207507729530334,10
2021-05-28,cl1s,1,0.5941725969314575,10
2021-06-01,cl1s,1,0.7547288537025452,10
2021-06-01,rb1s,0,0.2789042294025421,10
2021-06-02,rb1s,0,0.2520168125629425,10
2021-06-02,cl1s,0,0.5129880309104919,10
2021-06-03,rb1s,0,0.2464226633310318,10
2021-06-03,cl1s,1,0.5397300720214844,10
2021-06-04,cl1s,0,0.5069289803504944,10
2021-06-04,rb1s,0,0.25506657361984253,10
2021-06-07,cl1s,1,0.5182918310165405,10
2021-06-07,rb1s,0,0.2501647472381592,10
2021-06-08,cl1s,0,0.5361312627792358,10
2021-06-08,rb1s,0,0.2174033671617508,10
2021-06-09,cl1s,1,0.7023555040359497,10
2021-06-09,rb1s,0,0.2612036466598511,10
2021-06-10,cl1s,1,0.5814528465270996,10
2021-06-10,rb1s,0,0.22804664075374603,10
2021-06-11,rb1s,0,0.2672460079193115,10
2021-06-14,rb1s,0,0.30322036147117615,10
2021-06-15,cl1s,1,0.529274046421051,10
2021-06-15,rb1s,0,0.318288117647171,10
2021-06-16,rb1s,0,0.38157030940055847,10
2021-06-16,cl1s,0,0.6885256171226501,10
2021-06-17,rb1s,0,0.4536740779876709,10
2021-06-17,ho1s,1,0.7977748513221741,10
2021-06-17,cl1s,1,0.6755444407463074,10
2021-06-18,rb1s,0,0.4370022714138031,10
2021-06-18,cl1s,1,0.654700517654419,10
2021-06-21,rb1s,0,0.4325811266899109,10
2021-06-21,cl1s,0,0.6136104464530945,10
2021-06-22,rb1s,0,0.3748232126235962,10
2021-06-22,cl1s,1,0.6638908982276917,10
2021-06-23,rb1s,0,0.25206664204597473,10
2021-06-24,cl1s,1,0.551832377910614,10
2021-06-24,rb1s,1,0.24968799948692322,10
2021-06-25,rb1s,0,0.23725706338882446,10
2021-06-25,cl1s,0,0.5867261290550232,10
2021-06-28,rb1s,0,0.32061782479286194,10
2021-06-28,ho1s,1,0.6854763031005859,10
2021-06-28,cl1s,1,0.6581762433052063,10
2021-06-29,ho1s,1,0.6951271891593933,10
2021-06-29,rb1s,0,0.3086332678794861,10
2021-06-29,cl1s,1,0.6444512605667114,10
2021-06-30,cl1s,1,0.5220467448234558,10
2021-06-30,rb1s,0,0.31583982706069946,10
2021-07-01,cl1s,0,0.5026082396507263,10
2020-08-14,rb1s,1,0.17057645320892334,11
2020-08-17,rb1s,1,0.18225844204425812,11
2020-08-18,rb1s,1,0.1953354924917221,11
2020-08-19,rb1s,0,0.2039051055908203,11
2020-08-20,rb1s,0,0.2441851645708084,11
2020-08-21,rb1s,1,0.25632575154304504,11
2020-08-21,cl1s,1,0.5644933581352234,11
2020-08-24,rb1s,0,0.24128752946853638,11
2020-08-24,cl1s,1,0.49291715025901794,11
2020-08-25,cl1s,1,0.3746204376220703,11
2020-08-25,rb1s,0,0.18880009651184082,11
2020-08-26,rb1s,0,0.20810893177986145,11
2020-08-26,cl1s,0,0.32847920060157776,11
2020-08-27,rb1s,0,0.2471155971288681,11
2020-08-28,rb1s,0,0.2521477937698364,11
2020-08-31,rb1s,0,0.31107160449028015,11
2020-09-01,cl1s,0,0.536661684513092,11
2020-09-01,rb1s,0,0.32153090834617615,11
2020-09-02,rb1s,0,0.3853487968444824,11
2020-09-02,cl1s,0,0.7046086192131042,11
2020-09-03,rb1s,0,0.36626410484313965,11
2020-09-04,rb1s,0,0.48794329166412354,11
2020-09-08,ho1s,1,0.7422520518302917,11
2020-09-08,rb1s,0,0.48699355125427246,11
2020-09-09,rb1s,0,0.4308471977710724,11
2020-09-10,rb1s,1,0.41877585649490356,11
2020-09-11,rb1s,1,0.3946529030799866,11
2020-09-14,rb1s,1,0.3179393410682678,11
2020-09-15,rb1s,1,0.23051998019218445,11
2020-09-16,cl1s,1,0.5493955016136169,11
2020-09-16,rb1s,0,0.2938065230846405,11
2020-09-17,rb1s,0,0.42595812678337097,11
2020-09-18,rb1s,0,0.42672309279441833,11
2020-09-21,ho1s,0,0.6047093272209167,11
2020-09-21,rb1s,0,0.3359525203704834,11
2020-09-21,cl1s,1,0.7204263210296631,11
2020-09-22,ho1s,1,0.5144877433776855,11
2020-09-22,rb1s,0,0.30883124470710754,11
2020-09-22,cl1s,1,0.6156255602836609,11
2020-09-23,rb1s,0,0.2577957212924957,11
2020-09-23,ho1s,1,0.5264135003089905,11
2020-09-23,cl1s,1,0.6542368531227112,11
2020-09-24,rb1s,0,0.26565468311309814,11
2020-09-24,ng1s,1,0.4815548360347748,11
2020-09-24,ho1s,1,0.5058143138885498,11
2020-09-24,cl1s,0,0.5897223353385925,11
2020-09-25,ho1s,1,0.5434130430221558,11
2020-09-25,rb1s,0,0.2958604395389557,11
2020-09-25,cl1s,1,0.6478394269943237,11
2020-09-28,cl1s,0,0.5181965827941895,11
2020-09-28,rb1s,0,0.24628525972366333,11
2020-09-29,cl1s,1,0.6660646200180054,11
2020-09-29,ho1s,1,0.5891127586364746,11
2020-09-29,rb1s,0,0.3478798568248749,11
2020-09-30,cl1s,0,0.6491563320159912,11
2020-09-30,ho1s,0,0.5233829617500305,11
2020-09-30,rb1s,0,0.3223980963230133,11
2020-10-01,cl1s,0,0.6735292673110962,11
2020-10-01,ho1s,0,0.5212511420249939,11
2020-10-01,rb1s,0,0.2810952365398407,11
2020-10-02,ho1s,1,0.44197455048561096,11
2020-10-02,rb1s,1,0.24755969643592834,11
2020-10-02,cl1s,1,0.6119620203971863,11
2020-10-05,cl1s,1,0.738244891166687,11
2020-10-05,rb1s,0,0.2332504540681839,11
2020-10-06,rb1s,0,0.2914390563964844,11
2020-10-07,cl1s,1,0.7323241829872131,11
2020-10-07,rb1s,0,0.25455203652381897,11
2020-10-08,rb1s,0,0.272826611995697,11
2020-10-08,cl1s,0,0.6885712742805481,11
2020-10-09,ng1s,0,0.5304399728775024,11
2020-10-09,cl1s,0,0.6768222451210022,11
2020-10-09,rb1s,0,0.31564557552337646,11
2020-10-12,rb1s,0,0.45877665281295776,11
2020-10-12,ng1s,1,0.5893656611442566,11
2020-10-12,cl1s,1,0.6801058650016785,11
2020-10-13,rb1s,0,0.43477553129196167,11
2020-10-13,cl1s,1,0.7386134266853333,11
2020-10-13,ng1s,1,0.6400312781333923,11
2020-10-14,cl1s,0,0.7595934271812439,11
2020-10-14,ng1s,0,0.6944177150726318,11
2020-10-14,rb1s,0,0.46539875864982605,11
2020-10-15,cl1s,0,0.7129565477371216,11
2020-10-15,rb1s,0,0.5459455847740173,11
2020-10-16,cl1s,0,0.7468729615211487,11
2020-10-16,rb1s,0,0.6706900596618652,11
2020-10-19,rb1s,0,0.7109375596046448,11
2020-10-19,cl1s,1,0.7577846646308899,11
2020-10-20,cl1s,0,0.7366903424263,11
2020-10-20,rb1s,0,0.5893970727920532,11
2020-10-21,cl1s,1,0.8532911539077759,11
2020-10-21,rb1s,0,0.6817057132720947,11
2020-10-22,cl1s,0,0.8011502027511597,11
2020-10-22,rb1s,0,0.6242216229438782,11
2020-10-23,ho1s,0,0.7502989768981934,11
2020-10-23,rb1s,0,0.5214691758155823,11
2020-10-23,cl1s,0,0.8034278750419617,11
2020-10-26,ng1s,0,0.5850960612297058,11
2020-10-26,ho1s,1,0.8043453097343445,11
2020-10-26,rb1s,0,0.5586507320404053,11
2020-10-26,cl1s,1,0.8164102435112,11
2020-10-27,ng1s,1,0.7210395336151123,11
2020-10-27,ho1s,0,0.7563809156417847,11
2020-10-27,rb1s,0,0.4628371298313141,11
2020-10-27,cl1s,0,0.8331508636474609,11
2020-10-28,cl1s,0,0.8564249873161316,11
2020-10-28,rb1s,0,0.5484684109687805,11
2020-10-29,cl1s,0,0.8474451899528503,11
2020-10-29,ho1s,0,0.7764534950256348,11
2020-10-29,rb1s,1,0.5828452110290527,11
2020-10-30,cl1s,1,0.8368832468986511,11
2020-10-30,rb1s,1,0.7115859389305115,11
2020-10-30,ho1s,1,0.827228307723999,11
2020-11-02,rb1s,1,0.6820535659790039,11
2020-11-02,cl1s,1,0.8644105195999146,11
2020-11-03,rb1s,1,0.6381054520606995,11
2020-11-03,cl1s,1,0.8136269450187683,11
2020-11-04,cl1s,0,0.7778697609901428,11
2020-11-04,rb1s,0,0.5226070284843445,11
2020-11-05,cl1s,0,0.6970319747924805,11
2020-11-05,rb1s,0,0.47340521216392517,11
2020-11-06,cl1s,1,0.716740071773529,11
2020-11-06,rb1s,1,0.3028827905654907,11
2020-11-09,cl1s,1,0.7060578465461731,11
2020-11-09,rb1s,0,0.3765278458595276,11
2020-11-10,cl1s,1,0.7080208659172058,11
2020-11-10,rb1s,0,0.37845370173454285,11
2020-11-11,cl1s,0,0.6759632229804993,11
2021-07-01,rb1s,0,0.17881914973258972,11
2021-07-02,rb1s,1,0.2068743258714676,11
2021-07-02,cl1s,0,0.48149633407592773,11
2021-07-06,cl1s,0,0.6824311017990112,11
2021-07-06,rb1s,0,0.2570008933544159,11
2021-07-07,rb1s,0,0.3431456387042999,11
2021-07-07,cl1s,1,0.6361131072044373,11
2021-07-07,ho1s,1,0.5899869203567505,11
2021-07-08,rb1s,0,0.294676274061203,11
2021-07-08,cl1s,1,0.8411301970481873,11
2021-07-08,ho1s,1,0.729902446269989,11
2021-07-09,rb1s,0,0.25994178652763367,11
2021-07-09,cl1s,0,0.5105133652687073,11
2021-07-12,rb1s,0,0.3477535843849182,11
2021-07-12,cl1s,1,0.6458936333656311,11
2021-07-13,rb1s,1,0.36930766701698303,11
2021-07-13,cl1s,0,0.49422094225883484,11
2021-07-14,cl1s,0,0.745551347732544,11
2021-07-14,rb1s,1,0.28937363624572754,11
2021-07-15,cl1s,1,0.5493127107620239,11
2021-07-15,rb1s,1,0.385807067155838,11
2021-07-16,rb1s,1,0.38391628861427307,11
2021-07-16,cl1s,0,0.7120276093482971,11
2021-07-19,rb1s,1,0.4289970397949219,11
2021-07-19,cl1s,1,0.7458521723747253,11
2021-07-20,rb1s,1,0.39276060461997986,11
2021-07-20,cl1s,1,0.7720150947570801,11
2021-07-21,rb1s,1,0.32677870988845825,11
2021-07-21,cl1s,1,0.6341086626052856,11
2021-07-22,rb1s,1,0.23324443399906158,11
2021-07-22,cl1s,1,0.5535699725151062,11
2021-07-23,rb1s,0,0.2356051206588745,11
2021-07-23,cl1s,0,0.5533686876296997,11
2021-07-26,rb1s,0,0.19419555366039276,11
2021-07-26,cl1s,0,0.5206499695777893,11
2021-07-27,rb1s,0,0.18671914935112,11
2021-07-27,cl1s,1,0.5005022883415222,11
2021-07-28,cl1s,1,0.506929337978363,11
2021-07-28,rb1s,0,0.22453273832798004,11
2021-07-29,rb1s,0,0.1743379533290863,11
2021-07-29,cl1s,1,0.49665728211402893,11
2021-07-30,rb1s,0,0.1900947093963623,11
2021-07-30,cl1s,0,0.43674343824386597,11
2021-08-02,rb1s,0,0.17645137012004852,11
2021-08-02,cl1s,0,0.6031306982040405,11
2021-08-03,cl1s,0,0.6231380105018616,11
2021-08-03,rb1s,0,0.1840354949235916,11
2021-08-04,rb1s,0,0.16556237637996674,11
2021-08-04,cl1s,1,0.6908958554267883,11
2021-08-05,cl1s,0,0.6494414210319519,11
2021-08-05,rb1s,0,0.21592402458190918,11
2021-08-06,cl1s,0,0.6945140361785889,11
2021-08-06,rb1s,0,0.2145608365535736,11
2021-08-09,cl1s,1,0.7392842173576355,11
2021-08-09,rb1s,0,0.23393960297107697,11
2021-08-10,rb1s,0,0.21017338335514069,11
2021-08-10,cl1s,1,0.7107396721839905,11
2021-08-11,cl1s,0,0.647860586643219,11
2021-08-11,rb1s,0,0.22179603576660156,11
2021-08-12,cl1s,0,0.5767706632614136,11
2021-08-12,rb1s,0,0.2236584722995758,11
2021-08-13,rb1s,0,0.23135268688201904,11
2021-08-13,cl1s,0,0.5573922395706177,11
2021-08-16,cl1s,0,0.5859925150871277,11
2021-08-16,rb1s,0,0.3289684057235718,11
2021-08-17,cl1s,0,0.5684149265289307,11
2021-08-17,rb1s,0,0.3264954686164856,11
2021-08-18,cl1s,0,0.698478102684021,11
2021-08-18,rb1s,0,0.35292208194732666,11
2021-08-19,rb1s,0,0.3783758580684662,11
2021-08-19,cl1s,0,0.7309017777442932,11
2021-08-20,rb1s,1,0.35476359724998474,11
2021-08-20,cl1s,1,0.7056364417076111,11
2021-08-23,rb1s,1,0.29045501351356506,11
2021-08-23,cl1s,1,0.6206279397010803,11
2021-08-24,cl1s,1,0.5670283436775208,11
2021-08-24,rb1s,1,0.23761877417564392,11
2021-08-25,rb1s,0,0.26068657636642456,11
2021-08-25,cl1s,0,0.5211346745491028,11
2021-08-26,rb1s,1,0.23450909554958344,11
2021-08-26,cl1s,1,0.6224175691604614,11
2021-08-27,rb1s,0,0.3506920337677002,11
2021-08-27,cl1s,1,0.5379951596260071,11
2021-08-30,rb1s,0,0.3416958749294281,11
2021-08-30,cl1s,0,0.45530378818511963,11
2021-08-31,cl1s,1,0.5476230978965759,11
2021-08-31,rb1s,0,0.35730451345443726,11
2021-09-01,rb1s,1,0.3609486520290375,11
2021-09-01,cl1s,1,0.5742276310920715,11
2021-09-02,rb1s,0,0.4153759181499481,11
2021-09-02,cl1s,0,0.6316888928413391,11
2021-09-03,rb1s,0,0.22080878913402557,11
2021-09-03,cl1s,0,0.5076170563697815,11
2021-09-07,rb1s,0,0.2528401017189026,11
2021-09-07,cl1s,1,0.6319235563278198,11
2021-09-08,cl1s,0,0.5896810293197632,11
2021-09-08,rb1s,0,0.20582427084445953,11
2021-09-09,rb1s,1,0.24377766251564026,11
2021-09-09,cl1s,1,0.6898162364959717,11
2021-09-10,cl1s,1,0.7242862582206726,11
2021-09-10,rb1s,0,0.3493672013282776,11
2021-09-13,rb1s,0,0.33290278911590576,11
2021-09-13,cl1s,1,0.6932544708251953,11
2021-09-14,cl1s,1,0.6642602682113647,11
2021-09-14,rb1s,0,0.2798979878425598,11
2021-09-15,rb1s,0,0.2572624683380127,11
2021-09-15,cl1s,1,0.6162654757499695,11
2021-09-16,cl1s,0,0.5575336813926697,11
2021-09-16,rb1s,0,0.2569505572319031,11
2021-09-17,cl1s,0,0.6518093943595886,11
2021-09-17,rb1s,0,0.4031328558921814,11
2021-09-20,rb1s,1,0.5271362662315369,11
2021-09-20,cl1s,1,0.7410499453544617,11
2021-09-21,cl1s,1,0.7539021372795105,11
2021-09-21,rb1s,1,0.5498524904251099,11
2021-09-22,cl1s,1,0.694364607334137,11
2021-09-22,rb1s,1,0.5195184350013733,11
2021-09-23,cl1s,1,0.6226179599761963,11
2021-09-23,rb1s,0,0.16113577783107758,11
2021-09-24,rb1s,1,0.41098538041114807,11
2021-09-24,cl1s,1,0.5830584168434143,11
2021-09-27,rb1s,0,0.43695545196533203,11
2021-09-27,cl1s,0,0.6331093907356262,11
2021-09-28,rb1s,1,0.47472235560417175,11
2021-09-28,cl1s,0,0.5783362984657288,11
2021-09-29,rb1s,1,0.4570333659648895,11
2021-09-29,cl1s,1,0.7194482088088989,11
2021-09-30,cl1s,1,0.6588124632835388,11
2021-09-30,rb1s,1,0.4221363663673401,11
2021-10-01,rb1s,1,0.4374793469905853,11
2021-10-01,cl1s,1,0.7215322852134705,11
2021-10-04,cl1s,1,0.6370684504508972,11
2021-10-04,rb1s,0,0.1811644434928894,11
2020-11-11,rb1s,0,0.3135199546813965,12
2020-11-12,rb1s,0,0.39427050948143005,12
2020-11-12,cl1s,0,0.46728047728538513,12
2020-11-13,rb1s,1,0.42016538977622986,12
2020-11-13,cl1s,1,0.48304739594459534,12
2020-11-16,cl1s,1,0.4673474431037903,12
2020-11-16,rb1s,1,0.34531068801879883,12
2020-11-17,rb1s,1,0.3430734872817993,12
2020-11-17,cl1s,1,0.4221881031990051,12
2020-11-18,rb1s,1,0.3403837978839874,12
2020-11-18,cl1s,0,0.41349542140960693,12
2020-11-19,cl1s,1,0.44566667079925537,12
2020-11-19,rb1s,1,0.3228963017463684,12
2020-11-20,rb1s,1,0.3254488408565521,12
2020-11-20,cl1s,1,0.4399919807910919,12
2020-11-23,cl1s,1,0.4738044738769531,12
2020-11-23,rb1s,1,0.3314298689365387,12
2020-11-24,rb1s,0,0.3298603892326355,12
2020-11-24,cl1s,1,0.46361178159713745,12
2020-11-25,rb1s,0,0.3357734978199005,12
2020-11-27,rb1s,0,0.34162524342536926,12
2020-11-30,rb1s,0,0.34719955921173096,12
2020-12-01,cl1s,1,0.48052287101745605,12
2020-12-01,rb1s,1,0.33563539385795593,12
2020-12-02,rb1s,1,0.3234802484512329,12
2020-12-02,cl1s,1,0.4711955785751343,12
2020-12-03,rb1s,1,0.3278769850730896,12
2020-12-03,cl1s,1,0.4527807831764221,12
2020-12-04,cl1s,0,0.4433283805847168,12
2020-12-04,rb1s,0,0.3161155581474304,12
2020-12-07,rb1s,1,0.32421383261680603,12
2020-12-07,cl1s,0,0.4646485149860382,12
2020-12-08,rb1s,1,0.3416696786880493,12
2020-12-08,cl1s,0,0.4809894561767578,12
2020-12-09,cl1s,1,0.5129586458206177,12
2020-12-09,rb1s,1,0.3639239966869354,12
2020-12-10,rb1s,0,0.4251595139503479,12
2020-12-11,cl1s,1,0.517590343952179,12
2020-12-11,rb1s,1,0.4701191186904907,12
2020-12-14,rb1s,1,0.4018475115299225,12
2020-12-15,rb1s,1,0.3796420991420746,12
2020-12-16,rb1s,0,0.3784453272819519,12
2020-12-17,rb1s,0,0.38563698530197144,12
2020-12-18,ho1s,1,0.4645889103412628,12
2020-12-18,rb1s,0,0.39776530861854553,12
2020-12-21,rb1s,0,0.40540555119514465,12
2020-12-21,ho1s,1,0.47927969694137573,12
2020-12-22,rb1s,1,0.47773271799087524,12
2020-12-23,rb1s,0,0.35904908180236816,12
2020-12-24,rb1s,0,0.42522382736206055,12
2020-12-28,rb1s,1,0.42691099643707275,12
2020-12-29,rb1s,1,0.3394550681114197,12
2020-12-30,rb1s,0,0.3382814824581146,12
2020-12-31,rb1s,0,0.3470925986766815,12
2021-01-04,ho1s,1,0.5819649696350098,12
2021-01-04,cl1s,1,0.5868697762489319,12
2021-01-04,rb1s,1,0.3803309202194214,12
2021-01-05,cl1s,1,0.47676730155944824,12
2021-01-05,rb1s,1,0.3745620548725128,12
2021-01-06,rb1s,0,0.3591638505458832,12
2021-01-06,cl1s,1,0.46356329321861267,12
2021-01-07,cl1s,1,0.46666163206100464,12
2021-01-07,rb1s,0,0.34866493940353394,12
2021-01-08,rb1s,0,0.3956851065158844,12
2021-01-08,cl1s,1,0.4521258473396301,12
2021-01-11,cl1s,1,0.477271169424057,12
2021-01-11,rb1s,0,0.4203549325466156,12
2021-01-12,rb1s,0,0.41716504096984863,12
2021-01-13,rb1s,0,0.4061819612979889,12
2021-01-14,rb1s,0,0.4124928414821625,12
2021-01-15,cl1s,1,0.515812337398529,12
2021-01-15,rb1s,0,0.41500991582870483,12
2021-01-19,rb1s,0,0.41755440831184387,12
2021-01-19,cl1s,1,0.4951341450214386,12
2021-01-20,cl1s,0,0.4908313453197479,12
2021-01-20,rb1s,0,0.44828906655311584,12
2021-01-21,cl1s,0,0.517717182636261,12
2021-01-21,rb1s,0,0.40346473455429077,12
2021-01-22,rb1s,0,0.38298413157463074,12
2021-01-25,rb1s,0,0.38422349095344543,12
2021-01-26,rb1s,0,0.3993608355522156,12
2021-01-27,rb1s,0,0.46705392003059387,12
2021-01-28,rb1s,0,0.4632846415042877,12
2021-01-29,rb1s,0,0.4950403869152069,12
2021-02-01,rb1s,0,0.4489233195781708,12
2021-02-02,rb1s,0,0.4259911775588989,12
2021-02-03,rb1s,0,0.40879717469215393,12
2021-02-04,rb1s,0,0.5284549593925476,12
2021-02-04,cl1s,0,0.477941632270813,12
2021-02-05,cl1s,0,0.4719802439212799,12
2021-02-05,rb1s,0,0.3898374140262604,12
2021-02-08,rb1s,0,0.35679975152015686,12
2021-02-08,cl1s,0,0.4738215208053589,12
2021-02-09,rb1s,0,0.36370590329170227,12
2021-02-09,cl1s,0,0.48024606704711914,12
2021-02-10,rb1s,0,0.3790963590145111,12
2021-02-10,cl1s,1,0.4955262839794159,12
2021-02-11,rb1s,0,0.3786448836326599,12
2021-02-11,cl1s,0,0.476746529340744,12
2021-02-12,cl1s,0,0.48325616121292114,12
2021-02-12,rb1s,0,0.3755685091018677,12
2021-02-16,ng1s,0,0.4820869565010071,12
2021-02-16,rb1s,0,0.35451292991638184,12
2021-02-16,cl1s,0,0.48723331093788147,12
2021-02-17,rb1s,0,0.41647911071777344,12
2021-02-17,cl1s,1,0.4740994870662689,12
2021-02-18,rb1s,0,0.4203656315803528,12
2021-02-18,cl1s,1,0.48424550890922546,12
2021-02-19,rb1s,0,0.3580843210220337,12
2021-02-19,cl1s,0,0.5159575939178467,12
2021-02-22,cl1s,1,0.46341589093208313,12
2021-02-22,rb1s,0,0.3563687801361084,12
2021-02-23,cl1s,0,0.4888448417186737,12
2021-02-23,rb1s,0,0.3636053502559662,12
2021-02-24,rb1s,0,0.35040900111198425,12
2021-02-24,cl1s,0,0.45373326539993286,12
2021-02-25,cl1s,1,0.4748532772064209,12
2021-02-25,rb1s,0,0.36324378848075867,12
2021-02-26,rb1s,0,0.48017656803131104,12
2021-03-01,rb1s,0,0.43859103322029114,12
2021-03-02,rb1s,0,0.519281268119812,12
2021-03-03,rb1s,0,0.5075996518135071,12
2021-03-04,rb1s,0,0.4994605779647827,12
2021-03-05,rb1s,0,0.49570268392562866,12
2021-03-05,cl1s,1,0.45732587575912476,12
2021-03-08,cl1s,1,0.47482532262802124,12
2021-03-08,rb1s,0,0.5004245638847351,12
2021-03-09,rb1s,0,0.5128252506256104,12
2021-03-10,rb1s,0,0.50441974401474,12
2021-03-11,rb1s,0,0.4521869719028473,12
2021-03-12,rb1s,1,0.48419418931007385,12
2021-03-15,rb1s,1,0.4776306450366974,12
2021-03-16,rb1s,1,0.47970834374427795,12
2021-03-17,rb1s,1,0.46581733226776123,12
2021-03-18,rb1s,0,0.5945068001747131,12
2021-03-19,rb1s,0,0.6289685368537903,12
2021-03-22,rb1s,0,0.5164726972579956,12
2021-03-23,rb1s,0,0.6249614953994751,12
2021-03-24,rb1s,0,0.5742340683937073,12
2021-03-25,rb1s,1,0.5839192867279053,12
2021-03-26,rb1s,0,0.5778432488441467,12
2021-03-29,rb1s,0,0.5600427389144897,12
2021-03-30,rb1s,0,0.5250647068023682,12
2021-03-31,rb1s,0,0.5442212820053101,12
2021-04-01,rb1s,0,0.42731204628944397,12
2021-04-05,rb1s,0,0.437441349029541,12
2021-04-06,rb1s,0,0.4102872312068939,12
2021-04-07,rb1s,0,0.4276091158390045,12
2021-04-08,rb1s,0,0.43170133233070374,12
2021-04-09,rb1s,0,0.45722100138664246,12
2021-04-12,rb1s,0,0.4766029119491577,12
2021-04-13,rb1s,0,0.4333178997039795,12
2021-04-14,rb1s,0,0.40668806433677673,12
2021-04-15,rb1s,0,0.40341639518737793,12
2021-04-15,cl1s,0,0.46888968348503113,12
2021-04-16,rb1s,0,0.41781240701675415,12
2021-04-16,cl1s,1,0.47399190068244934,12
2021-04-19,cl1s,0,0.49876460433006287,12
2021-04-19,rb1s,0,0.42689043283462524,12
2021-04-20,rb1s,0,0.40857672691345215,12
2021-04-20,cl1s,0,0.5441831946372986,12
2021-04-21,cl1s,1,0.5941119194030762,12
2021-04-21,rb1s,0,0.42860427498817444,12
2021-04-22,rb1s,0,0.4557037949562073,12
2021-04-22,cl1s,1,0.572364330291748,12
2021-04-23,rb1s,0,0.3890036344528198,12
2021-04-23,cl1s,0,0.5430006980895996,12
2021-04-26,cl1s,1,0.5701704025268555,12
2021-04-26,rb1s,0,0.37893280386924744,12
2021-04-27,cl1s,1,0.5020075440406799,12
2021-04-27,rb1s,0,0.3576265275478363,12
2021-04-28,cl1s,1,0.46779268980026245,12
2021-04-28,rb1s,0,0.3643425405025482,12
2021-04-29,rb1s,0,0.3545491695404053,12
2021-04-29,cl1s,0,0.4693151116371155,12
2021-04-30,cl1s,1,0.516574501991272,12
2021-04-30,rb1s,0,0.4276350438594818,12
2021-05-03,cl1s,1,0.47718924283981323,12
2021-05-03,rb1s,0,0.41869500279426575,12
2021-05-04,cl1s,0,0.46948468685150146,12
2021-05-04,rb1s,0,0.41564446687698364,12
2021-05-05,rb1s,0,0.41564446687698364,12
2021-05-05,cl1s,0,0.4637565314769745,12
2021-05-06,rb1s,0,0.4174565374851227,12
2021-05-07,rb1s,0,0.40801912546157837,12
2021-05-10,rb1s,0,0.4064171612262726,12
2021-05-11,rb1s,0,0.41698750853538513,12
2021-05-12,rb1s,1,0.4147332012653351,12
2021-05-12,cl1s,0,0.4715193212032318,12
2021-05-13,rb1s,0,0.43331843614578247,12
2021-05-14,rb1s,0,0.4842280447483063,12
2021-05-14,cl1s,1,0.5206069350242615,12
2021-05-17,cl1s,0,0.46266046166419983,12
2021-05-17,rb1s,0,0.4369865953922272,12
2021-05-18,rb1s,0,0.4271722435951233,12
2021-05-19,cl1s,0,0.5742607712745667,12
2021-05-19,rb1s,0,0.43979448080062866,12
2021-05-20,cl1s,1,0.5861538648605347,12
2021-05-20,rb1s,1,0.4443773031234741,12
2021-05-21,cl1s,1,0.5716343522071838,12
2021-05-21,rb1s,1,0.42358389496803284,12
2021-05-24,rb1s,0,0.40573200583457947,12
2021-05-24,cl1s,1,0.48668918013572693,12
2021-05-25,rb1s,0,0.4066866338253021,12
2021-05-25,cl1s,1,0.4779701232910156,12
2021-05-26,rb1s,0,0.37947386503219604,12
2021-05-26,cl1s,1,0.4500006437301636,12
2021-05-27,rb1s,0,0.4166310131549835,12
2021-05-27,cl1s,0,0.4420160949230194,12
2021-05-28,rb1s,0,0.40830308198928833,12
2021-05-28,cl1s,1,0.4962758421897888,12
2021-06-01,cl1s,1,0.5141447186470032,12
2021-06-01,rb1s,0,0.46562474966049194,12
2021-06-02,rb1s,0,0.41088151931762695,12
2021-06-02,cl1s,0,0.47234728932380676,12
2021-06-03,rb1s,0,0.46251359581947327,12
2021-06-03,cl1s,1,0.47131994366645813,12
2021-06-04,cl1s,0,0.48183345794677734,12
2021-06-04,rb1s,0,0.4413221776485443,12
2021-06-07,cl1s,1,0.49037203192710876,12
2021-06-07,rb1s,0,0.43641430139541626,12
2021-06-08,cl1s,0,0.49569424986839294,12
2021-06-08,rb1s,0,0.43761852383613586,12
2021-06-09,cl1s,1,0.4991810619831085,12
2021-06-09,rb1s,0,0.4467332065105438,12
2021-06-10,cl1s,1,0.5125695466995239,12
2021-06-10,rb1s,0,0.4030495882034302,12
2021-06-11,rb1s,0,0.4840693473815918,12
2021-06-14,rb1s,0,0.4829404950141907,12
2021-06-15,cl1s,1,0.49069443345069885,12
2021-06-15,rb1s,0,0.48046600818634033,12
2021-06-16,rb1s,0,0.4785962402820587,12
2021-06-16,cl1s,0,0.5219341516494751,12
2021-06-17,rb1s,0,0.5717021226882935,12
2021-06-17,ho1s,1,0.6255660057067871,12
2021-06-17,cl1s,1,0.5267320871353149,12
2021-06-18,rb1s,0,0.5966049432754517,12
2021-06-18,cl1s,1,0.536917507648468,12
2021-06-21,rb1s,0,0.5405925512313843,12
2021-06-21,cl1s,0,0.5057048201560974,12
2021-06-22,rb1s,0,0.5320087671279907,12
2021-06-22,cl1s,1,0.5327051281929016,12
2021-06-23,rb1s,0,0.5042731761932373,12
2021-06-24,cl1s,1,0.4745308458805084,12
2021-06-24,rb1s,1,0.4291851818561554,12
2021-06-25,rb1s,0,0.4291452169418335,12
2021-06-25,cl1s,0,0.47312647104263306,12
2021-06-28,rb1s,0,0.43938520550727844,12
2021-06-28,ho1s,1,0.5638270974159241,12
2021-06-28,cl1s,1,0.5044061541557312,12
2021-06-29,ho1s,1,0.6022586822509766,12
2021-06-29,rb1s,0,0.5075158476829529,12
2021-06-29,cl1s,1,0.52721107006073,12
2021-06-30,cl1s,1,0.5238489508628845,12
2021-06-30,rb1s,0,0.5202897787094116,12
2021-07-01,cl1s,0,0.5066221356391907,12
2020-11-11,rb1s,0,0.33144426345825195,13
2020-11-12,rb1s,0,0.4241604208946228,13
2020-11-12,cl1s,0,0.53335040807724,13
2020-11-13,rb1s,1,0.44266074895858765,13
2020-11-13,cl1s,1,0.5224882364273071,13
2020-11-16,cl1s,1,0.5216990113258362,13
2020-11-16,rb1s,1,0.37395480275154114,13
2020-11-17,rb1s,1,0.3630010187625885,13
2020-11-17,cl1s,1,0.45460283756256104,13
2020-11-18,rb1s,1,0.35148951411247253,13
2020-11-18,cl1s,0,0.4532165229320526,13
2020-11-19,cl1s,1,0.49465635418891907,13
2020-11-19,rb1s,1,0.3454217314720154,13
2020-11-20,rb1s,1,0.3536956310272217,13
2020-11-20,cl1s,1,0.482337087392807,13
2020-11-23,cl1s,1,0.515479326248169,13
2020-11-23,rb1s,1,0.33697834610939026,13
2020-11-24,rb1s,0,0.3151407539844513,13
2020-11-24,cl1s,1,0.5137878060340881,13
2020-11-25,rb1s,0,0.33449989557266235,13
2020-11-27,rb1s,0,0.32843226194381714,13
2020-11-30,rb1s,0,0.3466501533985138,13
2020-12-01,cl1s,1,0.5017752051353455,13
2020-12-01,rb1s,1,0.3294270932674408,13
2020-12-02,rb1s,1,0.31038182973861694,13
2020-12-02,cl1s,1,0.5127558708190918,13
2020-12-03,rb1s,1,0.3061739504337311,13
2020-12-03,cl1s,1,0.48562321066856384,13
2020-12-04,cl1s,0,0.474124550819397,13
2020-12-04,rb1s,0,0.29744869470596313,13
2020-12-07,rb1s,1,0.3059094548225403,13
2020-12-07,cl1s,0,0.4838915169239044,13
2020-12-08,rb1s,1,0.3925730884075165,13
2020-12-08,cl1s,0,0.5265190005302429,13
2020-12-09,cl1s,1,0.5660340189933777,13
2020-12-09,rb1s,1,0.4364364445209503,13
2020-12-10,rb1s,0,0.48108863830566406,13
2020-12-11,cl1s,1,0.5507482886314392,13
2020-12-11,rb1s,1,0.4706844091415405,13
2020-12-14,rb1s,1,0.4300743043422699,13
2020-12-15,rb1s,1,0.4153980016708374,13
2020-12-16,rb1s,0,0.4091476500034332,13
2020-12-17,rb1s,0,0.4113070070743561,13
2020-12-18,ho1s,1,0.4589334726333618,13
2020-12-18,rb1s,0,0.41668859124183655,13
2020-12-21,rb1s,0,0.41082340478897095,13
2020-12-21,ho1s,1,0.4894259572029114,13
2020-12-22,rb1s,1,0.4554549753665924,13
2020-12-23,rb1s,0,0.36994272470474243,13
2020-12-24,rb1s,0,0.4327940344810486,13
2020-12-28,rb1s,1,0.38728582859039307,13
2020-12-29,rb1s,1,0.33338069915771484,13
2020-12-30,rb1s,0,0.34954124689102173,13
2020-12-31,rb1s,0,0.3709259629249573,13
2021-01-04,ho1s,1,0.5900179743766785,13
2021-01-04,cl1s,1,0.6207514405250549,13
2021-01-04,rb1s,1,0.39283207058906555,13
2021-01-05,cl1s,1,0.5250998139381409,13
2021-01-05,rb1s,1,0.39020442962646484,13
2021-01-06,rb1s,0,0.39097362756729126,13
2021-01-06,cl1s,1,0.5093888640403748,13
2021-01-07,cl1s,1,0.5008980631828308,13
2021-01-07,rb1s,0,0.3710004687309265,13
2021-01-08,rb1s,0,0.40764546394348145,13
2021-01-08,cl1s,1,0.5027487874031067,13
2021-01-11,cl1s,1,0.5286388993263245,13
2021-01-11,rb1s,0,0.421656996011734,13
2021-01-12,rb1s,0,0.4311436116695404,13
2021-01-13,rb1s,0,0.4358060359954834,13
2021-01-14,rb1s,0,0.42903438210487366,13
2021-01-15,cl1s,1,0.5791921019554138,13
2021-01-15,rb1s,0,0.4461139142513275,13
2021-01-19,rb1s,0,0.4331871569156647,13
2021-01-19,cl1s,1,0.5705446004867554,13
2021-01-20,cl1s,0,0.5684901475906372,13
2021-01-20,rb1s,0,0.4567664861679077,13
2021-01-21,cl1s,0,0.5516161918640137,13
2021-01-21,rb1s,0,0.4326935410499573,13
2021-01-22,rb1s,0,0.4156200885772705,13
2021-01-25,rb1s,0,0.4162784218788147,13
2021-01-26,rb1s,0,0.4120679795742035,13
2021-01-27,rb1s,0,0.4702189266681671,13
2021-01-28,rb1s,0,0.47615450620651245,13
2021-01-29,rb1s,0,0.489953875541687,13
2021-02-01,rb1s,0,0.4717617630958557,13
2021-02-02,rb1s,0,0.47390469908714294,13
2021-02-03,rb1s,0,0.4437480568885803,13
2021-02-04,rb1s,0,0.4526095688343048,13
2021-02-04,cl1s,0,0.5182685256004333,13
2021-02-05,cl1s,0,0.5243489742279053,13
2021-02-05,rb1s,0,0.4107665419578552,13
2021-02-08,rb1s,0,0.3894665539264679,13
2021-02-08,cl1s,0,0.5234028697013855,13
2021-02-09,rb1s,0,0.3833189308643341,13
2021-02-09,cl1s,0,0.5337466597557068,13
2021-02-10,rb1s,0,0.42228826880455017,13
2021-02-10,cl1s,1,0.5559093952178955,13
2021-02-11,rb1s,0,0.4220934808254242,13
2021-02-11,cl1s,0,0.539593517780304,13
2021-02-12,cl1s,0,0.5589799284934998,13
2021-02-12,rb1s,0,0.41840842366218567,13
2021-02-16,ng1s,0,0.5402577519416809,13
2021-02-16,rb1s,0,0.3971268832683563,13
2021-02-16,cl1s,0,0.5595558881759644,13
2021-02-17,rb1s,0,0.4257268011569977,13
2021-02-17,cl1s,1,0.5385339260101318,13
2021-02-18,rb1s,0,0.4214753210544586,13
2021-02-18,cl1s,1,0.5575205683708191,13
2021-02-19,rb1s,0,0.40010836720466614,13
2021-02-19,cl1s,0,0.5869303345680237,13
2021-02-22,cl1s,1,0.517547607421875,13
2021-02-22,rb1s,0,0.3873407542705536,13
2021-02-23,cl1s,0,0.5500935912132263,13
2021-02-23,rb1s,0,0.3910374045372009,13
2021-02-24,rb1s,0,0.3714527487754822,13
2021-02-24,cl1s,0,0.5179558992385864,13
2021-02-25,cl1s,1,0.5328575372695923,13
2021-02-25,rb1s,0,0.3923555016517639,13
2021-02-26,rb1s,0,0.4424279034137726,13
2021-03-01,rb1s,0,0.44509512186050415,13
2021-03-02,rb1s,0,0.49103298783302307,13
2021-03-03,rb1s,0,0.46888795495033264,13
2021-03-04,rb1s,0,0.4738195836544037,13
2021-03-05,rb1s,0,0.4857434034347534,13
2021-03-05,cl1s,1,0.5048289895057678,13
2021-03-08,cl1s,1,0.5545980930328369,13
2021-03-08,rb1s,0,0.4845929443836212,13
2021-03-09,rb1s,0,0.4845929443836212,13
2021-07-01,rb1s,0,0.46714162826538086,13
2021-07-02,rb1s,1,0.46596699953079224,13
2021-07-02,cl1s,0,0.5443875789642334,13
2021-07-06,cl1s,0,0.5984886884689331,13
2021-07-06,rb1s,0,0.48225635290145874,13
2021-07-07,rb1s,0,0.4859062135219574,13
2021-07-07,cl1s,1,0.5997123122215271,13
2021-07-07,ho1s,1,0.6163941621780396,13
2021-07-08,rb1s,0,0.4410012364387512,13
2021-07-08,cl1s,1,0.6094864010810852,13
2021-07-08,ho1s,1,0.626776933670044,13
2021-07-09,rb1s,0,0.40595582127571106,13
2021-07-09,cl1s,0,0.5392282605171204,13
2021-07-12,rb1s,0,0.4215361475944519,13
2021-07-12,cl1s,1,0.5833948850631714,13
2021-07-13,rb1s,1,0.48010215163230896,13
2021-07-13,cl1s,0,0.5317590236663818,13
2021-07-14,cl1s,0,0.5801274180412292,13
2021-07-14,rb1s,1,0.4250965118408203,13
2021-07-15,cl1s,1,0.5232223868370056,13
2021-07-15,rb1s,1,0.4633481502532959,13
2021-07-16,rb1s,1,0.46380504965782166,13
2021-07-16,cl1s,0,0.5542948246002197,13
2021-07-19,rb1s,1,0.4500214159488678,13
2021-07-19,cl1s,1,0.5858640670776367,13
2021-07-20,rb1s,1,0.42952653765678406,13
2021-07-20,cl1s,1,0.6186444163322449,13
2021-07-21,rb1s,1,0.40977567434310913,13
2021-07-21,cl1s,1,0.5957172513008118,13
2021-07-22,rb1s,1,0.3813626766204834,13
2021-07-22,cl1s,1,0.5461423397064209,13
2021-07-23,rb1s,0,0.37570813298225403,13
2021-07-23,cl1s,0,0.5292946696281433,13
2021-07-26,rb1s,0,0.3455007076263428,13
2021-07-26,cl1s,0,0.5363200306892395,13
2021-07-27,rb1s,0,0.3366897702217102,13
2021-07-27,cl1s,1,0.5477440357208252,13
2021-07-28,cl1s,1,0.5087597966194153,13
2021-07-28,rb1s,0,0.33560773730278015,13
2021-07-29,rb1s,0,0.31994426250457764,13
2021-07-29,cl1s,1,0.49930456280708313,13
2021-07-30,rb1s,0,0.33359017968177795,13
2021-07-30,cl1s,0,0.46474823355674744,13
2021-08-02,rb1s,0,0.3328169882297516,13
2021-08-02,cl1s,0,0.5922553539276123,13
2021-08-03,cl1s,0,0.5990343689918518,13
2021-08-03,rb1s,0,0.3304592967033386,13
2021-08-04,rb1s,0,0.370566725730896,13
2021-08-04,cl1s,1,0.6085337400436401,13
2021-08-05,cl1s,0,0.606086254119873,13
2021-08-05,rb1s,0,0.3853566646575928,13
2021-08-06,cl1s,0,0.6086889505386353,13
2021-08-06,rb1s,0,0.43350231647491455,13
2021-08-09,cl1s,1,0.634006917476654,13
2021-08-09,rb1s,0,0.4334811866283417,13
2021-08-10,rb1s,0,0.4303244948387146,13
2021-08-10,cl1s,1,0.6266056299209595,13
2021-08-11,cl1s,0,0.5602341890335083,13
2021-08-11,rb1s,0,0.40955671668052673,13
2021-08-12,cl1s,0,0.5503632426261902,13
2021-08-12,rb1s,0,0.4314810633659363,13
2021-08-13,rb1s,0,0.38995054364204407,13
2021-08-13,cl1s,0,0.544499933719635,13
2021-08-16,cl1s,0,0.5582576394081116,13
2021-08-16,rb1s,0,0.4252552092075348,13
2021-08-17,cl1s,0,0.52986741065979,13
2021-08-17,rb1s,0,0.42241171002388,13
2021-08-18,cl1s,0,0.6108002066612244,13
2021-08-18,rb1s,0,0.5200195908546448,13
2021-08-19,rb1s,0,0.5252718925476074,13
2021-08-19,cl1s,0,0.6289132833480835,13
2021-08-20,rb1s,1,0.54078608751297,13
2021-08-20,cl1s,1,0.6448243856430054,13
2021-08-23,rb1s,1,0.4736723303794861,13
2021-08-23,cl1s,1,0.6080272197723389,13
2021-08-24,cl1s,1,0.5648593306541443,13
2021-08-24,rb1s,1,0.35938799381256104,13
2021-08-25,rb1s,0,0.3558715879917145,13
2021-08-25,cl1s,0,0.5319804549217224,13
2021-08-26,rb1s,1,0.32837003469467163,13
2021-08-26,cl1s,1,0.5411806702613831,13
2021-08-27,rb1s,0,0.3154129385948181,13
2021-08-27,cl1s,1,0.4891127943992615,13
2021-08-30,rb1s,0,0.31110861897468567,13
2021-08-30,cl1s,0,0.4713754653930664,13
2021-08-31,cl1s,1,0.5092675685882568,13
2021-08-31,rb1s,0,0.32206422090530396,13
2021-09-01,rb1s,1,0.33147409558296204,13
2021-09-01,cl1s,1,0.5361077785491943,13
2021-09-02,rb1s,0,0.3305659294128418,13
2021-09-02,cl1s,0,0.49356168508529663,13
2021-09-03,rb1s,0,0.3199165165424347,13
2021-09-03,cl1s,0,0.4787566363811493,13
2021-09-07,rb1s,0,0.3245209753513336,13
2021-09-07,cl1s,1,0.6037057042121887,13
2021-09-08,cl1s,0,0.5364463925361633,13
2021-09-08,rb1s,0,0.36937814950942993,13
2021-09-09,rb1s,1,0.4058452844619751,13
2021-09-09,cl1s,1,0.5741431713104248,13
2021-09-10,cl1s,1,0.5263292193412781,13
2021-09-10,rb1s,0,0.4131234586238861,13
2021-09-13,rb1s,0,0.4162771701812744,13
2021-09-13,cl1s,1,0.5277112126350403,13
2021-09-14,cl1s,1,0.5132619142532349,13
2021-09-14,rb1s,0,0.4127003252506256,13
2021-09-15,rb1s,0,0.40014415979385376,13
2021-09-15,cl1s,1,0.5226507186889648,13
2021-09-16,cl1s,0,0.4927266538143158,13
2021-09-16,rb1s,0,0.41834545135498047,13
2021-09-17,cl1s,0,0.4903283417224884,13
2021-09-17,rb1s,0,0.4273819327354431,13
2021-09-20,rb1s,1,0.4605584442615509,13
2021-09-20,cl1s,1,0.5529990196228027,13
2021-09-21,cl1s,1,0.5939750075340271,13
2021-09-21,rb1s,1,0.4667833149433136,13
2021-09-22,cl1s,1,0.5018010139465332,13
2021-09-22,rb1s,1,0.46679019927978516,13
2021-09-23,cl1s,1,0.5049350261688232,13
2021-09-23,rb1s,0,0.46255505084991455,13
2021-09-24,rb1s,1,0.4864216446876526,13
2021-09-24,cl1s,1,0.5046703219413757,13
2021-09-27,rb1s,0,0.4574103355407715,13
2021-09-27,cl1s,0,0.5201190114021301,13
2021-09-28,rb1s,1,0.4837647080421448,13
2021-09-28,cl1s,0,0.5148426294326782,13
2021-09-29,rb1s,1,0.4866692125797272,13
2021-09-29,cl1s,1,0.5647897720336914,13
2021-09-30,cl1s,1,0.5594379901885986,13
2021-09-30,rb1s,1,0.4853368103504181,13
2021-10-01,rb1s,1,0.4812374711036682,13
2021-10-01,cl1s,1,0.5401124358177185,13
2021-10-04,cl1s,1,0.5418327450752258,13
2021-10-04,rb1s,0,0.48028555512428284,13
2021-03-10,rb1s,0,0.3089792728424072,14
2021-03-11,rb1s,0,0.279990017414093,14
2021-03-12,rb1s,1,0.30650758743286133,14
2021-03-15,rb1s,1,0.30507591366767883,14
2021-03-16,rb1s,1,0.3234414756298065,14
2021-03-17,rb1s,1,0.31982508301734924,14
2021-03-18,rb1s,0,0.42479178309440613,14
2021-03-19,rb1s,0,0.46154987812042236,14
2021-03-22,rb1s,0,0.41416221857070923,14
2021-03-23,rb1s,0,0.4190099537372589,14
2021-03-24,rb1s,0,0.38617032766342163,14
2021-03-25,rb1s,1,0.42230936884880066,14
2021-03-26,rb1s,0,0.3941410183906555,14
2021-03-29,rb1s,0,0.37167349457740784,14
2021-03-30,rb1s,0,0.37119901180267334,14
2021-03-31,rb1s,0,0.35541483759880066,14
2021-04-01,rb1s,0,0.26317092776298523,14
2021-04-05,rb1s,0,0.3212192952632904,14
2021-04-06,rb1s,0,0.26670151948928833,14
2021-04-07,rb1s,0,0.3039160966873169,14
2021-04-08,rb1s,0,0.35167038440704346,14
2021-04-09,rb1s,0,0.4547803997993469,14
2021-04-12,rb1s,0,0.5065323114395142,14
2021-04-13,rb1s,0,0.515659749507904,14
2021-04-14,rb1s,0,0.34136104583740234,14
2021-04-15,rb1s,0,0.36426451802253723,14
2021-04-15,cl1s,0,0.37409132719039917,14
2021-04-16,rb1s,0,0.5426371097564697,14
2021-04-16,cl1s,1,0.4156760275363922,14
2021-04-19,cl1s,0,0.5817103981971741,14
2021-04-19,rb1s,0,0.46852847933769226,14
2021-04-20,rb1s,0,0.42452624440193176,14
2021-04-20,cl1s,0,0.645153284072876,14
2021-04-21,cl1s,1,0.5867950320243835,14
2021-04-21,rb1s,0,0.4794462323188782,14
2021-04-22,rb1s,0,0.47526103258132935,14
2021-04-22,cl1s,1,0.5309788584709167,14
2021-04-23,rb1s,0,0.42816147208213806,14
2021-04-23,cl1s,0,0.44899463653564453,14
2021-04-26,cl1s,1,0.6438366174697876,14
2021-04-26,rb1s,0,0.468151330947876,14
2021-04-27,cl1s,1,0.48322948813438416,14
2021-04-27,rb1s,0,0.3955978453159332,14
2021-04-28,cl1s,1,0.4471563696861267,14
2021-04-28,rb1s,0,0.33701571822166443,14
2021-04-29,rb1s,0,0.32133591175079346,14
2021-04-29,cl1s,0,0.4127289056777954,14
2021-04-30,cl1s,1,0.5748055577278137,14
2021-04-30,rb1s,0,0.45951780676841736,14
2021-05-03,cl1s,1,0.5870984196662903,14
2021-05-03,rb1s,0,0.4416755735874176,14
2021-05-04,cl1s,0,0.5678053498268127,14
2021-05-04,rb1s,0,0.36330705881118774,14
2021-05-05,rb1s,0,0.34670138359069824,14
2021-05-05,cl1s,0,0.4552284777164459,14
2021-05-06,rb1s,0,0.4422047436237335,14
2021-05-07,rb1s,0,0.4221242666244507,14
2021-05-10,rb1s,0,0.3988550305366516,14
2021-05-11,rb1s,0,0.3759090304374695,14
2021-05-12,rb1s,1,0.347998708486557,14
2021-05-12,cl1s,0,0.4975796639919281,14
2021-05-13,rb1s,0,0.4804583191871643,14
2021-05-14,rb1s,0,0.3737388849258423,14
2021-05-14,cl1s,1,0.5794731974601746,14
2021-05-17,cl1s,0,0.4355674684047699,14
2021-05-17,rb1s,0,0.34397387504577637,14
2021-05-18,rb1s,0,0.33058294653892517,14
2021-05-19,cl1s,0,0.5738980770111084,14
2021-05-19,rb1s,0,0.3392760157585144,14
2021-05-20,cl1s,1,0.646440327167511,14
2021-05-20,rb1s,1,0.32954779267311096,14
2021-05-21,cl1s,1,0.6430153250694275,14
2021-05-21,rb1s,1,0.30993011593818665,14
2021-05-24,rb1s,0,0.2974243760108948,14
2021-05-24,cl1s,1,0.5750002861022949,14
2021-05-25,rb1s,0,0.31438079476356506,14
2021-05-25,cl1s,1,0.6150424480438232,14
2021-05-26,rb1s,0,0.30131614208221436,14
2021-05-26,cl1s,1,0.49748677015304565,14
2021-05-27,rb1s,0,0.31752991676330566,14
2021-05-27,cl1s,0,0.45862284302711487,14
2021-05-28,rb1s,0,0.3551291823387146,14
2021-05-28,cl1s,1,0.5067214965820312,14
2021-06-01,cl1s,1,0.5707972645759583,14
2021-06-01,rb1s,0,0.3550493121147156,14
2021-06-02,rb1s,0,0.2952972948551178,14
2021-06-02,cl1s,0,0.35348740220069885,14
2021-06-03,rb1s,0,0.3700557053089142,14
2021-06-03,cl1s,1,0.3454087972640991,14
2021-06-04,cl1s,0,0.4902096092700958,14
2021-06-04,rb1s,0,0.44386500120162964,14
2021-06-07,cl1s,1,0.6225595474243164,14
2021-06-07,rb1s,0,0.5224806666374207,14
2021-06-08,cl1s,0,0.6371022462844849,14
2021-06-08,rb1s,0,0.429828017950058,14
2021-06-09,cl1s,1,0.590314507484436,14
2021-06-09,rb1s,0,0.48605334758758545,14
2021-06-10,cl1s,1,0.6106025576591492,14
2021-06-10,rb1s,0,0.4173314869403839,14
2021-06-11,rb1s,0,0.5522608160972595,14
2021-06-14,rb1s,0,0.5467350482940674,14
2021-06-15,cl1s,1,0.6505346298217773,14
2021-06-15,rb1s,0,0.5177423357963562,14
2021-06-16,rb1s,0,0.5055764317512512,14
2021-06-16,cl1s,0,0.6423949599266052,14
2021-06-17,rb1s,0,0.5428145527839661,14
2021-06-17,ho1s,1,0.6990312337875366,14
2021-06-17,cl1s,1,0.6719702482223511,14
2021-06-18,rb1s,0,0.5024397969245911,14
2021-06-18,cl1s,1,0.5682304501533508,14
2021-06-21,rb1s,0,0.5361965298652649,14
2021-06-21,cl1s,0,0.642248272895813,14
2021-06-22,rb1s,0,0.5261264443397522,14
2021-06-22,cl1s,1,0.6704192161560059,14
2021-06-23,rb1s,0,0.435364305973053,14
2021-06-24,cl1s,1,0.47550246119499207,14
2021-06-24,rb1s,1,0.4162818193435669,14
2021-06-25,rb1s,0,0.43129852414131165,14
2021-06-25,cl1s,0,0.47703906893730164,14
2021-06-28,rb1s,0,0.5397249460220337,14
2021-06-28,ho1s,1,0.652169942855835,14
2021-06-28,cl1s,1,0.638654887676239,14
2021-06-29,ho1s,1,0.7105898261070251,14
2021-06-29,rb1s,0,0.5051376223564148,14
2021-06-29,cl1s,1,0.6669400334358215,14
2021-06-30,cl1s,1,0.5696096420288086,14
2021-06-30,rb1s,0,0.5397886633872986,14
2021-07-01,cl1s,0,0.5541638135910034,14
2021-07-01,rb1s,0,0.4491775333881378,14
2021-07-02,rb1s,1,0.36494719982147217,14
2021-07-02,cl1s,0,0.5015774369239807,14
2021-07-06,cl1s,0,0.7387672066688538,14
2021-07-06,rb1s,0,0.40827009081840515,14
2021-07-07,rb1s,0,0.40318000316619873,14
2021-07-07,cl1s,1,0.6346298456192017,14
2021-07-07,ho1s,1,0.5998260378837585,14
2021-07-08,rb1s,0,0.30997326970100403,14
2021-07-08,cl1s,1,0.6697766184806824,14
2021-07-08,ho1s,1,0.5961529612541199,14
2021-07-09,rb1s,0,0.2784588932991028,14
2021-07-09,cl1s,0,0.5779794454574585,14
2021-07-12,rb1s,0,0.31114432215690613,14
2021-07-12,cl1s,1,0.7192983627319336,14
2021-07-13,rb1s,1,0.37155744433403015,14
2021-07-13,cl1s,0,0.5188357830047607,14
2021-07-14,cl1s,0,0.5835838913917542,14
2021-07-14,rb1s,1,0.30156251788139343,14
2021-07-15,cl1s,1,0.4561401903629303,14
2021-07-15,rb1s,1,0.319385290145874,14
2021-07-16,rb1s,1,0.34074416756629944,14
2021-07-16,cl1s,0,0.5386795997619629,14
2021-07-19,rb1s,1,0.4038800597190857,14
2021-07-19,cl1s,1,0.6258655190467834,14
2021-07-20,rb1s,1,0.3451617956161499,14
2021-07-20,cl1s,1,0.6796261072158813,14
2021-07-21,rb1s,1,0.3424745500087738,14
2021-07-21,cl1s,1,0.5900454521179199,14
2021-07-22,rb1s,1,0.3245660960674286,14
2021-07-22,cl1s,1,0.4965463876724243,14
2021-07-23,rb1s,0,0.27911508083343506,14
2021-07-23,cl1s,0,0.47323793172836304,14
2021-07-26,rb1s,0,0.23960821330547333,14
2021-07-26,cl1s,0,0.46474596858024597,14
2021-07-27,rb1s,0,0.2040657252073288,14
2021-07-27,cl1s,1,0.457457572221756,14
2021-07-28,cl1s,1,0.3247825503349304,14
2021-07-28,rb1s,0,0.21042557060718536,14
2021-07-29,rb1s,0,0.1596825122833252,14
2021-07-29,cl1s,1,0.2967875003814697,14
2021-07-30,rb1s,0,0.1661694496870041,14
2021-07-30,cl1s,0,0.29639461636543274,14
2021-08-02,rb1s,0,0.17900575697422028,14
2021-08-02,cl1s,0,0.5143586993217468,14
2021-08-03,cl1s,0,0.6232507824897766,14
2021-08-03,rb1s,0,0.20538590848445892,14
2021-08-04,rb1s,0,0.2718310058116913,14
2021-08-04,cl1s,1,0.6155897974967957,14
2021-08-05,cl1s,0,0.6208460330963135,14
2021-08-05,rb1s,0,0.2781652510166168,14
2021-08-06,cl1s,0,0.639992356300354,14
2021-08-06,rb1s,0,0.39910516142845154,14
2021-08-09,cl1s,1,0.7400543689727783,14
2021-08-09,rb1s,0,0.3850415050983429,14
2021-08-10,rb1s,0,0.38363996148109436,14
2021-08-10,cl1s,1,0.6967838406562805,14
2021-08-11,cl1s,0,0.5339203476905823,14
2021-08-11,rb1s,0,0.31443801522254944,14
2021-08-12,cl1s,0,0.5298678874969482,14
2021-08-12,rb1s,0,0.39118796586990356,14
2021-08-13,rb1s,0,0.4212837815284729,14
2021-08-13,cl1s,0,0.5561829805374146,14
2021-08-16,cl1s,0,0.6004801392555237,14
2021-08-16,rb1s,0,0.41606971621513367,14
2021-08-17,cl1s,0,0.5266385674476624,14
2021-08-17,rb1s,0,0.3972974419593811,14
2021-08-18,cl1s,0,0.6615603566169739,14
2021-08-18,rb1s,0,0.4151959717273712,14
2021-08-19,rb1s,0,0.43829798698425293,14
2021-08-19,cl1s,0,0.7352278232574463,14
2021-08-20,rb1s,1,0.516588032245636,14
2021-08-20,cl1s,1,0.7554604411125183,14
2021-08-23,rb1s,1,0.461983323097229,14
2021-08-23,cl1s,1,0.7536369562149048,14
2021-08-24,cl1s,1,0.6365388631820679,14
2021-08-24,rb1s,1,0.2962072491645813,14
2021-08-25,rb1s,0,0.20338153839111328,14
2021-08-25,cl1s,0,0.42706921696662903,14
2021-08-26,rb1s,1,0.19614054262638092,14
2021-08-26,cl1s,1,0.45558637380599976,14
2021-08-27,rb1s,0,0.20407120883464813,14
2021-08-27,cl1s,1,0.3346870243549347,14
2021-08-30,rb1s,0,0.20577384531497955,14
2021-08-30,cl1s,0,0.372126042842865,14
2021-08-31,cl1s,1,0.43309104442596436,14
2021-08-31,rb1s,0,0.22589336335659027,14
2021-09-01,rb1s,1,0.2274249941110611,14
2021-09-01,cl1s,1,0.43251171708106995,14
2021-09-02,rb1s,0,0.24971933662891388,14
2021-09-02,cl1s,0,0.39895492792129517,14
2021-09-03,rb1s,0,0.22655263543128967,14
2021-09-03,cl1s,0,0.38689565658569336,14
2021-09-07,rb1s,0,0.2147587686777115,14
2021-09-07,cl1s,1,0.6602681875228882,14
2021-09-08,cl1s,0,0.4607400894165039,14
2021-09-08,rb1s,0,0.23234011232852936,14
2021-09-09,rb1s,1,0.29618221521377563,14
2021-09-09,cl1s,1,0.5367934703826904,14
2021-09-10,cl1s,1,0.4575209319591522,14
2021-09-10,rb1s,0,0.31957072019577026,14
2021-09-13,rb1s,0,0.32890722155570984,14
2021-09-13,cl1s,1,0.5457029342651367,14
2021-09-14,cl1s,1,0.5476561188697815,14
2021-09-14,rb1s,0,0.3386530578136444,14
2021-09-15,rb1s,0,0.31914517283439636,14
2021-09-15,cl1s,1,0.5072895288467407,14
2021-09-16,cl1s,0,0.4785255193710327,14
2021-09-16,rb1s,0,0.36562201380729675,14
2021-09-17,cl1s,0,0.4627714455127716,14
2021-09-17,rb1s,0,0.42553645372390747,14
2021-09-20,rb1s,1,0.41198113560676575,14
2021-09-20,cl1s,1,0.5541601181030273,14
2021-09-21,cl1s,1,0.6459587812423706,14
2021-09-21,rb1s,1,0.43129879236221313,14
2021-09-22,cl1s,1,0.37718072533607483,14
2021-09-22,rb1s,1,0.4762133061885834,14
2021-09-23,cl1s,1,0.4141085743904114,14
2021-09-23,rb1s,0,0.44783124327659607,14
2021-09-24,rb1s,1,0.5030325055122375,14
2021-09-24,cl1s,1,0.40355929732322693,14
2021-09-27,rb1s,0,0.46456873416900635,14
2021-09-27,cl1s,0,0.4618038535118103,14
2021-09-28,rb1s,1,0.466537743806839,14
2021-09-28,cl1s,0,0.46773362159729004,14
2021-09-29,rb1s,1,0.43726271390914917,14
2021-09-29,cl1s,1,0.4891483783721924,14
2021-09-30,cl1s,1,0.45808738470077515,14
2021-09-30,rb1s,1,0.40503957867622375,14
2021-10-01,rb1s,1,0.4267467260360718,14
2021-10-01,cl1s,1,0.48814013600349426,14
2021-10-04,cl1s,1,0.5517435073852539,14
2021-10-04,rb1s,0,0.3809846341609955,14
