auc_mean,auc_std,logloss_mean,logloss_std,brier_mean,brier_std,n_folds
0.49888869931423,0.06926128479005896,0.7046817476077991,0.03163582481148053,0.2551792726332241,0.013964472744952602,15
