instrument,auc_mean,auc_std,logloss,brier,n_events
si1s,0.4880776975326872,0.06691275812119096,0.7049091794294675,0.2552823747654427,2755
