auc_mean,auc_std,logloss_mean,logloss_std,brier_mean,brier_std,n_folds
0.5433334982982415,0.1250281032272721,0.7240745001120072,0.05731612157957178,0.2648444209468346,0.027251271390608633,15
