instrument,auc_mean,auc_std,logloss,brier,n_events
gc1s,0.473125,0.12078862318185755,0.7240745001120072,0.2648444209468346,810
