date,instrument,y_true,y_score,fold
2020-01-30,cl1s,1,0.5161204095658161,0
2020-01-30,rb1s,0,0.398693437074104,0
2020-01-31,cl1s,1,0.5161284363770334,0
2020-01-31,rb1s,0,0.3987025227282454,0
2020-01-31,ho1s,0,0.5761783005159009,0
2020-02-03,rb1s,0,0.39872448872802335,0
2020-02-03,ho1s,1,0.57617748571385,0
2020-02-04,rb1s,1,0.4580644360298438,0
2020-02-04,ho1s,1,0.5761803796566877,0
2020-02-05,cl1s,1,0.5761868787121532,0
2020-02-05,rb1s,1,0.45806578116072283,0
2020-02-06,cl1s,0,0.5761869716788504,0
2020-02-06,rb1s,1,0.4580614603542047,0
2020-02-07,cl1s,0,0.5761863815573626,0
2020-02-07,rb1s,0,0.45805037918521,0
2020-02-10,cl1s,1,0.5761770329700037,0
2020-02-10,rb1s,0,0.4580581065985532,0
2020-02-11,rb1s,1,0.4579895178698036,0
2020-02-11,cl1s,1,0.5761702138629375,0
2020-02-12,rb1s,1,0.4580490006777735,0
2020-02-12,cl1s,1,0.5761788170000631,0
2020-02-13,cl1s,1,0.5761780283380736,0
2020-02-13,rb1s,1,0.4580563389460283,0
2020-02-14,cl1s,0,0.5761355840409706,0
2020-02-14,rb1s,1,0.45799344813972337,0
2020-02-18,cl1s,1,0.5761731497557708,0
2020-02-18,rb1s,0,0.458001800648077,0
2020-02-19,rb1s,1,0.3987155697458726,0
2020-02-19,cl1s,1,0.5761761757772514,0
2020-02-20,rb1s,1,0.39862102701103136,0
2020-02-20,cl1s,0,0.5761701522855747,0
2020-02-21,cl1s,0,0.5761719231465373,0
2020-02-21,rb1s,0,0.4579274062923582,0
2020-02-24,rb1s,0,0.45802118236148226,0
2020-02-24,cl1s,0,0.5761819577207417,0
2020-02-25,cl1s,0,0.5761835669055206,0
2020-02-25,rb1s,0,0.45806470323569637,0
2020-02-26,cl1s,0,0.5761843967241209,0
2020-02-26,rb1s,0,0.4580653836962401,0
2020-02-27,rb1s,0,0.45806477202121276,0
2020-02-27,cl1s,0,0.5761868473320354,0
2020-02-28,rb1s,0,0.45805120358009765,0
2020-02-28,cl1s,1,0.5761870324588055,0
2020-03-02,rb1s,0,0.45806768001341563,0
2020-03-03,rb1s,0,0.45806616835471703,0
2020-03-04,rb1s,0,0.4580388883279625,0
2020-03-05,rb1s,0,0.45805954483897715,0
2020-03-06,rb1s,0,0.4580665960993612,0
2020-03-09,ho1s,1,0.5761870331041282,0
2020-03-09,rb1s,0,0.4580686087671053,0
2020-03-10,rb1s,0,0.4580686087916567,0
2020-03-11,rb1s,1,0.39874263142649163,0
2020-03-12,rb1s,0,0.45806860879195244,0
2020-03-13,rb1s,0,0.45806860879195244,0
2020-03-16,rb1s,0,0.45806860879195244,0
2020-03-17,rb1s,1,0.3987426314270596,0
2020-03-18,rb1s,0,0.3987426314270596,0
2020-03-18,cl1s,1,0.5761870369631005,0
2020-03-19,rb1s,1,0.39874263142705946,0
2020-03-20,cl1s,1,0.5761870369631039,0
2020-03-20,rb1s,1,0.3987426314270596,0
2020-03-23,cl1s,1,0.5761870369631039,0
2020-03-23,rb1s,0,0.3987426314270596,0
2020-03-24,rb1s,0,0.3987426314270596,0
2020-03-24,cl1s,1,0.5761870369630856,0
2020-03-25,rb1s,0,0.3987426314270596,0
2020-03-26,rb1s,0,0.3987426314270596,0
2020-03-26,cl1s,0,0.5761870369621782,0
2020-03-27,rb1s,0,0.3987426314270596,0
2020-03-27,cl1s,0,0.5761870369611923,0
2020-03-30,cl1s,1,0.5761870369617884,0
2020-03-30,rb1s,0,0.3987426314270596,0
2020-03-31,rb1s,0,0.3987426314270596,0
2020-04-01,rb1s,0,0.3987426314270596,0
2020-04-02,rb1s,0,0.3987426314270596,0
2020-04-03,rb1s,0,0.3987426314270596,0
2020-04-06,rb1s,1,0.3987426314270596,0
2020-04-07,rb1s,0,0.39874263142705957,0
2020-04-08,rb1s,0,0.39874263142705957,0
2020-04-09,rb1s,0,0.3987426314270596,0
2020-04-13,rb1s,0,0.398742631427059,0
2020-04-14,rb1s,0,0.3987426314269839,0
2020-04-15,rb1s,0,0.39874263142662886,0
2020-04-15,ho1s,0,0.5161327679992133,0
2020-04-16,rb1s,0,0.39874263142700783,0
2020-04-16,ho1s,0,0.5161327715883566,0
2020-04-17,rb1s,0,0.39874263142634037,0
2020-04-20,rb1s,0,0.3987426314262182,0
2020-04-21,cl1s,1,0.5761870369631039,0
2020-04-21,ho1s,1,0.5761870354234696,0
2020-04-21,rb1s,1,0.45806860879195244,0
2020-04-22,cl1s,1,0.5761870369631039,0
2020-04-22,rb1s,1,0.45806860879195244,0
2020-04-23,rb1s,1,0.45806860879195244,0
2020-04-23,cl1s,1,0.5761870369631039,0
2020-04-24,cl1s,0,0.5761870369631039,0
2020-04-24,rb1s,1,0.45806860879194805,0
2020-04-27,cl1s,0,0.5761870369631038,0
2020-04-27,rb1s,1,0.4580686085781682,0
2020-04-28,cl1s,1,0.5761870369631039,0
2020-04-28,rb1s,1,0.45806860878716243,0
2020-04-29,cl1s,1,0.5761870369631039,0
2020-04-29,rb1s,1,0.4580686087919398,0
2020-04-30,rb1s,0,0.3987426314270595,0
2020-04-30,cl1s,1,0.5761870369631039,0
2020-05-01,cl1s,1,0.5761870369631029,0
2020-05-01,rb1s,0,0.39874263142703503,0
2020-05-04,cl1s,1,0.5761870369631009,0
2020-05-04,rb1s,1,0.45806860879181455,0
2020-05-05,rb1s,0,0.39874263142574484,0
2020-05-05,ng1s,1,0.5161326608167601,0
2020-05-05,cl1s,0,0.5761870369631034,0
2020-05-06,rb1s,0,0.39874263141919525,0
2020-05-06,ng1s,1,0.5161327071097376,0
2020-05-06,cl1s,0,0.5761870369631014,0
2020-05-07,rb1s,0,0.3987426314263934,0
2020-05-07,cl1s,1,0.5761870369631023,0
2020-05-07,ng1s,1,0.5161326504618134,0
2020-05-08,rb1s,0,0.3987426309477722,0
2020-05-08,cl1s,0,0.5761870369629013,0
2020-05-08,ng1s,0,0.5161326672032652,0
2020-05-11,rb1s,0,0.39874262572613944,0
2020-05-11,ng1s,1,0.5161326527207272,0
2020-05-11,cl1s,1,0.5761870369070132,0
2020-05-12,ng1s,1,0.5161327024024935,0
2020-05-12,rb1s,0,0.3987426129191936,0
2020-05-12,cl1s,0,0.5761870369526046,0
2020-05-13,rb1s,1,0.45806860650991965,0
2020-05-13,cl1s,1,0.5761870369337724,0
2020-05-14,rb1s,0,0.3987426313990162,0
2020-05-14,cl1s,1,0.5761870369524318,0
2020-05-14,ng1s,1,0.5161327076229875,0
2020-05-15,rb1s,0,0.39874262997406335,0
2020-05-15,ng1s,0,0.5161326994207496,0
2020-05-18,rb1s,0,0.3987426307663626,0
2020-05-18,ho1s,1,0.516132789909128,0
2020-05-18,ng1s,0,0.516132705695845,0
2020-05-19,rb1s,0,0.3987425421885905,0
2020-05-19,cl1s,1,0.5761870369590057,0
2020-05-19,ng1s,1,0.5161326289998578,0
2020-05-20,ho1s,1,0.5161327398677791,0
2020-05-20,rb1s,0,0.398742567890924,0
2020-05-20,ng1s,1,0.5161326937407855,0
2020-05-21,ng1s,0,0.5161324988085387,0
2020-05-21,rb1s,0,0.3987415728058807,0
2020-05-22,rb1s,0,0.3987426031337655,0
2020-05-26,rb1s,0,0.3987426120644744,0
2020-05-27,cl1s,1,0.5761870369390777,0
2020-05-27,ng1s,1,0.5161326770869831,0
2020-05-27,rb1s,0,0.39874260544517504,0
2020-05-28,ng1s,0,0.5161325639495937,0
2020-05-28,cl1s,1,0.5761870369580814,0
2020-05-28,rb1s,0,0.39874260124076755,0
2020-05-29,ng1s,1,0.5161326675402836,0
2020-05-29,rb1s,0,0.3987426306340542,0
2020-06-01,rb1s,0,0.3987426229398828,0
2020-06-01,ng1s,0,0.5161326827576597,0
2020-06-02,rb1s,0,0.3987401979198404,0
2020-06-02,ng1s,0,0.5161308718979267,0
2020-06-03,rb1s,0,0.39874022016248367,0
2020-06-04,cl1s,1,0.5761870305342575,0
2020-06-04,rb1s,0,0.39873328904876854,0
2020-06-05,cl1s,0,0.5761870223992066,0
2020-06-05,rb1s,0,0.39873457657510647,0
2020-06-08,rb1s,0,0.39873804366063703,0
2020-06-08,cl1s,1,0.5761870359335071,0
2020-06-09,rb1s,0,0.39872323244284336,0
2020-06-09,cl1s,1,0.5761870365971885,0
2020-06-10,cl1s,0,0.5761870363380078,0
2020-06-10,rb1s,0,0.3987110870017631,0
2020-06-11,rb1s,0,0.39874213332530595,0
2020-06-11,cl1s,0,0.5761870368951613,0
2020-06-12,cl1s,1,0.5761870369549316,0
2020-06-12,rb1s,1,0.4580682436687382,0
2020-06-15,rb1s,1,0.4580685972199036,0
2020-06-16,rb1s,0,0.4580685923219776,0
2020-06-17,rb1s,0,0.39874175605318407,0
2020-06-17,cl1s,1,0.5761870363708969,0
2020-06-18,cl1s,1,0.5761870276906506,0
2020-06-18,rb1s,0,0.3987410534032012,0
2020-06-19,rb1s,0,0.39874099801841456,0
2020-06-19,cl1s,1,0.57618703386165,0
2020-06-22,cl1s,0,0.5761869368589613,0
2020-06-22,rb1s,1,0.39873257684245195,0
2020-06-23,rb1s,1,0.39873641062679943,0
2020-06-23,cl1s,0,0.5761869940451212,0
2020-06-24,cl1s,1,0.5761870363230607,0
2020-06-24,rb1s,0,0.4580685402258757,0
2020-06-25,cl1s,0,0.5761870368828371,0
2020-06-25,rb1s,0,0.4580685855126988,0
2020-06-26,cl1s,1,0.5761870347520258,0
2020-06-26,rb1s,1,0.45806860185976406,0
2020-06-29,cl1s,0,0.5761870329501544,0
2020-06-29,rb1s,1,0.45806860701835744,0
2020-06-30,rb1s,1,0.45806850665609466,0
2020-06-30,cl1s,1,0.576187010219881,0
2020-07-01,rb1s,0,0.39874242587750286,0
2020-07-01,cl1s,1,0.5761869907976057,0
2020-07-01,ho1s,0,0.5161322900049764,0
2020-07-02,rb1s,0,0.4580665754736086,0
2020-07-02,cl1s,0,0.5761866987618358,0
2020-07-06,rb1s,0,0.45806558542861164,0
2020-07-06,cl1s,0,0.5761864931132407,0
2020-07-07,rb1s,0,0.45806478684034907,0
2020-07-07,cl1s,1,0.5761854303206604,0
2020-07-08,rb1s,0,0.4580118543389706,0
2020-07-08,cl1s,0,0.5761593020071097,0
2020-07-09,rb1s,0,0.45803186539256985,0
2020-07-09,cl1s,1,0.5761819394296565,0
2020-07-10,rb1s,0,0.4580643174433599,0
2020-07-10,cl1s,0,0.5761867820643083,0
2020-07-10,ho1s,1,0.5161280268496997,0
2020-07-13,cl1s,1,0.5761866872729998,0
2020-07-13,rb1s,0,0.45806033305909527,0
2020-07-14,rb1s,0,0.4580569256308199,0
2020-07-14,cl1s,1,0.5761868164255779,0
2020-07-15,rb1s,0,0.4580252821862893,0
2020-07-15,cl1s,0,0.5761860595925453,0
2020-07-16,cl1s,0,0.576155381202461,0
2020-07-16,rb1s,0,0.45800367206733306,0
2020-07-17,cl1s,1,0.5761584363244412,0
2020-07-17,rb1s,0,0.45805007646900603,0
2020-07-20,rb1s,0,0.45803652996140165,0
2020-07-20,cl1s,1,0.5761732096724325,0
2020-07-21,rb1s,0,0.4580525501200266,0
2020-07-21,cl1s,0,0.5761823250949901,0
2020-07-22,rb1s,0,0.4579949160062399,0
2020-07-22,cl1s,0,0.5761655916072359,0
2020-07-23,rb1s,0,0.4580308316375994,0
2020-07-23,cl1s,1,0.5761797374262118,0
2020-07-24,rb1s,0,0.45798883859189365,0
2020-07-24,cl1s,1,0.576174829080887,0
2020-07-27,rb1s,0,0.4580462927837644,0
2020-07-27,cl1s,0,0.5761806856485956,0
2020-07-28,rb1s,0,0.4580314009957177,0
2020-07-28,cl1s,1,0.5761723551375502,0
2020-07-29,cl1s,0,0.57610137216904,0
2020-07-29,rb1s,0,0.45796929856600527,0
2020-07-30,cl1s,1,0.5761817820543986,0
2020-07-30,rb1s,0,0.458067039480413,0
2020-07-31,rb1s,1,0.4580666100766722,0
2020-07-31,cl1s,1,0.5761738293249926,0
2020-08-03,cl1s,1,0.5761843549326467,0
2020-08-03,ng1s,0,0.5161326027422078,0
2020-08-03,rb1s,0,0.4580673932795148,0
2020-08-04,cl1s,1,0.5761864593096282,0
2020-08-04,rb1s,0,0.4580606964852826,0
2020-08-05,rb1s,0,0.45806502203679395,0
2020-08-06,rb1s,0,0.45804734332990704,0
2020-08-06,ng1s,0,0.5161326985355211,0
2020-08-07,rb1s,1,0.4580456938197974,0
2020-08-10,ng1s,0,0.5161326840265286,0
2020-08-10,rb1s,0,0.4580514489649974,0
2020-08-11,rb1s,1,0.4580633861148781,0
2020-08-12,rb1s,0,0.4580137659208244,0
2020-08-13,rb1s,1,0.45800680953615036,0
2020-01-30,cl1s,1,0.8781406833304982,1
2020-01-30,rb1s,0,0.7218055806431127,1
2020-01-31,cl1s,1,0.889414609691844,1
2020-01-31,rb1s,0,0.7801787336494742,1
2020-01-31,ho1s,0,0.9827373465361074,1
2020-02-03,rb1s,0,0.734164187462691,1
2020-02-03,ho1s,1,0.9796086366846455,1
2020-02-04,rb1s,1,0.7870825907078481,1
2020-02-04,ho1s,1,0.9709857923487002,1
2020-02-05,cl1s,1,0.8756221148455108,1
2020-02-05,rb1s,1,0.6834930309968849,1
2020-02-06,cl1s,0,0.8564544547285088,1
2020-02-06,rb1s,1,0.6420000389339795,1
2020-02-07,cl1s,0,0.8359878294297909,1
2020-02-07,rb1s,0,0.5381866799683367,1
2020-02-10,cl1s,1,0.8489340726687797,1
2020-02-10,rb1s,0,0.5288610790912217,1
2020-02-11,rb1s,1,0.6384322475352444,1
2020-02-11,cl1s,1,0.8436153255372475,1
2020-02-12,rb1s,1,0.5942150523764594,1
2020-02-12,cl1s,1,0.8050699911768111,1
2020-02-13,cl1s,1,0.7745046444373057,1
2020-02-13,rb1s,1,0.5593545375082754,1
2020-02-14,cl1s,0,0.7930222666029088,1
2020-02-14,rb1s,1,0.5869274068584432,1
2020-02-18,cl1s,1,0.8184979103500386,1
2020-02-18,rb1s,0,0.6329178631902778,1
2020-02-19,rb1s,1,0.5386362955087167,1
2020-02-19,cl1s,1,0.806901256618429,1
2020-02-20,rb1s,1,0.5348821193532279,1
2020-02-20,cl1s,0,0.7854737004577795,1
2020-02-21,cl1s,0,0.8148571924664911,1
2020-02-21,rb1s,0,0.59409171311816,1
2020-02-24,rb1s,0,0.8810811792365939,1
2020-02-24,cl1s,0,0.950231441946511,1
2020-02-25,cl1s,0,0.9630955586208617,1
2020-02-25,rb1s,0,0.9079533894526777,1
2020-02-26,cl1s,0,0.9546321543965558,1
2020-02-26,rb1s,0,0.9104413174384529,1
2020-02-27,rb1s,0,0.9683227109427591,1
2020-02-27,cl1s,0,0.988299445420623,1
2020-02-28,rb1s,0,0.9796663090421994,1
2020-02-28,cl1s,1,0.9927897728528325,1
2020-03-02,rb1s,0,0.9253113712427828,1
2020-03-03,rb1s,0,0.9038984806514793,1
2020-03-04,rb1s,0,0.8422195202351185,1
2020-03-05,rb1s,0,0.8828972822182389,1
2020-03-06,rb1s,0,0.8931984865188867,1
2020-03-09,ho1s,1,0.9977636974779285,1
2020-03-09,rb1s,0,0.9871276840383253,1
2020-03-10,rb1s,0,0.9740477383968362,1
2020-03-11,rb1s,1,0.9626858939636896,1
2020-03-12,rb1s,0,0.9960294990791075,1
2020-03-13,rb1s,0,0.9787788661958133,1
2020-03-16,rb1s,0,0.9880115299029858,1
2020-03-17,rb1s,1,0.9837293261605581,1
2020-03-18,rb1s,0,0.9464913051413464,1
2020-03-18,cl1s,1,0.968791489615622,1
2020-03-19,rb1s,1,0.8816722375413704,1
2020-03-20,cl1s,1,0.9754799170401985,1
2020-03-20,rb1s,1,0.9473584799020804,1
2020-03-23,cl1s,1,0.9851610679428771,1
2020-03-23,rb1s,0,0.9848189338403412,1
2020-03-24,rb1s,0,0.9904405916892424,1
2020-03-24,cl1s,1,0.9850708567239469,1
2020-03-25,rb1s,0,0.9725064537298664,1
2020-03-26,rb1s,0,0.9496748616968126,1
2020-03-26,cl1s,0,0.9865868218531145,1
2020-03-27,rb1s,0,0.9482963261432208,1
2020-03-27,cl1s,0,0.983772454990525,1
2020-03-30,cl1s,1,0.9597016461273762,1
2020-03-30,rb1s,0,0.8501214224594956,1
2020-03-31,rb1s,0,0.8599438187332351,1
2020-04-01,rb1s,0,0.9160798511325431,1
2020-04-02,rb1s,0,0.8500271122492831,1
2020-04-03,rb1s,0,0.7633373107498327,1
2020-04-06,rb1s,1,0.6537033661634838,1
2020-04-07,rb1s,0,0.6772032065314851,1
2020-04-08,rb1s,0,0.6585155722376799,1
2020-04-09,rb1s,0,0.5481631339768422,1
2020-04-13,rb1s,0,0.5691709195685671,1
2020-04-14,rb1s,0,0.6547223051064346,1
2020-04-15,rb1s,0,0.7276878362752123,1
2020-04-15,ho1s,0,0.966991609901264,1
2020-04-16,rb1s,0,0.8087262306927219,1
2020-04-16,ho1s,0,0.9585832725292418,1
2020-04-17,rb1s,0,0.7925957218818183,1
2020-04-20,rb1s,0,0.8980233762036518,1
2020-04-21,cl1s,1,0.9951941528882671,1
2020-04-21,ho1s,1,0.994708196773862,1
2020-04-21,rb1s,1,0.9685371832961073,1
2020-04-22,cl1s,1,0.9946859050287418,1
2020-04-22,rb1s,1,0.9116202450481752,1
2020-04-23,rb1s,1,0.872570056455576,1
2020-04-23,cl1s,1,0.9854163633925644,1
2020-04-24,cl1s,0,0.977585173865069,1
2020-04-24,rb1s,1,0.8947207772373292,1
2020-04-27,cl1s,0,0.9889707055032727,1
2020-04-27,rb1s,1,0.8770181332453065,1
2020-04-28,cl1s,1,0.988348296804154,1
2020-04-28,rb1s,1,0.8534871987181144,1
2020-04-29,cl1s,1,0.9795692297789014,1
2020-04-29,rb1s,1,0.8109984789027161,1
2020-04-30,rb1s,0,0.8013426806146424,1
2020-04-30,cl1s,1,0.9752958483059462,1
2020-05-01,cl1s,1,0.9751856283374644,1
2020-05-01,rb1s,0,0.8502812042791283,1
2020-05-04,cl1s,1,0.9802465659740893,1
2020-05-04,rb1s,1,0.8702645417005083,1
2020-05-05,rb1s,0,0.5637436092789777,1
2020-05-05,ng1s,1,0.590379918637253,1
2020-05-05,cl1s,0,0.8767718562382183,1
2020-05-06,rb1s,0,0.6045083442047748,1
2020-05-06,ng1s,1,0.6765685295571264,1
2020-05-06,cl1s,0,0.8945509561782242,1
2020-05-07,rb1s,0,0.5162951493462942,1
2020-05-07,cl1s,1,0.917642209207198,1
2020-05-07,ng1s,1,0.712256514584422,1
2020-05-08,rb1s,0,0.40540787526158767,1
2020-05-08,cl1s,0,0.8952729218253263,1
2020-05-08,ng1s,0,0.6482076249331921,1
2020-05-11,rb1s,0,0.4861532529499636,1
2020-05-11,ng1s,1,0.57597259900084,1
2020-05-11,cl1s,1,0.8559433694925794,1
2020-05-12,ng1s,1,0.8019166099205743,1
2020-05-12,rb1s,0,0.5976377553244677,1
2020-05-12,cl1s,0,0.8577363884742132,1
2020-05-13,rb1s,1,0.8178749122011748,1
2020-08-14,rb1s,1,0.24290693330585486,1
2020-08-17,rb1s,1,0.230681044935604,1
2020-08-18,rb1s,1,0.26159497015973693,1
2020-08-19,rb1s,0,0.30126537957037186,1
2020-08-20,rb1s,0,0.32846117804757635,1
2020-08-21,rb1s,1,0.39628155333611564,1
2020-08-21,cl1s,1,0.722618718785494,1
2020-08-24,rb1s,0,0.26859356325930467,1
2020-08-24,cl1s,1,0.6841057788965201,1
2020-08-25,cl1s,1,0.5077480471401176,1
2020-08-25,rb1s,0,0.18737280423360433,1
2020-08-26,rb1s,0,0.20894944125664638,1
2020-08-26,cl1s,0,0.4829883365652265,1
2020-08-27,rb1s,0,0.28407828454309336,1
2020-08-28,rb1s,0,0.23722738855247152,1
2020-08-31,rb1s,0,0.3577096496188955,1
2020-09-01,cl1s,0,0.6713770882336615,1
2020-09-01,rb1s,0,0.40741752183132035,1
2020-09-02,rb1s,0,0.5011108219295302,1
2020-09-02,cl1s,0,0.7663988876127854,1
2020-09-03,rb1s,0,0.6475947176480021,1
2020-09-04,rb1s,0,0.6424167338287421,1
2020-09-08,ho1s,1,0.9695158389366444,1
2020-09-08,rb1s,0,0.7425953863091151,1
2020-09-09,rb1s,0,0.6481081832297257,1
2020-09-10,rb1s,1,0.5994238294331989,1
2020-09-11,rb1s,1,0.5881461069238768,1
2020-09-14,rb1s,1,0.5204760047464757,1
2020-09-15,rb1s,1,0.4415759287525019,1
2020-09-16,cl1s,1,0.7166583832086084,1
2020-09-16,rb1s,0,0.42261086981866247,1
2020-09-17,rb1s,0,0.4093505292961136,1
2020-09-18,rb1s,0,0.3811549783254363,1
2020-09-21,ho1s,0,0.9457909543464326,1
2020-09-21,rb1s,0,0.6427863136366105,1
2020-09-21,cl1s,1,0.8391138799784589,1
2020-09-22,ho1s,1,0.9428331311098012,1
2020-09-22,rb1s,0,0.6608318736476958,1
2020-09-22,cl1s,1,0.8484968155623202,1
2020-09-23,rb1s,0,0.6054895331132358,1
2020-09-23,ho1s,1,0.93976283882504,1
2020-09-23,cl1s,1,0.8338329307745925,1
2020-09-24,rb1s,0,0.4779408590556973,1
2020-09-24,ng1s,1,0.6043939004012244,1
2020-09-24,ho1s,1,0.8899814455458892,1
2020-09-24,cl1s,0,0.7314780950768068,1
2020-09-25,ho1s,1,0.8377241882038443,1
2020-09-25,rb1s,0,0.3885319904928091,1
2020-09-25,cl1s,1,0.678353614984722,1
2020-09-28,cl1s,0,0.5915026587711606,1
2020-09-28,rb1s,0,0.306673261559775,1
2020-09-29,cl1s,1,0.7532570694660747,1
2020-09-29,ho1s,1,0.8512725782269948,1
2020-09-29,rb1s,0,0.4538084252518055,1
2020-09-30,cl1s,0,0.7133813740436271,1
2020-09-30,ho1s,0,0.8233468110004919,1
2020-09-30,rb1s,0,0.4293257910406384,1
2020-10-01,cl1s,0,0.7635468808443271,1
2020-10-01,ho1s,0,0.8687663636089704,1
2020-10-01,rb1s,0,0.4558417711248092,1
2020-10-02,ho1s,1,0.9072400362911219,1
2020-10-02,rb1s,1,0.5468587106918845,1
2020-10-02,cl1s,1,0.8292011843943079,1
2020-10-05,cl1s,1,0.7997361328846676,1
2020-10-05,rb1s,0,0.48669540718545634,1
2020-10-06,rb1s,0,0.4907257918764611,1
2020-10-07,cl1s,1,0.8478239856582547,1
2020-10-07,rb1s,0,0.6199271993692653,1
2020-10-08,rb1s,0,0.42529631692527375,1
2020-10-08,cl1s,0,0.6857112080593027,1
2020-10-09,ng1s,0,0.5540658349976273,1
2020-10-09,cl1s,0,0.6784130637699874,1
2020-10-09,rb1s,0,0.4412744672480101,1
2020-10-12,rb1s,0,0.5846869331588825,1
2020-10-12,ng1s,1,0.5472646306637832,1
2020-10-12,cl1s,1,0.781044099537398,1
2020-10-13,rb1s,0,0.6058017985897827,1
2020-10-13,cl1s,1,0.7732236980982359,1
2020-10-13,ng1s,1,0.6617367734704516,1
2020-10-14,cl1s,0,0.7744128534431858,1
2020-10-14,ng1s,0,0.7537073472714352,1
2020-10-14,rb1s,0,0.6410416407503301,1
2020-10-15,cl1s,0,0.8429983827255109,1
2020-10-15,rb1s,0,0.7361419597500267,1
2020-10-16,cl1s,0,0.8323087221859665,1
2020-10-16,rb1s,0,0.7627910188187654,1
2020-10-19,rb1s,0,0.77813619090229,1
2020-10-19,cl1s,1,0.8257265393016504,1
2020-10-20,cl1s,0,0.8051266124256908,1
2020-10-20,rb1s,0,0.7561742490808888,1
2020-10-21,cl1s,1,0.8660402876582953,1
2020-10-21,rb1s,0,0.7816302477680765,1
2020-10-22,cl1s,0,0.7972442897048021,1
2020-10-22,rb1s,0,0.7154324734823158,1
2020-10-23,ho1s,0,0.9376346524576011,1
2020-10-23,rb1s,0,0.7126720690105588,1
2020-10-23,cl1s,0,0.8540176197298498,1
2020-10-26,ng1s,0,0.8447990073367702,1
2020-10-26,ho1s,1,0.9751838405637919,1
2020-10-26,rb1s,0,0.8836192251818485,1
2020-10-26,cl1s,1,0.9406046936393951,1
2020-10-27,ng1s,1,0.8318134706420053,1
2020-10-27,ho1s,0,0.9756452594228299,1
2020-10-27,rb1s,0,0.8901726863122984,1
2020-10-27,cl1s,0,0.90304420555117,1
2020-10-28,cl1s,0,0.9514503509109573,1
2020-10-28,rb1s,0,0.9051120152560935,1
2020-10-29,cl1s,0,0.960965206609058,1
2020-10-29,ho1s,0,0.9875176102698826,1
2020-10-29,rb1s,1,0.9129638786957665,1
2020-10-30,cl1s,1,0.9663915065277056,1
2020-10-30,rb1s,1,0.915514705936531,1
2020-10-30,ho1s,1,0.9880179256660881,1
2020-11-02,rb1s,1,0.9263235601860242,1
2020-11-02,cl1s,1,0.9537828477831071,1
2020-11-03,rb1s,1,0.8663701904641287,1
2020-11-03,cl1s,1,0.9208675796812426,1
2020-11-04,cl1s,0,0.846560961967771,1
2020-11-04,rb1s,0,0.7510202944514985,1
2020-11-05,cl1s,0,0.7799294906583423,1
2020-11-05,rb1s,0,0.5920964307751797,1
2020-11-06,cl1s,1,0.7953994717987289,1
2020-11-06,rb1s,1,0.5779184691007605,1
2020-11-09,cl1s,1,0.642011102755528,1
2020-11-09,rb1s,0,0.4606764691608747,1
2020-11-10,cl1s,1,0.6228817194961795,1
2020-11-10,rb1s,0,0.4041769307320349,1
2020-11-11,cl1s,0,0.6709490647082909,1
2020-01-30,cl1s,1,0.5564731502869417,2
2020-01-30,rb1s,0,0.42865954260778577,2
2020-01-31,cl1s,1,0.5564731502869417,2
2020-01-31,rb1s,0,0.42865954260778577,2
2020-01-31,ho1s,0,0.5624156453625148,2
2020-02-03,rb1s,0,0.42865954260778577,2
2020-02-03,ho1s,1,0.5624156453625148,2
2020-02-04,rb1s,1,0.434574487821631,2
2020-02-04,ho1s,1,0.5624156453625148,2
2020-02-05,cl1s,1,0.5624156453625148,2
2020-02-05,rb1s,1,0.434574487821631,2
2020-02-06,cl1s,0,0.5624156453625148,2
2020-02-06,rb1s,1,0.434574487821631,2
2020-02-07,cl1s,0,0.5624156453625148,2
2020-02-07,rb1s,0,0.434574487821631,2
2020-02-10,cl1s,1,0.5624156453625148,2
2020-02-10,rb1s,0,0.434574487821631,2
2020-02-11,rb1s,1,0.434574487821631,2
2020-02-11,cl1s,1,0.5624156453625148,2
2020-02-12,rb1s,1,0.434574487821631,2
2020-02-12,cl1s,1,0.5624156453625148,2
2020-02-13,cl1s,1,0.5624156453625148,2
2020-02-13,rb1s,1,0.434574487821631,2
2020-02-14,cl1s,0,0.5624156453625148,2
2020-02-14,rb1s,1,0.434574487821631,2
2020-02-18,cl1s,1,0.5624156453625148,2
2020-02-18,rb1s,0,0.434574487821631,2
2020-02-19,rb1s,1,0.42865954260778577,2
2020-02-19,cl1s,1,0.5624156453625148,2
2020-02-20,rb1s,1,0.42865954260778577,2
2020-02-20,cl1s,0,0.5624156453625148,2
2020-02-21,cl1s,0,0.5624156453625148,2
2020-02-21,rb1s,0,0.434574487821631,2
2020-02-24,rb1s,0,0.434574487821631,2
2020-02-24,cl1s,0,0.5624156453625148,2
2020-02-25,cl1s,0,0.5624156453625148,2
2020-02-25,rb1s,0,0.434574487821631,2
2020-02-26,cl1s,0,0.5624156453625148,2
2020-02-26,rb1s,0,0.434574487821631,2
2020-02-27,rb1s,0,0.434574487821631,2
2020-02-27,cl1s,0,0.5624156453625148,2
2020-02-28,rb1s,0,0.434574487821631,2
2020-02-28,cl1s,1,0.5624156453625148,2
2020-03-02,rb1s,0,0.434574487821631,2
2020-03-03,rb1s,0,0.434574487821631,2
2020-03-04,rb1s,0,0.434574487821631,2
2020-03-05,rb1s,0,0.434574487821631,2
2020-03-06,rb1s,0,0.434574487821631,2
2020-03-09,ho1s,1,0.5624156453625148,2
2020-03-09,rb1s,0,0.434574487821631,2
2020-03-10,rb1s,0,0.434574487821631,2
2020-03-11,rb1s,1,0.42865954260778577,2
2020-03-12,rb1s,0,0.434574487821631,2
2020-03-13,rb1s,0,0.434574487821631,2
2020-03-16,rb1s,0,0.434574487821631,2
2020-03-17,rb1s,1,0.42865954260778577,2
2020-03-18,rb1s,0,0.42865954260778577,2
2020-03-18,cl1s,1,0.5624156453625148,2
2020-03-19,rb1s,1,0.42865954260778577,2
2020-03-20,cl1s,1,0.5624156453625148,2
2020-03-20,rb1s,1,0.42865954260778577,2
2020-03-23,cl1s,1,0.5624156453625148,2
2020-03-23,rb1s,0,0.42865954260778577,2
2020-03-24,rb1s,0,0.42865954260778577,2
2020-03-24,cl1s,1,0.5624156453625148,2
2020-03-25,rb1s,0,0.42865954260778577,2
2020-03-26,rb1s,0,0.42865954260778577,2
2020-03-26,cl1s,0,0.5624156453625148,2
2020-03-27,rb1s,0,0.42865954260778577,2
2020-03-27,cl1s,0,0.5624156453625148,2
2020-03-30,cl1s,1,0.5624156453625148,2
2020-03-30,rb1s,0,0.42865954260778577,2
2020-03-31,rb1s,0,0.42865954260778577,2
2020-04-01,rb1s,0,0.42865954260778577,2
2020-04-02,rb1s,0,0.42865954260778577,2
2020-04-03,rb1s,0,0.42865954260778577,2
2020-04-06,rb1s,1,0.42865954260778577,2
2020-04-07,rb1s,0,0.42865954260778577,2
2020-04-08,rb1s,0,0.42865954260778577,2
2020-04-09,rb1s,0,0.42865954260778577,2
2020-04-13,rb1s,0,0.42865954260778577,2
2020-04-14,rb1s,0,0.42865954260778577,2
2020-04-15,rb1s,0,0.42865954260778577,2
2020-04-15,ho1s,0,0.5564731502869417,2
2020-04-16,rb1s,0,0.42865954260778577,2
2020-04-16,ho1s,0,0.5564731502869417,2
2020-04-17,rb1s,0,0.42865954260778577,2
2020-04-20,rb1s,0,0.42865954260778577,2
2020-04-21,cl1s,1,0.5624156453625148,2
2020-04-21,ho1s,1,0.5624156453625148,2
2020-04-21,rb1s,1,0.434574487821631,2
2020-04-22,cl1s,1,0.5624156453625148,2
2020-04-22,rb1s,1,0.434574487821631,2
2020-04-23,rb1s,1,0.434574487821631,2
2020-04-23,cl1s,1,0.5624156453625148,2
2020-04-24,cl1s,0,0.5624156453625148,2
2020-04-24,rb1s,1,0.434574487821631,2
2020-04-27,cl1s,0,0.5624156453625148,2
2020-04-27,rb1s,1,0.434574487821631,2
2020-04-28,cl1s,1,0.5624156453625148,2
2020-04-28,rb1s,1,0.434574487821631,2
2020-04-29,cl1s,1,0.5624156453625148,2
2020-04-29,rb1s,1,0.434574487821631,2
2020-04-30,rb1s,0,0.42865954260778577,2
2020-04-30,cl1s,1,0.5624156453625148,2
2020-05-01,cl1s,1,0.5624156453625148,2
2020-05-01,rb1s,0,0.42865954260778577,2
2020-05-04,cl1s,1,0.5624156453625148,2
2020-05-04,rb1s,1,0.434574487821631,2
2020-05-05,rb1s,0,0.42865954260778577,2
2020-05-05,ng1s,1,0.5564731502869417,2
2020-05-05,cl1s,0,0.5624156453625148,2
2020-05-06,rb1s,0,0.42865954260778577,2
2020-05-06,ng1s,1,0.5564731502869417,2
2020-05-06,cl1s,0,0.5624156453625148,2
2020-05-07,rb1s,0,0.42865954260778577,2
2020-05-07,cl1s,1,0.5624156453625148,2
2020-05-07,ng1s,1,0.5564731502869417,2
2020-05-08,rb1s,0,0.42865954260778577,2
2020-05-08,cl1s,0,0.5624156453625148,2
2020-05-08,ng1s,0,0.5564731502869417,2
2020-05-11,rb1s,0,0.42865954260778577,2
2020-05-11,ng1s,1,0.5564731502869417,2
2020-05-11,cl1s,1,0.5624156453625148,2
2020-05-12,ng1s,1,0.5564731502869417,2
2020-05-12,rb1s,0,0.42865954260778577,2
2020-05-12,cl1s,0,0.5624156453625148,2
2020-05-13,rb1s,1,0.434574487821631,2
2020-11-11,rb1s,0,0.434574487821631,2
2020-11-12,rb1s,0,0.434574487821631,2
2020-11-12,cl1s,0,0.5624156453625148,2
2020-11-13,rb1s,1,0.434574487821631,2
2020-11-13,cl1s,1,0.5624156453625148,2
2020-11-16,cl1s,1,0.5624156453625148,2
2020-11-16,rb1s,1,0.434574487821631,2
2020-11-17,rb1s,1,0.434574487821631,2
2020-11-17,cl1s,1,0.5624156453625148,2
2020-11-18,rb1s,1,0.434574487821631,2
2020-11-18,cl1s,0,0.5624156453625148,2
2020-11-19,cl1s,1,0.5624156453625148,2
2020-11-19,rb1s,1,0.434574487821631,2
2020-11-20,rb1s,1,0.434574487821631,2
2020-11-20,cl1s,1,0.5624156453625148,2
2020-11-23,cl1s,1,0.5624156453625148,2
2020-11-23,rb1s,1,0.434574487821631,2
2020-11-24,rb1s,0,0.434574487821631,2
2020-11-24,cl1s,1,0.5624156453625148,2
2020-11-25,rb1s,0,0.434574487821631,2
2020-11-27,rb1s,0,0.434574487821631,2
2020-11-30,rb1s,0,0.434574487821631,2
2020-12-01,cl1s,1,0.5624156453625148,2
2020-12-01,rb1s,1,0.434574487821631,2
2020-12-02,rb1s,1,0.434574487821631,2
2020-12-02,cl1s,1,0.5624156453625148,2
2020-12-03,rb1s,1,0.434574487821631,2
2020-12-03,cl1s,1,0.5624156453625148,2
2020-12-04,cl1s,0,0.5624156453625148,2
2020-12-04,rb1s,0,0.434574487821631,2
2020-12-07,rb1s,1,0.434574487821631,2
2020-12-07,cl1s,0,0.5624156453625148,2
2020-12-08,rb1s,1,0.434574487821631,2
2020-12-08,cl1s,0,0.5624156453625148,2
2020-12-09,cl1s,1,0.5624156453625148,2
2020-12-09,rb1s,1,0.434574487821631,2
2020-12-10,rb1s,0,0.434574487821631,2
2020-12-11,cl1s,1,0.5624156453625148,2
2020-12-11,rb1s,1,0.434574487821631,2
2020-12-14,rb1s,1,0.434574487821631,2
2020-12-15,rb1s,1,0.434574487821631,2
2020-12-16,rb1s,0,0.434574487821631,2
2020-12-17,rb1s,0,0.434574487821631,2
2020-12-18,ho1s,1,0.5564731502869417,2
2020-12-18,rb1s,0,0.434574487821631,2
2020-12-21,rb1s,0,0.434574487821631,2
2020-12-21,ho1s,1,0.5564731502869417,2
2020-12-22,rb1s,1,0.434574487821631,2
2020-12-23,rb1s,0,0.434574487821631,2
2020-12-24,rb1s,0,0.434574487821631,2
2020-12-28,rb1s,1,0.434574487821631,2
2020-12-29,rb1s,1,0.434574487821631,2
2020-12-30,rb1s,0,0.434574487821631,2
2020-12-31,rb1s,0,0.434574487821631,2
2021-01-04,ho1s,1,0.5624156453625148,2
2021-01-04,cl1s,1,0.5624156453625148,2
2021-01-04,rb1s,1,0.434574487821631,2
2021-01-05,cl1s,1,0.5624156453625148,2
2021-01-05,rb1s,1,0.434574487821631,2
2021-01-06,rb1s,0,0.42865954260778577,2
2021-01-06,cl1s,1,0.5624156453625148,2
2021-01-07,cl1s,1,0.5624156453625148,2
2021-01-07,rb1s,0,0.42865954260778577,2
2021-01-08,rb1s,0,0.42865954260778577,2
2021-01-08,cl1s,1,0.5624156453625148,2
2021-01-11,cl1s,1,0.5624156453625148,2
2021-01-11,rb1s,0,0.42865954260778577,2
2021-01-12,rb1s,0,0.42865954260778577,2
2021-01-13,rb1s,0,0.42865954260778577,2
2021-01-14,rb1s,0,0.42865954260778577,2
2021-01-15,cl1s,1,0.5624156453625148,2
2021-01-15,rb1s,0,0.42865954260778577,2
2021-01-19,rb1s,0,0.42865954260778577,2
2021-01-19,cl1s,1,0.5624156453625148,2
2021-01-20,cl1s,0,0.5624156453625148,2
2021-01-20,rb1s,0,0.42865954260778577,2
2021-01-21,cl1s,0,0.5624156453625148,2
2021-01-21,rb1s,0,0.42865954260778577,2
2021-01-22,rb1s,0,0.42865954260778577,2
2021-01-25,rb1s,0,0.42865954260778577,2
2021-01-26,rb1s,0,0.42865954260778577,2
2021-01-27,rb1s,0,0.42865954260778577,2
2021-01-28,rb1s,0,0.42865954260778577,2
2021-01-29,rb1s,0,0.42865954260778577,2
2021-02-01,rb1s,0,0.42865954260778577,2
2021-02-02,rb1s,0,0.42865954260778577,2
2021-02-03,rb1s,0,0.42865954260778577,2
2021-02-04,rb1s,0,0.42865954260778577,2
2021-02-04,cl1s,0,0.5564731502869417,2
2021-02-05,cl1s,0,0.5564731502869417,2
2021-02-05,rb1s,0,0.42865954260778577,2
2021-02-08,rb1s,0,0.42865954260778577,2
2021-02-08,cl1s,0,0.5564731502869417,2
2021-02-09,rb1s,0,0.42865954260778577,2
2021-02-09,cl1s,0,0.5564731502869417,2
2021-02-10,rb1s,0,0.42865954260778577,2
2021-02-10,cl1s,1,0.5564731502869417,2
2021-02-11,rb1s,0,0.42865954260778577,2
2021-02-11,cl1s,0,0.5564731502869417,2
2021-02-12,cl1s,0,0.5564731502869417,2
2021-02-12,rb1s,0,0.42865954260778577,2
2021-02-16,ng1s,0,0.5564731502869417,2
2021-02-16,rb1s,0,0.42865954260778577,2
2021-02-16,cl1s,0,0.5564731502869417,2
2021-02-17,rb1s,0,0.42865954260778577,2
2021-02-17,cl1s,1,0.5564731502869417,2
2021-02-18,rb1s,0,0.42865954260778577,2
2021-02-18,cl1s,1,0.5564731502869417,2
2021-02-19,rb1s,0,0.42865954260778577,2
2021-02-19,cl1s,0,0.5564731502869417,2
2021-02-22,cl1s,1,0.5564731502869417,2
2021-02-22,rb1s,0,0.42865954260778577,2
2021-02-23,cl1s,0,0.5564731502869417,2
2021-02-23,rb1s,0,0.42865954260778577,2
2021-02-24,rb1s,0,0.42865954260778577,2
2021-02-24,cl1s,0,0.5564731502869417,2
2021-02-25,cl1s,1,0.5564731502869417,2
2021-02-25,rb1s,0,0.42865954260778577,2
2021-02-26,rb1s,0,0.42865954260778577,2
2021-03-01,rb1s,0,0.42865954260778577,2
2021-03-02,rb1s,0,0.42865954260778577,2
2021-03-03,rb1s,0,0.42865954260778577,2
2021-03-04,rb1s,0,0.42865954260778577,2
2021-03-05,rb1s,0,0.42865954260778577,2
2021-03-05,cl1s,1,0.5564731502869417,2
2021-03-08,cl1s,1,0.5564731502869417,2
2021-03-08,rb1s,0,0.42865954260778577,2
2021-03-09,rb1s,0,0.42865954260778577,2
2020-01-30,cl1s,1,0.539832642258036,3
2020-01-30,rb1s,0,0.45322290732250653,3
2020-01-31,cl1s,1,0.539832642258036,3
2020-01-31,rb1s,0,0.45322290732250653,3
2020-01-31,ho1s,0,0.5440446172156915,3
2020-02-03,rb1s,0,0.45322290732250653,3
2020-02-03,ho1s,1,0.5440446172156915,3
2020-02-04,rb1s,1,0.45743086370546127,3
2020-02-04,ho1s,1,0.5440446172156915,3
2020-02-05,cl1s,1,0.5440446172156915,3
2020-02-05,rb1s,1,0.45743086370546127,3
2020-02-06,cl1s,0,0.5440446172156915,3
2020-02-06,rb1s,1,0.45743086370546127,3
2020-02-07,cl1s,0,0.5440446172156915,3
2020-02-07,rb1s,0,0.45743086370546127,3
2020-02-10,cl1s,1,0.5440446172156915,3
2020-02-10,rb1s,0,0.45743086370546127,3
2020-02-11,rb1s,1,0.45743086370546127,3
2020-02-11,cl1s,1,0.5440446172156915,3
2020-02-12,rb1s,1,0.45743086370546127,3
2020-02-12,cl1s,1,0.5440446172156915,3
2020-02-13,cl1s,1,0.5440446172156915,3
2020-02-13,rb1s,1,0.45743086370546127,3
2020-02-14,cl1s,0,0.5440446172156915,3
2020-02-14,rb1s,1,0.45743086370546127,3
2020-02-18,cl1s,1,0.5440446172156915,3
2020-02-18,rb1s,0,0.45743086370546127,3
2020-02-19,rb1s,1,0.45322290732250653,3
2020-02-19,cl1s,1,0.5440446172156915,3
2020-02-20,rb1s,1,0.45322290732250653,3
2020-02-20,cl1s,0,0.5440446172156915,3
2020-02-21,cl1s,0,0.5440446172156915,3
2020-02-21,rb1s,0,0.45743086370546127,3
2020-02-24,rb1s,0,0.45743086370546127,3
2020-02-24,cl1s,0,0.5440446172156915,3
2020-02-25,cl1s,0,0.5440446172156915,3
2020-02-25,rb1s,0,0.45743086370546127,3
2020-02-26,cl1s,0,0.5440446172156915,3
2020-02-26,rb1s,0,0.45743086370546127,3
2020-02-27,rb1s,0,0.45743086370546127,3
2020-02-27,cl1s,0,0.5440446172156915,3
2020-02-28,rb1s,0,0.45743086370546127,3
2020-02-28,cl1s,1,0.5440446172156915,3
2020-03-02,rb1s,0,0.45743086370546127,3
2020-03-03,rb1s,0,0.45743086370546127,3
2020-03-04,rb1s,0,0.45743086370546127,3
2020-03-05,rb1s,0,0.45743086370546127,3
2020-03-06,rb1s,0,0.45743086370546127,3
2020-03-09,ho1s,1,0.5440446172156915,3
2020-03-09,rb1s,0,0.45743086370546127,3
2020-03-10,rb1s,0,0.45743086370546127,3
2020-03-11,rb1s,1,0.45322290732250653,3
2020-03-12,rb1s,0,0.45743086370546127,3
2020-03-13,rb1s,0,0.45743086370546127,3
2020-03-16,rb1s,0,0.45743086370546127,3
2020-03-17,rb1s,1,0.45322290732250653,3
2020-03-18,rb1s,0,0.45322290732250653,3
2020-03-18,cl1s,1,0.5440446172156915,3
2020-03-19,rb1s,1,0.45322290732250653,3
2020-03-20,cl1s,1,0.5440446172156915,3
2020-03-20,rb1s,1,0.45322290732250653,3
2020-03-23,cl1s,1,0.5440446172156915,3
2020-03-23,rb1s,0,0.45322290732250653,3
2020-03-24,rb1s,0,0.45322290732250653,3
2020-03-24,cl1s,1,0.5440446172156915,3
2020-03-25,rb1s,0,0.45322290732250653,3
2020-03-26,rb1s,0,0.45322290732250653,3
2020-03-26,cl1s,0,0.5440446172156915,3
2020-03-27,rb1s,0,0.45322290732250653,3
2020-03-27,cl1s,0,0.5440446172156915,3
2020-03-30,cl1s,1,0.5440446172156915,3
2020-03-30,rb1s,0,0.45322290732250653,3
2020-03-31,rb1s,0,0.45322290732250653,3
2020-04-01,rb1s,0,0.45322290732250653,3
2020-04-02,rb1s,0,0.45322290732250653,3
2020-04-03,rb1s,0,0.45322290732250653,3
2020-04-06,rb1s,1,0.45322290732250653,3
2020-04-07,rb1s,0,0.45322290732250653,3
2020-04-08,rb1s,0,0.45322290732250653,3
2020-04-09,rb1s,0,0.45322290732250653,3
2020-04-13,rb1s,0,0.45322290732250653,3
2020-04-14,rb1s,0,0.45322290732250653,3
2020-04-15,rb1s,0,0.45322290732250653,3
2020-04-15,ho1s,0,0.539832642258036,3
2020-04-16,rb1s,0,0.45322290732250653,3
2020-04-16,ho1s,0,0.539832642258036,3
2020-04-17,rb1s,0,0.45322290732250653,3
2020-04-20,rb1s,0,0.45322290732250653,3
2020-04-21,cl1s,1,0.5440446172156915,3
2020-04-21,ho1s,1,0.5440446172156915,3
2020-04-21,rb1s,1,0.45743086370546127,3
2020-04-22,cl1s,1,0.5440446172156915,3
2020-04-22,rb1s,1,0.45743086370546127,3
2020-04-23,rb1s,1,0.45743086370546127,3
2020-04-23,cl1s,1,0.5440446172156915,3
2020-04-24,cl1s,0,0.5440446172156915,3
2020-04-24,rb1s,1,0.45743086370546127,3
2020-04-27,cl1s,0,0.5440446172156915,3
2020-04-27,rb1s,1,0.45743086370546127,3
2020-04-28,cl1s,1,0.5440446172156915,3
2020-04-28,rb1s,1,0.45743086370546127,3
2020-04-29,cl1s,1,0.5440446172156915,3
2020-04-29,rb1s,1,0.45743086370546127,3
2020-04-30,rb1s,0,0.45322290732250653,3
2020-04-30,cl1s,1,0.5440446172156915,3
2020-05-01,cl1s,1,0.5440446172156915,3
2020-05-01,rb1s,0,0.45322290732250653,3
2020-05-04,cl1s,1,0.5440446172156915,3
2020-05-04,rb1s,1,0.45743086370546127,3
2020-05-05,rb1s,0,0.45322290732250653,3
2020-05-05,ng1s,1,0.539832642258036,3
2020-05-05,cl1s,0,0.5440446172156915,3
2020-05-06,rb1s,0,0.45322290732250653,3
2020-05-06,ng1s,1,0.539832642258036,3
2020-05-06,cl1s,0,0.5440446172156915,3
2020-05-07,rb1s,0,0.45322290732250653,3
2020-05-07,cl1s,1,0.5440446172156915,3
2020-05-07,ng1s,1,0.539832642258036,3
2020-05-08,rb1s,0,0.45322290732250653,3
2020-05-08,cl1s,0,0.5440446172156915,3
2020-05-08,ng1s,0,0.539832642258036,3
2020-05-11,rb1s,0,0.45322290732250653,3
2020-05-11,ng1s,1,0.539832642258036,3
2020-05-11,cl1s,1,0.5440446172156915,3
2020-05-12,ng1s,1,0.539832642258036,3
2020-05-12,rb1s,0,0.45322290732250653,3
2020-05-12,cl1s,0,0.5440446172156915,3
2020-05-13,rb1s,1,0.45743086370546127,3
2021-03-10,rb1s,0,0.45322290732250653,3
2021-03-11,rb1s,0,0.45322290732250653,3
2021-03-12,rb1s,1,0.45322290732250653,3
2021-03-15,rb1s,1,0.45322290732250653,3
2021-03-16,rb1s,1,0.45322290732250653,3
2021-03-17,rb1s,1,0.45322290732250653,3
2021-03-18,rb1s,0,0.45743086370546127,3
2021-03-19,rb1s,0,0.45743086370546127,3
2021-03-22,rb1s,0,0.45743086370546127,3
2021-03-23,rb1s,0,0.45322290732250653,3
2021-03-24,rb1s,0,0.45743086370546127,3
2021-03-25,rb1s,1,0.45743086370546127,3
2021-03-26,rb1s,0,0.45322290732250653,3
2021-03-29,rb1s,0,0.45322290732250653,3
2021-03-30,rb1s,0,0.45322290732250653,3
2021-03-31,rb1s,0,0.45322290732250653,3
2021-04-01,rb1s,0,0.45322290732250653,3
2021-04-05,rb1s,0,0.45322290732250653,3
2021-04-06,rb1s,0,0.45322290732250653,3
2021-04-07,rb1s,0,0.45322290732250653,3
2021-04-08,rb1s,0,0.45322290732250653,3
2021-04-09,rb1s,0,0.45322290732250653,3
2021-04-12,rb1s,0,0.45322290732250653,3
2021-04-13,rb1s,0,0.45322290732250653,3
2021-04-14,rb1s,0,0.45322290732250653,3
2021-04-15,rb1s,0,0.45322290732250653,3
2021-04-15,cl1s,0,0.5440446172156915,3
2021-04-16,rb1s,0,0.45322290732250653,3
2021-04-16,cl1s,1,0.5440446172156915,3
2021-04-19,cl1s,0,0.5440446172156915,3
2021-04-19,rb1s,0,0.45322290732250653,3
2021-04-20,rb1s,0,0.45322290732250653,3
2021-04-20,cl1s,0,0.5440446172156915,3
2021-04-21,cl1s,1,0.5440446172156915,3
2021-04-21,rb1s,0,0.45322290732250653,3
2021-04-22,rb1s,0,0.45322290732250653,3
2021-04-22,cl1s,1,0.5440446172156915,3
2021-04-23,rb1s,0,0.45322290732250653,3
2021-04-23,cl1s,0,0.5440446172156915,3
2021-04-26,cl1s,1,0.5440446172156915,3
2021-04-26,rb1s,0,0.45322290732250653,3
2021-04-27,cl1s,1,0.5440446172156915,3
2021-04-27,rb1s,0,0.45322290732250653,3
2021-04-28,cl1s,1,0.5440446172156915,3
2021-04-28,rb1s,0,0.45322290732250653,3
2021-04-29,rb1s,0,0.45322290732250653,3
2021-04-29,cl1s,0,0.5440446172156915,3
2021-04-30,cl1s,1,0.5440446172156915,3
2021-04-30,rb1s,0,0.45322290732250653,3
2021-05-03,cl1s,1,0.5440446172156915,3
2021-05-03,rb1s,0,0.45743086370546127,3
2021-05-04,cl1s,0,0.5440446172156915,3
2021-05-04,rb1s,0,0.45322290732250653,3
2021-05-05,rb1s,0,0.45322290732250653,3
2021-05-05,cl1s,0,0.5440446172156915,3
2021-05-06,rb1s,0,0.45322290732250653,3
2021-05-07,rb1s,0,0.45322290732250653,3
2021-05-10,rb1s,0,0.45322290732250653,3
2021-05-11,rb1s,0,0.45322290732250653,3
2021-05-12,rb1s,1,0.45322290732250653,3
2021-05-12,cl1s,0,0.5440446172156915,3
2021-05-13,rb1s,0,0.45743086370546127,3
2021-05-14,rb1s,0,0.45743086370546127,3
2021-05-14,cl1s,1,0.5440446172156915,3
2021-05-17,cl1s,0,0.5440446172156915,3
2021-05-17,rb1s,0,0.45743086370546127,3
2021-05-18,rb1s,0,0.45743086370546127,3
2021-05-19,cl1s,0,0.5440446172156915,3
2021-05-19,rb1s,0,0.45743086370546127,3
2021-05-20,cl1s,1,0.5440446172156915,3
2021-05-20,rb1s,1,0.45743086370546127,3
2021-05-21,cl1s,1,0.5440446172156915,3
2021-05-21,rb1s,1,0.45743086370546127,3
2021-05-24,rb1s,0,0.45322290732250653,3
2021-05-24,cl1s,1,0.5440446172156915,3
2021-05-25,rb1s,0,0.45322290732250653,3
2021-05-25,cl1s,1,0.5440446172156915,3
2021-05-26,rb1s,0,0.45322290732250653,3
2021-05-26,cl1s,1,0.5440446172156915,3
2021-05-27,rb1s,0,0.45322290732250653,3
2021-05-27,cl1s,0,0.5440446172156915,3
2021-05-28,rb1s,0,0.45322290732250653,3
2021-05-28,cl1s,1,0.5440446172156915,3
2021-06-01,cl1s,1,0.5440446172156915,3
2021-06-01,rb1s,0,0.45322290732250653,3
2021-06-02,rb1s,0,0.45322290732250653,3
2021-06-02,cl1s,0,0.5440446172156915,3
2021-06-03,rb1s,0,0.45322290732250653,3
2021-06-03,cl1s,1,0.5440446172156915,3
2021-06-04,cl1s,0,0.5440446172156915,3
2021-06-04,rb1s,0,0.45322290732250653,3
2021-06-07,cl1s,1,0.5440446172156915,3
2021-06-07,rb1s,0,0.45322290732250653,3
2021-06-08,cl1s,0,0.5440446172156915,3
2021-06-08,rb1s,0,0.45322290732250653,3
2021-06-09,cl1s,1,0.5440446172156915,3
2021-06-09,rb1s,0,0.45322290732250653,3
2021-06-10,cl1s,1,0.5440446172156915,3
2021-06-10,rb1s,0,0.45322290732250653,3
2021-06-11,rb1s,0,0.45322290732250653,3
2021-06-14,rb1s,0,0.45322290732250653,3
2021-06-15,cl1s,1,0.5440446172156915,3
2021-06-15,rb1s,0,0.45322290732250653,3
2021-06-16,rb1s,0,0.45322290732250653,3
2021-06-16,cl1s,0,0.5440446172156915,3
2021-06-17,rb1s,0,0.45322290732250653,3
2021-06-17,ho1s,1,0.5440446172156915,3
2021-06-17,cl1s,1,0.5440446172156915,3
2021-06-18,rb1s,0,0.45322290732250653,3
2021-06-18,cl1s,1,0.5440446172156915,3
2021-06-21,rb1s,0,0.45322290732250653,3
2021-06-21,cl1s,0,0.5440446172156915,3
2021-06-22,rb1s,0,0.45322290732250653,3
2021-06-22,cl1s,1,0.5440446172156915,3
2021-06-23,rb1s,0,0.45322290732250653,3
2021-06-24,cl1s,1,0.5440446172156915,3
2021-06-24,rb1s,1,0.45322290732250653,3
2021-06-25,rb1s,0,0.45322290732250653,3
2021-06-25,cl1s,0,0.5440446172156915,3
2021-06-28,rb1s,0,0.45322290732250653,3
2021-06-28,ho1s,1,0.5440446172156915,3
2021-06-28,cl1s,1,0.5440446172156915,3
2021-06-29,ho1s,1,0.5440446172156915,3
2021-06-29,rb1s,0,0.45322290732250653,3
2021-06-29,cl1s,1,0.5440446172156915,3
2021-06-30,cl1s,1,0.5440446172156915,3
2021-06-30,rb1s,0,0.45322290732250653,3
2021-07-01,cl1s,0,0.5440446172156915,3
2020-01-30,cl1s,1,0.7354413336325369,4
2020-01-30,rb1s,0,0.41796745159072635,4
2020-01-31,cl1s,1,0.7606051634020933,4
2020-01-31,rb1s,0,0.4477580803564447,4
2020-01-31,ho1s,0,0.9073302426348366,4
2020-02-03,rb1s,0,0.5051453840769013,4
2020-02-03,ho1s,1,0.9199651788696136,4
2020-02-04,rb1s,1,0.5374760358822013,4
2020-02-04,ho1s,1,0.8992001093597713,4
2020-02-05,cl1s,1,0.78847398257782,4
2020-02-05,rb1s,1,0.4087762887815723,4
2020-02-06,cl1s,0,0.7985513229196901,4
2020-02-06,rb1s,1,0.43331518943097175,4
2020-02-07,cl1s,0,0.8378024362826703,4
2020-02-07,rb1s,0,0.4411055392446988,4
2020-02-10,cl1s,1,0.8603532935378139,4
2020-02-10,rb1s,0,0.40229768081327766,4
2020-02-11,rb1s,1,0.35187736457132146,4
2020-02-11,cl1s,1,0.7942821329843969,4
2020-02-12,rb1s,1,0.2700352461863482,4
2020-02-12,cl1s,1,0.7386192899521078,4
2020-02-13,cl1s,1,0.695732319270107,4
2020-02-13,rb1s,1,0.26580141280195924,4
2020-02-14,cl1s,0,0.6372225876311768,4
2020-02-14,rb1s,1,0.35712736786961935,4
2020-02-18,cl1s,1,0.5657427696156356,4
2020-02-18,rb1s,0,0.27070102195474766,4
2020-02-19,rb1s,1,0.19270841784152767,4
2020-02-19,cl1s,1,0.5318797251772839,4
2020-02-20,rb1s,1,0.22496944374956407,4
2020-02-20,cl1s,0,0.5438493993572074,4
2020-02-21,cl1s,0,0.6017888318571679,4
2020-02-21,rb1s,0,0.2810854588830342,4
2020-02-24,rb1s,0,0.40464395884093507,4
2020-02-24,cl1s,0,0.6778438073649435,4
2020-02-25,cl1s,0,0.7340513017483058,4
2020-02-25,rb1s,0,0.42070030029713534,4
2020-02-26,cl1s,0,0.7570467990497547,4
2020-02-26,rb1s,0,0.51571472911133,4
2020-02-27,rb1s,0,0.5056872718306142,4
2020-02-27,cl1s,0,0.7754618401805043,4
2020-02-28,rb1s,0,0.5637578103703476,4
2020-02-28,cl1s,1,0.8162345583854421,4
2020-03-02,rb1s,0,0.5100799264608382,4
2020-03-03,rb1s,0,0.3488224333478394,4
2020-03-04,rb1s,0,0.3169099899679742,4
2020-03-05,rb1s,0,0.3856078427847314,4
2020-03-06,rb1s,0,0.4830517321180819,4
2020-03-09,ho1s,1,0.930231389157475,4
2020-03-09,rb1s,0,0.7805643798125711,4
2020-03-10,rb1s,0,0.8069132829525933,4
2020-03-11,rb1s,1,0.6334481861468394,4
2020-03-12,rb1s,0,0.8178312045527727,4
2020-03-13,rb1s,0,0.8798822824211708,4
2020-03-16,rb1s,0,0.801722771972175,4
2020-03-17,rb1s,1,0.853506167487695,4
2020-03-18,rb1s,0,0.8503419537125976,4
2020-03-18,cl1s,1,0.8977017489453395,4
2020-03-19,rb1s,1,0.8646687233350788,4
2020-03-20,cl1s,1,0.9543725354220421,4
2020-03-20,rb1s,1,0.8954233560470397,4
2020-03-23,cl1s,1,0.9788598632432088,4
2020-03-23,rb1s,0,0.9254870820257807,4
2020-03-24,rb1s,0,0.9526932203588838,4
2020-03-24,cl1s,1,0.9574671423860845,4
2020-03-25,rb1s,0,0.800315009807376,4
2020-03-26,rb1s,0,0.6627286054402246,4
2020-03-26,cl1s,0,0.8663286319077032,4
2020-03-27,rb1s,0,0.6843523225315612,4
2020-03-27,cl1s,0,0.8858334112047008,4
2020-03-30,cl1s,1,0.8948127506426067,4
2020-03-30,rb1s,0,0.6505407612602467,4
2020-03-31,rb1s,0,0.7184566016727038,4
2020-04-01,rb1s,0,0.7875070301067999,4
2020-04-02,rb1s,0,0.6632336600121781,4
2020-04-03,rb1s,0,0.7337013274270893,4
2020-04-06,rb1s,1,0.6515534419722072,4
2020-04-07,rb1s,0,0.5952026474860564,4
2020-04-08,rb1s,0,0.5380328702892598,4
2020-04-09,rb1s,0,0.4140809501898715,4
2020-04-13,rb1s,0,0.42390735636436827,4
2020-04-14,rb1s,0,0.5151005315489867,4
2020-04-15,rb1s,0,0.49635134411731585,4
2020-04-15,ho1s,0,0.8323055727114929,4
2020-04-16,rb1s,0,0.7369352440797671,4
2020-04-16,ho1s,0,0.8767545372275635,4
2020-04-17,rb1s,0,0.7598249715097313,4
2020-04-20,rb1s,0,0.8489761458755422,4
2020-04-21,cl1s,1,0.916656818818258,4
2020-04-21,ho1s,1,0.9543664961467554,4
2020-04-21,rb1s,1,0.8516596138491755,4
2020-04-22,cl1s,1,0.9823541809675954,4
2020-04-22,rb1s,1,0.7065041794328517,4
2020-04-23,rb1s,1,0.7415311535550275,4
2020-04-23,cl1s,1,0.9685676080917945,4
2020-04-24,cl1s,0,0.9825790817281096,4
2020-04-24,rb1s,1,0.8337920527116803,4
2020-04-27,cl1s,0,0.985211185755712,4
2020-04-27,rb1s,1,0.8054801797786061,4
2020-04-28,cl1s,1,0.9841456621167566,4
2020-04-28,rb1s,1,0.7659425432361068,4
2020-04-29,cl1s,1,0.9725120932049873,4
2020-04-29,rb1s,1,0.6615112422192775,4
2020-04-30,rb1s,0,0.6424170751532456,4
2020-04-30,cl1s,1,0.9742511784310124,4
2020-05-01,cl1s,1,0.9772832610008134,4
2020-05-01,rb1s,0,0.7017606149841729,4
2020-05-04,cl1s,1,0.9798905966383054,4
2020-05-04,rb1s,1,0.7614807743328272,4
2020-05-05,rb1s,0,0.4757355190556243,4
2020-05-05,ng1s,1,0.5742131393342983,4
2020-05-05,cl1s,0,0.8976378704206742,4
2020-05-06,rb1s,0,0.5342797573545125,4
2020-05-06,ng1s,1,0.5268041434200853,4
2020-05-06,cl1s,0,0.9231163728833116,4
2020-05-07,rb1s,0,0.503822724359186,4
2020-05-07,cl1s,1,0.9399936797018011,4
2020-05-07,ng1s,1,0.6322431442110953,4
2020-05-08,rb1s,0,0.560301638778612,4
2020-05-08,cl1s,0,0.9581054843922534,4
2020-05-08,ng1s,0,0.6236548334316664,4
2020-05-11,rb1s,0,0.5880480772274417,4
2020-05-11,ng1s,1,0.36335300208865534,4
2020-05-11,cl1s,1,0.9425606909159107,4
2020-05-12,ng1s,1,0.681500541861132,4
2020-05-12,rb1s,0,0.5334164265874392,4
2020-05-12,cl1s,0,0.8805207100215217,4
2020-05-13,rb1s,1,0.6753088094753666,4
2021-07-01,rb1s,0,0.17935619077097636,4
2021-07-02,rb1s,1,0.17342907030191676,4
2021-07-02,cl1s,0,0.6418058901734157,4
2021-07-06,cl1s,0,0.6840888627798081,4
2021-07-06,rb1s,0,0.19294072420215042,4
2021-07-07,rb1s,0,0.16418264389205936,4
2021-07-07,cl1s,1,0.7215730337007813,4
2021-07-07,ho1s,1,0.6379822570791289,4
2021-07-08,rb1s,0,0.19127522053578538,4
2021-07-08,cl1s,1,0.7201294318692728,4
2021-07-08,ho1s,1,0.6173557367226631,4
2021-07-09,rb1s,0,0.20372142646108354,4
2021-07-09,cl1s,0,0.7307978486941378,4
2021-07-12,rb1s,0,0.27324772317632917,4
2021-07-12,cl1s,1,0.76689121086119,4
2021-07-13,rb1s,1,0.14018242839063166,4
2021-07-13,cl1s,0,0.588406248387409,4
2021-07-14,cl1s,0,0.6622730809476524,4
2021-07-14,rb1s,1,0.16811533367378986,4
2021-07-15,cl1s,1,0.6078024163583261,4
2021-07-15,rb1s,1,0.13453729600613457,4
2021-07-16,rb1s,1,0.16549107002817437,4
2021-07-16,cl1s,0,0.5787241731335123,4
2021-07-19,rb1s,1,0.40136160057064996,4
2021-07-19,cl1s,1,0.7591493231741104,4
2021-07-20,rb1s,1,0.38187429802074635,4
2021-07-20,cl1s,1,0.7774653477799826,4
2021-07-21,rb1s,1,0.24107443082350705,4
2021-07-21,cl1s,1,0.6312836208177374,4
2021-07-22,rb1s,1,0.20589213472979087,4
2021-07-22,cl1s,1,0.6121553903850137,4
2021-07-23,rb1s,0,0.24357018546402148,4
2021-07-23,cl1s,0,0.6000397937463914,4
2021-07-26,rb1s,0,0.2220046385341597,4
2021-07-26,cl1s,0,0.5704703440933931,4
2021-07-27,rb1s,0,0.16240694672433026,4
2021-07-27,cl1s,1,0.4641337929619459,4
2021-07-28,cl1s,1,0.36117354657847367,4
2021-07-28,rb1s,0,0.128145203268407,4
2021-07-29,rb1s,0,0.09600332798342193,4
2021-07-29,cl1s,1,0.26354694937012074,4
2021-07-30,rb1s,0,0.0777817833865549,4
2021-07-30,cl1s,0,0.4049628930346293,4
2021-08-02,rb1s,0,0.08852208778684845,4
2021-08-02,cl1s,0,0.6049442381312873,4
2021-08-03,cl1s,0,0.649777532735894,4
2021-08-03,rb1s,0,0.20047353399203285,4
2021-08-04,rb1s,0,0.251916663053127,4
2021-08-04,cl1s,1,0.7236017492700456,4
2021-08-05,cl1s,0,0.6837150469293706,4
2021-08-05,rb1s,0,0.2262635800317027,4
2021-08-06,cl1s,0,0.7198233558797886,4
2021-08-06,rb1s,0,0.3544341871864206,4
2021-08-09,cl1s,1,0.7957419030248163,4
2021-08-09,rb1s,0,0.4158662548805594,4
2021-08-10,rb1s,0,0.2889561461480814,4
2021-08-10,cl1s,1,0.6869974976877907,4
2021-08-11,cl1s,0,0.6664308341361675,4
2021-08-11,rb1s,0,0.20262915683988078,4
2021-08-12,cl1s,0,0.6116554495059469,4
2021-08-12,rb1s,0,0.2760373464037495,4
2021-08-13,rb1s,0,0.3894024917256853,4
2021-08-13,cl1s,0,0.6799079159792701,4
2021-08-16,cl1s,0,0.7723894079595859,4
2021-08-16,rb1s,0,0.47286142006830506,4
2021-08-17,cl1s,0,0.6272843991683503,4
2021-08-17,rb1s,0,0.42797032460492945,4
2021-08-18,cl1s,0,0.5971441951459973,4
2021-08-18,rb1s,0,0.4016510717738201,4
2021-08-19,rb1s,0,0.49595187387325673,4
2021-08-19,cl1s,0,0.6831119118280644,4
2021-08-20,rb1s,1,0.5533964758964813,4
2021-08-20,cl1s,1,0.7878638429264178,4
2021-08-23,rb1s,1,0.5169066522667448,4
2021-08-23,cl1s,1,0.7770695317408677,4
2021-08-24,cl1s,1,0.6257122587826903,4
2021-08-24,rb1s,1,0.31976632866784016,4
2021-08-25,rb1s,0,0.24771534211305962,4
2021-08-25,cl1s,0,0.5470519279275312,4
2021-08-26,rb1s,1,0.21937561728306537,4
2021-08-26,cl1s,1,0.4821280435468283,4
2021-08-27,rb1s,0,0.2578891440301605,4
2021-08-27,cl1s,1,0.5351692060253607,4
2021-08-30,rb1s,0,0.27040417680264395,4
2021-08-30,cl1s,0,0.5421432544519854,4
2021-08-31,cl1s,1,0.4747740882256546,4
2021-08-31,rb1s,0,0.25113030797550556,4
2021-09-01,rb1s,1,0.23942194642408962,4
2021-09-01,cl1s,1,0.5437699499579539,4
2021-09-02,rb1s,0,0.2561711739990919,4
2021-09-02,cl1s,0,0.599831585687939,4
2021-09-03,rb1s,0,0.26507873413363986,4
2021-09-03,cl1s,0,0.6366589725285863,4
2021-09-07,rb1s,0,0.18806977675424788,4
2021-09-07,cl1s,1,0.49449440425202507,4
2021-09-08,cl1s,0,0.3942310990026688,4
2021-09-08,rb1s,0,0.14849377438937164,4
2021-09-09,rb1s,1,0.18092916594300457,4
2021-09-09,cl1s,1,0.5001019824188321,4
2021-09-10,cl1s,1,0.4878144631800705,4
2021-09-10,rb1s,0,0.221195210433373,4
2021-09-13,rb1s,0,0.26217083657490386,4
2021-09-13,cl1s,1,0.5373498097804832,4
2021-09-14,cl1s,1,0.5017733683812394,4
2021-09-14,rb1s,0,0.20504642438285947,4
2021-09-15,rb1s,0,0.26054248824683235,4
2021-09-15,cl1s,1,0.5537206014370046,4
2021-09-16,cl1s,0,0.44210465767307366,4
2021-09-16,rb1s,0,0.23185956446014616,4
2021-09-17,cl1s,0,0.4917108011195,4
2021-09-17,rb1s,0,0.24832324401804892,4
2021-09-20,rb1s,1,0.24507520036003208,4
2021-09-20,cl1s,1,0.4875657296863367,4
2021-09-21,cl1s,1,0.44427567273819035,4
2021-09-21,rb1s,1,0.29282829472253824,4
2021-09-22,cl1s,1,0.4389713149752677,4
2021-09-22,rb1s,1,0.36080171435172514,4
2021-09-23,cl1s,1,0.48964871840646207,4
2021-09-23,rb1s,0,0.24285335166242436,4
2021-09-24,rb1s,1,0.35172642844373314,4
2021-09-24,cl1s,1,0.5243101938695118,4
2021-09-27,rb1s,0,0.2457326047667828,4
2021-09-27,cl1s,0,0.5119742006008334,4
2021-09-28,rb1s,1,0.22661288705952243,4
2021-09-28,cl1s,0,0.44007331302834085,4
2021-09-29,rb1s,1,0.15912549034638715,4
2021-09-29,cl1s,1,0.4486795451542714,4
2021-09-30,cl1s,1,0.49798131419791564,4
2021-09-30,rb1s,1,0.1809013189019953,4
2021-10-01,rb1s,1,0.24151068384733845,4
2021-10-01,cl1s,1,0.5949464071455153,4
2021-10-04,cl1s,1,0.5426073474746984,4
2021-10-04,rb1s,0,0.1528897748802661,4
2020-05-13,cl1s,1,0.579925966312423,5
2020-05-14,rb1s,0,0.3986287001910245,5
2020-05-14,cl1s,1,0.5792983103834246,5
2020-05-14,ng1s,1,0.49783875497349667,5
2020-05-15,rb1s,0,0.3986286969089494,5
2020-05-15,ng1s,0,0.49719476948447744,5
2020-05-18,rb1s,0,0.3986286987338417,5
2020-05-18,ho1s,1,0.5010588424212137,5
2020-05-18,ng1s,0,0.4965508266844643,5
2020-05-19,rb1s,0,0.39862849471384115,5
2020-05-19,cl1s,1,0.5792983103985379,5
2020-05-19,ng1s,1,0.49590670401577386,5
2020-05-20,ho1s,1,0.5010587270309254,5
2020-05-20,rb1s,0,0.39862855391368085,5
2020-05-20,ng1s,1,0.49526292104537933,5
2020-05-21,ng1s,0,0.49461855506912705,5
2020-05-21,rb1s,0,0.39862626194888295,5
2020-05-22,rb1s,0,0.39862863508804747,5
2020-05-26,rb1s,0,0.3992463285122374,5
2020-05-27,cl1s,1,0.5824339870724241,5
2020-05-27,ng1s,1,0.4939750674347458,5
2020-05-27,rb1s,0,0.39924631325815285,5
2020-05-28,ng1s,0,0.4933309279020044,5
2020-05-28,cl1s,1,0.5824339871160217,5
2020-05-28,rb1s,0,0.3992463035691536,5
2020-05-29,ng1s,1,0.4926873101576172,5
2020-05-29,rb1s,0,0.3992463713055791,5
2020-06-01,rb1s,0,0.39924635357446675,5
2020-06-01,ng1s,0,0.49204351292216236,5
2020-06-02,rb1s,0,0.39924076515641854,5
2020-06-02,ng1s,0,0.49203933830254293,5
2020-06-03,rb1s,0,0.39924081641414993,5
2020-06-04,cl1s,1,0.5849377362959913,5
2020-06-04,rb1s,0,0.39922484385992113,5
2020-06-05,cl1s,0,0.5849377176650292,5
2020-06-05,rb1s,0,0.39922781091857146,5
2020-06-08,rb1s,0,0.39923580071459314,5
2020-06-08,cl1s,1,0.584937748661398,5
2020-06-09,rb1s,0,0.39920166891278847,5
2020-06-09,cl1s,1,0.5849377501813667,5
2020-06-10,cl1s,0,0.5849377495877888,5
2020-06-10,rb1s,0,0.39917368068847553,5
2020-06-11,rb1s,0,0.39924522526468786,5
2020-06-11,cl1s,0,0.5849377508637864,5
2020-06-12,cl1s,1,0.5843122157803989,5
2020-06-12,rb1s,1,0.48706871725754725,5
2020-06-15,rb1s,1,0.487069536885457,5
2020-06-16,rb1s,0,0.4870695255307307,5
2020-06-17,rb1s,0,0.39924435584689844,5
2020-06-17,cl1s,1,0.5843122144422545,5
2020-06-18,cl1s,1,0.5836863875552184,5
2020-06-18,rb1s,0,0.3992427366017985,5
2020-06-19,rb1s,0,0.3992426089685393,5
2020-06-19,cl1s,1,0.583060324838837,5
2020-06-22,cl1s,0,0.5824337574724742,5
2020-06-22,rb1s,1,0.39860554179235924,5
2020-06-23,rb1s,1,0.39861437201784183,5
2020-06-23,cl1s,0,0.5818072777438769,5
2020-06-24,cl1s,1,0.5818073747773391,5
2020-06-24,rb1s,0,0.48642587469550014,5
2020-06-25,cl1s,0,0.5818073760620999,5
2020-06-25,rb1s,0,0.4864259796755232,5
2020-06-26,cl1s,1,0.5811804961412004,5
2020-06-26,rb1s,1,0.48642601756988574,5
2020-06-29,cl1s,0,0.5805533547387994,5
2020-06-29,rb1s,1,0.48642602952809383,5
2020-06-30,rb1s,1,0.486425796876917,5
2020-06-30,cl1s,1,0.5799259049238316,5
2020-07-01,rb1s,0,0.39862822681609517,5
2020-07-01,cl1s,1,0.5792982042760031,5
2020-07-01,ho1s,0,0.5017016672498,5
2020-07-02,rb1s,0,0.48642132017517575,5
2020-07-02,cl1s,0,0.5792975329016379,5
2020-07-06,rb1s,0,0.48706255473191157,5
2020-07-06,cl1s,0,0.5799247166111529,5
2020-07-07,rb1s,0,0.487060703386195,5
2020-07-07,cl1s,1,0.5799222743087693,5
2020-07-08,rb1s,0,0.48693799107001656,5
2020-07-08,cl1s,0,0.5798622305992118,5
2020-07-09,rb1s,0,0.48698438235291525,5
2020-07-09,cl1s,1,0.5799142522085653,5
2020-07-10,rb1s,0,0.4870596151956971,5
2020-07-10,cl1s,0,0.579925380621678,5
2020-07-10,ho1s,1,0.5010478592908383,5
2020-07-13,cl1s,1,0.579297506489425,5
2020-07-13,rb1s,0,0.4870503783021082,5
2020-07-14,rb1s,0,0.48704247894761526,5
2020-07-14,cl1s,1,0.5786698907550486,5
2020-07-15,rb1s,0,0.4869691206283867,5
2020-07-15,cl1s,0,0.5786681501282838,5
2020-07-16,cl1s,0,0.5785975924936962,5
2020-07-16,rb1s,0,0.4869190222241156,5
2020-07-17,cl1s,1,0.5786046190925058,5
2020-07-17,rb1s,0,0.487026600701677,5
2020-07-20,rb1s,0,0.48699519613010317,5
2020-07-20,cl1s,1,0.5786385966537587,5
2020-07-21,rb1s,0,0.4870323353081442,5
2020-07-21,cl1s,0,0.5786595612075122,5
2020-07-22,rb1s,0,0.486898723153713,5
2020-07-22,cl1s,0,0.5786210757450863,5
2020-07-23,rb1s,0,0.48698198581865904,5
2020-07-23,cl1s,1,0.5786536098466624,5
2020-07-24,rb1s,0,0.48688463394766707,5
2020-07-24,cl1s,1,0.5786423211420961,5
2020-07-27,rb1s,0,0.4870178290712919,5
2020-07-27,cl1s,0,0.5786557906580543,5
2020-07-28,rb1s,0,0.4869833057506587,5
2020-07-28,cl1s,1,0.5786366313011765,5
2020-07-29,cl1s,0,0.5784733718870874,5
2020-07-29,rb1s,0,0.4868393344551714,5
2020-07-30,cl1s,1,0.5786583122734518,5
2020-07-30,rb1s,0,0.4870659256207713,5
2020-07-31,rb1s,1,0.4864214003890392,5
2020-07-31,cl1s,1,0.5780118425485848,5
2020-08-03,cl1s,1,0.5780360601303683,5
2020-08-03,ng1s,0,0.501702388385067,5
2020-08-03,rb1s,0,0.48642321594283416,5
2020-08-04,cl1s,1,0.5780409019077133,5
2020-08-04,rb1s,0,0.4864076920036882,5
2020-08-05,rb1s,0,0.48641771913053955,5
2020-08-06,rb1s,0,0.4863767378273959,5
2020-08-06,ng1s,0,0.5010586317229201,5
2020-08-07,rb1s,1,0.4863729140675451,5
2020-08-10,ng1s,0,0.5004146172040493,5
2020-08-10,rb1s,0,0.486386255173594,5
2020-08-11,rb1s,1,0.4864139268754632,5
2020-08-12,rb1s,0,0.4862989013099262,5
2020-08-13,rb1s,1,0.48628277553676014,5
2020-08-14,rb1s,1,0.48612957086805986,5
2020-08-17,rb1s,1,0.48634659326162866,5
2020-08-18,rb1s,1,0.48628238746765273,5
2020-08-19,rb1s,0,0.48625774141332073,5
2020-08-20,rb1s,0,0.4864082393247177,5
2020-08-21,rb1s,1,0.4864138719410599,5
2020-08-21,cl1s,1,0.585548199327089,5
2020-08-24,rb1s,0,0.48638575416498253,5
2020-08-24,cl1s,1,0.5853937488908747,5
2020-08-25,cl1s,1,0.5854658513238374,5
2020-08-25,rb1s,0,0.48637749536659486,5
2020-08-26,rb1s,0,0.48634133411828995,5
2020-08-26,cl1s,0,0.5854281755389248,5
2020-08-27,rb1s,0,0.4864196261350185,5
2020-08-28,rb1s,0,0.48637763388043787,5
2020-08-31,rb1s,0,0.4863855637561266,5
2020-09-01,cl1s,0,0.5872670556946464,5
2020-09-01,rb1s,0,0.48617147231099944,5
2020-09-02,rb1s,0,0.48638425216829073,5
2020-09-02,cl1s,0,0.5867863425985351,5
2020-09-03,rb1s,0,0.4863826279540173,5
2020-09-04,rb1s,0,0.4864108547021131,5
2020-09-08,ho1s,1,0.5899317695468385,5
2020-09-08,rb1s,0,0.48706688274813775,5
2020-09-09,rb1s,0,0.48702727853074,5
2020-09-10,rb1s,1,0.4870392210388124,5
2020-09-11,rb1s,1,0.48704493422254286,5
2020-09-14,rb1s,1,0.48696817691790145,5
2020-09-15,rb1s,1,0.4869931255693937,5
2020-09-16,cl1s,1,0.5861858097008916,5
2020-09-16,rb1s,0,0.4870539722903211,5
2020-09-17,rb1s,0,0.4870584900046747,5
2020-09-18,rb1s,0,0.4868263637709237,5
2020-09-21,ho1s,0,0.5893058819234698,5
2020-09-21,rb1s,0,0.4870539467184359,5
2020-09-21,cl1s,1,0.5868126725761293,5
2020-09-22,ho1s,1,0.5886799531348357,5
2020-09-22,rb1s,0,0.4869793204921091,5
2020-09-22,cl1s,1,0.5868125609118804,5
2020-09-23,rb1s,0,0.48701486544677264,5
2020-09-23,ho1s,1,0.5880594759501138,5
2020-09-23,cl1s,1,0.5868125032753321,5
2020-09-24,rb1s,0,0.4869822183168788,5
2020-09-24,ng1s,1,0.5017025429874354,5
2020-09-24,ho1s,1,0.5873899659199767,5
2020-09-24,cl1s,0,0.586187201054452,5
2020-09-25,ho1s,1,0.5863321654655267,5
2020-09-25,rb1s,0,0.48680199687205744,5
2020-09-25,cl1s,1,0.5855572698979106,5
2020-09-28,cl1s,0,0.5849205624939506,5
2020-09-28,rb1s,0,0.48687224047598776,5
2020-09-29,cl1s,1,0.5849370888581295,5
2020-09-29,ho1s,1,0.5861268028603477,5
2020-09-29,rb1s,0,0.4870462234255248,5
2020-09-30,cl1s,0,0.584937416480958,5
2020-09-30,ho1s,0,0.585544943140152,5
2020-09-30,rb1s,0,0.4870407389395824,5
2020-10-01,cl1s,0,0.5843122110954692,5
2020-10-01,ho1s,0,0.5849367687163276,5
2020-10-01,rb1s,0,0.4870639134745875,5
2020-10-02,ho1s,1,0.584311737721006,5
2020-10-02,rb1s,1,0.4870609750552514,5
2020-10-02,cl1s,1,0.5836864066566153,5
2020-10-05,cl1s,1,0.583060325905627,5
2020-10-05,rb1s,0,0.48642348653475614,5
2020-10-06,rb1s,0,0.48638957663835813,5
2020-10-07,cl1s,1,0.582433358727318,5
2020-10-07,rb1s,0,0.48639918145230876,5
2020-10-08,rb1s,0,0.4862107791305589,5
2020-10-08,cl1s,0,0.5818058974144804,5
2020-10-09,ng1s,0,0.5010586549678134,5
2020-10-09,cl1s,0,0.5811698174790745,5
2020-10-09,rb1s,0,0.4860925825525164,5
2020-10-12,rb1s,0,0.4861488191869186,5
2020-10-12,ng1s,1,0.5004145379514428,5
2020-10-12,cl1s,1,0.5805455450807104,5
2020-10-13,rb1s,0,0.48596712107940654,5
2020-10-13,cl1s,1,0.579912921625609,5
2020-10-13,ng1s,1,0.4997705511991176,5
2020-10-14,cl1s,0,0.5799131496258085,5
2020-10-14,ng1s,0,0.49912651096778643,5
2020-10-14,rb1s,0,0.48627744642376947,5
2020-10-15,cl1s,0,0.5792973899362651,5
2020-10-15,rb1s,0,0.486418178520767,5
2020-10-16,cl1s,0,0.578664451039955,5
2020-10-16,rb1s,0,0.48639765023624804,5
2020-10-19,rb1s,0,0.4859810643208063,5
2020-10-19,cl1s,1,0.5785873042372359,5
2020-10-20,cl1s,0,0.578652031070611,5
2020-10-20,rb1s,0,0.4861945200788024,5
2020-10-21,cl1s,1,0.5786647527069176,5
2020-10-21,rb1s,0,0.48638343805493517,5
2020-10-22,cl1s,0,0.578663294396758,5
2020-10-22,rb1s,0,0.48636075620356395,5
2020-10-23,ho1s,0,0.5873993576965928,5
2020-10-23,rb1s,0,0.48628231382635895,5
2020-10-23,cl1s,0,0.5786624882085517,5
2020-10-26,ng1s,0,0.4991238192859013,5
2020-10-26,ho1s,1,0.5867834084027816,5
2020-10-26,rb1s,0,0.4862273455656662,5
2020-10-26,cl1s,1,0.578659717734732,5
2020-10-27,ng1s,1,0.4984814466921087,5
2020-10-27,ho1s,0,0.58673675413635,5
2020-10-27,rb1s,0,0.4860885131557728,5
2020-10-27,cl1s,0,0.5786535539405229,5
2020-10-28,cl1s,0,0.5786664968599284,5
2020-10-28,rb1s,0,0.48637540754889297,5
2020-10-29,cl1s,0,0.5786703567864261,5
2020-10-29,ho1s,0,0.5874360282765834,5
2020-10-29,rb1s,1,0.4864245924235936,5
2020-10-30,cl1s,1,0.5786703840670925,5
2020-10-30,rb1s,1,0.48638342518172295,5
2020-10-30,ho1s,1,0.5874344763273058,5
2020-11-02,rb1s,1,0.4864259246480762,5
2020-11-02,cl1s,1,0.578670397716009,5
2020-11-03,rb1s,1,0.4864245807320842,5
2020-11-03,cl1s,1,0.5780422308921838,5
2020-11-04,cl1s,0,0.578042226480448,5
2020-11-04,rb1s,0,0.4864239379949925,5
2020-11-05,cl1s,0,0.5780421030126698,5
2020-11-05,rb1s,0,0.4864023585661528,5
2020-11-06,cl1s,1,0.5780398408229633,5
2020-11-06,rb1s,1,0.48635114886027175,5
2020-11-09,cl1s,1,0.5780422237965424,5
2020-11-09,rb1s,0,0.4864259699890349,5
2020-11-10,cl1s,1,0.5780422305943703,5
2020-11-10,rb1s,0,0.4864257402158617,5
2020-11-11,cl1s,0,0.5780422260039865,5
2020-05-13,cl1s,1,0.5534798797958107,6
2020-05-14,rb1s,0,0.44241775991671667,6
2020-05-14,cl1s,1,0.5522920352947449,6
2020-05-14,ng1s,1,0.5653223773960526,6
2020-05-15,rb1s,0,0.44241775673491507,6
2020-05-15,ng1s,0,0.5641412102474725,6
2020-05-18,rb1s,0,0.44241775850405357,6
2020-05-18,ho1s,1,0.571216924041092,6
2020-05-18,ng1s,0,0.562959345727699,6
2020-05-19,rb1s,0,0.4424175607172338,6
2020-05-19,cl1s,1,0.5522920353091907,6
2020-05-19,ng1s,1,0.5617765884123245,6
2020-05-20,ho1s,1,0.5712168175374952,6
2020-05-20,rb1s,0,0.4424176181084127,6
2020-05-20,ng1s,1,0.5605934313437949,6
2020-05-21,ng1s,0,0.5594090290351832,6
2020-05-21,rb1s,0,0.44241539616625475,6
2020-05-22,rb1s,0,0.4424176968027554,6
2020-05-26,rb1s,0,0.44360339478052063,6
2020-05-27,cl1s,1,0.5582250224409578,6
2020-05-27,ng1s,1,0.5582247498395784,6
2020-05-27,rb1s,0,0.4436033799920766,6
2020-05-28,ng1s,0,0.5570391831747077,6
2020-05-28,cl1s,1,0.5582250224826059,6
2020-05-28,rb1s,0,0.44360337059884014,6
2020-05-29,ng1s,1,0.5558534312583748,6
2020-05-29,rb1s,0,0.44360343626756804,6
2020-06-01,rb1s,0,0.44360341907770934,6
2020-06-01,ng1s,0,0.5546668531333654,6
2020-06-02,rb1s,0,0.4435980012437144,6
2020-06-02,ng1s,0,0.5546629662732026,6
2020-06-03,rb1s,0,0.44359805093688026,6
2020-06-04,cl1s,1,0.5629595425268344,6
2020-06-04,rb1s,0,0.4435825658720101,6
2020-06-05,cl1s,0,0.5629595247397168,6
2020-06-05,rb1s,0,0.44358544238215764,6
2020-06-08,rb1s,0,0.4435931883292522,6
2020-06-08,cl1s,1,0.56295955433218,6
2020-06-09,rb1s,0,0.44356009805977564,6
2020-06-09,cl1s,1,0.5629595557833055,6
2020-06-10,cl1s,0,0.5629595552166123,6
2020-06-10,rb1s,0,0.4435329635617358,6
2020-06-11,rb1s,0,0.44360232521006904,6
2020-06-11,cl1s,0,0.5629595564348167,6
2020-06-12,cl1s,1,0.5617769634462366,6
2020-06-12,rb1s,1,0.44360265021727424,6
2020-06-15,rb1s,1,0.44360341307037976,6
2020-06-16,rb1s,0,0.4436034025021826,6
2020-06-17,rb1s,0,0.4436014823312952,6
2020-06-17,cl1s,1,0.5617769621684914,6
2020-06-18,cl1s,1,0.560593647741432,6
2020-06-18,rb1s,0,0.4435999125129461,6
2020-06-19,rb1s,0,0.44359978877559353,6
2020-06-19,cl1s,1,0.5594096765634274,6
2020-06-22,cl1s,0,0.5582248031075934,6
2020-06-22,rb1s,1,0.44239530894780865,6
2020-06-23,rb1s,1,0.4424038694566338,6
2020-06-23,cl1s,0,0.5570396044488837,6
2020-06-24,cl1s,1,0.5570396971556102,6
2020-06-24,rb1s,0,0.44241761211612435,6
2020-06-25,cl1s,0,0.5570396983830833,6
2020-06-25,rb1s,0,0.4424177097774657,6
2020-06-26,cl1s,1,0.5558537198407312,6
2020-06-26,rb1s,1,0.4424177450300235,6
2020-06-29,cl1s,0,0.5546671052508352,6
2020-06-29,rb1s,1,0.44241775615456563,6
2020-06-30,rb1s,1,0.4424175397226656,6
2020-06-30,cl1s,1,0.5534798211244033,6
2020-07-01,rb1s,0,0.4424173010042254,6
2020-07-01,cl1s,1,0.5522919338739057,6
2020-07-01,ho1s,0,0.572392369747416,6
2020-07-02,rb1s,0,0.44241337511737877,6
2020-07-02,cl1s,0,0.5522912921530527,6
2020-07-06,rb1s,0,0.44359691457006056,6
2020-07-06,cl1s,0,0.5534786854090344,6
2020-07-07,rb1s,0,0.44359519146936527,6
2020-07-07,cl1s,1,0.553476351209307,6
2020-07-08,rb1s,0,0.4434809818768425,6
2020-07-08,cl1s,0,0.5534189656253237,6
2020-07-09,rb1s,0,0.4435241581824366,6
2020-07-09,cl1s,1,0.5534686841978534,6
2020-07-10,rb1s,0,0.44359417865965606,6
2020-07-10,cl1s,0,0.5534793200289658,6
2020-07-10,ho1s,1,0.5712067867387027,6
2020-07-13,cl1s,1,0.5522912669074265,6
2020-07-13,rb1s,0,0.4435855816355273,6
2020-07-14,rb1s,0,0.4435782295151118,6
2020-07-14,cl1s,1,0.5511031088356294,6
2020-07-15,rb1s,0,0.44350995404449056,6
2020-07-15,cl1s,0,0.5511014449403052,6
2020-07-16,cl1s,0,0.5510339982837039,6
2020-07-16,rb1s,0,0.44346332778267095,6
2020-07-17,cl1s,1,0.5510407150172049,6
2020-07-17,rb1s,0,0.443563451303851,6
2020-07-20,rb1s,0,0.44353422264316783,6
2020-07-20,cl1s,1,0.5510731943719416,6
2020-07-21,rb1s,0,0.44356878861175564,6
2020-07-21,cl1s,0,0.5510932346525409,6
2020-07-22,rb1s,0,0.4434444357826497,6
2020-07-22,cl1s,0,0.5510564459956779,6
2020-07-23,rb1s,0,0.44352192771539123,6
2020-07-23,cl1s,1,0.5510875456611628,6
2020-07-24,rb1s,0,0.44343132327042445,6
2020-07-24,cl1s,1,0.5510767546495011,6
2020-07-27,rb1s,0,0.4435552873987611,6
2020-07-27,cl1s,0,0.551089630329134,6
2020-07-28,rb1s,0,0.44352315618283755,6
2020-07-28,cl1s,1,0.5510713156720833,6
2020-07-29,cl1s,0,0.5509152576201224,6
2020-07-29,rb1s,0,0.44338916443803594,6
2020-07-30,cl1s,1,0.5510920407778181,6
2020-07-30,rb1s,0,0.44360005195589136,6
2020-07-31,rb1s,1,0.4424134497390221,6
2020-07-31,cl1s,1,0.5498855171463759,6
2020-08-03,cl1s,1,0.5499086689453586,6
2020-08-03,ng1s,0,0.572393034890864,6
2020-08-03,rb1s,0,0.44241513871950183,6
2020-08-04,cl1s,1,0.5499132976597794,6
2020-08-04,rb1s,0,0.4424006970809563,6
2020-08-05,rb1s,0,0.4424100251265432,6
2020-08-06,rb1s,0,0.4423719011910281,6
2020-08-06,ng1s,0,0.5712167295695556,6
2020-08-07,rb1s,1,0.4423683440637657,6
2020-08-10,ng1s,0,0.5700393841185079,6
2020-08-10,rb1s,0,0.4423807549073894,6
2020-08-11,rb1s,1,0.4424064972601202,6
2020-08-12,rb1s,0,0.44229949312320554,6
2020-08-13,rb1s,1,0.4422844922180056,6
2020-11-11,rb1s,0,0.44241743028604175,6
2020-11-12,rb1s,0,0.4424099000344186,6
2020-11-12,cl1s,0,0.5499144773894614,6
2020-11-13,rb1s,1,0.4423182429501814,6
2020-11-13,cl1s,1,0.5498295693360241,6
2020-11-16,cl1s,1,0.549910468413626,6
2020-11-16,rb1s,1,0.44240403342355644,6
2020-11-17,rb1s,1,0.442384556724955,6
2020-11-17,cl1s,1,0.5499096799057144,6
2020-11-18,rb1s,1,0.44233156920212485,6
2020-11-18,cl1s,0,0.5499114690634848,6
2020-11-19,cl1s,1,0.5498954118097603,6
2020-11-19,rb1s,1,0.44225400867248804,6
2020-11-20,rb1s,1,0.44201085411690366,6
2020-11-20,cl1s,1,0.5498542663500631,6
2020-11-23,cl1s,1,0.5498617458810157,6
2020-11-23,rb1s,1,0.4416729622619343,6
2020-11-24,rb1s,0,0.4423445482936414,6
2020-11-24,cl1s,1,0.5499009604523439,6
2020-11-25,rb1s,0,0.4421933120096576,6
2020-11-27,rb1s,0,0.4434971416033154,6
2020-11-30,rb1s,0,0.4434427673700048,6
2020-12-01,cl1s,1,0.5546597146883779,6
2020-12-01,rb1s,1,0.4435560783333032,6
2020-12-02,rb1s,1,0.44358279347176255,6
2020-12-02,cl1s,1,0.5546648442685526,6
2020-12-03,rb1s,1,0.4435555743445489,6
2020-12-03,cl1s,1,0.5546533169910461,6
2020-12-04,cl1s,0,0.554622123381855,6
2020-12-04,rb1s,0,0.44344338715481796,6
2020-12-07,rb1s,1,0.44339346245169636,6
2020-12-07,cl1s,0,0.5546364303380509,6
2020-12-08,rb1s,1,0.4433911377402215,6
2020-12-08,cl1s,0,0.554562799283052,6
2020-12-09,cl1s,1,0.5546365697140934,6
2020-12-09,rb1s,1,0.44344905040014426,6
2020-12-10,rb1s,0,0.4435693833949549,6
2020-12-11,cl1s,1,0.5557951322455398,6
2020-12-11,rb1s,1,0.44339515539817714,6
2020-12-14,rb1s,1,0.44353565492284847,6
2020-12-15,rb1s,1,0.4432735981953224,6
2020-12-16,rb1s,0,0.4431722188353937,6
2020-12-17,rb1s,0,0.4425020865556957,6
2020-12-18,ho1s,1,0.5715829365889972,6
2020-12-18,rb1s,0,0.4406976304986296,6
2020-12-21,rb1s,0,0.4435585304714695,6
2020-12-21,ho1s,1,0.5710918912588684,6
2020-12-22,rb1s,1,0.4435065830097295,6
2020-12-23,rb1s,0,0.4435816287045697,6
2020-12-24,rb1s,0,0.4422603093454897,6
2020-12-28,rb1s,1,0.4422785798183544,6
2020-12-29,rb1s,1,0.441509833362445,6
2020-12-30,rb1s,0,0.4413362775529681,6
2020-12-31,rb1s,0,0.4409734097024431,6
2021-01-04,ho1s,1,0.5699290886454667,6
2021-01-04,cl1s,1,0.5664847381516842,6
2021-01-04,rb1s,1,0.4423911889377998,6
2021-01-05,cl1s,1,0.5664986378242645,6
2021-01-05,rb1s,1,0.442406255128655,6
2021-01-06,rb1s,0,0.4423782008721413,6
2021-01-06,cl1s,1,0.5664906226577687,6
2021-01-07,cl1s,1,0.5664042127639495,6
2021-01-07,rb1s,0,0.4414726443169475,6
2021-01-08,rb1s,0,0.44214719181340334,6
2021-01-08,cl1s,1,0.5664788362889257,6
2021-01-11,cl1s,1,0.5652862032254403,6
2021-01-11,rb1s,0,0.44196047038272385,6
2021-01-12,rb1s,0,0.44172203755509154,6
2021-01-13,rb1s,0,0.4420710376177042,6
2021-01-14,rb1s,0,0.44224759920251067,6
2021-01-15,cl1s,1,0.5653056566444331,6
2021-01-15,rb1s,0,0.4422383637858059,6
2021-01-19,rb1s,0,0.44330631858392266,6
2021-01-19,cl1s,1,0.5640920917575473,6
2021-01-20,cl1s,0,0.5628657838445217,6
2021-01-20,rb1s,0,0.44319982789897,6
2021-01-21,cl1s,0,0.5608648971268808,6
2021-01-21,rb1s,0,0.44027904017052233,6
2021-01-22,rb1s,0,0.4425326883563942,6
2021-01-25,rb1s,0,0.442988540460485,6
2021-01-26,rb1s,0,0.44292142891608594,6
2021-01-27,rb1s,0,0.4423576107230049,6
2021-01-28,rb1s,0,0.44332519712092067,6
2021-01-29,rb1s,0,0.44358563179938154,6
2021-02-01,rb1s,0,0.4435498928627115,6
2021-02-02,rb1s,0,0.44353265150086424,6
2021-02-03,rb1s,0,0.44292657478853426,6
2021-02-04,rb1s,0,0.44296810780998946,6
2021-02-04,cl1s,0,0.5652860466994458,6
2021-02-05,cl1s,0,0.5650175494732476,6
2021-02-05,rb1s,0,0.4413201736597596,6
2021-02-08,rb1s,0,0.43218813807626594,6
2021-02-08,cl1s,0,0.5645284660769327,6
2021-02-09,rb1s,0,0.43653656068285857,6
2021-02-09,cl1s,0,0.5638998886617854,6
2021-02-10,rb1s,0,0.43434073327216455,6
2021-02-10,cl1s,1,0.5621992393969452,6
2021-02-11,rb1s,0,0.4335012129834078,6
2021-02-11,cl1s,0,0.5604422086754468,6
2021-02-12,cl1s,0,0.5616291930881826,6
2021-02-12,rb1s,0,0.44102808071029037,6
2021-02-16,ng1s,0,0.5723932559665362,6
2021-02-16,rb1s,0,0.44332684825604846,6
2021-02-16,cl1s,0,0.5617351311425879,6
2021-02-17,rb1s,0,0.4435176990725284,6
2021-02-17,cl1s,1,0.5617629449458189,6
2021-02-18,rb1s,0,0.4435861340157482,6
2021-02-18,cl1s,1,0.5617685249135669,6
2021-02-19,rb1s,0,0.4435198286861741,6
2021-02-19,cl1s,0,0.5605745473956487,6
2021-02-22,cl1s,1,0.5594032643567497,6
2021-02-22,rb1s,0,0.44354481374873533,6
2021-02-23,cl1s,0,0.5582214047723971,6
2021-02-23,rb1s,0,0.44355021617353996,6
2021-02-24,rb1s,0,0.4434169553285954,6
2021-02-24,cl1s,0,0.5570350246197611,6
2021-02-25,cl1s,1,0.5558026626958362,6
2021-02-25,rb1s,0,0.442867531256293,6
2021-02-26,rb1s,0,0.44268716331885777,6
2021-03-01,rb1s,0,0.4434736322856626,6
2021-03-02,rb1s,0,0.4435357697544953,6
2021-03-03,rb1s,0,0.44338183858203867,6
2021-03-04,rb1s,0,0.4435893291938925,6
2021-03-05,rb1s,0,0.443569841894255,6
2021-03-05,cl1s,1,0.5570395500959945,6
2021-03-08,cl1s,1,0.5570396616666615,6
2021-03-08,rb1s,0,0.44357995842962156,6
2021-03-09,rb1s,0,0.4435121101277437,6
2020-05-13,cl1s,1,0.5386028161402532,7
2020-05-14,rb1s,0,0.4633948012910134,7
2020-05-14,cl1s,1,0.5386028161402532,7
2020-05-14,ng1s,1,0.5386028161402532,7
2020-05-15,rb1s,0,0.4633948012910134,7
2020-05-15,ng1s,0,0.5386028161402532,7
2020-05-18,rb1s,0,0.4633948012910134,7
2020-05-18,ho1s,1,0.5386028161402532,7
2020-05-18,ng1s,0,0.5386028161402532,7
2020-05-19,rb1s,0,0.4633948012910134,7
2020-05-19,cl1s,1,0.5386028161402532,7
2020-05-19,ng1s,1,0.5386028161402532,7
2020-05-20,ho1s,1,0.5386028161402532,7
2020-05-20,rb1s,0,0.4633948012910134,7
2020-05-20,ng1s,1,0.5386028161402532,7
2020-05-21,ng1s,0,0.5386028161402532,7
2020-05-21,rb1s,0,0.4633948012910134,7
2020-05-22,rb1s,0,0.4633948012910134,7
2020-05-26,rb1s,0,0.4633948012910134,7
2020-05-27,cl1s,1,0.5386028161402532,7
2020-05-27,ng1s,1,0.5386028161402532,7
2020-05-27,rb1s,0,0.4633948012910134,7
2020-05-28,ng1s,0,0.5386028161402532,7
2020-05-28,cl1s,1,0.5386028161402532,7
2020-05-28,rb1s,0,0.4633948012910134,7
2020-05-29,ng1s,1,0.5386028161402532,7
2020-05-29,rb1s,0,0.4633948012910134,7
2020-06-01,rb1s,0,0.4633948012910134,7
2020-06-01,ng1s,0,0.5386028161402532,7
2020-06-02,rb1s,0,0.4633948012910134,7
2020-06-02,ng1s,0,0.5386028161402532,7
2020-06-03,rb1s,0,0.4633948012910134,7
2020-06-04,cl1s,1,0.5386028161402532,7
2020-06-04,rb1s,0,0.4633948012910134,7
2020-06-05,cl1s,0,0.5386028161402532,7
2020-06-05,rb1s,0,0.4633948012910134,7
2020-06-08,rb1s,0,0.4633948012910134,7
2020-06-08,cl1s,1,0.5386028161402532,7
2020-06-09,rb1s,0,0.4633948012910134,7
2020-06-09,cl1s,1,0.5386028161402532,7
2020-06-10,cl1s,0,0.5386028161402532,7
2020-06-10,rb1s,0,0.4633948012910134,7
2020-06-11,rb1s,0,0.4633948012910134,7
2020-06-11,cl1s,0,0.5386028161402532,7
2020-06-12,cl1s,1,0.5386028161402532,7
2020-06-12,rb1s,1,0.4633948012910134,7
2020-06-15,rb1s,1,0.4633948012910134,7
2020-06-16,rb1s,0,0.4633948012910134,7
2020-06-17,rb1s,0,0.4633948012910134,7
2020-06-17,cl1s,1,0.5386028161402532,7
2020-06-18,cl1s,1,0.5386028161402532,7
2020-06-18,rb1s,0,0.4633948012910134,7
2020-06-19,rb1s,0,0.4633948012910134,7
2020-06-19,cl1s,1,0.5386028161402532,7
2020-06-22,cl1s,0,0.5386028161402532,7
2020-06-22,rb1s,1,0.4633948012910134,7
2020-06-23,rb1s,1,0.4633948012910134,7
2020-06-23,cl1s,0,0.5386028161402532,7
2020-06-24,cl1s,1,0.5386028161402532,7
2020-06-24,rb1s,0,0.4633948012910134,7
2020-06-25,cl1s,0,0.5386028161402532,7
2020-06-25,rb1s,0,0.4633948012910134,7
2020-06-26,cl1s,1,0.5386028161402532,7
2020-06-26,rb1s,1,0.4633948012910134,7
2020-06-29,cl1s,0,0.5386028161402532,7
2020-06-29,rb1s,1,0.4633948012910134,7
2020-06-30,rb1s,1,0.4633948012910134,7
2020-06-30,cl1s,1,0.5386028161402532,7
2020-07-01,rb1s,0,0.4633948012910134,7
2020-07-01,cl1s,1,0.5386028161402532,7
2020-07-01,ho1s,0,0.5386028161402532,7
2020-07-02,rb1s,0,0.4633948012910134,7
2020-07-02,cl1s,0,0.5386028161402532,7
2020-07-06,rb1s,0,0.4633948012910134,7
2020-07-06,cl1s,0,0.5386028161402532,7
2020-07-07,rb1s,0,0.4633948012910134,7
2020-07-07,cl1s,1,0.5386028161402532,7
2020-07-08,rb1s,0,0.4633948012910134,7
2020-07-08,cl1s,0,0.5386028161402532,7
2020-07-09,rb1s,0,0.4633948012910134,7
2020-07-09,cl1s,1,0.5386028161402532,7
2020-07-10,rb1s,0,0.4633948012910134,7
2020-07-10,cl1s,0,0.5386028161402532,7
2020-07-10,ho1s,1,0.5386028161402532,7
2020-07-13,cl1s,1,0.5386028161402532,7
2020-07-13,rb1s,0,0.4633948012910134,7
2020-07-14,rb1s,0,0.4633948012910134,7
2020-07-14,cl1s,1,0.5386028161402532,7
2020-07-15,rb1s,0,0.4633948012910134,7
2020-07-15,cl1s,0,0.5386028161402532,7
2020-07-16,cl1s,0,0.5386028161402532,7
2020-07-16,rb1s,0,0.4633948012910134,7
2020-07-17,cl1s,1,0.5386028161402532,7
2020-07-17,rb1s,0,0.4633948012910134,7
2020-07-20,rb1s,0,0.4633948012910134,7
2020-07-20,cl1s,1,0.5386028161402532,7
2020-07-21,rb1s,0,0.4633948012910134,7
2020-07-21,cl1s,0,0.5386028161402532,7
2020-07-22,rb1s,0,0.4633948012910134,7
2020-07-22,cl1s,0,0.5386028161402532,7
2020-07-23,rb1s,0,0.4633948012910134,7
2020-07-23,cl1s,1,0.5386028161402532,7
2020-07-24,rb1s,0,0.4633948012910134,7
2020-07-24,cl1s,1,0.5386028161402532,7
2020-07-27,rb1s,0,0.4633948012910134,7
2020-07-27,cl1s,0,0.5386028161402532,7
2020-07-28,rb1s,0,0.4633948012910134,7
2020-07-28,cl1s,1,0.5386028161402532,7
2020-07-29,cl1s,0,0.5386028161402532,7
2020-07-29,rb1s,0,0.4633948012910134,7
2020-07-30,cl1s,1,0.5386028161402532,7
2020-07-30,rb1s,0,0.4633948012910134,7
2020-07-31,rb1s,1,0.4633948012910134,7
2020-07-31,cl1s,1,0.5386028161402532,7
2020-08-03,cl1s,1,0.5386028161402532,7
2020-08-03,ng1s,0,0.5386028161402532,7
2020-08-03,rb1s,0,0.4633948012910134,7
2020-08-04,cl1s,1,0.5386028161402532,7
2020-08-04,rb1s,0,0.4633948012910134,7
2020-08-05,rb1s,0,0.4633948012910134,7
2020-08-06,rb1s,0,0.4633948012910134,7
2020-08-06,ng1s,0,0.5386028161402532,7
2020-08-07,rb1s,1,0.4633948012910134,7
2020-08-10,ng1s,0,0.5386028161402532,7
2020-08-10,rb1s,0,0.4633948012910134,7
2020-08-11,rb1s,1,0.4633948012910134,7
2020-08-12,rb1s,0,0.4633948012910134,7
2020-08-13,rb1s,1,0.4633948012910134,7
2021-03-10,rb1s,0,0.4633948012910134,7
2021-03-11,rb1s,0,0.4633948012910134,7
2021-03-12,rb1s,1,0.4633948012910134,7
2021-03-15,rb1s,1,0.4633948012910134,7
2021-03-16,rb1s,1,0.4633948012910134,7
2021-03-17,rb1s,1,0.4633948012910134,7
2021-03-18,rb1s,0,0.4633948012910134,7
2021-03-19,rb1s,0,0.4633948012910134,7
2021-03-22,rb1s,0,0.4633948012910134,7
2021-03-23,rb1s,0,0.4633948012910134,7
2021-03-24,rb1s,0,0.4633948012910134,7
2021-03-25,rb1s,1,0.4633948012910134,7
2021-03-26,rb1s,0,0.4633948012910134,7
2021-03-29,rb1s,0,0.4633948012910134,7
2021-03-30,rb1s,0,0.4633948012910134,7
2021-03-31,rb1s,0,0.4633948012910134,7
2021-04-01,rb1s,0,0.4633948012910134,7
2021-04-05,rb1s,0,0.4633948012910134,7
2021-04-06,rb1s,0,0.4633948012910134,7
2021-04-07,rb1s,0,0.4633948012910134,7
2021-04-08,rb1s,0,0.4633948012910134,7
2021-04-09,rb1s,0,0.4633948012910134,7
2021-04-12,rb1s,0,0.4633948012910134,7
2021-04-13,rb1s,0,0.4633948012910134,7
2021-04-14,rb1s,0,0.4633948012910134,7
2021-04-15,rb1s,0,0.4633948012910134,7
2021-04-15,cl1s,0,0.5386028161402532,7
2021-04-16,rb1s,0,0.4633948012910134,7
2021-04-16,cl1s,1,0.5386028161402532,7
2021-04-19,cl1s,0,0.5386028161402532,7
2021-04-19,rb1s,0,0.4633948012910134,7
2021-04-20,rb1s,0,0.4633948012910134,7
2021-04-20,cl1s,0,0.5386028161402532,7
2021-04-21,cl1s,1,0.5386028161402532,7
2021-04-21,rb1s,0,0.4633948012910134,7
2021-04-22,rb1s,0,0.4633948012910134,7
2021-04-22,cl1s,1,0.5386028161402532,7
2021-04-23,rb1s,0,0.4633948012910134,7
2021-04-23,cl1s,0,0.5386028161402532,7
2021-04-26,cl1s,1,0.5386028161402532,7
2021-04-26,rb1s,0,0.4633948012910134,7
2021-04-27,cl1s,1,0.5386028161402532,7
2021-04-27,rb1s,0,0.4633948012910134,7
2021-04-28,cl1s,1,0.5386028161402532,7
2021-04-28,rb1s,0,0.4633948012910134,7
2021-04-29,rb1s,0,0.4633948012910134,7
2021-04-29,cl1s,0,0.5386028161402532,7
2021-04-30,cl1s,1,0.5386028161402532,7
2021-04-30,rb1s,0,0.4633948012910134,7
2021-05-03,cl1s,1,0.5386028161402532,7
2021-05-03,rb1s,0,0.4633948012910134,7
2021-05-04,cl1s,0,0.5386028161402532,7
2021-05-04,rb1s,0,0.4633948012910134,7
2021-05-05,rb1s,0,0.4633948012910134,7
2021-05-05,cl1s,0,0.5386028161402532,7
2021-05-06,rb1s,0,0.4633948012910134,7
2021-05-07,rb1s,0,0.4633948012910134,7
2021-05-10,rb1s,0,0.4633948012910134,7
2021-05-11,rb1s,0,0.4633948012910134,7
2021-05-12,rb1s,1,0.4633948012910134,7
2021-05-12,cl1s,0,0.5386028161402532,7
2021-05-13,rb1s,0,0.4633948012910134,7
2021-05-14,rb1s,0,0.4633948012910134,7
2021-05-14,cl1s,1,0.5386028161402532,7
2021-05-17,cl1s,0,0.5386028161402532,7
2021-05-17,rb1s,0,0.4633948012910134,7
2021-05-18,rb1s,0,0.4633948012910134,7
2021-05-19,cl1s,0,0.5386028161402532,7
2021-05-19,rb1s,0,0.4633948012910134,7
2021-05-20,cl1s,1,0.5386028161402532,7
2021-05-20,rb1s,1,0.4633948012910134,7
2021-05-21,cl1s,1,0.5386028161402532,7
2021-05-21,rb1s,1,0.4633948012910134,7
2021-05-24,rb1s,0,0.4633948012910134,7
2021-05-24,cl1s,1,0.5386028161402532,7
2021-05-25,rb1s,0,0.4633948012910134,7
2021-05-25,cl1s,1,0.5386028161402532,7
2021-05-26,rb1s,0,0.4633948012910134,7
2021-05-26,cl1s,1,0.5386028161402532,7
2021-05-27,rb1s,0,0.4633948012910134,7
2021-05-27,cl1s,0,0.5386028161402532,7
2021-05-28,rb1s,0,0.4633948012910134,7
2021-05-28,cl1s,1,0.5386028161402532,7
2021-06-01,cl1s,1,0.5386028161402532,7
2021-06-01,rb1s,0,0.4633948012910134,7
2021-06-02,rb1s,0,0.4633948012910134,7
2021-06-02,cl1s,0,0.5386028161402532,7
2021-06-03,rb1s,0,0.4633948012910134,7
2021-06-03,cl1s,1,0.5386028161402532,7
2021-06-04,cl1s,0,0.5386028161402532,7
2021-06-04,rb1s,0,0.4633948012910134,7
2021-06-07,cl1s,1,0.5386028161402532,7
2021-06-07,rb1s,0,0.4633948012910134,7
2021-06-08,cl1s,0,0.5386028161402532,7
2021-06-08,rb1s,0,0.4633948012910134,7
2021-06-09,cl1s,1,0.5386028161402532,7
2021-06-09,rb1s,0,0.4633948012910134,7
2021-06-10,cl1s,1,0.5386028161402532,7
2021-06-10,rb1s,0,0.4633948012910134,7
2021-06-11,rb1s,0,0.4633948012910134,7
2021-06-14,rb1s,0,0.4633948012910134,7
2021-06-15,cl1s,1,0.5386028161402532,7
2021-06-15,rb1s,0,0.4633948012910134,7
2021-06-16,rb1s,0,0.4633948012910134,7
2021-06-16,cl1s,0,0.5386028161402532,7
2021-06-17,rb1s,0,0.4633948012910134,7
2021-06-17,ho1s,1,0.5386028161402532,7
2021-06-17,cl1s,1,0.5386028161402532,7
2021-06-18,rb1s,0,0.4633948012910134,7
2021-06-18,cl1s,1,0.5386028161402532,7
2021-06-21,rb1s,0,0.4633948012910134,7
2021-06-21,cl1s,0,0.5386028161402532,7
2021-06-22,rb1s,0,0.4633948012910134,7
2021-06-22,cl1s,1,0.5386028161402532,7
2021-06-23,rb1s,0,0.4633948012910134,7
2021-06-24,cl1s,1,0.5386028161402532,7
2021-06-24,rb1s,1,0.4633948012910134,7
2021-06-25,rb1s,0,0.4633948012910134,7
2021-06-25,cl1s,0,0.5386028161402532,7
2021-06-28,rb1s,0,0.4633948012910134,7
2021-06-28,ho1s,1,0.5386028161402532,7
2021-06-28,cl1s,1,0.5386028161402532,7
2021-06-29,ho1s,1,0.5386028161402532,7
2021-06-29,rb1s,0,0.4633948012910134,7
2021-06-29,cl1s,1,0.5386028161402532,7
2021-06-30,cl1s,1,0.5386028161402532,7
2021-06-30,rb1s,0,0.4633948012910134,7
2021-07-01,cl1s,0,0.5386028161402532,7
2020-05-13,cl1s,1,0.6295769188779069,8
2020-05-14,rb1s,0,0.543548402997133,8
2020-05-14,cl1s,1,0.6878245636205205,8
2020-05-14,ng1s,1,0.8031315872796957,8
2020-05-15,rb1s,0,0.5139930193337275,8
2020-05-15,ng1s,0,0.7949840718541823,8
2020-05-18,rb1s,0,0.5631469223274579,8
2020-05-18,ho1s,1,0.7445758069171111,8
2020-05-18,ng1s,0,0.7976567888705047,8
2020-05-19,rb1s,0,0.511031507710058,8
2020-05-19,cl1s,1,0.7338822951639825,8
2020-05-19,ng1s,1,0.7818962103891832,8
2020-05-20,ho1s,1,0.6401500580636009,8
2020-05-20,rb1s,0,0.3891467819853626,8
2020-05-20,ng1s,1,0.6718852457550514,8
2020-05-21,ng1s,0,0.16908099031076917,8
2020-05-21,rb1s,0,0.2811927233045825,8
2020-05-22,rb1s,0,0.3495896554924902,8
2020-05-26,rb1s,0,0.40487583765838625,8
2020-05-27,cl1s,1,0.7766304807945466,8
2020-05-27,ng1s,1,0.7086796493448352,8
2020-05-27,rb1s,0,0.440609375877259,8
2020-05-28,ng1s,0,0.6491986114876431,8
2020-05-28,cl1s,1,0.7478835369895855,8
2020-05-28,rb1s,0,0.3800981196838691,8
2020-05-29,ng1s,1,0.6932838648023663,8
2020-05-29,rb1s,0,0.39530922768734095,8
2020-06-01,rb1s,0,0.4271414753166004,8
2020-06-01,ng1s,0,0.7521036529393006,8
2020-06-02,rb1s,0,0.4169542440390843,8
2020-06-02,ng1s,0,0.7413279552912293,8
2020-06-03,rb1s,0,0.31820287384788015,8
2020-06-04,cl1s,1,0.6610214822571381,8
2020-06-04,rb1s,0,0.2868901037863525,8
2020-06-05,cl1s,0,0.6580917508505709,8
2020-06-05,rb1s,0,0.24253469389707055,8
2020-06-08,rb1s,0,0.3155619256756657,8
2020-06-08,cl1s,1,0.7468055540188584,8
2020-06-09,rb1s,0,0.25900066173614306,8
2020-06-09,cl1s,1,0.7105568946913772,8
2020-06-10,cl1s,0,0.6906947797051526,8
2020-06-10,rb1s,0,0.262773732739383,8
2020-06-11,rb1s,0,0.39781496503478997,8
2020-06-11,cl1s,0,0.79044141340048,8
2020-06-12,cl1s,1,0.8447132774350309,8
2020-06-12,rb1s,1,0.6134719919335768,8
2020-06-15,rb1s,1,0.6076413584921079,8
2020-06-16,rb1s,0,0.509391973520423,8
2020-06-17,rb1s,0,0.39671078303160046,8
2020-06-17,cl1s,1,0.6845689264799059,8
2020-06-18,cl1s,1,0.6386794888511689,8
2020-06-18,rb1s,0,0.33520223394955145,8
2020-06-19,rb1s,0,0.2714766906556687,8
2020-06-19,cl1s,1,0.5617434419939318,8
2020-06-22,cl1s,0,0.6102306419841801,8
2020-06-22,rb1s,1,0.35903716775306455,8
2020-06-23,rb1s,1,0.28529485185889275,8
2020-06-23,cl1s,0,0.5782961800935138,8
2020-06-24,cl1s,1,0.656320358389531,8
2020-06-24,rb1s,0,0.5230821539124352,8
2020-06-25,cl1s,0,0.6238282616108776,8
2020-06-25,rb1s,0,0.512018205791408,8
2020-06-26,cl1s,1,0.6023656580355617,8
2020-06-26,rb1s,1,0.5383811115040944,8
2020-06-29,cl1s,0,0.6582998045974553,8
2020-06-29,rb1s,1,0.6019432170278325,8
2020-06-30,rb1s,1,0.6411104282739031,8
2020-06-30,cl1s,1,0.7084000545423472,8
2020-07-01,rb1s,0,0.42014703204632625,8
2020-07-01,cl1s,1,0.6030421527306381,8
2020-07-01,ho1s,0,0.7223291324996519,8
2020-07-02,rb1s,0,0.47165071419584265,8
2020-07-02,cl1s,0,0.5474920978938328,8
2020-07-06,rb1s,0,0.5062682639995714,8
2020-07-06,cl1s,0,0.5726535907039924,8
2020-07-07,rb1s,0,0.4119821224526821,8
2020-07-07,cl1s,1,0.5207119187216929,8
2020-07-08,rb1s,0,0.3655623418715428,8
2020-07-08,cl1s,0,0.4943439344475664,8
2020-07-09,rb1s,0,0.3733050986963719,8
2020-07-09,cl1s,1,0.5832960478833866,8
2020-07-10,rb1s,0,0.3531430757292277,8
2020-07-10,cl1s,0,0.5822023073839995,8
2020-07-10,ho1s,1,0.6051653747717253,8
2020-07-13,cl1s,1,0.5872311095128548,8
2020-07-13,rb1s,0,0.35389030717326997,8
2020-07-14,rb1s,0,0.3513299874643904,8
2020-07-14,cl1s,1,0.5068496470427363,8
2020-07-15,rb1s,0,0.39759269398792596,8
2020-07-15,cl1s,0,0.49721319072121384,8
2020-07-16,cl1s,0,0.3883547679577009,8
2020-07-16,rb1s,0,0.3832950638775317,8
2020-07-17,cl1s,1,0.4798029025242495,8
2020-07-17,rb1s,0,0.5286083663076533,8
2020-07-20,rb1s,0,0.5661927626505446,8
2020-07-20,cl1s,1,0.5426445846218879,8
2020-07-21,rb1s,0,0.445709329984059,8
2020-07-21,cl1s,0,0.4382094807367445,8
2020-07-22,rb1s,0,0.33788795384888054,8
2020-07-22,cl1s,0,0.3956390895504762,8
2020-07-23,rb1s,0,0.3926639207084284,8
2020-07-23,cl1s,1,0.4478502633552499,8
2020-07-24,rb1s,0,0.2760674135163293,8
2020-07-24,cl1s,1,0.42887966796110566,8
2020-07-27,rb1s,0,0.3410967693668057,8
2020-07-27,cl1s,0,0.4233810534943822,8
2020-07-28,rb1s,0,0.3795332070446117,8
2020-07-28,cl1s,1,0.4722033296657686,8
2020-07-29,cl1s,0,0.39639822257227725,8
2020-07-29,rb1s,0,0.3771904132688546,8
2020-07-30,cl1s,1,0.6223448520432041,8
2020-07-30,rb1s,0,0.4043273744203559,8
2020-07-31,rb1s,1,0.4938126683119242,8
2020-07-31,cl1s,1,0.6023768934299609,8
2020-08-03,cl1s,1,0.6122029280864193,8
2020-08-03,ng1s,0,0.6514157670234969,8
2020-08-03,rb1s,0,0.5418807582767219,8
2020-08-04,cl1s,1,0.5924079111033916,8
2020-08-04,rb1s,0,0.4923546967379857,8
2020-08-05,rb1s,0,0.4309911972134691,8
2020-08-06,rb1s,0,0.3070299360560302,8
2020-08-06,ng1s,0,0.6335637687513558,8
2020-08-07,rb1s,1,0.45608189374974684,8
2020-08-10,ng1s,0,0.7485406325496461,8
2020-08-10,rb1s,0,0.4967731147842299,8
2020-08-11,rb1s,1,0.4505262309753249,8
2020-08-12,rb1s,0,0.3551937332322115,8
2020-08-13,rb1s,1,0.3489061567205065,8
2021-07-01,rb1s,0,0.20423949844943198,8
2021-07-02,rb1s,1,0.15962441724039222,8
2021-07-02,cl1s,0,0.5515583525378853,8
2021-07-06,cl1s,0,0.6770440461637339,8
2021-07-06,rb1s,0,0.25160194796195484,8
2021-07-07,rb1s,0,0.21442431638217424,8
2021-07-07,cl1s,1,0.7169308517388487,8
2021-07-07,ho1s,1,0.6708820964270769,8
2021-07-08,rb1s,0,0.17875400691274054,8
2021-07-08,cl1s,1,0.6376822226740514,8
2021-07-08,ho1s,1,0.5846160602759839,8
2021-07-09,rb1s,0,0.20200640635374087,8
2021-07-09,cl1s,0,0.6413007946814496,8
2021-07-12,rb1s,0,0.2710279322382662,8
2021-07-12,cl1s,1,0.6866501189866316,8
2021-07-13,rb1s,1,0.19671405158517194,8
2021-07-13,cl1s,0,0.5994506831511808,8
2021-07-14,cl1s,0,0.6880411539069634,8
2021-07-14,rb1s,1,0.21797996869005798,8
2021-07-15,cl1s,1,0.5704297578754544,8
2021-07-15,rb1s,1,0.19312902766056636,8
2021-07-16,rb1s,1,0.19387532417537487,8
2021-07-16,cl1s,0,0.5074338322689373,8
2021-07-19,rb1s,1,0.3913952131416599,8
2021-07-19,cl1s,1,0.7168363711981499,8
2021-07-20,rb1s,1,0.39465507888248824,8
2021-07-20,cl1s,1,0.714589542356895,8
2021-07-21,rb1s,1,0.34255801054065776,8
2021-07-21,cl1s,1,0.6508511371842381,8
2021-07-22,rb1s,1,0.292622097623448,8
2021-07-22,cl1s,1,0.5646229498896048,8
2021-07-23,rb1s,0,0.2817401694637244,8
2021-07-23,cl1s,0,0.5162017097016869,8
2021-07-26,rb1s,0,0.2931886697769004,8
2021-07-26,cl1s,0,0.5348191190142306,8
2021-07-27,rb1s,0,0.19964723063908707,8
2021-07-27,cl1s,1,0.3908066576011084,8
2021-07-28,cl1s,1,0.3542103223856029,8
2021-07-28,rb1s,0,0.16052688015939742,8
2021-07-29,rb1s,0,0.1224783106970499,8
2021-07-29,cl1s,1,0.25380755119100384,8
2021-07-30,rb1s,0,0.09684941031744328,8
2021-07-30,cl1s,0,0.3266426991805679,8
2021-08-02,rb1s,0,0.12667260077108172,8
2021-08-02,cl1s,0,0.46824376772140686,8
2021-08-03,cl1s,0,0.5273496906286577,8
2021-08-03,rb1s,0,0.21491368435865885,8
2021-08-04,rb1s,0,0.24397009424052266,8
2021-08-04,cl1s,1,0.6074060495783856,8
2021-08-05,cl1s,0,0.5719589182590703,8
2021-08-05,rb1s,0,0.2584377450824092,8
2021-08-06,cl1s,0,0.6277749953224336,8
2021-08-06,rb1s,0,0.3537339808751589,8
2021-08-09,cl1s,1,0.7208156720877027,8
2021-08-09,rb1s,0,0.4184850449929699,8
2021-08-10,rb1s,0,0.3858822011019815,8
2021-08-10,cl1s,1,0.6680208360183797,8
2021-08-11,cl1s,0,0.6959494341335972,8
2021-08-11,rb1s,0,0.32888686847529347,8
2021-08-12,cl1s,0,0.5750004493836975,8
2021-08-12,rb1s,0,0.34432647937674266,8
2021-08-13,rb1s,0,0.3207354856981256,8
2021-08-13,cl1s,0,0.5239025735180676,8
2021-08-16,cl1s,0,0.6467229234059314,8
2021-08-16,rb1s,0,0.4126780864061575,8
2021-08-17,cl1s,0,0.4667996880226198,8
2021-08-17,rb1s,0,0.3821063586858624,8
2021-08-18,cl1s,0,0.4183959801177763,8
2021-08-18,rb1s,0,0.300652450371281,8
2021-08-19,rb1s,0,0.3474466976810762,8
2021-08-19,cl1s,0,0.4991835272148003,8
2021-08-20,rb1s,1,0.43058697904378357,8
2021-08-20,cl1s,1,0.6236844651288547,8
2021-08-23,rb1s,1,0.45560133255126195,8
2021-08-23,cl1s,1,0.6717371949176804,8
2021-08-24,cl1s,1,0.5088266009325833,8
2021-08-24,rb1s,1,0.2683200367219375,8
2021-08-25,rb1s,0,0.27212163010617574,8
2021-08-25,cl1s,0,0.45440255772077437,8
2021-08-26,rb1s,1,0.22970641357891794,8
2021-08-26,cl1s,1,0.3771292569165074,8
2021-08-27,rb1s,0,0.25547979660805314,8
2021-08-27,cl1s,1,0.39358390443036806,8
2021-08-30,rb1s,0,0.31040016082546834,8
2021-08-30,cl1s,0,0.42860639783892707,8
2021-08-31,cl1s,1,0.4521029749533736,8
2021-08-31,rb1s,0,0.34069160169455304,8
2021-09-01,rb1s,1,0.3745257955657449,8
2021-09-01,cl1s,1,0.5490895914763537,8
2021-09-02,rb1s,0,0.3370170417356971,8
2021-09-02,cl1s,0,0.5206524545239489,8
2021-09-03,rb1s,0,0.2327706259727679,8
2021-09-03,cl1s,0,0.42895172778701385,8
2021-09-07,rb1s,0,0.23116380110786275,8
2021-09-07,cl1s,1,0.41995489016692994,8
2021-09-08,cl1s,0,0.36683357059320904,8
2021-09-08,rb1s,0,0.22122237781525694,8
2021-09-09,rb1s,1,0.21513027454351627,8
2021-09-09,cl1s,1,0.44411361298839097,8
2021-09-10,cl1s,1,0.40790867167931283,8
2021-09-10,rb1s,0,0.27644685403720554,8
2021-09-13,rb1s,0,0.3187266050608098,8
2021-09-13,cl1s,1,0.44445837130211774,8
2021-09-14,cl1s,1,0.43451139923878856,8
2021-09-14,rb1s,0,0.2716777069560004,8
2021-09-15,rb1s,0,0.3039859775342596,8
2021-09-15,cl1s,1,0.4743048871035075,8
2021-09-16,cl1s,0,0.30840442163898035,8
2021-09-16,rb1s,0,0.25041158220837473,8
2021-09-17,cl1s,0,0.3495362882175692,8
2021-09-17,rb1s,0,0.2521778974860994,8
2021-09-20,rb1s,1,0.2674001482745103,8
2021-09-20,cl1s,1,0.36741488653013765,8
2021-09-21,cl1s,1,0.3601828616422037,8
2021-09-21,rb1s,1,0.34038171051888105,8
2021-09-22,cl1s,1,0.4006048072799314,8
2021-09-22,rb1s,1,0.4074046048966984,8
2021-09-23,cl1s,1,0.46045133173771174,8
2021-09-23,rb1s,0,0.30341901510427516,8
2021-09-24,rb1s,1,0.37730088507421916,8
2021-09-24,cl1s,1,0.43267159474633643,8
2021-09-27,rb1s,0,0.30414355640389845,8
2021-09-27,cl1s,0,0.4332311704083307,8
2021-09-28,rb1s,1,0.25826439882392754,8
2021-09-28,cl1s,0,0.375640056648258,8
2021-09-29,rb1s,1,0.23587082274302779,8
2021-09-29,cl1s,1,0.38950816955496387,8
2021-09-30,cl1s,1,0.5053283158728987,8
2021-09-30,rb1s,1,0.2865087797483129,8
2021-10-01,rb1s,1,0.305583639901207,8
2021-10-01,cl1s,1,0.5002587452595842,8
2021-10-04,cl1s,1,0.4299228567827356,8
2021-10-04,rb1s,0,0.1593092779364643,8
2020-08-14,rb1s,1,0.44376699822963045,9
2020-08-17,rb1s,1,0.44376699822963045,9
2020-08-18,rb1s,1,0.44376699822963045,9
2020-08-19,rb1s,0,0.44376699822963045,9
2020-08-20,rb1s,0,0.44376699822963045,9
2020-08-21,rb1s,1,0.44376699822963045,9
2020-08-21,cl1s,1,0.5745445464972667,9
2020-08-24,rb1s,0,0.44376699822963045,9
2020-08-24,cl1s,1,0.5745445464972667,9
2020-08-25,cl1s,1,0.5745445464972667,9
2020-08-25,rb1s,0,0.44376699822963045,9
2020-08-26,rb1s,0,0.44376699822963045,9
2020-08-26,cl1s,0,0.5745445464972667,9
2020-08-27,rb1s,0,0.44376699822963045,9
2020-08-28,rb1s,0,0.44376699822963045,9
2020-08-31,rb1s,0,0.44376699822963045,9
2020-09-01,cl1s,0,0.5745445464972667,9
2020-09-01,rb1s,0,0.44376699822963045,9
2020-09-02,rb1s,0,0.44376699822963045,9
2020-09-02,cl1s,0,0.5745445464972667,9
2020-09-03,rb1s,0,0.44376699822963045,9
2020-09-04,rb1s,0,0.44376699822963045,9
2020-09-08,ho1s,1,0.5745445464972667,9
2020-09-08,rb1s,0,0.44376699822963045,9
2020-09-09,rb1s,0,0.44376699822963045,9
2020-09-10,rb1s,1,0.44376699822963045,9
2020-09-11,rb1s,1,0.44376699822963045,9
2020-09-14,rb1s,1,0.44376699822963045,9
2020-09-15,rb1s,1,0.44376699822963045,9
2020-09-16,cl1s,1,0.5745445464972667,9
2020-09-16,rb1s,0,0.44376699822963045,9
2020-09-17,rb1s,0,0.44376699822963045,9
2020-09-18,rb1s,0,0.44376699822963045,9
2020-09-21,ho1s,0,0.5745445464972667,9
2020-09-21,rb1s,0,0.44376699822963045,9
2020-09-21,cl1s,1,0.5745445464972667,9
2020-09-22,ho1s,1,0.5745445464972667,9
2020-09-22,rb1s,0,0.44376699822963045,9
2020-09-22,cl1s,1,0.5745445464972667,9
2020-09-23,rb1s,0,0.44376699822963045,9
2020-09-23,ho1s,1,0.5745445464972667,9
2020-09-23,cl1s,1,0.5745445464972667,9
2020-09-24,rb1s,0,0.44376699822963045,9
2020-09-24,ng1s,1,0.5428648905069174,9
2020-09-24,ho1s,1,0.5745445464972667,9
2020-09-24,cl1s,0,0.5745445464972667,9
2020-09-25,ho1s,1,0.5745445464972667,9
2020-09-25,rb1s,0,0.44376699822963045,9
2020-09-25,cl1s,1,0.5745445464972667,9
2020-09-28,cl1s,0,0.5745445464972667,9
2020-09-28,rb1s,0,0.44376699822963045,9
2020-09-29,cl1s,1,0.5745445464972667,9
2020-09-29,ho1s,1,0.5745445464972667,9
2020-09-29,rb1s,0,0.44376699822963045,9
2020-09-30,cl1s,0,0.5745445464972667,9
2020-09-30,ho1s,0,0.5745445464972667,9
2020-09-30,rb1s,0,0.44376699822963045,9
2020-10-01,cl1s,0,0.5745445464972667,9
2020-10-01,ho1s,0,0.5745445464972667,9
2020-10-01,rb1s,0,0.44376699822963045,9
2020-10-02,ho1s,1,0.5745445464972667,9
2020-10-02,rb1s,1,0.44376699822963045,9
2020-10-02,cl1s,1,0.5745445464972667,9
2020-10-05,cl1s,1,0.5745445464972667,9
2020-10-05,rb1s,0,0.44376699822963045,9
2020-10-06,rb1s,0,0.44376699822963045,9
2020-10-07,cl1s,1,0.5745445464972667,9
2020-10-07,rb1s,0,0.44376699822963045,9
2020-10-08,rb1s,0,0.44376699822963045,9
2020-10-08,cl1s,0,0.5745445464972667,9
2020-10-09,ng1s,0,0.5428648905069174,9
2020-10-09,cl1s,0,0.5745445464972667,9
2020-10-09,rb1s,0,0.44376699822963045,9
2020-10-12,rb1s,0,0.44376699822963045,9
2020-10-12,ng1s,1,0.5428648905069174,9
2020-10-12,cl1s,1,0.5745445464972667,9
2020-10-13,rb1s,0,0.44376699822963045,9
2020-10-13,cl1s,1,0.5745445464972667,9
2020-10-13,ng1s,1,0.5428648905069174,9
2020-10-14,cl1s,0,0.5745445464972667,9
2020-10-14,ng1s,0,0.5428648905069174,9
2020-10-14,rb1s,0,0.44376699822963045,9
2020-10-15,cl1s,0,0.5745445464972667,9
2020-10-15,rb1s,0,0.44376699822963045,9
2020-10-16,cl1s,0,0.5745445464972667,9
2020-10-16,rb1s,0,0.44376699822963045,9
2020-10-19,rb1s,0,0.44376699822963045,9
2020-10-19,cl1s,1,0.5745445464972667,9
2020-10-20,cl1s,0,0.5745445464972667,9
2020-10-20,rb1s,0,0.44376699822963045,9
2020-10-21,cl1s,1,0.5745445464972667,9
2020-10-21,rb1s,0,0.44376699822963045,9
2020-10-22,cl1s,0,0.5745445464972667,9
2020-10-22,rb1s,0,0.44376699822963045,9
2020-10-23,ho1s,0,0.5745445464972667,9
2020-10-23,rb1s,0,0.44376699822963045,9
2020-10-23,cl1s,0,0.5745445464972667,9
2020-10-26,ng1s,0,0.5428648905069174,9
2020-10-26,ho1s,1,0.5745445464972667,9
2020-10-26,rb1s,0,0.44376699822963045,9
2020-10-26,cl1s,1,0.5745445464972667,9
2020-10-27,ng1s,1,0.5428648905069174,9
2020-10-27,ho1s,0,0.5745445464972667,9
2020-10-27,rb1s,0,0.44376699822963045,9
2020-10-27,cl1s,0,0.5745445464972667,9
2020-10-28,cl1s,0,0.5745445464972667,9
2020-10-28,rb1s,0,0.44376699822963045,9
2020-10-29,cl1s,0,0.5745445464972667,9
2020-10-29,ho1s,0,0.5745445464972667,9
2020-10-29,rb1s,1,0.44376699822963045,9
2020-10-30,cl1s,1,0.5745445464972667,9
2020-10-30,rb1s,1,0.44376699822963045,9
2020-10-30,ho1s,1,0.5745445464972667,9
2020-11-02,rb1s,1,0.44376699822963045,9
2020-11-02,cl1s,1,0.5745445464972667,9
2020-11-03,rb1s,1,0.44376699822963045,9
2020-11-03,cl1s,1,0.5745445464972667,9
2020-11-04,cl1s,0,0.5745445464972667,9
2020-11-04,rb1s,0,0.44376699822963045,9
2020-11-05,cl1s,0,0.5745445464972667,9
2020-11-05,rb1s,0,0.44376699822963045,9
2020-11-06,cl1s,1,0.5745445464972667,9
2020-11-06,rb1s,1,0.44376699822963045,9
2020-11-09,cl1s,1,0.5745445464972667,9
2020-11-09,rb1s,0,0.44376699822963045,9
2020-11-10,cl1s,1,0.5745445464972667,9
2020-11-10,rb1s,0,0.44376699822963045,9
2020-11-11,cl1s,0,0.5745445464972667,9
2020-11-11,rb1s,0,0.44376699822963045,9
2020-11-12,rb1s,0,0.44376699822963045,9
2020-11-12,cl1s,0,0.5745445464972667,9
2020-11-13,rb1s,1,0.44376699822963045,9
2020-11-13,cl1s,1,0.5745445464972667,9
2020-11-16,cl1s,1,0.5745445464972667,9
2020-11-16,rb1s,1,0.44376699822963045,9
2020-11-17,rb1s,1,0.44376699822963045,9
2020-11-17,cl1s,1,0.5745445464972667,9
2020-11-18,rb1s,1,0.44376699822963045,9
2020-11-18,cl1s,0,0.5745445464972667,9
2020-11-19,cl1s,1,0.5745445464972667,9
2020-11-19,rb1s,1,0.44376699822963045,9
2020-11-20,rb1s,1,0.44376699822963045,9
2020-11-20,cl1s,1,0.5745445464972667,9
2020-11-23,cl1s,1,0.5745445464972667,9
2020-11-23,rb1s,1,0.44376699822963045,9
2020-11-24,rb1s,0,0.44376699822963045,9
2020-11-24,cl1s,1,0.5745445464972667,9
2020-11-25,rb1s,0,0.44376699822963045,9
2020-11-27,rb1s,0,0.44376699822963045,9
2020-11-30,rb1s,0,0.44376699822963045,9
2020-12-01,cl1s,1,0.5745445464972667,9
2020-12-01,rb1s,1,0.44376699822963045,9
2020-12-02,rb1s,1,0.44376699822963045,9
2020-12-02,cl1s,1,0.5745445464972667,9
2020-12-03,rb1s,1,0.44376699822963045,9
2020-12-03,cl1s,1,0.5745445464972667,9
2020-12-04,cl1s,0,0.5745445464972667,9
2020-12-04,rb1s,0,0.44376699822963045,9
2020-12-07,rb1s,1,0.44376699822963045,9
2020-12-07,cl1s,0,0.5745445464972667,9
2020-12-08,rb1s,1,0.44376699822963045,9
2020-12-08,cl1s,0,0.5745445464972667,9
2020-12-09,cl1s,1,0.5745445464972667,9
2020-12-09,rb1s,1,0.44376699822963045,9
2020-12-10,rb1s,0,0.44376699822963045,9
2020-12-11,cl1s,1,0.5745445464972667,9
2020-12-11,rb1s,1,0.44376699822963045,9
2020-12-14,rb1s,1,0.44376699822963045,9
2020-12-15,rb1s,1,0.44376699822963045,9
2020-12-16,rb1s,0,0.44376699822963045,9
2020-12-17,rb1s,0,0.44376699822963045,9
2020-12-18,ho1s,1,0.5428648905069174,9
2020-12-18,rb1s,0,0.44376699822963045,9
2020-12-21,rb1s,0,0.44376699822963045,9
2020-12-21,ho1s,1,0.5428648905069174,9
2020-12-22,rb1s,1,0.44376699822963045,9
2020-12-23,rb1s,0,0.44376699822963045,9
2020-12-24,rb1s,0,0.44376699822963045,9
2020-12-28,rb1s,1,0.44376699822963045,9
2020-12-29,rb1s,1,0.44376699822963045,9
2020-12-30,rb1s,0,0.44376699822963045,9
2020-12-31,rb1s,0,0.44376699822963045,9
2021-01-04,ho1s,1,0.5745445464972667,9
2021-01-04,cl1s,1,0.5745445464972667,9
2021-01-04,rb1s,1,0.44376699822963045,9
2021-01-05,cl1s,1,0.5745445464972667,9
2021-01-05,rb1s,1,0.44376699822963045,9
2021-01-06,rb1s,0,0.41231013796860405,9
2021-01-06,cl1s,1,0.5745445464972667,9
2021-01-07,cl1s,1,0.5745445464972667,9
2021-01-07,rb1s,0,0.41231013796860405,9
2021-01-08,rb1s,0,0.41231013796860405,9
2021-01-08,cl1s,1,0.5745445464972667,9
2021-01-11,cl1s,1,0.5745445464972667,9
2021-01-11,rb1s,0,0.41231013796860405,9
2021-01-12,rb1s,0,0.41231013796860405,9
2021-01-13,rb1s,0,0.41231013796860405,9
2021-01-14,rb1s,0,0.41231013796860405,9
2021-01-15,cl1s,1,0.5745445464972667,9
2021-01-15,rb1s,0,0.41231013796860405,9
2021-01-19,rb1s,0,0.41231013796860405,9
2021-01-19,cl1s,1,0.5745445464972667,9
2021-01-20,cl1s,0,0.5745445464972667,9
2021-01-20,rb1s,0,0.41231013796860405,9
2021-01-21,cl1s,0,0.5745445464972667,9
2021-01-21,rb1s,0,0.41231013796860405,9
2021-01-22,rb1s,0,0.41231013796860405,9
2021-01-25,rb1s,0,0.41231013796860405,9
2021-01-26,rb1s,0,0.41231013796860405,9
2021-01-27,rb1s,0,0.41231013796860405,9
2021-01-28,rb1s,0,0.41231013796860405,9
2021-01-29,rb1s,0,0.41231013796860405,9
2021-02-01,rb1s,0,0.41231013796860405,9
2021-02-02,rb1s,0,0.41231013796860405,9
2021-02-03,rb1s,0,0.41231013796860405,9
2021-02-04,rb1s,0,0.41231013796860405,9
2021-02-04,cl1s,0,0.5428648905069174,9
2021-02-05,cl1s,0,0.5428648905069174,9
2021-02-05,rb1s,0,0.41231013796860405,9
2021-02-08,rb1s,0,0.41231013796860405,9
2021-02-08,cl1s,0,0.5428648905069174,9
2021-02-09,rb1s,0,0.41231013796860405,9
2021-02-09,cl1s,0,0.5428648905069174,9
2021-02-10,rb1s,0,0.41231013796860405,9
2021-02-10,cl1s,1,0.5428648905069174,9
2021-02-11,rb1s,0,0.41231013796860405,9
2021-02-11,cl1s,0,0.5428648905069174,9
2021-02-12,cl1s,0,0.5428648905069174,9
2021-02-12,rb1s,0,0.41231013796860405,9
2021-02-16,ng1s,0,0.5428648905069174,9
2021-02-16,rb1s,0,0.41231013796860405,9
2021-02-16,cl1s,0,0.5428648905069174,9
2021-02-17,rb1s,0,0.41231013796860405,9
2021-02-17,cl1s,1,0.5428648905069174,9
2021-02-18,rb1s,0,0.41231013796860405,9
2021-02-18,cl1s,1,0.5428648905069174,9
2021-02-19,rb1s,0,0.41231013796860405,9
2021-02-19,cl1s,0,0.5428648905069174,9
2021-02-22,cl1s,1,0.5428648905069174,9
2021-02-22,rb1s,0,0.41231013796860405,9
2021-02-23,cl1s,0,0.5428648905069174,9
2021-02-23,rb1s,0,0.41231013796860405,9
2021-02-24,rb1s,0,0.41231013796860405,9
2021-02-24,cl1s,0,0.5428648905069174,9
2021-02-25,cl1s,1,0.5428648905069174,9
2021-02-25,rb1s,0,0.41231013796860405,9
2021-02-26,rb1s,0,0.41231013796860405,9
2021-03-01,rb1s,0,0.41231013796860405,9
2021-03-02,rb1s,0,0.41231013796860405,9
2021-03-03,rb1s,0,0.41231013796860405,9
2021-03-04,rb1s,0,0.41231013796860405,9
2021-03-05,rb1s,0,0.41231013796860405,9
2021-03-05,cl1s,1,0.5428648905069174,9
2021-03-08,cl1s,1,0.5428648905069174,9
2021-03-08,rb1s,0,0.41231013796860405,9
2021-03-09,rb1s,0,0.41231013796860405,9
2020-08-14,rb1s,1,0.46563084360469237,10
2020-08-17,rb1s,1,0.46563084360469237,10
2020-08-18,rb1s,1,0.46563084360469237,10
2020-08-19,rb1s,0,0.46563084360469237,10
2020-08-20,rb1s,0,0.46563084360469237,10
2020-08-21,rb1s,1,0.46563084360469237,10
2020-08-21,cl1s,1,0.5584468387396475,10
2020-08-24,rb1s,0,0.46563084360469237,10
2020-08-24,cl1s,1,0.5584468387396475,10
2020-08-25,cl1s,1,0.5584468387396475,10
2020-08-25,rb1s,0,0.46563084360469237,10
2020-08-26,rb1s,0,0.46563084360469237,10
2020-08-26,cl1s,0,0.5584468387396475,10
2020-08-27,rb1s,0,0.46563084360469237,10
2020-08-28,rb1s,0,0.46563084360469237,10
2020-08-31,rb1s,0,0.46563084360469237,10
2020-09-01,cl1s,0,0.5584468387396475,10
2020-09-01,rb1s,0,0.46563084360469237,10
2020-09-02,rb1s,0,0.46563084360469237,10
2020-09-02,cl1s,0,0.5584468387396475,10
2020-09-03,rb1s,0,0.46563084360469237,10
2020-09-04,rb1s,0,0.46563084360469237,10
2020-09-08,ho1s,1,0.5584468387396475,10
2020-09-08,rb1s,0,0.46563084360469237,10
2020-09-09,rb1s,0,0.46563084360469237,10
2020-09-10,rb1s,1,0.46563084360469237,10
2020-09-11,rb1s,1,0.46563084360469237,10
2020-09-14,rb1s,1,0.46563084360469237,10
2020-09-15,rb1s,1,0.46563084360469237,10
2020-09-16,cl1s,1,0.5584468387396475,10
2020-09-16,rb1s,0,0.46563084360469237,10
2020-09-17,rb1s,0,0.46563084360469237,10
2020-09-18,rb1s,0,0.46563084360469237,10
2020-09-21,ho1s,0,0.5584468387396475,10
2020-09-21,rb1s,0,0.46563084360469237,10
2020-09-21,cl1s,1,0.5584468387396475,10
2020-09-22,ho1s,1,0.5584468387396475,10
2020-09-22,rb1s,0,0.46563084360469237,10
2020-09-22,cl1s,1,0.5584468387396475,10
2020-09-23,rb1s,0,0.46563084360469237,10
2020-09-23,ho1s,1,0.5584468387396475,10
2020-09-23,cl1s,1,0.5584468387396475,10
2020-09-24,rb1s,0,0.46563084360469237,10
2020-09-24,ng1s,1,0.52343467608603,10
2020-09-24,ho1s,1,0.5584468387396475,10
2020-09-24,cl1s,0,0.5584468387396475,10
2020-09-25,ho1s,1,0.5584468387396475,10
2020-09-25,rb1s,0,0.46563084360469237,10
2020-09-25,cl1s,1,0.5584468387396475,10
2020-09-28,cl1s,0,0.5584468387396475,10
2020-09-28,rb1s,0,0.46563084360469237,10
2020-09-29,cl1s,1,0.5584468387396475,10
2020-09-29,ho1s,1,0.5584468387396475,10
2020-09-29,rb1s,0,0.46563084360469237,10
2020-09-30,cl1s,0,0.5584468387396475,10
2020-09-30,ho1s,0,0.5584468387396475,10
2020-09-30,rb1s,0,0.46563084360469237,10
2020-10-01,cl1s,0,0.5584468387396475,10
2020-10-01,ho1s,0,0.5584468387396475,10
2020-10-01,rb1s,0,0.46563084360469237,10
2020-10-02,ho1s,1,0.5584468387396475,10
2020-10-02,rb1s,1,0.46563084360469237,10
2020-10-02,cl1s,1,0.5584468387396475,10
2020-10-05,cl1s,1,0.5584468387396475,10
2020-10-05,rb1s,0,0.46563084360469237,10
2020-10-06,rb1s,0,0.46563084360469237,10
2020-10-07,cl1s,1,0.5584468387396475,10
2020-10-07,rb1s,0,0.46563084360469237,10
2020-10-08,rb1s,0,0.46563084360469237,10
2020-10-08,cl1s,0,0.5584468387396475,10
2020-10-09,ng1s,0,0.52343467608603,10
2020-10-09,cl1s,0,0.5584468387396475,10
2020-10-09,rb1s,0,0.46563084360469237,10
2020-10-12,rb1s,0,0.46563084360469237,10
2020-10-12,ng1s,1,0.52343467608603,10
2020-10-12,cl1s,1,0.5584468387396475,10
2020-10-13,rb1s,0,0.46563084360469237,10
2020-10-13,cl1s,1,0.5584468387396475,10
2020-10-13,ng1s,1,0.52343467608603,10
2020-10-14,cl1s,0,0.5584468387396475,10
2020-10-14,ng1s,0,0.52343467608603,10
2020-10-14,rb1s,0,0.46563084360469237,10
2020-10-15,cl1s,0,0.5584468387396475,10
2020-10-15,rb1s,0,0.46563084360469237,10
2020-10-16,cl1s,0,0.5584468387396475,10
2020-10-16,rb1s,0,0.46563084360469237,10
2020-10-19,rb1s,0,0.46563084360469237,10
2020-10-19,cl1s,1,0.5584468387396475,10
2020-10-20,cl1s,0,0.5584468387396475,10
2020-10-20,rb1s,0,0.46563084360469237,10
2020-10-21,cl1s,1,0.5584468387396475,10
2020-10-21,rb1s,0,0.46563084360469237,10
2020-10-22,cl1s,0,0.5584468387396475,10
2020-10-22,rb1s,0,0.46563084360469237,10
2020-10-23,ho1s,0,0.5584468387396475,10
2020-10-23,rb1s,0,0.46563084360469237,10
2020-10-23,cl1s,0,0.5584468387396475,10
2020-10-26,ng1s,0,0.52343467608603,10
2020-10-26,ho1s,1,0.5584468387396475,10
2020-10-26,rb1s,0,0.46563084360469237,10
2020-10-26,cl1s,1,0.5584468387396475,10
2020-10-27,ng1s,1,0.52343467608603,10
2020-10-27,ho1s,0,0.5584468387396475,10
2020-10-27,rb1s,0,0.46563084360469237,10
2020-10-27,cl1s,0,0.5584468387396475,10
2020-10-28,cl1s,0,0.5584468387396475,10
2020-10-28,rb1s,0,0.46563084360469237,10
2020-10-29,cl1s,0,0.5584468387396475,10
2020-10-29,ho1s,0,0.5584468387396475,10
2020-10-29,rb1s,1,0.46563084360469237,10
2020-10-30,cl1s,1,0.5584468387396475,10
2020-10-30,rb1s,1,0.46563084360469237,10
2020-10-30,ho1s,1,0.5584468387396475,10
2020-11-02,rb1s,1,0.46563084360469237,10
2020-11-02,cl1s,1,0.5584468387396475,10
2020-11-03,rb1s,1,0.46563084360469237,10
2020-11-03,cl1s,1,0.5584468387396475,10
2020-11-04,cl1s,0,0.5584468387396475,10
2020-11-04,rb1s,0,0.46563084360469237,10
2020-11-05,cl1s,0,0.5584468387396475,10
2020-11-05,rb1s,0,0.46563084360469237,10
2020-11-06,cl1s,1,0.5584468387396475,10
2020-11-06,rb1s,1,0.46563084360469237,10
2020-11-09,cl1s,1,0.5584468387396475,10
2020-11-09,rb1s,0,0.46563084360469237,10
2020-11-10,cl1s,1,0.5584468387396475,10
2020-11-10,rb1s,0,0.46563084360469237,10
2020-11-11,cl1s,0,0.5584468387396475,10
2021-03-10,rb1s,0,0.4307609102163669,10
2021-03-11,rb1s,0,0.4307609102163669,10
2021-03-12,rb1s,1,0.4307609102163669,10
2021-03-15,rb1s,1,0.4307609102163669,10
2021-03-16,rb1s,1,0.4307609102163669,10
2021-03-17,rb1s,1,0.4307609102163669,10
2021-03-18,rb1s,0,0.46563084360469237,10
2021-03-19,rb1s,0,0.46563084360469237,10
2021-03-22,rb1s,0,0.46563084360469237,10
2021-03-23,rb1s,0,0.4307609102163669,10
2021-03-24,rb1s,0,0.46563084360469237,10
2021-03-25,rb1s,1,0.46563084360469237,10
2021-03-26,rb1s,0,0.4307609102163669,10
2021-03-29,rb1s,0,0.4307609102163669,10
2021-03-30,rb1s,0,0.4307609102163669,10
2021-03-31,rb1s,0,0.4307609102163669,10
2021-04-01,rb1s,0,0.4307609102163669,10
2021-04-05,rb1s,0,0.4307609102163669,10
2021-04-06,rb1s,0,0.4307609102163669,10
2021-04-07,rb1s,0,0.4307609102163669,10
2021-04-08,rb1s,0,0.4307609102163669,10
2021-04-09,rb1s,0,0.4307609102163669,10
2021-04-12,rb1s,0,0.4307609102163669,10
2021-04-13,rb1s,0,0.4307609102163669,10
2021-04-14,rb1s,0,0.4307609102163669,10
2021-04-15,rb1s,0,0.4307609102163669,10
2021-04-15,cl1s,0,0.5584468387396475,10
2021-04-16,rb1s,0,0.4307609102163669,10
2021-04-16,cl1s,1,0.5584468387396475,10
2021-04-19,cl1s,0,0.5584468387396475,10
2021-04-19,rb1s,0,0.4307609102163669,10
2021-04-20,rb1s,0,0.4307609102163669,10
2021-04-20,cl1s,0,0.5584468387396475,10
2021-04-21,cl1s,1,0.5584468387396475,10
2021-04-21,rb1s,0,0.4307609102163669,10
2021-04-22,rb1s,0,0.4307609102163669,10
2021-04-22,cl1s,1,0.5584468387396475,10
2021-04-23,rb1s,0,0.4307609102163669,10
2021-04-23,cl1s,0,0.5584468387396475,10
2021-04-26,cl1s,1,0.5584468387396475,10
2021-04-26,rb1s,0,0.4307609102163669,10
2021-04-27,cl1s,1,0.5584468387396475,10
2021-04-27,rb1s,0,0.4307609102163669,10
2021-04-28,cl1s,1,0.5584468387396475,10
2021-04-28,rb1s,0,0.4307609102163669,10
2021-04-29,rb1s,0,0.4307609102163669,10
2021-04-29,cl1s,0,0.5584468387396475,10
2021-04-30,cl1s,1,0.5584468387396475,10
2021-04-30,rb1s,0,0.4307609102163669,10
2021-05-03,cl1s,1,0.5584468387396475,10
2021-05-03,rb1s,0,0.46563084360469237,10
2021-05-04,cl1s,0,0.5584468387396475,10
2021-05-04,rb1s,0,0.4307609102163669,10
2021-05-05,rb1s,0,0.4307609102163669,10
2021-05-05,cl1s,0,0.5584468387396475,10
2021-05-06,rb1s,0,0.4307609102163669,10
2021-05-07,rb1s,0,0.4307609102163669,10
2021-05-10,rb1s,0,0.4307609102163669,10
2021-05-11,rb1s,0,0.4307609102163669,10
2021-05-12,rb1s,1,0.4307609102163669,10
2021-05-12,cl1s,0,0.5584468387396475,10
2021-05-13,rb1s,0,0.46563084360469237,10
2021-05-14,rb1s,0,0.46563084360469237,10
2021-05-14,cl1s,1,0.5584468387396475,10
2021-05-17,cl1s,0,0.5584468387396475,10
2021-05-17,rb1s,0,0.46563084360469237,10
2021-05-18,rb1s,0,0.46563084360469237,10
2021-05-19,cl1s,0,0.5584468387396475,10
2021-05-19,rb1s,0,0.46563084360469237,10
2021-05-20,cl1s,1,0.5584468387396475,10
2021-05-20,rb1s,1,0.46563084360469237,10
2021-05-21,cl1s,1,0.5584468387396475,10
2021-05-21,rb1s,1,0.46563084360469237,10
2021-05-24,rb1s,0,0.4307609102163669,10
2021-05-24,cl1s,1,0.5584468387396475,10
2021-05-25,rb1s,0,0.4307609102163669,10
2021-05-25,cl1s,1,0.5584468387396475,10
2021-05-26,rb1s,0,0.4307609102163669,10
2021-05-26,cl1s,1,0.5584468387396475,10
2021-05-27,rb1s,0,0.4307609102163669,10
2021-05-27,cl1s,0,0.5584468387396475,10
2021-05-28,rb1s,0,0.4307609102163669,10
2021-05-28,cl1s,1,0.5584468387396475,10
2021-06-01,cl1s,1,0.5584468387396475,10
2021-06-01,rb1s,0,0.4307609102163669,10
2021-06-02,rb1s,0,0.4307609102163669,10
2021-06-02,cl1s,0,0.5584468387396475,10
2021-06-03,rb1s,0,0.4307609102163669,10
2021-06-03,cl1s,1,0.5584468387396475,10
2021-06-04,cl1s,0,0.5584468387396475,10
2021-06-04,rb1s,0,0.4307609102163669,10
2021-06-07,cl1s,1,0.5584468387396475,10
2021-06-07,rb1s,0,0.4307609102163669,10
2021-06-08,cl1s,0,0.5584468387396475,10
2021-06-08,rb1s,0,0.4307609102163669,10
2021-06-09,cl1s,1,0.5584468387396475,10
2021-06-09,rb1s,0,0.4307609102163669,10
2021-06-10,cl1s,1,0.5584468387396475,10
2021-06-10,rb1s,0,0.4307609102163669,10
2021-06-11,rb1s,0,0.4307609102163669,10
2021-06-14,rb1s,0,0.4307609102163669,10
2021-06-15,cl1s,1,0.5584468387396475,10
2021-06-15,rb1s,0,0.4307609102163669,10
2021-06-16,rb1s,0,0.4307609102163669,10
2021-06-16,cl1s,0,0.5584468387396475,10
2021-06-17,rb1s,0,0.4307609102163669,10
2021-06-17,ho1s,1,0.5584468387396475,10
2021-06-17,cl1s,1,0.5584468387396475,10
2021-06-18,rb1s,0,0.4307609102163669,10
2021-06-18,cl1s,1,0.5584468387396475,10
2021-06-21,rb1s,0,0.4307609102163669,10
2021-06-21,cl1s,0,0.5584468387396475,10
2021-06-22,rb1s,0,0.4307609102163669,10
2021-06-22,cl1s,1,0.5584468387396475,10
2021-06-23,rb1s,0,0.4307609102163669,10
2021-06-24,cl1s,1,0.5584468387396475,10
2021-06-24,rb1s,1,0.4307609102163669,10
2021-06-25,rb1s,0,0.4307609102163669,10
2021-06-25,cl1s,0,0.5584468387396475,10
2021-06-28,rb1s,0,0.4307609102163669,10
2021-06-28,ho1s,1,0.5584468387396475,10
2021-06-28,cl1s,1,0.5584468387396475,10
2021-06-29,ho1s,1,0.5584468387396475,10
2021-06-29,rb1s,0,0.4307609102163669,10
2021-06-29,cl1s,1,0.5584468387396475,10
2021-06-30,cl1s,1,0.5584468387396475,10
2021-06-30,rb1s,0,0.4307609102163669,10
2021-07-01,cl1s,0,0.5584468387396475,10
2020-08-14,rb1s,1,0.46769234036408186,11
2020-08-17,rb1s,1,0.46769234036408186,11
2020-08-18,rb1s,1,0.46769234036408186,11
2020-08-19,rb1s,0,0.46769234036408186,11
2020-08-20,rb1s,0,0.46769234036408186,11
2020-08-21,rb1s,1,0.46769234036408186,11
2020-08-21,cl1s,1,0.6099025923580987,11
2020-08-24,rb1s,0,0.46769234036408186,11
2020-08-24,cl1s,1,0.6099025923580987,11
2020-08-25,cl1s,1,0.6099025923580987,11
2020-08-25,rb1s,0,0.46769234036408186,11
2020-08-26,rb1s,0,0.46769234036408186,11
2020-08-26,cl1s,0,0.6099025923580987,11
2020-08-27,rb1s,0,0.46769234036408186,11
2020-08-28,rb1s,0,0.46769234036408186,11
2020-08-31,rb1s,0,0.46769234036408186,11
2020-09-01,cl1s,0,0.6118386140802317,11
2020-09-01,rb1s,0,0.46769234036408186,11
2020-09-02,rb1s,0,0.46769234036408186,11
2020-09-02,cl1s,0,0.6111936623366957,11
2020-09-03,rb1s,0,0.46769234036408186,11
2020-09-04,rb1s,0,0.46769234036408186,11
2020-09-08,ho1s,1,0.6144144856295756,11
2020-09-08,rb1s,0,0.4683682788781614,11
2020-09-09,rb1s,0,0.4683682788781614,11
2020-09-10,rb1s,1,0.4683682788781614,11
2020-09-11,rb1s,1,0.4683682788781614,11
2020-09-14,rb1s,1,0.4683682788781614,11
2020-09-15,rb1s,1,0.4683682788781614,11
2020-09-16,cl1s,1,0.610548321086848,11
2020-09-16,rb1s,0,0.4683682788781614,11
2020-09-17,rb1s,0,0.4683682788781614,11
2020-09-18,rb1s,0,0.4683682788781614,11
2020-09-21,ho1s,0,0.6137711120787371,11
2020-09-21,rb1s,0,0.4683682788781614,11
2020-09-21,cl1s,1,0.6111936623366957,11
2020-09-22,ho1s,1,0.6131273409653282,11
2020-09-22,rb1s,0,0.4683682788781614,11
2020-09-22,cl1s,1,0.6111936623366957,11
2020-09-23,rb1s,0,0.4683682788781614,11
2020-09-23,ho1s,1,0.6124831742953611,11
2020-09-23,cl1s,1,0.6111936623366957,11
2020-09-24,rb1s,0,0.4683682788781614,11
2020-09-24,ng1s,1,0.5258937175856878,11
2020-09-24,ho1s,1,0.6118386140802317,11
2020-09-24,cl1s,0,0.610548321086848,11
2020-09-25,ho1s,1,0.6111936623366957,11
2020-09-25,rb1s,0,0.4683682788781614,11
2020-09-25,cl1s,1,0.6099025923580987,11
2020-09-28,cl1s,0,0.6092564781831513,11
2020-09-28,rb1s,0,0.4683682788781614,11
2020-09-29,cl1s,1,0.6092564781831513,11
2020-09-29,ho1s,1,0.610548321086848,11
2020-09-29,rb1s,0,0.4683682788781614,11
2020-09-30,cl1s,0,0.6092564781831513,11
2020-09-30,ho1s,0,0.6099025923580987,11
2020-09-30,rb1s,0,0.4683682788781614,11
2020-10-01,cl1s,0,0.6086099805999788,11
2020-10-01,ho1s,0,0.6092564781831513,11
2020-10-01,rb1s,0,0.4683682788781614,11
2020-10-02,ho1s,1,0.6086099805999788,11
2020-10-02,rb1s,1,0.4683682788781614,11
2020-10-02,cl1s,1,0.6079631016518015,11
2020-10-05,cl1s,1,0.6073158433870631,11
2020-10-05,rb1s,0,0.46769234036408186,11
2020-10-06,rb1s,0,0.46769234036408186,11
2020-10-07,cl1s,1,0.6066682078594082,11
2020-10-07,rb1s,0,0.46769234036408186,11
2020-10-08,rb1s,0,0.46769234036408186,11
2020-10-08,cl1s,0,0.6060201971276581,11
2020-10-09,ng1s,0,0.5252167773163561,11
2020-10-09,cl1s,0,0.6053718132557868,11
2020-10-09,rb1s,0,0.46769234036408186,11
2020-10-12,rb1s,0,0.46769234036408186,11
2020-10-12,ng1s,1,0.5245397443542699,11
2020-10-12,cl1s,1,0.6047230583128985,11
2020-10-13,rb1s,0,0.46769234036408186,11
2020-10-13,cl1s,1,0.6040739343732024,11
2020-10-13,ng1s,1,0.523862621175906,11
2020-10-14,cl1s,0,0.6040739343732024,11
2020-10-14,ng1s,0,0.5231854102590666,11
2020-10-14,rb1s,0,0.46769234036408186,11
2020-10-15,cl1s,0,0.6034244435159896,11
2020-10-15,rb1s,0,0.46769234036408186,11
2020-10-16,cl1s,0,0.6027745878256073,11
2020-10-16,rb1s,0,0.46769234036408186,11
2020-10-19,rb1s,0,0.46769234036408186,11
2020-10-19,cl1s,1,0.6027745878256073,11
2020-10-20,cl1s,0,0.6027745878256073,11
2020-10-20,rb1s,0,0.46769234036408186,11
2020-10-21,cl1s,1,0.6027745878256073,11
2020-10-21,rb1s,0,0.46769234036408186,11
2020-10-22,cl1s,0,0.6027745878256073,11
2020-10-22,rb1s,0,0.46769234036408186,11
2020-10-23,ho1s,0,0.6118386140802317,11
2020-10-23,rb1s,0,0.46769234036408186,11
2020-10-23,cl1s,0,0.6027745878256073,11
2020-10-26,ng1s,0,0.5231854102590666,11
2020-10-26,ho1s,1,0.6111936623366957,11
2020-10-26,rb1s,0,0.46769234036408186,11
2020-10-26,cl1s,1,0.6027745878256073,11
2020-10-27,ng1s,1,0.5225081140828424,11
2020-10-27,ho1s,0,0.6111936623366957,11
2020-10-27,rb1s,0,0.46769234036408186,11
2020-10-27,cl1s,0,0.6027745878256073,11
2020-10-28,cl1s,0,0.6027745878256073,11
2020-10-28,rb1s,0,0.46769234036408186,11
2020-10-29,cl1s,0,0.6027745878256073,11
2020-10-29,ho1s,0,0.6118386140802317,11
2020-10-29,rb1s,1,0.46769234036408186,11
2020-10-30,cl1s,1,0.6027745878256073,11
2020-10-30,rb1s,1,0.46769234036408186,11
2020-10-30,ho1s,1,0.6118386140802317,11
2020-11-02,rb1s,1,0.46769234036408186,11
2020-11-02,cl1s,1,0.6027745878256073,11
2020-11-03,rb1s,1,0.46769234036408186,11
2020-11-03,cl1s,1,0.6021243693914369,11
2020-11-04,cl1s,0,0.6021243693914369,11
2020-11-04,rb1s,0,0.46769234036408186,11
2020-11-05,cl1s,0,0.6021243693914369,11
2020-11-05,rb1s,0,0.46769234036408186,11
2020-11-06,cl1s,1,0.6021243693914369,11
2020-11-06,rb1s,1,0.46769234036408186,11
2020-11-09,cl1s,1,0.6021243693914369,11
2020-11-09,rb1s,0,0.46769234036408186,11
2020-11-10,cl1s,1,0.6021243693914369,11
2020-11-10,rb1s,0,0.46769234036408186,11
2020-11-11,cl1s,0,0.6021243693914369,11
2021-07-01,rb1s,0,0.3795049252988641,11
2021-07-02,rb1s,1,0.3795049252988641,11
2021-07-02,cl1s,0,0.6040739343732024,11
2021-07-06,cl1s,0,0.6047230583128985,11
2021-07-06,rb1s,0,0.38014443034186135,11
2021-07-07,rb1s,0,0.38014443034186135,11
2021-07-07,cl1s,1,0.6047230583128985,11
2021-07-07,ho1s,1,0.6124831742953611,11
2021-07-08,rb1s,0,0.38014443034186135,11
2021-07-08,cl1s,1,0.6047230583128985,11
2021-07-08,ho1s,1,0.6118386140802317,11
2021-07-09,rb1s,0,0.38014443034186135,11
2021-07-09,cl1s,0,0.6040739343732024,11
2021-07-12,rb1s,0,0.38014443034186135,11
2021-07-12,cl1s,1,0.6034244435159896,11
2021-07-13,rb1s,1,0.38014443034186135,11
2021-07-13,cl1s,0,0.6034244435159896,11
2021-07-14,cl1s,0,0.6034244435159896,11
2021-07-14,rb1s,1,0.38014443034186135,11
2021-07-15,cl1s,1,0.6034244435159896,11
2021-07-15,rb1s,1,0.38014443034186135,11
2021-07-16,rb1s,1,0.38014443034186135,11
2021-07-16,cl1s,0,0.6034244435159896,11
2021-07-19,rb1s,1,0.4683682788781614,11
2021-07-19,cl1s,1,0.6034244435159896,11
2021-07-20,rb1s,1,0.4683682788781614,11
2021-07-20,cl1s,1,0.6034244435159896,11
2021-07-21,rb1s,1,0.4683682788781614,11
2021-07-21,cl1s,1,0.6027745878256073,11
2021-07-22,rb1s,1,0.4683682788781614,11
2021-07-22,cl1s,1,0.6027745878256073,11
2021-07-23,rb1s,0,0.4683682788781614,11
2021-07-23,cl1s,0,0.6027745878256073,11
2021-07-26,rb1s,0,0.4683682788781614,11
2021-07-26,cl1s,0,0.6027745878256073,11
2021-07-27,rb1s,0,0.4683682788781614,11
2021-07-27,cl1s,1,0.6027745878256073,11
2021-07-28,cl1s,1,0.6027745878256073,11
2021-07-28,rb1s,0,0.4683682788781614,11
2021-07-29,rb1s,0,0.4683682788781614,11
2021-07-29,cl1s,1,0.6027745878256073,11
2021-07-30,rb1s,0,0.4683682788781614,11
2021-07-30,cl1s,0,0.6027745878256073,11
2021-08-02,rb1s,0,0.46769234036408186,11
2021-08-02,cl1s,0,0.6021243693914369,11
2021-08-03,cl1s,0,0.6021243693914369,11
2021-08-03,rb1s,0,0.46769234036408186,11
2021-08-04,rb1s,0,0.46769234036408186,11
2021-08-04,cl1s,1,0.6021243693914369,11
2021-08-05,cl1s,0,0.6021243693914369,11
2021-08-05,rb1s,0,0.46769234036408186,11
2021-08-06,cl1s,0,0.6021243693914369,11
2021-08-06,rb1s,0,0.46769234036408186,11
2021-08-09,cl1s,1,0.6021243693914369,11
2021-08-09,rb1s,0,0.46769234036408186,11
2021-08-10,rb1s,0,0.46769234036408186,11
2021-08-10,cl1s,1,0.6021243693914369,11
2021-08-11,cl1s,0,0.6021243693914369,11
2021-08-11,rb1s,0,0.46769234036408186,11
2021-08-12,cl1s,0,0.6021243693914369,11
2021-08-12,rb1s,0,0.46769234036408186,11
2021-08-13,rb1s,0,0.46769234036408186,11
2021-08-13,cl1s,0,0.6021243693914369,11
2021-08-16,cl1s,0,0.6021243693914369,11
2021-08-16,rb1s,0,0.46769234036408186,11
2021-08-17,cl1s,0,0.6021243693914369,11
2021-08-17,rb1s,0,0.46769234036408186,11
2021-08-18,cl1s,0,0.6021243693914369,11
2021-08-18,rb1s,0,0.46769234036408186,11
2021-08-19,rb1s,0,0.46769234036408186,11
2021-08-19,cl1s,0,0.6021243693914369,11
2021-08-20,rb1s,1,0.46769234036408186,11
2021-08-20,cl1s,1,0.6021243693914369,11
2021-08-23,rb1s,1,0.46769234036408186,11
2021-08-23,cl1s,1,0.6021243693914369,11
2021-08-24,cl1s,1,0.6021243693914369,11
2021-08-24,rb1s,1,0.46769234036408186,11
2021-08-25,rb1s,0,0.46769234036408186,11
2021-08-25,cl1s,0,0.6021243693914369,11
2021-08-26,rb1s,1,0.46769234036408186,11
2021-08-26,cl1s,1,0.6021243693914369,11
2021-08-27,rb1s,0,0.46769234036408186,11
2021-08-27,cl1s,1,0.6021243693914369,11
2021-08-30,rb1s,0,0.46769234036408186,11
2021-08-30,cl1s,0,0.6021243693914369,11
2021-08-31,cl1s,1,0.6021243693914369,11
2021-08-31,rb1s,0,0.46769234036408186,11
2021-09-01,rb1s,1,0.46769234036408186,11
2021-09-01,cl1s,1,0.6021243693914369,11
2021-09-02,rb1s,0,0.46769234036408186,11
2021-09-02,cl1s,0,0.6021243693914369,11
2021-09-03,rb1s,0,0.46769234036408186,11
2021-09-03,cl1s,0,0.6021243693914369,11
2021-09-07,rb1s,0,0.4683682788781614,11
2021-09-07,cl1s,1,0.6027745878256073,11
2021-09-08,cl1s,0,0.6027745878256073,11
2021-09-08,rb1s,0,0.4683682788781614,11
2021-09-09,rb1s,1,0.4683682788781614,11
2021-09-09,cl1s,1,0.6027745878256073,11
2021-09-10,cl1s,1,0.6027745878256073,11
2021-09-10,rb1s,0,0.4683682788781614,11
2021-09-13,rb1s,0,0.4683682788781614,11
2021-09-13,cl1s,1,0.6027745878256073,11
2021-09-14,cl1s,1,0.6027745878256073,11
2021-09-14,rb1s,0,0.4683682788781614,11
2021-09-15,rb1s,0,0.4683682788781614,11
2021-09-15,cl1s,1,0.6027745878256073,11
2021-09-16,cl1s,0,0.6027745878256073,11
2021-09-16,rb1s,0,0.4683682788781614,11
2021-09-17,cl1s,0,0.6027745878256073,11
2021-09-17,rb1s,0,0.4683682788781614,11
2021-09-20,rb1s,1,0.4683682788781614,11
2021-09-20,cl1s,1,0.6027745878256073,11
2021-09-21,cl1s,1,0.6027745878256073,11
2021-09-21,rb1s,1,0.4683682788781614,11
2021-09-22,cl1s,1,0.6027745878256073,11
2021-09-22,rb1s,1,0.4683682788781614,11
2021-09-23,cl1s,1,0.6027745878256073,11
2021-09-23,rb1s,0,0.38014443034186135,11
2021-09-24,rb1s,1,0.4683682788781614,11
2021-09-24,cl1s,1,0.6027745878256073,11
2021-09-27,rb1s,0,0.4683682788781614,11
2021-09-27,cl1s,0,0.6027745878256073,11
2021-09-28,rb1s,1,0.4683682788781614,11
2021-09-28,cl1s,0,0.6027745878256073,11
2021-09-29,rb1s,1,0.4683682788781614,11
2021-09-29,cl1s,1,0.6027745878256073,11
2021-09-30,cl1s,1,0.6027745878256073,11
2021-09-30,rb1s,1,0.4683682788781614,11
2021-10-01,rb1s,1,0.4683682788781614,11
2021-10-01,cl1s,1,0.6027745878256073,11
2021-10-04,cl1s,1,0.6021243693914369,11
2021-10-04,rb1s,0,0.3795049252988641,11
2020-11-11,rb1s,0,0.45641171702454875,12
2020-11-12,rb1s,0,0.4580312110963062,12
2020-11-12,cl1s,0,0.5417199531413831,12
2020-11-13,rb1s,1,0.458208965826886,12
2020-11-13,cl1s,1,0.5418977121313445,12
2020-11-16,cl1s,1,0.5406673230421246,12
2020-11-16,rb1s,1,0.4569790426501352,12
2020-11-17,rb1s,1,0.4564742990264563,12
2020-11-17,cl1s,1,0.5401620927690425,12
2020-11-18,rb1s,1,0.4556790048894079,12
2020-11-18,cl1s,0,0.5393656826717438,12
2020-11-19,cl1s,1,0.5394829334221164,12
2020-11-19,rb1s,1,0.45579606455728194,12
2020-11-20,rb1s,1,0.4564137357773344,12
2020-11-20,cl1s,1,0.5401014595680644,12
2020-11-23,cl1s,1,0.5405582003452309,12
2020-11-23,rb1s,1,0.45687001051145876,12
2020-11-24,rb1s,0,0.45676300150474847,12
2020-11-24,cl1s,1,0.5404510946569414,12
2020-11-25,rb1s,0,0.4564965058736839,12
2020-11-27,rb1s,0,0.45593129473537086,12
2020-11-30,rb1s,0,0.4558626696525996,12
2020-12-01,cl1s,1,0.5389896423201262,12
2020-12-01,rb1s,1,0.4553036397395929,12
2020-12-02,rb1s,1,0.4553783051184573,12
2020-12-02,cl1s,1,0.5390644495956786,12
2020-12-03,rb1s,1,0.45456314924679936,12
2020-12-03,cl1s,1,0.5382475404510866,12
2020-12-04,cl1s,0,0.5386337783176512,12
2020-12-04,rb1s,0,0.45494850226344047,12
2020-12-07,rb1s,1,0.4549727147306737,12
2020-12-07,cl1s,0,0.5386580430273801,12
2020-12-08,rb1s,1,0.4564440172409145,12
2020-12-08,cl1s,0,0.5401317763170499,12
2020-12-09,cl1s,1,0.5407724004720341,12
2020-12-09,rb1s,1,0.4570840404575324,12
2020-12-10,rb1s,0,0.45736876521256165,12
2020-12-11,cl1s,1,0.5413906669899093,12
2020-12-11,rb1s,1,0.4577019891109779,12
2020-12-14,rb1s,1,0.4569830809567202,12
2020-12-15,rb1s,1,0.4561533285132756,12
2020-12-16,rb1s,0,0.4558606512931701,12
2020-12-17,rb1s,0,0.45512404747002516,12
2020-12-18,ho1s,1,0.5388946143300396,12
2020-12-18,rb1s,0,0.45520879742648984,12
2020-12-21,rb1s,0,0.4557980828702851,12
2020-12-21,ho1s,1,0.5394849549484974,12
2020-12-22,rb1s,1,0.45751214780781585,12
2020-12-23,rb1s,0,0.4570719251311236,12
2020-12-24,rb1s,0,0.45815846624007794,12
2020-12-28,rb1s,1,0.4577403627834315,12
2020-12-29,rb1s,1,0.45581422942657157,12
2020-12-30,rb1s,0,0.45566689554786677,12
2020-12-31,rb1s,0,0.45636730482567067,12
2021-01-04,ho1s,1,0.5398892340279635,12
2021-01-04,cl1s,1,0.5398892340279635,12
2021-01-04,rb1s,1,0.4562017745657185,12
2021-01-05,cl1s,1,0.5397073149056587,12
2021-01-05,rb1s,1,0.4560201061495931,12
2021-01-06,rb1s,0,0.45684376265041216,12
2021-01-06,cl1s,1,0.5405319294850848,12
2021-01-07,cl1s,1,0.5406107413891377,12
2021-01-07,rb1s,0,0.4569225069519069,12
2021-01-08,rb1s,0,0.45747175763120496,12
2021-01-08,cl1s,1,0.5411603471971648,12
2021-01-11,cl1s,1,0.5420391037138931,12
2021-01-11,rb1s,0,0.458350369234539,12
2021-01-12,rb1s,0,0.4584735976755202,12
2021-01-13,rb1s,0,0.45881300713911505,12
2021-01-14,rb1s,0,0.45798071453997585,12
2021-01-15,cl1s,1,0.5421966463575163,12
2021-01-15,rb1s,0,0.4585079409336979,12
2021-01-19,rb1s,0,0.45796455582421797,12
2021-01-19,cl1s,1,0.5416532907795766,12
2021-01-20,cl1s,0,0.541077508580423,12
2021-01-20,rb1s,0,0.4573889595175179,12
2021-01-21,cl1s,0,0.5406168037592078,12
2021-01-21,rb1s,0,0.4569285642950913,12
2021-01-22,rb1s,0,0.4560685499183599,12
2021-01-25,rb1s,0,0.45639152957546136,12
2021-01-26,rb1s,0,0.4564843930264792,12
2021-01-27,rb1s,0,0.4574939721591894,12
2021-01-28,rb1s,0,0.4578009538132894,12
2021-01-29,rb1s,0,0.4578453880286558,12
2021-02-01,rb1s,0,0.45833622859149276,12
2021-02-02,rb1s,0,0.45922115719218287,12
2021-02-03,rb1s,0,0.45820492582833067,12
2021-02-04,rb1s,0,0.45931613066508636,12
2021-02-04,cl1s,0,0.5430044240883045,12
2021-02-05,cl1s,0,0.5417603538460429,12
2021-02-05,rb1s,0,0.4580716089622178,12
2021-02-08,rb1s,0,0.45705375223673184,12
2021-02-08,cl1s,0,0.5407420900465993,12
2021-02-09,rb1s,0,0.4556164405224996,12
2021-02-09,cl1s,0,0.5393030123798437,12
2021-02-10,rb1s,0,0.45553167813138945,12
2021-02-10,cl1s,1,0.5392181022605499,12
2021-02-11,rb1s,0,0.4549020956300843,12
2021-02-11,cl1s,0,0.5385872704457355,12
2021-02-12,cl1s,0,0.5396992293654173,12
2021-02-12,rb1s,0,0.4560120322690081,12
2021-02-16,ng1s,0,0.5409764828047817,12
2021-02-16,rb1s,0,0.45728798939440124,12
2021-02-16,cl1s,0,0.5409764828047817,12
2021-02-17,rb1s,0,0.4583180478633381,12
2021-02-17,cl1s,1,0.5420067862340221,12
2021-02-18,rb1s,0,0.4575000306961613,12
2021-02-18,cl1s,1,0.5411886330332906,12
2021-02-19,rb1s,0,0.4569124114082429,12
2021-02-19,cl1s,0,0.5406006374123116,12
2021-02-22,cl1s,1,0.5398851914960884,12
2021-02-22,rb1s,0,0.456197737363016,12
2021-02-23,cl1s,0,0.5401479451284191,12
2021-02-23,rb1s,0,0.4564601674864844,12
2021-02-24,rb1s,0,0.4555821316255874,12
2021-02-24,cl1s,0,0.539268644272724,12
2021-02-25,cl1s,1,0.5399094466086033,12
2021-02-25,rb1s,0,0.4562219606655469,12
2021-02-26,rb1s,0,0.4581867459028481,12
2021-03-01,rb1s,0,0.45922519855626637,12
2021-03-02,rb1s,0,0.4583907714414235,12
2021-03-03,rb1s,0,0.4587039070569278,12
2021-03-04,rb1s,0,0.46017102409681165,12
2021-03-05,rb1s,0,0.4593646288979411,12
2021-03-05,cl1s,1,0.5430528836040261,12
2021-03-08,cl1s,1,0.5434082284296711,12
2021-03-08,rb1s,0,0.45972030606618763,12
2021-03-09,rb1s,0,0.4595161908325388,12
2021-03-10,rb1s,0,0.45891604973169253,12
2021-03-11,rb1s,0,0.4567206028129174,12
2021-03-12,rb1s,1,0.45654495777688925,12
2021-03-15,rb1s,1,0.4561775514358487,12
2021-03-16,rb1s,1,0.45695885120203844,12
2021-03-17,rb1s,1,0.45637739844633834,12
2021-03-18,rb1s,0,0.45803929062535964,12
2021-03-19,rb1s,0,0.4576313020810703,12
2021-03-22,rb1s,0,0.4569628894803456,12
2021-03-23,rb1s,0,0.45809786787072626,12
2021-03-24,rb1s,0,0.45934037968524244,12
2021-03-25,rb1s,1,0.45913831041128733,12
2021-03-26,rb1s,0,0.4588574564534491,12
2021-03-29,rb1s,0,0.4595747967898441,12
2021-03-30,rb1s,0,0.45908779518970133,12
2021-03-31,rb1s,0,0.45856854764491367,12
2021-04-01,rb1s,0,0.45731020252069426,12
2021-04-05,rb1s,0,0.4564419984666568,12
2021-04-06,rb1s,0,0.4552047616554039,12
2021-04-07,rb1s,0,0.45557809531248544,12
2021-04-08,rb1s,0,0.45539041320685586,12
2021-04-09,rb1s,0,0.4554126115058879,12
2021-04-12,rb1s,0,0.45622397928344044,12
2021-04-13,rb1s,0,0.456171495685767,12
2021-04-14,rb1s,0,0.45560231327861556,12
2021-04-15,rb1s,0,0.4563632673874372,12
2021-04-15,cl1s,0,0.5400509309937054,12
2021-04-16,rb1s,0,0.4559212027064269,12
2021-04-16,cl1s,1,0.5396082655989091,12
2021-04-19,cl1s,0,0.5386742193987725,12
2021-04-19,rb1s,0,0.4549888564937829,12
2021-04-20,rb1s,0,0.4559131291093326,12
2021-04-20,cl1s,0,0.539600179802996,12
2021-04-21,cl1s,1,0.5397538063563473,12
2021-04-21,rb1s,0,0.4560665314113929,12
2021-04-22,rb1s,0,0.4564642050621824,12
2021-04-22,cl1s,1,0.5401519873180578,12
2021-04-23,rb1s,0,0.4557395523828989,12
2021-04-23,cl1s,0,0.5394263301563382,12
2021-04-26,cl1s,1,0.5403055866051982,12
2021-04-26,rb1s,0,0.4566176371733049,12
2021-04-27,cl1s,1,0.5401641138552769,12
2021-04-27,rb1s,0,0.4564763178236012,12
2021-04-28,cl1s,1,0.5397315714009724,12
2021-04-28,rb1s,0,0.45604432793001803,12
2021-04-29,rb1s,0,0.4556951507596452,12
2021-04-29,cl1s,0,0.5393818554483434,12
2021-04-30,cl1s,1,0.5416856121110687,12
2021-04-30,rb1s,0,0.45799687334412975,12
2021-05-03,cl1s,1,0.5411138770334795,12
2021-05-03,rb1s,0,0.45742530961928507,12
2021-05-04,cl1s,0,0.5416007678683686,12
2021-05-04,rb1s,0,0.4579120406088951,12
2021-05-05,rb1s,0,0.45855844644119664,12
2021-05-05,cl1s,0,0.5422471390103853,12
2021-05-06,rb1s,0,0.45782721031400125,12
2021-05-07,rb1s,0,0.45503324682996593,12
2021-05-10,rb1s,0,0.45566689554786677,12
2021-05-11,rb1s,0,0.4548314783434525,12
2021-05-12,rb1s,1,0.45594542363668644,12
2021-05-12,cl1s,0,0.5396325228615461,12
2021-05-13,rb1s,0,0.4567448305600721,12
2021-05-14,rb1s,0,0.4573243382349057,12
2021-05-14,cl1s,1,0.5410128524724859,12
2021-05-17,cl1s,0,0.5407380486337604,12
2021-05-17,rb1s,0,0.4570497138312775,12
2021-05-18,rb1s,0,0.45635721124083867,12
2021-05-19,cl1s,0,0.5397800838268736,12
2021-05-19,rb1s,0,0.4560927721145063,12
2021-05-20,cl1s,1,0.5389269646018396,12
2021-05-20,rb1s,1,0.4552410838069386,12
2021-05-21,cl1s,1,0.5402207037332647,12
2021-05-21,rb1s,1,0.45653284472395816,12
2021-05-24,rb1s,0,0.4565005435008534,12
2021-05-24,cl1s,1,0.5401883667870305,12
2021-05-25,rb1s,0,0.4569225069519069,12
2021-05-25,cl1s,1,0.5406107413891377,12
2021-05-26,rb1s,0,0.4568457817081403,12
2021-05-26,cl1s,1,0.5405339503284802,12
2021-05-27,rb1s,0,0.4574757966237165,12
2021-05-27,cl1s,0,0.5411643880471413,12
2021-05-28,rb1s,0,0.45717490702286107,12
2021-05-28,cl1s,1,0.5408633299374276,12
2021-06-01,cl1s,1,0.5412229797631497,12
2021-06-01,rb1s,0,0.45753436264306596,12
2021-06-02,rb1s,0,0.456878086824586,12
2021-06-02,cl1s,0,0.5405662836414715,12
2021-06-03,rb1s,0,0.45823926599117365,12
2021-06-03,cl1s,1,0.5419280108964849,12
2021-06-04,cl1s,0,0.5410472012019053,12
2021-06-04,rb1s,0,0.45735866811261733,12
2021-06-07,cl1s,1,0.5410795290615215,12
2021-06-07,rb1s,0,0.45739097895571657,12
2021-06-08,cl1s,0,0.5413300582287962,12
2021-06-08,rb1s,0,0.4576414001238272,12
2021-06-09,cl1s,1,0.5412613668212038,12
2021-06-09,rb1s,0,0.4575727341198441,12
2021-06-10,cl1s,1,0.5399518926005683,12
2021-06-10,rb1s,0,0.45626435194321807,12
2021-06-11,rb1s,0,0.4579928336348059,12
2021-06-14,rb1s,0,0.4583018873092655,12
2021-06-15,cl1s,1,0.5417643938863161,12
2021-06-15,rb1s,0,0.45807564877913903,12
2021-06-16,rb1s,0,0.4591847851568691,12
2021-06-16,cl1s,0,0.5428731754817709,12
2021-06-17,rb1s,0,0.46081184285223065,12
2021-06-17,ho1s,1,0.5444982137259259,12
2021-06-17,cl1s,1,0.5444982137259259,12
2021-06-18,rb1s,0,0.46052072918793335,12
2021-06-18,cl1s,1,0.5442075922237551,12
2021-06-21,rb1s,0,0.4599284771032312,12
2021-06-21,cl1s,0,0.5436161654439097,12
2021-06-22,rb1s,0,0.45961117346375246,12
2021-06-22,cl1s,1,0.543299206857624,12
2021-06-23,rb1s,0,0.4585059207311245,12
2021-06-24,cl1s,1,0.5406834890361767,12
2021-06-24,rb1s,1,0.456995195910397,12
2021-06-25,rb1s,0,0.45639152957546136,12
2021-06-25,cl1s,0,0.5400792270968476,12
2021-06-28,rb1s,0,0.45712240599268894,12
2021-06-28,ho1s,1,0.5408107932444911,12
2021-06-28,cl1s,1,0.5408107932444911,12
2021-06-29,ho1s,1,0.5414270316588193,12
2021-06-29,rb1s,0,0.45773834310395567,12
2021-06-29,cl1s,1,0.5414270316588193,12
2021-06-30,cl1s,1,0.5421158563103364,12
2021-06-30,rb1s,0,0.4584271338954556,12
2021-07-01,cl1s,0,0.5424167879612599,12
2020-11-11,rb1s,0,0.33491008348693063,13
2020-11-12,rb1s,0,0.379528507796178,13
2020-11-12,cl1s,0,0.4921494069375631,13
2020-11-13,rb1s,1,0.4026616054490073,13
2020-11-13,cl1s,1,0.5010901242426105,13
2020-11-16,cl1s,1,0.5535506218255055,13
2020-11-16,rb1s,1,0.36399390725963676,13
2020-11-17,rb1s,1,0.31375522413133033,13
2020-11-17,cl1s,1,0.4062759345590791,13
2020-11-18,rb1s,1,0.2558996825782296,13
2020-11-18,cl1s,0,0.3770065498245328,13
2020-11-19,cl1s,1,0.3437014156058399,13
2020-11-19,rb1s,1,0.23965617964410035,13
2020-11-20,rb1s,1,0.2661153711885272,13
2020-11-20,cl1s,1,0.3603081269529597,13
2020-11-23,cl1s,1,0.4162611840856754,13
2020-11-23,rb1s,1,0.28627837893179525,13
2020-11-24,rb1s,0,0.24731670379094572,13
2020-11-24,cl1s,1,0.36717007099686816,13
2020-11-25,rb1s,0,0.25617946914194845,13
2020-11-27,rb1s,0,0.2386164573680864,13
2020-11-30,rb1s,0,0.31695494171470984,13
2020-12-01,cl1s,1,0.44410627326888225,13
2020-12-01,rb1s,1,0.37342234804052865,13
2020-12-02,rb1s,1,0.30420014732569434,13
2020-12-02,cl1s,1,0.42978519839949403,13
2020-12-03,rb1s,1,0.2610933165096209,13
2020-12-03,cl1s,1,0.39206006456501646,13
2020-12-04,cl1s,0,0.44261202138471467,13
2020-12-04,rb1s,0,0.32048253879594013,13
2020-12-07,rb1s,1,0.4137439350229832,13
2020-12-07,cl1s,0,0.5552668779885055,13
2020-12-08,rb1s,1,0.4392742903093822,13
2020-12-08,cl1s,0,0.5962222480643808,13
2020-12-09,cl1s,1,0.633425180767812,13
2020-12-09,rb1s,1,0.42481516590108,13
2020-12-10,rb1s,0,0.33631311221675136,13
2020-12-11,cl1s,1,0.6540676829524519,13
2020-12-11,rb1s,1,0.35610927824235644,13
2020-12-14,rb1s,1,0.3853513951068097,13
2020-12-15,rb1s,1,0.3491217879144282,13
2020-12-16,rb1s,0,0.323154719894722,13
2020-12-17,rb1s,0,0.2925128994520135,13
2020-12-18,ho1s,1,0.5629757779538623,13
2020-12-18,rb1s,0,0.26433971013012253,13
2020-12-21,rb1s,0,0.40761186336752364,13
2020-12-21,ho1s,1,0.6157883203239832,13
2020-12-22,rb1s,1,0.4784683436829684,13
2020-12-23,rb1s,0,0.39584166250474867,13
2020-12-24,rb1s,0,0.38185960213323844,13
2020-12-28,rb1s,1,0.46218126884269917,13
2020-12-29,rb1s,1,0.36113557404831365,13
2020-12-30,rb1s,0,0.3151834255227865,13
2020-12-31,rb1s,0,0.31478263279440916,13
2021-01-04,ho1s,1,0.7501721150364292,13
2021-01-04,cl1s,1,0.7338236627492497,13
2021-01-04,rb1s,1,0.45367146657119967,13
2021-01-05,cl1s,1,0.6118084490474992,13
2021-01-05,rb1s,1,0.29717506466609916,13
2021-01-06,rb1s,0,0.2024083396956905,13
2021-01-06,cl1s,1,0.5471000016766097,13
2021-01-07,cl1s,1,0.5646935368665095,13
2021-01-07,rb1s,0,0.1831351103420807,13
2021-01-08,rb1s,0,0.21261446251462202,13
2021-01-08,cl1s,1,0.5454170229560577,13
2021-01-11,cl1s,1,0.6412424002057109,13
2021-01-11,rb1s,0,0.3022873998551649,13
2021-01-12,rb1s,0,0.2720016089368858,13
2021-01-13,rb1s,0,0.3106785566040477,13
2021-01-14,rb1s,0,0.22984881154388842,13
2021-01-15,cl1s,1,0.5851842124371244,13
2021-01-15,rb1s,0,0.28710179234513505,13
2021-01-19,rb1s,0,0.2694267408754955,13
2021-01-19,cl1s,1,0.5650251408869073,13
2021-01-20,cl1s,0,0.5209617736470081,13
2021-01-20,rb1s,0,0.21770751788150922,13
2021-01-21,cl1s,0,0.4961581084459695,13
2021-01-21,rb1s,0,0.18111000719811482,13
2021-01-22,rb1s,0,0.2606855451701133,13
2021-01-25,rb1s,0,0.25081582932363855,13
2021-01-26,rb1s,0,0.22892081511532833,13
2021-01-27,rb1s,0,0.13559819153981742,13
2021-01-28,rb1s,0,0.21353214681791022,13
2021-01-29,rb1s,0,0.20540204033282347,13
2021-02-01,rb1s,0,0.26515422297727215,13
2021-02-02,rb1s,0,0.3242062462274768,13
2021-02-03,rb1s,0,0.20795547209781962,13
2021-02-04,rb1s,0,0.23514900329444194,13
2021-02-04,cl1s,0,0.4988225845705895,13
2021-02-05,cl1s,0,0.49468216288400757,13
2021-02-05,rb1s,0,0.24209862466138884,13
2021-02-08,rb1s,0,0.15644968605409917,13
2021-02-08,cl1s,0,0.4515988926943308,13
2021-02-09,rb1s,0,0.17712551386400788,13
2021-02-09,cl1s,0,0.439638460100247,13
2021-02-10,rb1s,0,0.19387659841664331,13
2021-02-10,cl1s,1,0.35111919142122294,13
2021-02-11,rb1s,0,0.18354981517274388,13
2021-02-11,cl1s,0,0.38092407421838526,13
2021-02-12,cl1s,0,0.4464139889458824,13
2021-02-12,rb1s,0,0.20610074290522742,13
2021-02-16,ng1s,0,0.5194932597359141,13
2021-02-16,rb1s,0,0.21420744966682018,13
2021-02-16,cl1s,0,0.47411818447777243,13
2021-02-17,rb1s,0,0.21010044575440148,13
2021-02-17,cl1s,1,0.4076987459494198,13
2021-02-18,rb1s,0,0.2458991762829764,13
2021-02-18,cl1s,1,0.4040777519257573,13
2021-02-19,rb1s,0,0.26859288347976934,13
2021-02-19,cl1s,0,0.4982629309205747,13
2021-02-22,cl1s,1,0.41312064984741376,13
2021-02-22,rb1s,0,0.23677042777991564,13
2021-02-23,cl1s,0,0.40723490749746133,13
2021-02-23,rb1s,0,0.21332646484713055,13
2021-02-24,rb1s,0,0.1840844014480543,13
2021-02-24,cl1s,0,0.32159030069874067,13
2021-02-25,cl1s,1,0.28057817824038306,13
2021-02-25,rb1s,0,0.15368872045574802,13
2021-02-26,rb1s,0,0.21447128540821514,13
2021-03-01,rb1s,0,0.34911964478825624,13
2021-03-02,rb1s,0,0.281452085623999,13
2021-03-03,rb1s,0,0.2164386358749125,13
2021-03-04,rb1s,0,0.2445846118940594,13
2021-03-05,rb1s,0,0.2437164699382807,13
2021-03-05,cl1s,1,0.38959831611968504,13
2021-03-08,cl1s,1,0.5420315316010165,13
2021-03-08,rb1s,0,0.310128613171406,13
2021-03-09,rb1s,0,0.27568887893684585,13
2021-07-01,rb1s,0,0.2273899162120774,13
2021-07-02,rb1s,1,0.16277063729594032,13
2021-07-02,cl1s,0,0.6076494598178191,13
2021-07-06,cl1s,0,0.7080295589609861,13
2021-07-06,rb1s,0,0.29369265326055505,13
2021-07-07,rb1s,0,0.2884625947391977,13
2021-07-07,cl1s,1,0.7441590419407804,13
2021-07-07,ho1s,1,0.7381312043487199,13
2021-07-08,rb1s,0,0.2359468922112147,13
2021-07-08,cl1s,1,0.674153611719285,13
2021-07-08,ho1s,1,0.646511089802597,13
2021-07-09,rb1s,0,0.2177159527486081,13
2021-07-09,cl1s,0,0.6430451859099321,13
2021-07-12,rb1s,0,0.26904011565756947,13
2021-07-12,cl1s,1,0.6864439142035142,13
2021-07-13,rb1s,1,0.1873343473970552,13
2021-07-13,cl1s,0,0.6192535460090659,13
2021-07-14,cl1s,0,0.6876323218481865,13
2021-07-14,rb1s,1,0.23068208678264046,13
2021-07-15,cl1s,1,0.6360476795537389,13
2021-07-15,rb1s,1,0.19045165113220192,13
2021-07-16,rb1s,1,0.19654445309290847,13
2021-07-16,cl1s,0,0.5790151072042968,13
2021-07-19,rb1s,1,0.48008948558557524,13
2021-07-19,cl1s,1,0.7396595155564394,13
2021-07-20,rb1s,1,0.4348596814011679,13
2021-07-20,cl1s,1,0.7457573466079475,13
2021-07-21,rb1s,1,0.37143606589986466,13
2021-07-21,cl1s,1,0.66787463591558,13
2021-07-22,rb1s,1,0.3009876354299768,13
2021-07-22,cl1s,1,0.5796389168679033,13
2021-07-23,rb1s,0,0.3177114751024669,13
2021-07-23,cl1s,0,0.5632174943170162,13
2021-07-26,rb1s,0,0.30767855850990805,13
2021-07-26,cl1s,0,0.5775549538668653,13
2021-07-27,rb1s,0,0.22167075168937195,13
2021-07-27,cl1s,1,0.46006934979508246,13
2021-07-28,cl1s,1,0.3778164237201978,13
2021-07-28,rb1s,0,0.16097100616427737,13
2021-07-29,rb1s,0,0.12545811475274357,13
2021-07-29,cl1s,1,0.2586506265088227,13
2021-07-30,rb1s,0,0.09705548211593339,13
2021-07-30,cl1s,0,0.32922725552244697,13
2021-08-02,rb1s,0,0.12288496501029433,13
2021-08-02,cl1s,0,0.48544399721847553,13
2021-08-03,cl1s,0,0.5495472944993616,13
2021-08-03,rb1s,0,0.20327770917196564,13
2021-08-04,rb1s,0,0.2857008409009174,13
2021-08-04,cl1s,1,0.6572058157183517,13
2021-08-05,cl1s,0,0.644507240594064,13
2021-08-05,rb1s,0,0.27802255662768016,13
2021-08-06,cl1s,0,0.6859578767584588,13
2021-08-06,rb1s,0,0.4209008449282066,13
2021-08-09,cl1s,1,0.7712055740954887,13
2021-08-09,rb1s,0,0.5068776754186223,13
2021-08-10,rb1s,0,0.4321766379928538,13
2021-08-10,cl1s,1,0.7132486246346246,13
2021-08-11,cl1s,0,0.7060387618524527,13
2021-08-11,rb1s,0,0.3501768538041964,13
2021-08-12,cl1s,0,0.6192653995546026,13
2021-08-12,rb1s,0,0.3805922709992306,13
2021-08-13,rb1s,0,0.3380177152636064,13
2021-08-13,cl1s,0,0.5978754974175449,13
2021-08-16,cl1s,0,0.7230151943096366,13
2021-08-16,rb1s,0,0.5185059600677981,13
2021-08-17,cl1s,0,0.6395427422203789,13
2021-08-17,rb1s,0,0.5183151155036859,13
2021-08-18,cl1s,0,0.5839272752387848,13
2021-08-18,rb1s,0,0.4721270834357657,13
2021-08-19,rb1s,0,0.519110010628272,13
2021-08-19,cl1s,0,0.6490856689078386,13
2021-08-20,rb1s,1,0.5710470308596267,13
2021-08-20,cl1s,1,0.7483284896950382,13
2021-08-23,rb1s,1,0.505240727134376,13
2021-08-23,cl1s,1,0.7138380607839626,13
2021-08-24,cl1s,1,0.5363764246910417,13
2021-08-24,rb1s,1,0.34562801038293556,13
2021-08-25,rb1s,0,0.33254452286332503,13
2021-08-25,cl1s,0,0.4996470479848146,13
2021-08-26,rb1s,1,0.31788881720910717,13
2021-08-26,cl1s,1,0.4804466648152178,13
2021-08-27,rb1s,0,0.2708416771689822,13
2021-08-27,cl1s,1,0.46187902703982014,13
2021-08-30,rb1s,0,0.2984377059350906,13
2021-08-30,cl1s,0,0.4689908817447922,13
2021-08-31,cl1s,1,0.48603260864870534,13
2021-08-31,rb1s,0,0.3340307081876176,13
2021-09-01,rb1s,1,0.36629442324653644,13
2021-09-01,cl1s,1,0.5812614954320403,13
2021-09-02,rb1s,0,0.30430648941243854,13
2021-09-02,cl1s,0,0.5291703881709277,13
2021-09-03,rb1s,0,0.2313101020623934,13
2021-09-03,cl1s,0,0.46524526619362194,13
2021-09-07,rb1s,0,0.2586018251952802,13
2021-09-07,cl1s,1,0.5277280702987804,13
2021-09-08,cl1s,0,0.4845406248487634,13
2021-09-08,rb1s,0,0.25952398623354556,13
2021-09-09,rb1s,1,0.26328864652363987,13
2021-09-09,cl1s,1,0.5496525354586622,13
2021-09-10,cl1s,1,0.45506347988105295,13
2021-09-10,rb1s,0,0.24739404447399843,13
2021-09-13,rb1s,0,0.2715354650359448,13
2021-09-13,cl1s,1,0.49067373637365064,13
2021-09-14,cl1s,1,0.48270423418417724,13
2021-09-14,rb1s,0,0.22593786448980963,13
2021-09-15,rb1s,0,0.25815394409798137,13
2021-09-15,cl1s,1,0.4811335623645421,13
2021-09-16,cl1s,0,0.3822372103426702,13
2021-09-16,rb1s,0,0.2596482076375624,13
2021-09-17,cl1s,0,0.4398954079450689,13
2021-09-17,rb1s,0,0.26992566557278785,13
2021-09-20,rb1s,1,0.34137245131055777,13
2021-09-20,cl1s,1,0.5098520974652901,13
2021-09-21,cl1s,1,0.5126233004800612,13
2021-09-21,rb1s,1,0.43759611445260455,13
2021-09-22,cl1s,1,0.4851810518114454,13
2021-09-22,rb1s,1,0.47415830660944497,13
2021-09-23,cl1s,1,0.5284982685553169,13
2021-09-23,rb1s,0,0.4087160281613069,13
2021-09-24,rb1s,1,0.4608755643296011,13
2021-09-24,cl1s,1,0.4895483250009702,13
2021-09-27,rb1s,0,0.3544984003578433,13
2021-09-27,cl1s,0,0.48338741612326985,13
2021-09-28,rb1s,1,0.38509564501598,13
2021-09-28,cl1s,0,0.46509965772406453,13
2021-09-29,rb1s,1,0.3472929607692738,13
2021-09-29,cl1s,1,0.5052229575619968,13
2021-09-30,cl1s,1,0.6087775984492267,13
2021-09-30,rb1s,1,0.43204196695057195,13
2021-10-01,rb1s,1,0.3704828756193026,13
2021-10-01,cl1s,1,0.5625390046386028,13
2021-10-04,cl1s,1,0.4363480668311352,13
2021-10-04,rb1s,0,0.1895535062390774,13
2021-03-10,rb1s,0,0.13497479273565624,14
2021-03-11,rb1s,0,0.09425779824629006,14
2021-03-12,rb1s,1,0.12121241907502661,14
2021-03-15,rb1s,1,0.23965370373802597,14
2021-03-16,rb1s,1,0.2345567920181844,14
2021-03-17,rb1s,1,0.2893164337195194,14
2021-03-18,rb1s,0,0.5269839122035411,14
2021-03-19,rb1s,0,0.6015619331193011,14
2021-03-22,rb1s,0,0.6364987340001418,14
2021-03-23,rb1s,0,0.4677466680844456,14
2021-03-24,rb1s,0,0.41585148293566754,14
2021-03-25,rb1s,1,0.47496734271224234,14
2021-03-26,rb1s,0,0.3700590047069317,14
2021-03-29,rb1s,0,0.3809509328175511,14
2021-03-30,rb1s,0,0.351868259842086,14
2021-03-31,rb1s,0,0.3306190097568517,14
2021-04-01,rb1s,0,0.2581832468508186,14
2021-04-05,rb1s,0,0.47835256591680925,14
2021-04-06,rb1s,0,0.446657335165931,14
2021-04-07,rb1s,0,0.43527487473983323,14
2021-04-08,rb1s,0,0.3967723152456726,14
2021-04-09,rb1s,0,0.3601131941084322,14
2021-04-12,rb1s,0,0.4335094404944895,14
2021-04-13,rb1s,0,0.2565042009449872,14
2021-04-14,rb1s,0,0.2447516758371613,14
2021-04-15,rb1s,0,0.1091660338597432,14
2021-04-15,cl1s,0,0.6813179217226889,14
2021-04-16,rb1s,0,0.061691349870098444,14
2021-04-16,cl1s,1,0.6500863679536761,14
2021-04-19,cl1s,0,0.6648553956091946,14
2021-04-19,rb1s,0,0.056610733754000386,14
2021-04-20,rb1s,0,0.09076598314057972,14
2021-04-20,cl1s,0,0.6678453232904178,14
2021-04-21,cl1s,1,0.7340365148061013,14
2021-04-21,rb1s,0,0.14102477029120342,14
2021-04-22,rb1s,0,0.12682814465596223,14
2021-04-22,cl1s,1,0.6890656183676291,14
2021-04-23,rb1s,0,0.10112996444521674,14
2021-04-23,cl1s,0,0.6807980261948817,14
2021-04-26,cl1s,1,0.7497395306889215,14
2021-04-26,rb1s,0,0.21328800229716086,14
2021-04-27,cl1s,1,0.6840828780023221,14
2021-04-27,rb1s,0,0.11728432741126911,14
2021-04-28,cl1s,1,0.5942022657239461,14
2021-04-28,rb1s,0,0.07158451446729948,14
2021-04-29,rb1s,0,0.060773140119354425,14
2021-04-29,cl1s,0,0.5505296691345422,14
2021-04-30,cl1s,1,0.6982082665498194,14
2021-04-30,rb1s,0,0.11007822444865026,14
2021-05-03,cl1s,1,0.6886679769738349,14
2021-05-03,rb1s,0,0.28486307347364576,14
2021-05-04,cl1s,0,0.6115160537116425,14
2021-05-04,rb1s,0,0.1846471997910774,14
2021-05-05,rb1s,0,0.20032913796819987,14
2021-05-05,cl1s,0,0.6019311767718457,14
2021-05-06,rb1s,0,0.17250475936771495,14
2021-05-07,rb1s,0,0.22178197774926806,14
2021-05-10,rb1s,0,0.2560861121644339,14
2021-05-11,rb1s,0,0.18663106549668693,14
2021-05-12,rb1s,1,0.14064247891787074,14
2021-05-12,cl1s,0,0.4998187732123894,14
2021-05-13,rb1s,0,0.28987765498300144,14
2021-05-14,rb1s,0,0.28190641356616775,14
2021-05-14,cl1s,1,0.6348134232595221,14
2021-05-17,cl1s,0,0.4996250669645388,14
2021-05-17,rb1s,0,0.28530424148045236,14
2021-05-18,rb1s,0,0.23626380623229604,14
2021-05-19,cl1s,0,0.624306247153307,14
2021-05-19,rb1s,0,0.2784790241642326,14
2021-05-20,cl1s,1,0.6765160182183656,14
2021-05-20,rb1s,1,0.36646533700284945,14
2021-05-21,cl1s,1,0.6817940692198763,14
2021-05-21,rb1s,1,0.3851707866825053,14
2021-05-24,rb1s,0,0.3116794309414595,14
2021-05-24,cl1s,1,0.6509396131664072,14
2021-05-25,rb1s,0,0.23221276188846482,14
2021-05-25,cl1s,1,0.5761230256889025,14
2021-05-26,rb1s,0,0.15958049203776647,14
2021-05-26,cl1s,1,0.5490238099067657,14
2021-05-27,rb1s,0,0.08401613078365629,14
2021-05-27,cl1s,0,0.5426677171612355,14
2021-05-28,rb1s,0,0.10079019273939759,14
2021-05-28,cl1s,1,0.6004665982937549,14
2021-06-01,cl1s,1,0.5908966667724853,14
2021-06-01,rb1s,0,0.15126203670489657,14
2021-06-02,rb1s,0,0.03860282394776311,14
2021-06-02,cl1s,0,0.4808864997339109,14
2021-06-03,rb1s,0,0.03344495355772681,14
2021-06-03,cl1s,1,0.4822360754447593,14
2021-06-04,cl1s,0,0.6007106337959579,14
2021-06-04,rb1s,0,0.053130416181680865,14
2021-06-07,cl1s,1,0.6966537886601808,14
2021-06-07,rb1s,0,0.0826071527902491,14
2021-06-08,cl1s,0,0.6539175742968224,14
2021-06-08,rb1s,0,0.07616708664305769,14
2021-06-09,cl1s,1,0.6096846719075903,14
2021-06-09,rb1s,0,0.07408231837030631,14
2021-06-10,cl1s,1,0.6374146064758488,14
2021-06-10,rb1s,0,0.09124471162136572,14
2021-06-11,rb1s,0,0.2781361161486565,14
2021-06-14,rb1s,0,0.40358015218037224,14
2021-06-15,cl1s,1,0.7552965985031623,14
2021-06-15,rb1s,0,0.18772855250261528,14
2021-06-16,rb1s,0,0.22289877276070155,14
2021-06-16,cl1s,0,0.7555984081821921,14
2021-06-17,rb1s,0,0.46593618768902084,14
2021-06-17,ho1s,1,0.8324244426182279,14
2021-06-17,cl1s,1,0.7719757319141877,14
2021-06-18,rb1s,0,0.29870525140671905,14
2021-06-18,cl1s,1,0.6395223584480332,14
2021-06-21,rb1s,0,0.4774741051107217,14
2021-06-21,cl1s,0,0.7257669142359017,14
2021-06-22,rb1s,0,0.2984843342757632,14
2021-06-22,cl1s,1,0.6917642752276612,14
2021-06-23,rb1s,0,0.20082186969779783,14
2021-06-24,cl1s,1,0.528507696090295,14
2021-06-24,rb1s,1,0.14759757388264047,14
2021-06-25,rb1s,0,0.2944197109017908,14
2021-06-25,cl1s,0,0.5738891246473423,14
2021-06-28,rb1s,0,0.3871156551564214,14
2021-06-28,ho1s,1,0.796568184743191,14
2021-06-28,cl1s,1,0.6639617122012759,14
2021-06-29,ho1s,1,0.7833151356974942,14
2021-06-29,rb1s,0,0.28749087360209863,14
2021-06-29,cl1s,1,0.6748783927531088,14
2021-06-30,cl1s,1,0.6416959354859765,14
2021-06-30,rb1s,0,0.26703885494465757,14
2021-07-01,cl1s,0,0.5919737422499076,14
2021-07-01,rb1s,0,0.2198426922300818,14
2021-07-02,rb1s,1,0.14673855019807724,14
2021-07-02,cl1s,0,0.544316541855043,14
2021-07-06,cl1s,0,0.6525026708400931,14
2021-07-06,rb1s,0,0.3076243354729842,14
2021-07-07,rb1s,0,0.2783904139773244,14
2021-07-07,cl1s,1,0.7144052903257252,14
2021-07-07,ho1s,1,0.7140750341956756,14
2021-07-08,rb1s,0,0.20517218762057943,14
2021-07-08,cl1s,1,0.6335123737745525,14
2021-07-08,ho1s,1,0.607416695710169,14
2021-07-09,rb1s,0,0.23888641851272807,14
2021-07-09,cl1s,0,0.6627938183019243,14
2021-07-12,rb1s,0,0.3154247649055691,14
2021-07-12,cl1s,1,0.7294001344943073,14
2021-07-13,rb1s,1,0.21465808662722013,14
2021-07-13,cl1s,0,0.6291627386672439,14
2021-07-14,cl1s,0,0.6837321879769944,14
2021-07-14,rb1s,1,0.21906780189804287,14
2021-07-15,cl1s,1,0.5989589496652035,14
2021-07-15,rb1s,1,0.19778291532924105,14
2021-07-16,rb1s,1,0.1988628782656473,14
2021-07-16,cl1s,0,0.5063263730283584,14
2021-07-19,rb1s,1,0.4395583474170158,14
2021-07-19,cl1s,1,0.7189398554562249,14
2021-07-20,rb1s,1,0.4173255454590143,14
2021-07-20,cl1s,1,0.7048799645806477,14
2021-07-21,rb1s,1,0.3448770168376645,14
2021-07-21,cl1s,1,0.6302984388848614,14
2021-07-22,rb1s,1,0.3015892412556504,14
2021-07-22,cl1s,1,0.5642893352185604,14
2021-07-23,rb1s,0,0.30691684024459254,14
2021-07-23,cl1s,0,0.5372966313873195,14
2021-07-26,rb1s,0,0.30637583500697296,14
2021-07-26,cl1s,0,0.5582165120027961,14
2021-07-27,rb1s,0,0.2219392394265866,14
2021-07-27,cl1s,1,0.43590037182688907,14
2021-07-28,cl1s,1,0.3824962344203405,14
2021-07-28,rb1s,0,0.12317403096098414,14
2021-07-29,rb1s,0,0.072920004566347,14
2021-07-29,cl1s,1,0.20948992668385974,14
2021-07-30,rb1s,0,0.04022711184658291,14
2021-07-30,cl1s,0,0.28715035212223516,14
2021-08-02,rb1s,0,0.08720846634185513,14
2021-08-02,cl1s,0,0.5050036407574409,14
2021-08-03,cl1s,0,0.5559368949010172,14
2021-08-03,rb1s,0,0.18080733100806826,14
2021-08-04,rb1s,0,0.21087937391933137,14
2021-08-04,cl1s,1,0.6329628354993764,14
2021-08-05,cl1s,0,0.6022558054499646,14
2021-08-05,rb1s,0,0.23078495672349242,14
2021-08-06,cl1s,0,0.6893897902344484,14
2021-08-06,rb1s,0,0.3785042350501132,14
2021-08-09,cl1s,1,0.7884086956183548,14
2021-08-09,rb1s,0,0.47256743001813156,14
2021-08-10,rb1s,0,0.43617908012018985,14
2021-08-10,cl1s,1,0.7288351203033676,14
2021-08-11,cl1s,0,0.7456919058139176,14
2021-08-11,rb1s,0,0.3174196029974144,14
2021-08-12,cl1s,0,0.6523169479365114,14
2021-08-12,rb1s,0,0.35994211706495094,14
2021-08-13,rb1s,0,0.3011370313900911,14
2021-08-13,cl1s,0,0.6003677776991964,14
2021-08-16,cl1s,0,0.7450212561210547,14
2021-08-16,rb1s,0,0.4481240247183539,14
2021-08-17,cl1s,0,0.567207669028497,14
2021-08-17,rb1s,0,0.43099904384597687,14
2021-08-18,cl1s,0,0.5274029907227312,14
2021-08-18,rb1s,0,0.4141144066974333,14
2021-08-19,rb1s,0,0.4677129204324065,14
2021-08-19,cl1s,0,0.5915860430157243,14
2021-08-20,rb1s,1,0.5390798698740905,14
2021-08-20,cl1s,1,0.7138330968398837,14
2021-08-23,rb1s,1,0.5323161376908344,14
2021-08-23,cl1s,1,0.7353240849879404,14
2021-08-24,cl1s,1,0.6271756841676229,14
2021-08-24,rb1s,1,0.35178599185151743,14
2021-08-25,rb1s,0,0.3537466355930483,14
2021-08-25,cl1s,0,0.5394646002752802,14
2021-08-26,rb1s,1,0.262802613871497,14
2021-08-26,cl1s,1,0.4419165183872559,14
2021-08-27,rb1s,0,0.2820764787345351,14
2021-08-27,cl1s,1,0.45164324624820446,14
2021-08-30,rb1s,0,0.3762140504284174,14
2021-08-30,cl1s,0,0.5023767931279459,14
2021-08-31,cl1s,1,0.4690094649302038,14
2021-08-31,rb1s,0,0.34998050168432,14
2021-09-01,rb1s,1,0.34025767243676047,14
2021-09-01,cl1s,1,0.524131782907876,14
2021-09-02,rb1s,0,0.2862832816222289,14
2021-09-02,cl1s,0,0.4817234650247321,14
2021-09-03,rb1s,0,0.20374711884525007,14
2021-09-03,cl1s,0,0.44101495389337736,14
2021-09-07,rb1s,0,0.19657137107204092,14
2021-09-07,cl1s,1,0.3851165654903404,14
2021-09-08,cl1s,0,0.33052623333165215,14
2021-09-08,rb1s,0,0.18580858971022765,14
2021-09-09,rb1s,1,0.1995174693663135,14
2021-09-09,cl1s,1,0.4335659158400499,14
2021-09-10,cl1s,1,0.43392448430825675,14
2021-09-10,rb1s,0,0.30441959411467345,14
2021-09-13,rb1s,0,0.39335872970259156,14
2021-09-13,cl1s,1,0.5383812105610524,14
2021-09-14,cl1s,1,0.5210030328754335,14
2021-09-14,rb1s,0,0.2949773895683107,14
2021-09-15,rb1s,0,0.3463027459162018,14
2021-09-15,cl1s,1,0.5727970705549122,14
2021-09-16,cl1s,0,0.39461860273147803,14
2021-09-16,rb1s,0,0.28751293290048213,14
2021-09-17,cl1s,0,0.41564658003046534,14
2021-09-17,rb1s,0,0.2693186849352768,14
2021-09-20,rb1s,1,0.249800201004503,14
2021-09-20,cl1s,1,0.36340791489930463,14
2021-09-21,cl1s,1,0.3643209397483241,14
2021-09-21,rb1s,1,0.37211712826219584,14
2021-09-22,cl1s,1,0.4206799142559733,14
2021-09-22,rb1s,1,0.4408702140623508,14
2021-09-23,cl1s,1,0.4457968957638807,14
2021-09-23,rb1s,0,0.34926525681303183,14
2021-09-24,rb1s,1,0.43228468434788525,14
2021-09-24,cl1s,1,0.47924883703370397,14
2021-09-27,rb1s,0,0.34254795452367204,14
2021-09-27,cl1s,0,0.49566504379846044,14
2021-09-28,rb1s,1,0.2899523393612581,14
2021-09-28,cl1s,0,0.4197368447444994,14
2021-09-29,rb1s,1,0.2916646497653784,14
2021-09-29,cl1s,1,0.43445390255314026,14
2021-09-30,cl1s,1,0.46921192306333026,14
2021-09-30,rb1s,1,0.2794795640596207,14
2021-10-01,rb1s,1,0.32782320749509664,14
2021-10-01,cl1s,1,0.5196538035797467,14
2021-10-04,cl1s,1,0.5107652493493398,14
2021-10-04,rb1s,0,0.18811776782853382,14
