method_pair,kendall_tau,agree
MDA-MDI,0.24999999999999997,False
MDA-SHAP,0.2352941176470588,False
MDI-SHAP,0.9852941176470588,True
