auc_mean,auc_std,logloss_mean,logloss_std,brier_mean,brier_std,n_folds
0.5152497612055346,0.06657613650288968,1.2050865963264514,1.0230337739130857,0.30622320703773137,0.08595990979686725,15
