instrument,auc_mean,auc_std,logloss,brier,n_events
pl1s,0.5127976432629586,0.0643186584246073,1.2050865963264514,0.3062232070377314,2670
