auc_mean,auc_std,logloss_mean,logloss_std,brier_mean,brier_std,n_folds
0.6209064953690563,0.05874194568724779,0.9866487450151737,0.22835308460956355,0.2922543132879017,0.0407239466113884,15
