date,instrument,y_true,y_score,fold
2020-01-30,rb1s,0,0.6636066748193795,0
2020-01-30,cl1s,1,0.5739543906624,0
2020-01-31,rb1s,0,0.8042100604797442,0
2020-01-31,ho1s,1,0.9935371956267508,0
2020-01-31,cl1s,0,0.828719087316415,0
2020-02-03,ho1s,1,0.9956057825895621,0
2020-02-03,rb1s,0,0.9282973538274533,0
2020-02-04,ho1s,1,0.9940025480471623,0
2020-02-04,rb1s,1,0.9218480397027625,0
2020-02-05,rb1s,1,0.8529816490690455,0
2020-02-05,cl1s,1,0.918781016589213,0
2020-02-06,cl1s,1,0.9464133361429832,0
2020-02-06,rb1s,1,0.9454729170158035,0
2020-02-07,rb1s,1,0.9731275457491408,0
2020-02-07,cl1s,1,0.9653815321285611,0
2020-02-10,rb1s,1,0.9547100326062145,0
2020-02-10,cl1s,1,0.9426575588407734,0
2020-02-11,cl1s,0,0.9492460307668922,0
2020-02-11,rb1s,1,0.9264786110429796,0
2020-02-12,rb1s,0,0.8622535992942243,0
2020-02-12,cl1s,0,0.9401577762445825,0
2020-02-13,cl1s,0,0.9676941456052959,0
2020-02-13,rb1s,0,0.9107486999226351,0
2020-02-14,rb1s,0,0.9117988086840457,0
2020-02-14,cl1s,0,0.9740914862766946,0
2020-02-18,rb1s,0,0.851476409511098,0
2020-02-18,cl1s,0,0.9049313053445445,0
2020-02-19,rb1s,1,0.7600758755348379,0
2020-02-19,cl1s,0,0.8929852959560857,0
2020-02-20,cl1s,0,0.9443967097563584,0
2020-02-20,rb1s,1,0.7898975871269744,0
2020-02-21,rb1s,0,0.7931008283606322,0
2020-02-21,cl1s,0,0.9162109543718633,0
2020-02-24,cl1s,0,0.9437242340512494,0
2020-02-24,rb1s,0,0.9399716103717383,0
2020-02-25,rb1s,0,0.9432197375122491,0
2020-02-25,cl1s,0,0.9675819342702668,0
2020-02-26,cl1s,0,0.9639860824936152,0
2020-02-26,rb1s,0,0.9667639955046617,0
2020-02-27,cl1s,0,0.9726501492543133,0
2020-02-27,rb1s,0,0.9822282302191966,0
2020-02-28,cl1s,0,0.9539462269385531,0
2020-02-28,rb1s,0,0.9562742741292325,0
2020-03-02,rb1s,0,0.9745152675995563,0
2020-03-03,rb1s,0,0.9837563793469836,0
2020-03-04,rb1s,0,0.9827615401974704,0
2020-03-05,rb1s,0,0.9856921871503808,0
2020-03-06,rb1s,0,0.9928500698770848,0
2020-03-09,rb1s,0,0.9986944631971675,0
2020-03-09,ho1s,0,0.9996564781698789,0
2020-03-10,rb1s,0,0.9926207632872383,0
2020-03-11,rb1s,1,0.9950288596918145,0
2020-03-12,rb1s,0,0.9999178942804484,0
2020-03-13,rb1s,0,0.999944315829278,0
2020-03-16,rb1s,0,0.9999957864282356,0
2020-03-17,rb1s,1,0.9999954026539285,0
2020-03-18,rb1s,0,0.9999961806635748,0
2020-03-18,cl1s,1,0.9999926714304996,0
2020-03-19,rb1s,1,0.9999986552728604,0
2020-03-20,cl1s,1,0.9991875863697699,0
2020-03-20,rb1s,1,0.9999926439815385,0
2020-03-23,cl1s,0,0.999148276988151,0
2020-03-23,rb1s,0,0.9999958236430919,0
2020-03-24,cl1s,0,0.9958408431151096,0
2020-03-24,rb1s,0,0.9999737643491136,0
2020-03-25,rb1s,0,0.9990685024091249,0
2020-03-26,rb1s,0,0.977425448937637,0
2020-03-26,cl1s,1,0.9672264808045682,0
2020-03-27,cl1s,1,0.9837189172581399,0
2020-03-27,rb1s,0,0.9889041483593063,0
2020-03-30,rb1s,0,0.9894055786311159,0
2020-03-30,cl1s,1,0.9945747833172195,0
2020-03-31,rb1s,0,0.601088197665228,0
2020-04-01,rb1s,0,0.5998693433276031,0
2020-04-02,rb1s,0,0.6985004660814366,0
2020-04-03,rb1s,1,0.7928800191979011,0
2020-04-06,rb1s,1,0.6073800986492041,0
2020-04-07,rb1s,1,0.49386480709358027,0
2020-04-08,rb1s,1,0.6725288932852067,0
2020-04-09,rb1s,1,0.5016128877064758,0
2020-04-13,rb1s,1,0.3296045228875936,0
2020-04-14,rb1s,1,0.30865128801230657,0
2020-04-15,ho1s,1,0.5732836868387517,0
2020-04-15,rb1s,1,0.19006168208830213,0
2020-04-16,rb1s,0,0.25662657309933856,0
2020-04-16,ho1s,1,0.8806017098480499,0
2020-04-17,rb1s,0,0.4544159565368357,0
2020-04-20,rb1s,0,0.48803613815352925,0
2020-04-21,rb1s,1,0.709930488487585,0
2020-04-21,ho1s,1,0.9831840569889183,0
2020-04-21,cl1s,1,0.9704410671246936,0
2020-04-22,cl1s,1,0.27096094024438405,0
2020-04-22,rb1s,1,0.7822605555310578,0
2020-04-23,rb1s,1,0.35152037493483124,0
2020-04-23,cl1s,1,0.12210520556071802,0
2020-04-24,cl1s,1,0.04321618987777559,0
2020-04-24,rb1s,1,0.4916282806720259,0
2020-04-27,cl1s,1,0.19067086545915868,0
2020-04-27,rb1s,1,0.43807683848753737,0
2020-04-28,cl1s,1,0.5320077604518982,0
2020-04-28,rb1s,1,0.616473317962951,0
2020-04-29,cl1s,1,0.2826051282755426,0
2020-04-29,rb1s,1,0.5785254590980435,0
2020-04-30,cl1s,1,0.45085235600673124,0
2020-04-30,rb1s,0,0.5657708124412091,0
2020-05-01,rb1s,0,0.3466402888333519,0
2020-05-01,cl1s,1,0.5166239212803987,0
2020-05-04,cl1s,1,0.7482407724885083,0
2020-05-04,rb1s,1,0.8058743684180061,0
2020-05-05,ng1s,1,0.8683113390429503,0
2020-05-05,rb1s,0,0.6845371704795908,0
2020-05-05,cl1s,1,0.9697392431031585,0
2020-05-06,rb1s,0,0.6814149693657193,0
2020-05-06,ng1s,1,0.6946239816685037,0
2020-05-06,cl1s,1,0.9045080981062739,0
2020-05-07,cl1s,1,0.916199107107261,0
2020-05-07,rb1s,0,0.8574816834345038,0
2020-05-07,ng1s,1,0.7613327027238692,0
2020-05-08,rb1s,0,0.8775586964113786,0
2020-05-08,ng1s,1,0.6080853764539071,0
2020-05-08,cl1s,1,0.9557010439223212,0
2020-05-11,rb1s,0,0.8845171734800112,0
2020-05-11,ng1s,1,0.684629625355998,0
2020-05-11,cl1s,1,0.9730869678609085,0
2020-05-12,cl1s,1,0.9895595660969291,0
2020-05-12,ng1s,0,0.7955310195219053,0
2020-05-12,rb1s,0,0.895815648994377,0
2020-05-13,rb1s,1,0.7655166962243977,0
2020-05-13,cl1s,1,0.9513284797875685,0
2020-05-14,rb1s,0,0.7275375248968099,0
2020-05-14,ng1s,0,0.6822695023651482,0
2020-05-14,cl1s,1,0.9773033117983857,0
2020-05-15,rb1s,0,0.6208828128328033,0
2020-05-15,ng1s,1,0.7478790784914554,0
2020-05-18,ng1s,1,0.8953054329500063,0
2020-05-18,ho1s,0,0.7932550089256066,0
2020-05-18,rb1s,0,0.8853058841091918,0
2020-05-19,rb1s,0,0.9473467330337778,0
2020-05-19,ng1s,1,0.9140920234034734,0
2020-05-19,cl1s,1,0.9989915176231267,0
2020-05-20,rb1s,0,0.880413794154926,0
2020-05-20,ho1s,0,0.8473606779165792,0
2020-05-20,ng1s,1,0.7787364086441373,0
2020-05-21,ng1s,1,0.9999452812939835,0
2020-05-21,rb1s,0,0.7164901677922985,0
2020-05-22,rb1s,0,0.7150895322060785,0
2020-05-26,rb1s,0,0.8040523842950599,0
2020-05-27,rb1s,0,0.7111459513233416,0
2020-05-27,cl1s,1,0.9846869098298102,0
2020-05-27,ng1s,1,0.5891990710460849,0
2020-05-28,cl1s,1,0.9779508614177392,0
2020-05-28,rb1s,0,0.731625750482001,0
2020-05-28,ng1s,1,0.5498694113778333,0
2020-05-29,rb1s,0,0.7380717008756494,0
2020-05-29,ng1s,1,0.6263307370048683,0
2020-06-01,rb1s,0,0.8425097702312618,0
2020-06-01,ng1s,1,0.40726066065158223,0
2020-06-02,rb1s,0,0.8754709746920467,0
2020-06-02,ng1s,1,0.3717050064675585,0
2020-06-03,rb1s,0,0.7767145555837008,0
2020-06-04,cl1s,1,0.9870283431623635,0
2020-06-04,rb1s,0,0.8626000192153773,0
2020-06-05,rb1s,0,0.882152883139889,0
2020-06-05,cl1s,1,0.993270851882531,0
2020-06-08,cl1s,1,0.9809140103270677,0
2020-06-08,rb1s,0,0.7459396811980799,0
2020-06-09,cl1s,1,0.9863262413061626,0
2020-06-09,rb1s,0,0.8218837153966957,0
2020-06-10,cl1s,0,0.9668055236028938,0
2020-06-10,rb1s,1,0.659372482976345,0
2020-06-11,rb1s,0,0.46922484503031164,0
2020-06-11,cl1s,1,0.9077283388338618,0
2020-06-12,rb1s,1,0.2947075478385429,0
2020-06-12,cl1s,1,0.7551737970348946,0
2020-06-15,rb1s,1,0.5551481882718696,0
2020-06-16,rb1s,0,0.5474226050455511,0
2020-06-17,rb1s,0,0.39522917572782085,0
2020-06-17,cl1s,1,0.7130444858058606,0
2020-06-18,rb1s,0,0.3749205506585955,0
2020-06-18,cl1s,1,0.7060801185381236,0
2020-06-19,cl1s,1,0.30003565621526085,0
2020-06-19,rb1s,1,0.15263693245883758,0
2020-06-22,cl1s,0,0.6612328678390129,0
2020-06-22,rb1s,1,0.30324354835196526,0
2020-06-23,cl1s,1,0.6344281973738585,0
2020-06-23,rb1s,1,0.2862239939485596,0
2020-06-24,rb1s,1,0.335621451312351,0
2020-06-24,cl1s,1,0.42618379600623607,0
2020-06-25,rb1s,1,0.24381617393323413,0
2020-06-25,cl1s,1,0.2976618569738268,0
2020-06-26,rb1s,1,0.10610739174013577,0
2020-06-26,cl1s,1,0.1678163405292639,0
2020-06-29,rb1s,1,0.1343055817108604,0
2020-06-29,cl1s,1,0.2602628821406049,0
2020-06-30,cl1s,1,0.4155249577254671,0
2020-06-30,rb1s,1,0.2384446491589708,0
2020-07-01,ho1s,0,0.7255152162595692,0
2020-07-01,rb1s,0,0.22305484271523102,0
2020-07-01,cl1s,1,0.2729149325931297,0
2020-07-02,cl1s,0,0.2243977501768687,0
2020-07-02,rb1s,0,0.21360275126446496,0
2020-07-06,cl1s,1,0.1794234371548918,0
2020-07-06,rb1s,0,0.12966825301260784,0
2020-07-07,cl1s,1,0.19431523307904544,0
2020-07-07,rb1s,1,0.14441206661238928,0
2020-07-08,cl1s,1,0.22486784533342083,0
2020-07-08,rb1s,0,0.24035403206397812,0
2020-07-09,rb1s,1,0.0794353640334012,0
2020-07-09,cl1s,1,0.06747553912485525,0
2020-07-10,ho1s,0,0.47256826676409647,0
2020-07-10,cl1s,1,0.05283774429454179,0
2020-07-10,rb1s,0,0.07150801637431999,0
2020-07-13,rb1s,0,0.04705529656055493,0
2020-07-13,cl1s,1,0.039045530368903555,0
2020-07-14,rb1s,1,0.054135579154936796,0
2020-07-14,cl1s,1,0.03714444600944117,0
2020-07-15,rb1s,0,0.06540536652170074,0
2020-07-15,cl1s,0,0.0511322559353805,0
2020-07-16,rb1s,0,0.022181651809941267,0
2020-07-16,cl1s,0,0.018680636055574608,0
2020-07-17,rb1s,0,0.061500876990823926,0
2020-07-17,cl1s,0,0.013745667917781772,0
2020-07-20,rb1s,1,0.10460980354260428,0
2020-07-20,cl1s,1,0.02111957120376398,0
2020-07-21,rb1s,0,0.14939470432534988,0
2020-07-21,cl1s,0,0.043664464861072526,0
2020-07-22,rb1s,0,0.11118644319428873,0
2020-07-22,cl1s,1,0.038233017786299374,0
2020-07-23,rb1s,0,0.1540194721514489,0
2020-07-23,cl1s,1,0.007577808825118939,0
2020-07-24,rb1s,0,0.1119496362380734,0
2020-07-24,cl1s,0,0.004657970452775175,0
2020-07-27,cl1s,1,0.011524087587688896,0
2020-07-27,rb1s,0,0.20108562826228651,0
2020-07-28,rb1s,0,0.18224744396672338,0
2020-07-28,cl1s,1,0.02059630908444229,0
2020-07-29,rb1s,1,0.14896718512686016,0
2020-07-29,cl1s,1,0.017823917353314653,0
2020-07-30,rb1s,1,0.17640919567179741,0
2020-07-30,cl1s,1,0.010286079724840915,0
2020-07-31,cl1s,1,0.013262891983859305,0
2020-07-31,rb1s,1,0.166809315794089,0
2020-08-03,cl1s,1,0.029454373037573655,0
2020-08-03,rb1s,1,0.16984094470790617,0
2020-08-03,ng1s,0,0.7910400211938684,0
2020-08-04,cl1s,1,0.09365311373097808,0
2020-08-04,rb1s,1,0.21843362052103807,0
2020-08-05,rb1s,1,0.3083627556893374,0
2020-08-06,rb1s,1,0.032097425706859736,0
2020-08-06,ng1s,0,0.3415289031427948,0
2020-08-07,rb1s,1,0.20652242290577205,0
2020-08-10,ng1s,0,0.31019171788762895,0
2020-01-30,rb1s,0,0.8678348497274356,1
2020-01-30,cl1s,1,0.8438080676804804,1
2020-01-31,rb1s,0,0.9855089332374986,1
2020-01-31,ho1s,1,0.9969914297844849,1
2020-01-31,cl1s,0,0.9703992526846869,1
2020-02-03,ho1s,1,0.9978798993908752,1
2020-02-03,rb1s,0,0.9912871464754508,1
2020-02-04,ho1s,1,0.9943935789908498,1
2020-02-04,rb1s,1,0.9956688447357276,1
2020-02-05,rb1s,1,0.9695962657618664,1
2020-02-05,cl1s,1,0.972384581274122,1
2020-02-06,cl1s,1,0.9766442981309074,1
2020-02-06,rb1s,1,0.9698373080941356,1
2020-02-07,rb1s,1,0.9833660039381282,1
2020-02-07,cl1s,1,0.9768809442225329,1
2020-02-10,rb1s,1,0.9728574397093845,1
2020-02-10,cl1s,1,0.9742012366079913,1
2020-02-11,cl1s,0,0.9781347767611491,1
2020-02-11,rb1s,1,0.9736834316770974,1
2020-02-12,rb1s,0,0.8905007655334919,1
2020-02-12,cl1s,0,0.9519873883018304,1
2020-02-13,cl1s,0,0.974063335902252,1
2020-02-13,rb1s,0,0.9150542138414557,1
2020-02-14,rb1s,0,0.9476200338794123,1
2020-02-14,cl1s,0,0.9910384504556958,1
2020-02-18,rb1s,0,0.8828556689694904,1
2020-02-18,cl1s,0,0.9740369107952204,1
2020-02-19,rb1s,1,0.6517142742412062,1
2020-02-19,cl1s,0,0.9554792028313265,1
2020-02-20,cl1s,0,0.9794343753476943,1
2020-02-20,rb1s,1,0.7242089328252339,1
2020-02-21,rb1s,0,0.8230014584530898,1
2020-02-21,cl1s,0,0.9832802391988267,1
2020-02-24,cl1s,0,0.9976516303944777,1
2020-02-24,rb1s,0,0.9902878222190334,1
2020-02-25,rb1s,0,0.9691259517986368,1
2020-02-25,cl1s,0,0.9942889303038712,1
2020-02-26,cl1s,0,0.9834327602720531,1
2020-02-26,rb1s,0,0.9793648974712504,1
2020-02-27,cl1s,0,0.99416250667171,1
2020-02-27,rb1s,0,0.996443252102207,1
2020-02-28,cl1s,0,0.988844360472515,1
2020-02-28,rb1s,0,0.9931911124854239,1
2020-03-02,rb1s,0,0.9928668876445857,1
2020-03-03,rb1s,0,0.9935016786125392,1
2020-03-04,rb1s,0,0.9951064372288716,1
2020-03-05,rb1s,0,0.9984461972685783,1
2020-03-06,rb1s,0,0.9997010211566413,1
2020-03-09,rb1s,0,0.9999887645833844,1
2020-03-09,ho1s,0,0.9999645860812472,1
2020-03-10,rb1s,0,0.999952778500192,1
2020-03-11,rb1s,1,0.999785244393573,1
2020-03-12,rb1s,0,0.9999962570080997,1
2020-03-13,rb1s,0,0.9999979846455509,1
2020-03-16,rb1s,0,0.9999999181455557,1
2020-03-17,rb1s,1,0.9999998193219704,1
2020-03-18,rb1s,0,0.9999996026371103,1
2020-03-18,cl1s,1,0.9999990645933393,1
2020-03-19,rb1s,1,0.9999998050284893,1
2020-03-20,cl1s,1,0.9999981655851251,1
2020-03-20,rb1s,1,0.9999995800155886,1
2020-03-23,cl1s,0,0.9999985549169715,1
2020-03-23,rb1s,0,0.999999996563202,1
2020-03-24,cl1s,0,0.9999990930999572,1
2020-03-24,rb1s,0,0.99999999734975,1
2020-03-25,rb1s,0,0.9999999740296115,1
2020-03-26,rb1s,0,0.999999605974621,1
2020-03-26,cl1s,1,0.9999994566010155,1
2020-03-27,cl1s,1,0.9999996379194999,1
2020-03-27,rb1s,0,0.9999996917341423,1
2020-03-30,rb1s,0,0.9999965866534607,1
2020-03-30,cl1s,1,0.9999995356471851,1
2020-03-31,rb1s,0,0.999998094768248,1
2020-04-01,rb1s,0,0.9999986673547654,1
2020-04-02,rb1s,0,0.9999974368761024,1
2020-04-03,rb1s,1,0.9999901923635398,1
2020-04-06,rb1s,1,0.9988943014959902,1
2020-04-07,rb1s,1,0.9982445383718419,1
2020-04-08,rb1s,1,0.998386448534671,1
2020-04-09,rb1s,1,0.9974552397111053,1
2020-04-13,rb1s,1,0.995694499903745,1
2020-04-14,rb1s,1,0.9984251227974035,1
2020-04-15,ho1s,1,0.9945200137045551,1
2020-04-15,rb1s,1,0.9971614427677338,1
2020-04-16,rb1s,0,0.997325000150587,1
2020-04-16,ho1s,1,0.9918723218216585,1
2020-04-17,rb1s,0,0.9984949283676889,1
2020-04-20,rb1s,0,0.999716436764397,1
2020-04-21,rb1s,1,0.9999747825751729,1
2020-04-21,ho1s,1,0.9998850101793242,1
2020-04-21,cl1s,1,0.9999999933070793,1
2020-04-22,cl1s,1,0.9999996923588621,1
2020-04-22,rb1s,1,0.9994726968531396,1
2020-04-23,rb1s,1,0.9839971837075407,1
2020-04-23,cl1s,1,0.9999992252979659,1
2020-04-24,cl1s,1,0.9999966158225017,1
2020-04-24,rb1s,1,0.9973236619851396,1
2020-04-27,cl1s,1,0.9999998916894139,1
2020-04-27,rb1s,1,0.9934748166997429,1
2020-04-28,cl1s,1,0.999999946872752,1
2020-04-28,rb1s,1,0.9961915767314977,1
2020-04-29,cl1s,1,0.9999997398058353,1
2020-04-29,rb1s,1,0.9727459235077652,1
2020-04-30,cl1s,1,0.9999992880524055,1
2020-04-30,rb1s,0,0.9778855984791504,1
2020-05-01,rb1s,0,0.9908233110788913,1
2020-05-01,cl1s,1,0.9999983296891106,1
2020-05-04,cl1s,1,0.9999994948856632,1
2020-05-04,rb1s,1,0.9966252602897657,1
2020-05-05,ng1s,1,0.9605432272332592,1
2020-05-05,rb1s,0,0.26318796706631176,1
2020-05-05,cl1s,1,0.9996756142469446,1
2020-05-06,rb1s,0,0.3374012072812695,1
2020-05-06,ng1s,1,0.973344709581318,1
2020-05-06,cl1s,1,0.9994206919230262,1
2020-05-07,cl1s,1,0.9999318877488684,1
2020-05-07,rb1s,0,0.19847934938516498,1
2020-05-07,ng1s,1,0.9860966657127435,1
2020-05-08,rb1s,0,0.211897770092028,1
2020-05-08,ng1s,1,0.9727922594454669,1
2020-05-08,cl1s,1,0.9999484934558259,1
2020-05-11,rb1s,0,0.3111160530918239,1
2020-05-11,ng1s,1,0.046664183630031046,1
2020-05-11,cl1s,1,0.999248264375505,1
2020-05-12,cl1s,1,0.9968398463608145,1
2020-05-12,ng1s,0,0.9979491228845212,1
2020-08-10,rb1s,1,0.7425066374428451,1
2020-08-11,rb1s,1,0.795361468893852,1
2020-08-12,rb1s,1,0.25547619190202064,1
2020-08-13,rb1s,1,0.35287931197642375,1
2020-08-14,rb1s,1,0.409044644658591,1
2020-08-17,rb1s,1,0.3502879967408494,1
2020-08-18,rb1s,1,0.6166891274261582,1
2020-08-19,rb1s,0,0.7476626863936006,1
2020-08-20,rb1s,0,0.716872255773391,1
2020-08-21,rb1s,0,0.8531376796060278,1
2020-08-21,cl1s,0,0.7411223704973819,1
2020-08-24,cl1s,0,0.9021957745555981,1
2020-08-24,rb1s,0,0.5748131843492745,1
2020-08-25,cl1s,0,0.80406222114786,1
2020-08-25,rb1s,0,0.20618068366107714,1
2020-08-26,rb1s,0,0.432848123791048,1
2020-08-26,cl1s,0,0.7492358782106264,1
2020-08-27,rb1s,0,0.5248416583405451,1
2020-08-28,rb1s,0,0.5731371714828704,1
2020-08-31,rb1s,0,0.8240279905178975,1
2020-09-01,rb1s,0,0.8760644010949313,1
2020-09-01,cl1s,0,0.9308627736649325,1
2020-09-02,cl1s,0,0.7139955768669236,1
2020-09-02,rb1s,0,0.8593579684383903,1
2020-09-03,rb1s,0,0.9774482097430521,1
2020-09-04,rb1s,0,0.9793907972878051,1
2020-09-08,ho1s,1,0.9911426433026378,1
2020-09-08,rb1s,1,0.9842893156349587,1
2020-09-09,rb1s,1,0.9403837170899595,1
2020-09-10,rb1s,1,0.9167201593066195,1
2020-09-11,rb1s,1,0.9438463801815388,1
2020-09-14,rb1s,1,0.9656332424655296,1
2020-09-15,rb1s,1,0.9222262641189655,1
2020-09-16,rb1s,1,0.9245675445514346,1
2020-09-16,cl1s,0,0.9468071265940993,1
2020-09-17,rb1s,0,0.8257901189972195,1
2020-09-18,rb1s,0,0.9246978061575432,1
2020-09-21,rb1s,1,0.9757729692628726,1
2020-09-21,cl1s,0,0.9865330497751289,1
2020-09-21,ho1s,1,0.9761596196605807,1
2020-09-22,rb1s,1,0.9809984519511205,1
2020-09-22,ho1s,1,0.9716252532649764,1
2020-09-22,cl1s,1,0.9718538963627402,1
2020-09-23,rb1s,1,0.9538048911186644,1
2020-09-23,ho1s,1,0.9820694794525957,1
2020-09-23,cl1s,1,0.964929477697911,1
2020-09-24,cl1s,1,0.8411162200404173,1
2020-09-24,ho1s,1,0.8939674476819277,1
2020-09-24,ng1s,1,0.9874558333525628,1
2020-09-24,rb1s,1,0.6827019771336941,1
2020-09-25,rb1s,1,0.700365065041357,1
2020-09-25,cl1s,1,0.8277556603307163,1
2020-09-25,ho1s,1,0.9065046124458647,1
2020-09-28,rb1s,0,0.6590557270510474,1
2020-09-28,cl1s,0,0.7192123023653615,1
2020-09-29,ho1s,1,0.8824985107226051,1
2020-09-29,cl1s,1,0.9354291820140528,1
2020-09-29,rb1s,1,0.7265096331916143,1
2020-09-30,rb1s,1,0.7319471577681401,1
2020-09-30,cl1s,1,0.8438889654463098,1
2020-09-30,ho1s,1,0.603736556838922,1
2020-10-01,cl1s,1,0.9703208346968072,1
2020-10-01,ho1s,1,0.9033814953882523,1
2020-10-01,rb1s,1,0.863036904520512,1
2020-10-02,ho1s,1,0.9888580230224554,1
2020-10-02,cl1s,1,0.9877280747775232,1
2020-10-02,rb1s,1,0.9232832537475198,1
2020-10-05,rb1s,0,0.8577582037439615,1
2020-10-05,cl1s,1,0.9836656797803606,1
2020-10-06,rb1s,0,0.5871259877065026,1
2020-10-07,cl1s,0,0.8891156407335522,1
2020-10-07,rb1s,0,0.8565315984699455,1
2020-10-08,cl1s,0,0.8930725922450975,1
2020-10-08,rb1s,0,0.8239497015038184,1
2020-10-09,ng1s,0,0.9962924190565413,1
2020-10-09,rb1s,0,0.7799796998111376,1
2020-10-09,cl1s,0,0.9571900224915433,1
2020-10-12,rb1s,0,0.9615570637951975,1
2020-10-12,ng1s,0,0.9902395558102076,1
2020-10-12,cl1s,0,0.9520295276708997,1
2020-10-13,cl1s,0,0.9137871779717448,1
2020-10-13,rb1s,0,0.9451090586179993,1
2020-10-13,ng1s,0,0.989113739171866,1
2020-10-14,cl1s,0,0.9217856760935543,1
2020-10-14,rb1s,0,0.9607387304086701,1
2020-10-14,ng1s,0,0.9944515437167228,1
2020-10-15,cl1s,0,0.9534177427895447,1
2020-10-15,rb1s,0,0.9836957963861888,1
2020-10-16,cl1s,0,0.9607636142314112,1
2020-10-16,rb1s,0,0.9916022675711363,1
2020-10-19,rb1s,0,0.9874795458887043,1
2020-10-19,cl1s,0,0.9675224298174321,1
2020-10-20,rb1s,0,0.9919186177883655,1
2020-10-20,cl1s,0,0.9276826316339772,1
2020-10-21,rb1s,0,0.9870586426395703,1
2020-10-21,cl1s,0,0.9472629748066574,1
2020-10-22,rb1s,0,0.9905337336525741,1
2020-10-22,cl1s,0,0.70480560230538,1
2020-10-23,ho1s,0,0.8963827836237894,1
2020-10-23,cl1s,0,0.9732494898589575,1
2020-10-23,rb1s,0,0.9911850140733919,1
2020-10-26,ng1s,1,0.9977336269805452,1
2020-10-26,ho1s,1,0.966832694517942,1
2020-10-26,cl1s,1,0.9947426532166583,1
2020-10-26,rb1s,1,0.9989141029540226,1
2020-10-27,rb1s,0,0.9980224995677595,1
2020-10-27,ng1s,1,0.9927667815900891,1
2020-10-27,ho1s,1,0.972701384145465,1
2020-10-27,cl1s,0,8.783670684683642e-05,1
2020-10-28,rb1s,1,0.9991770776694068,1
2020-10-28,cl1s,1,0.9940653226210119,1
2020-10-29,cl1s,1,0.998099574399643,1
2020-10-29,rb1s,1,0.9985147848032011,1
2020-10-29,ho1s,1,0.9969770092282679,1
2020-10-30,ho1s,1,0.9965330052349781,1
2020-10-30,rb1s,1,0.9992398875271697,1
2020-10-30,cl1s,1,0.9989094203700942,1
2020-11-02,cl1s,1,0.9989544477069966,1
2020-11-02,rb1s,1,0.9994093285281015,1
2020-11-03,cl1s,1,0.9941968501591117,1
2020-11-03,rb1s,1,0.9967644222450287,1
2020-11-04,cl1s,1,0.9810432883099244,1
2020-11-04,rb1s,1,0.9924112334671457,1
2020-11-05,rb1s,1,0.9452930480512504,1
2020-11-05,cl1s,1,0.9813810159237849,1
2020-11-06,cl1s,1,0.9872468826136566,1
2020-01-30,rb1s,0,0.16500693623510046,2
2020-01-30,cl1s,1,0.10475151499572063,2
2020-01-31,rb1s,0,0.28468485464216514,2
2020-01-31,ho1s,1,0.7725438043115251,2
2020-01-31,cl1s,0,0.208771393795446,2
2020-02-03,ho1s,1,0.8245699732041918,2
2020-02-03,rb1s,0,0.4181328984516447,2
2020-02-04,ho1s,1,0.7316948734785838,2
2020-02-04,rb1s,1,0.342997430009711,2
2020-02-05,rb1s,1,0.2722894111851707,2
2020-02-05,cl1s,1,0.20638777105615733,2
2020-02-06,cl1s,1,0.3035076172514281,2
2020-02-06,rb1s,1,0.3367012550435225,2
2020-02-07,rb1s,1,0.5070960699362845,2
2020-02-07,cl1s,1,0.4972498095290788,2
2020-02-10,rb1s,1,0.393114295252507,2
2020-02-10,cl1s,1,0.4264581478263637,2
2020-02-11,cl1s,0,0.3333632070569125,2
2020-02-11,rb1s,1,0.2603217250010606,2
2020-02-12,rb1s,0,0.20416062203613053,2
2020-02-12,cl1s,0,0.27704624308906267,2
2020-02-13,cl1s,0,0.34347928827974167,2
2020-02-13,rb1s,0,0.2138539440670881,2
2020-02-14,rb1s,0,0.25639060597042296,2
2020-02-14,cl1s,0,0.6226458248217648,2
2020-02-18,rb1s,0,0.23594711393535134,2
2020-02-18,cl1s,0,0.3567980836160811,2
2020-02-19,rb1s,1,0.09497258211897476,2
2020-02-19,cl1s,0,0.2960413923926012,2
2020-02-20,cl1s,0,0.3997030242565437,2
2020-02-20,rb1s,1,0.08487419518766098,2
2020-02-21,rb1s,0,0.18452637389843893,2
2020-02-21,cl1s,0,0.5005150729711783,2
2020-02-24,cl1s,0,0.5594142053980737,2
2020-02-24,rb1s,0,0.3480883641728362,2
2020-02-25,rb1s,0,0.26743188011608804,2
2020-02-25,cl1s,0,0.5081664151894014,2
2020-02-26,cl1s,0,0.3233296491611626,2
2020-02-26,rb1s,0,0.15666013981854807,2
2020-02-27,cl1s,0,0.08212618189531007,2
2020-02-27,rb1s,0,0.10110651290381983,2
2020-02-28,cl1s,0,0.03510129281075969,2
2020-02-28,rb1s,0,0.032818849771697994,2
2020-03-02,rb1s,0,0.4335516300840069,2
2020-03-03,rb1s,0,0.45994412645745175,2
2020-03-04,rb1s,0,0.5822634197677733,2
2020-03-05,rb1s,0,0.6257148845754475,2
2020-03-06,rb1s,0,0.8240954516563104,2
2020-03-09,rb1s,0,0.9281623033828752,2
2020-03-09,ho1s,0,0.957468963659987,2
2020-03-10,rb1s,0,0.9219534275053068,2
2020-03-11,rb1s,1,0.8829758836777926,2
2020-03-12,rb1s,0,0.9109504571997865,2
2020-03-13,rb1s,0,0.9890570105175008,2
2020-03-16,rb1s,0,0.9934076975476829,2
2020-03-17,rb1s,1,0.9926495968038226,2
2020-03-18,rb1s,0,0.9963298397203921,2
2020-03-18,cl1s,1,0.9850951308701674,2
2020-03-19,rb1s,1,0.9984517461947262,2
2020-03-20,cl1s,1,0.853193753940051,2
2020-03-20,rb1s,1,0.9905793948067111,2
2020-03-23,cl1s,0,0.8069818741560402,2
2020-03-23,rb1s,0,0.998150007155077,2
2020-03-24,cl1s,0,0.2890178337950172,2
2020-03-24,rb1s,0,0.9584417267123732,2
2020-03-25,rb1s,0,0.7534652814137093,2
2020-03-26,rb1s,0,0.11298798401406153,2
2020-03-26,cl1s,1,0.05046445995822014,2
2020-03-27,cl1s,1,0.12246638070094493,2
2020-03-27,rb1s,0,0.22585776794707554,2
2020-03-30,rb1s,0,0.21448066286307757,2
2020-03-30,cl1s,1,0.34318221611793387,2
2020-03-31,rb1s,0,0.19408821177183117,2
2020-04-01,rb1s,0,0.2736200771599966,2
2020-04-02,rb1s,0,0.15595022798399724,2
2020-04-03,rb1s,1,0.26363693544399525,2
2020-04-06,rb1s,1,0.07620329832658893,2
2020-04-07,rb1s,1,0.03797595487944775,2
2020-04-08,rb1s,1,0.04073257793895379,2
2020-04-09,rb1s,1,0.059667439910669307,2
2020-04-13,rb1s,1,0.08195878102182284,2
2020-04-14,rb1s,1,0.0930032319417804,2
2020-04-15,ho1s,1,0.6420539947321869,2
2020-04-15,rb1s,1,0.0530220628708909,2
2020-04-16,rb1s,0,0.09867857896731973,2
2020-04-16,ho1s,1,0.8478116531133639,2
2020-04-17,rb1s,0,0.12743351140959353,2
2020-04-20,rb1s,0,0.2097505960611427,2
2020-04-21,rb1s,1,0.5052273393136921,2
2020-04-21,ho1s,1,0.9197919134764552,2
2020-04-21,cl1s,1,0.11210403077497777,2
2020-04-22,cl1s,1,0.09351631198898988,2
2020-04-22,rb1s,1,0.22656840448489463,2
2020-04-23,rb1s,1,0.06646201516414546,2
2020-04-23,cl1s,1,0.2245224767332316,2
2020-04-24,cl1s,1,0.21045639932228372,2
2020-04-24,rb1s,1,0.18149318281820687,2
2020-04-27,cl1s,1,0.4396425978820839,2
2020-04-27,rb1s,1,0.10817809494663037,2
2020-04-28,cl1s,1,0.408624345476356,2
2020-04-28,rb1s,1,0.15032322225192263,2
2020-04-29,cl1s,1,0.35936364812681415,2
2020-04-29,rb1s,1,0.041346860505698295,2
2020-04-30,cl1s,1,0.42204911817921476,2
2020-04-30,rb1s,0,0.0641817035081509,2
2020-05-01,rb1s,0,0.08903307113198596,2
2020-05-01,cl1s,1,0.49943315273926686,2
2020-05-04,cl1s,1,0.5499782942584229,2
2020-05-04,rb1s,1,0.2188684760957451,2
2020-05-05,ng1s,1,0.30044384364184884,2
2020-05-05,rb1s,0,0.04172674985046802,2
2020-05-05,cl1s,1,0.1641916216917947,2
2020-05-06,rb1s,0,0.07702084161725842,2
2020-05-06,ng1s,1,0.5814801253747677,2
2020-05-06,cl1s,1,0.16640363769699013,2
2020-05-07,cl1s,1,0.36261281960804614,2
2020-05-07,rb1s,0,0.05245171424697635,2
2020-05-07,ng1s,1,0.8100772800878834,2
2020-05-08,rb1s,0,0.1430562688651762,2
2020-05-08,ng1s,1,0.8248113224765367,2
2020-05-08,cl1s,1,0.6019446895693812,2
2020-05-11,rb1s,0,0.13229153022648385,2
2020-05-11,ng1s,1,0.9615353595545141,2
2020-05-11,cl1s,1,0.33494261765622235,2
2020-05-12,cl1s,1,0.2238940864093809,2
2020-05-12,ng1s,0,0.8718542091156125,2
2020-11-06,rb1s,1,0.30632002345310055,2
2020-11-09,cl1s,1,0.14041960474607698,2
2020-11-09,rb1s,1,0.09851612001967185,2
2020-11-10,cl1s,1,0.16746842941252796,2
2020-11-10,rb1s,1,0.07985137039568692,2
2020-11-11,rb1s,1,0.08547693936542107,2
2020-11-11,cl1s,1,0.15366625930809533,2
2020-11-12,rb1s,1,0.05996781411934211,2
2020-11-12,cl1s,1,0.1538021206361286,2
2020-11-13,cl1s,1,0.19830140358963103,2
2020-11-13,rb1s,1,0.13289427988089486,2
2020-11-16,rb1s,1,0.12509422980121268,2
2020-11-16,cl1s,1,0.19551710190430946,2
2020-11-17,rb1s,1,0.14043741478630234,2
2020-11-17,cl1s,1,0.17898740379469885,2
2020-11-18,rb1s,1,0.07815204067155848,2
2020-11-18,cl1s,1,0.10560836603228381,2
2020-11-19,rb1s,1,0.14951648266407627,2
2020-11-19,cl1s,1,0.18667443792460434,2
2020-11-20,rb1s,1,0.10745809219342382,2
2020-11-20,cl1s,1,0.23952864194810985,2
2020-11-23,rb1s,1,0.14060855894906152,2
2020-11-23,cl1s,1,0.31136139165023213,2
2020-11-24,cl1s,1,0.28045547754273753,2
2020-11-24,rb1s,1,0.14788859899157897,2
2020-11-25,rb1s,1,0.2687222692194112,2
2020-11-27,rb1s,1,0.35954988266984117,2
2020-11-30,rb1s,1,0.32527345405026165,2
2020-12-01,rb1s,1,0.3538326865651222,2
2020-12-01,cl1s,1,0.511084803983277,2
2020-12-02,rb1s,1,0.41649273184548796,2
2020-12-02,cl1s,1,0.4012155150117844,2
2020-12-03,rb1s,1,0.36091775052130337,2
2020-12-03,cl1s,1,0.3880784614243038,2
2020-12-04,rb1s,1,0.3259584612201845,2
2020-12-04,cl1s,1,0.450997690004477,2
2020-12-07,rb1s,1,0.3088869476937389,2
2020-12-07,cl1s,1,0.5201867115506492,2
2020-12-08,cl1s,1,0.48795583682207216,2
2020-12-08,rb1s,1,0.3058596692836723,2
2020-12-09,cl1s,1,0.40060712664585824,2
2020-12-09,rb1s,1,0.3834323042432984,2
2020-12-10,rb1s,1,0.3670472840978243,2
2020-12-11,rb1s,1,0.3279931719312756,2
2020-12-11,cl1s,1,0.5063958505061962,2
2020-12-14,rb1s,1,0.4595081493532963,2
2020-12-15,rb1s,1,0.46467111051871574,2
2020-12-16,rb1s,1,0.464438735775711,2
2020-12-17,rb1s,0,0.4957221912539089,2
2020-12-18,rb1s,1,0.6342577226167249,2
2020-12-18,ho1s,0,0.5316839212806864,2
2020-12-21,ho1s,0,0.5485600866428351,2
2020-12-21,rb1s,1,0.6356154564009598,2
2020-12-22,rb1s,1,0.511436922464166,2
2020-12-23,rb1s,1,0.3802819707127687,2
2020-12-24,rb1s,1,0.39948573278020505,2
2020-12-28,rb1s,1,0.430750245324274,2
2020-12-29,rb1s,1,0.3873124276570655,2
2020-12-30,rb1s,1,0.3161585634805783,2
2020-12-31,rb1s,1,0.323469645169955,2
2021-01-04,ho1s,1,0.3919970903609827,2
2021-01-04,rb1s,1,0.30957779883154835,2
2021-01-04,cl1s,1,0.45996883669575406,2
2021-01-05,rb1s,1,0.282794400546528,2
2021-01-05,cl1s,1,0.3188658515790353,2
2021-01-06,rb1s,0,0.3819535620298221,2
2021-01-06,cl1s,1,0.42527727163958146,2
2021-01-07,rb1s,0,0.45911265973060517,2
2021-01-07,cl1s,1,0.5960759449921039,2
2021-01-08,rb1s,0,0.43739269630358135,2
2021-01-08,cl1s,1,0.6050226837909807,2
2021-01-11,rb1s,0,0.6088861515464992,2
2021-01-11,cl1s,1,0.8120195222730258,2
2021-01-12,rb1s,0,0.5611385998241457,2
2021-01-13,rb1s,0,0.4597728802648287,2
2021-01-14,rb1s,1,0.45035332482298013,2
2021-01-15,rb1s,0,0.6436210451213051,2
2021-01-15,cl1s,1,0.6508043408975167,2
2021-01-19,cl1s,1,0.5549492957251344,2
2021-01-19,rb1s,0,0.49735893084109617,2
2021-01-20,cl1s,1,0.5428204228035075,2
2021-01-20,rb1s,0,0.4861531731598111,2
2021-01-21,cl1s,1,0.47789033602259917,2
2021-01-21,rb1s,0,0.44359655081225013,2
2021-01-22,rb1s,0,0.5827627715019661,2
2021-01-25,rb1s,0,0.6766794887635176,2
2021-01-26,rb1s,0,0.6647018726856322,2
2021-01-27,rb1s,0,0.5207828003767396,2
2021-01-28,rb1s,0,0.6091952361031455,2
2021-01-29,rb1s,0,0.6367762932859798,2
2021-02-01,rb1s,0,0.8773877504109495,2
2021-02-02,rb1s,0,0.8057977807847165,2
2021-02-03,rb1s,0,0.606214557622841,2
2021-02-04,rb1s,0,0.7322938566350823,2
2021-02-04,cl1s,0,0.6639185702352213,2
2021-02-05,rb1s,0,0.6888719975971442,2
2021-02-05,cl1s,0,0.6697692260237005,2
2021-02-08,rb1s,0,0.5159505749699366,2
2021-02-08,cl1s,0,0.7582763193743511,2
2021-02-09,rb1s,0,0.49695865627905195,2
2021-02-09,cl1s,0,0.6309159698847545,2
2021-02-10,cl1s,0,0.6809301777324323,2
2021-02-10,rb1s,0,0.47767094139793853,2
2021-02-11,cl1s,0,0.7166145289653915,2
2021-02-11,rb1s,0,0.5762753772562509,2
2021-02-12,rb1s,0,0.46260016292365647,2
2021-02-12,cl1s,0,0.7314802181692243,2
2021-02-16,cl1s,0,0.7100606426598333,2
2021-02-16,ng1s,1,0.11142564829930614,2
2021-02-16,rb1s,0,0.62476587325605,2
2021-02-17,rb1s,0,0.6770829039184222,2
2021-02-17,cl1s,0,0.7556941152724551,2
2021-02-18,rb1s,0,0.7927309029704075,2
2021-02-18,cl1s,0,0.6889782898729276,2
2021-02-19,cl1s,0,0.7422251165032563,2
2021-02-19,rb1s,0,0.8798415287187363,2
2021-02-22,cl1s,0,0.7340140952263976,2
2021-02-22,rb1s,0,0.8359869110186031,2
2021-02-23,rb1s,0,0.7855228700823521,2
2021-02-23,cl1s,0,0.6130432578733369,2
2021-02-24,cl1s,0,0.6705175546952186,2
2021-02-24,rb1s,0,0.8399591032995379,2
2021-02-25,cl1s,0,0.8149289258547378,2
2021-02-25,rb1s,0,0.8764529115496733,2
2021-02-26,rb1s,0,0.7321549963011562,2
2021-03-01,rb1s,0,0.8947330786811094,2
2020-01-30,rb1s,0,0.982697025040021,3
2020-01-30,cl1s,1,0.9504996639232868,3
2020-01-31,rb1s,0,0.992445302671055,3
2020-01-31,ho1s,1,0.99984504681878,3
2020-01-31,cl1s,0,0.9840149554948405,3
2020-02-03,ho1s,1,0.9999404682332971,3
2020-02-03,rb1s,0,0.9991698135502909,3
2020-02-04,ho1s,1,0.999829301654237,3
2020-02-04,rb1s,1,0.9993372561877815,3
2020-02-05,rb1s,1,0.992379367579667,3
2020-02-05,cl1s,1,0.9848554597056529,3
2020-02-06,cl1s,1,0.9878049101427134,3
2020-02-06,rb1s,1,0.9956081625208457,3
2020-02-07,rb1s,1,0.9964276394344087,3
2020-02-07,cl1s,1,0.9947652925093097,3
2020-02-10,rb1s,1,0.98650748720603,3
2020-02-10,cl1s,1,0.9916223547011453,3
2020-02-11,cl1s,0,0.9952061262685868,3
2020-02-11,rb1s,1,0.9880060177230465,3
2020-02-12,rb1s,0,0.877423083990678,3
2020-02-12,cl1s,0,0.9829063628926524,3
2020-02-13,cl1s,0,0.9756297993586774,3
2020-02-13,rb1s,0,0.8969469244909173,3
2020-02-14,rb1s,0,0.8416584745504673,3
2020-02-14,cl1s,0,0.9718459156728543,3
2020-02-18,rb1s,0,0.7721279754653821,3
2020-02-18,cl1s,0,0.9619509126267417,3
2020-02-19,rb1s,1,0.34282975300285334,3
2020-02-19,cl1s,0,0.9273633157650694,3
2020-02-20,cl1s,0,0.9680701469739788,3
2020-02-20,rb1s,1,0.5325570426427735,3
2020-02-21,rb1s,0,0.8159717916286947,3
2020-02-21,cl1s,0,0.9406215666555057,3
2020-02-24,cl1s,0,0.9908234085867746,3
2020-02-24,rb1s,0,0.9919740850472518,3
2020-02-25,rb1s,0,0.9952657453186987,3
2020-02-25,cl1s,0,0.9950591122349042,3
2020-02-26,cl1s,0,0.9922785717770238,3
2020-02-26,rb1s,0,0.9981001559869253,3
2020-02-27,cl1s,0,0.9918328385276719,3
2020-02-27,rb1s,0,0.9989492967314992,3
2020-02-28,cl1s,0,0.9833563137542278,3
2020-02-28,rb1s,0,0.9971378394460506,3
2020-03-02,rb1s,0,0.9970498546449672,3
2020-03-03,rb1s,0,0.9974456132263279,3
2020-03-04,rb1s,0,0.9980548639707151,3
2020-03-05,rb1s,0,0.9989810538727188,3
2020-03-06,rb1s,0,0.9998671088410975,3
2020-03-09,rb1s,0,0.9999980308313422,3
2020-03-09,ho1s,0,0.9999940353628343,3
2020-03-10,rb1s,0,0.9999854784398262,3
2020-03-11,rb1s,1,0.9999904917526825,3
2020-03-12,rb1s,0,0.9999992834827323,3
2020-03-13,rb1s,0,0.9999999244097167,3
2020-03-16,rb1s,0,0.9999999902940383,3
2020-03-17,rb1s,1,0.9999999982983527,3
2020-03-18,rb1s,0,0.9999999969374758,3
2020-03-18,cl1s,1,0.9999989114740296,3
2020-03-19,rb1s,1,0.9999999979615579,3
2020-03-20,cl1s,1,0.9995627929886828,3
2020-03-20,rb1s,1,0.9999999743463712,3
2020-03-23,cl1s,0,0.9998029422319649,3
2020-03-23,rb1s,0,0.9999999965657191,3
2020-03-24,cl1s,0,0.9993713069303132,3
2020-03-24,rb1s,0,0.9999999964432191,3
2020-03-25,rb1s,0,0.9999984147195315,3
2020-03-26,rb1s,0,0.999588262766392,3
2020-03-26,cl1s,1,0.9921177446484732,3
2020-03-27,cl1s,1,0.9928968752631229,3
2020-03-27,rb1s,0,0.9996576441460476,3
2020-03-30,rb1s,0,0.9981452819927791,3
2020-03-30,cl1s,1,0.998203895192392,3
2020-03-31,rb1s,0,0.9993913380664037,3
2020-04-01,rb1s,0,0.9997744742438838,3
2020-04-02,rb1s,0,0.9991119409820111,3
2020-04-03,rb1s,1,0.9953071719300454,3
2020-04-06,rb1s,1,0.9710125872431037,3
2020-04-07,rb1s,1,0.9342693461781065,3
2020-04-08,rb1s,1,0.9266974033980567,3
2020-04-09,rb1s,1,0.8249272139471499,3
2020-04-13,rb1s,1,0.7364443926286048,3
2020-04-14,rb1s,1,0.8712754936758164,3
2020-04-15,ho1s,1,0.9966444760408912,3
2020-04-15,rb1s,1,0.8780070703550215,3
2020-04-16,rb1s,0,0.9568968025081313,3
2020-04-16,ho1s,1,0.9939393693779431,3
2020-04-17,rb1s,0,0.9919719648727854,3
2020-04-20,rb1s,0,0.9993947971564879,3
2020-04-21,rb1s,1,0.9999868091651996,3
2020-04-21,ho1s,1,0.9999890535858711,3
2020-04-21,cl1s,1,0.9999312142383134,3
2020-04-22,cl1s,1,0.9980352242497076,3
2020-04-22,rb1s,1,0.9971183237097101,3
2020-04-23,rb1s,1,0.9362367362103547,3
2020-04-23,cl1s,1,0.9832444314491597,3
2020-04-24,cl1s,1,0.9209398258483755,3
2020-04-24,rb1s,1,0.9384321462717503,3
2020-04-27,cl1s,1,0.9896883666402293,3
2020-04-27,rb1s,1,0.9250130197544215,3
2020-04-28,cl1s,1,0.9972978579255015,3
2020-04-28,rb1s,1,0.9275316212871083,3
2020-04-29,cl1s,1,0.9872090113821748,3
2020-04-29,rb1s,1,0.4863161142828101,3
2020-04-30,cl1s,1,0.9415588933754961,3
2020-04-30,rb1s,0,0.22415667600872663,3
2020-05-01,rb1s,0,0.5369216724122706,3
2020-05-01,cl1s,1,0.9592645305881615,3
2020-05-04,cl1s,1,0.9913150343516749,3
2020-05-04,rb1s,1,0.9036154917233163,3
2020-05-05,ng1s,1,0.2709103327014538,3
2020-05-05,rb1s,0,0.12882683900942205,3
2020-05-05,cl1s,1,0.8547838261782431,3
2020-05-06,rb1s,0,0.3819797082614516,3
2020-05-06,ng1s,1,0.8418514890564717,3
2020-05-06,cl1s,1,0.7848539140444681,3
2020-05-07,cl1s,1,0.9880368324637058,3
2020-05-07,rb1s,0,0.44392600978203345,3
2020-05-07,ng1s,1,0.9573595222029677,3
2020-05-08,rb1s,0,0.29926851408441996,3
2020-05-08,ng1s,1,0.9114685738328328,3
2020-05-08,cl1s,1,0.9735161833729272,3
2020-05-11,rb1s,0,0.47625205367622064,3
2020-05-11,ng1s,1,0.9830267627110616,3
2020-05-11,cl1s,1,0.8779576860112828,3
2020-05-12,cl1s,1,0.8121874813656428,3
2020-05-12,ng1s,0,0.995294501434872,3
2021-03-02,rb1s,0,0.020962276988629597,3
2021-03-03,rb1s,0,0.016298396731898073,3
2021-03-04,rb1s,0,0.002996177529593239,3
2021-03-05,cl1s,1,0.004458136284919826,3
2021-03-05,rb1s,1,0.0028607217606758865,3
2021-03-08,rb1s,1,0.004334459377471906,3
2021-03-08,cl1s,1,0.013719821175065096,3
2021-03-09,rb1s,1,0.015240884132180145,3
2021-03-10,rb1s,1,0.001958013761565346,3
2021-03-11,rb1s,1,0.0015260082272372673,3
2021-03-12,rb1s,1,0.0007079704540339447,3
2021-03-15,rb1s,1,0.005488489422983223,3
2021-03-16,rb1s,1,0.0059450640031343234,3
2021-03-17,rb1s,1,0.011922485759139491,3
2021-03-18,rb1s,1,0.20183376465317998,3
2021-03-19,rb1s,1,0.5636669404093639,3
2021-03-22,rb1s,1,0.5642444683398464,3
2021-03-23,rb1s,0,0.8841507157853008,3
2021-03-24,rb1s,0,0.6669163894756936,3
2021-03-25,rb1s,1,0.9033972166245053,3
2021-03-26,rb1s,1,0.6526827975114441,3
2021-03-29,rb1s,1,0.6752202840741067,3
2021-03-30,rb1s,0,0.303426061218628,3
2021-03-31,rb1s,0,0.36112233977449526,3
2021-04-01,rb1s,0,0.12140900080197231,3
2021-04-05,rb1s,0,0.9301619565812257,3
2021-04-06,rb1s,0,0.8889651012349008,3
2021-04-07,rb1s,0,0.7179100283496359,3
2021-04-08,rb1s,0,0.8054325825059209,3
2021-04-09,rb1s,0,0.5210552759110929,3
2021-04-12,rb1s,0,0.5880872005477142,3
2021-04-13,rb1s,0,0.5453467305696682,3
2021-04-14,rb1s,0,0.24014117469571433,3
2021-04-15,cl1s,1,0.8857178960102622,3
2021-04-15,rb1s,0,0.22986139442603637,3
2021-04-16,cl1s,1,0.7980354082336389,3
2021-04-16,rb1s,0,0.33971904550994536,3
2021-04-19,cl1s,1,0.8829204884588868,3
2021-04-19,rb1s,0,0.6139652722310074,3
2021-04-20,rb1s,0,0.4751129762333723,3
2021-04-20,cl1s,1,0.7336554946706284,3
2021-04-21,rb1s,0,0.6382292264097247,3
2021-04-21,cl1s,1,0.9252317085445332,3
2021-04-22,rb1s,0,0.7414661315505521,3
2021-04-22,cl1s,1,0.8733171076138883,3
2021-04-23,rb1s,0,0.8881037695501598,3
2021-04-23,cl1s,1,0.877171396777873,3
2021-04-26,cl1s,1,0.9338083091215515,3
2021-04-26,rb1s,0,0.9749108536855471,3
2021-04-27,cl1s,1,0.8352168091650487,3
2021-04-27,rb1s,0,0.869116025921435,3
2021-04-28,cl1s,1,0.8249913127079737,3
2021-04-28,rb1s,0,0.6620800719996847,3
2021-04-29,rb1s,1,0.6101122797371813,3
2021-04-29,cl1s,0,0.7748590085979875,3
2021-04-30,cl1s,1,0.8919802478513892,3
2021-04-30,rb1s,0,0.7635721349443997,3
2021-05-03,cl1s,1,0.934108505611872,3
2021-05-03,rb1s,1,0.9690037983034593,3
2021-05-04,cl1s,0,0.8611709358612567,3
2021-05-04,rb1s,0,0.3741762796059531,3
2021-05-05,rb1s,1,0.5331501058604112,3
2021-05-05,cl1s,0,0.7921772035870488,3
2021-05-06,rb1s,1,0.3556750109085179,3
2021-05-07,rb1s,1,0.5623145486038515,3
2021-05-10,rb1s,1,0.5343611118985528,3
2021-05-11,rb1s,1,0.4074258995403025,3
2021-05-12,rb1s,1,0.11874357365888057,3
2021-05-12,cl1s,1,0.5764796835593884,3
2021-05-13,rb1s,1,0.82794188696562,3
2021-05-14,rb1s,1,0.6261763645407815,3
2021-05-14,cl1s,1,0.5145345993511417,3
2021-05-17,cl1s,1,0.6866354175596154,3
2021-05-17,rb1s,1,0.7821709759747674,3
2021-05-18,rb1s,1,0.6860787144405889,3
2021-05-19,rb1s,1,0.8180758017282199,3
2021-05-19,cl1s,1,0.4256909764352052,3
2021-05-20,cl1s,1,0.6513486968747755,3
2021-05-20,rb1s,1,0.9072271050403672,3
2021-05-21,cl1s,1,0.6158018514155496,3
2021-05-21,rb1s,1,0.8118269696163505,3
2021-05-24,cl1s,1,0.33529066174196276,3
2021-05-24,rb1s,0,0.6669637901138747,3
2021-05-25,cl1s,1,0.2602828641291045,3
2021-05-25,rb1s,0,0.6218690646164639,3
2021-05-26,rb1s,0,0.6258146887616769,3
2021-05-26,cl1s,1,0.22596880022922503,3
2021-05-27,cl1s,1,0.41631095430134435,3
2021-05-27,rb1s,0,0.635219515555796,3
2021-05-28,cl1s,1,0.3974611875470647,3
2021-05-28,rb1s,0,0.8492079063599315,3
2021-06-01,cl1s,1,0.4762453148242304,3
2021-06-01,rb1s,0,0.5877528108748661,3
2021-06-02,cl1s,1,0.5454780365585566,3
2021-06-02,rb1s,1,0.39167867642217047,3
2021-06-03,cl1s,1,0.31818763361880426,3
2021-06-03,rb1s,1,0.21902661590778028,3
2021-06-04,rb1s,1,0.40082678181411663,3
2021-06-04,cl1s,1,0.4709749206312099,3
2021-06-07,cl1s,1,0.6623060877182758,3
2021-06-07,rb1s,0,0.6876808493236728,3
2021-06-08,rb1s,0,0.6391406123289834,3
2021-06-08,cl1s,1,0.6940621184065157,3
2021-06-09,rb1s,0,0.44767876027936343,3
2021-06-09,cl1s,1,0.6600234606282768,3
2021-06-10,rb1s,0,0.8065935065713182,3
2021-06-10,cl1s,1,0.8785581046125808,3
2021-06-11,rb1s,0,0.821548408949178,3
2021-06-14,rb1s,0,0.915630083893361,3
2021-06-15,rb1s,0,0.9175876901102185,3
2021-06-15,cl1s,1,0.9514799970080401,3
2021-06-16,rb1s,0,0.9628838936651531,3
2021-06-16,cl1s,1,0.894963910032651,3
2021-06-17,rb1s,0,0.8402670074599228,3
2021-06-17,cl1s,1,0.8460237724552125,3
2021-06-17,ho1s,1,0.5717470658917344,3
2021-06-18,cl1s,1,0.2885018592369373,3
2021-06-18,rb1s,0,0.3599787248772942,3
2021-06-21,rb1s,0,0.5132926318021872,3
2021-06-21,cl1s,1,0.318987872838763,3
2021-06-22,rb1s,1,0.4140070265304259,3
2021-06-22,cl1s,0,0.27854752246065917,3
2021-06-23,rb1s,1,0.23759281483734904,3
2021-06-24,rb1s,0,0.26082612399909344,3
2021-06-24,cl1s,1,0.1432728896252234,3
2021-06-25,rb1s,0,0.1538881082677718,3
2020-01-30,rb1s,0,0.9646158866323095,4
2020-01-30,cl1s,1,0.9584900929336062,4
2020-01-31,rb1s,0,0.986737789996982,4
2020-01-31,ho1s,1,0.9971229262695487,4
2020-01-31,cl1s,0,0.9851854052985825,4
2020-02-03,ho1s,1,0.9986166696097141,4
2020-02-03,rb1s,0,0.9874057090135311,4
2020-02-04,ho1s,1,0.9974352060649408,4
2020-02-04,rb1s,1,0.9890005997158946,4
2020-02-05,rb1s,1,0.9376996720376166,4
2020-02-05,cl1s,1,0.9743771262138814,4
2020-02-06,cl1s,1,0.9590418554441669,4
2020-02-06,rb1s,1,0.9504986908680048,4
2020-02-07,rb1s,1,0.9759805837815226,4
2020-02-07,cl1s,1,0.9743358275426318,4
2020-02-10,rb1s,1,0.9454716660858145,4
2020-02-10,cl1s,1,0.972631634489042,4
2020-02-11,cl1s,0,0.944926979744639,4
2020-02-11,rb1s,1,0.9437970292901702,4
2020-02-12,rb1s,0,0.9054379510818,4
2020-02-12,cl1s,0,0.839393613175841,4
2020-02-13,cl1s,0,0.8543103045156505,4
2020-02-13,rb1s,0,0.9126895349747732,4
2020-02-14,rb1s,0,0.8996709369254505,4
2020-02-14,cl1s,0,0.8044568497880811,4
2020-02-18,rb1s,0,0.7646936833114593,4
2020-02-18,cl1s,0,0.7931204151394586,4
2020-02-19,rb1s,1,0.495337319462419,4
2020-02-19,cl1s,0,0.7124233227043728,4
2020-02-20,cl1s,0,0.597196583326015,4
2020-02-20,rb1s,1,0.452109328007825,4
2020-02-21,rb1s,0,0.4227972213642048,4
2020-02-21,cl1s,0,0.5680645577494726,4
2020-02-24,cl1s,0,0.7328463212537154,4
2020-02-24,rb1s,0,0.7015673808477507,4
2020-02-25,rb1s,0,0.933050761287095,4
2020-02-25,cl1s,0,0.9416121989185778,4
2020-02-26,cl1s,0,0.9817703368560274,4
2020-02-26,rb1s,0,0.9897282881730481,4
2020-02-27,cl1s,0,0.9965295850026068,4
2020-02-27,rb1s,0,0.9971497688667519,4
2020-02-28,cl1s,0,0.9976864305139113,4
2020-02-28,rb1s,0,0.994526327522799,4
2020-03-02,rb1s,0,0.9979313415959219,4
2020-03-03,rb1s,0,0.9968996800384538,4
2020-03-04,rb1s,0,0.9989862373703836,4
2020-03-05,rb1s,0,0.9997415478769945,4
2020-03-06,rb1s,0,0.9999577373424887,4
2020-03-09,rb1s,0,0.9999392116385097,4
2020-03-09,ho1s,0,0.9999622036753888,4
2020-03-10,rb1s,0,0.9993588414582262,4
2020-03-11,rb1s,1,0.999607319887867,4
2020-03-12,rb1s,0,0.9999825105585739,4
2020-03-13,rb1s,0,0.999929858234687,4
2020-03-16,rb1s,0,0.9999928973674092,4
2020-03-17,rb1s,1,0.9999424503427463,4
2020-03-18,rb1s,0,0.9988062873475966,4
2020-03-18,cl1s,1,0.9998882558532491,4
2020-03-19,rb1s,1,0.998470337869179,4
2020-03-20,cl1s,1,0.9782857842242214,4
2020-03-20,rb1s,1,0.9967781320221152,4
2020-03-23,cl1s,0,0.9417242080451727,4
2020-03-23,rb1s,0,0.9999970985775309,4
2020-03-24,cl1s,0,0.8728157075813038,4
2020-03-24,rb1s,0,0.9999852530614124,4
2020-03-25,rb1s,0,0.999238448117531,4
2020-03-26,rb1s,0,0.9849114054832384,4
2020-03-26,cl1s,1,0.7987464664913152,4
2020-03-27,cl1s,1,0.8595946874329845,4
2020-03-27,rb1s,0,0.9889514637522168,4
2020-03-30,rb1s,0,0.9182050214049166,4
2020-03-30,cl1s,1,0.8657165580929106,4
2020-03-31,rb1s,0,0.9544056082548095,4
2020-04-01,rb1s,0,0.9501797759879306,4
2020-04-02,rb1s,0,0.9594022536592982,4
2020-04-03,rb1s,1,0.9407817369893898,4
2020-04-06,rb1s,1,0.9137082696740094,4
2020-04-07,rb1s,1,0.8674039003798736,4
2020-04-08,rb1s,1,0.7797055718996083,4
2020-04-09,rb1s,1,0.6691701393035263,4
2020-04-13,rb1s,1,0.31747256530755913,4
2020-04-14,rb1s,1,0.33235533743567275,4
2020-04-15,ho1s,1,0.9763598062232831,4
2020-04-15,rb1s,1,0.670831617109531,4
2020-04-16,rb1s,0,0.7471911902610442,4
2020-04-16,ho1s,1,0.9397023661064444,4
2020-04-17,rb1s,0,0.9565523213530234,4
2020-04-20,rb1s,0,0.9828696927138374,4
2020-04-21,rb1s,1,0.9944058577867859,4
2020-04-21,ho1s,1,0.9990166651717681,4
2020-04-21,cl1s,1,0.9999961528400464,4
2020-04-22,cl1s,1,0.9890921871326978,4
2020-04-22,rb1s,1,0.8724414421313138,4
2020-04-23,rb1s,1,0.7441677032685101,4
2020-04-23,cl1s,1,0.8071991364827771,4
2020-04-24,cl1s,1,0.3105422353043157,4
2020-04-24,rb1s,1,0.24089736999517192,4
2020-04-27,cl1s,1,0.8770969035300638,4
2020-04-27,rb1s,1,0.15591027585602552,4
2020-04-28,cl1s,1,0.8334938423429898,4
2020-04-28,rb1s,1,0.12100672630337438,4
2020-04-29,cl1s,1,0.23632675605670633,4
2020-04-29,rb1s,1,0.08927568204343134,4
2020-04-30,cl1s,1,0.03939236902913717,4
2020-04-30,rb1s,0,0.04691606451038986,4
2020-05-01,rb1s,0,0.08129647310953654,4
2020-05-01,cl1s,1,0.0831714125044325,4
2020-05-04,cl1s,1,0.013747097553567175,4
2020-05-04,rb1s,1,0.03301513048428338,4
2020-05-05,ng1s,1,0.4971360440122045,4
2020-05-05,rb1s,0,0.04389110257929621,4
2020-05-05,cl1s,1,0.18526628472083048,4
2020-05-06,rb1s,0,0.14246258189946692,4
2020-05-06,ng1s,1,0.9720335069936538,4
2020-05-06,cl1s,1,0.2535166490459501,4
2020-05-07,cl1s,1,0.5109884390951428,4
2020-05-07,rb1s,0,0.25165131130622376,4
2020-05-07,ng1s,1,0.9744394468838131,4
2020-05-08,rb1s,0,0.12658475056823662,4
2020-05-08,ng1s,1,0.9935619322592489,4
2020-05-08,cl1s,1,0.45408330384543577,4
2020-05-11,rb1s,0,0.16744798497038774,4
2020-05-11,ng1s,1,0.9999077684784522,4
2020-05-11,cl1s,1,0.7931276209364538,4
2020-05-12,cl1s,1,0.8468779067920569,4
2020-05-12,ng1s,0,0.9924923783044832,4
2021-06-25,cl1s,1,0.49968024368694125,4
2021-06-28,rb1s,0,0.09131332574909574,4
2021-06-28,ho1s,1,0.3779442373742664,4
2021-06-28,cl1s,1,0.6749107871466229,4
2021-06-29,rb1s,0,0.08772722541963685,4
2021-06-29,cl1s,1,0.700248759436544,4
2021-06-29,ho1s,1,0.2055048113339173,4
2021-06-30,cl1s,0,0.5745607385086702,4
2021-06-30,rb1s,0,0.07106271624280344,4
2021-07-01,cl1s,0,0.5426607721757719,4
2021-07-01,rb1s,1,0.13273180988416347,4
2021-07-02,rb1s,1,0.10789384984531222,4
2021-07-02,cl1s,0,0.623997645909093,4
2021-07-06,rb1s,1,0.25484961294946057,4
2021-07-06,cl1s,0,0.7407531785141497,4
2021-07-07,rb1s,0,0.25609067156396836,4
2021-07-07,ho1s,0,0.5900278190509312,4
2021-07-07,cl1s,0,0.7166647657784634,4
2021-07-08,rb1s,0,0.17735206357235606,4
2021-07-08,ho1s,0,0.32440916804995373,4
2021-07-08,cl1s,0,0.6376458682713101,4
2021-07-09,cl1s,0,0.5958538618491249,4
2021-07-09,rb1s,1,0.26332409945349755,4
2021-07-12,cl1s,0,0.7786908142470628,4
2021-07-12,rb1s,1,0.20195464781175665,4
2021-07-13,cl1s,0,0.6924625759587599,4
2021-07-13,rb1s,1,0.1527095021109945,4
2021-07-14,rb1s,1,0.18712673002977856,4
2021-07-14,cl1s,0,0.822750614334911,4
2021-07-15,rb1s,0,0.609972902170706,4
2021-07-15,cl1s,0,0.9103149975615569,4
2021-07-16,cl1s,0,0.7504624927166216,4
2021-07-16,rb1s,0,0.2967037588183638,4
2021-07-19,rb1s,1,0.9688485239447024,4
2021-07-19,cl1s,1,0.9883949204870686,4
2021-07-20,rb1s,1,0.8717825668769331,4
2021-07-20,cl1s,1,0.9557124955781251,4
2021-07-21,rb1s,1,0.8154441557374145,4
2021-07-21,cl1s,0,0.8666097314378934,4
2021-07-22,rb1s,1,0.7871796786331964,4
2021-07-22,cl1s,0,0.7891444680924871,4
2021-07-23,cl1s,0,0.5386356646294297,4
2021-07-23,rb1s,0,0.6177021433481993,4
2021-07-26,rb1s,0,0.26182083960365665,4
2021-07-26,cl1s,0,0.4034673519847995,4
2021-07-27,rb1s,0,0.663889751014562,4
2021-07-27,cl1s,0,0.5575669300670896,4
2021-07-28,cl1s,0,0.6321205983382611,4
2021-07-28,rb1s,1,0.5737459931352772,4
2021-07-29,cl1s,0,0.3390599252794188,4
2021-07-29,rb1s,0,0.42652085474096696,4
2021-07-30,cl1s,0,0.37714571860024454,4
2021-07-30,rb1s,0,0.25844655914147413,4
2021-08-02,rb1s,0,0.5550196382602679,4
2021-08-02,cl1s,0,0.7132529107080813,4
2021-08-03,cl1s,0,0.8262694134863602,4
2021-08-03,rb1s,0,0.5799302080970584,4
2021-08-04,cl1s,0,0.9794292900895916,4
2021-08-04,rb1s,0,0.8553164448533368,4
2021-08-05,rb1s,0,0.6647751338626818,4
2021-08-05,cl1s,0,0.9582359161898606,4
2021-08-06,rb1s,0,0.9442721275331805,4
2021-08-06,cl1s,0,0.9762979697231149,4
2021-08-09,cl1s,0,0.9752445531290612,4
2021-08-09,rb1s,0,0.8788709371002551,4
2021-08-10,rb1s,0,0.897336761531888,4
2021-08-10,cl1s,0,0.9284316324134576,4
2021-08-11,cl1s,0,0.9182758116059693,4
2021-08-11,rb1s,0,0.8418982676573578,4
2021-08-12,cl1s,0,0.9609187479432163,4
2021-08-12,rb1s,0,0.9607885486126156,4
2021-08-13,rb1s,0,0.8842760275413629,4
2021-08-13,cl1s,1,0.9529606277962022,4
2021-08-16,rb1s,0,0.9528679074868833,4
2021-08-16,cl1s,1,0.9071546938046589,4
2021-08-17,cl1s,1,0.903752545323308,4
2021-08-17,rb1s,1,0.9226891119636172,4
2021-08-18,cl1s,1,0.9709477820484608,4
2021-08-18,rb1s,1,0.9844923383532681,4
2021-08-19,cl1s,1,0.9875244304009597,4
2021-08-19,rb1s,1,0.9913360912031463,4
2021-08-20,cl1s,1,0.9904529957030683,4
2021-08-20,rb1s,1,0.9885487223698993,4
2021-08-23,cl1s,1,0.8722187193205273,4
2021-08-23,rb1s,1,0.9068254324423938,4
2021-08-24,rb1s,1,0.7833207963771406,4
2021-08-24,cl1s,1,0.7862169551646429,4
2021-08-25,rb1s,0,0.8688972453585124,4
2021-08-25,cl1s,0,0.7411185059761294,4
2021-08-26,cl1s,1,0.7598308630853235,4
2021-08-26,rb1s,1,0.7425251337257368,4
2021-08-27,cl1s,1,0.6819679341995339,4
2021-08-27,rb1s,1,0.6619552635989187,4
2021-08-30,rb1s,1,0.5112171780373098,4
2021-08-30,cl1s,1,0.6422542605892048,4
2021-08-31,cl1s,1,0.6351314457164895,4
2021-08-31,rb1s,1,0.4976679734517999,4
2021-09-01,rb1s,1,0.6810223634287963,4
2021-09-01,cl1s,1,0.6865656133948452,4
2021-09-02,rb1s,1,0.49450541414393734,4
2021-09-02,cl1s,1,0.6271438285538775,4
2021-09-03,cl1s,1,0.6458515164650663,4
2021-09-03,rb1s,0,0.3659305480279497,4
2021-09-07,rb1s,0,0.3111654660388425,4
2021-09-07,cl1s,1,0.6185760402508369,4
2021-09-08,rb1s,0,0.37885115178064355,4
2021-09-08,cl1s,1,0.5917218776020066,4
2021-09-09,rb1s,1,0.6949294421308806,4
2021-09-09,cl1s,1,0.7724215519658945,4
2021-09-10,rb1s,1,0.6926063541212715,4
2021-09-10,cl1s,1,0.796637586907456,4
2021-09-13,cl1s,1,0.6966480955716396,4
2021-09-13,rb1s,1,0.511062139691786,4
2021-09-14,rb1s,1,0.3950922797117364,4
2021-09-14,cl1s,1,0.7113525316641905,4
2021-09-15,rb1s,1,0.5033081414977345,4
2021-09-15,cl1s,1,0.780755675007721,4
2021-09-16,rb1s,1,0.6895127307401709,4
2021-09-16,cl1s,1,0.8276502388102371,4
2021-09-17,cl1s,1,0.7466467011120139,4
2021-09-17,rb1s,1,0.4162146818176473,4
2021-09-20,cl1s,1,0.7622186834525553,4
2021-09-20,rb1s,1,0.7171945690753605,4
2021-09-21,rb1s,1,0.7902314853338185,4
2021-09-21,cl1s,1,0.7724448156630344,4
2021-09-22,cl1s,1,0.818163023254325,4
2021-09-22,rb1s,1,0.9011440095386067,4
2021-09-23,rb1s,0,0.8636632577495448,4
2021-09-24,rb1s,1,0.4618532289586008,4
2021-09-27,rb1s,1,0.4552418166054713,4
2021-09-28,rb1s,1,0.791754366013812,4
2020-05-12,rb1s,0,0.6173831980358131,5
2020-05-13,rb1s,1,0.4385244321367145,5
2020-05-13,cl1s,1,0.9171798665718404,5
2020-05-14,rb1s,0,0.4824479776799121,5
2020-05-14,ng1s,0,0.021394324197208877,5
2020-05-14,cl1s,1,0.8454707943908644,5
2020-05-15,rb1s,0,0.5136191743993707,5
2020-05-15,ng1s,1,0.03192175000846756,5
2020-05-18,ng1s,1,0.02179849055825266,5
2020-05-18,ho1s,0,0.40920234219769064,5
2020-05-18,rb1s,0,0.7710628379431685,5
2020-05-19,rb1s,0,0.7157912200045151,5
2020-05-19,ng1s,1,0.06955125930944325,5
2020-05-19,cl1s,1,0.9418085787059872,5
2020-05-20,rb1s,0,0.8400833255477131,5
2020-05-20,ho1s,0,0.7995712739299862,5
2020-05-20,ng1s,1,0.11560213245361868,5
2020-05-21,ng1s,1,0.999979092742574,5
2020-05-21,rb1s,0,0.658269838247279,5
2020-05-22,rb1s,0,0.736226725396986,5
2020-05-26,rb1s,0,0.6129748005062191,5
2020-05-27,rb1s,0,0.7023454627241476,5
2020-05-27,cl1s,1,0.9442370037398146,5
2020-05-27,ng1s,1,0.0026450648857418166,5
2020-05-28,cl1s,1,0.9001541489036992,5
2020-05-28,rb1s,0,0.602534613823701,5
2020-05-28,ng1s,1,0.0025482746543090693,5
2020-05-29,rb1s,0,0.6347253375673921,5
2020-05-29,ng1s,1,0.0012495704908258073,5
2020-06-01,rb1s,0,0.67936312397933,5
2020-06-01,ng1s,1,0.002667439042693992,5
2020-06-02,rb1s,0,0.6719613022154562,5
2020-06-02,ng1s,1,0.0022821019166893663,5
2020-06-03,rb1s,0,0.5646679742980496,5
2020-06-04,cl1s,1,0.9255484753643558,5
2020-06-04,rb1s,0,0.6667154425684931,5
2020-06-05,rb1s,0,0.6792669305221771,5
2020-06-05,cl1s,1,0.9311527624966244,5
2020-06-08,cl1s,1,0.9586814720697736,5
2020-06-08,rb1s,0,0.6073432233736215,5
2020-06-09,cl1s,1,0.9269679031048152,5
2020-06-09,rb1s,0,0.7485766514335735,5
2020-06-10,cl1s,0,0.8871601998125893,5
2020-06-10,rb1s,1,0.7170462930757382,5
2020-06-11,rb1s,0,0.5705674530517048,5
2020-06-11,cl1s,1,0.9389550181298332,5
2020-06-12,rb1s,1,0.5714270976481426,5
2020-06-12,cl1s,1,0.9024284459803982,5
2020-06-15,rb1s,1,0.6001440784998012,5
2020-06-16,rb1s,0,0.7761807644946148,5
2020-06-17,rb1s,0,0.5706634909099016,5
2020-06-17,cl1s,1,0.9566952992062395,5
2020-06-18,rb1s,0,0.6182833692288505,5
2020-06-18,cl1s,1,0.9412961484363664,5
2020-06-19,cl1s,1,0.764480418531684,5
2020-06-19,rb1s,1,0.7245149063199734,5
2020-06-22,cl1s,0,0.9019152162238017,5
2020-06-22,rb1s,1,0.8334719997417463,5
2020-06-23,cl1s,1,0.8884295945145086,5
2020-06-23,rb1s,1,0.5561298329894583,5
2020-06-24,rb1s,1,0.777254297383697,5
2020-06-24,cl1s,1,0.8189753876571334,5
2020-06-25,rb1s,1,0.6693379092152425,5
2020-06-25,cl1s,1,0.7910969825429213,5
2020-06-26,rb1s,1,0.6673993084941802,5
2020-06-26,cl1s,1,0.8029983207690549,5
2020-06-29,rb1s,1,0.5208949597085589,5
2020-06-29,cl1s,1,0.7047267133214563,5
2020-06-30,cl1s,1,0.8681184878050934,5
2020-06-30,rb1s,1,0.7500062513039016,5
2020-07-01,ho1s,0,0.8523438358791303,5
2020-07-01,rb1s,0,0.6772214393048184,5
2020-07-01,cl1s,1,0.858220360126859,5
2020-07-02,cl1s,0,0.902430513492858,5
2020-07-02,rb1s,0,0.8001243753189206,5
2020-07-06,cl1s,1,0.8520984470512304,5
2020-07-06,rb1s,0,0.6544434139016551,5
2020-07-07,cl1s,1,0.8692657766083756,5
2020-07-07,rb1s,1,0.6701687083224496,5
2020-07-08,cl1s,1,0.81276668595785,5
2020-07-08,rb1s,0,0.7161026510964729,5
2020-07-09,rb1s,1,0.6976278634267097,5
2020-07-09,cl1s,1,0.65005554810048,5
2020-07-10,ho1s,0,0.5716214781364153,5
2020-07-10,cl1s,1,0.5779342801823316,5
2020-07-10,rb1s,0,0.4352854952577221,5
2020-07-13,rb1s,0,0.622850688524108,5
2020-07-13,cl1s,1,0.6809247189083089,5
2020-07-14,rb1s,1,0.6541955275204985,5
2020-07-14,cl1s,1,0.6305137090709857,5
2020-07-15,rb1s,0,0.8644964493840052,5
2020-07-15,cl1s,0,0.8101222709801487,5
2020-07-16,rb1s,0,0.46810257278215966,5
2020-07-16,cl1s,0,0.8477860517176854,5
2020-07-17,rb1s,0,0.7860081380493295,5
2020-07-17,cl1s,0,0.7790130385206806,5
2020-07-20,rb1s,1,0.8091389410040466,5
2020-07-20,cl1s,1,0.7829072329996787,5
2020-07-21,rb1s,0,0.8970042075316969,5
2020-07-21,cl1s,0,0.8009115117193771,5
2020-07-22,rb1s,0,0.8727660376323179,5
2020-07-22,cl1s,1,0.8983875672084545,5
2020-07-23,rb1s,0,0.8630177401136324,5
2020-07-23,cl1s,1,0.48948085145987585,5
2020-07-24,rb1s,0,0.7714720989258971,5
2020-07-24,cl1s,0,0.6500386218037475,5
2020-07-27,cl1s,1,0.6730108506709591,5
2020-07-27,rb1s,0,0.8160638896609828,5
2020-07-28,rb1s,0,0.824531976351923,5
2020-07-28,cl1s,1,0.8970244436933041,5
2020-07-29,rb1s,1,0.8359581398078398,5
2020-07-29,cl1s,1,0.806144235150208,5
2020-07-30,rb1s,1,0.7852880379578755,5
2020-07-30,cl1s,1,0.4410722393122286,5
2020-07-31,cl1s,1,0.7389964983170678,5
2020-07-31,rb1s,1,0.8160357099441675,5
2020-08-03,cl1s,1,0.7576186337898957,5
2020-08-03,rb1s,1,0.7409147308171906,5
2020-08-03,ng1s,0,0.002493704411939124,5
2020-08-04,cl1s,1,0.8336608555541417,5
2020-08-04,rb1s,1,0.8516002381329065,5
2020-08-05,rb1s,1,0.8713269333978124,5
2020-08-06,rb1s,1,0.17690217213490778,5
2020-08-06,ng1s,0,0.0032645869599958587,5
2020-08-07,rb1s,1,0.8445633257234983,5
2020-08-10,ng1s,0,0.006557841330008304,5
2020-08-10,rb1s,1,0.8742129435177731,5
2020-08-11,rb1s,1,0.9163630111561816,5
2020-08-12,rb1s,1,0.8435497069344532,5
2020-08-13,rb1s,1,0.923821890888544,5
2020-08-14,rb1s,1,0.911451232484003,5
2020-08-17,rb1s,1,0.850546518461265,5
2020-08-18,rb1s,1,0.9451199077590998,5
2020-08-19,rb1s,0,0.9592917470952814,5
2020-08-20,rb1s,0,0.9431828365819775,5
2020-08-21,rb1s,0,0.9570772512981656,5
2020-08-21,cl1s,0,0.9222756185556263,5
2020-08-24,cl1s,0,0.9472778332238285,5
2020-08-24,rb1s,0,0.8183940738864587,5
2020-08-25,cl1s,0,0.9720243884079713,5
2020-08-25,rb1s,0,0.7770983609065832,5
2020-08-26,rb1s,0,0.8493626871899781,5
2020-08-26,cl1s,0,0.9675173934373258,5
2020-08-27,rb1s,0,0.8836570472443112,5
2020-08-28,rb1s,0,0.9131080263815827,5
2020-08-31,rb1s,0,0.9620933851637088,5
2020-09-01,rb1s,0,0.9712800305317041,5
2020-09-01,cl1s,0,0.975147552612776,5
2020-09-02,cl1s,0,0.9171947881879319,5
2020-09-02,rb1s,0,0.9304015773875938,5
2020-09-03,rb1s,0,0.9578608812961454,5
2020-09-04,rb1s,0,0.9615080593373729,5
2020-09-08,ho1s,1,0.9638784178767904,5
2020-09-08,rb1s,1,0.9141393113718349,5
2020-09-09,rb1s,1,0.9197767586279454,5
2020-09-10,rb1s,1,0.9020944969527914,5
2020-09-11,rb1s,1,0.9326480319541807,5
2020-09-14,rb1s,1,0.9595395206660925,5
2020-09-15,rb1s,1,0.9551988738257502,5
2020-09-16,rb1s,1,0.960739813517361,5
2020-09-16,cl1s,0,0.932783565584503,5
2020-09-17,rb1s,0,0.957758089762802,5
2020-09-18,rb1s,0,0.9724051791629887,5
2020-09-21,rb1s,1,0.9406477014842592,5
2020-09-21,cl1s,0,0.8925664215063731,5
2020-09-21,ho1s,1,0.9498793654278996,5
2020-09-22,rb1s,1,0.9749453599000747,5
2020-09-22,ho1s,1,0.9589287078509799,5
2020-09-22,cl1s,1,0.8498918492701386,5
2020-09-23,rb1s,1,0.9118539886312125,5
2020-09-23,ho1s,1,0.960385954468603,5
2020-09-23,cl1s,1,0.8730130145156634,5
2020-09-24,cl1s,1,0.7810694154601455,5
2020-09-24,ho1s,1,0.9273811788156652,5
2020-09-24,ng1s,1,0.0010717336189294548,5
2020-09-24,rb1s,1,0.8307031765927537,5
2020-09-25,rb1s,1,0.8552432530139242,5
2020-09-25,cl1s,1,0.802461682362458,5
2020-09-25,ho1s,1,0.934449849859215,5
2020-09-28,rb1s,0,0.8510809920537418,5
2020-09-28,cl1s,0,0.7831301577095046,5
2020-09-29,ho1s,1,0.9498493480185429,5
2020-09-29,cl1s,1,0.8954309745267468,5
2020-09-29,rb1s,1,0.8752358840020913,5
2020-09-30,rb1s,1,0.9163006862918749,5
2020-09-30,cl1s,1,0.8041829811518889,5
2020-09-30,ho1s,1,0.8475289367402756,5
2020-10-01,cl1s,1,0.9421238404260922,5
2020-10-01,ho1s,1,0.9609412093438031,5
2020-10-01,rb1s,1,0.9313528876279923,5
2020-10-02,ho1s,1,0.9849654738718375,5
2020-10-02,cl1s,1,0.9357013623966814,5
2020-10-02,rb1s,1,0.9204320068722597,5
2020-10-05,rb1s,0,0.8035180921061664,5
2020-10-05,cl1s,1,0.9229918264572042,5
2020-10-06,rb1s,0,0.7171586880964385,5
2020-10-07,cl1s,0,0.8241129589806407,5
2020-10-07,rb1s,0,0.9118144159243753,5
2020-10-08,cl1s,0,0.7661169196489354,5
2020-10-08,rb1s,0,0.8959219633341277,5
2020-10-09,ng1s,0,0.004033407104999505,5
2020-10-09,rb1s,0,0.9080529306257756,5
2020-10-09,cl1s,0,0.9424501796908162,5
2020-10-12,rb1s,0,0.9496956397899834,5
2020-10-12,ng1s,0,0.005391791609694106,5
2020-10-12,cl1s,0,0.8819253498728881,5
2020-10-13,cl1s,0,0.8739151838474087,5
2020-10-13,rb1s,0,0.9677101913992833,5
2020-10-13,ng1s,0,0.016856738290377656,5
2020-10-14,cl1s,0,0.833144212441867,5
2020-10-14,rb1s,0,0.9614851719753926,5
2020-10-14,ng1s,0,0.023602039680600175,5
2020-10-15,cl1s,0,0.923447153274324,5
2020-10-15,rb1s,0,0.9621818974800231,5
2020-10-16,cl1s,0,0.8141039047249191,5
2020-10-16,rb1s,0,0.9623081623956298,5
2020-10-19,rb1s,0,0.9760769806310841,5
2020-10-19,cl1s,0,0.9182559363351963,5
2020-10-20,rb1s,0,0.9813195570538831,5
2020-10-20,cl1s,0,0.8092825601388381,5
2020-10-21,rb1s,0,0.9847562021088252,5
2020-10-21,cl1s,0,0.9143541427834087,5
2020-10-22,rb1s,0,0.9859447362856987,5
2020-10-22,cl1s,0,0.6616851785440158,5
2020-10-23,ho1s,0,0.9677703111295346,5
2020-10-23,cl1s,0,0.9690786735208118,5
2020-10-23,rb1s,0,0.985099653493371,5
2020-10-26,ng1s,1,0.005996943044765412,5
2020-10-26,ho1s,1,0.965026357782034,5
2020-10-26,cl1s,1,0.9407585502768924,5
2020-10-26,rb1s,1,0.9884953614011122,5
2020-10-27,rb1s,0,0.9782605007861274,5
2020-10-27,ng1s,1,0.0052650631633015905,5
2020-10-27,ho1s,1,0.961733175217211,5
2020-10-27,cl1s,0,0.0028462330377848795,5
2020-10-28,rb1s,1,0.9795043936135092,5
2020-10-28,cl1s,1,0.9247234230983511,5
2020-10-29,cl1s,1,0.9618482631346921,5
2020-10-29,rb1s,1,0.9275031814808515,5
2020-10-29,ho1s,1,0.9843296774262789,5
2020-10-30,ho1s,1,0.9878203744682726,5
2020-10-30,rb1s,1,0.9661355258373987,5
2020-10-30,cl1s,1,0.9774061781456362,5
2020-11-02,cl1s,1,0.9553534012689087,5
2020-11-02,rb1s,1,0.9674326046188536,5
2020-11-03,cl1s,1,0.9269901629720393,5
2020-11-03,rb1s,1,0.9444422514069325,5
2020-11-04,cl1s,1,0.906587901581049,5
2020-11-04,rb1s,1,0.9145270948956932,5
2020-11-05,rb1s,1,0.8043924100624626,5
2020-11-05,cl1s,1,0.9341523601323113,5
2020-11-06,cl1s,1,0.9249280564394329,5
2020-05-12,rb1s,0,0.5680241252127755,6
2020-05-13,rb1s,1,0.28754135072076603,6
2020-05-13,cl1s,1,0.6890386255054217,6
2020-05-14,rb1s,0,0.43086426628840413,6
2020-05-14,ng1s,0,0.08599348297834977,6
2020-05-14,cl1s,1,0.5363575700584109,6
2020-05-15,rb1s,0,0.5010470927695305,6
2020-05-15,ng1s,1,0.16657602474486688,6
2020-05-18,ng1s,1,0.07200490131181349,6
2020-05-18,ho1s,0,0.6856246162014968,6
2020-05-18,rb1s,0,0.8091488734123301,6
2020-05-19,rb1s,0,0.9245388773641928,6
2020-05-19,ng1s,1,0.12318185974159164,6
2020-05-19,cl1s,1,0.8734945600016355,6
2020-05-20,rb1s,0,0.8782584703629147,6
2020-05-20,ho1s,0,0.9221285204080149,6
2020-05-20,ng1s,1,0.16557099619567087,6
2020-05-21,ng1s,1,0.9945881009822914,6
2020-05-21,rb1s,0,0.7281236233599897,6
2020-05-22,rb1s,0,0.7214480159883352,6
2020-05-26,rb1s,0,0.6077404297751984,6
2020-05-27,rb1s,0,0.5255492018941212,6
2020-05-27,cl1s,1,0.8914463118029394,6
2020-05-27,ng1s,1,0.19020230529965926,6
2020-05-28,cl1s,1,0.7925931188885148,6
2020-05-28,rb1s,0,0.47848294663832874,6
2020-05-28,ng1s,1,0.19559230289594728,6
2020-05-29,rb1s,0,0.3694392108318167,6
2020-05-29,ng1s,1,0.09262942639356118,6
2020-06-01,rb1s,0,0.39620129986931224,6
2020-06-01,ng1s,1,0.08987491410819506,6
2020-06-02,rb1s,0,0.47067286877296444,6
2020-06-02,ng1s,1,0.10584499208976408,6
2020-06-03,rb1s,0,0.46119388776581355,6
2020-06-04,cl1s,1,0.6761373563863872,6
2020-06-04,rb1s,0,0.6106022368131455,6
2020-06-05,rb1s,0,0.7622568844602532,6
2020-06-05,cl1s,1,0.8427253403672325,6
2020-06-08,cl1s,1,0.8034278624674225,6
2020-06-08,rb1s,0,0.5546067618725731,6
2020-06-09,cl1s,1,0.7850068033678707,6
2020-06-09,rb1s,0,0.7728375300700311,6
2020-06-10,cl1s,0,0.6315664175776119,6
2020-06-10,rb1s,1,0.6186673821728661,6
2020-06-11,rb1s,0,0.3080454668344718,6
2020-06-11,cl1s,1,0.462096526666131,6
2020-06-12,rb1s,1,0.2882063534548315,6
2020-06-12,cl1s,1,0.39916897840512117,6
2020-06-15,rb1s,1,0.3749515627557488,6
2020-06-16,rb1s,0,0.567463573876087,6
2020-06-17,rb1s,0,0.5339157174116336,6
2020-06-17,cl1s,1,0.686497271037298,6
2020-06-18,rb1s,0,0.6295088208181829,6
2020-06-18,cl1s,1,0.6669760448257497,6
2020-06-19,cl1s,1,0.270765111761116,6
2020-06-19,rb1s,1,0.8247870539630177,6
2020-06-22,cl1s,0,0.48979367328758167,6
2020-06-22,rb1s,1,0.8644493132094165,6
2020-06-23,cl1s,1,0.49767571554601475,6
2020-06-23,rb1s,1,0.6456116247177495,6
2020-06-24,rb1s,1,0.5606889093515395,6
2020-06-24,cl1s,1,0.33212150460010614,6
2020-06-25,rb1s,1,0.4167359114670727,6
2020-06-25,cl1s,1,0.24593111164323397,6
2020-06-26,rb1s,1,0.38292922328034423,6
2020-06-26,cl1s,1,0.29716308328614494,6
2020-06-29,rb1s,1,0.3556143468526282,6
2020-06-29,cl1s,1,0.2662339100861773,6
2020-06-30,cl1s,1,0.2155665119619819,6
2020-06-30,rb1s,1,0.23048035921159116,6
2020-07-01,ho1s,0,0.6153428663429238,6
2020-07-01,rb1s,0,0.24297883367481862,6
2020-07-01,cl1s,1,0.18334991518501828,6
2020-07-02,cl1s,0,0.20162030029573008,6
2020-07-02,rb1s,0,0.28782178801415287,6
2020-07-06,cl1s,1,0.1247635731046089,6
2020-07-06,rb1s,0,0.10834738075484833,6
2020-07-07,cl1s,1,0.14240342500623823,6
2020-07-07,rb1s,1,0.057534134292852264,6
2020-07-08,cl1s,1,0.1354623925118067,6
2020-07-08,rb1s,0,0.10473922923055376,6
2020-07-09,rb1s,1,0.060381151593975384,6
2020-07-09,cl1s,1,0.04919258410594594,6
2020-07-10,ho1s,0,0.2918308336705003,6
2020-07-10,cl1s,1,0.057380538639258294,6
2020-07-10,rb1s,0,0.05738693027867762,6
2020-07-13,rb1s,0,0.07707809410552217,6
2020-07-13,cl1s,1,0.07387986289575993,6
2020-07-14,rb1s,1,0.06743154142732545,6
2020-07-14,cl1s,1,0.050596737275745256,6
2020-07-15,rb1s,0,0.09048641652915913,6
2020-07-15,cl1s,0,0.11268687656007229,6
2020-07-16,rb1s,0,0.023737967273041456,6
2020-07-16,cl1s,0,0.1196874011857416,6
2020-07-17,rb1s,0,0.06361380648743085,6
2020-07-17,cl1s,0,0.08589673605252449,6
2020-07-20,rb1s,1,0.10695183120449604,6
2020-07-20,cl1s,1,0.09189689495758536,6
2020-07-21,rb1s,0,0.1812014159139907,6
2020-07-21,cl1s,0,0.13089852653144704,6
2020-07-22,rb1s,0,0.12882581195759923,6
2020-07-22,cl1s,1,0.24915117934703748,6
2020-07-23,rb1s,0,0.13897193890237367,6
2020-07-23,cl1s,1,0.03589282635897581,6
2020-07-24,rb1s,0,0.059597886534182465,6
2020-07-24,cl1s,0,0.05769328212085227,6
2020-07-27,cl1s,1,0.11253698067283574,6
2020-07-27,rb1s,0,0.09064309823868157,6
2020-07-28,rb1s,0,0.07436971878975243,6
2020-07-28,cl1s,1,0.18437306701861836,6
2020-07-29,rb1s,1,0.15822440931739234,6
2020-07-29,cl1s,1,0.33960578476966585,6
2020-07-30,rb1s,1,0.2998985713464965,6
2020-07-30,cl1s,1,0.1588568256028501,6
2020-07-31,cl1s,1,0.2063051237496541,6
2020-07-31,rb1s,1,0.25551909667678124,6
2020-08-03,cl1s,1,0.1540011225766848,6
2020-08-03,rb1s,1,0.1448563718806599,6
2020-08-03,ng1s,0,0.08377610096188248,6
2020-08-04,cl1s,1,0.2516307745091069,6
2020-08-04,rb1s,1,0.17571654241115872,6
2020-08-05,rb1s,1,0.1940119762201729,6
2020-08-06,rb1s,1,0.1230819434073412,6
2020-08-06,ng1s,0,0.12905609839243448,6
2020-08-07,rb1s,1,0.22323804532242475,6
2020-08-10,ng1s,0,0.05719223772025199,6
2020-11-06,rb1s,1,0.06122381400337908,6
2020-11-09,cl1s,1,0.09146213416718095,6
2020-11-09,rb1s,1,0.053320009634439426,6
2020-11-10,cl1s,1,0.16694746983572345,6
2020-11-10,rb1s,1,0.06364579073795185,6
2020-11-11,rb1s,1,0.09552575731613483,6
2020-11-11,cl1s,1,0.14327323068105807,6
2020-11-12,rb1s,1,0.030482871548637176,6
2020-11-12,cl1s,1,0.12404184433863862,6
2020-11-13,cl1s,1,0.07270404869944398,6
2020-11-13,rb1s,1,0.04180107713947111,6
2020-11-16,rb1s,1,0.03786580629900656,6
2020-11-16,cl1s,1,0.14087731561379027,6
2020-11-17,rb1s,1,0.06784199717324928,6
2020-11-17,cl1s,1,0.10251758538551296,6
2020-11-18,rb1s,1,0.03491308307749582,6
2020-11-18,cl1s,1,0.07427057336650628,6
2020-11-19,rb1s,1,0.05716298696518394,6
2020-11-19,cl1s,1,0.06823329132808917,6
2020-11-20,rb1s,1,0.022988461081108802,6
2020-11-20,cl1s,1,0.06346997762121782,6
2020-11-23,rb1s,1,0.06056409163338365,6
2020-11-23,cl1s,1,0.15376508688352108,6
2020-11-24,cl1s,1,0.16038903782773412,6
2020-11-24,rb1s,1,0.12317062920758726,6
2020-11-25,rb1s,1,0.2966236116206582,6
2020-11-27,rb1s,1,0.5267902761188722,6
2020-11-30,rb1s,1,0.394925162433997,6
2020-12-01,rb1s,1,0.5049894301185051,6
2020-12-01,cl1s,1,0.5128313299877448,6
2020-12-02,rb1s,1,0.6414230706769876,6
2020-12-02,cl1s,1,0.4189497609629961,6
2020-12-03,rb1s,1,0.6434948247060048,6
2020-12-03,cl1s,1,0.3282535739016795,6
2020-12-04,rb1s,1,0.683939003796435,6
2020-12-04,cl1s,1,0.4778017368760885,6
2020-12-07,rb1s,1,0.5565338237128552,6
2020-12-07,cl1s,1,0.5557419604602106,6
2020-12-08,cl1s,1,0.47674589561346936,6
2020-12-08,rb1s,1,0.45171784638459456,6
2020-12-09,cl1s,1,0.35698883625811184,6
2020-12-09,rb1s,1,0.48096911430778955,6
2020-12-10,rb1s,1,0.4336436293855219,6
2020-12-11,rb1s,1,0.28777132193024335,6
2020-12-11,cl1s,1,0.5413291544591445,6
2020-12-14,rb1s,1,0.4156431244748064,6
2020-12-15,rb1s,1,0.46579548991923325,6
2020-12-16,rb1s,1,0.45340118666618096,6
2020-12-17,rb1s,0,0.5818692346984334,6
2020-12-18,rb1s,1,0.6899750868352685,6
2020-12-18,ho1s,0,0.9421446449503518,6
2020-12-21,ho1s,0,0.8677848279233233,6
2020-12-21,rb1s,1,0.7788122225214295,6
2020-12-22,rb1s,1,0.6273907809772743,6
2020-12-23,rb1s,1,0.4779404295470582,6
2020-12-24,rb1s,1,0.46230856570437695,6
2020-12-28,rb1s,1,0.3154933178775744,6
2020-12-29,rb1s,1,0.33105060501062916,6
2020-12-30,rb1s,1,0.25575812417073235,6
2020-12-31,rb1s,1,0.19325830441912478,6
2021-01-04,ho1s,1,0.5614723114301313,6
2021-01-04,rb1s,1,0.2111425349581805,6
2021-01-04,cl1s,1,0.374436174475371,6
2021-01-05,rb1s,1,0.3715919847918378,6
2021-01-05,cl1s,1,0.38754962878104804,6
2021-01-06,rb1s,0,0.7397984633425817,6
2021-01-06,cl1s,1,0.5954494165401238,6
2021-01-07,rb1s,0,0.4961621698724555,6
2021-01-07,cl1s,1,0.7809523559418445,6
2021-01-08,rb1s,0,0.6748588508721751,6
2021-01-08,cl1s,1,0.7222106753591554,6
2021-01-11,rb1s,0,0.7763545741195481,6
2021-01-11,cl1s,1,0.8916682674328309,6
2021-01-12,rb1s,0,0.7089970428912254,6
2021-01-13,rb1s,0,0.5960106112017681,6
2021-01-14,rb1s,1,0.6203151931206815,6
2021-01-15,rb1s,0,0.764472686614605,6
2021-01-15,cl1s,1,0.6863997014611506,6
2021-01-19,cl1s,1,0.4707923098731971,6
2021-01-19,rb1s,0,0.6836732991845372,6
2021-01-20,cl1s,1,0.5836033300068734,6
2021-01-20,rb1s,0,0.624030019525886,6
2021-01-21,cl1s,1,0.44854334991342804,6
2021-01-21,rb1s,0,0.5293024494237895,6
2021-01-22,rb1s,0,0.40549631287851456,6
2021-01-25,rb1s,0,0.5478461556609571,6
2021-01-26,rb1s,0,0.5503670011879236,6
2021-01-27,rb1s,0,0.6807800051591995,6
2021-01-28,rb1s,0,0.6391613155921496,6
2021-01-29,rb1s,0,0.7646376704600553,6
2021-02-01,rb1s,0,0.8425588542310675,6
2021-02-02,rb1s,0,0.853956870771801,6
2021-02-03,rb1s,0,0.8189299761473361,6
2021-02-04,rb1s,0,0.866351016238928,6
2021-02-04,cl1s,0,0.8299032575504842,6
2021-02-05,rb1s,0,0.6227106713785217,6
2021-02-05,cl1s,0,0.7630349962654326,6
2021-02-08,rb1s,0,0.31500687679870354,6
2021-02-08,cl1s,0,0.8133015335054691,6
2021-02-09,rb1s,0,0.3013264249137212,6
2021-02-09,cl1s,0,0.6182682777780402,6
2021-02-10,cl1s,0,0.744799262223615,6
2021-02-10,rb1s,0,0.27308668369493044,6
2021-02-11,cl1s,0,0.7257141343010812,6
2021-02-11,rb1s,0,0.3669789875113165,6
2021-02-12,rb1s,0,0.6281306396269277,6
2021-02-12,cl1s,0,0.8190529002102115,6
2021-02-16,cl1s,0,0.7508235892491774,6
2021-02-16,ng1s,1,0.015182135607805299,6
2021-02-16,rb1s,0,0.8776205045656437,6
2021-02-17,rb1s,0,0.9641794209230219,6
2021-02-17,cl1s,0,0.8698762509739134,6
2021-02-18,rb1s,0,0.9422760448699983,6
2021-02-18,cl1s,0,0.5868996061631727,6
2021-02-19,cl1s,0,0.629124182059113,6
2021-02-19,rb1s,0,0.7898374727657848,6
2021-02-22,cl1s,0,0.6859730761460995,6
2021-02-22,rb1s,0,0.9140409777681627,6
2021-02-23,rb1s,0,0.9022169047839617,6
2021-02-23,cl1s,0,0.5710683995625735,6
2021-02-24,cl1s,0,0.543727238563526,6
2021-02-24,rb1s,0,0.9254702782394034,6
2021-02-25,cl1s,0,0.74847657344988,6
2021-02-25,rb1s,0,0.910257897199358,6
2021-02-26,rb1s,0,0.832675592685918,6
2021-03-01,rb1s,0,0.8948711420195129,6
2020-05-12,rb1s,0,0.34912633150361366,7
2020-05-13,rb1s,1,0.24745633104253992,7
2020-05-13,cl1s,1,0.5730978123049446,7
2020-05-14,rb1s,0,0.19691660978160658,7
2020-05-14,ng1s,0,0.05542819162820691,7
2020-05-14,cl1s,1,0.4957622655037422,7
2020-05-15,rb1s,0,0.2576184285763205,7
2020-05-15,ng1s,1,0.0742818311367808,7
2020-05-18,ng1s,1,0.08344630654220979,7
2020-05-18,ho1s,0,0.23118745622526285,7
2020-05-18,rb1s,0,0.508068002744733,7
2020-05-19,rb1s,0,0.6149891396442422,7
2020-05-19,ng1s,1,0.21035530741013708,7
2020-05-19,cl1s,1,0.8439101594460366,7
2020-05-20,rb1s,0,0.39865536379255184,7
2020-05-20,ho1s,0,0.3521496936524285,7
2020-05-20,ng1s,1,0.19187709097744687,7
2020-05-21,ng1s,1,0.9989913551081281,7
2020-05-21,rb1s,0,0.2743090659192832,7
2020-05-22,rb1s,0,0.196862664645304,7
2020-05-26,rb1s,0,0.23096730266333304,7
2020-05-27,rb1s,0,0.210638293232361,7
2020-05-27,cl1s,1,0.6635892433992951,7
2020-05-27,ng1s,1,0.31416142657237145,7
2020-05-28,cl1s,1,0.5493808392993819,7
2020-05-28,rb1s,0,0.21717758232121603,7
2020-05-28,ng1s,1,0.2781082712371873,7
2020-05-29,rb1s,0,0.2251296777750303,7
2020-05-29,ng1s,1,0.37311925290352926,7
2020-06-01,rb1s,0,0.32338041314537674,7
2020-06-01,ng1s,1,0.4134637912034237,7
2020-06-02,rb1s,0,0.34110614491922103,7
2020-06-02,ng1s,1,0.4725417717712648,7
2020-06-03,rb1s,0,0.32186670734166034,7
2020-06-04,cl1s,1,0.37063253370591603,7
2020-06-04,rb1s,0,0.27375438716956435,7
2020-06-05,rb1s,0,0.4179277941051939,7
2020-06-05,cl1s,1,0.5153246021755814,7
2020-06-08,cl1s,1,0.43951967248593576,7
2020-06-08,rb1s,0,0.1884912768623188,7
2020-06-09,cl1s,1,0.5316952807418325,7
2020-06-09,rb1s,0,0.44975907407224136,7
2020-06-10,cl1s,0,0.38352993032890004,7
2020-06-10,rb1s,1,0.3085770124109518,7
2020-06-11,rb1s,0,0.20944547271422698,7
2020-06-11,cl1s,1,0.27769658952434556,7
2020-06-12,rb1s,1,0.12515917196430684,7
2020-06-12,cl1s,1,0.20149379646979848,7
2020-06-15,rb1s,1,0.2761754249764128,7
2020-06-16,rb1s,0,0.22542382816129447,7
2020-06-17,rb1s,0,0.3046391715479546,7
2020-06-17,cl1s,1,0.3820370928769055,7
2020-06-18,rb1s,0,0.20234016381458614,7
2020-06-18,cl1s,1,0.38496830001149124,7
2020-06-19,cl1s,1,0.16417097771843492,7
2020-06-19,rb1s,1,0.3751086386183163,7
2020-06-22,cl1s,0,0.30869763153765145,7
2020-06-22,rb1s,1,0.3538158409522374,7
2020-06-23,cl1s,1,0.290887788958117,7
2020-06-23,rb1s,1,0.24735265863924813,7
2020-06-24,rb1s,1,0.24117042672082406,7
2020-06-24,cl1s,1,0.1536655405243899,7
2020-06-25,rb1s,1,0.13327952378113062,7
2020-06-25,cl1s,1,0.10885022910390041,7
2020-06-26,rb1s,1,0.07883175895546239,7
2020-06-26,cl1s,1,0.09227226000943127,7
2020-06-29,rb1s,1,0.155127086487262,7
2020-06-29,cl1s,1,0.11292616134255647,7
2020-06-30,cl1s,1,0.4390641639196016,7
2020-06-30,rb1s,1,0.49600075106711816,7
2020-07-01,ho1s,0,0.7913568575638495,7
2020-07-01,rb1s,0,0.40850887225818766,7
2020-07-01,cl1s,1,0.4356982075208137,7
2020-07-02,cl1s,0,0.42090949569026104,7
2020-07-02,rb1s,0,0.35823553763089916,7
2020-07-06,cl1s,1,0.20781310155961738,7
2020-07-06,rb1s,0,0.29862696392278054,7
2020-07-07,cl1s,1,0.20067612084905778,7
2020-07-07,rb1s,1,0.08580578506977898,7
2020-07-08,cl1s,1,0.28923978269532974,7
2020-07-08,rb1s,0,0.33737453483756136,7
2020-07-09,rb1s,1,0.057928693612190545,7
2020-07-09,cl1s,1,0.09073969034278831,7
2020-07-10,ho1s,0,0.1752412135588075,7
2020-07-10,cl1s,1,0.0976633845802975,7
2020-07-10,rb1s,0,0.06629735021918713,7
2020-07-13,rb1s,0,0.036938906107911694,7
2020-07-13,cl1s,1,0.11575737187220017,7
2020-07-14,rb1s,1,0.097640954988971,7
2020-07-14,cl1s,1,0.12130328272368915,7
2020-07-15,rb1s,0,0.10464882966502283,7
2020-07-15,cl1s,0,0.25481595807847823,7
2020-07-16,rb1s,0,0.07044349804345339,7
2020-07-16,cl1s,0,0.27875062708505677,7
2020-07-17,rb1s,0,0.1268131489801949,7
2020-07-17,cl1s,0,0.2085707583194393,7
2020-07-20,rb1s,1,0.3191109335613788,7
2020-07-20,cl1s,1,0.2654342281481574,7
2020-07-21,rb1s,0,0.32538806774236345,7
2020-07-21,cl1s,0,0.31575380498149164,7
2020-07-22,rb1s,0,0.2823325833578733,7
2020-07-22,cl1s,1,0.4583267845794898,7
2020-07-23,rb1s,0,0.2241613498948068,7
2020-07-23,cl1s,1,0.17000367823500923,7
2020-07-24,rb1s,0,0.11835943570759108,7
2020-07-24,cl1s,0,0.058872074979485066,7
2020-07-27,cl1s,1,0.21015011768005404,7
2020-07-27,rb1s,0,0.10101085046780481,7
2020-07-28,rb1s,0,0.14421759471326878,7
2020-07-28,cl1s,1,0.13186082043989095,7
2020-07-29,rb1s,1,0.11406504148702341,7
2020-07-29,cl1s,1,0.18106715772434095,7
2020-07-30,rb1s,1,0.22177101974090704,7
2020-07-30,cl1s,1,0.0948638417758364,7
2020-07-31,cl1s,1,0.11600333409258543,7
2020-07-31,rb1s,1,0.33585034426404353,7
2020-08-03,cl1s,1,0.12369918298632915,7
2020-08-03,rb1s,1,0.4232217401965404,7
2020-08-03,ng1s,0,0.6151287391978878,7
2020-08-04,cl1s,1,0.3994099681262283,7
2020-08-04,rb1s,1,0.4289108529582354,7
2020-08-05,rb1s,1,0.4161540753859956,7
2020-08-06,rb1s,1,0.16846025020410363,7
2020-08-06,ng1s,0,0.3429727185724667,7
2020-08-07,rb1s,1,0.36305719073079645,7
2020-08-10,ng1s,0,0.08850062863751647,7
2021-03-02,rb1s,0,0.03938566711326973,7
2021-03-03,rb1s,0,0.040842371691202174,7
2021-03-04,rb1s,0,0.014427700962230177,7
2021-03-05,cl1s,1,0.030801096681376525,7
2021-03-05,rb1s,1,0.012815605192112929,7
2021-03-08,rb1s,1,0.015893503116528897,7
2021-03-08,cl1s,1,0.04089200741138977,7
2021-03-09,rb1s,1,0.06503792891891332,7
2021-03-10,rb1s,1,0.007281373994901737,7
2021-03-11,rb1s,1,0.006608125879256832,7
2021-03-12,rb1s,1,0.006025086173955001,7
2021-03-15,rb1s,1,0.021514391468097138,7
2021-03-16,rb1s,1,0.029507749668714334,7
2021-03-17,rb1s,1,0.036736190576925475,7
2021-03-18,rb1s,1,0.25320490548121144,7
2021-03-19,rb1s,1,0.5028817603606214,7
2021-03-22,rb1s,1,0.5164726341353275,7
2021-03-23,rb1s,0,0.701335051335414,7
2021-03-24,rb1s,0,0.42578782569531587,7
2021-03-25,rb1s,1,0.7148019597091468,7
2021-03-26,rb1s,1,0.23695958840488993,7
2021-03-29,rb1s,1,0.259360824445463,7
2021-03-30,rb1s,0,0.1480755017110732,7
2021-03-31,rb1s,0,0.3249644747103805,7
2021-04-01,rb1s,0,0.22589644306269724,7
2021-04-05,rb1s,0,0.8008603041812388,7
2021-04-06,rb1s,0,0.6984104067458871,7
2021-04-07,rb1s,0,0.6207453971202057,7
2021-04-08,rb1s,0,0.6685871239540812,7
2021-04-09,rb1s,0,0.39222925668206216,7
2021-04-12,rb1s,0,0.3211321949802329,7
2021-04-13,rb1s,0,0.3047970768116757,7
2021-04-14,rb1s,0,0.3065096849019252,7
2021-04-15,cl1s,1,0.970415393242756,7
2021-04-15,rb1s,0,0.1929640174190513,7
2021-04-16,cl1s,1,0.8790608930294842,7
2021-04-16,rb1s,0,0.23810055644080952,7
2021-04-19,cl1s,1,0.8827366973602222,7
2021-04-19,rb1s,0,0.39385885914212815,7
2021-04-20,rb1s,0,0.2429181252380522,7
2021-04-20,cl1s,1,0.7322371627470602,7
2021-04-21,rb1s,0,0.29092150327475635,7
2021-04-21,cl1s,1,0.8575543825317578,7
2021-04-22,rb1s,0,0.3774611915931086,7
2021-04-22,cl1s,1,0.8099848631726212,7
2021-04-23,rb1s,0,0.6486270602883977,7
2021-04-23,cl1s,1,0.8652868461605108,7
2021-04-26,cl1s,1,0.8471991026195762,7
2021-04-26,rb1s,0,0.7892643979279629,7
2021-04-27,cl1s,1,0.7818875803476849,7
2021-04-27,rb1s,0,0.6286557148846291,7
2021-04-28,cl1s,1,0.8165809610540862,7
2021-04-28,rb1s,0,0.47195644340300474,7
2021-04-29,rb1s,1,0.473227412697293,7
2021-04-29,cl1s,0,0.7528751333202636,7
2021-04-30,cl1s,1,0.7400775242977063,7
2021-04-30,rb1s,0,0.6156193338244429,7
2021-05-03,cl1s,1,0.6910039068343863,7
2021-05-03,rb1s,1,0.8779255796392496,7
2021-05-04,cl1s,0,0.7025611055905717,7
2021-05-04,rb1s,0,0.2562229020073205,7
2021-05-05,rb1s,1,0.4680824490859516,7
2021-05-05,cl1s,0,0.6696998171780436,7
2021-05-06,rb1s,1,0.2394202087087605,7
2021-05-07,rb1s,1,0.25214089312974236,7
2021-05-10,rb1s,1,0.32157734007627753,7
2021-05-11,rb1s,1,0.19288614262553222,7
2021-05-12,rb1s,1,0.12229453932889978,7
2021-05-12,cl1s,1,0.426336660727998,7
2021-05-13,rb1s,1,0.5398930293737252,7
2021-05-14,rb1s,1,0.2855019980483464,7
2021-05-14,cl1s,1,0.30564608150276995,7
2021-05-17,cl1s,1,0.5725855415156822,7
2021-05-17,rb1s,1,0.5332374779339513,7
2021-05-18,rb1s,1,0.5453376773902002,7
2021-05-19,rb1s,1,0.5399198933087196,7
2021-05-19,cl1s,1,0.1470141312871979,7
2021-05-20,cl1s,1,0.4131611826604063,7
2021-05-20,rb1s,1,0.7139840396243909,7
2021-05-21,cl1s,1,0.3691014007569065,7
2021-05-21,rb1s,1,0.4777068102565752,7
2021-05-24,cl1s,1,0.28549181983338323,7
2021-05-24,rb1s,0,0.38597743016658037,7
2021-05-25,cl1s,1,0.26278801348586334,7
2021-05-25,rb1s,0,0.3871106320072182,7
2021-05-26,rb1s,0,0.5014290346809048,7
2021-05-26,cl1s,1,0.3838973761952813,7
2021-05-27,cl1s,1,0.605879341084048,7
2021-05-27,rb1s,0,0.6362244509610347,7
2021-05-28,cl1s,1,0.5474677871710218,7
2021-05-28,rb1s,0,0.8071593892080311,7
2021-06-01,cl1s,1,0.6777490448207627,7
2021-06-01,rb1s,0,0.6405993365401178,7
2021-06-02,cl1s,1,0.8369969953774129,7
2021-06-02,rb1s,1,0.40326673356037385,7
2021-06-03,cl1s,1,0.7116160865912735,7
2021-06-03,rb1s,1,0.2938520204234363,7
2021-06-04,rb1s,1,0.4732252382212989,7
2021-06-04,cl1s,1,0.8320769139044389,7
2021-06-07,cl1s,1,0.7959794840280942,7
2021-06-07,rb1s,0,0.69236168406436,7
2021-06-08,rb1s,0,0.6783293548508946,7
2021-06-08,cl1s,1,0.802252847387457,7
2021-06-09,rb1s,0,0.60268240192386,7
2021-06-09,cl1s,1,0.8529042333053821,7
2021-06-10,rb1s,0,0.7633322074606851,7
2021-06-10,cl1s,1,0.8590715702291043,7
2021-06-11,rb1s,0,0.8159281714026502,7
2021-06-14,rb1s,0,0.7579811772171094,7
2021-06-15,rb1s,0,0.7599758790887725,7
2021-06-15,cl1s,1,0.9426298960888261,7
2021-06-16,rb1s,0,0.8897638390978538,7
2021-06-16,cl1s,1,0.8865666606727322,7
2021-06-17,rb1s,0,0.838057162289579,7
2021-06-17,cl1s,1,0.8946014175359255,7
2021-06-17,ho1s,1,0.8211843150941889,7
2021-06-18,cl1s,1,0.34754691397373716,7
2021-06-18,rb1s,0,0.38899005676165,7
2021-06-21,rb1s,0,0.631149877438231,7
2021-06-21,cl1s,1,0.5610679104447927,7
2021-06-22,rb1s,1,0.5264098940594316,7
2021-06-22,cl1s,0,0.5499079215720336,7
2021-06-23,rb1s,1,0.3640557491225477,7
2021-06-24,rb1s,0,0.4336516492478,7
2021-06-24,cl1s,1,0.4677007459210828,7
2021-06-25,rb1s,0,0.4362164053306472,7
2020-05-12,rb1s,0,0.6830771674501286,8
2020-05-13,rb1s,1,0.5567462094585457,8
2020-05-13,cl1s,1,0.9203373261373805,8
2020-05-14,rb1s,0,0.5486588391897557,8
2020-05-14,ng1s,0,0.0989331068741872,8
2020-05-14,cl1s,1,0.9166911665415965,8
2020-05-15,rb1s,0,0.5755352925075196,8
2020-05-15,ng1s,1,0.09744300399555207,8
2020-05-18,ng1s,1,0.15818405744558417,8
2020-05-18,ho1s,0,0.47660701048223414,8
2020-05-18,rb1s,0,0.8075889938349637,8
2020-05-19,rb1s,0,0.8354558107245043,8
2020-05-19,ng1s,1,0.6113432346890981,8
2020-05-19,cl1s,1,0.9805449409770434,8
2020-05-20,rb1s,0,0.8315865236689048,8
2020-05-20,ho1s,0,0.6710434208918218,8
2020-05-20,ng1s,1,0.4336051147346053,8
2020-05-21,ng1s,1,0.9999946068823771,8
2020-05-21,rb1s,0,0.568974907639232,8
2020-05-22,rb1s,0,0.5750991380111303,8
2020-05-26,rb1s,0,0.4982819929238513,8
2020-05-27,rb1s,0,0.3410573110120543,8
2020-05-27,cl1s,1,0.841133455465222,8
2020-05-27,ng1s,1,0.29052175909317174,8
2020-05-28,cl1s,1,0.8319705236092069,8
2020-05-28,rb1s,0,0.4546285162888709,8
2020-05-28,ng1s,1,0.18466450071203025,8
2020-05-29,rb1s,0,0.3490489543581528,8
2020-05-29,ng1s,1,0.19575240028342614,8
2020-06-01,rb1s,0,0.41868287474338,8
2020-06-01,ng1s,1,0.20343652763641412,8
2020-06-02,rb1s,0,0.44980472175764113,8
2020-06-02,ng1s,1,0.15851564071124222,8
2020-06-03,rb1s,0,0.36576854515286605,8
2020-06-04,cl1s,1,0.793508963691944,8
2020-06-04,rb1s,0,0.3694955547576151,8
2020-06-05,rb1s,0,0.6642049957235537,8
2020-06-05,cl1s,1,0.9159037546950872,8
2020-06-08,cl1s,1,0.9359312333981147,8
2020-06-08,rb1s,0,0.4072129056720822,8
2020-06-09,cl1s,1,0.902310909546751,8
2020-06-09,rb1s,0,0.5941205590978067,8
2020-06-10,cl1s,0,0.81343572017026,8
2020-06-10,rb1s,1,0.4489835189011976,8
2020-06-11,rb1s,0,0.1983797121775591,8
2020-06-11,cl1s,1,0.8785566873735391,8
2020-06-12,rb1s,1,0.2046577489949252,8
2020-06-12,cl1s,1,0.699889353632932,8
2020-06-15,rb1s,1,0.5479864070261683,8
2020-06-16,rb1s,0,0.5983522764214279,8
2020-06-17,rb1s,0,0.44701216416969985,8
2020-06-17,cl1s,1,0.8329092637105251,8
2020-06-18,rb1s,0,0.5454773245696385,8
2020-06-18,cl1s,1,0.9113945717014625,8
2020-06-19,cl1s,1,0.6652366097078698,8
2020-06-19,rb1s,1,0.6966883910029985,8
2020-06-22,cl1s,0,0.7729266304086134,8
2020-06-22,rb1s,1,0.735137200621308,8
2020-06-23,cl1s,1,0.8732876485413803,8
2020-06-23,rb1s,1,0.4386756830186958,8
2020-06-24,rb1s,1,0.7425971722814423,8
2020-06-24,cl1s,1,0.8467066806218784,8
2020-06-25,rb1s,1,0.5898705615154469,8
2020-06-25,cl1s,1,0.7665506521886614,8
2020-06-26,rb1s,1,0.41697639168835415,8
2020-06-26,cl1s,1,0.46377145631187683,8
2020-06-29,rb1s,1,0.4120258834605171,8
2020-06-29,cl1s,1,0.39347035121981433,8
2020-06-30,cl1s,1,0.8758920124916483,8
2020-06-30,rb1s,1,0.7091473704908738,8
2020-07-01,ho1s,0,0.9328728438137907,8
2020-07-01,rb1s,0,0.5879326769686197,8
2020-07-01,cl1s,1,0.8578557384394058,8
2020-07-02,cl1s,0,0.7408455439864564,8
2020-07-02,rb1s,0,0.6140287255978848,8
2020-07-06,cl1s,1,0.7397015523449807,8
2020-07-06,rb1s,0,0.6299287100902198,8
2020-07-07,cl1s,1,0.5152159744263187,8
2020-07-07,rb1s,1,0.21247751208902552,8
2020-07-08,cl1s,1,0.5232379660547659,8
2020-07-08,rb1s,0,0.5410988884703687,8
2020-07-09,rb1s,1,0.09898915437275578,8
2020-07-09,cl1s,1,0.3113835825390935,8
2020-07-10,ho1s,0,0.3158329543032048,8
2020-07-10,cl1s,1,0.30753357978996065,8
2020-07-10,rb1s,0,0.10045828203369242,8
2020-07-13,rb1s,0,0.02247625611705857,8
2020-07-13,cl1s,1,0.21119698943158222,8
2020-07-14,rb1s,1,0.07601873721810458,8
2020-07-14,cl1s,1,0.2815801949028699,8
2020-07-15,rb1s,0,0.06742674424321438,8
2020-07-15,cl1s,0,0.2699241552493715,8
2020-07-16,rb1s,0,0.081174566766761,8
2020-07-16,cl1s,0,0.43572393969945133,8
2020-07-17,rb1s,0,0.16616243319226864,8
2020-07-17,cl1s,0,0.40347100597755525,8
2020-07-20,rb1s,1,0.4571589750691643,8
2020-07-20,cl1s,1,0.5297859808559297,8
2020-07-21,rb1s,0,0.38007859481541495,8
2020-07-21,cl1s,0,0.5353189182639785,8
2020-07-22,rb1s,0,0.3414624766396309,8
2020-07-22,cl1s,1,0.7846612916440967,8
2020-07-23,rb1s,0,0.21180895863012286,8
2020-07-23,cl1s,1,0.4189447078259832,8
2020-07-24,rb1s,0,0.08939921081748403,8
2020-07-24,cl1s,0,0.08864706210952501,8
2020-07-27,cl1s,1,0.3292282754681027,8
2020-07-27,rb1s,0,0.13613679709825383,8
2020-07-28,rb1s,0,0.1703183298396295,8
2020-07-28,cl1s,1,0.22997793523251794,8
2020-07-29,rb1s,1,0.2597832510697796,8
2020-07-29,cl1s,1,0.41910757739790816,8
2020-07-30,rb1s,1,0.5013797939822374,8
2020-07-30,cl1s,1,0.35712870201963315,8
2020-07-31,cl1s,1,0.3064389766553438,8
2020-07-31,rb1s,1,0.5591386389868167,8
2020-08-03,cl1s,1,0.2923015253983966,8
2020-08-03,rb1s,1,0.5153397150699766,8
2020-08-03,ng1s,0,0.9309831473468583,8
2020-08-04,cl1s,1,0.6649289220121748,8
2020-08-04,rb1s,1,0.5399304147961097,8
2020-08-05,rb1s,1,0.6106903845396288,8
2020-08-06,rb1s,1,0.1200249573741017,8
2020-08-06,ng1s,0,0.7735110718628971,8
2020-08-07,rb1s,1,0.6384776116613099,8
2020-08-10,ng1s,0,0.8165566776892743,8
2021-06-25,cl1s,1,0.5414523931373845,8
2021-06-28,rb1s,0,0.07325272335533205,8
2021-06-28,ho1s,1,0.7665823602713159,8
2021-06-28,cl1s,1,0.7989911203910361,8
2021-06-29,rb1s,0,0.03940154940882753,8
2021-06-29,cl1s,1,0.7485412066988708,8
2021-06-29,ho1s,1,0.7824183747289453,8
2021-06-30,cl1s,0,0.5396284319243714,8
2021-06-30,rb1s,0,0.05057717278186458,8
2021-07-01,cl1s,0,0.2650957525914805,8
2021-07-01,rb1s,1,0.030529033997819074,8
2021-07-02,rb1s,1,0.03469831418858942,8
2021-07-02,cl1s,0,0.5013718916719991,8
2021-07-06,rb1s,1,0.013246453482309387,8
2021-07-06,cl1s,0,0.42890169642380677,8
2021-07-07,rb1s,0,0.012532698632205146,8
2021-07-07,ho1s,0,0.48435061653621775,8
2021-07-07,cl1s,0,0.5702766608190232,8
2021-07-08,rb1s,0,0.007569124111582731,8
2021-07-08,ho1s,0,0.2894647356909565,8
2021-07-08,cl1s,0,0.4284763326144097,8
2021-07-09,cl1s,0,0.5005465059695107,8
2021-07-09,rb1s,1,0.03680827846954869,8
2021-07-12,cl1s,0,0.4491973587988113,8
2021-07-12,rb1s,1,0.01772736236854822,8
2021-07-13,cl1s,0,0.5920834887590669,8
2021-07-13,rb1s,1,0.11448850321465552,8
2021-07-14,rb1s,1,0.0729733156968241,8
2021-07-14,cl1s,0,0.6136806964331045,8
2021-07-15,rb1s,0,0.0444330055925252,8
2021-07-15,cl1s,0,0.7887810392976811,8
2021-07-16,cl1s,0,0.539093823933643,8
2021-07-16,rb1s,0,0.016524429848186587,8
2021-07-19,rb1s,1,0.14757378608862312,8
2021-07-19,cl1s,1,0.9367385620858624,8
2021-07-20,rb1s,1,0.1600999641048011,8
2021-07-20,cl1s,1,0.8996255898583808,8
2021-07-21,rb1s,1,0.16948927236918387,8
2021-07-21,cl1s,0,0.8841399419437146,8
2021-07-22,rb1s,1,0.1573247574676536,8
2021-07-22,cl1s,0,0.7087051150392901,8
2021-07-23,cl1s,0,0.5870729192399695,8
2021-07-23,rb1s,0,0.2062296088138554,8
2021-07-26,rb1s,0,0.486145799429425,8
2021-07-26,cl1s,0,0.7548320739439742,8
2021-07-27,rb1s,0,0.2189644190340775,8
2021-07-27,cl1s,0,0.6257256542181068,8
2021-07-28,cl1s,0,0.30019030877383013,8
2021-07-28,rb1s,1,0.0983499467848755,8
2021-07-29,cl1s,0,0.23718500983452512,8
2021-07-29,rb1s,0,0.15981003260993779,8
2021-07-30,cl1s,0,0.2469900998461093,8
2021-07-30,rb1s,0,0.08674596364414368,8
2021-08-02,rb1s,0,0.004794662390923716,8
2021-08-02,cl1s,0,0.4357602289828287,8
2021-08-03,cl1s,0,0.6567279840970884,8
2021-08-03,rb1s,0,0.10697094508032788,8
2021-08-04,cl1s,0,0.8508560787542662,8
2021-08-04,rb1s,0,0.2901410430908342,8
2021-08-05,rb1s,0,0.22881533807976248,8
2021-08-05,cl1s,0,0.7764084993197347,8
2021-08-06,rb1s,0,0.7749655945114301,8
2021-08-06,cl1s,0,0.9105742428198856,8
2021-08-09,cl1s,0,0.8990770658341697,8
2021-08-09,rb1s,0,0.7377495840761727,8
2021-08-10,rb1s,0,0.7787149509178936,8
2021-08-10,cl1s,0,0.8262283249654379,8
2021-08-11,cl1s,0,0.891841110832281,8
2021-08-11,rb1s,0,0.788515194392442,8
2021-08-12,cl1s,0,0.6988500761149715,8
2021-08-12,rb1s,0,0.7849285894080702,8
2021-08-13,rb1s,0,0.22085544495567186,8
2021-08-13,cl1s,1,0.6792378046669538,8
2021-08-16,rb1s,0,0.5603588686919274,8
2021-08-16,cl1s,1,0.7104147317866343,8
2021-08-17,cl1s,1,0.6414215082456108,8
2021-08-17,rb1s,1,0.7104006348257061,8
2021-08-18,cl1s,1,0.7368827812963846,8
2021-08-18,rb1s,1,0.9407249923402556,8
2021-08-19,cl1s,1,0.8621918362500832,8
2021-08-19,rb1s,1,0.9043983128359039,8
2021-08-20,cl1s,1,0.9083163368277862,8
2021-08-20,rb1s,1,0.9123763849047116,8
2021-08-23,cl1s,1,0.8682163903563381,8
2021-08-23,rb1s,1,0.7553089467811637,8
2021-08-24,rb1s,1,0.6967986144180466,8
2021-08-24,cl1s,1,0.7130459024472392,8
2021-08-25,rb1s,0,0.8747785953621429,8
2021-08-25,cl1s,0,0.6068670844997185,8
2021-08-26,cl1s,1,0.6257158794828631,8
2021-08-26,rb1s,1,0.6364256679229288,8
2021-08-27,cl1s,1,0.4937221537365633,8
2021-08-27,rb1s,1,0.463127435513517,8
2021-08-30,rb1s,1,0.6563925420158383,8
2021-08-30,cl1s,1,0.4478786138063511,8
2021-08-31,cl1s,1,0.5951645026844243,8
2021-08-31,rb1s,1,0.5274473555156748,8
2021-09-01,rb1s,1,0.5714358451876347,8
2021-09-01,cl1s,1,0.5780535557372547,8
2021-09-02,rb1s,1,0.45011748066421536,8
2021-09-02,cl1s,1,0.27543931439478014,8
2021-09-03,cl1s,1,0.0901318812719663,8
2021-09-03,rb1s,0,0.0725221060426717,8
2021-09-07,rb1s,0,0.07458458218952796,8
2021-09-07,cl1s,1,0.061306259572344354,8
2021-09-08,rb1s,0,0.10698125839119971,8
2021-09-08,cl1s,1,0.09338491436659101,8
2021-09-09,rb1s,1,0.06686948471883113,8
2021-09-09,cl1s,1,0.15351382069580755,8
2021-09-10,rb1s,1,0.3608852656318262,8
2021-09-10,cl1s,1,0.33321132970259765,8
2021-09-13,cl1s,1,0.4214459362990669,8
2021-09-13,rb1s,1,0.4790354903711514,8
2021-09-14,rb1s,1,0.4902587665013832,8
2021-09-14,cl1s,1,0.6342997958373375,8
2021-09-15,rb1s,1,0.5468667069372264,8
2021-09-15,cl1s,1,0.7850881739178543,8
2021-09-16,rb1s,1,0.3505504309519493,8
2021-09-16,cl1s,1,0.6146754491382546,8
2021-09-17,cl1s,1,0.4733477643871947,8
2021-09-17,rb1s,1,0.12445259526456738,8
2021-09-20,cl1s,1,0.4607984352198974,8
2021-09-20,rb1s,1,0.2676375775280568,8
2021-09-21,rb1s,1,0.7114014629454499,8
2021-09-21,cl1s,1,0.5794468095930124,8
2021-09-22,cl1s,1,0.5099595209440236,8
2021-09-22,rb1s,1,0.7040660451016014,8
2021-09-23,rb1s,0,0.2905039955174817,8
2021-09-24,rb1s,1,0.7160582234454652,8
2021-09-27,rb1s,1,0.48414457264950894,8
2021-09-28,rb1s,1,0.40723832457691905,8
2020-08-10,rb1s,1,0.7343323654453838,9
2020-08-11,rb1s,1,0.7916009036172621,9
2020-08-12,rb1s,1,0.7243169654348045,9
2020-08-13,rb1s,1,0.7625036469790709,9
2020-08-14,rb1s,1,0.7038709217198884,9
2020-08-17,rb1s,1,0.6350504928833505,9
2020-08-18,rb1s,1,0.7621419019006556,9
2020-08-19,rb1s,0,0.8286706074168768,9
2020-08-20,rb1s,0,0.7979412718959558,9
2020-08-21,rb1s,0,0.8072711561602384,9
2020-08-21,cl1s,0,0.5601949148069016,9
2020-08-24,cl1s,0,0.6887093538029926,9
2020-08-24,rb1s,0,0.5027260812434452,9
2020-08-25,cl1s,0,0.8218290097680503,9
2020-08-25,rb1s,0,0.49147066001526324,9
2020-08-26,rb1s,0,0.5985622873125971,9
2020-08-26,cl1s,0,0.8329762338198464,9
2020-08-27,rb1s,0,0.6545474838018808,9
2020-08-28,rb1s,0,0.747829437178228,9
2020-08-31,rb1s,0,0.8460501061187953,9
2020-09-01,rb1s,0,0.8647555506817531,9
2020-09-01,cl1s,0,0.8665841702410422,9
2020-09-02,cl1s,0,0.7531465804408294,9
2020-09-02,rb1s,0,0.7593854400722425,9
2020-09-03,rb1s,0,0.8034043514312693,9
2020-09-04,rb1s,0,0.8769042752896762,9
2020-09-08,ho1s,1,0.9366909637039733,9
2020-09-08,rb1s,1,0.8170709571376289,9
2020-09-09,rb1s,1,0.7538842030219003,9
2020-09-10,rb1s,1,0.6797586673303594,9
2020-09-11,rb1s,1,0.7502568432937015,9
2020-09-14,rb1s,1,0.8579720395521431,9
2020-09-15,rb1s,1,0.8109920271997278,9
2020-09-16,rb1s,1,0.8714058677150586,9
2020-09-16,cl1s,0,0.8837568716630025,9
2020-09-17,rb1s,0,0.815925799693366,9
2020-09-18,rb1s,0,0.8878617143665894,9
2020-09-21,rb1s,1,0.7756503795678934,9
2020-09-21,cl1s,0,0.7118518514136336,9
2020-09-21,ho1s,1,0.9290171525455799,9
2020-09-22,rb1s,1,0.9084390501921528,9
2020-09-22,ho1s,1,0.9221915222608503,9
2020-09-22,cl1s,1,0.7359530462756,9
2020-09-23,rb1s,1,0.8436042413865638,9
2020-09-23,ho1s,1,0.9508056793182275,9
2020-09-23,cl1s,1,0.775531369921427,9
2020-09-24,cl1s,1,0.7191558064850001,9
2020-09-24,ho1s,1,0.919195556760052,9
2020-09-24,ng1s,1,0.9775717366043821,9
2020-09-24,rb1s,1,0.6892305616284377,9
2020-09-25,rb1s,1,0.7926620279654273,9
2020-09-25,cl1s,1,0.7107587510099793,9
2020-09-25,ho1s,1,0.8949163295149211,9
2020-09-28,rb1s,0,0.7162909649620927,9
2020-09-28,cl1s,0,0.7227249072945298,9
2020-09-29,ho1s,1,0.9066481092468145,9
2020-09-29,cl1s,1,0.7871580504169173,9
2020-09-29,rb1s,1,0.7113000354157444,9
2020-09-30,rb1s,1,0.8071096763233594,9
2020-09-30,cl1s,1,0.7380657772221203,9
2020-09-30,ho1s,1,0.7817564249696756,9
2020-10-01,cl1s,1,0.8159676050691981,9
2020-10-01,ho1s,1,0.9060255902436363,9
2020-10-01,rb1s,1,0.7476131635071852,9
2020-10-02,ho1s,1,0.9704686016595626,9
2020-10-02,cl1s,1,0.8623298956750808,9
2020-10-02,rb1s,1,0.7603465899262067,9
2020-10-05,rb1s,0,0.7258417118699968,9
2020-10-05,cl1s,1,0.8124880831038136,9
2020-10-06,rb1s,0,0.7845912804219765,9
2020-10-07,cl1s,0,0.7521156708963134,9
2020-10-07,rb1s,0,0.8732681771813954,9
2020-10-08,cl1s,0,0.759813369307505,9
2020-10-08,rb1s,0,0.7898706763980804,9
2020-10-09,ng1s,0,0.9623649134249734,9
2020-10-09,rb1s,0,0.8063518991464342,9
2020-10-09,cl1s,0,0.8768954620946189,9
2020-10-12,rb1s,0,0.8782889244347183,9
2020-10-12,ng1s,0,0.9471980823951515,9
2020-10-12,cl1s,0,0.818458847919713,9
2020-10-13,cl1s,0,0.6942651907967541,9
2020-10-13,rb1s,0,0.8737023507967613,9
2020-10-13,ng1s,0,0.8845518291971802,9
2020-10-14,cl1s,0,0.717688157121274,9
2020-10-14,rb1s,0,0.8969128859613564,9
2020-10-14,ng1s,0,0.9336221499887557,9
2020-10-15,cl1s,0,0.7326515506325653,9
2020-10-15,rb1s,0,0.8729339598599967,9
2020-10-16,cl1s,0,0.7316098042167568,9
2020-10-16,rb1s,0,0.8893461227970061,9
2020-10-19,rb1s,0,0.9221948521368534,9
2020-10-19,cl1s,0,0.7887265846765097,9
2020-10-20,rb1s,0,0.9410935813864263,9
2020-10-20,cl1s,0,0.6988800601286547,9
2020-10-21,rb1s,0,0.9165899747853139,9
2020-10-21,cl1s,0,0.8233571354674634,9
2020-10-22,rb1s,0,0.9447180066995856,9
2020-10-22,cl1s,0,0.8183056591400392,9
2020-10-23,ho1s,0,0.8740634855816325,9
2020-10-23,cl1s,0,0.8251630367219105,9
2020-10-23,rb1s,0,0.919168512305484,9
2020-10-26,ng1s,1,0.941134631203206,9
2020-10-26,ho1s,1,0.8940378682260444,9
2020-10-26,cl1s,1,0.8710843913790498,9
2020-10-26,rb1s,1,0.9502702993485125,9
2020-10-27,rb1s,0,0.9482377638769551,9
2020-10-27,ng1s,1,0.8392189933024177,9
2020-10-27,ho1s,1,0.8966797983999882,9
2020-10-27,cl1s,0,0.668832124145797,9
2020-10-28,rb1s,1,0.9196178265138956,9
2020-10-28,cl1s,1,0.8572877258327385,9
2020-10-29,cl1s,1,0.9082368947591122,9
2020-10-29,rb1s,1,0.8092319542885565,9
2020-10-29,ho1s,1,0.966660522866401,9
2020-10-30,ho1s,1,0.9763896136954717,9
2020-10-30,rb1s,1,0.9227992929999611,9
2020-10-30,cl1s,1,0.9644663251399,9
2020-11-02,cl1s,1,0.8953331455507301,9
2020-11-02,rb1s,1,0.8733811610095145,9
2020-11-03,cl1s,1,0.8363602514154377,9
2020-11-03,rb1s,1,0.8017476556462082,9
2020-11-04,cl1s,1,0.7830823062675061,9
2020-11-04,rb1s,1,0.8212629112926426,9
2020-11-05,rb1s,1,0.683131968629328,9
2020-11-05,cl1s,1,0.8441512661855234,9
2020-11-06,cl1s,1,0.8152628596357129,9
2020-11-06,rb1s,1,0.7515913125177803,9
2020-11-09,cl1s,1,0.8030233926420538,9
2020-11-09,rb1s,1,0.8323308709770605,9
2020-11-10,cl1s,1,0.8558336597652318,9
2020-11-10,rb1s,1,0.8188876153112667,9
2020-11-11,rb1s,1,0.8575914568428096,9
2020-11-11,cl1s,1,0.862770590747536,9
2020-11-12,rb1s,1,0.6921521611676454,9
2020-11-12,cl1s,1,0.8363106593253009,9
2020-11-13,cl1s,1,0.8630720180865652,9
2020-11-13,rb1s,1,0.8733503147000008,9
2020-11-16,rb1s,1,0.9056459004056541,9
2020-11-16,cl1s,1,0.9087448233310313,9
2020-11-17,rb1s,1,0.9117523599113686,9
2020-11-17,cl1s,1,0.8247953833429569,9
2020-11-18,rb1s,1,0.8519360665696628,9
2020-11-18,cl1s,1,0.7301777621659843,9
2020-11-19,rb1s,1,0.9273096163900628,9
2020-11-19,cl1s,1,0.7846566640036218,9
2020-11-20,rb1s,1,0.7349397254865089,9
2020-11-20,cl1s,1,0.8044450868538425,9
2020-11-23,rb1s,1,0.7916457288853632,9
2020-11-23,cl1s,1,0.8555054432378124,9
2020-11-24,cl1s,1,0.6814352732539928,9
2020-11-24,rb1s,1,0.7250738620273876,9
2020-11-25,rb1s,1,0.8286978109711951,9
2020-11-27,rb1s,1,0.6832125544790116,9
2020-11-30,rb1s,1,0.7298537730652851,9
2020-12-01,rb1s,1,0.8145687129747559,9
2020-12-01,cl1s,1,0.8176418541956524,9
2020-12-02,rb1s,1,0.8642770447481137,9
2020-12-02,cl1s,1,0.7856546398201892,9
2020-12-03,rb1s,1,0.8156010806541216,9
2020-12-03,cl1s,1,0.7554186839048832,9
2020-12-04,rb1s,1,0.7651407940438182,9
2020-12-04,cl1s,1,0.7421185166167191,9
2020-12-07,rb1s,1,0.6810424829468644,9
2020-12-07,cl1s,1,0.7661804701385554,9
2020-12-08,cl1s,1,0.7323882759500467,9
2020-12-08,rb1s,1,0.6654426506078823,9
2020-12-09,cl1s,1,0.6768572042809552,9
2020-12-09,rb1s,1,0.7023978420142035,9
2020-12-10,rb1s,1,0.6697671467022752,9
2020-12-11,rb1s,1,0.6199762776994879,9
2020-12-11,cl1s,1,0.7237084481351043,9
2020-12-14,rb1s,1,0.672289206725944,9
2020-12-15,rb1s,1,0.6695821459168022,9
2020-12-16,rb1s,1,0.648771901964298,9
2020-12-17,rb1s,0,0.6866741102459825,9
2020-12-18,rb1s,1,0.7920837517611284,9
2020-12-18,ho1s,0,0.5802032227986141,9
2020-12-21,ho1s,0,0.6923745858614074,9
2020-12-21,rb1s,1,0.8640877671338505,9
2020-12-22,rb1s,1,0.819691170428061,9
2020-12-23,rb1s,1,0.6692842082458796,9
2020-12-24,rb1s,1,0.6241153821296194,9
2020-12-28,rb1s,1,0.6130372977991472,9
2020-12-29,rb1s,1,0.5682916133378748,9
2020-12-30,rb1s,1,0.5530736326964527,9
2020-12-31,rb1s,1,0.5365494673274143,9
2021-01-04,ho1s,1,0.634503245732464,9
2021-01-04,rb1s,1,0.6445487397182347,9
2021-01-04,cl1s,1,0.6957185221332599,9
2021-01-05,rb1s,1,0.5763873505956979,9
2021-01-05,cl1s,1,0.5726535051347251,9
2021-01-06,rb1s,0,0.5699592585761657,9
2021-01-06,cl1s,1,0.6011994176994979,9
2021-01-07,rb1s,0,0.48938379222236644,9
2021-01-07,cl1s,1,0.7571785834311955,9
2021-01-08,rb1s,0,0.5648554874069477,9
2021-01-08,cl1s,1,0.7165775974879974,9
2021-01-11,rb1s,0,0.6568570978766818,9
2021-01-11,cl1s,1,0.869712401776932,9
2021-01-12,rb1s,0,0.6354683861821361,9
2021-01-13,rb1s,0,0.5653745271794891,9
2021-01-14,rb1s,1,0.563879469566744,9
2021-01-15,rb1s,0,0.8271721945279675,9
2021-01-15,cl1s,1,0.791901261896798,9
2021-01-19,cl1s,1,0.687334219219835,9
2021-01-19,rb1s,0,0.7051953853976992,9
2021-01-20,cl1s,1,0.6768300475397281,9
2021-01-20,rb1s,0,0.6777370837412132,9
2021-01-21,cl1s,1,0.5760979158618273,9
2021-01-21,rb1s,0,0.5678792796411533,9
2021-01-22,rb1s,0,0.5730593472430118,9
2021-01-25,rb1s,0,0.6794023940292564,9
2021-01-26,rb1s,0,0.6886570313447365,9
2021-01-27,rb1s,0,0.7303763143910417,9
2021-01-28,rb1s,0,0.7592302013428986,9
2021-01-29,rb1s,0,0.8412713864826802,9
2021-02-01,rb1s,0,0.8206341638537088,9
2021-02-02,rb1s,0,0.8108986214807976,9
2021-02-03,rb1s,0,0.6176992981594298,9
2021-02-04,rb1s,0,0.7375524647201914,9
2021-02-04,cl1s,0,0.7457130063452333,9
2021-02-05,rb1s,0,0.6200252447669029,9
2021-02-05,cl1s,0,0.692544554490683,9
2021-02-08,rb1s,0,0.35930365973217027,9
2021-02-08,cl1s,0,0.7517525647842043,9
2021-02-09,rb1s,0,0.3468653893499829,9
2021-02-09,cl1s,0,0.6189034883946556,9
2021-02-10,cl1s,0,0.6721290328558317,9
2021-02-10,rb1s,0,0.3819667178781448,9
2021-02-11,cl1s,0,0.7146965485467329,9
2021-02-11,rb1s,0,0.5176447172789077,9
2021-02-12,rb1s,0,0.6182336451368677,9
2021-02-12,cl1s,0,0.8049913255391027,9
2021-02-16,cl1s,0,0.7756551564020064,9
2021-02-16,ng1s,1,0.7962230111765849,9
2021-02-16,rb1s,0,0.8320282569374439,9
2021-02-17,rb1s,0,0.8707839640343039,9
2021-02-17,cl1s,0,0.7813417314279207,9
2021-02-18,rb1s,0,0.9173718602144567,9
2021-02-18,cl1s,0,0.7025922854248234,9
2021-02-19,cl1s,0,0.8019162242112706,9
2021-02-19,rb1s,0,0.8616408181591881,9
2021-02-22,cl1s,0,0.7932576957698845,9
2021-02-22,rb1s,0,0.8937166499782325,9
2021-02-23,rb1s,0,0.871100559294648,9
2021-02-23,cl1s,0,0.6812614895164645,9
2021-02-24,cl1s,0,0.6803734963993185,9
2021-02-24,rb1s,0,0.9062613294894671,9
2021-02-25,cl1s,0,0.8808037111234335,9
2021-02-25,rb1s,0,0.9430800795694689,9
2021-02-26,rb1s,0,0.8306957143594846,9
2021-03-01,rb1s,0,0.935989965855908,9
2020-08-10,rb1s,1,0.502963110902444,10
2020-08-11,rb1s,1,0.4893001819747866,10
2020-08-12,rb1s,1,0.4388971322114443,10
2020-08-13,rb1s,1,0.4635584402836323,10
2020-08-14,rb1s,1,0.35483386890245555,10
2020-08-17,rb1s,1,0.42901962437933605,10
2020-08-18,rb1s,1,0.44978850813605586,10
2020-08-19,rb1s,0,0.4050051187440278,10
2020-08-20,rb1s,0,0.35952670775699436,10
2020-08-21,rb1s,0,0.36962075282917695,10
2020-08-21,cl1s,0,0.36188072737954274,10
2020-08-24,cl1s,0,0.4687270083775882,10
2020-08-24,rb1s,0,0.5154569896712018,10
2020-08-25,cl1s,0,0.3861962015895892,10
2020-08-25,rb1s,0,0.49502701716096453,10
2020-08-26,rb1s,0,0.4870011709966782,10
2020-08-26,cl1s,0,0.4664243563392362,10
2020-08-27,rb1s,0,0.5091452102006014,10
2020-08-28,rb1s,0,0.5246943565443203,10
2020-08-31,rb1s,0,0.5341911364371615,10
2020-09-01,rb1s,0,0.5444789133581521,10
2020-09-01,cl1s,0,0.46282330653945175,10
2020-09-02,cl1s,0,0.3704357519384248,10
2020-09-02,rb1s,0,0.5222498675479059,10
2020-09-03,rb1s,0,0.5911113154951235,10
2020-09-04,rb1s,0,0.5521891983421358,10
2020-09-08,ho1s,1,0.6173246983208217,10
2020-09-08,rb1s,1,0.47102528312466085,10
2020-09-09,rb1s,1,0.41911083194214566,10
2020-09-10,rb1s,1,0.4245683037215657,10
2020-09-11,rb1s,1,0.5353418696681492,10
2020-09-14,rb1s,1,0.5440650386439534,10
2020-09-15,rb1s,1,0.5304488768753206,10
2020-09-16,rb1s,1,0.6612113423470606,10
2020-09-16,cl1s,0,0.7007033477573102,10
2020-09-17,rb1s,0,0.5805963456557958,10
2020-09-18,rb1s,0,0.535453217226707,10
2020-09-21,rb1s,1,0.5959583270407699,10
2020-09-21,cl1s,0,0.6444026288050175,10
2020-09-21,ho1s,1,0.6931540174632059,10
2020-09-22,rb1s,1,0.7193125971149928,10
2020-09-22,ho1s,1,0.5748208669978098,10
2020-09-22,cl1s,1,0.5848646989705449,10
2020-09-23,rb1s,1,0.6423194480588327,10
2020-09-23,ho1s,1,0.5189516295783493,10
2020-09-23,cl1s,1,0.6291172184281172,10
2020-09-24,cl1s,1,0.6905792618329881,10
2020-09-24,ho1s,1,0.4925131238802436,10
2020-09-24,ng1s,1,0.8700358407324545,10
2020-09-24,rb1s,1,0.6232378884404525,10
2020-09-25,rb1s,1,0.6941373232618976,10
2020-09-25,cl1s,1,0.6247910663566265,10
2020-09-25,ho1s,1,0.4358707962384728,10
2020-09-28,rb1s,0,0.7407307975239541,10
2020-09-28,cl1s,0,0.6495666821883591,10
2020-09-29,ho1s,1,0.5869108714240467,10
2020-09-29,cl1s,1,0.6456787593317622,10
2020-09-29,rb1s,1,0.7032221388337069,10
2020-09-30,rb1s,1,0.769298682074373,10
2020-09-30,cl1s,1,0.6522449173109437,10
2020-09-30,ho1s,1,0.5118962291147257,10
2020-10-01,cl1s,1,0.6896511769794829,10
2020-10-01,ho1s,1,0.6824676109111056,10
2020-10-01,rb1s,1,0.737377259595755,10
2020-10-02,ho1s,1,0.7220547850269232,10
2020-10-02,cl1s,1,0.7002403807834088,10
2020-10-02,rb1s,1,0.726335258471554,10
2020-10-05,rb1s,0,0.7191602647930795,10
2020-10-05,cl1s,1,0.7413037546386436,10
2020-10-06,rb1s,0,0.7200469757612817,10
2020-10-07,cl1s,0,0.5853983548631896,10
2020-10-07,rb1s,0,0.6958996383558768,10
2020-10-08,cl1s,0,0.6537663179936438,10
2020-10-08,rb1s,0,0.6698576018630668,10
2020-10-09,ng1s,0,0.9234436785235114,10
2020-10-09,rb1s,0,0.7046249392660237,10
2020-10-09,cl1s,0,0.7265762827838685,10
2020-10-12,rb1s,0,0.7298121532623066,10
2020-10-12,ng1s,0,0.9303803384934223,10
2020-10-12,cl1s,0,0.7338400273532205,10
2020-10-13,cl1s,0,0.7171294446850681,10
2020-10-13,rb1s,0,0.7435694623587453,10
2020-10-13,ng1s,0,0.8782315169784489,10
2020-10-14,cl1s,0,0.7629947152970802,10
2020-10-14,rb1s,0,0.7827466075868604,10
2020-10-14,ng1s,0,0.8766704386297494,10
2020-10-15,cl1s,0,0.6446527268016502,10
2020-10-15,rb1s,0,0.7226065599477298,10
2020-10-16,cl1s,0,0.6912993441301962,10
2020-10-16,rb1s,0,0.7184397078694549,10
2020-10-19,rb1s,0,0.7669745151223221,10
2020-10-19,cl1s,0,0.7317356511904669,10
2020-10-20,rb1s,0,0.7361075274572445,10
2020-10-20,cl1s,0,0.7104647622522625,10
2020-10-21,rb1s,0,0.8382352453947706,10
2020-10-21,cl1s,0,0.6752995058411162,10
2020-10-22,rb1s,0,0.7415981077465884,10
2020-10-22,cl1s,0,0.6713636867040808,10
2020-10-23,ho1s,0,0.519907203033175,10
2020-10-23,cl1s,0,0.7282529568206085,10
2020-10-23,rb1s,0,0.8173359050284574,10
2020-10-26,ng1s,1,0.8846343489923577,10
2020-10-26,ho1s,1,0.540743098922685,10
2020-10-26,cl1s,1,0.7957278795990663,10
2020-10-26,rb1s,1,0.868878685086726,10
2020-10-27,rb1s,0,0.84860705194548,10
2020-10-27,ng1s,1,0.8254162001218869,10
2020-10-27,ho1s,1,0.46846536628904223,10
2020-10-27,cl1s,0,0.9223996041566879,10
2020-10-28,rb1s,1,0.8591601112897183,10
2020-10-28,cl1s,1,0.6498773260891086,10
2020-10-29,cl1s,1,0.6563425085664791,10
2020-10-29,rb1s,1,0.6819230893746402,10
2020-10-29,ho1s,1,0.5533983705464172,10
2020-10-30,ho1s,1,0.5630498605551949,10
2020-10-30,rb1s,1,0.8236082334654236,10
2020-10-30,cl1s,1,0.7710901842675979,10
2020-11-02,cl1s,1,0.75477060254297,10
2020-11-02,rb1s,1,0.8246552548812865,10
2020-11-03,cl1s,1,0.762901543202084,10
2020-11-03,rb1s,1,0.7847625567405683,10
2020-11-04,cl1s,1,0.8714046897974178,10
2020-11-04,rb1s,1,0.8364467478316808,10
2020-11-05,rb1s,1,0.8812174292616652,10
2020-11-05,cl1s,1,0.924099618788118,10
2020-11-06,cl1s,1,0.9126714543732288,10
2021-03-02,rb1s,0,0.2427953423063433,10
2021-03-03,rb1s,0,0.19136827068827048,10
2021-03-04,rb1s,0,0.20581964074614212,10
2021-03-05,cl1s,1,0.2967959232779109,10
2021-03-05,rb1s,1,0.17443041179215207,10
2021-03-08,rb1s,1,0.21644947462671393,10
2021-03-08,cl1s,1,0.3062014618779638,10
2021-03-09,rb1s,1,0.26473950567151644,10
2021-03-10,rb1s,1,0.13092469328387837,10
2021-03-11,rb1s,1,0.07539415035905146,10
2021-03-12,rb1s,1,0.08992811898464609,10
2021-03-15,rb1s,1,0.26523563720918575,10
2021-03-16,rb1s,1,0.23787143687361756,10
2021-03-17,rb1s,1,0.2622792018592421,10
2021-03-18,rb1s,1,0.41483663251298086,10
2021-03-19,rb1s,1,0.5458858392636641,10
2021-03-22,rb1s,1,0.6355259811041287,10
2021-03-23,rb1s,0,0.7203300926501951,10
2021-03-24,rb1s,0,0.3899156448068755,10
2021-03-25,rb1s,1,0.4387997344785086,10
2021-03-26,rb1s,1,0.350257990693656,10
2021-03-29,rb1s,1,0.335738888768101,10
2021-03-30,rb1s,0,0.22721286314533704,10
2021-03-31,rb1s,0,0.36494446951396403,10
2021-04-01,rb1s,0,0.25477057693232147,10
2021-04-05,rb1s,0,0.6713506510357318,10
2021-04-06,rb1s,0,0.6264764026457605,10
2021-04-07,rb1s,0,0.5998943112880535,10
2021-04-08,rb1s,0,0.5032756748585716,10
2021-04-09,rb1s,0,0.43804063703328555,10
2021-04-12,rb1s,0,0.5093963655156846,10
2021-04-13,rb1s,0,0.4155615001916622,10
2021-04-14,rb1s,0,0.30458961337840146,10
2021-04-15,cl1s,1,0.7991471962063331,10
2021-04-15,rb1s,0,0.2699612849903611,10
2021-04-16,cl1s,1,0.7587738071697312,10
2021-04-16,rb1s,0,0.20632835745623576,10
2021-04-19,cl1s,1,0.8280663265349351,10
2021-04-19,rb1s,0,0.23388562066134413,10
2021-04-20,rb1s,0,0.3668804518626309,10
2021-04-20,cl1s,1,0.7338598422215976,10
2021-04-21,rb1s,0,0.43536572160382936,10
2021-04-21,cl1s,1,0.7812490135420411,10
2021-04-22,rb1s,0,0.3843483175320869,10
2021-04-22,cl1s,1,0.7772723866912798,10
2021-04-23,rb1s,0,0.3012312710627436,10
2021-04-23,cl1s,1,0.78344008269985,10
2021-04-26,cl1s,1,0.8728579973091329,10
2021-04-26,rb1s,0,0.5152608741565831,10
2021-04-27,cl1s,1,0.8415944629481479,10
2021-04-27,rb1s,0,0.39865094825510183,10
2021-04-28,cl1s,1,0.7821058946704104,10
2021-04-28,rb1s,0,0.28529266762881744,10
2021-04-29,rb1s,1,0.25373344752320376,10
2021-04-29,cl1s,0,0.7396630365974479,10
2021-04-30,cl1s,1,0.7754477805028382,10
2021-04-30,rb1s,0,0.2776233360360212,10
2021-05-03,cl1s,1,0.742155438536684,10
2021-05-03,rb1s,1,0.3366176757377906,10
2021-05-04,cl1s,0,0.7863225734010819,10
2021-05-04,rb1s,0,0.34428508461218255,10
2021-05-05,rb1s,1,0.41309812133736473,10
2021-05-05,cl1s,0,0.7350597104438873,10
2021-05-06,rb1s,1,0.4486512241209504,10
2021-05-07,rb1s,1,0.4904305913395558,10
2021-05-10,rb1s,1,0.5931290331001247,10
2021-05-11,rb1s,1,0.5301779650609516,10
2021-05-12,rb1s,1,0.5302580787789752,10
2021-05-12,cl1s,1,0.7148572618772927,10
2021-05-13,rb1s,1,0.566489930758762,10
2021-05-14,rb1s,1,0.49912046646351266,10
2021-05-14,cl1s,1,0.5284449652265192,10
2021-05-17,cl1s,1,0.6511805984228146,10
2021-05-17,rb1s,1,0.4716929950682995,10
2021-05-18,rb1s,1,0.4396178307084475,10
2021-05-19,rb1s,1,0.5829083268749853,10
2021-05-19,cl1s,1,0.6282852914182775,10
2021-05-20,cl1s,1,0.7462397284549371,10
2021-05-20,rb1s,1,0.7091454002342527,10
2021-05-21,cl1s,1,0.728229692285675,10
2021-05-21,rb1s,1,0.6485278902464888,10
2021-05-24,cl1s,1,0.6952648748907733,10
2021-05-24,rb1s,0,0.6271299181495271,10
2021-05-25,cl1s,1,0.7325985694168162,10
2021-05-25,rb1s,0,0.5204167845422369,10
2021-05-26,rb1s,0,0.3145834263964183,10
2021-05-26,cl1s,1,0.679727392097559,10
2021-05-27,cl1s,1,0.6574642173132672,10
2021-05-27,rb1s,0,0.22457799186417401,10
2021-05-28,cl1s,1,0.6832264180852797,10
2021-05-28,rb1s,0,0.29540415957475913,10
2021-06-01,cl1s,1,0.6481191365167079,10
2021-06-01,rb1s,0,0.29538787815343376,10
2021-06-02,cl1s,1,0.6149727783968354,10
2021-06-02,rb1s,1,0.1978775181898151,10
2021-06-03,cl1s,1,0.5783998253769755,10
2021-06-03,rb1s,1,0.212657599638592,10
2021-06-04,rb1s,1,0.31991376403274896,10
2021-06-04,cl1s,1,0.597228290176107,10
2021-06-07,cl1s,1,0.6914918037871534,10
2021-06-07,rb1s,0,0.4125892930350295,10
2021-06-08,rb1s,0,0.2819687514161397,10
2021-06-08,cl1s,1,0.6735556069118298,10
2021-06-09,rb1s,0,0.4114178740440838,10
2021-06-09,cl1s,1,0.7186594623312177,10
2021-06-10,rb1s,0,0.3596959213874273,10
2021-06-10,cl1s,1,0.5888763878286125,10
2021-06-11,rb1s,0,0.5275461837757086,10
2021-06-14,rb1s,0,0.6233930187898502,10
2021-06-15,rb1s,0,0.5441827259224814,10
2021-06-15,cl1s,1,0.7825350068610859,10
2021-06-16,rb1s,0,0.5498252784626256,10
2021-06-16,cl1s,1,0.800636858074113,10
2021-06-17,rb1s,0,0.6446598097866402,10
2021-06-17,cl1s,1,0.6931046281708957,10
2021-06-17,ho1s,1,0.3489279277307154,10
2021-06-18,cl1s,1,0.41402105913948306,10
2021-06-18,rb1s,0,0.48885056736955496,10
2021-06-21,rb1s,0,0.5058306859069276,10
2021-06-21,cl1s,1,0.41614479379955716,10
2021-06-22,rb1s,1,0.26595881169133095,10
2021-06-22,cl1s,0,0.3869062277848209,10
2021-06-23,rb1s,1,0.20469692199325568,10
2021-06-24,rb1s,0,0.17461336239861103,10
2021-06-24,cl1s,1,0.32790491023162815,10
2021-06-25,rb1s,0,0.3526710507143087,10
2020-08-10,rb1s,1,0.854040167931143,11
2020-08-11,rb1s,1,0.9041062281156509,11
2020-08-12,rb1s,1,0.7495252912072689,11
2020-08-13,rb1s,1,0.7479392668183784,11
2020-08-14,rb1s,1,0.6965180694121581,11
2020-08-17,rb1s,1,0.6847474820969469,11
2020-08-18,rb1s,1,0.8730257998198948,11
2020-08-19,rb1s,0,0.8711358356385424,11
2020-08-20,rb1s,0,0.8270516113987736,11
2020-08-21,rb1s,0,0.8580679891951979,11
2020-08-21,cl1s,0,0.7561776874528329,11
2020-08-24,cl1s,0,0.8777270280112411,11
2020-08-24,rb1s,0,0.5532726633872517,11
2020-08-25,cl1s,0,0.8820896289988784,11
2020-08-25,rb1s,0,0.5476751497190848,11
2020-08-26,rb1s,0,0.6780911152278383,11
2020-08-26,cl1s,0,0.9085582642501496,11
2020-08-27,rb1s,0,0.8898765554748689,11
2020-08-28,rb1s,0,0.8303915516694328,11
2020-08-31,rb1s,0,0.9528541805865823,11
2020-09-01,rb1s,0,0.9618091724518995,11
2020-09-01,cl1s,0,0.9677167077522644,11
2020-09-02,cl1s,0,0.9165517920664814,11
2020-09-02,rb1s,0,0.9211392307109921,11
2020-09-03,rb1s,0,0.8970590243613679,11
2020-09-04,rb1s,0,0.8805170830559612,11
2020-09-08,ho1s,1,0.948272656737581,11
2020-09-08,rb1s,1,0.8176077634574223,11
2020-09-09,rb1s,1,0.7212154184430375,11
2020-09-10,rb1s,1,0.6292372167258554,11
2020-09-11,rb1s,1,0.7301784980199065,11
2020-09-14,rb1s,1,0.8791999844701208,11
2020-09-15,rb1s,1,0.8344067843952183,11
2020-09-16,rb1s,1,0.8929405212156069,11
2020-09-16,cl1s,0,0.858873343211033,11
2020-09-17,rb1s,0,0.7591358820151924,11
2020-09-18,rb1s,0,0.8250470558442735,11
2020-09-21,rb1s,1,0.42143555622531054,11
2020-09-21,cl1s,0,0.3951075209853794,11
2020-09-21,ho1s,1,0.5974036406843242,11
2020-09-22,rb1s,1,0.697743251178116,11
2020-09-22,ho1s,1,0.46641708590363795,11
2020-09-22,cl1s,1,0.3398878288153299,11
2020-09-23,rb1s,1,0.4621875026911857,11
2020-09-23,ho1s,1,0.7533418041882388,11
2020-09-23,cl1s,1,0.32428512330012543,11
2020-09-24,cl1s,1,0.4358225243695599,11
2020-09-24,ho1s,1,0.7595358885004605,11
2020-09-24,ng1s,1,0.9156316311523934,11
2020-09-24,rb1s,1,0.38993948387694627,11
2020-09-25,rb1s,1,0.589000095237387,11
2020-09-25,cl1s,1,0.45425429897255803,11
2020-09-25,ho1s,1,0.6830201540930204,11
2020-09-28,rb1s,0,0.47511632569295065,11
2020-09-28,cl1s,0,0.5397319913772705,11
2020-09-29,ho1s,1,0.8344238162153431,11
2020-09-29,cl1s,1,0.8510801754430652,11
2020-09-29,rb1s,1,0.5867568797847627,11
2020-09-30,rb1s,1,0.7349147667784732,11
2020-09-30,cl1s,1,0.6982929630609427,11
2020-09-30,ho1s,1,0.4991845844028651,11
2020-10-01,cl1s,1,0.8197678751960416,11
2020-10-01,ho1s,1,0.8128278672928063,11
2020-10-01,rb1s,1,0.5809252551992854,11
2020-10-02,ho1s,1,0.9581467164442504,11
2020-10-02,cl1s,1,0.8670034672466623,11
2020-10-02,rb1s,1,0.6296314176106,11
2020-10-05,rb1s,0,0.4756557273286229,11
2020-10-05,cl1s,1,0.6743156519040386,11
2020-10-06,rb1s,0,0.2777534099396791,11
2020-10-07,cl1s,0,0.2930324880017623,11
2020-10-07,rb1s,0,0.5099044842458083,11
2020-10-08,cl1s,0,0.725423163550962,11
2020-10-08,rb1s,0,0.6900491092992251,11
2020-10-09,ng1s,0,0.7068332816147422,11
2020-10-09,rb1s,0,0.7191695631061964,11
2020-10-09,cl1s,0,0.9012457421414488,11
2020-10-12,rb1s,0,0.9195685957143361,11
2020-10-12,ng1s,0,0.6435443289009265,11
2020-10-12,cl1s,0,0.8884551725522027,11
2020-10-13,cl1s,0,0.6964989647219203,11
2020-10-13,rb1s,0,0.896415418226751,11
2020-10-13,ng1s,0,0.5338033218102404,11
2020-10-14,cl1s,0,0.7856483353587239,11
2020-10-14,rb1s,0,0.9372840745654667,11
2020-10-14,ng1s,0,0.8731518222749106,11
2020-10-15,cl1s,0,0.8166447924166597,11
2020-10-15,rb1s,0,0.9080069270661724,11
2020-10-16,cl1s,0,0.8527207531328844,11
2020-10-16,rb1s,0,0.9485643359321482,11
2020-10-19,rb1s,0,0.9539134521299282,11
2020-10-19,cl1s,0,0.7816136737116317,11
2020-10-20,rb1s,0,0.9663250713660314,11
2020-10-20,cl1s,0,0.7907883374148192,11
2020-10-21,rb1s,0,0.963258089340366,11
2020-10-21,cl1s,0,0.9508764745955086,11
2020-10-22,rb1s,0,0.9702662882865631,11
2020-10-22,cl1s,0,0.9673383614959958,11
2020-10-23,ho1s,0,0.8616267616729953,11
2020-10-23,cl1s,0,0.939586400432442,11
2020-10-23,rb1s,0,0.9683777481487492,11
2020-10-26,ng1s,1,0.5974615900835831,11
2020-10-26,ho1s,1,0.8157505374686433,11
2020-10-26,cl1s,1,0.9212020758351603,11
2020-10-26,rb1s,1,0.9612456309737231,11
2020-10-27,rb1s,0,0.9096748576133052,11
2020-10-27,ng1s,1,0.2899521248850178,11
2020-10-27,ho1s,1,0.7551621036060927,11
2020-10-27,cl1s,0,0.9970781734172672,11
2020-10-28,rb1s,1,0.9069979102811017,11
2020-10-28,cl1s,1,0.8759004691761444,11
2020-10-29,cl1s,1,0.9347293754216782,11
2020-10-29,rb1s,1,0.7734181264578369,11
2020-10-29,ho1s,1,0.9455973764517381,11
2020-10-30,ho1s,1,0.9428474856583197,11
2020-10-30,rb1s,1,0.8268905345275085,11
2020-10-30,cl1s,1,0.9560968119902851,11
2020-11-02,cl1s,1,0.84777358527616,11
2020-11-02,rb1s,1,0.87131310252158,11
2020-11-03,cl1s,1,0.7981172072611816,11
2020-11-03,rb1s,1,0.8054898407442169,11
2020-11-04,cl1s,1,0.4992681130656166,11
2020-11-04,rb1s,1,0.5072839866753892,11
2020-11-05,rb1s,1,0.43206602801069666,11
2020-11-05,cl1s,1,0.8360161406331644,11
2020-11-06,cl1s,1,0.8131622855769479,11
2021-06-25,cl1s,1,0.6751661575347755,11
2021-06-28,rb1s,0,0.20300426902451219,11
2021-06-28,ho1s,1,0.5950959122175492,11
2021-06-28,cl1s,1,0.9424772903934262,11
2021-06-29,rb1s,0,0.11526901248058902,11
2021-06-29,cl1s,1,0.9114476097499667,11
2021-06-29,ho1s,1,0.5638432565988212,11
2021-06-30,cl1s,0,0.8089054157932984,11
2021-06-30,rb1s,0,0.10906359150945721,11
2021-07-01,cl1s,0,0.4789683751494078,11
2021-07-01,rb1s,1,0.09657147247656384,11
2021-07-02,rb1s,1,0.098392798670983,11
2021-07-02,cl1s,0,0.8105204859715511,11
2021-07-06,rb1s,1,0.15852728841715338,11
2021-07-06,cl1s,0,0.8583761647365973,11
2021-07-07,rb1s,0,0.1087109776414034,11
2021-07-07,ho1s,0,0.5658663258726486,11
2021-07-07,cl1s,0,0.8710022391624369,11
2021-07-08,rb1s,0,0.05710010028739335,11
2021-07-08,ho1s,0,0.21997031000201686,11
2021-07-08,cl1s,0,0.8178823529761617,11
2021-07-09,cl1s,0,0.7657808686560212,11
2021-07-09,rb1s,1,0.09092575996002847,11
2021-07-12,cl1s,0,0.8659691802286501,11
2021-07-12,rb1s,1,0.15337263213299518,11
2021-07-13,cl1s,0,0.8911170633878865,11
2021-07-13,rb1s,1,0.3150860377413316,11
2021-07-14,rb1s,1,0.3069358568019523,11
2021-07-14,cl1s,0,0.9055379398584584,11
2021-07-15,rb1s,0,0.25288338289360823,11
2021-07-15,cl1s,0,0.9487578079636774,11
2021-07-16,cl1s,0,0.8016057633234043,11
2021-07-16,rb1s,0,0.15654739799240366,11
2021-07-19,rb1s,1,0.2222094950354022,11
2021-07-19,cl1s,1,0.8365718533438601,11
2021-07-20,rb1s,1,0.15377750171691743,11
2021-07-20,cl1s,1,0.705737061989496,11
2021-07-21,rb1s,1,0.13514559190514183,11
2021-07-21,cl1s,0,0.664768772171353,11
2021-07-22,rb1s,1,0.3202104546185862,11
2021-07-22,cl1s,0,0.529784907556771,11
2021-07-23,cl1s,0,0.5209646606025169,11
2021-07-23,rb1s,0,0.1407345145035897,11
2021-07-26,rb1s,0,0.3367931121629601,11
2021-07-26,cl1s,0,0.7181691906696934,11
2021-07-27,rb1s,0,0.1707885059071038,11
2021-07-27,cl1s,0,0.7093497527402806,11
2021-07-28,cl1s,0,0.7375654075136752,11
2021-07-28,rb1s,1,0.09241847848027634,11
2021-07-29,cl1s,0,0.4130457670729001,11
2021-07-29,rb1s,0,0.06708545259211747,11
2021-07-30,cl1s,0,0.4608345562906622,11
2021-07-30,rb1s,0,0.07529723054445227,11
2021-08-02,rb1s,0,0.2648440622091804,11
2021-08-02,cl1s,0,0.6742712837666036,11
2021-08-03,cl1s,0,0.8430778589464165,11
2021-08-03,rb1s,0,0.2569669922960268,11
2021-08-04,cl1s,0,0.79253138177702,11
2021-08-04,rb1s,0,0.2972347048998528,11
2021-08-05,rb1s,0,0.2120754920351229,11
2021-08-05,cl1s,0,0.716032617748178,11
2021-08-06,rb1s,0,0.7465019833326778,11
2021-08-06,cl1s,0,0.8892049565017532,11
2021-08-09,cl1s,0,0.823266905461899,11
2021-08-09,rb1s,0,0.7197276291451266,11
2021-08-10,rb1s,0,0.7219816875129951,11
2021-08-10,cl1s,0,0.8487383593713304,11
2021-08-11,cl1s,0,0.9053598936127272,11
2021-08-11,rb1s,0,0.6837894142312403,11
2021-08-12,cl1s,0,0.92006770866911,11
2021-08-12,rb1s,0,0.7473620894572972,11
2021-08-13,rb1s,0,0.26452796032317083,11
2021-08-13,cl1s,1,0.8951263015076686,11
2021-08-16,rb1s,0,0.6458044724266061,11
2021-08-16,cl1s,1,0.8853885097078705,11
2021-08-17,cl1s,1,0.7089294711485137,11
2021-08-17,rb1s,1,0.6724414826013722,11
2021-08-18,cl1s,1,0.47888486078789644,11
2021-08-18,rb1s,1,0.783448291676228,11
2021-08-19,cl1s,1,0.41661055206940684,11
2021-08-19,rb1s,1,0.5423426798831561,11
2021-08-20,cl1s,1,0.5701665501670669,11
2021-08-20,rb1s,1,0.571343890011404,11
2021-08-23,cl1s,1,0.6203978518976562,11
2021-08-23,rb1s,1,0.5602125466004332,11
2021-08-24,rb1s,1,0.47975552792246967,11
2021-08-24,cl1s,1,0.7600646541156517,11
2021-08-25,rb1s,0,0.7767122722505346,11
2021-08-25,cl1s,0,0.7969719312842978,11
2021-08-26,cl1s,1,0.8318310057422218,11
2021-08-26,rb1s,1,0.4659457178418248,11
2021-08-27,cl1s,1,0.7488022572989497,11
2021-08-27,rb1s,1,0.4793308157055533,11
2021-08-30,rb1s,1,0.7007134213228859,11
2021-08-30,cl1s,1,0.7392410217693764,11
2021-08-31,cl1s,1,0.7741028303128429,11
2021-08-31,rb1s,1,0.4472453261427485,11
2021-09-01,rb1s,1,0.4769729439779309,11
2021-09-01,cl1s,1,0.5231629263091468,11
2021-09-02,rb1s,1,0.4513813359065372,11
2021-09-02,cl1s,1,0.43566979086943813,11
2021-09-03,cl1s,1,0.9201947334147391,11
2021-09-03,rb1s,0,0.7111890631281724,11
2021-09-07,rb1s,0,0.738743985483985,11
2021-09-07,cl1s,1,0.8264193506198984,11
2021-09-08,rb1s,0,0.70170241603835,11
2021-09-08,cl1s,1,0.7993705709363298,11
2021-09-09,rb1s,1,0.5734869349830962,11
2021-09-09,cl1s,1,0.7799022336488901,11
2021-09-10,rb1s,1,0.6026151364630697,11
2021-09-10,cl1s,1,0.6922832950634928,11
2021-09-13,cl1s,1,0.7669046647670031,11
2021-09-13,rb1s,1,0.6628916201095771,11
2021-09-14,rb1s,1,0.5491041642501866,11
2021-09-14,cl1s,1,0.8144185331387679,11
2021-09-15,rb1s,1,0.5723252004329985,11
2021-09-15,cl1s,1,0.9189983351616046,11
2021-09-16,rb1s,1,0.5609057932382393,11
2021-09-16,cl1s,1,0.8101298142601989,11
2021-09-17,cl1s,1,0.6986023639060374,11
2021-09-17,rb1s,1,0.33789509833338754,11
2021-09-20,cl1s,1,0.5270846290627142,11
2021-09-20,rb1s,1,0.4251928031458996,11
2021-09-21,rb1s,1,0.7607604849536247,11
2021-09-21,cl1s,1,0.6411771756810768,11
2021-09-22,cl1s,1,0.3971308482377277,11
2021-09-22,rb1s,1,0.5665942991699369,11
2021-09-23,rb1s,0,0.06663340485883663,11
2021-09-24,rb1s,1,0.43200449696443916,11
2021-09-27,rb1s,1,0.30962560360661334,11
2021-09-28,rb1s,1,0.21003060391939032,11
2020-11-06,rb1s,1,0.41949957553207146,12
2020-11-09,cl1s,1,0.12966127509156422,12
2020-11-09,rb1s,1,0.13230232225579283,12
2020-11-10,cl1s,1,0.11755169800826908,12
2020-11-10,rb1s,1,0.03701955122704107,12
2020-11-11,rb1s,1,0.10276397078900075,12
2020-11-11,cl1s,1,0.1284419110915629,12
2020-11-12,rb1s,1,0.11191873001932924,12
2020-11-12,cl1s,1,0.0949271801412415,12
2020-11-13,cl1s,1,0.1454467318617274,12
2020-11-13,rb1s,1,0.24011597661096215,12
2020-11-16,rb1s,1,0.18268181642682726,12
2020-11-16,cl1s,1,0.12446487160095128,12
2020-11-17,rb1s,1,0.2540931635215786,12
2020-11-17,cl1s,1,0.08903873376482167,12
2020-11-18,rb1s,1,0.08289622399176111,12
2020-11-18,cl1s,1,0.06652722755031817,12
2020-11-19,rb1s,1,0.14996121306495785,12
2020-11-19,cl1s,1,0.08413697626267626,12
2020-11-20,rb1s,1,0.11130773412597375,12
2020-11-20,cl1s,1,0.10254565163083647,12
2020-11-23,rb1s,1,0.09973144262725733,12
2020-11-23,cl1s,1,0.14840247554899155,12
2020-11-24,cl1s,1,0.0866032388082076,12
2020-11-24,rb1s,1,0.08650527502740946,12
2020-11-25,rb1s,1,0.35150000032380707,12
2020-11-27,rb1s,1,0.07307190834025229,12
2020-11-30,rb1s,1,0.15098162877175458,12
2020-12-01,rb1s,1,0.22634785891390494,12
2020-12-01,cl1s,1,0.07271518278738445,12
2020-12-02,rb1s,1,0.2547414818480746,12
2020-12-02,cl1s,1,0.07988399481891101,12
2020-12-03,rb1s,1,0.2564280002500262,12
2020-12-03,cl1s,1,0.07753413541717646,12
2020-12-04,rb1s,1,0.16063385334753555,12
2020-12-04,cl1s,1,0.05294448308680674,12
2020-12-07,rb1s,1,0.11838069550727134,12
2020-12-07,cl1s,1,0.05921993430404213,12
2020-12-08,cl1s,1,0.05112787482861869,12
2020-12-08,rb1s,1,0.08716053634436102,12
2020-12-09,cl1s,1,0.04916259914617872,12
2020-12-09,rb1s,1,0.06771356521560269,12
2020-12-10,rb1s,1,0.04042394632992478,12
2020-12-11,rb1s,1,0.042032694818919164,12
2020-12-11,cl1s,1,0.11031777949954336,12
2020-12-14,rb1s,1,0.06692488381128525,12
2020-12-15,rb1s,1,0.053792243849142836,12
2020-12-16,rb1s,1,0.04922386916512047,12
2020-12-17,rb1s,0,0.03899644779586581,12
2020-12-18,rb1s,1,0.037814868809053256,12
2020-12-18,ho1s,0,0.02140746418773386,12
2020-12-21,ho1s,0,0.048945446782916645,12
2020-12-21,rb1s,1,0.10285759129413487,12
2020-12-22,rb1s,1,0.10586699654538952,12
2020-12-23,rb1s,1,0.16062888115453894,12
2020-12-24,rb1s,1,0.07345572993380475,12
2020-12-28,rb1s,1,0.1278002938915368,12
2020-12-29,rb1s,1,0.14469532144760966,12
2020-12-30,rb1s,1,0.1240949271467123,12
2020-12-31,rb1s,1,0.0834217657503494,12
2021-01-04,ho1s,1,0.33123189045953527,12
2021-01-04,rb1s,1,0.21394632972125488,12
2021-01-04,cl1s,1,0.32709522181010814,12
2021-01-05,rb1s,1,0.25098119308456684,12
2021-01-05,cl1s,1,0.17780160569414505,12
2021-01-06,rb1s,0,0.27703901381183593,12
2021-01-06,cl1s,1,0.23750366624389674,12
2021-01-07,rb1s,0,0.08227217010471448,12
2021-01-07,cl1s,1,0.24576486467528633,12
2021-01-08,rb1s,0,0.2688375981792659,12
2021-01-08,cl1s,1,0.31715773656974144,12
2021-01-11,rb1s,0,0.5306266202880943,12
2021-01-11,cl1s,1,0.5890457937829869,12
2021-01-12,rb1s,0,0.5948672044888327,12
2021-01-13,rb1s,0,0.6085590303944859,12
2021-01-14,rb1s,1,0.41716931210982794,12
2021-01-15,rb1s,0,0.3002449957830364,12
2021-01-15,cl1s,1,0.17003506737978988,12
2021-01-19,cl1s,1,0.1704735877523981,12
2021-01-19,rb1s,0,0.25744790665422096,12
2021-01-20,cl1s,1,0.11719378098946293,12
2021-01-20,rb1s,0,0.10836188256614226,12
2021-01-21,cl1s,1,0.16238802435954794,12
2021-01-21,rb1s,0,0.09684886886710295,12
2021-01-22,rb1s,0,0.1576155609060101,12
2021-01-25,rb1s,0,0.2568579516109404,12
2021-01-26,rb1s,0,0.10114433954648151,12
2021-01-27,rb1s,0,0.055907793468482854,12
2021-01-28,rb1s,0,0.037566965965354984,12
2021-01-29,rb1s,0,0.27292962910237273,12
2021-02-01,rb1s,0,0.12547665216689946,12
2021-02-02,rb1s,0,0.267410381522661,12
2021-02-03,rb1s,0,0.05737789625951254,12
2021-02-04,rb1s,0,0.06814752025210309,12
2021-02-04,cl1s,0,0.029235344194874502,12
2021-02-05,rb1s,0,0.06883472597339564,12
2021-02-05,cl1s,0,0.01893826493135097,12
2021-02-08,rb1s,0,0.06436747730317538,12
2021-02-08,cl1s,0,0.04266925630421657,12
2021-02-09,rb1s,0,0.15140668547531394,12
2021-02-09,cl1s,0,0.08247195632243666,12
2021-02-10,cl1s,0,0.10233387960377509,12
2021-02-10,rb1s,0,0.41187905023022797,12
2021-02-11,cl1s,0,0.06882383887051127,12
2021-02-11,rb1s,0,0.3851917484386276,12
2021-02-12,rb1s,0,0.2775311552121319,12
2021-02-12,cl1s,0,0.16773462007839376,12
2021-02-16,cl1s,0,0.10784120115870753,12
2021-02-16,ng1s,1,0.002654122423022702,12
2021-02-16,rb1s,0,0.09780013214384374,12
2021-02-17,rb1s,0,0.10592290489661907,12
2021-02-17,cl1s,0,0.04015121734261197,12
2021-02-18,rb1s,0,0.14015513585126838,12
2021-02-18,cl1s,0,0.049880303763138976,12
2021-02-19,cl1s,0,0.06318597809819768,12
2021-02-19,rb1s,0,0.07848457193139105,12
2021-02-22,cl1s,0,0.020994526302400434,12
2021-02-22,rb1s,0,0.05695525130363754,12
2021-02-23,rb1s,0,0.07296262695079546,12
2021-02-23,cl1s,0,0.028969276351937696,12
2021-02-24,cl1s,0,0.008817828243118163,12
2021-02-24,rb1s,0,0.04659734458460867,12
2021-02-25,cl1s,0,0.006168124335101188,12
2021-02-25,rb1s,0,0.018553058209577016,12
2021-02-26,rb1s,0,0.04750857060327393,12
2021-03-01,rb1s,0,0.1595628876593148,12
2021-03-02,rb1s,0,0.0508307849681429,12
2021-03-03,rb1s,0,0.06265378631962329,12
2021-03-04,rb1s,0,0.06294465405106615,12
2021-03-05,cl1s,1,0.016306852758367987,12
2021-03-05,rb1s,1,0.07123438303665648,12
2021-03-08,rb1s,1,0.0944273835863558,12
2021-03-08,cl1s,1,0.01847555583236749,12
2021-03-09,rb1s,1,0.2225201594638284,12
2021-03-10,rb1s,1,0.07570845484526334,12
2021-03-11,rb1s,1,0.06369322479561651,12
2021-03-12,rb1s,1,0.04830518032303158,12
2021-03-15,rb1s,1,0.125564133356813,12
2021-03-16,rb1s,1,0.11793788803541042,12
2021-03-17,rb1s,1,0.12601264545987115,12
2021-03-18,rb1s,1,0.2935100186653677,12
2021-03-19,rb1s,1,0.7069898877698662,12
2021-03-22,rb1s,1,0.819352127222209,12
2021-03-23,rb1s,0,0.8763179134351458,12
2021-03-24,rb1s,0,0.3792705085994406,12
2021-03-25,rb1s,1,0.6007065103923291,12
2021-03-26,rb1s,1,0.3093663401538437,12
2021-03-29,rb1s,1,0.1972149024245401,12
2021-03-30,rb1s,0,0.12529427306486324,12
2021-03-31,rb1s,0,0.19601709020523678,12
2021-04-01,rb1s,0,0.1477200291768347,12
2021-04-05,rb1s,0,0.7608720597863139,12
2021-04-06,rb1s,0,0.7272507275537431,12
2021-04-07,rb1s,0,0.8128557670880588,12
2021-04-08,rb1s,0,0.7774284879406737,12
2021-04-09,rb1s,0,0.9306453665446899,12
2021-04-12,rb1s,0,0.8858432481668961,12
2021-04-13,rb1s,0,0.8402991727092546,12
2021-04-14,rb1s,0,0.7577092765430284,12
2021-04-15,cl1s,1,0.8982488381115427,12
2021-04-15,rb1s,0,0.7211855967932268,12
2021-04-16,cl1s,1,0.7655870004343026,12
2021-04-16,rb1s,0,0.5044866344356639,12
2021-04-19,cl1s,1,0.8236024686826224,12
2021-04-19,rb1s,0,0.6655810881850898,12
2021-04-20,rb1s,0,0.7800553461143245,12
2021-04-20,cl1s,1,0.6738449059775065,12
2021-04-21,rb1s,0,0.8201263844985837,12
2021-04-21,cl1s,1,0.8793996483459546,12
2021-04-22,rb1s,0,0.7985042480369453,12
2021-04-22,cl1s,1,0.9195626170862764,12
2021-04-23,rb1s,0,0.8502090669998265,12
2021-04-23,cl1s,1,0.8040494999790905,12
2021-04-26,cl1s,1,0.8506844962521292,12
2021-04-26,rb1s,0,0.8807575474866913,12
2021-04-27,cl1s,1,0.7486996849687173,12
2021-04-27,rb1s,0,0.8850038672471792,12
2021-04-28,cl1s,1,0.44875153535912954,12
2021-04-28,rb1s,0,0.782199780184544,12
2021-04-29,rb1s,1,0.7938261947033242,12
2021-04-29,cl1s,0,0.65208893819849,12
2021-04-30,cl1s,1,0.8308661138415784,12
2021-04-30,rb1s,0,0.8057920723693388,12
2021-05-03,cl1s,1,0.8545375916846107,12
2021-05-03,rb1s,1,0.8846610461110768,12
2021-05-04,cl1s,0,0.8208278847971706,12
2021-05-04,rb1s,0,0.7347479731286478,12
2021-05-05,rb1s,1,0.7603912842392895,12
2021-05-05,cl1s,0,0.823395942069736,12
2021-05-06,rb1s,1,0.7179920986928491,12
2021-05-07,rb1s,1,0.819231628282808,12
2021-05-10,rb1s,1,0.7873804135290711,12
2021-05-11,rb1s,1,0.6365627015776177,12
2021-05-12,rb1s,1,0.3945802959177875,12
2021-05-12,cl1s,1,0.6160881725293198,12
2021-05-13,rb1s,1,0.7644695281657791,12
2021-05-14,rb1s,1,0.30086687724165967,12
2021-05-14,cl1s,1,0.17442914677973148,12
2021-05-17,cl1s,1,0.1475772819565872,12
2021-05-17,rb1s,1,0.19569273000333545,12
2021-05-18,rb1s,1,0.21560433579167995,12
2021-05-19,rb1s,1,0.4517874029116486,12
2021-05-19,cl1s,1,0.20016523452185528,12
2021-05-20,cl1s,1,0.5574732788859073,12
2021-05-20,rb1s,1,0.8655768214480644,12
2021-05-21,cl1s,1,0.3000056214337981,12
2021-05-21,rb1s,1,0.6598818985442627,12
2021-05-24,cl1s,1,0.13929626710711115,12
2021-05-24,rb1s,0,0.4522208864291539,12
2021-05-25,cl1s,1,0.17563006155009983,12
2021-05-25,rb1s,0,0.4023138471024581,12
2021-05-26,rb1s,0,0.24069559796332615,12
2021-05-26,cl1s,1,0.07358323150413411,12
2021-05-27,cl1s,1,0.0832683422755708,12
2021-05-27,rb1s,0,0.10325496238979975,12
2021-05-28,cl1s,1,0.1320286099471616,12
2021-05-28,rb1s,0,0.22191566803413473,12
2021-06-01,cl1s,1,0.12023283961024296,12
2021-06-01,rb1s,0,0.25270473749526084,12
2021-06-02,cl1s,1,0.1279764527606281,12
2021-06-02,rb1s,1,0.37977855063878063,12
2021-06-03,cl1s,1,0.14401162892696767,12
2021-06-03,rb1s,1,0.2972191289477474,12
2021-06-04,rb1s,1,0.6924207980546287,12
2021-06-04,cl1s,1,0.4613186437837062,12
2021-06-07,cl1s,1,0.5937563895418946,12
2021-06-07,rb1s,0,0.7788792841793835,12
2021-06-08,rb1s,0,0.7762329921997022,12
2021-06-08,cl1s,1,0.5129362546359075,12
2021-06-09,rb1s,0,0.7922002530808843,12
2021-06-09,cl1s,1,0.4745816350895878,12
2021-06-10,rb1s,0,0.8596149876415193,12
2021-06-10,cl1s,1,0.6879554091654593,12
2021-06-11,rb1s,0,0.7646450398894293,12
2021-06-14,rb1s,0,0.754880160165587,12
2021-06-15,rb1s,0,0.7855802841652475,12
2021-06-15,cl1s,1,0.8861703943543672,12
2021-06-16,rb1s,0,0.9341286836690256,12
2021-06-16,cl1s,1,0.9050220394894196,12
2021-06-17,rb1s,0,0.9355982320262245,12
2021-06-17,cl1s,1,0.8419203938625371,12
2021-06-17,ho1s,1,0.7461204839640486,12
2021-06-18,cl1s,1,0.4040935989520058,12
2021-06-18,rb1s,0,0.6502984165698122,12
2021-06-21,rb1s,0,0.7448377930773423,12
2021-06-21,cl1s,1,0.41074404116399227,12
2021-06-22,rb1s,1,0.5465606089408526,12
2021-06-22,cl1s,0,0.4362098464870293,12
2021-06-23,rb1s,1,0.6524224827042736,12
2021-06-24,rb1s,0,0.6045581376549815,12
2021-06-24,cl1s,1,0.20175979143123154,12
2021-06-25,rb1s,0,0.493746675731258,12
2020-11-06,rb1s,1,0.04584364204702179,13
2020-11-09,cl1s,1,0.07783080134953037,13
2020-11-09,rb1s,1,0.037663617132967356,13
2020-11-10,cl1s,1,0.09572736830916746,13
2020-11-10,rb1s,1,0.01659980312054129,13
2020-11-11,rb1s,1,0.04920888108615353,13
2020-11-11,cl1s,1,0.1282873974475119,13
2020-11-12,rb1s,1,0.025579437083775473,13
2020-11-12,cl1s,1,0.12529310936397994,13
2020-11-13,cl1s,1,0.14929125651566205,13
2020-11-13,rb1s,1,0.09372431867775304,13
2020-11-16,rb1s,1,0.08526435612814323,13
2020-11-16,cl1s,1,0.2744653488601071,13
2020-11-17,rb1s,1,0.05952059254795201,13
2020-11-17,cl1s,1,0.12183741126475439,13
2020-11-18,rb1s,1,0.02002081325542845,13
2020-11-18,cl1s,1,0.06077043003909461,13
2020-11-19,rb1s,1,0.03924153256283065,13
2020-11-19,cl1s,1,0.08885857685632478,13
2020-11-20,rb1s,1,0.024179843560483305,13
2020-11-20,cl1s,1,0.08270935133447319,13
2020-11-23,rb1s,1,0.040560030859941865,13
2020-11-23,cl1s,1,0.17720440674251242,13
2020-11-24,cl1s,1,0.12737775367042234,13
2020-11-24,rb1s,1,0.06659658853536253,13
2020-11-25,rb1s,1,0.14083766968873437,13
2020-11-27,rb1s,1,0.2912326615644973,13
2020-11-30,rb1s,1,0.45247718724511304,13
2020-12-01,rb1s,1,0.5404663181994579,13
2020-12-01,cl1s,1,0.5043215281051672,13
2020-12-02,rb1s,1,0.6540808399986412,13
2020-12-02,cl1s,1,0.48490753682315507,13
2020-12-03,rb1s,1,0.555487292756404,13
2020-12-03,cl1s,1,0.36839217658020257,13
2020-12-04,rb1s,1,0.7564998327654995,13
2020-12-04,cl1s,1,0.6600587512966307,13
2020-12-07,rb1s,1,0.6929693983209849,13
2020-12-07,cl1s,1,0.6881146575072735,13
2020-12-08,cl1s,1,0.7019572492984613,13
2020-12-08,rb1s,1,0.7182008096248413,13
2020-12-09,cl1s,1,0.7163027166681525,13
2020-12-09,rb1s,1,0.7189764978269818,13
2020-12-10,rb1s,1,0.5387419934169865,13
2020-12-11,rb1s,1,0.2579978406980799,13
2020-12-11,cl1s,1,0.598983744077805,13
2020-12-14,rb1s,1,0.42869286254670436,13
2020-12-15,rb1s,1,0.44146631278479975,13
2020-12-16,rb1s,1,0.4168583980622215,13
2020-12-17,rb1s,0,0.38570007406008594,13
2020-12-18,rb1s,1,0.45487188479585156,13
2020-12-18,ho1s,0,0.359526133891164,13
2020-12-21,ho1s,0,0.4862836119030173,13
2020-12-21,rb1s,1,0.7711362391139772,13
2020-12-22,rb1s,1,0.7201415780829382,13
2020-12-23,rb1s,1,0.5972843353329643,13
2020-12-24,rb1s,1,0.45791213671498293,13
2020-12-28,rb1s,1,0.4900812944129485,13
2020-12-29,rb1s,1,0.40898033844975473,13
2020-12-30,rb1s,1,0.26153001055462344,13
2020-12-31,rb1s,1,0.2350740735241301,13
2021-01-04,ho1s,1,0.8434563127175947,13
2021-01-04,rb1s,1,0.6427909273221497,13
2021-01-04,cl1s,1,0.8281216970324462,13
2021-01-05,rb1s,1,0.46889011744527337,13
2021-01-05,cl1s,1,0.6422790092710939,13
2021-01-06,rb1s,0,0.5365368962004787,13
2021-01-06,cl1s,1,0.5707778456165375,13
2021-01-07,rb1s,0,0.3123314939991563,13
2021-01-07,cl1s,1,0.7082915258392037,13
2021-01-08,rb1s,0,0.5486786820877512,13
2021-01-08,cl1s,1,0.7464669662471627,13
2021-01-11,rb1s,0,0.7050484918062676,13
2021-01-11,cl1s,1,0.9060351393272571,13
2021-01-12,rb1s,0,0.7069479727590475,13
2021-01-13,rb1s,0,0.6126437691450354,13
2021-01-14,rb1s,1,0.5938899647756274,13
2021-01-15,rb1s,0,0.775773753331897,13
2021-01-15,cl1s,1,0.8071794962328558,13
2021-01-19,cl1s,1,0.7715309107975935,13
2021-01-19,rb1s,0,0.6867409885327632,13
2021-01-20,cl1s,1,0.7051619300896649,13
2021-01-20,rb1s,0,0.54124298169758,13
2021-01-21,cl1s,1,0.6673242203717883,13
2021-01-21,rb1s,0,0.4511553545151507,13
2021-01-22,rb1s,0,0.5406219662056381,13
2021-01-25,rb1s,0,0.7272918697328282,13
2021-01-26,rb1s,0,0.6694206163124778,13
2021-01-27,rb1s,0,0.5443571734650535,13
2021-01-28,rb1s,0,0.6300545854821048,13
2021-01-29,rb1s,0,0.8633543699775994,13
2021-02-01,rb1s,0,0.824292439668059,13
2021-02-02,rb1s,0,0.7616174982111839,13
2021-02-03,rb1s,0,0.6802041655093135,13
2021-02-04,rb1s,0,0.794944918684258,13
2021-02-04,cl1s,0,0.7857727340416671,13
2021-02-05,rb1s,0,0.6691873924328248,13
2021-02-05,cl1s,0,0.7074817267404492,13
2021-02-08,rb1s,0,0.43639860948467774,13
2021-02-08,cl1s,0,0.7759462633406119,13
2021-02-09,rb1s,0,0.3663699937182378,13
2021-02-09,cl1s,0,0.659491950206996,13
2021-02-10,cl1s,0,0.6687709526542619,13
2021-02-10,rb1s,0,0.4788543617421018,13
2021-02-11,cl1s,0,0.6813054333285501,13
2021-02-11,rb1s,0,0.5623349127800574,13
2021-02-12,rb1s,0,0.5577112611664635,13
2021-02-12,cl1s,0,0.7812430705095074,13
2021-02-16,cl1s,0,0.6677643397501628,13
2021-02-16,ng1s,1,0.029682073875583147,13
2021-02-16,rb1s,0,0.7542683450293886,13
2021-02-17,rb1s,0,0.8199921319220965,13
2021-02-17,cl1s,0,0.6379611047303784,13
2021-02-18,rb1s,0,0.8796871295862994,13
2021-02-18,cl1s,0,0.5485083414535235,13
2021-02-19,cl1s,0,0.7204680669547658,13
2021-02-19,rb1s,0,0.8543598626904548,13
2021-02-22,cl1s,0,0.643645071306312,13
2021-02-22,rb1s,0,0.8902679743345098,13
2021-02-23,rb1s,0,0.8692448890550807,13
2021-02-23,cl1s,0,0.5371704489885986,13
2021-02-24,cl1s,0,0.4367686423051881,13
2021-02-24,rb1s,0,0.8903230023489036,13
2021-02-25,cl1s,0,0.5828951912432104,13
2021-02-25,rb1s,0,0.8409956147033223,13
2021-02-26,rb1s,0,0.7983092124516181,13
2021-03-01,rb1s,0,0.9487578898677833,13
2021-06-25,cl1s,1,0.6591446058283489,13
2021-06-28,rb1s,0,0.1446623114373153,13
2021-06-28,ho1s,1,0.827329656641784,13
2021-06-28,cl1s,1,0.8741018564943528,13
2021-06-29,rb1s,0,0.10837872644788812,13
2021-06-29,cl1s,1,0.9087493930340582,13
2021-06-29,ho1s,1,0.8004440555051903,13
2021-06-30,cl1s,0,0.7525692037597904,13
2021-06-30,rb1s,0,0.09082525131456812,13
2021-07-01,cl1s,0,0.5604077685099005,13
2021-07-01,rb1s,1,0.05077673555673247,13
2021-07-02,rb1s,1,0.04655747569577291,13
2021-07-02,cl1s,0,0.5943704701772591,13
2021-07-06,rb1s,1,0.16067622810399942,13
2021-07-06,cl1s,0,0.7160380791701314,13
2021-07-07,rb1s,0,0.13579042816137243,13
2021-07-07,ho1s,0,0.5273025898003254,13
2021-07-07,cl1s,0,0.7260905083618433,13
2021-07-08,rb1s,0,0.035161083038651474,13
2021-07-08,ho1s,0,0.24490929179800536,13
2021-07-08,cl1s,0,0.6436397147493728,13
2021-07-09,cl1s,0,0.6046907977564567,13
2021-07-09,rb1s,1,0.07188726507470754,13
2021-07-12,cl1s,0,0.6914465875453364,13
2021-07-12,rb1s,1,0.0558931487733382,13
2021-07-13,cl1s,0,0.665587119478971,13
2021-07-13,rb1s,1,0.16825808812159168,13
2021-07-14,rb1s,1,0.1012132472958321,13
2021-07-14,cl1s,0,0.6140268447942921,13
2021-07-15,rb1s,0,0.20509503237221424,13
2021-07-15,cl1s,0,0.8671852550121356,13
2021-07-16,cl1s,0,0.6275605075479511,13
2021-07-16,rb1s,0,0.09782227363541542,13
2021-07-19,rb1s,1,0.6380200966437022,13
2021-07-19,cl1s,1,0.9200068819601871,13
2021-07-20,rb1s,1,0.5228058434080302,13
2021-07-20,cl1s,1,0.8380468406489989,13
2021-07-21,rb1s,1,0.37610744569004895,13
2021-07-21,cl1s,0,0.7727493723413883,13
2021-07-22,rb1s,1,0.5358060071719615,13
2021-07-22,cl1s,0,0.7406471340959634,13
2021-07-23,cl1s,0,0.7025493573017496,13
2021-07-23,rb1s,0,0.4388844084600405,13
2021-07-26,rb1s,0,0.6187921050303223,13
2021-07-26,cl1s,0,0.7594893035372793,13
2021-07-27,rb1s,0,0.49213854570515136,13
2021-07-27,cl1s,0,0.7541868453909385,13
2021-07-28,cl1s,0,0.6772514360344364,13
2021-07-28,rb1s,1,0.29040271835251735,13
2021-07-29,cl1s,0,0.36153052486539433,13
2021-07-29,rb1s,0,0.1587410842787662,13
2021-07-30,cl1s,0,0.3837092199363916,13
2021-07-30,rb1s,0,0.14338351926981416,13
2021-08-02,rb1s,0,0.09976228032682868,13
2021-08-02,cl1s,0,0.6389369648179071,13
2021-08-03,cl1s,0,0.8365302014977805,13
2021-08-03,rb1s,0,0.3712807028935064,13
2021-08-04,cl1s,0,0.855671165306685,13
2021-08-04,rb1s,0,0.47269268421625354,13
2021-08-05,rb1s,0,0.3367935729395976,13
2021-08-05,cl1s,0,0.7289366646738257,13
2021-08-06,rb1s,0,0.8640054919754705,13
2021-08-06,cl1s,0,0.9195887483963608,13
2021-08-09,cl1s,0,0.8701077660127022,13
2021-08-09,rb1s,0,0.8791856585658308,13
2021-08-10,rb1s,0,0.8270121309525031,13
2021-08-10,cl1s,0,0.7657940524302284,13
2021-08-11,cl1s,0,0.8261414093883767,13
2021-08-11,rb1s,0,0.7335862344772504,13
2021-08-12,cl1s,0,0.861808110372759,13
2021-08-12,rb1s,0,0.8082742110977651,13
2021-08-13,rb1s,0,0.4213919592973306,13
2021-08-13,cl1s,1,0.8743533104480421,13
2021-08-16,rb1s,0,0.8028941155348345,13
2021-08-16,cl1s,1,0.8555810595342768,13
2021-08-17,cl1s,1,0.7884638714819316,13
2021-08-17,rb1s,1,0.8454438058980991,13
2021-08-18,cl1s,1,0.8172108815808441,13
2021-08-18,rb1s,1,0.9758643351158517,13
2021-08-19,cl1s,1,0.7962800847375708,13
2021-08-19,rb1s,1,0.946377322531829,13
2021-08-20,cl1s,1,0.8434175273148985,13
2021-08-20,rb1s,1,0.8766732096086891,13
2021-08-23,cl1s,1,0.7650928973817995,13
2021-08-23,rb1s,1,0.6630607265350429,13
2021-08-24,rb1s,1,0.7165988667137576,13
2021-08-24,cl1s,1,0.7176338796688747,13
2021-08-25,rb1s,0,0.8344117506872161,13
2021-08-25,cl1s,0,0.6585286765887851,13
2021-08-26,cl1s,1,0.6627030453609314,13
2021-08-26,rb1s,1,0.5398383060308549,13
2021-08-27,cl1s,1,0.5599222968909529,13
2021-08-27,rb1s,1,0.4603974022034029,13
2021-08-30,rb1s,1,0.6298773948276091,13
2021-08-30,cl1s,1,0.5358058469871334,13
2021-08-31,cl1s,1,0.5654725871275708,13
2021-08-31,rb1s,1,0.4740153379396332,13
2021-09-01,rb1s,1,0.4806590637497494,13
2021-09-01,cl1s,1,0.41419329434498475,13
2021-09-02,rb1s,1,0.2692578862574462,13
2021-09-02,cl1s,1,0.1731102636138134,13
2021-09-03,cl1s,1,0.12629422324150222,13
2021-09-03,rb1s,0,0.04994651825570978,13
2021-09-07,rb1s,0,0.17083347032065285,13
2021-09-07,cl1s,1,0.30059019553488525,13
2021-09-08,rb1s,0,0.14661923515238026,13
2021-09-08,cl1s,1,0.21835235926678656,13
2021-09-09,rb1s,1,0.1614485930157662,13
2021-09-09,cl1s,1,0.3010119917194383,13
2021-09-10,rb1s,1,0.4011192907547214,13
2021-09-10,cl1s,1,0.5317053448708574,13
2021-09-13,cl1s,1,0.5740823333778894,13
2021-09-13,rb1s,1,0.4970394565111059,13
2021-09-14,rb1s,1,0.3801859681729169,13
2021-09-14,cl1s,1,0.5919943102499784,13
2021-09-15,rb1s,1,0.3659882738136748,13
2021-09-15,cl1s,1,0.7471880771136178,13
2021-09-16,rb1s,1,0.4666634096607853,13
2021-09-16,cl1s,1,0.7112891831178955,13
2021-09-17,cl1s,1,0.665104343922614,13
2021-09-17,rb1s,1,0.2639661897306243,13
2021-09-20,cl1s,1,0.6048122781371841,13
2021-09-20,rb1s,1,0.456053038715475,13
2021-09-21,rb1s,1,0.7678483601140327,13
2021-09-21,cl1s,1,0.7113928836079989,13
2021-09-22,cl1s,1,0.6335855902968225,13
2021-09-22,rb1s,1,0.7820720722415301,13
2021-09-23,rb1s,0,0.38598958524527704,13
2021-09-24,rb1s,1,0.5684029701445911,13
2021-09-27,rb1s,1,0.38569427801669814,13
2021-09-28,rb1s,1,0.4698283249240904,13
2021-03-02,rb1s,0,0.03638475794613898,14
2021-03-03,rb1s,0,0.024030127588403997,14
2021-03-04,rb1s,0,0.0034211019798634297,14
2021-03-05,cl1s,1,0.013695908724496398,14
2021-03-05,rb1s,1,0.0028280562141537588,14
2021-03-08,rb1s,1,0.003141345258553064,14
2021-03-08,cl1s,1,0.020711425369325884,14
2021-03-09,rb1s,1,0.021142527863857518,14
2021-03-10,rb1s,1,0.0032260042148699,14
2021-03-11,rb1s,1,0.0015390594061715993,14
2021-03-12,rb1s,1,0.0007339862218715378,14
2021-03-15,rb1s,1,0.014879375345228095,14
2021-03-16,rb1s,1,0.020112933931913456,14
2021-03-17,rb1s,1,0.07736762627552166,14
2021-03-18,rb1s,1,0.2225106841252643,14
2021-03-19,rb1s,1,0.3291711608549552,14
2021-03-22,rb1s,1,0.30009086293244575,14
2021-03-23,rb1s,0,0.326351496180384,14
2021-03-24,rb1s,0,0.20286397179496077,14
2021-03-25,rb1s,1,0.44933844398858774,14
2021-03-26,rb1s,1,0.11172422092610146,14
2021-03-29,rb1s,1,0.12144161341458796,14
2021-03-30,rb1s,0,0.08573996611983291,14
2021-03-31,rb1s,0,0.18788354302701477,14
2021-04-01,rb1s,0,0.05766158604939924,14
2021-04-05,rb1s,0,0.3688325826260376,14
2021-04-06,rb1s,0,0.2764544220437987,14
2021-04-07,rb1s,0,0.19239175149203416,14
2021-04-08,rb1s,0,0.23805916101705363,14
2021-04-09,rb1s,0,0.040577494830591095,14
2021-04-12,rb1s,0,0.03264491722681027,14
2021-04-13,rb1s,0,0.012863652424076886,14
2021-04-14,rb1s,0,0.004851151382223291,14
2021-04-15,cl1s,1,0.5524851337586101,14
2021-04-15,rb1s,0,0.000823455822987263,14
2021-04-16,cl1s,1,0.23862951049587605,14
2021-04-16,rb1s,0,0.00015016804850200076,14
2021-04-19,cl1s,1,0.40375963888828287,14
2021-04-19,rb1s,0,0.00027184275967496384,14
2021-04-20,rb1s,0,0.0008169005821014442,14
2021-04-20,cl1s,1,0.4065373865112751,14
2021-04-21,rb1s,0,0.003120101765617324,14
2021-04-21,cl1s,1,0.6596850340143174,14
2021-04-22,rb1s,0,0.0018193316932485087,14
2021-04-22,cl1s,1,0.5021654076086425,14
2021-04-23,rb1s,0,0.0026468598008948115,14
2021-04-23,cl1s,1,0.5053562185309569,14
2021-04-26,cl1s,1,0.5497956483895537,14
2021-04-26,rb1s,0,0.021966067823732578,14
2021-04-27,cl1s,1,0.4754309034034366,14
2021-04-27,rb1s,0,0.005353506404014869,14
2021-04-28,cl1s,1,0.4180109861865313,14
2021-04-28,rb1s,0,0.0011802427431710804,14
2021-04-29,rb1s,1,0.0006767784297935075,14
2021-04-29,cl1s,0,0.2619380185908521,14
2021-04-30,cl1s,1,0.3192001357989955,14
2021-04-30,rb1s,0,0.0009129374835416981,14
2021-05-03,cl1s,1,0.19090176081031165,14
2021-05-03,rb1s,1,0.01802899363321493,14
2021-05-04,cl1s,0,0.21477481718006636,14
2021-05-04,rb1s,0,0.0033320393441299188,14
2021-05-05,rb1s,1,0.00931074508237503,14
2021-05-05,cl1s,0,0.28217440207989974,14
2021-05-06,rb1s,1,0.00373240978170875,14
2021-05-07,rb1s,1,0.015684756828391197,14
2021-05-10,rb1s,1,0.025701204704242583,14
2021-05-11,rb1s,1,0.030379360410125452,14
2021-05-12,rb1s,1,0.007072376729234639,14
2021-05-12,cl1s,1,0.1413066179107818,14
2021-05-13,rb1s,1,0.10059711018603455,14
2021-05-14,rb1s,1,0.019462498219227683,14
2021-05-14,cl1s,1,0.12492963907343718,14
2021-05-17,cl1s,1,0.1582263421012736,14
2021-05-17,rb1s,1,0.0346776357780736,14
2021-05-18,rb1s,1,0.04048912889035189,14
2021-05-19,rb1s,1,0.06796336307653268,14
2021-05-19,cl1s,1,0.33590012804161407,14
2021-05-20,cl1s,1,0.6683492258578723,14
2021-05-20,rb1s,1,0.1828802672776831,14
2021-05-21,cl1s,1,0.4642022505547516,14
2021-05-21,rb1s,1,0.20287845460494294,14
2021-05-24,cl1s,1,0.20156719495088476,14
2021-05-24,rb1s,0,0.14801263881756813,14
2021-05-25,cl1s,1,0.16864749329032083,14
2021-05-25,rb1s,0,0.10443835433720286,14
2021-05-26,rb1s,0,0.02211698375597589,14
2021-05-26,cl1s,1,0.09264201653535317,14
2021-05-27,cl1s,1,0.14528361536408352,14
2021-05-27,rb1s,0,0.005195739794074792,14
2021-05-28,cl1s,1,0.09753209170677646,14
2021-05-28,rb1s,0,0.00517636830521744,14
2021-06-01,cl1s,1,0.20850518127466822,14
2021-06-01,rb1s,0,0.015746101358542552,14
2021-06-02,cl1s,1,0.13123623313052404,14
2021-06-02,rb1s,1,0.00031958797268972724,14
2021-06-03,cl1s,1,0.0686507577898724,14
2021-06-03,rb1s,1,0.00012587865693345694,14
2021-06-04,rb1s,1,0.00025081024243430215,14
2021-06-04,cl1s,1,0.17084231322254234,14
2021-06-07,cl1s,1,0.2802349099416309,14
2021-06-07,rb1s,0,0.0009240421142665264,14
2021-06-08,rb1s,0,0.0009016257246947788,14
2021-06-08,cl1s,1,0.31608384455666444,14
2021-06-09,rb1s,0,0.0008957417866392462,14
2021-06-09,cl1s,1,0.31494986618696386,14
2021-06-10,rb1s,0,0.0022415676823276643,14
2021-06-10,cl1s,1,0.509684690482606,14
2021-06-11,rb1s,0,0.02550639662998829,14
2021-06-14,rb1s,0,0.07583158976042749,14
2021-06-15,rb1s,0,0.011819154766482294,14
2021-06-15,cl1s,1,0.7229103409537886,14
2021-06-16,rb1s,0,0.01584709524669343,14
2021-06-16,cl1s,1,0.6272353061596191,14
2021-06-17,rb1s,0,0.05130116909568362,14
2021-06-17,cl1s,1,0.5903571908555901,14
2021-06-17,ho1s,1,0.3013152985432742,14
2021-06-18,cl1s,1,0.0359879389871693,14
2021-06-18,rb1s,0,0.004456904897643372,14
2021-06-21,rb1s,0,0.010382063191898864,14
2021-06-21,cl1s,1,0.15576885326710127,14
2021-06-22,rb1s,1,0.003127887598997116,14
2021-06-22,cl1s,0,0.1541940247321407,14
2021-06-23,rb1s,1,0.004681416071125826,14
2021-06-24,rb1s,0,0.0019479413042620666,14
2021-06-24,cl1s,1,0.03194945605341942,14
2021-06-25,rb1s,0,0.010718907450439276,14
2021-06-25,cl1s,1,0.08258688873620744,14
2021-06-28,rb1s,0,0.056435474825304144,14
2021-06-28,ho1s,1,0.37827638653691836,14
2021-06-28,cl1s,1,0.2548789028467363,14
2021-06-29,rb1s,0,0.016581318415321733,14
2021-06-29,cl1s,1,0.2701214025879724,14
2021-06-29,ho1s,1,0.3224351755095981,14
2021-06-30,cl1s,0,0.15030095894635453,14
2021-06-30,rb1s,0,0.021185974033955817,14
2021-07-01,cl1s,0,0.08868818300210725,14
2021-07-01,rb1s,1,0.002043574773561544,14
2021-07-02,rb1s,1,0.0010622552386164838,14
2021-07-02,cl1s,0,0.03371277504018883,14
2021-07-06,rb1s,1,0.019294429708851223,14
2021-07-06,cl1s,0,0.15509141607285706,14
2021-07-07,rb1s,0,0.029311092037386306,14
2021-07-07,ho1s,0,0.2099601078434736,14
2021-07-07,cl1s,0,0.2978789898449908,14
2021-07-08,rb1s,0,0.0015350807411905123,14
2021-07-08,ho1s,0,0.031600224918276396,14
2021-07-08,cl1s,0,0.1124297661485947,14
2021-07-09,cl1s,0,0.0853968479923013,14
2021-07-09,rb1s,1,0.0018158248311553684,14
2021-07-12,cl1s,0,0.14991551974334782,14
2021-07-12,rb1s,1,0.0023370398277001263,14
2021-07-13,cl1s,0,0.14525268945495964,14
2021-07-13,rb1s,1,0.003017859018872406,14
2021-07-14,rb1s,1,0.003890383726783348,14
2021-07-14,cl1s,0,0.2025026396661724,14
2021-07-15,rb1s,0,0.011665693640899115,14
2021-07-15,cl1s,0,0.43228835561954915,14
2021-07-16,cl1s,0,0.10035586270484265,14
2021-07-16,rb1s,0,0.0027979257597512447,14
2021-07-19,rb1s,1,0.2713311522196039,14
2021-07-19,cl1s,1,0.943871212094798,14
2021-07-20,rb1s,1,0.2697438546695573,14
2021-07-20,cl1s,1,0.8640299746842854,14
2021-07-21,rb1s,1,0.07078593462349421,14
2021-07-21,cl1s,0,0.6788644926457404,14
2021-07-22,rb1s,1,0.06056981539653006,14
2021-07-22,cl1s,0,0.4350715367839684,14
2021-07-23,cl1s,0,0.29266315166779294,14
2021-07-23,rb1s,0,0.07002647307417642,14
2021-07-26,rb1s,0,0.15036178838573225,14
2021-07-26,cl1s,0,0.5549539213971462,14
2021-07-27,rb1s,0,0.08190883158854102,14
2021-07-27,cl1s,0,0.47425963606456134,14
2021-07-28,cl1s,0,0.2645284943952854,14
2021-07-28,rb1s,1,0.011105103944034167,14
2021-07-29,cl1s,0,0.02858192432965204,14
2021-07-29,rb1s,0,0.0020510935631333567,14
2021-07-30,cl1s,0,0.03299607853289346,14
2021-07-30,rb1s,0,0.0006726414085175316,14
2021-08-02,rb1s,0,0.0022482378723048795,14
2021-08-02,cl1s,0,0.47067900114581884,14
2021-08-03,cl1s,0,0.7433299316497213,14
2021-08-03,rb1s,0,0.05123300701744699,14
2021-08-04,cl1s,0,0.8772587517754343,14
2021-08-04,rb1s,0,0.10137878472816937,14
2021-08-05,rb1s,0,0.0699327773212123,14
2021-08-05,cl1s,0,0.6929889099999462,14
2021-08-06,rb1s,0,0.4117276164273126,14
2021-08-06,cl1s,0,0.8722010790323176,14
2021-08-09,cl1s,0,0.8847357619400541,14
2021-08-09,rb1s,0,0.5626545414503384,14
2021-08-10,rb1s,0,0.6131856018303498,14
2021-08-10,cl1s,0,0.7779178125182324,14
2021-08-11,cl1s,0,0.868892707670131,14
2021-08-11,rb1s,0,0.4328777076926168,14
2021-08-12,cl1s,0,0.7780057579116951,14
2021-08-12,rb1s,0,0.486773120701456,14
2021-08-13,rb1s,0,0.05769355795229084,14
2021-08-13,cl1s,1,0.6874787869311537,14
2021-08-16,rb1s,0,0.5298189119444552,14
2021-08-16,cl1s,1,0.8229067548937613,14
2021-08-17,cl1s,1,0.7211428401221778,14
2021-08-17,rb1s,1,0.7472378297271975,14
2021-08-18,cl1s,1,0.7465984533307111,14
2021-08-18,rb1s,1,0.9340959903836036,14
2021-08-19,cl1s,1,0.8427269087295752,14
2021-08-19,rb1s,1,0.8679695775922958,14
2021-08-20,cl1s,1,0.867162254994276,14
2021-08-20,rb1s,1,0.8104799764751043,14
2021-08-23,cl1s,1,0.822537076843268,14
2021-08-23,rb1s,1,0.62893968230378,14
2021-08-24,rb1s,1,0.5445770515233526,14
2021-08-24,cl1s,1,0.7589624891759017,14
2021-08-25,rb1s,0,0.7682018326730279,14
2021-08-25,cl1s,0,0.6046019430836602,14
2021-08-26,cl1s,1,0.6067764074542826,14
2021-08-26,rb1s,1,0.45173684623659,14
2021-08-27,cl1s,1,0.3380431374446197,14
2021-08-27,rb1s,1,0.23126085296379784,14
2021-08-30,rb1s,1,0.47588499382616023,14
2021-08-30,cl1s,1,0.4057874850982481,14
2021-08-31,cl1s,1,0.5527556938311466,14
2021-08-31,rb1s,1,0.32640796031217406,14
2021-09-01,rb1s,1,0.41740427458461327,14
2021-09-01,cl1s,1,0.43500170400902327,14
2021-09-02,rb1s,1,0.15185477987883175,14
2021-09-02,cl1s,1,0.1402243650417957,14
2021-09-03,cl1s,1,0.08841333353010929,14
2021-09-03,rb1s,0,0.019026145644650588,14
2021-09-07,rb1s,0,0.01754363433645286,14
2021-09-07,cl1s,1,0.039233341144884734,14
2021-09-08,rb1s,0,0.02211004125533808,14
2021-09-08,cl1s,1,0.03158522034403964,14
2021-09-09,rb1s,1,0.020414059465608522,14
2021-09-09,cl1s,1,0.08568083368926244,14
2021-09-10,rb1s,1,0.05157677896159225,14
2021-09-10,cl1s,1,0.05866808836389111,14
2021-09-13,cl1s,1,0.19236934202224618,14
2021-09-13,rb1s,1,0.14617285535628294,14
2021-09-14,rb1s,1,0.16094204107933915,14
2021-09-14,cl1s,1,0.4256450037421207,14
2021-09-15,rb1s,1,0.13818767224362657,14
2021-09-15,cl1s,1,0.5933199868715524,14
2021-09-16,rb1s,1,0.08008488053799162,14
2021-09-16,cl1s,1,0.1670666931697602,14
2021-09-17,cl1s,1,0.1287678830994296,14
2021-09-17,rb1s,1,0.023653246169839843,14
2021-09-20,cl1s,1,0.14764903380071182,14
2021-09-20,rb1s,1,0.06371894359048343,14
2021-09-21,rb1s,1,0.43703440084794787,14
2021-09-21,cl1s,1,0.26556162367934255,14
2021-09-22,cl1s,1,0.263538802669361,14
2021-09-22,rb1s,1,0.38592330404657704,14
2021-09-23,rb1s,0,0.1447141555229069,14
2021-09-24,rb1s,1,0.19820097001558223,14
2021-09-27,rb1s,1,0.08615118565973916,14
2021-09-28,rb1s,1,0.08219671456187753,14
