instrument,auc_mean,auc_std,logloss,brier,n_events
cl1s,0.6507394285714287,0.10649395820123875,0.8000924633196027,0.2393402607930111,2025
ho1s,0.7266341463414635,0.15520850402498176,0.758252903249595,0.21839379958654323,305
ng1s,0.4548076923076923,0.11665735773339479,1.2049280312528245,0.35382695552945914,600
rb1s,0.5651220054224633,0.08175990743673898,1.092370913090976,0.3232964994252514,3000
