method_pair,kendall_tau,agree
MDA-MDI,0.07602339181286549,False
MDA-SHAP,0.1695906432748538,False
MDI-SHAP,0.7660818713450293,True
