feature,mean_shap_mag,pc1_loading,cluster,pca_pc1_var_explained
f5_signal,0.23736696185679051,0.5833819962483686,F5_signal,0.3947305316184792
f5_long_bias_20,0.014384373548087174,0.6196991956124023,F5_signal,0.3947305316184792
f5_trailing_run_length,0.008950799159353425,0.4234835185014149,F5_signal,0.3947305316184792
f5_participation_20,0.0030160181710039225,0.2669246105480469,F5_signal,0.3947305316184792
f5_sign_agree_mr,0.00023612178453241069,-0.15827607289810067,F5_signal,0.3947305316184792
