auc_mean,auc_std,logloss_mean,logloss_std,brier_mean,brier_std,n_folds
0.4886017981493049,0.07164587605056653,0.6975170027798812,0.013815404600792901,0.25212065610217527,0.006728045359530571,15
