instrument,auc_mean,auc_std,logloss,brier,n_events
fesx1s,0.4947415364583334,0.06921649214397005,0.6975470698785097,0.25213531667977934,3040
