auc_mean,auc_std,logloss_mean,logloss_std,brier_mean,brier_std,n_folds
0.5142100351026242,0.07238771869511709,0.7015768248382234,0.024379795783389675,0.25401185797747944,0.011777031950917635,15
