instrument,auc_mean,auc_std,logloss,brier,n_events
pl1s,0.5182386196254471,0.06993318022720815,0.7015768248382236,0.25401185797747944,2670
