auc_mean,auc_std,logloss_mean,logloss_std,brier_mean,brier_std,n_folds
0.48201949367742636,0.03715352475995774,0.7036055964261048,0.007768212905353114,0.2551201527368852,0.003814330304645181,15
