auc_mean,auc_std,logloss_mean,logloss_std,brier_mean,brier_std,n_folds
0.4791540409623977,0.056469549907641414,0.7044513992647345,0.017187038703723137,0.25534147815569297,0.008120724643304484,15
