instrument,auc_mean,auc_std,logloss,brier,n_events
nq1s,0.4871484796940765,0.054554768159958585,0.7044513992647345,0.2553414781556929,2880
