auc_mean,auc_std,logloss_mean,logloss_std,brier_mean,brier_std,n_folds
0.5389678231059161,0.059381706973740706,0.909895423930593,0.14990983353504483,0.3095033424844636,0.03761525268006796,15
