instrument,auc_mean,auc_std,logloss,brier,n_events
pl1s,0.5295128007294663,0.05736817917255342,0.9098954239305934,0.3095033424844637,2670
