date,instrument,y_true,y_score,fold
2020-01-30,cl1s,1,0.4863017482478533,0
2020-01-30,rb1s,0,0.47721802921613393,0
2020-01-31,cl1s,1,0.6595020310763862,0
2020-01-31,rb1s,0,0.5831701735346648,0
2020-01-31,ho1s,0,0.8129709780829237,0
2020-02-03,rb1s,0,0.605349924122706,0
2020-02-03,ho1s,1,0.8600112789663674,0
2020-02-04,rb1s,1,0.42715203299762283,0
2020-02-04,ho1s,1,0.8316363162945665,0
2020-02-05,cl1s,1,0.47855420319779607,0
2020-02-05,rb1s,1,0.2973873131492355,0
2020-02-06,cl1s,0,0.46554647458445797,0
2020-02-06,rb1s,1,0.5046830716323111,0
2020-02-07,cl1s,0,0.5156220661706621,0
2020-02-07,rb1s,0,0.4974138604518323,0
2020-02-10,cl1s,1,0.5491774400057379,0
2020-02-10,rb1s,0,0.4706243787621355,0
2020-02-11,rb1s,1,0.5177061321119398,0
2020-02-11,cl1s,1,0.5965071087131877,0
2020-02-12,rb1s,1,0.5534133217958059,0
2020-02-12,cl1s,1,0.6020193784101632,0
2020-02-13,cl1s,1,0.6394048231633649,0
2020-02-13,rb1s,1,0.5959246900374898,0
2020-02-14,cl1s,0,0.6133428784295326,0
2020-02-14,rb1s,1,0.5939240483425828,0
2020-02-18,cl1s,1,0.6541511045702989,0
2020-02-18,rb1s,0,0.6001951149792439,0
2020-02-19,rb1s,1,0.6476570203594147,0
2020-02-19,cl1s,1,0.6454939529578201,0
2020-02-20,rb1s,1,0.6343624150618115,0
2020-02-20,cl1s,0,0.6384507010323449,0
2020-02-21,cl1s,0,0.6688597163404623,0
2020-02-21,rb1s,0,0.5086320494135383,0
2020-02-24,rb1s,0,0.5962092972612008,0
2020-02-24,cl1s,0,0.6821562730414293,0
2020-02-25,cl1s,0,0.6940242380042014,0
2020-02-25,rb1s,0,0.6399144711399296,0
2020-02-26,cl1s,0,0.7664657793026007,0
2020-02-26,rb1s,0,0.6583936087818836,0
2020-02-27,rb1s,0,0.7685330635913857,0
2020-02-27,cl1s,0,0.8252686936549125,0
2020-02-28,rb1s,0,0.7945786991344803,0
2020-02-28,cl1s,1,0.8937787126024366,0
2020-03-02,rb1s,0,0.35628959394981063,0
2020-03-03,rb1s,0,0.49043704451035375,0
2020-03-04,rb1s,0,0.23067529639875708,0
2020-03-05,rb1s,0,0.3447852615710913,0
2020-03-06,rb1s,0,0.5746355223827364,0
2020-03-09,ho1s,1,0.8848213701043759,0
2020-03-09,rb1s,0,0.8685004970018372,0
2020-03-10,rb1s,0,0.8557646586389374,0
2020-03-11,rb1s,1,0.9304503289543516,0
2020-03-12,rb1s,0,0.9715689911888694,0
2020-03-13,rb1s,0,0.6175472124320109,0
2020-03-16,rb1s,0,0.955041457891618,0
2020-03-17,rb1s,1,0.6920141282270421,0
2020-03-18,rb1s,0,0.2104762355484457,0
2020-03-18,cl1s,1,0.9419309353052774,0
2020-03-19,rb1s,1,0.0974918131485035,0
2020-03-20,cl1s,1,0.696338230459497,0
2020-03-20,rb1s,1,0.21639198714201893,0
2020-03-23,cl1s,1,0.5983706328415574,0
2020-03-23,rb1s,0,0.38700022505854165,0
2020-03-24,rb1s,0,0.19300285595949548,0
2020-03-24,cl1s,1,0.5722098341360494,0
2020-03-25,rb1s,0,0.1425925515121047,0
2020-03-26,rb1s,0,0.1194407987315106,0
2020-03-26,cl1s,0,0.46940160476484627,0
2020-03-27,rb1s,0,0.15473603210102796,0
2020-03-27,cl1s,0,0.4143092369019654,0
2020-03-30,cl1s,1,0.24732388756039575,0
2020-03-30,rb1s,0,0.09766457433976035,0
2020-03-31,rb1s,0,0.13935467183135225,0
2020-04-01,rb1s,0,0.2150893573638507,0
2020-04-02,rb1s,0,0.10622133385173839,0
2020-04-03,rb1s,0,0.048044657806902674,0
2020-04-06,rb1s,1,0.054196794021467175,0
2020-04-07,rb1s,0,0.04236272809415258,0
2020-04-08,rb1s,0,0.04640844864202959,0
2020-04-09,rb1s,0,0.025786957919730534,0
2020-04-13,rb1s,0,0.021347946622193772,0
2020-04-14,rb1s,0,0.019604420742670183,0
2020-04-15,rb1s,0,0.024282501089105474,0
2020-04-15,ho1s,0,0.5693071490075439,0
2020-04-16,rb1s,0,0.030136017493978137,0
2020-04-16,ho1s,0,0.5646956081024511,0
2020-04-17,rb1s,0,0.0673677668667484,0
2020-04-20,rb1s,0,0.06926928631770847,0
2020-04-21,cl1s,1,0.13341809888276135,0
2020-04-21,ho1s,1,0.7381406977703987,0
2020-04-21,rb1s,1,0.05004671043682165,0
2020-04-22,cl1s,1,0.17505286815343868,0
2020-04-22,rb1s,1,0.02224332639391109,0
2020-04-23,rb1s,1,0.029690270905465135,0
2020-04-23,cl1s,1,0.14276922092072367,0
2020-04-24,cl1s,0,0.11369745517330282,0
2020-04-24,rb1s,1,0.032405218098797366,0
2020-04-27,cl1s,0,0.09251386769390191,0
2020-04-27,rb1s,1,0.014458532789209076,0
2020-04-28,cl1s,1,0.1347570655021494,0
2020-04-28,rb1s,1,0.0125745246723427,0
2020-04-29,cl1s,1,0.05348916992136702,0
2020-04-29,rb1s,1,0.00933400345208762,0
2020-04-30,rb1s,0,0.014334035237797405,0
2020-04-30,cl1s,1,0.011209461562323735,0
2020-05-01,cl1s,1,0.00747765441545706,0
2020-05-01,rb1s,0,0.033789836649130135,0
2020-05-04,cl1s,1,0.006030567541375438,0
2020-05-04,rb1s,1,0.016062963162492193,0
2020-05-05,rb1s,0,0.02201152083287201,0
2020-05-05,ng1s,1,0.6256609814962791,0
2020-05-05,cl1s,0,0.0033145273365597287,0
2020-05-06,rb1s,0,0.04389192027453973,0
2020-05-06,ng1s,1,0.5404009250607095,0
2020-05-06,cl1s,0,0.005838074002296454,0
2020-05-07,rb1s,0,0.03538855720814627,0
2020-05-07,cl1s,1,0.005506007452703212,0
2020-05-07,ng1s,1,0.4701628146756317,0
2020-05-08,rb1s,0,0.025423348709252763,0
2020-05-08,cl1s,0,0.004410390146916116,0
2020-05-08,ng1s,0,0.5446393541316837,0
2020-05-11,rb1s,0,0.02711263403009027,0
2020-05-11,ng1s,1,0.44031436907754123,0
2020-05-11,cl1s,1,0.004643097895135192,0
2020-05-12,ng1s,1,0.5238464244368735,0
2020-05-12,rb1s,0,0.04161402715250276,0
2020-05-12,cl1s,0,0.003696218583221306,0
2020-05-13,rb1s,1,0.07768403777454179,0
2020-05-13,cl1s,1,0.0077541185204537295,0
2020-05-14,rb1s,0,0.07751431131874024,0
2020-05-14,cl1s,1,0.008420016637455051,0
2020-05-14,ng1s,1,0.5654272044942408,0
2020-05-15,rb1s,0,0.070078875165605,0
2020-05-15,ng1s,0,0.5178280861863461,0
2020-05-18,rb1s,0,0.04672504213409536,0
2020-05-18,ho1s,1,0.16034338566673428,0
2020-05-18,ng1s,0,0.5112272458208224,0
2020-05-19,rb1s,0,0.03491608014082965,0
2020-05-19,cl1s,1,0.016142228767375665,0
2020-05-19,ng1s,1,0.5072181339461266,0
2020-05-20,ho1s,1,0.22377801655255258,0
2020-05-20,rb1s,0,0.05071144723343592,0
2020-05-20,ng1s,1,0.48656216762794785,0
2020-05-21,ng1s,0,0.07148706384441905,0
2020-05-21,rb1s,0,0.06123701527424928,0
2020-05-22,rb1s,0,0.06670379464261374,0
2020-05-26,rb1s,0,0.08910220263843198,0
2020-05-27,cl1s,1,0.04315386133170171,0
2020-05-27,ng1s,1,0.30978319064163834,0
2020-05-27,rb1s,0,0.0914831391599126,0
2020-05-28,ng1s,0,0.21876383453470719,0
2020-05-28,cl1s,1,0.039624233661219976,0
2020-05-28,rb1s,0,0.07298949045595698,0
2020-05-29,ng1s,1,0.3228451867218324,0
2020-05-29,rb1s,0,0.06396514560222971,0
2020-06-01,rb1s,0,0.051981626906489956,0
2020-06-01,ng1s,0,0.37918384948874506,0
2020-06-02,rb1s,0,0.06405962513646828,0
2020-06-02,ng1s,0,0.39585201382494295,0
2020-06-03,rb1s,0,0.04779648016277592,0
2020-06-04,cl1s,1,0.04539880898845385,0
2020-06-04,rb1s,0,0.030855678344844293,0
2020-06-05,cl1s,0,0.021061900955450977,0
2020-06-05,rb1s,0,0.015643835005762587,0
2020-06-08,rb1s,0,0.03592897641324874,0
2020-06-08,cl1s,1,0.03939937226185755,0
2020-06-09,rb1s,0,0.04899753614548129,0
2020-06-09,cl1s,1,0.054774784959146665,0
2020-06-10,cl1s,0,0.10129409430629642,0
2020-06-10,rb1s,0,0.14091855469547324,0
2020-06-11,rb1s,0,0.33458334662294004,0
2020-06-11,cl1s,0,0.20445857125478153,0
2020-06-12,cl1s,1,0.1737437701293232,0
2020-06-12,rb1s,1,0.31443088298458316,0
2020-06-15,rb1s,1,0.21915341658145412,0
2020-06-16,rb1s,0,0.2507358363872337,0
2020-06-17,rb1s,0,0.2575681160562201,0
2020-06-17,cl1s,1,0.04807571774126082,0
2020-06-18,cl1s,1,0.032324681652012285,0
2020-06-18,rb1s,0,0.26856562911072573,0
2020-06-19,rb1s,0,0.31340204482186373,0
2020-06-19,cl1s,1,0.05946743748126096,0
2020-06-22,cl1s,0,0.04164176149765436,0
2020-06-22,rb1s,1,0.33358235175358025,0
2020-06-23,rb1s,1,0.25602909546247443,0
2020-06-23,cl1s,0,0.03286984214801617,0
2020-06-24,cl1s,1,0.02827110092116433,0
2020-06-24,rb1s,0,0.2741316383535183,0
2020-06-25,cl1s,0,0.029905439320692114,0
2020-06-25,rb1s,0,0.2558963136595545,0
2020-06-26,cl1s,1,0.03329915699575935,0
2020-06-26,rb1s,1,0.1780076982891287,0
2020-06-29,cl1s,0,0.03089765325189292,0
2020-06-29,rb1s,1,0.23691696120806802,0
2020-06-30,rb1s,1,0.22931535315104712,0
2020-06-30,cl1s,1,0.04287144072389377,0
2020-07-01,rb1s,0,0.20306682719449234,0
2020-07-01,cl1s,1,0.029813830328994623,0
2020-07-01,ho1s,0,0.43115598845280795,0
2020-07-02,rb1s,0,0.21063675001582854,0
2020-07-02,cl1s,0,0.01868598830181832,0
2020-07-06,rb1s,0,0.16279262758317062,0
2020-07-06,cl1s,0,0.011906391358359537,0
2020-07-07,rb1s,0,0.20517266896598066,0
2020-07-07,cl1s,1,0.010119086970372938,0
2020-07-08,rb1s,0,0.1205180951611741,0
2020-07-08,cl1s,0,0.007558473582429261,0
2020-07-09,rb1s,0,0.17867506609326694,0
2020-07-09,cl1s,1,0.02515710661887176,0
2020-07-10,rb1s,0,0.12264343724071132,0
2020-07-10,cl1s,0,0.026358255189878575,0
2020-07-10,ho1s,1,0.34351131907965726,0
2020-07-13,cl1s,1,0.034243116676370144,0
2020-07-13,rb1s,0,0.17338642536726284,0
2020-07-14,rb1s,0,0.1616287544697674,0
2020-07-14,cl1s,1,0.03511819925899309,0
2020-07-15,rb1s,0,0.15146016481378377,0
2020-07-15,cl1s,0,0.02656030444437942,0
2020-07-16,cl1s,0,0.021509646418649515,0
2020-07-16,rb1s,0,0.10817735573401215,0
2020-07-17,cl1s,1,0.017754795550710235,0
2020-07-17,rb1s,0,0.19040577551552812,0
2020-07-20,rb1s,0,0.17639904744925244,0
2020-07-20,cl1s,1,0.014376597003983714,0
2020-07-21,rb1s,0,0.17698646471116686,0
2020-07-21,cl1s,0,0.01461293662599194,0
2020-07-22,rb1s,0,0.12427456234958413,0
2020-07-22,cl1s,0,0.009464123539678326,0
2020-07-23,rb1s,0,0.1892832659947025,0
2020-07-23,cl1s,1,0.017641979010690922,0
2020-07-24,rb1s,0,0.08782193032804918,0
2020-07-24,cl1s,1,0.01452837238740011,0
2020-07-27,rb1s,0,0.08768967897164416,0
2020-07-27,cl1s,0,0.01990758053277722,0
2020-07-28,rb1s,0,0.12282673340803493,0
2020-07-28,cl1s,1,0.020566525974776446,0
2020-07-29,cl1s,0,0.016709935453271884,0
2020-07-29,rb1s,0,0.07421288045741162,0
2020-07-30,cl1s,1,0.02979130601967682,0
2020-07-30,rb1s,0,0.12624466642847523,0
2020-07-31,rb1s,1,0.14332707780102344,0
2020-07-31,cl1s,1,0.028704554707134913,0
2020-08-03,cl1s,1,0.028848913771874332,0
2020-08-03,ng1s,0,0.31237990045197356,0
2020-08-03,rb1s,0,0.2549907471988328,0
2020-08-04,cl1s,1,0.04033795780164733,0
2020-08-04,rb1s,0,0.1826797233387679,0
2020-08-05,rb1s,0,0.1788503296038203,0
2020-08-06,rb1s,0,0.1476372062666793,0
2020-08-06,ng1s,0,0.13793111130608318,0
2020-08-07,rb1s,1,0.1315774325522417,0
2020-08-10,ng1s,0,0.2513583178562116,0
2020-08-10,rb1s,0,0.17996970484481475,0
2020-08-11,rb1s,1,0.14594729788727165,0
2020-08-12,rb1s,0,0.15141482388759528,0
2020-08-13,rb1s,1,0.11442233914915806,0
2020-01-30,cl1s,1,0.8269507580573184,1
2020-01-30,rb1s,0,0.710092330252216,1
2020-01-31,cl1s,1,0.8351018595172834,1
2020-01-31,rb1s,0,0.8420320134387784,1
2020-01-31,ho1s,0,0.9938388203537332,1
2020-02-03,rb1s,0,0.7639598308105444,1
2020-02-03,ho1s,1,0.9934997805272504,1
2020-02-04,rb1s,1,0.6470741111462446,1
2020-02-04,ho1s,1,0.9814790385105266,1
2020-02-05,cl1s,1,0.7986711655540611,1
2020-02-05,rb1s,1,0.6698404131695219,1
2020-02-06,cl1s,0,0.851124639731912,1
2020-02-06,rb1s,1,0.7591603038560715,1
2020-02-07,cl1s,0,0.8202582541384373,1
2020-02-07,rb1s,0,0.775910081611898,1
2020-02-10,cl1s,1,0.7729002971101046,1
2020-02-10,rb1s,0,0.5884089693919677,1
2020-02-11,rb1s,1,0.7264663937489925,1
2020-02-11,cl1s,1,0.8530363873560731,1
2020-02-12,rb1s,1,0.6424616337625239,1
2020-02-12,cl1s,1,0.7948294624916701,1
2020-02-13,cl1s,1,0.751087832687891,1
2020-02-13,rb1s,1,0.5338312173583883,1
2020-02-14,cl1s,0,0.7672627073248751,1
2020-02-14,rb1s,1,0.5371345950577043,1
2020-02-18,cl1s,1,0.832792238094381,1
2020-02-18,rb1s,0,0.6121506870220699,1
2020-02-19,rb1s,1,0.4163984514200503,1
2020-02-19,cl1s,1,0.7775964478400528,1
2020-02-20,rb1s,1,0.3432543738672194,1
2020-02-20,cl1s,0,0.7763856697112798,1
2020-02-21,cl1s,0,0.8437550044397822,1
2020-02-21,rb1s,0,0.5129020689159609,1
2020-02-24,rb1s,0,0.8369792383041348,1
2020-02-24,cl1s,0,0.946292105212141,1
2020-02-25,cl1s,0,0.9215905850107174,1
2020-02-25,rb1s,0,0.7936417591666282,1
2020-02-26,cl1s,0,0.7439332427723383,1
2020-02-26,rb1s,0,0.5869270694399923,1
2020-02-27,rb1s,0,0.6426706462530377,1
2020-02-27,cl1s,0,0.8054819262224188,1
2020-02-28,rb1s,0,0.42443276410831937,1
2020-02-28,cl1s,1,0.658198034129738,1
2020-03-02,rb1s,0,0.11844902874297902,1
2020-03-03,rb1s,0,0.1305093792381108,1
2020-03-04,rb1s,0,0.17651638847749138,1
2020-03-05,rb1s,0,0.27794031732303753,1
2020-03-06,rb1s,0,0.2700814655156338,1
2020-03-09,ho1s,1,0.920604829269974,1
2020-03-09,rb1s,0,0.6738510162212543,1
2020-03-10,rb1s,0,0.8727949144767663,1
2020-03-11,rb1s,1,0.8759935381278129,1
2020-03-12,rb1s,0,0.9146001555188106,1
2020-03-13,rb1s,0,0.9445062517452112,1
2020-03-16,rb1s,0,0.9888209587031538,1
2020-03-17,rb1s,1,0.9818927712859988,1
2020-03-18,rb1s,0,0.9747273519372551,1
2020-03-18,cl1s,1,0.9620289093995362,1
2020-03-19,rb1s,1,0.9828607380061285,1
2020-03-20,cl1s,1,0.9738462586125147,1
2020-03-20,rb1s,1,0.9921177205738431,1
2020-03-23,cl1s,1,0.978394265932973,1
2020-03-23,rb1s,0,0.9993067665145395,1
2020-03-24,rb1s,0,0.9960686093983222,1
2020-03-24,cl1s,1,0.9158263030144085,1
2020-03-25,rb1s,0,0.9921891379006359,1
2020-03-26,rb1s,0,0.9182387767001781,1
2020-03-26,cl1s,0,0.9024541244121851,1
2020-03-27,rb1s,0,0.9368835032976665,1
2020-03-27,cl1s,0,0.9412705659675561,1
2020-03-30,cl1s,1,0.8828070266026669,1
2020-03-30,rb1s,0,0.7414643505262881,1
2020-03-31,rb1s,0,0.9945169776507986,1
2020-04-01,rb1s,0,0.9973488060603098,1
2020-04-02,rb1s,0,0.9953651608185604,1
2020-04-03,rb1s,0,0.9963176722632345,1
2020-04-06,rb1s,1,0.9284722078926507,1
2020-04-07,rb1s,0,0.8987983067984641,1
2020-04-08,rb1s,0,0.8680737109864956,1
2020-04-09,rb1s,0,0.9158431166140578,1
2020-04-13,rb1s,0,0.8582498734005813,1
2020-04-14,rb1s,0,0.9601439310758981,1
2020-04-15,rb1s,0,0.9681284783530075,1
2020-04-15,ho1s,0,0.9973302436127285,1
2020-04-16,rb1s,0,0.9887859930194174,1
2020-04-16,ho1s,0,0.998437795111787,1
2020-04-17,rb1s,0,0.9849269682615658,1
2020-04-20,rb1s,0,0.9956320729745748,1
2020-04-21,cl1s,1,0.9116055435083699,1
2020-04-21,ho1s,1,0.9982727621473316,1
2020-04-21,rb1s,1,0.9960104325307166,1
2020-04-22,cl1s,1,0.9905884388814908,1
2020-04-22,rb1s,1,0.9749594747311803,1
2020-04-23,rb1s,1,0.9712699469127446,1
2020-04-23,cl1s,1,0.9996493246364652,1
2020-04-24,cl1s,0,0.9995865005906132,1
2020-04-24,rb1s,1,0.9784506259350846,1
2020-04-27,cl1s,0,0.9996901392601797,1
2020-04-27,rb1s,1,0.9643483692391592,1
2020-04-28,cl1s,1,0.9996958395830451,1
2020-04-28,rb1s,1,0.9703218749501734,1
2020-04-29,cl1s,1,0.9998479921381241,1
2020-04-29,rb1s,1,0.910510273649104,1
2020-04-30,rb1s,0,0.9612329670864842,1
2020-04-30,cl1s,1,0.9999242627442362,1
2020-05-01,cl1s,1,0.999868320023048,1
2020-05-01,rb1s,0,0.9791718118254089,1
2020-05-04,cl1s,1,0.9998900093367235,1
2020-05-04,rb1s,1,0.9845198532012882,1
2020-05-05,rb1s,0,0.6734284139610986,1
2020-05-05,ng1s,1,0.5538234200496579,1
2020-05-05,cl1s,0,0.9976220863125409,1
2020-05-06,rb1s,0,0.7405114305073968,1
2020-05-06,ng1s,1,0.8727920970334896,1
2020-05-06,cl1s,0,0.9983424434405637,1
2020-05-07,rb1s,0,0.383519972916458,1
2020-05-07,cl1s,1,0.99857626870668,1
2020-05-07,ng1s,1,0.9657681138762069,1
2020-05-08,rb1s,0,0.5190624690997654,1
2020-05-08,cl1s,0,0.9992099479574927,1
2020-05-08,ng1s,0,0.9237408081586467,1
2020-05-11,rb1s,0,0.5813031798565239,1
2020-05-11,ng1s,1,0.9737318679873987,1
2020-05-11,cl1s,1,0.995811102895428,1
2020-05-12,ng1s,1,0.9604741046620283,1
2020-05-12,rb1s,0,0.5409751786479063,1
2020-05-12,cl1s,0,0.993581629429766,1
2020-05-13,rb1s,1,0.8843706512105556,1
2020-08-14,rb1s,1,0.1323757984620315,1
2020-08-17,rb1s,1,0.07499115871382729,1
2020-08-18,rb1s,1,0.10427968575199306,1
2020-08-19,rb1s,0,0.19899776908834999,1
2020-08-20,rb1s,0,0.18233988091688572,1
2020-08-21,rb1s,1,0.36604031362709744,1
2020-08-21,cl1s,1,0.7798221863656669,1
2020-08-24,rb1s,0,0.10180243777815078,1
2020-08-24,cl1s,1,0.7629965140656819,1
2020-08-25,cl1s,1,0.5048633364751328,1
2020-08-25,rb1s,0,0.04588321484470135,1
2020-08-26,rb1s,0,0.1181641307510448,1
2020-08-26,cl1s,0,0.41255445672780455,1
2020-08-27,rb1s,0,0.32783868403999317,1
2020-08-28,rb1s,0,0.289476244677333,1
2020-08-31,rb1s,0,0.38687146494073926,1
2020-09-01,cl1s,0,0.7352446050921709,1
2020-09-01,rb1s,0,0.5029124961097352,1
2020-09-02,rb1s,0,0.5830639480709879,1
2020-09-02,cl1s,0,0.814459055926558,1
2020-09-03,rb1s,0,0.7965474272653329,1
2020-09-04,rb1s,0,0.784998546780133,1
2020-09-08,ho1s,1,0.9912938423351161,1
2020-09-08,rb1s,0,0.7393167980822697,1
2020-09-09,rb1s,0,0.6007788458957187,1
2020-09-10,rb1s,1,0.5525120802534204,1
2020-09-11,rb1s,1,0.6362385060849441,1
2020-09-14,rb1s,1,0.5491771293092823,1
2020-09-15,rb1s,1,0.3916777094211282,1
2020-09-16,cl1s,1,0.8625729723145182,1
2020-09-16,rb1s,0,0.5699806579025809,1
2020-09-17,rb1s,0,0.4385976879654024,1
2020-09-18,rb1s,0,0.3454140976046116,1
2020-09-21,ho1s,0,0.987065261478688,1
2020-09-21,rb1s,0,0.6080713348730884,1
2020-09-21,cl1s,1,0.9276357688204969,1
2020-09-22,ho1s,1,0.9737257310658259,1
2020-09-22,rb1s,0,0.6249923740978944,1
2020-09-22,cl1s,1,0.81949543614521,1
2020-09-23,rb1s,0,0.6424477683163357,1
2020-09-23,ho1s,1,0.9887520613505314,1
2020-09-23,cl1s,1,0.8724959676793768,1
2020-09-24,rb1s,0,0.3137138272285454,1
2020-09-24,ng1s,1,0.846926738821955,1
2020-09-24,ho1s,1,0.962568766453801,1
2020-09-24,cl1s,0,0.6395602865386761,1
2020-09-25,ho1s,1,0.9201360721492936,1
2020-09-25,rb1s,0,0.36198220968082456,1
2020-09-25,cl1s,1,0.5082337053792294,1
2020-09-28,cl1s,0,0.35543688026582576,1
2020-09-28,rb1s,0,0.2188990089160668,1
2020-09-29,cl1s,1,0.7228401991417609,1
2020-09-29,ho1s,1,0.9260773566667866,1
2020-09-29,rb1s,0,0.5181521940435229,1
2020-09-30,cl1s,0,0.6315223325319972,1
2020-09-30,ho1s,0,0.9163356867006245,1
2020-09-30,rb1s,0,0.4986280927731224,1
2020-10-01,cl1s,0,0.823327748260615,1
2020-10-01,ho1s,0,0.9747913259036599,1
2020-10-01,rb1s,0,0.49453068992999,1
2020-10-02,ho1s,1,0.9859378505003225,1
2020-10-02,rb1s,1,0.4649338549085851,1
2020-10-02,cl1s,1,0.7606696839321341,1
2020-10-05,cl1s,1,0.8699556664718732,1
2020-10-05,rb1s,0,0.5484238427101455,1
2020-10-06,rb1s,0,0.5747018067235363,1
2020-10-07,cl1s,1,0.8961738299125924,1
2020-10-07,rb1s,0,0.7255476105934984,1
2020-10-08,rb1s,0,0.47824315085954905,1
2020-10-08,cl1s,0,0.8134823789009863,1
2020-10-09,ng1s,0,0.886621374318478,1
2020-10-09,cl1s,0,0.9046798917578877,1
2020-10-09,rb1s,0,0.6785422768102192,1
2020-10-12,rb1s,0,0.7104116298056046,1
2020-10-12,ng1s,1,0.7625061687181194,1
2020-10-12,cl1s,1,0.8214027537430986,1
2020-10-13,rb1s,0,0.7618033911018879,1
2020-10-13,cl1s,1,0.8146276089150736,1
2020-10-13,ng1s,1,0.8354715526807839,1
2020-10-14,cl1s,0,0.8507785622330063,1
2020-10-14,ng1s,0,0.90953063411763,1
2020-10-14,rb1s,0,0.8181475853022022,1
2020-10-15,cl1s,0,0.8876306562248084,1
2020-10-15,rb1s,0,0.8785986255897172,1
2020-10-16,cl1s,0,0.8450673155305788,1
2020-10-16,rb1s,0,0.8595451209060099,1
2020-10-19,rb1s,0,0.8399424372405414,1
2020-10-19,cl1s,1,0.819954663144959,1
2020-10-20,cl1s,0,0.7519485926058452,1
2020-10-20,rb1s,0,0.8276906910891704,1
2020-10-21,cl1s,1,0.8778501292840039,1
2020-10-21,rb1s,0,0.8214333851231211,1
2020-10-22,cl1s,0,0.79905987237896,1
2020-10-22,rb1s,0,0.7006000960496314,1
2020-10-23,ho1s,0,0.9718194941951669,1
2020-10-23,rb1s,0,0.6731452642809175,1
2020-10-23,cl1s,0,0.8021543388293805,1
2020-10-26,ng1s,0,0.9062518072405531,1
2020-10-26,ho1s,1,0.983162338389631,1
2020-10-26,rb1s,0,0.8707770748470797,1
2020-10-26,cl1s,1,0.8624837209262531,1
2020-10-27,ng1s,1,0.8242464950171899,1
2020-10-27,ho1s,0,0.9905889064895602,1
2020-10-27,rb1s,0,0.9487007471309017,1
2020-10-27,cl1s,0,0.49083382625233346,1
2020-10-28,cl1s,0,0.9081298510263546,1
2020-10-28,rb1s,0,0.9057549268867634,1
2020-10-29,cl1s,0,0.9608397599554824,1
2020-10-29,ho1s,0,0.996751832263396,1
2020-10-29,rb1s,1,0.8756302988126894,1
2020-10-30,cl1s,1,0.9742478133038156,1
2020-10-30,rb1s,1,0.9524959565520705,1
2020-10-30,ho1s,1,0.9982355173180125,1
2020-11-02,rb1s,1,0.9755759605415346,1
2020-11-02,cl1s,1,0.9749209194458812,1
2020-11-03,rb1s,1,0.9184327625272711,1
2020-11-03,cl1s,1,0.923044214987501,1
2020-11-04,cl1s,0,0.9171013027314405,1
2020-11-04,rb1s,0,0.8873719009861645,1
2020-11-05,cl1s,0,0.9126683450017482,1
2020-11-05,rb1s,0,0.713196172415413,1
2020-11-06,cl1s,1,0.861211937242276,1
2020-11-06,rb1s,1,0.6534886544840285,1
2020-11-09,cl1s,1,0.4898301867943451,1
2020-11-09,rb1s,0,0.29516197210996453,1
2020-11-10,cl1s,1,0.5503915523406497,1
2020-11-10,rb1s,0,0.16887802521015013,1
2020-11-11,cl1s,0,0.5237923038710187,1
2020-01-30,cl1s,1,0.23566017084933613,2
2020-01-30,rb1s,0,0.18995977752544382,2
2020-01-31,cl1s,1,0.32785270652113896,2
2020-01-31,rb1s,0,0.25526854904300833,2
2020-01-31,ho1s,0,0.7079001537258764,2
2020-02-03,rb1s,0,0.3373517734099568,2
2020-02-03,ho1s,1,0.7954069222790265,2
2020-02-04,rb1s,1,0.22990111721232553,2
2020-02-04,ho1s,1,0.6891286818597179,2
2020-02-05,cl1s,1,0.35733248818921093,2
2020-02-05,rb1s,1,0.2781406932039114,2
2020-02-06,cl1s,0,0.43029177645306194,2
2020-02-06,rb1s,1,0.3064831039495061,2
2020-02-07,cl1s,0,0.6226846614483214,2
2020-02-07,rb1s,0,0.49198645953718106,2
2020-02-10,cl1s,1,0.5848577819683684,2
2020-02-10,rb1s,0,0.3077661618476735,2
2020-02-11,rb1s,1,0.23747872239603354,2
2020-02-11,cl1s,1,0.5331664113410932,2
2020-02-12,rb1s,1,0.16991990328610737,2
2020-02-12,cl1s,1,0.4124869914402603,2
2020-02-13,cl1s,1,0.331143661842933,2
2020-02-13,rb1s,1,0.14403414838579798,2
2020-02-14,cl1s,0,0.36336555017862554,2
2020-02-14,rb1s,1,0.1265322456904588,2
2020-02-18,cl1s,1,0.3522712816266045,2
2020-02-18,rb1s,0,0.17654435355419199,2
2020-02-19,rb1s,1,0.08189482340009169,2
2020-02-19,cl1s,1,0.27351968912617,2
2020-02-20,rb1s,1,0.04669499199491816,2
2020-02-20,cl1s,0,0.24448241250643857,2
2020-02-21,cl1s,0,0.28347275543022027,2
2020-02-21,rb1s,0,0.08617544156198576,2
2020-02-24,rb1s,0,0.22016103161208456,2
2020-02-24,cl1s,0,0.4247276769002669,2
2020-02-25,cl1s,0,0.4568898843025136,2
2020-02-25,rb1s,0,0.1684703920096112,2
2020-02-26,cl1s,0,0.2866065543387107,2
2020-02-26,rb1s,0,0.07379627721278535,2
2020-02-27,rb1s,0,0.022682544371675786,2
2020-02-27,cl1s,0,0.07383313918086416,2
2020-02-28,rb1s,0,0.008094533940485638,2
2020-02-28,cl1s,1,0.0356409245670658,2
2020-03-02,rb1s,0,0.021628531589166573,2
2020-03-03,rb1s,0,0.018647534847016325,2
2020-03-04,rb1s,0,0.029081728786400102,2
2020-03-05,rb1s,0,0.03892054468108848,2
2020-03-06,rb1s,0,0.04761758380317922,2
2020-03-09,ho1s,1,0.1290010378292339,2
2020-03-09,rb1s,0,0.06867911390151131,2
2020-03-10,rb1s,0,0.2905202826860925,2
2020-03-11,rb1s,1,0.24711141323231703,2
2020-03-12,rb1s,0,0.1977948354468935,2
2020-03-13,rb1s,0,0.5795449047791958,2
2020-03-16,rb1s,0,0.7953186834754861,2
2020-03-17,rb1s,1,0.723807524046635,2
2020-03-18,rb1s,0,0.835290173775036,2
2020-03-18,cl1s,1,0.8614261957404942,2
2020-03-19,rb1s,1,0.9260238130543073,2
2020-03-20,cl1s,1,0.666588535373511,2
2020-03-20,rb1s,1,0.8032331619441156,2
2020-03-23,cl1s,1,0.78183923294376,2
2020-03-23,rb1s,0,0.971904318476125,2
2020-03-24,rb1s,0,0.568607913582805,2
2020-03-24,cl1s,1,0.2693258347932737,2
2020-03-25,rb1s,0,0.46687154660554503,2
2020-03-26,rb1s,0,0.06389366900828226,2
2020-03-26,cl1s,0,0.08017280190176296,2
2020-03-27,rb1s,0,0.12358021495720954,2
2020-03-27,cl1s,0,0.13635721452622224,2
2020-03-30,cl1s,1,0.2763052227240819,2
2020-03-30,rb1s,0,0.17469908042730417,2
2020-03-31,rb1s,0,0.6216573475953676,2
2020-04-01,rb1s,0,0.7019829735853811,2
2020-04-02,rb1s,0,0.4990383333664269,2
2020-04-03,rb1s,0,0.8005896317854622,2
2020-04-06,rb1s,1,0.5509962572522991,2
2020-04-07,rb1s,0,0.4384365089810769,2
2020-04-08,rb1s,0,0.4411643737085633,2
2020-04-09,rb1s,0,0.5112006534048555,2
2020-04-13,rb1s,0,0.5085913982002823,2
2020-04-14,rb1s,0,0.7222116417073727,2
2020-04-15,rb1s,0,0.5786030612329887,2
2020-04-15,ho1s,0,0.8859885473687928,2
2020-04-16,rb1s,0,0.7645244991506196,2
2020-04-16,ho1s,0,0.9559269051047904,2
2020-04-17,rb1s,0,0.7066979543801561,2
2020-04-20,rb1s,0,0.841754264448964,2
2020-04-21,cl1s,1,0.07972103029281023,2
2020-04-21,ho1s,1,0.8785068584522683,2
2020-04-21,rb1s,1,0.7328962281105671,2
2020-04-22,cl1s,1,0.3072513744258673,2
2020-04-22,rb1s,1,0.5820525657561983,2
2020-04-23,rb1s,1,0.5493215367165669,2
2020-04-23,cl1s,1,0.887396021379027,2
2020-04-24,cl1s,0,0.9113195666662176,2
2020-04-24,rb1s,1,0.5838963653488178,2
2020-04-27,cl1s,0,0.9093398843464121,2
2020-04-27,rb1s,1,0.5272468940077214,2
2020-04-28,cl1s,1,0.9050503369149173,2
2020-04-28,rb1s,1,0.6459583613050923,2
2020-04-29,cl1s,1,0.9585990865294691,2
2020-04-29,rb1s,1,0.34190826750531966,2
2020-04-30,rb1s,0,0.5717112221186567,2
2020-04-30,cl1s,1,0.9783330941664475,2
2020-05-01,cl1s,1,0.9679889041256683,2
2020-05-01,rb1s,0,0.5879271544805111,2
2020-05-04,cl1s,1,0.9778110819796153,2
2020-05-04,rb1s,1,0.7957595530806469,2
2020-05-05,rb1s,0,0.47955651610867817,2
2020-05-05,ng1s,1,0.5239722593080522,2
2020-05-05,cl1s,0,0.9562976923431276,2
2020-05-06,rb1s,0,0.42129565663604496,2
2020-05-06,ng1s,1,0.7675355712076196,2
2020-05-06,cl1s,0,0.9530254548777141,2
2020-05-07,rb1s,0,0.1903358337395161,2
2020-05-07,cl1s,1,0.9521246047876856,2
2020-05-07,ng1s,1,0.8803613458158515,2
2020-05-08,rb1s,0,0.440040757327092,2
2020-05-08,cl1s,0,0.9788947091221804,2
2020-05-08,ng1s,0,0.836025059470374,2
2020-05-11,rb1s,0,0.47023517958198763,2
2020-05-11,ng1s,1,0.9853889896958072,2
2020-05-11,cl1s,1,0.9592788769198951,2
2020-05-12,ng1s,1,0.8805853483664278,2
2020-05-12,rb1s,0,0.40415649932261133,2
2020-05-12,cl1s,0,0.9113734814108359,2
2020-05-13,rb1s,1,0.5129342532737144,2
2020-11-11,rb1s,0,0.15973640571028255,2
2020-11-12,rb1s,0,0.1363204194710883,2
2020-11-12,cl1s,0,0.20588225369811627,2
2020-11-13,rb1s,1,0.17977533738774232,2
2020-11-13,cl1s,1,0.22070227974282536,2
2020-11-16,cl1s,1,0.2871488775440878,2
2020-11-16,rb1s,1,0.18247423900570045,2
2020-11-17,rb1s,1,0.17097280201427614,2
2020-11-17,cl1s,1,0.2112274747296995,2
2020-11-18,rb1s,1,0.07870447183041163,2
2020-11-18,cl1s,0,0.14678043435909718,2
2020-11-19,cl1s,1,0.1891743265824835,2
2020-11-19,rb1s,1,0.10024303373057726,2
2020-11-20,rb1s,1,0.08859256380895894,2
2020-11-20,cl1s,1,0.18890987647524046,2
2020-11-23,cl1s,1,0.2288665282699227,2
2020-11-23,rb1s,1,0.1197827731682931,2
2020-11-24,rb1s,0,0.09443344580291604,2
2020-11-24,cl1s,1,0.16493720613544166,2
2020-11-25,rb1s,0,0.1602857600695939,2
2020-11-27,rb1s,0,0.12635801843402633,2
2020-11-30,rb1s,0,0.18461191996742884,2
2020-12-01,cl1s,1,0.2793483581635521,2
2020-12-01,rb1s,1,0.21198689759425177,2
2020-12-02,rb1s,1,0.20368877579262978,2
2020-12-02,cl1s,1,0.18691320971961867,2
2020-12-03,rb1s,1,0.12734335051910303,2
2020-12-03,cl1s,1,0.15600360962978524,2
2020-12-04,cl1s,0,0.14437886170016365,2
2020-12-04,rb1s,0,0.0908145101037288,2
2020-12-07,rb1s,1,0.14387403059060935,2
2020-12-07,cl1s,0,0.2606657447219164,2
2020-12-08,rb1s,1,0.16876640531945544,2
2020-12-08,cl1s,0,0.27822341501296377,2
2020-12-09,cl1s,1,0.24356042982091944,2
2020-12-09,rb1s,1,0.221921968754258,2
2020-12-10,rb1s,0,0.14463386380048218,2
2020-12-11,cl1s,1,0.3361695988213713,2
2020-12-11,rb1s,1,0.18050886956434348,2
2020-12-14,rb1s,1,0.2532496916207402,2
2020-12-15,rb1s,1,0.1872197457157853,2
2020-12-16,rb1s,0,0.19024079715271672,2
2020-12-17,rb1s,0,0.15966860870852137,2
2020-12-18,ho1s,1,0.18548217946264303,2
2020-12-18,rb1s,0,0.17566479970647353,2
2020-12-21,rb1s,0,0.2841929295779431,2
2020-12-21,ho1s,1,0.33443678102529106,2
2020-12-22,rb1s,1,0.2918656680859454,2
2020-12-23,rb1s,0,0.2023912186736338,2
2020-12-24,rb1s,0,0.14282327299640907,2
2020-12-28,rb1s,1,0.22358639408656072,2
2020-12-29,rb1s,1,0.19763903348556872,2
2020-12-30,rb1s,0,0.1873172155624882,2
2020-12-31,rb1s,0,0.18225760420970621,2
2021-01-04,ho1s,1,0.37568778805201075,2
2021-01-04,cl1s,1,0.4950345956272998,2
2021-01-04,rb1s,1,0.2320162869455627,2
2021-01-05,cl1s,1,0.27285770885626165,2
2021-01-05,rb1s,1,0.13235199119305793,2
2021-01-06,rb1s,0,0.0982560087472788,2
2021-01-06,cl1s,1,0.1795162263272875,2
2021-01-07,cl1s,1,0.25111207339463754,2
2021-01-07,rb1s,0,0.11597110430997165,2
2021-01-08,rb1s,0,0.10741671883091822,2
2021-01-08,cl1s,1,0.1903354261353662,2
2021-01-11,cl1s,1,0.3945606917912697,2
2021-01-11,rb1s,0,0.166747238244476,2
2021-01-12,rb1s,0,0.1486338904682494,2
2021-01-13,rb1s,0,0.1416882285717117,2
2021-01-14,rb1s,0,0.12078605333116657,2
2021-01-15,cl1s,1,0.31368140315794085,2
2021-01-15,rb1s,0,0.2855803098294176,2
2021-01-19,rb1s,0,0.1561307384328051,2
2021-01-19,cl1s,1,0.31529843517766115,2
2021-01-20,cl1s,0,0.20226590703221695,2
2021-01-20,rb1s,0,0.09719051733217475,2
2021-01-21,cl1s,0,0.15039542399540332,2
2021-01-21,rb1s,0,0.07937878459877633,2
2021-01-22,rb1s,0,0.289954151196208,2
2021-01-25,rb1s,0,0.32535650503359287,2
2021-01-26,rb1s,0,0.3022487730937166,2
2021-01-27,rb1s,0,0.25699157573675796,2
2021-01-28,rb1s,0,0.32698631466758893,2
2021-01-29,rb1s,0,0.4063131478279157,2
2021-02-01,rb1s,0,0.5720569877039943,2
2021-02-02,rb1s,0,0.34361020093760963,2
2021-02-03,rb1s,0,0.10774486571424932,2
2021-02-04,rb1s,0,0.1793488232515157,2
2021-02-04,cl1s,0,0.2109654941637696,2
2021-02-05,cl1s,0,0.22576458262673013,2
2021-02-05,rb1s,0,0.18812968400786212,2
2021-02-08,rb1s,0,0.07017115011364992,2
2021-02-08,cl1s,0,0.24066446752836973,2
2021-02-09,rb1s,0,0.08796578294930528,2
2021-02-09,cl1s,0,0.1819536197720132,2
2021-02-10,rb1s,0,0.1212096835182218,2
2021-02-10,cl1s,1,0.18365971320639676,2
2021-02-11,rb1s,0,0.14867904961395548,2
2021-02-11,cl1s,0,0.21285809307445983,2
2021-02-12,cl1s,0,0.1964635136085606,2
2021-02-12,rb1s,0,0.055530502995697235,2
2021-02-16,ng1s,0,0.12570870370507067,2
2021-02-16,rb1s,0,0.08979524796139308,2
2021-02-16,cl1s,0,0.20288752211886749,2
2021-02-17,rb1s,0,0.06513783808238624,2
2021-02-17,cl1s,1,0.18147233698046528,2
2021-02-18,rb1s,0,0.12539187315258501,2
2021-02-18,cl1s,1,0.20768324539041386,2
2021-02-19,rb1s,0,0.3747867417394894,2
2021-02-19,cl1s,0,0.27342618445181005,2
2021-02-22,cl1s,1,0.27241988029945974,2
2021-02-22,rb1s,0,0.2554636931271594,2
2021-02-23,cl1s,0,0.20163578781035663,2
2021-02-23,rb1s,0,0.1749617497684682,2
2021-02-24,rb1s,0,0.22664022422273394,2
2021-02-24,cl1s,0,0.220742704015417,2
2021-02-25,cl1s,1,0.3103707932794065,2
2021-02-25,rb1s,0,0.260723283970058,2
2021-02-26,rb1s,0,0.17328618452557082,2
2021-03-01,rb1s,0,0.48529917605646017,2
2021-03-02,rb1s,0,0.3734529013116344,2
2021-03-03,rb1s,0,0.2977176746558442,2
2021-03-04,rb1s,0,0.25778528368327586,2
2021-03-05,rb1s,0,0.22466271708177232,2
2021-03-05,cl1s,1,0.19533166328163815,2
2021-03-08,cl1s,1,0.23339703027411424,2
2021-03-08,rb1s,0,0.23623919084632036,2
2021-03-09,rb1s,0,0.31982021735969096,2
2020-01-30,cl1s,1,0.6128315108574204,3
2020-01-30,rb1s,0,0.4688485257508306,3
2020-01-31,cl1s,1,0.6811735447329907,3
2020-01-31,rb1s,0,0.4993109294887503,3
2020-01-31,ho1s,0,0.9728543617323927,3
2020-02-03,rb1s,0,0.8016349206725207,3
2020-02-03,ho1s,1,0.9852432059627885,3
2020-02-04,rb1s,1,0.6598153817687092,3
2020-02-04,ho1s,1,0.9626421014869995,3
2020-02-05,cl1s,1,0.7221435709911926,3
2020-02-05,rb1s,1,0.6540025255771394,3
2020-02-06,cl1s,0,0.7465418052110082,3
2020-02-06,rb1s,1,0.7268874283133877,3
2020-02-07,cl1s,0,0.8741283217576945,3
2020-02-07,rb1s,0,0.8294264699941042,3
2020-02-10,cl1s,1,0.8953626448760301,3
2020-02-10,rb1s,0,0.7342857686872486,3
2020-02-11,rb1s,1,0.6617474683472989,3
2020-02-11,cl1s,1,0.8801994370813173,3
2020-02-12,rb1s,1,0.4934523211822125,3
2020-02-12,cl1s,1,0.7694248619367936,3
2020-02-13,cl1s,1,0.7229635049618528,3
2020-02-13,rb1s,1,0.41494964597530315,3
2020-02-14,cl1s,0,0.7197988866748966,3
2020-02-14,rb1s,1,0.43608956952629324,3
2020-02-18,cl1s,1,0.6938159612049578,3
2020-02-18,rb1s,0,0.4561704760777149,3
2020-02-19,rb1s,1,0.304965426916153,3
2020-02-19,cl1s,1,0.6403588420382396,3
2020-02-20,rb1s,1,0.2819093216198007,3
2020-02-20,cl1s,0,0.6220671878181276,3
2020-02-21,cl1s,0,0.645161195554874,3
2020-02-21,rb1s,0,0.3796955711209117,3
2020-02-24,rb1s,0,0.6424002474857283,3
2020-02-24,cl1s,0,0.7517413074144748,3
2020-02-25,cl1s,0,0.6915214334825704,3
2020-02-25,rb1s,0,0.5208866225679724,3
2020-02-26,cl1s,0,0.45354102955317604,3
2020-02-26,rb1s,0,0.3932397270621016,3
2020-02-27,rb1s,0,0.2046358808647899,3
2020-02-27,cl1s,0,0.15296041522774995,3
2020-02-28,rb1s,0,0.07276786342606555,3
2020-02-28,cl1s,1,0.07922489534606869,3
2020-03-02,rb1s,0,0.08293469724552921,3
2020-03-03,rb1s,0,0.07264802995277102,3
2020-03-04,rb1s,0,0.08757972055264196,3
2020-03-05,rb1s,0,0.08034437906448592,3
2020-03-06,rb1s,0,0.09334257172409602,3
2020-03-09,ho1s,1,0.3318120908569687,3
2020-03-09,rb1s,0,0.17287922838096548,3
2020-03-10,rb1s,0,0.3369865319071586,3
2020-03-11,rb1s,1,0.3816034562073882,3
2020-03-12,rb1s,0,0.3568324855044863,3
2020-03-13,rb1s,0,0.8376342823083683,3
2020-03-16,rb1s,0,0.8075632071663149,3
2020-03-17,rb1s,1,0.9302592512531381,3
2020-03-18,rb1s,0,0.9064598467307158,3
2020-03-18,cl1s,1,0.5997010645448086,3
2020-03-19,rb1s,1,0.9585770984197582,3
2020-03-20,cl1s,1,0.40698568798412393,3
2020-03-20,rb1s,1,0.8892169579609802,3
2020-03-23,cl1s,1,0.6448139856972003,3
2020-03-23,rb1s,0,0.9665537027813955,3
2020-03-24,rb1s,0,0.7475495724693955,3
2020-03-24,cl1s,1,0.2757773129058178,3
2020-03-25,rb1s,0,0.41656687609846255,3
2020-03-26,rb1s,0,0.10166962114426818,3
2020-03-26,cl1s,0,0.13160075467975318,3
2020-03-27,rb1s,0,0.11079938806376068,3
2020-03-27,cl1s,0,0.22711543637260193,3
2020-03-30,cl1s,1,0.3424907404221449,3
2020-03-30,rb1s,0,0.14252596802383638,3
2020-03-31,rb1s,0,0.7635508923022564,3
2020-04-01,rb1s,0,0.8605432658140457,3
2020-04-02,rb1s,0,0.6074700394353839,3
2020-04-03,rb1s,0,0.854693396183625,3
2020-04-06,rb1s,1,0.70787721348338,3
2020-04-07,rb1s,0,0.5942260266054689,3
2020-04-08,rb1s,0,0.5132588464965463,3
2020-04-09,rb1s,0,0.5944297336881317,3
2020-04-13,rb1s,0,0.5926772659087585,3
2020-04-14,rb1s,0,0.7839967589750463,3
2020-04-15,rb1s,0,0.7557699323429853,3
2020-04-15,ho1s,0,0.9476203703995418,3
2020-04-16,rb1s,0,0.8972663717862699,3
2020-04-16,ho1s,0,0.9781027441946265,3
2020-04-17,rb1s,0,0.8901251541285746,3
2020-04-20,rb1s,0,0.9605611747304014,3
2020-04-21,cl1s,1,0.1553521968437418,3
2020-04-21,ho1s,1,0.9558247847486703,3
2020-04-21,rb1s,1,0.9221763767097659,3
2020-04-22,cl1s,1,0.46667586013555823,3
2020-04-22,rb1s,1,0.8335502242447674,3
2020-04-23,rb1s,1,0.6588628250872565,3
2020-04-23,cl1s,1,0.8886676544165661,3
2020-04-24,cl1s,0,0.9165212118467048,3
2020-04-24,rb1s,1,0.7779159504774309,3
2020-04-27,cl1s,0,0.8831367450216904,3
2020-04-27,rb1s,1,0.6829622130528343,3
2020-04-28,cl1s,1,0.9256257544512818,3
2020-04-28,rb1s,1,0.7158471572162906,3
2020-04-29,cl1s,1,0.9560518076761242,3
2020-04-29,rb1s,1,0.42980983613426715,3
2020-04-30,rb1s,0,0.575723182187911,3
2020-04-30,cl1s,1,0.9771751275730733,3
2020-05-01,cl1s,1,0.9767540111542655,3
2020-05-01,rb1s,0,0.6608574860009373,3
2020-05-04,cl1s,1,0.9936846575575293,3
2020-05-04,rb1s,1,0.9023419850148862,3
2020-05-05,rb1s,0,0.7002163534760998,3
2020-05-05,ng1s,1,0.46367580235270245,3
2020-05-05,cl1s,0,0.9883638615306611,3
2020-05-06,rb1s,0,0.6633198393426419,3
2020-05-06,ng1s,1,0.7068802410567765,3
2020-05-06,cl1s,0,0.9830868609885238,3
2020-05-07,rb1s,0,0.4156542150034014,3
2020-05-07,cl1s,1,0.9873675325149546,3
2020-05-07,ng1s,1,0.8845253764746472,3
2020-05-08,rb1s,0,0.6170817545867519,3
2020-05-08,cl1s,0,0.9915129093471649,3
2020-05-08,ng1s,0,0.7988189064761416,3
2020-05-11,rb1s,0,0.7108549222970082,3
2020-05-11,ng1s,1,0.9979039503694633,3
2020-05-11,cl1s,1,0.9849200508350486,3
2020-05-12,ng1s,1,0.8434353700183715,3
2020-05-12,rb1s,0,0.6351797324649723,3
2020-05-12,cl1s,0,0.9778097121170161,3
2020-05-13,rb1s,1,0.6870494789039941,3
2021-03-10,rb1s,0,0.0665619728545011,3
2021-03-11,rb1s,0,0.04006391060522414,3
2021-03-12,rb1s,1,0.03174399714468783,3
2021-03-15,rb1s,1,0.17739614833105602,3
2021-03-16,rb1s,1,0.21440754214860017,3
2021-03-17,rb1s,1,0.2842021837736681,3
2021-03-18,rb1s,0,0.646076636399999,3
2021-03-19,rb1s,0,0.6692872562303945,3
2021-03-22,rb1s,0,0.5619403285990325,3
2021-03-23,rb1s,0,0.6503740046772941,3
2021-03-24,rb1s,0,0.6246375871186973,3
2021-03-25,rb1s,1,0.6782209690125061,3
2021-03-26,rb1s,0,0.5723031721536654,3
2021-03-29,rb1s,0,0.6108316986082882,3
2021-03-30,rb1s,0,0.4877692809789575,3
2021-03-31,rb1s,0,0.5043739660635338,3
2021-04-01,rb1s,0,0.2643841297678107,3
2021-04-05,rb1s,0,0.7510392478500011,3
2021-04-06,rb1s,0,0.5994814275723274,3
2021-04-07,rb1s,0,0.4251372608746033,3
2021-04-08,rb1s,0,0.44880253505882406,3
2021-04-09,rb1s,0,0.3703837461786211,3
2021-04-12,rb1s,0,0.3634404818596595,3
2021-04-13,rb1s,0,0.17398842277963886,3
2021-04-14,rb1s,0,0.09814933589871953,3
2021-04-15,rb1s,0,0.05627835081731245,3
2021-04-15,cl1s,0,0.8677258176938305,3
2021-04-16,rb1s,0,0.029676761824650972,3
2021-04-16,cl1s,1,0.7504232364816371,3
2021-04-19,cl1s,0,0.777033778914636,3
2021-04-19,rb1s,0,0.03958877669603388,3
2021-04-20,rb1s,0,0.061492127469935126,3
2021-04-20,cl1s,0,0.7395705458418856,3
2021-04-21,cl1s,1,0.8081231163595114,3
2021-04-21,rb1s,0,0.10289870667394593,3
2021-04-22,rb1s,0,0.11609755439737028,3
2021-04-22,cl1s,1,0.7486103767862897,3
2021-04-23,rb1s,0,0.1780462673180276,3
2021-04-23,cl1s,0,0.7990279140886726,3
2021-04-26,cl1s,1,0.8289080683047443,3
2021-04-26,rb1s,0,0.3887135028533905,3
2021-04-27,cl1s,1,0.6714103903504451,3
2021-04-27,rb1s,0,0.13232384488946755,3
2021-04-28,cl1s,1,0.6139896536392515,3
2021-04-28,rb1s,0,0.043070786802311856,3
2021-04-29,rb1s,0,0.03515909095866249,3
2021-04-29,cl1s,0,0.40096879895624093,3
2021-04-30,cl1s,1,0.618580804716411,3
2021-04-30,rb1s,0,0.0670237342669971,3
2021-05-03,cl1s,1,0.6958520628832724,3
2021-05-03,rb1s,0,0.3156644926664321,3
2021-05-04,cl1s,0,0.6422504441798521,3
2021-05-04,rb1s,0,0.11049537497162779,3
2021-05-05,rb1s,0,0.161147263920847,3
2021-05-05,cl1s,0,0.5641469785501726,3
2021-05-06,rb1s,0,0.18427918564850823,3
2021-05-07,rb1s,0,0.26933559522179285,3
2021-05-10,rb1s,0,0.2736792488687062,3
2021-05-11,rb1s,0,0.26497391409855897,3
2021-05-12,rb1s,1,0.11587057304865434,3
2021-05-12,cl1s,0,0.5053475204015763,3
2021-05-13,rb1s,0,0.5593611503406807,3
2021-05-14,rb1s,0,0.3779764114198435,3
2021-05-14,cl1s,1,0.7263992021361412,3
2021-05-17,cl1s,0,0.5171144069721051,3
2021-05-17,rb1s,0,0.4392356576447833,3
2021-05-18,rb1s,0,0.38990210736434733,3
2021-05-19,cl1s,0,0.6849508369628593,3
2021-05-19,rb1s,0,0.5061005760736852,3
2021-05-20,cl1s,1,0.8004568062690249,3
2021-05-20,rb1s,1,0.4864652558258159,3
2021-05-21,cl1s,1,0.8382827166545753,3
2021-05-21,rb1s,1,0.5433259247364053,3
2021-05-24,rb1s,0,0.38638289517836916,3
2021-05-24,cl1s,1,0.6290966366980615,3
2021-05-25,rb1s,0,0.2812943800388728,3
2021-05-25,cl1s,1,0.3892000379863932,3
2021-05-26,rb1s,0,0.20520033534429452,3
2021-05-26,cl1s,1,0.34841002671849086,3
2021-05-27,rb1s,0,0.2092910918373337,3
2021-05-27,cl1s,0,0.5513188826342891,3
2021-05-28,rb1s,0,0.331116868742491,3
2021-05-28,cl1s,1,0.4945570397445424,3
2021-06-01,cl1s,1,0.5417924041608433,3
2021-06-01,rb1s,0,0.28071952687127116,3
2021-06-02,rb1s,0,0.06952353631116383,3
2021-06-02,cl1s,0,0.49215537918335045,3
2021-06-03,rb1s,0,0.029847465109900644,3
2021-06-03,cl1s,1,0.478268210406167,3
2021-06-04,cl1s,0,0.5343822095719305,3
2021-06-04,rb1s,0,0.04488716177771972,3
2021-06-07,cl1s,1,0.634883970132078,3
2021-06-07,rb1s,0,0.09459657923023455,3
2021-06-08,cl1s,0,0.6392951006096946,3
2021-06-08,rb1s,0,0.07772329286637512,3
2021-06-09,cl1s,1,0.6750771669084927,3
2021-06-09,rb1s,0,0.09866604396770254,3
2021-06-10,cl1s,1,0.7563399917714165,3
2021-06-10,rb1s,0,0.1504706353959202,3
2021-06-11,rb1s,0,0.4882652515772794,3
2021-06-14,rb1s,0,0.5352762941309492,3
2021-06-15,cl1s,1,0.8655306475098636,3
2021-06-15,rb1s,0,0.32415988346555175,3
2021-06-16,rb1s,0,0.33895749834795547,3
2021-06-16,cl1s,0,0.8248917029189109,3
2021-06-17,rb1s,0,0.5617988080765516,3
2021-06-17,ho1s,1,0.9276396413365726,3
2021-06-17,cl1s,1,0.8960904294306419,3
2021-06-18,rb1s,0,0.407573717198042,3
2021-06-18,cl1s,1,0.6887681333827559,3
2021-06-21,rb1s,0,0.5025326916867666,3
2021-06-21,cl1s,0,0.6801751548254653,3
2021-06-22,rb1s,0,0.2904325047703177,3
2021-06-22,cl1s,1,0.6756862201875506,3
2021-06-23,rb1s,0,0.17277383161964285,3
2021-06-24,cl1s,1,0.535101862547315,3
2021-06-24,rb1s,1,0.12123733981895139,3
2021-06-25,rb1s,0,0.27854791948060564,3
2021-06-25,cl1s,0,0.5775607525986931,3
2021-06-28,rb1s,0,0.6191536769098467,3
2021-06-28,ho1s,1,0.91150594043764,3
2021-06-28,cl1s,1,0.8479560095518112,3
2021-06-29,ho1s,1,0.8812039854527566,3
2021-06-29,rb1s,0,0.4026776548189417,3
2021-06-29,cl1s,1,0.8487047125911932,3
2021-06-30,cl1s,1,0.724880185957425,3
2021-06-30,rb1s,0,0.36362578299370935,3
2021-07-01,cl1s,0,0.6237606618573802,3
2020-01-30,cl1s,1,0.30193511542083934,4
2020-01-30,rb1s,0,0.14497158858220227,4
2020-01-31,cl1s,1,0.49351982949064466,4
2020-01-31,rb1s,0,0.21442963262068443,4
2020-01-31,ho1s,0,0.9412851244417962,4
2020-02-03,rb1s,0,0.39763497617437593,4
2020-02-03,ho1s,1,0.9394846610658124,4
2020-02-04,rb1s,1,0.18926736387467177,4
2020-02-04,ho1s,1,0.8713651194440989,4
2020-02-05,cl1s,1,0.46650694729265907,4
2020-02-05,rb1s,1,0.17275933626569945,4
2020-02-06,cl1s,0,0.5517110730474659,4
2020-02-06,rb1s,1,0.279276970124709,4
2020-02-07,cl1s,0,0.6386180816925845,4
2020-02-07,rb1s,0,0.4895107231716329,4
2020-02-10,cl1s,1,0.6406520377467971,4
2020-02-10,rb1s,0,0.2649457526778244,4
2020-02-11,rb1s,1,0.16485040152385716,4
2020-02-11,cl1s,1,0.6108786572390673,4
2020-02-12,rb1s,1,0.11796310209109478,4
2020-02-12,cl1s,1,0.4246268353332123,4
2020-02-13,cl1s,1,0.2803145484418963,4
2020-02-13,rb1s,1,0.08201480609208739,4
2020-02-14,cl1s,0,0.22703323139543174,4
2020-02-14,rb1s,1,0.08045171969706047,4
2020-02-18,cl1s,1,0.34453903773109895,4
2020-02-18,rb1s,0,0.09430313097817013,4
2020-02-19,rb1s,1,0.06421874169995358,4
2020-02-19,cl1s,1,0.2742472576392653,4
2020-02-20,rb1s,1,0.050949624229628655,4
2020-02-20,cl1s,0,0.2295971419387597,4
2020-02-21,cl1s,0,0.36858690619805357,4
2020-02-21,rb1s,0,0.148606905186128,4
2020-02-24,rb1s,0,0.26498603498475176,4
2020-02-24,cl1s,0,0.561463563183465,4
2020-02-25,cl1s,0,0.5214475331175936,4
2020-02-25,rb1s,0,0.2689196448867664,4
2020-02-26,cl1s,0,0.29620422565415805,4
2020-02-26,rb1s,0,0.15908235440875387,4
2020-02-27,rb1s,0,0.050011501050029925,4
2020-02-27,cl1s,0,0.10397632789709546,4
2020-02-28,rb1s,0,0.021573447268597504,4
2020-02-28,cl1s,1,0.06386238024835951,4
2020-03-02,rb1s,0,0.0015589023273631514,4
2020-03-03,rb1s,0,0.0011527527496555722,4
2020-03-04,rb1s,0,0.0013885181841195521,4
2020-03-05,rb1s,0,0.0017958168372406579,4
2020-03-06,rb1s,0,0.0041015534361352555,4
2020-03-09,ho1s,1,0.020160334432518856,4
2020-03-09,rb1s,0,0.007144332272202801,4
2020-03-10,rb1s,0,0.023401828365888427,4
2020-03-11,rb1s,1,0.019460554122938362,4
2020-03-12,rb1s,0,0.010451486751861213,4
2020-03-13,rb1s,0,0.03731894649989861,4
2020-03-16,rb1s,0,0.03937614065792437,4
2020-03-17,rb1s,1,0.03431707327431456,4
2020-03-18,rb1s,0,0.060317146565696846,4
2020-03-18,cl1s,1,0.01341779443953439,4
2020-03-19,rb1s,1,0.12220680531591888,4
2020-03-20,cl1s,1,0.018049320253756235,4
2020-03-20,rb1s,1,0.05874241044669522,4
2020-03-23,cl1s,1,0.035337203313160655,4
2020-03-23,rb1s,0,0.0571048232704437,4
2020-03-24,rb1s,0,0.00843229569030719,4
2020-03-24,cl1s,1,0.00798642973819498,4
2020-03-25,rb1s,0,0.005458486919992348,4
2020-03-26,rb1s,0,0.0019472196552937516,4
2020-03-26,cl1s,0,0.002886801627228154,4
2020-03-27,rb1s,0,0.003998556496508441,4
2020-03-27,cl1s,0,0.005163123603644222,4
2020-03-30,cl1s,1,0.010430193150967519,4
2020-03-30,rb1s,0,0.0053193265928391095,4
2020-03-31,rb1s,0,0.8369607761383824,4
2020-04-01,rb1s,0,0.86363381475309,4
2020-04-02,rb1s,0,0.4999954179437942,4
2020-04-03,rb1s,0,0.8895810823369569,4
2020-04-06,rb1s,1,0.6742631026540977,4
2020-04-07,rb1s,0,0.5521674932425673,4
2020-04-08,rb1s,0,0.4006653518907755,4
2020-04-09,rb1s,0,0.6382958733378344,4
2020-04-13,rb1s,0,0.5004456525703203,4
2020-04-14,rb1s,0,0.7815427617774204,4
2020-04-15,rb1s,0,0.7250064853967206,4
2020-04-15,ho1s,0,0.9341440762745821,4
2020-04-16,rb1s,0,0.863424670962512,4
2020-04-16,ho1s,0,0.9759450720978414,4
2020-04-17,rb1s,0,0.8513068472106251,4
2020-04-20,rb1s,0,0.9255587503955093,4
2020-04-21,cl1s,1,0.0030160607399993774,4
2020-04-21,ho1s,1,0.789112444994878,4
2020-04-21,rb1s,1,0.6268765253557088,4
2020-04-22,cl1s,1,0.0980374047358779,4
2020-04-22,rb1s,1,0.5388315491750961,4
2020-04-23,rb1s,1,0.6242370463589137,4
2020-04-23,cl1s,1,0.7470107536549218,4
2020-04-24,cl1s,0,0.9178887258120455,4
2020-04-24,rb1s,1,0.7548027244075796,4
2020-04-27,cl1s,0,0.7990234842736916,4
2020-04-27,rb1s,1,0.6361480525915556,4
2020-04-28,cl1s,1,0.8897181305709977,4
2020-04-28,rb1s,1,0.7503377478847306,4
2020-04-29,cl1s,1,0.9402286327118151,4
2020-04-29,rb1s,1,0.4824335898921818,4
2020-04-30,rb1s,0,0.7218268082767647,4
2020-04-30,cl1s,1,0.9804478155882572,4
2020-05-01,cl1s,1,0.9802870600371824,4
2020-05-01,rb1s,0,0.7283212241619617,4
2020-05-04,cl1s,1,0.9908738882859943,4
2020-05-04,rb1s,1,0.9127608705492646,4
2020-05-05,rb1s,0,0.6487083545110809,4
2020-05-05,ng1s,1,0.6471846866504941,4
2020-05-05,cl1s,0,0.9866356099871169,4
2020-05-06,rb1s,0,0.5537819465198175,4
2020-05-06,ng1s,1,0.685789001709737,4
2020-05-06,cl1s,0,0.9802434917157319,4
2020-05-07,rb1s,0,0.24502562239630227,4
2020-05-07,cl1s,1,0.9720032263915501,4
2020-05-07,ng1s,1,0.8298419534399861,4
2020-05-08,rb1s,0,0.5759423769365501,4
2020-05-08,cl1s,0,0.9888598586223697,4
2020-05-08,ng1s,0,0.7313493349016026,4
2020-05-11,rb1s,0,0.6185516191973398,4
2020-05-11,ng1s,1,0.9691892267696867,4
2020-05-11,cl1s,1,0.9777531213596184,4
2020-05-12,ng1s,1,0.8072528735142931,4
2020-05-12,rb1s,0,0.5888814612751133,4
2020-05-12,cl1s,0,0.9596040264592807,4
2020-05-13,rb1s,1,0.6169343752138926,4
2021-07-01,rb1s,0,0.04155454601138371,4
2021-07-02,rb1s,1,0.040597611511219156,4
2021-07-02,cl1s,0,0.4162128092969265,4
2021-07-06,cl1s,0,0.7472220283247808,4
2021-07-06,rb1s,0,0.0800969532993265,4
2021-07-07,rb1s,0,0.039071600043543195,4
2021-07-07,cl1s,1,0.6955736328396523,4
2021-07-07,ho1s,1,0.5000130891160225,4
2021-07-08,rb1s,0,0.03626991263482454,4
2021-07-08,cl1s,1,0.7211633997262841,4
2021-07-08,ho1s,1,0.5175675902103595,4
2021-07-09,rb1s,0,0.025002367185600352,4
2021-07-09,cl1s,0,0.662472910505128,4
2021-07-12,rb1s,0,0.067110880459825,4
2021-07-12,cl1s,1,0.7601948567101755,4
2021-07-13,rb1s,1,0.04151573401694271,4
2021-07-13,cl1s,0,0.46384999065053806,4
2021-07-14,cl1s,0,0.4814498899627035,4
2021-07-14,rb1s,1,0.06417735908807509,4
2021-07-15,cl1s,1,0.3677421924206484,4
2021-07-15,rb1s,1,0.03987937218366195,4
2021-07-16,rb1s,1,0.03191055692770939,4
2021-07-16,cl1s,0,0.31874000500390454,4
2021-07-19,rb1s,1,0.17382784754400685,4
2021-07-19,cl1s,1,0.8981753908794771,4
2021-07-20,rb1s,1,0.21672428804113997,4
2021-07-20,cl1s,1,0.8113623456045951,4
2021-07-21,rb1s,1,0.053836043462485265,4
2021-07-21,cl1s,1,0.450120200921671,4
2021-07-22,rb1s,1,0.08178695886466521,4
2021-07-22,cl1s,1,0.4178570295452779,4
2021-07-23,rb1s,0,0.11090900157441178,4
2021-07-23,cl1s,0,0.38953664595522786,4
2021-07-26,rb1s,0,0.19194176986221392,4
2021-07-26,cl1s,0,0.5328160549559003,4
2021-07-27,rb1s,0,0.10596129287581148,4
2021-07-27,cl1s,1,0.25350840538824027,4
2021-07-28,cl1s,1,0.2558720827462068,4
2021-07-28,rb1s,0,0.07651802868620838,4
2021-07-29,rb1s,0,0.06580995753098728,4
2021-07-29,cl1s,1,0.1594055108933097,4
2021-07-30,rb1s,0,0.03841252587173945,4
2021-07-30,cl1s,0,0.31341830787549885,4
2021-08-02,rb1s,0,0.038142839031173596,4
2021-08-02,cl1s,0,0.4509684474776093,4
2021-08-03,cl1s,0,0.4780861051162175,4
2021-08-03,rb1s,0,0.06213673242749536,4
2021-08-04,rb1s,0,0.07475930787573755,4
2021-08-04,cl1s,1,0.5034365243041359,4
2021-08-05,cl1s,0,0.40893087642884324,4
2021-08-05,rb1s,0,0.09205271740211306,4
2021-08-06,cl1s,0,0.45858928534153404,4
2021-08-06,rb1s,0,0.16273880375931346,4
2021-08-09,cl1s,1,0.5513726908047897,4
2021-08-09,rb1s,0,0.2568232242621902,4
2021-08-10,rb1s,0,0.1917329154523656,4
2021-08-10,cl1s,1,0.3963505889196626,4
2021-08-11,cl1s,0,0.4230882100912281,4
2021-08-11,rb1s,0,0.11255984779284335,4
2021-08-12,cl1s,0,0.17415302887766806,4
2021-08-12,rb1s,0,0.09344300065764043,4
2021-08-13,rb1s,0,0.04683158067621772,4
2021-08-13,cl1s,0,0.17136813761409214,4
2021-08-16,cl1s,0,0.4875557218847296,4
2021-08-16,rb1s,0,0.2620622569804198,4
2021-08-17,cl1s,0,0.2666073312525283,4
2021-08-17,rb1s,0,0.1955156727877413,4
2021-08-18,cl1s,0,0.26611769167057564,4
2021-08-18,rb1s,0,0.2761039637218519,4
2021-08-19,rb1s,0,0.1828709707814446,4
2021-08-19,cl1s,0,0.36509412842451916,4
2021-08-20,rb1s,1,0.22799195842696826,4
2021-08-20,cl1s,1,0.4884252190426267,4
2021-08-23,rb1s,1,0.18275801019540555,4
2021-08-23,cl1s,1,0.528814705432999,4
2021-08-24,cl1s,1,0.23524572520994685,4
2021-08-24,rb1s,1,0.04799585554770915,4
2021-08-25,rb1s,0,0.08776963566592087,4
2021-08-25,cl1s,0,0.1808399442976787,4
2021-08-26,rb1s,1,0.10338371554875082,4
2021-08-26,cl1s,1,0.22255358006146453,4
2021-08-27,rb1s,0,0.07194222364723507,4
2021-08-27,cl1s,1,0.1400405720420932,4
2021-08-30,rb1s,0,0.0824372322147931,4
2021-08-30,cl1s,0,0.158285800766648,4
2021-08-31,cl1s,1,0.15227901567279162,4
2021-08-31,rb1s,0,0.10746330087583147,4
2021-09-01,rb1s,1,0.07121758454522784,4
2021-09-01,cl1s,1,0.12296343720395131,4
2021-09-02,rb1s,0,0.04206259576599655,4
2021-09-02,cl1s,0,0.09270915226761385,4
2021-09-03,rb1s,0,0.030070962887199355,4
2021-09-03,cl1s,0,0.09811827069371698,4
2021-09-07,rb1s,0,0.04635084845944383,4
2021-09-07,cl1s,1,0.220162844923303,4
2021-09-08,cl1s,0,0.14979312331068792,4
2021-09-08,rb1s,0,0.030942472344001395,4
2021-09-09,rb1s,1,0.02258234298362579,4
2021-09-09,cl1s,1,0.16525830435250152,4
2021-09-10,cl1s,1,0.16007222685847006,4
2021-09-10,rb1s,0,0.023294090043454393,4
2021-09-13,rb1s,0,0.05034508438626934,4
2021-09-13,cl1s,1,0.18475174125986327,4
2021-09-14,cl1s,1,0.2703427501841116,4
2021-09-14,rb1s,0,0.0789859731368544,4
2021-09-15,rb1s,0,0.0500803076453077,4
2021-09-15,cl1s,1,0.37571671897709,4
2021-09-16,cl1s,0,0.14844464334331195,4
2021-09-16,rb1s,0,0.035301862817697434,4
2021-09-17,cl1s,0,0.3103681022693134,4
2021-09-17,rb1s,0,0.06593277842989827,4
2021-09-20,rb1s,1,0.18070141825241645,4
2021-09-20,cl1s,1,0.42543484663840747,4
2021-09-21,cl1s,1,0.5323138327995308,4
2021-09-21,rb1s,1,0.23615532569667433,4
2021-09-22,cl1s,1,0.2448913554238477,4
2021-09-22,rb1s,1,0.08537700218743159,4
2021-09-23,cl1s,1,0.14220715392871802,4
2021-09-23,rb1s,0,0.04714027815271727,4
2021-09-24,rb1s,1,0.17241797483155766,4
2021-09-24,cl1s,1,0.3157062083779927,4
2021-09-27,rb1s,0,0.21919496790776713,4
2021-09-27,cl1s,0,0.3861652766715631,4
2021-09-28,rb1s,1,0.06225329180408427,4
2021-09-28,cl1s,0,0.19131967848558495,4
2021-09-29,rb1s,1,0.05089275885366796,4
2021-09-29,cl1s,1,0.1997043990750065,4
2021-09-30,cl1s,1,0.11291667198628294,4
2021-09-30,rb1s,1,0.029933549054252374,4
2021-10-01,rb1s,1,0.09910459367580775,4
2021-10-01,cl1s,1,0.19144271437720037,4
2021-10-04,cl1s,1,0.20307400755580648,4
2021-10-04,rb1s,0,0.05547231889172902,4
2020-05-13,cl1s,1,0.3150154498053934,5
2020-05-14,rb1s,0,0.19389818518231866,5
2020-05-14,cl1s,1,0.18279479705783114,5
2020-05-14,ng1s,1,0.7615558352412847,5
2020-05-15,rb1s,0,0.10286916167443257,5
2020-05-15,ng1s,0,0.5501555129697543,5
2020-05-18,rb1s,0,0.24255533682469904,5
2020-05-18,ho1s,1,0.14732331283444516,5
2020-05-18,ng1s,0,0.691877544642537,5
2020-05-19,rb1s,0,0.29741095916783417,5
2020-05-19,cl1s,1,0.30938583917050894,5
2020-05-19,ng1s,1,0.8405655372533501,5
2020-05-20,ho1s,1,0.34010059364494405,5
2020-05-20,rb1s,0,0.37246528207378626,5
2020-05-20,ng1s,1,0.7728731704198083,5
2020-05-21,ng1s,0,1.7400456857979844e-07,5
2020-05-21,rb1s,0,0.26891655375515644,5
2020-05-22,rb1s,0,0.3079737417721294,5
2020-05-26,rb1s,0,0.26296188597958137,5
2020-05-27,cl1s,1,0.37272702233560867,5
2020-05-27,ng1s,1,0.6872592666831743,5
2020-05-27,rb1s,0,0.345428626461928,5
2020-05-28,ng1s,0,0.3813388268660958,5
2020-05-28,cl1s,1,0.27930354433101934,5
2020-05-28,rb1s,0,0.25160069881925506,5
2020-05-29,ng1s,1,0.32049967040786415,5
2020-05-29,rb1s,0,0.2755877409273898,5
2020-06-01,rb1s,0,0.2964251522811835,5
2020-06-01,ng1s,0,0.704994673623795,5
2020-06-02,rb1s,0,0.45111163543157573,5
2020-06-02,ng1s,0,0.5419723003121603,5
2020-06-03,rb1s,0,0.39725651856122807,5
2020-06-04,cl1s,1,0.3334569051825723,5
2020-06-04,rb1s,0,0.46699529712462967,5
2020-06-05,cl1s,0,0.42782209397060406,5
2020-06-05,rb1s,0,0.38144609614797087,5
2020-06-08,rb1s,0,0.4379837290757671,5
2020-06-08,cl1s,1,0.46605032762789184,5
2020-06-09,rb1s,0,0.48435796482600724,5
2020-06-09,cl1s,1,0.48009456216126284,5
2020-06-10,cl1s,0,0.3174874041726526,5
2020-06-10,rb1s,0,0.5017628190709074,5
2020-06-11,rb1s,0,0.4743986488541202,5
2020-06-11,cl1s,0,0.4029823904439278,5
2020-06-12,cl1s,1,0.3980490930404778,5
2020-06-12,rb1s,1,0.36469215069145444,5
2020-06-15,rb1s,1,0.3415723166031038,5
2020-06-16,rb1s,0,0.40762028914849296,5
2020-06-17,rb1s,0,0.4736878466892939,5
2020-06-17,cl1s,1,0.5800852295549006,5
2020-06-18,cl1s,1,0.5463925411458861,5
2020-06-18,rb1s,0,0.45004391163289886,5
2020-06-19,rb1s,0,0.40465520217986173,5
2020-06-19,cl1s,1,0.26258260381255843,5
2020-06-22,cl1s,0,0.485937867194363,5
2020-06-22,rb1s,1,0.5763354075285831,5
2020-06-23,rb1s,1,0.40187636207630806,5
2020-06-23,cl1s,0,0.4198581332924641,5
2020-06-24,cl1s,1,0.37252339807197793,5
2020-06-24,rb1s,0,0.44601002424851477,5
2020-06-25,cl1s,0,0.3145138949512837,5
2020-06-25,rb1s,0,0.30544564705786886,5
2020-06-26,cl1s,1,0.3047196402919341,5
2020-06-26,rb1s,1,0.29712573449894836,5
2020-06-29,cl1s,0,0.34703807440511225,5
2020-06-29,rb1s,1,0.31810571572795004,5
2020-06-30,rb1s,1,0.5240677200719449,5
2020-06-30,cl1s,1,0.5724749229757581,5
2020-07-01,rb1s,0,0.5666940040717959,5
2020-07-01,cl1s,1,0.5091728531880008,5
2020-07-01,ho1s,0,0.50293359768976,5
2020-07-02,rb1s,0,0.47728820278426803,5
2020-07-02,cl1s,0,0.5307784954308904,5
2020-07-06,rb1s,0,0.3907452949840446,5
2020-07-06,cl1s,0,0.507832774222796,5
2020-07-07,rb1s,0,0.36212301028223826,5
2020-07-07,cl1s,1,0.5666472913686973,5
2020-07-08,rb1s,0,0.42964941922941097,5
2020-07-08,cl1s,0,0.6427041559325827,5
2020-07-09,rb1s,0,0.30324455664807026,5
2020-07-09,cl1s,1,0.41787504676826126,5
2020-07-10,rb1s,0,0.21357475386409336,5
2020-07-10,cl1s,0,0.2787752210328227,5
2020-07-10,ho1s,1,0.35341950036949976,5
2020-07-13,cl1s,1,0.4031395477679804,5
2020-07-13,rb1s,0,0.3340354337190671,5
2020-07-14,rb1s,0,0.3514911028610159,5
2020-07-14,cl1s,1,0.3855502187689068,5
2020-07-15,rb1s,0,0.373047518123579,5
2020-07-15,cl1s,0,0.568342207677704,5
2020-07-16,cl1s,0,0.49685817178810815,5
2020-07-16,rb1s,0,0.13821402956291046,5
2020-07-17,cl1s,1,0.36669462299366007,5
2020-07-17,rb1s,0,0.27033832328469753,5
2020-07-20,rb1s,0,0.33995179092904876,5
2020-07-20,cl1s,1,0.49054653562476996,5
2020-07-21,rb1s,0,0.4594566744578728,5
2020-07-21,cl1s,0,0.5498332800139047,5
2020-07-22,rb1s,0,0.37444652375160814,5
2020-07-22,cl1s,0,0.5350493042471116,5
2020-07-23,rb1s,0,0.2664805966547155,5
2020-07-23,cl1s,1,0.19711850496605463,5
2020-07-24,rb1s,0,0.22201361062003985,5
2020-07-24,cl1s,1,0.2340365296974845,5
2020-07-27,rb1s,0,0.2400408257167988,5
2020-07-27,cl1s,0,0.3457368306968945,5
2020-07-28,rb1s,0,0.27742591629873053,5
2020-07-28,cl1s,1,0.4707194609388965,5
2020-07-29,cl1s,0,0.35711710183621154,5
2020-07-29,rb1s,0,0.3012184448123865,5
2020-07-30,cl1s,1,0.2918702526744953,5
2020-07-30,rb1s,0,0.3991807237655772,5
2020-07-31,rb1s,1,0.3716169043184309,5
2020-07-31,cl1s,1,0.3593964444287806,5
2020-08-03,cl1s,1,0.4444751842168057,5
2020-08-03,ng1s,0,0.6240192434727261,5
2020-08-03,rb1s,0,0.40509861271179926,5
2020-08-04,cl1s,1,0.5365315565332487,5
2020-08-04,rb1s,0,0.345309828367183,5
2020-08-05,rb1s,0,0.3043627652441313,5
2020-08-06,rb1s,0,0.5716498135746725,5
2020-08-06,ng1s,0,0.3993844670021299,5
2020-08-07,rb1s,1,0.30545485685166185,5
2020-08-10,ng1s,0,0.8110571503510781,5
2020-08-10,rb1s,0,0.4869764562537519,5
2020-08-11,rb1s,1,0.4737789937882294,5
2020-08-12,rb1s,0,0.4060090054623762,5
2020-08-13,rb1s,1,0.3768854188293986,5
2020-08-14,rb1s,1,0.351761702796077,5
2020-08-17,rb1s,1,0.33130565293312186,5
2020-08-18,rb1s,1,0.43404946537650413,5
2020-08-19,rb1s,0,0.41608463098689213,5
2020-08-20,rb1s,0,0.3498219919543253,5
2020-08-21,rb1s,1,0.41660523765892815,5
2020-08-21,cl1s,1,0.3121098659594622,5
2020-08-24,rb1s,0,0.3232801092534865,5
2020-08-24,cl1s,1,0.5059564648825449,5
2020-08-25,cl1s,1,0.6924747651139729,5
2020-08-25,rb1s,0,0.2901329131375318,5
2020-08-26,rb1s,0,0.31068589731479923,5
2020-08-26,cl1s,0,0.650129639497192,5
2020-08-27,rb1s,0,0.4764130080599997,5
2020-08-28,rb1s,0,0.351060381640927,5
2020-08-31,rb1s,0,0.5080557775130525,5
2020-09-01,cl1s,0,0.5785179766931295,5
2020-09-01,rb1s,0,0.49044503537214373,5
2020-09-02,rb1s,0,0.3820677615306931,5
2020-09-02,cl1s,0,0.3773348761931844,5
2020-09-03,rb1s,0,0.40836689277560284,5
2020-09-04,rb1s,0,0.44461847109701585,5
2020-09-08,ho1s,1,0.7565275760846606,5
2020-09-08,rb1s,0,0.5576393459633917,5
2020-09-09,rb1s,0,0.49556668695200706,5
2020-09-10,rb1s,1,0.38030725619130884,5
2020-09-11,rb1s,1,0.3767564728972108,5
2020-09-14,rb1s,1,0.5951968818999226,5
2020-09-15,rb1s,1,0.524001454367846,5
2020-09-16,cl1s,1,0.707682420977082,5
2020-09-16,rb1s,0,0.6500675749208109,5
2020-09-17,rb1s,0,0.45012746008911114,5
2020-09-18,rb1s,0,0.43444120045247686,5
2020-09-21,ho1s,0,0.7796893441278488,5
2020-09-21,rb1s,0,0.35145772014112736,5
2020-09-21,cl1s,1,0.4804466571744394,5
2020-09-22,ho1s,1,0.7209091245001968,5
2020-09-22,rb1s,0,0.53482760169446,5
2020-09-22,cl1s,1,0.42142276835737913,5
2020-09-23,rb1s,0,0.514533044580757,5
2020-09-23,ho1s,1,0.8555302662569821,5
2020-09-23,cl1s,1,0.4773901788552838,5
2020-09-24,rb1s,0,0.31068429889149163,5
2020-09-24,ng1s,1,0.7676458501718398,5
2020-09-24,ho1s,1,0.8093669309117105,5
2020-09-24,cl1s,0,0.3869116131811161,5
2020-09-25,ho1s,1,0.8079188019361504,5
2020-09-25,rb1s,0,0.441998707453704,5
2020-09-25,cl1s,1,0.3671876041977771,5
2020-09-28,cl1s,0,0.47991495361237435,5
2020-09-28,rb1s,0,0.44735541585485256,5
2020-09-29,cl1s,1,0.5703551840804528,5
2020-09-29,ho1s,1,0.8627704001258918,5
2020-09-29,rb1s,0,0.49865530552096765,5
2020-09-30,cl1s,0,0.44042890398150614,5
2020-09-30,ho1s,0,0.7163741649572263,5
2020-09-30,rb1s,0,0.5354505722456235,5
2020-10-01,cl1s,0,0.4907549960276024,5
2020-10-01,ho1s,0,0.7582353942455404,5
2020-10-01,rb1s,0,0.4388843116119567,5
2020-10-02,ho1s,1,0.8194157006612873,5
2020-10-02,rb1s,1,0.3948980282735607,5
2020-10-02,cl1s,1,0.3937219854417274,5
2020-10-05,cl1s,1,0.5750587803494465,5
2020-10-05,rb1s,0,0.5059260035867744,5
2020-10-06,rb1s,0,0.49229348238174475,5
2020-10-07,cl1s,1,0.4440119271390135,5
2020-10-07,rb1s,0,0.550161903837521,5
2020-10-08,rb1s,0,0.4737088568060427,5
2020-10-08,cl1s,0,0.5686199529316763,5
2020-10-09,ng1s,0,0.7448845330974188,5
2020-10-09,cl1s,0,0.719699315885436,5
2020-10-09,rb1s,0,0.5149898733140413,5
2020-10-12,rb1s,0,0.6034517374864661,5
2020-10-12,ng1s,1,0.7595398981923206,5
2020-10-12,cl1s,1,0.6196755732872564,5
2020-10-13,rb1s,0,0.6345439691202355,5
2020-10-13,cl1s,1,0.6405454353736663,5
2020-10-13,ng1s,1,0.7680882643049441,5
2020-10-14,cl1s,0,0.5816689873876238,5
2020-10-14,ng1s,0,0.8287458081198803,5
2020-10-14,rb1s,0,0.6514282604552656,5
2020-10-15,cl1s,0,0.550963053815701,5
2020-10-15,rb1s,0,0.5890065929351292,5
2020-10-16,cl1s,0,0.4812954486363381,5
2020-10-16,rb1s,0,0.4879368385575538,5
2020-10-19,rb1s,0,0.6336142163743844,5
2020-10-19,cl1s,1,0.5517387251993445,5
2020-10-20,cl1s,0,0.4564635951988275,5
2020-10-20,rb1s,0,0.6615413751161837,5
2020-10-21,cl1s,1,0.5554878135347623,5
2020-10-21,rb1s,0,0.6250772948007799,5
2020-10-22,cl1s,0,0.5683340799234855,5
2020-10-22,rb1s,0,0.5451064156000786,5
2020-10-23,ho1s,0,0.6527599044987739,5
2020-10-23,rb1s,0,0.6312737873151909,5
2020-10-23,cl1s,0,0.5267624177363434,5
2020-10-26,ng1s,0,0.5025416789622217,5
2020-10-26,ho1s,1,0.6944384574845088,5
2020-10-26,rb1s,0,0.768690749795253,5
2020-10-26,cl1s,1,0.5873567691215952,5
2020-10-27,ng1s,1,0.6223084176023785,5
2020-10-27,ho1s,0,0.7743797380973677,5
2020-10-27,rb1s,0,0.813712994134556,5
2020-10-27,cl1s,0,0.6936642038692412,5
2020-10-28,cl1s,0,0.6201997889608729,5
2020-10-28,rb1s,0,0.6779593969098968,5
2020-10-29,cl1s,0,0.6079398828786362,5
2020-10-29,ho1s,0,0.7873468717174776,5
2020-10-29,rb1s,1,0.517067621911668,5
2020-10-30,cl1s,1,0.7070529114773698,5
2020-10-30,rb1s,1,0.6576484396840582,5
2020-10-30,ho1s,1,0.8196472878648887,5
2020-11-02,rb1s,1,0.7823077409836594,5
2020-11-02,cl1s,1,0.6938792487001632,5
2020-11-03,rb1s,1,0.6751329112516241,5
2020-11-03,cl1s,1,0.6091430387603778,5
2020-11-04,cl1s,0,0.6536815028963819,5
2020-11-04,rb1s,0,0.6955926707604905,5
2020-11-05,cl1s,0,0.6848540270143161,5
2020-11-05,rb1s,0,0.506131186989424,5
2020-11-06,cl1s,1,0.6144968845210014,5
2020-11-06,rb1s,1,0.5606636476342406,5
2020-11-09,cl1s,1,0.6171097724682525,5
2020-11-09,rb1s,0,0.6710567499363082,5
2020-11-10,cl1s,1,0.6364311996714684,5
2020-11-10,rb1s,0,0.4633244014398788,5
2020-11-11,cl1s,0,0.6210138246014434,5
2020-05-13,cl1s,1,0.47381505830424003,6
2020-05-14,rb1s,0,0.43183046769647687,6
2020-05-14,cl1s,1,0.26668307277809955,6
2020-05-14,ng1s,1,0.8026997486767329,6
2020-05-15,rb1s,0,0.1892904931987672,6
2020-05-15,ng1s,0,0.5974024979209376,6
2020-05-18,rb1s,0,0.412990292722874,6
2020-05-18,ho1s,1,0.09112679634017253,6
2020-05-18,ng1s,0,0.8725111749709593,6
2020-05-19,rb1s,0,0.6427028692264101,6
2020-05-19,cl1s,1,0.46821181716946564,6
2020-05-19,ng1s,1,0.9020332645493677,6
2020-05-20,ho1s,1,0.18860224314961316,6
2020-05-20,rb1s,0,0.6024713471425375,6
2020-05-20,ng1s,1,0.5890102195581706,6
2020-05-21,ng1s,0,1.1519368533415153e-11,6
2020-05-21,rb1s,0,0.24324723144285962,6
2020-05-22,rb1s,0,0.36881787919148246,6
2020-05-26,rb1s,0,0.32704717053036314,6
2020-05-27,cl1s,1,0.6857553315938419,6
2020-05-27,ng1s,1,0.2484602766129829,6
2020-05-27,rb1s,0,0.42490818832298133,6
2020-05-28,ng1s,0,0.046226852840178474,6
2020-05-28,cl1s,1,0.546916704955843,6
2020-05-28,rb1s,0,0.23051346214784443,6
2020-05-29,ng1s,1,0.05998662854943491,6
2020-05-29,rb1s,0,0.3113515269434191,6
2020-06-01,rb1s,0,0.2953761409666217,6
2020-06-01,ng1s,0,0.3167481523221246,6
2020-06-02,rb1s,0,0.48298774323449567,6
2020-06-02,ng1s,0,0.1682575979745512,6
2020-06-03,rb1s,0,0.25795998582379054,6
2020-06-04,cl1s,1,0.6605975410869764,6
2020-06-04,rb1s,0,0.29004364859413123,6
2020-06-05,cl1s,0,0.5445213879078978,6
2020-06-05,rb1s,0,0.1627302352297925,6
2020-06-08,rb1s,0,0.19956963710199427,6
2020-06-08,cl1s,1,0.7499867681795435,6
2020-06-09,rb1s,0,0.35569770876147355,6
2020-06-09,cl1s,1,0.778941057505032,6
2020-06-10,cl1s,0,0.7284935789508925,6
2020-06-10,rb1s,0,0.4849209994832007,6
2020-06-11,rb1s,0,0.5803743352052659,6
2020-06-11,cl1s,0,0.7243982104946581,6
2020-06-12,cl1s,1,0.769306336885305,6
2020-06-12,rb1s,1,0.771990450293858,6
2020-06-15,rb1s,1,0.6086173548609084,6
2020-06-16,rb1s,0,0.807634318149719,6
2020-06-17,rb1s,0,0.6022818055408713,6
2020-06-17,cl1s,1,0.6655048625393392,6
2020-06-18,cl1s,1,0.5992437505388567,6
2020-06-18,rb1s,0,0.5091092922038697,6
2020-06-19,rb1s,0,0.4385687014735952,6
2020-06-19,cl1s,1,0.1834769011944121,6
2020-06-22,cl1s,0,0.49957348248484346,6
2020-06-22,rb1s,1,0.6407411542818389,6
2020-06-23,rb1s,1,0.32332335726813777,6
2020-06-23,cl1s,0,0.35078973238458927,6
2020-06-24,cl1s,1,0.30927161024404265,6
2020-06-24,rb1s,0,0.5688380546608557,6
2020-06-25,cl1s,0,0.30223064730982796,6
2020-06-25,rb1s,0,0.42516649490960523,6
2020-06-26,cl1s,1,0.22112133263671585,6
2020-06-26,rb1s,1,0.3583648202569807,6
2020-06-29,cl1s,0,0.3580350055691413,6
2020-06-29,rb1s,1,0.40237650934642993,6
2020-06-30,rb1s,1,0.4019614653219093,6
2020-06-30,cl1s,1,0.5033295157833063,6
2020-07-01,rb1s,0,0.251342554045364,6
2020-07-01,cl1s,1,0.30911944256251056,6
2020-07-01,ho1s,0,0.41960406552897694,6
2020-07-02,rb1s,0,0.38362995448780607,6
2020-07-02,cl1s,0,0.3412708991231503,6
2020-07-06,rb1s,0,0.16909595784543272,6
2020-07-06,cl1s,0,0.22091118650956357,6
2020-07-07,rb1s,0,0.1978547016642348,6
2020-07-07,cl1s,1,0.31290698221953434,6
2020-07-08,rb1s,0,0.23218850668329508,6
2020-07-08,cl1s,0,0.4449259624441591,6
2020-07-09,rb1s,0,0.2353241189773375,6
2020-07-09,cl1s,1,0.21015489063945014,6
2020-07-10,rb1s,0,0.16053344310501014,6
2020-07-10,cl1s,0,0.15154021244419472,6
2020-07-10,ho1s,1,0.38185213737826534,6
2020-07-13,cl1s,1,0.22483887604007022,6
2020-07-13,rb1s,0,0.17841413898434796,6
2020-07-14,rb1s,0,0.18359011379868193,6
2020-07-14,cl1s,1,0.20216148381253818,6
2020-07-15,rb1s,0,0.31560254194936566,6
2020-07-15,cl1s,0,0.44274897569875094,6
2020-07-16,cl1s,0,0.246096394887956,6
2020-07-16,rb1s,0,0.07140173075700056,6
2020-07-17,cl1s,1,0.18580233711499594,6
2020-07-17,rb1s,0,0.20289642796404403,6
2020-07-20,rb1s,0,0.21663186788403835,6
2020-07-20,cl1s,1,0.2901351257251777,6
2020-07-21,rb1s,0,0.21487895249551486,6
2020-07-21,cl1s,0,0.35125996666163983,6
2020-07-22,rb1s,0,0.15632831972056002,6
2020-07-22,cl1s,0,0.35013954572084494,6
2020-07-23,rb1s,0,0.21977144421029798,6
2020-07-23,cl1s,1,0.14282724963576435,6
2020-07-24,rb1s,0,0.05338266829566636,6
2020-07-24,cl1s,1,0.31423554950914573,6
2020-07-27,rb1s,0,0.10608842106106821,6
2020-07-27,cl1s,0,0.2701735519853184,6
2020-07-28,rb1s,0,0.13462231939976577,6
2020-07-28,cl1s,1,0.4272770759917103,6
2020-07-29,cl1s,0,0.28087159455442207,6
2020-07-29,rb1s,0,0.11732443102540152,6
2020-07-30,cl1s,1,0.39522183789428067,6
2020-07-30,rb1s,0,0.26791796610312746,6
2020-07-31,rb1s,1,0.4580857582817171,6
2020-07-31,cl1s,1,0.5279080241206542,6
2020-08-03,cl1s,1,0.4356356551464272,6
2020-08-03,ng1s,0,0.3447552979022561,6
2020-08-03,rb1s,0,0.265322567125729,6
2020-08-04,cl1s,1,0.4585920584930486,6
2020-08-04,rb1s,0,0.15523627249889432,6
2020-08-05,rb1s,0,0.10903389749938101,6
2020-08-06,rb1s,0,0.6685613985373582,6
2020-08-06,ng1s,0,0.1583319628371491,6
2020-08-07,rb1s,1,0.0975121000318725,6
2020-08-10,ng1s,0,0.9497456149653261,6
2020-08-10,rb1s,0,0.1303358939840846,6
2020-08-11,rb1s,1,0.11729869071921199,6
2020-08-12,rb1s,0,0.07170739298721229,6
2020-08-13,rb1s,1,0.05482047037917316,6
2020-11-11,rb1s,0,0.13537794755601826,6
2020-11-12,rb1s,0,0.10111587301806375,6
2020-11-12,cl1s,0,0.273991923380761,6
2020-11-13,rb1s,1,0.13309795909255465,6
2020-11-13,cl1s,1,0.20693193645701596,6
2020-11-16,cl1s,1,0.4220659291800821,6
2020-11-16,rb1s,1,0.1843515902222329,6
2020-11-17,rb1s,1,0.1343739566955936,6
2020-11-17,cl1s,1,0.15133494216601243,6
2020-11-18,rb1s,1,0.05418908027656283,6
2020-11-18,cl1s,0,0.14076635922723424,6
2020-11-19,cl1s,1,0.11115729423085573,6
2020-11-19,rb1s,1,0.056463496179698,6
2020-11-20,rb1s,1,0.021494764889735847,6
2020-11-20,cl1s,1,0.08268575042606957,6
2020-11-23,cl1s,1,0.09525022673542184,6
2020-11-23,rb1s,1,0.03821140985002936,6
2020-11-24,rb1s,0,0.02134351180816068,6
2020-11-24,cl1s,1,0.051965532254538885,6
2020-11-25,rb1s,0,0.04285733028847779,6
2020-11-27,rb1s,0,0.032833489914044355,6
2020-11-30,rb1s,0,0.05985380139552981,6
2020-12-01,cl1s,1,0.14947688941525028,6
2020-12-01,rb1s,1,0.07889682256381082,6
2020-12-02,rb1s,1,0.07956160356403186,6
2020-12-02,cl1s,1,0.16185956864819143,6
2020-12-03,rb1s,1,0.0430794815935048,6
2020-12-03,cl1s,1,0.08856606973959084,6
2020-12-04,cl1s,0,0.15930913624914014,6
2020-12-04,rb1s,0,0.09871179756934886,6
2020-12-07,rb1s,1,0.24271318084506902,6
2020-12-07,cl1s,0,0.5350299847006039,6
2020-12-08,rb1s,1,0.40101966044218723,6
2020-12-08,cl1s,0,0.6770656576024013,6
2020-12-09,cl1s,1,0.6509007125819092,6
2020-12-09,rb1s,1,0.35959477129178474,6
2020-12-10,rb1s,0,0.16973756149809088,6
2020-12-11,cl1s,1,0.6543948065965994,6
2020-12-11,rb1s,1,0.16824834801378993,6
2020-12-14,rb1s,1,0.28731573885715145,6
2020-12-15,rb1s,1,0.25131800122361814,6
2020-12-16,rb1s,0,0.1879157455268264,6
2020-12-17,rb1s,0,0.13218523306801022,6
2020-12-18,ho1s,1,0.25051289141382216,6
2020-12-18,rb1s,0,0.10090141916583847,6
2020-12-21,rb1s,0,0.41166985137818396,6
2020-12-21,ho1s,1,0.495549311908314,6
2020-12-22,rb1s,1,0.47616516534777464,6
2020-12-23,rb1s,0,0.24675299083628321,6
2020-12-24,rb1s,0,0.18141443519389422,6
2020-12-28,rb1s,1,0.17619122714537527,6
2020-12-29,rb1s,1,0.18765468730025053,6
2020-12-30,rb1s,0,0.11915310921792013,6
2020-12-31,rb1s,0,0.13529710873304365,6
2021-01-04,ho1s,1,0.555569427117711,6
2021-01-04,cl1s,1,0.696659511848864,6
2021-01-04,rb1s,1,0.3018678218621034,6
2021-01-05,cl1s,1,0.6077366653731661,6
2021-01-05,rb1s,1,0.18358020515138526,6
2021-01-06,rb1s,0,0.12569021394116867,6
2021-01-06,cl1s,1,0.3816296325145099,6
2021-01-07,cl1s,1,0.42264463532254287,6
2021-01-07,rb1s,0,0.10813460565424513,6
2021-01-08,rb1s,0,0.07579228085870658,6
2021-01-08,cl1s,1,0.23927659669541618,6
2021-01-11,cl1s,1,0.31905113587013656,6
2021-01-11,rb1s,0,0.116555966480429,6
2021-01-12,rb1s,0,0.13155832806372647,6
2021-01-13,rb1s,0,0.1874745965603512,6
2021-01-14,rb1s,0,0.19255591475215839,6
2021-01-15,cl1s,1,0.42185446289758405,6
2021-01-15,rb1s,0,0.37022756998134154,6
2021-01-19,rb1s,0,0.3846319653437229,6
2021-01-19,cl1s,1,0.4227604633817726,6
2021-01-20,cl1s,0,0.42568497634255636,6
2021-01-20,rb1s,0,0.30849588692284924,6
2021-01-21,cl1s,0,0.2109389752023513,6
2021-01-21,rb1s,0,0.18889302126686494,6
2021-01-22,rb1s,0,0.18072513102954016,6
2021-01-25,rb1s,0,0.26492441641046693,6
2021-01-26,rb1s,0,0.2525548339726835,6
2021-01-27,rb1s,0,0.38735649173812786,6
2021-01-28,rb1s,0,0.5392768517238202,6
2021-01-29,rb1s,0,0.5051504684499508,6
2021-02-01,rb1s,0,0.5463341029503754,6
2021-02-02,rb1s,0,0.612941640048991,6
2021-02-03,rb1s,0,0.19676809414107513,6
2021-02-04,rb1s,0,0.28740107069794874,6
2021-02-04,cl1s,0,0.384301354764358,6
2021-02-05,cl1s,0,0.2234828280766958,6
2021-02-05,rb1s,0,0.12672484088691685,6
2021-02-08,rb1s,0,0.020583366970927327,6
2021-02-08,cl1s,0,0.1988074614381359,6
2021-02-09,rb1s,0,0.07448650127696088,6
2021-02-09,cl1s,0,0.1929536084475453,6
2021-02-10,rb1s,0,0.09443267477136362,6
2021-02-10,cl1s,1,0.24041587893056413,6
2021-02-11,rb1s,0,0.12048038488982898,6
2021-02-11,cl1s,0,0.33552557013052164,6
2021-02-12,cl1s,0,0.3974042493095311,6
2021-02-12,rb1s,0,0.10893298088216719,6
2021-02-16,ng1s,0,0.9016991544068562,6
2021-02-16,rb1s,0,0.09105811013702114,6
2021-02-16,cl1s,0,0.33155381722074545,6
2021-02-17,rb1s,0,0.13534786273457655,6
2021-02-17,cl1s,1,0.22145047110040217,6
2021-02-18,rb1s,0,0.13401341579719034,6
2021-02-18,cl1s,1,0.15500631383120417,6
2021-02-19,rb1s,0,0.18048063544396128,6
2021-02-19,cl1s,0,0.21113559205138202,6
2021-02-22,cl1s,1,0.2533803206216933,6
2021-02-22,rb1s,0,0.1503319119331635,6
2021-02-23,cl1s,0,0.2266507597848088,6
2021-02-23,rb1s,0,0.13815641908951073,6
2021-02-24,rb1s,0,0.19053664092813535,6
2021-02-24,cl1s,0,0.26256796818650024,6
2021-02-25,cl1s,1,0.3111922578644772,6
2021-02-25,rb1s,0,0.29054772254547634,6
2021-02-26,rb1s,0,0.27314588105222565,6
2021-03-01,rb1s,0,0.585605445891856,6
2021-03-02,rb1s,0,0.5653737079269694,6
2021-03-03,rb1s,0,0.5085801601710422,6
2021-03-04,rb1s,0,0.5342175685588842,6
2021-03-05,rb1s,0,0.5316992318754703,6
2021-03-05,cl1s,1,0.5104344864626074,6
2021-03-08,cl1s,1,0.48749135893256185,6
2021-03-08,rb1s,0,0.40054052952471764,6
2021-03-09,rb1s,0,0.5911347238404427,6
2020-05-13,cl1s,1,0.5014741138992634,7
2020-05-14,rb1s,0,0.34974482744700514,7
2020-05-14,cl1s,1,0.3707907252325074,7
2020-05-14,ng1s,1,0.5865388860018629,7
2020-05-15,rb1s,0,0.1935300787255912,7
2020-05-15,ng1s,0,0.4192180614568193,7
2020-05-18,rb1s,0,0.344957280790951,7
2020-05-18,ho1s,1,0.0954758505858054,7
2020-05-18,ng1s,0,0.5160160155764699,7
2020-05-19,rb1s,0,0.426563471450458,7
2020-05-19,cl1s,1,0.5809422348754654,7
2020-05-19,ng1s,1,0.6675504638477089,7
2020-05-20,ho1s,1,0.09769235516868381,7
2020-05-20,rb1s,0,0.29194674683210614,7
2020-05-20,ng1s,1,0.4017269118418465,7
2020-05-21,ng1s,0,2.845481754245604e-06,7
2020-05-21,rb1s,0,0.09587285154025567,7
2020-05-22,rb1s,0,0.07938634349142124,7
2020-05-26,rb1s,0,0.1902802836198612,7
2020-05-27,cl1s,1,0.5894752536357459,7
2020-05-27,ng1s,1,0.36659355931947474,7
2020-05-27,rb1s,0,0.35631365362724954,7
2020-05-28,ng1s,0,0.12468230804453047,7
2020-05-28,cl1s,1,0.4324923687019686,7
2020-05-28,rb1s,0,0.2302241766452805,7
2020-05-29,ng1s,1,0.1557671304921346,7
2020-05-29,rb1s,0,0.14315135067152554,7
2020-06-01,rb1s,0,0.21820553288364156,7
2020-06-01,ng1s,0,0.5223033197350553,7
2020-06-02,rb1s,0,0.2930406274007751,7
2020-06-02,ng1s,0,0.5302447164657857,7
2020-06-03,rb1s,0,0.19379843491634619,7
2020-06-04,cl1s,1,0.15872138057977256,7
2020-06-04,rb1s,0,0.14350597925156466,7
2020-06-05,cl1s,0,0.23013918416626122,7
2020-06-05,rb1s,0,0.0800647142340581,7
2020-06-08,rb1s,0,0.0866547749204117,7
2020-06-08,cl1s,1,0.38033418998507257,7
2020-06-09,rb1s,0,0.24834573793082415,7
2020-06-09,cl1s,1,0.4865681107387348,7
2020-06-10,cl1s,0,0.34149605835476604,7
2020-06-10,rb1s,0,0.2839243018954233,7
2020-06-11,rb1s,0,0.5368417459130613,7
2020-06-11,cl1s,0,0.5717790655571159,7
2020-06-12,cl1s,1,0.5947537547690855,7
2020-06-12,rb1s,1,0.6004350954063189,7
2020-06-15,rb1s,1,0.539228434004471,7
2020-06-16,rb1s,0,0.32579658949659995,7
2020-06-17,rb1s,0,0.2834731017513543,7
2020-06-17,cl1s,1,0.28979867064859,7
2020-06-18,cl1s,1,0.16326896558772264,7
2020-06-18,rb1s,0,0.10824320879219157,7
2020-06-19,rb1s,0,0.15814627543236662,7
2020-06-19,cl1s,1,0.08196483043285227,7
2020-06-22,cl1s,0,0.16787920250450605,7
2020-06-22,rb1s,1,0.29969486956252533,7
2020-06-23,rb1s,1,0.07503440287737986,7
2020-06-23,cl1s,0,0.09805043995514873,7
2020-06-24,cl1s,1,0.13253013420722987,7
2020-06-24,rb1s,0,0.25111475355197543,7
2020-06-25,cl1s,0,0.08199387853895727,7
2020-06-25,rb1s,0,0.2146282203467181,7
2020-06-26,cl1s,1,0.041574788659229416,7
2020-06-26,rb1s,1,0.1462255033117528,7
2020-06-29,cl1s,0,0.0818137929232319,7
2020-06-29,rb1s,1,0.2891985331922083,7
2020-06-30,rb1s,1,0.4020635960728027,7
2020-06-30,cl1s,1,0.24346745236126502,7
2020-07-01,rb1s,0,0.2433862023032241,7
2020-07-01,cl1s,1,0.12353021798570875,7
2020-07-01,ho1s,0,0.5563901710373067,7
2020-07-02,rb1s,0,0.1776971215742131,7
2020-07-02,cl1s,0,0.09780764542199982,7
2020-07-06,rb1s,0,0.15403602952477288,7
2020-07-06,cl1s,0,0.054306814911551864,7
2020-07-07,rb1s,0,0.04108617866251331,7
2020-07-07,cl1s,1,0.050465025012415336,7
2020-07-08,rb1s,0,0.11123075076290861,7
2020-07-08,cl1s,0,0.1386742084669414,7
2020-07-09,rb1s,0,0.03327978647946553,7
2020-07-09,cl1s,1,0.047536952827182746,7
2020-07-10,rb1s,0,0.033312827620560974,7
2020-07-10,cl1s,0,0.027699700659659855,7
2020-07-10,ho1s,1,0.21490286303675618,7
2020-07-13,cl1s,1,0.05688497426109965,7
2020-07-13,rb1s,0,0.03737414774088737,7
2020-07-14,rb1s,0,0.0858928918496025,7
2020-07-14,cl1s,1,0.041929801818933805,7
2020-07-15,rb1s,0,0.06728826560749579,7
2020-07-15,cl1s,0,0.08554481929070652,7
2020-07-16,cl1s,0,0.11701791921297107,7
2020-07-16,rb1s,0,0.04813217519532896,7
2020-07-17,cl1s,1,0.0734785857906553,7
2020-07-17,rb1s,0,0.1838914840222068,7
2020-07-20,rb1s,0,0.3669123702791926,7
2020-07-20,cl1s,1,0.16340757163392153,7
2020-07-21,rb1s,0,0.2826981417035305,7
2020-07-21,cl1s,0,0.15725731221449632,7
2020-07-22,rb1s,0,0.17068902227910598,7
2020-07-22,cl1s,0,0.1950992550625913,7
2020-07-23,rb1s,0,0.1610354480216872,7
2020-07-23,cl1s,1,0.06636995549170084,7
2020-07-24,rb1s,0,0.07246819954922389,7
2020-07-24,cl1s,1,0.06562036495846078,7
2020-07-27,rb1s,0,0.07571887590255182,7
2020-07-27,cl1s,0,0.12176218138603101,7
2020-07-28,rb1s,0,0.12105933200284842,7
2020-07-28,cl1s,1,0.1933541851045873,7
2020-07-29,cl1s,0,0.08318176696262952,7
2020-07-29,rb1s,0,0.09689322426352803,7
2020-07-30,cl1s,1,0.2259975022438815,7
2020-07-30,rb1s,0,0.21512136567588108,7
2020-07-31,rb1s,1,0.4363339009810437,7
2020-07-31,cl1s,1,0.2953975512113852,7
2020-08-03,cl1s,1,0.23892294781438994,7
2020-08-03,ng1s,0,0.30053170986365757,7
2020-08-03,rb1s,0,0.5316873577791452,7
2020-08-04,cl1s,1,0.29244883889605117,7
2020-08-04,rb1s,0,0.267648210338516,7
2020-08-05,rb1s,0,0.15919749358131585,7
2020-08-06,rb1s,0,0.408127868789216,7
2020-08-06,ng1s,0,0.13548735352688657,7
2020-08-07,rb1s,1,0.12032763163314573,7
2020-08-10,ng1s,0,0.47279783938337355,7
2020-08-10,rb1s,0,0.3197938148061797,7
2020-08-11,rb1s,1,0.14980416813844527,7
2020-08-12,rb1s,0,0.0721525284583592,7
2020-08-13,rb1s,1,0.061013728768929215,7
2021-03-10,rb1s,0,0.034883717865013694,7
2021-03-11,rb1s,0,0.020301149850900233,7
2021-03-12,rb1s,1,0.016573198032984682,7
2021-03-15,rb1s,1,0.09708320642602807,7
2021-03-16,rb1s,1,0.14198102309009458,7
2021-03-17,rb1s,1,0.15778262101288953,7
2021-03-18,rb1s,0,0.475371737258818,7
2021-03-19,rb1s,0,0.7221622511174476,7
2021-03-22,rb1s,0,0.6728035115285163,7
2021-03-23,rb1s,0,0.8500491438345906,7
2021-03-24,rb1s,0,0.695049683695864,7
2021-03-25,rb1s,1,0.6895400479319116,7
2021-03-26,rb1s,0,0.3624744809391343,7
2021-03-29,rb1s,0,0.42716325926157517,7
2021-03-30,rb1s,0,0.4017533904407705,7
2021-03-31,rb1s,0,0.540051652971331,7
2021-04-01,rb1s,0,0.27354628322856284,7
2021-04-05,rb1s,0,0.8170130488811144,7
2021-04-06,rb1s,0,0.7802337552898555,7
2021-04-07,rb1s,0,0.6629931151119351,7
2021-04-08,rb1s,0,0.5880735182831083,7
2021-04-09,rb1s,0,0.4909743168712586,7
2021-04-12,rb1s,0,0.4066892078000035,7
2021-04-13,rb1s,0,0.22416611682232648,7
2021-04-14,rb1s,0,0.13527675926977617,7
2021-04-15,rb1s,0,0.08177064665032155,7
2021-04-15,cl1s,0,0.9637773238162898,7
2021-04-16,rb1s,0,0.021852832373115774,7
2021-04-16,cl1s,1,0.9007405041977526,7
2021-04-19,cl1s,0,0.9213834058954858,7
2021-04-19,rb1s,0,0.02545273819235216,7
2021-04-20,rb1s,0,0.03333373742856417,7
2021-04-20,cl1s,0,0.8978862611771927,7
2021-04-21,cl1s,1,0.8986470511193178,7
2021-04-21,rb1s,0,0.05660642940026508,7
2021-04-22,rb1s,0,0.09675688042716614,7
2021-04-22,cl1s,1,0.8792917092802557,7
2021-04-23,rb1s,0,0.04124590908929275,7
2021-04-23,cl1s,0,0.869911706300256,7
2021-04-26,cl1s,1,0.9307600899951305,7
2021-04-26,rb1s,0,0.2035268688787787,7
2021-04-27,cl1s,1,0.8481706787600678,7
2021-04-27,rb1s,0,0.052809689462173,7
2021-04-28,cl1s,1,0.7305215285030867,7
2021-04-28,rb1s,0,0.016893828853669787,7
2021-04-29,rb1s,0,0.01079984932801886,7
2021-04-29,cl1s,0,0.47760474757180404,7
2021-04-30,cl1s,1,0.691742372125668,7
2021-04-30,rb1s,0,0.02190601239769759,7
2021-05-03,cl1s,1,0.7745581676742905,7
2021-05-03,rb1s,0,0.20997605325848995,7
2021-05-04,cl1s,0,0.6820215498702452,7
2021-05-04,rb1s,0,0.029240269540225232,7
2021-05-05,rb1s,0,0.05054988692302081,7
2021-05-05,cl1s,0,0.6407563698260321,7
2021-05-06,rb1s,0,0.06311920787575452,7
2021-05-07,rb1s,0,0.06532697075841452,7
2021-05-10,rb1s,0,0.0832717904664432,7
2021-05-11,rb1s,0,0.045516339973262675,7
2021-05-12,rb1s,1,0.020371186044625806,7
2021-05-12,cl1s,0,0.4178515858400456,7
2021-05-13,rb1s,0,0.2936305158498036,7
2021-05-14,rb1s,0,0.17917535575001778,7
2021-05-14,cl1s,1,0.4908913238640453,7
2021-05-17,cl1s,0,0.39207942311729105,7
2021-05-17,rb1s,0,0.28218801970509433,7
2021-05-18,rb1s,0,0.23830141381570663,7
2021-05-19,cl1s,0,0.5755150326808354,7
2021-05-19,rb1s,0,0.4363092825172404,7
2021-05-20,cl1s,1,0.700855704924023,7
2021-05-20,rb1s,1,0.7016101837488979,7
2021-05-21,cl1s,1,0.6320942833484976,7
2021-05-21,rb1s,1,0.3647014731461674,7
2021-05-24,rb1s,0,0.18476358679815696,7
2021-05-24,cl1s,1,0.45048094246425563,7
2021-05-25,rb1s,0,0.14505173229961252,7
2021-05-25,cl1s,1,0.28811069310215587,7
2021-05-26,rb1s,0,0.10238930583828605,7
2021-05-26,cl1s,1,0.28535620124906247,7
2021-05-27,rb1s,0,0.11986671422869936,7
2021-05-27,cl1s,0,0.5279870152201989,7
2021-05-28,rb1s,0,0.28207287505178985,7
2021-05-28,cl1s,1,0.4636529143281988,7
2021-06-01,cl1s,1,0.6636614393802598,7
2021-06-01,rb1s,0,0.17381398197169223,7
2021-06-02,rb1s,0,0.042559190404720934,7
2021-06-02,cl1s,0,0.655643389995722,7
2021-06-03,rb1s,0,0.018218573091490834,7
2021-06-03,cl1s,1,0.6141673457898679,7
2021-06-04,cl1s,0,0.7467167760225424,7
2021-06-04,rb1s,0,0.02102318883110335,7
2021-06-07,cl1s,1,0.87576363481789,7
2021-06-07,rb1s,0,0.05955223815543559,7
2021-06-08,cl1s,0,0.8516393327712192,7
2021-06-08,rb1s,0,0.03581812683329352,7
2021-06-09,cl1s,1,0.848846112081341,7
2021-06-09,rb1s,0,0.05166378767710816,7
2021-06-10,cl1s,1,0.8602707539739031,7
2021-06-10,rb1s,0,0.08408340502264125,7
2021-06-11,rb1s,0,0.36101693190288137,7
2021-06-14,rb1s,0,0.5514385987404677,7
2021-06-15,cl1s,1,0.9202530344439317,7
2021-06-15,rb1s,0,0.21517637168388648,7
2021-06-16,rb1s,0,0.27832541725425036,7
2021-06-16,cl1s,0,0.8950339953854275,7
2021-06-17,rb1s,0,0.5928385248486241,7
2021-06-17,ho1s,1,0.898306826066173,7
2021-06-17,cl1s,1,0.8679037317313195,7
2021-06-18,rb1s,0,0.31605321089081667,7
2021-06-18,cl1s,1,0.4741648066674465,7
2021-06-21,rb1s,0,0.6705950143497026,7
2021-06-21,cl1s,0,0.8202573836834871,7
2021-06-22,rb1s,0,0.23766567105501005,7
2021-06-22,cl1s,1,0.747736947065737,7
2021-06-23,rb1s,0,0.05658297117035023,7
2021-06-24,cl1s,1,0.48092262946140973,7
2021-06-24,rb1s,1,0.04507389326310176,7
2021-06-25,rb1s,0,0.11572651527232165,7
2021-06-25,cl1s,0,0.6052045693349243,7
2021-06-28,rb1s,0,0.6458940965873149,7
2021-06-28,ho1s,1,0.9322161184429086,7
2021-06-28,cl1s,1,0.7680428167602084,7
2021-06-29,ho1s,1,0.901544561178271,7
2021-06-29,rb1s,0,0.30497965310120667,7
2021-06-29,cl1s,1,0.7643805425553589,7
2021-06-30,cl1s,1,0.7169258605179294,7
2021-06-30,rb1s,0,0.350396092317901,7
2021-07-01,cl1s,0,0.7200623320093646,7
2020-05-13,cl1s,1,0.43419566997855186,8
2020-05-14,rb1s,0,0.30355755520529903,8
2020-05-14,cl1s,1,0.3157512773850716,8
2020-05-14,ng1s,1,0.5330381512750698,8
2020-05-15,rb1s,0,0.1595564446307393,8
2020-05-15,ng1s,0,0.4286327904909855,8
2020-05-18,rb1s,0,0.42424963658107334,8
2020-05-18,ho1s,1,0.29265000934194213,8
2020-05-18,ng1s,0,0.602878304771565,8
2020-05-19,rb1s,0,0.3564049037808886,8
2020-05-19,cl1s,1,0.4870081854320383,8
2020-05-19,ng1s,1,0.7305371870087091,8
2020-05-20,ho1s,1,0.3093413984781079,8
2020-05-20,rb1s,0,0.3890952701450686,8
2020-05-20,ng1s,1,0.47402225257015357,8
2020-05-21,ng1s,0,2.2664787924697338e-07,8
2020-05-21,rb1s,0,0.1454043637256506,8
2020-05-22,rb1s,0,0.18206767867871573,8
2020-05-26,rb1s,0,0.23691004518192907,8
2020-05-27,cl1s,1,0.5559992784869578,8
2020-05-27,ng1s,1,0.4019395121124627,8
2020-05-27,rb1s,0,0.3009733222456871,8
2020-05-28,ng1s,0,0.14490680008227755,8
2020-05-28,cl1s,1,0.36883964949935355,8
2020-05-28,rb1s,0,0.14369585723084172,8
2020-05-29,ng1s,1,0.20758951130881984,8
2020-05-29,rb1s,0,0.18521066135584077,8
2020-06-01,rb1s,0,0.22011836410536498,8
2020-06-01,ng1s,0,0.48123080591794354,8
2020-06-02,rb1s,0,0.4277626149585348,8
2020-06-02,ng1s,0,0.3862765855713172,8
2020-06-03,rb1s,0,0.25520600468427684,8
2020-06-04,cl1s,1,0.45191376496968466,8
2020-06-04,rb1s,0,0.32263807372000947,8
2020-06-05,cl1s,0,0.3507938510385425,8
2020-06-05,rb1s,0,0.17765178672614593,8
2020-06-08,rb1s,0,0.33375224824339056,8
2020-06-08,cl1s,1,0.6703517751213716,8
2020-06-09,rb1s,0,0.3406127035413368,8
2020-06-09,cl1s,1,0.6019495187940552,8
2020-06-10,cl1s,0,0.4862979965039644,8
2020-06-10,rb1s,0,0.35812448162093913,8
2020-06-11,rb1s,0,0.5794051642039327,8
2020-06-11,cl1s,0,0.7510209617319815,8
2020-06-12,cl1s,1,0.8254943375442474,8
2020-06-12,rb1s,1,0.7248201075826602,8
2020-06-15,rb1s,1,0.5801284725422694,8
2020-06-16,rb1s,0,0.5901491663848911,8
2020-06-17,rb1s,0,0.495928259950497,8
2020-06-17,cl1s,1,0.7402205500157205,8
2020-06-18,cl1s,1,0.6965204944782862,8
2020-06-18,rb1s,0,0.43568228353551214,8
2020-06-19,rb1s,0,0.2583759413408172,8
2020-06-19,cl1s,1,0.30661519354620825,8
2020-06-22,cl1s,0,0.570492418856253,8
2020-06-22,rb1s,1,0.5491466212135814,8
2020-06-23,rb1s,1,0.3064681937496417,8
2020-06-23,cl1s,0,0.3950634762678822,8
2020-06-24,cl1s,1,0.5414987876652991,8
2020-06-24,rb1s,0,0.653585553875369,8
2020-06-25,cl1s,0,0.4035597430818356,8
2020-06-25,rb1s,0,0.45934568195609066,8
2020-06-26,cl1s,1,0.3671304616669939,8
2020-06-26,rb1s,1,0.5521440102937115,8
2020-06-29,cl1s,0,0.430228283881258,8
2020-06-29,rb1s,1,0.613551345772552,8
2020-06-30,rb1s,1,0.7968530534578382,8
2020-06-30,cl1s,1,0.753780878257728,8
2020-07-01,rb1s,0,0.5634508185412113,8
2020-07-01,cl1s,1,0.5776610444865692,8
2020-07-01,ho1s,0,0.6510200324282511,8
2020-07-02,rb1s,0,0.6697274915076823,8
2020-07-02,cl1s,0,0.5363207313568167,8
2020-07-06,rb1s,0,0.5003162902647368,8
2020-07-06,cl1s,0,0.48666728878071175,8
2020-07-07,rb1s,0,0.40407408903783315,8
2020-07-07,cl1s,1,0.488050679011622,8
2020-07-08,rb1s,0,0.3287651141620293,8
2020-07-08,cl1s,0,0.47429709306845436,8
2020-07-09,rb1s,0,0.2988188426830073,8
2020-07-09,cl1s,1,0.49837932875916,8
2020-07-10,rb1s,0,0.2288171219290866,8
2020-07-10,cl1s,0,0.2958819688147673,8
2020-07-10,ho1s,1,0.4380725907521601,8
2020-07-13,cl1s,1,0.461709063257437,8
2020-07-13,rb1s,0,0.2718980218559657,8
2020-07-14,rb1s,0,0.29949429627239144,8
2020-07-14,cl1s,1,0.3512133614117235,8
2020-07-15,rb1s,0,0.3531873364456907,8
2020-07-15,cl1s,0,0.4305071361573166,8
2020-07-16,cl1s,0,0.3828752798723136,8
2020-07-16,rb1s,0,0.1486859941691022,8
2020-07-17,cl1s,1,0.354660303032815,8
2020-07-17,rb1s,0,0.6300426560135233,8
2020-07-20,rb1s,0,0.6063853279073197,8
2020-07-20,cl1s,1,0.5600675174908049,8
2020-07-21,rb1s,0,0.45205713398897274,8
2020-07-21,cl1s,0,0.47962378661324523,8
2020-07-22,rb1s,0,0.19879832292119637,8
2020-07-22,cl1s,0,0.3909676550826145,8
2020-07-23,rb1s,0,0.32333600452448863,8
2020-07-23,cl1s,1,0.23229987708993835,8
2020-07-24,rb1s,0,0.07002240423394801,8
2020-07-24,cl1s,1,0.29539085881314336,8
2020-07-27,rb1s,0,0.14609620508430607,8
2020-07-27,cl1s,0,0.33601593708848204,8
2020-07-28,rb1s,0,0.1892734223922475,8
2020-07-28,cl1s,1,0.5236904251899384,8
2020-07-29,cl1s,0,0.3139664333555133,8
2020-07-29,rb1s,0,0.19168492626340658,8
2020-07-30,cl1s,1,0.697957941340853,8
2020-07-30,rb1s,0,0.40172081442439794,8
2020-07-31,rb1s,1,0.6782727340628045,8
2020-07-31,cl1s,1,0.7326090180396206,8
2020-08-03,cl1s,1,0.6531123793148472,8
2020-08-03,ng1s,0,0.7276918983889472,8
2020-08-03,rb1s,0,0.6695721434931068,8
2020-08-04,cl1s,1,0.5569924445601908,8
2020-08-04,rb1s,0,0.43790486037467624,8
2020-08-05,rb1s,0,0.258742198450884,8
2020-08-06,rb1s,0,0.08189155459603505,8
2020-08-06,ng1s,0,0.377711511671962,8
2020-08-07,rb1s,1,0.3070499326897945,8
2020-08-10,ng1s,0,0.8366071134954939,8
2020-08-10,rb1s,0,0.3054967001653335,8
2020-08-11,rb1s,1,0.29541132558296196,8
2020-08-12,rb1s,0,0.04845153332864469,8
2020-08-13,rb1s,1,0.05624095894939764,8
2021-07-01,rb1s,0,0.049526439209649435,8
2021-07-02,rb1s,1,0.02293706433949715,8
2021-07-02,cl1s,0,0.4709028984491707,8
2021-07-06,cl1s,0,0.8911080721481711,8
2021-07-06,rb1s,0,0.16568438991919945,8
2021-07-07,rb1s,0,0.10119509879701703,8
2021-07-07,cl1s,1,0.8750195078359451,8
2021-07-07,ho1s,1,0.8022371463050532,8
2021-07-08,rb1s,0,0.06103629337809891,8
2021-07-08,cl1s,1,0.8325180231017396,8
2021-07-08,ho1s,1,0.6238910976621448,8
2021-07-09,rb1s,0,0.038959682198588086,8
2021-07-09,cl1s,0,0.7189818471641898,8
2021-07-12,rb1s,0,0.09387387847872021,8
2021-07-12,cl1s,1,0.8814495729958919,8
2021-07-13,rb1s,1,0.040786422815206856,8
2021-07-13,cl1s,0,0.6307842034956344,8
2021-07-14,cl1s,0,0.7980315970384068,8
2021-07-14,rb1s,1,0.059443467986568244,8
2021-07-15,cl1s,1,0.6190176421272625,8
2021-07-15,rb1s,1,0.037518161380282654,8
2021-07-16,rb1s,1,0.02281166154761944,8
2021-07-16,cl1s,0,0.45177627472889514,8
2021-07-19,rb1s,1,0.37337920323435475,8
2021-07-19,cl1s,1,0.9722231517233874,8
2021-07-20,rb1s,1,0.48734681659113344,8
2021-07-20,cl1s,1,0.9645927788489486,8
2021-07-21,rb1s,1,0.24024785104383917,8
2021-07-21,cl1s,1,0.845949640922932,8
2021-07-22,rb1s,1,0.163742500788289,8
2021-07-22,cl1s,1,0.645629804906828,8
2021-07-23,rb1s,0,0.11053638303345618,8
2021-07-23,cl1s,0,0.5854586188451699,8
2021-07-26,rb1s,0,0.15071606549535754,8
2021-07-26,cl1s,0,0.6676692723349833,8
2021-07-27,rb1s,0,0.06704970654411722,8
2021-07-27,cl1s,1,0.39739134226909995,8
2021-07-28,cl1s,1,0.22668209061998215,8
2021-07-28,rb1s,0,0.040734433186994025,8
2021-07-29,rb1s,0,0.020558340158632102,8
2021-07-29,cl1s,1,0.07389990768247948,8
2021-07-30,rb1s,0,0.011810427211855028,8
2021-07-30,cl1s,0,0.1684748768778573,8
2021-08-02,rb1s,0,0.011934571853216062,8
2021-08-02,cl1s,0,0.5416224831293692,8
2021-08-03,cl1s,0,0.6186035295133073,8
2021-08-03,rb1s,0,0.06620126573511473,8
2021-08-04,rb1s,0,0.1129141304216426,8
2021-08-04,cl1s,1,0.6536489122991629,8
2021-08-05,cl1s,0,0.6749096679336035,8
2021-08-05,rb1s,0,0.0913150967519655,8
2021-08-06,cl1s,0,0.7229784249340934,8
2021-08-06,rb1s,0,0.2272319720522885,8
2021-08-09,cl1s,1,0.9123076718870267,8
2021-08-09,rb1s,0,0.4610681989250385,8
2021-08-10,rb1s,0,0.3173513654710566,8
2021-08-10,cl1s,1,0.8270920255274546,8
2021-08-11,cl1s,0,0.7240539669904386,8
2021-08-11,rb1s,0,0.15721257855681633,8
2021-08-12,cl1s,0,0.47298360871609607,8
2021-08-12,rb1s,0,0.14667109532584188,8
2021-08-13,rb1s,0,0.09410971216623647,8
2021-08-13,cl1s,0,0.4668449215775063,8
2021-08-16,cl1s,0,0.7706793400198014,8
2021-08-16,rb1s,0,0.40575851778360356,8
2021-08-17,cl1s,0,0.5645869743329726,8
2021-08-17,rb1s,0,0.40829575878491764,8
2021-08-18,cl1s,0,0.5158327125901703,8
2021-08-18,rb1s,0,0.3894555809889635,8
2021-08-19,rb1s,0,0.5180669638356799,8
2021-08-19,cl1s,0,0.772436134923219,8
2021-08-20,rb1s,1,0.6105460914545355,8
2021-08-20,cl1s,1,0.877686910984419,8
2021-08-23,rb1s,1,0.5076144001317601,8
2021-08-23,cl1s,1,0.8460178940973045,8
2021-08-24,cl1s,1,0.40633498808170815,8
2021-08-24,rb1s,1,0.09635443326970389,8
2021-08-25,rb1s,0,0.07422568100555112,8
2021-08-25,cl1s,0,0.2721690644145142,8
2021-08-26,rb1s,1,0.06355893955565692,8
2021-08-26,cl1s,1,0.23778792315308647,8
2021-08-27,rb1s,0,0.04787027306273975,8
2021-08-27,cl1s,1,0.1467368280239254,8
2021-08-30,rb1s,0,0.09723324618589634,8
2021-08-30,cl1s,0,0.22068043161518208,8
2021-08-31,cl1s,1,0.2737472110339833,8
2021-08-31,rb1s,0,0.1264402788739318,8
2021-09-01,rb1s,1,0.10187135966899126,8
2021-09-01,cl1s,1,0.21969727461349473,8
2021-09-02,rb1s,0,0.06603461167782533,8
2021-09-02,cl1s,0,0.12716890806851375,8
2021-09-03,rb1s,0,0.02480718744688154,8
2021-09-03,cl1s,0,0.07927962818665743,8
2021-09-07,rb1s,0,0.04371520404110792,8
2021-09-07,cl1s,1,0.16970692433512252,8
2021-09-08,cl1s,0,0.08186675981062552,8
2021-09-08,rb1s,0,0.027064152263702068,8
2021-09-09,rb1s,1,0.01974416505171808,8
2021-09-09,cl1s,1,0.11251930017456026,8
2021-09-10,cl1s,1,0.10717075262412479,8
2021-09-10,rb1s,0,0.0243638356214288,8
2021-09-13,rb1s,0,0.07462746518090582,8
2021-09-13,cl1s,1,0.22344998385100387,8
2021-09-14,cl1s,1,0.31957669393736743,8
2021-09-14,rb1s,0,0.08960152894318081,8
2021-09-15,rb1s,0,0.05624933383125879,8
2021-09-15,cl1s,1,0.33723165357221696,8
2021-09-16,cl1s,0,0.05882482835405815,8
2021-09-16,rb1s,0,0.025344906117697782,8
2021-09-17,cl1s,0,0.09791374344664737,8
2021-09-17,rb1s,0,0.03602340650836104,8
2021-09-20,rb1s,1,0.17908631534491398,8
2021-09-20,cl1s,1,0.36154986335544637,8
2021-09-21,cl1s,1,0.4050410098160699,8
2021-09-21,rb1s,1,0.3604753864998567,8
2021-09-22,cl1s,1,0.15679532700207421,8
2021-09-22,rb1s,1,0.21587444157172173,8
2021-09-23,cl1s,1,0.13847569091867853,8
2021-09-23,rb1s,0,0.0811020851631219,8
2021-09-24,rb1s,1,0.2727370331182774,8
2021-09-24,cl1s,1,0.25889920872878097,8
2021-09-27,rb1s,0,0.09670754928514656,8
2021-09-27,cl1s,0,0.26550429100266754,8
2021-09-28,rb1s,1,0.03551480573203252,8
2021-09-28,cl1s,0,0.07781994261471245,8
2021-09-29,rb1s,1,0.021912264393609524,8
2021-09-29,cl1s,1,0.07370321758632961,8
2021-09-30,cl1s,1,0.14859640217271058,8
2021-09-30,rb1s,1,0.04056314081219615,8
2021-10-01,rb1s,1,0.0885097633326163,8
2021-10-01,cl1s,1,0.14916048020214154,8
2021-10-04,cl1s,1,0.13329465889083372,8
2021-10-04,rb1s,0,0.033166318718670935,8
2020-08-14,rb1s,1,0.25201527487999853,9
2020-08-17,rb1s,1,0.2318670656193807,9
2020-08-18,rb1s,1,0.23684688160678613,9
2020-08-19,rb1s,0,0.26159181673042203,9
2020-08-20,rb1s,0,0.23280732518735217,9
2020-08-21,rb1s,1,0.3542491210645703,9
2020-08-21,cl1s,1,0.5547846248099723,9
2020-08-24,rb1s,0,0.23634844959183565,9
2020-08-24,cl1s,1,0.5974812016963529,9
2020-08-25,cl1s,1,0.6800036726808251,9
2020-08-25,rb1s,0,0.2320960900463295,9
2020-08-26,rb1s,0,0.2747559279717772,9
2020-08-26,cl1s,0,0.6040644218072766,9
2020-08-27,rb1s,0,0.4415879213649253,9
2020-08-28,rb1s,0,0.32913827059935397,9
2020-08-31,rb1s,0,0.41357871501625976,9
2020-09-01,cl1s,0,0.6721377748542561,9
2020-09-01,rb1s,0,0.4098329581132353,9
2020-09-02,rb1s,0,0.4192889589882797,9
2020-09-02,cl1s,0,0.6520975763340158,9
2020-09-03,rb1s,0,0.49803642308978024,9
2020-09-04,rb1s,0,0.558042372453135,9
2020-09-08,ho1s,1,0.922092428652658,9
2020-09-08,rb1s,0,0.5029106824342068,9
2020-09-09,rb1s,0,0.457790294123505,9
2020-09-10,rb1s,1,0.32684851435639795,9
2020-09-11,rb1s,1,0.3398853645224576,9
2020-09-14,rb1s,1,0.3799614349290394,9
2020-09-15,rb1s,1,0.3263742512174481,9
2020-09-16,cl1s,1,0.725425597153306,9
2020-09-16,rb1s,0,0.5438510873749437,9
2020-09-17,rb1s,0,0.34880341356370004,9
2020-09-18,rb1s,0,0.383934256559741,9
2020-09-21,ho1s,0,0.8969941591350473,9
2020-09-21,rb1s,0,0.3630069709286094,9
2020-09-21,cl1s,1,0.7327343867430833,9
2020-09-22,ho1s,1,0.8879528650612417,9
2020-09-22,rb1s,0,0.5713229953264278,9
2020-09-22,cl1s,1,0.7153515266366888,9
2020-09-23,rb1s,0,0.5853779965689778,9
2020-09-23,ho1s,1,0.9587146701779271,9
2020-09-23,cl1s,1,0.7803257250894193,9
2020-09-24,rb1s,0,0.3550981652925061,9
2020-09-24,ng1s,1,0.5786501841679996,9
2020-09-24,ho1s,1,0.913019493286127,9
2020-09-24,cl1s,0,0.6004187980367091,9
2020-09-25,ho1s,1,0.8632104000751321,9
2020-09-25,rb1s,0,0.42111685844444474,9
2020-09-25,cl1s,1,0.4860098718460007,9
2020-09-28,cl1s,0,0.4791967552869482,9
2020-09-28,rb1s,0,0.3422598483983549,9
2020-09-29,cl1s,1,0.6268974303581546,9
2020-09-29,ho1s,1,0.8673838299300766,9
2020-09-29,rb1s,0,0.454811926636371,9
2020-09-30,cl1s,0,0.567817476453869,9
2020-09-30,ho1s,0,0.7846072936238393,9
2020-09-30,rb1s,0,0.45370814859183367,9
2020-10-01,cl1s,0,0.6041620919626182,9
2020-10-01,ho1s,0,0.8214187997199601,9
2020-10-01,rb1s,0,0.3363046738349007,9
2020-10-02,ho1s,1,0.8444811342482975,9
2020-10-02,rb1s,1,0.3322847338930143,9
2020-10-02,cl1s,1,0.485744549380832,9
2020-10-05,cl1s,1,0.6762720024824771,9
2020-10-05,rb1s,0,0.4582862877574312,9
2020-10-06,rb1s,0,0.5503636286090463,9
2020-10-07,cl1s,1,0.6871803694533936,9
2020-10-07,rb1s,0,0.5846000341767297,9
2020-10-08,rb1s,0,0.41488884114147634,9
2020-10-08,cl1s,0,0.6589069463273267,9
2020-10-09,ng1s,0,0.6032014488913467,9
2020-10-09,cl1s,0,0.7064386580901182,9
2020-10-09,rb1s,0,0.4200488955782306,9
2020-10-12,rb1s,0,0.4599273917538026,9
2020-10-12,ng1s,1,0.596267596843633,9
2020-10-12,cl1s,1,0.6449015728789764,9
2020-10-13,rb1s,0,0.5218230241006343,9
2020-10-13,cl1s,1,0.6648268085546372,9
2020-10-13,ng1s,1,0.7183513533230851,9
2020-10-14,cl1s,0,0.671562433198871,9
2020-10-14,ng1s,0,0.6963930117099221,9
2020-10-14,rb1s,0,0.6166209230300618,9
2020-10-15,cl1s,0,0.6612858976432336,9
2020-10-15,rb1s,0,0.5940978921970025,9
2020-10-16,cl1s,0,0.5911048209577107,9
2020-10-16,rb1s,0,0.46463838475963193,9
2020-10-19,rb1s,0,0.5473017189650997,9
2020-10-19,cl1s,1,0.6289797617242324,9
2020-10-20,cl1s,0,0.5854600414077956,9
2020-10-20,rb1s,0,0.6056060160222643,9
2020-10-21,cl1s,1,0.6484604782544559,9
2020-10-21,rb1s,0,0.5331085194071431,9
2020-10-22,cl1s,0,0.6127645248955963,9
2020-10-22,rb1s,0,0.4618852819066011,9
2020-10-23,ho1s,0,0.8067394577370023,9
2020-10-23,rb1s,0,0.5639638858326864,9
2020-10-23,cl1s,0,0.5674197073706202,9
2020-10-26,ng1s,0,0.6087496746910691,9
2020-10-26,ho1s,1,0.8918339091722385,9
2020-10-26,rb1s,0,0.8025326657752306,9
2020-10-26,cl1s,1,0.779752346098348,9
2020-10-27,ng1s,1,0.5027624263971922,9
2020-10-27,ho1s,0,0.9432303968312751,9
2020-10-27,rb1s,0,0.8807473848224944,9
2020-10-27,cl1s,0,0.8379493828175841,9
2020-10-28,cl1s,0,0.7719877133010923,9
2020-10-28,rb1s,0,0.6763098052575297,9
2020-10-29,cl1s,0,0.8262909968836275,9
2020-10-29,ho1s,0,0.9428715058020534,9
2020-10-29,rb1s,1,0.5771885673344602,9
2020-10-30,cl1s,1,0.866117131743675,9
2020-10-30,rb1s,1,0.7089125425596915,9
2020-10-30,ho1s,1,0.9452575105946339,9
2020-11-02,rb1s,1,0.7826484874141353,9
2020-11-02,cl1s,1,0.8342259531048594,9
2020-11-03,rb1s,1,0.6033609608916448,9
2020-11-03,cl1s,1,0.7156780316301079,9
2020-11-04,cl1s,0,0.770210676587965,9
2020-11-04,rb1s,0,0.7220217115443363,9
2020-11-05,cl1s,0,0.7080727345969223,9
2020-11-05,rb1s,0,0.4963990341334582,9
2020-11-06,cl1s,1,0.666753361169871,9
2020-11-06,rb1s,1,0.5235656160232175,9
2020-11-09,cl1s,1,0.6030077736643387,9
2020-11-09,rb1s,0,0.5476202010756646,9
2020-11-10,cl1s,1,0.5886425602777433,9
2020-11-10,rb1s,0,0.42878282588578653,9
2020-11-11,cl1s,0,0.6282320387989551,9
2020-11-11,rb1s,0,0.5686284554267044,9
2020-11-12,rb1s,0,0.5029714611138791,9
2020-11-12,cl1s,0,0.6630539973440923,9
2020-11-13,rb1s,1,0.5641532694621261,9
2020-11-13,cl1s,1,0.5790825851742332,9
2020-11-16,cl1s,1,0.7175239035522994,9
2020-11-16,rb1s,1,0.6257010557049726,9
2020-11-17,rb1s,1,0.6567911259857905,9
2020-11-17,cl1s,1,0.6234128074087507,9
2020-11-18,rb1s,1,0.4958800178610033,9
2020-11-18,cl1s,0,0.5392254352200904,9
2020-11-19,cl1s,1,0.5276074411306282,9
2020-11-19,rb1s,1,0.4961595580277773,9
2020-11-20,rb1s,1,0.30010413979909195,9
2020-11-20,cl1s,1,0.4576128237682632,9
2020-11-23,cl1s,1,0.535038748081108,9
2020-11-23,rb1s,1,0.396860427438252,9
2020-11-24,rb1s,0,0.25796130182764754,9
2020-11-24,cl1s,1,0.35815142396488486,9
2020-11-25,rb1s,0,0.350719993069262,9
2020-11-27,rb1s,0,0.22513224690535685,9
2020-11-30,rb1s,0,0.37169617893470946,9
2020-12-01,cl1s,1,0.5040837330382609,9
2020-12-01,rb1s,1,0.41584028683394264,9
2020-12-02,rb1s,1,0.4309562324588706,9
2020-12-02,cl1s,1,0.4569218018843484,9
2020-12-03,rb1s,1,0.29200229668790656,9
2020-12-03,cl1s,1,0.35772164519769667,9
2020-12-04,cl1s,0,0.38561738769585596,9
2020-12-04,rb1s,0,0.30488318454224084,9
2020-12-07,rb1s,1,0.3102209325800786,9
2020-12-07,cl1s,0,0.5068936776507413,9
2020-12-08,rb1s,1,0.363935994436176,9
2020-12-08,cl1s,0,0.5104714200650186,9
2020-12-09,cl1s,1,0.48682160309873446,9
2020-12-09,rb1s,1,0.4471654529778127,9
2020-12-10,rb1s,0,0.3837137238987256,9
2020-12-11,cl1s,1,0.5406565635352926,9
2020-12-11,rb1s,1,0.34626791645900706,9
2020-12-14,rb1s,1,0.39632759833502273,9
2020-12-15,rb1s,1,0.3772479129282852,9
2020-12-16,rb1s,0,0.3800482164646543,9
2020-12-17,rb1s,0,0.3363444576214499,9
2020-12-18,ho1s,1,0.394988620508376,9
2020-12-18,rb1s,0,0.2869678367009509,9
2020-12-21,rb1s,0,0.46585535440425785,9
2020-12-21,ho1s,1,0.5582431150905139,9
2020-12-22,rb1s,1,0.4239351430353452,9
2020-12-23,rb1s,0,0.3593267509993933,9
2020-12-24,rb1s,0,0.24603810251545818,9
2020-12-28,rb1s,1,0.3053531365658445,9
2020-12-29,rb1s,1,0.3090998666870586,9
2020-12-30,rb1s,0,0.3067790402514484,9
2020-12-31,rb1s,0,0.2842245138407501,9
2021-01-04,ho1s,1,0.6906853798565322,9
2021-01-04,cl1s,1,0.6660452814289191,9
2021-01-04,rb1s,1,0.4119133443842024,9
2021-01-05,cl1s,1,0.5672288553513001,9
2021-01-05,rb1s,1,0.2747560377453452,9
2021-01-06,rb1s,0,0.1995572928229483,9
2021-01-06,cl1s,1,0.4660025787782298,9
2021-01-07,cl1s,1,0.44035954291518997,9
2021-01-07,rb1s,0,0.14570304804890552,9
2021-01-08,rb1s,0,0.16587841413328744,9
2021-01-08,cl1s,1,0.406955758835865,9
2021-01-11,cl1s,1,0.5001699835178071,9
2021-01-11,rb1s,0,0.18490347434458182,9
2021-01-12,rb1s,0,0.1712811784208613,9
2021-01-13,rb1s,0,0.16165250803840597,9
2021-01-14,rb1s,0,0.15198765001411696,9
2021-01-15,cl1s,1,0.44433749272457523,9
2021-01-15,rb1s,0,0.32175980445318514,9
2021-01-19,rb1s,0,0.22449518067807228,9
2021-01-19,cl1s,1,0.4678674690662373,9
2021-01-20,cl1s,0,0.36236160789064525,9
2021-01-20,rb1s,0,0.18861621488653085,9
2021-01-21,cl1s,0,0.2838670124904903,9
2021-01-21,rb1s,0,0.11842135656643384,9
2021-01-22,rb1s,0,0.30602194171718117,9
2021-01-25,rb1s,0,0.33401546228467094,9
2021-01-26,rb1s,0,0.3077257516171044,9
2021-01-27,rb1s,0,0.3732403990322245,9
2021-01-28,rb1s,0,0.37677162624968025,9
2021-01-29,rb1s,0,0.48813335340994285,9
2021-02-01,rb1s,0,0.5254445269427788,9
2021-02-02,rb1s,0,0.47815297191320694,9
2021-02-03,rb1s,0,0.12004892086363837,9
2021-02-04,rb1s,0,0.23209262247706794,9
2021-02-04,cl1s,0,0.3232405571897647,9
2021-02-05,cl1s,0,0.2354537812956197,9
2021-02-05,rb1s,0,0.1543053339097354,9
2021-02-08,rb1s,0,0.06989146443995181,9
2021-02-08,cl1s,0,0.32084494644088385,9
2021-02-09,rb1s,0,0.08860092457029553,9
2021-02-09,cl1s,0,0.27928594300875453,9
2021-02-10,rb1s,0,0.14214938843885808,9
2021-02-10,cl1s,1,0.2911477098902439,9
2021-02-11,rb1s,0,0.17052661881802705,9
2021-02-11,cl1s,0,0.2823463563799973,9
2021-02-12,cl1s,0,0.34371211001933727,9
2021-02-12,rb1s,0,0.15054965671889833,9
2021-02-16,ng1s,0,0.3594665424259844,9
2021-02-16,rb1s,0,0.26896683542612587,9
2021-02-16,cl1s,0,0.3713325627771196,9
2021-02-17,rb1s,0,0.19259276522768903,9
2021-02-17,cl1s,1,0.3172275411296431,9
2021-02-18,rb1s,0,0.2922415113572077,9
2021-02-18,cl1s,1,0.3231266176336525,9
2021-02-19,rb1s,0,0.3587124491462585,9
2021-02-19,cl1s,0,0.34480179954406553,9
2021-02-22,cl1s,1,0.4066713905301925,9
2021-02-22,rb1s,0,0.2542707109698779,9
2021-02-23,cl1s,0,0.3144644738326396,9
2021-02-23,rb1s,0,0.23327087524936793,9
2021-02-24,rb1s,0,0.46759129684411854,9
2021-02-24,cl1s,0,0.35428934208585017,9
2021-02-25,cl1s,1,0.45738539346740187,9
2021-02-25,rb1s,0,0.5223977233415633,9
2021-02-26,rb1s,0,0.3873369706805418,9
2021-03-01,rb1s,0,0.656807707844677,9
2021-03-02,rb1s,0,0.5182640683425562,9
2021-03-03,rb1s,0,0.4633207411850877,9
2021-03-04,rb1s,0,0.344326583738757,9
2021-03-05,rb1s,0,0.3345262680098063,9
2021-03-05,cl1s,1,0.3928732068771546,9
2021-03-08,cl1s,1,0.5665299309310542,9
2021-03-08,rb1s,0,0.32322804115888637,9
2021-03-09,rb1s,0,0.46512585232717235,9
2020-08-14,rb1s,1,0.05435100342766996,10
2020-08-17,rb1s,1,0.06438860636387138,10
2020-08-18,rb1s,1,0.06510595103861366,10
2020-08-19,rb1s,0,0.07962684846334656,10
2020-08-20,rb1s,0,0.055904307952877874,10
2020-08-21,rb1s,1,0.1766466778824293,10
2020-08-21,cl1s,1,0.7516406579027579,10
2020-08-24,rb1s,0,0.1088146370413045,10
2020-08-24,cl1s,1,0.796350466810328,10
2020-08-25,cl1s,1,0.7818626292623468,10
2020-08-25,rb1s,0,0.055637254642867125,10
2020-08-26,rb1s,0,0.05470761297914138,10
2020-08-26,cl1s,0,0.5814727693280562,10
2020-08-27,rb1s,0,0.10927055084222047,10
2020-08-28,rb1s,0,0.07189271203113744,10
2020-08-31,rb1s,0,0.22551195460690218,10
2020-09-01,cl1s,0,0.8265688645808478,10
2020-09-01,rb1s,0,0.24069672457900565,10
2020-09-02,rb1s,0,0.28333238581992953,10
2020-09-02,cl1s,0,0.8172804679278164,10
2020-09-03,rb1s,0,0.4136176183471591,10
2020-09-04,rb1s,0,0.5229728296641558,10
2020-09-08,ho1s,1,0.9908483828985423,10
2020-09-08,rb1s,0,0.8336913030128479,10
2020-09-09,rb1s,0,0.7536659699260221,10
2020-09-10,rb1s,1,0.5746432577213718,10
2020-09-11,rb1s,1,0.599168825159229,10
2020-09-14,rb1s,1,0.6038840156882603,10
2020-09-15,rb1s,1,0.46272556199790826,10
2020-09-16,cl1s,1,0.7861632717370803,10
2020-09-16,rb1s,0,0.7176964849019544,10
2020-09-17,rb1s,0,0.4100504534234715,10
2020-09-18,rb1s,0,0.5457152902822279,10
2020-09-21,ho1s,0,0.9873383929764822,10
2020-09-21,rb1s,0,0.5572489391299387,10
2020-09-21,cl1s,1,0.928809992975968,10
2020-09-22,ho1s,1,0.9665909720323371,10
2020-09-22,rb1s,0,0.679407351890821,10
2020-09-22,cl1s,1,0.9066531643868554,10
2020-09-23,rb1s,0,0.5529588130885891,10
2020-09-23,ho1s,1,0.9855276689026619,10
2020-09-23,cl1s,1,0.8658742645556478,10
2020-09-24,rb1s,0,0.29053206621286815,10
2020-09-24,ng1s,1,0.49935324795724384,10
2020-09-24,ho1s,1,0.9459791967500261,10
2020-09-24,cl1s,0,0.6290345769835187,10
2020-09-25,ho1s,1,0.9231513015116958,10
2020-09-25,rb1s,0,0.3004621507017081,10
2020-09-25,cl1s,1,0.501090107514452,10
2020-09-28,cl1s,0,0.49445475542158224,10
2020-09-28,rb1s,0,0.2688149982125705,10
2020-09-29,cl1s,1,0.7755559089811644,10
2020-09-29,ho1s,1,0.9529242154923551,10
2020-09-29,rb1s,0,0.4666103297847933,10
2020-09-30,cl1s,0,0.7030216791652099,10
2020-09-30,ho1s,0,0.9388708240541401,10
2020-09-30,rb1s,0,0.5300798809924959,10
2020-10-01,cl1s,0,0.8073798598489381,10
2020-10-01,ho1s,0,0.9349660131764825,10
2020-10-01,rb1s,0,0.39718482878111155,10
2020-10-02,ho1s,1,0.931188436703464,10
2020-10-02,rb1s,1,0.3629330973585827,10
2020-10-02,cl1s,1,0.616480844178331,10
2020-10-05,cl1s,1,0.8808601372149563,10
2020-10-05,rb1s,0,0.5960409772056215,10
2020-10-06,rb1s,0,0.5051747990980278,10
2020-10-07,cl1s,1,0.8209418698494965,10
2020-10-07,rb1s,0,0.5590708498629204,10
2020-10-08,rb1s,0,0.31009305705126694,10
2020-10-08,cl1s,0,0.7383197332955846,10
2020-10-09,ng1s,0,0.3993495869880989,10
2020-10-09,cl1s,0,0.868397512972447,10
2020-10-09,rb1s,0,0.3923378988836001,10
2020-10-12,rb1s,0,0.65642299470236,10
2020-10-12,ng1s,1,0.36995436748847366,10
2020-10-12,cl1s,1,0.834602421006933,10
2020-10-13,rb1s,0,0.7270166658068317,10
2020-10-13,cl1s,1,0.9377628684582389,10
2020-10-13,ng1s,1,0.7107527931413822,10
2020-10-14,cl1s,0,0.8656211240957089,10
2020-10-14,ng1s,0,0.6726340296602302,10
2020-10-14,rb1s,0,0.784152115925321,10
2020-10-15,cl1s,0,0.8977354905713703,10
2020-10-15,rb1s,0,0.8082256422904205,10
2020-10-16,cl1s,0,0.7499840021115921,10
2020-10-16,rb1s,0,0.6583492352157128,10
2020-10-19,rb1s,0,0.7991829754647826,10
2020-10-19,cl1s,1,0.8652625189605305,10
2020-10-20,cl1s,0,0.7851821172812872,10
2020-10-20,rb1s,0,0.8333919321534813,10
2020-10-21,cl1s,1,0.9116771301218104,10
2020-10-21,rb1s,0,0.8395298183310382,10
2020-10-22,cl1s,0,0.7248199963627494,10
2020-10-22,rb1s,0,0.7290309310614027,10
2020-10-23,ho1s,0,0.9672460481521905,10
2020-10-23,rb1s,0,0.7687571936801089,10
2020-10-23,cl1s,0,0.8478412347940095,10
2020-10-26,ng1s,0,0.621988036798917,10
2020-10-26,ho1s,1,0.9819166199150057,10
2020-10-26,rb1s,0,0.9420568692781555,10
2020-10-26,cl1s,1,0.951632553781644,10
2020-10-27,ng1s,1,0.5490664123992269,10
2020-10-27,ho1s,0,0.993412857137293,10
2020-10-27,rb1s,0,0.9545666942439935,10
2020-10-27,cl1s,0,0.9056758113998837,10
2020-10-28,cl1s,0,0.8644394040330398,10
2020-10-28,rb1s,0,0.7481069716573926,10
2020-10-29,cl1s,0,0.9292103897813782,10
2020-10-29,ho1s,0,0.9856780783054979,10
2020-10-29,rb1s,1,0.7114449083710557,10
2020-10-30,cl1s,1,0.9560539162716044,10
2020-10-30,rb1s,1,0.8570075380848696,10
2020-10-30,ho1s,1,0.9906045995356623,10
2020-11-02,rb1s,1,0.9573714063103141,10
2020-11-02,cl1s,1,0.9757920763895812,10
2020-11-03,rb1s,1,0.8790296872713966,10
2020-11-03,cl1s,1,0.9236637744517906,10
2020-11-04,cl1s,0,0.93594528326341,10
2020-11-04,rb1s,0,0.884386404644756,10
2020-11-05,cl1s,0,0.9285205842885166,10
2020-11-05,rb1s,0,0.7287616091795277,10
2020-11-06,cl1s,1,0.8702907586535527,10
2020-11-06,rb1s,1,0.7326582359063762,10
2020-11-09,cl1s,1,0.7158086688830572,10
2020-11-09,rb1s,0,0.5746439612743677,10
2020-11-10,cl1s,1,0.5883039630675203,10
2020-11-10,rb1s,0,0.25225610117823405,10
2020-11-11,cl1s,0,0.5247624638672265,10
2021-03-10,rb1s,0,0.020432014109895612,10
2021-03-11,rb1s,0,0.011777963085748501,10
2021-03-12,rb1s,1,0.010520562184156755,10
2021-03-15,rb1s,1,0.0352097309890691,10
2021-03-16,rb1s,1,0.03340736262914395,10
2021-03-17,rb1s,1,0.038497635126828,10
2021-03-18,rb1s,0,0.22006970332092443,10
2021-03-19,rb1s,0,0.3208108754428277,10
2021-03-22,rb1s,0,0.30662889053603876,10
2021-03-23,rb1s,0,0.5189194466985093,10
2021-03-24,rb1s,0,0.5903174251195547,10
2021-03-25,rb1s,1,0.5417987675858895,10
2021-03-26,rb1s,0,0.1037936762130904,10
2021-03-29,rb1s,0,0.14710786332233866,10
2021-03-30,rb1s,0,0.18691826088078162,10
2021-03-31,rb1s,0,0.28471972510363136,10
2021-04-01,rb1s,0,0.16057625376845638,10
2021-04-05,rb1s,0,0.5424932226330124,10
2021-04-06,rb1s,0,0.5231981766618478,10
2021-04-07,rb1s,0,0.36019529426289176,10
2021-04-08,rb1s,0,0.2695140594570385,10
2021-04-09,rb1s,0,0.2170257503388306,10
2021-04-12,rb1s,0,0.31252311224289303,10
2021-04-13,rb1s,0,0.16845452371491537,10
2021-04-14,rb1s,0,0.12613672903625903,10
2021-04-15,rb1s,0,0.031085441044083416,10
2021-04-15,cl1s,0,0.9646205492123456,10
2021-04-16,rb1s,0,0.010723487868186573,10
2021-04-16,cl1s,1,0.8863175715005134,10
2021-04-19,cl1s,0,0.8960530904692273,10
2021-04-19,rb1s,0,0.013199927535212973,10
2021-04-20,rb1s,0,0.020739739092131698,10
2021-04-20,cl1s,0,0.8697466966955408,10
2021-04-21,cl1s,1,0.8501196443358334,10
2021-04-21,rb1s,0,0.026936941135721513,10
2021-04-22,rb1s,0,0.02194729707741136,10
2021-04-22,cl1s,1,0.8537072396068233,10
2021-04-23,rb1s,0,0.040373367069278576,10
2021-04-23,cl1s,0,0.8327614895367885,10
2021-04-26,cl1s,1,0.8928727809775331,10
2021-04-26,rb1s,0,0.15180085244004468,10
2021-04-27,cl1s,1,0.8050703793534695,10
2021-04-27,rb1s,0,0.05989151114675416,10
2021-04-28,cl1s,1,0.7764202198135348,10
2021-04-28,rb1s,0,0.024417512713548577,10
2021-04-29,rb1s,0,0.012095801170531106,10
2021-04-29,cl1s,0,0.5691528642838558,10
2021-04-30,cl1s,1,0.6462991219346848,10
2021-04-30,rb1s,0,0.016834753491019306,10
2021-05-03,cl1s,1,0.6937441199861699,10
2021-05-03,rb1s,0,0.10163916315511594,10
2021-05-04,cl1s,0,0.7872538207554813,10
2021-05-04,rb1s,0,0.05565264792081156,10
2021-05-05,rb1s,0,0.0826256059292445,10
2021-05-05,cl1s,0,0.7111805576702462,10
2021-05-06,rb1s,0,0.06108558756154515,10
2021-05-07,rb1s,0,0.05458754515673586,10
2021-05-10,rb1s,0,0.09262387369975768,10
2021-05-11,rb1s,0,0.07587536895638802,10
2021-05-12,rb1s,1,0.04477754683426284,10
2021-05-12,cl1s,0,0.6387384953077042,10
2021-05-13,rb1s,0,0.2734956614809807,10
2021-05-14,rb1s,0,0.1147002857395425,10
2021-05-14,cl1s,1,0.7272305335693185,10
2021-05-17,cl1s,0,0.6620465142247229,10
2021-05-17,rb1s,0,0.16206127964857214,10
2021-05-18,rb1s,0,0.2113670659338442,10
2021-05-19,cl1s,0,0.7733427024092197,10
2021-05-19,rb1s,0,0.34827733739202676,10
2021-05-20,cl1s,1,0.8706960432974259,10
2021-05-20,rb1s,1,0.5501080394857931,10
2021-05-21,cl1s,1,0.8399910426564463,10
2021-05-21,rb1s,1,0.4883495675693752,10
2021-05-24,rb1s,0,0.14493210399319198,10
2021-05-24,cl1s,1,0.6450098608935962,10
2021-05-25,rb1s,0,0.1273332253085073,10
2021-05-25,cl1s,1,0.563052127755068,10
2021-05-26,rb1s,0,0.08524877448486354,10
2021-05-26,cl1s,1,0.5350484548712638,10
2021-05-27,rb1s,0,0.06280665645402156,10
2021-05-27,cl1s,0,0.5543636475558369,10
2021-05-28,rb1s,0,0.08958079376675952,10
2021-05-28,cl1s,1,0.5217028721463615,10
2021-06-01,cl1s,1,0.7000376484190592,10
2021-06-01,rb1s,0,0.11702385025531091,10
2021-06-02,rb1s,0,0.026557564399412946,10
2021-06-02,cl1s,0,0.7015684837013528,10
2021-06-03,rb1s,0,0.013955424144417859,10
2021-06-03,cl1s,1,0.6668933628062609,10
2021-06-04,cl1s,0,0.6437348549762106,10
2021-06-04,rb1s,0,0.011091159238695197,10
2021-06-07,cl1s,1,0.768819444798124,10
2021-06-07,rb1s,0,0.0442755164867879,10
2021-06-08,cl1s,0,0.8343245992398749,10
2021-06-08,rb1s,0,0.04125003027296068,10
2021-06-09,cl1s,1,0.8743301205541879,10
2021-06-09,rb1s,0,0.08178715653218932,10
2021-06-10,cl1s,1,0.8193921981761174,10
2021-06-10,rb1s,0,0.06385365798035549,10
2021-06-11,rb1s,0,0.14756162660199734,10
2021-06-14,rb1s,0,0.24998633183854116,10
2021-06-15,cl1s,1,0.9253456980336321,10
2021-06-15,rb1s,0,0.1268082300159439,10
2021-06-16,rb1s,0,0.14858369621680104,10
2021-06-16,cl1s,0,0.9053076799645191,10
2021-06-17,rb1s,0,0.336751018500118,10
2021-06-17,ho1s,1,0.977557660182799,10
2021-06-17,cl1s,1,0.8674033070538184,10
2021-06-18,rb1s,0,0.23291177163800278,10
2021-06-18,cl1s,1,0.7984176086787103,10
2021-06-21,rb1s,0,0.4274383832323821,10
2021-06-21,cl1s,0,0.7663968503269364,10
2021-06-22,rb1s,0,0.13604822355834884,10
2021-06-22,cl1s,1,0.7497243623172837,10
2021-06-23,rb1s,0,0.0908788324190306,10
2021-06-24,cl1s,1,0.5864065354770178,10
2021-06-24,rb1s,1,0.04705285554852486,10
2021-06-25,rb1s,0,0.09884284722797941,10
2021-06-25,cl1s,0,0.4147221814325619,10
2021-06-28,rb1s,0,0.2736993374589521,10
2021-06-28,ho1s,1,0.9672160027360059,10
2021-06-28,cl1s,1,0.8008658411399739,10
2021-06-29,ho1s,1,0.977985711943543,10
2021-06-29,rb1s,0,0.18091764589304543,10
2021-06-29,cl1s,1,0.8466938791116164,10
2021-06-30,cl1s,1,0.8025596854881802,10
2021-06-30,rb1s,0,0.14767870985154394,10
2021-07-01,cl1s,0,0.6920339678586388,10
2020-08-14,rb1s,1,0.04571324190518215,11
2020-08-17,rb1s,1,0.0467987434508257,11
2020-08-18,rb1s,1,0.04037097349814907,11
2020-08-19,rb1s,0,0.04738397468866353,11
2020-08-20,rb1s,0,0.05064517591177205,11
2020-08-21,rb1s,1,0.2151249696835772,11
2020-08-21,cl1s,1,0.8037992675524602,11
2020-08-24,rb1s,0,0.06448557624360152,11
2020-08-24,cl1s,1,0.7414684951766164,11
2020-08-25,cl1s,1,0.6891158385283122,11
2020-08-25,rb1s,0,0.035739365287029534,11
2020-08-26,rb1s,0,0.033981820403991135,11
2020-08-26,cl1s,0,0.37697384687965935,11
2020-08-27,rb1s,0,0.1547767503744604,11
2020-08-28,rb1s,0,0.12444760931261642,11
2020-08-31,rb1s,0,0.2830282736903532,11
2020-09-01,cl1s,0,0.7648603344883155,11
2020-09-01,rb1s,0,0.23237630275118332,11
2020-09-02,rb1s,0,0.28176557768954835,11
2020-09-02,cl1s,0,0.8401951016072411,11
2020-09-03,rb1s,0,0.45284469058351545,11
2020-09-04,rb1s,0,0.5092397573158759,11
2020-09-08,ho1s,1,0.9537984178770882,11
2020-09-08,rb1s,0,0.6053594300571348,11
2020-09-09,rb1s,0,0.4590923637979979,11
2020-09-10,rb1s,1,0.25871072200331907,11
2020-09-11,rb1s,1,0.3276810897313503,11
2020-09-14,rb1s,1,0.3828861250841133,11
2020-09-15,rb1s,1,0.25445659136932375,11
2020-09-16,cl1s,1,0.48848901547857204,11
2020-09-16,rb1s,0,0.363049613947386,11
2020-09-17,rb1s,0,0.12014505208629242,11
2020-09-18,rb1s,0,0.22797701865769443,11
2020-09-21,ho1s,0,0.931947752206019,11
2020-09-21,rb1s,0,0.20927049555467755,11
2020-09-21,cl1s,1,0.704991872006151,11
2020-09-22,ho1s,1,0.8609533986563286,11
2020-09-22,rb1s,0,0.3611264753369693,11
2020-09-22,cl1s,1,0.6589217153709687,11
2020-09-23,rb1s,0,0.3258854274634358,11
2020-09-23,ho1s,1,0.9577633810065184,11
2020-09-23,cl1s,1,0.6182268348471025,11
2020-09-24,rb1s,0,0.14101400536455147,11
2020-09-24,ng1s,1,0.18697582605911556,11
2020-09-24,ho1s,1,0.8693909807955471,11
2020-09-24,cl1s,0,0.2968546124024074,11
2020-09-25,ho1s,1,0.8685902017165412,11
2020-09-25,rb1s,0,0.19763117989042983,11
2020-09-25,cl1s,1,0.3379496547968084,11
2020-09-28,cl1s,0,0.2758182733188797,11
2020-09-28,rb1s,0,0.11270849643406035,11
2020-09-29,cl1s,1,0.6797774032152111,11
2020-09-29,ho1s,1,0.8880319888020666,11
2020-09-29,rb1s,0,0.2856069626188904,11
2020-09-30,cl1s,0,0.439281869661601,11
2020-09-30,ho1s,0,0.7954810589735041,11
2020-09-30,rb1s,0,0.24265293640395472,11
2020-10-01,cl1s,0,0.6214064667481921,11
2020-10-01,ho1s,0,0.8336769144526205,11
2020-10-01,rb1s,0,0.19221233524354198,11
2020-10-02,ho1s,1,0.8576262644743791,11
2020-10-02,rb1s,1,0.17282366294807294,11
2020-10-02,cl1s,1,0.3925492980438563,11
2020-10-05,cl1s,1,0.6895650199065638,11
2020-10-05,rb1s,0,0.35588694989266534,11
2020-10-06,rb1s,0,0.17575188415370083,11
2020-10-07,cl1s,1,0.5778009791561889,11
2020-10-07,rb1s,0,0.28825520517959824,11
2020-10-08,rb1s,0,0.12895134267848243,11
2020-10-08,cl1s,0,0.35504864883262954,11
2020-10-09,ng1s,0,0.14899196028502948,11
2020-10-09,cl1s,0,0.7200672038939944,11
2020-10-09,rb1s,0,0.2508424161835991,11
2020-10-12,rb1s,0,0.3718026039048967,11
2020-10-12,ng1s,1,0.14186508855514326,11
2020-10-12,cl1s,1,0.6512219917761923,11
2020-10-13,rb1s,0,0.41819990496102993,11
2020-10-13,cl1s,1,0.8418963845616596,11
2020-10-13,ng1s,1,0.3998221943098098,11
2020-10-14,cl1s,0,0.6136943542437306,11
2020-10-14,ng1s,0,0.35670099759307067,11
2020-10-14,rb1s,0,0.46006220196132713,11
2020-10-15,cl1s,0,0.7640808568789312,11
2020-10-15,rb1s,0,0.6643763946945525,11
2020-10-16,cl1s,0,0.5855831837800399,11
2020-10-16,rb1s,0,0.487624469328829,11
2020-10-19,rb1s,0,0.563185215267714,11
2020-10-19,cl1s,1,0.7251056429416319,11
2020-10-20,cl1s,0,0.5662488831987675,11
2020-10-20,rb1s,0,0.5620101881918491,11
2020-10-21,cl1s,1,0.8855866638348769,11
2020-10-21,rb1s,0,0.6461540251911245,11
2020-10-22,cl1s,0,0.5101853468307218,11
2020-10-22,rb1s,0,0.39439663491172355,11
2020-10-23,ho1s,0,0.9501336372600118,11
2020-10-23,rb1s,0,0.6867830643931757,11
2020-10-23,cl1s,0,0.8473528835511266,11
2020-10-26,ng1s,0,0.45261330893850993,11
2020-10-26,ho1s,1,0.9572411793022952,11
2020-10-26,rb1s,0,0.8835743639101358,11
2020-10-26,cl1s,1,0.9171848052742548,11
2020-10-27,ng1s,1,0.4271214377167392,11
2020-10-27,ho1s,0,0.9895293239405538,11
2020-10-27,rb1s,0,0.9355029878818456,11
2020-10-27,cl1s,0,0.6868116897561897,11
2020-10-28,cl1s,0,0.8063994711929167,11
2020-10-28,rb1s,0,0.6857734659649279,11
2020-10-29,cl1s,0,0.885525115116703,11
2020-10-29,ho1s,0,0.9762143646541253,11
2020-10-29,rb1s,1,0.6480965415398434,11
2020-10-30,cl1s,1,0.8817708311243001,11
2020-10-30,rb1s,1,0.6860228502221816,11
2020-10-30,ho1s,1,0.972898932610372,11
2020-11-02,rb1s,1,0.9106175401058031,11
2020-11-02,cl1s,1,0.9449070851173258,11
2020-11-03,rb1s,1,0.697176856274214,11
2020-11-03,cl1s,1,0.7875767771694058,11
2020-11-04,cl1s,0,0.8197686450790735,11
2020-11-04,rb1s,0,0.7272119922097761,11
2020-11-05,cl1s,0,0.7426229925407829,11
2020-11-05,rb1s,0,0.43951851047677065,11
2020-11-06,cl1s,1,0.7859196078614741,11
2020-11-06,rb1s,1,0.5739293725229366,11
2020-11-09,cl1s,1,0.516931526030771,11
2020-11-09,rb1s,0,0.3020946419704893,11
2020-11-10,cl1s,1,0.47293513645611485,11
2020-11-10,rb1s,0,0.13392702156083797,11
2020-11-11,cl1s,0,0.42535389245072414,11
2021-07-01,rb1s,0,0.03640478965954945,11
2021-07-02,rb1s,1,0.014955693369191904,11
2021-07-02,cl1s,0,0.4171798389571141,11
2021-07-06,cl1s,0,0.8640114807854071,11
2021-07-06,rb1s,0,0.08222887114215986,11
2021-07-07,rb1s,0,0.059417595793151194,11
2021-07-07,cl1s,1,0.9161004070788549,11
2021-07-07,ho1s,1,0.8145389345199371,11
2021-07-08,rb1s,0,0.0831092350543589,11
2021-07-08,cl1s,1,0.9139312856452043,11
2021-07-08,ho1s,1,0.7854768158886954,11
2021-07-09,rb1s,0,0.01677869921849343,11
2021-07-09,cl1s,0,0.6494952180091104,11
2021-07-12,rb1s,0,0.04820834665643695,11
2021-07-12,cl1s,1,0.8406233652369387,11
2021-07-13,rb1s,1,0.03066696875656145,11
2021-07-13,cl1s,0,0.6346945927243494,11
2021-07-14,cl1s,0,0.8180332940604707,11
2021-07-14,rb1s,1,0.043816199898736155,11
2021-07-15,cl1s,1,0.5218945122221774,11
2021-07-15,rb1s,1,0.015529721718567814,11
2021-07-16,rb1s,1,0.024314103720429348,11
2021-07-16,cl1s,0,0.4025103156470015,11
2021-07-19,rb1s,1,0.0846903951945199,11
2021-07-19,cl1s,1,0.907442183216486,11
2021-07-20,rb1s,1,0.202418647590318,11
2021-07-20,cl1s,1,0.9308984479476146,11
2021-07-21,rb1s,1,0.06960669665423935,11
2021-07-21,cl1s,1,0.6803618904216534,11
2021-07-22,rb1s,1,0.08075425276405755,11
2021-07-22,cl1s,1,0.3719184281359827,11
2021-07-23,rb1s,0,0.0574342842067431,11
2021-07-23,cl1s,0,0.41326070167014023,11
2021-07-26,rb1s,0,0.11055897896861341,11
2021-07-26,cl1s,0,0.553251907196863,11
2021-07-27,rb1s,0,0.034886921812141695,11
2021-07-27,cl1s,1,0.25868928802710706,11
2021-07-28,cl1s,1,0.19906701946381186,11
2021-07-28,rb1s,0,0.026811258886216414,11
2021-07-29,rb1s,0,0.019544092915908695,11
2021-07-29,cl1s,1,0.08848102340775409,11
2021-07-30,rb1s,0,0.011160912732563161,11
2021-07-30,cl1s,0,0.21014211663642374,11
2021-08-02,rb1s,0,0.009814051697646178,11
2021-08-02,cl1s,0,0.3601502901365206,11
2021-08-03,cl1s,0,0.4056304566140267,11
2021-08-03,rb1s,0,0.04518128923749808,11
2021-08-04,rb1s,0,0.05973724512943203,11
2021-08-04,cl1s,1,0.5165882514391428,11
2021-08-05,cl1s,0,0.5561561065748138,11
2021-08-05,rb1s,0,0.096388775691441,11
2021-08-06,cl1s,0,0.37872534671721964,11
2021-08-06,rb1s,0,0.08781951026640714,11
2021-08-09,cl1s,1,0.6265726156187708,11
2021-08-09,rb1s,0,0.18795310248176617,11
2021-08-10,rb1s,0,0.23800043084871964,11
2021-08-10,cl1s,1,0.6708396943382746,11
2021-08-11,cl1s,0,0.6420853217681393,11
2021-08-11,rb1s,0,0.1652849359793092,11
2021-08-12,cl1s,0,0.3101797827021192,11
2021-08-12,rb1s,0,0.0879255614561734,11
2021-08-13,rb1s,0,0.040571502928075646,11
2021-08-13,cl1s,0,0.2523118987834473,11
2021-08-16,cl1s,0,0.6576458207747284,11
2021-08-16,rb1s,0,0.2371593497279473,11
2021-08-17,cl1s,0,0.5014190180496437,11
2021-08-17,rb1s,0,0.26229591084850506,11
2021-08-18,cl1s,0,0.3211591886442199,11
2021-08-18,rb1s,0,0.2646284822029816,11
2021-08-19,rb1s,0,0.25264092215590167,11
2021-08-19,cl1s,0,0.5680358249432508,11
2021-08-20,rb1s,1,0.283015527488916,11
2021-08-20,cl1s,1,0.7394814249925135,11
2021-08-23,rb1s,1,0.35349277920395444,11
2021-08-23,cl1s,1,0.714417517753883,11
2021-08-24,cl1s,1,0.34099683691679844,11
2021-08-24,rb1s,1,0.06542042975065684,11
2021-08-25,rb1s,0,0.06098177103327124,11
2021-08-25,cl1s,0,0.25441597276820277,11
2021-08-26,rb1s,1,0.06929875969123532,11
2021-08-26,cl1s,1,0.2762715796679734,11
2021-08-27,rb1s,0,0.041083155702572455,11
2021-08-27,cl1s,1,0.14522833474202076,11
2021-08-30,rb1s,0,0.1065622380999789,11
2021-08-30,cl1s,0,0.21769093460553002,11
2021-08-31,cl1s,1,0.4289835871094604,11
2021-08-31,rb1s,0,0.21334352364590647,11
2021-09-01,rb1s,1,0.33082639490697346,11
2021-09-01,cl1s,1,0.5154203027102552,11
2021-09-02,rb1s,0,0.20528546257369346,11
2021-09-02,cl1s,0,0.3215809343219304,11
2021-09-03,rb1s,0,0.029833505461510257,11
2021-09-03,cl1s,0,0.12152535730235131,11
2021-09-07,rb1s,0,0.05427170351883082,11
2021-09-07,cl1s,1,0.23443391556867235,11
2021-09-08,cl1s,0,0.18444365883697356,11
2021-09-08,rb1s,0,0.051786734273398326,11
2021-09-09,rb1s,1,0.034801636668554466,11
2021-09-09,cl1s,1,0.2447948703208772,11
2021-09-10,cl1s,1,0.14129681429179866,11
2021-09-10,rb1s,0,0.03729492176937934,11
2021-09-13,rb1s,0,0.09734209733634193,11
2021-09-13,cl1s,1,0.29386099930259013,11
2021-09-14,cl1s,1,0.49643666906261474,11
2021-09-14,rb1s,0,0.1427070270218218,11
2021-09-15,rb1s,0,0.11068327912806702,11
2021-09-15,cl1s,1,0.5914928082500109,11
2021-09-16,cl1s,0,0.1452938458851926,11
2021-09-16,rb1s,0,0.03256570349615616,11
2021-09-17,cl1s,0,0.18043518695073843,11
2021-09-17,rb1s,0,0.0444880075192212,11
2021-09-20,rb1s,1,0.20796604760585635,11
2021-09-20,cl1s,1,0.44400566935106595,11
2021-09-21,cl1s,1,0.5209596132353369,11
2021-09-21,rb1s,1,0.475756348049634,11
2021-09-22,cl1s,1,0.25157304049938356,11
2021-09-22,rb1s,1,0.3120082108642486,11
2021-09-23,cl1s,1,0.2731005959955922,11
2021-09-23,rb1s,0,0.11733764048713513,11
2021-09-24,rb1s,1,0.2660574326202438,11
2021-09-24,cl1s,1,0.3635942595291873,11
2021-09-27,rb1s,0,0.12426621667178314,11
2021-09-27,cl1s,0,0.32907930961880616,11
2021-09-28,rb1s,1,0.06646266238405517,11
2021-09-28,cl1s,0,0.1588128861826589,11
2021-09-29,rb1s,1,0.04400935784313693,11
2021-09-29,cl1s,1,0.16651399659530242,11
2021-09-30,cl1s,1,0.23466147062650664,11
2021-09-30,rb1s,1,0.1343371154017124,11
2021-10-01,rb1s,1,0.15975034882992703,11
2021-10-01,cl1s,1,0.2930242991550887,11
2021-10-04,cl1s,1,0.2154941344024806,11
2021-10-04,rb1s,0,0.08449725906655887,11
2020-11-11,rb1s,0,0.6073051370995043,12
2020-11-12,rb1s,0,0.47853839362228534,12
2020-11-12,cl1s,0,0.5001449797862029,12
2020-11-13,rb1s,1,0.6065842302539395,12
2020-11-13,cl1s,1,0.4968767337405318,12
2020-11-16,cl1s,1,0.6751789275195137,12
2020-11-16,rb1s,1,0.686356461234174,12
2020-11-17,rb1s,1,0.695119843379634,12
2020-11-17,cl1s,1,0.4774446770371896,12
2020-11-18,rb1s,1,0.4566928844979632,12
2020-11-18,cl1s,0,0.38406173562517737,12
2020-11-19,cl1s,1,0.4449646639724034,12
2020-11-19,rb1s,1,0.5080808625115564,12
2020-11-20,rb1s,1,0.3197903693181969,12
2020-11-20,cl1s,1,0.4200421348863922,12
2020-11-23,cl1s,1,0.5235370137186007,12
2020-11-23,rb1s,1,0.5053855657563823,12
2020-11-24,rb1s,0,0.36585614284187057,12
2020-11-24,cl1s,1,0.33701877780064743,12
2020-11-25,rb1s,0,0.44519797358055857,12
2020-11-27,rb1s,0,0.2585719140823134,12
2020-11-30,rb1s,0,0.4631477484809538,12
2020-12-01,cl1s,1,0.5537139434839303,12
2020-12-01,rb1s,1,0.5079237652012114,12
2020-12-02,rb1s,1,0.5605689621216695,12
2020-12-02,cl1s,1,0.44335458464738203,12
2020-12-03,rb1s,1,0.39104610419870145,12
2020-12-03,cl1s,1,0.3422351708512748,12
2020-12-04,cl1s,0,0.6041940676319195,12
2020-12-04,rb1s,0,0.5949800044483947,12
2020-12-07,rb1s,1,0.5080755782867886,12
2020-12-07,cl1s,0,0.5931856393907307,12
2020-12-08,rb1s,1,0.5152804630905999,12
2020-12-08,cl1s,0,0.552065335174861,12
2020-12-09,cl1s,1,0.4582013591721909,12
2020-12-09,rb1s,1,0.6135557025454547,12
2020-12-10,rb1s,0,0.5653461256342057,12
2020-12-11,cl1s,1,0.43060700375494704,12
2020-12-11,rb1s,1,0.44127900489691446,12
2020-12-14,rb1s,1,0.4821601167862778,12
2020-12-15,rb1s,1,0.47127453181791834,12
2020-12-16,rb1s,0,0.44807083040811674,12
2020-12-17,rb1s,0,0.4287778282303712,12
2020-12-18,ho1s,1,0.28678568266150095,12
2020-12-18,rb1s,0,0.4016644848695354,12
2020-12-21,rb1s,0,0.6048269922380098,12
2020-12-21,ho1s,1,0.5393621048258194,12
2020-12-22,rb1s,1,0.46457551939146746,12
2020-12-23,rb1s,0,0.3845825737331143,12
2020-12-24,rb1s,0,0.25941495329180536,12
2020-12-28,rb1s,1,0.38443890828046406,12
2020-12-29,rb1s,1,0.37063139200717937,12
2020-12-30,rb1s,0,0.3555384391844473,12
2020-12-31,rb1s,0,0.3431274120496733,12
2021-01-04,ho1s,1,0.4113462361644114,12
2021-01-04,cl1s,1,0.5038618975124689,12
2021-01-04,rb1s,1,0.40675924708808897,12
2021-01-05,cl1s,1,0.5367354789112417,12
2021-01-05,rb1s,1,0.39999042705888566,12
2021-01-06,rb1s,0,0.30586484153094573,12
2021-01-06,cl1s,1,0.4727569527342562,12
2021-01-07,cl1s,1,0.5194722903014592,12
2021-01-07,rb1s,0,0.23256183262147848,12
2021-01-08,rb1s,0,0.2958824719679254,12
2021-01-08,cl1s,1,0.47057635325638447,12
2021-01-11,cl1s,1,0.6201971215544194,12
2021-01-11,rb1s,0,0.38612676016948827,12
2021-01-12,rb1s,0,0.3316871736531783,12
2021-01-13,rb1s,0,0.2868803205006529,12
2021-01-14,rb1s,0,0.23317786219808287,12
2021-01-15,cl1s,1,0.4473515093054481,12
2021-01-15,rb1s,0,0.5730460970998279,12
2021-01-19,rb1s,0,0.45686891087932624,12
2021-01-19,cl1s,1,0.5004012516777703,12
2021-01-20,cl1s,0,0.395501339886476,12
2021-01-20,rb1s,0,0.3403491265446002,12
2021-01-21,cl1s,0,0.32846664533502123,12
2021-01-21,rb1s,0,0.2894003208875078,12
2021-01-22,rb1s,0,0.4746039371724269,12
2021-01-25,rb1s,0,0.5823856377371308,12
2021-01-26,rb1s,0,0.486563867329286,12
2021-01-27,rb1s,0,0.3961168953933171,12
2021-01-28,rb1s,0,0.42231109901161207,12
2021-01-29,rb1s,0,0.5741630157232347,12
2021-02-01,rb1s,0,0.6714340995455375,12
2021-02-02,rb1s,0,0.5091755069449345,12
2021-02-03,rb1s,0,0.2714152630871061,12
2021-02-04,rb1s,0,0.45093689038590834,12
2021-02-04,cl1s,0,0.36529648636189777,12
2021-02-05,cl1s,0,0.28196058535347684,12
2021-02-05,rb1s,0,0.36583362153237253,12
2021-02-08,rb1s,0,0.11303332473202776,12
2021-02-08,cl1s,0,0.40291241741485206,12
2021-02-09,rb1s,0,0.15360222946183172,12
2021-02-09,cl1s,0,0.27239502504764346,12
2021-02-10,rb1s,0,0.22065712099387058,12
2021-02-10,cl1s,1,0.26992559710646596,12
2021-02-11,rb1s,0,0.29183929418652693,12
2021-02-11,cl1s,0,0.2503163766321195,12
2021-02-12,cl1s,0,0.3364523940218409,12
2021-02-12,rb1s,0,0.23288136587277447,12
2021-02-16,ng1s,0,0.43300469882589326,12
2021-02-16,rb1s,0,0.38565521684851256,12
2021-02-16,cl1s,0,0.35903587079510696,12
2021-02-17,rb1s,0,0.2594860882961105,12
2021-02-17,cl1s,1,0.300153414715591,12
2021-02-18,rb1s,0,0.37969747594307807,12
2021-02-18,cl1s,1,0.2806949683034697,12
2021-02-19,rb1s,0,0.45410514255170287,12
2021-02-19,cl1s,0,0.4282402887542935,12
2021-02-22,cl1s,1,0.45885081622674856,12
2021-02-22,rb1s,0,0.40379063901613216,12
2021-02-23,cl1s,0,0.329266928374725,12
2021-02-23,rb1s,0,0.3061422689894355,12
2021-02-24,rb1s,0,0.5980608812171693,12
2021-02-24,cl1s,0,0.37244864101970965,12
2021-02-25,cl1s,1,0.49150481800300033,12
2021-02-25,rb1s,0,0.5818763890248295,12
2021-02-26,rb1s,0,0.5370848267142699,12
2021-03-01,rb1s,0,0.845262084442609,12
2021-03-02,rb1s,0,0.7294183038148344,12
2021-03-03,rb1s,0,0.6793156362929195,12
2021-03-04,rb1s,0,0.4960863436378413,12
2021-03-05,rb1s,0,0.5688563670720862,12
2021-03-05,cl1s,1,0.5121846635551365,12
2021-03-08,cl1s,1,0.6501041956241569,12
2021-03-08,rb1s,0,0.5844564483547862,12
2021-03-09,rb1s,0,0.7578950019981138,12
2021-03-10,rb1s,0,0.3628533973139395,12
2021-03-11,rb1s,0,0.26503133766965103,12
2021-03-12,rb1s,1,0.36404311967993475,12
2021-03-15,rb1s,1,0.69114808026868,12
2021-03-16,rb1s,1,0.6051333018913203,12
2021-03-17,rb1s,1,0.6431605773843172,12
2021-03-18,rb1s,0,0.6668201528846759,12
2021-03-19,rb1s,0,0.6857560275988667,12
2021-03-22,rb1s,0,0.6078410114330444,12
2021-03-23,rb1s,0,0.6686364044024047,12
2021-03-24,rb1s,0,0.6328466011118927,12
2021-03-25,rb1s,1,0.6567320900628923,12
2021-03-26,rb1s,0,0.5941023759684648,12
2021-03-29,rb1s,0,0.7329942670990067,12
2021-03-30,rb1s,0,0.6351301735015521,12
2021-03-31,rb1s,0,0.6764784423897346,12
2021-04-01,rb1s,0,0.5386549474239486,12
2021-04-05,rb1s,0,0.754364591054471,12
2021-04-06,rb1s,0,0.5570185739624774,12
2021-04-07,rb1s,0,0.4051664604286288,12
2021-04-08,rb1s,0,0.4927037668790703,12
2021-04-09,rb1s,0,0.2905501463668443,12
2021-04-12,rb1s,0,0.2509366636455298,12
2021-04-13,rb1s,0,0.20202038334234373,12
2021-04-14,rb1s,0,0.11897906540488823,12
2021-04-15,rb1s,0,0.08649537187274396,12
2021-04-15,cl1s,0,0.7588057827981376,12
2021-04-16,rb1s,0,0.06861140180774192,12
2021-04-16,cl1s,1,0.531228492425505,12
2021-04-19,cl1s,0,0.6601333088159363,12
2021-04-19,rb1s,0,0.10416430964920975,12
2021-04-20,rb1s,0,0.10317234269200586,12
2021-04-20,cl1s,0,0.4888822212796483,12
2021-04-21,cl1s,1,0.47352222402971517,12
2021-04-21,rb1s,0,0.09815026069031126,12
2021-04-22,rb1s,0,0.11541398516471094,12
2021-04-22,cl1s,1,0.42883129733350317,12
2021-04-23,rb1s,0,0.20951913381460882,12
2021-04-23,cl1s,0,0.5416501916112397,12
2021-04-26,cl1s,1,0.5485416092841473,12
2021-04-26,rb1s,0,0.4178336902101974,12
2021-04-27,cl1s,1,0.5029308904777822,12
2021-04-27,rb1s,0,0.20685918178391993,12
2021-04-28,cl1s,1,0.4889024161492636,12
2021-04-28,rb1s,0,0.10585150407082634,12
2021-04-29,rb1s,0,0.08319352149544873,12
2021-04-29,cl1s,0,0.32435376881936934,12
2021-04-30,cl1s,1,0.3719734017562794,12
2021-04-30,rb1s,0,0.1276760476420131,12
2021-05-03,cl1s,1,0.39240960101561845,12
2021-05-03,rb1s,0,0.3136502097565021,12
2021-05-04,cl1s,0,0.391685946209592,12
2021-05-04,rb1s,0,0.13304331045759424,12
2021-05-05,rb1s,0,0.17226682578373506,12
2021-05-05,cl1s,0,0.307075450620203,12
2021-05-06,rb1s,0,0.125706539142336,12
2021-05-07,rb1s,0,0.15562493560660312,12
2021-05-10,rb1s,0,0.20100086056518324,12
2021-05-11,rb1s,0,0.19715915847550944,12
2021-05-12,rb1s,1,0.138457174338508,12
2021-05-12,cl1s,0,0.2615547795843051,12
2021-05-13,rb1s,0,0.27751628042677734,12
2021-05-14,rb1s,0,0.22855352217250186,12
2021-05-14,cl1s,1,0.35769926924954537,12
2021-05-17,cl1s,0,0.4494782100621235,12
2021-05-17,rb1s,0,0.4056743176385843,12
2021-05-18,rb1s,0,0.3719499395028325,12
2021-05-19,cl1s,0,0.17022187486902093,12
2021-05-19,rb1s,0,0.2731795453282611,12
2021-05-20,cl1s,1,0.2549534024344408,12
2021-05-20,rb1s,1,0.25350327600394734,12
2021-05-21,cl1s,1,0.30390733530050795,12
2021-05-21,rb1s,1,0.21460930273334589,12
2021-05-24,rb1s,0,0.38617675874706775,12
2021-05-24,cl1s,1,0.3140627598528818,12
2021-05-25,rb1s,0,0.30407238268761483,12
2021-05-25,cl1s,1,0.2132561111682731,12
2021-05-26,rb1s,0,0.2587011624188063,12
2021-05-26,cl1s,1,0.18545785306965898,12
2021-05-27,rb1s,0,0.28870615478935846,12
2021-05-27,cl1s,0,0.3257898389221051,12
2021-05-28,rb1s,0,0.3288177236226071,12
2021-05-28,cl1s,1,0.222729638228349,12
2021-06-01,cl1s,1,0.320350945748963,12
2021-06-01,rb1s,0,0.2848510794167022,12
2021-06-02,rb1s,0,0.0908931780605492,12
2021-06-02,cl1s,0,0.3553061993432731,12
2021-06-03,rb1s,0,0.05970227114308868,12
2021-06-03,cl1s,1,0.2887753641486461,12
2021-06-04,cl1s,0,0.2863111078104363,12
2021-06-04,rb1s,0,0.057148939102153476,12
2021-06-07,cl1s,1,0.3570710499452442,12
2021-06-07,rb1s,0,0.13433001846952017,12
2021-06-08,cl1s,0,0.34885079819638276,12
2021-06-08,rb1s,0,0.10458418520115657,12
2021-06-09,cl1s,1,0.3939880235025999,12
2021-06-09,rb1s,0,0.12025483432310488,12
2021-06-10,cl1s,1,0.3086015539605148,12
2021-06-10,rb1s,0,0.12284415934104306,12
2021-06-11,rb1s,0,0.3274143349274593,12
2021-06-14,rb1s,0,0.36668992669357675,12
2021-06-15,cl1s,1,0.5903279456056109,12
2021-06-15,rb1s,0,0.29177544729838606,12
2021-06-16,rb1s,0,0.2924014580923245,12
2021-06-16,cl1s,0,0.4666087924823532,12
2021-06-17,rb1s,0,0.33425399252459354,12
2021-06-17,ho1s,1,0.3730900749334728,12
2021-06-17,cl1s,1,0.47066553527883725,12
2021-06-18,rb1s,0,0.2858997020216865,12
2021-06-18,cl1s,1,0.2896372589138229,12
2021-06-21,rb1s,0,0.39245732135386546,12
2021-06-21,cl1s,0,0.41286972883240575,12
2021-06-22,rb1s,0,0.20815953313578828,12
2021-06-22,cl1s,1,0.3461869076700311,12
2021-06-23,rb1s,0,0.16033185558307286,12
2021-06-24,cl1s,1,0.2269485583717456,12
2021-06-24,rb1s,1,0.12632630485680169,12
2021-06-25,rb1s,0,0.22001292399488295,12
2021-06-25,cl1s,0,0.30865673429997453,12
2021-06-28,rb1s,0,0.41578891145792035,12
2021-06-28,ho1s,1,0.437651622287736,12
2021-06-28,cl1s,1,0.3908781645683668,12
2021-06-29,ho1s,1,0.41656630376394865,12
2021-06-29,rb1s,0,0.3155685662073817,12
2021-06-29,cl1s,1,0.3394468661358998,12
2021-06-30,cl1s,1,0.2987521521209052,12
2021-06-30,rb1s,0,0.29087856767755166,12
2021-07-01,cl1s,0,0.31577132381463663,12
2020-11-11,rb1s,0,0.15263839249285097,13
2020-11-12,rb1s,0,0.12896717940019606,13
2020-11-12,cl1s,0,0.24380661769195106,13
2020-11-13,rb1s,1,0.22677614107882693,13
2020-11-13,cl1s,1,0.23371741940117077,13
2020-11-16,cl1s,1,0.37351557795792223,13
2020-11-16,rb1s,1,0.18121530640111388,13
2020-11-17,rb1s,1,0.1820580400636184,13
2020-11-17,cl1s,1,0.18852107047871755,13
2020-11-18,rb1s,1,0.071895577099061,13
2020-11-18,cl1s,0,0.15459336008042338,13
2020-11-19,cl1s,1,0.13793745584356265,13
2020-11-19,rb1s,1,0.0674159856868514,13
2020-11-20,rb1s,1,0.06115806953216427,13
2020-11-20,cl1s,1,0.14492878729058295,13
2020-11-23,cl1s,1,0.22411234857585627,13
2020-11-23,rb1s,1,0.1169601032247528,13
2020-11-24,rb1s,0,0.0633590088698169,13
2020-11-24,cl1s,1,0.12736178363088055,13
2020-11-25,rb1s,0,0.07258276151676446,13
2020-11-27,rb1s,0,0.08265152715672376,13
2020-11-30,rb1s,0,0.16660151743063312,13
2020-12-01,cl1s,1,0.25024100717479875,13
2020-12-01,rb1s,1,0.21631532658515792,13
2020-12-02,rb1s,1,0.17911626024945618,13
2020-12-02,cl1s,1,0.18117276625719805,13
2020-12-03,rb1s,1,0.09660899116993574,13
2020-12-03,cl1s,1,0.13038218472540392,13
2020-12-04,cl1s,0,0.21343581067716152,13
2020-12-04,rb1s,0,0.19039897418142293,13
2020-12-07,rb1s,1,0.2764199261264987,13
2020-12-07,cl1s,0,0.39965349383288173,13
2020-12-08,rb1s,1,0.33471936414071835,13
2020-12-08,cl1s,0,0.4526907805482485,13
2020-12-09,cl1s,1,0.42763661582736673,13
2020-12-09,rb1s,1,0.34928842260944937,13
2020-12-10,rb1s,0,0.22051875141586386,13
2020-12-11,cl1s,1,0.5054860720448936,13
2020-12-11,rb1s,1,0.21278001473438457,13
2020-12-14,rb1s,1,0.31623778939411257,13
2020-12-15,rb1s,1,0.21571662323609422,13
2020-12-16,rb1s,0,0.18867549833044067,13
2020-12-17,rb1s,0,0.15131932563611558,13
2020-12-18,ho1s,1,0.2008056326858133,13
2020-12-18,rb1s,0,0.10031760070269796,13
2020-12-21,rb1s,0,0.34797823771116837,13
2020-12-21,ho1s,1,0.3117756909292113,13
2020-12-22,rb1s,1,0.32286366520328263,13
2020-12-23,rb1s,0,0.2399572664486905,13
2020-12-24,rb1s,0,0.15398389400854406,13
2020-12-28,rb1s,1,0.31878383053879805,13
2020-12-29,rb1s,1,0.21244153244778066,13
2020-12-30,rb1s,0,0.13506942287246887,13
2020-12-31,rb1s,0,0.11197134613018823,13
2021-01-04,ho1s,1,0.5657146391768794,13
2021-01-04,cl1s,1,0.723228794536093,13
2021-01-04,rb1s,1,0.4337633300848041,13
2021-01-05,cl1s,1,0.5250770164905677,13
2021-01-05,rb1s,1,0.1977325895026452,13
2021-01-06,rb1s,0,0.11790174995082404,13
2021-01-06,cl1s,1,0.3020621702573632,13
2021-01-07,cl1s,1,0.3054241500233749,13
2021-01-07,rb1s,0,0.07476034106871143,13
2021-01-08,rb1s,0,0.09571495396254658,13
2021-01-08,cl1s,1,0.2121340240199693,13
2021-01-11,cl1s,1,0.4058564341629942,13
2021-01-11,rb1s,0,0.14331649242908334,13
2021-01-12,rb1s,0,0.11019522379773629,13
2021-01-13,rb1s,0,0.0948577098404505,13
2021-01-14,rb1s,0,0.06396992874385421,13
2021-01-15,cl1s,1,0.3302025376193271,13
2021-01-15,rb1s,0,0.16796318361214574,13
2021-01-19,rb1s,0,0.10065292566815291,13
2021-01-19,cl1s,1,0.37347365973106655,13
2021-01-20,cl1s,0,0.24142675190284743,13
2021-01-20,rb1s,0,0.06683618328701064,13
2021-01-21,cl1s,0,0.1554194665584288,13
2021-01-21,rb1s,0,0.03103805588921364,13
2021-01-22,rb1s,0,0.12355525817416463,13
2021-01-25,rb1s,0,0.14053143465700144,13
2021-01-26,rb1s,0,0.10146257524772087,13
2021-01-27,rb1s,0,0.05018175167665019,13
2021-01-28,rb1s,0,0.09569459740517515,13
2021-01-29,rb1s,0,0.12384606465662744,13
2021-02-01,rb1s,0,0.23982684772176305,13
2021-02-02,rb1s,0,0.1611420133122204,13
2021-02-03,rb1s,0,0.04469053620236362,13
2021-02-04,rb1s,0,0.04609889802852306,13
2021-02-04,cl1s,0,0.17059084325780804,13
2021-02-05,cl1s,0,0.1302689882149383,13
2021-02-05,rb1s,0,0.043538581279100624,13
2021-02-08,rb1s,0,0.015656034567841478,13
2021-02-08,cl1s,0,0.17176176717417563,13
2021-02-09,rb1s,0,0.024474364962487484,13
2021-02-09,cl1s,0,0.14409206046311485,13
2021-02-10,rb1s,0,0.027941160554764737,13
2021-02-10,cl1s,1,0.11951021798258848,13
2021-02-11,rb1s,0,0.036090564796430136,13
2021-02-11,cl1s,0,0.0975620393653882,13
2021-02-12,cl1s,0,0.14832511697355244,13
2021-02-12,rb1s,0,0.02995732318914109,13
2021-02-16,ng1s,0,0.2818374098923151,13
2021-02-16,rb1s,0,0.05356537693276412,13
2021-02-16,cl1s,0,0.13240834772196877,13
2021-02-17,rb1s,0,0.02715407912688495,13
2021-02-17,cl1s,1,0.09726839339413636,13
2021-02-18,rb1s,0,0.04884886867961961,13
2021-02-18,cl1s,1,0.08210682386901245,13
2021-02-19,rb1s,0,0.08882036519978388,13
2021-02-19,cl1s,0,0.13117341600217158,13
2021-02-22,cl1s,1,0.14247956352664937,13
2021-02-22,rb1s,0,0.06435481791684072,13
2021-02-23,cl1s,0,0.09553421600132647,13
2021-02-23,rb1s,0,0.049285877812367256,13
2021-02-24,rb1s,0,0.1004005150709611,13
2021-02-24,cl1s,0,0.1110328953276514,13
2021-02-25,cl1s,1,0.10537148705878972,13
2021-02-25,rb1s,0,0.0808789237675905,13
2021-02-26,rb1s,0,0.07469655467416188,13
2021-03-01,rb1s,0,0.24549908226259487,13
2021-03-02,rb1s,0,0.13308244662242105,13
2021-03-03,rb1s,0,0.06918006500272086,13
2021-03-04,rb1s,0,0.03815363679500136,13
2021-03-05,rb1s,0,0.05140640354574961,13
2021-03-05,cl1s,1,0.09512846910560543,13
2021-03-08,cl1s,1,0.2959148802695882,13
2021-03-08,rb1s,0,0.084481478270093,13
2021-03-09,rb1s,0,0.10551088687503704,13
2021-07-01,rb1s,0,0.04429563495121475,13
2021-07-02,rb1s,1,0.025889912555860605,13
2021-07-02,cl1s,0,0.4921881972136903,13
2021-07-06,cl1s,0,0.7415883931259127,13
2021-07-06,rb1s,0,0.18523002607269057,13
2021-07-07,rb1s,0,0.1356405340163044,13
2021-07-07,cl1s,1,0.7040408094325169,13
2021-07-07,ho1s,1,0.5884663780511292,13
2021-07-08,rb1s,0,0.08172086659079096,13
2021-07-08,cl1s,1,0.7200101834787963,13
2021-07-08,ho1s,1,0.47264555464232505,13
2021-07-09,rb1s,0,0.04638060053938879,13
2021-07-09,cl1s,0,0.5878885115717432,13
2021-07-12,rb1s,0,0.08602532979772103,13
2021-07-12,cl1s,1,0.7648658655437152,13
2021-07-13,rb1s,1,0.049522213854554686,13
2021-07-13,cl1s,0,0.5436242275590375,13
2021-07-14,cl1s,0,0.5953759023984543,13
2021-07-14,rb1s,1,0.07178638744045186,13
2021-07-15,cl1s,1,0.5607407964583486,13
2021-07-15,rb1s,1,0.061364682427606336,13
2021-07-16,rb1s,1,0.04998502664730893,13
2021-07-16,cl1s,0,0.48324032944887324,13
2021-07-19,rb1s,1,0.3558994697398494,13
2021-07-19,cl1s,1,0.9402471869927538,13
2021-07-20,rb1s,1,0.45386358382601527,13
2021-07-20,cl1s,1,0.9242344320163196,13
2021-07-21,rb1s,1,0.1904840366106697,13
2021-07-21,cl1s,1,0.7609492302209441,13
2021-07-22,rb1s,1,0.22984023967222023,13
2021-07-22,cl1s,1,0.5713701610102656,13
2021-07-23,rb1s,0,0.17055289086567602,13
2021-07-23,cl1s,0,0.5904451220309087,13
2021-07-26,rb1s,0,0.23834647049098837,13
2021-07-26,cl1s,0,0.6667570974017679,13
2021-07-27,rb1s,0,0.11537815013050727,13
2021-07-27,cl1s,1,0.4615920431668268,13
2021-07-28,cl1s,1,0.28833550805554076,13
2021-07-28,rb1s,0,0.05522559710646633,13
2021-07-29,rb1s,0,0.032051175140469436,13
2021-07-29,cl1s,1,0.09683358991275091,13
2021-07-30,rb1s,0,0.021141115550282873,13
2021-07-30,cl1s,0,0.1952694715399543,13
2021-08-02,rb1s,0,0.01885852978965496,13
2021-08-02,cl1s,0,0.476492756260016,13
2021-08-03,cl1s,0,0.5223276635645431,13
2021-08-03,rb1s,0,0.07657632326946308,13
2021-08-04,rb1s,0,0.10084695567376521,13
2021-08-04,cl1s,1,0.588335432134352,13
2021-08-05,cl1s,0,0.5913485478090293,13
2021-08-05,rb1s,0,0.1171399172022192,13
2021-08-06,cl1s,0,0.6802575035538438,13
2021-08-06,rb1s,0,0.27110979847438954,13
2021-08-09,cl1s,1,0.7983276566750342,13
2021-08-09,rb1s,0,0.42535310216021,13
2021-08-10,rb1s,0,0.3379527748842264,13
2021-08-10,cl1s,1,0.7043198021466461,13
2021-08-11,cl1s,0,0.7099169747277052,13
2021-08-11,rb1s,0,0.209511820501877,13
2021-08-12,cl1s,0,0.5052757636037039,13
2021-08-12,rb1s,0,0.18543874785408657,13
2021-08-13,rb1s,0,0.09085220097715496,13
2021-08-13,cl1s,0,0.5206721327994006,13
2021-08-16,cl1s,0,0.7800615644361194,13
2021-08-16,rb1s,0,0.44264099235603893,13
2021-08-17,cl1s,0,0.62201766787791,13
2021-08-17,rb1s,0,0.41461852488607376,13
2021-08-18,cl1s,0,0.4670806134082649,13
2021-08-18,rb1s,0,0.5408508715042544,13
2021-08-19,rb1s,0,0.5701187059671357,13
2021-08-19,cl1s,0,0.6338171923636199,13
2021-08-20,rb1s,1,0.6342958367192842,13
2021-08-20,cl1s,1,0.8267965114488213,13
2021-08-23,rb1s,1,0.5168087214988121,13
2021-08-23,cl1s,1,0.7990858516980234,13
2021-08-24,cl1s,1,0.4497898027275021,13
2021-08-24,rb1s,1,0.16647259804657943,13
2021-08-25,rb1s,0,0.18958666079171604,13
2021-08-25,cl1s,0,0.30610990791325776,13
2021-08-26,rb1s,1,0.1797422261050261,13
2021-08-26,cl1s,1,0.332032087023825,13
2021-08-27,rb1s,0,0.09296969073792599,13
2021-08-27,cl1s,1,0.24464891656162524,13
2021-08-30,rb1s,0,0.17872366280009355,13
2021-08-30,cl1s,0,0.3523598283374514,13
2021-08-31,cl1s,1,0.44268565786117314,13
2021-08-31,rb1s,0,0.2377789404870172,13
2021-09-01,rb1s,1,0.23363532111739507,13
2021-09-01,cl1s,1,0.41701833595116417,13
2021-09-02,rb1s,0,0.13062425919406867,13
2021-09-02,cl1s,0,0.22173482402595707,13
2021-09-03,rb1s,0,0.04905759833009394,13
2021-09-03,cl1s,0,0.14464645589830097,13
2021-09-07,rb1s,0,0.09859368598674347,13
2021-09-07,cl1s,1,0.40578069591526694,13
2021-09-08,cl1s,0,0.2743972383205986,13
2021-09-08,rb1s,0,0.07292735600857493,13
2021-09-09,rb1s,1,0.05974532582416324,13
2021-09-09,cl1s,1,0.3299081209746148,13
2021-09-10,cl1s,1,0.2184460517765498,13
2021-09-10,rb1s,0,0.04325764897960172,13
2021-09-13,rb1s,0,0.10462639409906332,13
2021-09-13,cl1s,1,0.37686332186262383,13
2021-09-14,cl1s,1,0.4593100318640981,13
2021-09-14,rb1s,0,0.09317521722977969,13
2021-09-15,rb1s,0,0.07060388685606939,13
2021-09-15,cl1s,1,0.4376964024026438,13
2021-09-16,cl1s,0,0.16840866219334144,13
2021-09-16,rb1s,0,0.049600755710667584,13
2021-09-17,cl1s,0,0.24040051899373704,13
2021-09-17,rb1s,0,0.06289563709545892,13
2021-09-20,rb1s,1,0.22287394672948185,13
2021-09-20,cl1s,1,0.4466992623678762,13
2021-09-21,cl1s,1,0.5117167350757791,13
2021-09-21,rb1s,1,0.38690060367088003,13
2021-09-22,cl1s,1,0.32814322876540447,13
2021-09-22,rb1s,1,0.2677785530809066,13
2021-09-23,cl1s,1,0.2684369841747026,13
2021-09-23,rb1s,0,0.14278638355472495,13
2021-09-24,rb1s,1,0.28294660879273426,13
2021-09-24,cl1s,1,0.33203353955792864,13
2021-09-27,rb1s,0,0.1710206046194353,13
2021-09-27,cl1s,0,0.35797633665548,13
2021-09-28,rb1s,1,0.10570034875764098,13
2021-09-28,cl1s,0,0.21116808665138617,13
2021-09-29,rb1s,1,0.08942466706859141,13
2021-09-29,cl1s,1,0.1940531750112107,13
2021-09-30,cl1s,1,0.23795657048909077,13
2021-09-30,rb1s,1,0.1630566489359292,13
2021-10-01,rb1s,1,0.19632524754669747,13
2021-10-01,cl1s,1,0.23464023272426074,13
2021-10-04,cl1s,1,0.19112353547965324,13
2021-10-04,rb1s,0,0.0914614098611947,13
2021-03-10,rb1s,0,0.22239380168742662,14
2021-03-11,rb1s,0,0.1841357596389532,14
2021-03-12,rb1s,1,0.21639532590010888,14
2021-03-15,rb1s,1,0.5334620355723662,14
2021-03-16,rb1s,1,0.4698329839444175,14
2021-03-17,rb1s,1,0.4806252061197036,14
2021-03-18,rb1s,0,0.5365850115352411,14
2021-03-19,rb1s,0,0.6106935116089606,14
2021-03-22,rb1s,0,0.5941281011412726,14
2021-03-23,rb1s,0,0.6059619986667192,14
2021-03-24,rb1s,0,0.4509989243195919,14
2021-03-25,rb1s,1,0.5288160630702058,14
2021-03-26,rb1s,0,0.37849718784142977,14
2021-03-29,rb1s,0,0.5790002770588806,14
2021-03-30,rb1s,0,0.47188930445890104,14
2021-03-31,rb1s,0,0.4995076515011139,14
2021-04-01,rb1s,0,0.33188978045595235,14
2021-04-05,rb1s,0,0.6720303686595761,14
2021-04-06,rb1s,0,0.4952536806290921,14
2021-04-07,rb1s,0,0.32022350279196027,14
2021-04-08,rb1s,0,0.38674673280145444,14
2021-04-09,rb1s,0,0.22913110840631942,14
2021-04-12,rb1s,0,0.24163613328632136,14
2021-04-13,rb1s,0,0.1427015317177263,14
2021-04-14,rb1s,0,0.10476236131205792,14
2021-04-15,rb1s,0,0.045433248151310064,14
2021-04-15,cl1s,0,0.7657879080410356,14
2021-04-16,rb1s,0,0.02183425167615525,14
2021-04-16,cl1s,1,0.5318236122301166,14
2021-04-19,cl1s,0,0.6549472472483074,14
2021-04-19,rb1s,0,0.034635411580235684,14
2021-04-20,rb1s,0,0.04554400354253128,14
2021-04-20,cl1s,0,0.4570215187180846,14
2021-04-21,cl1s,1,0.46181567758885306,14
2021-04-21,rb1s,0,0.0570607582622299,14
2021-04-22,rb1s,0,0.04854333243037483,14
2021-04-22,cl1s,1,0.40030906311528824,14
2021-04-23,rb1s,0,0.06959770699776559,14
2021-04-23,cl1s,0,0.5357132078470951,14
2021-04-26,cl1s,1,0.554358171561801,14
2021-04-26,rb1s,0,0.19865359177269376,14
2021-04-27,cl1s,1,0.4741109508033914,14
2021-04-27,rb1s,0,0.08836379209006916,14
2021-04-28,cl1s,1,0.5060978835974331,14
2021-04-28,rb1s,0,0.037595105763432474,14
2021-04-29,rb1s,0,0.029378148444745084,14
2021-04-29,cl1s,0,0.3090158073266287,14
2021-04-30,cl1s,1,0.3412411893993803,14
2021-04-30,rb1s,0,0.04608597412740177,14
2021-05-03,cl1s,1,0.3622953132082874,14
2021-05-03,rb1s,0,0.20036634878025358,14
2021-05-04,cl1s,0,0.37885867718369104,14
2021-05-04,rb1s,0,0.08534999035639507,14
2021-05-05,rb1s,0,0.13187252587732673,14
2021-05-05,cl1s,0,0.3068145609035306,14
2021-05-06,rb1s,0,0.10317055301664653,14
2021-05-07,rb1s,0,0.15306511762699965,14
2021-05-10,rb1s,0,0.1949155262105311,14
2021-05-11,rb1s,0,0.17254509405808338,14
2021-05-12,rb1s,1,0.0939882177101067,14
2021-05-12,cl1s,0,0.2594884421657262,14
2021-05-13,rb1s,0,0.24341046309306122,14
2021-05-14,rb1s,0,0.19533192699858637,14
2021-05-14,cl1s,1,0.4182410701928815,14
2021-05-17,cl1s,0,0.46689109008439134,14
2021-05-17,rb1s,0,0.4067459676901759,14
2021-05-18,rb1s,0,0.40106636819689373,14
2021-05-19,cl1s,0,0.19925715383207654,14
2021-05-19,rb1s,0,0.32477066801200666,14
2021-05-20,cl1s,1,0.2908578075772733,14
2021-05-20,rb1s,1,0.32409586353923897,14
2021-05-21,cl1s,1,0.3412107196706304,14
2021-05-21,rb1s,1,0.21238986040278854,14
2021-05-24,rb1s,0,0.348554433314473,14
2021-05-24,cl1s,1,0.3656262705417829,14
2021-05-25,rb1s,0,0.29166335159042345,14
2021-05-25,cl1s,1,0.24655946750470775,14
2021-05-26,rb1s,0,0.21351351596293355,14
2021-05-26,cl1s,1,0.20913338283202068,14
2021-05-27,rb1s,0,0.15371279844464458,14
2021-05-27,cl1s,0,0.3432582661256998,14
2021-05-28,rb1s,0,0.14734374001281222,14
2021-05-28,cl1s,1,0.23125599353441464,14
2021-06-01,cl1s,1,0.3396846537276826,14
2021-06-01,rb1s,0,0.22109681552675436,14
2021-06-02,rb1s,0,0.02990396896472392,14
2021-06-02,cl1s,0,0.37732322530942947,14
2021-06-03,rb1s,0,0.018195565785959003,14
2021-06-03,cl1s,1,0.2841398196941717,14
2021-06-04,cl1s,0,0.24290736168648222,14
2021-06-04,rb1s,0,0.016656345752621322,14
2021-06-07,cl1s,1,0.33663308276319137,14
2021-06-07,rb1s,0,0.048049347090359344,14
2021-06-08,cl1s,0,0.333783031922114,14
2021-06-08,rb1s,0,0.03991901716567747,14
2021-06-09,cl1s,1,0.3879259171465195,14
2021-06-09,rb1s,0,0.0522526022435197,14
2021-06-10,cl1s,1,0.3406265965255897,14
2021-06-10,rb1s,0,0.051064161320592154,14
2021-06-11,rb1s,0,0.22701493924270655,14
2021-06-14,rb1s,0,0.29194960319033236,14
2021-06-15,cl1s,1,0.6317039825604592,14
2021-06-15,rb1s,0,0.16956936809105969,14
2021-06-16,rb1s,0,0.15633823169457423,14
2021-06-16,cl1s,0,0.48412322860705204,14
2021-06-17,rb1s,0,0.24127182430725175,14
2021-06-17,ho1s,1,0.3582127356588377,14
2021-06-17,cl1s,1,0.4275311897446086,14
2021-06-18,rb1s,0,0.19063734018091588,14
2021-06-18,cl1s,1,0.21000093953185933,14
2021-06-21,rb1s,0,0.3218275394654188,14
2021-06-21,cl1s,0,0.34139427070071726,14
2021-06-22,rb1s,0,0.1580975582548765,14
2021-06-22,cl1s,1,0.32996587829809654,14
2021-06-23,rb1s,0,0.10293544617953443,14
2021-06-24,cl1s,1,0.20409889128010267,14
2021-06-24,rb1s,1,0.09841326643130259,14
2021-06-25,rb1s,0,0.1319192879340956,14
2021-06-25,cl1s,0,0.2939730606349641,14
2021-06-28,rb1s,0,0.32119545232950286,14
2021-06-28,ho1s,1,0.40799373012771206,14
2021-06-28,cl1s,1,0.44805865710659654,14
2021-06-29,ho1s,1,0.39012048374610114,14
2021-06-29,rb1s,0,0.20223982319216477,14
2021-06-29,cl1s,1,0.40339861495733004,14
2021-06-30,cl1s,1,0.2746917557856945,14
2021-06-30,rb1s,0,0.16815646344078125,14
2021-07-01,cl1s,0,0.23661074141253677,14
2021-07-01,rb1s,0,0.08219633166861406,14
2021-07-02,rb1s,1,0.05963718406155875,14
2021-07-02,cl1s,0,0.20687405616668925,14
2021-07-06,cl1s,0,0.30668186156211785,14
2021-07-06,rb1s,0,0.2578710446601451,14
2021-07-07,rb1s,0,0.18771733618834097,14
2021-07-07,cl1s,1,0.3233966658064808,14
2021-07-07,ho1s,1,0.297687055571991,14
2021-07-08,rb1s,0,0.08140482210195223,14
2021-07-08,cl1s,1,0.3191594624689408,14
2021-07-08,ho1s,1,0.21586216928193297,14
2021-07-09,rb1s,0,0.07440390618747093,14
2021-07-09,cl1s,0,0.33533689281925366,14
2021-07-12,rb1s,0,0.12275706718482676,14
2021-07-12,cl1s,1,0.47109836213139805,14
2021-07-13,rb1s,1,0.11994829998484134,14
2021-07-13,cl1s,0,0.41452148489815915,14
2021-07-14,cl1s,0,0.36590753106244334,14
2021-07-14,rb1s,1,0.12255818562700072,14
2021-07-15,cl1s,1,0.33891046812098863,14
2021-07-15,rb1s,1,0.16873213438961568,14
2021-07-16,rb1s,1,0.1540083403396067,14
2021-07-16,cl1s,0,0.26452603270875286,14
2021-07-19,rb1s,1,0.3157581341483508,14
2021-07-19,cl1s,1,0.7428802332739798,14
2021-07-20,rb1s,1,0.4608711796254911,14
2021-07-20,cl1s,1,0.7216322503668868,14
2021-07-21,rb1s,1,0.2530414531952252,14
2021-07-21,cl1s,1,0.5499218105508799,14
2021-07-22,rb1s,1,0.3552985042475982,14
2021-07-22,cl1s,1,0.452066872526071,14
2021-07-23,rb1s,0,0.26919648011917674,14
2021-07-23,cl1s,0,0.5308851323934528,14
2021-07-26,rb1s,0,0.47785545506545674,14
2021-07-26,cl1s,0,0.6934587934213755,14
2021-07-27,rb1s,0,0.29121614893146536,14
2021-07-27,cl1s,1,0.5615658480542653,14
2021-07-28,cl1s,1,0.45099039079967657,14
2021-07-28,rb1s,0,0.09330405158663149,14
2021-07-29,rb1s,0,0.03312797800260296,14
2021-07-29,cl1s,1,0.1604176655381486,14
2021-07-30,rb1s,0,0.033289630512966975,14
2021-07-30,cl1s,0,0.24073579886486607,14
2021-08-02,rb1s,0,0.059012041067434504,14
2021-08-02,cl1s,0,0.533090851898502,14
2021-08-03,cl1s,0,0.5401406867146862,14
2021-08-03,rb1s,0,0.2453905610155529,14
2021-08-04,rb1s,0,0.18385835454007754,14
2021-08-04,cl1s,1,0.46077518722592425,14
2021-08-05,cl1s,0,0.47031426226726375,14
2021-08-05,rb1s,0,0.21584526996041173,14
2021-08-06,cl1s,0,0.5534565557588307,14
2021-08-06,rb1s,0,0.35117377451320775,14
2021-08-09,cl1s,1,0.6848923096760876,14
2021-08-09,rb1s,0,0.5031176627346083,14
2021-08-10,rb1s,0,0.5937335822859123,14
2021-08-10,cl1s,1,0.7106998234842069,14
2021-08-11,cl1s,0,0.7525284062916522,14
2021-08-11,rb1s,0,0.44104181992235736,14
2021-08-12,cl1s,0,0.5933077874966681,14
2021-08-12,rb1s,0,0.3509734751146108,14
2021-08-13,rb1s,0,0.10678294876977235,14
2021-08-13,cl1s,0,0.4981472817241105,14
2021-08-16,cl1s,0,0.696283630345876,14
2021-08-16,rb1s,0,0.3532570894732792,14
2021-08-17,cl1s,0,0.5486063975234868,14
2021-08-17,rb1s,0,0.4020236827632132,14
2021-08-18,cl1s,0,0.36277347361491663,14
2021-08-18,rb1s,0,0.47746337126391913,14
2021-08-19,rb1s,0,0.3656081681615374,14
2021-08-19,cl1s,0,0.3988193398945653,14
2021-08-20,rb1s,1,0.40763858994412033,14
2021-08-20,cl1s,1,0.49315555275078876,14
2021-08-23,rb1s,1,0.5132341702043219,14
2021-08-23,cl1s,1,0.6308387754107293,14
2021-08-24,cl1s,1,0.5581782614635257,14
2021-08-24,rb1s,1,0.22491274027673558,14
2021-08-25,rb1s,0,0.37086036676015743,14
2021-08-25,cl1s,0,0.48889273293706587,14
2021-08-26,rb1s,1,0.28451893189908023,14
2021-08-26,cl1s,1,0.5412359705936406,14
2021-08-27,rb1s,0,0.21876410477421188,14
2021-08-27,cl1s,1,0.40160135518547346,14
2021-08-30,rb1s,0,0.41039211311696244,14
2021-08-30,cl1s,0,0.49058942315360843,14
2021-08-31,cl1s,1,0.5495528768407386,14
2021-08-31,rb1s,0,0.3777391346044491,14
2021-09-01,rb1s,1,0.32313820329619464,14
2021-09-01,cl1s,1,0.3641055145104497,14
2021-09-02,rb1s,0,0.214758501604315,14
2021-09-02,cl1s,0,0.18206365351560838,14
2021-09-03,rb1s,0,0.17929969832790996,14
2021-09-03,cl1s,0,0.2732065240479041,14
2021-09-07,rb1s,0,0.3017207557731432,14
2021-09-07,cl1s,1,0.300549889433662,14
2021-09-08,cl1s,0,0.31301547703287835,14
2021-09-08,rb1s,0,0.23273589514268472,14
2021-09-09,rb1s,1,0.13953939519966735,14
2021-09-09,cl1s,1,0.2252977135637771,14
2021-09-10,cl1s,1,0.1844797280433788,14
2021-09-10,rb1s,0,0.12361821033682226,14
2021-09-13,rb1s,0,0.3204903512829314,14
2021-09-13,cl1s,1,0.3740270416548155,14
2021-09-14,cl1s,1,0.48807905093864157,14
2021-09-14,rb1s,0,0.37349922651717954,14
2021-09-15,rb1s,0,0.2354925551264498,14
2021-09-15,cl1s,1,0.5400555903196574,14
2021-09-16,cl1s,0,0.21434393271104377,14
2021-09-16,rb1s,0,0.14662376271387506,14
2021-09-17,cl1s,0,0.21899320478605255,14
2021-09-17,rb1s,0,0.16367043192165937,14
2021-09-20,rb1s,1,0.3798843176448249,14
2021-09-20,cl1s,1,0.3405176897895755,14
2021-09-21,cl1s,1,0.3739860433068544,14
2021-09-21,rb1s,1,0.5545633054486241,14
2021-09-22,cl1s,1,0.25159941640776695,14
2021-09-22,rb1s,1,0.3161503288366019,14
2021-09-23,cl1s,1,0.13670580139946376,14
2021-09-23,rb1s,0,0.11780310531235613,14
2021-09-24,rb1s,1,0.2589892746271545,14
2021-09-24,cl1s,1,0.3235743522229028,14
2021-09-27,rb1s,0,0.24158398074817453,14
2021-09-27,cl1s,0,0.36108626381203557,14
2021-09-28,rb1s,1,0.10235836342083539,14
2021-09-28,cl1s,0,0.18474922451630368,14
2021-09-29,rb1s,1,0.1186048630715844,14
2021-09-29,cl1s,1,0.17320090047710945,14
2021-09-30,cl1s,1,0.11206649405897032,14
2021-09-30,rb1s,1,0.08362868033780577,14
2021-10-01,rb1s,1,0.15527288468341735,14
2021-10-01,cl1s,1,0.1383718123294205,14
2021-10-04,cl1s,1,0.19179908684080776,14
2021-10-04,rb1s,0,0.13159991240621022,14
