auc_mean,auc_std,logloss_mean,logloss_std,brier_mean,brier_std,n_folds
0.6241234569416734,0.12446056072980224,0.637331869070467,0.040944594417812195,0.22292388806630253,0.019686219212064444,15
