instrument,auc_mean,auc_std,logloss,brier,n_events
cl1s,0.5850902857142857,0.12286034430947841,0.6401780120827225,0.2243077742486927,2025
ho1s,0.6981463414634146,0.2273645416043571,0.6180439999991988,0.21356098343306906,305
