auc_mean,auc_std,logloss_mean,logloss_std,brier_mean,brier_std,n_folds
0.49778679862003306,0.04915420202942372,0.8859226118658814,0.4308164661579986,0.28285337588224674,0.056114490244260275,15
