instrument,auc_mean,auc_std,logloss,brier,n_events
fesx1s,0.49458658854166665,0.04748747068444591,0.8870464943584058,0.28300787615922374,3040
