auc_mean,auc_std,logloss_mean,logloss_std,brier_mean,brier_std,n_folds
0.49106506603381583,0.042387523891710195,1.0198036068616478,0.43052540423829444,0.31730389371686635,0.07211375014478479,15
