instrument,auc_mean,auc_std,logloss,brier,n_events
si1s,0.47303756007195213,0.040950238536858564,1.019749098361398,0.31724131226353525,2755
