auc_mean,auc_std,logloss_mean,logloss_std,brier_mean,brier_std,n_folds
0.5233052106700425,0.05787297320089754,0.6960943124503671,0.009165796771600749,0.25141397887616684,0.004480347934877491,15
