instrument,auc_mean,auc_std,logloss,brier,n_events
hg1s,0.514989488280551,0.055910603871755414,0.6960943124503672,0.2514139788761668,3000
