date,instrument,hmm_macro_p0,hmm_macro_next_riskoff,hmm_macro_entropy
2020-01-03,cl1s,0.9992984431993368,0.0176700997476871,0.0057961625474084
2020-01-03,es1s,0.9992984431993368,0.0176700997476871,0.0057961625474084
2020-01-03,fesx1s,0.9992984431993368,0.0176700997476871,0.0057961625474084
2020-01-03,gc1s,0.9992984431993368,0.0176700997476871,0.0057961625474084
2020-01-03,hg1s,0.9992984431993368,0.0176700997476871,0.0057961625474084
2020-01-03,ho1s,0.9992984431993368,0.0176700997476871,0.0057961625474084
2020-01-03,ng1s,0.9992984431993368,0.0176700997476871,0.0057961625474084
2020-01-03,nq1s,0.9992984431993368,0.0176700997476871,0.0057961625474084
2020-01-03,pl1s,0.9992984431993368,0.0176700997476871,0.0057961625474084
2020-01-03,rb1s,0.9992984431993368,0.0176700997476871,0.0057961625474084
2020-01-03,si1s,0.9992984431993368,0.0176700997476871,0.0057961625474084
2020-01-06,cl1s,0.9996967763970488,0.0172869738872746,0.0027596041809998
2020-01-06,es1s,0.9996967763970488,0.0172869738872746,0.0027596041809998
2020-01-06,fesx1s,0.9996967763970488,0.0172869738872746,0.0027596041809998
2020-01-06,gc1s,0.9996967763970488,0.0172869738872746,0.0027596041809998
2020-01-06,hg1s,0.9996967763970488,0.0172869738872746,0.0027596041809998
2020-01-06,ho1s,0.9996967763970488,0.0172869738872746,0.0027596041809998
2020-01-06,ng1s,0.9996967763970488,0.0172869738872746,0.0027596041809998
2020-01-06,nq1s,0.9996967763970488,0.0172869738872746,0.0027596041809998
2020-01-06,pl1s,0.9996967763970488,0.0172869738872746,0.0027596041809998
2020-01-06,rb1s,0.9996967763970488,0.0172869738872746,0.0027596041809998
2020-01-06,si1s,0.9996967763970488,0.0172869738872746,0.0027596041809998
2020-01-07,cl1s,0.9995029551121544,0.0174733955738627,0.004277857413304
2020-01-07,es1s,0.9995029551121544,0.0174733955738627,0.004277857413304
2020-01-07,fesx1s,0.9995029551121544,0.0174733955738627,0.004277857413304
2020-01-07,gc1s,0.9995029551121544,0.0174733955738627,0.004277857413304
2020-01-07,hg1s,0.9995029551121544,0.0174733955738627,0.004277857413304
2020-01-07,ho1s,0.9995029551121544,0.0174733955738627,0.004277857413304
2020-01-07,ng1s,0.9995029551121544,0.0174733955738627,0.004277857413304
2020-01-07,nq1s,0.9995029551121544,0.0174733955738627,0.004277857413304
2020-01-07,pl1s,0.9995029551121544,0.0174733955738627,0.004277857413304
2020-01-07,rb1s,0.9995029551121544,0.0174733955738627,0.004277857413304
2020-01-07,si1s,0.9995029551121544,0.0174733955738627,0.004277857413304
2020-01-08,cl1s,0.9997148535905652,0.017269586834527,0.0026126155402888
2020-01-08,es1s,0.9997148535905652,0.017269586834527,0.0026126155402888
2020-01-08,fesx1s,0.9997148535905652,0.017269586834527,0.0026126155402888
2020-01-08,gc1s,0.9997148535905652,0.017269586834527,0.0026126155402888
2020-01-08,hg1s,0.9997148535905652,0.017269586834527,0.0026126155402888
2020-01-08,ho1s,0.9997148535905652,0.017269586834527,0.0026126155402888
2020-01-08,ng1s,0.9997148535905652,0.017269586834527,0.0026126155402888
2020-01-08,nq1s,0.9997148535905652,0.017269586834527,0.0026126155402888
2020-01-08,pl1s,0.9997148535905652,0.017269586834527,0.0026126155402888
2020-01-08,rb1s,0.9997148535905652,0.017269586834527,0.0026126155402888
2020-01-08,si1s,0.9997148535905652,0.017269586834527,0.0026126155402888
2020-01-09,cl1s,0.9997722820973458,0.0172143508004754,0.0021376537846673
2020-01-09,es1s,0.9997722820973458,0.0172143508004754,0.0021376537846673
2020-01-09,fesx1s,0.9997722820973458,0.0172143508004754,0.0021376537846673
2020-01-09,gc1s,0.9997722820973458,0.0172143508004754,0.0021376537846673
2020-01-09,hg1s,0.9997722820973458,0.0172143508004754,0.0021376537846673
2020-01-09,ho1s,0.9997722820973458,0.0172143508004754,0.0021376537846673
2020-01-09,ng1s,0.9997722820973458,0.0172143508004754,0.0021376537846673
2020-01-09,nq1s,0.9997722820973458,0.0172143508004754,0.0021376537846673
2020-01-09,pl1s,0.9997722820973458,0.0172143508004754,0.0021376537846673
2020-01-09,rb1s,0.9997722820973458,0.0172143508004754,0.0021376537846673
2020-01-09,si1s,0.9997722820973458,0.0172143508004754,0.0021376537846673
2020-01-10,cl1s,0.9998474093602708,0.017142091703283,0.0014935076630168
2020-01-10,es1s,0.9998474093602708,0.017142091703283,0.0014935076630168
2020-01-10,fesx1s,0.9998474093602708,0.017142091703283,0.0014935076630168
2020-01-10,gc1s,0.9998474093602708,0.017142091703283,0.0014935076630168
2020-01-10,hg1s,0.9998474093602708,0.017142091703283,0.0014935076630168
2020-01-10,ho1s,0.9998474093602708,0.017142091703283,0.0014935076630168
2020-01-10,ng1s,0.9998474093602708,0.017142091703283,0.0014935076630168
2020-01-10,nq1s,0.9998474093602708,0.017142091703283,0.0014935076630168
2020-01-10,pl1s,0.9998474093602708,0.017142091703283,0.0014935076630168
2020-01-10,rb1s,0.9998474093602708,0.017142091703283,0.0014935076630168
2020-01-10,si1s,0.9998474093602708,0.017142091703283,0.0014935076630168
2020-01-13,cl1s,0.99996325755929,0.0170306662906349,0.0004119400667003
2020-01-13,es1s,0.99996325755929,0.0170306662906349,0.0004119400667003
2020-01-13,fesx1s,0.99996325755929,0.0170306662906349,0.0004119400667003
2020-01-13,gc1s,0.99996325755929,0.0170306662906349,0.0004119400667003
2020-01-13,hg1s,0.99996325755929,0.0170306662906349,0.0004119400667003
2020-01-13,ho1s,0.99996325755929,0.0170306662906349,0.0004119400667003
2020-01-13,ng1s,0.99996325755929,0.0170306662906349,0.0004119400667003
2020-01-13,nq1s,0.99996325755929,0.0170306662906349,0.0004119400667003
2020-01-13,pl1s,0.99996325755929,0.0170306662906349,0.0004119400667003
2020-01-13,rb1s,0.99996325755929,0.0170306662906349,0.0004119400667003
2020-01-13,si1s,0.99996325755929,0.0170306662906349,0.0004119400667003
2020-01-14,cl1s,0.9998938469210846,0.0170974270091413,0.0010775148194247
2020-01-14,es1s,0.9998938469210846,0.0170974270091413,0.0010775148194247
2020-01-14,fesx1s,0.9998938469210846,0.0170974270091413,0.0010775148194247
2020-01-14,gc1s,0.9998938469210846,0.0170974270091413,0.0010775148194247
2020-01-14,hg1s,0.9998938469210846,0.0170974270091413,0.0010775148194247
2020-01-14,ho1s,0.9998938469210846,0.0170974270091413,0.0010775148194247
2020-01-14,ng1s,0.9998938469210846,0.0170974270091413,0.0010775148194247
2020-01-14,nq1s,0.9998938469210846,0.0170974270091413,0.0010775148194247
2020-01-14,pl1s,0.9998938469210846,0.0170974270091413,0.0010775148194247
2020-01-14,rb1s,0.9998938469210846,0.0170974270091413,0.0010775148194247
2020-01-14,si1s,0.9998938469210846,0.0170974270091413,0.0010775148194247
2020-01-15,cl1s,0.9998719481622408,0.0171184897296782,0.0012757819148895
2020-01-15,es1s,0.9998719481622408,0.0171184897296782,0.0012757819148895
2020-01-15,fesx1s,0.9998719481622408,0.0171184897296782,0.0012757819148895
2020-01-15,gc1s,0.9998719481622408,0.0171184897296782,0.0012757819148895
2020-01-15,hg1s,0.9998719481622408,0.0171184897296782,0.0012757819148895
2020-01-15,ho1s,0.9998719481622408,0.0171184897296782,0.0012757819148895
2020-01-15,ng1s,0.9998719481622408,0.0171184897296782,0.0012757819148895
2020-01-15,nq1s,0.9998719481622408,0.0171184897296782,0.0012757819148895
2020-01-15,pl1s,0.9998719481622408,0.0171184897296782,0.0012757819148895
2020-01-15,rb1s,0.9998719481622408,0.0171184897296782,0.0012757819148895
2020-01-15,si1s,0.9998719481622408,0.0171184897296782,0.0012757819148895
2020-01-16,cl1s,0.9999008216667212,0.0170907185413592,0.0010134579037212
2020-01-16,es1s,0.9999008216667212,0.0170907185413592,0.0010134579037212
2020-01-16,fesx1s,0.9999008216667212,0.0170907185413592,0.0010134579037212
2020-01-16,gc1s,0.9999008216667212,0.0170907185413592,0.0010134579037212
2020-01-16,hg1s,0.9999008216667212,0.0170907185413592,0.0010134579037212
2020-01-16,ho1s,0.9999008216667212,0.0170907185413592,0.0010134579037212
2020-01-16,ng1s,0.9999008216667212,0.0170907185413592,0.0010134579037212
2020-01-16,nq1s,0.9999008216667212,0.0170907185413592,0.0010134579037212
2020-01-16,pl1s,0.9999008216667212,0.0170907185413592,0.0010134579037212
2020-01-16,rb1s,0.9999008216667212,0.0170907185413592,0.0010134579037212
2020-01-16,si1s,0.9999008216667212,0.0170907185413592,0.0010134579037212
2020-01-17,cl1s,0.9998808877093112,0.0171098914715294,0.0011953376157297
2020-01-17,es1s,0.9998808877093112,0.0171098914715294,0.0011953376157297
2020-01-17,fesx1s,0.9998808877093112,0.0171098914715294,0.0011953376157297
2020-01-17,gc1s,0.9998808877093112,0.0171098914715294,0.0011953376157297
2020-01-17,hg1s,0.9998808877093112,0.0171098914715294,0.0011953376157297
2020-01-17,ho1s,0.9998808877093112,0.0171098914715294,0.0011953376157297
2020-01-17,ng1s,0.9998808877093112,0.0171098914715294,0.0011953376157297
2020-01-17,nq1s,0.9998808877093112,0.0171098914715294,0.0011953376157297
2020-01-17,pl1s,0.9998808877093112,0.0171098914715294,0.0011953376157297
2020-01-17,rb1s,0.9998808877093112,0.0171098914715294,0.0011953376157297
2020-01-17,si1s,0.9998808877093112,0.0171098914715294,0.0011953376157297
2020-01-20,cl1s,0.9998630044863528,0.0171270919590167,0.0013556382667317
2020-01-20,es1s,0.9998630044863528,0.0171270919590167,0.0013556382667317
2020-01-20,fesx1s,0.9998630044863528,0.0171270919590167,0.0013556382667317
2020-01-20,gc1s,0.9998630044863528,0.0171270919590167,0.0013556382667317
2020-01-20,hg1s,0.9998630044863528,0.0171270919590167,0.0013556382667317
2020-01-20,ho1s,0.9998630044863528,0.0171270919590167,0.0013556382667317
2020-01-20,ng1s,0.9998630044863528,0.0171270919590167,0.0013556382667317
2020-01-20,nq1s,0.9998630044863528,0.0171270919590167,0.0013556382667317
2020-01-20,pl1s,0.9998630044863528,0.0171270919590167,0.0013556382667317
2020-01-20,rb1s,0.9998630044863528,0.0171270919590167,0.0013556382667317
2020-01-20,si1s,0.9998630044863528,0.0171270919590167,0.0013556382667317
2020-01-21,cl1s,0.9997667110772552,0.0172197091333434,0.0021843112935277
2020-01-21,es1s,0.9997667110772552,0.0172197091333434,0.0021843112935277
2020-01-21,fesx1s,0.9997667110772552,0.0172197091333434,0.0021843112935277
2020-01-21,gc1s,0.9997667110772552,0.0172197091333434,0.0021843112935277
2020-01-21,hg1s,0.9997667110772552,0.0172197091333434,0.0021843112935277
2020-01-21,ho1s,0.9997667110772552,0.0172197091333434,0.0021843112935277
2020-01-21,ng1s,0.9997667110772552,0.0172197091333434,0.0021843112935277
2020-01-21,nq1s,0.9997667110772552,0.0172197091333434,0.0021843112935277
2020-01-21,pl1s,0.9997667110772552,0.0172197091333434,0.0021843112935277
2020-01-21,rb1s,0.9997667110772552,0.0172197091333434,0.0021843112935277
2020-01-21,si1s,0.9997667110772552,0.0172197091333434,0.0021843112935277
2020-01-22,cl1s,0.9986302346292616,0.0183127978326471,0.0103998485436062
2020-01-22,es1s,0.9986302346292616,0.0183127978326471,0.0103998485436062
2020-01-22,fesx1s,0.9986302346292616,0.0183127978326471,0.0103998485436062
2020-01-22,gc1s,0.9986302346292616,0.0183127978326471,0.0103998485436062
2020-01-22,hg1s,0.9986302346292616,0.0183127978326471,0.0103998485436062
2020-01-22,ho1s,0.9986302346292616,0.0183127978326471,0.0103998485436062
2020-01-22,ng1s,0.9986302346292616,0.0183127978326471,0.0103998485436062
2020-01-22,nq1s,0.9986302346292616,0.0183127978326471,0.0103998485436062
2020-01-22,pl1s,0.9986302346292616,0.0183127978326471,0.0103998485436062
2020-01-22,rb1s,0.9986302346292616,0.0183127978326471,0.0103998485436062
2020-01-22,si1s,0.9986302346292616,0.0183127978326471,0.0103998485436062
2020-01-23,cl1s,0.9943573532582086,0.0224225515793338,0.0348409477521478
2020-01-23,es1s,0.9943573532582086,0.0224225515793338,0.0348409477521478
2020-01-23,fesx1s,0.9943573532582086,0.0224225515793338,0.0348409477521478
2020-01-23,gc1s,0.9943573532582086,0.0224225515793338,0.0348409477521478
2020-01-23,hg1s,0.9943573532582086,0.0224225515793338,0.0348409477521478
2020-01-23,ho1s,0.9943573532582086,0.0224225515793338,0.0348409477521478
2020-01-23,ng1s,0.9943573532582086,0.0224225515793338,0.0348409477521478
2020-01-23,nq1s,0.9943573532582086,0.0224225515793338,0.0348409477521478
2020-01-23,pl1s,0.9943573532582086,0.0224225515793338,0.0348409477521478
2020-01-23,rb1s,0.9943573532582086,0.0224225515793338,0.0348409477521478
2020-01-23,si1s,0.9943573532582086,0.0224225515793338,0.0348409477521478
2020-01-24,cl1s,0.6166270952089176,0.3857320395917389,0.6656912098819647
2020-01-24,es1s,0.6166270952089176,0.3857320395917389,0.6656912098819647
2020-01-24,fesx1s,0.6166270952089176,0.3857320395917389,0.6656912098819647
2020-01-24,gc1s,0.6166270952089176,0.3857320395917389,0.6656912098819647
2020-01-24,hg1s,0.6166270952089176,0.3857320395917389,0.6656912098819647
2020-01-24,ho1s,0.6166270952089176,0.3857320395917389,0.6656912098819647
2020-01-24,ng1s,0.6166270952089176,0.3857320395917389,0.6656912098819647
2020-01-24,nq1s,0.6166270952089176,0.3857320395917389,0.6656912098819647
2020-01-24,pl1s,0.6166270952089176,0.3857320395917389,0.6656912098819647
2020-01-24,rb1s,0.6166270952089176,0.3857320395917389,0.6656912098819647
2020-01-24,si1s,0.6166270952089176,0.3857320395917389,0.6656912098819647
2020-01-27,cl1s,6.078675418107183e-07,0.978817313108932,9.30846321471655e-06
2020-01-27,es1s,6.078675418107183e-07,0.978817313108932,9.30846321471655e-06
2020-01-27,fesx1s,6.078675418107183e-07,0.978817313108932,9.30846321471655e-06
2020-01-27,gc1s,6.078675418107183e-07,0.978817313108932,9.30846321471655e-06
2020-01-27,hg1s,6.078675418107183e-07,0.978817313108932,9.30846321471655e-06
2020-01-27,ho1s,6.078675418107183e-07,0.978817313108932,9.30846321471655e-06
2020-01-27,ng1s,6.078675418107183e-07,0.978817313108932,9.30846321471655e-06
2020-01-27,nq1s,6.078675418107183e-07,0.978817313108932,9.30846321471655e-06
2020-01-27,pl1s,6.078675418107183e-07,0.978817313108932,9.30846321471655e-06
2020-01-27,rb1s,6.078675418107183e-07,0.978817313108932,9.30846321471655e-06
2020-01-27,si1s,6.078675418107183e-07,0.978817313108932,9.30846321471655e-06
2020-01-28,cl1s,1.0118895111066304e-05,0.97880816518794,0.0001264973299877
2020-01-28,es1s,1.0118895111066304e-05,0.97880816518794,0.0001264973299877
2020-01-28,fesx1s,1.0118895111066304e-05,0.97880816518794,0.0001264973299877
2020-01-28,gc1s,1.0118895111066304e-05,0.97880816518794,0.0001264973299877
2020-01-28,hg1s,1.0118895111066304e-05,0.97880816518794,0.0001264973299877
2020-01-28,ho1s,1.0118895111066304e-05,0.97880816518794,0.0001264973299877
2020-01-28,ng1s,1.0118895111066304e-05,0.97880816518794,0.0001264973299877
2020-01-28,nq1s,1.0118895111066304e-05,0.97880816518794,0.0001264973299877
2020-01-28,pl1s,1.0118895111066304e-05,0.97880816518794,0.0001264973299877
2020-01-28,rb1s,1.0118895111066304e-05,0.97880816518794,0.0001264973299877
2020-01-28,si1s,1.0118895111066304e-05,0.97880816518794,0.0001264973299877
2020-01-29,cl1s,1.1293606708437575e-05,0.9788070353238112,0.0001399421088059
2020-01-29,es1s,1.1293606708437575e-05,0.9788070353238112,0.0001399421088059
2020-01-29,fesx1s,1.1293606708437575e-05,0.9788070353238112,0.0001399421088059
2020-01-29,gc1s,1.1293606708437575e-05,0.9788070353238112,0.0001399421088059
2020-01-29,hg1s,1.1293606708437575e-05,0.9788070353238112,0.0001399421088059
2020-01-29,ho1s,1.1293606708437575e-05,0.9788070353238112,0.0001399421088059
2020-01-29,ng1s,1.1293606708437575e-05,0.9788070353238112,0.0001399421088059
2020-01-29,nq1s,1.1293606708437575e-05,0.9788070353238112,0.0001399421088059
2020-01-29,pl1s,1.1293606708437575e-05,0.9788070353238112,0.0001399421088059
2020-01-29,rb1s,1.1293606708437575e-05,0.9788070353238112,0.0001399421088059
2020-01-29,si1s,1.1293606708437575e-05,0.9788070353238112,0.0001399421088059
2020-01-30,cl1s,5.079055608929248e-06,0.9788130126193282,6.699468712416258e-05
2020-01-30,es1s,5.079055608929248e-06,0.9788130126193282,6.699468712416258e-05
2020-01-30,fesx1s,5.079055608929248e-06,0.9788130126193282,6.699468712416258e-05
2020-01-30,gc1s,5.079055608929248e-06,0.9788130126193282,6.699468712416258e-05
2020-01-30,hg1s,5.079055608929248e-06,0.9788130126193282,6.699468712416258e-05
2020-01-30,ho1s,5.079055608929248e-06,0.9788130126193282,6.699468712416258e-05
2020-01-30,ng1s,5.079055608929248e-06,0.9788130126193282,6.699468712416258e-05
2020-01-30,nq1s,5.079055608929248e-06,0.9788130126193282,6.699468712416258e-05
2020-01-30,pl1s,5.079055608929248e-06,0.9788130126193282,6.699468712416258e-05
2020-01-30,rb1s,5.079055608929248e-06,0.9788130126193282,6.699468712416258e-05
2020-01-30,si1s,5.079055608929248e-06,0.9788130126193282,6.699468712416258e-05
2020-01-31,cl1s,1.9949622081895376e-08,0.9788178785816564,3.736575314276401e-07
2020-01-31,es1s,1.9949622081895376e-08,0.9788178785816564,3.736575314276401e-07
2020-01-31,fesx1s,1.9949622081895376e-08,0.9788178785816564,3.736575314276401e-07
2020-01-31,gc1s,1.9949622081895376e-08,0.9788178785816564,3.736575314276401e-07
2020-01-31,hg1s,1.9949622081895376e-08,0.9788178785816564,3.736575314276401e-07
2020-01-31,ho1s,1.9949622081895376e-08,0.9788178785816564,3.736575314276401e-07
2020-01-31,ng1s,1.9949622081895376e-08,0.9788178785816564,3.736575314276401e-07
2020-01-31,nq1s,1.9949622081895376e-08,0.9788178785816564,3.736575314276401e-07
2020-01-31,pl1s,1.9949622081895376e-08,0.9788178785816564,3.736575314276401e-07
2020-01-31,rb1s,1.9949622081895376e-08,0.9788178785816564,3.736575314276401e-07
2020-01-31,si1s,1.9949622081895376e-08,0.9788178785816564,3.736575314276401e-07
2020-02-03,cl1s,6.469172961569684e-07,0.9788172755499964,9.866166123520717e-06
2020-02-03,es1s,6.469172961569684e-07,0.9788172755499964,9.866166123520717e-06
2020-02-03,fesx1s,6.469172961569684e-07,0.9788172755499964,9.866166123520717e-06
2020-02-03,gc1s,6.469172961569684e-07,0.9788172755499964,9.866166123520717e-06
2020-02-03,hg1s,6.469172961569684e-07,0.9788172755499964,9.866166123520717e-06
2020-02-03,ho1s,6.469172961569684e-07,0.9788172755499964,9.866166123520717e-06
2020-02-03,ng1s,6.469172961569684e-07,0.9788172755499964,9.866166123520717e-06
2020-02-03,nq1s,6.469172961569684e-07,0.9788172755499964,9.866166123520717e-06
2020-02-03,pl1s,6.469172961569684e-07,0.9788172755499964,9.866166123520717e-06
2020-02-03,rb1s,6.469172961569684e-07,0.9788172755499964,9.866166123520717e-06
2020-02-03,si1s,6.469172961569684e-07,0.9788172755499964,9.866166123520717e-06
2020-02-04,cl1s,5.687006662851908e-05,0.978763198855945,0.0006127586456149
2020-02-04,es1s,5.687006662851908e-05,0.978763198855945,0.0006127586456149
2020-02-04,fesx1s,5.687006662851908e-05,0.978763198855945,0.0006127586456149
2020-02-04,gc1s,5.687006662851908e-05,0.978763198855945,0.0006127586456149
2020-02-04,hg1s,5.687006662851908e-05,0.978763198855945,0.0006127586456149
2020-02-04,ho1s,5.687006662851908e-05,0.978763198855945,0.0006127586456149
2020-02-04,ng1s,5.687006662851908e-05,0.978763198855945,0.0006127586456149
2020-02-04,nq1s,5.687006662851908e-05,0.978763198855945,0.0006127586456149
2020-02-04,pl1s,5.687006662851908e-05,0.978763198855945,0.0006127586456149
2020-02-04,rb1s,5.687006662851908e-05,0.978763198855945,0.0006127586456149
2020-02-04,si1s,5.687006662851908e-05,0.978763198855945,0.0006127586456149
2020-02-05,cl1s,0.0010486728419783,0.9778092605604464,0.0082422595512179
2020-02-05,es1s,0.0010486728419783,0.9778092605604464,0.0082422595512179
2020-02-05,fesx1s,0.0010486728419783,0.9778092605604464,0.0082422595512179
2020-02-05,gc1s,0.0010486728419783,0.9778092605604464,0.0082422595512179
2020-02-05,hg1s,0.0010486728419783,0.9778092605604464,0.0082422595512179
2020-02-05,ho1s,0.0010486728419783,0.9778092605604464,0.0082422595512179
2020-02-05,ng1s,0.0010486728419783,0.9778092605604464,0.0082422595512179
2020-02-05,nq1s,0.0010486728419783,0.9778092605604464,0.0082422595512179
2020-02-05,pl1s,0.0010486728419783,0.9778092605604464,0.0082422595512179
2020-02-05,rb1s,0.0010486728419783,0.9778092605604464,0.0082422595512179
2020-02-05,si1s,0.0010486728419783,0.9778092605604464,0.0082422595512179
2020-02-06,cl1s,0.0023059708521481,0.9765999629555564,0.0163057496267801
2020-02-06,es1s,0.0023059708521481,0.9765999629555564,0.0163057496267801
2020-02-06,fesx1s,0.0023059708521481,0.9765999629555564,0.0163057496267801
2020-02-06,gc1s,0.0023059708521481,0.9765999629555564,0.0163057496267801
2020-02-06,hg1s,0.0023059708521481,0.9765999629555564,0.0163057496267801
2020-02-06,ho1s,0.0023059708521481,0.9765999629555564,0.0163057496267801
2020-02-06,ng1s,0.0023059708521481,0.9765999629555564,0.0163057496267801
2020-02-06,nq1s,0.0023059708521481,0.9765999629555564,0.0163057496267801
2020-02-06,pl1s,0.0023059708521481,0.9765999629555564,0.0163057496267801
2020-02-06,rb1s,0.0023059708521481,0.9765999629555564,0.0163057496267801
2020-02-06,si1s,0.0023059708521481,0.9765999629555564,0.0163057496267801
2020-02-07,cl1s,0.0019697675474937,0.9769233308824808,0.0142391624251021
2020-02-07,es1s,0.0019697675474937,0.9769233308824808,0.0142391624251021
2020-02-07,fesx1s,0.0019697675474937,0.9769233308824808,0.0142391624251021
2020-02-07,gc1s,0.0019697675474937,0.9769233308824808,0.0142391624251021
2020-02-07,hg1s,0.0019697675474937,0.9769233308824808,0.0142391624251021
2020-02-07,ho1s,0.0019697675474937,0.9769233308824808,0.0142391624251021
2020-02-07,ng1s,0.0019697675474937,0.9769233308824808,0.0142391624251021
2020-02-07,nq1s,0.0019697675474937,0.9769233308824808,0.0142391624251021
2020-02-07,pl1s,0.0019697675474937,0.9769233308824808,0.0142391624251021
2020-02-07,rb1s,0.0019697675474937,0.9769233308824808,0.0142391624251021
2020-02-07,si1s,0.0019697675474937,0.9769233308824808,0.0142391624251021
2020-02-10,cl1s,0.0013341930491133,0.9775346407806944,0.0101648982813634
2020-02-10,es1s,0.0013341930491133,0.9775346407806944,0.0101648982813634
2020-02-10,fesx1s,0.0013341930491133,0.9775346407806944,0.0101648982813634
2020-02-10,gc1s,0.0013341930491133,0.9775346407806944,0.0101648982813634
2020-02-10,hg1s,0.0013341930491133,0.9775346407806944,0.0101648982813634
2020-02-10,ho1s,0.0013341930491133,0.9775346407806944,0.0101648982813634
2020-02-10,ng1s,0.0013341930491133,0.9775346407806944,0.0101648982813634
2020-02-10,nq1s,0.0013341930491133,0.9775346407806944,0.0101648982813634
2020-02-10,pl1s,0.0013341930491133,0.9775346407806944,0.0101648982813634
2020-02-10,rb1s,0.0013341930491133,0.9775346407806944,0.0101648982813634
2020-02-10,si1s,0.0013341930491133,0.9775346407806944,0.0101648982813634
2020-02-11,cl1s,0.0032580513532876,0.9756842304399728,0.0219103797415354
2020-02-11,es1s,0.0032580513532876,0.9756842304399728,0.0219103797415354
2020-02-11,fesx1s,0.0032580513532876,0.9756842304399728,0.0219103797415354
2020-02-11,gc1s,0.0032580513532876,0.9756842304399728,0.0219103797415354
2020-02-11,hg1s,0.0032580513532876,0.9756842304399728,0.0219103797415354
2020-02-11,ho1s,0.0032580513532876,0.9756842304399728,0.0219103797415354
2020-02-11,ng1s,0.0032580513532876,0.9756842304399728,0.0219103797415354
2020-02-11,nq1s,0.0032580513532876,0.9756842304399728,0.0219103797415354
2020-02-11,pl1s,0.0032580513532876,0.9756842304399728,0.0219103797415354
2020-02-11,rb1s,0.0032580513532876,0.9756842304399728,0.0219103797415354
2020-02-11,si1s,0.0032580513532876,0.9756842304399728,0.0219103797415354
2020-02-12,cl1s,0.0205843092845272,0.9590194444874838,0.1003045122818484
2020-02-12,es1s,0.0205843092845272,0.9590194444874838,0.1003045122818484
2020-02-12,fesx1s,0.0205843092845272,0.9590194444874838,0.1003045122818484
2020-02-12,gc1s,0.0205843092845272,0.9590194444874838,0.1003045122818484
2020-02-12,hg1s,0.0205843092845272,0.9590194444874838,0.1003045122818484
2020-02-12,ho1s,0.0205843092845272,0.9590194444874838,0.1003045122818484
2020-02-12,ng1s,0.0205843092845272,0.9590194444874838,0.1003045122818484
2020-02-12,nq1s,0.0205843092845272,0.9590194444874838,0.1003045122818484
2020-02-12,pl1s,0.0205843092845272,0.9590194444874838,0.1003045122818484
2020-02-12,rb1s,0.0205843092845272,0.9590194444874838,0.1003045122818484
2020-02-12,si1s,0.0205843092845272,0.9590194444874838,0.1003045122818484
2020-02-13,cl1s,0.0603689836437105,0.9207536467014648,0.2279815893413259
2020-02-13,es1s,0.0603689836437105,0.9207536467014648,0.2279815893413259
2020-02-13,fesx1s,0.0603689836437105,0.9207536467014648,0.2279815893413259
2020-02-13,gc1s,0.0603689836437105,0.9207536467014648,0.2279815893413259
2020-02-13,hg1s,0.0603689836437105,0.9207536467014648,0.2279815893413259
2020-02-13,ho1s,0.0603689836437105,0.9207536467014648,0.2279815893413259
2020-02-13,ng1s,0.0603689836437105,0.9207536467014648,0.2279815893413259
2020-02-13,nq1s,0.0603689836437105,0.9207536467014648,0.2279815893413259
2020-02-13,pl1s,0.0603689836437105,0.9207536467014648,0.2279815893413259
2020-02-13,rb1s,0.0603689836437105,0.9207536467014648,0.2279815893413259
2020-02-13,si1s,0.0603689836437105,0.9207536467014648,0.2279815893413259
2020-02-14,cl1s,0.0780520806322223,0.9037456448894108,0.2739859061679863
2020-02-14,es1s,0.0780520806322223,0.9037456448894108,0.2739859061679863
2020-02-14,fesx1s,0.0780520806322223,0.9037456448894108,0.2739859061679863
2020-02-14,gc1s,0.0780520806322223,0.9037456448894108,0.2739859061679863
2020-02-14,hg1s,0.0780520806322223,0.9037456448894108,0.2739859061679863
2020-02-14,ho1s,0.0780520806322223,0.9037456448894108,0.2739859061679863
2020-02-14,ng1s,0.0780520806322223,0.9037456448894108,0.2739859061679863
2020-02-14,nq1s,0.0780520806322223,0.9037456448894108,0.2739859061679863
2020-02-14,pl1s,0.0780520806322223,0.9037456448894108,0.2739859061679863
2020-02-14,rb1s,0.0780520806322223,0.9037456448894108,0.2739859061679863
2020-02-14,si1s,0.0780520806322223,0.9037456448894108,0.2739859061679863
2020-02-17,cl1s,0.088962236913557,0.8932520103228363,0.3001302204675699
2020-02-17,es1s,0.088962236913557,0.8932520103228363,0.3001302204675699
2020-02-17,fesx1s,0.088962236913557,0.8932520103228363,0.3001302204675699
2020-02-17,gc1s,0.088962236913557,0.8932520103228363,0.3001302204675699
2020-02-17,hg1s,0.088962236913557,0.8932520103228363,0.3001302204675699
2020-02-17,ho1s,0.088962236913557,0.8932520103228363,0.3001302204675699
2020-02-17,ng1s,0.088962236913557,0.8932520103228363,0.3001302204675699
2020-02-17,nq1s,0.088962236913557,0.8932520103228363,0.3001302204675699
2020-02-17,pl1s,0.088962236913557,0.8932520103228363,0.3001302204675699
2020-02-17,rb1s,0.088962236913557,0.8932520103228363,0.3001302204675699
2020-02-17,si1s,0.088962236913557,0.8932520103228363,0.3001302204675699
2020-02-18,cl1s,0.0831946726431764,0.898799383818865,0.2865033633311414
2020-02-18,es1s,0.0831946726431764,0.898799383818865,0.2865033633311414
2020-02-18,fesx1s,0.0831946726431764,0.898799383818865,0.2865033633311414
2020-02-18,gc1s,0.0831946726431764,0.898799383818865,0.2865033633311414
2020-02-18,hg1s,0.0831946726431764,0.898799383818865,0.2865033633311414
2020-02-18,ho1s,0.0831946726431764,0.898799383818865,0.2865033633311414
2020-02-18,ng1s,0.0831946726431764,0.898799383818865,0.2865033633311414
2020-02-18,nq1s,0.0831946726431764,0.898799383818865,0.2865033633311414
2020-02-18,pl1s,0.0831946726431764,0.898799383818865,0.2865033633311414
2020-02-18,rb1s,0.0831946726431764,0.898799383818865,0.2865033633311414
2020-02-18,si1s,0.0831946726431764,0.898799383818865,0.2865033633311414
2020-02-19,cl1s,0.0552965085901254,0.92563246769979,0.2138245794452345
2020-02-19,es1s,0.0552965085901254,0.92563246769979,0.2138245794452345
2020-02-19,fesx1s,0.0552965085901254,0.92563246769979,0.2138245794452345
2020-02-19,gc1s,0.0552965085901254,0.92563246769979,0.2138245794452345
2020-02-19,hg1s,0.0552965085901254,0.92563246769979,0.2138245794452345
2020-02-19,ho1s,0.0552965085901254,0.92563246769979,0.2138245794452345
2020-02-19,ng1s,0.0552965085901254,0.92563246769979,0.2138245794452345
2020-02-19,nq1s,0.0552965085901254,0.92563246769979,0.2138245794452345
2020-02-19,pl1s,0.0552965085901254,0.92563246769979,0.2138245794452345
2020-02-19,rb1s,0.0552965085901254,0.92563246769979,0.2138245794452345
2020-02-19,si1s,0.0552965085901254,0.92563246769979,0.2138245794452345
2020-02-20,cl1s,0.0059639506058579,0.9730816354634902,0.0364936179808141
2020-02-20,es1s,0.0059639506058579,0.9730816354634902,0.0364936179808141
2020-02-20,fesx1s,0.0059639506058579,0.9730816354634902,0.0364936179808141
2020-02-20,gc1s,0.0059639506058579,0.9730816354634902,0.0364936179808141
2020-02-20,hg1s,0.0059639506058579,0.9730816354634902,0.0364936179808141
2020-02-20,ho1s,0.0059639506058579,0.9730816354634902,0.0364936179808141
2020-02-20,ng1s,0.0059639506058579,0.9730816354634902,0.0364936179808141
2020-02-20,nq1s,0.0059639506058579,0.9730816354634902,0.0364936179808141
2020-02-20,pl1s,0.0059639506058579,0.9730816354634902,0.0364936179808141
2020-02-20,rb1s,0.0059639506058579,0.9730816354634902,0.0364936179808141
2020-02-20,si1s,0.0059639506058579,0.9730816354634902,0.0364936179808141
2020-02-21,cl1s,5.818683195679568e-05,0.9787619323613316,0.0006256144826291
2020-02-21,es1s,5.818683195679568e-05,0.9787619323613316,0.0006256144826291
2020-02-21,fesx1s,5.818683195679568e-05,0.9787619323613316,0.0006256144826291
2020-02-21,gc1s,5.818683195679568e-05,0.9787619323613316,0.0006256144826291
2020-02-21,hg1s,5.818683195679568e-05,0.9787619323613316,0.0006256144826291
2020-02-21,ho1s,5.818683195679568e-05,0.9787619323613316,0.0006256144826291
2020-02-21,ng1s,5.818683195679568e-05,0.9787619323613316,0.0006256144826291
2020-02-21,nq1s,5.818683195679568e-05,0.9787619323613316,0.0006256144826291
2020-02-21,pl1s,5.818683195679568e-05,0.9787619323613316,0.0006256144826291
2020-02-21,rb1s,5.818683195679568e-05,0.9787619323613316,0.0006256144826291
2020-02-21,si1s,5.818683195679568e-05,0.9787619323613316,0.0006256144826291
2020-02-24,cl1s,2.0684020179553538e-12,0.9788178977676646,5.7716473553047595e-11
2020-02-24,es1s,2.0684020179553538e-12,0.9788178977676646,5.7716473553047595e-11
2020-02-24,fesx1s,2.0684020179553538e-12,0.9788178977676646,5.7716473553047595e-11
2020-02-24,gc1s,2.0684020179553538e-12,0.9788178977676646,5.7716473553047595e-11
2020-02-24,hg1s,2.0684020179553538e-12,0.9788178977676646,5.7716473553047595e-11
2020-02-24,ho1s,2.0684020179553538e-12,0.9788178977676646,5.7716473553047595e-11
2020-02-24,ng1s,2.0684020179553538e-12,0.9788178977676646,5.7716473553047595e-11
2020-02-24,nq1s,2.0684020179553538e-12,0.9788178977676646,5.7716473553047595e-11
2020-02-24,pl1s,2.0684020179553538e-12,0.9788178977676646,5.7716473553047595e-11
2020-02-24,rb1s,2.0684020179553538e-12,0.9788178977676646,5.7716473553047595e-11
2020-02-24,si1s,2.0684020179553538e-12,0.9788178977676646,5.7716473553047595e-11
2020-02-25,cl1s,1.0236640430981452e-14,0.9788178977696432,3.404090217210504e-13
2020-02-25,es1s,1.0236640430981452e-14,0.9788178977696432,3.404090217210504e-13
2020-02-25,fesx1s,1.0236640430981452e-14,0.9788178977696432,3.404090217210504e-13
2020-02-25,gc1s,1.0236640430981452e-14,0.9788178977696432,3.404090217210504e-13
2020-02-25,hg1s,1.0236640430981452e-14,0.9788178977696432,3.404090217210504e-13
2020-02-25,ho1s,1.0236640430981452e-14,0.9788178977696432,3.404090217210504e-13
2020-02-25,ng1s,1.0236640430981452e-14,0.9788178977696432,3.404090217210504e-13
2020-02-25,nq1s,1.0236640430981452e-14,0.9788178977696432,3.404090217210504e-13
2020-02-25,pl1s,1.0236640430981452e-14,0.9788178977696432,3.404090217210504e-13
2020-02-25,rb1s,1.0236640430981452e-14,0.9788178977696432,3.404090217210504e-13
2020-02-25,si1s,1.0236640430981452e-14,0.9788178977696432,3.404090217210504e-13
2020-02-26,cl1s,9.573711381187344e-14,0.9788178977695612,2.965851039602087e-12
2020-02-26,es1s,9.573711381187344e-14,0.9788178977695612,2.965851039602087e-12
2020-02-26,fesx1s,9.573711381187344e-14,0.9788178977695612,2.965851039602087e-12
2020-02-26,gc1s,9.573711381187344e-14,0.9788178977695612,2.965851039602087e-12
2020-02-26,hg1s,9.573711381187344e-14,0.9788178977695612,2.965851039602087e-12
2020-02-26,ho1s,9.573711381187344e-14,0.9788178977695612,2.965851039602087e-12
2020-02-26,ng1s,9.573711381187344e-14,0.9788178977695612,2.965851039602087e-12
2020-02-26,nq1s,9.573711381187344e-14,0.9788178977695612,2.965851039602087e-12
2020-02-26,pl1s,9.573711381187344e-14,0.9788178977695612,2.965851039602087e-12
2020-02-26,rb1s,9.573711381187344e-14,0.9788178977695612,2.965851039602087e-12
2020-02-26,si1s,9.573711381187344e-14,0.9788178977695612,2.965851039602087e-12
2020-02-27,cl1s,4.5977543703036915e-18,0.9788178977696532,1.8354678518031815e-16
2020-02-27,es1s,4.5977543703036915e-18,0.9788178977696532,1.8354678518031815e-16
2020-02-27,fesx1s,4.5977543703036915e-18,0.9788178977696532,1.8354678518031815e-16
2020-02-27,gc1s,4.5977543703036915e-18,0.9788178977696532,1.8354678518031815e-16
2020-02-27,hg1s,4.5977543703036915e-18,0.9788178977696532,1.8354678518031815e-16
2020-02-27,ho1s,4.5977543703036915e-18,0.9788178977696532,1.8354678518031815e-16
2020-02-27,ng1s,4.5977543703036915e-18,0.9788178977696532,1.8354678518031815e-16
2020-02-27,nq1s,4.5977543703036915e-18,0.9788178977696532,1.8354678518031815e-16
2020-02-27,pl1s,4.5977543703036915e-18,0.9788178977696532,1.8354678518031815e-16
2020-02-27,rb1s,4.5977543703036915e-18,0.9788178977696532,1.8354678518031815e-16
2020-02-27,si1s,4.5977543703036915e-18,0.9788178977696532,1.8354678518031815e-16
2020-02-28,cl1s,6.116740991401956e-18,0.9788178977696532,2.4244010124756393e-16
2020-02-28,es1s,6.116740991401956e-18,0.9788178977696532,2.4244010124756393e-16
2020-02-28,fesx1s,6.116740991401956e-18,0.9788178977696532,2.4244010124756393e-16
2020-02-28,gc1s,6.116740991401956e-18,0.9788178977696532,2.4244010124756393e-16
2020-02-28,hg1s,6.116740991401956e-18,0.9788178977696532,2.4244010124756393e-16
2020-02-28,ho1s,6.116740991401956e-18,0.9788178977696532,2.4244010124756393e-16
2020-02-28,ng1s,6.116740991401956e-18,0.9788178977696532,2.4244010124756393e-16
2020-02-28,nq1s,6.116740991401956e-18,0.9788178977696532,2.4244010124756393e-16
2020-02-28,pl1s,6.116740991401956e-18,0.9788178977696532,2.4244010124756393e-16
2020-02-28,rb1s,6.116740991401956e-18,0.9788178977696532,2.4244010124756393e-16
2020-02-28,si1s,6.116740991401956e-18,0.9788178977696532,2.4244010124756393e-16
2020-03-02,cl1s,1.6166332304311853e-13,0.978817897769498,4.923160435238587e-12
2020-03-02,es1s,1.6166332304311853e-13,0.978817897769498,4.923160435238587e-12
2020-03-02,fesx1s,1.6166332304311853e-13,0.978817897769498,4.923160435238587e-12
2020-03-02,gc1s,1.6166332304311853e-13,0.978817897769498,4.923160435238587e-12
2020-03-02,hg1s,1.6166332304311853e-13,0.978817897769498,4.923160435238587e-12
2020-03-02,ho1s,1.6166332304311853e-13,0.978817897769498,4.923160435238587e-12
2020-03-02,ng1s,1.6166332304311853e-13,0.978817897769498,4.923160435238587e-12
2020-03-02,nq1s,1.6166332304311853e-13,0.978817897769498,4.923160435238587e-12
2020-03-02,pl1s,1.6166332304311853e-13,0.978817897769498,4.923160435238587e-12
2020-03-02,rb1s,1.6166332304311853e-13,0.978817897769498,4.923160435238587e-12
2020-03-02,si1s,1.6166332304311853e-13,0.978817897769498,4.923160435238587e-12
2020-03-03,cl1s,5.238820812622976e-12,0.9788178977646148,1.413164523323549e-10
2020-03-03,es1s,5.238820812622976e-12,0.9788178977646148,1.413164523323549e-10
2020-03-03,fesx1s,5.238820812622976e-12,0.9788178977646148,1.413164523323549e-10
2020-03-03,gc1s,5.238820812622976e-12,0.9788178977646148,1.413164523323549e-10
2020-03-03,hg1s,5.238820812622976e-12,0.9788178977646148,1.413164523323549e-10
2020-03-03,ho1s,5.238820812622976e-12,0.9788178977646148,1.413164523323549e-10
2020-03-03,ng1s,5.238820812622976e-12,0.9788178977646148,1.413164523323549e-10
2020-03-03,nq1s,5.238820812622976e-12,0.9788178977646148,1.413164523323549e-10
2020-03-03,pl1s,5.238820812622976e-12,0.9788178977646148,1.413164523323549e-10
2020-03-03,rb1s,5.238820812622976e-12,0.9788178977646148,1.413164523323549e-10
2020-03-03,si1s,5.238820812622976e-12,0.9788178977646148,1.413164523323549e-10
2020-03-04,cl1s,9.256970270693637e-10,0.9788178968792972,2.0180633906047026e-08
2020-03-04,es1s,9.256970270693637e-10,0.9788178968792972,2.0180633906047026e-08
2020-03-04,fesx1s,9.256970270693637e-10,0.9788178968792972,2.0180633906047026e-08
2020-03-04,gc1s,9.256970270693637e-10,0.9788178968792972,2.0180633906047026e-08
2020-03-04,hg1s,9.256970270693637e-10,0.9788178968792972,2.0180633906047026e-08
2020-03-04,ho1s,9.256970270693637e-10,0.9788178968792972,2.0180633906047026e-08
2020-03-04,ng1s,9.256970270693637e-10,0.9788178968792972,2.0180633906047026e-08
2020-03-04,nq1s,9.256970270693637e-10,0.9788178968792972,2.0180633906047026e-08
2020-03-04,pl1s,9.256970270693637e-10,0.9788178968792972,2.0180633906047026e-08
2020-03-04,rb1s,9.256970270693637e-10,0.9788178968792972,2.0180633906047026e-08
2020-03-04,si1s,9.256970270693637e-10,0.9788178968792972,2.0180633906047026e-08
2020-03-05,cl1s,1.2766651149022876e-11,0.978817897757374,3.330077123322664e-10
2020-03-05,es1s,1.2766651149022876e-11,0.978817897757374,3.330077123322664e-10
2020-03-05,fesx1s,1.2766651149022876e-11,0.978817897757374,3.330077123322664e-10
2020-03-05,gc1s,1.2766651149022876e-11,0.978817897757374,3.330077123322664e-10
2020-03-05,hg1s,1.2766651149022876e-11,0.978817897757374,3.330077123322664e-10
2020-03-05,ho1s,1.2766651149022876e-11,0.978817897757374,3.330077123322664e-10
2020-03-05,ng1s,1.2766651149022876e-11,0.978817897757374,3.330077123322664e-10
2020-03-05,nq1s,1.2766651149022876e-11,0.978817897757374,3.330077123322664e-10
2020-03-05,pl1s,1.2766651149022876e-11,0.978817897757374,3.330077123322664e-10
2020-03-05,rb1s,1.2766651149022876e-11,0.978817897757374,3.330077123322664e-10
2020-03-05,si1s,1.2766651149022876e-11,0.978817897757374,3.330077123322664e-10
2020-03-06,cl1s,1.018568763005378e-13,0.978817897769556,3.1483219541768856e-12
2020-03-06,es1s,1.018568763005378e-13,0.978817897769556,3.1483219541768856e-12
2020-03-06,fesx1s,1.018568763005378e-13,0.978817897769556,3.1483219541768856e-12
2020-03-06,gc1s,1.018568763005378e-13,0.978817897769556,3.1483219541768856e-12
2020-03-06,hg1s,1.018568763005378e-13,0.978817897769556,3.1483219541768856e-12
2020-03-06,ho1s,1.018568763005378e-13,0.978817897769556,3.1483219541768856e-12
2020-03-06,ng1s,1.018568763005378e-13,0.978817897769556,3.1483219541768856e-12
2020-03-06,nq1s,1.018568763005378e-13,0.978817897769556,3.1483219541768856e-12
2020-03-06,pl1s,1.018568763005378e-13,0.978817897769556,3.1483219541768856e-12
2020-03-06,rb1s,1.018568763005378e-13,0.978817897769556,3.1483219541768856e-12
2020-03-06,si1s,1.018568763005378e-13,0.978817897769556,3.1483219541768856e-12
2020-03-09,cl1s,3.2979336868245943e-17,0.9788178977696532,1.2515872860230013e-15
2020-03-09,es1s,3.2979336868245943e-17,0.9788178977696532,1.2515872860230013e-15
2020-03-09,fesx1s,3.2979336868245943e-17,0.9788178977696532,1.2515872860230013e-15
2020-03-09,gc1s,3.2979336868245943e-17,0.9788178977696532,1.2515872860230013e-15
2020-03-09,hg1s,3.2979336868245943e-17,0.9788178977696532,1.2515872860230013e-15
2020-03-09,ho1s,3.2979336868245943e-17,0.9788178977696532,1.2515872860230013e-15
2020-03-09,ng1s,3.2979336868245943e-17,0.9788178977696532,1.2515872860230013e-15
2020-03-09,nq1s,3.2979336868245943e-17,0.9788178977696532,1.2515872860230013e-15
2020-03-09,pl1s,3.2979336868245943e-17,0.9788178977696532,1.2515872860230013e-15
2020-03-09,rb1s,3.2979336868245943e-17,0.9788178977696532,1.2515872860230013e-15
2020-03-09,si1s,3.2979336868245943e-17,0.9788178977696532,1.2515872860230013e-15
2020-03-10,cl1s,2.687744200343848e-13,0.9788178977693952,8.047879656031489e-12
2020-03-10,es1s,2.687744200343848e-13,0.9788178977693952,8.047879656031489e-12
2020-03-10,fesx1s,2.687744200343848e-13,0.9788178977693952,8.047879656031489e-12
2020-03-10,gc1s,2.687744200343848e-13,0.9788178977693952,8.047879656031489e-12
2020-03-10,hg1s,2.687744200343848e-13,0.9788178977693952,8.047879656031489e-12
2020-03-10,ho1s,2.687744200343848e-13,0.9788178977693952,8.047879656031489e-12
2020-03-10,ng1s,2.687744200343848e-13,0.9788178977693952,8.047879656031489e-12
2020-03-10,nq1s,2.687744200343848e-13,0.9788178977693952,8.047879656031489e-12
2020-03-10,pl1s,2.687744200343848e-13,0.9788178977693952,8.047879656031489e-12
2020-03-10,rb1s,2.687744200343848e-13,0.9788178977693952,8.047879656031489e-12
2020-03-10,si1s,2.687744200343848e-13,0.9788178977693952,8.047879656031489e-12
2020-03-11,cl1s,4.302141484725393e-13,0.97881789776924,1.2680008239290024e-11
2020-03-11,es1s,4.302141484725393e-13,0.97881789776924,1.2680008239290024e-11
2020-03-11,fesx1s,4.302141484725393e-13,0.97881789776924,1.2680008239290024e-11
2020-03-11,gc1s,4.302141484725393e-13,0.97881789776924,1.2680008239290024e-11
2020-03-11,hg1s,4.302141484725393e-13,0.97881789776924,1.2680008239290024e-11
2020-03-11,ho1s,4.302141484725393e-13,0.97881789776924,1.2680008239290024e-11
2020-03-11,ng1s,4.302141484725393e-13,0.97881789776924,1.2680008239290024e-11
2020-03-11,nq1s,4.302141484725393e-13,0.97881789776924,1.2680008239290024e-11
2020-03-11,pl1s,4.302141484725393e-13,0.97881789776924,1.2680008239290024e-11
2020-03-11,rb1s,4.302141484725393e-13,0.97881789776924,1.2680008239290024e-11
2020-03-11,si1s,4.302141484725393e-13,0.97881789776924,1.2680008239290024e-11
2020-03-12,cl1s,1.7955445242126868e-15,0.9788178977696516,6.274132049771011e-14
2020-03-12,es1s,1.7955445242126868e-15,0.9788178977696516,6.274132049771011e-14
2020-03-12,fesx1s,1.7955445242126868e-15,0.9788178977696516,6.274132049771011e-14
2020-03-12,gc1s,1.7955445242126868e-15,0.9788178977696516,6.274132049771011e-14
2020-03-12,hg1s,1.7955445242126868e-15,0.9788178977696516,6.274132049771011e-14
2020-03-12,ho1s,1.7955445242126868e-15,0.9788178977696516,6.274132049771011e-14
2020-03-12,ng1s,1.7955445242126868e-15,0.9788178977696516,6.274132049771011e-14
2020-03-12,nq1s,1.7955445242126868e-15,0.9788178977696516,6.274132049771011e-14
2020-03-12,pl1s,1.7955445242126868e-15,0.9788178977696516,6.274132049771011e-14
2020-03-12,rb1s,1.7955445242126868e-15,0.9788178977696516,6.274132049771011e-14
2020-03-12,si1s,1.7955445242126868e-15,0.9788178977696516,6.274132049771011e-14
2020-03-13,cl1s,7.926280053922971e-13,0.9788178977688912,2.287758405578792e-11
2020-03-13,es1s,7.926280053922971e-13,0.9788178977688912,2.287758405578792e-11
2020-03-13,fesx1s,7.926280053922971e-13,0.9788178977688912,2.287758405578792e-11
2020-03-13,gc1s,7.926280053922971e-13,0.9788178977688912,2.287758405578792e-11
2020-03-13,hg1s,7.926280053922971e-13,0.9788178977688912,2.287758405578792e-11
2020-03-13,ho1s,7.926280053922971e-13,0.9788178977688912,2.287758405578792e-11
2020-03-13,ng1s,7.926280053922971e-13,0.9788178977688912,2.287758405578792e-11
2020-03-13,nq1s,7.926280053922971e-13,0.9788178977688912,2.287758405578792e-11
2020-03-13,pl1s,7.926280053922971e-13,0.9788178977688912,2.287758405578792e-11
2020-03-13,rb1s,7.926280053922971e-13,0.9788178977688912,2.287758405578792e-11
2020-03-13,si1s,7.926280053922971e-13,0.9788178977688912,2.287758405578792e-11
2020-03-16,cl1s,2.2481887927000013e-15,0.9788178977696516,7.760473309836104e-14
2020-03-16,es1s,2.2481887927000013e-15,0.9788178977696516,7.760473309836104e-14
2020-03-16,fesx1s,2.2481887927000013e-15,0.9788178977696516,7.760473309836104e-14
2020-03-16,gc1s,2.2481887927000013e-15,0.9788178977696516,7.760473309836104e-14
2020-03-16,hg1s,2.2481887927000013e-15,0.9788178977696516,7.760473309836104e-14
2020-03-16,ho1s,2.2481887927000013e-15,0.9788178977696516,7.760473309836104e-14
2020-03-16,ng1s,2.2481887927000013e-15,0.9788178977696516,7.760473309836104e-14
2020-03-16,nq1s,2.2481887927000013e-15,0.9788178977696516,7.760473309836104e-14
2020-03-16,pl1s,2.2481887927000013e-15,0.9788178977696516,7.760473309836104e-14
2020-03-16,rb1s,2.2481887927000013e-15,0.9788178977696516,7.760473309836104e-14
2020-03-16,si1s,2.2481887927000013e-15,0.9788178977696516,7.760473309836104e-14
2020-03-17,cl1s,1.384253099944865e-13,0.97881789776952,4.23711407926394e-12
2020-03-17,es1s,1.384253099944865e-13,0.97881789776952,4.23711407926394e-12
2020-03-17,fesx1s,1.384253099944865e-13,0.97881789776952,4.23711407926394e-12
2020-03-17,gc1s,1.384253099944865e-13,0.97881789776952,4.23711407926394e-12
2020-03-17,hg1s,1.384253099944865e-13,0.97881789776952,4.23711407926394e-12
2020-03-17,ho1s,1.384253099944865e-13,0.97881789776952,4.23711407926394e-12
2020-03-17,ng1s,1.384253099944865e-13,0.97881789776952,4.23711407926394e-12
2020-03-17,nq1s,1.384253099944865e-13,0.97881789776952,4.23711407926394e-12
2020-03-17,pl1s,1.384253099944865e-13,0.97881789776952,4.23711407926394e-12
2020-03-17,rb1s,1.384253099944865e-13,0.97881789776952,4.23711407926394e-12
2020-03-17,si1s,1.384253099944865e-13,0.97881789776952,4.23711407926394e-12
2020-03-18,cl1s,6.057966412823458e-14,0.9788178977695952,1.9041271322970386e-12
2020-03-18,es1s,6.057966412823458e-14,0.9788178977695952,1.9041271322970386e-12
2020-03-18,fesx1s,6.057966412823458e-14,0.9788178977695952,1.9041271322970386e-12
2020-03-18,gc1s,6.057966412823458e-14,0.9788178977695952,1.9041271322970386e-12
2020-03-18,hg1s,6.057966412823458e-14,0.9788178977695952,1.9041271322970386e-12
2020-03-18,ho1s,6.057966412823458e-14,0.9788178977695952,1.9041271322970386e-12
2020-03-18,ng1s,6.057966412823458e-14,0.9788178977695952,1.9041271322970386e-12
2020-03-18,nq1s,6.057966412823458e-14,0.9788178977695952,1.9041271322970386e-12
2020-03-18,pl1s,6.057966412823458e-14,0.9788178977695952,1.9041271322970386e-12
2020-03-18,rb1s,6.057966412823458e-14,0.9788178977695952,1.9041271322970386e-12
2020-03-18,si1s,6.057966412823458e-14,0.9788178977695952,1.9041271322970386e-12
2020-03-19,cl1s,5.3322347902941855e-14,0.978817897769602,1.6829507433753005e-12
2020-03-19,es1s,5.3322347902941855e-14,0.978817897769602,1.6829507433753005e-12
2020-03-19,fesx1s,5.3322347902941855e-14,0.978817897769602,1.6829507433753005e-12
2020-03-19,gc1s,5.3322347902941855e-14,0.978817897769602,1.6829507433753005e-12
2020-03-19,hg1s,5.3322347902941855e-14,0.978817897769602,1.6829507433753005e-12
2020-03-19,ho1s,5.3322347902941855e-14,0.978817897769602,1.6829507433753005e-12
2020-03-19,ng1s,5.3322347902941855e-14,0.978817897769602,1.6829507433753005e-12
2020-03-19,nq1s,5.3322347902941855e-14,0.978817897769602,1.6829507433753005e-12
2020-03-19,pl1s,5.3322347902941855e-14,0.978817897769602,1.6829507433753005e-12
2020-03-19,rb1s,5.3322347902941855e-14,0.978817897769602,1.6829507433753005e-12
2020-03-19,si1s,5.3322347902941855e-14,0.978817897769602,1.6829507433753005e-12
2020-03-20,cl1s,1.512710761273399e-12,0.9788178977681976,4.26850831175688e-11
2020-03-20,es1s,1.512710761273399e-12,0.9788178977681976,4.26850831175688e-11
2020-03-20,fesx1s,1.512710761273399e-12,0.9788178977681976,4.26850831175688e-11
2020-03-20,gc1s,1.512710761273399e-12,0.9788178977681976,4.26850831175688e-11
2020-03-20,hg1s,1.512710761273399e-12,0.9788178977681976,4.26850831175688e-11
2020-03-20,ho1s,1.512710761273399e-12,0.9788178977681976,4.26850831175688e-11
2020-03-20,ng1s,1.512710761273399e-12,0.9788178977681976,4.26850831175688e-11
2020-03-20,nq1s,1.512710761273399e-12,0.9788178977681976,4.26850831175688e-11
2020-03-20,pl1s,1.512710761273399e-12,0.9788178977681976,4.26850831175688e-11
2020-03-20,rb1s,1.512710761273399e-12,0.9788178977681976,4.26850831175688e-11
2020-03-20,si1s,1.512710761273399e-12,0.9788178977681976,4.26850831175688e-11
2020-03-23,cl1s,1.082377020672239e-12,0.9788178977686128,3.090330313177068e-11
2020-03-23,es1s,1.082377020672239e-12,0.9788178977686128,3.090330313177068e-11
2020-03-23,fesx1s,1.082377020672239e-12,0.9788178977686128,3.090330313177068e-11
2020-03-23,gc1s,1.082377020672239e-12,0.9788178977686128,3.090330313177068e-11
2020-03-23,hg1s,1.082377020672239e-12,0.9788178977686128,3.090330313177068e-11
2020-03-23,ho1s,1.082377020672239e-12,0.9788178977686128,3.090330313177068e-11
2020-03-23,ng1s,1.082377020672239e-12,0.9788178977686128,3.090330313177068e-11
2020-03-23,nq1s,1.082377020672239e-12,0.9788178977686128,3.090330313177068e-11
2020-03-23,pl1s,1.082377020672239e-12,0.9788178977686128,3.090330313177068e-11
2020-03-23,rb1s,1.082377020672239e-12,0.9788178977686128,3.090330313177068e-11
2020-03-23,si1s,1.082377020672239e-12,0.9788178977686128,3.090330313177068e-11
2020-03-24,cl1s,9.895178803412012e-11,0.9788178976744792,2.37844377718627e-09
2020-03-24,es1s,9.895178803412012e-11,0.9788178976744792,2.37844377718627e-09
2020-03-24,fesx1s,9.895178803412012e-11,0.9788178976744792,2.37844377718627e-09
2020-03-24,gc1s,9.895178803412012e-11,0.9788178976744792,2.37844377718627e-09
2020-03-24,hg1s,9.895178803412012e-11,0.9788178976744792,2.37844377718627e-09
2020-03-24,ho1s,9.895178803412012e-11,0.9788178976744792,2.37844377718627e-09
2020-03-24,ng1s,9.895178803412012e-11,0.9788178976744792,2.37844377718627e-09
2020-03-24,nq1s,9.895178803412012e-11,0.9788178976744792,2.37844377718627e-09
2020-03-24,pl1s,9.895178803412012e-11,0.9788178976744792,2.37844377718627e-09
2020-03-24,rb1s,9.895178803412012e-11,0.9788178976744792,2.37844377718627e-09
2020-03-24,si1s,9.895178803412012e-11,0.9788178976744792,2.37844377718627e-09
2020-03-25,cl1s,3.4537079181826212e-09,0.9788178944477994,7.074512205042364e-08
2020-03-25,es1s,3.4537079181826212e-09,0.9788178944477994,7.074512205042364e-08
2020-03-25,fesx1s,3.4537079181826212e-09,0.9788178944477994,7.074512205042364e-08
2020-03-25,gc1s,3.4537079181826212e-09,0.9788178944477994,7.074512205042364e-08
2020-03-25,hg1s,3.4537079181826212e-09,0.9788178944477994,7.074512205042364e-08
2020-03-25,ho1s,3.4537079181826212e-09,0.9788178944477994,7.074512205042364e-08
2020-03-25,ng1s,3.4537079181826212e-09,0.9788178944477994,7.074512205042364e-08
2020-03-25,nq1s,3.4537079181826212e-09,0.9788178944477994,7.074512205042364e-08
2020-03-25,pl1s,3.4537079181826212e-09,0.9788178944477994,7.074512205042364e-08
2020-03-25,rb1s,3.4537079181826212e-09,0.9788178944477994,7.074512205042364e-08
2020-03-25,si1s,3.4537079181826212e-09,0.9788178944477994,7.074512205042364e-08
2020-03-26,cl1s,1.2848674125997425e-08,0.9788178854115078,2.463094076266485e-07
2020-03-26,es1s,1.2848674125997425e-08,0.9788178854115078,2.463094076266485e-07
2020-03-26,fesx1s,1.2848674125997425e-08,0.9788178854115078,2.463094076266485e-07
2020-03-26,gc1s,1.2848674125997425e-08,0.9788178854115078,2.463094076266485e-07
2020-03-26,hg1s,1.2848674125997425e-08,0.9788178854115078,2.463094076266485e-07
2020-03-26,ho1s,1.2848674125997425e-08,0.9788178854115078,2.463094076266485e-07
2020-03-26,ng1s,1.2848674125997425e-08,0.9788178854115078,2.463094076266485e-07
2020-03-26,nq1s,1.2848674125997425e-08,0.9788178854115078,2.463094076266485e-07
2020-03-26,pl1s,1.2848674125997425e-08,0.9788178854115078,2.463094076266485e-07
2020-03-26,rb1s,1.2848674125997425e-08,0.9788178854115078,2.463094076266485e-07
2020-03-26,si1s,1.2848674125997425e-08,0.9788178854115078,2.463094076266485e-07
2020-03-27,cl1s,1.5058302585659668e-08,0.9788178832862376,2.86278455269456e-07
2020-03-27,es1s,1.5058302585659668e-08,0.9788178832862376,2.86278455269456e-07
2020-03-27,fesx1s,1.5058302585659668e-08,0.9788178832862376,2.86278455269456e-07
2020-03-27,gc1s,1.5058302585659668e-08,0.9788178832862376,2.86278455269456e-07
2020-03-27,hg1s,1.5058302585659668e-08,0.9788178832862376,2.86278455269456e-07
2020-03-27,ho1s,1.5058302585659668e-08,0.9788178832862376,2.86278455269456e-07
2020-03-27,ng1s,1.5058302585659668e-08,0.9788178832862376,2.86278455269456e-07
2020-03-27,nq1s,1.5058302585659668e-08,0.9788178832862376,2.86278455269456e-07
2020-03-27,pl1s,1.5058302585659668e-08,0.9788178832862376,2.86278455269456e-07
2020-03-27,rb1s,1.5058302585659668e-08,0.9788178832862376,2.86278455269456e-07
2020-03-27,si1s,1.5058302585659668e-08,0.9788178832862376,2.86278455269456e-07
2020-03-30,cl1s,2.262278564593403e-07,0.9788176801785942,3.6879038556210225e-06
2020-03-30,es1s,2.262278564593403e-07,0.9788176801785942,3.6879038556210225e-06
2020-03-30,fesx1s,2.262278564593403e-07,0.9788176801785942,3.6879038556210225e-06
2020-03-30,gc1s,2.262278564593403e-07,0.9788176801785942,3.6879038556210225e-06
2020-03-30,hg1s,2.262278564593403e-07,0.9788176801785942,3.6879038556210225e-06
2020-03-30,ho1s,2.262278564593403e-07,0.9788176801785942,3.6879038556210225e-06
2020-03-30,ng1s,2.262278564593403e-07,0.9788176801785942,3.6879038556210225e-06
2020-03-30,nq1s,2.262278564593403e-07,0.9788176801785942,3.6879038556210225e-06
2020-03-30,pl1s,2.262278564593403e-07,0.9788176801785942,3.6879038556210225e-06
2020-03-30,rb1s,2.262278564593403e-07,0.9788176801785942,3.6879038556210225e-06
2020-03-30,si1s,2.262278564593403e-07,0.9788176801785942,3.6879038556210225e-06
2020-03-31,cl1s,8.749378350819414e-07,0.9788170562346952,1.307954418073828e-05
2020-03-31,es1s,8.749378350819414e-07,0.9788170562346952,1.307954418073828e-05
2020-03-31,fesx1s,8.749378350819414e-07,0.9788170562346952,1.307954418073828e-05
2020-03-31,gc1s,8.749378350819414e-07,0.9788170562346952,1.307954418073828e-05
2020-03-31,hg1s,8.749378350819414e-07,0.9788170562346952,1.307954418073828e-05
2020-03-31,ho1s,8.749378350819414e-07,0.9788170562346952,1.307954418073828e-05
2020-03-31,ng1s,8.749378350819414e-07,0.9788170562346952,1.307954418073828e-05
2020-03-31,nq1s,8.749378350819414e-07,0.9788170562346952,1.307954418073828e-05
2020-03-31,pl1s,8.749378350819414e-07,0.9788170562346952,1.307954418073828e-05
2020-03-31,rb1s,8.749378350819414e-07,0.9788170562346952,1.307954418073828e-05
2020-03-31,si1s,8.749378350819414e-07,0.9788170562346952,1.307954418073828e-05
2020-04-01,cl1s,1.4000305103861812e-06,0.9788165511887076,2.0271063920528345e-05
2020-04-01,es1s,1.4000305103861812e-06,0.9788165511887076,2.0271063920528345e-05
2020-04-01,fesx1s,1.4000305103861812e-06,0.9788165511887076,2.0271063920528345e-05
2020-04-01,gc1s,1.4000305103861812e-06,0.9788165511887076,2.0271063920528345e-05
2020-04-01,hg1s,1.4000305103861812e-06,0.9788165511887076,2.0271063920528345e-05
2020-04-01,ho1s,1.4000305103861812e-06,0.9788165511887076,2.0271063920528345e-05
2020-04-01,ng1s,1.4000305103861812e-06,0.9788165511887076,2.0271063920528345e-05
2020-04-01,nq1s,1.4000305103861812e-06,0.9788165511887076,2.0271063920528345e-05
2020-04-01,pl1s,1.4000305103861812e-06,0.9788165511887076,2.0271063920528345e-05
2020-04-01,rb1s,1.4000305103861812e-06,0.9788165511887076,2.0271063920528345e-05
2020-04-01,si1s,1.4000305103861812e-06,0.9788165511887076,2.0271063920528345e-05
2020-04-02,cl1s,2.930213639922842e-06,0.978815079424036,4.026240641580595e-05
2020-04-02,es1s,2.930213639922842e-06,0.978815079424036,4.026240641580595e-05
2020-04-02,fesx1s,2.930213639922842e-06,0.978815079424036,4.026240641580595e-05
2020-04-02,gc1s,2.930213639922842e-06,0.978815079424036,4.026240641580595e-05
2020-04-02,hg1s,2.930213639922842e-06,0.978815079424036,4.026240641580595e-05
2020-04-02,ho1s,2.930213639922842e-06,0.978815079424036,4.026240641580595e-05
2020-04-02,ng1s,2.930213639922842e-06,0.978815079424036,4.026240641580595e-05
2020-04-02,nq1s,2.930213639922842e-06,0.978815079424036,4.026240641580595e-05
2020-04-02,pl1s,2.930213639922842e-06,0.978815079424036,4.026240641580595e-05
2020-04-02,rb1s,2.930213639922842e-06,0.978815079424036,4.026240641580595e-05
2020-04-02,si1s,2.930213639922842e-06,0.978815079424036,4.026240641580595e-05
2020-04-03,cl1s,1.9643995307929664e-06,0.978816008365846,2.777724378669154e-05
2020-04-03,es1s,1.9643995307929664e-06,0.978816008365846,2.777724378669154e-05
2020-04-03,fesx1s,1.9643995307929664e-06,0.978816008365846,2.777724378669154e-05
2020-04-03,gc1s,1.9643995307929664e-06,0.978816008365846,2.777724378669154e-05
2020-04-03,hg1s,1.9643995307929664e-06,0.978816008365846,2.777724378669154e-05
2020-04-03,ho1s,1.9643995307929664e-06,0.978816008365846,2.777724378669154e-05
2020-04-03,ng1s,1.9643995307929664e-06,0.978816008365846,2.777724378669154e-05
2020-04-03,nq1s,1.9643995307929664e-06,0.978816008365846,2.777724378669154e-05
2020-04-03,pl1s,1.9643995307929664e-06,0.978816008365846,2.777724378669154e-05
2020-04-03,rb1s,1.9643995307929664e-06,0.978816008365846,2.777724378669154e-05
2020-04-03,si1s,1.9643995307929664e-06,0.978816008365846,2.777724378669154e-05
2020-04-06,cl1s,5.7953198858739545e-06,0.9788123237001796,7.567793544252161e-05
2020-04-06,es1s,5.7953198858739545e-06,0.9788123237001796,7.567793544252161e-05
2020-04-06,fesx1s,5.7953198858739545e-06,0.9788123237001796,7.567793544252161e-05
2020-04-06,gc1s,5.7953198858739545e-06,0.9788123237001796,7.567793544252161e-05
2020-04-06,hg1s,5.7953198858739545e-06,0.9788123237001796,7.567793544252161e-05
2020-04-06,ho1s,5.7953198858739545e-06,0.9788123237001796,7.567793544252161e-05
2020-04-06,ng1s,5.7953198858739545e-06,0.9788123237001796,7.567793544252161e-05
2020-04-06,nq1s,5.7953198858739545e-06,0.9788123237001796,7.567793544252161e-05
2020-04-06,pl1s,5.7953198858739545e-06,0.9788123237001796,7.567793544252161e-05
2020-04-06,rb1s,5.7953198858739545e-06,0.9788123237001796,7.567793544252161e-05
2020-04-06,si1s,5.7953198858739545e-06,0.9788123237001796,7.567793544252161e-05
2020-04-07,cl1s,2.094223429120661e-05,0.978797755056021,0.0002465682579493
2020-04-07,es1s,2.094223429120661e-05,0.978797755056021,0.0002465682579493
2020-04-07,fesx1s,2.094223429120661e-05,0.978797755056021,0.0002465682579493
2020-04-07,gc1s,2.094223429120661e-05,0.978797755056021,0.0002465682579493
2020-04-07,hg1s,2.094223429120661e-05,0.978797755056021,0.0002465682579493
2020-04-07,ho1s,2.094223429120661e-05,0.978797755056021,0.0002465682579493
2020-04-07,ng1s,2.094223429120661e-05,0.978797755056021,0.0002465682579493
2020-04-07,nq1s,2.094223429120661e-05,0.978797755056021,0.0002465682579493
2020-04-07,pl1s,2.094223429120661e-05,0.978797755056021,0.0002465682579493
2020-04-07,rb1s,2.094223429120661e-05,0.978797755056021,0.0002465682579493
2020-04-07,si1s,2.094223429120661e-05,0.978797755056021,0.0002465682579493
2020-04-08,cl1s,4.26874408449379e-05,0.978776840025542,0.0004721907323894
2020-04-08,es1s,4.26874408449379e-05,0.978776840025542,0.0004721907323894
2020-04-08,fesx1s,4.26874408449379e-05,0.978776840025542,0.0004721907323894
2020-04-08,gc1s,4.26874408449379e-05,0.978776840025542,0.0004721907323894
2020-04-08,hg1s,4.26874408449379e-05,0.978776840025542,0.0004721907323894
2020-04-08,ho1s,4.26874408449379e-05,0.978776840025542,0.0004721907323894
2020-04-08,ng1s,4.26874408449379e-05,0.978776840025542,0.0004721907323894
2020-04-08,nq1s,4.26874408449379e-05,0.978776840025542,0.0004721907323894
2020-04-08,pl1s,4.26874408449379e-05,0.978776840025542,0.0004721907323894
2020-04-08,rb1s,4.26874408449379e-05,0.978776840025542,0.0004721907323894
2020-04-08,si1s,4.26874408449379e-05,0.978776840025542,0.0004721907323894
2020-04-09,cl1s,0.0002719984424575,0.9785562835283697,0.0025049909278292
2020-04-09,es1s,0.0002719984424575,0.9785562835283697,0.0025049909278292
2020-04-09,fesx1s,0.0002719984424575,0.9785562835283697,0.0025049909278292
2020-04-09,gc1s,0.0002719984424575,0.9785562835283697,0.0025049909278292
2020-04-09,hg1s,0.0002719984424575,0.9785562835283697,0.0025049909278292
2020-04-09,ho1s,0.0002719984424575,0.9785562835283697,0.0025049909278292
2020-04-09,ng1s,0.0002719984424575,0.9785562835283697,0.0025049909278292
2020-04-09,nq1s,0.0002719984424575,0.9785562835283697,0.0025049909278292
2020-04-09,pl1s,0.0002719984424575,0.9785562835283697,0.0025049909278292
2020-04-09,rb1s,0.0002719984424575,0.9785562835283697,0.0025049909278292
2020-04-09,si1s,0.0002719984424575,0.9785562835283697,0.0025049909278292
2020-04-13,cl1s,0.0006410736809411,0.9782012986335292,0.0053542765876047
2020-04-13,es1s,0.0006410736809411,0.9782012986335292,0.0053542765876047
2020-04-13,fesx1s,0.0006410736809411,0.9782012986335292,0.0053542765876047
2020-04-13,gc1s,0.0006410736809411,0.9782012986335292,0.0053542765876047
2020-04-13,hg1s,0.0006410736809411,0.9782012986335292,0.0053542765876047
2020-04-13,ho1s,0.0006410736809411,0.9782012986335292,0.0053542765876047
2020-04-13,ng1s,0.0006410736809411,0.9782012986335292,0.0053542765876047
2020-04-13,nq1s,0.0006410736809411,0.9782012986335292,0.0053542765876047
2020-04-13,pl1s,0.0006410736809411,0.9782012986335292,0.0053542765876047
2020-04-13,rb1s,0.0006410736809411,0.9782012986335292,0.0053542765876047
2020-04-13,si1s,0.0006410736809411,0.9782012986335292,0.0053542765876047
2020-04-14,cl1s,0.0016447512487974,0.9772359388945704,0.0121865266386555
2020-04-14,es1s,0.0016447512487974,0.9772359388945704,0.0121865266386555
2020-04-14,fesx1s,0.0016447512487974,0.9772359388945704,0.0121865266386555
2020-04-14,gc1s,0.0016447512487974,0.9772359388945704,0.0121865266386555
2020-04-14,hg1s,0.0016447512487974,0.9772359388945704,0.0121865266386555
2020-04-14,ho1s,0.0016447512487974,0.9772359388945704,0.0121865266386555
2020-04-14,ng1s,0.0016447512487974,0.9772359388945704,0.0121865266386555
2020-04-14,nq1s,0.0016447512487974,0.9772359388945704,0.0121865266386555
2020-04-14,pl1s,0.0016447512487974,0.9772359388945704,0.0121865266386555
2020-04-14,rb1s,0.0016447512487974,0.9772359388945704,0.0121865266386555
2020-04-14,si1s,0.0016447512487974,0.9772359388945704,0.0121865266386555
2020-04-15,cl1s,0.0011824607386446,0.9776805803416816,0.0091517331379698
2020-04-15,es1s,0.0011824607386446,0.9776805803416816,0.0091517331379698
2020-04-15,fesx1s,0.0011824607386446,0.9776805803416816,0.0091517331379698
2020-04-15,gc1s,0.0011824607386446,0.9776805803416816,0.0091517331379698
2020-04-15,hg1s,0.0011824607386446,0.9776805803416816,0.0091517331379698
2020-04-15,ho1s,0.0011824607386446,0.9776805803416816,0.0091517331379698
2020-04-15,ng1s,0.0011824607386446,0.9776805803416816,0.0091517331379698
2020-04-15,nq1s,0.0011824607386446,0.9776805803416816,0.0091517331379698
2020-04-15,pl1s,0.0011824607386446,0.9776805803416816,0.0091517331379698
2020-04-15,rb1s,0.0011824607386446,0.9776805803416816,0.0091517331379698
2020-04-15,si1s,0.0011824607386446,0.9776805803416816,0.0091517331379698
2020-04-16,cl1s,0.001754049788625,0.9771308130919664,0.0128834088045394
2020-04-16,es1s,0.001754049788625,0.9771308130919664,0.0128834088045394
2020-04-16,fesx1s,0.001754049788625,0.9771308130919664,0.0128834088045394
2020-04-16,gc1s,0.001754049788625,0.9771308130919664,0.0128834088045394
2020-04-16,hg1s,0.001754049788625,0.9771308130919664,0.0128834088045394
2020-04-16,ho1s,0.001754049788625,0.9771308130919664,0.0128834088045394
2020-04-16,ng1s,0.001754049788625,0.9771308130919664,0.0128834088045394
2020-04-16,nq1s,0.001754049788625,0.9771308130919664,0.0128834088045394
2020-04-16,pl1s,0.001754049788625,0.9771308130919664,0.0128834088045394
2020-04-16,rb1s,0.001754049788625,0.9771308130919664,0.0128834088045394
2020-04-16,si1s,0.001754049788625,0.9771308130919664,0.0128834088045394
2020-04-17,cl1s,0.0034646780119044,0.9754854922559052,0.0230865397377571
2020-04-17,es1s,0.0034646780119044,0.9754854922559052,0.0230865397377571
2020-04-17,fesx1s,0.0034646780119044,0.9754854922559052,0.0230865397377571
2020-04-17,gc1s,0.0034646780119044,0.9754854922559052,0.0230865397377571
2020-04-17,hg1s,0.0034646780119044,0.9754854922559052,0.0230865397377571
2020-04-17,ho1s,0.0034646780119044,0.9754854922559052,0.0230865397377571
2020-04-17,ng1s,0.0034646780119044,0.9754854922559052,0.0230865397377571
2020-04-17,nq1s,0.0034646780119044,0.9754854922559052,0.0230865397377571
2020-04-17,pl1s,0.0034646780119044,0.9754854922559052,0.0230865397377571
2020-04-17,rb1s,0.0034646780119044,0.9754854922559052,0.0230865397377571
2020-04-17,si1s,0.0034646780119044,0.9754854922559052,0.0230865397377571
2020-04-20,cl1s,0.002375872136021,0.9765327303229716,0.0167289951981509
2020-04-20,es1s,0.002375872136021,0.9765327303229716,0.0167289951981509
2020-04-20,fesx1s,0.002375872136021,0.9765327303229716,0.0167289951981509
2020-04-20,gc1s,0.002375872136021,0.9765327303229716,0.0167289951981509
2020-04-20,hg1s,0.002375872136021,0.9765327303229716,0.0167289951981509
2020-04-20,ho1s,0.002375872136021,0.9765327303229716,0.0167289951981509
2020-04-20,ng1s,0.002375872136021,0.9765327303229716,0.0167289951981509
2020-04-20,nq1s,0.002375872136021,0.9765327303229716,0.0167289951981509
2020-04-20,pl1s,0.002375872136021,0.9765327303229716,0.0167289951981509
2020-04-20,rb1s,0.002375872136021,0.9765327303229716,0.0167289951981509
2020-04-20,si1s,0.002375872136021,0.9765327303229716,0.0167289951981509
2020-04-21,cl1s,0.0008037937153012,0.9780447908316982,0.0065314395544973
2020-04-21,es1s,0.0008037937153012,0.9780447908316982,0.0065314395544973
2020-04-21,fesx1s,0.0008037937153012,0.9780447908316982,0.0065314395544973
2020-04-21,gc1s,0.0008037937153012,0.9780447908316982,0.0065314395544973
2020-04-21,hg1s,0.0008037937153012,0.9780447908316982,0.0065314395544973
2020-04-21,ho1s,0.0008037937153012,0.9780447908316982,0.0065314395544973
2020-04-21,ng1s,0.0008037937153012,0.9780447908316982,0.0065314395544973
2020-04-21,nq1s,0.0008037937153012,0.9780447908316982,0.0065314395544973
2020-04-21,pl1s,0.0008037937153012,0.9780447908316982,0.0065314395544973
2020-04-21,rb1s,0.0008037937153012,0.9780447908316982,0.0065314395544973
2020-04-21,si1s,0.0008037937153012,0.9780447908316982,0.0065314395544973
2020-04-22,cl1s,0.0012962827680194,0.9775711037447306,0.0099134600014727
2020-04-22,es1s,0.0012962827680194,0.9775711037447306,0.0099134600014727
2020-04-22,fesx1s,0.0012962827680194,0.9775711037447306,0.0099134600014727
2020-04-22,gc1s,0.0012962827680194,0.9775711037447306,0.0099134600014727
2020-04-22,hg1s,0.0012962827680194,0.9775711037447306,0.0099134600014727
2020-04-22,ho1s,0.0012962827680194,0.9775711037447306,0.0099134600014727
2020-04-22,ng1s,0.0012962827680194,0.9775711037447306,0.0099134600014727
2020-04-22,nq1s,0.0012962827680194,0.9775711037447306,0.0099134600014727
2020-04-22,pl1s,0.0012962827680194,0.9775711037447306,0.0099134600014727
2020-04-22,rb1s,0.0012962827680194,0.9775711037447306,0.0099134600014727
2020-04-22,si1s,0.0012962827680194,0.9775711037447306,0.0099134600014727
2020-04-23,cl1s,0.0016060394639323,0.9772731727630248,0.0119379814519491
2020-04-23,es1s,0.0016060394639323,0.9772731727630248,0.0119379814519491
2020-04-23,fesx1s,0.0016060394639323,0.9772731727630248,0.0119379814519491
2020-04-23,gc1s,0.0016060394639323,0.9772731727630248,0.0119379814519491
2020-04-23,hg1s,0.0016060394639323,0.9772731727630248,0.0119379814519491
2020-04-23,ho1s,0.0016060394639323,0.9772731727630248,0.0119379814519491
2020-04-23,ng1s,0.0016060394639323,0.9772731727630248,0.0119379814519491
2020-04-23,nq1s,0.0016060394639323,0.9772731727630248,0.0119379814519491
2020-04-23,pl1s,0.0016060394639323,0.9772731727630248,0.0119379814519491
2020-04-23,rb1s,0.0016060394639323,0.9772731727630248,0.0119379814519491
2020-04-23,si1s,0.0016060394639323,0.9772731727630248,0.0119379814519491
2020-04-24,cl1s,0.0017264953119102,0.9771573156096084,0.012708383258992
2020-04-24,es1s,0.0017264953119102,0.9771573156096084,0.012708383258992
2020-04-24,fesx1s,0.0017264953119102,0.9771573156096084,0.012708383258992
2020-04-24,gc1s,0.0017264953119102,0.9771573156096084,0.012708383258992
2020-04-24,hg1s,0.0017264953119102,0.9771573156096084,0.012708383258992
2020-04-24,ho1s,0.0017264953119102,0.9771573156096084,0.012708383258992
2020-04-24,ng1s,0.0017264953119102,0.9771573156096084,0.012708383258992
2020-04-24,nq1s,0.0017264953119102,0.9771573156096084,0.012708383258992
2020-04-24,pl1s,0.0017264953119102,0.9771573156096084,0.012708383258992
2020-04-24,rb1s,0.0017264953119102,0.9771573156096084,0.012708383258992
2020-04-24,si1s,0.0017264953119102,0.9771573156096084,0.012708383258992
2020-04-27,cl1s,0.0022866415382896,0.9766185543259106,0.0161883403309128
2020-04-27,es1s,0.0022866415382896,0.9766185543259106,0.0161883403309128
2020-04-27,fesx1s,0.0022866415382896,0.9766185543259106,0.0161883403309128
2020-04-27,gc1s,0.0022866415382896,0.9766185543259106,0.0161883403309128
2020-04-27,hg1s,0.0022866415382896,0.9766185543259106,0.0161883403309128
2020-04-27,ho1s,0.0022866415382896,0.9766185543259106,0.0161883403309128
2020-04-27,ng1s,0.0022866415382896,0.9766185543259106,0.0161883403309128
2020-04-27,nq1s,0.0022866415382896,0.9766185543259106,0.0161883403309128
2020-04-27,pl1s,0.0022866415382896,0.9766185543259106,0.0161883403309128
2020-04-27,rb1s,0.0022866415382896,0.9766185543259106,0.0161883403309128
2020-04-27,si1s,0.0022866415382896,0.9766185543259106,0.0161883403309128
2020-04-28,cl1s,0.0025513517709626,0.9763639500493012,0.0177825523870488
2020-04-28,es1s,0.0025513517709626,0.9763639500493012,0.0177825523870488
2020-04-28,fesx1s,0.0025513517709626,0.9763639500493012,0.0177825523870488
2020-04-28,gc1s,0.0025513517709626,0.9763639500493012,0.0177825523870488
2020-04-28,hg1s,0.0025513517709626,0.9763639500493012,0.0177825523870488
2020-04-28,ho1s,0.0025513517709626,0.9763639500493012,0.0177825523870488
2020-04-28,ng1s,0.0025513517709626,0.9763639500493012,0.0177825523870488
2020-04-28,nq1s,0.0025513517709626,0.9763639500493012,0.0177825523870488
2020-04-28,pl1s,0.0025513517709626,0.9763639500493012,0.0177825523870488
2020-04-28,rb1s,0.0025513517709626,0.9763639500493012,0.0177825523870488
2020-04-28,si1s,0.0025513517709626,0.9763639500493012,0.0177825523870488
2020-04-29,cl1s,0.0039132852037951,0.9750540117331477,0.0255984376064467
2020-04-29,es1s,0.0039132852037951,0.9750540117331477,0.0255984376064467
2020-04-29,fesx1s,0.0039132852037951,0.9750540117331477,0.0255984376064467
2020-04-29,gc1s,0.0039132852037951,0.9750540117331477,0.0255984376064467
2020-04-29,hg1s,0.0039132852037951,0.9750540117331477,0.0255984376064467
2020-04-29,ho1s,0.0039132852037951,0.9750540117331477,0.0255984376064467
2020-04-29,ng1s,0.0039132852037951,0.9750540117331477,0.0255984376064467
2020-04-29,nq1s,0.0039132852037951,0.9750540117331477,0.0255984376064467
2020-04-29,pl1s,0.0039132852037951,0.9750540117331477,0.0255984376064467
2020-04-29,rb1s,0.0039132852037951,0.9750540117331477,0.0255984376064467
2020-04-29,si1s,0.0039132852037951,0.9750540117331477,0.0255984376064467
2020-04-30,cl1s,0.004701285853102,0.974296094922534,0.0298887298616729
2020-04-30,es1s,0.004701285853102,0.974296094922534,0.0298887298616729
2020-04-30,fesx1s,0.004701285853102,0.974296094922534,0.0298887298616729
2020-04-30,gc1s,0.004701285853102,0.974296094922534,0.0298887298616729
2020-04-30,hg1s,0.004701285853102,0.974296094922534,0.0298887298616729
2020-04-30,ho1s,0.004701285853102,0.974296094922534,0.0298887298616729
2020-04-30,ng1s,0.004701285853102,0.974296094922534,0.0298887298616729
2020-04-30,nq1s,0.004701285853102,0.974296094922534,0.0298887298616729
2020-04-30,pl1s,0.004701285853102,0.974296094922534,0.0298887298616729
2020-04-30,rb1s,0.004701285853102,0.974296094922534,0.0298887298616729
2020-04-30,si1s,0.004701285853102,0.974296094922534,0.0298887298616729
2020-05-01,cl1s,0.0050249544952999,0.973984783116882,0.0316110952152637
2020-05-01,es1s,0.0050249544952999,0.973984783116882,0.0316110952152637
2020-05-01,fesx1s,0.0050249544952999,0.973984783116882,0.0316110952152637
2020-05-01,gc1s,0.0050249544952999,0.973984783116882,0.0316110952152637
2020-05-01,hg1s,0.0050249544952999,0.973984783116882,0.0316110952152637
2020-05-01,ho1s,0.0050249544952999,0.973984783116882,0.0316110952152637
2020-05-01,ng1s,0.0050249544952999,0.973984783116882,0.0316110952152637
2020-05-01,nq1s,0.0050249544952999,0.973984783116882,0.0316110952152637
2020-05-01,pl1s,0.0050249544952999,0.973984783116882,0.0316110952152637
2020-05-01,rb1s,0.0050249544952999,0.973984783116882,0.0316110952152637
2020-05-01,si1s,0.0050249544952999,0.973984783116882,0.0316110952152637
2020-05-04,cl1s,0.0063333469931165,0.97272634168051,0.0383721854221269
2020-05-04,es1s,0.0063333469931165,0.97272634168051,0.0383721854221269
2020-05-04,fesx1s,0.0063333469931165,0.97272634168051,0.0383721854221269
2020-05-04,gc1s,0.0063333469931165,0.97272634168051,0.0383721854221269
2020-05-04,hg1s,0.0063333469931165,0.97272634168051,0.0383721854221269
2020-05-04,ho1s,0.0063333469931165,0.97272634168051,0.0383721854221269
2020-05-04,ng1s,0.0063333469931165,0.97272634168051,0.0383721854221269
2020-05-04,nq1s,0.0063333469931165,0.97272634168051,0.0383721854221269
2020-05-04,pl1s,0.0063333469931165,0.97272634168051,0.0383721854221269
2020-05-04,rb1s,0.0063333469931165,0.97272634168051,0.0383721854221269
2020-05-04,si1s,0.0063333469931165,0.97272634168051,0.0383721854221269
2020-05-05,cl1s,0.0120001570756508,0.9672758758364932,0.0650025866342655
2020-05-05,es1s,0.0120001570756508,0.9672758758364932,0.0650025866342655
2020-05-05,fesx1s,0.0120001570756508,0.9672758758364932,0.0650025866342655
2020-05-05,gc1s,0.0120001570756508,0.9672758758364932,0.0650025866342655
2020-05-05,hg1s,0.0120001570756508,0.9672758758364932,0.0650025866342655
2020-05-05,ho1s,0.0120001570756508,0.9672758758364932,0.0650025866342655
2020-05-05,ng1s,0.0120001570756508,0.9672758758364932,0.0650025866342655
2020-05-05,nq1s,0.0120001570756508,0.9672758758364932,0.0650025866342655
2020-05-05,pl1s,0.0120001570756508,0.9672758758364932,0.0650025866342655
2020-05-05,rb1s,0.0120001570756508,0.9672758758364932,0.0650025866342655
2020-05-05,si1s,0.0120001570756508,0.9672758758364932,0.0650025866342655
2020-05-06,cl1s,0.0167599491514773,0.9626978003838028,0.0851461735518001
2020-05-06,es1s,0.0167599491514773,0.9626978003838028,0.0851461735518001
2020-05-06,fesx1s,0.0167599491514773,0.9626978003838028,0.0851461735518001
2020-05-06,gc1s,0.0167599491514773,0.9626978003838028,0.0851461735518001
2020-05-06,hg1s,0.0167599491514773,0.9626978003838028,0.0851461735518001
2020-05-06,ho1s,0.0167599491514773,0.9626978003838028,0.0851461735518001
2020-05-06,ng1s,0.0167599491514773,0.9626978003838028,0.0851461735518001
2020-05-06,nq1s,0.0167599491514773,0.9626978003838028,0.0851461735518001
2020-05-06,pl1s,0.0167599491514773,0.9626978003838028,0.0851461735518001
2020-05-06,rb1s,0.0167599491514773,0.9626978003838028,0.0851461735518001
2020-05-06,si1s,0.0167599491514773,0.9626978003838028,0.0851461735518001
2020-05-07,cl1s,0.0229095932160157,0.956782933917758,0.109156336522284
2020-05-07,es1s,0.0229095932160157,0.956782933917758,0.109156336522284
2020-05-07,fesx1s,0.0229095932160157,0.956782933917758,0.109156336522284
2020-05-07,gc1s,0.0229095932160157,0.956782933917758,0.109156336522284
2020-05-07,hg1s,0.0229095932160157,0.956782933917758,0.109156336522284
2020-05-07,ho1s,0.0229095932160157,0.956782933917758,0.109156336522284
2020-05-07,ng1s,0.0229095932160157,0.956782933917758,0.109156336522284
2020-05-07,nq1s,0.0229095932160157,0.956782933917758,0.109156336522284
2020-05-07,pl1s,0.0229095932160157,0.956782933917758,0.109156336522284
2020-05-07,rb1s,0.0229095932160157,0.956782933917758,0.109156336522284
2020-05-07,si1s,0.0229095932160157,0.956782933917758,0.109156336522284
2020-05-08,cl1s,0.0424591939672238,0.9379796866575356,0.1756823538654087
2020-05-08,es1s,0.0424591939672238,0.9379796866575356,0.1756823538654087
2020-05-08,fesx1s,0.0424591939672238,0.9379796866575356,0.1756823538654087
2020-05-08,gc1s,0.0424591939672238,0.9379796866575356,0.1756823538654087
2020-05-08,hg1s,0.0424591939672238,0.9379796866575356,0.1756823538654087
2020-05-08,ho1s,0.0424591939672238,0.9379796866575356,0.1756823538654087
2020-05-08,ng1s,0.0424591939672238,0.9379796866575356,0.1756823538654087
2020-05-08,nq1s,0.0424591939672238,0.9379796866575356,0.1756823538654087
2020-05-08,pl1s,0.0424591939672238,0.9379796866575356,0.1756823538654087
2020-05-08,rb1s,0.0424591939672238,0.9379796866575356,0.1756823538654087
2020-05-08,si1s,0.0424591939672238,0.9379796866575356,0.1756823538654087
2020-05-11,cl1s,0.0743501181165056,0.9073062759947184,0.2647487093040538
2020-05-11,es1s,0.0743501181165056,0.9073062759947184,0.2647487093040538
2020-05-11,fesx1s,0.0743501181165056,0.9073062759947184,0.2647487093040538
2020-05-11,gc1s,0.0743501181165056,0.9073062759947184,0.2647487093040538
2020-05-11,hg1s,0.0743501181165056,0.9073062759947184,0.2647487093040538
2020-05-11,ho1s,0.0743501181165056,0.9073062759947184,0.2647487093040538
2020-05-11,ng1s,0.0743501181165056,0.9073062759947184,0.2647487093040538
2020-05-11,nq1s,0.0743501181165056,0.9073062759947184,0.2647487093040538
2020-05-11,pl1s,0.0743501181165056,0.9073062759947184,0.2647487093040538
2020-05-11,rb1s,0.0743501181165056,0.9073062759947184,0.2647487093040538
2020-05-11,si1s,0.0743501181165056,0.9073062759947184,0.2647487093040538
2020-05-12,cl1s,0.1326646214477241,0.8512180704631457,0.391420833225841
2020-05-12,es1s,0.1326646214477241,0.8512180704631457,0.391420833225841
2020-05-12,fesx1s,0.1326646214477241,0.8512180704631457,0.391420833225841
2020-05-12,gc1s,0.1326646214477241,0.8512180704631457,0.391420833225841
2020-05-12,hg1s,0.1326646214477241,0.8512180704631457,0.391420833225841
2020-05-12,ho1s,0.1326646214477241,0.8512180704631457,0.391420833225841
2020-05-12,ng1s,0.1326646214477241,0.8512180704631457,0.391420833225841
2020-05-12,nq1s,0.1326646214477241,0.8512180704631457,0.391420833225841
2020-05-12,pl1s,0.1326646214477241,0.8512180704631457,0.391420833225841
2020-05-12,rb1s,0.1326646214477241,0.8512180704631457,0.391420833225841
2020-05-12,si1s,0.1326646214477241,0.8512180704631457,0.391420833225841
2020-05-13,cl1s,0.1572653749869863,0.8275565104408543,0.435107297373092
2020-05-13,es1s,0.1572653749869863,0.8275565104408543,0.435107297373092
2020-05-13,fesx1s,0.1572653749869863,0.8275565104408543,0.435107297373092
2020-05-13,gc1s,0.1572653749869863,0.8275565104408543,0.435107297373092
2020-05-13,hg1s,0.1572653749869863,0.8275565104408543,0.435107297373092
2020-05-13,ho1s,0.1572653749869863,0.8275565104408543,0.435107297373092
2020-05-13,ng1s,0.1572653749869863,0.8275565104408543,0.435107297373092
2020-05-13,nq1s,0.1572653749869863,0.8275565104408543,0.435107297373092
2020-05-13,pl1s,0.1572653749869863,0.8275565104408543,0.435107297373092
2020-05-13,rb1s,0.1572653749869863,0.8275565104408543,0.435107297373092
2020-05-13,si1s,0.1572653749869863,0.8275565104408543,0.435107297373092
2020-05-14,cl1s,0.1618371025687225,0.8231593196634187,0.4427036975274034
2020-05-14,es1s,0.1618371025687225,0.8231593196634187,0.4427036975274034
2020-05-14,fesx1s,0.1618371025687225,0.8231593196634187,0.4427036975274034
2020-05-14,gc1s,0.1618371025687225,0.8231593196634187,0.4427036975274034
2020-05-14,hg1s,0.1618371025687225,0.8231593196634187,0.4427036975274034
2020-05-14,ho1s,0.1618371025687225,0.8231593196634187,0.4427036975274034
2020-05-14,ng1s,0.1618371025687225,0.8231593196634187,0.4427036975274034
2020-05-14,nq1s,0.1618371025687225,0.8231593196634187,0.4427036975274034
2020-05-14,pl1s,0.1618371025687225,0.8231593196634187,0.4427036975274034
2020-05-14,rb1s,0.1618371025687225,0.8231593196634187,0.4427036975274034
2020-05-14,si1s,0.1618371025687225,0.8231593196634187,0.4427036975274034
2020-05-15,cl1s,0.1678533041549516,0.8173728011849677,0.4524659686262058
2020-05-15,es1s,0.1678533041549516,0.8173728011849677,0.4524659686262058
2020-05-15,fesx1s,0.1678533041549516,0.8173728011849677,0.4524659686262058
2020-05-15,gc1s,0.1678533041549516,0.8173728011849677,0.4524659686262058
2020-05-15,hg1s,0.1678533041549516,0.8173728011849677,0.4524659686262058
2020-05-15,ho1s,0.1678533041549516,0.8173728011849677,0.4524659686262058
2020-05-15,ng1s,0.1678533041549516,0.8173728011849677,0.4524659686262058
2020-05-15,nq1s,0.1678533041549516,0.8173728011849677,0.4524659686262058
2020-05-15,pl1s,0.1678533041549516,0.8173728011849677,0.4524659686262058
2020-05-15,rb1s,0.1678533041549516,0.8173728011849677,0.4524659686262058
2020-05-15,si1s,0.1678533041549516,0.8173728011849677,0.4524659686262058
2020-05-18,cl1s,0.4204672057707738,0.574403048815052,0.6804423537973401
2020-05-18,es1s,0.4204672057707738,0.574403048815052,0.6804423537973401
2020-05-18,fesx1s,0.4204672057707738,0.574403048815052,0.6804423537973401
2020-05-18,gc1s,0.4204672057707738,0.574403048815052,0.6804423537973401
2020-05-18,hg1s,0.4204672057707738,0.574403048815052,0.6804423537973401
2020-05-18,ho1s,0.4204672057707738,0.574403048815052,0.6804423537973401
2020-05-18,ng1s,0.4204672057707738,0.574403048815052,0.6804423537973401
2020-05-18,nq1s,0.4204672057707738,0.574403048815052,0.6804423537973401
2020-05-18,pl1s,0.4204672057707738,0.574403048815052,0.6804423537973401
2020-05-18,rb1s,0.4204672057707738,0.574403048815052,0.6804423537973401
2020-05-18,si1s,0.4204672057707738,0.574403048815052,0.6804423537973401
2020-05-19,cl1s,0.7708511776256899,0.2373958361025582,0.5382458067964306
2020-05-19,es1s,0.7708511776256899,0.2373958361025582,0.5382458067964306
2020-05-19,fesx1s,0.7708511776256899,0.2373958361025582,0.5382458067964306
2020-05-19,gc1s,0.7708511776256899,0.2373958361025582,0.5382458067964306
2020-05-19,hg1s,0.7708511776256899,0.2373958361025582,0.5382458067964306
2020-05-19,ho1s,0.7708511776256899,0.2373958361025582,0.5382458067964306
2020-05-19,ng1s,0.7708511776256899,0.2373958361025582,0.5382458067964306
2020-05-19,nq1s,0.7708511776256899,0.2373958361025582,0.5382458067964306
2020-05-19,pl1s,0.7708511776256899,0.2373958361025582,0.5382458067964306
2020-05-19,rb1s,0.7708511776256899,0.2373958361025582,0.5382458067964306
2020-05-19,si1s,0.7708511776256899,0.2373958361025582,0.5382458067964306
2020-05-20,cl1s,0.9648761893465468,0.0507782004544574,0.1521249050700481
2020-05-20,es1s,0.9648761893465468,0.0507782004544574,0.1521249050700481
2020-05-20,fesx1s,0.9648761893465468,0.0507782004544574,0.1521249050700481
2020-05-20,gc1s,0.9648761893465468,0.0507782004544574,0.1521249050700481
2020-05-20,hg1s,0.9648761893465468,0.0507782004544574,0.1521249050700481
2020-05-20,ho1s,0.9648761893465468,0.0507782004544574,0.1521249050700481
2020-05-20,ng1s,0.9648761893465468,0.0507782004544574,0.1521249050700481
2020-05-20,nq1s,0.9648761893465468,0.0507782004544574,0.1521249050700481
2020-05-20,pl1s,0.9648761893465468,0.0507782004544574,0.1521249050700481
2020-05-20,rb1s,0.9648761893465468,0.0507782004544574,0.1521249050700481
2020-05-20,si1s,0.9648761893465468,0.0507782004544574,0.1521249050700481
2020-05-21,cl1s,0.9959260566578688,0.020913737242041,0.0264851298664213
2020-05-21,es1s,0.9959260566578688,0.020913737242041,0.0264851298664213
2020-05-21,fesx1s,0.9959260566578688,0.020913737242041,0.0264851298664213
2020-05-21,gc1s,0.9959260566578688,0.020913737242041,0.0264851298664213
2020-05-21,hg1s,0.9959260566578688,0.020913737242041,0.0264851298664213
2020-05-21,ho1s,0.9959260566578688,0.020913737242041,0.0264851298664213
2020-05-21,ng1s,0.9959260566578688,0.020913737242041,0.0264851298664213
2020-05-21,nq1s,0.9959260566578688,0.020913737242041,0.0264851298664213
2020-05-21,pl1s,0.9959260566578688,0.020913737242041,0.0264851298664213
2020-05-21,rb1s,0.9959260566578688,0.020913737242041,0.0264851298664213
2020-05-21,si1s,0.9959260566578688,0.020913737242041,0.0264851298664213
2020-05-22,cl1s,0.9988244048543824,0.0181260405274734,0.0091054460880174
2020-05-22,es1s,0.9988244048543824,0.0181260405274734,0.0091054460880174
2020-05-22,fesx1s,0.9988244048543824,0.0181260405274734,0.0091054460880174
2020-05-22,gc1s,0.9988244048543824,0.0181260405274734,0.0091054460880174
2020-05-22,hg1s,0.9988244048543824,0.0181260405274734,0.0091054460880174
2020-05-22,ho1s,0.9988244048543824,0.0181260405274734,0.0091054460880174
2020-05-22,ng1s,0.9988244048543824,0.0181260405274734,0.0091054460880174
2020-05-22,nq1s,0.9988244048543824,0.0181260405274734,0.0091054460880174
2020-05-22,pl1s,0.9988244048543824,0.0181260405274734,0.0091054460880174
2020-05-22,rb1s,0.9988244048543824,0.0181260405274734,0.0091054460880174
2020-05-22,si1s,0.9988244048543824,0.0181260405274734,0.0091054460880174
2020-05-25,cl1s,0.9991974038931511,0.0177672816329539,0.006522905265264
2020-05-25,es1s,0.9991974038931511,0.0177672816329539,0.006522905265264
2020-05-25,fesx1s,0.9991974038931511,0.0177672816329539,0.006522905265264
2020-05-25,gc1s,0.9991974038931511,0.0177672816329539,0.006522905265264
2020-05-25,hg1s,0.9991974038931511,0.0177672816329539,0.006522905265264
2020-05-25,ho1s,0.9991974038931511,0.0177672816329539,0.006522905265264
2020-05-25,ng1s,0.9991974038931511,0.0177672816329539,0.006522905265264
2020-05-25,nq1s,0.9991974038931511,0.0177672816329539,0.006522905265264
2020-05-25,pl1s,0.9991974038931511,0.0177672816329539,0.006522905265264
2020-05-25,rb1s,0.9991974038931511,0.0177672816329539,0.006522905265264
2020-05-25,si1s,0.9991974038931511,0.0177672816329539,0.006522905265264
2020-05-26,cl1s,0.9997353422351528,0.0172498803937094,0.0024446280742545
2020-05-26,es1s,0.9997353422351528,0.0172498803937094,0.0024446280742545
2020-05-26,fesx1s,0.9997353422351528,0.0172498803937094,0.0024446280742545
2020-05-26,gc1s,0.9997353422351528,0.0172498803937094,0.0024446280742545
2020-05-26,hg1s,0.9997353422351528,0.0172498803937094,0.0024446280742545
2020-05-26,ho1s,0.9997353422351528,0.0172498803937094,0.0024446280742545
2020-05-26,ng1s,0.9997353422351528,0.0172498803937094,0.0024446280742545
2020-05-26,nq1s,0.9997353422351528,0.0172498803937094,0.0024446280742545
2020-05-26,pl1s,0.9997353422351528,0.0172498803937094,0.0024446280742545
2020-05-26,rb1s,0.9997353422351528,0.0172498803937094,0.0024446280742545
2020-05-26,si1s,0.9997353422351528,0.0172498803937094,0.0024446280742545
2020-05-27,cl1s,0.9998274646900652,0.0171612749372614,0.0016675231238569
2020-05-27,es1s,0.9998274646900652,0.0171612749372614,0.0016675231238569
2020-05-27,fesx1s,0.9998274646900652,0.0171612749372614,0.0016675231238569
2020-05-27,gc1s,0.9998274646900652,0.0171612749372614,0.0016675231238569
2020-05-27,hg1s,0.9998274646900652,0.0171612749372614,0.0016675231238569
2020-05-27,ho1s,0.9998274646900652,0.0171612749372614,0.0016675231238569
2020-05-27,ng1s,0.9998274646900652,0.0171612749372614,0.0016675231238569
2020-05-27,nq1s,0.9998274646900652,0.0171612749372614,0.0016675231238569
2020-05-27,pl1s,0.9998274646900652,0.0171612749372614,0.0016675231238569
2020-05-27,rb1s,0.9998274646900652,0.0171612749372614,0.0016675231238569
2020-05-27,si1s,0.9998274646900652,0.0171612749372614,0.0016675231238569
2020-05-28,cl1s,0.9998825001925692,0.0171083405487362,0.0011807573404172
2020-05-28,es1s,0.9998825001925692,0.0171083405487362,0.0011807573404172
2020-05-28,fesx1s,0.9998825001925692,0.0171083405487362,0.0011807573404172
2020-05-28,gc1s,0.9998825001925692,0.0171083405487362,0.0011807573404172
2020-05-28,hg1s,0.9998825001925692,0.0171083405487362,0.0011807573404172
2020-05-28,ho1s,0.9998825001925692,0.0171083405487362,0.0011807573404172
2020-05-28,ng1s,0.9998825001925692,0.0171083405487362,0.0011807573404172
2020-05-28,nq1s,0.9998825001925692,0.0171083405487362,0.0011807573404172
2020-05-28,pl1s,0.9998825001925692,0.0171083405487362,0.0011807573404172
2020-05-28,rb1s,0.9998825001925692,0.0171083405487362,0.0011807573404172
2020-05-28,si1s,0.9998825001925692,0.0171083405487362,0.0011807573404172
2020-05-29,cl1s,0.9998533250119288,0.0171364018959945,0.0014414070892858
2020-05-29,es1s,0.9998533250119288,0.0171364018959945,0.0014414070892858
2020-05-29,fesx1s,0.9998533250119288,0.0171364018959945,0.0014414070892858
2020-05-29,gc1s,0.9998533250119288,0.0171364018959945,0.0014414070892858
2020-05-29,hg1s,0.9998533250119288,0.0171364018959945,0.0014414070892858
2020-05-29,ho1s,0.9998533250119288,0.0171364018959945,0.0014414070892858
2020-05-29,ng1s,0.9998533250119288,0.0171364018959945,0.0014414070892858
2020-05-29,nq1s,0.9998533250119288,0.0171364018959945,0.0014414070892858
2020-05-29,pl1s,0.9998533250119288,0.0171364018959945,0.0014414070892858
2020-05-29,rb1s,0.9998533250119288,0.0171364018959945,0.0014414070892858
2020-05-29,si1s,0.9998533250119288,0.0171364018959945,0.0014414070892858
2020-06-01,cl1s,0.9998526493422242,0.0171370517703672,0.0014473697694313
2020-06-01,es1s,0.9998526493422242,0.0171370517703672,0.0014473697694313
2020-06-01,fesx1s,0.9998526493422242,0.0171370517703672,0.0014473697694313
2020-06-01,gc1s,0.9998526493422242,0.0171370517703672,0.0014473697694313
2020-06-01,hg1s,0.9998526493422242,0.0171370517703672,0.0014473697694313
2020-06-01,ho1s,0.9998526493422242,0.0171370517703672,0.0014473697694313
2020-06-01,ng1s,0.9998526493422242,0.0171370517703672,0.0014473697694313
2020-06-01,nq1s,0.9998526493422242,0.0171370517703672,0.0014473697694313
2020-06-01,pl1s,0.9998526493422242,0.0171370517703672,0.0014473697694313
2020-06-01,rb1s,0.9998526493422242,0.0171370517703672,0.0014473697694313
2020-06-01,si1s,0.9998526493422242,0.0171370517703672,0.0014473697694313
2020-06-02,cl1s,0.9999445780284788,0.0170486326849881,0.0005985853765978
2020-06-02,es1s,0.9999445780284788,0.0170486326849881,0.0005985853765978
2020-06-02,fesx1s,0.9999445780284788,0.0170486326849881,0.0005985853765978
2020-06-02,gc1s,0.9999445780284788,0.0170486326849881,0.0005985853765978
2020-06-02,hg1s,0.9999445780284788,0.0170486326849881,0.0005985853765978
2020-06-02,ho1s,0.9999445780284788,0.0170486326849881,0.0005985853765978
2020-06-02,ng1s,0.9999445780284788,0.0170486326849881,0.0005985853765978
2020-06-02,nq1s,0.9999445780284788,0.0170486326849881,0.0005985853765978
2020-06-02,pl1s,0.9999445780284788,0.0170486326849881,0.0005985853765978
2020-06-02,rb1s,0.9999445780284788,0.0170486326849881,0.0005985853765978
2020-06-02,si1s,0.9999445780284788,0.0170486326849881,0.0005985853765978
2020-06-03,cl1s,0.9999732426053308,0.017021062447978,0.0003084776095518
2020-06-03,es1s,0.9999732426053308,0.017021062447978,0.0003084776095518
2020-06-03,fesx1s,0.9999732426053308,0.017021062447978,0.0003084776095518
2020-06-03,gc1s,0.9999732426053308,0.017021062447978,0.0003084776095518
2020-06-03,hg1s,0.9999732426053308,0.017021062447978,0.0003084776095518
2020-06-03,ho1s,0.9999732426053308,0.017021062447978,0.0003084776095518
2020-06-03,ng1s,0.9999732426053308,0.017021062447978,0.0003084776095518
2020-06-03,nq1s,0.9999732426053308,0.017021062447978,0.0003084776095518
2020-06-03,pl1s,0.9999732426053308,0.017021062447978,0.0003084776095518
2020-06-03,rb1s,0.9999732426053308,0.017021062447978,0.0003084776095518
2020-06-03,si1s,0.9999732426053308,0.017021062447978,0.0003084776095518
2020-06-04,cl1s,0.9999646170041266,0.0170293587459066,0.0003980325733782
2020-06-04,es1s,0.9999646170041266,0.0170293587459066,0.0003980325733782
2020-06-04,fesx1s,0.9999646170041266,0.0170293587459066,0.0003980325733782
2020-06-04,gc1s,0.9999646170041266,0.0170293587459066,0.0003980325733782
2020-06-04,hg1s,0.9999646170041266,0.0170293587459066,0.0003980325733782
2020-06-04,ho1s,0.9999646170041266,0.0170293587459066,0.0003980325733782
2020-06-04,ng1s,0.9999646170041266,0.0170293587459066,0.0003980325733782
2020-06-04,nq1s,0.9999646170041266,0.0170293587459066,0.0003980325733782
2020-06-04,pl1s,0.9999646170041266,0.0170293587459066,0.0003980325733782
2020-06-04,rb1s,0.9999646170041266,0.0170293587459066,0.0003980325733782
2020-06-04,si1s,0.9999646170041266,0.0170293587459066,0.0003980325733782
2020-06-05,cl1s,0.9999817971676668,0.0170128344768371,0.0002168671655886
2020-06-05,es1s,0.9999817971676668,0.0170128344768371,0.0002168671655886
2020-06-05,fesx1s,0.9999817971676668,0.0170128344768371,0.0002168671655886
2020-06-05,gc1s,0.9999817971676668,0.0170128344768371,0.0002168671655886
2020-06-05,hg1s,0.9999817971676668,0.0170128344768371,0.0002168671655886
2020-06-05,ho1s,0.9999817971676668,0.0170128344768371,0.0002168671655886
2020-06-05,ng1s,0.9999817971676668,0.0170128344768371,0.0002168671655886
2020-06-05,nq1s,0.9999817971676668,0.0170128344768371,0.0002168671655886
2020-06-05,pl1s,0.9999817971676668,0.0170128344768371,0.0002168671655886
2020-06-05,rb1s,0.9999817971676668,0.0170128344768371,0.0002168671655886
2020-06-05,si1s,0.9999817971676668,0.0170128344768371,0.0002168671655886
2020-06-08,cl1s,0.999977170458233,0.0170172845504005,0.0002668189853369
2020-06-08,es1s,0.999977170458233,0.0170172845504005,0.0002668189853369
2020-06-08,fesx1s,0.999977170458233,0.0170172845504005,0.0002668189853369
2020-06-08,gc1s,0.999977170458233,0.0170172845504005,0.0002668189853369
2020-06-08,hg1s,0.999977170458233,0.0170172845504005,0.0002668189853369
2020-06-08,ho1s,0.999977170458233,0.0170172845504005,0.0002668189853369
2020-06-08,ng1s,0.999977170458233,0.0170172845504005,0.0002668189853369
2020-06-08,nq1s,0.999977170458233,0.0170172845504005,0.0002668189853369
2020-06-08,pl1s,0.999977170458233,0.0170172845504005,0.0002668189853369
2020-06-08,rb1s,0.999977170458233,0.0170172845504005,0.0002668189853369
2020-06-08,si1s,0.999977170458233,0.0170172845504005,0.0002668189853369
2020-06-09,cl1s,0.9999474346205032,0.0170458851503023,0.0005705144857686
2020-06-09,es1s,0.9999474346205032,0.0170458851503023,0.0005705144857686
2020-06-09,fesx1s,0.9999474346205032,0.0170458851503023,0.0005705144857686
2020-06-09,gc1s,0.9999474346205032,0.0170458851503023,0.0005705144857686
2020-06-09,hg1s,0.9999474346205032,0.0170458851503023,0.0005705144857686
2020-06-09,ho1s,0.9999474346205032,0.0170458851503023,0.0005705144857686
2020-06-09,ng1s,0.9999474346205032,0.0170458851503023,0.0005705144857686
2020-06-09,nq1s,0.9999474346205032,0.0170458851503023,0.0005705144857686
2020-06-09,pl1s,0.9999474346205032,0.0170458851503023,0.0005705144857686
2020-06-09,rb1s,0.9999474346205032,0.0170458851503023,0.0005705144857686
2020-06-09,si1s,0.9999474346205032,0.0170458851503023,0.0005705144857686
2020-06-10,cl1s,0.999909634005014,0.017082242635485,0.0009318177534033
2020-06-10,es1s,0.999909634005014,0.017082242635485,0.0009318177534033
2020-06-10,fesx1s,0.999909634005014,0.017082242635485,0.0009318177534033
2020-06-10,gc1s,0.999909634005014,0.017082242635485,0.0009318177534033
2020-06-10,hg1s,0.999909634005014,0.017082242635485,0.0009318177534033
2020-06-10,ho1s,0.999909634005014,0.017082242635485,0.0009318177534033
2020-06-10,ng1s,0.999909634005014,0.017082242635485,0.0009318177534033
2020-06-10,nq1s,0.999909634005014,0.017082242635485,0.0009318177534033
2020-06-10,pl1s,0.999909634005014,0.017082242635485,0.0009318177534033
2020-06-10,rb1s,0.999909634005014,0.017082242635485,0.0009318177534033
2020-06-10,si1s,0.999909634005014,0.017082242635485,0.0009318177534033
2020-06-11,cl1s,0.999481998762381,0.0174935518640842,0.0044368224709697
2020-06-11,es1s,0.999481998762381,0.0174935518640842,0.0044368224709697
2020-06-11,fesx1s,0.999481998762381,0.0174935518640842,0.0044368224709697
2020-06-11,gc1s,0.999481998762381,0.0174935518640842,0.0044368224709697
2020-06-11,hg1s,0.999481998762381,0.0174935518640842,0.0044368224709697
2020-06-11,ho1s,0.999481998762381,0.0174935518640842,0.0044368224709697
2020-06-11,ng1s,0.999481998762381,0.0174935518640842,0.0044368224709697
2020-06-11,nq1s,0.999481998762381,0.0174935518640842,0.0044368224709697
2020-06-11,pl1s,0.999481998762381,0.0174935518640842,0.0044368224709697
2020-06-11,rb1s,0.999481998762381,0.0174935518640842,0.0044368224709697
2020-06-11,si1s,0.999481998762381,0.0174935518640842,0.0044368224709697
2020-06-12,cl1s,0.999666132931943,0.0173164474636727,0.0030063396320366
2020-06-12,es1s,0.999666132931943,0.0173164474636727,0.0030063396320366
2020-06-12,fesx1s,0.999666132931943,0.0173164474636727,0.0030063396320366
2020-06-12,gc1s,0.999666132931943,0.0173164474636727,0.0030063396320366
2020-06-12,hg1s,0.999666132931943,0.0173164474636727,0.0030063396320366
2020-06-12,ho1s,0.999666132931943,0.0173164474636727,0.0030063396320366
2020-06-12,ng1s,0.999666132931943,0.0173164474636727,0.0030063396320366
2020-06-12,nq1s,0.999666132931943,0.0173164474636727,0.0030063396320366
2020-06-12,pl1s,0.999666132931943,0.0173164474636727,0.0030063396320366
2020-06-12,rb1s,0.999666132931943,0.0173164474636727,0.0030063396320366
2020-06-12,si1s,0.999666132931943,0.0173164474636727,0.0030063396320366
2020-06-15,cl1s,0.9997725992251076,0.0172140457798363,0.002134993757589
2020-06-15,es1s,0.9997725992251076,0.0172140457798363,0.002134993757589
2020-06-15,fesx1s,0.9997725992251076,0.0172140457798363,0.002134993757589
2020-06-15,gc1s,0.9997725992251076,0.0172140457798363,0.002134993757589
2020-06-15,hg1s,0.9997725992251076,0.0172140457798363,0.002134993757589
2020-06-15,ho1s,0.9997725992251076,0.0172140457798363,0.002134993757589
2020-06-15,ng1s,0.9997725992251076,0.0172140457798363,0.002134993757589
2020-06-15,nq1s,0.9997725992251076,0.0172140457798363,0.002134993757589
2020-06-15,pl1s,0.9997725992251076,0.0172140457798363,0.002134993757589
2020-06-15,rb1s,0.9997725992251076,0.0172140457798363,0.002134993757589
2020-06-15,si1s,0.9997725992251076,0.0172140457798363,0.002134993757589
2020-06-16,cl1s,0.9999392433103192,0.017053763737325,0.0006506192684532
2020-06-16,es1s,0.9999392433103192,0.017053763737325,0.0006506192684532
2020-06-16,fesx1s,0.9999392433103192,0.017053763737325,0.0006506192684532
2020-06-16,gc1s,0.9999392433103192,0.017053763737325,0.0006506192684532
2020-06-16,hg1s,0.9999392433103192,0.017053763737325,0.0006506192684532
2020-06-16,ho1s,0.9999392433103192,0.017053763737325,0.0006506192684532
2020-06-16,ng1s,0.9999392433103192,0.017053763737325,0.0006506192684532
2020-06-16,nq1s,0.9999392433103192,0.017053763737325,0.0006506192684532
2020-06-16,pl1s,0.9999392433103192,0.017053763737325,0.0006506192684532
2020-06-16,rb1s,0.9999392433103192,0.017053763737325,0.0006506192684532
2020-06-16,si1s,0.9999392433103192,0.017053763737325,0.0006506192684532
2020-06-17,cl1s,0.9999130951856258,0.0170789135938493,0.0008995216360389
2020-06-17,es1s,0.9999130951856258,0.0170789135938493,0.0008995216360389
2020-06-17,fesx1s,0.9999130951856258,0.0170789135938493,0.0008995216360389
2020-06-17,gc1s,0.9999130951856258,0.0170789135938493,0.0008995216360389
2020-06-17,hg1s,0.9999130951856258,0.0170789135938493,0.0008995216360389
2020-06-17,ho1s,0.9999130951856258,0.0170789135938493,0.0008995216360389
2020-06-17,ng1s,0.9999130951856258,0.0170789135938493,0.0008995216360389
2020-06-17,nq1s,0.9999130951856258,0.0170789135938493,0.0008995216360389
2020-06-17,pl1s,0.9999130951856258,0.0170789135938493,0.0008995216360389
2020-06-17,rb1s,0.9999130951856258,0.0170789135938493,0.0008995216360389
2020-06-17,si1s,0.9999130951856258,0.0170789135938493,0.0008995216360389
2020-06-18,cl1s,0.9998656339927936,0.0171245628403709,0.0013322222864193
2020-06-18,es1s,0.9998656339927936,0.0171245628403709,0.0013322222864193
2020-06-18,fesx1s,0.9998656339927936,0.0171245628403709,0.0013322222864193
2020-06-18,gc1s,0.9998656339927936,0.0171245628403709,0.0013322222864193
2020-06-18,hg1s,0.9998656339927936,0.0171245628403709,0.0013322222864193
2020-06-18,ho1s,0.9998656339927936,0.0171245628403709,0.0013322222864193
2020-06-18,ng1s,0.9998656339927936,0.0171245628403709,0.0013322222864193
2020-06-18,nq1s,0.9998656339927936,0.0171245628403709,0.0013322222864193
2020-06-18,pl1s,0.9998656339927936,0.0171245628403709,0.0013322222864193
2020-06-18,rb1s,0.9998656339927936,0.0171245628403709,0.0013322222864193
2020-06-18,si1s,0.9998656339927936,0.0171245628403709,0.0013322222864193
2020-06-19,cl1s,0.9998156140839312,0.0171726731177234,0.0017698074587321
2020-06-19,es1s,0.9998156140839312,0.0171726731177234,0.0017698074587321
2020-06-19,fesx1s,0.9998156140839312,0.0171726731177234,0.0017698074587321
2020-06-19,gc1s,0.9998156140839312,0.0171726731177234,0.0017698074587321
2020-06-19,hg1s,0.9998156140839312,0.0171726731177234,0.0017698074587321
2020-06-19,ho1s,0.9998156140839312,0.0171726731177234,0.0017698074587321
2020-06-19,ng1s,0.9998156140839312,0.0171726731177234,0.0017698074587321
2020-06-19,nq1s,0.9998156140839312,0.0171726731177234,0.0017698074587321
2020-06-19,pl1s,0.9998156140839312,0.0171726731177234,0.0017698074587321
2020-06-19,rb1s,0.9998156140839312,0.0171726731177234,0.0017698074587321
2020-06-19,si1s,0.9998156140839312,0.0171726731177234,0.0017698074587321
2020-06-22,cl1s,0.9998571676267436,0.0171327059823334,0.0014074369847836
2020-06-22,es1s,0.9998571676267436,0.0171327059823334,0.0014074369847836
2020-06-22,fesx1s,0.9998571676267436,0.0171327059823334,0.0014074369847836
2020-06-22,gc1s,0.9998571676267436,0.0171327059823334,0.0014074369847836
2020-06-22,hg1s,0.9998571676267436,0.0171327059823334,0.0014074369847836
2020-06-22,ho1s,0.9998571676267436,0.0171327059823334,0.0014074369847836
2020-06-22,ng1s,0.9998571676267436,0.0171327059823334,0.0014074369847836
2020-06-22,nq1s,0.9998571676267436,0.0171327059823334,0.0014074369847836
2020-06-22,pl1s,0.9998571676267436,0.0171327059823334,0.0014074369847836
2020-06-22,rb1s,0.9998571676267436,0.0171327059823334,0.0014074369847836
2020-06-22,si1s,0.9998571676267436,0.0171327059823334,0.0014074369847836
2020-06-23,cl1s,0.9998397336523436,0.017149474372417,0.0015607687821391
2020-06-23,es1s,0.9998397336523436,0.017149474372417,0.0015607687821391
2020-06-23,fesx1s,0.9998397336523436,0.017149474372417,0.0015607687821391
2020-06-23,gc1s,0.9998397336523436,0.017149474372417,0.0015607687821391
2020-06-23,hg1s,0.9998397336523436,0.017149474372417,0.0015607687821391
2020-06-23,ho1s,0.9998397336523436,0.017149474372417,0.0015607687821391
2020-06-23,ng1s,0.9998397336523436,0.017149474372417,0.0015607687821391
2020-06-23,nq1s,0.9998397336523436,0.017149474372417,0.0015607687821391
2020-06-23,pl1s,0.9998397336523436,0.017149474372417,0.0015607687821391
2020-06-23,rb1s,0.9998397336523436,0.017149474372417,0.0015607687821391
2020-06-23,si1s,0.9998397336523436,0.017149474372417,0.0015607687821391
2020-06-24,cl1s,0.9995743403745732,0.017404735617218,0.0037294839229485
2020-06-24,es1s,0.9995743403745732,0.017404735617218,0.0037294839229485
2020-06-24,fesx1s,0.9995743403745732,0.017404735617218,0.0037294839229485
2020-06-24,gc1s,0.9995743403745732,0.017404735617218,0.0037294839229485
2020-06-24,hg1s,0.9995743403745732,0.017404735617218,0.0037294839229485
2020-06-24,ho1s,0.9995743403745732,0.017404735617218,0.0037294839229485
2020-06-24,ng1s,0.9995743403745732,0.017404735617218,0.0037294839229485
2020-06-24,nq1s,0.9995743403745732,0.017404735617218,0.0037294839229485
2020-06-24,pl1s,0.9995743403745732,0.017404735617218,0.0037294839229485
2020-06-24,rb1s,0.9995743403745732,0.017404735617218,0.0037294839229485
2020-06-24,si1s,0.9995743403745732,0.017404735617218,0.0037294839229485
2020-06-25,cl1s,0.9994177458313568,0.0175553517834085,0.0049190650582146
2020-06-25,es1s,0.9994177458313568,0.0175553517834085,0.0049190650582146
2020-06-25,fesx1s,0.9994177458313568,0.0175553517834085,0.0049190650582146
2020-06-25,gc1s,0.9994177458313568,0.0175553517834085,0.0049190650582146
2020-06-25,hg1s,0.9994177458313568,0.0175553517834085,0.0049190650582146
2020-06-25,ho1s,0.9994177458313568,0.0175553517834085,0.0049190650582146
2020-06-25,ng1s,0.9994177458313568,0.0175553517834085,0.0049190650582146
2020-06-25,nq1s,0.9994177458313568,0.0175553517834085,0.0049190650582146
2020-06-25,pl1s,0.9994177458313568,0.0175553517834085,0.0049190650582146
2020-06-25,rb1s,0.9994177458313568,0.0175553517834085,0.0049190650582146
2020-06-25,si1s,0.9994177458313568,0.0175553517834085,0.0049190650582146
2020-06-26,cl1s,0.998685245578906,0.0182598870596166,0.0100361091345315
2020-06-26,es1s,0.998685245578906,0.0182598870596166,0.0100361091345315
2020-06-26,fesx1s,0.998685245578906,0.0182598870596166,0.0100361091345315
2020-06-26,gc1s,0.998685245578906,0.0182598870596166,0.0100361091345315
2020-06-26,hg1s,0.998685245578906,0.0182598870596166,0.0100361091345315
2020-06-26,ho1s,0.998685245578906,0.0182598870596166,0.0100361091345315
2020-06-26,ng1s,0.998685245578906,0.0182598870596166,0.0100361091345315
2020-06-26,nq1s,0.998685245578906,0.0182598870596166,0.0100361091345315
2020-06-26,pl1s,0.998685245578906,0.0182598870596166,0.0100361091345315
2020-06-26,rb1s,0.998685245578906,0.0182598870596166,0.0100361091345315
2020-06-26,si1s,0.998685245578906,0.0182598870596166,0.0100361091345315
2020-06-29,cl1s,0.9981004032184017,0.0188224016425365,0.0138008806993148
2020-06-29,es1s,0.9981004032184017,0.0188224016425365,0.0138008806993148
2020-06-29,fesx1s,0.9981004032184017,0.0188224016425365,0.0138008806993148
2020-06-29,gc1s,0.9981004032184017,0.0188224016425365,0.0138008806993148
2020-06-29,hg1s,0.9981004032184017,0.0188224016425365,0.0138008806993148
2020-06-29,ho1s,0.9981004032184017,0.0188224016425365,0.0138008806993148
2020-06-29,ng1s,0.9981004032184017,0.0188224016425365,0.0138008806993148
2020-06-29,nq1s,0.9981004032184017,0.0188224016425365,0.0138008806993148
2020-06-29,pl1s,0.9981004032184017,0.0188224016425365,0.0138008806993148
2020-06-29,rb1s,0.9981004032184017,0.0188224016425365,0.0138008806993148
2020-06-29,si1s,0.9981004032184017,0.0188224016425365,0.0138008806993148
2020-06-30,cl1s,0.998411388497242,0.0185232889820404,0.0118257831836016
2020-06-30,es1s,0.998411388497242,0.0185232889820404,0.0118257831836016
2020-06-30,fesx1s,0.998411388497242,0.0185232889820404,0.0118257831836016
2020-06-30,gc1s,0.998411388497242,0.0185232889820404,0.0118257831836016
2020-06-30,hg1s,0.998411388497242,0.0185232889820404,0.0118257831836016
2020-06-30,ho1s,0.998411388497242,0.0185232889820404,0.0118257831836016
2020-06-30,ng1s,0.998411388497242,0.0185232889820404,0.0118257831836016
2020-06-30,nq1s,0.998411388497242,0.0185232889820404,0.0118257831836016
2020-06-30,pl1s,0.998411388497242,0.0185232889820404,0.0118257831836016
2020-06-30,rb1s,0.998411388497242,0.0185232889820404,0.0118257831836016
2020-06-30,si1s,0.998411388497242,0.0185232889820404,0.0118257831836016
2020-07-01,cl1s,0.9992116038296452,0.0177536238135245,0.0064215778976241
2020-07-01,es1s,0.9992116038296452,0.0177536238135245,0.0064215778976241
2020-07-01,fesx1s,0.9992116038296452,0.0177536238135245,0.0064215778976241
2020-07-01,gc1s,0.9992116038296452,0.0177536238135245,0.0064215778976241
2020-07-01,hg1s,0.9992116038296452,0.0177536238135245,0.0064215778976241
2020-07-01,ho1s,0.9992116038296452,0.0177536238135245,0.0064215778976241
2020-07-01,ng1s,0.9992116038296452,0.0177536238135245,0.0064215778976241
2020-07-01,nq1s,0.9992116038296452,0.0177536238135245,0.0064215778976241
2020-07-01,pl1s,0.9992116038296452,0.0177536238135245,0.0064215778976241
2020-07-01,rb1s,0.9992116038296452,0.0177536238135245,0.0064215778976241
2020-07-01,si1s,0.9992116038296452,0.0177536238135245,0.0064215778976241
2020-07-02,cl1s,0.9995852454312408,0.0173942468875754,0.0036447039704813
2020-07-02,es1s,0.9995852454312408,0.0173942468875754,0.0036447039704813
2020-07-02,fesx1s,0.9995852454312408,0.0173942468875754,0.0036447039704813
2020-07-02,gc1s,0.9995852454312408,0.0173942468875754,0.0036447039704813
2020-07-02,hg1s,0.9995852454312408,0.0173942468875754,0.0036447039704813
2020-07-02,ho1s,0.9995852454312408,0.0173942468875754,0.0036447039704813
2020-07-02,ng1s,0.9995852454312408,0.0173942468875754,0.0036447039704813
2020-07-02,nq1s,0.9995852454312408,0.0173942468875754,0.0036447039704813
2020-07-02,pl1s,0.9995852454312408,0.0173942468875754,0.0036447039704813
2020-07-02,rb1s,0.9995852454312408,0.0173942468875754,0.0036447039704813
2020-07-02,si1s,0.9995852454312408,0.0173942468875754,0.0036447039704813
2020-07-03,cl1s,0.9995398329124447,0.0174379256731676,0.0039959486962792
2020-07-03,es1s,0.9995398329124447,0.0174379256731676,0.0039959486962792
2020-07-03,fesx1s,0.9995398329124447,0.0174379256731676,0.0039959486962792
2020-07-03,gc1s,0.9995398329124447,0.0174379256731676,0.0039959486962792
2020-07-03,hg1s,0.9995398329124447,0.0174379256731676,0.0039959486962792
2020-07-03,ho1s,0.9995398329124447,0.0174379256731676,0.0039959486962792
2020-07-03,ng1s,0.9995398329124447,0.0174379256731676,0.0039959486962792
2020-07-03,nq1s,0.9995398329124447,0.0174379256731676,0.0039959486962792
2020-07-03,pl1s,0.9995398329124447,0.0174379256731676,0.0039959486962792
2020-07-03,rb1s,0.9995398329124447,0.0174379256731676,0.0039959486962792
2020-07-03,si1s,0.9995398329124447,0.0174379256731676,0.0039959486962792
2020-07-06,cl1s,0.9996358391480984,0.0173455847087414,0.0032474891678631
2020-07-06,es1s,0.9996358391480984,0.0173455847087414,0.0032474891678631
2020-07-06,fesx1s,0.9996358391480984,0.0173455847087414,0.0032474891678631
2020-07-06,gc1s,0.9996358391480984,0.0173455847087414,0.0032474891678631
2020-07-06,hg1s,0.9996358391480984,0.0173455847087414,0.0032474891678631
2020-07-06,ho1s,0.9996358391480984,0.0173455847087414,0.0032474891678631
2020-07-06,ng1s,0.9996358391480984,0.0173455847087414,0.0032474891678631
2020-07-06,nq1s,0.9996358391480984,0.0173455847087414,0.0032474891678631
2020-07-06,pl1s,0.9996358391480984,0.0173455847087414,0.0032474891678631
2020-07-06,rb1s,0.9996358391480984,0.0173455847087414,0.0032474891678631
2020-07-06,si1s,0.9996358391480984,0.0173455847087414,0.0032474891678631
2020-07-07,cl1s,0.9995737853835238,0.017405269420136,0.0037337910935266
2020-07-07,es1s,0.9995737853835238,0.017405269420136,0.0037337910935266
2020-07-07,fesx1s,0.9995737853835238,0.017405269420136,0.0037337910935266
2020-07-07,gc1s,0.9995737853835238,0.017405269420136,0.0037337910935266
2020-07-07,hg1s,0.9995737853835238,0.017405269420136,0.0037337910935266
2020-07-07,ho1s,0.9995737853835238,0.017405269420136,0.0037337910935266
2020-07-07,ng1s,0.9995737853835238,0.017405269420136,0.0037337910935266
2020-07-07,nq1s,0.9995737853835238,0.017405269420136,0.0037337910935266
2020-07-07,pl1s,0.9995737853835238,0.017405269420136,0.0037337910935266
2020-07-07,rb1s,0.9995737853835238,0.017405269420136,0.0037337910935266
2020-07-07,si1s,0.9995737853835238,0.017405269420136,0.0037337910935266
2020-07-08,cl1s,0.9995547839970256,0.0174235453825539,0.0038808269561477
2020-07-08,es1s,0.9995547839970256,0.0174235453825539,0.0038808269561477
2020-07-08,fesx1s,0.9995547839970256,0.0174235453825539,0.0038808269561477
2020-07-08,gc1s,0.9995547839970256,0.0174235453825539,0.0038808269561477
2020-07-08,hg1s,0.9995547839970256,0.0174235453825539,0.0038808269561477
2020-07-08,ho1s,0.9995547839970256,0.0174235453825539,0.0038808269561477
2020-07-08,ng1s,0.9995547839970256,0.0174235453825539,0.0038808269561477
2020-07-08,nq1s,0.9995547839970256,0.0174235453825539,0.0038808269561477
2020-07-08,pl1s,0.9995547839970256,0.0174235453825539,0.0038808269561477
2020-07-08,rb1s,0.9995547839970256,0.0174235453825539,0.0038808269561477
2020-07-08,si1s,0.9995547839970256,0.0174235453825539,0.0038808269561477
2020-07-09,cl1s,0.9991911349697962,0.0177733112249336,0.0065675585406469
2020-07-09,es1s,0.9991911349697962,0.0177733112249336,0.0065675585406469
2020-07-09,fesx1s,0.9991911349697962,0.0177733112249336,0.0065675585406469
2020-07-09,gc1s,0.9991911349697962,0.0177733112249336,0.0065675585406469
2020-07-09,hg1s,0.9991911349697962,0.0177733112249336,0.0065675585406469
2020-07-09,ho1s,0.9991911349697962,0.0177733112249336,0.0065675585406469
2020-07-09,ng1s,0.9991911349697962,0.0177733112249336,0.0065675585406469
2020-07-09,nq1s,0.9991911349697962,0.0177733112249336,0.0065675585406469
2020-07-09,pl1s,0.9991911349697962,0.0177733112249336,0.0065675585406469
2020-07-09,rb1s,0.9991911349697962,0.0177733112249336,0.0065675585406469
2020-07-09,si1s,0.9991911349697962,0.0177733112249336,0.0065675585406469
2020-07-10,cl1s,0.9992565042674804,0.0177104375589586,0.0060994722173783
2020-07-10,es1s,0.9992565042674804,0.0177104375589586,0.0060994722173783
2020-07-10,fesx1s,0.9992565042674804,0.0177104375589586,0.0060994722173783
2020-07-10,gc1s,0.9992565042674804,0.0177104375589586,0.0060994722173783
2020-07-10,hg1s,0.9992565042674804,0.0177104375589586,0.0060994722173783
2020-07-10,ho1s,0.9992565042674804,0.0177104375589586,0.0060994722173783
2020-07-10,ng1s,0.9992565042674804,0.0177104375589586,0.0060994722173783
2020-07-10,nq1s,0.9992565042674804,0.0177104375589586,0.0060994722173783
2020-07-10,pl1s,0.9992565042674804,0.0177104375589586,0.0060994722173783
2020-07-10,rb1s,0.9992565042674804,0.0177104375589586,0.0060994722173783
2020-07-10,si1s,0.9992565042674804,0.0177104375589586,0.0060994722173783
2020-07-13,cl1s,0.9992181901052044,0.0177472889850315,0.0063744931858791
2020-07-13,es1s,0.9992181901052044,0.0177472889850315,0.0063744931858791
2020-07-13,fesx1s,0.9992181901052044,0.0177472889850315,0.0063744931858791
2020-07-13,gc1s,0.9992181901052044,0.0177472889850315,0.0063744931858791
2020-07-13,hg1s,0.9992181901052044,0.0177472889850315,0.0063744931858791
2020-07-13,ho1s,0.9992181901052044,0.0177472889850315,0.0063744931858791
2020-07-13,ng1s,0.9992181901052044,0.0177472889850315,0.0063744931858791
2020-07-13,nq1s,0.9992181901052044,0.0177472889850315,0.0063744931858791
2020-07-13,pl1s,0.9992181901052044,0.0177472889850315,0.0063744931858791
2020-07-13,rb1s,0.9992181901052044,0.0177472889850315,0.0063744931858791
2020-07-13,si1s,0.9992181901052044,0.0177472889850315,0.0063744931858791
2020-07-14,cl1s,0.9993233050453446,0.0176461870630358,0.0056151819456532
2020-07-14,es1s,0.9993233050453446,0.0176461870630358,0.0056151819456532
2020-07-14,fesx1s,0.9993233050453446,0.0176461870630358,0.0056151819456532
2020-07-14,gc1s,0.9993233050453446,0.0176461870630358,0.0056151819456532
2020-07-14,hg1s,0.9993233050453446,0.0176461870630358,0.0056151819456532
2020-07-14,ho1s,0.9993233050453446,0.0176461870630358,0.0056151819456532
2020-07-14,ng1s,0.9993233050453446,0.0176461870630358,0.0056151819456532
2020-07-14,nq1s,0.9993233050453446,0.0176461870630358,0.0056151819456532
2020-07-14,pl1s,0.9993233050453446,0.0176461870630358,0.0056151819456532
2020-07-14,rb1s,0.9993233050453446,0.0176461870630358,0.0056151819456532
2020-07-14,si1s,0.9993233050453446,0.0176461870630358,0.0056151819456532
2020-07-15,cl1s,0.9997925902845296,0.0171948179276626,0.0019663915102223
2020-07-15,es1s,0.9997925902845296,0.0171948179276626,0.0019663915102223
2020-07-15,fesx1s,0.9997925902845296,0.0171948179276626,0.0019663915102223
2020-07-15,gc1s,0.9997925902845296,0.0171948179276626,0.0019663915102223
2020-07-15,hg1s,0.9997925902845296,0.0171948179276626,0.0019663915102223
2020-07-15,ho1s,0.9997925902845296,0.0171948179276626,0.0019663915102223
2020-07-15,ng1s,0.9997925902845296,0.0171948179276626,0.0019663915102223
2020-07-15,nq1s,0.9997925902845296,0.0171948179276626,0.0019663915102223
2020-07-15,pl1s,0.9997925902845296,0.0171948179276626,0.0019663915102223
2020-07-15,rb1s,0.9997925902845296,0.0171948179276626,0.0019663915102223
2020-07-15,si1s,0.9997925902845296,0.0171948179276626,0.0019663915102223
2020-07-16,cl1s,0.9998136111760456,0.0171745995597358,0.0017870182108296
2020-07-16,es1s,0.9998136111760456,0.0171745995597358,0.0017870182108296
2020-07-16,fesx1s,0.9998136111760456,0.0171745995597358,0.0017870182108296
2020-07-16,gc1s,0.9998136111760456,0.0171745995597358,0.0017870182108296
2020-07-16,hg1s,0.9998136111760456,0.0171745995597358,0.0017870182108296
2020-07-16,ho1s,0.9998136111760456,0.0171745995597358,0.0017870182108296
2020-07-16,ng1s,0.9998136111760456,0.0171745995597358,0.0017870182108296
2020-07-16,nq1s,0.9998136111760456,0.0171745995597358,0.0017870182108296
2020-07-16,pl1s,0.9998136111760456,0.0171745995597358,0.0017870182108296
2020-07-16,rb1s,0.9998136111760456,0.0171745995597358,0.0017870182108296
2020-07-16,si1s,0.9998136111760456,0.0171745995597358,0.0017870182108296
2020-07-17,cl1s,0.999829944279778,0.0171588900119086,0.001646020226619
2020-07-17,es1s,0.999829944279778,0.0171588900119086,0.001646020226619
2020-07-17,fesx1s,0.999829944279778,0.0171588900119086,0.001646020226619
2020-07-17,gc1s,0.999829944279778,0.0171588900119086,0.001646020226619
2020-07-17,hg1s,0.999829944279778,0.0171588900119086,0.001646020226619
2020-07-17,ho1s,0.999829944279778,0.0171588900119086,0.001646020226619
2020-07-17,ng1s,0.999829944279778,0.0171588900119086,0.001646020226619
2020-07-17,nq1s,0.999829944279778,0.0171588900119086,0.001646020226619
2020-07-17,pl1s,0.999829944279778,0.0171588900119086,0.001646020226619
2020-07-17,rb1s,0.999829944279778,0.0171588900119086,0.001646020226619
2020-07-17,si1s,0.999829944279778,0.0171588900119086,0.001646020226619
2020-07-20,cl1s,0.9999413795376352,0.0170517090656753,0.0006298415448516
2020-07-20,es1s,0.9999413795376352,0.0170517090656753,0.0006298415448516
2020-07-20,fesx1s,0.9999413795376352,0.0170517090656753,0.0006298415448516
2020-07-20,gc1s,0.9999413795376352,0.0170517090656753,0.0006298415448516
2020-07-20,hg1s,0.9999413795376352,0.0170517090656753,0.0006298415448516
2020-07-20,ho1s,0.9999413795376352,0.0170517090656753,0.0006298415448516
2020-07-20,ng1s,0.9999413795376352,0.0170517090656753,0.0006298415448516
2020-07-20,nq1s,0.9999413795376352,0.0170517090656753,0.0006298415448516
2020-07-20,pl1s,0.9999413795376352,0.0170517090656753,0.0006298415448516
2020-07-20,rb1s,0.9999413795376352,0.0170517090656753,0.0006298415448516
2020-07-20,si1s,0.9999413795376352,0.0170517090656753,0.0006298415448516
2020-07-21,cl1s,0.999971811276233,0.017022439132611,0.0003235099864493
2020-07-21,es1s,0.999971811276233,0.017022439132611,0.0003235099864493
2020-07-21,fesx1s,0.999971811276233,0.017022439132611,0.0003235099864493
2020-07-21,gc1s,0.999971811276233,0.017022439132611,0.0003235099864493
2020-07-21,hg1s,0.999971811276233,0.017022439132611,0.0003235099864493
2020-07-21,ho1s,0.999971811276233,0.017022439132611,0.0003235099864493
2020-07-21,ng1s,0.999971811276233,0.017022439132611,0.0003235099864493
2020-07-21,nq1s,0.999971811276233,0.017022439132611,0.0003235099864493
2020-07-21,pl1s,0.999971811276233,0.017022439132611,0.0003235099864493
2020-07-21,rb1s,0.999971811276233,0.017022439132611,0.0003235099864493
2020-07-21,si1s,0.999971811276233,0.017022439132611,0.0003235099864493
2020-07-22,cl1s,0.9999740741086528,0.0170202626893148,0.0002997099269879
2020-07-22,es1s,0.9999740741086528,0.0170202626893148,0.0002997099269879
2020-07-22,fesx1s,0.9999740741086528,0.0170202626893148,0.0002997099269879
2020-07-22,gc1s,0.9999740741086528,0.0170202626893148,0.0002997099269879
2020-07-22,hg1s,0.9999740741086528,0.0170202626893148,0.0002997099269879
2020-07-22,ho1s,0.9999740741086528,0.0170202626893148,0.0002997099269879
2020-07-22,ng1s,0.9999740741086528,0.0170202626893148,0.0002997099269879
2020-07-22,nq1s,0.9999740741086528,0.0170202626893148,0.0002997099269879
2020-07-22,pl1s,0.9999740741086528,0.0170202626893148,0.0002997099269879
2020-07-22,rb1s,0.9999740741086528,0.0170202626893148,0.0002997099269879
2020-07-22,si1s,0.9999740741086528,0.0170202626893148,0.0002997099269879
2020-07-23,cl1s,0.9999516019079634,0.0170418769591621,0.0005292827912287
2020-07-23,es1s,0.9999516019079634,0.0170418769591621,0.0005292827912287
2020-07-23,fesx1s,0.9999516019079634,0.0170418769591621,0.0005292827912287
2020-07-23,gc1s,0.9999516019079634,0.0170418769591621,0.0005292827912287
2020-07-23,hg1s,0.9999516019079634,0.0170418769591621,0.0005292827912287
2020-07-23,ho1s,0.9999516019079634,0.0170418769591621,0.0005292827912287
2020-07-23,ng1s,0.9999516019079634,0.0170418769591621,0.0005292827912287
2020-07-23,nq1s,0.9999516019079634,0.0170418769591621,0.0005292827912287
2020-07-23,pl1s,0.9999516019079634,0.0170418769591621,0.0005292827912287
2020-07-23,rb1s,0.9999516019079634,0.0170418769591621,0.0005292827912287
2020-07-23,si1s,0.9999516019079634,0.0170418769591621,0.0005292827912287
2020-07-24,cl1s,0.999947689863662,0.0170456396516708,0.0005679988520231
2020-07-24,es1s,0.999947689863662,0.0170456396516708,0.0005679988520231
2020-07-24,fesx1s,0.999947689863662,0.0170456396516708,0.0005679988520231
2020-07-24,gc1s,0.999947689863662,0.0170456396516708,0.0005679988520231
2020-07-24,hg1s,0.999947689863662,0.0170456396516708,0.0005679988520231
2020-07-24,ho1s,0.999947689863662,0.0170456396516708,0.0005679988520231
2020-07-24,ng1s,0.999947689863662,0.0170456396516708,0.0005679988520231
2020-07-24,nq1s,0.999947689863662,0.0170456396516708,0.0005679988520231
2020-07-24,pl1s,0.999947689863662,0.0170456396516708,0.0005679988520231
2020-07-24,rb1s,0.999947689863662,0.0170456396516708,0.0005679988520231
2020-07-24,si1s,0.999947689863662,0.0170456396516708,0.0005679988520231
2020-07-27,cl1s,0.9999277474136352,0.0170648207502313,0.0007612031288241
2020-07-27,es1s,0.9999277474136352,0.0170648207502313,0.0007612031288241
2020-07-27,fesx1s,0.9999277474136352,0.0170648207502313,0.0007612031288241
2020-07-27,gc1s,0.9999277474136352,0.0170648207502313,0.0007612031288241
2020-07-27,hg1s,0.9999277474136352,0.0170648207502313,0.0007612031288241
2020-07-27,ho1s,0.9999277474136352,0.0170648207502313,0.0007612031288241
2020-07-27,ng1s,0.9999277474136352,0.0170648207502313,0.0007612031288241
2020-07-27,nq1s,0.9999277474136352,0.0170648207502313,0.0007612031288241
2020-07-27,pl1s,0.9999277474136352,0.0170648207502313,0.0007612031288241
2020-07-27,rb1s,0.9999277474136352,0.0170648207502313,0.0007612031288241
2020-07-27,si1s,0.9999277474136352,0.0170648207502313,0.0007612031288241
2020-07-28,cl1s,0.9999308415418175,0.0170618447479073,0.000731632558239
2020-07-28,es1s,0.9999308415418175,0.0170618447479073,0.000731632558239
2020-07-28,fesx1s,0.9999308415418175,0.0170618447479073,0.000731632558239
2020-07-28,gc1s,0.9999308415418175,0.0170618447479073,0.000731632558239
2020-07-28,hg1s,0.9999308415418175,0.0170618447479073,0.000731632558239
2020-07-28,ho1s,0.9999308415418175,0.0170618447479073,0.000731632558239
2020-07-28,ng1s,0.9999308415418175,0.0170618447479073,0.000731632558239
2020-07-28,nq1s,0.9999308415418175,0.0170618447479073,0.000731632558239
2020-07-28,pl1s,0.9999308415418175,0.0170618447479073,0.000731632558239
2020-07-28,rb1s,0.9999308415418175,0.0170618447479073,0.000731632558239
2020-07-28,si1s,0.9999308415418175,0.0170618447479073,0.000731632558239
2020-07-29,cl1s,0.9999504404643156,0.0170429940618784,0.0005408090708577
2020-07-29,es1s,0.9999504404643156,0.0170429940618784,0.0005408090708577
2020-07-29,fesx1s,0.9999504404643156,0.0170429940618784,0.0005408090708577
2020-07-29,gc1s,0.9999504404643156,0.0170429940618784,0.0005408090708577
2020-07-29,hg1s,0.9999504404643156,0.0170429940618784,0.0005408090708577
2020-07-29,ho1s,0.9999504404643156,0.0170429940618784,0.0005408090708577
2020-07-29,ng1s,0.9999504404643156,0.0170429940618784,0.0005408090708577
2020-07-29,nq1s,0.9999504404643156,0.0170429940618784,0.0005408090708577
2020-07-29,pl1s,0.9999504404643156,0.0170429940618784,0.0005408090708577
2020-07-29,rb1s,0.9999504404643156,0.0170429940618784,0.0005408090708577
2020-07-29,si1s,0.9999504404643156,0.0170429940618784,0.0005408090708577
2020-07-30,cl1s,0.9999450768684268,0.017048152889467,0.0005936942542951
2020-07-30,es1s,0.9999450768684268,0.017048152889467,0.0005936942542951
2020-07-30,fesx1s,0.9999450768684268,0.017048152889467,0.0005936942542951
2020-07-30,gc1s,0.9999450768684268,0.017048152889467,0.0005936942542951
2020-07-30,hg1s,0.9999450768684268,0.017048152889467,0.0005936942542951
2020-07-30,ho1s,0.9999450768684268,0.017048152889467,0.0005936942542951
2020-07-30,ng1s,0.9999450768684268,0.017048152889467,0.0005936942542951
2020-07-30,nq1s,0.9999450768684268,0.017048152889467,0.0005936942542951
2020-07-30,pl1s,0.9999450768684268,0.017048152889467,0.0005936942542951
2020-07-30,rb1s,0.9999450768684268,0.017048152889467,0.0005936942542951
2020-07-30,si1s,0.9999450768684268,0.017048152889467,0.0005936942542951
2020-07-31,cl1s,0.9999555506148942,0.0170380790037092,0.0004898827719027
2020-07-31,es1s,0.9999555506148942,0.0170380790037092,0.0004898827719027
2020-07-31,fesx1s,0.9999555506148942,0.0170380790037092,0.0004898827719027
2020-07-31,gc1s,0.9999555506148942,0.0170380790037092,0.0004898827719027
2020-07-31,hg1s,0.9999555506148942,0.0170380790037092,0.0004898827719027
2020-07-31,ho1s,0.9999555506148942,0.0170380790037092,0.0004898827719027
2020-07-31,ng1s,0.9999555506148942,0.0170380790037092,0.0004898827719027
2020-07-31,nq1s,0.9999555506148942,0.0170380790037092,0.0004898827719027
2020-07-31,pl1s,0.9999555506148942,0.0170380790037092,0.0004898827719027
2020-07-31,rb1s,0.9999555506148942,0.0170380790037092,0.0004898827719027
2020-07-31,si1s,0.9999555506148942,0.0170380790037092,0.0004898827719027
2020-08-03,cl1s,0.9999788317482414,0.0170156866841733,0.0002490020919468
2020-08-03,es1s,0.9999788317482414,0.0170156866841733,0.0002490020919468
2020-08-03,fesx1s,0.9999788317482414,0.0170156866841733,0.0002490020919468
2020-08-03,gc1s,0.9999788317482414,0.0170156866841733,0.0002490020919468
2020-08-03,hg1s,0.9999788317482414,0.0170156866841733,0.0002490020919468
2020-08-03,ho1s,0.9999788317482414,0.0170156866841733,0.0002490020919468
2020-08-03,ng1s,0.9999788317482414,0.0170156866841733,0.0002490020919468
2020-08-03,nq1s,0.9999788317482414,0.0170156866841733,0.0002490020919468
2020-08-03,pl1s,0.9999788317482414,0.0170156866841733,0.0002490020919468
2020-08-03,rb1s,0.9999788317482414,0.0170156866841733,0.0002490020919468
2020-08-03,si1s,0.9999788317482414,0.0170156866841733,0.0002490020919468
2020-08-04,cl1s,0.9999615271127392,0.0170323306731855,0.0004295704675621
2020-08-04,es1s,0.9999615271127392,0.0170323306731855,0.0004295704675621
2020-08-04,fesx1s,0.9999615271127392,0.0170323306731855,0.0004295704675621
2020-08-04,gc1s,0.9999615271127392,0.0170323306731855,0.0004295704675621
2020-08-04,hg1s,0.9999615271127392,0.0170323306731855,0.0004295704675621
2020-08-04,ho1s,0.9999615271127392,0.0170323306731855,0.0004295704675621
2020-08-04,ng1s,0.9999615271127392,0.0170323306731855,0.0004295704675621
2020-08-04,nq1s,0.9999615271127392,0.0170323306731855,0.0004295704675621
2020-08-04,pl1s,0.9999615271127392,0.0170323306731855,0.0004295704675621
2020-08-04,rb1s,0.9999615271127392,0.0170323306731855,0.0004295704675621
2020-08-04,si1s,0.9999615271127392,0.0170323306731855,0.0004295704675621
2020-08-05,cl1s,0.9999701775210572,0.0170240105152153,0.0003405796644421
2020-08-05,es1s,0.9999701775210572,0.0170240105152153,0.0003405796644421
2020-08-05,fesx1s,0.9999701775210572,0.0170240105152153,0.0003405796644421
2020-08-05,gc1s,0.9999701775210572,0.0170240105152153,0.0003405796644421
2020-08-05,hg1s,0.9999701775210572,0.0170240105152153,0.0003405796644421
2020-08-05,ho1s,0.9999701775210572,0.0170240105152153,0.0003405796644421
2020-08-05,ng1s,0.9999701775210572,0.0170240105152153,0.0003405796644421
2020-08-05,nq1s,0.9999701775210572,0.0170240105152153,0.0003405796644421
2020-08-05,pl1s,0.9999701775210572,0.0170240105152153,0.0003405796644421
2020-08-05,rb1s,0.9999701775210572,0.0170240105152153,0.0003405796644421
2020-08-05,si1s,0.9999701775210572,0.0170240105152153,0.0003405796644421
2020-08-06,cl1s,0.9999639357087826,0.0170300140311462,0.0004050088178031
2020-08-06,es1s,0.9999639357087826,0.0170300140311462,0.0004050088178031
2020-08-06,fesx1s,0.9999639357087826,0.0170300140311462,0.0004050088178031
2020-08-06,gc1s,0.9999639357087826,0.0170300140311462,0.0004050088178031
2020-08-06,hg1s,0.9999639357087826,0.0170300140311462,0.0004050088178031
2020-08-06,ho1s,0.9999639357087826,0.0170300140311462,0.0004050088178031
2020-08-06,ng1s,0.9999639357087826,0.0170300140311462,0.0004050088178031
2020-08-06,nq1s,0.9999639357087826,0.0170300140311462,0.0004050088178031
2020-08-06,pl1s,0.9999639357087826,0.0170300140311462,0.0004050088178031
2020-08-06,rb1s,0.9999639357087826,0.0170300140311462,0.0004050088178031
2020-08-06,si1s,0.9999639357087826,0.0170300140311462,0.0004050088178031
2020-08-07,cl1s,0.9999590058921412,0.0170347556400635,0.0004551191153993
2020-08-07,es1s,0.9999590058921412,0.0170347556400635,0.0004551191153993
2020-08-07,fesx1s,0.9999590058921412,0.0170347556400635,0.0004551191153993
2020-08-07,gc1s,0.9999590058921412,0.0170347556400635,0.0004551191153993
2020-08-07,hg1s,0.9999590058921412,0.0170347556400635,0.0004551191153993
2020-08-07,ho1s,0.9999590058921412,0.0170347556400635,0.0004551191153993
2020-08-07,ng1s,0.9999590058921412,0.0170347556400635,0.0004551191153993
2020-08-07,nq1s,0.9999590058921412,0.0170347556400635,0.0004551191153993
2020-08-07,pl1s,0.9999590058921412,0.0170347556400635,0.0004551191153993
2020-08-07,rb1s,0.9999590058921412,0.0170347556400635,0.0004551191153993
2020-08-07,si1s,0.9999590058921412,0.0170347556400635,0.0004551191153993
2020-08-10,cl1s,0.9999462618365166,0.0170470131604119,0.0005820574083953
2020-08-10,es1s,0.9999462618365166,0.0170470131604119,0.0005820574083953
2020-08-10,fesx1s,0.9999462618365166,0.0170470131604119,0.0005820574083953
2020-08-10,gc1s,0.9999462618365166,0.0170470131604119,0.0005820574083953
2020-08-10,hg1s,0.9999462618365166,0.0170470131604119,0.0005820574083953
2020-08-10,ho1s,0.9999462618365166,0.0170470131604119,0.0005820574083953
2020-08-10,ng1s,0.9999462618365166,0.0170470131604119,0.0005820574083953
2020-08-10,nq1s,0.9999462618365166,0.0170470131604119,0.0005820574083953
2020-08-10,pl1s,0.9999462618365166,0.0170470131604119,0.0005820574083953
2020-08-10,rb1s,0.9999462618365166,0.0170470131604119,0.0005820574083953
2020-08-10,si1s,0.9999462618365166,0.0170470131604119,0.0005820574083953
2020-08-11,cl1s,0.9999589064032413,0.0170348513307329,0.0004561240357332
2020-08-11,es1s,0.9999589064032413,0.0170348513307329,0.0004561240357332
2020-08-11,fesx1s,0.9999589064032413,0.0170348513307329,0.0004561240357332
2020-08-11,gc1s,0.9999589064032413,0.0170348513307329,0.0004561240357332
2020-08-11,hg1s,0.9999589064032413,0.0170348513307329,0.0004561240357332
2020-08-11,ho1s,0.9999589064032413,0.0170348513307329,0.0004561240357332
2020-08-11,ng1s,0.9999589064032413,0.0170348513307329,0.0004561240357332
2020-08-11,nq1s,0.9999589064032413,0.0170348513307329,0.0004561240357332
2020-08-11,pl1s,0.9999589064032413,0.0170348513307329,0.0004561240357332
2020-08-11,rb1s,0.9999589064032413,0.0170348513307329,0.0004561240357332
2020-08-11,si1s,0.9999589064032413,0.0170348513307329,0.0004561240357332
2020-08-12,cl1s,0.9999439994882542,0.0170491891380347,0.000604252338579
2020-08-12,es1s,0.9999439994882542,0.0170491891380347,0.000604252338579
2020-08-12,fesx1s,0.9999439994882542,0.0170491891380347,0.000604252338579
2020-08-12,gc1s,0.9999439994882542,0.0170491891380347,0.000604252338579
2020-08-12,hg1s,0.9999439994882542,0.0170491891380347,0.000604252338579
2020-08-12,ho1s,0.9999439994882542,0.0170491891380347,0.000604252338579
2020-08-12,ng1s,0.9999439994882542,0.0170491891380347,0.000604252338579
2020-08-12,nq1s,0.9999439994882542,0.0170491891380347,0.000604252338579
2020-08-12,pl1s,0.9999439994882542,0.0170491891380347,0.000604252338579
2020-08-12,rb1s,0.9999439994882542,0.0170491891380347,0.000604252338579
2020-08-12,si1s,0.9999439994882542,0.0170491891380347,0.000604252338579
2020-08-13,cl1s,0.9999155980388256,0.0170765062931495,0.0008760820361344
2020-08-13,es1s,0.9999155980388256,0.0170765062931495,0.0008760820361344
2020-08-13,fesx1s,0.9999155980388256,0.0170765062931495,0.0008760820361344
2020-08-13,gc1s,0.9999155980388256,0.0170765062931495,0.0008760820361344
2020-08-13,hg1s,0.9999155980388256,0.0170765062931495,0.0008760820361344
2020-08-13,ho1s,0.9999155980388256,0.0170765062931495,0.0008760820361344
2020-08-13,ng1s,0.9999155980388256,0.0170765062931495,0.0008760820361344
2020-08-13,nq1s,0.9999155980388256,0.0170765062931495,0.0008760820361344
2020-08-13,pl1s,0.9999155980388256,0.0170765062931495,0.0008760820361344
2020-08-13,rb1s,0.9999155980388256,0.0170765062931495,0.0008760820361344
2020-08-13,si1s,0.9999155980388256,0.0170765062931495,0.0008760820361344
2020-08-14,cl1s,0.9998138684069184,0.017174352149276,0.0017848090658684
2020-08-14,es1s,0.9998138684069184,0.017174352149276,0.0017848090658684
2020-08-14,fesx1s,0.9998138684069184,0.017174352149276,0.0017848090658684
2020-08-14,gc1s,0.9998138684069184,0.017174352149276,0.0017848090658684
2020-08-14,hg1s,0.9998138684069184,0.017174352149276,0.0017848090658684
2020-08-14,ho1s,0.9998138684069184,0.017174352149276,0.0017848090658684
2020-08-14,ng1s,0.9998138684069184,0.017174352149276,0.0017848090658684
2020-08-14,nq1s,0.9998138684069184,0.017174352149276,0.0017848090658684
2020-08-14,pl1s,0.9998138684069184,0.017174352149276,0.0017848090658684
2020-08-14,rb1s,0.9998138684069184,0.017174352149276,0.0017848090658684
2020-08-14,si1s,0.9998138684069184,0.017174352149276,0.0017848090658684
2020-08-17,cl1s,0.999705153083791,0.017278917000894,0.0026916300261422
2020-08-17,es1s,0.999705153083791,0.017278917000894,0.0026916300261422
2020-08-17,fesx1s,0.999705153083791,0.017278917000894,0.0026916300261422
2020-08-17,gc1s,0.999705153083791,0.017278917000894,0.0026916300261422
2020-08-17,hg1s,0.999705153083791,0.017278917000894,0.0026916300261422
2020-08-17,ho1s,0.999705153083791,0.017278917000894,0.0026916300261422
2020-08-17,ng1s,0.999705153083791,0.017278917000894,0.0026916300261422
2020-08-17,nq1s,0.999705153083791,0.017278917000894,0.0026916300261422
2020-08-17,pl1s,0.999705153083791,0.017278917000894,0.0026916300261422
2020-08-17,rb1s,0.999705153083791,0.017278917000894,0.0026916300261422
2020-08-17,si1s,0.999705153083791,0.017278917000894,0.0026916300261422
2020-08-18,cl1s,0.9996490877007952,0.0173328419517216,0.0031423490178762
2020-08-18,es1s,0.9996490877007952,0.0173328419517216,0.0031423490178762
2020-08-18,fesx1s,0.9996490877007952,0.0173328419517216,0.0031423490178762
2020-08-18,gc1s,0.9996490877007952,0.0173328419517216,0.0031423490178762
2020-08-18,hg1s,0.9996490877007952,0.0173328419517216,0.0031423490178762
2020-08-18,ho1s,0.9996490877007952,0.0173328419517216,0.0031423490178762
2020-08-18,ng1s,0.9996490877007952,0.0173328419517216,0.0031423490178762
2020-08-18,nq1s,0.9996490877007952,0.0173328419517216,0.0031423490178762
2020-08-18,pl1s,0.9996490877007952,0.0173328419517216,0.0031423490178762
2020-08-18,rb1s,0.9996490877007952,0.0173328419517216,0.0031423490178762
2020-08-18,si1s,0.9996490877007952,0.0173328419517216,0.0031423490178762
2020-08-19,cl1s,0.999716024404145,0.0172684607195991,0.0026030566915519
2020-08-19,es1s,0.999716024404145,0.0172684607195991,0.0026030566915519
2020-08-19,fesx1s,0.999716024404145,0.0172684607195991,0.0026030566915519
2020-08-19,gc1s,0.999716024404145,0.0172684607195991,0.0026030566915519
2020-08-19,hg1s,0.999716024404145,0.0172684607195991,0.0026030566915519
2020-08-19,ho1s,0.999716024404145,0.0172684607195991,0.0026030566915519
2020-08-19,ng1s,0.999716024404145,0.0172684607195991,0.0026030566915519
2020-08-19,nq1s,0.999716024404145,0.0172684607195991,0.0026030566915519
2020-08-19,pl1s,0.999716024404145,0.0172684607195991,0.0026030566915519
2020-08-19,rb1s,0.999716024404145,0.0172684607195991,0.0026030566915519
2020-08-19,si1s,0.999716024404145,0.0172684607195991,0.0026030566915519
2020-08-20,cl1s,0.9996039066054596,0.0173762981490064,0.0034989553487626
2020-08-20,es1s,0.9996039066054596,0.0173762981490064,0.0034989553487626
2020-08-20,fesx1s,0.9996039066054596,0.0173762981490064,0.0034989553487626
2020-08-20,gc1s,0.9996039066054596,0.0173762981490064,0.0034989553487626
2020-08-20,hg1s,0.9996039066054596,0.0173762981490064,0.0034989553487626
2020-08-20,ho1s,0.9996039066054596,0.0173762981490064,0.0034989553487626
2020-08-20,ng1s,0.9996039066054596,0.0173762981490064,0.0034989553487626
2020-08-20,nq1s,0.9996039066054596,0.0173762981490064,0.0034989553487626
2020-08-20,pl1s,0.9996039066054596,0.0173762981490064,0.0034989553487626
2020-08-20,rb1s,0.9996039066054596,0.0173762981490064,0.0034989553487626
2020-08-20,si1s,0.9996039066054596,0.0173762981490064,0.0034989553487626
2020-08-21,cl1s,0.999610131538486,0.0173703108679181,0.0034501433651456
2020-08-21,es1s,0.999610131538486,0.0173703108679181,0.0034501433651456
2020-08-21,fesx1s,0.999610131538486,0.0173703108679181,0.0034501433651456
2020-08-21,gc1s,0.999610131538486,0.0173703108679181,0.0034501433651456
2020-08-21,hg1s,0.999610131538486,0.0173703108679181,0.0034501433651456
2020-08-21,ho1s,0.999610131538486,0.0173703108679181,0.0034501433651456
2020-08-21,ng1s,0.999610131538486,0.0173703108679181,0.0034501433651456
2020-08-21,nq1s,0.999610131538486,0.0173703108679181,0.0034501433651456
2020-08-21,pl1s,0.999610131538486,0.0173703108679181,0.0034501433651456
2020-08-21,rb1s,0.999610131538486,0.0173703108679181,0.0034501433651456
2020-08-21,si1s,0.999610131538486,0.0173703108679181,0.0034501433651456
2020-08-24,cl1s,0.9997666920275454,0.0172197274557844,0.0021844706054653
2020-08-24,es1s,0.9997666920275454,0.0172197274557844,0.0021844706054653
2020-08-24,fesx1s,0.9997666920275454,0.0172197274557844,0.0021844706054653
2020-08-24,gc1s,0.9997666920275454,0.0172197274557844,0.0021844706054653
2020-08-24,hg1s,0.9997666920275454,0.0172197274557844,0.0021844706054653
2020-08-24,ho1s,0.9997666920275454,0.0172197274557844,0.0021844706054653
2020-08-24,ng1s,0.9997666920275454,0.0172197274557844,0.0021844706054653
2020-08-24,nq1s,0.9997666920275454,0.0172197274557844,0.0021844706054653
2020-08-24,pl1s,0.9997666920275454,0.0172197274557844,0.0021844706054653
2020-08-24,rb1s,0.9997666920275454,0.0172197274557844,0.0021844706054653
2020-08-24,si1s,0.9997666920275454,0.0172197274557844,0.0021844706054653
2020-08-25,cl1s,0.999887399743777,0.0171036280497959,0.0011363179014842
2020-08-25,es1s,0.999887399743777,0.0171036280497959,0.0011363179014842
2020-08-25,fesx1s,0.999887399743777,0.0171036280497959,0.0011363179014842
2020-08-25,gc1s,0.999887399743777,0.0171036280497959,0.0011363179014842
2020-08-25,hg1s,0.999887399743777,0.0171036280497959,0.0011363179014842
2020-08-25,ho1s,0.999887399743777,0.0171036280497959,0.0011363179014842
2020-08-25,ng1s,0.999887399743777,0.0171036280497959,0.0011363179014842
2020-08-25,nq1s,0.999887399743777,0.0171036280497959,0.0011363179014842
2020-08-25,pl1s,0.999887399743777,0.0171036280497959,0.0011363179014842
2020-08-25,rb1s,0.999887399743777,0.0171036280497959,0.0011363179014842
2020-08-25,si1s,0.999887399743777,0.0171036280497959,0.0011363179014842
2020-08-26,cl1s,0.9998574152262664,0.0171324678355238,0.0014052445991206
2020-08-26,es1s,0.9998574152262664,0.0171324678355238,0.0014052445991206
2020-08-26,fesx1s,0.9998574152262664,0.0171324678355238,0.0014052445991206
2020-08-26,gc1s,0.9998574152262664,0.0171324678355238,0.0014052445991206
2020-08-26,hg1s,0.9998574152262664,0.0171324678355238,0.0014052445991206
2020-08-26,ho1s,0.9998574152262664,0.0171324678355238,0.0014052445991206
2020-08-26,ng1s,0.9998574152262664,0.0171324678355238,0.0014052445991206
2020-08-26,nq1s,0.9998574152262664,0.0171324678355238,0.0014052445991206
2020-08-26,pl1s,0.9998574152262664,0.0171324678355238,0.0014052445991206
2020-08-26,rb1s,0.9998574152262664,0.0171324678355238,0.0014052445991206
2020-08-26,si1s,0.9998574152262664,0.0171324678355238,0.0014052445991206
2020-08-27,cl1s,0.99985022962265,0.0171393791112697,0.0014686980988001
2020-08-27,es1s,0.99985022962265,0.0171393791112697,0.0014686980988001
2020-08-27,fesx1s,0.99985022962265,0.0171393791112697,0.0014686980988001
2020-08-27,gc1s,0.99985022962265,0.0171393791112697,0.0014686980988001
2020-08-27,hg1s,0.99985022962265,0.0171393791112697,0.0014686980988001
2020-08-27,ho1s,0.99985022962265,0.0171393791112697,0.0014686980988001
2020-08-27,ng1s,0.99985022962265,0.0171393791112697,0.0014686980988001
2020-08-27,nq1s,0.99985022962265,0.0171393791112697,0.0014686980988001
2020-08-27,pl1s,0.99985022962265,0.0171393791112697,0.0014686980988001
2020-08-27,rb1s,0.99985022962265,0.0171393791112697,0.0014686980988001
2020-08-27,si1s,0.99985022962265,0.0171393791112697,0.0014686980988001
2020-08-28,cl1s,0.9998532520217108,0.0171364720996337,0.0014420513663415
2020-08-28,es1s,0.9998532520217108,0.0171364720996337,0.0014420513663415
2020-08-28,fesx1s,0.9998532520217108,0.0171364720996337,0.0014420513663415
2020-08-28,gc1s,0.9998532520217108,0.0171364720996337,0.0014420513663415
2020-08-28,hg1s,0.9998532520217108,0.0171364720996337,0.0014420513663415
2020-08-28,ho1s,0.9998532520217108,0.0171364720996337,0.0014420513663415
2020-08-28,ng1s,0.9998532520217108,0.0171364720996337,0.0014420513663415
2020-08-28,nq1s,0.9998532520217108,0.0171364720996337,0.0014420513663415
2020-08-28,pl1s,0.9998532520217108,0.0171364720996337,0.0014420513663415
2020-08-28,rb1s,0.9998532520217108,0.0171364720996337,0.0014420513663415
2020-08-28,si1s,0.9998532520217108,0.0171364720996337,0.0014420513663415
2020-08-31,cl1s,0.9996930930203526,0.017290516642119,0.0027894199576578
2020-08-31,es1s,0.9996930930203526,0.017290516642119,0.0027894199576578
2020-08-31,fesx1s,0.9996930930203526,0.017290516642119,0.0027894199576578
2020-08-31,gc1s,0.9996930930203526,0.017290516642119,0.0027894199576578
2020-08-31,hg1s,0.9996930930203526,0.017290516642119,0.0027894199576578
2020-08-31,ho1s,0.9996930930203526,0.017290516642119,0.0027894199576578
2020-08-31,ng1s,0.9996930930203526,0.017290516642119,0.0027894199576578
2020-08-31,nq1s,0.9996930930203526,0.017290516642119,0.0027894199576578
2020-08-31,pl1s,0.9996930930203526,0.017290516642119,0.0027894199576578
2020-08-31,rb1s,0.9996930930203526,0.017290516642119,0.0027894199576578
2020-08-31,si1s,0.9996930930203526,0.017290516642119,0.0027894199576578
2020-09-01,cl1s,0.9997339506511396,0.0172512188506227,0.0024560866319576
2020-09-01,es1s,0.9997339506511396,0.0172512188506227,0.0024560866319576
2020-09-01,fesx1s,0.9997339506511396,0.0172512188506227,0.0024560866319576
2020-09-01,gc1s,0.9997339506511396,0.0172512188506227,0.0024560866319576
2020-09-01,hg1s,0.9997339506511396,0.0172512188506227,0.0024560866319576
2020-09-01,ho1s,0.9997339506511396,0.0172512188506227,0.0024560866319576
2020-09-01,ng1s,0.9997339506511396,0.0172512188506227,0.0024560866319576
2020-09-01,nq1s,0.9997339506511396,0.0172512188506227,0.0024560866319576
2020-09-01,pl1s,0.9997339506511396,0.0172512188506227,0.0024560866319576
2020-09-01,rb1s,0.9997339506511396,0.0172512188506227,0.0024560866319576
2020-09-01,si1s,0.9997339506511396,0.0172512188506227,0.0024560866319576
2020-09-02,cl1s,0.9997603759694528,0.0172258023830185,0.0022372065284107
2020-09-02,es1s,0.9997603759694528,0.0172258023830185,0.0022372065284107
2020-09-02,fesx1s,0.9997603759694528,0.0172258023830185,0.0022372065284107
2020-09-02,gc1s,0.9997603759694528,0.0172258023830185,0.0022372065284107
2020-09-02,hg1s,0.9997603759694528,0.0172258023830185,0.0022372065284107
2020-09-02,ho1s,0.9997603759694528,0.0172258023830185,0.0022372065284107
2020-09-02,ng1s,0.9997603759694528,0.0172258023830185,0.0022372065284107
2020-09-02,nq1s,0.9997603759694528,0.0172258023830185,0.0022372065284107
2020-09-02,pl1s,0.9997603759694528,0.0172258023830185,0.0022372065284107
2020-09-02,rb1s,0.9997603759694528,0.0172258023830185,0.0022372065284107
2020-09-02,si1s,0.9997603759694528,0.0172258023830185,0.0022372065284107
2020-09-03,cl1s,0.9965658136183648,0.0202984045573617,0.0229137713096012
2020-09-03,es1s,0.9965658136183648,0.0202984045573617,0.0229137713096012
2020-09-03,fesx1s,0.9965658136183648,0.0202984045573617,0.0229137713096012
2020-09-03,gc1s,0.9965658136183648,0.0202984045573617,0.0229137713096012
2020-09-03,hg1s,0.9965658136183648,0.0202984045573617,0.0229137713096012
2020-09-03,ho1s,0.9965658136183648,0.0202984045573617,0.0229137713096012
2020-09-03,ng1s,0.9965658136183648,0.0202984045573617,0.0229137713096012
2020-09-03,nq1s,0.9965658136183648,0.0202984045573617,0.0229137713096012
2020-09-03,pl1s,0.9965658136183648,0.0202984045573617,0.0229137713096012
2020-09-03,rb1s,0.9965658136183648,0.0202984045573617,0.0229137713096012
2020-09-03,si1s,0.9965658136183648,0.0202984045573617,0.0229137713096012
2020-09-04,cl1s,0.9969393017527672,0.0199391752396225,0.0207747350991503
2020-09-04,es1s,0.9969393017527672,0.0199391752396225,0.0207747350991503
2020-09-04,fesx1s,0.9969393017527672,0.0199391752396225,0.0207747350991503
2020-09-04,gc1s,0.9969393017527672,0.0199391752396225,0.0207747350991503
2020-09-04,hg1s,0.9969393017527672,0.0199391752396225,0.0207747350991503
2020-09-04,ho1s,0.9969393017527672,0.0199391752396225,0.0207747350991503
2020-09-04,ng1s,0.9969393017527672,0.0199391752396225,0.0207747350991503
2020-09-04,nq1s,0.9969393017527672,0.0199391752396225,0.0207747350991503
2020-09-04,pl1s,0.9969393017527672,0.0199391752396225,0.0207747350991503
2020-09-04,rb1s,0.9969393017527672,0.0199391752396225,0.0207747350991503
2020-09-04,si1s,0.9969393017527672,0.0199391752396225,0.0207747350991503
2020-09-07,cl1s,0.9964457430568058,0.0204138911336046,0.0235925534266657
2020-09-07,es1s,0.9964457430568058,0.0204138911336046,0.0235925534266657
2020-09-07,fesx1s,0.9964457430568058,0.0204138911336046,0.0235925534266657
2020-09-07,gc1s,0.9964457430568058,0.0204138911336046,0.0235925534266657
2020-09-07,hg1s,0.9964457430568058,0.0204138911336046,0.0235925534266657
2020-09-07,ho1s,0.9964457430568058,0.0204138911336046,0.0235925534266657
2020-09-07,ng1s,0.9964457430568058,0.0204138911336046,0.0235925534266657
2020-09-07,nq1s,0.9964457430568058,0.0204138911336046,0.0235925534266657
2020-09-07,pl1s,0.9964457430568058,0.0204138911336046,0.0235925534266657
2020-09-07,rb1s,0.9964457430568058,0.0204138911336046,0.0235925534266657
2020-09-07,si1s,0.9964457430568058,0.0204138911336046,0.0235925534266657
2020-09-08,cl1s,0.9872511555085292,0.0292574529702993,0.0682817013669232
2020-09-08,es1s,0.9872511555085292,0.0292574529702993,0.0682817013669232
2020-09-08,fesx1s,0.9872511555085292,0.0292574529702993,0.0682817013669232
2020-09-08,gc1s,0.9872511555085292,0.0292574529702993,0.0682817013669232
2020-09-08,hg1s,0.9872511555085292,0.0292574529702993,0.0682817013669232
2020-09-08,ho1s,0.9872511555085292,0.0292574529702993,0.0682817013669232
2020-09-08,ng1s,0.9872511555085292,0.0292574529702993,0.0682817013669232
2020-09-08,nq1s,0.9872511555085292,0.0292574529702993,0.0682817013669232
2020-09-08,pl1s,0.9872511555085292,0.0292574529702993,0.0682817013669232
2020-09-08,rb1s,0.9872511555085292,0.0292574529702993,0.0682817013669232
2020-09-08,si1s,0.9872511555085292,0.0292574529702993,0.0682817013669232
2020-09-09,cl1s,0.9944093812089844,0.022372509921945,0.0345716305769878
2020-09-09,es1s,0.9944093812089844,0.022372509921945,0.0345716305769878
2020-09-09,fesx1s,0.9944093812089844,0.022372509921945,0.0345716305769878
2020-09-09,gc1s,0.9944093812089844,0.022372509921945,0.0345716305769878
2020-09-09,hg1s,0.9944093812089844,0.022372509921945,0.0345716305769878
2020-09-09,ho1s,0.9944093812089844,0.022372509921945,0.0345716305769878
2020-09-09,ng1s,0.9944093812089844,0.022372509921945,0.0345716305769878
2020-09-09,nq1s,0.9944093812089844,0.022372509921945,0.0345716305769878
2020-09-09,pl1s,0.9944093812089844,0.022372509921945,0.0345716305769878
2020-09-09,rb1s,0.9944093812089844,0.022372509921945,0.0345716305769878
2020-09-09,si1s,0.9944093812089844,0.022372509921945,0.0345716305769878
2020-09-10,cl1s,0.9940349247230728,0.0227326706220225,0.0364993717367217
2020-09-10,es1s,0.9940349247230728,0.0227326706220225,0.0364993717367217
2020-09-10,fesx1s,0.9940349247230728,0.0227326706220225,0.0364993717367217
2020-09-10,gc1s,0.9940349247230728,0.0227326706220225,0.0364993717367217
2020-09-10,hg1s,0.9940349247230728,0.0227326706220225,0.0364993717367217
2020-09-10,ho1s,0.9940349247230728,0.0227326706220225,0.0364993717367217
2020-09-10,ng1s,0.9940349247230728,0.0227326706220225,0.0364993717367217
2020-09-10,nq1s,0.9940349247230728,0.0227326706220225,0.0364993717367217
2020-09-10,pl1s,0.9940349247230728,0.0227326706220225,0.0364993717367217
2020-09-10,rb1s,0.9940349247230728,0.0227326706220225,0.0364993717367217
2020-09-10,si1s,0.9940349247230728,0.0227326706220225,0.0364993717367217
2020-09-11,cl1s,0.9959870168464852,0.0208551043566863,0.0261494457892186
2020-09-11,es1s,0.9959870168464852,0.0208551043566863,0.0261494457892186
2020-09-11,fesx1s,0.9959870168464852,0.0208551043566863,0.0261494457892186
2020-09-11,gc1s,0.9959870168464852,0.0208551043566863,0.0261494457892186
2020-09-11,hg1s,0.9959870168464852,0.0208551043566863,0.0261494457892186
2020-09-11,ho1s,0.9959870168464852,0.0208551043566863,0.0261494457892186
2020-09-11,ng1s,0.9959870168464852,0.0208551043566863,0.0261494457892186
2020-09-11,nq1s,0.9959870168464852,0.0208551043566863,0.0261494457892186
2020-09-11,pl1s,0.9959870168464852,0.0208551043566863,0.0261494457892186
2020-09-11,rb1s,0.9959870168464852,0.0208551043566863,0.0261494457892186
2020-09-11,si1s,0.9959870168464852,0.0208551043566863,0.0261494457892186
2020-09-14,cl1s,0.997245377917396,0.0196447842759801,0.0189878756806234
2020-09-14,es1s,0.997245377917396,0.0196447842759801,0.0189878756806234
2020-09-14,fesx1s,0.997245377917396,0.0196447842759801,0.0189878756806234
2020-09-14,gc1s,0.997245377917396,0.0196447842759801,0.0189878756806234
2020-09-14,hg1s,0.997245377917396,0.0196447842759801,0.0189878756806234
2020-09-14,ho1s,0.997245377917396,0.0196447842759801,0.0189878756806234
2020-09-14,ng1s,0.997245377917396,0.0196447842759801,0.0189878756806234
2020-09-14,nq1s,0.997245377917396,0.0196447842759801,0.0189878756806234
2020-09-14,pl1s,0.997245377917396,0.0196447842759801,0.0189878756806234
2020-09-14,rb1s,0.997245377917396,0.0196447842759801,0.0189878756806234
2020-09-14,si1s,0.997245377917396,0.0196447842759801,0.0189878756806234
2020-09-15,cl1s,0.997915493283982,0.019000252191098,0.0149504575045109
2020-09-15,es1s,0.997915493283982,0.019000252191098,0.0149504575045109
2020-09-15,fesx1s,0.997915493283982,0.019000252191098,0.0149504575045109
2020-09-15,gc1s,0.997915493283982,0.019000252191098,0.0149504575045109
2020-09-15,hg1s,0.997915493283982,0.019000252191098,0.0149504575045109
2020-09-15,ho1s,0.997915493283982,0.019000252191098,0.0149504575045109
2020-09-15,ng1s,0.997915493283982,0.019000252191098,0.0149504575045109
2020-09-15,nq1s,0.997915493283982,0.019000252191098,0.0149504575045109
2020-09-15,pl1s,0.997915493283982,0.019000252191098,0.0149504575045109
2020-09-15,rb1s,0.997915493283982,0.019000252191098,0.0149504575045109
2020-09-15,si1s,0.997915493283982,0.019000252191098,0.0149504575045109
2020-09-16,cl1s,0.9983416272708302,0.0185903869041973,0.0122737638253303
2020-09-16,es1s,0.9983416272708302,0.0185903869041973,0.0122737638253303
2020-09-16,fesx1s,0.9983416272708302,0.0185903869041973,0.0122737638253303
2020-09-16,gc1s,0.9983416272708302,0.0185903869041973,0.0122737638253303
2020-09-16,hg1s,0.9983416272708302,0.0185903869041973,0.0122737638253303
2020-09-16,ho1s,0.9983416272708302,0.0185903869041973,0.0122737638253303
2020-09-16,ng1s,0.9983416272708302,0.0185903869041973,0.0122737638253303
2020-09-16,nq1s,0.9983416272708302,0.0185903869041973,0.0122737638253303
2020-09-16,pl1s,0.9983416272708302,0.0185903869041973,0.0122737638253303
2020-09-16,rb1s,0.9983416272708302,0.0185903869041973,0.0122737638253303
2020-09-16,si1s,0.9983416272708302,0.0185903869041973,0.0122737638253303
2020-09-17,cl1s,0.997361671813458,0.0195329301818561,0.0183002080961159
2020-09-17,es1s,0.997361671813458,0.0195329301818561,0.0183002080961159
2020-09-17,fesx1s,0.997361671813458,0.0195329301818561,0.0183002080961159
2020-09-17,gc1s,0.997361671813458,0.0195329301818561,0.0183002080961159
2020-09-17,hg1s,0.997361671813458,0.0195329301818561,0.0183002080961159
2020-09-17,ho1s,0.997361671813458,0.0195329301818561,0.0183002080961159
2020-09-17,ng1s,0.997361671813458,0.0195329301818561,0.0183002080961159
2020-09-17,nq1s,0.997361671813458,0.0195329301818561,0.0183002080961159
2020-09-17,pl1s,0.997361671813458,0.0195329301818561,0.0183002080961159
2020-09-17,rb1s,0.997361671813458,0.0195329301818561,0.0183002080961159
2020-09-17,si1s,0.997361671813458,0.0195329301818561,0.0183002080961159
2020-09-18,cl1s,0.9968125853641262,0.0200610539223573,0.0215053263693986
2020-09-18,es1s,0.9968125853641262,0.0200610539223573,0.0215053263693986
2020-09-18,fesx1s,0.9968125853641262,0.0200610539223573,0.0215053263693986
2020-09-18,gc1s,0.9968125853641262,0.0200610539223573,0.0215053263693986
2020-09-18,hg1s,0.9968125853641262,0.0200610539223573,0.0215053263693986
2020-09-18,ho1s,0.9968125853641262,0.0200610539223573,0.0215053263693986
2020-09-18,ng1s,0.9968125853641262,0.0200610539223573,0.0215053263693986
2020-09-18,nq1s,0.9968125853641262,0.0200610539223573,0.0215053263693986
2020-09-18,pl1s,0.9968125853641262,0.0200610539223573,0.0215053263693986
2020-09-18,rb1s,0.9968125853641262,0.0200610539223573,0.0215053263693986
2020-09-18,si1s,0.9968125853641262,0.0200610539223573,0.0215053263693986
2020-09-21,cl1s,0.9360146979358746,0.0785378343313851,0.2377952432321509
2020-09-21,es1s,0.9360146979358746,0.0785378343313851,0.2377952432321509
2020-09-21,fesx1s,0.9360146979358746,0.0785378343313851,0.2377952432321509
2020-09-21,gc1s,0.9360146979358746,0.0785378343313851,0.2377952432321509
2020-09-21,hg1s,0.9360146979358746,0.0785378343313851,0.2377952432321509
2020-09-21,ho1s,0.9360146979358746,0.0785378343313851,0.2377952432321509
2020-09-21,ng1s,0.9360146979358746,0.0785378343313851,0.2377952432321509
2020-09-21,nq1s,0.9360146979358746,0.0785378343313851,0.2377952432321509
2020-09-21,pl1s,0.9360146979358746,0.0785378343313851,0.2377952432321509
2020-09-21,rb1s,0.9360146979358746,0.0785378343313851,0.2377952432321509
2020-09-21,si1s,0.9360146979358746,0.0785378343313851,0.2377952432321509
2020-09-22,cl1s,0.7486814002751576,0.2587192283565084,0.5637791433508373
2020-09-22,es1s,0.7486814002751576,0.2587192283565084,0.5637791433508373
2020-09-22,fesx1s,0.7486814002751576,0.2587192283565084,0.5637791433508373
2020-09-22,gc1s,0.7486814002751576,0.2587192283565084,0.5637791433508373
2020-09-22,hg1s,0.7486814002751576,0.2587192283565084,0.5637791433508373
2020-09-22,ho1s,0.7486814002751576,0.2587192283565084,0.5637791433508373
2020-09-22,ng1s,0.7486814002751576,0.2587192283565084,0.5637791433508373
2020-09-22,nq1s,0.7486814002751576,0.2587192283565084,0.5637791433508373
2020-09-22,pl1s,0.7486814002751576,0.2587192283565084,0.5637791433508373
2020-09-22,rb1s,0.7486814002751576,0.2587192283565084,0.5637791433508373
2020-09-22,si1s,0.7486814002751576,0.2587192283565084,0.5637791433508373
2020-09-23,cl1s,0.1853322066102437,0.8005611982838774,0.4793833799286539
2020-09-23,es1s,0.1853322066102437,0.8005611982838774,0.4793833799286539
2020-09-23,fesx1s,0.1853322066102437,0.8005611982838774,0.4793833799286539
2020-09-23,gc1s,0.1853322066102437,0.8005611982838774,0.4793833799286539
2020-09-23,hg1s,0.1853322066102437,0.8005611982838774,0.4793833799286539
2020-09-23,ho1s,0.1853322066102437,0.8005611982838774,0.4793833799286539
2020-09-23,ng1s,0.1853322066102437,0.8005611982838774,0.4793833799286539
2020-09-23,nq1s,0.1853322066102437,0.8005611982838774,0.4793833799286539
2020-09-23,pl1s,0.1853322066102437,0.8005611982838774,0.4793833799286539
2020-09-23,rb1s,0.1853322066102437,0.8005611982838774,0.4793833799286539
2020-09-23,si1s,0.1853322066102437,0.8005611982838774,0.4793833799286539
2020-09-24,cl1s,0.0028551476102282,0.9760717523540632,0.0195783261885876
2020-09-24,es1s,0.0028551476102282,0.9760717523540632,0.0195783261885876
2020-09-24,fesx1s,0.0028551476102282,0.9760717523540632,0.0195783261885876
2020-09-24,gc1s,0.0028551476102282,0.9760717523540632,0.0195783261885876
2020-09-24,hg1s,0.0028551476102282,0.9760717523540632,0.0195783261885876
2020-09-24,ho1s,0.0028551476102282,0.9760717523540632,0.0195783261885876
2020-09-24,ng1s,0.0028551476102282,0.9760717523540632,0.0195783261885876
2020-09-24,nq1s,0.0028551476102282,0.9760717523540632,0.0195783261885876
2020-09-24,pl1s,0.0028551476102282,0.9760717523540632,0.0195783261885876
2020-09-24,rb1s,0.0028551476102282,0.9760717523540632,0.0195783261885876
2020-09-24,si1s,0.0028551476102282,0.9760717523540632,0.0195783261885876
2020-09-25,cl1s,0.0002364005527149,0.978590522382211,0.0022103131887509
2020-09-25,es1s,0.0002364005527149,0.978590522382211,0.0022103131887509
2020-09-25,fesx1s,0.0002364005527149,0.978590522382211,0.0022103131887509
2020-09-25,gc1s,0.0002364005527149,0.978590522382211,0.0022103131887509
2020-09-25,hg1s,0.0002364005527149,0.978590522382211,0.0022103131887509
2020-09-25,ho1s,0.0002364005527149,0.978590522382211,0.0022103131887509
2020-09-25,ng1s,0.0002364005527149,0.978590522382211,0.0022103131887509
2020-09-25,nq1s,0.0002364005527149,0.978590522382211,0.0022103131887509
2020-09-25,pl1s,0.0002364005527149,0.978590522382211,0.0022103131887509
2020-09-25,rb1s,0.0002364005527149,0.978590522382211,0.0022103131887509
2020-09-25,si1s,0.0002364005527149,0.978590522382211,0.0022103131887509
2020-09-28,cl1s,0.0007663890635919,0.9780807674699792,0.0062640329654122
2020-09-28,es1s,0.0007663890635919,0.9780807674699792,0.0062640329654122
2020-09-28,fesx1s,0.0007663890635919,0.9780807674699792,0.0062640329654122
2020-09-28,gc1s,0.0007663890635919,0.9780807674699792,0.0062640329654122
2020-09-28,hg1s,0.0007663890635919,0.9780807674699792,0.0062640329654122
2020-09-28,ho1s,0.0007663890635919,0.9780807674699792,0.0062640329654122
2020-09-28,ng1s,0.0007663890635919,0.9780807674699792,0.0062640329654122
2020-09-28,nq1s,0.0007663890635919,0.9780807674699792,0.0062640329654122
2020-09-28,pl1s,0.0007663890635919,0.9780807674699792,0.0062640329654122
2020-09-28,rb1s,0.0007663890635919,0.9780807674699792,0.0062640329654122
2020-09-28,si1s,0.0007663890635919,0.9780807674699792,0.0062640329654122
2020-09-29,cl1s,0.0010179814431771,0.9778387802405554,0.008031287663222
2020-09-29,es1s,0.0010179814431771,0.9778387802405554,0.008031287663222
2020-09-29,fesx1s,0.0010179814431771,0.9778387802405554,0.008031287663222
2020-09-29,gc1s,0.0010179814431771,0.9778387802405554,0.008031287663222
2020-09-29,hg1s,0.0010179814431771,0.9778387802405554,0.008031287663222
2020-09-29,ho1s,0.0010179814431771,0.9778387802405554,0.008031287663222
2020-09-29,ng1s,0.0010179814431771,0.9778387802405554,0.008031287663222
2020-09-29,nq1s,0.0010179814431771,0.9778387802405554,0.008031287663222
2020-09-29,pl1s,0.0010179814431771,0.9778387802405554,0.008031287663222
2020-09-29,rb1s,0.0010179814431771,0.9778387802405554,0.008031287663222
2020-09-29,si1s,0.0010179814431771,0.9778387802405554,0.008031287663222
2020-09-30,cl1s,0.0019688715102014,0.9769241927113728,0.0142335818188624
2020-09-30,es1s,0.0019688715102014,0.9769241927113728,0.0142335818188624
2020-09-30,fesx1s,0.0019688715102014,0.9769241927113728,0.0142335818188624
2020-09-30,gc1s,0.0019688715102014,0.9769241927113728,0.0142335818188624
2020-09-30,hg1s,0.0019688715102014,0.9769241927113728,0.0142335818188624
2020-09-30,ho1s,0.0019688715102014,0.9769241927113728,0.0142335818188624
2020-09-30,ng1s,0.0019688715102014,0.9769241927113728,0.0142335818188624
2020-09-30,nq1s,0.0019688715102014,0.9769241927113728,0.0142335818188624
2020-09-30,pl1s,0.0019688715102014,0.9769241927113728,0.0142335818188624
2020-09-30,rb1s,0.0019688715102014,0.9769241927113728,0.0142335818188624
2020-09-30,si1s,0.0019688715102014,0.9769241927113728,0.0142335818188624
2020-10-01,cl1s,0.0036300559876294,0.9753264279860756,0.02401895507666
2020-10-01,es1s,0.0036300559876294,0.9753264279860756,0.02401895507666
2020-10-01,fesx1s,0.0036300559876294,0.9753264279860756,0.02401895507666
2020-10-01,gc1s,0.0036300559876294,0.9753264279860756,0.02401895507666
2020-10-01,hg1s,0.0036300559876294,0.9753264279860756,0.02401895507666
2020-10-01,ho1s,0.0036300559876294,0.9753264279860756,0.02401895507666
2020-10-01,ng1s,0.0036300559876294,0.9753264279860756,0.02401895507666
2020-10-01,nq1s,0.0036300559876294,0.9753264279860756,0.02401895507666
2020-10-01,pl1s,0.0036300559876294,0.9753264279860756,0.02401895507666
2020-10-01,rb1s,0.0036300559876294,0.9753264279860756,0.02401895507666
2020-10-01,si1s,0.0036300559876294,0.9753264279860756,0.02401895507666
2020-10-02,cl1s,0.0018498380885597,0.9770386817430332,0.0134885229812538
2020-10-02,es1s,0.0018498380885597,0.9770386817430332,0.0134885229812538
2020-10-02,fesx1s,0.0018498380885597,0.9770386817430332,0.0134885229812538
2020-10-02,gc1s,0.0018498380885597,0.9770386817430332,0.0134885229812538
2020-10-02,hg1s,0.0018498380885597,0.9770386817430332,0.0134885229812538
2020-10-02,ho1s,0.0018498380885597,0.9770386817430332,0.0134885229812538
2020-10-02,ng1s,0.0018498380885597,0.9770386817430332,0.0134885229812538
2020-10-02,nq1s,0.0018498380885597,0.9770386817430332,0.0134885229812538
2020-10-02,pl1s,0.0018498380885597,0.9770386817430332,0.0134885229812538
2020-10-02,rb1s,0.0018498380885597,0.9770386817430332,0.0134885229812538
2020-10-02,si1s,0.0018498380885597,0.9770386817430332,0.0134885229812538
2020-10-05,cl1s,0.0243112214984718,0.9554348161992768,0.1143736467287049
2020-10-05,es1s,0.0243112214984718,0.9554348161992768,0.1143736467287049
2020-10-05,fesx1s,0.0243112214984718,0.9554348161992768,0.1143736467287049
2020-10-05,gc1s,0.0243112214984718,0.9554348161992768,0.1143736467287049
2020-10-05,hg1s,0.0243112214984718,0.9554348161992768,0.1143736467287049
2020-10-05,ho1s,0.0243112214984718,0.9554348161992768,0.1143736467287049
2020-10-05,ng1s,0.0243112214984718,0.9554348161992768,0.1143736467287049
2020-10-05,nq1s,0.0243112214984718,0.9554348161992768,0.1143736467287049
2020-10-05,pl1s,0.0243112214984718,0.9554348161992768,0.1143736467287049
2020-10-05,rb1s,0.0243112214984718,0.9554348161992768,0.1143736467287049
2020-10-05,si1s,0.0243112214984718,0.9554348161992768,0.1143736467287049
2020-10-06,cl1s,0.1324356966275691,0.8514382555222755,0.390990775819015
2020-10-06,es1s,0.1324356966275691,0.8514382555222755,0.390990775819015
2020-10-06,fesx1s,0.1324356966275691,0.8514382555222755,0.390990775819015
2020-10-06,gc1s,0.1324356966275691,0.8514382555222755,0.390990775819015
2020-10-06,hg1s,0.1324356966275691,0.8514382555222755,0.390990775819015
2020-10-06,ho1s,0.1324356966275691,0.8514382555222755,0.390990775819015
2020-10-06,ng1s,0.1324356966275691,0.8514382555222755,0.390990775819015
2020-10-06,nq1s,0.1324356966275691,0.8514382555222755,0.390990775819015
2020-10-06,pl1s,0.1324356966275691,0.8514382555222755,0.390990775819015
2020-10-06,rb1s,0.1324356966275691,0.8514382555222755,0.390990775819015
2020-10-06,si1s,0.1324356966275691,0.8514382555222755,0.390990775819015
2020-10-07,cl1s,0.6319798835510602,0.3709653812335973,0.6578935388706443
2020-10-07,es1s,0.6319798835510602,0.3709653812335973,0.6578935388706443
2020-10-07,fesx1s,0.6319798835510602,0.3709653812335973,0.6578935388706443
2020-10-07,gc1s,0.6319798835510602,0.3709653812335973,0.6578935388706443
2020-10-07,hg1s,0.6319798835510602,0.3709653812335973,0.6578935388706443
2020-10-07,ho1s,0.6319798835510602,0.3709653812335973,0.6578935388706443
2020-10-07,ng1s,0.6319798835510602,0.3709653812335973,0.6578935388706443
2020-10-07,nq1s,0.6319798835510602,0.3709653812335973,0.6578935388706443
2020-10-07,pl1s,0.6319798835510602,0.3709653812335973,0.6578935388706443
2020-10-07,rb1s,0.6319798835510602,0.3709653812335973,0.6578935388706443
2020-10-07,si1s,0.6319798835510602,0.3709653812335973,0.6578935388706443
2020-10-08,cl1s,0.9884519529847032,0.0281024988542898,0.0629997072521139
2020-10-08,es1s,0.9884519529847032,0.0281024988542898,0.0629997072521139
2020-10-08,fesx1s,0.9884519529847032,0.0281024988542898,0.0629997072521139
2020-10-08,gc1s,0.9884519529847032,0.0281024988542898,0.0629997072521139
2020-10-08,hg1s,0.9884519529847032,0.0281024988542898,0.0629997072521139
2020-10-08,ho1s,0.9884519529847032,0.0281024988542898,0.0629997072521139
2020-10-08,ng1s,0.9884519529847032,0.0281024988542898,0.0629997072521139
2020-10-08,nq1s,0.9884519529847032,0.0281024988542898,0.0629997072521139
2020-10-08,pl1s,0.9884519529847032,0.0281024988542898,0.0629997072521139
2020-10-08,rb1s,0.9884519529847032,0.0281024988542898,0.0629997072521139
2020-10-08,si1s,0.9884519529847032,0.0281024988542898,0.0629997072521139
2020-10-09,cl1s,0.9998489209061828,0.0171406378643071,0.001480217290812
2020-10-09,es1s,0.9998489209061828,0.0171406378643071,0.001480217290812
2020-10-09,fesx1s,0.9998489209061828,0.0171406378643071,0.001480217290812
2020-10-09,gc1s,0.9998489209061828,0.0171406378643071,0.001480217290812
2020-10-09,hg1s,0.9998489209061828,0.0171406378643071,0.001480217290812
2020-10-09,ho1s,0.9998489209061828,0.0171406378643071,0.001480217290812
2020-10-09,ng1s,0.9998489209061828,0.0171406378643071,0.001480217290812
2020-10-09,nq1s,0.9998489209061828,0.0171406378643071,0.001480217290812
2020-10-09,pl1s,0.9998489209061828,0.0171406378643071,0.001480217290812
2020-10-09,rb1s,0.9998489209061828,0.0171406378643071,0.001480217290812
2020-10-09,si1s,0.9998489209061828,0.0171406378643071,0.001480217290812
2020-10-12,cl1s,0.9999049841476348,0.0170867149732648,0.0009749975016326
2020-10-12,es1s,0.9999049841476348,0.0170867149732648,0.0009749975016326
2020-10-12,fesx1s,0.9999049841476348,0.0170867149732648,0.0009749975016326
2020-10-12,gc1s,0.9999049841476348,0.0170867149732648,0.0009749975016326
2020-10-12,hg1s,0.9999049841476348,0.0170867149732648,0.0009749975016326
2020-10-12,ho1s,0.9999049841476348,0.0170867149732648,0.0009749975016326
2020-10-12,ng1s,0.9999049841476348,0.0170867149732648,0.0009749975016326
2020-10-12,nq1s,0.9999049841476348,0.0170867149732648,0.0009749975016326
2020-10-12,pl1s,0.9999049841476348,0.0170867149732648,0.0009749975016326
2020-10-12,rb1s,0.9999049841476348,0.0170867149732648,0.0009749975016326
2020-10-12,si1s,0.9999049841476348,0.0170867149732648,0.0009749975016326
2020-10-13,cl1s,0.9999670658912142,0.0170270033510313,0.0003728465590868
2020-10-13,es1s,0.9999670658912142,0.0170270033510313,0.0003728465590868
2020-10-13,fesx1s,0.9999670658912142,0.0170270033510313,0.0003728465590868
2020-10-13,gc1s,0.9999670658912142,0.0170270033510313,0.0003728465590868
2020-10-13,hg1s,0.9999670658912142,0.0170270033510313,0.0003728465590868
2020-10-13,ho1s,0.9999670658912142,0.0170270033510313,0.0003728465590868
2020-10-13,ng1s,0.9999670658912142,0.0170270033510313,0.0003728465590868
2020-10-13,nq1s,0.9999670658912142,0.0170270033510313,0.0003728465590868
2020-10-13,pl1s,0.9999670658912142,0.0170270033510313,0.0003728465590868
2020-10-13,rb1s,0.9999670658912142,0.0170270033510313,0.0003728465590868
2020-10-13,si1s,0.9999670658912142,0.0170270033510313,0.0003728465590868
2020-10-14,cl1s,0.9998944762583952,0.0170968216983107,0.0010717541849507
2020-10-14,es1s,0.9998944762583952,0.0170968216983107,0.0010717541849507
2020-10-14,fesx1s,0.9998944762583952,0.0170968216983107,0.0010717541849507
2020-10-14,gc1s,0.9998944762583952,0.0170968216983107,0.0010717541849507
2020-10-14,hg1s,0.9998944762583952,0.0170968216983107,0.0010717541849507
2020-10-14,ho1s,0.9998944762583952,0.0170968216983107,0.0010717541849507
2020-10-14,ng1s,0.9998944762583952,0.0170968216983107,0.0010717541849507
2020-10-14,nq1s,0.9998944762583952,0.0170968216983107,0.0010717541849507
2020-10-14,pl1s,0.9998944762583952,0.0170968216983107,0.0010717541849507
2020-10-14,rb1s,0.9998944762583952,0.0170968216983107,0.0010717541849507
2020-10-14,si1s,0.9998944762583952,0.0170968216983107,0.0010717541849507
2020-10-15,cl1s,0.9990238624773188,0.0179341976837374,0.0077421555470435
2020-10-15,es1s,0.9990238624773188,0.0179341976837374,0.0077421555470435
2020-10-15,fesx1s,0.9990238624773188,0.0179341976837374,0.0077421555470435
2020-10-15,gc1s,0.9990238624773188,0.0179341976837374,0.0077421555470435
2020-10-15,hg1s,0.9990238624773188,0.0179341976837374,0.0077421555470435
2020-10-15,ho1s,0.9990238624773188,0.0179341976837374,0.0077421555470435
2020-10-15,ng1s,0.9990238624773188,0.0179341976837374,0.0077421555470435
2020-10-15,nq1s,0.9990238624773188,0.0179341976837374,0.0077421555470435
2020-10-15,pl1s,0.9990238624773188,0.0179341976837374,0.0077421555470435
2020-10-15,rb1s,0.9990238624773188,0.0179341976837374,0.0077421555470435
2020-10-15,si1s,0.9990238624773188,0.0179341976837374,0.0077421555470435
2020-10-16,cl1s,0.9993662834244306,0.0176048494879579,0.005300146767585
2020-10-16,es1s,0.9993662834244306,0.0176048494879579,0.005300146767585
2020-10-16,fesx1s,0.9993662834244306,0.0176048494879579,0.005300146767585
2020-10-16,gc1s,0.9993662834244306,0.0176048494879579,0.005300146767585
2020-10-16,hg1s,0.9993662834244306,0.0176048494879579,0.005300146767585
2020-10-16,ho1s,0.9993662834244306,0.0176048494879579,0.005300146767585
2020-10-16,ng1s,0.9993662834244306,0.0176048494879579,0.005300146767585
2020-10-16,nq1s,0.9993662834244306,0.0176048494879579,0.005300146767585
2020-10-16,pl1s,0.9993662834244306,0.0176048494879579,0.005300146767585
2020-10-16,rb1s,0.9993662834244306,0.0176048494879579,0.005300146767585
2020-10-16,si1s,0.9993662834244306,0.0176048494879579,0.005300146767585
2020-10-19,cl1s,0.9991395113311456,0.0178229640057949,0.006933456066985
2020-10-19,es1s,0.9991395113311456,0.0178229640057949,0.006933456066985
2020-10-19,fesx1s,0.9991395113311456,0.0178229640057949,0.006933456066985
2020-10-19,gc1s,0.9991395113311456,0.0178229640057949,0.006933456066985
2020-10-19,hg1s,0.9991395113311456,0.0178229640057949,0.006933456066985
2020-10-19,ho1s,0.9991395113311456,0.0178229640057949,0.006933456066985
2020-10-19,ng1s,0.9991395113311456,0.0178229640057949,0.006933456066985
2020-10-19,nq1s,0.9991395113311456,0.0178229640057949,0.006933456066985
2020-10-19,pl1s,0.9991395113311456,0.0178229640057949,0.006933456066985
2020-10-19,rb1s,0.9991395113311456,0.0178229640057949,0.006933456066985
2020-10-19,si1s,0.9991395113311456,0.0178229640057949,0.006933456066985
2020-10-20,cl1s,0.999252340897152,0.0177144419825123,0.0061294510110152
2020-10-20,es1s,0.999252340897152,0.0177144419825123,0.0061294510110152
2020-10-20,fesx1s,0.999252340897152,0.0177144419825123,0.0061294510110152
2020-10-20,gc1s,0.999252340897152,0.0177144419825123,0.0061294510110152
2020-10-20,hg1s,0.999252340897152,0.0177144419825123,0.0061294510110152
2020-10-20,ho1s,0.999252340897152,0.0177144419825123,0.0061294510110152
2020-10-20,ng1s,0.999252340897152,0.0177144419825123,0.0061294510110152
2020-10-20,nq1s,0.999252340897152,0.0177144419825123,0.0061294510110152
2020-10-20,pl1s,0.999252340897152,0.0177144419825123,0.0061294510110152
2020-10-20,rb1s,0.999252340897152,0.0177144419825123,0.0061294510110152
2020-10-20,si1s,0.999252340897152,0.0177144419825123,0.0061294510110152
2020-10-21,cl1s,0.9992759553287628,0.0176917290891831,0.0059591014960409
2020-10-21,es1s,0.9992759553287628,0.0176917290891831,0.0059591014960409
2020-10-21,fesx1s,0.9992759553287628,0.0176917290891831,0.0059591014960409
2020-10-21,gc1s,0.9992759553287628,0.0176917290891831,0.0059591014960409
2020-10-21,hg1s,0.9992759553287628,0.0176917290891831,0.0059591014960409
2020-10-21,ho1s,0.9992759553287628,0.0176917290891831,0.0059591014960409
2020-10-21,ng1s,0.9992759553287628,0.0176917290891831,0.0059591014960409
2020-10-21,nq1s,0.9992759553287628,0.0176917290891831,0.0059591014960409
2020-10-21,pl1s,0.9992759553287628,0.0176917290891831,0.0059591014960409
2020-10-21,rb1s,0.9992759553287628,0.0176917290891831,0.0059591014960409
2020-10-21,si1s,0.9992759553287628,0.0176917290891831,0.0059591014960409
2020-10-22,cl1s,0.9990845153878064,0.0178758603454221,0.0073198479596519
2020-10-22,es1s,0.9990845153878064,0.0178758603454221,0.0073198479596519
2020-10-22,fesx1s,0.9990845153878064,0.0178758603454221,0.0073198479596519
2020-10-22,gc1s,0.9990845153878064,0.0178758603454221,0.0073198479596519
2020-10-22,hg1s,0.9990845153878064,0.0178758603454221,0.0073198479596519
2020-10-22,ho1s,0.9990845153878064,0.0178758603454221,0.0073198479596519
2020-10-22,ng1s,0.9990845153878064,0.0178758603454221,0.0073198479596519
2020-10-22,nq1s,0.9990845153878064,0.0178758603454221,0.0073198479596519
2020-10-22,pl1s,0.9990845153878064,0.0178758603454221,0.0073198479596519
2020-10-22,rb1s,0.9990845153878064,0.0178758603454221,0.0073198479596519
2020-10-22,si1s,0.9990845153878064,0.0178758603454221,0.0073198479596519
2020-10-23,cl1s,0.9993323850660398,0.0176374536941843,0.0055488582338813
2020-10-23,es1s,0.9993323850660398,0.0176374536941843,0.0055488582338813
2020-10-23,fesx1s,0.9993323850660398,0.0176374536941843,0.0055488582338813
2020-10-23,gc1s,0.9993323850660398,0.0176374536941843,0.0055488582338813
2020-10-23,hg1s,0.9993323850660398,0.0176374536941843,0.0055488582338813
2020-10-23,ho1s,0.9993323850660398,0.0176374536941843,0.0055488582338813
2020-10-23,ng1s,0.9993323850660398,0.0176374536941843,0.0055488582338813
2020-10-23,nq1s,0.9993323850660398,0.0176374536941843,0.0055488582338813
2020-10-23,pl1s,0.9993323850660398,0.0176374536941843,0.0055488582338813
2020-10-23,rb1s,0.9993323850660398,0.0176374536941843,0.0055488582338813
2020-10-23,si1s,0.9993323850660398,0.0176374536941843,0.0055488582338813
2020-10-26,cl1s,0.8786271224522542,0.1337344997372758,0.369651458924582
2020-10-26,es1s,0.8786271224522542,0.1337344997372758,0.369651458924582
2020-10-26,fesx1s,0.8786271224522542,0.1337344997372758,0.369651458924582
2020-10-26,gc1s,0.8786271224522542,0.1337344997372758,0.369651458924582
2020-10-26,hg1s,0.8786271224522542,0.1337344997372758,0.369651458924582
2020-10-26,ho1s,0.8786271224522542,0.1337344997372758,0.369651458924582
2020-10-26,ng1s,0.8786271224522542,0.1337344997372758,0.369651458924582
2020-10-26,nq1s,0.8786271224522542,0.1337344997372758,0.369651458924582
2020-10-26,pl1s,0.8786271224522542,0.1337344997372758,0.369651458924582
2020-10-26,rb1s,0.8786271224522542,0.1337344997372758,0.369651458924582
2020-10-26,si1s,0.8786271224522542,0.1337344997372758,0.369651458924582
2020-10-27,cl1s,0.1723785947318481,0.8130202745669249,0.4596378029008902
2020-10-27,es1s,0.1723785947318481,0.8130202745669249,0.4596378029008902
2020-10-27,fesx1s,0.1723785947318481,0.8130202745669249,0.4596378029008902
2020-10-27,gc1s,0.1723785947318481,0.8130202745669249,0.4596378029008902
2020-10-27,hg1s,0.1723785947318481,0.8130202745669249,0.4596378029008902
2020-10-27,ho1s,0.1723785947318481,0.8130202745669249,0.4596378029008902
2020-10-27,ng1s,0.1723785947318481,0.8130202745669249,0.4596378029008902
2020-10-27,nq1s,0.1723785947318481,0.8130202745669249,0.4596378029008902
2020-10-27,pl1s,0.1723785947318481,0.8130202745669249,0.4596378029008902
2020-10-27,rb1s,0.1723785947318481,0.8130202745669249,0.4596378029008902
2020-10-27,si1s,0.1723785947318481,0.8130202745669249,0.4596378029008902
2020-10-28,cl1s,6.21996582865171e-07,0.9788172995193012,9.510533587074257e-06
2020-10-28,es1s,6.21996582865171e-07,0.9788172995193012,9.510533587074257e-06
2020-10-28,fesx1s,6.21996582865171e-07,0.9788172995193012,9.510533587074257e-06
2020-10-28,gc1s,6.21996582865171e-07,0.9788172995193012,9.510533587074257e-06
2020-10-28,hg1s,6.21996582865171e-07,0.9788172995193012,9.510533587074257e-06
2020-10-28,ho1s,6.21996582865171e-07,0.9788172995193012,9.510533587074257e-06
2020-10-28,ng1s,6.21996582865171e-07,0.9788172995193012,9.510533587074257e-06
2020-10-28,nq1s,6.21996582865171e-07,0.9788172995193012,9.510533587074257e-06
2020-10-28,pl1s,6.21996582865171e-07,0.9788172995193012,9.510533587074257e-06
2020-10-28,rb1s,6.21996582865171e-07,0.9788172995193012,9.510533587074257e-06
2020-10-28,si1s,6.21996582865171e-07,0.9788172995193012,9.510533587074257e-06
2020-10-29,cl1s,2.091422756827383e-06,0.9788158861920404,2.9442348803428317e-05
2020-10-29,es1s,2.091422756827383e-06,0.9788158861920404,2.9442348803428317e-05
2020-10-29,fesx1s,2.091422756827383e-06,0.9788158861920404,2.9442348803428317e-05
2020-10-29,gc1s,2.091422756827383e-06,0.9788158861920404,2.9442348803428317e-05
2020-10-29,hg1s,2.091422756827383e-06,0.9788158861920404,2.9442348803428317e-05
2020-10-29,ho1s,2.091422756827383e-06,0.9788158861920404,2.9442348803428317e-05
2020-10-29,ng1s,2.091422756827383e-06,0.9788158861920404,2.9442348803428317e-05
2020-10-29,nq1s,2.091422756827383e-06,0.9788158861920404,2.9442348803428317e-05
2020-10-29,pl1s,2.091422756827383e-06,0.9788158861920404,2.9442348803428317e-05
2020-10-29,rb1s,2.091422756827383e-06,0.9788158861920404,2.9442348803428317e-05
2020-10-29,si1s,2.091422756827383e-06,0.9788158861920404,2.9442348803428317e-05
2020-10-30,cl1s,1.750018157300544e-06,0.97881621456269,2.4948055007081374e-05
2020-10-30,es1s,1.750018157300544e-06,0.97881621456269,2.4948055007081374e-05
2020-10-30,fesx1s,1.750018157300544e-06,0.97881621456269,2.4948055007081374e-05
2020-10-30,gc1s,1.750018157300544e-06,0.97881621456269,2.4948055007081374e-05
2020-10-30,hg1s,1.750018157300544e-06,0.97881621456269,2.4948055007081374e-05
2020-10-30,ho1s,1.750018157300544e-06,0.97881621456269,2.4948055007081374e-05
2020-10-30,ng1s,1.750018157300544e-06,0.97881621456269,2.4948055007081374e-05
2020-10-30,nq1s,1.750018157300544e-06,0.97881621456269,2.4948055007081374e-05
2020-10-30,pl1s,1.750018157300544e-06,0.97881621456269,2.4948055007081374e-05
2020-10-30,rb1s,1.750018157300544e-06,0.97881621456269,2.4948055007081374e-05
2020-10-30,si1s,1.750018157300544e-06,0.97881621456269,2.4948055007081374e-05
2020-11-02,cl1s,3.774071510790353e-05,0.9787815978980094,0.0004221205463078
2020-11-02,es1s,3.774071510790353e-05,0.9787815978980094,0.0004221205463078
2020-11-02,fesx1s,3.774071510790353e-05,0.9787815978980094,0.0004221205463078
2020-11-02,gc1s,3.774071510790353e-05,0.9787815978980094,0.0004221205463078
2020-11-02,hg1s,3.774071510790353e-05,0.9787815978980094,0.0004221205463078
2020-11-02,ho1s,3.774071510790353e-05,0.9787815978980094,0.0004221205463078
2020-11-02,ng1s,3.774071510790353e-05,0.9787815978980094,0.0004221205463078
2020-11-02,nq1s,3.774071510790353e-05,0.9787815978980094,0.0004221205463078
2020-11-02,pl1s,3.774071510790353e-05,0.9787815978980094,0.0004221205463078
2020-11-02,rb1s,3.774071510790353e-05,0.9787815978980094,0.0004221205463078
2020-11-02,si1s,3.774071510790353e-05,0.9787815978980094,0.0004221205463078
2020-11-03,cl1s,0.0062620363395489,0.9727949298766772,0.038011263674253
2020-11-03,es1s,0.0062620363395489,0.9727949298766772,0.038011263674253
2020-11-03,fesx1s,0.0062620363395489,0.9727949298766772,0.038011263674253
2020-11-03,gc1s,0.0062620363395489,0.9727949298766772,0.038011263674253
2020-11-03,hg1s,0.0062620363395489,0.9727949298766772,0.038011263674253
2020-11-03,ho1s,0.0062620363395489,0.9727949298766772,0.038011263674253
2020-11-03,ng1s,0.0062620363395489,0.9727949298766772,0.038011263674253
2020-11-03,nq1s,0.0062620363395489,0.9727949298766772,0.038011263674253
2020-11-03,pl1s,0.0062620363395489,0.9727949298766772,0.038011263674253
2020-11-03,rb1s,0.0062620363395489,0.9727949298766772,0.038011263674253
2020-11-03,si1s,0.0062620363395489,0.9727949298766772,0.038011263674253
2020-11-04,cl1s,0.8859969514911991,0.1266460318218231,0.3548036886067583
2020-11-04,es1s,0.8859969514911991,0.1266460318218231,0.3548036886067583
2020-11-04,fesx1s,0.8859969514911991,0.1266460318218231,0.3548036886067583
2020-11-04,gc1s,0.8859969514911991,0.1266460318218231,0.3548036886067583
2020-11-04,hg1s,0.8859969514911991,0.1266460318218231,0.3548036886067583
2020-11-04,ho1s,0.8859969514911991,0.1266460318218231,0.3548036886067583
2020-11-04,ng1s,0.8859969514911991,0.1266460318218231,0.3548036886067583
2020-11-04,nq1s,0.8859969514911991,0.1266460318218231,0.3548036886067583
2020-11-04,pl1s,0.8859969514911991,0.1266460318218231,0.3548036886067583
2020-11-04,rb1s,0.8859969514911991,0.1266460318218231,0.3548036886067583
2020-11-04,si1s,0.8859969514911991,0.1266460318218231,0.3548036886067583
2020-11-05,cl1s,0.999953546654942,0.017040006457623,0.0005099201736025
2020-11-05,es1s,0.999953546654942,0.017040006457623,0.0005099201736025
2020-11-05,fesx1s,0.999953546654942,0.017040006457623,0.0005099201736025
2020-11-05,gc1s,0.999953546654942,0.017040006457623,0.0005099201736025
2020-11-05,hg1s,0.999953546654942,0.017040006457623,0.0005099201736025
2020-11-05,ho1s,0.999953546654942,0.017040006457623,0.0005099201736025
2020-11-05,ng1s,0.999953546654942,0.017040006457623,0.0005099201736025
2020-11-05,nq1s,0.999953546654942,0.017040006457623,0.0005099201736025
2020-11-05,pl1s,0.999953546654942,0.017040006457623,0.0005099201736025
2020-11-05,rb1s,0.999953546654942,0.017040006457623,0.0005099201736025
2020-11-05,si1s,0.999953546654942,0.017040006457623,0.0005099201736025
2020-11-06,cl1s,0.9999879759472275,0.0170068915871932,0.0001482396829589
2020-11-06,es1s,0.9999879759472275,0.0170068915871932,0.0001482396829589
2020-11-06,fesx1s,0.9999879759472275,0.0170068915871932,0.0001482396829589
2020-11-06,gc1s,0.9999879759472275,0.0170068915871932,0.0001482396829589
2020-11-06,hg1s,0.9999879759472275,0.0170068915871932,0.0001482396829589
2020-11-06,ho1s,0.9999879759472275,0.0170068915871932,0.0001482396829589
2020-11-06,ng1s,0.9999879759472275,0.0170068915871932,0.0001482396829589
2020-11-06,nq1s,0.9999879759472275,0.0170068915871932,0.0001482396829589
2020-11-06,pl1s,0.9999879759472275,0.0170068915871932,0.0001482396829589
2020-11-06,rb1s,0.9999879759472275,0.0170068915871932,0.0001482396829589
2020-11-06,si1s,0.9999879759472275,0.0170068915871932,0.0001482396829589
2020-11-09,cl1s,0.9999993270604248,0.0169959738303111,1.0236494334887975e-05
2020-11-09,es1s,0.9999993270604248,0.0169959738303111,1.0236494334887975e-05
2020-11-09,fesx1s,0.9999993270604248,0.0169959738303111,1.0236494334887975e-05
2020-11-09,gc1s,0.9999993270604248,0.0169959738303111,1.0236494334887975e-05
2020-11-09,hg1s,0.9999993270604248,0.0169959738303111,1.0236494334887975e-05
2020-11-09,ho1s,0.9999993270604248,0.0169959738303111,1.0236494334887975e-05
2020-11-09,ng1s,0.9999993270604248,0.0169959738303111,1.0236494334887975e-05
2020-11-09,nq1s,0.9999993270604248,0.0169959738303111,1.0236494334887975e-05
2020-11-09,pl1s,0.9999993270604248,0.0169959738303111,1.0236494334887975e-05
2020-11-09,rb1s,0.9999993270604248,0.0169959738303111,1.0236494334887975e-05
2020-11-09,si1s,0.9999993270604248,0.0169959738303111,1.0236494334887975e-05
2020-11-10,cl1s,0.999998264693563,0.0169969956387381,2.4752976154664136e-05
2020-11-10,es1s,0.999998264693563,0.0169969956387381,2.4752976154664136e-05
2020-11-10,fesx1s,0.999998264693563,0.0169969956387381,2.4752976154664136e-05
2020-11-10,gc1s,0.999998264693563,0.0169969956387381,2.4752976154664136e-05
2020-11-10,hg1s,0.999998264693563,0.0169969956387381,2.4752976154664136e-05
2020-11-10,ho1s,0.999998264693563,0.0169969956387381,2.4752976154664136e-05
2020-11-10,ng1s,0.999998264693563,0.0169969956387381,2.4752976154664136e-05
2020-11-10,nq1s,0.999998264693563,0.0169969956387381,2.4752976154664136e-05
2020-11-10,pl1s,0.999998264693563,0.0169969956387381,2.4752976154664136e-05
2020-11-10,rb1s,0.999998264693563,0.0169969956387381,2.4752976154664136e-05
2020-11-10,si1s,0.999998264693563,0.0169969956387381,2.4752976154664136e-05
2020-11-11,cl1s,0.999997719500836,0.016997520017409,3.1906726216409845e-05
2020-11-11,es1s,0.999997719500836,0.016997520017409,3.1906726216409845e-05
2020-11-11,fesx1s,0.999997719500836,0.016997520017409,3.1906726216409845e-05
2020-11-11,gc1s,0.999997719500836,0.016997520017409,3.1906726216409845e-05
2020-11-11,hg1s,0.999997719500836,0.016997520017409,3.1906726216409845e-05
2020-11-11,ho1s,0.999997719500836,0.016997520017409,3.1906726216409845e-05
2020-11-11,ng1s,0.999997719500836,0.016997520017409,3.1906726216409845e-05
2020-11-11,nq1s,0.999997719500836,0.016997520017409,3.1906726216409845e-05
2020-11-11,pl1s,0.999997719500836,0.016997520017409,3.1906726216409845e-05
2020-11-11,rb1s,0.999997719500836,0.016997520017409,3.1906726216409845e-05
2020-11-11,si1s,0.999997719500836,0.016997520017409,3.1906726216409845e-05
2020-11-12,cl1s,0.9999703670044966,0.0170238282657664,0.0003386046023813
2020-11-12,es1s,0.9999703670044966,0.0170238282657664,0.0003386046023813
2020-11-12,fesx1s,0.9999703670044966,0.0170238282657664,0.0003386046023813
2020-11-12,gc1s,0.9999703670044966,0.0170238282657664,0.0003386046023813
2020-11-12,hg1s,0.9999703670044966,0.0170238282657664,0.0003386046023813
2020-11-12,ho1s,0.9999703670044966,0.0170238282657664,0.0003386046023813
2020-11-12,ng1s,0.9999703670044966,0.0170238282657664,0.0003386046023813
2020-11-12,nq1s,0.9999703670044966,0.0170238282657664,0.0003386046023813
2020-11-12,pl1s,0.9999703670044966,0.0170238282657664,0.0003386046023813
2020-11-12,rb1s,0.9999703670044966,0.0170238282657664,0.0003386046023813
2020-11-12,si1s,0.9999703670044966,0.0170238282657664,0.0003386046023813
2020-11-13,cl1s,0.9999693708699168,0.0170247863704889,0.0003489743328168
2020-11-13,es1s,0.9999693708699168,0.0170247863704889,0.0003489743328168
2020-11-13,fesx1s,0.9999693708699168,0.0170247863704889,0.0003489743328168
2020-11-13,gc1s,0.9999693708699168,0.0170247863704889,0.0003489743328168
2020-11-13,hg1s,0.9999693708699168,0.0170247863704889,0.0003489743328168
2020-11-13,ho1s,0.9999693708699168,0.0170247863704889,0.0003489743328168
2020-11-13,ng1s,0.9999693708699168,0.0170247863704889,0.0003489743328168
2020-11-13,nq1s,0.9999693708699168,0.0170247863704889,0.0003489743328168
2020-11-13,pl1s,0.9999693708699168,0.0170247863704889,0.0003489743328168
2020-11-13,rb1s,0.9999693708699168,0.0170247863704889,0.0003489743328168
2020-11-13,si1s,0.9999693708699168,0.0170247863704889,0.0003489743328168
2020-11-16,cl1s,0.9999831564806314,0.0170115270589464,0.0002019796715814
2020-11-16,es1s,0.9999831564806314,0.0170115270589464,0.0002019796715814
2020-11-16,fesx1s,0.9999831564806314,0.0170115270589464,0.0002019796715814
2020-11-16,gc1s,0.9999831564806314,0.0170115270589464,0.0002019796715814
2020-11-16,hg1s,0.9999831564806314,0.0170115270589464,0.0002019796715814
2020-11-16,ho1s,0.9999831564806314,0.0170115270589464,0.0002019796715814
2020-11-16,ng1s,0.9999831564806314,0.0170115270589464,0.0002019796715814
2020-11-16,nq1s,0.9999831564806314,0.0170115270589464,0.0002019796715814
2020-11-16,pl1s,0.9999831564806314,0.0170115270589464,0.0002019796715814
2020-11-16,rb1s,0.9999831564806314,0.0170115270589464,0.0002019796715814
2020-11-16,si1s,0.9999831564806314,0.0170115270589464,0.0002019796715814
2020-11-17,cl1s,0.9999830996535772,0.0170115817164896,0.0002026041919659
2020-11-17,es1s,0.9999830996535772,0.0170115817164896,0.0002026041919659
2020-11-17,fesx1s,0.9999830996535772,0.0170115817164896,0.0002026041919659
2020-11-17,gc1s,0.9999830996535772,0.0170115817164896,0.0002026041919659
2020-11-17,hg1s,0.9999830996535772,0.0170115817164896,0.0002026041919659
2020-11-17,ho1s,0.9999830996535772,0.0170115817164896,0.0002026041919659
2020-11-17,ng1s,0.9999830996535772,0.0170115817164896,0.0002026041919659
2020-11-17,nq1s,0.9999830996535772,0.0170115817164896,0.0002026041919659
2020-11-17,pl1s,0.9999830996535772,0.0170115817164896,0.0002026041919659
2020-11-17,rb1s,0.9999830996535772,0.0170115817164896,0.0002026041919659
2020-11-17,si1s,0.9999830996535772,0.0170115817164896,0.0002026041919659
2020-11-18,cl1s,0.9999866771440408,0.0170081408054137,0.0001628855412939
2020-11-18,es1s,0.9999866771440408,0.0170081408054137,0.0001628855412939
2020-11-18,fesx1s,0.9999866771440408,0.0170081408054137,0.0001628855412939
2020-11-18,gc1s,0.9999866771440408,0.0170081408054137,0.0001628855412939
2020-11-18,hg1s,0.9999866771440408,0.0170081408054137,0.0001628855412939
2020-11-18,ho1s,0.9999866771440408,0.0170081408054137,0.0001628855412939
2020-11-18,ng1s,0.9999866771440408,0.0170081408054137,0.0001628855412939
2020-11-18,nq1s,0.9999866771440408,0.0170081408054137,0.0001628855412939
2020-11-18,pl1s,0.9999866771440408,0.0170081408054137,0.0001628855412939
2020-11-18,rb1s,0.9999866771440408,0.0170081408054137,0.0001628855412939
2020-11-18,si1s,0.9999866771440408,0.0170081408054137,0.0001628855412939
2020-11-19,cl1s,0.9999749188005248,0.017019450245607,0.000290775863246
2020-11-19,es1s,0.9999749188005248,0.017019450245607,0.000290775863246
2020-11-19,fesx1s,0.9999749188005248,0.017019450245607,0.000290775863246
2020-11-19,gc1s,0.9999749188005248,0.017019450245607,0.000290775863246
2020-11-19,hg1s,0.9999749188005248,0.017019450245607,0.000290775863246
2020-11-19,ho1s,0.9999749188005248,0.017019450245607,0.000290775863246
2020-11-19,ng1s,0.9999749188005248,0.017019450245607,0.000290775863246
2020-11-19,nq1s,0.9999749188005248,0.017019450245607,0.000290775863246
2020-11-19,pl1s,0.9999749188005248,0.017019450245607,0.000290775863246
2020-11-19,rb1s,0.9999749188005248,0.017019450245607,0.000290775863246
2020-11-19,si1s,0.9999749188005248,0.017019450245607,0.000290775863246
2020-11-20,cl1s,0.9999697763317936,0.0170243963881046,0.0003447574575745
2020-11-20,es1s,0.9999697763317936,0.0170243963881046,0.0003447574575745
2020-11-20,fesx1s,0.9999697763317936,0.0170243963881046,0.0003447574575745
2020-11-20,gc1s,0.9999697763317936,0.0170243963881046,0.0003447574575745
2020-11-20,hg1s,0.9999697763317936,0.0170243963881046,0.0003447574575745
2020-11-20,ho1s,0.9999697763317936,0.0170243963881046,0.0003447574575745
2020-11-20,ng1s,0.9999697763317936,0.0170243963881046,0.0003447574575745
2020-11-20,nq1s,0.9999697763317936,0.0170243963881046,0.0003447574575745
2020-11-20,pl1s,0.9999697763317936,0.0170243963881046,0.0003447574575745
2020-11-20,rb1s,0.9999697763317936,0.0170243963881046,0.0003447574575745
2020-11-20,si1s,0.9999697763317936,0.0170243963881046,0.0003447574575745
2020-11-23,cl1s,0.9999756261904056,0.0170187698620532,0.000283272151686
2020-11-23,es1s,0.9999756261904056,0.0170187698620532,0.000283272151686
2020-11-23,fesx1s,0.9999756261904056,0.0170187698620532,0.000283272151686
2020-11-23,gc1s,0.9999756261904056,0.0170187698620532,0.000283272151686
2020-11-23,hg1s,0.9999756261904056,0.0170187698620532,0.000283272151686
2020-11-23,ho1s,0.9999756261904056,0.0170187698620532,0.000283272151686
2020-11-23,ng1s,0.9999756261904056,0.0170187698620532,0.000283272151686
2020-11-23,nq1s,0.9999756261904056,0.0170187698620532,0.000283272151686
2020-11-23,pl1s,0.9999756261904056,0.0170187698620532,0.000283272151686
2020-11-23,rb1s,0.9999756261904056,0.0170187698620532,0.000283272151686
2020-11-23,si1s,0.9999756261904056,0.0170187698620532,0.000283272151686
2020-11-24,cl1s,0.9999884001329344,0.0170064835958058,0.0001434266853222
2020-11-24,es1s,0.9999884001329344,0.0170064835958058,0.0001434266853222
2020-11-24,fesx1s,0.9999884001329344,0.0170064835958058,0.0001434266853222
2020-11-24,gc1s,0.9999884001329344,0.0170064835958058,0.0001434266853222
2020-11-24,hg1s,0.9999884001329344,0.0170064835958058,0.0001434266853222
2020-11-24,ho1s,0.9999884001329344,0.0170064835958058,0.0001434266853222
2020-11-24,ng1s,0.9999884001329344,0.0170064835958058,0.0001434266853222
2020-11-24,nq1s,0.9999884001329344,0.0170064835958058,0.0001434266853222
2020-11-24,pl1s,0.9999884001329344,0.0170064835958058,0.0001434266853222
2020-11-24,rb1s,0.9999884001329344,0.0170064835958058,0.0001434266853222
2020-11-24,si1s,0.9999884001329344,0.0170064835958058,0.0001434266853222
2020-11-25,cl1s,0.9999811936155198,0.0170134149869147,0.0002234443851136
2020-11-25,es1s,0.9999811936155198,0.0170134149869147,0.0002234443851136
2020-11-25,fesx1s,0.9999811936155198,0.0170134149869147,0.0002234443851136
2020-11-25,gc1s,0.9999811936155198,0.0170134149869147,0.0002234443851136
2020-11-25,hg1s,0.9999811936155198,0.0170134149869147,0.0002234443851136
2020-11-25,ho1s,0.9999811936155198,0.0170134149869147,0.0002234443851136
2020-11-25,ng1s,0.9999811936155198,0.0170134149869147,0.0002234443851136
2020-11-25,nq1s,0.9999811936155198,0.0170134149869147,0.0002234443851136
2020-11-25,pl1s,0.9999811936155198,0.0170134149869147,0.0002234443851136
2020-11-25,rb1s,0.9999811936155198,0.0170134149869147,0.0002234443851136
2020-11-25,si1s,0.9999811936155198,0.0170134149869147,0.0002234443851136
2020-11-26,cl1s,0.9999763918367686,0.0170180334460997,0.0002751273199005
2020-11-26,es1s,0.9999763918367686,0.0170180334460997,0.0002751273199005
2020-11-26,fesx1s,0.9999763918367686,0.0170180334460997,0.0002751273199005
2020-11-26,gc1s,0.9999763918367686,0.0170180334460997,0.0002751273199005
2020-11-26,hg1s,0.9999763918367686,0.0170180334460997,0.0002751273199005
2020-11-26,ho1s,0.9999763918367686,0.0170180334460997,0.0002751273199005
2020-11-26,ng1s,0.9999763918367686,0.0170180334460997,0.0002751273199005
2020-11-26,nq1s,0.9999763918367686,0.0170180334460997,0.0002751273199005
2020-11-26,pl1s,0.9999763918367686,0.0170180334460997,0.0002751273199005
2020-11-26,rb1s,0.9999763918367686,0.0170180334460997,0.0002751273199005
2020-11-26,si1s,0.9999763918367686,0.0170180334460997,0.0002751273199005
2020-11-27,cl1s,0.9999663841897082,0.0170276590269268,0.0003798753717319
2020-11-27,es1s,0.9999663841897082,0.0170276590269268,0.0003798753717319
2020-11-27,fesx1s,0.9999663841897082,0.0170276590269268,0.0003798753717319
2020-11-27,gc1s,0.9999663841897082,0.0170276590269268,0.0003798753717319
2020-11-27,hg1s,0.9999663841897082,0.0170276590269268,0.0003798753717319
2020-11-27,ho1s,0.9999663841897082,0.0170276590269268,0.0003798753717319
2020-11-27,ng1s,0.9999663841897082,0.0170276590269268,0.0003798753717319
2020-11-27,nq1s,0.9999663841897082,0.0170276590269268,0.0003798753717319
2020-11-27,pl1s,0.9999663841897082,0.0170276590269268,0.0003798753717319
2020-11-27,rb1s,0.9999663841897082,0.0170276590269268,0.0003798753717319
2020-11-27,si1s,0.9999663841897082,0.0170276590269268,0.0003798753717319
2020-11-30,cl1s,0.9999519419021072,0.0170415499451209,0.0005259034117336
2020-11-30,es1s,0.9999519419021072,0.0170415499451209,0.0005259034117336
2020-11-30,fesx1s,0.9999519419021072,0.0170415499451209,0.0005259034117336
2020-11-30,gc1s,0.9999519419021072,0.0170415499451209,0.0005259034117336
2020-11-30,hg1s,0.9999519419021072,0.0170415499451209,0.0005259034117336
2020-11-30,ho1s,0.9999519419021072,0.0170415499451209,0.0005259034117336
2020-11-30,ng1s,0.9999519419021072,0.0170415499451209,0.0005259034117336
2020-11-30,nq1s,0.9999519419021072,0.0170415499451209,0.0005259034117336
2020-11-30,pl1s,0.9999519419021072,0.0170415499451209,0.0005259034117336
2020-11-30,rb1s,0.9999519419021072,0.0170415499451209,0.0005259034117336
2020-11-30,si1s,0.9999519419021072,0.0170415499451209,0.0005259034117336
2020-12-01,cl1s,0.9999797844614864,0.0170147703430703,0.0002387262830098
2020-12-01,es1s,0.9999797844614864,0.0170147703430703,0.0002387262830098
2020-12-01,fesx1s,0.9999797844614864,0.0170147703430703,0.0002387262830098
2020-12-01,gc1s,0.9999797844614864,0.0170147703430703,0.0002387262830098
2020-12-01,hg1s,0.9999797844614864,0.0170147703430703,0.0002387262830098
2020-12-01,ho1s,0.9999797844614864,0.0170147703430703,0.0002387262830098
2020-12-01,ng1s,0.9999797844614864,0.0170147703430703,0.0002387262830098
2020-12-01,nq1s,0.9999797844614864,0.0170147703430703,0.0002387262830098
2020-12-01,pl1s,0.9999797844614864,0.0170147703430703,0.0002387262830098
2020-12-01,rb1s,0.9999797844614864,0.0170147703430703,0.0002387262830098
2020-12-01,si1s,0.9999797844614864,0.0170147703430703,0.0002387262830098
2020-12-02,cl1s,0.9999817418813676,0.017012887652447,0.0002174704716855
2020-12-02,es1s,0.9999817418813676,0.017012887652447,0.0002174704716855
2020-12-02,fesx1s,0.9999817418813676,0.017012887652447,0.0002174704716855
2020-12-02,gc1s,0.9999817418813676,0.017012887652447,0.0002174704716855
2020-12-02,hg1s,0.9999817418813676,0.017012887652447,0.0002174704716855
2020-12-02,ho1s,0.9999817418813676,0.017012887652447,0.0002174704716855
2020-12-02,ng1s,0.9999817418813676,0.017012887652447,0.0002174704716855
2020-12-02,nq1s,0.9999817418813676,0.017012887652447,0.0002174704716855
2020-12-02,pl1s,0.9999817418813676,0.017012887652447,0.0002174704716855
2020-12-02,rb1s,0.9999817418813676,0.017012887652447,0.0002174704716855
2020-12-02,si1s,0.9999817418813676,0.017012887652447,0.0002174704716855
2020-12-03,cl1s,0.999982799852468,0.0170118700719635,0.0002058958107876
2020-12-03,es1s,0.999982799852468,0.0170118700719635,0.0002058958107876
2020-12-03,fesx1s,0.999982799852468,0.0170118700719635,0.0002058958107876
2020-12-03,gc1s,0.999982799852468,0.0170118700719635,0.0002058958107876
2020-12-03,hg1s,0.999982799852468,0.0170118700719635,0.0002058958107876
2020-12-03,ho1s,0.999982799852468,0.0170118700719635,0.0002058958107876
2020-12-03,ng1s,0.999982799852468,0.0170118700719635,0.0002058958107876
2020-12-03,nq1s,0.999982799852468,0.0170118700719635,0.0002058958107876
2020-12-03,pl1s,0.999982799852468,0.0170118700719635,0.0002058958107876
2020-12-03,rb1s,0.999982799852468,0.0170118700719635,0.0002058958107876
2020-12-03,si1s,0.999982799852468,0.0170118700719635,0.0002058958107876
2020-12-04,cl1s,0.9999875790020252,0.0170072733780485,0.0001527300309683
2020-12-04,es1s,0.9999875790020252,0.0170072733780485,0.0001527300309683
2020-12-04,fesx1s,0.9999875790020252,0.0170072733780485,0.0001527300309683
2020-12-04,gc1s,0.9999875790020252,0.0170072733780485,0.0001527300309683
2020-12-04,hg1s,0.9999875790020252,0.0170072733780485,0.0001527300309683
2020-12-04,ho1s,0.9999875790020252,0.0170072733780485,0.0001527300309683
2020-12-04,ng1s,0.9999875790020252,0.0170072733780485,0.0001527300309683
2020-12-04,nq1s,0.9999875790020252,0.0170072733780485,0.0001527300309683
2020-12-04,pl1s,0.9999875790020252,0.0170072733780485,0.0001527300309683
2020-12-04,rb1s,0.9999875790020252,0.0170072733780485,0.0001527300309683
2020-12-04,si1s,0.9999875790020252,0.0170072733780485,0.0001527300309683
2020-12-07,cl1s,0.999984934947296,0.0170098164895662,0.0001823342213479
2020-12-07,es1s,0.999984934947296,0.0170098164895662,0.0001823342213479
2020-12-07,fesx1s,0.999984934947296,0.0170098164895662,0.0001823342213479
2020-12-07,gc1s,0.999984934947296,0.0170098164895662,0.0001823342213479
2020-12-07,hg1s,0.999984934947296,0.0170098164895662,0.0001823342213479
2020-12-07,ho1s,0.999984934947296,0.0170098164895662,0.0001823342213479
2020-12-07,ng1s,0.999984934947296,0.0170098164895662,0.0001823342213479
2020-12-07,nq1s,0.999984934947296,0.0170098164895662,0.0001823342213479
2020-12-07,pl1s,0.999984934947296,0.0170098164895662,0.0001823342213479
2020-12-07,rb1s,0.999984934947296,0.0170098164895662,0.0001823342213479
2020-12-07,si1s,0.999984934947296,0.0170098164895662,0.0001823342213479
2020-12-08,cl1s,0.9999814091987304,0.0170132076341168,0.00022109732011
2020-12-08,es1s,0.9999814091987304,0.0170132076341168,0.00022109732011
2020-12-08,fesx1s,0.9999814091987304,0.0170132076341168,0.00022109732011
2020-12-08,gc1s,0.9999814091987304,0.0170132076341168,0.00022109732011
2020-12-08,hg1s,0.9999814091987304,0.0170132076341168,0.00022109732011
2020-12-08,ho1s,0.9999814091987304,0.0170132076341168,0.00022109732011
2020-12-08,ng1s,0.9999814091987304,0.0170132076341168,0.00022109732011
2020-12-08,nq1s,0.9999814091987304,0.0170132076341168,0.00022109732011
2020-12-08,pl1s,0.9999814091987304,0.0170132076341168,0.00022109732011
2020-12-08,rb1s,0.9999814091987304,0.0170132076341168,0.00022109732011
2020-12-08,si1s,0.9999814091987304,0.0170132076341168,0.00022109732011
2020-12-09,cl1s,0.9999734697608156,0.0170208439647056,0.0003060849967703
2020-12-09,es1s,0.9999734697608156,0.0170208439647056,0.0003060849967703
2020-12-09,fesx1s,0.9999734697608156,0.0170208439647056,0.0003060849967703
2020-12-09,gc1s,0.9999734697608156,0.0170208439647056,0.0003060849967703
2020-12-09,hg1s,0.9999734697608156,0.0170208439647056,0.0003060849967703
2020-12-09,ho1s,0.9999734697608156,0.0170208439647056,0.0003060849967703
2020-12-09,ng1s,0.9999734697608156,0.0170208439647056,0.0003060849967703
2020-12-09,nq1s,0.9999734697608156,0.0170208439647056,0.0003060849967703
2020-12-09,pl1s,0.9999734697608156,0.0170208439647056,0.0003060849967703
2020-12-09,rb1s,0.9999734697608156,0.0170208439647056,0.0003060849967703
2020-12-09,si1s,0.9999734697608156,0.0170208439647056,0.0003060849967703
2020-12-10,cl1s,0.9999638867488162,0.0170300611219469,0.0004055096534252
2020-12-10,es1s,0.9999638867488162,0.0170300611219469,0.0004055096534252
2020-12-10,fesx1s,0.9999638867488162,0.0170300611219469,0.0004055096534252
2020-12-10,gc1s,0.9999638867488162,0.0170300611219469,0.0004055096534252
2020-12-10,hg1s,0.9999638867488162,0.0170300611219469,0.0004055096534252
2020-12-10,ho1s,0.9999638867488162,0.0170300611219469,0.0004055096534252
2020-12-10,ng1s,0.9999638867488162,0.0170300611219469,0.0004055096534252
2020-12-10,nq1s,0.9999638867488162,0.0170300611219469,0.0004055096534252
2020-12-10,pl1s,0.9999638867488162,0.0170300611219469,0.0004055096534252
2020-12-10,rb1s,0.9999638867488162,0.0170300611219469,0.0004055096534252
2020-12-10,si1s,0.9999638867488162,0.0170300611219469,0.0004055096534252
2020-12-11,cl1s,0.9999352098630986,0.0170576431979013,0.0006896472596365
2020-12-11,es1s,0.9999352098630986,0.0170576431979013,0.0006896472596365
2020-12-11,fesx1s,0.9999352098630986,0.0170576431979013,0.0006896472596365
2020-12-11,gc1s,0.9999352098630986,0.0170576431979013,0.0006896472596365
2020-12-11,hg1s,0.9999352098630986,0.0170576431979013,0.0006896472596365
2020-12-11,ho1s,0.9999352098630986,0.0170576431979013,0.0006896472596365
2020-12-11,ng1s,0.9999352098630986,0.0170576431979013,0.0006896472596365
2020-12-11,nq1s,0.9999352098630986,0.0170576431979013,0.0006896472596365
2020-12-11,pl1s,0.9999352098630986,0.0170576431979013,0.0006896472596365
2020-12-11,rb1s,0.9999352098630986,0.0170576431979013,0.0006896472596365
2020-12-11,si1s,0.9999352098630986,0.0170576431979013,0.0006896472596365
2020-12-14,cl1s,0.9999196629838124,0.0170725965373102,0.0008378540146652
2020-12-14,es1s,0.9999196629838124,0.0170725965373102,0.0008378540146652
2020-12-14,fesx1s,0.9999196629838124,0.0170725965373102,0.0008378540146652
2020-12-14,gc1s,0.9999196629838124,0.0170725965373102,0.0008378540146652
2020-12-14,hg1s,0.9999196629838124,0.0170725965373102,0.0008378540146652
2020-12-14,ho1s,0.9999196629838124,0.0170725965373102,0.0008378540146652
2020-12-14,ng1s,0.9999196629838124,0.0170725965373102,0.0008378540146652
2020-12-14,nq1s,0.9999196629838124,0.0170725965373102,0.0008378540146652
2020-12-14,pl1s,0.9999196629838124,0.0170725965373102,0.0008378540146652
2020-12-14,rb1s,0.9999196629838124,0.0170725965373102,0.0008378540146652
2020-12-14,si1s,0.9999196629838124,0.0170725965373102,0.0008378540146652
2020-12-15,cl1s,0.9999344993555606,0.0170583265800884,0.0006964957201678
2020-12-15,es1s,0.9999344993555606,0.0170583265800884,0.0006964957201678
2020-12-15,fesx1s,0.9999344993555606,0.0170583265800884,0.0006964957201678
2020-12-15,gc1s,0.9999344993555606,0.0170583265800884,0.0006964957201678
2020-12-15,hg1s,0.9999344993555606,0.0170583265800884,0.0006964957201678
2020-12-15,ho1s,0.9999344993555606,0.0170583265800884,0.0006964957201678
2020-12-15,ng1s,0.9999344993555606,0.0170583265800884,0.0006964957201678
2020-12-15,nq1s,0.9999344993555606,0.0170583265800884,0.0006964957201678
2020-12-15,pl1s,0.9999344993555606,0.0170583265800884,0.0006964957201678
2020-12-15,rb1s,0.9999344993555606,0.0170583265800884,0.0006964957201678
2020-12-15,si1s,0.9999344993555606,0.0170583265800884,0.0006964957201678
2020-12-16,cl1s,0.9999242479806412,0.0170681865838715,0.0007944877531402
2020-12-16,es1s,0.9999242479806412,0.0170681865838715,0.0007944877531402
2020-12-16,fesx1s,0.9999242479806412,0.0170681865838715,0.0007944877531402
2020-12-16,gc1s,0.9999242479806412,0.0170681865838715,0.0007944877531402
2020-12-16,hg1s,0.9999242479806412,0.0170681865838715,0.0007944877531402
2020-12-16,ho1s,0.9999242479806412,0.0170681865838715,0.0007944877531402
2020-12-16,ng1s,0.9999242479806412,0.0170681865838715,0.0007944877531402
2020-12-16,nq1s,0.9999242479806412,0.0170681865838715,0.0007944877531402
2020-12-16,pl1s,0.9999242479806412,0.0170681865838715,0.0007944877531402
2020-12-16,rb1s,0.9999242479806412,0.0170681865838715,0.0007944877531402
2020-12-16,si1s,0.9999242479806412,0.0170681865838715,0.0007944877531402
2020-12-17,cl1s,0.9999161908805908,0.0170759360845584,0.0008705191907522
2020-12-17,es1s,0.9999161908805908,0.0170759360845584,0.0008705191907522
2020-12-17,fesx1s,0.9999161908805908,0.0170759360845584,0.0008705191907522
2020-12-17,gc1s,0.9999161908805908,0.0170759360845584,0.0008705191907522
2020-12-17,hg1s,0.9999161908805908,0.0170759360845584,0.0008705191907522
2020-12-17,ho1s,0.9999161908805908,0.0170759360845584,0.0008705191907522
2020-12-17,ng1s,0.9999161908805908,0.0170759360845584,0.0008705191907522
2020-12-17,nq1s,0.9999161908805908,0.0170759360845584,0.0008705191907522
2020-12-17,pl1s,0.9999161908805908,0.0170759360845584,0.0008705191907522
2020-12-17,rb1s,0.9999161908805908,0.0170759360845584,0.0008705191907522
2020-12-17,si1s,0.9999161908805908,0.0170759360845584,0.0008705191907522
2020-12-18,cl1s,0.9999214517822306,0.0170708760306167,0.000820967011178
2020-12-18,es1s,0.9999214517822306,0.0170708760306167,0.000820967011178
2020-12-18,fesx1s,0.9999214517822306,0.0170708760306167,0.000820967011178
2020-12-18,gc1s,0.9999214517822306,0.0170708760306167,0.000820967011178
2020-12-18,hg1s,0.9999214517822306,0.0170708760306167,0.000820967011178
2020-12-18,ho1s,0.9999214517822306,0.0170708760306167,0.000820967011178
2020-12-18,ng1s,0.9999214517822306,0.0170708760306167,0.000820967011178
2020-12-18,nq1s,0.9999214517822306,0.0170708760306167,0.000820967011178
2020-12-18,pl1s,0.9999214517822306,0.0170708760306167,0.000820967011178
2020-12-18,rb1s,0.9999214517822306,0.0170708760306167,0.000820967011178
2020-12-18,si1s,0.9999214517822306,0.0170708760306167,0.000820967011178
2020-12-21,cl1s,0.9997691521383444,0.0172173612656898,0.0021638838817445
2020-12-21,es1s,0.9997691521383444,0.0172173612656898,0.0021638838817445
2020-12-21,fesx1s,0.9997691521383444,0.0172173612656898,0.0021638838817445
2020-12-21,gc1s,0.9997691521383444,0.0172173612656898,0.0021638838817445
2020-12-21,hg1s,0.9997691521383444,0.0172173612656898,0.0021638838817445
2020-12-21,ho1s,0.9997691521383444,0.0172173612656898,0.0021638838817445
2020-12-21,ng1s,0.9997691521383444,0.0172173612656898,0.0021638838817445
2020-12-21,nq1s,0.9997691521383444,0.0172173612656898,0.0021638838817445
2020-12-21,pl1s,0.9997691521383444,0.0172173612656898,0.0021638838817445
2020-12-21,rb1s,0.9997691521383444,0.0172173612656898,0.0021638838817445
2020-12-21,si1s,0.9997691521383444,0.0172173612656898,0.0021638838817445
2020-12-22,cl1s,0.999790758839472,0.0171965794528564,0.0019819152120838
2020-12-22,es1s,0.999790758839472,0.0171965794528564,0.0019819152120838
2020-12-22,fesx1s,0.999790758839472,0.0171965794528564,0.0019819152120838
2020-12-22,gc1s,0.999790758839472,0.0171965794528564,0.0019819152120838
2020-12-22,hg1s,0.999790758839472,0.0171965794528564,0.0019819152120838
2020-12-22,ho1s,0.999790758839472,0.0171965794528564,0.0019819152120838
2020-12-22,ng1s,0.999790758839472,0.0171965794528564,0.0019819152120838
2020-12-22,nq1s,0.999790758839472,0.0171965794528564,0.0019819152120838
2020-12-22,pl1s,0.999790758839472,0.0171965794528564,0.0019819152120838
2020-12-22,rb1s,0.999790758839472,0.0171965794528564,0.0019819152120838
2020-12-22,si1s,0.999790758839472,0.0171965794528564,0.0019819152120838
2020-12-23,cl1s,0.9998761480022303,0.0171144502287805,0.0012380693227603
2020-12-23,es1s,0.9998761480022303,0.0171144502287805,0.0012380693227603
2020-12-23,fesx1s,0.9998761480022303,0.0171144502287805,0.0012380693227603
2020-12-23,gc1s,0.9998761480022303,0.0171144502287805,0.0012380693227603
2020-12-23,hg1s,0.9998761480022303,0.0171144502287805,0.0012380693227603
2020-12-23,ho1s,0.9998761480022303,0.0171144502287805,0.0012380693227603
2020-12-23,ng1s,0.9998761480022303,0.0171144502287805,0.0012380693227603
2020-12-23,nq1s,0.9998761480022303,0.0171144502287805,0.0012380693227603
2020-12-23,pl1s,0.9998761480022303,0.0171144502287805,0.0012380693227603
2020-12-23,rb1s,0.9998761480022303,0.0171144502287805,0.0012380693227603
2020-12-23,si1s,0.9998761480022303,0.0171144502287805,0.0012380693227603
2020-12-24,cl1s,0.999895595189085,0.0170957454855181,0.0010615027766627
2020-12-24,es1s,0.999895595189085,0.0170957454855181,0.0010615027766627
2020-12-24,fesx1s,0.999895595189085,0.0170957454855181,0.0010615027766627
2020-12-24,gc1s,0.999895595189085,0.0170957454855181,0.0010615027766627
2020-12-24,hg1s,0.999895595189085,0.0170957454855181,0.0010615027766627
2020-12-24,ho1s,0.999895595189085,0.0170957454855181,0.0010615027766627
2020-12-24,ng1s,0.999895595189085,0.0170957454855181,0.0010615027766627
2020-12-24,nq1s,0.999895595189085,0.0170957454855181,0.0010615027766627
2020-12-24,pl1s,0.999895595189085,0.0170957454855181,0.0010615027766627
2020-12-24,rb1s,0.999895595189085,0.0170957454855181,0.0010615027766627
2020-12-24,si1s,0.999895595189085,0.0170957454855181,0.0010615027766627
2020-12-28,cl1s,0.9999534968534176,0.0170400543578533,0.0005104170175032
2020-12-28,es1s,0.9999534968534176,0.0170400543578533,0.0005104170175032
2020-12-28,fesx1s,0.9999534968534176,0.0170400543578533,0.0005104170175032
2020-12-28,gc1s,0.9999534968534176,0.0170400543578533,0.0005104170175032
2020-12-28,hg1s,0.9999534968534176,0.0170400543578533,0.0005104170175032
2020-12-28,ho1s,0.9999534968534176,0.0170400543578533,0.0005104170175032
2020-12-28,ng1s,0.9999534968534176,0.0170400543578533,0.0005104170175032
2020-12-28,nq1s,0.9999534968534176,0.0170400543578533,0.0005104170175032
2020-12-28,pl1s,0.9999534968534176,0.0170400543578533,0.0005104170175032
2020-12-28,rb1s,0.9999534968534176,0.0170400543578533,0.0005104170175032
2020-12-28,si1s,0.9999534968534176,0.0170400543578533,0.0005104170175032
2020-12-29,cl1s,0.9999399566355052,0.0170530776450607,0.0006436896948939
2020-12-29,es1s,0.9999399566355052,0.0170530776450607,0.0006436896948939
2020-12-29,fesx1s,0.9999399566355052,0.0170530776450607,0.0006436896948939
2020-12-29,gc1s,0.9999399566355052,0.0170530776450607,0.0006436896948939
2020-12-29,hg1s,0.9999399566355052,0.0170530776450607,0.0006436896948939
2020-12-29,ho1s,0.9999399566355052,0.0170530776450607,0.0006436896948939
2020-12-29,ng1s,0.9999399566355052,0.0170530776450607,0.0006436896948939
2020-12-29,nq1s,0.9999399566355052,0.0170530776450607,0.0006436896948939
2020-12-29,pl1s,0.9999399566355052,0.0170530776450607,0.0006436896948939
2020-12-29,rb1s,0.9999399566355052,0.0170530776450607,0.0006436896948939
2020-12-29,si1s,0.9999399566355052,0.0170530776450607,0.0006436896948939
2020-12-30,cl1s,0.9999337541148984,0.0170590433693787,0.0007036706866249
2020-12-30,es1s,0.9999337541148984,0.0170590433693787,0.0007036706866249
2020-12-30,fesx1s,0.9999337541148984,0.0170590433693787,0.0007036706866249
2020-12-30,gc1s,0.9999337541148984,0.0170590433693787,0.0007036706866249
2020-12-30,hg1s,0.9999337541148984,0.0170590433693787,0.0007036706866249
2020-12-30,ho1s,0.9999337541148984,0.0170590433693787,0.0007036706866249
2020-12-30,ng1s,0.9999337541148984,0.0170590433693787,0.0007036706866249
2020-12-30,nq1s,0.9999337541148984,0.0170590433693787,0.0007036706866249
2020-12-30,pl1s,0.9999337541148984,0.0170590433693787,0.0007036706866249
2020-12-30,rb1s,0.9999337541148984,0.0170590433693787,0.0007036706866249
2020-12-30,si1s,0.9999337541148984,0.0170590433693787,0.0007036706866249
2020-12-31,cl1s,0.9999144721364014,0.017077589211514,0.0008866353385777
2020-12-31,es1s,0.9999144721364014,0.017077589211514,0.0008866353385777
2020-12-31,fesx1s,0.9999144721364014,0.017077589211514,0.0008866353385777
2020-12-31,gc1s,0.9999144721364014,0.017077589211514,0.0008866353385777
2020-12-31,hg1s,0.9999144721364014,0.017077589211514,0.0008866353385777
2020-12-31,ho1s,0.9999144721364014,0.017077589211514,0.0008866353385777
2020-12-31,ng1s,0.9999144721364014,0.017077589211514,0.0008866353385777
2020-12-31,nq1s,0.9999144721364014,0.017077589211514,0.0008866353385777
2020-12-31,pl1s,0.9999144721364014,0.017077589211514,0.0008866353385777
2020-12-31,rb1s,0.9999144721364014,0.017077589211514,0.0008866353385777
2020-12-31,si1s,0.9999144721364014,0.017077589211514,0.0008866353385777
2021-01-04,cl1s,0.9996695878265722,0.0173131244680373,0.0029786672131889
2021-01-04,es1s,0.9996695878265722,0.0173131244680373,0.0029786672131889
2021-01-04,fesx1s,0.9996695878265722,0.0173131244680373,0.0029786672131889
2021-01-04,gc1s,0.9996695878265722,0.0173131244680373,0.0029786672131889
2021-01-04,hg1s,0.9996695878265722,0.0173131244680373,0.0029786672131889
2021-01-04,ho1s,0.9996695878265722,0.0173131244680373,0.0029786672131889
2021-01-04,ng1s,0.9996695878265722,0.0173131244680373,0.0029786672131889
2021-01-04,nq1s,0.9996695878265722,0.0173131244680373,0.0029786672131889
2021-01-04,pl1s,0.9996695878265722,0.0173131244680373,0.0029786672131889
2021-01-04,rb1s,0.9996695878265722,0.0173131244680373,0.0029786672131889
2021-01-04,si1s,0.9996695878265722,0.0173131244680373,0.0029786672131889
2021-01-05,cl1s,0.999772191226342,0.0172144382022581,0.0021384159175673
2021-01-05,es1s,0.999772191226342,0.0172144382022581,0.0021384159175673
2021-01-05,fesx1s,0.999772191226342,0.0172144382022581,0.0021384159175673
2021-01-05,gc1s,0.999772191226342,0.0172144382022581,0.0021384159175673
2021-01-05,hg1s,0.999772191226342,0.0172144382022581,0.0021384159175673
2021-01-05,ho1s,0.999772191226342,0.0172144382022581,0.0021384159175673
2021-01-05,ng1s,0.999772191226342,0.0172144382022581,0.0021384159175673
2021-01-05,nq1s,0.999772191226342,0.0172144382022581,0.0021384159175673
2021-01-05,pl1s,0.999772191226342,0.0172144382022581,0.0021384159175673
2021-01-05,rb1s,0.999772191226342,0.0172144382022581,0.0021384159175673
2021-01-05,si1s,0.999772191226342,0.0172144382022581,0.0021384159175673
2021-01-06,cl1s,0.999885798150538,0.0171051684983234,0.0011508675348847
2021-01-06,es1s,0.999885798150538,0.0171051684983234,0.0011508675348847
2021-01-06,fesx1s,0.999885798150538,0.0171051684983234,0.0011508675348847
2021-01-06,gc1s,0.999885798150538,0.0171051684983234,0.0011508675348847
2021-01-06,hg1s,0.999885798150538,0.0171051684983234,0.0011508675348847
2021-01-06,ho1s,0.999885798150538,0.0171051684983234,0.0011508675348847
2021-01-06,ng1s,0.999885798150538,0.0171051684983234,0.0011508675348847
2021-01-06,nq1s,0.999885798150538,0.0171051684983234,0.0011508675348847
2021-01-06,pl1s,0.999885798150538,0.0171051684983234,0.0011508675348847
2021-01-06,rb1s,0.999885798150538,0.0171051684983234,0.0011508675348847
2021-01-06,si1s,0.999885798150538,0.0171051684983234,0.0011508675348847
2021-01-07,cl1s,0.9999214809331328,0.0170708479926208,0.0008206914796198
2021-01-07,es1s,0.9999214809331328,0.0170708479926208,0.0008206914796198
2021-01-07,fesx1s,0.9999214809331328,0.0170708479926208,0.0008206914796198
2021-01-07,gc1s,0.9999214809331328,0.0170708479926208,0.0008206914796198
2021-01-07,hg1s,0.9999214809331328,0.0170708479926208,0.0008206914796198
2021-01-07,ho1s,0.9999214809331328,0.0170708479926208,0.0008206914796198
2021-01-07,ng1s,0.9999214809331328,0.0170708479926208,0.0008206914796198
2021-01-07,nq1s,0.9999214809331328,0.0170708479926208,0.0008206914796198
2021-01-07,pl1s,0.9999214809331328,0.0170708479926208,0.0008206914796198
2021-01-07,rb1s,0.9999214809331328,0.0170708479926208,0.0008206914796198
2021-01-07,si1s,0.9999214809331328,0.0170708479926208,0.0008206914796198
2021-01-08,cl1s,0.9999278993422064,0.0170646746219026,0.0007597542889951
2021-01-08,es1s,0.9999278993422064,0.0170646746219026,0.0007597542889951
2021-01-08,fesx1s,0.9999278993422064,0.0170646746219026,0.0007597542889951
2021-01-08,gc1s,0.9999278993422064,0.0170646746219026,0.0007597542889951
2021-01-08,hg1s,0.9999278993422064,0.0170646746219026,0.0007597542889951
2021-01-08,ho1s,0.9999278993422064,0.0170646746219026,0.0007597542889951
2021-01-08,ng1s,0.9999278993422064,0.0170646746219026,0.0007597542889951
2021-01-08,nq1s,0.9999278993422064,0.0170646746219026,0.0007597542889951
2021-01-08,pl1s,0.9999278993422064,0.0170646746219026,0.0007597542889951
2021-01-08,rb1s,0.9999278993422064,0.0170646746219026,0.0007597542889951
2021-01-08,si1s,0.9999278993422064,0.0170646746219026,0.0007597542889951
2021-01-11,cl1s,0.9998350290912328,0.0171539993254808,0.0016018112558703
2021-01-11,es1s,0.9998350290912328,0.0171539993254808,0.0016018112558703
2021-01-11,fesx1s,0.9998350290912328,0.0171539993254808,0.0016018112558703
2021-01-11,gc1s,0.9998350290912328,0.0171539993254808,0.0016018112558703
2021-01-11,hg1s,0.9998350290912328,0.0171539993254808,0.0016018112558703
2021-01-11,ho1s,0.9998350290912328,0.0171539993254808,0.0016018112558703
2021-01-11,ng1s,0.9998350290912328,0.0171539993254808,0.0016018112558703
2021-01-11,nq1s,0.9998350290912328,0.0171539993254808,0.0016018112558703
2021-01-11,pl1s,0.9998350290912328,0.0171539993254808,0.0016018112558703
2021-01-11,rb1s,0.9998350290912328,0.0171539993254808,0.0016018112558703
2021-01-11,si1s,0.9998350290912328,0.0171539993254808,0.0016018112558703
2021-01-12,cl1s,0.9997821011871127,0.0172049065783092,0.0020550845026737
2021-01-12,es1s,0.9997821011871127,0.0172049065783092,0.0020550845026737
2021-01-12,fesx1s,0.9997821011871127,0.0172049065783092,0.0020550845026737
2021-01-12,gc1s,0.9997821011871127,0.0172049065783092,0.0020550845026737
2021-01-12,hg1s,0.9997821011871127,0.0172049065783092,0.0020550845026737
2021-01-12,ho1s,0.9997821011871127,0.0172049065783092,0.0020550845026737
2021-01-12,ng1s,0.9997821011871127,0.0172049065783092,0.0020550845026737
2021-01-12,nq1s,0.9997821011871127,0.0172049065783092,0.0020550845026737
2021-01-12,pl1s,0.9997821011871127,0.0172049065783092,0.0020550845026737
2021-01-12,rb1s,0.9997821011871127,0.0172049065783092,0.0020550845026737
2021-01-12,si1s,0.9997821011871127,0.0172049065783092,0.0020550845026737
2021-01-13,cl1s,0.9998032144167868,0.017184599397458,0.0018760154952604
2021-01-13,es1s,0.9998032144167868,0.017184599397458,0.0018760154952604
2021-01-13,fesx1s,0.9998032144167868,0.017184599397458,0.0018760154952604
2021-01-13,gc1s,0.9998032144167868,0.017184599397458,0.0018760154952604
2021-01-13,hg1s,0.9998032144167868,0.017184599397458,0.0018760154952604
2021-01-13,ho1s,0.9998032144167868,0.017184599397458,0.0018760154952604
2021-01-13,ng1s,0.9998032144167868,0.017184599397458,0.0018760154952604
2021-01-13,nq1s,0.9998032144167868,0.017184599397458,0.0018760154952604
2021-01-13,pl1s,0.9998032144167868,0.017184599397458,0.0018760154952604
2021-01-13,rb1s,0.9998032144167868,0.017184599397458,0.0018760154952604
2021-01-13,si1s,0.9998032144167868,0.017184599397458,0.0018760154952604
2021-01-14,cl1s,0.999858000470928,0.0171319049339985,0.0014000608023654
2021-01-14,es1s,0.999858000470928,0.0171319049339985,0.0014000608023654
2021-01-14,fesx1s,0.999858000470928,0.0171319049339985,0.0014000608023654
2021-01-14,gc1s,0.999858000470928,0.0171319049339985,0.0014000608023654
2021-01-14,hg1s,0.999858000470928,0.0171319049339985,0.0014000608023654
2021-01-14,ho1s,0.999858000470928,0.0171319049339985,0.0014000608023654
2021-01-14,ng1s,0.999858000470928,0.0171319049339985,0.0014000608023654
2021-01-14,nq1s,0.999858000470928,0.0171319049339985,0.0014000608023654
2021-01-14,pl1s,0.999858000470928,0.0171319049339985,0.0014000608023654
2021-01-14,rb1s,0.999858000470928,0.0171319049339985,0.0014000608023654
2021-01-14,si1s,0.999858000470928,0.0171319049339985,0.0014000608023654
2021-01-15,cl1s,0.9997506202206742,0.0172351856823925,0.0023183364012576
2021-01-15,es1s,0.9997506202206742,0.0172351856823925,0.0023183364012576
2021-01-15,fesx1s,0.9997506202206742,0.0172351856823925,0.0023183364012576
2021-01-15,gc1s,0.9997506202206742,0.0172351856823925,0.0023183364012576
2021-01-15,hg1s,0.9997506202206742,0.0172351856823925,0.0023183364012576
2021-01-15,ho1s,0.9997506202206742,0.0172351856823925,0.0023183364012576
2021-01-15,ng1s,0.9997506202206742,0.0172351856823925,0.0023183364012576
2021-01-15,nq1s,0.9997506202206742,0.0172351856823925,0.0023183364012576
2021-01-15,pl1s,0.9997506202206742,0.0172351856823925,0.0023183364012576
2021-01-15,rb1s,0.9997506202206742,0.0172351856823925,0.0023183364012576
2021-01-15,si1s,0.9997506202206742,0.0172351856823925,0.0023183364012576
2021-01-18,cl1s,0.9997265526221436,0.0172583344418935,0.0025168820257566
2021-01-18,es1s,0.9997265526221436,0.0172583344418935,0.0025168820257566
2021-01-18,fesx1s,0.9997265526221436,0.0172583344418935,0.0025168820257566
2021-01-18,gc1s,0.9997265526221436,0.0172583344418935,0.0025168820257566
2021-01-18,hg1s,0.9997265526221436,0.0172583344418935,0.0025168820257566
2021-01-18,ho1s,0.9997265526221436,0.0172583344418935,0.0025168820257566
2021-01-18,ng1s,0.9997265526221436,0.0172583344418935,0.0025168820257566
2021-01-18,nq1s,0.9997265526221436,0.0172583344418935,0.0025168820257566
2021-01-18,pl1s,0.9997265526221436,0.0172583344418935,0.0025168820257566
2021-01-18,rb1s,0.9997265526221436,0.0172583344418935,0.0025168820257566
2021-01-18,si1s,0.9997265526221436,0.0172583344418935,0.0025168820257566
2021-01-19,cl1s,0.9997817113497466,0.0172052815326872,0.0020583709749924
2021-01-19,es1s,0.9997817113497466,0.0172052815326872,0.0020583709749924
2021-01-19,fesx1s,0.9997817113497466,0.0172052815326872,0.0020583709749924
2021-01-19,gc1s,0.9997817113497466,0.0172052815326872,0.0020583709749924
2021-01-19,hg1s,0.9997817113497466,0.0172052815326872,0.0020583709749924
2021-01-19,ho1s,0.9997817113497466,0.0172052815326872,0.0020583709749924
2021-01-19,ng1s,0.9997817113497466,0.0172052815326872,0.0020583709749924
2021-01-19,nq1s,0.9997817113497466,0.0172052815326872,0.0020583709749924
2021-01-19,pl1s,0.9997817113497466,0.0172052815326872,0.0020583709749924
2021-01-19,rb1s,0.9997817113497466,0.0172052815326872,0.0020583709749924
2021-01-19,si1s,0.9997817113497466,0.0172052815326872,0.0020583709749924
2021-01-20,cl1s,0.9998623818738434,0.0171276908017816,0.0013611752569789
2021-01-20,es1s,0.9998623818738434,0.0171276908017816,0.0013611752569789
2021-01-20,fesx1s,0.9998623818738434,0.0171276908017816,0.0013611752569789
2021-01-20,gc1s,0.9998623818738434,0.0171276908017816,0.0013611752569789
2021-01-20,hg1s,0.9998623818738434,0.0171276908017816,0.0013611752569789
2021-01-20,ho1s,0.9998623818738434,0.0171276908017816,0.0013611752569789
2021-01-20,ng1s,0.9998623818738434,0.0171276908017816,0.0013611752569789
2021-01-20,nq1s,0.9998623818738434,0.0171276908017816,0.0013611752569789
2021-01-20,pl1s,0.9998623818738434,0.0171276908017816,0.0013611752569789
2021-01-20,rb1s,0.9998623818738434,0.0171276908017816,0.0013611752569789
2021-01-20,si1s,0.9998623818738434,0.0171276908017816,0.0013611752569789
2021-01-21,cl1s,0.9998903697569034,0.0171007714241345,0.0011092763440343
2021-01-21,es1s,0.9998903697569034,0.0171007714241345,0.0011092763440343
2021-01-21,fesx1s,0.9998903697569034,0.0171007714241345,0.0011092763440343
2021-01-21,gc1s,0.9998903697569034,0.0171007714241345,0.0011092763440343
2021-01-21,hg1s,0.9998903697569034,0.0171007714241345,0.0011092763440343
2021-01-21,ho1s,0.9998903697569034,0.0171007714241345,0.0011092763440343
2021-01-21,ng1s,0.9998903697569034,0.0171007714241345,0.0011092763440343
2021-01-21,nq1s,0.9998903697569034,0.0171007714241345,0.0011092763440343
2021-01-21,pl1s,0.9998903697569034,0.0171007714241345,0.0011092763440343
2021-01-21,rb1s,0.9998903697569034,0.0171007714241345,0.0011092763440343
2021-01-21,si1s,0.9998903697569034,0.0171007714241345,0.0011092763440343
2021-01-22,cl1s,0.999814135570036,0.0171740951857593,0.0017825142445873
2021-01-22,es1s,0.999814135570036,0.0171740951857593,0.0017825142445873
2021-01-22,fesx1s,0.999814135570036,0.0171740951857593,0.0017825142445873
2021-01-22,gc1s,0.999814135570036,0.0171740951857593,0.0017825142445873
2021-01-22,hg1s,0.999814135570036,0.0171740951857593,0.0017825142445873
2021-01-22,ho1s,0.999814135570036,0.0171740951857593,0.0017825142445873
2021-01-22,ng1s,0.999814135570036,0.0171740951857593,0.0017825142445873
2021-01-22,nq1s,0.999814135570036,0.0171740951857593,0.0017825142445873
2021-01-22,pl1s,0.999814135570036,0.0171740951857593,0.0017825142445873
2021-01-22,rb1s,0.999814135570036,0.0171740951857593,0.0017825142445873
2021-01-22,si1s,0.999814135570036,0.0171740951857593,0.0017825142445873
2021-01-25,cl1s,0.9997043678387,0.0172796722673466,0.0026980120495128
2021-01-25,es1s,0.9997043678387,0.0172796722673466,0.0026980120495128
2021-01-25,fesx1s,0.9997043678387,0.0172796722673466,0.0026980120495128
2021-01-25,gc1s,0.9997043678387,0.0172796722673466,0.0026980120495128
2021-01-25,hg1s,0.9997043678387,0.0172796722673466,0.0026980120495128
2021-01-25,ho1s,0.9997043678387,0.0172796722673466,0.0026980120495128
2021-01-25,ng1s,0.9997043678387,0.0172796722673466,0.0026980120495128
2021-01-25,nq1s,0.9997043678387,0.0172796722673466,0.0026980120495128
2021-01-25,pl1s,0.9997043678387,0.0172796722673466,0.0026980120495128
2021-01-25,rb1s,0.9997043678387,0.0172796722673466,0.0026980120495128
2021-01-25,si1s,0.9997043678387,0.0172796722673466,0.0026980120495128
2021-01-26,cl1s,0.9996421628345652,0.0173395024443644,0.0031973658136029
2021-01-26,es1s,0.9996421628345652,0.0173395024443644,0.0031973658136029
2021-01-26,fesx1s,0.9996421628345652,0.0173395024443644,0.0031973658136029
2021-01-26,gc1s,0.9996421628345652,0.0173395024443644,0.0031973658136029
2021-01-26,hg1s,0.9996421628345652,0.0173395024443644,0.0031973658136029
2021-01-26,ho1s,0.9996421628345652,0.0173395024443644,0.0031973658136029
2021-01-26,ng1s,0.9996421628345652,0.0173395024443644,0.0031973658136029
2021-01-26,nq1s,0.9996421628345652,0.0173395024443644,0.0031973658136029
2021-01-26,pl1s,0.9996421628345652,0.0173395024443644,0.0031973658136029
2021-01-26,rb1s,0.9996421628345652,0.0173395024443644,0.0031973658136029
2021-01-26,si1s,0.9996421628345652,0.0173395024443644,0.0031973658136029
2021-01-27,cl1s,0.0014799303473336,0.9773944673578032,0.0111217060470088
2021-01-27,es1s,0.0014799303473336,0.9773944673578032,0.0111217060470088
2021-01-27,fesx1s,0.0014799303473336,0.9773944673578032,0.0111217060470088
2021-01-27,gc1s,0.0014799303473336,0.9773944673578032,0.0111217060470088
2021-01-27,hg1s,0.0014799303473336,0.9773944673578032,0.0111217060470088
2021-01-27,ho1s,0.0014799303473336,0.9773944673578032,0.0111217060470088
2021-01-27,ng1s,0.0014799303473336,0.9773944673578032,0.0111217060470088
2021-01-27,nq1s,0.0014799303473336,0.9773944673578032,0.0111217060470088
2021-01-27,pl1s,0.0014799303473336,0.9773944673578032,0.0111217060470088
2021-01-27,rb1s,0.0014799303473336,0.9773944673578032,0.0111217060470088
2021-01-27,si1s,0.0014799303473336,0.9773944673578032,0.0111217060470088
2021-01-28,cl1s,0.0109945413039283,0.968243099783678,0.0605231780600293
2021-01-28,es1s,0.0109945413039283,0.968243099783678,0.0605231780600293
2021-01-28,fesx1s,0.0109945413039283,0.968243099783678,0.0605231780600293
2021-01-28,gc1s,0.0109945413039283,0.968243099783678,0.0605231780600293
2021-01-28,hg1s,0.0109945413039283,0.968243099783678,0.0605231780600293
2021-01-28,ho1s,0.0109945413039283,0.968243099783678,0.0605231780600293
2021-01-28,ng1s,0.0109945413039283,0.968243099783678,0.0605231780600293
2021-01-28,nq1s,0.0109945413039283,0.968243099783678,0.0605231780600293
2021-01-28,pl1s,0.0109945413039283,0.968243099783678,0.0605231780600293
2021-01-28,rb1s,0.0109945413039283,0.968243099783678,0.0605231780600293
2021-01-28,si1s,0.0109945413039283,0.968243099783678,0.0605231780600293
2021-01-29,cl1s,0.0011427009909717,0.9777188221644176,0.008883116348592
2021-01-29,es1s,0.0011427009909717,0.9777188221644176,0.008883116348592
2021-01-29,fesx1s,0.0011427009909717,0.9777188221644176,0.008883116348592
2021-01-29,gc1s,0.0011427009909717,0.9777188221644176,0.008883116348592
2021-01-29,hg1s,0.0011427009909717,0.9777188221644176,0.008883116348592
2021-01-29,ho1s,0.0011427009909717,0.9777188221644176,0.008883116348592
2021-01-29,ng1s,0.0011427009909717,0.9777188221644176,0.008883116348592
2021-01-29,nq1s,0.0011427009909717,0.9777188221644176,0.008883116348592
2021-01-29,pl1s,0.0011427009909717,0.9777188221644176,0.008883116348592
2021-01-29,rb1s,0.0011427009909717,0.9777188221644176,0.008883116348592
2021-01-29,si1s,0.0011427009909717,0.9777188221644176,0.008883116348592
2021-02-01,cl1s,0.0210145974467307,0.958605583620962,0.1019619080961651
2021-02-01,es1s,0.0210145974467307,0.958605583620962,0.1019619080961651
2021-02-01,fesx1s,0.0210145974467307,0.958605583620962,0.1019619080961651
2021-02-01,gc1s,0.0210145974467307,0.958605583620962,0.1019619080961651
2021-02-01,hg1s,0.0210145974467307,0.958605583620962,0.1019619080961651
2021-02-01,ho1s,0.0210145974467307,0.958605583620962,0.1019619080961651
2021-02-01,ng1s,0.0210145974467307,0.958605583620962,0.1019619080961651
2021-02-01,nq1s,0.0210145974467307,0.958605583620962,0.1019619080961651
2021-02-01,pl1s,0.0210145974467307,0.958605583620962,0.1019619080961651
2021-02-01,rb1s,0.0210145974467307,0.958605583620962,0.1019619080961651
2021-02-01,si1s,0.0210145974467307,0.958605583620962,0.1019619080961651
2021-02-02,cl1s,0.4814599016560514,0.5157388972349976,0.6924595524414728
2021-02-02,es1s,0.4814599016560514,0.5157388972349976,0.6924595524414728
2021-02-02,fesx1s,0.4814599016560514,0.5157388972349976,0.6924595524414728
2021-02-02,gc1s,0.4814599016560514,0.5157388972349976,0.6924595524414728
2021-02-02,hg1s,0.4814599016560514,0.5157388972349976,0.6924595524414728
2021-02-02,ho1s,0.4814599016560514,0.5157388972349976,0.6924595524414728
2021-02-02,ng1s,0.4814599016560514,0.5157388972349976,0.6924595524414728
2021-02-02,nq1s,0.4814599016560514,0.5157388972349976,0.6924595524414728
2021-02-02,pl1s,0.4814599016560514,0.5157388972349976,0.6924595524414728
2021-02-02,rb1s,0.4814599016560514,0.5157388972349976,0.6924595524414728
2021-02-02,si1s,0.4814599016560514,0.5157388972349976,0.6924595524414728
2021-02-03,cl1s,0.9920774406622556,0.0246154229744565,0.0462207593714588
2021-02-03,es1s,0.9920774406622556,0.0246154229744565,0.0462207593714588
2021-02-03,fesx1s,0.9920774406622556,0.0246154229744565,0.0462207593714588
2021-02-03,gc1s,0.9920774406622556,0.0246154229744565,0.0462207593714588
2021-02-03,hg1s,0.9920774406622556,0.0246154229744565,0.0462207593714588
2021-02-03,ho1s,0.9920774406622556,0.0246154229744565,0.0462207593714588
2021-02-03,ng1s,0.9920774406622556,0.0246154229744565,0.0462207593714588
2021-02-03,nq1s,0.9920774406622556,0.0246154229744565,0.0462207593714588
2021-02-03,pl1s,0.9920774406622556,0.0246154229744565,0.0462207593714588
2021-02-03,rb1s,0.9920774406622556,0.0246154229744565,0.0462207593714588
2021-02-03,si1s,0.9920774406622556,0.0246154229744565,0.0462207593714588
2021-02-04,cl1s,0.9998775386888686,0.0171131126349826,0.0012255504512772
2021-02-04,es1s,0.9998775386888686,0.0171131126349826,0.0012255504512772
2021-02-04,fesx1s,0.9998775386888686,0.0171131126349826,0.0012255504512772
2021-02-04,gc1s,0.9998775386888686,0.0171131126349826,0.0012255504512772
2021-02-04,hg1s,0.9998775386888686,0.0171131126349826,0.0012255504512772
2021-02-04,ho1s,0.9998775386888686,0.0171131126349826,0.0012255504512772
2021-02-04,ng1s,0.9998775386888686,0.0171131126349826,0.0012255504512772
2021-02-04,nq1s,0.9998775386888686,0.0171131126349826,0.0012255504512772
2021-02-04,pl1s,0.9998775386888686,0.0171131126349826,0.0012255504512772
2021-02-04,rb1s,0.9998775386888686,0.0171131126349826,0.0012255504512772
2021-02-04,si1s,0.9998775386888686,0.0171131126349826,0.0012255504512772
2021-02-05,cl1s,0.9999658609022052,0.0170281623366582,0.0003852614323225
2021-02-05,es1s,0.9999658609022052,0.0170281623366582,0.0003852614323225
2021-02-05,fesx1s,0.9999658609022052,0.0170281623366582,0.0003852614323225
2021-02-05,gc1s,0.9999658609022052,0.0170281623366582,0.0003852614323225
2021-02-05,hg1s,0.9999658609022052,0.0170281623366582,0.0003852614323225
2021-02-05,ho1s,0.9999658609022052,0.0170281623366582,0.0003852614323225
2021-02-05,ng1s,0.9999658609022052,0.0170281623366582,0.0003852614323225
2021-02-05,nq1s,0.9999658609022052,0.0170281623366582,0.0003852614323225
2021-02-05,pl1s,0.9999658609022052,0.0170281623366582,0.0003852614323225
2021-02-05,rb1s,0.9999658609022052,0.0170281623366582,0.0003852614323225
2021-02-05,si1s,0.9999658609022052,0.0170281623366582,0.0003852614323225
2021-02-08,cl1s,0.999980072879444,0.017014492936169,0.0002356066947715
2021-02-08,es1s,0.999980072879444,0.017014492936169,0.0002356066947715
2021-02-08,fesx1s,0.999980072879444,0.017014492936169,0.0002356066947715
2021-02-08,gc1s,0.999980072879444,0.017014492936169,0.0002356066947715
2021-02-08,hg1s,0.999980072879444,0.017014492936169,0.0002356066947715
2021-02-08,ho1s,0.999980072879444,0.017014492936169,0.0002356066947715
2021-02-08,ng1s,0.999980072879444,0.017014492936169,0.0002356066947715
2021-02-08,nq1s,0.999980072879444,0.017014492936169,0.0002356066947715
2021-02-08,pl1s,0.999980072879444,0.017014492936169,0.0002356066947715
2021-02-08,rb1s,0.999980072879444,0.017014492936169,0.0002356066947715
2021-02-08,si1s,0.999980072879444,0.017014492936169,0.0002356066947715
2021-02-09,cl1s,0.9999700435020424,0.0170241394177288,0.0003419758711411
2021-02-09,es1s,0.9999700435020424,0.0170241394177288,0.0003419758711411
2021-02-09,fesx1s,0.9999700435020424,0.0170241394177288,0.0003419758711411
2021-02-09,gc1s,0.9999700435020424,0.0170241394177288,0.0003419758711411
2021-02-09,hg1s,0.9999700435020424,0.0170241394177288,0.0003419758711411
2021-02-09,ho1s,0.9999700435020424,0.0170241394177288,0.0003419758711411
2021-02-09,ng1s,0.9999700435020424,0.0170241394177288,0.0003419758711411
2021-02-09,nq1s,0.9999700435020424,0.0170241394177288,0.0003419758711411
2021-02-09,pl1s,0.9999700435020424,0.0170241394177288,0.0003419758711411
2021-02-09,rb1s,0.9999700435020424,0.0170241394177288,0.0003419758711411
2021-02-09,si1s,0.9999700435020424,0.0170241394177288,0.0003419758711411
2021-02-10,cl1s,0.9999662370954506,0.0170278005055038,0.000381390191889
2021-02-10,es1s,0.9999662370954506,0.0170278005055038,0.000381390191889
2021-02-10,fesx1s,0.9999662370954506,0.0170278005055038,0.000381390191889
2021-02-10,gc1s,0.9999662370954506,0.0170278005055038,0.000381390191889
2021-02-10,hg1s,0.9999662370954506,0.0170278005055038,0.000381390191889
2021-02-10,ho1s,0.9999662370954506,0.0170278005055038,0.000381390191889
2021-02-10,ng1s,0.9999662370954506,0.0170278005055038,0.000381390191889
2021-02-10,nq1s,0.9999662370954506,0.0170278005055038,0.000381390191889
2021-02-10,pl1s,0.9999662370954506,0.0170278005055038,0.000381390191889
2021-02-10,rb1s,0.9999662370954506,0.0170278005055038,0.000381390191889
2021-02-10,si1s,0.9999662370954506,0.0170278005055038,0.000381390191889
2021-02-11,cl1s,0.999968758586595,0.0170253752784079,0.0003553320372642
2021-02-11,es1s,0.999968758586595,0.0170253752784079,0.0003553320372642
2021-02-11,fesx1s,0.999968758586595,0.0170253752784079,0.0003553320372642
2021-02-11,gc1s,0.999968758586595,0.0170253752784079,0.0003553320372642
2021-02-11,hg1s,0.999968758586595,0.0170253752784079,0.0003553320372642
2021-02-11,ho1s,0.999968758586595,0.0170253752784079,0.0003553320372642
2021-02-11,ng1s,0.999968758586595,0.0170253752784079,0.0003553320372642
2021-02-11,nq1s,0.999968758586595,0.0170253752784079,0.0003553320372642
2021-02-11,pl1s,0.999968758586595,0.0170253752784079,0.0003553320372642
2021-02-11,rb1s,0.999968758586595,0.0170253752784079,0.0003553320372642
2021-02-11,si1s,0.999968758586595,0.0170253752784079,0.0003553320372642
2021-02-12,cl1s,0.999982471599994,0.0170121857926021,0.0002094938167558
2021-02-12,es1s,0.999982471599994,0.0170121857926021,0.0002094938167558
2021-02-12,fesx1s,0.999982471599994,0.0170121857926021,0.0002094938167558
2021-02-12,gc1s,0.999982471599994,0.0170121857926021,0.0002094938167558
2021-02-12,hg1s,0.999982471599994,0.0170121857926021,0.0002094938167558
2021-02-12,ho1s,0.999982471599994,0.0170121857926021,0.0002094938167558
2021-02-12,ng1s,0.999982471599994,0.0170121857926021,0.0002094938167558
2021-02-12,nq1s,0.999982471599994,0.0170121857926021,0.0002094938167558
2021-02-12,pl1s,0.999982471599994,0.0170121857926021,0.0002094938167558
2021-02-12,rb1s,0.999982471599994,0.0170121857926021,0.0002094938167558
2021-02-12,si1s,0.999982471599994,0.0170121857926021,0.0002094938167558
2021-02-15,cl1s,0.999980828175098,0.0170137664757609,0.0002274173224149
2021-02-15,es1s,0.999980828175098,0.0170137664757609,0.0002274173224149
2021-02-15,fesx1s,0.999980828175098,0.0170137664757609,0.0002274173224149
2021-02-15,gc1s,0.999980828175098,0.0170137664757609,0.0002274173224149
2021-02-15,hg1s,0.999980828175098,0.0170137664757609,0.0002274173224149
2021-02-15,ho1s,0.999980828175098,0.0170137664757609,0.0002274173224149
2021-02-15,ng1s,0.999980828175098,0.0170137664757609,0.0002274173224149
2021-02-15,nq1s,0.999980828175098,0.0170137664757609,0.0002274173224149
2021-02-15,pl1s,0.999980828175098,0.0170137664757609,0.0002274173224149
2021-02-15,rb1s,0.999980828175098,0.0170137664757609,0.0002274173224149
2021-02-15,si1s,0.999980828175098,0.0170137664757609,0.0002274173224149
2021-02-16,cl1s,0.9999899829836996,0.0170049611742127,0.0001253250974048
2021-02-16,es1s,0.9999899829836996,0.0170049611742127,0.0001253250974048
2021-02-16,fesx1s,0.9999899829836996,0.0170049611742127,0.0001253250974048
2021-02-16,gc1s,0.9999899829836996,0.0170049611742127,0.0001253250974048
2021-02-16,hg1s,0.9999899829836996,0.0170049611742127,0.0001253250974048
2021-02-16,ho1s,0.9999899829836996,0.0170049611742127,0.0001253250974048
2021-02-16,ng1s,0.9999899829836996,0.0170049611742127,0.0001253250974048
2021-02-16,nq1s,0.9999899829836996,0.0170049611742127,0.0001253250974048
2021-02-16,pl1s,0.9999899829836996,0.0170049611742127,0.0001253250974048
2021-02-16,rb1s,0.9999899829836996,0.0170049611742127,0.0001253250974048
2021-02-16,si1s,0.9999899829836996,0.0170049611742127,0.0001253250974048
2021-02-17,cl1s,0.9999804369851776,0.017014142731056,0.0002316624825417
2021-02-17,es1s,0.9999804369851776,0.017014142731056,0.0002316624825417
2021-02-17,fesx1s,0.9999804369851776,0.017014142731056,0.0002316624825417
2021-02-17,gc1s,0.9999804369851776,0.017014142731056,0.0002316624825417
2021-02-17,hg1s,0.9999804369851776,0.017014142731056,0.0002316624825417
2021-02-17,ho1s,0.9999804369851776,0.017014142731056,0.0002316624825417
2021-02-17,ng1s,0.9999804369851776,0.017014142731056,0.0002316624825417
2021-02-17,nq1s,0.9999804369851776,0.017014142731056,0.0002316624825417
2021-02-17,pl1s,0.9999804369851776,0.017014142731056,0.0002316624825417
2021-02-17,rb1s,0.9999804369851776,0.017014142731056,0.0002316624825417
2021-02-17,si1s,0.9999804369851776,0.017014142731056,0.0002316624825417
2021-02-18,cl1s,0.9999668147203264,0.0170272449328605,0.0003754379305951
2021-02-18,es1s,0.9999668147203264,0.0170272449328605,0.0003754379305951
2021-02-18,fesx1s,0.9999668147203264,0.0170272449328605,0.0003754379305951
2021-02-18,gc1s,0.9999668147203264,0.0170272449328605,0.0003754379305951
2021-02-18,hg1s,0.9999668147203264,0.0170272449328605,0.0003754379305951
2021-02-18,ho1s,0.9999668147203264,0.0170272449328605,0.0003754379305951
2021-02-18,ng1s,0.9999668147203264,0.0170272449328605,0.0003754379305951
2021-02-18,nq1s,0.9999668147203264,0.0170272449328605,0.0003754379305951
2021-02-18,pl1s,0.9999668147203264,0.0170272449328605,0.0003754379305951
2021-02-18,rb1s,0.9999668147203264,0.0170272449328605,0.0003754379305951
2021-02-18,si1s,0.9999668147203264,0.0170272449328605,0.0003754379305951
2021-02-19,cl1s,0.9999748696479376,0.0170194975216752,0.000291296506509
2021-02-19,es1s,0.9999748696479376,0.0170194975216752,0.000291296506509
2021-02-19,fesx1s,0.9999748696479376,0.0170194975216752,0.000291296506509
2021-02-19,gc1s,0.9999748696479376,0.0170194975216752,0.000291296506509
2021-02-19,hg1s,0.9999748696479376,0.0170194975216752,0.000291296506509
2021-02-19,ho1s,0.9999748696479376,0.0170194975216752,0.000291296506509
2021-02-19,ng1s,0.9999748696479376,0.0170194975216752,0.000291296506509
2021-02-19,nq1s,0.9999748696479376,0.0170194975216752,0.000291296506509
2021-02-19,pl1s,0.9999748696479376,0.0170194975216752,0.000291296506509
2021-02-19,rb1s,0.9999748696479376,0.0170194975216752,0.000291296506509
2021-02-19,si1s,0.9999748696479376,0.0170194975216752,0.000291296506509
2021-02-22,cl1s,0.9999619998759268,0.0170318759588804,0.0004247616679226
2021-02-22,es1s,0.9999619998759268,0.0170318759588804,0.0004247616679226
2021-02-22,fesx1s,0.9999619998759268,0.0170318759588804,0.0004247616679226
2021-02-22,gc1s,0.9999619998759268,0.0170318759588804,0.0004247616679226
2021-02-22,hg1s,0.9999619998759268,0.0170318759588804,0.0004247616679226
2021-02-22,ho1s,0.9999619998759268,0.0170318759588804,0.0004247616679226
2021-02-22,ng1s,0.9999619998759268,0.0170318759588804,0.0004247616679226
2021-02-22,nq1s,0.9999619998759268,0.0170318759588804,0.0004247616679226
2021-02-22,pl1s,0.9999619998759268,0.0170318759588804,0.0004247616679226
2021-02-22,rb1s,0.9999619998759268,0.0170318759588804,0.0004247616679226
2021-02-22,si1s,0.9999619998759268,0.0170318759588804,0.0004247616679226
2021-02-23,cl1s,0.9999411054691316,0.0170519726709482,0.0006325115295212
2021-02-23,es1s,0.9999411054691316,0.0170519726709482,0.0006325115295212
2021-02-23,fesx1s,0.9999411054691316,0.0170519726709482,0.0006325115295212
2021-02-23,gc1s,0.9999411054691316,0.0170519726709482,0.0006325115295212
2021-02-23,hg1s,0.9999411054691316,0.0170519726709482,0.0006325115295212
2021-02-23,ho1s,0.9999411054691316,0.0170519726709482,0.0006325115295212
2021-02-23,ng1s,0.9999411054691316,0.0170519726709482,0.0006325115295212
2021-02-23,nq1s,0.9999411054691316,0.0170519726709482,0.0006325115295212
2021-02-23,pl1s,0.9999411054691316,0.0170519726709482,0.0006325115295212
2021-02-23,rb1s,0.9999411054691316,0.0170519726709482,0.0006325115295212
2021-02-23,si1s,0.9999411054691316,0.0170519726709482,0.0006325115295212
2021-02-24,cl1s,0.999974917984165,0.0170194510308002,0.0002907845112311
2021-02-24,es1s,0.999974917984165,0.0170194510308002,0.0002907845112311
2021-02-24,fesx1s,0.999974917984165,0.0170194510308002,0.0002907845112311
2021-02-24,gc1s,0.999974917984165,0.0170194510308002,0.0002907845112311
2021-02-24,hg1s,0.999974917984165,0.0170194510308002,0.0002907845112311
2021-02-24,ho1s,0.999974917984165,0.0170194510308002,0.0002907845112311
2021-02-24,ng1s,0.999974917984165,0.0170194510308002,0.0002907845112311
2021-02-24,nq1s,0.999974917984165,0.0170194510308002,0.0002907845112311
2021-02-24,pl1s,0.999974917984165,0.0170194510308002,0.0002907845112311
2021-02-24,rb1s,0.999974917984165,0.0170194510308002,0.0002907845112311
2021-02-24,si1s,0.999974917984165,0.0170194510308002,0.0002907845112311
2021-02-25,cl1s,0.9994902856593876,0.0174855813394988,0.0043740652956651
2021-02-25,es1s,0.9994902856593876,0.0174855813394988,0.0043740652956651
2021-02-25,fesx1s,0.9994902856593876,0.0174855813394988,0.0043740652956651
2021-02-25,gc1s,0.9994902856593876,0.0174855813394988,0.0043740652956651
2021-02-25,hg1s,0.9994902856593876,0.0174855813394988,0.0043740652956651
2021-02-25,ho1s,0.9994902856593876,0.0174855813394988,0.0043740652956651
2021-02-25,ng1s,0.9994902856593876,0.0174855813394988,0.0043740652956651
2021-02-25,nq1s,0.9994902856593876,0.0174855813394988,0.0043740652956651
2021-02-25,pl1s,0.9994902856593876,0.0174855813394988,0.0043740652956651
2021-02-25,rb1s,0.9994902856593876,0.0174855813394988,0.0043740652956651
2021-02-25,si1s,0.9994902856593876,0.0174855813394988,0.0043740652956651
2021-02-26,cl1s,0.9990222077074048,0.0179357892787909,0.0077536232390703
2021-02-26,es1s,0.9990222077074048,0.0179357892787909,0.0077536232390703
2021-02-26,fesx1s,0.9990222077074048,0.0179357892787909,0.0077536232390703
2021-02-26,gc1s,0.9990222077074048,0.0179357892787909,0.0077536232390703
2021-02-26,hg1s,0.9990222077074048,0.0179357892787909,0.0077536232390703
2021-02-26,ho1s,0.9990222077074048,0.0179357892787909,0.0077536232390703
2021-02-26,ng1s,0.9990222077074048,0.0179357892787909,0.0077536232390703
2021-02-26,nq1s,0.9990222077074048,0.0179357892787909,0.0077536232390703
2021-02-26,pl1s,0.9990222077074048,0.0179357892787909,0.0077536232390703
2021-02-26,rb1s,0.9990222077074048,0.0179357892787909,0.0077536232390703
2021-02-26,si1s,0.9990222077074048,0.0179357892787909,0.0077536232390703
2021-03-01,cl1s,0.999909182850874,0.0170826765657198,0.0009360175742756
2021-03-01,es1s,0.999909182850874,0.0170826765657198,0.0009360175742756
2021-03-01,fesx1s,0.999909182850874,0.0170826765657198,0.0009360175742756
2021-03-01,gc1s,0.999909182850874,0.0170826765657198,0.0009360175742756
2021-03-01,hg1s,0.999909182850874,0.0170826765657198,0.0009360175742756
2021-03-01,ho1s,0.999909182850874,0.0170826765657198,0.0009360175742756
2021-03-01,ng1s,0.999909182850874,0.0170826765657198,0.0009360175742756
2021-03-01,nq1s,0.999909182850874,0.0170826765657198,0.0009360175742756
2021-03-01,pl1s,0.999909182850874,0.0170826765657198,0.0009360175742756
2021-03-01,rb1s,0.999909182850874,0.0170826765657198,0.0009360175742756
2021-03-01,si1s,0.999909182850874,0.0170826765657198,0.0009360175742756
2021-03-02,cl1s,0.9998457166935976,0.0171437197482947,0.0015083727841135
2021-03-02,es1s,0.9998457166935976,0.0171437197482947,0.0015083727841135
2021-03-02,fesx1s,0.9998457166935976,0.0171437197482947,0.0015083727841135
2021-03-02,gc1s,0.9998457166935976,0.0171437197482947,0.0015083727841135
2021-03-02,hg1s,0.9998457166935976,0.0171437197482947,0.0015083727841135
2021-03-02,ho1s,0.9998457166935976,0.0171437197482947,0.0015083727841135
2021-03-02,ng1s,0.9998457166935976,0.0171437197482947,0.0015083727841135
2021-03-02,nq1s,0.9998457166935976,0.0171437197482947,0.0015083727841135
2021-03-02,pl1s,0.9998457166935976,0.0171437197482947,0.0015083727841135
2021-03-02,rb1s,0.9998457166935976,0.0171437197482947,0.0015083727841135
2021-03-02,si1s,0.9998457166935976,0.0171437197482947,0.0015083727841135
2021-03-03,cl1s,0.9996360535150994,0.0173453785257214,0.0032457918431438
2021-03-03,es1s,0.9996360535150994,0.0173453785257214,0.0032457918431438
2021-03-03,fesx1s,0.9996360535150994,0.0173453785257214,0.0032457918431438
2021-03-03,gc1s,0.9996360535150994,0.0173453785257214,0.0032457918431438
2021-03-03,hg1s,0.9996360535150994,0.0173453785257214,0.0032457918431438
2021-03-03,ho1s,0.9996360535150994,0.0173453785257214,0.0032457918431438
2021-03-03,ng1s,0.9996360535150994,0.0173453785257214,0.0032457918431438
2021-03-03,nq1s,0.9996360535150994,0.0173453785257214,0.0032457918431438
2021-03-03,pl1s,0.9996360535150994,0.0173453785257214,0.0032457918431438
2021-03-03,rb1s,0.9996360535150994,0.0173453785257214,0.0032457918431438
2021-03-03,si1s,0.9996360535150994,0.0173453785257214,0.0032457918431438
2021-03-04,cl1s,0.9976852450806448,0.0192217101100427,0.0163590516824913
2021-03-04,es1s,0.9976852450806448,0.0192217101100427,0.0163590516824913
2021-03-04,fesx1s,0.9976852450806448,0.0192217101100427,0.0163590516824913
2021-03-04,gc1s,0.9976852450806448,0.0192217101100427,0.0163590516824913
2021-03-04,hg1s,0.9976852450806448,0.0192217101100427,0.0163590516824913
2021-03-04,ho1s,0.9976852450806448,0.0192217101100427,0.0163590516824913
2021-03-04,ng1s,0.9976852450806448,0.0192217101100427,0.0163590516824913
2021-03-04,nq1s,0.9976852450806448,0.0192217101100427,0.0163590516824913
2021-03-04,pl1s,0.9976852450806448,0.0192217101100427,0.0163590516824913
2021-03-04,rb1s,0.9976852450806448,0.0192217101100427,0.0163590516824913
2021-03-04,si1s,0.9976852450806448,0.0192217101100427,0.0163590516824913
2021-03-05,cl1s,0.999139547106056,0.0178229295966783,0.0069332035973563
2021-03-05,es1s,0.999139547106056,0.0178229295966783,0.0069332035973563
2021-03-05,fesx1s,0.999139547106056,0.0178229295966783,0.0069332035973563
2021-03-05,gc1s,0.999139547106056,0.0178229295966783,0.0069332035973563
2021-03-05,hg1s,0.999139547106056,0.0178229295966783,0.0069332035973563
2021-03-05,ho1s,0.999139547106056,0.0178229295966783,0.0069332035973563
2021-03-05,ng1s,0.999139547106056,0.0178229295966783,0.0069332035973563
2021-03-05,nq1s,0.999139547106056,0.0178229295966783,0.0069332035973563
2021-03-05,pl1s,0.999139547106056,0.0178229295966783,0.0069332035973563
2021-03-05,rb1s,0.999139547106056,0.0178229295966783,0.0069332035973563
2021-03-05,si1s,0.999139547106056,0.0178229295966783,0.0069332035973563
2021-03-08,cl1s,0.9985829234023378,0.0183583028385725,0.010710903162676
2021-03-08,es1s,0.9985829234023378,0.0183583028385725,0.010710903162676
2021-03-08,fesx1s,0.9985829234023378,0.0183583028385725,0.010710903162676
2021-03-08,gc1s,0.9985829234023378,0.0183583028385725,0.010710903162676
2021-03-08,hg1s,0.9985829234023378,0.0183583028385725,0.010710903162676
2021-03-08,ho1s,0.9985829234023378,0.0183583028385725,0.010710903162676
2021-03-08,ng1s,0.9985829234023378,0.0183583028385725,0.010710903162676
2021-03-08,nq1s,0.9985829234023378,0.0183583028385725,0.010710903162676
2021-03-08,pl1s,0.9985829234023378,0.0183583028385725,0.010710903162676
2021-03-08,rb1s,0.9985829234023378,0.0183583028385725,0.010710903162676
2021-03-08,si1s,0.9985829234023378,0.0183583028385725,0.010710903162676
2021-03-09,cl1s,0.9978010903044976,0.0191102875589774,0.0156533638767945
2021-03-09,es1s,0.9978010903044976,0.0191102875589774,0.0156533638767945
2021-03-09,fesx1s,0.9978010903044976,0.0191102875589774,0.0156533638767945
2021-03-09,gc1s,0.9978010903044976,0.0191102875589774,0.0156533638767945
2021-03-09,hg1s,0.9978010903044976,0.0191102875589774,0.0156533638767945
2021-03-09,ho1s,0.9978010903044976,0.0191102875589774,0.0156533638767945
2021-03-09,ng1s,0.9978010903044976,0.0191102875589774,0.0156533638767945
2021-03-09,nq1s,0.9978010903044976,0.0191102875589774,0.0156533638767945
2021-03-09,pl1s,0.9978010903044976,0.0191102875589774,0.0156533638767945
2021-03-09,rb1s,0.9978010903044976,0.0191102875589774,0.0156533638767945
2021-03-09,si1s,0.9978010903044976,0.0191102875589774,0.0156533638767945
2021-03-10,cl1s,0.9983111771718162,0.018619674496724,0.0124683740135742
2021-03-10,es1s,0.9983111771718162,0.018619674496724,0.0124683740135742
2021-03-10,fesx1s,0.9983111771718162,0.018619674496724,0.0124683740135742
2021-03-10,gc1s,0.9983111771718162,0.018619674496724,0.0124683740135742
2021-03-10,hg1s,0.9983111771718162,0.018619674496724,0.0124683740135742
2021-03-10,ho1s,0.9983111771718162,0.018619674496724,0.0124683740135742
2021-03-10,ng1s,0.9983111771718162,0.018619674496724,0.0124683740135742
2021-03-10,nq1s,0.9983111771718162,0.018619674496724,0.0124683740135742
2021-03-10,pl1s,0.9983111771718162,0.018619674496724,0.0124683740135742
2021-03-10,rb1s,0.9983111771718162,0.018619674496724,0.0124683740135742
2021-03-10,si1s,0.9983111771718162,0.018619674496724,0.0124683740135742
2021-03-11,cl1s,0.9996765002208684,0.0173064759711824,0.0029231926454779
2021-03-11,es1s,0.9996765002208684,0.0173064759711824,0.0029231926454779
2021-03-11,fesx1s,0.9996765002208684,0.0173064759711824,0.0029231926454779
2021-03-11,gc1s,0.9996765002208684,0.0173064759711824,0.0029231926454779
2021-03-11,hg1s,0.9996765002208684,0.0173064759711824,0.0029231926454779
2021-03-11,ho1s,0.9996765002208684,0.0173064759711824,0.0029231926454779
2021-03-11,ng1s,0.9996765002208684,0.0173064759711824,0.0029231926454779
2021-03-11,nq1s,0.9996765002208684,0.0173064759711824,0.0029231926454779
2021-03-11,pl1s,0.9996765002208684,0.0173064759711824,0.0029231926454779
2021-03-11,rb1s,0.9996765002208684,0.0173064759711824,0.0029231926454779
2021-03-11,si1s,0.9996765002208684,0.0173064759711824,0.0029231926454779
2021-03-12,cl1s,0.9997270172044848,0.0172578875961117,0.0025130701378326
2021-03-12,es1s,0.9997270172044848,0.0172578875961117,0.0025130701378326
2021-03-12,fesx1s,0.9997270172044848,0.0172578875961117,0.0025130701378326
2021-03-12,gc1s,0.9997270172044848,0.0172578875961117,0.0025130701378326
2021-03-12,hg1s,0.9997270172044848,0.0172578875961117,0.0025130701378326
2021-03-12,ho1s,0.9997270172044848,0.0172578875961117,0.0025130701378326
2021-03-12,ng1s,0.9997270172044848,0.0172578875961117,0.0025130701378326
2021-03-12,nq1s,0.9997270172044848,0.0172578875961117,0.0025130701378326
2021-03-12,pl1s,0.9997270172044848,0.0172578875961117,0.0025130701378326
2021-03-12,rb1s,0.9997270172044848,0.0172578875961117,0.0025130701378326
2021-03-12,si1s,0.9997270172044848,0.0172578875961117,0.0025130701378326
2021-03-15,cl1s,0.9997105520831656,0.0172737241214338,0.0026476931092152
2021-03-15,es1s,0.9997105520831656,0.0172737241214338,0.0026476931092152
2021-03-15,fesx1s,0.9997105520831656,0.0172737241214338,0.0026476931092152
2021-03-15,gc1s,0.9997105520831656,0.0172737241214338,0.0026476931092152
2021-03-15,hg1s,0.9997105520831656,0.0172737241214338,0.0026476931092152
2021-03-15,ho1s,0.9997105520831656,0.0172737241214338,0.0026476931092152
2021-03-15,ng1s,0.9997105520831656,0.0172737241214338,0.0026476931092152
2021-03-15,nq1s,0.9997105520831656,0.0172737241214338,0.0026476931092152
2021-03-15,pl1s,0.9997105520831656,0.0172737241214338,0.0026476931092152
2021-03-15,rb1s,0.9997105520831656,0.0172737241214338,0.0026476931092152
2021-03-15,si1s,0.9997105520831656,0.0172737241214338,0.0026476931092152
2021-03-16,cl1s,0.999643226007375,0.017338479860759,0.0031889278764927
2021-03-16,es1s,0.999643226007375,0.017338479860759,0.0031889278764927
2021-03-16,fesx1s,0.999643226007375,0.017338479860759,0.0031889278764927
2021-03-16,gc1s,0.999643226007375,0.017338479860759,0.0031889278764927
2021-03-16,hg1s,0.999643226007375,0.017338479860759,0.0031889278764927
2021-03-16,ho1s,0.999643226007375,0.017338479860759,0.0031889278764927
2021-03-16,ng1s,0.999643226007375,0.017338479860759,0.0031889278764927
2021-03-16,nq1s,0.999643226007375,0.017338479860759,0.0031889278764927
2021-03-16,pl1s,0.999643226007375,0.017338479860759,0.0031889278764927
2021-03-16,rb1s,0.999643226007375,0.017338479860759,0.0031889278764927
2021-03-16,si1s,0.999643226007375,0.017338479860759,0.0031889278764927
2021-03-17,cl1s,0.998830434270982,0.0181202412984965,0.0090647633454093
2021-03-17,es1s,0.998830434270982,0.0181202412984965,0.0090647633454093
2021-03-17,fesx1s,0.998830434270982,0.0181202412984965,0.0090647633454093
2021-03-17,gc1s,0.998830434270982,0.0181202412984965,0.0090647633454093
2021-03-17,hg1s,0.998830434270982,0.0181202412984965,0.0090647633454093
2021-03-17,ho1s,0.998830434270982,0.0181202412984965,0.0090647633454093
2021-03-17,ng1s,0.998830434270982,0.0181202412984965,0.0090647633454093
2021-03-17,nq1s,0.998830434270982,0.0181202412984965,0.0090647633454093
2021-03-17,pl1s,0.998830434270982,0.0181202412984965,0.0090647633454093
2021-03-17,rb1s,0.998830434270982,0.0181202412984965,0.0090647633454093
2021-03-17,si1s,0.998830434270982,0.0181202412984965,0.0090647633454093
2021-03-18,cl1s,0.9942778274343226,0.0224990413117397,0.0352516739354742
2021-03-18,es1s,0.9942778274343226,0.0224990413117397,0.0352516739354742
2021-03-18,fesx1s,0.9942778274343226,0.0224990413117397,0.0352516739354742
2021-03-18,gc1s,0.9942778274343226,0.0224990413117397,0.0352516739354742
2021-03-18,hg1s,0.9942778274343226,0.0224990413117397,0.0352516739354742
2021-03-18,ho1s,0.9942778274343226,0.0224990413117397,0.0352516739354742
2021-03-18,ng1s,0.9942778274343226,0.0224990413117397,0.0352516739354742
2021-03-18,nq1s,0.9942778274343226,0.0224990413117397,0.0352516739354742
2021-03-18,pl1s,0.9942778274343226,0.0224990413117397,0.0352516739354742
2021-03-18,rb1s,0.9942778274343226,0.0224990413117397,0.0352516739354742
2021-03-18,si1s,0.9942778274343226,0.0224990413117397,0.0352516739354742
2021-03-19,cl1s,0.992559808701336,0.0241514705068494,0.0438757705668584
2021-03-19,es1s,0.992559808701336,0.0241514705068494,0.0438757705668584
2021-03-19,fesx1s,0.992559808701336,0.0241514705068494,0.0438757705668584
2021-03-19,gc1s,0.992559808701336,0.0241514705068494,0.0438757705668584
2021-03-19,hg1s,0.992559808701336,0.0241514705068494,0.0438757705668584
2021-03-19,ho1s,0.992559808701336,0.0241514705068494,0.0438757705668584
2021-03-19,ng1s,0.992559808701336,0.0241514705068494,0.0438757705668584
2021-03-19,nq1s,0.992559808701336,0.0241514705068494,0.0438757705668584
2021-03-19,pl1s,0.992559808701336,0.0241514705068494,0.0438757705668584
2021-03-19,rb1s,0.992559808701336,0.0241514705068494,0.0438757705668584
2021-03-19,si1s,0.992559808701336,0.0241514705068494,0.0438757705668584
2021-03-22,cl1s,0.9988093341849926,0.0181405358374552,0.0092069985026515
2021-03-22,es1s,0.9988093341849926,0.0181405358374552,0.0092069985026515
2021-03-22,fesx1s,0.9988093341849926,0.0181405358374552,0.0092069985026515
2021-03-22,gc1s,0.9988093341849926,0.0181405358374552,0.0092069985026515
2021-03-22,hg1s,0.9988093341849926,0.0181405358374552,0.0092069985026515
2021-03-22,ho1s,0.9988093341849926,0.0181405358374552,0.0092069985026515
2021-03-22,ng1s,0.9988093341849926,0.0181405358374552,0.0092069985026515
2021-03-22,nq1s,0.9988093341849926,0.0181405358374552,0.0092069985026515
2021-03-22,pl1s,0.9988093341849926,0.0181405358374552,0.0092069985026515
2021-03-22,rb1s,0.9988093341849926,0.0181405358374552,0.0092069985026515
2021-03-22,si1s,0.9988093341849926,0.0181405358374552,0.0092069985026515
2021-03-23,cl1s,0.9988600596894356,0.0180917469023468,0.0088644143193401
2021-03-23,es1s,0.9988600596894356,0.0180917469023468,0.0088644143193401
2021-03-23,fesx1s,0.9988600596894356,0.0180917469023468,0.0088644143193401
2021-03-23,gc1s,0.9988600596894356,0.0180917469023468,0.0088644143193401
2021-03-23,hg1s,0.9988600596894356,0.0180917469023468,0.0088644143193401
2021-03-23,ho1s,0.9988600596894356,0.0180917469023468,0.0088644143193401
2021-03-23,ng1s,0.9988600596894356,0.0180917469023468,0.0088644143193401
2021-03-23,nq1s,0.9988600596894356,0.0180917469023468,0.0088644143193401
2021-03-23,pl1s,0.9988600596894356,0.0180917469023468,0.0088644143193401
2021-03-23,rb1s,0.9988600596894356,0.0180917469023468,0.0088644143193401
2021-03-23,si1s,0.9988600596894356,0.0180917469023468,0.0088644143193401
2021-03-24,cl1s,0.9994418527369792,0.0175321652174595,0.0047390099473473
2021-03-24,es1s,0.9994418527369792,0.0175321652174595,0.0047390099473473
2021-03-24,fesx1s,0.9994418527369792,0.0175321652174595,0.0047390099473473
2021-03-24,gc1s,0.9994418527369792,0.0175321652174595,0.0047390099473473
2021-03-24,hg1s,0.9994418527369792,0.0175321652174595,0.0047390099473473
2021-03-24,ho1s,0.9994418527369792,0.0175321652174595,0.0047390099473473
2021-03-24,ng1s,0.9994418527369792,0.0175321652174595,0.0047390099473473
2021-03-24,nq1s,0.9994418527369792,0.0175321652174595,0.0047390099473473
2021-03-24,pl1s,0.9994418527369792,0.0175321652174595,0.0047390099473473
2021-03-24,rb1s,0.9994418527369792,0.0175321652174595,0.0047390099473473
2021-03-24,si1s,0.9994418527369792,0.0175321652174595,0.0047390099473473
2021-03-25,cl1s,0.998919240527402,0.0180348254366094,0.0084618610799204
2021-03-25,es1s,0.998919240527402,0.0180348254366094,0.0084618610799204
2021-03-25,fesx1s,0.998919240527402,0.0180348254366094,0.0084618610799204
2021-03-25,gc1s,0.998919240527402,0.0180348254366094,0.0084618610799204
2021-03-25,hg1s,0.998919240527402,0.0180348254366094,0.0084618610799204
2021-03-25,ho1s,0.998919240527402,0.0180348254366094,0.0084618610799204
2021-03-25,ng1s,0.998919240527402,0.0180348254366094,0.0084618610799204
2021-03-25,nq1s,0.998919240527402,0.0180348254366094,0.0084618610799204
2021-03-25,pl1s,0.998919240527402,0.0180348254366094,0.0084618610799204
2021-03-25,rb1s,0.998919240527402,0.0180348254366094,0.0084618610799204
2021-03-25,si1s,0.998919240527402,0.0180348254366094,0.0084618610799204
2021-03-26,cl1s,0.9996181407405602,0.0173626074365856,0.0033871937763278
2021-03-26,es1s,0.9996181407405602,0.0173626074365856,0.0033871937763278
2021-03-26,fesx1s,0.9996181407405602,0.0173626074365856,0.0033871937763278
2021-03-26,gc1s,0.9996181407405602,0.0173626074365856,0.0033871937763278
2021-03-26,hg1s,0.9996181407405602,0.0173626074365856,0.0033871937763278
2021-03-26,ho1s,0.9996181407405602,0.0173626074365856,0.0033871937763278
2021-03-26,ng1s,0.9996181407405602,0.0173626074365856,0.0033871937763278
2021-03-26,nq1s,0.9996181407405602,0.0173626074365856,0.0033871937763278
2021-03-26,pl1s,0.9996181407405602,0.0173626074365856,0.0033871937763278
2021-03-26,rb1s,0.9996181407405602,0.0173626074365856,0.0033871937763278
2021-03-26,si1s,0.9996181407405602,0.0173626074365856,0.0033871937763278
2021-03-29,cl1s,0.9998584976030984,0.0171314267810563,0.0013956555662714
2021-03-29,es1s,0.9998584976030984,0.0171314267810563,0.0013956555662714
2021-03-29,fesx1s,0.9998584976030984,0.0171314267810563,0.0013956555662714
2021-03-29,gc1s,0.9998584976030984,0.0171314267810563,0.0013956555662714
2021-03-29,hg1s,0.9998584976030984,0.0171314267810563,0.0013956555662714
2021-03-29,ho1s,0.9998584976030984,0.0171314267810563,0.0013956555662714
2021-03-29,ng1s,0.9998584976030984,0.0171314267810563,0.0013956555662714
2021-03-29,nq1s,0.9998584976030984,0.0171314267810563,0.0013956555662714
2021-03-29,pl1s,0.9998584976030984,0.0171314267810563,0.0013956555662714
2021-03-29,rb1s,0.9998584976030984,0.0171314267810563,0.0013956555662714
2021-03-29,si1s,0.9998584976030984,0.0171314267810563,0.0013956555662714
2021-03-30,cl1s,0.999898317453932,0.0170931271497432,0.0010365116132489
2021-03-30,es1s,0.999898317453932,0.0170931271497432,0.0010365116132489
2021-03-30,fesx1s,0.999898317453932,0.0170931271497432,0.0010365116132489
2021-03-30,gc1s,0.999898317453932,0.0170931271497432,0.0010365116132489
2021-03-30,hg1s,0.999898317453932,0.0170931271497432,0.0010365116132489
2021-03-30,ho1s,0.999898317453932,0.0170931271497432,0.0010365116132489
2021-03-30,ng1s,0.999898317453932,0.0170931271497432,0.0010365116132489
2021-03-30,nq1s,0.999898317453932,0.0170931271497432,0.0010365116132489
2021-03-30,pl1s,0.999898317453932,0.0170931271497432,0.0010365116132489
2021-03-30,rb1s,0.999898317453932,0.0170931271497432,0.0010365116132489
2021-03-30,si1s,0.999898317453932,0.0170931271497432,0.0010365116132489
2021-03-31,cl1s,0.9999855868215898,0.0170091895021567,0.0001750820725984
2021-03-31,es1s,0.9999855868215898,0.0170091895021567,0.0001750820725984
2021-03-31,fesx1s,0.9999855868215898,0.0170091895021567,0.0001750820725984
2021-03-31,gc1s,0.9999855868215898,0.0170091895021567,0.0001750820725984
2021-03-31,hg1s,0.9999855868215898,0.0170091895021567,0.0001750820725984
2021-03-31,ho1s,0.9999855868215898,0.0170091895021567,0.0001750820725984
2021-03-31,ng1s,0.9999855868215898,0.0170091895021567,0.0001750820725984
2021-03-31,nq1s,0.9999855868215898,0.0170091895021567,0.0001750820725984
2021-03-31,pl1s,0.9999855868215898,0.0170091895021567,0.0001750820725984
2021-03-31,rb1s,0.9999855868215898,0.0170091895021567,0.0001750820725984
2021-03-31,si1s,0.9999855868215898,0.0170091895021567,0.0001750820725984
2021-04-01,cl1s,0.999993637046987,0.0170014466136668,8.249577996656849e-05
2021-04-01,es1s,0.999993637046987,0.0170014466136668,8.249577996656849e-05
2021-04-01,fesx1s,0.999993637046987,0.0170014466136668,8.249577996656849e-05
2021-04-01,gc1s,0.999993637046987,0.0170014466136668,8.249577996656849e-05
2021-04-01,hg1s,0.999993637046987,0.0170014466136668,8.249577996656849e-05
2021-04-01,ho1s,0.999993637046987,0.0170014466136668,8.249577996656849e-05
2021-04-01,ng1s,0.999993637046987,0.0170014466136668,8.249577996656849e-05
2021-04-01,nq1s,0.999993637046987,0.0170014466136668,8.249577996656849e-05
2021-04-01,pl1s,0.999993637046987,0.0170014466136668,8.249577996656849e-05
2021-04-01,rb1s,0.999993637046987,0.0170014466136668,8.249577996656849e-05
2021-04-01,si1s,0.999993637046987,0.0170014466136668,8.249577996656849e-05
2021-04-02,cl1s,0.9999951083967568,0.0170000314362482,6.470606900881139e-05
2021-04-02,es1s,0.9999951083967568,0.0170000314362482,6.470606900881139e-05
2021-04-02,fesx1s,0.9999951083967568,0.0170000314362482,6.470606900881139e-05
2021-04-02,gc1s,0.9999951083967568,0.0170000314362482,6.470606900881139e-05
2021-04-02,hg1s,0.9999951083967568,0.0170000314362482,6.470606900881139e-05
2021-04-02,ho1s,0.9999951083967568,0.0170000314362482,6.470606900881139e-05
2021-04-02,ng1s,0.9999951083967568,0.0170000314362482,6.470606900881139e-05
2021-04-02,nq1s,0.9999951083967568,0.0170000314362482,6.470606900881139e-05
2021-04-02,pl1s,0.9999951083967568,0.0170000314362482,6.470606900881139e-05
2021-04-02,rb1s,0.9999951083967568,0.0170000314362482,6.470606900881139e-05
2021-04-02,si1s,0.9999951083967568,0.0170000314362482,6.470606900881139e-05
2021-04-05,cl1s,0.9999977356150098,0.0169975045184325,3.169732807772311e-05
2021-04-05,es1s,0.9999977356150098,0.0169975045184325,3.169732807772311e-05
2021-04-05,fesx1s,0.9999977356150098,0.0169975045184325,3.169732807772311e-05
2021-04-05,gc1s,0.9999977356150098,0.0169975045184325,3.169732807772311e-05
2021-04-05,hg1s,0.9999977356150098,0.0169975045184325,3.169732807772311e-05
2021-04-05,ho1s,0.9999977356150098,0.0169975045184325,3.169732807772311e-05
2021-04-05,ng1s,0.9999977356150098,0.0169975045184325,3.169732807772311e-05
2021-04-05,nq1s,0.9999977356150098,0.0169975045184325,3.169732807772311e-05
2021-04-05,pl1s,0.9999977356150098,0.0169975045184325,3.169732807772311e-05
2021-04-05,rb1s,0.9999977356150098,0.0169975045184325,3.169732807772311e-05
2021-04-05,si1s,0.9999977356150098,0.0169975045184325,3.169732807772311e-05
2021-04-06,cl1s,0.9999972690600996,0.016997953261476,3.7716637799861735e-05
2021-04-06,es1s,0.9999972690600996,0.016997953261476,3.7716637799861735e-05
2021-04-06,fesx1s,0.9999972690600996,0.016997953261476,3.7716637799861735e-05
2021-04-06,gc1s,0.9999972690600996,0.016997953261476,3.7716637799861735e-05
2021-04-06,hg1s,0.9999972690600996,0.016997953261476,3.7716637799861735e-05
2021-04-06,ho1s,0.9999972690600996,0.016997953261476,3.7716637799861735e-05
2021-04-06,ng1s,0.9999972690600996,0.016997953261476,3.7716637799861735e-05
2021-04-06,nq1s,0.9999972690600996,0.016997953261476,3.7716637799861735e-05
2021-04-06,pl1s,0.9999972690600996,0.016997953261476,3.7716637799861735e-05
2021-04-06,rb1s,0.9999972690600996,0.016997953261476,3.7716637799861735e-05
2021-04-06,si1s,0.9999972690600996,0.016997953261476,3.7716637799861735e-05
2021-04-07,cl1s,0.9999977093585288,0.0169975297725088,3.2038463562349335e-05
2021-04-07,es1s,0.9999977093585288,0.0169975297725088,3.2038463562349335e-05
2021-04-07,fesx1s,0.9999977093585288,0.0169975297725088,3.2038463562349335e-05
2021-04-07,gc1s,0.9999977093585288,0.0169975297725088,3.2038463562349335e-05
2021-04-07,hg1s,0.9999977093585288,0.0169975297725088,3.2038463562349335e-05
2021-04-07,ho1s,0.9999977093585288,0.0169975297725088,3.2038463562349335e-05
2021-04-07,ng1s,0.9999977093585288,0.0169975297725088,3.2038463562349335e-05
2021-04-07,nq1s,0.9999977093585288,0.0169975297725088,3.2038463562349335e-05
2021-04-07,pl1s,0.9999977093585288,0.0169975297725088,3.2038463562349335e-05
2021-04-07,rb1s,0.9999977093585288,0.0169975297725088,3.2038463562349335e-05
2021-04-07,si1s,0.9999977093585288,0.0169975297725088,3.2038463562349335e-05
2021-04-08,cl1s,0.9999954446117646,0.0169997080570642,6.05830079193994e-05
2021-04-08,es1s,0.9999954446117646,0.0169997080570642,6.05830079193994e-05
2021-04-08,fesx1s,0.9999954446117646,0.0169997080570642,6.05830079193994e-05
2021-04-08,gc1s,0.9999954446117646,0.0169997080570642,6.05830079193994e-05
2021-04-08,hg1s,0.9999954446117646,0.0169997080570642,6.05830079193994e-05
2021-04-08,ho1s,0.9999954446117646,0.0169997080570642,6.05830079193994e-05
2021-04-08,ng1s,0.9999954446117646,0.0169997080570642,6.05830079193994e-05
2021-04-08,nq1s,0.9999954446117646,0.0169997080570642,6.05830079193994e-05
2021-04-08,pl1s,0.9999954446117646,0.0169997080570642,6.05830079193994e-05
2021-04-08,rb1s,0.9999954446117646,0.0169997080570642,6.05830079193994e-05
2021-04-08,si1s,0.9999954446117646,0.0169997080570642,6.05830079193994e-05
2021-04-09,cl1s,0.9999940565788464,0.0170010430984545,7.746193129347856e-05
2021-04-09,es1s,0.9999940565788464,0.0170010430984545,7.746193129347856e-05
2021-04-09,fesx1s,0.9999940565788464,0.0170010430984545,7.746193129347856e-05
2021-04-09,gc1s,0.9999940565788464,0.0170010430984545,7.746193129347856e-05
2021-04-09,hg1s,0.9999940565788464,0.0170010430984545,7.746193129347856e-05
2021-04-09,ho1s,0.9999940565788464,0.0170010430984545,7.746193129347856e-05
2021-04-09,ng1s,0.9999940565788464,0.0170010430984545,7.746193129347856e-05
2021-04-09,nq1s,0.9999940565788464,0.0170010430984545,7.746193129347856e-05
2021-04-09,pl1s,0.9999940565788464,0.0170010430984545,7.746193129347856e-05
2021-04-09,rb1s,0.9999940565788464,0.0170010430984545,7.746193129347856e-05
2021-04-09,si1s,0.9999940565788464,0.0170010430984545,7.746193129347856e-05
2021-04-12,cl1s,0.9999927500848064,0.0170022997139114,9.304916096909752e-05
2021-04-12,es1s,0.9999927500848064,0.0170022997139114,9.304916096909752e-05
2021-04-12,fesx1s,0.9999927500848064,0.0170022997139114,9.304916096909752e-05
2021-04-12,gc1s,0.9999927500848064,0.0170022997139114,9.304916096909752e-05
2021-04-12,hg1s,0.9999927500848064,0.0170022997139114,9.304916096909752e-05
2021-04-12,ho1s,0.9999927500848064,0.0170022997139114,9.304916096909752e-05
2021-04-12,ng1s,0.9999927500848064,0.0170022997139114,9.304916096909752e-05
2021-04-12,nq1s,0.9999927500848064,0.0170022997139114,9.304916096909752e-05
2021-04-12,pl1s,0.9999927500848064,0.0170022997139114,9.304916096909752e-05
2021-04-12,rb1s,0.9999927500848064,0.0170022997139114,9.304916096909752e-05
2021-04-12,si1s,0.9999927500848064,0.0170022997139114,9.304916096909752e-05
2021-04-13,cl1s,0.9999592374456292,0.0170345329266925,0.0004527792972997
2021-04-13,es1s,0.9999592374456292,0.0170345329266925,0.0004527792972997
2021-04-13,fesx1s,0.9999592374456292,0.0170345329266925,0.0004527792972997
2021-04-13,gc1s,0.9999592374456292,0.0170345329266925,0.0004527792972997
2021-04-13,hg1s,0.9999592374456292,0.0170345329266925,0.0004527792972997
2021-04-13,ho1s,0.9999592374456292,0.0170345329266925,0.0004527792972997
2021-04-13,ng1s,0.9999592374456292,0.0170345329266925,0.0004527792972997
2021-04-13,nq1s,0.9999592374456292,0.0170345329266925,0.0004527792972997
2021-04-13,pl1s,0.9999592374456292,0.0170345329266925,0.0004527792972997
2021-04-13,rb1s,0.9999592374456292,0.0170345329266925,0.0004527792972997
2021-04-13,si1s,0.9999592374456292,0.0170345329266925,0.0004527792972997
2021-04-14,cl1s,0.9999812317747714,0.0170133782844851,0.0002230291242854
2021-04-14,es1s,0.9999812317747714,0.0170133782844851,0.0002230291242854
2021-04-14,fesx1s,0.9999812317747714,0.0170133782844851,0.0002230291242854
2021-04-14,gc1s,0.9999812317747714,0.0170133782844851,0.0002230291242854
2021-04-14,hg1s,0.9999812317747714,0.0170133782844851,0.0002230291242854
2021-04-14,ho1s,0.9999812317747714,0.0170133782844851,0.0002230291242854
2021-04-14,ng1s,0.9999812317747714,0.0170133782844851,0.0002230291242854
2021-04-14,nq1s,0.9999812317747714,0.0170133782844851,0.0002230291242854
2021-04-14,pl1s,0.9999812317747714,0.0170133782844851,0.0002230291242854
2021-04-14,rb1s,0.9999812317747714,0.0170133782844851,0.0002230291242854
2021-04-14,si1s,0.9999812317747714,0.0170133782844851,0.0002230291242854
2021-04-15,cl1s,0.9999741095297068,0.0170202286205462,0.0002993358478664
2021-04-15,es1s,0.9999741095297068,0.0170202286205462,0.0002993358478664
2021-04-15,fesx1s,0.9999741095297068,0.0170202286205462,0.0002993358478664
2021-04-15,gc1s,0.9999741095297068,0.0170202286205462,0.0002993358478664
2021-04-15,hg1s,0.9999741095297068,0.0170202286205462,0.0002993358478664
2021-04-15,ho1s,0.9999741095297068,0.0170202286205462,0.0002993358478664
2021-04-15,ng1s,0.9999741095297068,0.0170202286205462,0.0002993358478664
2021-04-15,nq1s,0.9999741095297068,0.0170202286205462,0.0002993358478664
2021-04-15,pl1s,0.9999741095297068,0.0170202286205462,0.0002993358478664
2021-04-15,rb1s,0.9999741095297068,0.0170202286205462,0.0002993358478664
2021-04-15,si1s,0.9999741095297068,0.0170202286205462,0.0002993358478664
2021-04-16,cl1s,0.9999803728055288,0.0170142044604907,0.0002323582035163
2021-04-16,es1s,0.9999803728055288,0.0170142044604907,0.0002323582035163
2021-04-16,fesx1s,0.9999803728055288,0.0170142044604907,0.0002323582035163
2021-04-16,gc1s,0.9999803728055288,0.0170142044604907,0.0002323582035163
2021-04-16,hg1s,0.9999803728055288,0.0170142044604907,0.0002323582035163
2021-04-16,ho1s,0.9999803728055288,0.0170142044604907,0.0002323582035163
2021-04-16,ng1s,0.9999803728055288,0.0170142044604907,0.0002323582035163
2021-04-16,nq1s,0.9999803728055288,0.0170142044604907,0.0002323582035163
2021-04-16,pl1s,0.9999803728055288,0.0170142044604907,0.0002323582035163
2021-04-16,rb1s,0.9999803728055288,0.0170142044604907,0.0002323582035163
2021-04-16,si1s,0.9999803728055288,0.0170142044604907,0.0002323582035163
2021-04-19,cl1s,0.999955523480308,0.0170381051023668,0.0004901546824316
2021-04-19,es1s,0.999955523480308,0.0170381051023668,0.0004901546824316
2021-04-19,fesx1s,0.999955523480308,0.0170381051023668,0.0004901546824316
2021-04-19,gc1s,0.999955523480308,0.0170381051023668,0.0004901546824316
2021-04-19,hg1s,0.999955523480308,0.0170381051023668,0.0004901546824316
2021-04-19,ho1s,0.999955523480308,0.0170381051023668,0.0004901546824316
2021-04-19,ng1s,0.999955523480308,0.0170381051023668,0.0004901546824316
2021-04-19,nq1s,0.999955523480308,0.0170381051023668,0.0004901546824316
2021-04-19,pl1s,0.999955523480308,0.0170381051023668,0.0004901546824316
2021-04-19,rb1s,0.999955523480308,0.0170381051023668,0.0004901546824316
2021-04-19,si1s,0.999955523480308,0.0170381051023668,0.0004901546824316
2021-04-20,cl1s,0.999845018316226,0.0171443914634136,0.0015145005604972
2021-04-20,es1s,0.999845018316226,0.0171443914634136,0.0015145005604972
2021-04-20,fesx1s,0.999845018316226,0.0171443914634136,0.0015145005604972
2021-04-20,gc1s,0.999845018316226,0.0171443914634136,0.0015145005604972
2021-04-20,hg1s,0.999845018316226,0.0171443914634136,0.0015145005604972
2021-04-20,ho1s,0.999845018316226,0.0171443914634136,0.0015145005604972
2021-04-20,ng1s,0.999845018316226,0.0171443914634136,0.0015145005604972
2021-04-20,nq1s,0.999845018316226,0.0171443914634136,0.0015145005604972
2021-04-20,pl1s,0.999845018316226,0.0171443914634136,0.0015145005604972
2021-04-20,rb1s,0.999845018316226,0.0171443914634136,0.0015145005604972
2021-04-20,si1s,0.999845018316226,0.0171443914634136,0.0015145005604972
2021-04-21,cl1s,0.9999319697363924,0.0170607596249009,0.0007208162828103
2021-04-21,es1s,0.9999319697363924,0.0170607596249009,0.0007208162828103
2021-04-21,fesx1s,0.9999319697363924,0.0170607596249009,0.0007208162828103
2021-04-21,gc1s,0.9999319697363924,0.0170607596249009,0.0007208162828103
2021-04-21,hg1s,0.9999319697363924,0.0170607596249009,0.0007208162828103
2021-04-21,ho1s,0.9999319697363924,0.0170607596249009,0.0007208162828103
2021-04-21,ng1s,0.9999319697363924,0.0170607596249009,0.0007208162828103
2021-04-21,nq1s,0.9999319697363924,0.0170607596249009,0.0007208162828103
2021-04-21,pl1s,0.9999319697363924,0.0170607596249009,0.0007208162828103
2021-04-21,rb1s,0.9999319697363924,0.0170607596249009,0.0007208162828103
2021-04-21,si1s,0.9999319697363924,0.0170607596249009,0.0007208162828103
2021-04-22,cl1s,0.9998519856044188,0.01713769016837,0.0014532241352196
2021-04-22,es1s,0.9998519856044188,0.01713769016837,0.0014532241352196
2021-04-22,fesx1s,0.9998519856044188,0.01713769016837,0.0014532241352196
2021-04-22,gc1s,0.9998519856044188,0.01713769016837,0.0014532241352196
2021-04-22,hg1s,0.9998519856044188,0.01713769016837,0.0014532241352196
2021-04-22,ho1s,0.9998519856044188,0.01713769016837,0.0014532241352196
2021-04-22,ng1s,0.9998519856044188,0.01713769016837,0.0014532241352196
2021-04-22,nq1s,0.9998519856044188,0.01713769016837,0.0014532241352196
2021-04-22,pl1s,0.9998519856044188,0.01713769016837,0.0014532241352196
2021-04-22,rb1s,0.9998519856044188,0.01713769016837,0.0014532241352196
2021-04-22,si1s,0.9998519856044188,0.01713769016837,0.0014532241352196
2021-04-23,cl1s,0.9999242320111096,0.0170682019437273,0.0007946392698879
2021-04-23,es1s,0.9999242320111096,0.0170682019437273,0.0007946392698879
2021-04-23,fesx1s,0.9999242320111096,0.0170682019437273,0.0007946392698879
2021-04-23,gc1s,0.9999242320111096,0.0170682019437273,0.0007946392698879
2021-04-23,hg1s,0.9999242320111096,0.0170682019437273,0.0007946392698879
2021-04-23,ho1s,0.9999242320111096,0.0170682019437273,0.0007946392698879
2021-04-23,ng1s,0.9999242320111096,0.0170682019437273,0.0007946392698879
2021-04-23,nq1s,0.9999242320111096,0.0170682019437273,0.0007946392698879
2021-04-23,pl1s,0.9999242320111096,0.0170682019437273,0.0007946392698879
2021-04-23,rb1s,0.9999242320111096,0.0170682019437273,0.0007946392698879
2021-04-23,si1s,0.9999242320111096,0.0170682019437273,0.0007946392698879
2021-04-26,cl1s,0.9999801590350152,0.0170144100697959,0.000234674011266
2021-04-26,es1s,0.9999801590350152,0.0170144100697959,0.000234674011266
2021-04-26,fesx1s,0.9999801590350152,0.0170144100697959,0.000234674011266
2021-04-26,gc1s,0.9999801590350152,0.0170144100697959,0.000234674011266
2021-04-26,hg1s,0.9999801590350152,0.0170144100697959,0.000234674011266
2021-04-26,ho1s,0.9999801590350152,0.0170144100697959,0.000234674011266
2021-04-26,ng1s,0.9999801590350152,0.0170144100697959,0.000234674011266
2021-04-26,nq1s,0.9999801590350152,0.0170144100697959,0.000234674011266
2021-04-26,pl1s,0.9999801590350152,0.0170144100697959,0.000234674011266
2021-04-26,rb1s,0.9999801590350152,0.0170144100697959,0.000234674011266
2021-04-26,si1s,0.9999801590350152,0.0170144100697959,0.000234674011266
2021-04-27,cl1s,0.9999682563402612,0.0170258583502683,0.0003605381917162
2021-04-27,es1s,0.9999682563402612,0.0170258583502683,0.0003605381917162
2021-04-27,fesx1s,0.9999682563402612,0.0170258583502683,0.0003605381917162
2021-04-27,gc1s,0.9999682563402612,0.0170258583502683,0.0003605381917162
2021-04-27,hg1s,0.9999682563402612,0.0170258583502683,0.0003605381917162
2021-04-27,ho1s,0.9999682563402612,0.0170258583502683,0.0003605381917162
2021-04-27,ng1s,0.9999682563402612,0.0170258583502683,0.0003605381917162
2021-04-27,nq1s,0.9999682563402612,0.0170258583502683,0.0003605381917162
2021-04-27,pl1s,0.9999682563402612,0.0170258583502683,0.0003605381917162
2021-04-27,rb1s,0.9999682563402612,0.0170258583502683,0.0003605381917162
2021-04-27,si1s,0.9999682563402612,0.0170258583502683,0.0003605381917162
2021-04-28,cl1s,0.9999548078022004,0.0170387934577245,0.0004973204105997
2021-04-28,es1s,0.9999548078022004,0.0170387934577245,0.0004973204105997
2021-04-28,fesx1s,0.9999548078022004,0.0170387934577245,0.0004973204105997
2021-04-28,gc1s,0.9999548078022004,0.0170387934577245,0.0004973204105997
2021-04-28,hg1s,0.9999548078022004,0.0170387934577245,0.0004973204105997
2021-04-28,ho1s,0.9999548078022004,0.0170387934577245,0.0004973204105997
2021-04-28,ng1s,0.9999548078022004,0.0170387934577245,0.0004973204105997
2021-04-28,nq1s,0.9999548078022004,0.0170387934577245,0.0004973204105997
2021-04-28,pl1s,0.9999548078022004,0.0170387934577245,0.0004973204105997
2021-04-28,rb1s,0.9999548078022004,0.0170387934577245,0.0004973204105997
2021-04-28,si1s,0.9999548078022004,0.0170387934577245,0.0004973204105997
2021-04-29,cl1s,0.9999548186441414,0.0170387830297009,0.0004972119406569
2021-04-29,es1s,0.9999548186441414,0.0170387830297009,0.0004972119406569
2021-04-29,fesx1s,0.9999548186441414,0.0170387830297009,0.0004972119406569
2021-04-29,gc1s,0.9999548186441414,0.0170387830297009,0.0004972119406569
2021-04-29,hg1s,0.9999548186441414,0.0170387830297009,0.0004972119406569
2021-04-29,ho1s,0.9999548186441414,0.0170387830297009,0.0004972119406569
2021-04-29,ng1s,0.9999548186441414,0.0170387830297009,0.0004972119406569
2021-04-29,nq1s,0.9999548186441414,0.0170387830297009,0.0004972119406569
2021-04-29,pl1s,0.9999548186441414,0.0170387830297009,0.0004972119406569
2021-04-29,rb1s,0.9999548186441414,0.0170387830297009,0.0004972119406569
2021-04-29,si1s,0.9999548186441414,0.0170387830297009,0.0004972119406569
2021-04-30,cl1s,0.99996171672388,0.0170321483009109,0.0004276425040095
2021-04-30,es1s,0.99996171672388,0.0170321483009109,0.0004276425040095
2021-04-30,fesx1s,0.99996171672388,0.0170321483009109,0.0004276425040095
2021-04-30,gc1s,0.99996171672388,0.0170321483009109,0.0004276425040095
2021-04-30,hg1s,0.99996171672388,0.0170321483009109,0.0004276425040095
2021-04-30,ho1s,0.99996171672388,0.0170321483009109,0.0004276425040095
2021-04-30,ng1s,0.99996171672388,0.0170321483009109,0.0004276425040095
2021-04-30,nq1s,0.99996171672388,0.0170321483009109,0.0004276425040095
2021-04-30,pl1s,0.99996171672388,0.0170321483009109,0.0004276425040095
2021-04-30,rb1s,0.99996171672388,0.0170321483009109,0.0004276425040095
2021-04-30,si1s,0.99996171672388,0.0170321483009109,0.0004276425040095
2021-05-03,cl1s,0.999982304545692,0.0170123464692,0.0002113225468885
2021-05-03,es1s,0.999982304545692,0.0170123464692,0.0002113225468885
2021-05-03,fesx1s,0.999982304545692,0.0170123464692,0.0002113225468885
2021-05-03,gc1s,0.999982304545692,0.0170123464692,0.0002113225468885
2021-05-03,hg1s,0.999982304545692,0.0170123464692,0.0002113225468885
2021-05-03,ho1s,0.999982304545692,0.0170123464692,0.0002113225468885
2021-05-03,ng1s,0.999982304545692,0.0170123464692,0.0002113225468885
2021-05-03,nq1s,0.999982304545692,0.0170123464692,0.0002113225468885
2021-05-03,pl1s,0.999982304545692,0.0170123464692,0.0002113225468885
2021-05-03,rb1s,0.999982304545692,0.0170123464692,0.0002113225468885
2021-05-03,si1s,0.999982304545692,0.0170123464692,0.0002113225468885
2021-05-04,cl1s,0.9999143952968575,0.0170776631175215,0.0008873550280177
2021-05-04,es1s,0.9999143952968575,0.0170776631175215,0.0008873550280177
2021-05-04,fesx1s,0.9999143952968575,0.0170776631175215,0.0008873550280177
2021-05-04,gc1s,0.9999143952968575,0.0170776631175215,0.0008873550280177
2021-05-04,hg1s,0.9999143952968575,0.0170776631175215,0.0008873550280177
2021-05-04,ho1s,0.9999143952968575,0.0170776631175215,0.0008873550280177
2021-05-04,ng1s,0.9999143952968575,0.0170776631175215,0.0008873550280177
2021-05-04,nq1s,0.9999143952968575,0.0170776631175215,0.0008873550280177
2021-05-04,pl1s,0.9999143952968575,0.0170776631175215,0.0008873550280177
2021-05-04,rb1s,0.9999143952968575,0.0170776631175215,0.0008873550280177
2021-05-04,si1s,0.9999143952968575,0.0170776631175215,0.0008873550280177
2021-05-05,cl1s,0.999933321758268,0.0170594592197443,0.0007078294448684
2021-05-05,es1s,0.999933321758268,0.0170594592197443,0.0007078294448684
2021-05-05,fesx1s,0.999933321758268,0.0170594592197443,0.0007078294448684
2021-05-05,gc1s,0.999933321758268,0.0170594592197443,0.0007078294448684
2021-05-05,hg1s,0.999933321758268,0.0170594592197443,0.0007078294448684
2021-05-05,ho1s,0.999933321758268,0.0170594592197443,0.0007078294448684
2021-05-05,ng1s,0.999933321758268,0.0170594592197443,0.0007078294448684
2021-05-05,nq1s,0.999933321758268,0.0170594592197443,0.0007078294448684
2021-05-05,pl1s,0.999933321758268,0.0170594592197443,0.0007078294448684
2021-05-05,rb1s,0.999933321758268,0.0170594592197443,0.0007078294448684
2021-05-05,si1s,0.999933321758268,0.0170594592197443,0.0007078294448684
2021-05-06,cl1s,0.999919181860158,0.0170730592929007,0.0008423891877692
2021-05-06,es1s,0.999919181860158,0.0170730592929007,0.0008423891877692
2021-05-06,fesx1s,0.999919181860158,0.0170730592929007,0.0008423891877692
2021-05-06,gc1s,0.999919181860158,0.0170730592929007,0.0008423891877692
2021-05-06,hg1s,0.999919181860158,0.0170730592929007,0.0008423891877692
2021-05-06,ho1s,0.999919181860158,0.0170730592929007,0.0008423891877692
2021-05-06,ng1s,0.999919181860158,0.0170730592929007,0.0008423891877692
2021-05-06,nq1s,0.999919181860158,0.0170730592929007,0.0008423891877692
2021-05-06,pl1s,0.999919181860158,0.0170730592929007,0.0008423891877692
2021-05-06,rb1s,0.999919181860158,0.0170730592929007,0.0008423891877692
2021-05-06,si1s,0.999919181860158,0.0170730592929007,0.0008423891877692
2021-05-07,cl1s,0.9999385656752864,0.0170544155019945,0.000657194372191
2021-05-07,es1s,0.9999385656752864,0.0170544155019945,0.000657194372191
2021-05-07,fesx1s,0.9999385656752864,0.0170544155019945,0.000657194372191
2021-05-07,gc1s,0.9999385656752864,0.0170544155019945,0.000657194372191
2021-05-07,hg1s,0.9999385656752864,0.0170544155019945,0.000657194372191
2021-05-07,ho1s,0.9999385656752864,0.0170544155019945,0.000657194372191
2021-05-07,ng1s,0.9999385656752864,0.0170544155019945,0.000657194372191
2021-05-07,nq1s,0.9999385656752864,0.0170544155019945,0.000657194372191
2021-05-07,pl1s,0.9999385656752864,0.0170544155019945,0.000657194372191
2021-05-07,rb1s,0.9999385656752864,0.0170544155019945,0.000657194372191
2021-05-07,si1s,0.9999385656752864,0.0170544155019945,0.000657194372191
2021-05-10,cl1s,0.9999136200407216,0.0170784087763715,0.0008946123323668
2021-05-10,es1s,0.9999136200407216,0.0170784087763715,0.0008946123323668
2021-05-10,fesx1s,0.9999136200407216,0.0170784087763715,0.0008946123323668
2021-05-10,gc1s,0.9999136200407216,0.0170784087763715,0.0008946123323668
2021-05-10,hg1s,0.9999136200407216,0.0170784087763715,0.0008946123323668
2021-05-10,ho1s,0.9999136200407216,0.0170784087763715,0.0008946123323668
2021-05-10,ng1s,0.9999136200407216,0.0170784087763715,0.0008946123323668
2021-05-10,nq1s,0.9999136200407216,0.0170784087763715,0.0008946123323668
2021-05-10,pl1s,0.9999136200407216,0.0170784087763715,0.0008946123323668
2021-05-10,rb1s,0.9999136200407216,0.0170784087763715,0.0008946123323668
2021-05-10,si1s,0.9999136200407216,0.0170784087763715,0.0008946123323668
2021-05-11,cl1s,0.9974667164191002,0.0194318959091685,0.0176746467042702
2021-05-11,es1s,0.9974667164191002,0.0194318959091685,0.0176746467042702
2021-05-11,fesx1s,0.9974667164191002,0.0194318959091685,0.0176746467042702
2021-05-11,gc1s,0.9974667164191002,0.0194318959091685,0.0176746467042702
2021-05-11,hg1s,0.9974667164191002,0.0194318959091685,0.0176746467042702
2021-05-11,ho1s,0.9974667164191002,0.0194318959091685,0.0176746467042702
2021-05-11,ng1s,0.9974667164191002,0.0194318959091685,0.0176746467042702
2021-05-11,nq1s,0.9974667164191002,0.0194318959091685,0.0176746467042702
2021-05-11,pl1s,0.9974667164191002,0.0194318959091685,0.0176746467042702
2021-05-11,rb1s,0.9974667164191002,0.0194318959091685,0.0176746467042702
2021-05-11,si1s,0.9974667164191002,0.0194318959091685,0.0176746467042702
2021-05-12,cl1s,0.9500014967552514,0.0650850155282453,0.1985108362177852
2021-05-12,es1s,0.9500014967552514,0.0650850155282453,0.1985108362177852
2021-05-12,fesx1s,0.9500014967552514,0.0650850155282453,0.1985108362177852
2021-05-12,gc1s,0.9500014967552514,0.0650850155282453,0.1985108362177852
2021-05-12,hg1s,0.9500014967552514,0.0650850155282453,0.1985108362177852
2021-05-12,ho1s,0.9500014967552514,0.0650850155282453,0.1985108362177852
2021-05-12,ng1s,0.9500014967552514,0.0650850155282453,0.1985108362177852
2021-05-12,nq1s,0.9500014967552514,0.0650850155282453,0.1985108362177852
2021-05-12,pl1s,0.9500014967552514,0.0650850155282453,0.1985108362177852
2021-05-12,rb1s,0.9500014967552514,0.0650850155282453,0.1985108362177852
2021-05-12,si1s,0.9500014967552514,0.0650850155282453,0.1985108362177852
2021-05-13,cl1s,0.9560165400138132,0.0592996111554894,0.1804034473984876
2021-05-13,es1s,0.9560165400138132,0.0592996111554894,0.1804034473984876
2021-05-13,fesx1s,0.9560165400138132,0.0592996111554894,0.1804034473984876
2021-05-13,gc1s,0.9560165400138132,0.0592996111554894,0.1804034473984876
2021-05-13,hg1s,0.9560165400138132,0.0592996111554894,0.1804034473984876
2021-05-13,ho1s,0.9560165400138132,0.0592996111554894,0.1804034473984876
2021-05-13,ng1s,0.9560165400138132,0.0592996111554894,0.1804034473984876
2021-05-13,nq1s,0.9560165400138132,0.0592996111554894,0.1804034473984876
2021-05-13,pl1s,0.9560165400138132,0.0592996111554894,0.1804034473984876
2021-05-13,rb1s,0.9560165400138132,0.0592996111554894,0.1804034473984876
2021-05-13,si1s,0.9560165400138132,0.0592996111554894,0.1804034473984876
2021-05-14,cl1s,0.9918142222249724,0.0248685924085885,0.0474877674293005
2021-05-14,es1s,0.9918142222249724,0.0248685924085885,0.0474877674293005
2021-05-14,fesx1s,0.9918142222249724,0.0248685924085885,0.0474877674293005
2021-05-14,gc1s,0.9918142222249724,0.0248685924085885,0.0474877674293005
2021-05-14,hg1s,0.9918142222249724,0.0248685924085885,0.0474877674293005
2021-05-14,ho1s,0.9918142222249724,0.0248685924085885,0.0474877674293005
2021-05-14,ng1s,0.9918142222249724,0.0248685924085885,0.0474877674293005
2021-05-14,nq1s,0.9918142222249724,0.0248685924085885,0.0474877674293005
2021-05-14,pl1s,0.9918142222249724,0.0248685924085885,0.0474877674293005
2021-05-14,rb1s,0.9918142222249724,0.0248685924085885,0.0474877674293005
2021-05-14,si1s,0.9918142222249724,0.0248685924085885,0.0474877674293005
2021-05-17,cl1s,0.9978994433469206,0.0190156893828298,0.0150494420942221
2021-05-17,es1s,0.9978994433469206,0.0190156893828298,0.0150494420942221
2021-05-17,fesx1s,0.9978994433469206,0.0190156893828298,0.0150494420942221
2021-05-17,gc1s,0.9978994433469206,0.0190156893828298,0.0150494420942221
2021-05-17,hg1s,0.9978994433469206,0.0190156893828298,0.0150494420942221
2021-05-17,ho1s,0.9978994433469206,0.0190156893828298,0.0150494420942221
2021-05-17,ng1s,0.9978994433469206,0.0190156893828298,0.0150494420942221
2021-05-17,nq1s,0.9978994433469206,0.0190156893828298,0.0150494420942221
2021-05-17,pl1s,0.9978994433469206,0.0190156893828298,0.0150494420942221
2021-05-17,rb1s,0.9978994433469206,0.0190156893828298,0.0150494420942221
2021-05-17,si1s,0.9978994433469206,0.0190156893828298,0.0150494420942221
2021-05-18,cl1s,0.9942957466764092,0.0224818061802421,0.0351592241835713
2021-05-18,es1s,0.9942957466764092,0.0224818061802421,0.0351592241835713
2021-05-18,fesx1s,0.9942957466764092,0.0224818061802421,0.0351592241835713
2021-05-18,gc1s,0.9942957466764092,0.0224818061802421,0.0351592241835713
2021-05-18,hg1s,0.9942957466764092,0.0224818061802421,0.0351592241835713
2021-05-18,ho1s,0.9942957466764092,0.0224818061802421,0.0351592241835713
2021-05-18,ng1s,0.9942957466764092,0.0224818061802421,0.0351592241835713
2021-05-18,nq1s,0.9942957466764092,0.0224818061802421,0.0351592241835713
2021-05-18,pl1s,0.9942957466764092,0.0224818061802421,0.0351592241835713
2021-05-18,rb1s,0.9942957466764092,0.0224818061802421,0.0351592241835713
2021-05-18,si1s,0.9942957466764092,0.0224818061802421,0.0351592241835713
2021-05-19,cl1s,0.967490612656154,0.0482635891046377,0.1433596568028383
2021-05-19,es1s,0.967490612656154,0.0482635891046377,0.1433596568028383
2021-05-19,fesx1s,0.967490612656154,0.0482635891046377,0.1433596568028383
2021-05-19,gc1s,0.967490612656154,0.0482635891046377,0.1433596568028383
2021-05-19,hg1s,0.967490612656154,0.0482635891046377,0.1433596568028383
2021-05-19,ho1s,0.967490612656154,0.0482635891046377,0.1433596568028383
2021-05-19,ng1s,0.967490612656154,0.0482635891046377,0.1433596568028383
2021-05-19,nq1s,0.967490612656154,0.0482635891046377,0.1433596568028383
2021-05-19,pl1s,0.967490612656154,0.0482635891046377,0.1433596568028383
2021-05-19,rb1s,0.967490612656154,0.0482635891046377,0.1433596568028383
2021-05-19,si1s,0.967490612656154,0.0482635891046377,0.1433596568028383
2021-05-20,cl1s,0.8860244066499483,0.1266196248304426,0.3547473883927667
2021-05-20,es1s,0.8860244066499483,0.1266196248304426,0.3547473883927667
2021-05-20,fesx1s,0.8860244066499483,0.1266196248304426,0.3547473883927667
2021-05-20,gc1s,0.8860244066499483,0.1266196248304426,0.3547473883927667
2021-05-20,hg1s,0.8860244066499483,0.1266196248304426,0.3547473883927667
2021-05-20,ho1s,0.8860244066499483,0.1266196248304426,0.3547473883927667
2021-05-20,ng1s,0.8860244066499483,0.1266196248304426,0.3547473883927667
2021-05-20,nq1s,0.8860244066499483,0.1266196248304426,0.3547473883927667
2021-05-20,pl1s,0.8860244066499483,0.1266196248304426,0.3547473883927667
2021-05-20,rb1s,0.8860244066499483,0.1266196248304426,0.3547473883927667
2021-05-20,si1s,0.8860244066499483,0.1266196248304426,0.3547473883927667
2021-05-21,cl1s,0.9025955512550132,0.110681123918874,0.3193422455544346
2021-05-21,es1s,0.9025955512550132,0.110681123918874,0.3193422455544346
2021-05-21,fesx1s,0.9025955512550132,0.110681123918874,0.3193422455544346
2021-05-21,gc1s,0.9025955512550132,0.110681123918874,0.3193422455544346
2021-05-21,hg1s,0.9025955512550132,0.110681123918874,0.3193422455544346
2021-05-21,ho1s,0.9025955512550132,0.110681123918874,0.3193422455544346
2021-05-21,ng1s,0.9025955512550132,0.110681123918874,0.3193422455544346
2021-05-21,nq1s,0.9025955512550132,0.110681123918874,0.3193422455544346
2021-05-21,pl1s,0.9025955512550132,0.110681123918874,0.3193422455544346
2021-05-21,rb1s,0.9025955512550132,0.110681123918874,0.3193422455544346
2021-05-21,si1s,0.9025955512550132,0.110681123918874,0.3193422455544346
2021-05-24,cl1s,0.977285332740633,0.0388428062489192,0.1084239237708757
2021-05-24,es1s,0.977285332740633,0.0388428062489192,0.1084239237708757
2021-05-24,fesx1s,0.977285332740633,0.0388428062489192,0.1084239237708757
2021-05-24,gc1s,0.977285332740633,0.0388428062489192,0.1084239237708757
2021-05-24,hg1s,0.977285332740633,0.0388428062489192,0.1084239237708757
2021-05-24,ho1s,0.977285332740633,0.0388428062489192,0.1084239237708757
2021-05-24,ng1s,0.977285332740633,0.0388428062489192,0.1084239237708757
2021-05-24,nq1s,0.977285332740633,0.0388428062489192,0.1084239237708757
2021-05-24,pl1s,0.977285332740633,0.0388428062489192,0.1084239237708757
2021-05-24,rb1s,0.977285332740633,0.0388428062489192,0.1084239237708757
2021-05-24,si1s,0.977285332740633,0.0388428062489192,0.1084239237708757
2021-05-25,cl1s,0.984994424402594,0.0314280278850894,0.0779058399563797
2021-05-25,es1s,0.984994424402594,0.0314280278850894,0.0779058399563797
2021-05-25,fesx1s,0.984994424402594,0.0314280278850894,0.0779058399563797
2021-05-25,gc1s,0.984994424402594,0.0314280278850894,0.0779058399563797
2021-05-25,hg1s,0.984994424402594,0.0314280278850894,0.0779058399563797
2021-05-25,ho1s,0.984994424402594,0.0314280278850894,0.0779058399563797
2021-05-25,ng1s,0.984994424402594,0.0314280278850894,0.0779058399563797
2021-05-25,nq1s,0.984994424402594,0.0314280278850894,0.0779058399563797
2021-05-25,pl1s,0.984994424402594,0.0314280278850894,0.0779058399563797
2021-05-25,rb1s,0.984994424402594,0.0314280278850894,0.0779058399563797
2021-05-25,si1s,0.984994424402594,0.0314280278850894,0.0779058399563797
2021-05-26,cl1s,0.9941209633231108,0.0226499167545122,0.0360585838804436
2021-05-26,es1s,0.9941209633231108,0.0226499167545122,0.0360585838804436
2021-05-26,fesx1s,0.9941209633231108,0.0226499167545122,0.0360585838804436
2021-05-26,gc1s,0.9941209633231108,0.0226499167545122,0.0360585838804436
2021-05-26,hg1s,0.9941209633231108,0.0226499167545122,0.0360585838804436
2021-05-26,ho1s,0.9941209633231108,0.0226499167545122,0.0360585838804436
2021-05-26,ng1s,0.9941209633231108,0.0226499167545122,0.0360585838804436
2021-05-26,nq1s,0.9941209633231108,0.0226499167545122,0.0360585838804436
2021-05-26,pl1s,0.9941209633231108,0.0226499167545122,0.0360585838804436
2021-05-26,rb1s,0.9941209633231108,0.0226499167545122,0.0360585838804436
2021-05-26,si1s,0.9941209633231108,0.0226499167545122,0.0360585838804436
2021-05-27,cl1s,0.9968435140381304,0.0200313060256031,0.0213274792066484
2021-05-27,es1s,0.9968435140381304,0.0200313060256031,0.0213274792066484
2021-05-27,fesx1s,0.9968435140381304,0.0200313060256031,0.0213274792066484
2021-05-27,gc1s,0.9968435140381304,0.0200313060256031,0.0213274792066484
2021-05-27,hg1s,0.9968435140381304,0.0200313060256031,0.0213274792066484
2021-05-27,ho1s,0.9968435140381304,0.0200313060256031,0.0213274792066484
2021-05-27,ng1s,0.9968435140381304,0.0200313060256031,0.0213274792066484
2021-05-27,nq1s,0.9968435140381304,0.0200313060256031,0.0213274792066484
2021-05-27,pl1s,0.9968435140381304,0.0200313060256031,0.0213274792066484
2021-05-27,rb1s,0.9968435140381304,0.0200313060256031,0.0213274792066484
2021-05-27,si1s,0.9968435140381304,0.0200313060256031,0.0213274792066484
2021-05-28,cl1s,0.9993143014518738,0.0176548469224575,0.0056808270126496
2021-05-28,es1s,0.9993143014518738,0.0176548469224575,0.0056808270126496
2021-05-28,fesx1s,0.9993143014518738,0.0176548469224575,0.0056808270126496
2021-05-28,gc1s,0.9993143014518738,0.0176548469224575,0.0056808270126496
2021-05-28,hg1s,0.9993143014518738,0.0176548469224575,0.0056808270126496
2021-05-28,ho1s,0.9993143014518738,0.0176548469224575,0.0056808270126496
2021-05-28,ng1s,0.9993143014518738,0.0176548469224575,0.0056808270126496
2021-05-28,nq1s,0.9993143014518738,0.0176548469224575,0.0056808270126496
2021-05-28,pl1s,0.9993143014518738,0.0176548469224575,0.0056808270126496
2021-05-28,rb1s,0.9993143014518738,0.0176548469224575,0.0056808270126496
2021-05-28,si1s,0.9993143014518738,0.0176548469224575,0.0056808270126496
2021-05-31,cl1s,0.99933336709679,0.0176365091548431,0.0055416777551666
2021-05-31,es1s,0.99933336709679,0.0176365091548431,0.0055416777551666
2021-05-31,fesx1s,0.99933336709679,0.0176365091548431,0.0055416777551666
2021-05-31,gc1s,0.99933336709679,0.0176365091548431,0.0055416777551666
2021-05-31,hg1s,0.99933336709679,0.0176365091548431,0.0055416777551666
2021-05-31,ho1s,0.99933336709679,0.0176365091548431,0.0055416777551666
2021-05-31,ng1s,0.99933336709679,0.0176365091548431,0.0055416777551666
2021-05-31,nq1s,0.99933336709679,0.0176365091548431,0.0055416777551666
2021-05-31,pl1s,0.99933336709679,0.0176365091548431,0.0055416777551666
2021-05-31,rb1s,0.99933336709679,0.0176365091548431,0.0055416777551666
2021-05-31,si1s,0.99933336709679,0.0176365091548431,0.0055416777551666
2021-06-01,cl1s,0.9965678205419036,0.0202964742530034,0.0229023903905856
2021-06-01,es1s,0.9965678205419036,0.0202964742530034,0.0229023903905856
2021-06-01,fesx1s,0.9965678205419036,0.0202964742530034,0.0229023903905856
2021-06-01,gc1s,0.9965678205419036,0.0202964742530034,0.0229023903905856
2021-06-01,hg1s,0.9965678205419036,0.0202964742530034,0.0229023903905856
2021-06-01,ho1s,0.9965678205419036,0.0202964742530034,0.0229023903905856
2021-06-01,ng1s,0.9965678205419036,0.0202964742530034,0.0229023903905856
2021-06-01,nq1s,0.9965678205419036,0.0202964742530034,0.0229023903905856
2021-06-01,pl1s,0.9965678205419036,0.0202964742530034,0.0229023903905856
2021-06-01,rb1s,0.9965678205419036,0.0202964742530034,0.0229023903905856
2021-06-01,si1s,0.9965678205419036,0.0202964742530034,0.0229023903905856
2021-06-02,cl1s,0.9982039597665991,0.0187227986170859,0.0131492996993084
2021-06-02,es1s,0.9982039597665991,0.0187227986170859,0.0131492996993084
2021-06-02,fesx1s,0.9982039597665991,0.0187227986170859,0.0131492996993084
2021-06-02,gc1s,0.9982039597665991,0.0187227986170859,0.0131492996993084
2021-06-02,hg1s,0.9982039597665991,0.0187227986170859,0.0131492996993084
2021-06-02,ho1s,0.9982039597665991,0.0187227986170859,0.0131492996993084
2021-06-02,ng1s,0.9982039597665991,0.0187227986170859,0.0131492996993084
2021-06-02,nq1s,0.9982039597665991,0.0187227986170859,0.0131492996993084
2021-06-02,pl1s,0.9982039597665991,0.0187227986170859,0.0131492996993084
2021-06-02,rb1s,0.9982039597665991,0.0187227986170859,0.0131492996993084
2021-06-02,si1s,0.9982039597665991,0.0187227986170859,0.0131492996993084
2021-06-03,cl1s,0.9990606393932576,0.0178988248158889,0.0074865549519756
2021-06-03,es1s,0.9990606393932576,0.0178988248158889,0.0074865549519756
2021-06-03,fesx1s,0.9990606393932576,0.0178988248158889,0.0074865549519756
2021-06-03,gc1s,0.9990606393932576,0.0178988248158889,0.0074865549519756
2021-06-03,hg1s,0.9990606393932576,0.0178988248158889,0.0074865549519756
2021-06-03,ho1s,0.9990606393932576,0.0178988248158889,0.0074865549519756
2021-06-03,ng1s,0.9990606393932576,0.0178988248158889,0.0074865549519756
2021-06-03,nq1s,0.9990606393932576,0.0178988248158889,0.0074865549519756
2021-06-03,pl1s,0.9990606393932576,0.0178988248158889,0.0074865549519756
2021-06-03,rb1s,0.9990606393932576,0.0178988248158889,0.0074865549519756
2021-06-03,si1s,0.9990606393932576,0.0178988248158889,0.0074865549519756
2021-06-04,cl1s,0.9987265111145288,0.0182201969360419,0.0097617481858684
2021-06-04,es1s,0.9987265111145288,0.0182201969360419,0.0097617481858684
2021-06-04,fesx1s,0.9987265111145288,0.0182201969360419,0.0097617481858684
2021-06-04,gc1s,0.9987265111145288,0.0182201969360419,0.0097617481858684
2021-06-04,hg1s,0.9987265111145288,0.0182201969360419,0.0097617481858684
2021-06-04,ho1s,0.9987265111145288,0.0182201969360419,0.0097617481858684
2021-06-04,ng1s,0.9987265111145288,0.0182201969360419,0.0097617481858684
2021-06-04,nq1s,0.9987265111145288,0.0182201969360419,0.0097617481858684
2021-06-04,pl1s,0.9987265111145288,0.0182201969360419,0.0097617481858684
2021-06-04,rb1s,0.9987265111145288,0.0182201969360419,0.0097617481858684
2021-06-04,si1s,0.9987265111145288,0.0182201969360419,0.0097617481858684
2021-06-07,cl1s,0.9996407989294264,0.0173408142791117,0.0032081859057385
2021-06-07,es1s,0.9996407989294264,0.0173408142791117,0.0032081859057385
2021-06-07,fesx1s,0.9996407989294264,0.0173408142791117,0.0032081859057385
2021-06-07,gc1s,0.9996407989294264,0.0173408142791117,0.0032081859057385
2021-06-07,hg1s,0.9996407989294264,0.0173408142791117,0.0032081859057385
2021-06-07,ho1s,0.9996407989294264,0.0173408142791117,0.0032081859057385
2021-06-07,ng1s,0.9996407989294264,0.0173408142791117,0.0032081859057385
2021-06-07,nq1s,0.9996407989294264,0.0173408142791117,0.0032081859057385
2021-06-07,pl1s,0.9996407989294264,0.0173408142791117,0.0032081859057385
2021-06-07,rb1s,0.9996407989294264,0.0173408142791117,0.0032081859057385
2021-06-07,si1s,0.9996407989294264,0.0173408142791117,0.0032081859057385
2021-06-08,cl1s,0.9995705270671658,0.0174084033423534,0.0037590636604182
2021-06-08,es1s,0.9995705270671658,0.0174084033423534,0.0037590636604182
2021-06-08,fesx1s,0.9995705270671658,0.0174084033423534,0.0037590636604182
2021-06-08,gc1s,0.9995705270671658,0.0174084033423534,0.0037590636604182
2021-06-08,hg1s,0.9995705270671658,0.0174084033423534,0.0037590636604182
2021-06-08,ho1s,0.9995705270671658,0.0174084033423534,0.0037590636604182
2021-06-08,ng1s,0.9995705270671658,0.0174084033423534,0.0037590636604182
2021-06-08,nq1s,0.9995705270671658,0.0174084033423534,0.0037590636604182
2021-06-08,pl1s,0.9995705270671658,0.0174084033423534,0.0037590636604182
2021-06-08,rb1s,0.9995705270671658,0.0174084033423534,0.0037590636604182
2021-06-08,si1s,0.9995705270671658,0.0174084033423534,0.0037590636604182
2021-06-09,cl1s,0.9995540510449976,0.0174242503523583,0.0038864821813743
2021-06-09,es1s,0.9995540510449976,0.0174242503523583,0.0038864821813743
2021-06-09,fesx1s,0.9995540510449976,0.0174242503523583,0.0038864821813743
2021-06-09,gc1s,0.9995540510449976,0.0174242503523583,0.0038864821813743
2021-06-09,hg1s,0.9995540510449976,0.0174242503523583,0.0038864821813743
2021-06-09,ho1s,0.9995540510449976,0.0174242503523583,0.0038864821813743
2021-06-09,ng1s,0.9995540510449976,0.0174242503523583,0.0038864821813743
2021-06-09,nq1s,0.9995540510449976,0.0174242503523583,0.0038864821813743
2021-06-09,pl1s,0.9995540510449976,0.0174242503523583,0.0038864821813743
2021-06-09,rb1s,0.9995540510449976,0.0174242503523583,0.0038864821813743
2021-06-09,si1s,0.9995540510449976,0.0174242503523583,0.0038864821813743
2021-06-10,cl1s,0.9996541782934452,0.01732794570481,0.0031018181544542
2021-06-10,es1s,0.9996541782934452,0.01732794570481,0.0031018181544542
2021-06-10,fesx1s,0.9996541782934452,0.01732794570481,0.0031018181544542
2021-06-10,gc1s,0.9996541782934452,0.01732794570481,0.0031018181544542
2021-06-10,hg1s,0.9996541782934452,0.01732794570481,0.0031018181544542
2021-06-10,ho1s,0.9996541782934452,0.01732794570481,0.0031018181544542
2021-06-10,ng1s,0.9996541782934452,0.01732794570481,0.0031018181544542
2021-06-10,nq1s,0.9996541782934452,0.01732794570481,0.0031018181544542
2021-06-10,pl1s,0.9996541782934452,0.01732794570481,0.0031018181544542
2021-06-10,rb1s,0.9996541782934452,0.01732794570481,0.0031018181544542
2021-06-10,si1s,0.9996541782934452,0.01732794570481,0.0031018181544542
2021-06-11,cl1s,0.999767071005559,0.0172193629461766,0.0021813009354215
2021-06-11,es1s,0.999767071005559,0.0172193629461766,0.0021813009354215
2021-06-11,fesx1s,0.999767071005559,0.0172193629461766,0.0021813009354215
2021-06-11,gc1s,0.999767071005559,0.0172193629461766,0.0021813009354215
2021-06-11,hg1s,0.999767071005559,0.0172193629461766,0.0021813009354215
2021-06-11,ho1s,0.999767071005559,0.0172193629461766,0.0021813009354215
2021-06-11,ng1s,0.999767071005559,0.0172193629461766,0.0021813009354215
2021-06-11,nq1s,0.999767071005559,0.0172193629461766,0.0021813009354215
2021-06-11,pl1s,0.999767071005559,0.0172193629461766,0.0021813009354215
2021-06-11,rb1s,0.999767071005559,0.0172193629461766,0.0021813009354215
2021-06-11,si1s,0.999767071005559,0.0172193629461766,0.0021813009354215
2021-06-14,cl1s,0.9999601529166564,0.0170336524059951,0.0004435156270114
2021-06-14,es1s,0.9999601529166564,0.0170336524059951,0.0004435156270114
2021-06-14,fesx1s,0.9999601529166564,0.0170336524059951,0.0004435156270114
2021-06-14,gc1s,0.9999601529166564,0.0170336524059951,0.0004435156270114
2021-06-14,hg1s,0.9999601529166564,0.0170336524059951,0.0004435156270114
2021-06-14,ho1s,0.9999601529166564,0.0170336524059951,0.0004435156270114
2021-06-14,ng1s,0.9999601529166564,0.0170336524059951,0.0004435156270114
2021-06-14,nq1s,0.9999601529166564,0.0170336524059951,0.0004435156270114
2021-06-14,pl1s,0.9999601529166564,0.0170336524059951,0.0004435156270114
2021-06-14,rb1s,0.9999601529166564,0.0170336524059951,0.0004435156270114
2021-06-14,si1s,0.9999601529166564,0.0170336524059951,0.0004435156270114
2021-06-15,cl1s,0.9999202643829962,0.0170720180980014,0.0008321810448057
2021-06-15,es1s,0.9999202643829962,0.0170720180980014,0.0008321810448057
2021-06-15,fesx1s,0.9999202643829962,0.0170720180980014,0.0008321810448057
2021-06-15,gc1s,0.9999202643829962,0.0170720180980014,0.0008321810448057
2021-06-15,hg1s,0.9999202643829962,0.0170720180980014,0.0008321810448057
2021-06-15,ho1s,0.9999202643829962,0.0170720180980014,0.0008321810448057
2021-06-15,ng1s,0.9999202643829962,0.0170720180980014,0.0008321810448057
2021-06-15,nq1s,0.9999202643829962,0.0170720180980014,0.0008321810448057
2021-06-15,pl1s,0.9999202643829962,0.0170720180980014,0.0008321810448057
2021-06-15,rb1s,0.9999202643829962,0.0170720180980014,0.0008321810448057
2021-06-15,si1s,0.9999202643829962,0.0170720180980014,0.0008321810448057
2021-06-16,cl1s,0.9999807134681604,0.0170138768034829,0.0002286629323925
2021-06-16,es1s,0.9999807134681604,0.0170138768034829,0.0002286629323925
2021-06-16,fesx1s,0.9999807134681604,0.0170138768034829,0.0002286629323925
2021-06-16,gc1s,0.9999807134681604,0.0170138768034829,0.0002286629323925
2021-06-16,hg1s,0.9999807134681604,0.0170138768034829,0.0002286629323925
2021-06-16,ho1s,0.9999807134681604,0.0170138768034829,0.0002286629323925
2021-06-16,ng1s,0.9999807134681604,0.0170138768034829,0.0002286629323925
2021-06-16,nq1s,0.9999807134681604,0.0170138768034829,0.0002286629323925
2021-06-16,pl1s,0.9999807134681604,0.0170138768034829,0.0002286629323925
2021-06-16,rb1s,0.9999807134681604,0.0170138768034829,0.0002286629323925
2021-06-16,si1s,0.9999807134681604,0.0170138768034829,0.0002286629323925
2021-06-17,cl1s,0.999929319523399,0.0170633086595765,0.0007461954074315
2021-06-17,es1s,0.999929319523399,0.0170633086595765,0.0007461954074315
2021-06-17,fesx1s,0.999929319523399,0.0170633086595765,0.0007461954074315
2021-06-17,gc1s,0.999929319523399,0.0170633086595765,0.0007461954074315
2021-06-17,hg1s,0.999929319523399,0.0170633086595765,0.0007461954074315
2021-06-17,ho1s,0.999929319523399,0.0170633086595765,0.0007461954074315
2021-06-17,ng1s,0.999929319523399,0.0170633086595765,0.0007461954074315
2021-06-17,nq1s,0.999929319523399,0.0170633086595765,0.0007461954074315
2021-06-17,pl1s,0.999929319523399,0.0170633086595765,0.0007461954074315
2021-06-17,rb1s,0.999929319523399,0.0170633086595765,0.0007461954074315
2021-06-17,si1s,0.999929319523399,0.0170633086595765,0.0007461954074315
2021-06-18,cl1s,0.999389611168118,0.0175824123375441,0.0051279431810616
2021-06-18,es1s,0.999389611168118,0.0175824123375441,0.0051279431810616
2021-06-18,fesx1s,0.999389611168118,0.0175824123375441,0.0051279431810616
2021-06-18,gc1s,0.999389611168118,0.0175824123375441,0.0051279431810616
2021-06-18,hg1s,0.999389611168118,0.0175824123375441,0.0051279431810616
2021-06-18,ho1s,0.999389611168118,0.0175824123375441,0.0051279431810616
2021-06-18,ng1s,0.999389611168118,0.0175824123375441,0.0051279431810616
2021-06-18,nq1s,0.999389611168118,0.0175824123375441,0.0051279431810616
2021-06-18,pl1s,0.999389611168118,0.0175824123375441,0.0051279431810616
2021-06-18,rb1s,0.999389611168118,0.0175824123375441,0.0051279431810616
2021-06-18,si1s,0.999389611168118,0.0175824123375441,0.0051279431810616
2021-06-21,cl1s,0.9999805495960024,0.0170140344194226,0.0002304412481023
2021-06-21,es1s,0.9999805495960024,0.0170140344194226,0.0002304412481023
2021-06-21,fesx1s,0.9999805495960024,0.0170140344194226,0.0002304412481023
2021-06-21,gc1s,0.9999805495960024,0.0170140344194226,0.0002304412481023
2021-06-21,hg1s,0.9999805495960024,0.0170140344194226,0.0002304412481023
2021-06-21,ho1s,0.9999805495960024,0.0170140344194226,0.0002304412481023
2021-06-21,ng1s,0.9999805495960024,0.0170140344194226,0.0002304412481023
2021-06-21,nq1s,0.9999805495960024,0.0170140344194226,0.0002304412481023
2021-06-21,pl1s,0.9999805495960024,0.0170140344194226,0.0002304412481023
2021-06-21,rb1s,0.9999805495960024,0.0170140344194226,0.0002304412481023
2021-06-21,si1s,0.9999805495960024,0.0170140344194226,0.0002304412481023
2021-06-22,cl1s,0.9999429982880186,0.0170501521150195,0.0006140452851536
2021-06-22,es1s,0.9999429982880186,0.0170501521150195,0.0006140452851536
2021-06-22,fesx1s,0.9999429982880186,0.0170501521150195,0.0006140452851536
2021-06-22,gc1s,0.9999429982880186,0.0170501521150195,0.0006140452851536
2021-06-22,hg1s,0.9999429982880186,0.0170501521150195,0.0006140452851536
2021-06-22,ho1s,0.9999429982880186,0.0170501521150195,0.0006140452851536
2021-06-22,ng1s,0.9999429982880186,0.0170501521150195,0.0006140452851536
2021-06-22,nq1s,0.9999429982880186,0.0170501521150195,0.0006140452851536
2021-06-22,pl1s,0.9999429982880186,0.0170501521150195,0.0006140452851536
2021-06-22,rb1s,0.9999429982880186,0.0170501521150195,0.0006140452851536
2021-06-22,si1s,0.9999429982880186,0.0170501521150195,0.0006140452851536
2021-06-23,cl1s,0.9999920833720316,0.017002940973307,0.0001009096249291
2021-06-23,es1s,0.9999920833720316,0.017002940973307,0.0001009096249291
2021-06-23,fesx1s,0.9999920833720316,0.017002940973307,0.0001009096249291
2021-06-23,gc1s,0.9999920833720316,0.017002940973307,0.0001009096249291
2021-06-23,hg1s,0.9999920833720316,0.017002940973307,0.0001009096249291
2021-06-23,ho1s,0.9999920833720316,0.017002940973307,0.0001009096249291
2021-06-23,ng1s,0.9999920833720316,0.017002940973307,0.0001009096249291
2021-06-23,nq1s,0.9999920833720316,0.017002940973307,0.0001009096249291
2021-06-23,pl1s,0.9999920833720316,0.017002940973307,0.0001009096249291
2021-06-23,rb1s,0.9999920833720316,0.017002940973307,0.0001009096249291
2021-06-23,si1s,0.9999920833720316,0.017002940973307,0.0001009096249291
2021-06-24,cl1s,0.9999951052942072,0.0170000344203503,6.474400595567889e-05
2021-06-24,es1s,0.9999951052942072,0.0170000344203503,6.474400595567889e-05
2021-06-24,fesx1s,0.9999951052942072,0.0170000344203503,6.474400595567889e-05
2021-06-24,gc1s,0.9999951052942072,0.0170000344203503,6.474400595567889e-05
2021-06-24,hg1s,0.9999951052942072,0.0170000344203503,6.474400595567889e-05
2021-06-24,ho1s,0.9999951052942072,0.0170000344203503,6.474400595567889e-05
2021-06-24,ng1s,0.9999951052942072,0.0170000344203503,6.474400595567889e-05
2021-06-24,nq1s,0.9999951052942072,0.0170000344203503,6.474400595567889e-05
2021-06-24,pl1s,0.9999951052942072,0.0170000344203503,6.474400595567889e-05
2021-06-24,rb1s,0.9999951052942072,0.0170000344203503,6.474400595567889e-05
2021-06-24,si1s,0.9999951052942072,0.0170000344203503,6.474400595567889e-05
2021-06-25,cl1s,0.9999972763737092,0.0169979462270813,3.762293435470108e-05
2021-06-25,es1s,0.9999972763737092,0.0169979462270813,3.762293435470108e-05
2021-06-25,fesx1s,0.9999972763737092,0.0169979462270813,3.762293435470108e-05
2021-06-25,gc1s,0.9999972763737092,0.0169979462270813,3.762293435470108e-05
2021-06-25,hg1s,0.9999972763737092,0.0169979462270813,3.762293435470108e-05
2021-06-25,ho1s,0.9999972763737092,0.0169979462270813,3.762293435470108e-05
2021-06-25,ng1s,0.9999972763737092,0.0169979462270813,3.762293435470108e-05
2021-06-25,nq1s,0.9999972763737092,0.0169979462270813,3.762293435470108e-05
2021-06-25,pl1s,0.9999972763737092,0.0169979462270813,3.762293435470108e-05
2021-06-25,rb1s,0.9999972763737092,0.0169979462270813,3.762293435470108e-05
2021-06-25,si1s,0.9999972763737092,0.0169979462270813,3.762293435470108e-05
2021-06-28,cl1s,0.9999981181019696,0.0169971366338415,2.6691390265365037e-05
2021-06-28,es1s,0.9999981181019696,0.0169971366338415,2.6691390265365037e-05
2021-06-28,fesx1s,0.9999981181019696,0.0169971366338415,2.6691390265365037e-05
2021-06-28,gc1s,0.9999981181019696,0.0169971366338415,2.6691390265365037e-05
2021-06-28,hg1s,0.9999981181019696,0.0169971366338415,2.6691390265365037e-05
2021-06-28,ho1s,0.9999981181019696,0.0169971366338415,2.6691390265365037e-05
2021-06-28,ng1s,0.9999981181019696,0.0169971366338415,2.6691390265365037e-05
2021-06-28,nq1s,0.9999981181019696,0.0169971366338415,2.6691390265365037e-05
2021-06-28,pl1s,0.9999981181019696,0.0169971366338415,2.6691390265365037e-05
2021-06-28,rb1s,0.9999981181019696,0.0169971366338415,2.6691390265365037e-05
2021-06-28,si1s,0.9999981181019696,0.0169971366338415,2.6691390265365037e-05
2021-06-29,cl1s,0.9999970349299868,0.0169981784531034,4.07062851827576e-05
2021-06-29,es1s,0.9999970349299868,0.0169981784531034,4.07062851827576e-05
2021-06-29,fesx1s,0.9999970349299868,0.0169981784531034,4.07062851827576e-05
2021-06-29,gc1s,0.9999970349299868,0.0169981784531034,4.07062851827576e-05
2021-06-29,hg1s,0.9999970349299868,0.0169981784531034,4.07062851827576e-05
2021-06-29,ho1s,0.9999970349299868,0.0169981784531034,4.07062851827576e-05
2021-06-29,ng1s,0.9999970349299868,0.0169981784531034,4.07062851827576e-05
2021-06-29,nq1s,0.9999970349299868,0.0169981784531034,4.07062851827576e-05
2021-06-29,pl1s,0.9999970349299868,0.0169981784531034,4.07062851827576e-05
2021-06-29,rb1s,0.9999970349299868,0.0169981784531034,4.07062851827576e-05
2021-06-29,si1s,0.9999970349299868,0.0169981784531034,4.07062851827576e-05
2021-06-30,cl1s,0.9999982551727804,0.0169970047960423,2.4879236845480504e-05
2021-06-30,es1s,0.9999982551727804,0.0169970047960423,2.4879236845480504e-05
2021-06-30,fesx1s,0.9999982551727804,0.0169970047960423,2.4879236845480504e-05
2021-06-30,gc1s,0.9999982551727804,0.0169970047960423,2.4879236845480504e-05
2021-06-30,hg1s,0.9999982551727804,0.0169970047960423,2.4879236845480504e-05
2021-06-30,ho1s,0.9999982551727804,0.0169970047960423,2.4879236845480504e-05
2021-06-30,ng1s,0.9999982551727804,0.0169970047960423,2.4879236845480504e-05
2021-06-30,nq1s,0.9999982551727804,0.0169970047960423,2.4879236845480504e-05
2021-06-30,pl1s,0.9999982551727804,0.0169970047960423,2.4879236845480504e-05
2021-06-30,rb1s,0.9999982551727804,0.0169970047960423,2.4879236845480504e-05
2021-06-30,si1s,0.9999982551727804,0.0169970047960423,2.4879236845480504e-05
2021-07-01,cl1s,0.9999985205503422,0.016996749549913,2.13393446369872e-05
2021-07-01,es1s,0.9999985205503422,0.016996749549913,2.13393446369872e-05
2021-07-01,fesx1s,0.9999985205503422,0.016996749549913,2.13393446369872e-05
2021-07-01,gc1s,0.9999985205503422,0.016996749549913,2.13393446369872e-05
2021-07-01,hg1s,0.9999985205503422,0.016996749549913,2.13393446369872e-05
2021-07-01,ho1s,0.9999985205503422,0.016996749549913,2.13393446369872e-05
2021-07-01,ng1s,0.9999985205503422,0.016996749549913,2.13393446369872e-05
2021-07-01,nq1s,0.9999985205503422,0.016996749549913,2.13393446369872e-05
2021-07-01,pl1s,0.9999985205503422,0.016996749549913,2.13393446369872e-05
2021-07-01,rb1s,0.9999985205503422,0.016996749549913,2.13393446369872e-05
2021-07-01,si1s,0.9999985205503422,0.016996749549913,2.13393446369872e-05
2021-07-02,cl1s,0.9999968159382224,0.0169983890843249,4.3485850242037e-05
2021-07-02,es1s,0.9999968159382224,0.0169983890843249,4.3485850242037e-05
2021-07-02,fesx1s,0.9999968159382224,0.0169983890843249,4.3485850242037e-05
2021-07-02,gc1s,0.9999968159382224,0.0169983890843249,4.3485850242037e-05
2021-07-02,hg1s,0.9999968159382224,0.0169983890843249,4.3485850242037e-05
2021-07-02,ho1s,0.9999968159382224,0.0169983890843249,4.3485850242037e-05
2021-07-02,ng1s,0.9999968159382224,0.0169983890843249,4.3485850242037e-05
2021-07-02,nq1s,0.9999968159382224,0.0169983890843249,4.3485850242037e-05
2021-07-02,pl1s,0.9999968159382224,0.0169983890843249,4.3485850242037e-05
2021-07-02,rb1s,0.9999968159382224,0.0169983890843249,4.3485850242037e-05
2021-07-02,si1s,0.9999968159382224,0.0169983890843249,4.3485850242037e-05
2021-07-05,cl1s,0.9999954517803424,0.0169997011621648,6.049483454442715e-05
2021-07-05,es1s,0.9999954517803424,0.0169997011621648,6.049483454442715e-05
2021-07-05,fesx1s,0.9999954517803424,0.0169997011621648,6.049483454442715e-05
2021-07-05,gc1s,0.9999954517803424,0.0169997011621648,6.049483454442715e-05
2021-07-05,hg1s,0.9999954517803424,0.0169997011621648,6.049483454442715e-05
2021-07-05,ho1s,0.9999954517803424,0.0169997011621648,6.049483454442715e-05
2021-07-05,ng1s,0.9999954517803424,0.0169997011621648,6.049483454442715e-05
2021-07-05,nq1s,0.9999954517803424,0.0169997011621648,6.049483454442715e-05
2021-07-05,pl1s,0.9999954517803424,0.0169997011621648,6.049483454442715e-05
2021-07-05,rb1s,0.9999954517803424,0.0169997011621648,6.049483454442715e-05
2021-07-05,si1s,0.9999954517803424,0.0169997011621648,6.049483454442715e-05
2021-07-06,cl1s,0.9999969537920278,0.0169982564934232,4.173795819694075e-05
2021-07-06,es1s,0.9999969537920278,0.0169982564934232,4.173795819694075e-05
2021-07-06,fesx1s,0.9999969537920278,0.0169982564934232,4.173795819694075e-05
2021-07-06,gc1s,0.9999969537920278,0.0169982564934232,4.173795819694075e-05
2021-07-06,hg1s,0.9999969537920278,0.0169982564934232,4.173795819694075e-05
2021-07-06,ho1s,0.9999969537920278,0.0169982564934232,4.173795819694075e-05
2021-07-06,ng1s,0.9999969537920278,0.0169982564934232,4.173795819694075e-05
2021-07-06,nq1s,0.9999969537920278,0.0169982564934232,4.173795819694075e-05
2021-07-06,pl1s,0.9999969537920278,0.0169982564934232,4.173795819694075e-05
2021-07-06,rb1s,0.9999969537920278,0.0169982564934232,4.173795819694075e-05
2021-07-06,si1s,0.9999969537920278,0.0169982564934232,4.173795819694075e-05
2021-07-07,cl1s,0.9999948400841814,0.017000289505339,6.797976354320278e-05
2021-07-07,es1s,0.9999948400841814,0.017000289505339,6.797976354320278e-05
2021-07-07,fesx1s,0.9999948400841814,0.017000289505339,6.797976354320278e-05
2021-07-07,gc1s,0.9999948400841814,0.017000289505339,6.797976354320278e-05
2021-07-07,hg1s,0.9999948400841814,0.017000289505339,6.797976354320278e-05
2021-07-07,ho1s,0.9999948400841814,0.017000289505339,6.797976354320278e-05
2021-07-07,ng1s,0.9999948400841814,0.017000289505339,6.797976354320278e-05
2021-07-07,nq1s,0.9999948400841814,0.017000289505339,6.797976354320278e-05
2021-07-07,pl1s,0.9999948400841814,0.017000289505339,6.797976354320278e-05
2021-07-07,rb1s,0.9999948400841814,0.017000289505339,6.797976354320278e-05
2021-07-07,si1s,0.9999948400841814,0.017000289505339,6.797976354320278e-05
2021-07-08,cl1s,0.9998995099934396,0.017091980138328,0.0010255409165385
2021-07-08,es1s,0.9998995099934396,0.017091980138328,0.0010255409165385
2021-07-08,fesx1s,0.9998995099934396,0.017091980138328,0.0010255409165385
2021-07-08,gc1s,0.9998995099934396,0.017091980138328,0.0010255409165385
2021-07-08,hg1s,0.9998995099934396,0.017091980138328,0.0010255409165385
2021-07-08,ho1s,0.9998995099934396,0.017091980138328,0.0010255409165385
2021-07-08,ng1s,0.9998995099934396,0.017091980138328,0.0010255409165385
2021-07-08,nq1s,0.9998995099934396,0.017091980138328,0.0010255409165385
2021-07-08,pl1s,0.9998995099934396,0.017091980138328,0.0010255409165385
2021-07-08,rb1s,0.9998995099934396,0.017091980138328,0.0010255409165385
2021-07-08,si1s,0.9998995099934396,0.017091980138328,0.0010255409165385
2021-07-09,cl1s,0.9999709530590022,0.0170232645853148,0.0003324882168986
2021-07-09,es1s,0.9999709530590022,0.0170232645853148,0.0003324882168986
2021-07-09,fesx1s,0.9999709530590022,0.0170232645853148,0.0003324882168986
2021-07-09,gc1s,0.9999709530590022,0.0170232645853148,0.0003324882168986
2021-07-09,hg1s,0.9999709530590022,0.0170232645853148,0.0003324882168986
2021-07-09,ho1s,0.9999709530590022,0.0170232645853148,0.0003324882168986
2021-07-09,ng1s,0.9999709530590022,0.0170232645853148,0.0003324882168986
2021-07-09,nq1s,0.9999709530590022,0.0170232645853148,0.0003324882168986
2021-07-09,pl1s,0.9999709530590022,0.0170232645853148,0.0003324882168986
2021-07-09,rb1s,0.9999709530590022,0.0170232645853148,0.0003324882168986
2021-07-09,si1s,0.9999709530590022,0.0170232645853148,0.0003324882168986
2021-07-12,cl1s,0.999981442507256,0.0170131755972249,0.0002207344663081
2021-07-12,es1s,0.999981442507256,0.0170131755972249,0.0002207344663081
2021-07-12,fesx1s,0.999981442507256,0.0170131755972249,0.0002207344663081
2021-07-12,gc1s,0.999981442507256,0.0170131755972249,0.0002207344663081
2021-07-12,hg1s,0.999981442507256,0.0170131755972249,0.0002207344663081
2021-07-12,ho1s,0.999981442507256,0.0170131755972249,0.0002207344663081
2021-07-12,ng1s,0.999981442507256,0.0170131755972249,0.0002207344663081
2021-07-12,nq1s,0.999981442507256,0.0170131755972249,0.0002207344663081
2021-07-12,pl1s,0.999981442507256,0.0170131755972249,0.0002207344663081
2021-07-12,rb1s,0.999981442507256,0.0170131755972249,0.0002207344663081
2021-07-12,si1s,0.999981442507256,0.0170131755972249,0.0002207344663081
2021-07-13,cl1s,0.9999644261935292,0.0170295422718461,0.0003999877241231
2021-07-13,es1s,0.9999644261935292,0.0170295422718461,0.0003999877241231
2021-07-13,fesx1s,0.9999644261935292,0.0170295422718461,0.0003999877241231
2021-07-13,gc1s,0.9999644261935292,0.0170295422718461,0.0003999877241231
2021-07-13,hg1s,0.9999644261935292,0.0170295422718461,0.0003999877241231
2021-07-13,ho1s,0.9999644261935292,0.0170295422718461,0.0003999877241231
2021-07-13,ng1s,0.9999644261935292,0.0170295422718461,0.0003999877241231
2021-07-13,nq1s,0.9999644261935292,0.0170295422718461,0.0003999877241231
2021-07-13,pl1s,0.9999644261935292,0.0170295422718461,0.0003999877241231
2021-07-13,rb1s,0.9999644261935292,0.0170295422718461,0.0003999877241231
2021-07-13,si1s,0.9999644261935292,0.0170295422718461,0.0003999877241231
2021-07-14,cl1s,0.9997490705448256,0.0172366761956018,0.0023311881463134
2021-07-14,es1s,0.9997490705448256,0.0172366761956018,0.0023311881463134
2021-07-14,fesx1s,0.9997490705448256,0.0172366761956018,0.0023311881463134
2021-07-14,gc1s,0.9997490705448256,0.0172366761956018,0.0023311881463134
2021-07-14,hg1s,0.9997490705448256,0.0172366761956018,0.0023311881463134
2021-07-14,ho1s,0.9997490705448256,0.0172366761956018,0.0023311881463134
2021-07-14,ng1s,0.9997490705448256,0.0172366761956018,0.0023311881463134
2021-07-14,nq1s,0.9997490705448256,0.0172366761956018,0.0023311881463134
2021-07-14,pl1s,0.9997490705448256,0.0172366761956018,0.0023311881463134
2021-07-14,rb1s,0.9997490705448256,0.0172366761956018,0.0023311881463134
2021-07-14,si1s,0.9997490705448256,0.0172366761956018,0.0023311881463134
2021-07-15,cl1s,0.9975854566594654,0.0193176888658765,0.01696225596295
2021-07-15,es1s,0.9975854566594654,0.0193176888658765,0.01696225596295
2021-07-15,fesx1s,0.9975854566594654,0.0193176888658765,0.01696225596295
2021-07-15,gc1s,0.9975854566594654,0.0193176888658765,0.01696225596295
2021-07-15,hg1s,0.9975854566594654,0.0193176888658765,0.01696225596295
2021-07-15,ho1s,0.9975854566594654,0.0193176888658765,0.01696225596295
2021-07-15,ng1s,0.9975854566594654,0.0193176888658765,0.01696225596295
2021-07-15,nq1s,0.9975854566594654,0.0193176888658765,0.01696225596295
2021-07-15,pl1s,0.9975854566594654,0.0193176888658765,0.01696225596295
2021-07-15,rb1s,0.9975854566594654,0.0193176888658765,0.01696225596295
2021-07-15,si1s,0.9975854566594654,0.0193176888658765,0.01696225596295
2021-07-16,cl1s,0.995062418775532,0.0217444036506057,0.0311482711418726
2021-07-16,es1s,0.995062418775532,0.0217444036506057,0.0311482711418726
2021-07-16,fesx1s,0.995062418775532,0.0217444036506057,0.0311482711418726
2021-07-16,gc1s,0.995062418775532,0.0217444036506057,0.0311482711418726
2021-07-16,hg1s,0.995062418775532,0.0217444036506057,0.0311482711418726
2021-07-16,ho1s,0.995062418775532,0.0217444036506057,0.0311482711418726
2021-07-16,ng1s,0.995062418775532,0.0217444036506057,0.0311482711418726
2021-07-16,nq1s,0.995062418775532,0.0217444036506057,0.0311482711418726
2021-07-16,pl1s,0.995062418775532,0.0217444036506057,0.0311482711418726
2021-07-16,rb1s,0.995062418775532,0.0217444036506057,0.0311482711418726
2021-07-16,si1s,0.995062418775532,0.0217444036506057,0.0311482711418726
2021-07-19,cl1s,0.0069476951869309,0.97213544772113,0.0414490003011871
2021-07-19,es1s,0.0069476951869309,0.97213544772113,0.0414490003011871
2021-07-19,fesx1s,0.0069476951869309,0.97213544772113,0.0414490003011871
2021-07-19,gc1s,0.0069476951869309,0.97213544772113,0.0414490003011871
2021-07-19,hg1s,0.0069476951869309,0.97213544772113,0.0414490003011871
2021-07-19,ho1s,0.0069476951869309,0.97213544772113,0.0414490003011871
2021-07-19,ng1s,0.0069476951869309,0.97213544772113,0.0414490003011871
2021-07-19,nq1s,0.0069476951869309,0.97213544772113,0.0414490003011871
2021-07-19,pl1s,0.0069476951869309,0.97213544772113,0.0414490003011871
2021-07-19,rb1s,0.0069476951869309,0.97213544772113,0.0414490003011871
2021-07-19,si1s,0.0069476951869309,0.97213544772113,0.0414490003011871
2021-07-20,cl1s,0.0001070125643628,0.9787149706698484,0.0010853760895987
2021-07-20,es1s,0.0001070125643628,0.9787149706698484,0.0010853760895987
2021-07-20,fesx1s,0.0001070125643628,0.9787149706698484,0.0010853760895987
2021-07-20,gc1s,0.0001070125643628,0.9787149706698484,0.0010853760895987
2021-07-20,hg1s,0.0001070125643628,0.9787149706698484,0.0010853760895987
2021-07-20,ho1s,0.0001070125643628,0.9787149706698484,0.0010853760895987
2021-07-20,ng1s,0.0001070125643628,0.9787149706698484,0.0010853760895987
2021-07-20,nq1s,0.0001070125643628,0.9787149706698484,0.0010853760895987
2021-07-20,pl1s,0.0001070125643628,0.9787149706698484,0.0010853760895987
2021-07-20,rb1s,0.0001070125643628,0.9787149706698484,0.0010853760895987
2021-07-20,si1s,0.0001070125643628,0.9787149706698484,0.0010853760895987
2021-07-21,cl1s,0.0034387607735874,0.9755104200407018,0.0229397075042091
2021-07-21,es1s,0.0034387607735874,0.9755104200407018,0.0229397075042091
2021-07-21,fesx1s,0.0034387607735874,0.9755104200407018,0.0229397075042091
2021-07-21,gc1s,0.0034387607735874,0.9755104200407018,0.0229397075042091
2021-07-21,hg1s,0.0034387607735874,0.9755104200407018,0.0229397075042091
2021-07-21,ho1s,0.0034387607735874,0.9755104200407018,0.0229397075042091
2021-07-21,ng1s,0.0034387607735874,0.9755104200407018,0.0229397075042091
2021-07-21,nq1s,0.0034387607735874,0.9755104200407018,0.0229397075042091
2021-07-21,pl1s,0.0034387607735874,0.9755104200407018,0.0229397075042091
2021-07-21,rb1s,0.0034387607735874,0.9755104200407018,0.0229397075042091
2021-07-21,si1s,0.0034387607735874,0.9755104200407018,0.0229397075042091
2021-07-22,cl1s,0.0060194472054721,0.9730282575813568,0.0367772818647576
2021-07-22,es1s,0.0060194472054721,0.9730282575813568,0.0367772818647576
2021-07-22,fesx1s,0.0060194472054721,0.9730282575813568,0.0367772818647576
2021-07-22,gc1s,0.0060194472054721,0.9730282575813568,0.0367772818647576
2021-07-22,hg1s,0.0060194472054721,0.9730282575813568,0.0367772818647576
2021-07-22,ho1s,0.0060194472054721,0.9730282575813568,0.0367772818647576
2021-07-22,ng1s,0.0060194472054721,0.9730282575813568,0.0367772818647576
2021-07-22,nq1s,0.0060194472054721,0.9730282575813568,0.0367772818647576
2021-07-22,pl1s,0.0060194472054721,0.9730282575813568,0.0367772818647576
2021-07-22,rb1s,0.0060194472054721,0.9730282575813568,0.0367772818647576
2021-07-22,si1s,0.0060194472054721,0.9730282575813568,0.0367772818647576
2021-07-23,cl1s,0.0205571112624633,0.9590456041589968,0.1001994435515514
2021-07-23,es1s,0.0205571112624633,0.9590456041589968,0.1001994435515514
2021-07-23,fesx1s,0.0205571112624633,0.9590456041589968,0.1001994435515514
2021-07-23,gc1s,0.0205571112624633,0.9590456041589968,0.1001994435515514
2021-07-23,hg1s,0.0205571112624633,0.9590456041589968,0.1001994435515514
2021-07-23,ho1s,0.0205571112624633,0.9590456041589968,0.1001994435515514
2021-07-23,ng1s,0.0205571112624633,0.9590456041589968,0.1001994435515514
2021-07-23,nq1s,0.0205571112624633,0.9590456041589968,0.1001994435515514
2021-07-23,pl1s,0.0205571112624633,0.9590456041589968,0.1001994435515514
2021-07-23,rb1s,0.0205571112624633,0.9590456041589968,0.1001994435515514
2021-07-23,si1s,0.0205571112624633,0.9590456041589968,0.1001994435515514
2021-07-26,cl1s,0.0282187258929097,0.9516764902756908,0.128494687896386
2021-07-26,es1s,0.0282187258929097,0.9516764902756908,0.128494687896386
2021-07-26,fesx1s,0.0282187258929097,0.9516764902756908,0.128494687896386
2021-07-26,gc1s,0.0282187258929097,0.9516764902756908,0.128494687896386
2021-07-26,hg1s,0.0282187258929097,0.9516764902756908,0.128494687896386
2021-07-26,ho1s,0.0282187258929097,0.9516764902756908,0.128494687896386
2021-07-26,ng1s,0.0282187258929097,0.9516764902756908,0.128494687896386
2021-07-26,nq1s,0.0282187258929097,0.9516764902756908,0.128494687896386
2021-07-26,pl1s,0.0282187258929097,0.9516764902756908,0.128494687896386
2021-07-26,rb1s,0.0282187258929097,0.9516764902756908,0.128494687896386
2021-07-26,si1s,0.0282187258929097,0.9516764902756908,0.128494687896386
2021-07-27,cl1s,0.0014236110946217,0.977448636486253,0.0107537396381117
2021-07-27,es1s,0.0014236110946217,0.977448636486253,0.0107537396381117
2021-07-27,fesx1s,0.0014236110946217,0.977448636486253,0.0107537396381117
2021-07-27,gc1s,0.0014236110946217,0.977448636486253,0.0107537396381117
2021-07-27,hg1s,0.0014236110946217,0.977448636486253,0.0107537396381117
2021-07-27,ho1s,0.0014236110946217,0.977448636486253,0.0107537396381117
2021-07-27,ng1s,0.0014236110946217,0.977448636486253,0.0107537396381117
2021-07-27,nq1s,0.0014236110946217,0.977448636486253,0.0107537396381117
2021-07-27,pl1s,0.0014236110946217,0.977448636486253,0.0107537396381117
2021-07-27,rb1s,0.0014236110946217,0.977448636486253,0.0107537396381117
2021-07-27,si1s,0.0014236110946217,0.977448636486253,0.0107537396381117
2021-07-28,cl1s,0.0021644050820671,0.9767361241085272,0.0154420059775112
2021-07-28,es1s,0.0021644050820671,0.9767361241085272,0.0154420059775112
2021-07-28,fesx1s,0.0021644050820671,0.9767361241085272,0.0154420059775112
2021-07-28,gc1s,0.0021644050820671,0.9767361241085272,0.0154420059775112
2021-07-28,hg1s,0.0021644050820671,0.9767361241085272,0.0154420059775112
2021-07-28,ho1s,0.0021644050820671,0.9767361241085272,0.0154420059775112
2021-07-28,ng1s,0.0021644050820671,0.9767361241085272,0.0154420059775112
2021-07-28,nq1s,0.0021644050820671,0.9767361241085272,0.0154420059775112
2021-07-28,pl1s,0.0021644050820671,0.9767361241085272,0.0154420059775112
2021-07-28,rb1s,0.0021644050820671,0.9767361241085272,0.0154420059775112
2021-07-28,si1s,0.0021644050820671,0.9767361241085272,0.0154420059775112
2021-07-29,cl1s,0.0006303264687505,0.978211635544792,0.0052751753896232
2021-07-29,es1s,0.0006303264687505,0.978211635544792,0.0052751753896232
2021-07-29,fesx1s,0.0006303264687505,0.978211635544792,0.0052751753896232
2021-07-29,gc1s,0.0006303264687505,0.978211635544792,0.0052751753896232
2021-07-29,hg1s,0.0006303264687505,0.978211635544792,0.0052751753896232
2021-07-29,ho1s,0.0006303264687505,0.978211635544792,0.0052751753896232
2021-07-29,ng1s,0.0006303264687505,0.978211635544792,0.0052751753896232
2021-07-29,nq1s,0.0006303264687505,0.978211635544792,0.0052751753896232
2021-07-29,pl1s,0.0006303264687505,0.978211635544792,0.0052751753896232
2021-07-29,rb1s,0.0006303264687505,0.978211635544792,0.0052751753896232
2021-07-29,si1s,0.0006303264687505,0.978211635544792,0.0052751753896232
2021-07-30,cl1s,0.0022232168005521,0.9766795576702384,0.0158019306844669
2021-07-30,es1s,0.0022232168005521,0.9766795576702384,0.0158019306844669
2021-07-30,fesx1s,0.0022232168005521,0.9766795576702384,0.0158019306844669
2021-07-30,gc1s,0.0022232168005521,0.9766795576702384,0.0158019306844669
2021-07-30,hg1s,0.0022232168005521,0.9766795576702384,0.0158019306844669
2021-07-30,ho1s,0.0022232168005521,0.9766795576702384,0.0158019306844669
2021-07-30,ng1s,0.0022232168005521,0.9766795576702384,0.0158019306844669
2021-07-30,nq1s,0.0022232168005521,0.9766795576702384,0.0158019306844669
2021-07-30,pl1s,0.0022232168005521,0.9766795576702384,0.0158019306844669
2021-07-30,rb1s,0.0022232168005521,0.9766795576702384,0.0158019306844669
2021-07-30,si1s,0.0022232168005521,0.9766795576702384,0.0158019306844669
2021-08-02,cl1s,0.0003623687634149,0.9784693633139074,0.0032332957980603
2021-08-02,es1s,0.0003623687634149,0.9784693633139074,0.0032332957980603
2021-08-02,fesx1s,0.0003623687634149,0.9784693633139074,0.0032332957980603
2021-08-02,gc1s,0.0003623687634149,0.9784693633139074,0.0032332957980603
2021-08-02,hg1s,0.0003623687634149,0.9784693633139074,0.0032332957980603
2021-08-02,ho1s,0.0003623687634149,0.9784693633139074,0.0032332957980603
2021-08-02,ng1s,0.0003623687634149,0.9784693633139074,0.0032332957980603
2021-08-02,nq1s,0.0003623687634149,0.9784693633139074,0.0032332957980603
2021-08-02,pl1s,0.0003623687634149,0.9784693633139074,0.0032332957980603
2021-08-02,rb1s,0.0003623687634149,0.9784693633139074,0.0032332957980603
2021-08-02,si1s,0.0003623687634149,0.9784693633139074,0.0032332957980603
2021-08-03,cl1s,3.2037311167594484e-05,0.978787083560652,0.0003635784161986
2021-08-03,es1s,3.2037311167594484e-05,0.978787083560652,0.0003635784161986
2021-08-03,fesx1s,3.2037311167594484e-05,0.978787083560652,0.0003635784161986
2021-08-03,gc1s,3.2037311167594484e-05,0.978787083560652,0.0003635784161986
2021-08-03,hg1s,3.2037311167594484e-05,0.978787083560652,0.0003635784161986
2021-08-03,ho1s,3.2037311167594484e-05,0.978787083560652,0.0003635784161986
2021-08-03,ng1s,3.2037311167594484e-05,0.978787083560652,0.0003635784161986
2021-08-03,nq1s,3.2037311167594484e-05,0.978787083560652,0.0003635784161986
2021-08-03,pl1s,3.2037311167594484e-05,0.978787083560652,0.0003635784161986
2021-08-03,rb1s,3.2037311167594484e-05,0.978787083560652,0.0003635784161986
2021-08-03,si1s,3.2037311167594484e-05,0.978787083560652,0.0003635784161986
2021-08-04,cl1s,1.0475960707642803e-05,0.97880782175419,0.0001305977485456
2021-08-04,es1s,1.0475960707642803e-05,0.97880782175419,0.0001305977485456
2021-08-04,fesx1s,1.0475960707642803e-05,0.97880782175419,0.0001305977485456
2021-08-04,gc1s,1.0475960707642803e-05,0.97880782175419,0.0001305977485456
2021-08-04,hg1s,1.0475960707642803e-05,0.97880782175419,0.0001305977485456
2021-08-04,ho1s,1.0475960707642803e-05,0.97880782175419,0.0001305977485456
2021-08-04,ng1s,1.0475960707642803e-05,0.97880782175419,0.0001305977485456
2021-08-04,nq1s,1.0475960707642803e-05,0.97880782175419,0.0001305977485456
2021-08-04,pl1s,1.0475960707642803e-05,0.97880782175419,0.0001305977485456
2021-08-04,rb1s,1.0475960707642803e-05,0.97880782175419,0.0001305977485456
2021-08-04,si1s,1.0475960707642803e-05,0.97880782175419,0.0001305977485456
2021-08-05,cl1s,9.716344103915446e-05,0.9787244437789678,0.0009948630269548
2021-08-05,es1s,9.716344103915446e-05,0.9787244437789678,0.0009948630269548
2021-08-05,fesx1s,9.716344103915446e-05,0.9787244437789678,0.0009948630269548
2021-08-05,gc1s,9.716344103915446e-05,0.9787244437789678,0.0009948630269548
2021-08-05,hg1s,9.716344103915446e-05,0.9787244437789678,0.0009948630269548
2021-08-05,ho1s,9.716344103915446e-05,0.9787244437789678,0.0009948630269548
2021-08-05,ng1s,9.716344103915446e-05,0.9787244437789678,0.0009948630269548
2021-08-05,nq1s,9.716344103915446e-05,0.9787244437789678,0.0009948630269548
2021-08-05,pl1s,9.716344103915446e-05,0.9787244437789678,0.0009948630269548
2021-08-05,rb1s,9.716344103915446e-05,0.9787244437789678,0.0009948630269548
2021-08-05,si1s,9.716344103915446e-05,0.9787244437789678,0.0009948630269548
2021-08-06,cl1s,0.0004209057006994,0.9784130611663788,0.0036925599411935
2021-08-06,es1s,0.0004209057006994,0.9784130611663788,0.0036925599411935
2021-08-06,fesx1s,0.0004209057006994,0.9784130611663788,0.0036925599411935
2021-08-06,gc1s,0.0004209057006994,0.9784130611663788,0.0036925599411935
2021-08-06,hg1s,0.0004209057006994,0.9784130611663788,0.0036925599411935
2021-08-06,ho1s,0.0004209057006994,0.9784130611663788,0.0036925599411935
2021-08-06,ng1s,0.0004209057006994,0.9784130611663788,0.0036925599411935
2021-08-06,nq1s,0.0004209057006994,0.9784130611663788,0.0036925599411935
2021-08-06,pl1s,0.0004209057006994,0.9784130611663788,0.0036925599411935
2021-08-06,rb1s,0.0004209057006994,0.9784130611663788,0.0036925599411935
2021-08-06,si1s,0.0004209057006994,0.9784130611663788,0.0036925599411935
2021-08-09,cl1s,0.0003519249219071,0.9784794084363996,0.0031504025898056
2021-08-09,es1s,0.0003519249219071,0.9784794084363996,0.0031504025898056
2021-08-09,fesx1s,0.0003519249219071,0.9784794084363996,0.0031504025898056
2021-08-09,gc1s,0.0003519249219071,0.9784794084363996,0.0031504025898056
2021-08-09,hg1s,0.0003519249219071,0.9784794084363996,0.0031504025898056
2021-08-09,ho1s,0.0003519249219071,0.9784794084363996,0.0031504025898056
2021-08-09,ng1s,0.0003519249219071,0.9784794084363996,0.0031504025898056
2021-08-09,nq1s,0.0003519249219071,0.9784794084363996,0.0031504025898056
2021-08-09,pl1s,0.0003519249219071,0.9784794084363996,0.0031504025898056
2021-08-09,rb1s,0.0003519249219071,0.9784794084363996,0.0031504025898056
2021-08-09,si1s,0.0003519249219071,0.9784794084363996,0.0031504025898056
2021-08-10,cl1s,7.528340764074029e-05,0.9787454884889484,0.0007900401268051
2021-08-10,es1s,7.528340764074029e-05,0.9787454884889484,0.0007900401268051
2021-08-10,fesx1s,7.528340764074029e-05,0.9787454884889484,0.0007900401268051
2021-08-10,gc1s,7.528340764074029e-05,0.9787454884889484,0.0007900401268051
2021-08-10,hg1s,7.528340764074029e-05,0.9787454884889484,0.0007900401268051
2021-08-10,ho1s,7.528340764074029e-05,0.9787454884889484,0.0007900401268051
2021-08-10,ng1s,7.528340764074029e-05,0.9787454884889484,0.0007900401268051
2021-08-10,nq1s,7.528340764074029e-05,0.9787454884889484,0.0007900401268051
2021-08-10,pl1s,7.528340764074029e-05,0.9787454884889484,0.0007900401268051
2021-08-10,rb1s,7.528340764074029e-05,0.9787454884889484,0.0007900401268051
2021-08-10,si1s,7.528340764074029e-05,0.9787454884889484,0.0007900401268051
2021-08-11,cl1s,2.056504720425435e-05,0.9787981178430748,0.0002425011318631
2021-08-11,es1s,2.056504720425435e-05,0.9787981178430748,0.0002425011318631
2021-08-11,fesx1s,2.056504720425435e-05,0.9787981178430748,0.0002425011318631
2021-08-11,gc1s,2.056504720425435e-05,0.9787981178430748,0.0002425011318631
2021-08-11,hg1s,2.056504720425435e-05,0.9787981178430748,0.0002425011318631
2021-08-11,ho1s,2.056504720425435e-05,0.9787981178430748,0.0002425011318631
2021-08-11,ng1s,2.056504720425435e-05,0.9787981178430748,0.0002425011318631
2021-08-11,nq1s,2.056504720425435e-05,0.9787981178430748,0.0002425011318631
2021-08-11,pl1s,2.056504720425435e-05,0.9787981178430748,0.0002425011318631
2021-08-11,rb1s,2.056504720425435e-05,0.9787981178430748,0.0002425011318631
2021-08-11,si1s,2.056504720425435e-05,0.9787981178430748,0.0002425011318631
2021-08-12,cl1s,4.5466680916940455e-05,0.9787741668897104,0.0005000656562589
2021-08-12,es1s,4.5466680916940455e-05,0.9787741668897104,0.0005000656562589
2021-08-12,fesx1s,4.5466680916940455e-05,0.9787741668897104,0.0005000656562589
2021-08-12,gc1s,4.5466680916940455e-05,0.9787741668897104,0.0005000656562589
2021-08-12,hg1s,4.5466680916940455e-05,0.9787741668897104,0.0005000656562589
2021-08-12,ho1s,4.5466680916940455e-05,0.9787741668897104,0.0005000656562589
2021-08-12,ng1s,4.5466680916940455e-05,0.9787741668897104,0.0005000656562589
2021-08-12,nq1s,4.5466680916940455e-05,0.9787741668897104,0.0005000656562589
2021-08-12,pl1s,4.5466680916940455e-05,0.9787741668897104,0.0005000656562589
2021-08-12,rb1s,4.5466680916940455e-05,0.9787741668897104,0.0005000656562589
2021-08-12,si1s,4.5466680916940455e-05,0.9787741668897104,0.0005000656562589
2021-08-13,cl1s,2.1497203062630348e-05,0.9787972212745304,0.0002525400476763
2021-08-13,es1s,2.1497203062630348e-05,0.9787972212745304,0.0002525400476763
2021-08-13,fesx1s,2.1497203062630348e-05,0.9787972212745304,0.0002525400476763
2021-08-13,gc1s,2.1497203062630348e-05,0.9787972212745304,0.0002525400476763
2021-08-13,hg1s,2.1497203062630348e-05,0.9787972212745304,0.0002525400476763
2021-08-13,ho1s,2.1497203062630348e-05,0.9787972212745304,0.0002525400476763
2021-08-13,ng1s,2.1497203062630348e-05,0.9787972212745304,0.0002525400476763
2021-08-13,nq1s,2.1497203062630348e-05,0.9787972212745304,0.0002525400476763
2021-08-13,pl1s,2.1497203062630348e-05,0.9787972212745304,0.0002525400476763
2021-08-13,rb1s,2.1497203062630348e-05,0.9787972212745304,0.0002525400476763
2021-08-13,si1s,2.1497203062630348e-05,0.9787972212745304,0.0002525400476763
2021-08-16,cl1s,9.1703410915336e-05,0.9787296953591802,0.0009442613222766
2021-08-16,es1s,9.1703410915336e-05,0.9787296953591802,0.0009442613222766
2021-08-16,fesx1s,9.1703410915336e-05,0.9787296953591802,0.0009442613222766
2021-08-16,gc1s,9.1703410915336e-05,0.9787296953591802,0.0009442613222766
2021-08-16,hg1s,9.1703410915336e-05,0.9787296953591802,0.0009442613222766
2021-08-16,ho1s,9.1703410915336e-05,0.9787296953591802,0.0009442613222766
2021-08-16,ng1s,9.1703410915336e-05,0.9787296953591802,0.0009442613222766
2021-08-16,nq1s,9.1703410915336e-05,0.9787296953591802,0.0009442613222766
2021-08-16,pl1s,9.1703410915336e-05,0.9787296953591802,0.0009442613222766
2021-08-16,rb1s,9.1703410915336e-05,0.9787296953591802,0.0009442613222766
2021-08-16,si1s,9.1703410915336e-05,0.9787296953591802,0.0009442613222766
2021-08-17,cl1s,7.82987888156108e-06,0.9788103668154152,9.989014650529884e-05
2021-08-17,es1s,7.82987888156108e-06,0.9788103668154152,9.989014650529884e-05
2021-08-17,fesx1s,7.82987888156108e-06,0.9788103668154152,9.989014650529884e-05
2021-08-17,gc1s,7.82987888156108e-06,0.9788103668154152,9.989014650529884e-05
2021-08-17,hg1s,7.82987888156108e-06,0.9788103668154152,9.989014650529884e-05
2021-08-17,ho1s,7.82987888156108e-06,0.9788103668154152,9.989014650529884e-05
2021-08-17,ng1s,7.82987888156108e-06,0.9788103668154152,9.989014650529884e-05
2021-08-17,nq1s,7.82987888156108e-06,0.9788103668154152,9.989014650529884e-05
2021-08-17,pl1s,7.82987888156108e-06,0.9788103668154152,9.989014650529884e-05
2021-08-17,rb1s,7.82987888156108e-06,0.9788103668154152,9.989014650529884e-05
2021-08-17,si1s,7.82987888156108e-06,0.9788103668154152,9.989014650529884e-05
2021-08-18,cl1s,1.652009769049061e-07,0.9788177388756248,2.7449964447212183e-06
2021-08-18,es1s,1.652009769049061e-07,0.9788177388756248,2.7449964447212183e-06
2021-08-18,fesx1s,1.652009769049061e-07,0.9788177388756248,2.7449964447212183e-06
2021-08-18,gc1s,1.652009769049061e-07,0.9788177388756248,2.7449964447212183e-06
2021-08-18,hg1s,1.652009769049061e-07,0.9788177388756248,2.7449964447212183e-06
2021-08-18,ho1s,1.652009769049061e-07,0.9788177388756248,2.7449964447212183e-06
2021-08-18,ng1s,1.652009769049061e-07,0.9788177388756248,2.7449964447212183e-06
2021-08-18,nq1s,1.652009769049061e-07,0.9788177388756248,2.7449964447212183e-06
2021-08-18,pl1s,1.652009769049061e-07,0.9788177388756248,2.7449964447212183e-06
2021-08-18,rb1s,1.652009769049061e-07,0.9788177388756248,2.7449964447212183e-06
2021-08-18,si1s,1.652009769049061e-07,0.9788177388756248,2.7449964447212183e-06
2021-08-19,cl1s,4.177958639882983e-08,0.9788178575851036,7.516506050094972e-07
2021-08-19,es1s,4.177958639882983e-08,0.9788178575851036,7.516506050094972e-07
2021-08-19,fesx1s,4.177958639882983e-08,0.9788178575851036,7.516506050094972e-07
2021-08-19,gc1s,4.177958639882983e-08,0.9788178575851036,7.516506050094972e-07
2021-08-19,hg1s,4.177958639882983e-08,0.9788178575851036,7.516506050094972e-07
2021-08-19,ho1s,4.177958639882983e-08,0.9788178575851036,7.516506050094972e-07
2021-08-19,ng1s,4.177958639882983e-08,0.9788178575851036,7.516506050094972e-07
2021-08-19,nq1s,4.177958639882983e-08,0.9788178575851036,7.516506050094972e-07
2021-08-19,pl1s,4.177958639882983e-08,0.9788178575851036,7.516506050094972e-07
2021-08-19,rb1s,4.177958639882983e-08,0.9788178575851036,7.516506050094972e-07
2021-08-19,si1s,4.177958639882983e-08,0.9788178575851036,7.516506050094972e-07
2021-08-20,cl1s,3.183056761779489e-06,0.9788148362338144,4.3473129248496395e-05
2021-08-20,es1s,3.183056761779489e-06,0.9788148362338144,4.3473129248496395e-05
2021-08-20,fesx1s,3.183056761779489e-06,0.9788148362338144,4.3473129248496395e-05
2021-08-20,gc1s,3.183056761779489e-06,0.9788148362338144,4.3473129248496395e-05
2021-08-20,hg1s,3.183056761779489e-06,0.9788148362338144,4.3473129248496395e-05
2021-08-20,ho1s,3.183056761779489e-06,0.9788148362338144,4.3473129248496395e-05
2021-08-20,ng1s,3.183056761779489e-06,0.9788148362338144,4.3473129248496395e-05
2021-08-20,nq1s,3.183056761779489e-06,0.9788148362338144,4.3473129248496395e-05
2021-08-20,pl1s,3.183056761779489e-06,0.9788148362338144,4.3473129248496395e-05
2021-08-20,rb1s,3.183056761779489e-06,0.9788148362338144,4.3473129248496395e-05
2021-08-20,si1s,3.183056761779489e-06,0.9788148362338144,4.3473129248496395e-05
2021-08-23,cl1s,6.156210150763836e-05,0.9787586859508932,0.0006584333523509
2021-08-23,es1s,6.156210150763836e-05,0.9787586859508932,0.0006584333523509
2021-08-23,fesx1s,6.156210150763836e-05,0.9787586859508932,0.0006584333523509
2021-08-23,gc1s,6.156210150763836e-05,0.9787586859508932,0.0006584333523509
2021-08-23,hg1s,6.156210150763836e-05,0.9787586859508932,0.0006584333523509
2021-08-23,ho1s,6.156210150763836e-05,0.9787586859508932,0.0006584333523509
2021-08-23,ng1s,6.156210150763836e-05,0.9787586859508932,0.0006584333523509
2021-08-23,nq1s,6.156210150763836e-05,0.9787586859508932,0.0006584333523509
2021-08-23,pl1s,6.156210150763836e-05,0.9787586859508932,0.0006584333523509
2021-08-23,rb1s,6.156210150763836e-05,0.9787586859508932,0.0006584333523509
2021-08-23,si1s,6.156210150763836e-05,0.9787586859508932,0.0006584333523509
2021-08-24,cl1s,0.000353656183745,0.9784777432696872,0.0031641648821152
2021-08-24,es1s,0.000353656183745,0.9784777432696872,0.0031641648821152
2021-08-24,fesx1s,0.000353656183745,0.9784777432696872,0.0031641648821152
2021-08-24,gc1s,0.000353656183745,0.9784777432696872,0.0031641648821152
2021-08-24,hg1s,0.000353656183745,0.9784777432696872,0.0031641648821152
2021-08-24,ho1s,0.000353656183745,0.9784777432696872,0.0031641648821152
2021-08-24,ng1s,0.000353656183745,0.9784777432696872,0.0031641648821152
2021-08-24,nq1s,0.000353656183745,0.9784777432696872,0.0031641648821152
2021-08-24,pl1s,0.000353656183745,0.9784777432696872,0.0031641648821152
2021-08-24,rb1s,0.000353656183745,0.9784777432696872,0.0031641648821152
2021-08-24,si1s,0.000353656183745,0.9784777432696872,0.0031641648821152
2021-08-25,cl1s,0.0022838973473785,0.9766211937506688,0.0161716584395914
2021-08-25,es1s,0.0022838973473785,0.9766211937506688,0.0161716584395914
2021-08-25,fesx1s,0.0022838973473785,0.9766211937506688,0.0161716584395914
2021-08-25,gc1s,0.0022838973473785,0.9766211937506688,0.0161716584395914
2021-08-25,hg1s,0.0022838973473785,0.9766211937506688,0.0161716584395914
2021-08-25,ho1s,0.0022838973473785,0.9766211937506688,0.0161716584395914
2021-08-25,ng1s,0.0022838973473785,0.9766211937506688,0.0161716584395914
2021-08-25,nq1s,0.0022838973473785,0.9766211937506688,0.0161716584395914
2021-08-25,pl1s,0.0022838973473785,0.9766211937506688,0.0161716584395914
2021-08-25,rb1s,0.0022838973473785,0.9766211937506688,0.0161716584395914
2021-08-25,si1s,0.0022838973473785,0.9766211937506688,0.0161716584395914
2021-08-26,cl1s,0.0010031467299467,0.9778530486025774,0.0079289838536033
2021-08-26,es1s,0.0010031467299467,0.9778530486025774,0.0079289838536033
2021-08-26,fesx1s,0.0010031467299467,0.9778530486025774,0.0079289838536033
2021-08-26,gc1s,0.0010031467299467,0.9778530486025774,0.0079289838536033
2021-08-26,hg1s,0.0010031467299467,0.9778530486025774,0.0079289838536033
2021-08-26,ho1s,0.0010031467299467,0.9778530486025774,0.0079289838536033
2021-08-26,ng1s,0.0010031467299467,0.9778530486025774,0.0079289838536033
2021-08-26,nq1s,0.0010031467299467,0.9778530486025774,0.0079289838536033
2021-08-26,pl1s,0.0010031467299467,0.9778530486025774,0.0079289838536033
2021-08-26,rb1s,0.0010031467299467,0.9778530486025774,0.0079289838536033
2021-08-26,si1s,0.0010031467299467,0.9778530486025774,0.0079289838536033
2021-08-27,cl1s,0.0063658928725311,0.9726950383190892,0.0385366394758322
2021-08-27,es1s,0.0063658928725311,0.9726950383190892,0.0385366394758322
2021-08-27,fesx1s,0.0063658928725311,0.9726950383190892,0.0385366394758322
2021-08-27,gc1s,0.0063658928725311,0.9726950383190892,0.0385366394758322
2021-08-27,hg1s,0.0063658928725311,0.9726950383190892,0.0385366394758322
2021-08-27,ho1s,0.0063658928725311,0.9726950383190892,0.0385366394758322
2021-08-27,ng1s,0.0063658928725311,0.9726950383190892,0.0385366394758322
2021-08-27,nq1s,0.0063658928725311,0.9726950383190892,0.0385366394758322
2021-08-27,pl1s,0.0063658928725311,0.9726950383190892,0.0385366394758322
2021-08-27,rb1s,0.0063658928725311,0.9726950383190892,0.0385366394758322
2021-08-27,si1s,0.0063658928725311,0.9726950383190892,0.0385366394758322
2021-08-30,cl1s,0.0520667021245401,0.928738968458958,0.2045561360262899
2021-08-30,es1s,0.0520667021245401,0.928738968458958,0.2045561360262899
2021-08-30,fesx1s,0.0520667021245401,0.928738968458958,0.2045561360262899
2021-08-30,gc1s,0.0520667021245401,0.928738968458958,0.2045561360262899
2021-08-30,hg1s,0.0520667021245401,0.928738968458958,0.2045561360262899
2021-08-30,ho1s,0.0520667021245401,0.928738968458958,0.2045561360262899
2021-08-30,ng1s,0.0520667021245401,0.928738968458958,0.2045561360262899
2021-08-30,nq1s,0.0520667021245401,0.928738968458958,0.2045561360262899
2021-08-30,pl1s,0.0520667021245401,0.928738968458958,0.2045561360262899
2021-08-30,rb1s,0.0520667021245401,0.928738968458958,0.2045561360262899
2021-08-30,si1s,0.0520667021245401,0.928738968458958,0.2045561360262899
2021-08-31,cl1s,0.1198720219527931,0.8635222814015361,0.3666699263780638
2021-08-31,es1s,0.1198720219527931,0.8635222814015361,0.3666699263780638
2021-08-31,fesx1s,0.1198720219527931,0.8635222814015361,0.3666699263780638
2021-08-31,gc1s,0.1198720219527931,0.8635222814015361,0.3666699263780638
2021-08-31,hg1s,0.1198720219527931,0.8635222814015361,0.3666699263780638
2021-08-31,ho1s,0.1198720219527931,0.8635222814015361,0.3666699263780638
2021-08-31,ng1s,0.1198720219527931,0.8635222814015361,0.3666699263780638
2021-08-31,nq1s,0.1198720219527931,0.8635222814015361,0.3666699263780638
2021-08-31,pl1s,0.1198720219527931,0.8635222814015361,0.3666699263780638
2021-08-31,rb1s,0.1198720219527931,0.8635222814015361,0.3666699263780638
2021-08-31,si1s,0.1198720219527931,0.8635222814015361,0.3666699263780638
2021-09-01,cl1s,0.2853865628183785,0.7043266601372276,0.5979690359370795
2021-09-01,es1s,0.2853865628183785,0.7043266601372276,0.5979690359370795
2021-09-01,fesx1s,0.2853865628183785,0.7043266601372276,0.5979690359370795
2021-09-01,gc1s,0.2853865628183785,0.7043266601372276,0.5979690359370795
2021-09-01,hg1s,0.2853865628183785,0.7043266601372276,0.5979690359370795
2021-09-01,ho1s,0.2853865628183785,0.7043266601372276,0.5979690359370795
2021-09-01,ng1s,0.2853865628183785,0.7043266601372276,0.5979690359370795
2021-09-01,nq1s,0.2853865628183785,0.7043266601372276,0.5979690359370795
2021-09-01,pl1s,0.2853865628183785,0.7043266601372276,0.5979690359370795
2021-09-01,rb1s,0.2853865628183785,0.7043266601372276,0.5979690359370795
2021-09-01,si1s,0.2853865628183785,0.7043266601372276,0.5979690359370795
2021-09-02,cl1s,0.7240181779102896,0.2824408723052628,0.5891181405256374
2021-09-02,es1s,0.7240181779102896,0.2824408723052628,0.5891181405256374
2021-09-02,fesx1s,0.7240181779102896,0.2824408723052628,0.5891181405256374
2021-09-02,gc1s,0.7240181779102896,0.2824408723052628,0.5891181405256374
2021-09-02,hg1s,0.7240181779102896,0.2824408723052628,0.5891181405256374
2021-09-02,ho1s,0.7240181779102896,0.2824408723052628,0.5891181405256374
2021-09-02,ng1s,0.7240181779102896,0.2824408723052628,0.5891181405256374
2021-09-02,nq1s,0.7240181779102896,0.2824408723052628,0.5891181405256374
2021-09-02,pl1s,0.7240181779102896,0.2824408723052628,0.5891181405256374
2021-09-02,rb1s,0.7240181779102896,0.2824408723052628,0.5891181405256374
2021-09-02,si1s,0.7240181779102896,0.2824408723052628,0.5891181405256374
2021-09-03,cl1s,0.9788936811901444,0.0372958604078445,0.1023140331429838
2021-09-03,es1s,0.9788936811901444,0.0372958604078445,0.1023140331429838
2021-09-03,fesx1s,0.9788936811901444,0.0372958604078445,0.1023140331429838
2021-09-03,gc1s,0.9788936811901444,0.0372958604078445,0.1023140331429838
2021-09-03,hg1s,0.9788936811901444,0.0372958604078445,0.1023140331429838
2021-09-03,ho1s,0.9788936811901444,0.0372958604078445,0.1023140331429838
2021-09-03,ng1s,0.9788936811901444,0.0372958604078445,0.1023140331429838
2021-09-03,nq1s,0.9788936811901444,0.0372958604078445,0.1023140331429838
2021-09-03,pl1s,0.9788936811901444,0.0372958604078445,0.1023140331429838
2021-09-03,rb1s,0.9788936811901444,0.0372958604078445,0.1023140331429838
2021-09-03,si1s,0.9788936811901444,0.0372958604078445,0.1023140331429838
2021-09-06,cl1s,0.9978348578789086,0.0190778091437346,0.015446526438602
2021-09-06,es1s,0.9978348578789086,0.0190778091437346,0.015446526438602
2021-09-06,fesx1s,0.9978348578789086,0.0190778091437346,0.015446526438602
2021-09-06,gc1s,0.9978348578789086,0.0190778091437346,0.015446526438602
2021-09-06,hg1s,0.9978348578789086,0.0190778091437346,0.015446526438602
2021-09-06,ho1s,0.9978348578789086,0.0190778091437346,0.015446526438602
2021-09-06,ng1s,0.9978348578789086,0.0190778091437346,0.015446526438602
2021-09-06,nq1s,0.9978348578789086,0.0190778091437346,0.015446526438602
2021-09-06,pl1s,0.9978348578789086,0.0190778091437346,0.015446526438602
2021-09-06,rb1s,0.9978348578789086,0.0190778091437346,0.015446526438602
2021-09-06,si1s,0.9978348578789086,0.0190778091437346,0.015446526438602
2021-09-07,cl1s,0.9975815984887288,0.0193213997415746,0.016985493830189
2021-09-07,es1s,0.9975815984887288,0.0193213997415746,0.016985493830189
2021-09-07,fesx1s,0.9975815984887288,0.0193213997415746,0.016985493830189
2021-09-07,gc1s,0.9975815984887288,0.0193213997415746,0.016985493830189
2021-09-07,hg1s,0.9975815984887288,0.0193213997415746,0.016985493830189
2021-09-07,ho1s,0.9975815984887288,0.0193213997415746,0.016985493830189
2021-09-07,ng1s,0.9975815984887288,0.0193213997415746,0.016985493830189
2021-09-07,nq1s,0.9975815984887288,0.0193213997415746,0.016985493830189
2021-09-07,pl1s,0.9975815984887288,0.0193213997415746,0.016985493830189
2021-09-07,rb1s,0.9975815984887288,0.0193213997415746,0.016985493830189
2021-09-07,si1s,0.9975815984887288,0.0193213997415746,0.016985493830189
2021-09-08,cl1s,0.99520560964097,0.0216066794442398,0.0303864034979555
2021-09-08,es1s,0.99520560964097,0.0216066794442398,0.0303864034979555
2021-09-08,fesx1s,0.99520560964097,0.0216066794442398,0.0303864034979555
2021-09-08,gc1s,0.99520560964097,0.0216066794442398,0.0303864034979555
2021-09-08,hg1s,0.99520560964097,0.0216066794442398,0.0303864034979555
2021-09-08,ho1s,0.99520560964097,0.0216066794442398,0.0303864034979555
2021-09-08,ng1s,0.99520560964097,0.0216066794442398,0.0303864034979555
2021-09-08,nq1s,0.99520560964097,0.0216066794442398,0.0303864034979555
2021-09-08,pl1s,0.99520560964097,0.0216066794442398,0.0303864034979555
2021-09-08,rb1s,0.99520560964097,0.0216066794442398,0.0303864034979555
2021-09-08,si1s,0.99520560964097,0.0216066794442398,0.0303864034979555
2021-09-09,cl1s,0.9924573038068636,0.02425006202801,0.0443766588782175
2021-09-09,es1s,0.9924573038068636,0.02425006202801,0.0443766588782175
2021-09-09,fesx1s,0.9924573038068636,0.02425006202801,0.0443766588782175
2021-09-09,gc1s,0.9924573038068636,0.02425006202801,0.0443766588782175
2021-09-09,hg1s,0.9924573038068636,0.02425006202801,0.0443766588782175
2021-09-09,ho1s,0.9924573038068636,0.02425006202801,0.0443766588782175
2021-09-09,ng1s,0.9924573038068636,0.02425006202801,0.0443766588782175
2021-09-09,nq1s,0.9924573038068636,0.02425006202801,0.0443766588782175
2021-09-09,pl1s,0.9924573038068636,0.02425006202801,0.0443766588782175
2021-09-09,rb1s,0.9924573038068636,0.02425006202801,0.0443766588782175
2021-09-09,si1s,0.9924573038068636,0.02425006202801,0.0443766588782175
2021-09-10,cl1s,0.9594772331704096,0.0559710383655202,0.169601985218212
2021-09-10,es1s,0.9594772331704096,0.0559710383655202,0.169601985218212
2021-09-10,fesx1s,0.9594772331704096,0.0559710383655202,0.169601985218212
2021-09-10,gc1s,0.9594772331704096,0.0559710383655202,0.169601985218212
2021-09-10,hg1s,0.9594772331704096,0.0559710383655202,0.169601985218212
2021-09-10,ho1s,0.9594772331704096,0.0559710383655202,0.169601985218212
2021-09-10,ng1s,0.9594772331704096,0.0559710383655202,0.169601985218212
2021-09-10,nq1s,0.9594772331704096,0.0559710383655202,0.169601985218212
2021-09-10,pl1s,0.9594772331704096,0.0559710383655202,0.169601985218212
2021-09-10,rb1s,0.9594772331704096,0.0559710383655202,0.169601985218212
2021-09-10,si1s,0.9594772331704096,0.0559710383655202,0.169601985218212
2021-09-13,cl1s,0.9906535271715288,0.0259849751092562,0.0529764471053303
2021-09-13,es1s,0.9906535271715288,0.0259849751092562,0.0529764471053303
2021-09-13,fesx1s,0.9906535271715288,0.0259849751092562,0.0529764471053303
2021-09-13,gc1s,0.9906535271715288,0.0259849751092562,0.0529764471053303
2021-09-13,hg1s,0.9906535271715288,0.0259849751092562,0.0529764471053303
2021-09-13,ho1s,0.9906535271715288,0.0259849751092562,0.0529764471053303
2021-09-13,ng1s,0.9906535271715288,0.0259849751092562,0.0529764471053303
2021-09-13,nq1s,0.9906535271715288,0.0259849751092562,0.0529764471053303
2021-09-13,pl1s,0.9906535271715288,0.0259849751092562,0.0529764471053303
2021-09-13,rb1s,0.9906535271715288,0.0259849751092562,0.0529764471053303
2021-09-13,si1s,0.9906535271715288,0.0259849751092562,0.0529764471053303
2021-09-14,cl1s,0.9907452081494031,0.0258967942753884,0.0525484497907621
2021-09-14,es1s,0.9907452081494031,0.0258967942753884,0.0525484497907621
2021-09-14,fesx1s,0.9907452081494031,0.0258967942753884,0.0525484497907621
2021-09-14,gc1s,0.9907452081494031,0.0258967942753884,0.0525484497907621
2021-09-14,hg1s,0.9907452081494031,0.0258967942753884,0.0525484497907621
2021-09-14,ho1s,0.9907452081494031,0.0258967942753884,0.0525484497907621
2021-09-14,ng1s,0.9907452081494031,0.0258967942753884,0.0525484497907621
2021-09-14,nq1s,0.9907452081494031,0.0258967942753884,0.0525484497907621
2021-09-14,pl1s,0.9907452081494031,0.0258967942753884,0.0525484497907621
2021-09-14,rb1s,0.9907452081494031,0.0258967942753884,0.0525484497907621
2021-09-14,si1s,0.9907452081494031,0.0258967942753884,0.0525484497907621
2021-09-15,cl1s,0.9978137609979426,0.0190981006000292,0.0155758130833953
2021-09-15,es1s,0.9978137609979426,0.0190981006000292,0.0155758130833953
2021-09-15,fesx1s,0.9978137609979426,0.0190981006000292,0.0155758130833953
2021-09-15,gc1s,0.9978137609979426,0.0190981006000292,0.0155758130833953
2021-09-15,hg1s,0.9978137609979426,0.0190981006000292,0.0155758130833953
2021-09-15,ho1s,0.9978137609979426,0.0190981006000292,0.0155758130833953
2021-09-15,ng1s,0.9978137609979426,0.0190981006000292,0.0155758130833953
2021-09-15,nq1s,0.9978137609979426,0.0190981006000292,0.0155758130833953
2021-09-15,pl1s,0.9978137609979426,0.0190981006000292,0.0155758130833953
2021-09-15,rb1s,0.9978137609979426,0.0190981006000292,0.0155758130833953
2021-09-15,si1s,0.9978137609979426,0.0190981006000292,0.0155758130833953
2021-09-16,cl1s,0.9986492563073748,0.0182945023532955,0.0102743296178154
2021-09-16,es1s,0.9986492563073748,0.0182945023532955,0.0102743296178154
2021-09-16,fesx1s,0.9986492563073748,0.0182945023532955,0.0102743296178154
2021-09-16,gc1s,0.9986492563073748,0.0182945023532955,0.0102743296178154
2021-09-16,hg1s,0.9986492563073748,0.0182945023532955,0.0102743296178154
2021-09-16,ho1s,0.9986492563073748,0.0182945023532955,0.0102743296178154
2021-09-16,ng1s,0.9986492563073748,0.0182945023532955,0.0102743296178154
2021-09-16,nq1s,0.9986492563073748,0.0182945023532955,0.0102743296178154
2021-09-16,pl1s,0.9986492563073748,0.0182945023532955,0.0102743296178154
2021-09-16,rb1s,0.9986492563073748,0.0182945023532955,0.0102743296178154
2021-09-16,si1s,0.9986492563073748,0.0182945023532955,0.0102743296178154
2021-09-17,cl1s,0.9941879187500248,0.0225855175136432,0.0357146863579756
2021-09-17,es1s,0.9941879187500248,0.0225855175136432,0.0357146863579756
2021-09-17,fesx1s,0.9941879187500248,0.0225855175136432,0.0357146863579756
2021-09-17,gc1s,0.9941879187500248,0.0225855175136432,0.0357146863579756
2021-09-17,hg1s,0.9941879187500248,0.0225855175136432,0.0357146863579756
2021-09-17,ho1s,0.9941879187500248,0.0225855175136432,0.0357146863579756
2021-09-17,ng1s,0.9941879187500248,0.0225855175136432,0.0357146863579756
2021-09-17,nq1s,0.9941879187500248,0.0225855175136432,0.0357146863579756
2021-09-17,pl1s,0.9941879187500248,0.0225855175136432,0.0357146863579756
2021-09-17,rb1s,0.9941879187500248,0.0225855175136432,0.0357146863579756
2021-09-17,si1s,0.9941879187500248,0.0225855175136432,0.0357146863579756
2021-09-20,cl1s,0.0157577006223585,0.9636617856410492,0.0810340627657671
2021-09-20,es1s,0.0157577006223585,0.9636617856410492,0.0810340627657671
2021-09-20,fesx1s,0.0157577006223585,0.9636617856410492,0.0810340627657671
2021-09-20,gc1s,0.0157577006223585,0.9636617856410492,0.0810340627657671
2021-09-20,hg1s,0.0157577006223585,0.9636617856410492,0.0810340627657671
2021-09-20,ho1s,0.0157577006223585,0.9636617856410492,0.0810340627657671
2021-09-20,ng1s,0.0157577006223585,0.9636617856410492,0.0810340627657671
2021-09-20,nq1s,0.0157577006223585,0.9636617856410492,0.0810340627657671
2021-09-20,pl1s,0.0157577006223585,0.9636617856410492,0.0810340627657671
2021-09-20,rb1s,0.0157577006223585,0.9636617856410492,0.0810340627657671
2021-09-20,si1s,0.0157577006223585,0.9636617856410492,0.0810340627657671
2021-09-21,cl1s,0.000480170859408,0.9783560585990482,0.0041492180675775
2021-09-21,es1s,0.000480170859408,0.9783560585990482,0.0041492180675775
2021-09-21,fesx1s,0.000480170859408,0.9783560585990482,0.0041492180675775
2021-09-21,gc1s,0.000480170859408,0.9783560585990482,0.0041492180675775
2021-09-21,hg1s,0.000480170859408,0.9783560585990482,0.0041492180675775
2021-09-21,ho1s,0.000480170859408,0.9783560585990482,0.0041492180675775
2021-09-21,ng1s,0.000480170859408,0.9783560585990482,0.0041492180675775
2021-09-21,nq1s,0.000480170859408,0.9783560585990482,0.0041492180675775
2021-09-21,pl1s,0.000480170859408,0.9783560585990482,0.0041492180675775
2021-09-21,rb1s,0.000480170859408,0.9783560585990482,0.0041492180675775
2021-09-21,si1s,0.000480170859408,0.9783560585990482,0.0041492180675775
2021-09-22,cl1s,0.0454649028488869,0.9350887280127324,0.1849389312511106
2021-09-22,es1s,0.0454649028488869,0.9350887280127324,0.1849389312511106
2021-09-22,fesx1s,0.0454649028488869,0.9350887280127324,0.1849389312511106
2021-09-22,gc1s,0.0454649028488869,0.9350887280127324,0.1849389312511106
2021-09-22,hg1s,0.0454649028488869,0.9350887280127324,0.1849389312511106
2021-09-22,ho1s,0.0454649028488869,0.9350887280127324,0.1849389312511106
2021-09-22,ng1s,0.0454649028488869,0.9350887280127324,0.1849389312511106
2021-09-22,nq1s,0.0454649028488869,0.9350887280127324,0.1849389312511106
2021-09-22,pl1s,0.0454649028488869,0.9350887280127324,0.1849389312511106
2021-09-22,rb1s,0.0454649028488869,0.9350887280127324,0.1849389312511106
2021-09-22,si1s,0.0454649028488869,0.9350887280127324,0.1849389312511106
2021-09-23,cl1s,0.7081599721854682,0.297693652509935,0.6037910026732465
2021-09-23,es1s,0.7081599721854682,0.297693652509935,0.6037910026732465
2021-09-23,fesx1s,0.7081599721854682,0.297693652509935,0.6037910026732465
2021-09-23,gc1s,0.7081599721854682,0.297693652509935,0.6037910026732465
2021-09-23,hg1s,0.7081599721854682,0.297693652509935,0.6037910026732465
2021-09-23,ho1s,0.7081599721854682,0.297693652509935,0.6037910026732465
2021-09-23,ng1s,0.7081599721854682,0.297693652509935,0.6037910026732465
2021-09-23,nq1s,0.7081599721854682,0.297693652509935,0.6037910026732465
2021-09-23,pl1s,0.7081599721854682,0.297693652509935,0.6037910026732465
2021-09-23,rb1s,0.7081599721854682,0.297693652509935,0.6037910026732465
2021-09-23,si1s,0.7081599721854682,0.297693652509935,0.6037910026732465
2021-09-24,cl1s,0.9875251835286498,0.0289938866354093,0.0670868165409464
2021-09-24,es1s,0.9875251835286498,0.0289938866354093,0.0670868165409464
2021-09-24,fesx1s,0.9875251835286498,0.0289938866354093,0.0670868165409464
2021-09-24,gc1s,0.9875251835286498,0.0289938866354093,0.0670868165409464
2021-09-24,hg1s,0.9875251835286498,0.0289938866354093,0.0670868165409464
2021-09-24,ho1s,0.9875251835286498,0.0289938866354093,0.0670868165409464
2021-09-24,ng1s,0.9875251835286498,0.0289938866354093,0.0670868165409464
2021-09-24,nq1s,0.9875251835286498,0.0289938866354093,0.0670868165409464
2021-09-24,pl1s,0.9875251835286498,0.0289938866354093,0.0670868165409464
2021-09-24,rb1s,0.9875251835286498,0.0289938866354093,0.0670868165409464
2021-09-24,si1s,0.9875251835286498,0.0289938866354093,0.0670868165409464
2021-09-27,cl1s,0.9990830527298404,0.0178772671628678,0.0073300782896183
2021-09-27,es1s,0.9990830527298404,0.0178772671628678,0.0073300782896183
2021-09-27,fesx1s,0.9990830527298404,0.0178772671628678,0.0073300782896183
2021-09-27,gc1s,0.9990830527298404,0.0178772671628678,0.0073300782896183
2021-09-27,hg1s,0.9990830527298404,0.0178772671628678,0.0073300782896183
2021-09-27,ho1s,0.9990830527298404,0.0178772671628678,0.0073300782896183
2021-09-27,ng1s,0.9990830527298404,0.0178772671628678,0.0073300782896183
2021-09-27,nq1s,0.9990830527298404,0.0178772671628678,0.0073300782896183
2021-09-27,pl1s,0.9990830527298404,0.0178772671628678,0.0073300782896183
2021-09-27,rb1s,0.9990830527298404,0.0178772671628678,0.0073300782896183
2021-09-27,si1s,0.9990830527298404,0.0178772671628678,0.0073300782896183
2021-09-28,cl1s,0.901448450755174,0.1117844310710408,0.3218886957913143
2021-09-28,es1s,0.901448450755174,0.1117844310710408,0.3218886957913143
2021-09-28,fesx1s,0.901448450755174,0.1117844310710408,0.3218886957913143
2021-09-28,gc1s,0.901448450755174,0.1117844310710408,0.3218886957913143
2021-09-28,hg1s,0.901448450755174,0.1117844310710408,0.3218886957913143
2021-09-28,ho1s,0.901448450755174,0.1117844310710408,0.3218886957913143
2021-09-28,ng1s,0.901448450755174,0.1117844310710408,0.3218886957913143
2021-09-28,nq1s,0.901448450755174,0.1117844310710408,0.3218886957913143
2021-09-28,pl1s,0.901448450755174,0.1117844310710408,0.3218886957913143
2021-09-28,rb1s,0.901448450755174,0.1117844310710408,0.3218886957913143
2021-09-28,si1s,0.901448450755174,0.1117844310710408,0.3218886957913143
2021-09-29,cl1s,0.9122073847582252,0.101436245504986,0.2974007717858239
2021-09-29,es1s,0.9122073847582252,0.101436245504986,0.2974007717858239
2021-09-29,fesx1s,0.9122073847582252,0.101436245504986,0.2974007717858239
2021-09-29,gc1s,0.9122073847582252,0.101436245504986,0.2974007717858239
2021-09-29,hg1s,0.9122073847582252,0.101436245504986,0.2974007717858239
2021-09-29,ho1s,0.9122073847582252,0.101436245504986,0.2974007717858239
2021-09-29,ng1s,0.9122073847582252,0.101436245504986,0.2974007717858239
2021-09-29,nq1s,0.9122073847582252,0.101436245504986,0.2974007717858239
2021-09-29,pl1s,0.9122073847582252,0.101436245504986,0.2974007717858239
2021-09-29,rb1s,0.9122073847582252,0.101436245504986,0.2974007717858239
2021-09-29,si1s,0.9122073847582252,0.101436245504986,0.2974007717858239
2021-09-30,cl1s,0.4371880442972893,0.5583205689110627,0.6852356105747963
2021-09-30,es1s,0.4371880442972893,0.5583205689110627,0.6852356105747963
2021-09-30,fesx1s,0.4371880442972893,0.5583205689110627,0.6852356105747963
2021-09-30,gc1s,0.4371880442972893,0.5583205689110627,0.6852356105747963
2021-09-30,hg1s,0.4371880442972893,0.5583205689110627,0.6852356105747963
2021-09-30,ho1s,0.4371880442972893,0.5583205689110627,0.6852356105747963
2021-09-30,ng1s,0.4371880442972893,0.5583205689110627,0.6852356105747963
2021-09-30,nq1s,0.4371880442972893,0.5583205689110627,0.6852356105747963
2021-09-30,pl1s,0.4371880442972893,0.5583205689110627,0.6852356105747963
2021-09-30,rb1s,0.4371880442972893,0.5583205689110627,0.6852356105747963
2021-09-30,si1s,0.4371880442972893,0.5583205689110627,0.6852356105747963
2021-10-01,cl1s,0.0856266081038384,0.8964602934011285,0.292300875668133
2021-10-01,es1s,0.0856266081038384,0.8964602934011285,0.292300875668133
2021-10-01,fesx1s,0.0856266081038384,0.8964602934011285,0.292300875668133
2021-10-01,gc1s,0.0856266081038384,0.8964602934011285,0.292300875668133
2021-10-01,hg1s,0.0856266081038384,0.8964602934011285,0.292300875668133
2021-10-01,ho1s,0.0856266081038384,0.8964602934011285,0.292300875668133
2021-10-01,ng1s,0.0856266081038384,0.8964602934011285,0.292300875668133
2021-10-01,nq1s,0.0856266081038384,0.8964602934011285,0.292300875668133
2021-10-01,pl1s,0.0856266081038384,0.8964602934011285,0.292300875668133
2021-10-01,rb1s,0.0856266081038384,0.8964602934011285,0.292300875668133
2021-10-01,si1s,0.0856266081038384,0.8964602934011285,0.292300875668133
2021-10-04,cl1s,0.005459996700885,0.9735663497041314,0.0338933232569711
2021-10-04,es1s,0.005459996700885,0.9735663497041314,0.0338933232569711
2021-10-04,fesx1s,0.005459996700885,0.9735663497041314,0.0338933232569711
2021-10-04,gc1s,0.005459996700885,0.9735663497041314,0.0338933232569711
2021-10-04,hg1s,0.005459996700885,0.9735663497041314,0.0338933232569711
2021-10-04,ho1s,0.005459996700885,0.9735663497041314,0.0338933232569711
2021-10-04,ng1s,0.005459996700885,0.9735663497041314,0.0338933232569711
2021-10-04,nq1s,0.005459996700885,0.9735663497041314,0.0338933232569711
2021-10-04,pl1s,0.005459996700885,0.9735663497041314,0.0338933232569711
2021-10-04,rb1s,0.005459996700885,0.9735663497041314,0.0338933232569711
2021-10-04,si1s,0.005459996700885,0.9735663497041314,0.0338933232569711
2021-10-05,cl1s,0.004833345567348,0.9741690769086276,0.0305940905267301
2021-10-05,es1s,0.004833345567348,0.9741690769086276,0.0305940905267301
2021-10-05,fesx1s,0.004833345567348,0.9741690769086276,0.0305940905267301
2021-10-05,gc1s,0.004833345567348,0.9741690769086276,0.0305940905267301
2021-10-05,hg1s,0.004833345567348,0.9741690769086276,0.0305940905267301
2021-10-05,ho1s,0.004833345567348,0.9741690769086276,0.0305940905267301
2021-10-05,ng1s,0.004833345567348,0.9741690769086276,0.0305940905267301
2021-10-05,nq1s,0.004833345567348,0.9741690769086276,0.0305940905267301
2021-10-05,pl1s,0.004833345567348,0.9741690769086276,0.0305940905267301
2021-10-05,rb1s,0.004833345567348,0.9741690769086276,0.0305940905267301
2021-10-05,si1s,0.004833345567348,0.9741690769086276,0.0305940905267301
2021-10-06,cl1s,0.0003945457111587,0.9784384147992956,0.0034868285973269
2021-10-06,es1s,0.0003945457111587,0.9784384147992956,0.0034868285973269
2021-10-06,fesx1s,0.0003945457111587,0.9784384147992956,0.0034868285973269
2021-10-06,gc1s,0.0003945457111587,0.9784384147992956,0.0034868285973269
2021-10-06,hg1s,0.0003945457111587,0.9784384147992956,0.0034868285973269
2021-10-06,ho1s,0.0003945457111587,0.9784384147992956,0.0034868285973269
2021-10-06,ng1s,0.0003945457111587,0.9784384147992956,0.0034868285973269
2021-10-06,nq1s,0.0003945457111587,0.9784384147992956,0.0034868285973269
2021-10-06,pl1s,0.0003945457111587,0.9784384147992956,0.0034868285973269
2021-10-06,rb1s,0.0003945457111587,0.9784384147992956,0.0034868285973269
2021-10-06,si1s,0.0003945457111587,0.9784384147992956,0.0034868285973269
2021-10-07,cl1s,0.0123764704323949,0.9669139291561372,0.0666565042299451
2021-10-07,es1s,0.0123764704323949,0.9669139291561372,0.0666565042299451
2021-10-07,fesx1s,0.0123764704323949,0.9669139291561372,0.0666565042299451
2021-10-07,gc1s,0.0123764704323949,0.9669139291561372,0.0666565042299451
2021-10-07,hg1s,0.0123764704323949,0.9669139291561372,0.0666565042299451
2021-10-07,ho1s,0.0123764704323949,0.9669139291561372,0.0666565042299451
2021-10-07,ng1s,0.0123764704323949,0.9669139291561372,0.0666565042299451
2021-10-07,nq1s,0.0123764704323949,0.9669139291561372,0.0666565042299451
2021-10-07,pl1s,0.0123764704323949,0.9669139291561372,0.0666565042299451
2021-10-07,rb1s,0.0123764704323949,0.9669139291561372,0.0666565042299451
2021-10-07,si1s,0.0123764704323949,0.9669139291561372,0.0666565042299451
2021-10-08,cl1s,0.0129147735381444,0.9663961770788866,0.069002317980431
2021-10-08,es1s,0.0129147735381444,0.9663961770788866,0.069002317980431
2021-10-08,fesx1s,0.0129147735381444,0.9663961770788866,0.069002317980431
2021-10-08,gc1s,0.0129147735381444,0.9663961770788866,0.069002317980431
2021-10-08,hg1s,0.0129147735381444,0.9663961770788866,0.069002317980431
2021-10-08,ho1s,0.0129147735381444,0.9663961770788866,0.069002317980431
2021-10-08,ng1s,0.0129147735381444,0.9663961770788866,0.069002317980431
2021-10-08,nq1s,0.0129147735381444,0.9663961770788866,0.069002317980431
2021-10-08,pl1s,0.0129147735381444,0.9663961770788866,0.069002317980431
2021-10-08,rb1s,0.0129147735381444,0.9663961770788866,0.069002317980431
2021-10-08,si1s,0.0129147735381444,0.9663961770788866,0.069002317980431
2021-10-11,cl1s,0.0072178108325118,0.97187564439638,0.0427841941611123
2021-10-11,es1s,0.0072178108325118,0.97187564439638,0.0427841941611123
2021-10-11,fesx1s,0.0072178108325118,0.97187564439638,0.0427841941611123
2021-10-11,gc1s,0.0072178108325118,0.97187564439638,0.0427841941611123
2021-10-11,hg1s,0.0072178108325118,0.97187564439638,0.0427841941611123
2021-10-11,ho1s,0.0072178108325118,0.97187564439638,0.0427841941611123
2021-10-11,ng1s,0.0072178108325118,0.97187564439638,0.0427841941611123
2021-10-11,nq1s,0.0072178108325118,0.97187564439638,0.0427841941611123
2021-10-11,pl1s,0.0072178108325118,0.97187564439638,0.0427841941611123
2021-10-11,rb1s,0.0072178108325118,0.97187564439638,0.0427841941611123
2021-10-11,si1s,0.0072178108325118,0.97187564439638,0.0427841941611123
2021-10-12,cl1s,0.0007622038388958,0.9780847929135572,0.006234000665698
2021-10-12,es1s,0.0007622038388958,0.9780847929135572,0.006234000665698
2021-10-12,fesx1s,0.0007622038388958,0.9780847929135572,0.006234000665698
2021-10-12,gc1s,0.0007622038388958,0.9780847929135572,0.006234000665698
2021-10-12,hg1s,0.0007622038388958,0.9780847929135572,0.006234000665698
2021-10-12,ho1s,0.0007622038388958,0.9780847929135572,0.006234000665698
2021-10-12,ng1s,0.0007622038388958,0.9780847929135572,0.006234000665698
2021-10-12,nq1s,0.0007622038388958,0.9780847929135572,0.006234000665698
2021-10-12,pl1s,0.0007622038388958,0.9780847929135572,0.006234000665698
2021-10-12,rb1s,0.0007622038388958,0.9780847929135572,0.006234000665698
2021-10-12,si1s,0.0007622038388958,0.9780847929135572,0.006234000665698
2021-10-13,cl1s,0.0006479844567474,0.9781946516933746,0.0054050455701973
2021-10-13,es1s,0.0006479844567474,0.9781946516933746,0.0054050455701973
2021-10-13,fesx1s,0.0006479844567474,0.9781946516933746,0.0054050455701973
2021-10-13,gc1s,0.0006479844567474,0.9781946516933746,0.0054050455701973
2021-10-13,hg1s,0.0006479844567474,0.9781946516933746,0.0054050455701973
2021-10-13,ho1s,0.0006479844567474,0.9781946516933746,0.0054050455701973
2021-10-13,ng1s,0.0006479844567474,0.9781946516933746,0.0054050455701973
2021-10-13,nq1s,0.0006479844567474,0.9781946516933746,0.0054050455701973
2021-10-13,pl1s,0.0006479844567474,0.9781946516933746,0.0054050455701973
2021-10-13,rb1s,0.0006479844567474,0.9781946516933746,0.0054050455701973
2021-10-13,si1s,0.0006479844567474,0.9781946516933746,0.0054050455701973
2021-10-14,cl1s,0.0123981965443259,0.9668930324912978,0.06675163453677
2021-10-14,es1s,0.0123981965443259,0.9668930324912978,0.06675163453677
2021-10-14,fesx1s,0.0123981965443259,0.9668930324912978,0.06675163453677
2021-10-14,gc1s,0.0123981965443259,0.9668930324912978,0.06675163453677
2021-10-14,hg1s,0.0123981965443259,0.9668930324912978,0.06675163453677
2021-10-14,ho1s,0.0123981965443259,0.9668930324912978,0.06675163453677
2021-10-14,ng1s,0.0123981965443259,0.9668930324912978,0.06675163453677
2021-10-14,nq1s,0.0123981965443259,0.9668930324912978,0.06675163453677
2021-10-14,pl1s,0.0123981965443259,0.9668930324912978,0.06675163453677
2021-10-14,rb1s,0.0123981965443259,0.9668930324912978,0.06675163453677
2021-10-14,si1s,0.0123981965443259,0.9668930324912978,0.06675163453677
2021-10-15,cl1s,0.174124218090456,0.8113412946198233,0.4623657949001282
2021-10-15,es1s,0.174124218090456,0.8113412946198233,0.4623657949001282
2021-10-15,fesx1s,0.174124218090456,0.8113412946198233,0.4623657949001282
2021-10-15,gc1s,0.174124218090456,0.8113412946198233,0.4623657949001282
2021-10-15,hg1s,0.174124218090456,0.8113412946198233,0.4623657949001282
2021-10-15,ho1s,0.174124218090456,0.8113412946198233,0.4623657949001282
2021-10-15,ng1s,0.174124218090456,0.8113412946198233,0.4623657949001282
2021-10-15,nq1s,0.174124218090456,0.8113412946198233,0.4623657949001282
2021-10-15,pl1s,0.174124218090456,0.8113412946198233,0.4623657949001282
2021-10-15,rb1s,0.174124218090456,0.8113412946198233,0.4623657949001282
2021-10-15,si1s,0.174124218090456,0.8113412946198233,0.4623657949001282
2021-10-18,cl1s,0.883288291333288,0.1292512822993794,0.360321693556088
2021-10-18,es1s,0.883288291333288,0.1292512822993794,0.360321693556088
2021-10-18,fesx1s,0.883288291333288,0.1292512822993794,0.360321693556088
2021-10-18,gc1s,0.883288291333288,0.1292512822993794,0.360321693556088
2021-10-18,hg1s,0.883288291333288,0.1292512822993794,0.360321693556088
2021-10-18,ho1s,0.883288291333288,0.1292512822993794,0.360321693556088
2021-10-18,ng1s,0.883288291333288,0.1292512822993794,0.360321693556088
2021-10-18,nq1s,0.883288291333288,0.1292512822993794,0.360321693556088
2021-10-18,pl1s,0.883288291333288,0.1292512822993794,0.360321693556088
2021-10-18,rb1s,0.883288291333288,0.1292512822993794,0.360321693556088
2021-10-18,si1s,0.883288291333288,0.1292512822993794,0.360321693556088
2021-10-19,cl1s,0.9933170559112796,0.0234231330483566,0.0401300615475897
2021-10-19,es1s,0.9933170559112796,0.0234231330483566,0.0401300615475897
2021-10-19,fesx1s,0.9933170559112796,0.0234231330483566,0.0401300615475897
2021-10-19,gc1s,0.9933170559112796,0.0234231330483566,0.0401300615475897
2021-10-19,hg1s,0.9933170559112796,0.0234231330483566,0.0401300615475897
2021-10-19,ho1s,0.9933170559112796,0.0234231330483566,0.0401300615475897
2021-10-19,ng1s,0.9933170559112796,0.0234231330483566,0.0401300615475897
2021-10-19,nq1s,0.9933170559112796,0.0234231330483566,0.0401300615475897
2021-10-19,pl1s,0.9933170559112796,0.0234231330483566,0.0401300615475897
2021-10-19,rb1s,0.9933170559112796,0.0234231330483566,0.0401300615475897
2021-10-19,si1s,0.9933170559112796,0.0234231330483566,0.0401300615475897
2021-10-20,cl1s,0.9989333685722558,0.0180212367641819,0.0083652876732063
2021-10-20,es1s,0.9989333685722558,0.0180212367641819,0.0083652876732063
2021-10-20,fesx1s,0.9989333685722558,0.0180212367641819,0.0083652876732063
2021-10-20,gc1s,0.9989333685722558,0.0180212367641819,0.0083652876732063
2021-10-20,hg1s,0.9989333685722558,0.0180212367641819,0.0083652876732063
2021-10-20,ho1s,0.9989333685722558,0.0180212367641819,0.0083652876732063
2021-10-20,ng1s,0.9989333685722558,0.0180212367641819,0.0083652876732063
2021-10-20,nq1s,0.9989333685722558,0.0180212367641819,0.0083652876732063
2021-10-20,pl1s,0.9989333685722558,0.0180212367641819,0.0083652876732063
2021-10-20,rb1s,0.9989333685722558,0.0180212367641819,0.0083652876732063
2021-10-20,si1s,0.9989333685722558,0.0180212367641819,0.0083652876732063
2021-10-21,cl1s,0.999762293713988,0.0172239578530386,0.0022212121305131
2021-10-21,es1s,0.999762293713988,0.0172239578530386,0.0022212121305131
2021-10-21,fesx1s,0.999762293713988,0.0172239578530386,0.0022212121305131
2021-10-21,gc1s,0.999762293713988,0.0172239578530386,0.0022212121305131
2021-10-21,hg1s,0.999762293713988,0.0172239578530386,0.0022212121305131
2021-10-21,ho1s,0.999762293713988,0.0172239578530386,0.0022212121305131
2021-10-21,ng1s,0.999762293713988,0.0172239578530386,0.0022212121305131
2021-10-21,nq1s,0.999762293713988,0.0172239578530386,0.0022212121305131
2021-10-21,pl1s,0.999762293713988,0.0172239578530386,0.0022212121305131
2021-10-21,rb1s,0.999762293713988,0.0172239578530386,0.0022212121305131
2021-10-21,si1s,0.999762293713988,0.0172239578530386,0.0022212121305131
2021-10-22,cl1s,0.9990535973076812,0.0179055980527443,0.0075356075059727
2021-10-22,es1s,0.9990535973076812,0.0179055980527443,0.0075356075059727
2021-10-22,fesx1s,0.9990535973076812,0.0179055980527443,0.0075356075059727
2021-10-22,gc1s,0.9990535973076812,0.0179055980527443,0.0075356075059727
2021-10-22,hg1s,0.9990535973076812,0.0179055980527443,0.0075356075059727
2021-10-22,ho1s,0.9990535973076812,0.0179055980527443,0.0075356075059727
2021-10-22,ng1s,0.9990535973076812,0.0179055980527443,0.0075356075059727
2021-10-22,nq1s,0.9990535973076812,0.0179055980527443,0.0075356075059727
2021-10-22,pl1s,0.9990535973076812,0.0179055980527443,0.0075356075059727
2021-10-22,rb1s,0.9990535973076812,0.0179055980527443,0.0075356075059727
2021-10-22,si1s,0.9990535973076812,0.0179055980527443,0.0075356075059727
2021-10-25,cl1s,0.9989695347084824,0.0179864513580465,0.0081172115206197
2021-10-25,es1s,0.9989695347084824,0.0179864513580465,0.0081172115206197
2021-10-25,fesx1s,0.9989695347084824,0.0179864513580465,0.0081172115206197
2021-10-25,gc1s,0.9989695347084824,0.0179864513580465,0.0081172115206197
2021-10-25,hg1s,0.9989695347084824,0.0179864513580465,0.0081172115206197
2021-10-25,ho1s,0.9989695347084824,0.0179864513580465,0.0081172115206197
2021-10-25,ng1s,0.9989695347084824,0.0179864513580465,0.0081172115206197
2021-10-25,nq1s,0.9989695347084824,0.0179864513580465,0.0081172115206197
2021-10-25,pl1s,0.9989695347084824,0.0179864513580465,0.0081172115206197
2021-10-25,rb1s,0.9989695347084824,0.0179864513580465,0.0081172115206197
2021-10-25,si1s,0.9989695347084824,0.0179864513580465,0.0081172115206197
2021-10-26,cl1s,0.9975466120635385,0.0193550504750078,0.0171959375582248
2021-10-26,es1s,0.9975466120635385,0.0193550504750078,0.0171959375582248
2021-10-26,fesx1s,0.9975466120635385,0.0193550504750078,0.0171959375582248
2021-10-26,gc1s,0.9975466120635385,0.0193550504750078,0.0171959375582248
2021-10-26,hg1s,0.9975466120635385,0.0193550504750078,0.0171959375582248
2021-10-26,ho1s,0.9975466120635385,0.0193550504750078,0.0171959375582248
2021-10-26,ng1s,0.9975466120635385,0.0193550504750078,0.0171959375582248
2021-10-26,nq1s,0.9975466120635385,0.0193550504750078,0.0171959375582248
2021-10-26,pl1s,0.9975466120635385,0.0193550504750078,0.0171959375582248
2021-10-26,rb1s,0.9975466120635385,0.0193550504750078,0.0171959375582248
2021-10-26,si1s,0.9975466120635385,0.0193550504750078,0.0171959375582248
2021-10-27,cl1s,0.9923141461462236,0.0243877542972522,0.0450738512614765
2021-10-27,es1s,0.9923141461462236,0.0243877542972522,0.0450738512614765
2021-10-27,fesx1s,0.9923141461462236,0.0243877542972522,0.0450738512614765
2021-10-27,gc1s,0.9923141461462236,0.0243877542972522,0.0450738512614765
2021-10-27,hg1s,0.9923141461462236,0.0243877542972522,0.0450738512614765
2021-10-27,ho1s,0.9923141461462236,0.0243877542972522,0.0450738512614765
2021-10-27,ng1s,0.9923141461462236,0.0243877542972522,0.0450738512614765
2021-10-27,nq1s,0.9923141461462236,0.0243877542972522,0.0450738512614765
2021-10-27,pl1s,0.9923141461462236,0.0243877542972522,0.0450738512614765
2021-10-27,rb1s,0.9923141461462236,0.0243877542972522,0.0450738512614765
2021-10-27,si1s,0.9923141461462236,0.0243877542972522,0.0450738512614765
2021-10-28,cl1s,0.9967050388473118,0.0201644945896819,0.0221214189382123
2021-10-28,es1s,0.9967050388473118,0.0201644945896819,0.0221214189382123
2021-10-28,fesx1s,0.9967050388473118,0.0201644945896819,0.0221214189382123
2021-10-28,gc1s,0.9967050388473118,0.0201644945896819,0.0221214189382123
2021-10-28,hg1s,0.9967050388473118,0.0201644945896819,0.0221214189382123
2021-10-28,ho1s,0.9967050388473118,0.0201644945896819,0.0221214189382123
2021-10-28,ng1s,0.9967050388473118,0.0201644945896819,0.0221214189382123
2021-10-28,nq1s,0.9967050388473118,0.0201644945896819,0.0221214189382123
2021-10-28,pl1s,0.9967050388473118,0.0201644945896819,0.0221214189382123
2021-10-28,rb1s,0.9967050388473118,0.0201644945896819,0.0221214189382123
2021-10-28,si1s,0.9967050388473118,0.0201644945896819,0.0221214189382123
2021-10-29,cl1s,0.9959720268347046,0.0208695220883591,0.0262320756274242
2021-10-29,es1s,0.9959720268347046,0.0208695220883591,0.0262320756274242
2021-10-29,fesx1s,0.9959720268347046,0.0208695220883591,0.0262320756274242
2021-10-29,gc1s,0.9959720268347046,0.0208695220883591,0.0262320756274242
2021-10-29,hg1s,0.9959720268347046,0.0208695220883591,0.0262320756274242
2021-10-29,ho1s,0.9959720268347046,0.0208695220883591,0.0262320756274242
2021-10-29,ng1s,0.9959720268347046,0.0208695220883591,0.0262320756274242
2021-10-29,nq1s,0.9959720268347046,0.0208695220883591,0.0262320756274242
2021-10-29,pl1s,0.9959720268347046,0.0208695220883591,0.0262320756274242
2021-10-29,rb1s,0.9959720268347046,0.0208695220883591,0.0262320756274242
2021-10-29,si1s,0.9959720268347046,0.0208695220883591,0.0262320756274242
2021-11-01,cl1s,0.9968471154726738,0.0200278420845703,0.0213067504048712
2021-11-01,es1s,0.9968471154726738,0.0200278420845703,0.0213067504048712
2021-11-01,fesx1s,0.9968471154726738,0.0200278420845703,0.0213067504048712
2021-11-01,gc1s,0.9968471154726738,0.0200278420845703,0.0213067504048712
2021-11-01,hg1s,0.9968471154726738,0.0200278420845703,0.0213067504048712
2021-11-01,ho1s,0.9968471154726738,0.0200278420845703,0.0213067504048712
2021-11-01,ng1s,0.9968471154726738,0.0200278420845703,0.0213067504048712
2021-11-01,nq1s,0.9968471154726738,0.0200278420845703,0.0213067504048712
2021-11-01,pl1s,0.9968471154726738,0.0200278420845703,0.0213067504048712
2021-11-01,rb1s,0.9968471154726738,0.0200278420845703,0.0213067504048712
2021-11-01,si1s,0.9968471154726738,0.0200278420845703,0.0213067504048712
2021-11-02,cl1s,0.92866614328398,0.0856058400611848,0.2570756344485112
2021-11-02,es1s,0.92866614328398,0.0856058400611848,0.2570756344485112
2021-11-02,fesx1s,0.92866614328398,0.0856058400611848,0.2570756344485112
2021-11-02,gc1s,0.92866614328398,0.0856058400611848,0.2570756344485112
2021-11-02,hg1s,0.92866614328398,0.0856058400611848,0.2570756344485112
2021-11-02,ho1s,0.92866614328398,0.0856058400611848,0.2570756344485112
2021-11-02,ng1s,0.92866614328398,0.0856058400611848,0.2570756344485112
2021-11-02,nq1s,0.92866614328398,0.0856058400611848,0.2570756344485112
2021-11-02,pl1s,0.92866614328398,0.0856058400611848,0.2570756344485112
2021-11-02,rb1s,0.92866614328398,0.0856058400611848,0.2570756344485112
2021-11-02,si1s,0.92866614328398,0.0856058400611848,0.2570756344485112
2021-11-03,cl1s,0.908104584853045,0.1053824110588555,0.3069013262340568
2021-11-03,es1s,0.908104584853045,0.1053824110588555,0.3069013262340568
2021-11-03,fesx1s,0.908104584853045,0.1053824110588555,0.3069013262340568
2021-11-03,gc1s,0.908104584853045,0.1053824110588555,0.3069013262340568
2021-11-03,hg1s,0.908104584853045,0.1053824110588555,0.3069013262340568
2021-11-03,ho1s,0.908104584853045,0.1053824110588555,0.3069013262340568
2021-11-03,ng1s,0.908104584853045,0.1053824110588555,0.3069013262340568
2021-11-03,nq1s,0.908104584853045,0.1053824110588555,0.3069013262340568
2021-11-03,pl1s,0.908104584853045,0.1053824110588555,0.3069013262340568
2021-11-03,rb1s,0.908104584853045,0.1053824110588555,0.3069013262340568
2021-11-03,si1s,0.908104584853045,0.1053824110588555,0.3069013262340568
2021-11-04,cl1s,0.7939953335574902,0.2151352645362618,0.5086148159129557
2021-11-04,es1s,0.7939953335574902,0.2151352645362618,0.5086148159129557
2021-11-04,fesx1s,0.7939953335574902,0.2151352645362618,0.5086148159129557
2021-11-04,gc1s,0.7939953335574902,0.2151352645362618,0.5086148159129557
2021-11-04,hg1s,0.7939953335574902,0.2151352645362618,0.5086148159129557
2021-11-04,ho1s,0.7939953335574902,0.2151352645362618,0.5086148159129557
2021-11-04,ng1s,0.7939953335574902,0.2151352645362618,0.5086148159129557
2021-11-04,nq1s,0.7939953335574902,0.2151352645362618,0.5086148159129557
2021-11-04,pl1s,0.7939953335574902,0.2151352645362618,0.5086148159129557
2021-11-04,rb1s,0.7939953335574902,0.2151352645362618,0.5086148159129557
2021-11-04,si1s,0.7939953335574902,0.2151352645362618,0.5086148159129557
2021-11-05,cl1s,0.9755303208663468,0.0405308162823105,0.1149581767474287
2021-11-05,es1s,0.9755303208663468,0.0405308162823105,0.1149581767474287
2021-11-05,fesx1s,0.9755303208663468,0.0405308162823105,0.1149581767474287
2021-11-05,gc1s,0.9755303208663468,0.0405308162823105,0.1149581767474287
2021-11-05,hg1s,0.9755303208663468,0.0405308162823105,0.1149581767474287
2021-11-05,ho1s,0.9755303208663468,0.0405308162823105,0.1149581767474287
2021-11-05,ng1s,0.9755303208663468,0.0405308162823105,0.1149581767474287
2021-11-05,nq1s,0.9755303208663468,0.0405308162823105,0.1149581767474287
2021-11-05,pl1s,0.9755303208663468,0.0405308162823105,0.1149581767474287
2021-11-05,rb1s,0.9755303208663468,0.0405308162823105,0.1149581767474287
2021-11-05,si1s,0.9755303208663468,0.0405308162823105,0.1149581767474287
2021-11-08,cl1s,0.9997322651159964,0.0172528400363684,0.0024699558906371
2021-11-08,es1s,0.9997322651159964,0.0172528400363684,0.0024699558906371
2021-11-08,fesx1s,0.9997322651159964,0.0172528400363684,0.0024699558906371
2021-11-08,gc1s,0.9997322651159964,0.0172528400363684,0.0024699558906371
2021-11-08,hg1s,0.9997322651159964,0.0172528400363684,0.0024699558906371
2021-11-08,ho1s,0.9997322651159964,0.0172528400363684,0.0024699558906371
2021-11-08,ng1s,0.9997322651159964,0.0172528400363684,0.0024699558906371
2021-11-08,nq1s,0.9997322651159964,0.0172528400363684,0.0024699558906371
2021-11-08,pl1s,0.9997322651159964,0.0172528400363684,0.0024699558906371
2021-11-08,rb1s,0.9997322651159964,0.0172528400363684,0.0024699558906371
2021-11-08,si1s,0.9997322651159964,0.0172528400363684,0.0024699558906371
2021-11-09,cl1s,0.9987192594466072,0.018227171753928,0.0098100578931604
2021-11-09,es1s,0.9987192594466072,0.018227171753928,0.0098100578931604
2021-11-09,fesx1s,0.9987192594466072,0.018227171753928,0.0098100578931604
2021-11-09,gc1s,0.9987192594466072,0.018227171753928,0.0098100578931604
2021-11-09,hg1s,0.9987192594466072,0.018227171753928,0.0098100578931604
2021-11-09,ho1s,0.9987192594466072,0.018227171753928,0.0098100578931604
2021-11-09,ng1s,0.9987192594466072,0.018227171753928,0.0098100578931604
2021-11-09,nq1s,0.9987192594466072,0.018227171753928,0.0098100578931604
2021-11-09,pl1s,0.9987192594466072,0.018227171753928,0.0098100578931604
2021-11-09,rb1s,0.9987192594466072,0.018227171753928,0.0098100578931604
2021-11-09,si1s,0.9987192594466072,0.018227171753928,0.0098100578931604
2021-11-10,cl1s,0.9990392804030052,0.0179193683748114,0.0076351724493256
2021-11-10,es1s,0.9990392804030052,0.0179193683748114,0.0076351724493256
2021-11-10,fesx1s,0.9990392804030052,0.0179193683748114,0.0076351724493256
2021-11-10,gc1s,0.9990392804030052,0.0179193683748114,0.0076351724493256
2021-11-10,hg1s,0.9990392804030052,0.0179193683748114,0.0076351724493256
2021-11-10,ho1s,0.9990392804030052,0.0179193683748114,0.0076351724493256
2021-11-10,ng1s,0.9990392804030052,0.0179193683748114,0.0076351724493256
2021-11-10,nq1s,0.9990392804030052,0.0179193683748114,0.0076351724493256
2021-11-10,pl1s,0.9990392804030052,0.0179193683748114,0.0076351724493256
2021-11-10,rb1s,0.9990392804030052,0.0179193683748114,0.0076351724493256
2021-11-10,si1s,0.9990392804030052,0.0179193683748114,0.0076351724493256
2021-11-11,cl1s,0.9993220298263172,0.0176474135974794,0.0056244867990411
2021-11-11,es1s,0.9993220298263172,0.0176474135974794,0.0056244867990411
2021-11-11,fesx1s,0.9993220298263172,0.0176474135974794,0.0056244867990411
2021-11-11,gc1s,0.9993220298263172,0.0176474135974794,0.0056244867990411
2021-11-11,hg1s,0.9993220298263172,0.0176474135974794,0.0056244867990411
2021-11-11,ho1s,0.9993220298263172,0.0176474135974794,0.0056244867990411
2021-11-11,ng1s,0.9993220298263172,0.0176474135974794,0.0056244867990411
2021-11-11,nq1s,0.9993220298263172,0.0176474135974794,0.0056244867990411
2021-11-11,pl1s,0.9993220298263172,0.0176474135974794,0.0056244867990411
2021-11-11,rb1s,0.9993220298263172,0.0176474135974794,0.0056244867990411
2021-11-11,si1s,0.9993220298263172,0.0176474135974794,0.0056244867990411
2021-11-12,cl1s,0.996496522017554,0.0203650507830156,0.0233059949644879
2021-11-12,es1s,0.996496522017554,0.0203650507830156,0.0233059949644879
2021-11-12,fesx1s,0.996496522017554,0.0203650507830156,0.0233059949644879
2021-11-12,gc1s,0.996496522017554,0.0203650507830156,0.0233059949644879
2021-11-12,hg1s,0.996496522017554,0.0203650507830156,0.0233059949644879
2021-11-12,ho1s,0.996496522017554,0.0203650507830156,0.0233059949644879
2021-11-12,ng1s,0.996496522017554,0.0203650507830156,0.0233059949644879
2021-11-12,nq1s,0.996496522017554,0.0203650507830156,0.0233059949644879
2021-11-12,pl1s,0.996496522017554,0.0203650507830156,0.0233059949644879
2021-11-12,rb1s,0.996496522017554,0.0203650507830156,0.0233059949644879
2021-11-12,si1s,0.996496522017554,0.0203650507830156,0.0233059949644879
2021-11-15,cl1s,0.9906871332947212,0.0259526519814397,0.0528196683995778
2021-11-15,es1s,0.9906871332947212,0.0259526519814397,0.0528196683995778
2021-11-15,fesx1s,0.9906871332947212,0.0259526519814397,0.0528196683995778
2021-11-15,gc1s,0.9906871332947212,0.0259526519814397,0.0528196683995778
2021-11-15,hg1s,0.9906871332947212,0.0259526519814397,0.0528196683995778
2021-11-15,ho1s,0.9906871332947212,0.0259526519814397,0.0528196683995778
2021-11-15,ng1s,0.9906871332947212,0.0259526519814397,0.0528196683995778
2021-11-15,nq1s,0.9906871332947212,0.0259526519814397,0.0528196683995778
2021-11-15,pl1s,0.9906871332947212,0.0259526519814397,0.0528196683995778
2021-11-15,rb1s,0.9906871332947212,0.0259526519814397,0.0528196683995778
2021-11-15,si1s,0.9906871332947212,0.0259526519814397,0.0528196683995778
2021-11-16,cl1s,0.5468714125614919,0.4528246296306482,0.6887468638698767
2021-11-16,es1s,0.5468714125614919,0.4528246296306482,0.6887468638698767
2021-11-16,fesx1s,0.5468714125614919,0.4528246296306482,0.6887468638698767
2021-11-16,gc1s,0.5468714125614919,0.4528246296306482,0.6887468638698767
2021-11-16,hg1s,0.5468714125614919,0.4528246296306482,0.6887468638698767
2021-11-16,ho1s,0.5468714125614919,0.4528246296306482,0.6887468638698767
2021-11-16,ng1s,0.5468714125614919,0.4528246296306482,0.6887468638698767
2021-11-16,nq1s,0.5468714125614919,0.4528246296306482,0.6887468638698767
2021-11-16,pl1s,0.5468714125614919,0.4528246296306482,0.6887468638698767
2021-11-16,rb1s,0.5468714125614919,0.4528246296306482,0.6887468638698767
2021-11-16,si1s,0.5468714125614919,0.4528246296306482,0.6887468638698767
2021-11-17,cl1s,0.0010463459286615,0.9778114986381964,0.0082262962461874
2021-11-17,es1s,0.0010463459286615,0.9778114986381964,0.0082262962461874
2021-11-17,fesx1s,0.0010463459286615,0.9778114986381964,0.0082262962461874
2021-11-17,gc1s,0.0010463459286615,0.9778114986381964,0.0082262962461874
2021-11-17,hg1s,0.0010463459286615,0.9778114986381964,0.0082262962461874
2021-11-17,ho1s,0.0010463459286615,0.9778114986381964,0.0082262962461874
2021-11-17,ng1s,0.0010463459286615,0.9778114986381964,0.0082262962461874
2021-11-17,nq1s,0.0010463459286615,0.9778114986381964,0.0082262962461874
2021-11-17,pl1s,0.0010463459286615,0.9778114986381964,0.0082262962461874
2021-11-17,rb1s,0.0010463459286615,0.9778114986381964,0.0082262962461874
2021-11-17,si1s,0.0010463459286615,0.9778114986381964,0.0082262962461874
2021-11-18,cl1s,4.1122175301201695e-06,0.9788139425460152,5.511007269556698e-05
2021-11-18,es1s,4.1122175301201695e-06,0.9788139425460152,5.511007269556698e-05
2021-11-18,fesx1s,4.1122175301201695e-06,0.9788139425460152,5.511007269556698e-05
2021-11-18,gc1s,4.1122175301201695e-06,0.9788139425460152,5.511007269556698e-05
2021-11-18,hg1s,4.1122175301201695e-06,0.9788139425460152,5.511007269556698e-05
2021-11-18,ho1s,4.1122175301201695e-06,0.9788139425460152,5.511007269556698e-05
2021-11-18,ng1s,4.1122175301201695e-06,0.9788139425460152,5.511007269556698e-05
2021-11-18,nq1s,4.1122175301201695e-06,0.9788139425460152,5.511007269556698e-05
2021-11-18,pl1s,4.1122175301201695e-06,0.9788139425460152,5.511007269556698e-05
2021-11-18,rb1s,4.1122175301201695e-06,0.9788139425460152,5.511007269556698e-05
2021-11-18,si1s,4.1122175301201695e-06,0.9788139425460152,5.511007269556698e-05
2021-11-19,cl1s,4.0754659589095595e-07,0.9788175057821384,6.4038246387357025e-06
2021-11-19,es1s,4.0754659589095595e-07,0.9788175057821384,6.4038246387357025e-06
2021-11-19,fesx1s,4.0754659589095595e-07,0.9788175057821384,6.4038246387357025e-06
2021-11-19,gc1s,4.0754659589095595e-07,0.9788175057821384,6.4038246387357025e-06
2021-11-19,hg1s,4.0754659589095595e-07,0.9788175057821384,6.4038246387357025e-06
2021-11-19,ho1s,4.0754659589095595e-07,0.9788175057821384,6.4038246387357025e-06
2021-11-19,ng1s,4.0754659589095595e-07,0.9788175057821384,6.4038246387357025e-06
2021-11-19,nq1s,4.0754659589095595e-07,0.9788175057821384,6.4038246387357025e-06
2021-11-19,pl1s,4.0754659589095595e-07,0.9788175057821384,6.4038246387357025e-06
2021-11-19,rb1s,4.0754659589095595e-07,0.9788175057821384,6.4038246387357025e-06
2021-11-19,si1s,4.0754659589095595e-07,0.9788175057821384,6.4038246387357025e-06
2021-11-22,cl1s,3.431289215974738e-05,0.9787848948554916,0.0003870484714837
2021-11-22,es1s,3.431289215974738e-05,0.9787848948554916,0.0003870484714837
2021-11-22,fesx1s,3.431289215974738e-05,0.9787848948554916,0.0003870484714837
2021-11-22,gc1s,3.431289215974738e-05,0.9787848948554916,0.0003870484714837
2021-11-22,hg1s,3.431289215974738e-05,0.9787848948554916,0.0003870484714837
2021-11-22,ho1s,3.431289215974738e-05,0.9787848948554916,0.0003870484714837
2021-11-22,ng1s,3.431289215974738e-05,0.9787848948554916,0.0003870484714837
2021-11-22,nq1s,3.431289215974738e-05,0.9787848948554916,0.0003870484714837
2021-11-22,pl1s,3.431289215974738e-05,0.9787848948554916,0.0003870484714837
2021-11-22,rb1s,3.431289215974738e-05,0.9787848948554916,0.0003870484714837
2021-11-22,si1s,3.431289215974738e-05,0.9787848948554916,0.0003870484714837
2021-11-23,cl1s,7.590287106171256e-09,0.9788178904691444,1.4950130326633545e-07
2021-11-23,es1s,7.590287106171256e-09,0.9788178904691444,1.4950130326633545e-07
2021-11-23,fesx1s,7.590287106171256e-09,0.9788178904691444,1.4950130326633545e-07
2021-11-23,gc1s,7.590287106171256e-09,0.9788178904691444,1.4950130326633545e-07
2021-11-23,hg1s,7.590287106171256e-09,0.9788178904691444,1.4950130326633545e-07
2021-11-23,ho1s,7.590287106171256e-09,0.9788178904691444,1.4950130326633545e-07
2021-11-23,ng1s,7.590287106171256e-09,0.9788178904691444,1.4950130326633545e-07
2021-11-23,nq1s,7.590287106171256e-09,0.9788178904691444,1.4950130326633545e-07
2021-11-23,pl1s,7.590287106171256e-09,0.9788178904691444,1.4950130326633545e-07
2021-11-23,rb1s,7.590287106171256e-09,0.9788178904691444,1.4950130326633545e-07
2021-11-23,si1s,7.590287106171256e-09,0.9788178904691444,1.4950130326633545e-07
2021-11-24,cl1s,1.971073621563383e-09,0.9788178958738308,4.1480627779723795e-08
2021-11-24,es1s,1.971073621563383e-09,0.9788178958738308,4.1480627779723795e-08
2021-11-24,fesx1s,1.971073621563383e-09,0.9788178958738308,4.1480627779723795e-08
2021-11-24,gc1s,1.971073621563383e-09,0.9788178958738308,4.1480627779723795e-08
2021-11-24,hg1s,1.971073621563383e-09,0.9788178958738308,4.1480627779723795e-08
2021-11-24,ho1s,1.971073621563383e-09,0.9788178958738308,4.1480627779723795e-08
2021-11-24,ng1s,1.971073621563383e-09,0.9788178958738308,4.1480627779723795e-08
2021-11-24,nq1s,1.971073621563383e-09,0.9788178958738308,4.1480627779723795e-08
2021-11-24,pl1s,1.971073621563383e-09,0.9788178958738308,4.1480627779723795e-08
2021-11-24,rb1s,1.971073621563383e-09,0.9788178958738308,4.1480627779723795e-08
2021-11-24,si1s,1.971073621563383e-09,0.9788178958738308,4.1480627779723795e-08
2021-11-25,cl1s,8.419109219357691e-09,0.9788178896719644,1.649536012787476e-07
2021-11-25,es1s,8.419109219357691e-09,0.9788178896719644,1.649536012787476e-07
2021-11-25,fesx1s,8.419109219357691e-09,0.9788178896719644,1.649536012787476e-07
2021-11-25,gc1s,8.419109219357691e-09,0.9788178896719644,1.649536012787476e-07
2021-11-25,hg1s,8.419109219357691e-09,0.9788178896719644,1.649536012787476e-07
2021-11-25,ho1s,8.419109219357691e-09,0.9788178896719644,1.649536012787476e-07
2021-11-25,ng1s,8.419109219357691e-09,0.9788178896719644,1.649536012787476e-07
2021-11-25,nq1s,8.419109219357691e-09,0.9788178896719644,1.649536012787476e-07
2021-11-25,pl1s,8.419109219357691e-09,0.9788178896719644,1.649536012787476e-07
2021-11-25,rb1s,8.419109219357691e-09,0.9788178896719644,1.649536012787476e-07
2021-11-25,si1s,8.419109219357691e-09,0.9788178896719644,1.649536012787476e-07
2021-11-26,cl1s,6.7126582681644496e-18,0.9788178977696532,2.6543553549525575e-16
2021-11-26,es1s,6.7126582681644496e-18,0.9788178977696532,2.6543553549525575e-16
2021-11-26,fesx1s,6.7126582681644496e-18,0.9788178977696532,2.6543553549525575e-16
2021-11-26,gc1s,6.7126582681644496e-18,0.9788178977696532,2.6543553549525575e-16
2021-11-26,hg1s,6.7126582681644496e-18,0.9788178977696532,2.6543553549525575e-16
2021-11-26,ho1s,6.7126582681644496e-18,0.9788178977696532,2.6543553549525575e-16
2021-11-26,ng1s,6.7126582681644496e-18,0.9788178977696532,2.6543553549525575e-16
2021-11-26,nq1s,6.7126582681644496e-18,0.9788178977696532,2.6543553549525575e-16
2021-11-26,pl1s,6.7126582681644496e-18,0.9788178977696532,2.6543553549525575e-16
2021-11-26,rb1s,6.7126582681644496e-18,0.9788178977696532,2.6543553549525575e-16
2021-11-26,si1s,6.7126582681644496e-18,0.9788178977696532,2.6543553549525575e-16
2021-11-29,cl1s,2.15890837335355e-11,0.9788178977488886,5.517916616115206e-10
2021-11-29,es1s,2.15890837335355e-11,0.9788178977488886,5.517916616115206e-10
2021-11-29,fesx1s,2.15890837335355e-11,0.9788178977488886,5.517916616115206e-10
2021-11-29,gc1s,2.15890837335355e-11,0.9788178977488886,5.517916616115206e-10
2021-11-29,hg1s,2.15890837335355e-11,0.9788178977488886,5.517916616115206e-10
2021-11-29,ho1s,2.15890837335355e-11,0.9788178977488886,5.517916616115206e-10
2021-11-29,ng1s,2.15890837335355e-11,0.9788178977488886,5.517916616115206e-10
2021-11-29,nq1s,2.15890837335355e-11,0.9788178977488886,5.517916616115206e-10
2021-11-29,pl1s,2.15890837335355e-11,0.9788178977488886,5.517916616115206e-10
2021-11-29,rb1s,2.15890837335355e-11,0.9788178977488886,5.517916616115206e-10
2021-11-29,si1s,2.15890837335355e-11,0.9788178977488886,5.517916616115206e-10
2021-11-30,cl1s,8.511838969898083e-13,0.978817897768835,2.4507103931995643e-11
2021-11-30,es1s,8.511838969898083e-13,0.978817897768835,2.4507103931995643e-11
2021-11-30,fesx1s,8.511838969898083e-13,0.978817897768835,2.4507103931995643e-11
2021-11-30,gc1s,8.511838969898083e-13,0.978817897768835,2.4507103931995643e-11
2021-11-30,hg1s,8.511838969898083e-13,0.978817897768835,2.4507103931995643e-11
2021-11-30,ho1s,8.511838969898083e-13,0.978817897768835,2.4507103931995643e-11
2021-11-30,ng1s,8.511838969898083e-13,0.978817897768835,2.4507103931995643e-11
2021-11-30,nq1s,8.511838969898083e-13,0.978817897768835,2.4507103931995643e-11
2021-11-30,pl1s,8.511838969898083e-13,0.978817897768835,2.4507103931995643e-11
2021-11-30,rb1s,8.511838969898083e-13,0.978817897768835,2.4507103931995643e-11
2021-11-30,si1s,8.511838969898083e-13,0.978817897768835,2.4507103931995643e-11
2021-12-01,cl1s,5.950363272944647e-12,0.9788178977639306,1.5975233157755144e-10
2021-12-01,es1s,5.950363272944647e-12,0.9788178977639306,1.5975233157755144e-10
2021-12-01,fesx1s,5.950363272944647e-12,0.9788178977639306,1.5975233157755144e-10
2021-12-01,gc1s,5.950363272944647e-12,0.9788178977639306,1.5975233157755144e-10
2021-12-01,hg1s,5.950363272944647e-12,0.9788178977639306,1.5975233157755144e-10
2021-12-01,ho1s,5.950363272944647e-12,0.9788178977639306,1.5975233157755144e-10
2021-12-01,ng1s,5.950363272944647e-12,0.9788178977639306,1.5975233157755144e-10
2021-12-01,nq1s,5.950363272944647e-12,0.9788178977639306,1.5975233157755144e-10
2021-12-01,pl1s,5.950363272944647e-12,0.9788178977639306,1.5975233157755144e-10
2021-12-01,rb1s,5.950363272944647e-12,0.9788178977639306,1.5975233157755144e-10
2021-12-01,si1s,5.950363272944647e-12,0.9788178977639306,1.5975233157755144e-10
2021-12-02,cl1s,5.986648266676517e-09,0.9788178920115596,1.1933625514077534e-07
2021-12-02,es1s,5.986648266676517e-09,0.9788178920115596,1.1933625514077534e-07
2021-12-02,fesx1s,5.986648266676517e-09,0.9788178920115596,1.1933625514077534e-07
2021-12-02,gc1s,5.986648266676517e-09,0.9788178920115596,1.1933625514077534e-07
2021-12-02,hg1s,5.986648266676517e-09,0.9788178920115596,1.1933625514077534e-07
2021-12-02,ho1s,5.986648266676517e-09,0.9788178920115596,1.1933625514077534e-07
2021-12-02,ng1s,5.986648266676517e-09,0.9788178920115596,1.1933625514077534e-07
2021-12-02,nq1s,5.986648266676517e-09,0.9788178920115596,1.1933625514077534e-07
2021-12-02,pl1s,5.986648266676517e-09,0.9788178920115596,1.1933625514077534e-07
2021-12-02,rb1s,5.986648266676517e-09,0.9788178920115596,1.1933625514077534e-07
2021-12-02,si1s,5.986648266676517e-09,0.9788178920115596,1.1933625514077534e-07
2021-12-03,cl1s,3.145562181513099e-09,0.9788178947441808,6.472709225059067e-08
2021-12-03,es1s,3.145562181513099e-09,0.9788178947441808,6.472709225059067e-08
2021-12-03,fesx1s,3.145562181513099e-09,0.9788178947441808,6.472709225059067e-08
2021-12-03,gc1s,3.145562181513099e-09,0.9788178947441808,6.472709225059067e-08
2021-12-03,hg1s,3.145562181513099e-09,0.9788178947441808,6.472709225059067e-08
2021-12-03,ho1s,3.145562181513099e-09,0.9788178947441808,6.472709225059067e-08
2021-12-03,ng1s,3.145562181513099e-09,0.9788178947441808,6.472709225059067e-08
2021-12-03,nq1s,3.145562181513099e-09,0.9788178947441808,6.472709225059067e-08
2021-12-03,pl1s,3.145562181513099e-09,0.9788178947441808,6.472709225059067e-08
2021-12-03,rb1s,3.145562181513099e-09,0.9788178947441808,6.472709225059067e-08
2021-12-03,si1s,3.145562181513099e-09,0.9788178947441808,6.472709225059067e-08
2021-12-06,cl1s,8.719613201044442e-06,0.9788095110488646,0.0001103025081204
2021-12-06,es1s,8.719613201044442e-06,0.9788095110488646,0.0001103025081204
2021-12-06,fesx1s,8.719613201044442e-06,0.9788095110488646,0.0001103025081204
2021-12-06,gc1s,8.719613201044442e-06,0.9788095110488646,0.0001103025081204
2021-12-06,hg1s,8.719613201044442e-06,0.9788095110488646,0.0001103025081204
2021-12-06,ho1s,8.719613201044442e-06,0.9788095110488646,0.0001103025081204
2021-12-06,ng1s,8.719613201044442e-06,0.9788095110488646,0.0001103025081204
2021-12-06,nq1s,8.719613201044442e-06,0.9788095110488646,0.0001103025081204
2021-12-06,pl1s,8.719613201044442e-06,0.9788095110488646,0.0001103025081204
2021-12-06,rb1s,8.719613201044442e-06,0.9788095110488646,0.0001103025081204
2021-12-06,si1s,8.719613201044442e-06,0.9788095110488646,0.0001103025081204
2021-12-07,cl1s,0.0225749953612256,0.9571047576867664,0.1078980702380006
2021-12-07,es1s,0.0225749953612256,0.9571047576867664,0.1078980702380006
2021-12-07,fesx1s,0.0225749953612256,0.9571047576867664,0.1078980702380006
2021-12-07,gc1s,0.0225749953612256,0.9571047576867664,0.1078980702380006
2021-12-07,hg1s,0.0225749953612256,0.9571047576867664,0.1078980702380006
2021-12-07,ho1s,0.0225749953612256,0.9571047576867664,0.1078980702380006
2021-12-07,ng1s,0.0225749953612256,0.9571047576867664,0.1078980702380006
2021-12-07,nq1s,0.0225749953612256,0.9571047576867664,0.1078980702380006
2021-12-07,pl1s,0.0225749953612256,0.9571047576867664,0.1078980702380006
2021-12-07,rb1s,0.0225749953612256,0.9571047576867664,0.1078980702380006
2021-12-07,si1s,0.0225749953612256,0.9571047576867664,0.1078980702380006
2021-12-08,cl1s,0.0282433199563271,0.9516528351503784,0.128581718826283
2021-12-08,es1s,0.0282433199563271,0.9516528351503784,0.128581718826283
2021-12-08,fesx1s,0.0282433199563271,0.9516528351503784,0.128581718826283
2021-12-08,gc1s,0.0282433199563271,0.9516528351503784,0.128581718826283
2021-12-08,hg1s,0.0282433199563271,0.9516528351503784,0.128581718826283
2021-12-08,ho1s,0.0282433199563271,0.9516528351503784,0.128581718826283
2021-12-08,ng1s,0.0282433199563271,0.9516528351503784,0.128581718826283
2021-12-08,nq1s,0.0282433199563271,0.9516528351503784,0.128581718826283
2021-12-08,pl1s,0.0282433199563271,0.9516528351503784,0.128581718826283
2021-12-08,rb1s,0.0282433199563271,0.9516528351503784,0.128581718826283
2021-12-08,si1s,0.0282433199563271,0.9516528351503784,0.128581718826283
2021-12-09,cl1s,0.0058135210850851,0.973226321971942,0.0357220897927615
2021-12-09,es1s,0.0058135210850851,0.973226321971942,0.0357220897927615
2021-12-09,fesx1s,0.0058135210850851,0.973226321971942,0.0357220897927615
2021-12-09,gc1s,0.0058135210850851,0.973226321971942,0.0357220897927615
2021-12-09,hg1s,0.0058135210850851,0.973226321971942,0.0357220897927615
2021-12-09,ho1s,0.0058135210850851,0.973226321971942,0.0357220897927615
2021-12-09,ng1s,0.0058135210850851,0.973226321971942,0.0357220897927615
2021-12-09,nq1s,0.0058135210850851,0.973226321971942,0.0357220897927615
2021-12-09,pl1s,0.0058135210850851,0.973226321971942,0.0357220897927615
2021-12-09,rb1s,0.0058135210850851,0.973226321971942,0.0357220897927615
2021-12-09,si1s,0.0058135210850851,0.973226321971942,0.0357220897927615
2021-12-10,cl1s,0.0026534127939046,0.9762657854537974,0.0183896916031165
2021-12-10,es1s,0.0026534127939046,0.9762657854537974,0.0183896916031165
2021-12-10,fesx1s,0.0026534127939046,0.9762657854537974,0.0183896916031165
2021-12-10,gc1s,0.0026534127939046,0.9762657854537974,0.0183896916031165
2021-12-10,hg1s,0.0026534127939046,0.9762657854537974,0.0183896916031165
2021-12-10,ho1s,0.0026534127939046,0.9762657854537974,0.0183896916031165
2021-12-10,ng1s,0.0026534127939046,0.9762657854537974,0.0183896916031165
2021-12-10,nq1s,0.0026534127939046,0.9762657854537974,0.0183896916031165
2021-12-10,pl1s,0.0026534127939046,0.9762657854537974,0.0183896916031165
2021-12-10,rb1s,0.0026534127939046,0.9762657854537974,0.0183896916031165
2021-12-10,si1s,0.0026534127939046,0.9762657854537974,0.0183896916031165
2021-12-13,cl1s,0.0009421766112382,0.9779116910389192,0.0075061765122886
2021-12-13,es1s,0.0009421766112382,0.9779116910389192,0.0075061765122886
2021-12-13,fesx1s,0.0009421766112382,0.9779116910389192,0.0075061765122886
2021-12-13,gc1s,0.0009421766112382,0.9779116910389192,0.0075061765122886
2021-12-13,hg1s,0.0009421766112382,0.9779116910389192,0.0075061765122886
2021-12-13,ho1s,0.0009421766112382,0.9779116910389192,0.0075061765122886
2021-12-13,ng1s,0.0009421766112382,0.9779116910389192,0.0075061765122886
2021-12-13,nq1s,0.0009421766112382,0.9779116910389192,0.0075061765122886
2021-12-13,pl1s,0.0009421766112382,0.9779116910389192,0.0075061765122886
2021-12-13,rb1s,0.0009421766112382,0.9779116910389192,0.0075061765122886
2021-12-13,si1s,0.0009421766112382,0.9779116910389192,0.0075061765122886
2021-12-14,cl1s,0.000130196006227,0.9786926723121856,0.0012949821294556
2021-12-14,es1s,0.000130196006227,0.9786926723121856,0.0012949821294556
2021-12-14,fesx1s,0.000130196006227,0.9786926723121856,0.0012949821294556
2021-12-14,gc1s,0.000130196006227,0.9786926723121856,0.0012949821294556
2021-12-14,hg1s,0.000130196006227,0.9786926723121856,0.0012949821294556
2021-12-14,ho1s,0.000130196006227,0.9786926723121856,0.0012949821294556
2021-12-14,ng1s,0.000130196006227,0.9786926723121856,0.0012949821294556
2021-12-14,nq1s,0.000130196006227,0.9786926723121856,0.0012949821294556
2021-12-14,pl1s,0.000130196006227,0.9786926723121856,0.0012949821294556
2021-12-14,rb1s,0.000130196006227,0.9786926723121856,0.0012949821294556
2021-12-14,si1s,0.000130196006227,0.9786926723121856,0.0012949821294556
2021-12-15,cl1s,0.000691453269056,0.9781528424085536,0.0057227225267332
2021-12-15,es1s,0.000691453269056,0.9781528424085536,0.0057227225267332
2021-12-15,fesx1s,0.000691453269056,0.9781528424085536,0.0057227225267332
2021-12-15,gc1s,0.000691453269056,0.9781528424085536,0.0057227225267332
2021-12-15,hg1s,0.000691453269056,0.9781528424085536,0.0057227225267332
2021-12-15,ho1s,0.000691453269056,0.9781528424085536,0.0057227225267332
2021-12-15,ng1s,0.000691453269056,0.9781528424085536,0.0057227225267332
2021-12-15,nq1s,0.000691453269056,0.9781528424085536,0.0057227225267332
2021-12-15,pl1s,0.000691453269056,0.9781528424085536,0.0057227225267332
2021-12-15,rb1s,0.000691453269056,0.9781528424085536,0.0057227225267332
2021-12-15,si1s,0.000691453269056,0.9781528424085536,0.0057227225267332
2021-12-16,cl1s,0.0008484336725234,0.9780018551132644,0.0068482972467147
2021-12-16,es1s,0.0008484336725234,0.9780018551132644,0.0068482972467147
2021-12-16,fesx1s,0.0008484336725234,0.9780018551132644,0.0068482972467147
2021-12-16,gc1s,0.0008484336725234,0.9780018551132644,0.0068482972467147
2021-12-16,hg1s,0.0008484336725234,0.9780018551132644,0.0068482972467147
2021-12-16,ho1s,0.0008484336725234,0.9780018551132644,0.0068482972467147
2021-12-16,ng1s,0.0008484336725234,0.9780018551132644,0.0068482972467147
2021-12-16,nq1s,0.0008484336725234,0.9780018551132644,0.0068482972467147
2021-12-16,pl1s,0.0008484336725234,0.9780018551132644,0.0068482972467147
2021-12-16,rb1s,0.0008484336725234,0.9780018551132644,0.0068482972467147
2021-12-16,si1s,0.0008484336725234,0.9780018551132644,0.0068482972467147
2021-12-17,cl1s,0.0002859761746566,0.9785428394300468,0.0026193870622703
2021-12-17,es1s,0.0002859761746566,0.9785428394300468,0.0026193870622703
2021-12-17,fesx1s,0.0002859761746566,0.9785428394300468,0.0026193870622703
2021-12-17,gc1s,0.0002859761746566,0.9785428394300468,0.0026193870622703
2021-12-17,hg1s,0.0002859761746566,0.9785428394300468,0.0026193870622703
2021-12-17,ho1s,0.0002859761746566,0.9785428394300468,0.0026193870622703
2021-12-17,ng1s,0.0002859761746566,0.9785428394300468,0.0026193870622703
2021-12-17,nq1s,0.0002859761746566,0.9785428394300468,0.0026193870622703
2021-12-17,pl1s,0.0002859761746566,0.9785428394300468,0.0026193870622703
2021-12-17,rb1s,0.0002859761746566,0.9785428394300468,0.0026193870622703
2021-12-17,si1s,0.0002859761746566,0.9785428394300468,0.0026193870622703
2021-12-20,cl1s,0.0001183193034209,0.978704095593016,0.0011881700723878
2021-12-20,es1s,0.0001183193034209,0.978704095593016,0.0011881700723878
2021-12-20,fesx1s,0.0001183193034209,0.978704095593016,0.0011881700723878
2021-12-20,gc1s,0.0001183193034209,0.978704095593016,0.0011881700723878
2021-12-20,hg1s,0.0001183193034209,0.978704095593016,0.0011881700723878
2021-12-20,ho1s,0.0001183193034209,0.978704095593016,0.0011881700723878
2021-12-20,ng1s,0.0001183193034209,0.978704095593016,0.0011881700723878
2021-12-20,nq1s,0.0001183193034209,0.978704095593016,0.0011881700723878
2021-12-20,pl1s,0.0001183193034209,0.978704095593016,0.0011881700723878
2021-12-20,rb1s,0.0001183193034209,0.978704095593016,0.0011881700723878
2021-12-20,si1s,0.0001183193034209,0.978704095593016,0.0011881700723878
2021-12-21,cl1s,0.0071370125667991,0.9719533579920552,0.0423858895409192
2021-12-21,es1s,0.0071370125667991,0.9719533579920552,0.0423858895409192
2021-12-21,fesx1s,0.0071370125667991,0.9719533579920552,0.0423858895409192
2021-12-21,gc1s,0.0071370125667991,0.9719533579920552,0.0423858895409192
2021-12-21,hg1s,0.0071370125667991,0.9719533579920552,0.0423858895409192
2021-12-21,ho1s,0.0071370125667991,0.9719533579920552,0.0423858895409192
2021-12-21,ng1s,0.0071370125667991,0.9719533579920552,0.0423858895409192
2021-12-21,nq1s,0.0071370125667991,0.9719533579920552,0.0423858895409192
2021-12-21,pl1s,0.0071370125667991,0.9719533579920552,0.0423858895409192
2021-12-21,rb1s,0.0071370125667991,0.9719533579920552,0.0423858895409192
2021-12-21,si1s,0.0071370125667991,0.9719533579920552,0.0423858895409192
2021-12-22,cl1s,0.1089091357151595,0.874066632830256,0.3442285268775681
2021-12-22,es1s,0.1089091357151595,0.874066632830256,0.3442285268775681
2021-12-22,fesx1s,0.1089091357151595,0.874066632830256,0.3442285268775681
2021-12-22,gc1s,0.1089091357151595,0.874066632830256,0.3442285268775681
2021-12-22,hg1s,0.1089091357151595,0.874066632830256,0.3442285268775681
2021-12-22,ho1s,0.1089091357151595,0.874066632830256,0.3442285268775681
2021-12-22,ng1s,0.1089091357151595,0.874066632830256,0.3442285268775681
2021-12-22,nq1s,0.1089091357151595,0.874066632830256,0.3442285268775681
2021-12-22,pl1s,0.1089091357151595,0.874066632830256,0.3442285268775681
2021-12-22,rb1s,0.1089091357151595,0.874066632830256,0.3442285268775681
2021-12-22,si1s,0.1089091357151595,0.874066632830256,0.3442285268775681
2021-12-23,cl1s,0.8751457198239587,0.1370829913645634,0.3764865064687909
2021-12-23,es1s,0.8751457198239587,0.1370829913645634,0.3764865064687909
2021-12-23,fesx1s,0.8751457198239587,0.1370829913645634,0.3764865064687909
2021-12-23,gc1s,0.8751457198239587,0.1370829913645634,0.3764865064687909
2021-12-23,hg1s,0.8751457198239587,0.1370829913645634,0.3764865064687909
2021-12-23,ho1s,0.8751457198239587,0.1370829913645634,0.3764865064687909
2021-12-23,ng1s,0.8751457198239587,0.1370829913645634,0.3764865064687909
2021-12-23,nq1s,0.8751457198239587,0.1370829913645634,0.3764865064687909
2021-12-23,pl1s,0.8751457198239587,0.1370829913645634,0.3764865064687909
2021-12-23,rb1s,0.8751457198239587,0.1370829913645634,0.3764865064687909
2021-12-23,si1s,0.8751457198239587,0.1370829913645634,0.3764865064687909
2021-12-27,cl1s,0.9999580894290389,0.0170356371149614,0.0004643670943041
2021-12-27,es1s,0.9999580894290389,0.0170356371149614,0.0004643670943041
2021-12-27,fesx1s,0.9999580894290389,0.0170356371149614,0.0004643670943041
2021-12-27,gc1s,0.9999580894290389,0.0170356371149614,0.0004643670943041
2021-12-27,hg1s,0.9999580894290389,0.0170356371149614,0.0004643670943041
2021-12-27,ho1s,0.9999580894290389,0.0170356371149614,0.0004643670943041
2021-12-27,ng1s,0.9999580894290389,0.0170356371149614,0.0004643670943041
2021-12-27,nq1s,0.9999580894290389,0.0170356371149614,0.0004643670943041
2021-12-27,pl1s,0.9999580894290389,0.0170356371149614,0.0004643670943041
2021-12-27,rb1s,0.9999580894290389,0.0170356371149614,0.0004643670943041
2021-12-27,si1s,0.9999580894290389,0.0170356371149614,0.0004643670943041
2021-12-28,cl1s,0.9999118852669462,0.0170800773209448,0.000910826729641
2021-12-28,es1s,0.9999118852669462,0.0170800773209448,0.000910826729641
2021-12-28,fesx1s,0.9999118852669462,0.0170800773209448,0.000910826729641
2021-12-28,gc1s,0.9999118852669462,0.0170800773209448,0.000910826729641
2021-12-28,hg1s,0.9999118852669462,0.0170800773209448,0.000910826729641
2021-12-28,ho1s,0.9999118852669462,0.0170800773209448,0.000910826729641
2021-12-28,ng1s,0.9999118852669462,0.0170800773209448,0.000910826729641
2021-12-28,nq1s,0.9999118852669462,0.0170800773209448,0.000910826729641
2021-12-28,pl1s,0.9999118852669462,0.0170800773209448,0.000910826729641
2021-12-28,rb1s,0.9999118852669462,0.0170800773209448,0.000910826729641
2021-12-28,si1s,0.9999118852669462,0.0170800773209448,0.000910826729641
2021-12-29,cl1s,0.9998879786848353,0.017103071211219,0.0011310529365611
2021-12-29,es1s,0.9998879786848353,0.017103071211219,0.0011310529365611
2021-12-29,fesx1s,0.9998879786848353,0.017103071211219,0.0011310529365611
2021-12-29,gc1s,0.9998879786848353,0.017103071211219,0.0011310529365611
2021-12-29,hg1s,0.9998879786848353,0.017103071211219,0.0011310529365611
2021-12-29,ho1s,0.9998879786848353,0.017103071211219,0.0011310529365611
2021-12-29,ng1s,0.9998879786848353,0.017103071211219,0.0011310529365611
2021-12-29,nq1s,0.9998879786848353,0.017103071211219,0.0011310529365611
2021-12-29,pl1s,0.9998879786848353,0.017103071211219,0.0011310529365611
2021-12-29,rb1s,0.9998879786848353,0.017103071211219,0.0011310529365611
2021-12-29,si1s,0.9998879786848353,0.017103071211219,0.0011310529365611
2021-12-30,cl1s,0.9996155814061716,0.0173650690621676,0.0034073273729051
2021-12-30,es1s,0.9996155814061716,0.0173650690621676,0.0034073273729051
2021-12-30,fesx1s,0.9996155814061716,0.0173650690621676,0.0034073273729051
2021-12-30,gc1s,0.9996155814061716,0.0173650690621676,0.0034073273729051
2021-12-30,hg1s,0.9996155814061716,0.0173650690621676,0.0034073273729051
2021-12-30,ho1s,0.9996155814061716,0.0173650690621676,0.0034073273729051
2021-12-30,ng1s,0.9996155814061716,0.0173650690621676,0.0034073273729051
2021-12-30,nq1s,0.9996155814061716,0.0173650690621676,0.0034073273729051
2021-12-30,pl1s,0.9996155814061716,0.0173650690621676,0.0034073273729051
2021-12-30,rb1s,0.9996155814061716,0.0173650690621676,0.0034073273729051
2021-12-30,si1s,0.9996155814061716,0.0173650690621676,0.0034073273729051
2021-12-31,cl1s,0.9993298355746048,0.0176399058525912,0.005567493035076
2021-12-31,es1s,0.9993298355746048,0.0176399058525912,0.005567493035076
2021-12-31,fesx1s,0.9993298355746048,0.0176399058525912,0.005567493035076
2021-12-31,gc1s,0.9993298355746048,0.0176399058525912,0.005567493035076
2021-12-31,hg1s,0.9993298355746048,0.0176399058525912,0.005567493035076
2021-12-31,ho1s,0.9993298355746048,0.0176399058525912,0.005567493035076
2021-12-31,ng1s,0.9993298355746048,0.0176399058525912,0.005567493035076
2021-12-31,nq1s,0.9993298355746048,0.0176399058525912,0.005567493035076
2021-12-31,pl1s,0.9993298355746048,0.0176399058525912,0.005567493035076
2021-12-31,rb1s,0.9993298355746048,0.0176399058525912,0.005567493035076
2021-12-31,si1s,0.9993298355746048,0.0176399058525912,0.005567493035076
2022-01-03,cl1s,0.9997878202261278,0.017199405877499,0.0020067900537083
2022-01-03,es1s,0.9997878202261278,0.017199405877499,0.0020067900537083
2022-01-03,fesx1s,0.9997878202261278,0.017199405877499,0.0020067900537083
2022-01-03,gc1s,0.9997878202261278,0.017199405877499,0.0020067900537083
2022-01-03,hg1s,0.9997878202261278,0.017199405877499,0.0020067900537083
2022-01-03,ho1s,0.9997878202261278,0.017199405877499,0.0020067900537083
2022-01-03,ng1s,0.9997878202261278,0.017199405877499,0.0020067900537083
2022-01-03,nq1s,0.9997878202261278,0.017199405877499,0.0020067900537083
2022-01-03,pl1s,0.9997878202261278,0.017199405877499,0.0020067900537083
2022-01-03,rb1s,0.9997878202261278,0.017199405877499,0.0020067900537083
2022-01-03,si1s,0.9997878202261278,0.017199405877499,0.0020067900537083
2022-01-04,cl1s,0.9988737423281342,0.0180785866316134,0.0087716231616617
2022-01-04,es1s,0.9988737423281342,0.0180785866316134,0.0087716231616617
2022-01-04,fesx1s,0.9988737423281342,0.0180785866316134,0.0087716231616617
2022-01-04,gc1s,0.9988737423281342,0.0180785866316134,0.0087716231616617
2022-01-04,hg1s,0.9988737423281342,0.0180785866316134,0.0087716231616617
2022-01-04,ho1s,0.9988737423281342,0.0180785866316134,0.0087716231616617
2022-01-04,ng1s,0.9988737423281342,0.0180785866316134,0.0087716231616617
2022-01-04,nq1s,0.9988737423281342,0.0180785866316134,0.0087716231616617
2022-01-04,pl1s,0.9988737423281342,0.0180785866316134,0.0087716231616617
2022-01-04,rb1s,0.9988737423281342,0.0180785866316134,0.0087716231616617
2022-01-04,si1s,0.9988737423281342,0.0180785866316134,0.0087716231616617
2022-01-05,cl1s,0.9972846416078676,0.0196070195722564,0.0187562632043696
2022-01-05,es1s,0.9972846416078676,0.0196070195722564,0.0187562632043696
2022-01-05,fesx1s,0.9972846416078676,0.0196070195722564,0.0187562632043696
2022-01-05,gc1s,0.9972846416078676,0.0196070195722564,0.0187562632043696
2022-01-05,hg1s,0.9972846416078676,0.0196070195722564,0.0187562632043696
2022-01-05,ho1s,0.9972846416078676,0.0196070195722564,0.0187562632043696
2022-01-05,ng1s,0.9972846416078676,0.0196070195722564,0.0187562632043696
2022-01-05,nq1s,0.9972846416078676,0.0196070195722564,0.0187562632043696
2022-01-05,pl1s,0.9972846416078676,0.0196070195722564,0.0187562632043696
2022-01-05,rb1s,0.9972846416078676,0.0196070195722564,0.0187562632043696
2022-01-05,si1s,0.9972846416078676,0.0196070195722564,0.0187562632043696
2022-01-06,cl1s,0.9830832975433952,0.0332661928346703,0.085783707991558
2022-01-06,es1s,0.9830832975433952,0.0332661928346703,0.085783707991558
2022-01-06,fesx1s,0.9830832975433952,0.0332661928346703,0.085783707991558
2022-01-06,gc1s,0.9830832975433952,0.0332661928346703,0.085783707991558
2022-01-06,hg1s,0.9830832975433952,0.0332661928346703,0.085783707991558
2022-01-06,ho1s,0.9830832975433952,0.0332661928346703,0.085783707991558
2022-01-06,ng1s,0.9830832975433952,0.0332661928346703,0.085783707991558
2022-01-06,nq1s,0.9830832975433952,0.0332661928346703,0.085783707991558
2022-01-06,pl1s,0.9830832975433952,0.0332661928346703,0.085783707991558
2022-01-06,rb1s,0.9830832975433952,0.0332661928346703,0.085783707991558
2022-01-06,si1s,0.9830832975433952,0.0332661928346703,0.085783707991558
2022-01-07,cl1s,0.9179174965161426,0.0959441311322159,0.283826336280218
2022-01-07,es1s,0.9179174965161426,0.0959441311322159,0.283826336280218
2022-01-07,fesx1s,0.9179174965161426,0.0959441311322159,0.283826336280218
2022-01-07,gc1s,0.9179174965161426,0.0959441311322159,0.283826336280218
2022-01-07,hg1s,0.9179174965161426,0.0959441311322159,0.283826336280218
2022-01-07,ho1s,0.9179174965161426,0.0959441311322159,0.283826336280218
2022-01-07,ng1s,0.9179174965161426,0.0959441311322159,0.283826336280218
2022-01-07,nq1s,0.9179174965161426,0.0959441311322159,0.283826336280218
2022-01-07,pl1s,0.9179174965161426,0.0959441311322159,0.283826336280218
2022-01-07,rb1s,0.9179174965161426,0.0959441311322159,0.283826336280218
2022-01-07,si1s,0.9179174965161426,0.0959441311322159,0.283826336280218
2022-01-10,cl1s,0.5176208797572721,0.4809584523010151,0.6925260611460091
2022-01-10,es1s,0.5176208797572721,0.4809584523010151,0.6925260611460091
2022-01-10,fesx1s,0.5176208797572721,0.4809584523010151,0.6925260611460091
2022-01-10,gc1s,0.5176208797572721,0.4809584523010151,0.6925260611460091
2022-01-10,hg1s,0.5176208797572721,0.4809584523010151,0.6925260611460091
2022-01-10,ho1s,0.5176208797572721,0.4809584523010151,0.6925260611460091
2022-01-10,ng1s,0.5176208797572721,0.4809584523010151,0.6925260611460091
2022-01-10,nq1s,0.5176208797572721,0.4809584523010151,0.6925260611460091
2022-01-10,pl1s,0.5176208797572721,0.4809584523010151,0.6925260611460091
2022-01-10,rb1s,0.5176208797572721,0.4809584523010151,0.6925260611460091
2022-01-10,si1s,0.5176208797572721,0.4809584523010151,0.6925260611460091
2022-01-11,cl1s,0.6439537083164503,0.3594486863107975,0.6511093947426789
2022-01-11,es1s,0.6439537083164503,0.3594486863107975,0.6511093947426789
2022-01-11,fesx1s,0.6439537083164503,0.3594486863107975,0.6511093947426789
2022-01-11,gc1s,0.6439537083164503,0.3594486863107975,0.6511093947426789
2022-01-11,hg1s,0.6439537083164503,0.3594486863107975,0.6511093947426789
2022-01-11,ho1s,0.6439537083164503,0.3594486863107975,0.6511093947426789
2022-01-11,ng1s,0.6439537083164503,0.3594486863107975,0.6511093947426789
2022-01-11,nq1s,0.6439537083164503,0.3594486863107975,0.6511093947426789
2022-01-11,pl1s,0.6439537083164503,0.3594486863107975,0.6511093947426789
2022-01-11,rb1s,0.6439537083164503,0.3594486863107975,0.6511093947426789
2022-01-11,si1s,0.6439537083164503,0.3594486863107975,0.6511093947426789
2022-01-12,cl1s,0.9444953745131848,0.0703809281803844,0.2144148347008503
2022-01-12,es1s,0.9444953745131848,0.0703809281803844,0.2144148347008503
2022-01-12,fesx1s,0.9444953745131848,0.0703809281803844,0.2144148347008503
2022-01-12,gc1s,0.9444953745131848,0.0703809281803844,0.2144148347008503
2022-01-12,hg1s,0.9444953745131848,0.0703809281803844,0.2144148347008503
2022-01-12,ho1s,0.9444953745131848,0.0703809281803844,0.2144148347008503
2022-01-12,ng1s,0.9444953745131848,0.0703809281803844,0.2144148347008503
2022-01-12,nq1s,0.9444953745131848,0.0703809281803844,0.2144148347008503
2022-01-12,pl1s,0.9444953745131848,0.0703809281803844,0.2144148347008503
2022-01-12,rb1s,0.9444953745131848,0.0703809281803844,0.2144148347008503
2022-01-12,si1s,0.9444953745131848,0.0703809281803844,0.2144148347008503
2022-01-13,cl1s,0.9225458058164192,0.0914925187807708,0.2725071676780338
2022-01-13,es1s,0.9225458058164192,0.0914925187807708,0.2725071676780338
2022-01-13,fesx1s,0.9225458058164192,0.0914925187807708,0.2725071676780338
2022-01-13,gc1s,0.9225458058164192,0.0914925187807708,0.2725071676780338
2022-01-13,hg1s,0.9225458058164192,0.0914925187807708,0.2725071676780338
2022-01-13,ho1s,0.9225458058164192,0.0914925187807708,0.2725071676780338
2022-01-13,ng1s,0.9225458058164192,0.0914925187807708,0.2725071676780338
2022-01-13,nq1s,0.9225458058164192,0.0914925187807708,0.2725071676780338
2022-01-13,pl1s,0.9225458058164192,0.0914925187807708,0.2725071676780338
2022-01-13,rb1s,0.9225458058164192,0.0914925187807708,0.2725071676780338
2022-01-13,si1s,0.9225458058164192,0.0914925187807708,0.2725071676780338
2022-01-14,cl1s,0.9425374836474996,0.0722640718069228,0.2199276951291296
2022-01-14,es1s,0.9425374836474996,0.0722640718069228,0.2199276951291296
2022-01-14,fesx1s,0.9425374836474996,0.0722640718069228,0.2199276951291296
2022-01-14,gc1s,0.9425374836474996,0.0722640718069228,0.2199276951291296
2022-01-14,hg1s,0.9425374836474996,0.0722640718069228,0.2199276951291296
2022-01-14,ho1s,0.9425374836474996,0.0722640718069228,0.2199276951291296
2022-01-14,ng1s,0.9425374836474996,0.0722640718069228,0.2199276951291296
2022-01-14,nq1s,0.9425374836474996,0.0722640718069228,0.2199276951291296
2022-01-14,pl1s,0.9425374836474996,0.0722640718069228,0.2199276951291296
2022-01-14,rb1s,0.9425374836474996,0.0722640718069228,0.2199276951291296
2022-01-14,si1s,0.9425374836474996,0.0722640718069228,0.2199276951291296
2022-01-17,cl1s,0.9557298410118648,0.0595753647267011,0.1812852072349522
2022-01-17,es1s,0.9557298410118648,0.0595753647267011,0.1812852072349522
2022-01-17,fesx1s,0.9557298410118648,0.0595753647267011,0.1812852072349522
2022-01-17,gc1s,0.9557298410118648,0.0595753647267011,0.1812852072349522
2022-01-17,hg1s,0.9557298410118648,0.0595753647267011,0.1812852072349522
2022-01-17,ho1s,0.9557298410118648,0.0595753647267011,0.1812852072349522
2022-01-17,ng1s,0.9557298410118648,0.0595753647267011,0.1812852072349522
2022-01-17,nq1s,0.9557298410118648,0.0595753647267011,0.1812852072349522
2022-01-17,pl1s,0.9557298410118648,0.0595753647267011,0.1812852072349522
2022-01-17,rb1s,0.9557298410118648,0.0595753647267011,0.1812852072349522
2022-01-17,si1s,0.9557298410118648,0.0595753647267011,0.1812852072349522
2022-01-18,cl1s,0.871061029365931,0.1410117388434099,0.3843647447164013
2022-01-18,es1s,0.871061029365931,0.1410117388434099,0.3843647447164013
2022-01-18,fesx1s,0.871061029365931,0.1410117388434099,0.3843647447164013
2022-01-18,gc1s,0.871061029365931,0.1410117388434099,0.3843647447164013
2022-01-18,hg1s,0.871061029365931,0.1410117388434099,0.3843647447164013
2022-01-18,ho1s,0.871061029365931,0.1410117388434099,0.3843647447164013
2022-01-18,ng1s,0.871061029365931,0.1410117388434099,0.3843647447164013
2022-01-18,nq1s,0.871061029365931,0.1410117388434099,0.3843647447164013
2022-01-18,pl1s,0.871061029365931,0.1410117388434099,0.3843647447164013
2022-01-18,rb1s,0.871061029365931,0.1410117388434099,0.3843647447164013
2022-01-18,si1s,0.871061029365931,0.1410117388434099,0.3843647447164013
2022-01-19,cl1s,0.6499234281216317,0.3537068750585067,0.6474940271437679
2022-01-19,es1s,0.6499234281216317,0.3537068750585067,0.6474940271437679
2022-01-19,fesx1s,0.6499234281216317,0.3537068750585067,0.6474940271437679
2022-01-19,gc1s,0.6499234281216317,0.3537068750585067,0.6474940271437679
2022-01-19,hg1s,0.6499234281216317,0.3537068750585067,0.6474940271437679
2022-01-19,ho1s,0.6499234281216317,0.3537068750585067,0.6474940271437679
2022-01-19,ng1s,0.6499234281216317,0.3537068750585067,0.6474940271437679
2022-01-19,nq1s,0.6499234281216317,0.3537068750585067,0.6474940271437679
2022-01-19,pl1s,0.6499234281216317,0.3537068750585067,0.6474940271437679
2022-01-19,rb1s,0.6499234281216317,0.3537068750585067,0.6474940271437679
2022-01-19,si1s,0.6499234281216317,0.3537068750585067,0.6474940271437679
2022-01-20,cl1s,0.1148547834180933,0.8683479746692434,0.3565465777310325
2022-01-20,es1s,0.1148547834180933,0.8683479746692434,0.3565465777310325
2022-01-20,fesx1s,0.1148547834180933,0.8683479746692434,0.3565465777310325
2022-01-20,gc1s,0.1148547834180933,0.8683479746692434,0.3565465777310325
2022-01-20,hg1s,0.1148547834180933,0.8683479746692434,0.3565465777310325
2022-01-20,ho1s,0.1148547834180933,0.8683479746692434,0.3565465777310325
2022-01-20,ng1s,0.1148547834180933,0.8683479746692434,0.3565465777310325
2022-01-20,nq1s,0.1148547834180933,0.8683479746692434,0.3565465777310325
2022-01-20,pl1s,0.1148547834180933,0.8683479746692434,0.3565465777310325
2022-01-20,rb1s,0.1148547834180933,0.8683479746692434,0.3565465777310325
2022-01-20,si1s,0.1148547834180933,0.8683479746692434,0.3565465777310325
2022-01-21,cl1s,4.985631112524897e-05,0.9787699448442972,0.0005437499071343
2022-01-21,es1s,4.985631112524897e-05,0.9787699448442972,0.0005437499071343
2022-01-21,fesx1s,4.985631112524897e-05,0.9787699448442972,0.0005437499071343
2022-01-21,gc1s,4.985631112524897e-05,0.9787699448442972,0.0005437499071343
2022-01-21,hg1s,4.985631112524897e-05,0.9787699448442972,0.0005437499071343
2022-01-21,ho1s,4.985631112524897e-05,0.9787699448442972,0.0005437499071343
2022-01-21,ng1s,4.985631112524897e-05,0.9787699448442972,0.0005437499071343
2022-01-21,nq1s,4.985631112524897e-05,0.9787699448442972,0.0005437499071343
2022-01-21,pl1s,4.985631112524897e-05,0.9787699448442972,0.0005437499071343
2022-01-21,rb1s,4.985631112524897e-05,0.9787699448442972,0.0005437499071343
2022-01-21,si1s,4.985631112524897e-05,0.9787699448442972,0.0005437499071343
2022-01-24,cl1s,3.66756739952225e-07,0.9788175450147428,5.80156601191209e-06
2022-01-24,es1s,3.66756739952225e-07,0.9788175450147428,5.80156601191209e-06
2022-01-24,fesx1s,3.66756739952225e-07,0.9788175450147428,5.80156601191209e-06
2022-01-24,gc1s,3.66756739952225e-07,0.9788175450147428,5.80156601191209e-06
2022-01-24,hg1s,3.66756739952225e-07,0.9788175450147428,5.80156601191209e-06
2022-01-24,ho1s,3.66756739952225e-07,0.9788175450147428,5.80156601191209e-06
2022-01-24,ng1s,3.66756739952225e-07,0.9788175450147428,5.80156601191209e-06
2022-01-24,nq1s,3.66756739952225e-07,0.9788175450147428,5.80156601191209e-06
2022-01-24,pl1s,3.66756739952225e-07,0.9788175450147428,5.80156601191209e-06
2022-01-24,rb1s,3.66756739952225e-07,0.9788175450147428,5.80156601191209e-06
2022-01-24,si1s,3.66756739952225e-07,0.9788175450147428,5.80156601191209e-06
2022-01-25,cl1s,1.451884185140695e-07,0.9788177581241552,2.431213959197248e-06
2022-01-25,es1s,1.451884185140695e-07,0.9788177581241552,2.431213959197248e-06
2022-01-25,fesx1s,1.451884185140695e-07,0.9788177581241552,2.431213959197248e-06
2022-01-25,gc1s,1.451884185140695e-07,0.9788177581241552,2.431213959197248e-06
2022-01-25,hg1s,1.451884185140695e-07,0.9788177581241552,2.431213959197248e-06
2022-01-25,ho1s,1.451884185140695e-07,0.9788177581241552,2.431213959197248e-06
2022-01-25,ng1s,1.451884185140695e-07,0.9788177581241552,2.431213959197248e-06
2022-01-25,nq1s,1.451884185140695e-07,0.9788177581241552,2.431213959197248e-06
2022-01-25,pl1s,1.451884185140695e-07,0.9788177581241552,2.431213959197248e-06
2022-01-25,rb1s,1.451884185140695e-07,0.9788177581241552,2.431213959197248e-06
2022-01-25,si1s,1.451884185140695e-07,0.9788177581241552,2.431213959197248e-06
2022-01-26,cl1s,3.0675113613324815e-06,0.9788149473679888,4.2008471221354304e-05
2022-01-26,es1s,3.0675113613324815e-06,0.9788149473679888,4.2008471221354304e-05
2022-01-26,fesx1s,3.0675113613324815e-06,0.9788149473679888,4.2008471221354304e-05
2022-01-26,gc1s,3.0675113613324815e-06,0.9788149473679888,4.2008471221354304e-05
2022-01-26,hg1s,3.0675113613324815e-06,0.9788149473679888,4.2008471221354304e-05
2022-01-26,ho1s,3.0675113613324815e-06,0.9788149473679888,4.2008471221354304e-05
2022-01-26,ng1s,3.0675113613324815e-06,0.9788149473679888,4.2008471221354304e-05
2022-01-26,nq1s,3.0675113613324815e-06,0.9788149473679888,4.2008471221354304e-05
2022-01-26,pl1s,3.0675113613324815e-06,0.9788149473679888,4.2008471221354304e-05
2022-01-26,rb1s,3.0675113613324815e-06,0.9788149473679888,4.2008471221354304e-05
2022-01-26,si1s,3.0675113613324815e-06,0.9788149473679888,4.2008471221354304e-05
2022-01-27,cl1s,3.3324446436487755e-08,0.9788178657174484,6.070705933501711e-07
2022-01-27,es1s,3.3324446436487755e-08,0.9788178657174484,6.070705933501711e-07
2022-01-27,fesx1s,3.3324446436487755e-08,0.9788178657174484,6.070705933501711e-07
2022-01-27,gc1s,3.3324446436487755e-08,0.9788178657174484,6.070705933501711e-07
2022-01-27,hg1s,3.3324446436487755e-08,0.9788178657174484,6.070705933501711e-07
2022-01-27,ho1s,3.3324446436487755e-08,0.9788178657174484,6.070705933501711e-07
2022-01-27,ng1s,3.3324446436487755e-08,0.9788178657174484,6.070705933501711e-07
2022-01-27,nq1s,3.3324446436487755e-08,0.9788178657174484,6.070705933501711e-07
2022-01-27,pl1s,3.3324446436487755e-08,0.9788178657174484,6.070705933501711e-07
2022-01-27,rb1s,3.3324446436487755e-08,0.9788178657174484,6.070705933501711e-07
2022-01-27,si1s,3.3324446436487755e-08,0.9788178657174484,6.070705933501711e-07
2022-01-28,cl1s,2.825647821251815e-09,0.9788178950518812,5.8447192323992685e-08
2022-01-28,es1s,2.825647821251815e-09,0.9788178950518812,5.8447192323992685e-08
2022-01-28,fesx1s,2.825647821251815e-09,0.9788178950518812,5.8447192323992685e-08
2022-01-28,gc1s,2.825647821251815e-09,0.9788178950518812,5.8447192323992685e-08
2022-01-28,hg1s,2.825647821251815e-09,0.9788178950518812,5.8447192323992685e-08
2022-01-28,ho1s,2.825647821251815e-09,0.9788178950518812,5.8447192323992685e-08
2022-01-28,ng1s,2.825647821251815e-09,0.9788178950518812,5.8447192323992685e-08
2022-01-28,nq1s,2.825647821251815e-09,0.9788178950518812,5.8447192323992685e-08
2022-01-28,pl1s,2.825647821251815e-09,0.9788178950518812,5.8447192323992685e-08
2022-01-28,rb1s,2.825647821251815e-09,0.9788178950518812,5.8447192323992685e-08
2022-01-28,si1s,2.825647821251815e-09,0.9788178950518812,5.8447192323992685e-08
2022-01-31,cl1s,5.523537185612094e-08,0.9788178446430258,9.78310251693034e-07
2022-01-31,es1s,5.523537185612094e-08,0.9788178446430258,9.78310251693034e-07
2022-01-31,fesx1s,5.523537185612094e-08,0.9788178446430258,9.78310251693034e-07
2022-01-31,gc1s,5.523537185612094e-08,0.9788178446430258,9.78310251693034e-07
2022-01-31,hg1s,5.523537185612094e-08,0.9788178446430258,9.78310251693034e-07
2022-01-31,ho1s,5.523537185612094e-08,0.9788178446430258,9.78310251693034e-07
2022-01-31,ng1s,5.523537185612094e-08,0.9788178446430258,9.78310251693034e-07
2022-01-31,nq1s,5.523537185612094e-08,0.9788178446430258,9.78310251693034e-07
2022-01-31,pl1s,5.523537185612094e-08,0.9788178446430258,9.78310251693034e-07
2022-01-31,rb1s,5.523537185612094e-08,0.9788178446430258,9.78310251693034e-07
2022-01-31,si1s,5.523537185612094e-08,0.9788178446430258,9.78310251693034e-07
2022-02-01,cl1s,4.139115862319088e-06,0.9788139166745922,5.5443565765043326e-05
2022-02-01,es1s,4.139115862319088e-06,0.9788139166745922,5.5443565765043326e-05
2022-02-01,fesx1s,4.139115862319088e-06,0.9788139166745922,5.5443565765043326e-05
2022-02-01,gc1s,4.139115862319088e-06,0.9788139166745922,5.5443565765043326e-05
2022-02-01,hg1s,4.139115862319088e-06,0.9788139166745922,5.5443565765043326e-05
2022-02-01,ho1s,4.139115862319088e-06,0.9788139166745922,5.5443565765043326e-05
2022-02-01,ng1s,4.139115862319088e-06,0.9788139166745922,5.5443565765043326e-05
2022-02-01,nq1s,4.139115862319088e-06,0.9788139166745922,5.5443565765043326e-05
2022-02-01,pl1s,4.139115862319088e-06,0.9788139166745922,5.5443565765043326e-05
2022-02-01,rb1s,4.139115862319088e-06,0.9788139166745922,5.5443565765043326e-05
2022-02-01,si1s,4.139115862319088e-06,0.9788139166745922,5.5443565765043326e-05
2022-02-02,cl1s,2.9422264279339068e-05,0.978789598771774,0.0003364066426876
2022-02-02,es1s,2.9422264279339068e-05,0.978789598771774,0.0003364066426876
2022-02-02,fesx1s,2.9422264279339068e-05,0.978789598771774,0.0003364066426876
2022-02-02,gc1s,2.9422264279339068e-05,0.978789598771774,0.0003364066426876
2022-02-02,hg1s,2.9422264279339068e-05,0.978789598771774,0.0003364066426876
2022-02-02,ho1s,2.9422264279339068e-05,0.978789598771774,0.0003364066426876
2022-02-02,ng1s,2.9422264279339068e-05,0.978789598771774,0.0003364066426876
2022-02-02,nq1s,2.9422264279339068e-05,0.978789598771774,0.0003364066426876
2022-02-02,pl1s,2.9422264279339068e-05,0.978789598771774,0.0003364066426876
2022-02-02,rb1s,2.9422264279339068e-05,0.978789598771774,0.0003364066426876
2022-02-02,si1s,2.9422264279339068e-05,0.978789598771774,0.0003364066426876
2022-02-03,cl1s,2.066861704554874e-06,0.978815909815414,2.912100283087509e-05
2022-02-03,es1s,2.066861704554874e-06,0.978815909815414,2.912100283087509e-05
2022-02-03,fesx1s,2.066861704554874e-06,0.978815909815414,2.912100283087509e-05
2022-02-03,gc1s,2.066861704554874e-06,0.978815909815414,2.912100283087509e-05
2022-02-03,hg1s,2.066861704554874e-06,0.978815909815414,2.912100283087509e-05
2022-02-03,ho1s,2.066861704554874e-06,0.978815909815414,2.912100283087509e-05
2022-02-03,ng1s,2.066861704554874e-06,0.978815909815414,2.912100283087509e-05
2022-02-03,nq1s,2.066861704554874e-06,0.978815909815414,2.912100283087509e-05
2022-02-03,pl1s,2.066861704554874e-06,0.978815909815414,2.912100283087509e-05
2022-02-03,rb1s,2.066861704554874e-06,0.978815909815414,2.912100283087509e-05
2022-02-03,si1s,2.066861704554874e-06,0.978815909815414,2.912100283087509e-05
2022-02-04,cl1s,3.117587944621205e-07,0.9788175979130084,4.982228482014282e-06
2022-02-04,es1s,3.117587944621205e-07,0.9788175979130084,4.982228482014282e-06
2022-02-04,fesx1s,3.117587944621205e-07,0.9788175979130084,4.982228482014282e-06
2022-02-04,gc1s,3.117587944621205e-07,0.9788175979130084,4.982228482014282e-06
2022-02-04,hg1s,3.117587944621205e-07,0.9788175979130084,4.982228482014282e-06
2022-02-04,ho1s,3.117587944621205e-07,0.9788175979130084,4.982228482014282e-06
2022-02-04,ng1s,3.117587944621205e-07,0.9788175979130084,4.982228482014282e-06
2022-02-04,nq1s,3.117587944621205e-07,0.9788175979130084,4.982228482014282e-06
2022-02-04,pl1s,3.117587944621205e-07,0.9788175979130084,4.982228482014282e-06
2022-02-04,rb1s,3.117587944621205e-07,0.9788175979130084,4.982228482014282e-06
2022-02-04,si1s,3.117587944621205e-07,0.9788175979130084,4.982228482014282e-06
2022-02-07,cl1s,3.328435695360635e-07,0.9788175776331958,5.297402802459885e-06
2022-02-07,es1s,3.328435695360635e-07,0.9788175776331958,5.297402802459885e-06
2022-02-07,fesx1s,3.328435695360635e-07,0.9788175776331958,5.297402802459885e-06
2022-02-07,gc1s,3.328435695360635e-07,0.9788175776331958,5.297402802459885e-06
2022-02-07,hg1s,3.328435695360635e-07,0.9788175776331958,5.297402802459885e-06
2022-02-07,ho1s,3.328435695360635e-07,0.9788175776331958,5.297402802459885e-06
2022-02-07,ng1s,3.328435695360635e-07,0.9788175776331958,5.297402802459885e-06
2022-02-07,nq1s,3.328435695360635e-07,0.9788175776331958,5.297402802459885e-06
2022-02-07,pl1s,3.328435695360635e-07,0.9788175776331958,5.297402802459885e-06
2022-02-07,rb1s,3.328435695360635e-07,0.9788175776331958,5.297402802459885e-06
2022-02-07,si1s,3.328435695360635e-07,0.9788175776331958,5.297402802459885e-06
2022-02-08,cl1s,1.5102222136797731e-06,0.9788164452038408,2.1752112631906556e-05
2022-02-08,es1s,1.5102222136797731e-06,0.9788164452038408,2.1752112631906556e-05
2022-02-08,fesx1s,1.5102222136797731e-06,0.9788164452038408,2.1752112631906556e-05
2022-02-08,gc1s,1.5102222136797731e-06,0.9788164452038408,2.1752112631906556e-05
2022-02-08,hg1s,1.5102222136797731e-06,0.9788164452038408,2.1752112631906556e-05
2022-02-08,ho1s,1.5102222136797731e-06,0.9788164452038408,2.1752112631906556e-05
2022-02-08,ng1s,1.5102222136797731e-06,0.9788164452038408,2.1752112631906556e-05
2022-02-08,nq1s,1.5102222136797731e-06,0.9788164452038408,2.1752112631906556e-05
2022-02-08,pl1s,1.5102222136797731e-06,0.9788164452038408,2.1752112631906556e-05
2022-02-08,rb1s,1.5102222136797731e-06,0.9788164452038408,2.1752112631906556e-05
2022-02-08,si1s,1.5102222136797731e-06,0.9788164452038408,2.1752112631906556e-05
2022-02-09,cl1s,3.189860704277667e-05,0.9787872169694102,0.0003621427251371
2022-02-09,es1s,3.189860704277667e-05,0.9787872169694102,0.0003621427251371
2022-02-09,fesx1s,3.189860704277667e-05,0.9787872169694102,0.0003621427251371
2022-02-09,gc1s,3.189860704277667e-05,0.9787872169694102,0.0003621427251371
2022-02-09,hg1s,3.189860704277667e-05,0.9787872169694102,0.0003621427251371
2022-02-09,ho1s,3.189860704277667e-05,0.9787872169694102,0.0003621427251371
2022-02-09,ng1s,3.189860704277667e-05,0.9787872169694102,0.0003621427251371
2022-02-09,nq1s,3.189860704277667e-05,0.9787872169694102,0.0003621427251371
2022-02-09,pl1s,3.189860704277667e-05,0.9787872169694102,0.0003621427251371
2022-02-09,rb1s,3.189860704277667e-05,0.9787872169694102,0.0003621427251371
2022-02-09,si1s,3.189860704277667e-05,0.9787872169694102,0.0003621427251371
2022-02-10,cl1s,1.5530514652198254e-05,0.9788029601701184,0.0001874951823811
2022-02-10,es1s,1.5530514652198254e-05,0.9788029601701184,0.0001874951823811
2022-02-10,fesx1s,1.5530514652198254e-05,0.9788029601701184,0.0001874951823811
2022-02-10,gc1s,1.5530514652198254e-05,0.9788029601701184,0.0001874951823811
2022-02-10,hg1s,1.5530514652198254e-05,0.9788029601701184,0.0001874951823811
2022-02-10,ho1s,1.5530514652198254e-05,0.9788029601701184,0.0001874951823811
2022-02-10,ng1s,1.5530514652198254e-05,0.9788029601701184,0.0001874951823811
2022-02-10,nq1s,1.5530514652198254e-05,0.9788029601701184,0.0001874951823811
2022-02-10,pl1s,1.5530514652198254e-05,0.9788029601701184,0.0001874951823811
2022-02-10,rb1s,1.5530514652198254e-05,0.9788029601701184,0.0001874951823811
2022-02-10,si1s,1.5530514652198254e-05,0.9788029601701184,0.0001874951823811
2022-02-11,cl1s,2.288100891544443e-09,0.9788178955689067,4.781111157875144e-08
2022-02-11,es1s,2.288100891544443e-09,0.9788178955689067,4.781111157875144e-08
2022-02-11,fesx1s,2.288100891544443e-09,0.9788178955689067,4.781111157875144e-08
2022-02-11,gc1s,2.288100891544443e-09,0.9788178955689067,4.781111157875144e-08
2022-02-11,hg1s,2.288100891544443e-09,0.9788178955689067,4.781111157875144e-08
2022-02-11,ho1s,2.288100891544443e-09,0.9788178955689067,4.781111157875144e-08
2022-02-11,ng1s,2.288100891544443e-09,0.9788178955689067,4.781111157875144e-08
2022-02-11,nq1s,2.288100891544443e-09,0.9788178955689067,4.781111157875144e-08
2022-02-11,pl1s,2.288100891544443e-09,0.9788178955689067,4.781111157875144e-08
2022-02-11,rb1s,2.288100891544443e-09,0.9788178955689067,4.781111157875144e-08
2022-02-11,si1s,2.288100891544443e-09,0.9788178955689067,4.781111157875144e-08
2022-02-14,cl1s,5.999351696120636e-08,0.9788178400665348,1.0576274682517265e-06
2022-02-14,es1s,5.999351696120636e-08,0.9788178400665348,1.0576274682517265e-06
2022-02-14,fesx1s,5.999351696120636e-08,0.9788178400665348,1.0576274682517265e-06
2022-02-14,gc1s,5.999351696120636e-08,0.9788178400665348,1.0576274682517265e-06
2022-02-14,hg1s,5.999351696120636e-08,0.9788178400665348,1.0576274682517265e-06
2022-02-14,ho1s,5.999351696120636e-08,0.9788178400665348,1.0576274682517265e-06
2022-02-14,ng1s,5.999351696120636e-08,0.9788178400665348,1.0576274682517265e-06
2022-02-14,nq1s,5.999351696120636e-08,0.9788178400665348,1.0576274682517265e-06
2022-02-14,pl1s,5.999351696120636e-08,0.9788178400665348,1.0576274682517265e-06
2022-02-14,rb1s,5.999351696120636e-08,0.9788178400665348,1.0576274682517265e-06
2022-02-14,si1s,5.999351696120636e-08,0.9788178400665348,1.0576274682517265e-06
2022-02-15,cl1s,9.027357542832294e-07,0.978817029498029,1.3466863487781318e-05
2022-02-15,es1s,9.027357542832294e-07,0.978817029498029,1.3466863487781318e-05
2022-02-15,fesx1s,9.027357542832294e-07,0.978817029498029,1.3466863487781318e-05
2022-02-15,gc1s,9.027357542832294e-07,0.978817029498029,1.3466863487781318e-05
2022-02-15,hg1s,9.027357542832294e-07,0.978817029498029,1.3466863487781318e-05
2022-02-15,ho1s,9.027357542832294e-07,0.978817029498029,1.3466863487781318e-05
2022-02-15,ng1s,9.027357542832294e-07,0.978817029498029,1.3466863487781318e-05
2022-02-15,nq1s,9.027357542832294e-07,0.978817029498029,1.3466863487781318e-05
2022-02-15,pl1s,9.027357542832294e-07,0.978817029498029,1.3466863487781318e-05
2022-02-15,rb1s,9.027357542832294e-07,0.978817029498029,1.3466863487781318e-05
2022-02-15,si1s,9.027357542832294e-07,0.978817029498029,1.3466863487781318e-05
2022-02-16,cl1s,1.301314746425824e-06,0.978816646135758,1.89369076208563e-05
2022-02-16,es1s,1.301314746425824e-06,0.978816646135758,1.89369076208563e-05
2022-02-16,fesx1s,1.301314746425824e-06,0.978816646135758,1.89369076208563e-05
2022-02-16,gc1s,1.301314746425824e-06,0.978816646135758,1.89369076208563e-05
2022-02-16,hg1s,1.301314746425824e-06,0.978816646135758,1.89369076208563e-05
2022-02-16,ho1s,1.301314746425824e-06,0.978816646135758,1.89369076208563e-05
2022-02-16,ng1s,1.301314746425824e-06,0.978816646135758,1.89369076208563e-05
2022-02-16,nq1s,1.301314746425824e-06,0.978816646135758,1.89369076208563e-05
2022-02-16,pl1s,1.301314746425824e-06,0.978816646135758,1.89369076208563e-05
2022-02-16,rb1s,1.301314746425824e-06,0.978816646135758,1.89369076208563e-05
2022-02-16,si1s,1.301314746425824e-06,0.978816646135758,1.89369076208563e-05
2022-02-17,cl1s,1.0067230454320492e-07,0.9788178009407584,1.7226435739925236e-06
2022-02-17,es1s,1.0067230454320492e-07,0.9788178009407584,1.7226435739925236e-06
2022-02-17,fesx1s,1.0067230454320492e-07,0.9788178009407584,1.7226435739925236e-06
2022-02-17,gc1s,1.0067230454320492e-07,0.9788178009407584,1.7226435739925236e-06
2022-02-17,hg1s,1.0067230454320492e-07,0.9788178009407584,1.7226435739925236e-06
2022-02-17,ho1s,1.0067230454320492e-07,0.9788178009407584,1.7226435739925236e-06
2022-02-17,ng1s,1.0067230454320492e-07,0.9788178009407584,1.7226435739925236e-06
2022-02-17,nq1s,1.0067230454320492e-07,0.9788178009407584,1.7226435739925236e-06
2022-02-17,pl1s,1.0067230454320492e-07,0.9788178009407584,1.7226435739925236e-06
2022-02-17,rb1s,1.0067230454320492e-07,0.9788178009407584,1.7226435739925236e-06
2022-02-17,si1s,1.0067230454320492e-07,0.9788178009407584,1.7226435739925236e-06
2022-02-18,cl1s,1.031698103846545e-07,0.978817798538601,1.7628511509128958e-06
2022-02-18,es1s,1.031698103846545e-07,0.978817798538601,1.7628511509128958e-06
2022-02-18,fesx1s,1.031698103846545e-07,0.978817798538601,1.7628511509128958e-06
2022-02-18,gc1s,1.031698103846545e-07,0.978817798538601,1.7628511509128958e-06
2022-02-18,hg1s,1.031698103846545e-07,0.978817798538601,1.7628511509128958e-06
2022-02-18,ho1s,1.031698103846545e-07,0.978817798538601,1.7628511509128958e-06
2022-02-18,ng1s,1.031698103846545e-07,0.978817798538601,1.7628511509128958e-06
2022-02-18,nq1s,1.031698103846545e-07,0.978817798538601,1.7628511509128958e-06
2022-02-18,pl1s,1.031698103846545e-07,0.978817798538601,1.7628511509128958e-06
2022-02-18,rb1s,1.031698103846545e-07,0.978817798538601,1.7628511509128958e-06
2022-02-18,si1s,1.031698103846545e-07,0.978817798538601,1.7628511509128958e-06
2022-02-21,cl1s,1.7291027577952646e-07,0.9788177314606477,2.8652085016843437e-06
2022-02-21,es1s,1.7291027577952646e-07,0.9788177314606477,2.8652085016843437e-06
2022-02-21,fesx1s,1.7291027577952646e-07,0.9788177314606477,2.8652085016843437e-06
2022-02-21,gc1s,1.7291027577952646e-07,0.9788177314606477,2.8652085016843437e-06
2022-02-21,hg1s,1.7291027577952646e-07,0.9788177314606477,2.8652085016843437e-06
2022-02-21,ho1s,1.7291027577952646e-07,0.9788177314606477,2.8652085016843437e-06
2022-02-21,ng1s,1.7291027577952646e-07,0.9788177314606477,2.8652085016843437e-06
2022-02-21,nq1s,1.7291027577952646e-07,0.9788177314606477,2.8652085016843437e-06
2022-02-21,pl1s,1.7291027577952646e-07,0.9788177314606477,2.8652085016843437e-06
2022-02-21,rb1s,1.7291027577952646e-07,0.9788177314606477,2.8652085016843437e-06
2022-02-21,si1s,1.7291027577952646e-07,0.9788177314606477,2.8652085016843437e-06
2022-02-22,cl1s,4.09496946142855e-07,0.9788175039062476,6.432515697438416e-06
2022-02-22,es1s,4.09496946142855e-07,0.9788175039062476,6.432515697438416e-06
2022-02-22,fesx1s,4.09496946142855e-07,0.9788175039062476,6.432515697438416e-06
2022-02-22,gc1s,4.09496946142855e-07,0.9788175039062476,6.432515697438416e-06
2022-02-22,hg1s,4.09496946142855e-07,0.9788175039062476,6.432515697438416e-06
2022-02-22,ho1s,4.09496946142855e-07,0.9788175039062476,6.432515697438416e-06
2022-02-22,ng1s,4.09496946142855e-07,0.9788175039062476,6.432515697438416e-06
2022-02-22,nq1s,4.09496946142855e-07,0.9788175039062476,6.432515697438416e-06
2022-02-22,pl1s,4.09496946142855e-07,0.9788175039062476,6.432515697438416e-06
2022-02-22,rb1s,4.09496946142855e-07,0.9788175039062476,6.432515697438416e-06
2022-02-22,si1s,4.09496946142855e-07,0.9788175039062476,6.432515697438416e-06
2022-02-23,cl1s,3.6317753126157393e-07,0.9788175484573064,5.7485097474958954e-06
2022-02-23,es1s,3.6317753126157393e-07,0.9788175484573064,5.7485097474958954e-06
2022-02-23,fesx1s,3.6317753126157393e-07,0.9788175484573064,5.7485097474958954e-06
2022-02-23,gc1s,3.6317753126157393e-07,0.9788175484573064,5.7485097474958954e-06
2022-02-23,hg1s,3.6317753126157393e-07,0.9788175484573064,5.7485097474958954e-06
2022-02-23,ho1s,3.6317753126157393e-07,0.9788175484573064,5.7485097474958954e-06
2022-02-23,ng1s,3.6317753126157393e-07,0.9788175484573064,5.7485097474958954e-06
2022-02-23,nq1s,3.6317753126157393e-07,0.9788175484573064,5.7485097474958954e-06
2022-02-23,pl1s,3.6317753126157393e-07,0.9788175484573064,5.7485097474958954e-06
2022-02-23,rb1s,3.6317753126157393e-07,0.9788175484573064,5.7485097474958954e-06
2022-02-23,si1s,3.6317753126157393e-07,0.9788175484573064,5.7485097474958954e-06
2022-02-24,cl1s,4.7639961682226666e-08,0.9788178519484626,8.508303680609908e-07
2022-02-24,es1s,4.7639961682226666e-08,0.9788178519484626,8.508303680609908e-07
2022-02-24,fesx1s,4.7639961682226666e-08,0.9788178519484626,8.508303680609908e-07
2022-02-24,gc1s,4.7639961682226666e-08,0.9788178519484626,8.508303680609908e-07
2022-02-24,hg1s,4.7639961682226666e-08,0.9788178519484626,8.508303680609908e-07
2022-02-24,ho1s,4.7639961682226666e-08,0.9788178519484626,8.508303680609908e-07
2022-02-24,ng1s,4.7639961682226666e-08,0.9788178519484626,8.508303680609908e-07
2022-02-24,nq1s,4.7639961682226666e-08,0.9788178519484626,8.508303680609908e-07
2022-02-24,pl1s,4.7639961682226666e-08,0.9788178519484626,8.508303680609908e-07
2022-02-24,rb1s,4.7639961682226666e-08,0.9788178519484626,8.508303680609908e-07
2022-02-24,si1s,4.7639961682226666e-08,0.9788178519484626,8.508303680609908e-07
2022-02-25,cl1s,7.188748453871362e-06,0.9788109834691318,9.232502360428638e-05
2022-02-25,es1s,7.188748453871362e-06,0.9788109834691318,9.232502360428638e-05
2022-02-25,fesx1s,7.188748453871362e-06,0.9788109834691318,9.232502360428638e-05
2022-02-25,gc1s,7.188748453871362e-06,0.9788109834691318,9.232502360428638e-05
2022-02-25,hg1s,7.188748453871362e-06,0.9788109834691318,9.232502360428638e-05
2022-02-25,ho1s,7.188748453871362e-06,0.9788109834691318,9.232502360428638e-05
2022-02-25,ng1s,7.188748453871362e-06,0.9788109834691318,9.232502360428638e-05
2022-02-25,nq1s,7.188748453871362e-06,0.9788109834691318,9.232502360428638e-05
2022-02-25,pl1s,7.188748453871362e-06,0.9788109834691318,9.232502360428638e-05
2022-02-25,rb1s,7.188748453871362e-06,0.9788109834691318,9.232502360428638e-05
2022-02-25,si1s,7.188748453871362e-06,0.9788109834691318,9.232502360428638e-05
2022-02-28,cl1s,1.384823549385165e-06,0.9788165658151065,2.006600617404308e-05
2022-02-28,es1s,1.384823549385165e-06,0.9788165658151065,2.006600617404308e-05
2022-02-28,fesx1s,1.384823549385165e-06,0.9788165658151065,2.006600617404308e-05
2022-02-28,gc1s,1.384823549385165e-06,0.9788165658151065,2.006600617404308e-05
2022-02-28,hg1s,1.384823549385165e-06,0.9788165658151065,2.006600617404308e-05
2022-02-28,ho1s,1.384823549385165e-06,0.9788165658151065,2.006600617404308e-05
2022-02-28,ng1s,1.384823549385165e-06,0.9788165658151065,2.006600617404308e-05
2022-02-28,nq1s,1.384823549385165e-06,0.9788165658151065,2.006600617404308e-05
2022-02-28,pl1s,1.384823549385165e-06,0.9788165658151065,2.006600617404308e-05
2022-02-28,rb1s,1.384823549385165e-06,0.9788165658151065,2.006600617404308e-05
2022-02-28,si1s,1.384823549385165e-06,0.9788165658151065,2.006600617404308e-05
2022-03-01,cl1s,6.859508509905153e-08,0.9788178317933518,1.2000740952448382e-06
2022-03-01,es1s,6.859508509905153e-08,0.9788178317933518,1.2000740952448382e-06
2022-03-01,fesx1s,6.859508509905153e-08,0.9788178317933518,1.2000740952448382e-06
2022-03-01,gc1s,6.859508509905153e-08,0.9788178317933518,1.2000740952448382e-06
2022-03-01,hg1s,6.859508509905153e-08,0.9788178317933518,1.2000740952448382e-06
2022-03-01,ho1s,6.859508509905153e-08,0.9788178317933518,1.2000740952448382e-06
2022-03-01,ng1s,6.859508509905153e-08,0.9788178317933518,1.2000740952448382e-06
2022-03-01,nq1s,6.859508509905153e-08,0.9788178317933518,1.2000740952448382e-06
2022-03-01,pl1s,6.859508509905153e-08,0.9788178317933518,1.2000740952448382e-06
2022-03-01,rb1s,6.859508509905153e-08,0.9788178317933518,1.2000740952448382e-06
2022-03-01,si1s,6.859508509905153e-08,0.9788178317933518,1.2000740952448382e-06
2022-03-02,cl1s,5.2157246255976535e-06,0.9788128811679828,6.865891188682872e-05
2022-03-02,es1s,5.2157246255976535e-06,0.9788128811679828,6.865891188682872e-05
2022-03-02,fesx1s,5.2157246255976535e-06,0.9788128811679828,6.865891188682872e-05
2022-03-02,gc1s,5.2157246255976535e-06,0.9788128811679828,6.865891188682872e-05
2022-03-02,hg1s,5.2157246255976535e-06,0.9788128811679828,6.865891188682872e-05
2022-03-02,ho1s,5.2157246255976535e-06,0.9788128811679828,6.865891188682872e-05
2022-03-02,ng1s,5.2157246255976535e-06,0.9788128811679828,6.865891188682872e-05
2022-03-02,nq1s,5.2157246255976535e-06,0.9788128811679828,6.865891188682872e-05
2022-03-02,pl1s,5.2157246255976535e-06,0.9788128811679828,6.865891188682872e-05
2022-03-02,rb1s,5.2157246255976535e-06,0.9788128811679828,6.865891188682872e-05
2022-03-02,si1s,5.2157246255976535e-06,0.9788128811679828,6.865891188682872e-05
2022-03-03,cl1s,5.116659674855631e-06,0.9788129764508888,6.745295611836985e-05
2022-03-03,es1s,5.116659674855631e-06,0.9788129764508888,6.745295611836985e-05
2022-03-03,fesx1s,5.116659674855631e-06,0.9788129764508888,6.745295611836985e-05
2022-03-03,gc1s,5.116659674855631e-06,0.9788129764508888,6.745295611836985e-05
2022-03-03,hg1s,5.116659674855631e-06,0.9788129764508888,6.745295611836985e-05
2022-03-03,ho1s,5.116659674855631e-06,0.9788129764508888,6.745295611836985e-05
2022-03-03,ng1s,5.116659674855631e-06,0.9788129764508888,6.745295611836985e-05
2022-03-03,nq1s,5.116659674855631e-06,0.9788129764508888,6.745295611836985e-05
2022-03-03,pl1s,5.116659674855631e-06,0.9788129764508888,6.745295611836985e-05
2022-03-03,rb1s,5.116659674855631e-06,0.9788129764508888,6.745295611836985e-05
2022-03-03,si1s,5.116659674855631e-06,0.9788129764508888,6.745295611836985e-05
2022-03-04,cl1s,1.3603141693693052e-07,0.9788177669315662,2.286739797422551e-06
2022-03-04,es1s,1.3603141693693052e-07,0.9788177669315662,2.286739797422551e-06
2022-03-04,fesx1s,1.3603141693693052e-07,0.9788177669315662,2.286739797422551e-06
2022-03-04,gc1s,1.3603141693693052e-07,0.9788177669315662,2.286739797422551e-06
2022-03-04,hg1s,1.3603141693693052e-07,0.9788177669315662,2.286739797422551e-06
2022-03-04,ho1s,1.3603141693693052e-07,0.9788177669315662,2.286739797422551e-06
2022-03-04,ng1s,1.3603141693693052e-07,0.9788177669315662,2.286739797422551e-06
2022-03-04,nq1s,1.3603141693693052e-07,0.9788177669315662,2.286739797422551e-06
2022-03-04,pl1s,1.3603141693693052e-07,0.9788177669315662,2.286739797422551e-06
2022-03-04,rb1s,1.3603141693693052e-07,0.9788177669315662,2.286739797422551e-06
2022-03-04,si1s,1.3603141693693052e-07,0.9788177669315662,2.286739797422551e-06
2022-03-07,cl1s,6.400943356385228e-09,0.9788178916130812,1.2716639282133212e-07
2022-03-07,es1s,6.400943356385228e-09,0.9788178916130812,1.2716639282133212e-07
2022-03-07,fesx1s,6.400943356385228e-09,0.9788178916130812,1.2716639282133212e-07
2022-03-07,gc1s,6.400943356385228e-09,0.9788178916130812,1.2716639282133212e-07
2022-03-07,hg1s,6.400943356385228e-09,0.9788178916130812,1.2716639282133212e-07
2022-03-07,ho1s,6.400943356385228e-09,0.9788178916130812,1.2716639282133212e-07
2022-03-07,ng1s,6.400943356385228e-09,0.9788178916130812,1.2716639282133212e-07
2022-03-07,nq1s,6.400943356385228e-09,0.9788178916130812,1.2716639282133212e-07
2022-03-07,pl1s,6.400943356385228e-09,0.9788178916130812,1.2716639282133212e-07
2022-03-07,rb1s,6.400943356385228e-09,0.9788178916130812,1.2716639282133212e-07
2022-03-07,si1s,6.400943356385228e-09,0.9788178916130812,1.2716639282133212e-07
2022-03-08,cl1s,1.691405970688312e-08,0.9788178815013292,3.195931979549602e-07
2022-03-08,es1s,1.691405970688312e-08,0.9788178815013292,3.195931979549602e-07
2022-03-08,fesx1s,1.691405970688312e-08,0.9788178815013292,3.195931979549602e-07
2022-03-08,gc1s,1.691405970688312e-08,0.9788178815013292,3.195931979549602e-07
2022-03-08,hg1s,1.691405970688312e-08,0.9788178815013292,3.195931979549602e-07
2022-03-08,ho1s,1.691405970688312e-08,0.9788178815013292,3.195931979549602e-07
2022-03-08,ng1s,1.691405970688312e-08,0.9788178815013292,3.195931979549602e-07
2022-03-08,nq1s,1.691405970688312e-08,0.9788178815013292,3.195931979549602e-07
2022-03-08,pl1s,1.691405970688312e-08,0.9788178815013292,3.195931979549602e-07
2022-03-08,rb1s,1.691405970688312e-08,0.9788178815013292,3.195931979549602e-07
2022-03-08,si1s,1.691405970688312e-08,0.9788178815013292,3.195931979549602e-07
2022-03-09,cl1s,3.727568017849188e-07,0.9788175392437476,5.89042951422617e-06
2022-03-09,es1s,3.727568017849188e-07,0.9788175392437476,5.89042951422617e-06
2022-03-09,fesx1s,3.727568017849188e-07,0.9788175392437476,5.89042951422617e-06
2022-03-09,gc1s,3.727568017849188e-07,0.9788175392437476,5.89042951422617e-06
2022-03-09,hg1s,3.727568017849188e-07,0.9788175392437476,5.89042951422617e-06
2022-03-09,ho1s,3.727568017849188e-07,0.9788175392437476,5.89042951422617e-06
2022-03-09,ng1s,3.727568017849188e-07,0.9788175392437476,5.89042951422617e-06
2022-03-09,nq1s,3.727568017849188e-07,0.9788175392437476,5.89042951422617e-06
2022-03-09,pl1s,3.727568017849188e-07,0.9788175392437476,5.89042951422617e-06
2022-03-09,rb1s,3.727568017849188e-07,0.9788175392437476,5.89042951422617e-06
2022-03-09,si1s,3.727568017849188e-07,0.9788175392437476,5.89042951422617e-06
2022-03-10,cl1s,4.952433937458307e-07,0.978817421433379,7.68529407709071e-06
2022-03-10,es1s,4.952433937458307e-07,0.978817421433379,7.68529407709071e-06
2022-03-10,fesx1s,4.952433937458307e-07,0.978817421433379,7.68529407709071e-06
2022-03-10,gc1s,4.952433937458307e-07,0.978817421433379,7.68529407709071e-06
2022-03-10,hg1s,4.952433937458307e-07,0.978817421433379,7.68529407709071e-06
2022-03-10,ho1s,4.952433937458307e-07,0.978817421433379,7.68529407709071e-06
2022-03-10,ng1s,4.952433937458307e-07,0.978817421433379,7.68529407709071e-06
2022-03-10,nq1s,4.952433937458307e-07,0.978817421433379,7.68529407709071e-06
2022-03-10,pl1s,4.952433937458307e-07,0.978817421433379,7.68529407709071e-06
2022-03-10,rb1s,4.952433937458307e-07,0.978817421433379,7.68529407709071e-06
2022-03-10,si1s,4.952433937458307e-07,0.978817421433379,7.68529407709071e-06
2022-03-11,cl1s,3.475624291366478e-07,0.9788175634762646,5.516622568129079e-06
2022-03-11,es1s,3.475624291366478e-07,0.9788175634762646,5.516622568129079e-06
2022-03-11,fesx1s,3.475624291366478e-07,0.9788175634762646,5.516622568129079e-06
2022-03-11,gc1s,3.475624291366478e-07,0.9788175634762646,5.516622568129079e-06
2022-03-11,hg1s,3.475624291366478e-07,0.9788175634762646,5.516622568129079e-06
2022-03-11,ho1s,3.475624291366478e-07,0.9788175634762646,5.516622568129079e-06
2022-03-11,ng1s,3.475624291366478e-07,0.9788175634762646,5.516622568129079e-06
2022-03-11,nq1s,3.475624291366478e-07,0.9788175634762646,5.516622568129079e-06
2022-03-11,pl1s,3.475624291366478e-07,0.9788175634762646,5.516622568129079e-06
2022-03-11,rb1s,3.475624291366478e-07,0.9788175634762646,5.516622568129079e-06
2022-03-11,si1s,3.475624291366478e-07,0.9788175634762646,5.516622568129079e-06
2022-03-14,cl1s,6.016680049766791e-08,0.9788178398998666,1.0605087553119929e-06
2022-03-14,es1s,6.016680049766791e-08,0.9788178398998666,1.0605087553119929e-06
2022-03-14,fesx1s,6.016680049766791e-08,0.9788178398998666,1.0605087553119929e-06
2022-03-14,gc1s,6.016680049766791e-08,0.9788178398998666,1.0605087553119929e-06
2022-03-14,hg1s,6.016680049766791e-08,0.9788178398998666,1.0605087553119929e-06
2022-03-14,ho1s,6.016680049766791e-08,0.9788178398998666,1.0605087553119929e-06
2022-03-14,ng1s,6.016680049766791e-08,0.9788178398998666,1.0605087553119929e-06
2022-03-14,nq1s,6.016680049766791e-08,0.9788178398998666,1.0605087553119929e-06
2022-03-14,pl1s,6.016680049766791e-08,0.9788178398998666,1.0605087553119929e-06
2022-03-14,rb1s,6.016680049766791e-08,0.9788178398998666,1.0605087553119929e-06
2022-03-14,si1s,6.016680049766791e-08,0.9788178398998666,1.0605087553119929e-06
2022-03-15,cl1s,1.2802005349954828e-07,0.978817774637076,2.1598364177890403e-06
2022-03-15,es1s,1.2802005349954828e-07,0.978817774637076,2.1598364177890403e-06
2022-03-15,fesx1s,1.2802005349954828e-07,0.978817774637076,2.1598364177890403e-06
2022-03-15,gc1s,1.2802005349954828e-07,0.978817774637076,2.1598364177890403e-06
2022-03-15,hg1s,1.2802005349954828e-07,0.978817774637076,2.1598364177890403e-06
2022-03-15,ho1s,1.2802005349954828e-07,0.978817774637076,2.1598364177890403e-06
2022-03-15,ng1s,1.2802005349954828e-07,0.978817774637076,2.1598364177890403e-06
2022-03-15,nq1s,1.2802005349954828e-07,0.978817774637076,2.1598364177890403e-06
2022-03-15,pl1s,1.2802005349954828e-07,0.978817774637076,2.1598364177890403e-06
2022-03-15,rb1s,1.2802005349954828e-07,0.978817774637076,2.1598364177890403e-06
2022-03-15,si1s,1.2802005349954828e-07,0.978817774637076,2.1598364177890403e-06
2022-03-16,cl1s,1.2438058602296754e-05,0.978805934564148,0.0001529227379724
2022-03-16,es1s,1.2438058602296754e-05,0.978805934564148,0.0001529227379724
2022-03-16,fesx1s,1.2438058602296754e-05,0.978805934564148,0.0001529227379724
2022-03-16,gc1s,1.2438058602296754e-05,0.978805934564148,0.0001529227379724
2022-03-16,hg1s,1.2438058602296754e-05,0.978805934564148,0.0001529227379724
2022-03-16,ho1s,1.2438058602296754e-05,0.978805934564148,0.0001529227379724
2022-03-16,ng1s,1.2438058602296754e-05,0.978805934564148,0.0001529227379724
2022-03-16,nq1s,1.2438058602296754e-05,0.978805934564148,0.0001529227379724
2022-03-16,pl1s,1.2438058602296754e-05,0.978805934564148,0.0001529227379724
2022-03-16,rb1s,1.2438058602296754e-05,0.978805934564148,0.0001529227379724
2022-03-16,si1s,1.2438058602296754e-05,0.978805934564148,0.0001529227379724
2022-03-17,cl1s,0.0001692224572609,0.978655135790708,0.0016387861136184
2022-03-17,es1s,0.0001692224572609,0.978655135790708,0.0016387861136184
2022-03-17,fesx1s,0.0001692224572609,0.978655135790708,0.0016387861136184
2022-03-17,gc1s,0.0001692224572609,0.978655135790708,0.0016387861136184
2022-03-17,hg1s,0.0001692224572609,0.978655135790708,0.0016387861136184
2022-03-17,ho1s,0.0001692224572609,0.978655135790708,0.0016387861136184
2022-03-17,ng1s,0.0001692224572609,0.978655135790708,0.0016387861136184
2022-03-17,nq1s,0.0001692224572609,0.978655135790708,0.0016387861136184
2022-03-17,pl1s,0.0001692224572609,0.978655135790708,0.0016387861136184
2022-03-17,rb1s,0.0001692224572609,0.978655135790708,0.0016387861136184
2022-03-17,si1s,0.0001692224572609,0.978655135790708,0.0016387861136184
2022-03-18,cl1s,0.0002081784347301,0.978617667052295,0.0019729092930619
2022-03-18,es1s,0.0002081784347301,0.978617667052295,0.0019729092930619
2022-03-18,fesx1s,0.0002081784347301,0.978617667052295,0.0019729092930619
2022-03-18,gc1s,0.0002081784347301,0.978617667052295,0.0019729092930619
2022-03-18,hg1s,0.0002081784347301,0.978617667052295,0.0019729092930619
2022-03-18,ho1s,0.0002081784347301,0.978617667052295,0.0019729092930619
2022-03-18,ng1s,0.0002081784347301,0.978617667052295,0.0019729092930619
2022-03-18,nq1s,0.0002081784347301,0.978617667052295,0.0019729092930619
2022-03-18,pl1s,0.0002081784347301,0.978617667052295,0.0019729092930619
2022-03-18,rb1s,0.0002081784347301,0.978617667052295,0.0019729092930619
2022-03-18,si1s,0.0002081784347301,0.978617667052295,0.0019729092930619
2022-03-21,cl1s,0.0023109875276,0.976595137803874,0.016336195104584
2022-03-21,es1s,0.0023109875276,0.976595137803874,0.016336195104584
2022-03-21,fesx1s,0.0023109875276,0.976595137803874,0.016336195104584
2022-03-21,gc1s,0.0023109875276,0.976595137803874,0.016336195104584
2022-03-21,hg1s,0.0023109875276,0.976595137803874,0.016336195104584
2022-03-21,ho1s,0.0023109875276,0.976595137803874,0.016336195104584
2022-03-21,ng1s,0.0023109875276,0.976595137803874,0.016336195104584
2022-03-21,nq1s,0.0023109875276,0.976595137803874,0.016336195104584
2022-03-21,pl1s,0.0023109875276,0.976595137803874,0.016336195104584
2022-03-21,rb1s,0.0023109875276,0.976595137803874,0.016336195104584
2022-03-21,si1s,0.0023109875276,0.976595137803874,0.016336195104584
2022-03-22,cl1s,0.0034871522408809,0.975463876035206,0.0232137083029164
2022-03-22,es1s,0.0034871522408809,0.975463876035206,0.0232137083029164
2022-03-22,fesx1s,0.0034871522408809,0.975463876035206,0.0232137083029164
2022-03-22,gc1s,0.0034871522408809,0.975463876035206,0.0232137083029164
2022-03-22,hg1s,0.0034871522408809,0.975463876035206,0.0232137083029164
2022-03-22,ho1s,0.0034871522408809,0.975463876035206,0.0232137083029164
2022-03-22,ng1s,0.0034871522408809,0.975463876035206,0.0232137083029164
2022-03-22,nq1s,0.0034871522408809,0.975463876035206,0.0232137083029164
2022-03-22,pl1s,0.0034871522408809,0.975463876035206,0.0232137083029164
2022-03-22,rb1s,0.0034871522408809,0.975463876035206,0.0232137083029164
2022-03-22,si1s,0.0034871522408809,0.975463876035206,0.0232137083029164
2022-03-23,cl1s,0.0019323997332921,0.9769592720896156,0.014006083201024
2022-03-23,es1s,0.0019323997332921,0.9769592720896156,0.014006083201024
2022-03-23,fesx1s,0.0019323997332921,0.9769592720896156,0.014006083201024
2022-03-23,gc1s,0.0019323997332921,0.9769592720896156,0.014006083201024
2022-03-23,hg1s,0.0019323997332921,0.9769592720896156,0.014006083201024
2022-03-23,ho1s,0.0019323997332921,0.9769592720896156,0.014006083201024
2022-03-23,ng1s,0.0019323997332921,0.9769592720896156,0.014006083201024
2022-03-23,nq1s,0.0019323997332921,0.9769592720896156,0.014006083201024
2022-03-23,pl1s,0.0019323997332921,0.9769592720896156,0.014006083201024
2022-03-23,rb1s,0.0019323997332921,0.9769592720896156,0.014006083201024
2022-03-23,si1s,0.0019323997332921,0.9769592720896156,0.014006083201024
2022-03-24,cl1s,0.0052099451312753,0.9738068549477428,0.0325860001050522
2022-03-24,es1s,0.0052099451312753,0.9738068549477428,0.0325860001050522
2022-03-24,fesx1s,0.0052099451312753,0.9738068549477428,0.0325860001050522
2022-03-24,gc1s,0.0052099451312753,0.9738068549477428,0.0325860001050522
2022-03-24,hg1s,0.0052099451312753,0.9738068549477428,0.0325860001050522
2022-03-24,ho1s,0.0052099451312753,0.9738068549477428,0.0325860001050522
2022-03-24,ng1s,0.0052099451312753,0.9738068549477428,0.0325860001050522
2022-03-24,nq1s,0.0052099451312753,0.9738068549477428,0.0325860001050522
2022-03-24,pl1s,0.0052099451312753,0.9738068549477428,0.0325860001050522
2022-03-24,rb1s,0.0052099451312753,0.9738068549477428,0.0325860001050522
2022-03-24,si1s,0.0052099451312753,0.9738068549477428,0.0325860001050522
2022-03-25,cl1s,0.0293377918877723,0.9506001473431828,0.1324326784014732
2022-03-25,es1s,0.0293377918877723,0.9506001473431828,0.1324326784014732
2022-03-25,fesx1s,0.0293377918877723,0.9506001473431828,0.1324326784014732
2022-03-25,gc1s,0.0293377918877723,0.9506001473431828,0.1324326784014732
2022-03-25,hg1s,0.0293377918877723,0.9506001473431828,0.1324326784014732
2022-03-25,ho1s,0.0293377918877723,0.9506001473431828,0.1324326784014732
2022-03-25,ng1s,0.0293377918877723,0.9506001473431828,0.1324326784014732
2022-03-25,nq1s,0.0293377918877723,0.9506001473431828,0.1324326784014732
2022-03-25,pl1s,0.0293377918877723,0.9506001473431828,0.1324326784014732
2022-03-25,rb1s,0.0293377918877723,0.9506001473431828,0.1324326784014732
2022-03-25,si1s,0.0293377918877723,0.9506001473431828,0.1324326784014732
2022-03-28,cl1s,0.0580020240494432,0.9230302418643204,0.221434257845868
2022-03-28,es1s,0.0580020240494432,0.9230302418643204,0.221434257845868
2022-03-28,fesx1s,0.0580020240494432,0.9230302418643204,0.221434257845868
2022-03-28,gc1s,0.0580020240494432,0.9230302418643204,0.221434257845868
2022-03-28,hg1s,0.0580020240494432,0.9230302418643204,0.221434257845868
2022-03-28,ho1s,0.0580020240494432,0.9230302418643204,0.221434257845868
2022-03-28,ng1s,0.0580020240494432,0.9230302418643204,0.221434257845868
2022-03-28,nq1s,0.0580020240494432,0.9230302418643204,0.221434257845868
2022-03-28,pl1s,0.0580020240494432,0.9230302418643204,0.221434257845868
2022-03-28,rb1s,0.0580020240494432,0.9230302418643204,0.221434257845868
2022-03-28,si1s,0.0580020240494432,0.9230302418643204,0.221434257845868
2022-03-29,cl1s,0.4546269059004182,0.5415474782053523,0.6890240754354133
2022-03-29,es1s,0.4546269059004182,0.5415474782053523,0.6890240754354133
2022-03-29,fesx1s,0.4546269059004182,0.5415474782053523,0.6890240754354133
2022-03-29,gc1s,0.4546269059004182,0.5415474782053523,0.6890240754354133
2022-03-29,hg1s,0.4546269059004182,0.5415474782053523,0.6890240754354133
2022-03-29,ho1s,0.4546269059004182,0.5415474782053523,0.6890240754354133
2022-03-29,ng1s,0.4546269059004182,0.5415474782053523,0.6890240754354133
2022-03-29,nq1s,0.4546269059004182,0.5415474782053523,0.6890240754354133
2022-03-29,pl1s,0.4546269059004182,0.5415474782053523,0.6890240754354133
2022-03-29,rb1s,0.4546269059004182,0.5415474782053523,0.6890240754354133
2022-03-29,si1s,0.4546269059004182,0.5415474782053523,0.6890240754354133
2022-03-30,cl1s,0.9159431694306248,0.0978430834859737,0.2885674364263392
2022-03-30,es1s,0.9159431694306248,0.0978430834859737,0.2885674364263392
2022-03-30,fesx1s,0.9159431694306248,0.0978430834859737,0.2885674364263392
2022-03-30,gc1s,0.9159431694306248,0.0978430834859737,0.2885674364263392
2022-03-30,hg1s,0.9159431694306248,0.0978430834859737,0.2885674364263392
2022-03-30,ho1s,0.9159431694306248,0.0978430834859737,0.2885674364263392
2022-03-30,ng1s,0.9159431694306248,0.0978430834859737,0.2885674364263392
2022-03-30,nq1s,0.9159431694306248,0.0978430834859737,0.2885674364263392
2022-03-30,pl1s,0.9159431694306248,0.0978430834859737,0.2885674364263392
2022-03-30,rb1s,0.9159431694306248,0.0978430834859737,0.2885674364263392
2022-03-30,si1s,0.9159431694306248,0.0978430834859737,0.2885674364263392
2022-03-31,cl1s,0.9916592198785436,0.0250176771639711,0.048229864545599
2022-03-31,es1s,0.9916592198785436,0.0250176771639711,0.048229864545599
2022-03-31,fesx1s,0.9916592198785436,0.0250176771639711,0.048229864545599
2022-03-31,gc1s,0.9916592198785436,0.0250176771639711,0.048229864545599
2022-03-31,hg1s,0.9916592198785436,0.0250176771639711,0.048229864545599
2022-03-31,ho1s,0.9916592198785436,0.0250176771639711,0.048229864545599
2022-03-31,ng1s,0.9916592198785436,0.0250176771639711,0.048229864545599
2022-03-31,nq1s,0.9916592198785436,0.0250176771639711,0.048229864545599
2022-03-31,pl1s,0.9916592198785436,0.0250176771639711,0.048229864545599
2022-03-31,rb1s,0.9916592198785436,0.0250176771639711,0.048229864545599
2022-03-31,si1s,0.9916592198785436,0.0250176771639711,0.048229864545599
2022-04-01,cl1s,0.9990624793348744,0.0178970551185117,0.0074737299108079
2022-04-01,es1s,0.9990624793348744,0.0178970551185117,0.0074737299108079
2022-04-01,fesx1s,0.9990624793348744,0.0178970551185117,0.0074737299108079
2022-04-01,gc1s,0.9990624793348744,0.0178970551185117,0.0074737299108079
2022-04-01,hg1s,0.9990624793348744,0.0178970551185117,0.0074737299108079
2022-04-01,ho1s,0.9990624793348744,0.0178970551185117,0.0074737299108079
2022-04-01,ng1s,0.9990624793348744,0.0178970551185117,0.0074737299108079
2022-04-01,nq1s,0.9990624793348744,0.0178970551185117,0.0074737299108079
2022-04-01,pl1s,0.9990624793348744,0.0178970551185117,0.0074737299108079
2022-04-01,rb1s,0.9990624793348744,0.0178970551185117,0.0074737299108079
2022-04-01,si1s,0.9990624793348744,0.0178970551185117,0.0074737299108079
2022-04-04,cl1s,0.9997301704180512,0.0172548547641318,0.0024871771204254
2022-04-04,es1s,0.9997301704180512,0.0172548547641318,0.0024871771204254
2022-04-04,fesx1s,0.9997301704180512,0.0172548547641318,0.0024871771204254
2022-04-04,gc1s,0.9997301704180512,0.0172548547641318,0.0024871771204254
2022-04-04,hg1s,0.9997301704180512,0.0172548547641318,0.0024871771204254
2022-04-04,ho1s,0.9997301704180512,0.0172548547641318,0.0024871771204254
2022-04-04,ng1s,0.9997301704180512,0.0172548547641318,0.0024871771204254
2022-04-04,nq1s,0.9997301704180512,0.0172548547641318,0.0024871771204254
2022-04-04,pl1s,0.9997301704180512,0.0172548547641318,0.0024871771204254
2022-04-04,rb1s,0.9997301704180512,0.0172548547641318,0.0024871771204254
2022-04-04,si1s,0.9997301704180512,0.0172548547641318,0.0024871771204254
2022-04-05,cl1s,0.9998177888271071,0.0171705814006498,0.0017510954967543
2022-04-05,es1s,0.9998177888271071,0.0171705814006498,0.0017510954967543
2022-04-05,fesx1s,0.9998177888271071,0.0171705814006498,0.0017510954967543
2022-04-05,gc1s,0.9998177888271071,0.0171705814006498,0.0017510954967543
2022-04-05,hg1s,0.9998177888271071,0.0171705814006498,0.0017510954967543
2022-04-05,ho1s,0.9998177888271071,0.0171705814006498,0.0017510954967543
2022-04-05,ng1s,0.9998177888271071,0.0171705814006498,0.0017510954967543
2022-04-05,nq1s,0.9998177888271071,0.0171705814006498,0.0017510954967543
2022-04-05,pl1s,0.9998177888271071,0.0171705814006498,0.0017510954967543
2022-04-05,rb1s,0.9998177888271071,0.0171705814006498,0.0017510954967543
2022-04-05,si1s,0.9998177888271071,0.0171705814006498,0.0017510954967543
2022-04-06,cl1s,0.9982283470332184,0.018699342393602,0.0129949964497992
2022-04-06,es1s,0.9982283470332184,0.018699342393602,0.0129949964497992
2022-04-06,fesx1s,0.9982283470332184,0.018699342393602,0.0129949964497992
2022-04-06,gc1s,0.9982283470332184,0.018699342393602,0.0129949964497992
2022-04-06,hg1s,0.9982283470332184,0.018699342393602,0.0129949964497992
2022-04-06,ho1s,0.9982283470332184,0.018699342393602,0.0129949964497992
2022-04-06,ng1s,0.9982283470332184,0.018699342393602,0.0129949964497992
2022-04-06,nq1s,0.9982283470332184,0.018699342393602,0.0129949964497992
2022-04-06,pl1s,0.9982283470332184,0.018699342393602,0.0129949964497992
2022-04-06,rb1s,0.9982283470332184,0.018699342393602,0.0129949964497992
2022-04-06,si1s,0.9982283470332184,0.018699342393602,0.0129949964497992
2022-04-07,cl1s,0.99651796482692,0.0203444266049769,0.0231847666114104
2022-04-07,es1s,0.99651796482692,0.0203444266049769,0.0231847666114104
2022-04-07,fesx1s,0.99651796482692,0.0203444266049769,0.0231847666114104
2022-04-07,gc1s,0.99651796482692,0.0203444266049769,0.0231847666114104
2022-04-07,hg1s,0.99651796482692,0.0203444266049769,0.0231847666114104
2022-04-07,ho1s,0.99651796482692,0.0203444266049769,0.0231847666114104
2022-04-07,ng1s,0.99651796482692,0.0203444266049769,0.0231847666114104
2022-04-07,nq1s,0.99651796482692,0.0203444266049769,0.0231847666114104
2022-04-07,pl1s,0.99651796482692,0.0203444266049769,0.0231847666114104
2022-04-07,rb1s,0.99651796482692,0.0203444266049769,0.0231847666114104
2022-04-07,si1s,0.99651796482692,0.0203444266049769,0.0231847666114104
2022-04-08,cl1s,0.9948435404966506,0.021954925719577,0.0323048186731601
2022-04-08,es1s,0.9948435404966506,0.021954925719577,0.0323048186731601
2022-04-08,fesx1s,0.9948435404966506,0.021954925719577,0.0323048186731601
2022-04-08,gc1s,0.9948435404966506,0.021954925719577,0.0323048186731601
2022-04-08,hg1s,0.9948435404966506,0.021954925719577,0.0323048186731601
2022-04-08,ho1s,0.9948435404966506,0.021954925719577,0.0323048186731601
2022-04-08,ng1s,0.9948435404966506,0.021954925719577,0.0323048186731601
2022-04-08,nq1s,0.9948435404966506,0.021954925719577,0.0323048186731601
2022-04-08,pl1s,0.9948435404966506,0.021954925719577,0.0323048186731601
2022-04-08,rb1s,0.9948435404966506,0.021954925719577,0.0323048186731601
2022-04-08,si1s,0.9948435404966506,0.021954925719577,0.0323048186731601
2022-04-11,cl1s,0.9493005001873026,0.0657592498496241,0.2005697499302804
2022-04-11,es1s,0.9493005001873026,0.0657592498496241,0.2005697499302804
2022-04-11,fesx1s,0.9493005001873026,0.0657592498496241,0.2005697499302804
2022-04-11,gc1s,0.9493005001873026,0.0657592498496241,0.2005697499302804
2022-04-11,hg1s,0.9493005001873026,0.0657592498496241,0.2005697499302804
2022-04-11,ho1s,0.9493005001873026,0.0657592498496241,0.2005697499302804
2022-04-11,ng1s,0.9493005001873026,0.0657592498496241,0.2005697499302804
2022-04-11,nq1s,0.9493005001873026,0.0657592498496241,0.2005697499302804
2022-04-11,pl1s,0.9493005001873026,0.0657592498496241,0.2005697499302804
2022-04-11,rb1s,0.9493005001873026,0.0657592498496241,0.2005697499302804
2022-04-11,si1s,0.9493005001873026,0.0657592498496241,0.2005697499302804
2022-04-12,cl1s,0.7195958129738881,0.2866944027191227,0.5933346515189957
2022-04-12,es1s,0.7195958129738881,0.2866944027191227,0.5933346515189957
2022-04-12,fesx1s,0.7195958129738881,0.2866944027191227,0.5933346515189957
2022-04-12,gc1s,0.7195958129738881,0.2866944027191227,0.5933346515189957
2022-04-12,hg1s,0.7195958129738881,0.2866944027191227,0.5933346515189957
2022-04-12,ho1s,0.7195958129738881,0.2866944027191227,0.5933346515189957
2022-04-12,ng1s,0.7195958129738881,0.2866944027191227,0.5933346515189957
2022-04-12,nq1s,0.7195958129738881,0.2866944027191227,0.5933346515189957
2022-04-12,pl1s,0.7195958129738881,0.2866944027191227,0.5933346515189957
2022-04-12,rb1s,0.7195958129738881,0.2866944027191227,0.5933346515189957
2022-04-12,si1s,0.7195958129738881,0.2866944027191227,0.5933346515189957
2022-04-13,cl1s,0.5924197228981902,0.4090152366693433,0.6759657418285443
2022-04-13,es1s,0.5924197228981902,0.4090152366693433,0.6759657418285443
2022-04-13,fesx1s,0.5924197228981902,0.4090152366693433,0.6759657418285443
2022-04-13,gc1s,0.5924197228981902,0.4090152366693433,0.6759657418285443
2022-04-13,hg1s,0.5924197228981902,0.4090152366693433,0.6759657418285443
2022-04-13,ho1s,0.5924197228981902,0.4090152366693433,0.6759657418285443
2022-04-13,ng1s,0.5924197228981902,0.4090152366693433,0.6759657418285443
2022-04-13,nq1s,0.5924197228981902,0.4090152366693433,0.6759657418285443
2022-04-13,pl1s,0.5924197228981902,0.4090152366693433,0.6759657418285443
2022-04-13,rb1s,0.5924197228981902,0.4090152366693433,0.6759657418285443
2022-04-13,si1s,0.5924197228981902,0.4090152366693433,0.6759657418285443
2022-04-14,cl1s,0.6871762322296955,0.3178762872273334,0.6213414077250249
2022-04-14,es1s,0.6871762322296955,0.3178762872273334,0.6213414077250249
2022-04-14,fesx1s,0.6871762322296955,0.3178762872273334,0.6213414077250249
2022-04-14,gc1s,0.6871762322296955,0.3178762872273334,0.6213414077250249
2022-04-14,hg1s,0.6871762322296955,0.3178762872273334,0.6213414077250249
2022-04-14,ho1s,0.6871762322296955,0.3178762872273334,0.6213414077250249
2022-04-14,ng1s,0.6871762322296955,0.3178762872273334,0.6213414077250249
2022-04-14,nq1s,0.6871762322296955,0.3178762872273334,0.6213414077250249
2022-04-14,pl1s,0.6871762322296955,0.3178762872273334,0.6213414077250249
2022-04-14,rb1s,0.6871762322296955,0.3178762872273334,0.6213414077250249
2022-04-14,si1s,0.6871762322296955,0.3178762872273334,0.6213414077250249
2022-04-18,cl1s,0.787653540045253,0.2212349446781441,0.517049006190406
2022-04-18,es1s,0.787653540045253,0.2212349446781441,0.517049006190406
2022-04-18,fesx1s,0.787653540045253,0.2212349446781441,0.517049006190406
2022-04-18,gc1s,0.787653540045253,0.2212349446781441,0.517049006190406
2022-04-18,hg1s,0.787653540045253,0.2212349446781441,0.517049006190406
2022-04-18,ho1s,0.787653540045253,0.2212349446781441,0.517049006190406
2022-04-18,ng1s,0.787653540045253,0.2212349446781441,0.517049006190406
2022-04-18,nq1s,0.787653540045253,0.2212349446781441,0.517049006190406
2022-04-18,pl1s,0.787653540045253,0.2212349446781441,0.517049006190406
2022-04-18,rb1s,0.787653540045253,0.2212349446781441,0.517049006190406
2022-04-18,si1s,0.787653540045253,0.2212349446781441,0.517049006190406
2022-04-19,cl1s,0.9414059148836206,0.0733524401848729,0.2230814453720863
2022-04-19,es1s,0.9414059148836206,0.0733524401848729,0.2230814453720863
2022-04-19,fesx1s,0.9414059148836206,0.0733524401848729,0.2230814453720863
2022-04-19,gc1s,0.9414059148836206,0.0733524401848729,0.2230814453720863
2022-04-19,hg1s,0.9414059148836206,0.0733524401848729,0.2230814453720863
2022-04-19,ho1s,0.9414059148836206,0.0733524401848729,0.2230814453720863
2022-04-19,ng1s,0.9414059148836206,0.0733524401848729,0.2230814453720863
2022-04-19,nq1s,0.9414059148836206,0.0733524401848729,0.2230814453720863
2022-04-19,pl1s,0.9414059148836206,0.0733524401848729,0.2230814453720863
2022-04-19,rb1s,0.9414059148836206,0.0733524401848729,0.2230814453720863
2022-04-19,si1s,0.9414059148836206,0.0733524401848729,0.2230814453720863
2022-04-20,cl1s,0.9794525667595146,0.036758311652513,0.1001620475064995
2022-04-20,es1s,0.9794525667595146,0.036758311652513,0.1001620475064995
2022-04-20,fesx1s,0.9794525667595146,0.036758311652513,0.1001620475064995
2022-04-20,gc1s,0.9794525667595146,0.036758311652513,0.1001620475064995
2022-04-20,hg1s,0.9794525667595146,0.036758311652513,0.1001620475064995
2022-04-20,ho1s,0.9794525667595146,0.036758311652513,0.1001620475064995
2022-04-20,ng1s,0.9794525667595146,0.036758311652513,0.1001620475064995
2022-04-20,nq1s,0.9794525667595146,0.036758311652513,0.1001620475064995
2022-04-20,pl1s,0.9794525667595146,0.036758311652513,0.1001620475064995
2022-04-20,rb1s,0.9794525667595146,0.036758311652513,0.1001620475064995
2022-04-20,si1s,0.9794525667595146,0.036758311652513,0.1001620475064995
2022-04-21,cl1s,0.9919725610645996,0.0247162985387393,0.046726640234866
2022-04-21,es1s,0.9919725610645996,0.0247162985387393,0.046726640234866
2022-04-21,fesx1s,0.9919725610645996,0.0247162985387393,0.046726640234866
2022-04-21,gc1s,0.9919725610645996,0.0247162985387393,0.046726640234866
2022-04-21,hg1s,0.9919725610645996,0.0247162985387393,0.046726640234866
2022-04-21,ho1s,0.9919725610645996,0.0247162985387393,0.046726640234866
2022-04-21,ng1s,0.9919725610645996,0.0247162985387393,0.046726640234866
2022-04-21,nq1s,0.9919725610645996,0.0247162985387393,0.046726640234866
2022-04-21,pl1s,0.9919725610645996,0.0247162985387393,0.046726640234866
2022-04-21,rb1s,0.9919725610645996,0.0247162985387393,0.046726640234866
2022-04-21,si1s,0.9919725610645996,0.0247162985387393,0.046726640234866
2022-04-22,cl1s,0.905716432330118,0.1076793900588449,0.3123379784009808
2022-04-22,es1s,0.905716432330118,0.1076793900588449,0.3123379784009808
2022-04-22,fesx1s,0.905716432330118,0.1076793900588449,0.3123379784009808
2022-04-22,gc1s,0.905716432330118,0.1076793900588449,0.3123379784009808
2022-04-22,hg1s,0.905716432330118,0.1076793900588449,0.3123379784009808
2022-04-22,ho1s,0.905716432330118,0.1076793900588449,0.3123379784009808
2022-04-22,ng1s,0.905716432330118,0.1076793900588449,0.3123379784009808
2022-04-22,nq1s,0.905716432330118,0.1076793900588449,0.3123379784009808
2022-04-22,pl1s,0.905716432330118,0.1076793900588449,0.3123379784009808
2022-04-22,rb1s,0.905716432330118,0.1076793900588449,0.3123379784009808
2022-04-22,si1s,0.905716432330118,0.1076793900588449,0.3123379784009808
2022-04-25,cl1s,0.2531949275259712,0.7352893015649111,0.565817987826591
2022-04-25,es1s,0.2531949275259712,0.7352893015649111,0.565817987826591
2022-04-25,fesx1s,0.2531949275259712,0.7352893015649111,0.565817987826591
2022-04-25,gc1s,0.2531949275259712,0.7352893015649111,0.565817987826591
2022-04-25,hg1s,0.2531949275259712,0.7352893015649111,0.565817987826591
2022-04-25,ho1s,0.2531949275259712,0.7352893015649111,0.565817987826591
2022-04-25,ng1s,0.2531949275259712,0.7352893015649111,0.565817987826591
2022-04-25,nq1s,0.2531949275259712,0.7352893015649111,0.565817987826591
2022-04-25,pl1s,0.2531949275259712,0.7352893015649111,0.565817987826591
2022-04-25,rb1s,0.2531949275259712,0.7352893015649111,0.565817987826591
2022-04-25,si1s,0.2531949275259712,0.7352893015649111,0.565817987826591
2022-04-26,cl1s,0.0002598675744966,0.9785679512709826,0.0024051285688978
2022-04-26,es1s,0.0002598675744966,0.9785679512709826,0.0024051285688978
2022-04-26,fesx1s,0.0002598675744966,0.9785679512709826,0.0024051285688978
2022-04-26,gc1s,0.0002598675744966,0.9785679512709826,0.0024051285688978
2022-04-26,hg1s,0.0002598675744966,0.9785679512709826,0.0024051285688978
2022-04-26,ho1s,0.0002598675744966,0.9785679512709826,0.0024051285688978
2022-04-26,ng1s,0.0002598675744966,0.9785679512709826,0.0024051285688978
2022-04-26,nq1s,0.0002598675744966,0.9785679512709826,0.0024051285688978
2022-04-26,pl1s,0.0002598675744966,0.9785679512709826,0.0024051285688978
2022-04-26,rb1s,0.0002598675744966,0.9785679512709826,0.0024051285688978
2022-04-26,si1s,0.0002598675744966,0.9785679512709826,0.0024051285688978
2022-04-27,cl1s,2.182739665815555e-05,0.9787969036868774,0.0002560863021808
2022-04-27,es1s,2.182739665815555e-05,0.9787969036868774,0.0002560863021808
2022-04-27,fesx1s,2.182739665815555e-05,0.9787969036868774,0.0002560863021808
2022-04-27,gc1s,2.182739665815555e-05,0.9787969036868774,0.0002560863021808
2022-04-27,hg1s,2.182739665815555e-05,0.9787969036868774,0.0002560863021808
2022-04-27,ho1s,2.182739665815555e-05,0.9787969036868774,0.0002560863021808
2022-04-27,ng1s,2.182739665815555e-05,0.9787969036868774,0.0002560863021808
2022-04-27,nq1s,2.182739665815555e-05,0.9787969036868774,0.0002560863021808
2022-04-27,pl1s,2.182739665815555e-05,0.9787969036868774,0.0002560863021808
2022-04-27,rb1s,2.182739665815555e-05,0.9787969036868774,0.0002560863021808
2022-04-27,si1s,2.182739665815555e-05,0.9787969036868774,0.0002560863021808
2022-04-28,cl1s,2.376043028942504e-05,0.9787950444515002,0.0002767490670522
2022-04-28,es1s,2.376043028942504e-05,0.9787950444515002,0.0002767490670522
2022-04-28,fesx1s,2.376043028942504e-05,0.9787950444515002,0.0002767490670522
2022-04-28,gc1s,2.376043028942504e-05,0.9787950444515002,0.0002767490670522
2022-04-28,hg1s,2.376043028942504e-05,0.9787950444515002,0.0002767490670522
2022-04-28,ho1s,2.376043028942504e-05,0.9787950444515002,0.0002767490670522
2022-04-28,ng1s,2.376043028942504e-05,0.9787950444515002,0.0002767490670522
2022-04-28,nq1s,2.376043028942504e-05,0.9787950444515002,0.0002767490670522
2022-04-28,pl1s,2.376043028942504e-05,0.9787950444515002,0.0002767490670522
2022-04-28,rb1s,2.376043028942504e-05,0.9787950444515002,0.0002767490670522
2022-04-28,si1s,2.376043028942504e-05,0.9787950444515002,0.0002767490670522
2022-04-29,cl1s,1.1259559824314435e-05,0.9788070680708728,0.0001395542204394
2022-04-29,es1s,1.1259559824314435e-05,0.9788070680708728,0.0001395542204394
2022-04-29,fesx1s,1.1259559824314435e-05,0.9788070680708728,0.0001395542204394
2022-04-29,gc1s,1.1259559824314435e-05,0.9788070680708728,0.0001395542204394
2022-04-29,hg1s,1.1259559824314435e-05,0.9788070680708728,0.0001395542204394
2022-04-29,ho1s,1.1259559824314435e-05,0.9788070680708728,0.0001395542204394
2022-04-29,ng1s,1.1259559824314435e-05,0.9788070680708728,0.0001395542204394
2022-04-29,nq1s,1.1259559824314435e-05,0.9788070680708728,0.0001395542204394
2022-04-29,pl1s,1.1259559824314435e-05,0.9788070680708728,0.0001395542204394
2022-04-29,rb1s,1.1259559824314435e-05,0.9788070680708728,0.0001395542204394
2022-04-29,si1s,1.1259559824314435e-05,0.9788070680708728,0.0001395542204394
2022-05-02,cl1s,2.2173133409163317e-06,0.9788157651076344,3.108498844247109e-05
2022-05-02,es1s,2.2173133409163317e-06,0.9788157651076344,3.108498844247109e-05
2022-05-02,fesx1s,2.2173133409163317e-06,0.9788157651076344,3.108498844247109e-05
2022-05-02,gc1s,2.2173133409163317e-06,0.9788157651076344,3.108498844247109e-05
2022-05-02,hg1s,2.2173133409163317e-06,0.9788157651076344,3.108498844247109e-05
2022-05-02,ho1s,2.2173133409163317e-06,0.9788157651076344,3.108498844247109e-05
2022-05-02,ng1s,2.2173133409163317e-06,0.9788157651076344,3.108498844247109e-05
2022-05-02,nq1s,2.2173133409163317e-06,0.9788157651076344,3.108498844247109e-05
2022-05-02,pl1s,2.2173133409163317e-06,0.9788157651076344,3.108498844247109e-05
2022-05-02,rb1s,2.2173133409163317e-06,0.9788157651076344,3.108498844247109e-05
2022-05-02,si1s,2.2173133409163317e-06,0.9788157651076344,3.108498844247109e-05
2022-05-03,cl1s,2.3333159023826237e-05,0.9787954554106476,0.0002721958460987
2022-05-03,es1s,2.3333159023826237e-05,0.9787954554106476,0.0002721958460987
2022-05-03,fesx1s,2.3333159023826237e-05,0.9787954554106476,0.0002721958460987
2022-05-03,gc1s,2.3333159023826237e-05,0.9787954554106476,0.0002721958460987
2022-05-03,hg1s,2.3333159023826237e-05,0.9787954554106476,0.0002721958460987
2022-05-03,ho1s,2.3333159023826237e-05,0.9787954554106476,0.0002721958460987
2022-05-03,ng1s,2.3333159023826237e-05,0.9787954554106476,0.0002721958460987
2022-05-03,nq1s,2.3333159023826237e-05,0.9787954554106476,0.0002721958460987
2022-05-03,pl1s,2.3333159023826237e-05,0.9787954554106476,0.0002721958460987
2022-05-03,rb1s,2.3333159023826237e-05,0.9787954554106476,0.0002721958460987
2022-05-03,si1s,2.3333159023826237e-05,0.9787954554106476,0.0002721958460987
2022-05-04,cl1s,1.7324672327328026e-05,0.9788012345087704,0.0002072614697536
2022-05-04,es1s,1.7324672327328026e-05,0.9788012345087704,0.0002072614697536
2022-05-04,fesx1s,1.7324672327328026e-05,0.9788012345087704,0.0002072614697536
2022-05-04,gc1s,1.7324672327328026e-05,0.9788012345087704,0.0002072614697536
2022-05-04,hg1s,1.7324672327328026e-05,0.9788012345087704,0.0002072614697536
2022-05-04,ho1s,1.7324672327328026e-05,0.9788012345087704,0.0002072614697536
2022-05-04,ng1s,1.7324672327328026e-05,0.9788012345087704,0.0002072614697536
2022-05-04,nq1s,1.7324672327328026e-05,0.9788012345087704,0.0002072614697536
2022-05-04,pl1s,1.7324672327328026e-05,0.9788012345087704,0.0002072614697536
2022-05-04,rb1s,1.7324672327328026e-05,0.9788012345087704,0.0002072614697536
2022-05-04,si1s,1.7324672327328026e-05,0.9788012345087704,0.0002072614697536
2022-05-05,cl1s,4.377766700866001e-06,0.9788136871348292,5.839489720298752e-05
2022-05-05,es1s,4.377766700866001e-06,0.9788136871348292,5.839489720298752e-05
2022-05-05,fesx1s,4.377766700866001e-06,0.9788136871348292,5.839489720298752e-05
2022-05-05,gc1s,4.377766700866001e-06,0.9788136871348292,5.839489720298752e-05
2022-05-05,hg1s,4.377766700866001e-06,0.9788136871348292,5.839489720298752e-05
2022-05-05,ho1s,4.377766700866001e-06,0.9788136871348292,5.839489720298752e-05
2022-05-05,ng1s,4.377766700866001e-06,0.9788136871348292,5.839489720298752e-05
2022-05-05,nq1s,4.377766700866001e-06,0.9788136871348292,5.839489720298752e-05
2022-05-05,pl1s,4.377766700866001e-06,0.9788136871348292,5.839489720298752e-05
2022-05-05,rb1s,4.377766700866001e-06,0.9788136871348292,5.839489720298752e-05
2022-05-05,si1s,4.377766700866001e-06,0.9788136871348292,5.839489720298752e-05
2022-05-06,cl1s,6.991506651437856e-07,0.9788172253107628,1.0608492160425287e-05
2022-05-06,es1s,6.991506651437856e-07,0.9788172253107628,1.0608492160425287e-05
2022-05-06,fesx1s,6.991506651437856e-07,0.9788172253107628,1.0608492160425287e-05
2022-05-06,gc1s,6.991506651437856e-07,0.9788172253107628,1.0608492160425287e-05
2022-05-06,hg1s,6.991506651437856e-07,0.9788172253107628,1.0608492160425287e-05
2022-05-06,ho1s,6.991506651437856e-07,0.9788172253107628,1.0608492160425287e-05
2022-05-06,ng1s,6.991506651437856e-07,0.9788172253107628,1.0608492160425287e-05
2022-05-06,nq1s,6.991506651437856e-07,0.9788172253107628,1.0608492160425287e-05
2022-05-06,pl1s,6.991506651437856e-07,0.9788172253107628,1.0608492160425287e-05
2022-05-06,rb1s,6.991506651437856e-07,0.9788172253107628,1.0608492160425287e-05
2022-05-06,si1s,6.991506651437856e-07,0.9788172253107628,1.0608492160425287e-05
2022-05-09,cl1s,1.0388917591069147e-10,0.9788178976697304,2.4920621767746747e-09
2022-05-09,es1s,1.0388917591069147e-10,0.9788178976697304,2.4920621767746747e-09
2022-05-09,fesx1s,1.0388917591069147e-10,0.9788178976697304,2.4920621767746747e-09
2022-05-09,gc1s,1.0388917591069147e-10,0.9788178976697304,2.4920621767746747e-09
2022-05-09,hg1s,1.0388917591069147e-10,0.9788178976697304,2.4920621767746747e-09
2022-05-09,ho1s,1.0388917591069147e-10,0.9788178976697304,2.4920621767746747e-09
2022-05-09,ng1s,1.0388917591069147e-10,0.9788178976697304,2.4920621767746747e-09
2022-05-09,nq1s,1.0388917591069147e-10,0.9788178976697304,2.4920621767746747e-09
2022-05-09,pl1s,1.0388917591069147e-10,0.9788178976697304,2.4920621767746747e-09
2022-05-09,rb1s,1.0388917591069147e-10,0.9788178976697304,2.4920621767746747e-09
2022-05-09,si1s,1.0388917591069147e-10,0.9788178976697304,2.4920621767746747e-09
2022-05-10,cl1s,1.0016528295051023e-09,0.9788178968062408,2.1757516649765714e-08
2022-05-10,es1s,1.0016528295051023e-09,0.9788178968062408,2.1757516649765714e-08
2022-05-10,fesx1s,1.0016528295051023e-09,0.9788178968062408,2.1757516649765714e-08
2022-05-10,gc1s,1.0016528295051023e-09,0.9788178968062408,2.1757516649765714e-08
2022-05-10,hg1s,1.0016528295051023e-09,0.9788178968062408,2.1757516649765714e-08
2022-05-10,ho1s,1.0016528295051023e-09,0.9788178968062408,2.1757516649765714e-08
2022-05-10,ng1s,1.0016528295051023e-09,0.9788178968062408,2.1757516649765714e-08
2022-05-10,nq1s,1.0016528295051023e-09,0.9788178968062408,2.1757516649765714e-08
2022-05-10,pl1s,1.0016528295051023e-09,0.9788178968062408,2.1757516649765714e-08
2022-05-10,rb1s,1.0016528295051023e-09,0.9788178968062408,2.1757516649765714e-08
2022-05-10,si1s,1.0016528295051023e-09,0.9788178968062408,2.1757516649765714e-08
2022-05-11,cl1s,1.6964778939135935e-09,0.9788178961379428,3.595635936283505e-08
2022-05-11,es1s,1.6964778939135935e-09,0.9788178961379428,3.595635936283505e-08
2022-05-11,fesx1s,1.6964778939135935e-09,0.9788178961379428,3.595635936283505e-08
2022-05-11,gc1s,1.6964778939135935e-09,0.9788178961379428,3.595635936283505e-08
2022-05-11,hg1s,1.6964778939135935e-09,0.9788178961379428,3.595635936283505e-08
2022-05-11,ho1s,1.6964778939135935e-09,0.9788178961379428,3.595635936283505e-08
2022-05-11,ng1s,1.6964778939135935e-09,0.9788178961379428,3.595635936283505e-08
2022-05-11,nq1s,1.6964778939135935e-09,0.9788178961379428,3.595635936283505e-08
2022-05-11,pl1s,1.6964778939135935e-09,0.9788178961379428,3.595635936283505e-08
2022-05-11,rb1s,1.6964778939135935e-09,0.9788178961379428,3.595635936283505e-08
2022-05-11,si1s,1.6964778939135935e-09,0.9788178961379428,3.595635936283505e-08
2022-05-12,cl1s,3.2672141122692646e-10,0.9788178974554058,7.462941597246377e-09
2022-05-12,es1s,3.2672141122692646e-10,0.9788178974554058,7.462941597246377e-09
2022-05-12,fesx1s,3.2672141122692646e-10,0.9788178974554058,7.462941597246377e-09
2022-05-12,gc1s,3.2672141122692646e-10,0.9788178974554058,7.462941597246377e-09
2022-05-12,hg1s,3.2672141122692646e-10,0.9788178974554058,7.462941597246377e-09
2022-05-12,ho1s,3.2672141122692646e-10,0.9788178974554058,7.462941597246377e-09
2022-05-12,ng1s,3.2672141122692646e-10,0.9788178974554058,7.462941597246377e-09
2022-05-12,nq1s,3.2672141122692646e-10,0.9788178974554058,7.462941597246377e-09
2022-05-12,pl1s,3.2672141122692646e-10,0.9788178974554058,7.462941597246377e-09
2022-05-12,rb1s,3.2672141122692646e-10,0.9788178974554058,7.462941597246377e-09
2022-05-12,si1s,3.2672141122692646e-10,0.9788178974554058,7.462941597246377e-09
2022-05-13,cl1s,9.321747808211974e-09,0.9788178888037858,1.816894006054724e-07
2022-05-13,es1s,9.321747808211974e-09,0.9788178888037858,1.816894006054724e-07
2022-05-13,fesx1s,9.321747808211974e-09,0.9788178888037858,1.816894006054724e-07
2022-05-13,gc1s,9.321747808211974e-09,0.9788178888037858,1.816894006054724e-07
2022-05-13,hg1s,9.321747808211974e-09,0.9788178888037858,1.816894006054724e-07
2022-05-13,ho1s,9.321747808211974e-09,0.9788178888037858,1.816894006054724e-07
2022-05-13,ng1s,9.321747808211974e-09,0.9788178888037858,1.816894006054724e-07
2022-05-13,nq1s,9.321747808211974e-09,0.9788178888037858,1.816894006054724e-07
2022-05-13,pl1s,9.321747808211974e-09,0.9788178888037858,1.816894006054724e-07
2022-05-13,rb1s,9.321747808211974e-09,0.9788178888037858,1.816894006054724e-07
2022-05-13,si1s,9.321747808211974e-09,0.9788178888037858,1.816894006054724e-07
2022-05-16,cl1s,1.205640631186744e-08,0.9788178861735296,2.318889365039398e-07
2022-05-16,es1s,1.205640631186744e-08,0.9788178861735296,2.318889365039398e-07
2022-05-16,fesx1s,1.205640631186744e-08,0.9788178861735296,2.318889365039398e-07
2022-05-16,gc1s,1.205640631186744e-08,0.9788178861735296,2.318889365039398e-07
2022-05-16,hg1s,1.205640631186744e-08,0.9788178861735296,2.318889365039398e-07
2022-05-16,ho1s,1.205640631186744e-08,0.9788178861735296,2.318889365039398e-07
2022-05-16,ng1s,1.205640631186744e-08,0.9788178861735296,2.318889365039398e-07
2022-05-16,nq1s,1.205640631186744e-08,0.9788178861735296,2.318889365039398e-07
2022-05-16,pl1s,1.205640631186744e-08,0.9788178861735296,2.318889365039398e-07
2022-05-16,rb1s,1.205640631186744e-08,0.9788178861735296,2.318889365039398e-07
2022-05-16,si1s,1.205640631186744e-08,0.9788178861735296,2.318889365039398e-07
2022-05-17,cl1s,2.2679801622671646e-07,0.9788176796302024,3.6966275635533713e-06
2022-05-17,es1s,2.2679801622671646e-07,0.9788176796302024,3.6966275635533713e-06
2022-05-17,fesx1s,2.2679801622671646e-07,0.9788176796302024,3.6966275635533713e-06
2022-05-17,gc1s,2.2679801622671646e-07,0.9788176796302024,3.6966275635533713e-06
2022-05-17,hg1s,2.2679801622671646e-07,0.9788176796302024,3.6966275635533713e-06
2022-05-17,ho1s,2.2679801622671646e-07,0.9788176796302024,3.6966275635533713e-06
2022-05-17,ng1s,2.2679801622671646e-07,0.9788176796302024,3.6966275635533713e-06
2022-05-17,nq1s,2.2679801622671646e-07,0.9788176796302024,3.6966275635533713e-06
2022-05-17,pl1s,2.2679801622671646e-07,0.9788176796302024,3.6966275635533713e-06
2022-05-17,rb1s,2.2679801622671646e-07,0.9788176796302024,3.6966275635533713e-06
2022-05-17,si1s,2.2679801622671646e-07,0.9788176796302024,3.6966275635533713e-06
2022-05-18,cl1s,5.384079707557095e-09,0.9788178925911238,1.0789598531760658e-07
2022-05-18,es1s,5.384079707557095e-09,0.9788178925911238,1.0789598531760658e-07
2022-05-18,fesx1s,5.384079707557095e-09,0.9788178925911238,1.0789598531760658e-07
2022-05-18,gc1s,5.384079707557095e-09,0.9788178925911238,1.0789598531760658e-07
2022-05-18,hg1s,5.384079707557095e-09,0.9788178925911238,1.0789598531760658e-07
2022-05-18,ho1s,5.384079707557095e-09,0.9788178925911238,1.0789598531760658e-07
2022-05-18,ng1s,5.384079707557095e-09,0.9788178925911238,1.0789598531760658e-07
2022-05-18,nq1s,5.384079707557095e-09,0.9788178925911238,1.0789598531760658e-07
2022-05-18,pl1s,5.384079707557095e-09,0.9788178925911238,1.0789598531760658e-07
2022-05-18,rb1s,5.384079707557095e-09,0.9788178925911238,1.0789598531760658e-07
2022-05-18,si1s,5.384079707557095e-09,0.9788178925911238,1.0789598531760658e-07
2022-05-19,cl1s,4.6507601342885805e-09,0.9788178932964476,9.388133738018974e-08
2022-05-19,es1s,4.6507601342885805e-09,0.9788178932964476,9.388133738018974e-08
2022-05-19,fesx1s,4.6507601342885805e-09,0.9788178932964476,9.388133738018974e-08
2022-05-19,gc1s,4.6507601342885805e-09,0.9788178932964476,9.388133738018974e-08
2022-05-19,hg1s,4.6507601342885805e-09,0.9788178932964476,9.388133738018974e-08
2022-05-19,ho1s,4.6507601342885805e-09,0.9788178932964476,9.388133738018974e-08
2022-05-19,ng1s,4.6507601342885805e-09,0.9788178932964476,9.388133738018974e-08
2022-05-19,nq1s,4.6507601342885805e-09,0.9788178932964476,9.388133738018974e-08
2022-05-19,pl1s,4.6507601342885805e-09,0.9788178932964476,9.388133738018974e-08
2022-05-19,rb1s,4.6507601342885805e-09,0.9788178932964476,9.388133738018974e-08
2022-05-19,si1s,4.6507601342885805e-09,0.9788178932964476,9.388133738018974e-08
2022-05-20,cl1s,1.2912673364879942e-08,0.9788178853499524,2.474721156290783e-07
2022-05-20,es1s,1.2912673364879942e-08,0.9788178853499524,2.474721156290783e-07
2022-05-20,fesx1s,1.2912673364879942e-08,0.9788178853499524,2.474721156290783e-07
2022-05-20,gc1s,1.2912673364879942e-08,0.9788178853499524,2.474721156290783e-07
2022-05-20,hg1s,1.2912673364879942e-08,0.9788178853499524,2.474721156290783e-07
2022-05-20,ho1s,1.2912673364879942e-08,0.9788178853499524,2.474721156290783e-07
2022-05-20,ng1s,1.2912673364879942e-08,0.9788178853499524,2.474721156290783e-07
2022-05-20,nq1s,1.2912673364879942e-08,0.9788178853499524,2.474721156290783e-07
2022-05-20,pl1s,1.2912673364879942e-08,0.9788178853499524,2.474721156290783e-07
2022-05-20,rb1s,1.2912673364879942e-08,0.9788178853499524,2.474721156290783e-07
2022-05-20,si1s,1.2912673364879942e-08,0.9788178853499524,2.474721156290783e-07
2022-05-23,cl1s,7.028781701422851e-08,0.9788178301652448,1.2279750672239356e-06
2022-05-23,es1s,7.028781701422851e-08,0.9788178301652448,1.2279750672239356e-06
2022-05-23,fesx1s,7.028781701422851e-08,0.9788178301652448,1.2279750672239356e-06
2022-05-23,gc1s,7.028781701422851e-08,0.9788178301652448,1.2279750672239356e-06
2022-05-23,hg1s,7.028781701422851e-08,0.9788178301652448,1.2279750672239356e-06
2022-05-23,ho1s,7.028781701422851e-08,0.9788178301652448,1.2279750672239356e-06
2022-05-23,ng1s,7.028781701422851e-08,0.9788178301652448,1.2279750672239356e-06
2022-05-23,nq1s,7.028781701422851e-08,0.9788178301652448,1.2279750672239356e-06
2022-05-23,pl1s,7.028781701422851e-08,0.9788178301652448,1.2279750672239356e-06
2022-05-23,rb1s,7.028781701422851e-08,0.9788178301652448,1.2279750672239356e-06
2022-05-23,si1s,7.028781701422851e-08,0.9788178301652448,1.2279750672239356e-06
2022-05-24,cl1s,7.584148085729518e-08,0.9788178248236048,1.3192337716991698e-06
2022-05-24,es1s,7.584148085729518e-08,0.9788178248236048,1.3192337716991698e-06
2022-05-24,fesx1s,7.584148085729518e-08,0.9788178248236048,1.3192337716991698e-06
2022-05-24,gc1s,7.584148085729518e-08,0.9788178248236048,1.3192337716991698e-06
2022-05-24,hg1s,7.584148085729518e-08,0.9788178248236048,1.3192337716991698e-06
2022-05-24,ho1s,7.584148085729518e-08,0.9788178248236048,1.3192337716991698e-06
2022-05-24,ng1s,7.584148085729518e-08,0.9788178248236048,1.3192337716991698e-06
2022-05-24,nq1s,7.584148085729518e-08,0.9788178248236048,1.3192337716991698e-06
2022-05-24,pl1s,7.584148085729518e-08,0.9788178248236048,1.3192337716991698e-06
2022-05-24,rb1s,7.584148085729518e-08,0.9788178248236048,1.3192337716991698e-06
2022-05-24,si1s,7.584148085729518e-08,0.9788178248236048,1.3192337716991698e-06
2022-05-25,cl1s,1.806919146456036e-06,0.9788161598340336,2.570141265273478e-05
2022-05-25,es1s,1.806919146456036e-06,0.9788161598340336,2.570141265273478e-05
2022-05-25,fesx1s,1.806919146456036e-06,0.9788161598340336,2.570141265273478e-05
2022-05-25,gc1s,1.806919146456036e-06,0.9788161598340336,2.570141265273478e-05
2022-05-25,hg1s,1.806919146456036e-06,0.9788161598340336,2.570141265273478e-05
2022-05-25,ho1s,1.806919146456036e-06,0.9788161598340336,2.570141265273478e-05
2022-05-25,ng1s,1.806919146456036e-06,0.9788161598340336,2.570141265273478e-05
2022-05-25,nq1s,1.806919146456036e-06,0.9788161598340336,2.570141265273478e-05
2022-05-25,pl1s,1.806919146456036e-06,0.9788161598340336,2.570141265273478e-05
2022-05-25,rb1s,1.806919146456036e-06,0.9788161598340336,2.570141265273478e-05
2022-05-25,si1s,1.806919146456036e-06,0.9788161598340336,2.570141265273478e-05
2022-05-26,cl1s,0.0001039122659524,0.9787179526068368,0.0010569863889865
2022-05-26,es1s,0.0001039122659524,0.9787179526068368,0.0010569863889865
2022-05-26,fesx1s,0.0001039122659524,0.9787179526068368,0.0010569863889865
2022-05-26,gc1s,0.0001039122659524,0.9787179526068368,0.0010569863889865
2022-05-26,hg1s,0.0001039122659524,0.9787179526068368,0.0010569863889865
2022-05-26,ho1s,0.0001039122659524,0.9787179526068368,0.0010569863889865
2022-05-26,ng1s,0.0001039122659524,0.9787179526068368,0.0010569863889865
2022-05-26,nq1s,0.0001039122659524,0.9787179526068368,0.0010569863889865
2022-05-26,pl1s,0.0001039122659524,0.9787179526068368,0.0010569863889865
2022-05-26,rb1s,0.0001039122659524,0.9787179526068368,0.0010569863889865
2022-05-26,si1s,0.0001039122659524,0.9787179526068368,0.0010569863889865
2022-05-27,cl1s,0.000785610807924,0.9780622795624232,0.0064016723298452
2022-05-27,es1s,0.000785610807924,0.9780622795624232,0.0064016723298452
2022-05-27,fesx1s,0.000785610807924,0.9780622795624232,0.0064016723298452
2022-05-27,gc1s,0.000785610807924,0.9780622795624232,0.0064016723298452
2022-05-27,hg1s,0.000785610807924,0.9780622795624232,0.0064016723298452
2022-05-27,ho1s,0.000785610807924,0.9780622795624232,0.0064016723298452
2022-05-27,ng1s,0.000785610807924,0.9780622795624232,0.0064016723298452
2022-05-27,nq1s,0.000785610807924,0.9780622795624232,0.0064016723298452
2022-05-27,pl1s,0.000785610807924,0.9780622795624232,0.0064016723298452
2022-05-27,rb1s,0.000785610807924,0.9780622795624232,0.0064016723298452
2022-05-27,si1s,0.000785610807924,0.9780622795624232,0.0064016723298452
2022-05-30,cl1s,0.0009759646117203,0.9778791929774204,0.0077409570978674
2022-05-30,es1s,0.0009759646117203,0.9778791929774204,0.0077409570978674
2022-05-30,fesx1s,0.0009759646117203,0.9778791929774204,0.0077409570978674
2022-05-30,gc1s,0.0009759646117203,0.9778791929774204,0.0077409570978674
2022-05-30,hg1s,0.0009759646117203,0.9778791929774204,0.0077409570978674
2022-05-30,ho1s,0.0009759646117203,0.9778791929774204,0.0077409570978674
2022-05-30,ng1s,0.0009759646117203,0.9778791929774204,0.0077409570978674
2022-05-30,nq1s,0.0009759646117203,0.9778791929774204,0.0077409570978674
2022-05-30,pl1s,0.0009759646117203,0.9778791929774204,0.0077409570978674
2022-05-30,rb1s,0.0009759646117203,0.9778791929774204,0.0077409570978674
2022-05-30,si1s,0.0009759646117203,0.9778791929774204,0.0077409570978674
2022-05-31,cl1s,0.0019646949632847,0.976928209808467,0.0142075644900671
2022-05-31,es1s,0.0019646949632847,0.976928209808467,0.0142075644900671
2022-05-31,fesx1s,0.0019646949632847,0.976928209808467,0.0142075644900671
2022-05-31,gc1s,0.0019646949632847,0.976928209808467,0.0142075644900671
2022-05-31,hg1s,0.0019646949632847,0.976928209808467,0.0142075644900671
2022-05-31,ho1s,0.0019646949632847,0.976928209808467,0.0142075644900671
2022-05-31,ng1s,0.0019646949632847,0.976928209808467,0.0142075644900671
2022-05-31,nq1s,0.0019646949632847,0.976928209808467,0.0142075644900671
2022-05-31,pl1s,0.0019646949632847,0.976928209808467,0.0142075644900671
2022-05-31,rb1s,0.0019646949632847,0.976928209808467,0.0142075644900671
2022-05-31,si1s,0.0019646949632847,0.976928209808467,0.0142075644900671
2022-06-01,cl1s,0.0036130558780237,0.9753427790752072,0.0239234616475697
2022-06-01,es1s,0.0036130558780237,0.9753427790752072,0.0239234616475697
2022-06-01,fesx1s,0.0036130558780237,0.9753427790752072,0.0239234616475697
2022-06-01,gc1s,0.0036130558780237,0.9753427790752072,0.0239234616475697
2022-06-01,hg1s,0.0036130558780237,0.9753427790752072,0.0239234616475697
2022-06-01,ho1s,0.0036130558780237,0.9753427790752072,0.0239234616475697
2022-06-01,ng1s,0.0036130558780237,0.9753427790752072,0.0239234616475697
2022-06-01,nq1s,0.0036130558780237,0.9753427790752072,0.0239234616475697
2022-06-01,pl1s,0.0036130558780237,0.9753427790752072,0.0239234616475697
2022-06-01,rb1s,0.0036130558780237,0.9753427790752072,0.0239234616475697
2022-06-01,si1s,0.0036130558780237,0.9753427790752072,0.0239234616475697
2022-06-02,cl1s,0.005538695368039,0.9734906555497396,0.0343023690317179
2022-06-02,es1s,0.005538695368039,0.9734906555497396,0.0343023690317179
2022-06-02,fesx1s,0.005538695368039,0.9734906555497396,0.0343023690317179
2022-06-02,gc1s,0.005538695368039,0.9734906555497396,0.0343023690317179
2022-06-02,hg1s,0.005538695368039,0.9734906555497396,0.0343023690317179
2022-06-02,ho1s,0.005538695368039,0.9734906555497396,0.0343023690317179
2022-06-02,ng1s,0.005538695368039,0.9734906555497396,0.0343023690317179
2022-06-02,nq1s,0.005538695368039,0.9734906555497396,0.0343023690317179
2022-06-02,pl1s,0.005538695368039,0.9734906555497396,0.0343023690317179
2022-06-02,rb1s,0.005538695368039,0.9734906555497396,0.0343023690317179
2022-06-02,si1s,0.005538695368039,0.9734906555497396,0.0343023690317179
2022-06-03,cl1s,0.0024902508438966,0.976422718300074,0.0174171273589841
2022-06-03,es1s,0.0024902508438966,0.976422718300074,0.0174171273589841
2022-06-03,fesx1s,0.0024902508438966,0.976422718300074,0.0174171273589841
2022-06-03,gc1s,0.0024902508438966,0.976422718300074,0.0174171273589841
2022-06-03,hg1s,0.0024902508438966,0.976422718300074,0.0174171273589841
2022-06-03,ho1s,0.0024902508438966,0.976422718300074,0.0174171273589841
2022-06-03,ng1s,0.0024902508438966,0.976422718300074,0.0174171273589841
2022-06-03,nq1s,0.0024902508438966,0.976422718300074,0.0174171273589841
2022-06-03,pl1s,0.0024902508438966,0.976422718300074,0.0174171273589841
2022-06-03,rb1s,0.0024902508438966,0.976422718300074,0.0174171273589841
2022-06-03,si1s,0.0024902508438966,0.976422718300074,0.0174171273589841
2022-06-06,cl1s,0.0024513424684392,0.9764601412537974,0.0171836478811509
2022-06-06,es1s,0.0024513424684392,0.9764601412537974,0.0171836478811509
2022-06-06,fesx1s,0.0024513424684392,0.9764601412537974,0.0171836478811509
2022-06-06,gc1s,0.0024513424684392,0.9764601412537974,0.0171836478811509
2022-06-06,hg1s,0.0024513424684392,0.9764601412537974,0.0171836478811509
2022-06-06,ho1s,0.0024513424684392,0.9764601412537974,0.0171836478811509
2022-06-06,ng1s,0.0024513424684392,0.9764601412537974,0.0171836478811509
2022-06-06,nq1s,0.0024513424684392,0.9764601412537974,0.0171836478811509
2022-06-06,pl1s,0.0024513424684392,0.9764601412537974,0.0171836478811509
2022-06-06,rb1s,0.0024513424684392,0.9764601412537974,0.0171836478811509
2022-06-06,si1s,0.0024513424684392,0.9764601412537974,0.0171836478811509
2022-06-07,cl1s,0.0009755375642186,0.9778796037213462,0.0077379970920668
2022-06-07,es1s,0.0009755375642186,0.9778796037213462,0.0077379970920668
2022-06-07,fesx1s,0.0009755375642186,0.9778796037213462,0.0077379970920668
2022-06-07,gc1s,0.0009755375642186,0.9778796037213462,0.0077379970920668
2022-06-07,hg1s,0.0009755375642186,0.9778796037213462,0.0077379970920668
2022-06-07,ho1s,0.0009755375642186,0.9778796037213462,0.0077379970920668
2022-06-07,ng1s,0.0009755375642186,0.9778796037213462,0.0077379970920668
2022-06-07,nq1s,0.0009755375642186,0.9778796037213462,0.0077379970920668
2022-06-07,pl1s,0.0009755375642186,0.9778796037213462,0.0077379970920668
2022-06-07,rb1s,0.0009755375642186,0.9778796037213462,0.0077379970920668
2022-06-07,si1s,0.0009755375642186,0.9778796037213462,0.0077379970920668
2022-06-08,cl1s,0.00074426021406,0.9781020514969332,0.0061049786933917
2022-06-08,es1s,0.00074426021406,0.9781020514969332,0.0061049786933917
2022-06-08,fesx1s,0.00074426021406,0.9781020514969332,0.0061049786933917
2022-06-08,gc1s,0.00074426021406,0.9781020514969332,0.0061049786933917
2022-06-08,hg1s,0.00074426021406,0.9781020514969332,0.0061049786933917
2022-06-08,ho1s,0.00074426021406,0.9781020514969332,0.0061049786933917
2022-06-08,ng1s,0.00074426021406,0.9781020514969332,0.0061049786933917
2022-06-08,nq1s,0.00074426021406,0.9781020514969332,0.0061049786933917
2022-06-08,pl1s,0.00074426021406,0.9781020514969332,0.0061049786933917
2022-06-08,rb1s,0.00074426021406,0.9781020514969332,0.0061049786933917
2022-06-08,si1s,0.00074426021406,0.9781020514969332,0.0061049786933917
2022-06-09,cl1s,0.0002085574714584,0.9786173024862148,0.0019761220071521
2022-06-09,es1s,0.0002085574714584,0.9786173024862148,0.0019761220071521
2022-06-09,fesx1s,0.0002085574714584,0.9786173024862148,0.0019761220071521
2022-06-09,gc1s,0.0002085574714584,0.9786173024862148,0.0019761220071521
2022-06-09,hg1s,0.0002085574714584,0.9786173024862148,0.0019761220071521
2022-06-09,ho1s,0.0002085574714584,0.9786173024862148,0.0019761220071521
2022-06-09,ng1s,0.0002085574714584,0.9786173024862148,0.0019761220071521
2022-06-09,nq1s,0.0002085574714584,0.9786173024862148,0.0019761220071521
2022-06-09,pl1s,0.0002085574714584,0.9786173024862148,0.0019761220071521
2022-06-09,rb1s,0.0002085574714584,0.9786173024862148,0.0019761220071521
2022-06-09,si1s,0.0002085574714584,0.9786173024862148,0.0019761220071521
2022-06-10,cl1s,4.4736235364792e-05,0.9787748694487298,0.0004927564076939
2022-06-10,es1s,4.4736235364792e-05,0.9787748694487298,0.0004927564076939
2022-06-10,fesx1s,4.4736235364792e-05,0.9787748694487298,0.0004927564076939
2022-06-10,gc1s,4.4736235364792e-05,0.9787748694487298,0.0004927564076939
2022-06-10,hg1s,4.4736235364792e-05,0.9787748694487298,0.0004927564076939
2022-06-10,ho1s,4.4736235364792e-05,0.9787748694487298,0.0004927564076939
2022-06-10,ng1s,4.4736235364792e-05,0.9787748694487298,0.0004927564076939
2022-06-10,nq1s,4.4736235364792e-05,0.9787748694487298,0.0004927564076939
2022-06-10,pl1s,4.4736235364792e-05,0.9787748694487298,0.0004927564076939
2022-06-10,rb1s,4.4736235364792e-05,0.9787748694487298,0.0004927564076939
2022-06-10,si1s,4.4736235364792e-05,0.9787748694487298,0.0004927564076939
2022-06-13,cl1s,6.885888818633666e-08,0.97881783153962,1.204425032505664e-06
2022-06-13,es1s,6.885888818633666e-08,0.97881783153962,1.204425032505664e-06
2022-06-13,fesx1s,6.885888818633666e-08,0.97881783153962,1.204425032505664e-06
2022-06-13,gc1s,6.885888818633666e-08,0.97881783153962,1.204425032505664e-06
2022-06-13,hg1s,6.885888818633666e-08,0.97881783153962,1.204425032505664e-06
2022-06-13,ho1s,6.885888818633666e-08,0.97881783153962,1.204425032505664e-06
2022-06-13,ng1s,6.885888818633666e-08,0.97881783153962,1.204425032505664e-06
2022-06-13,nq1s,6.885888818633666e-08,0.97881783153962,1.204425032505664e-06
2022-06-13,pl1s,6.885888818633666e-08,0.97881783153962,1.204425032505664e-06
2022-06-13,rb1s,6.885888818633666e-08,0.97881783153962,1.204425032505664e-06
2022-06-13,si1s,6.885888818633666e-08,0.97881783153962,1.204425032505664e-06
2022-06-14,cl1s,1.7916939057276502e-07,0.9788177254404896,2.9625540607620912e-06
2022-06-14,es1s,1.7916939057276502e-07,0.9788177254404896,2.9625540607620912e-06
2022-06-14,fesx1s,1.7916939057276502e-07,0.9788177254404896,2.9625540607620912e-06
2022-06-14,gc1s,1.7916939057276502e-07,0.9788177254404896,2.9625540607620912e-06
2022-06-14,hg1s,1.7916939057276502e-07,0.9788177254404896,2.9625540607620912e-06
2022-06-14,ho1s,1.7916939057276502e-07,0.9788177254404896,2.9625540607620912e-06
2022-06-14,ng1s,1.7916939057276502e-07,0.9788177254404896,2.9625540607620912e-06
2022-06-14,nq1s,1.7916939057276502e-07,0.9788177254404896,2.9625540607620912e-06
2022-06-14,pl1s,1.7916939057276502e-07,0.9788177254404896,2.9625540607620912e-06
2022-06-14,rb1s,1.7916939057276502e-07,0.9788177254404896,2.9625540607620912e-06
2022-06-14,si1s,1.7916939057276502e-07,0.9788177254404896,2.9625540607620912e-06
2022-06-15,cl1s,1.0504253558376829e-06,0.9788168874468371,1.5510911530166383e-05
2022-06-15,es1s,1.0504253558376829e-06,0.9788168874468371,1.5510911530166383e-05
2022-06-15,fesx1s,1.0504253558376829e-06,0.9788168874468371,1.5510911530166383e-05
2022-06-15,gc1s,1.0504253558376829e-06,0.9788168874468371,1.5510911530166383e-05
2022-06-15,hg1s,1.0504253558376829e-06,0.9788168874468371,1.5510911530166383e-05
2022-06-15,ho1s,1.0504253558376829e-06,0.9788168874468371,1.5510911530166383e-05
2022-06-15,ng1s,1.0504253558376829e-06,0.9788168874468371,1.5510911530166383e-05
2022-06-15,nq1s,1.0504253558376829e-06,0.9788168874468371,1.5510911530166383e-05
2022-06-15,pl1s,1.0504253558376829e-06,0.9788168874468371,1.5510911530166383e-05
2022-06-15,rb1s,1.0504253558376829e-06,0.9788168874468371,1.5510911530166383e-05
2022-06-15,si1s,1.0504253558376829e-06,0.9788168874468371,1.5510911530166383e-05
2022-06-16,cl1s,5.5861029572035865e-08,0.978817844041254,9.887625020040269e-07
2022-06-16,es1s,5.5861029572035865e-08,0.978817844041254,9.887625020040269e-07
2022-06-16,fesx1s,5.5861029572035865e-08,0.978817844041254,9.887625020040269e-07
2022-06-16,gc1s,5.5861029572035865e-08,0.978817844041254,9.887625020040269e-07
2022-06-16,hg1s,5.5861029572035865e-08,0.978817844041254,9.887625020040269e-07
2022-06-16,ho1s,5.5861029572035865e-08,0.978817844041254,9.887625020040269e-07
2022-06-16,ng1s,5.5861029572035865e-08,0.978817844041254,9.887625020040269e-07
2022-06-16,nq1s,5.5861029572035865e-08,0.978817844041254,9.887625020040269e-07
2022-06-16,pl1s,5.5861029572035865e-08,0.978817844041254,9.887625020040269e-07
2022-06-16,rb1s,5.5861029572035865e-08,0.978817844041254,9.887625020040269e-07
2022-06-16,si1s,5.5861029572035865e-08,0.978817844041254,9.887625020040269e-07
2022-06-17,cl1s,3.315314225803839e-07,0.9788175788952478,5.2778287634260465e-06
2022-06-17,es1s,3.315314225803839e-07,0.9788175788952478,5.2778287634260465e-06
2022-06-17,fesx1s,3.315314225803839e-07,0.9788175788952478,5.2778287634260465e-06
2022-06-17,gc1s,3.315314225803839e-07,0.9788175788952478,5.2778287634260465e-06
2022-06-17,hg1s,3.315314225803839e-07,0.9788175788952478,5.2778287634260465e-06
2022-06-17,ho1s,3.315314225803839e-07,0.9788175788952478,5.2778287634260465e-06
2022-06-17,ng1s,3.315314225803839e-07,0.9788175788952478,5.2778287634260465e-06
2022-06-17,nq1s,3.315314225803839e-07,0.9788175788952478,5.2778287634260465e-06
2022-06-17,pl1s,3.315314225803839e-07,0.9788175788952478,5.2778287634260465e-06
2022-06-17,rb1s,3.315314225803839e-07,0.9788175788952478,5.2778287634260465e-06
2022-06-17,si1s,3.315314225803839e-07,0.9788175788952478,5.2778287634260465e-06
2022-06-20,cl1s,5.623041782010666e-07,0.9788173569328028,8.654548781337998e-06
2022-06-20,es1s,5.623041782010666e-07,0.9788173569328028,8.654548781337998e-06
2022-06-20,fesx1s,5.623041782010666e-07,0.9788173569328028,8.654548781337998e-06
2022-06-20,gc1s,5.623041782010666e-07,0.9788173569328028,8.654548781337998e-06
2022-06-20,hg1s,5.623041782010666e-07,0.9788173569328028,8.654548781337998e-06
2022-06-20,ho1s,5.623041782010666e-07,0.9788173569328028,8.654548781337998e-06
2022-06-20,ng1s,5.623041782010666e-07,0.9788173569328028,8.654548781337998e-06
2022-06-20,nq1s,5.623041782010666e-07,0.9788173569328028,8.654548781337998e-06
2022-06-20,pl1s,5.623041782010666e-07,0.9788173569328028,8.654548781337998e-06
2022-06-20,rb1s,5.623041782010666e-07,0.9788173569328028,8.654548781337998e-06
2022-06-20,si1s,5.623041782010666e-07,0.9788173569328028,8.654548781337998e-06
2022-06-21,cl1s,1.8134610900792609e-06,0.9788161535418448,2.5787910737681493e-05
2022-06-21,es1s,1.8134610900792609e-06,0.9788161535418448,2.5787910737681493e-05
2022-06-21,fesx1s,1.8134610900792609e-06,0.9788161535418448,2.5787910737681493e-05
2022-06-21,gc1s,1.8134610900792609e-06,0.9788161535418448,2.5787910737681493e-05
2022-06-21,hg1s,1.8134610900792609e-06,0.9788161535418448,2.5787910737681493e-05
2022-06-21,ho1s,1.8134610900792609e-06,0.9788161535418448,2.5787910737681493e-05
2022-06-21,ng1s,1.8134610900792609e-06,0.9788161535418448,2.5787910737681493e-05
2022-06-21,nq1s,1.8134610900792609e-06,0.9788161535418448,2.5787910737681493e-05
2022-06-21,pl1s,1.8134610900792609e-06,0.9788161535418448,2.5787910737681493e-05
2022-06-21,rb1s,1.8134610900792609e-06,0.9788161535418448,2.5787910737681493e-05
2022-06-21,si1s,1.8134610900792609e-06,0.9788161535418448,2.5787910737681493e-05
2022-06-22,cl1s,3.102574846866713e-07,0.978817599357002,4.9597336859758305e-06
2022-06-22,es1s,3.102574846866713e-07,0.978817599357002,4.9597336859758305e-06
2022-06-22,fesx1s,3.102574846866713e-07,0.978817599357002,4.9597336859758305e-06
2022-06-22,gc1s,3.102574846866713e-07,0.978817599357002,4.9597336859758305e-06
2022-06-22,hg1s,3.102574846866713e-07,0.978817599357002,4.9597336859758305e-06
2022-06-22,ho1s,3.102574846866713e-07,0.978817599357002,4.9597336859758305e-06
2022-06-22,ng1s,3.102574846866713e-07,0.978817599357002,4.9597336859758305e-06
2022-06-22,nq1s,3.102574846866713e-07,0.978817599357002,4.9597336859758305e-06
2022-06-22,pl1s,3.102574846866713e-07,0.978817599357002,4.9597336859758305e-06
2022-06-22,rb1s,3.102574846866713e-07,0.978817599357002,4.9597336859758305e-06
2022-06-22,si1s,3.102574846866713e-07,0.978817599357002,4.9597336859758305e-06
2022-06-23,cl1s,3.765094047290433e-07,0.97881753563441,5.945957989441837e-06
2022-06-23,es1s,3.765094047290433e-07,0.97881753563441,5.945957989441837e-06
2022-06-23,fesx1s,3.765094047290433e-07,0.97881753563441,5.945957989441837e-06
2022-06-23,gc1s,3.765094047290433e-07,0.97881753563441,5.945957989441837e-06
2022-06-23,hg1s,3.765094047290433e-07,0.97881753563441,5.945957989441837e-06
2022-06-23,ho1s,3.765094047290433e-07,0.97881753563441,5.945957989441837e-06
2022-06-23,ng1s,3.765094047290433e-07,0.97881753563441,5.945957989441837e-06
2022-06-23,nq1s,3.765094047290433e-07,0.97881753563441,5.945957989441837e-06
2022-06-23,pl1s,3.765094047290433e-07,0.97881753563441,5.945957989441837e-06
2022-06-23,rb1s,3.765094047290433e-07,0.97881753563441,5.945957989441837e-06
2022-06-23,si1s,3.765094047290433e-07,0.97881753563441,5.945957989441837e-06
2022-06-24,cl1s,4.690986679979351e-06,0.9788133858727832,6.224876123894047e-05
2022-06-24,es1s,4.690986679979351e-06,0.9788133858727832,6.224876123894047e-05
2022-06-24,fesx1s,4.690986679979351e-06,0.9788133858727832,6.224876123894047e-05
2022-06-24,gc1s,4.690986679979351e-06,0.9788133858727832,6.224876123894047e-05
2022-06-24,hg1s,4.690986679979351e-06,0.9788133858727832,6.224876123894047e-05
2022-06-24,ho1s,4.690986679979351e-06,0.9788133858727832,6.224876123894047e-05
2022-06-24,ng1s,4.690986679979351e-06,0.9788133858727832,6.224876123894047e-05
2022-06-24,nq1s,4.690986679979351e-06,0.9788133858727832,6.224876123894047e-05
2022-06-24,pl1s,4.690986679979351e-06,0.9788133858727832,6.224876123894047e-05
2022-06-24,rb1s,4.690986679979351e-06,0.9788133858727832,6.224876123894047e-05
2022-06-24,si1s,4.690986679979351e-06,0.9788133858727832,6.224876123894047e-05
2022-06-27,cl1s,9.928510468548642e-06,0.9788083483041864,0.0001243058955659
2022-06-27,es1s,9.928510468548642e-06,0.9788083483041864,0.0001243058955659
2022-06-27,fesx1s,9.928510468548642e-06,0.9788083483041864,0.0001243058955659
2022-06-27,gc1s,9.928510468548642e-06,0.9788083483041864,0.0001243058955659
2022-06-27,hg1s,9.928510468548642e-06,0.9788083483041864,0.0001243058955659
2022-06-27,ho1s,9.928510468548642e-06,0.9788083483041864,0.0001243058955659
2022-06-27,ng1s,9.928510468548642e-06,0.9788083483041864,0.0001243058955659
2022-06-27,nq1s,9.928510468548642e-06,0.9788083483041864,0.0001243058955659
2022-06-27,pl1s,9.928510468548642e-06,0.9788083483041864,0.0001243058955659
2022-06-27,rb1s,9.928510468548642e-06,0.9788083483041864,0.0001243058955659
2022-06-27,si1s,9.928510468548642e-06,0.9788083483041864,0.0001243058955659
2022-06-28,cl1s,1.7375938747227054e-06,0.9788162265126448,2.4783315967799555e-05
2022-06-28,es1s,1.7375938747227054e-06,0.9788162265126448,2.4783315967799555e-05
2022-06-28,fesx1s,1.7375938747227054e-06,0.9788162265126448,2.4783315967799555e-05
2022-06-28,gc1s,1.7375938747227054e-06,0.9788162265126448,2.4783315967799555e-05
2022-06-28,hg1s,1.7375938747227054e-06,0.9788162265126448,2.4783315967799555e-05
2022-06-28,ho1s,1.7375938747227054e-06,0.9788162265126448,2.4783315967799555e-05
2022-06-28,ng1s,1.7375938747227054e-06,0.9788162265126448,2.4783315967799555e-05
2022-06-28,nq1s,1.7375938747227054e-06,0.9788162265126448,2.4783315967799555e-05
2022-06-28,pl1s,1.7375938747227054e-06,0.9788162265126448,2.4783315967799555e-05
2022-06-28,rb1s,1.7375938747227054e-06,0.9788162265126448,2.4783315967799555e-05
2022-06-28,si1s,1.7375938747227054e-06,0.9788162265126448,2.4783315967799555e-05
2022-06-29,cl1s,1.723191835122413e-07,0.9788177320291735,2.85600389216285e-06
2022-06-29,es1s,1.723191835122413e-07,0.9788177320291735,2.85600389216285e-06
2022-06-29,fesx1s,1.723191835122413e-07,0.9788177320291735,2.85600389216285e-06
2022-06-29,gc1s,1.723191835122413e-07,0.9788177320291735,2.85600389216285e-06
2022-06-29,hg1s,1.723191835122413e-07,0.9788177320291735,2.85600389216285e-06
2022-06-29,ho1s,1.723191835122413e-07,0.9788177320291735,2.85600389216285e-06
2022-06-29,ng1s,1.723191835122413e-07,0.9788177320291735,2.85600389216285e-06
2022-06-29,nq1s,1.723191835122413e-07,0.9788177320291735,2.85600389216285e-06
2022-06-29,pl1s,1.723191835122413e-07,0.9788177320291735,2.85600389216285e-06
2022-06-29,rb1s,1.723191835122413e-07,0.9788177320291735,2.85600389216285e-06
2022-06-29,si1s,1.723191835122413e-07,0.9788177320291735,2.85600389216285e-06
2022-06-30,cl1s,4.550038819609082e-08,0.9788178540063528,8.147092464218395e-07
2022-06-30,es1s,4.550038819609082e-08,0.9788178540063528,8.147092464218395e-07
2022-06-30,fesx1s,4.550038819609082e-08,0.9788178540063528,8.147092464218395e-07
2022-06-30,gc1s,4.550038819609082e-08,0.9788178540063528,8.147092464218395e-07
2022-06-30,hg1s,4.550038819609082e-08,0.9788178540063528,8.147092464218395e-07
2022-06-30,ho1s,4.550038819609082e-08,0.9788178540063528,8.147092464218395e-07
2022-06-30,ng1s,4.550038819609082e-08,0.9788178540063528,8.147092464218395e-07
2022-06-30,nq1s,4.550038819609082e-08,0.9788178540063528,8.147092464218395e-07
2022-06-30,pl1s,4.550038819609082e-08,0.9788178540063528,8.147092464218395e-07
2022-06-30,rb1s,4.550038819609082e-08,0.9788178540063528,8.147092464218395e-07
2022-06-30,si1s,4.550038819609082e-08,0.9788178540063528,8.147092464218395e-07
