auc_mean,auc_std,logloss_mean,logloss_std,brier_mean,brier_std,n_folds
0.6895728366757575,0.066374269404138,0.9437499055601181,0.5692728946811233,0.2559577143918361,0.07031079463761655,15
