instrument,auc_mean,auc_std,logloss,brier,n_events
cl1s,0.6189771428571429,0.06926856358782278,0.9684288682609642,0.26371427504007794,2025
ho1s,0.7319024390243902,0.18101531636631046,0.7664994702756894,0.20384818263608848,305
