date,instrument,y_true,y_score,fold
2020-01-30,pl1s,0,0.48260372530134865,0
2020-01-30,si1s,1,0.3523283081685367,0
2020-01-31,pl1s,1,0.494596873631366,0
2020-01-31,si1s,1,0.31151896855990463,0
2020-02-03,si1s,0,0.3138765565975909,0
2020-02-03,pl1s,0,0.5021744575971773,0
2020-02-04,pl1s,1,0.7053770021728601,0
2020-02-04,si1s,0,0.2707381269099637,0
2020-02-05,pl1s,0,0.6048226018643594,0
2020-02-05,si1s,1,0.3882808692888843,0
2020-02-06,pl1s,1,0.6913489485143695,0
2020-02-06,si1s,0,0.39505697272698215,0
2020-02-07,pl1s,0,0.6699559587588657,0
2020-02-07,si1s,0,0.46036101019345876,0
2020-02-10,pl1s,1,0.6677817975226154,0
2020-02-11,pl1s,0,0.5543237226522242,0
2020-02-11,si1s,0,0.38275725298234864,0
2020-02-12,pl1s,1,0.5589616628936073,0
2020-02-12,si1s,0,0.3221491346608616,0
2020-02-13,si1s,1,0.42567355425384523,0
2020-02-13,pl1s,0,0.5824526394952144,0
2020-02-14,pl1s,1,0.5745580707136629,0
2020-02-14,si1s,1,0.41280332910871215,0
2020-02-18,pl1s,1,0.4871420052366516,0
2020-02-19,si1s,0,0.4337410643071621,0
2020-02-20,pl1s,0,0.4698428781013099,0
2020-02-20,si1s,0,0.44877749226783165,0
2020-02-21,pl1s,0,0.3644573783403938,0
2020-02-21,si1s,0,0.41711892446111076,0
2020-02-24,pl1s,0,0.34837039689330584,0
2020-02-24,si1s,1,0.3778754754832245,0
2020-02-25,pl1s,0,0.5094007248673879,0
2020-02-25,si1s,1,0.2965484706616785,0
2020-02-26,pl1s,0,0.5498621300290223,0
2020-02-26,si1s,1,0.2562697744210722,0
2020-02-27,si1s,1,0.2771036830705185,0
2020-02-27,pl1s,0,0.5897544490577936,0
2020-02-28,pl1s,0,0.7070589884118872,0
2020-02-28,si1s,1,0.4222832323435879,0
2020-03-02,pl1s,1,0.07301287349053079,0
2020-03-02,si1s,1,0.015182266221395627,0
2020-03-03,si1s,0,0.019233059084342027,0
2020-03-03,pl1s,1,0.06994298326651524,0
2020-03-04,si1s,0,0.012109118903645638,0
2020-03-04,pl1s,0,0.06921418117795448,0
2020-03-05,si1s,0,0.008088978322368181,0
2020-03-05,pl1s,1,0.06470384898931088,0
2020-03-06,si1s,0,0.011720306255966203,0
2020-03-06,pl1s,0,0.07096133434777398,0
2020-03-09,pl1s,1,0.047960798662268656,0
2020-03-09,si1s,0,0.011748105999183803,0
2020-03-10,si1s,0,0.018367602564553328,0
2020-03-10,pl1s,0,0.05881337262484975,0
2020-03-11,pl1s,0,0.08007432702810151,0
2020-03-11,si1s,0,0.026170212265617034,0
2020-03-12,si1s,0,0.08192198579100644,0
2020-03-12,pl1s,0,0.23768805792979503,0
2020-03-13,si1s,0,0.20555832686000264,0
2020-03-13,pl1s,0,0.4295644302685963,0
2020-03-16,si1s,0,0.5063288264330712,0
2020-03-16,pl1s,1,0.8634544891426185,0
2020-03-16,gc1s,1,0.3077327251834951,0
2020-03-17,si1s,0,0.4299435112376265,0
2020-03-17,pl1s,0,0.8057895729752119,0
2020-03-18,gc1s,1,0.43443417895427766,0
2020-03-18,si1s,1,0.8206138360501798,0
2020-03-18,pl1s,0,0.9562950827877554,0
2020-03-19,si1s,1,0.7695261344591503,0
2020-03-19,pl1s,1,0.9538633835875041,0
2020-03-19,gc1s,1,0.4712705692176708,0
2020-03-20,si1s,1,0.6483748748496209,0
2020-03-20,pl1s,1,0.860137032000103,0
2020-03-20,gc1s,1,0.29752028495226274,0
2020-03-23,pl1s,1,0.7853492782239555,0
2020-03-23,si1s,1,0.4056481394108734,0
2020-03-24,si1s,1,0.20875704761715208,0
2020-03-24,pl1s,0,0.4144718891608841,0
2020-03-25,pl1s,1,0.15926786601918141,0
2020-03-25,gc1s,0,0.034479671827660784,0
2020-03-26,gc1s,1,0.016992633704702217,0
2020-03-26,si1s,0,0.027014498482342428,0
2020-03-26,pl1s,0,0.059194535256079886,0
2020-03-27,gc1s,1,0.02041797120115566,0
2020-03-27,si1s,0,0.03447686729356765,0
2020-03-27,pl1s,1,0.06106302294545482,0
2020-03-30,gc1s,1,0.02051495020115668,0
2020-03-30,si1s,0,0.05840049304780575,0
2020-03-30,pl1s,0,0.06988376414586005,0
2020-03-31,pl1s,1,0.7092199303760798,0
2020-03-31,gc1s,0,0.452344390002083,0
2020-03-31,si1s,0,0.6506878135408638,0
2020-04-01,gc1s,0,0.4078710118280361,0
2020-04-01,si1s,0,0.6367801500749859,0
2020-04-02,pl1s,1,0.7935918976490328,0
2020-04-02,gc1s,0,0.6735941809873788,0
2020-04-02,si1s,0,0.7442647923353749,0
2020-04-03,pl1s,1,0.8623776878072682,0
2020-04-03,gc1s,0,0.7664962757267655,0
2020-04-03,si1s,0,0.8456075711405246,0
2020-04-06,pl1s,1,0.8078181117817266,0
2020-04-06,si1s,0,0.8602738589120041,0
2020-04-07,si1s,0,0.9001301176347989,0
2020-04-08,si1s,0,0.8744331562394723,0
2020-04-08,pl1s,1,0.8848531945757481,0
2020-04-09,pl1s,1,0.8619808906324561,0
2020-04-09,si1s,1,0.8803166292631358,0
2020-04-13,pl1s,1,0.8363772561959998,0
2020-04-13,si1s,0,0.842783618622669,0
2020-04-13,gc1s,1,0.7514472214804053,0
2020-04-14,si1s,1,0.7858855106902909,0
2020-04-15,pl1s,1,0.7602455475768088,0
2020-04-15,gc1s,1,0.5455245809360708,0
2020-04-15,si1s,1,0.7098729235411108,0
2020-04-16,pl1s,1,0.7917540519327756,0
2020-04-16,gc1s,1,0.6857044143123446,0
2020-04-16,si1s,1,0.7315670334512044,0
2020-04-17,si1s,0,0.7928857131600292,0
2020-04-17,gc1s,0,0.6828908576573447,0
2020-04-17,pl1s,0,0.7901717034082921,0
2020-04-20,gc1s,0,0.6530241271759591,0
2020-04-20,si1s,1,0.753759898075781,0
2020-04-21,pl1s,0,0.8198058289596738,0
2020-04-22,pl1s,0,0.8511653584081756,0
2020-04-22,si1s,0,0.8601409538023084,0
2020-04-23,si1s,0,0.8574245936407952,0
2020-04-23,pl1s,1,0.8989993334411027,0
2020-04-24,si1s,1,0.7423055233456953,0
2020-04-27,pl1s,1,0.7781052272621183,0
2020-04-27,gc1s,0,0.7051171791907673,0
2020-04-28,gc1s,0,0.7218040052359046,0
2020-04-29,pl1s,0,0.7954478868608874,0
2020-04-29,si1s,1,0.6311275477322792,0
2020-04-30,pl1s,1,0.7973461055224577,0
2020-04-30,si1s,0,0.7066142782472693,0
2020-05-01,pl1s,0,0.7976649928048769,0
2020-05-01,si1s,0,0.7153921289948725,0
2020-05-04,si1s,1,0.7378728171171777,0
2020-05-05,si1s,1,0.78201006467789,0
2020-05-06,gc1s,1,0.8040502334468365,0
2020-05-06,si1s,1,0.8664469199221215,0
2020-05-07,gc1s,0,0.8592168440995592,0
2020-05-07,si1s,0,0.8563600020516756,0
2020-05-08,si1s,0,0.8811741796258031,0
2020-05-08,pl1s,1,0.8245404549239885,0
2020-05-11,si1s,1,0.8426699014171792,0
2020-05-11,pl1s,1,0.7993847146673124,0
2020-05-12,si1s,1,0.8028813617191041,0
2020-05-12,pl1s,0,0.8182005556875459,0
2020-05-13,si1s,1,0.7680002955017408,0
2020-05-13,pl1s,1,0.7801959635147871,0
2020-05-14,si1s,1,0.7961022691672158,0
2020-05-14,pl1s,1,0.8182554584001106,0
2020-05-15,si1s,1,0.84977884888482,0
2020-05-18,pl1s,1,0.7888297003859581,0
2020-05-18,si1s,1,0.8126866067327929,0
2020-05-19,si1s,0,0.7575737520881672,0
2020-05-19,pl1s,1,0.6832467141415544,0
2020-05-20,si1s,0,0.7463136353651421,0
2020-05-20,gc1s,1,0.6217476898883656,0
2020-05-21,si1s,1,0.777925162933271,0
2020-05-21,gc1s,0,0.618043603574672,0
2020-05-22,gc1s,1,0.8138556611749137,0
2020-05-22,si1s,0,0.8084717249665302,0
2020-05-22,pl1s,1,0.6842852236846494,0
2020-05-26,gc1s,0,0.6694422822953167,0
2020-05-26,pl1s,0,0.7623253497698552,0
2020-05-26,si1s,0,0.8485535870801604,0
2020-05-27,gc1s,0,0.7222907429267273,0
2020-05-27,si1s,0,0.876661891020914,0
2020-05-27,pl1s,1,0.7662211833788878,0
2020-05-28,gc1s,0,0.749131269135159,0
2020-05-28,pl1s,0,0.8044297359378637,0
2020-05-28,si1s,0,0.8621317235065521,0
2020-05-29,si1s,0,0.7909347323951078,0
2020-05-29,pl1s,0,0.7362784543064574,0
2020-06-01,pl1s,1,0.6913477900250917,0
2020-06-01,si1s,1,0.7723042391373331,0
2020-06-02,pl1s,1,0.6790563971550894,0
2020-06-02,gc1s,1,0.5492357679142105,0
2020-06-02,si1s,1,0.7297740822102963,0
2020-06-03,pl1s,0,0.6336546442187323,0
2020-06-04,pl1s,1,0.7115678615809211,0
2020-06-04,si1s,1,0.6814773443041428,0
2020-06-05,pl1s,1,0.8537610681605018,0
2020-06-08,pl1s,1,0.7185397930932608,0
2020-06-09,si1s,0,0.5340640155721459,0
2020-06-09,pl1s,1,0.6880373743029112,0
2020-06-10,si1s,0,0.45233060266425246,0
2020-06-10,pl1s,1,0.6176945581273535,0
2020-06-11,si1s,1,0.45215596567538546,0
2020-06-11,pl1s,1,0.6500578343623775,0
2020-06-12,pl1s,0,0.5129242268754657,0
2020-06-12,si1s,0,0.2866222701590617,0
2020-06-15,si1s,0,0.3639799950822362,0
2020-06-15,pl1s,0,0.5518354970513908,0
2020-06-16,si1s,0,0.42486550010146956,0
2020-06-16,pl1s,1,0.576680392148001,0
2020-06-17,si1s,1,0.4481948429232112,0
2020-06-17,pl1s,0,0.6499282476398006,0
2020-06-18,si1s,0,0.46848841857499485,0
2020-06-18,pl1s,1,0.6921506876140459,0
2020-06-19,si1s,0,0.5316593681468836,0
2020-06-19,gc1s,1,0.5914357209616529,0
2020-06-19,pl1s,1,0.680297683180164,0
2020-06-22,gc1s,1,0.6315773581596349,0
2020-06-22,si1s,0,0.517828319445362,0
2020-06-23,si1s,1,0.4370548852590662,0
2020-06-23,gc1s,0,0.5664845031360082,0
2020-06-24,pl1s,0,0.6425449102859343,0
2020-06-24,si1s,0,0.4084418752989492,0
2020-06-25,pl1s,1,0.6396075495790589,0
2020-06-25,gc1s,1,0.4098459139691208,0
2020-06-25,si1s,0,0.37811411295980935,0
2020-06-26,pl1s,1,0.674115572922362,0
2020-06-26,gc1s,1,0.5395647468449111,0
2020-06-26,si1s,0,0.4988033048661692,0
2020-06-29,pl1s,1,0.5814466155071929,0
2020-06-29,gc1s,1,0.4551601875902532,0
2020-06-29,si1s,1,0.5000151322205889,0
2020-06-30,pl1s,0,0.5456933051345145,0
2020-07-01,pl1s,0,0.5628369439507748,0
2020-07-01,si1s,0,0.37696277319726107,0
2020-07-02,gc1s,1,0.44925941164941074,0
2020-07-02,si1s,0,0.3055939218355139,0
2020-07-02,pl1s,1,0.4659654944301046,0
2020-07-06,pl1s,1,0.4653386630620032,0
2020-07-06,gc1s,1,0.43811850404382796,0
2020-07-06,si1s,1,0.28889169249292757,0
2020-07-07,pl1s,1,0.5019440722751182,0
2020-07-07,gc1s,0,0.45764624548592825,0
2020-07-07,si1s,1,0.3095658471894734,0
2020-07-08,gc1s,0,0.4141236971192407,0
2020-07-08,si1s,0,0.3048238158435273,0
2020-07-08,pl1s,0,0.39931475216329976,0
2020-07-09,gc1s,0,0.4198499263626128,0
2020-07-09,si1s,0,0.3938539959101314,0
2020-07-09,pl1s,0,0.46819788150256053,0
2020-07-10,si1s,0,0.3440254376939216,0
2020-07-10,gc1s,1,0.4092515003439042,0
2020-07-10,pl1s,1,0.3504981401678848,0
2020-07-13,si1s,1,0.4399651842981793,0
2020-07-13,gc1s,0,0.36403993930841927,0
2020-07-13,pl1s,0,0.3852264260496805,0
2020-07-14,pl1s,1,0.39845279670838935,0
2020-07-14,si1s,0,0.37816067684184007,0
2020-07-14,gc1s,0,0.3444637412833872,0
2020-07-15,pl1s,0,0.46154253447675,0
2020-07-15,gc1s,0,0.40281614471997906,0
2020-07-15,si1s,0,0.4236793801855658,0
2020-07-16,gc1s,1,0.3875211729075635,0
2020-07-16,pl1s,1,0.49057659883743493,0
2020-07-17,si1s,0,0.456356295707117,0
2020-07-17,pl1s,1,0.48424680596288566,0
2020-07-20,si1s,0,0.3815846630692171,0
2020-07-20,pl1s,1,0.440225425295392,0
2020-07-21,si1s,0,0.40477341995606303,0
2020-07-22,si1s,0,0.5115974008191951,0
2020-07-22,pl1s,0,0.4776267489754596,0
2020-07-23,si1s,0,0.578660163579505,0
2020-07-23,pl1s,1,0.4171911634648167,0
2020-07-24,pl1s,0,0.36427277096421284,0
2020-07-24,si1s,0,0.47022289475627543,0
2020-07-27,pl1s,0,0.35966596905757386,0
2020-07-27,si1s,1,0.5428530639800302,0
2020-07-28,pl1s,1,0.456018463899874,0
2020-07-28,si1s,1,0.6487319865461004,0
2020-07-29,si1s,1,0.6211491617971134,0
2020-07-29,pl1s,1,0.4911907756777512,0
2020-07-30,si1s,0,0.48731091965403206,0
2020-07-30,pl1s,1,0.45718869678567364,0
2020-07-31,si1s,0,0.5450566149307264,0
2020-07-31,pl1s,1,0.458351532451499,0
2020-08-03,si1s,0,0.581825299146907,0
2020-08-03,pl1s,1,0.48968638737385717,0
2020-08-04,si1s,0,0.6136073954141709,0
2020-08-04,pl1s,0,0.5197482847721766,0
2020-08-05,pl1s,0,0.6213752964256305,0
2020-08-05,si1s,0,0.7318761508219166,0
2020-08-06,si1s,1,0.7792845589527265,0
2020-08-06,pl1s,1,0.640892037115773,0
2020-08-07,pl1s,0,0.5841502806999925,0
2020-08-07,si1s,0,0.7524722387993756,0
2020-08-10,si1s,1,0.6795913091051581,0
2020-08-10,pl1s,1,0.5382549044434676,0
2020-08-11,pl1s,0,0.6248327507381345,0
2020-08-11,si1s,1,0.5981325035750853,0
2020-08-12,si1s,1,0.44924003098795107,0
2020-08-12,pl1s,0,0.515368700749311,0
2020-08-13,si1s,1,0.547917664669932,0
2020-08-13,pl1s,1,0.5828327787291874,0
2020-08-14,si1s,0,0.45291534981990356,0
2020-08-14,pl1s,0,0.46340329017018045,0
2020-08-17,pl1s,0,0.3438258950318297,0
2020-08-17,si1s,0,0.24399668521119983,0
2020-08-18,si1s,1,0.2374383339557842,0
2020-08-18,pl1s,1,0.32632019190777767,0
2020-08-18,gc1s,1,0.33720525118225686,0
2020-08-19,pl1s,0,0.47034979132561716,0
2020-08-19,si1s,1,0.24249121877055083,0
2020-08-19,gc1s,1,0.41460589366693973,0
2020-01-30,pl1s,0,0.5593049777939808,1
2020-01-30,si1s,1,0.2922477395320937,1
2020-01-31,pl1s,1,0.5727952302217402,1
2020-01-31,si1s,1,0.29302801933770134,1
2020-02-03,si1s,0,0.28143391078191904,1
2020-02-03,pl1s,0,0.5772842559769094,1
2020-02-04,pl1s,1,0.7586506789564761,1
2020-02-04,si1s,0,0.2552715665080373,1
2020-02-05,pl1s,0,0.6597551574575607,1
2020-02-05,si1s,1,0.38041776599893157,1
2020-02-06,pl1s,1,0.6696947193453411,1
2020-02-06,si1s,0,0.3874123254741163,1
2020-02-07,pl1s,0,0.6846518503447229,1
2020-02-07,si1s,0,0.413873644746064,1
2020-02-10,pl1s,1,0.6413350083034518,1
2020-02-11,pl1s,0,0.5616486158715671,1
2020-02-11,si1s,0,0.26709862621384267,1
2020-02-12,pl1s,1,0.5482926637015902,1
2020-02-12,si1s,0,0.17451367335376028,1
2020-02-13,si1s,1,0.2839615442266292,1
2020-02-13,pl1s,0,0.561240431982568,1
2020-02-14,pl1s,1,0.5356194989907135,1
2020-02-14,si1s,1,0.2442522501874641,1
2020-02-18,pl1s,1,0.4782932772209702,1
2020-02-19,si1s,0,0.22555810474955282,1
2020-02-20,pl1s,0,0.45702356181601594,1
2020-02-20,si1s,0,0.23570299112641924,1
2020-02-21,pl1s,0,0.45808255536850373,1
2020-02-21,si1s,0,0.23729739860987867,1
2020-02-24,pl1s,0,0.44572576034618433,1
2020-02-24,si1s,1,0.212122838583323,1
2020-02-25,pl1s,0,0.5322007257854581,1
2020-02-25,si1s,1,0.25202062291962474,1
2020-02-26,pl1s,0,0.5760508429018291,1
2020-02-26,si1s,1,0.27675610806643725,1
2020-02-27,si1s,1,0.3255772608045415,1
2020-02-27,pl1s,0,0.6495418449819113,1
2020-02-28,pl1s,0,0.7023423248074538,1
2020-02-28,si1s,1,0.4998638189837457,1
2020-03-02,pl1s,1,0.17932676166259634,1
2020-03-02,si1s,1,0.07888341658975187,1
2020-03-03,si1s,0,0.057454876727249894,1
2020-03-03,pl1s,1,0.12715606784717817,1
2020-03-04,si1s,0,0.03472305305412262,1
2020-03-04,pl1s,0,0.10490707278548535,1
2020-03-05,si1s,0,0.03257522157923524,1
2020-03-05,pl1s,1,0.1133465076717175,1
2020-03-06,si1s,0,0.042853810981423504,1
2020-03-06,pl1s,0,0.12920986703001858,1
2020-03-09,pl1s,1,0.08226610538250229,1
2020-03-09,si1s,0,0.03806163830512406,1
2020-03-10,si1s,0,0.054703542755144545,1
2020-03-10,pl1s,0,0.13488821886520494,1
2020-03-11,pl1s,0,0.1439181717113868,1
2020-03-11,si1s,0,0.0761059394387665,1
2020-03-12,si1s,0,0.19861384367499182,1
2020-03-12,pl1s,0,0.42013585431119255,1
2020-03-13,si1s,0,0.3020714354606866,1
2020-03-13,pl1s,0,0.5798098525584874,1
2020-03-16,si1s,0,0.5597915010676412,1
2020-03-16,pl1s,1,0.8437244055025873,1
2020-03-16,gc1s,1,0.6419206101188779,1
2020-03-17,si1s,0,0.507722768857553,1
2020-03-17,pl1s,0,0.8596875964354039,1
2020-03-18,gc1s,1,0.6082085816988387,1
2020-03-18,si1s,1,0.5790427618339373,1
2020-03-18,pl1s,0,0.8653739745529493,1
2020-03-19,si1s,1,0.4948757613689869,1
2020-03-19,pl1s,1,0.8601756557057593,1
2020-03-19,gc1s,1,0.6402087825690327,1
2020-03-20,si1s,1,0.28519997555970317,1
2020-03-20,pl1s,1,0.7284163804017288,1
2020-03-20,gc1s,1,0.44960159458616183,1
2020-03-23,pl1s,1,0.5199024495129025,1
2020-03-23,si1s,1,0.16696450490056225,1
2020-03-24,si1s,1,0.08679735905179316,1
2020-03-24,pl1s,0,0.26522717179527505,1
2020-03-25,pl1s,1,0.07823002220220225,1
2020-03-25,gc1s,0,0.07346795515233502,1
2020-03-26,gc1s,1,0.05276357904182462,1
2020-03-26,si1s,0,0.020816133705909335,1
2020-03-26,pl1s,0,0.04889978720874392,1
2020-03-27,gc1s,1,0.060791007550865334,1
2020-03-27,si1s,0,0.03206370811731138,1
2020-03-27,pl1s,1,0.059689019382744846,1
2020-03-30,gc1s,1,0.0433930370107502,1
2020-03-30,si1s,0,0.031042800480506234,1
2020-03-30,pl1s,0,0.05084234390660918,1
2020-03-31,pl1s,1,0.37933802400762334,1
2020-03-31,gc1s,0,0.3424122112620907,1
2020-03-31,si1s,0,0.269980219640079,1
2020-04-01,gc1s,0,0.32027058481547377,1
2020-04-01,si1s,0,0.2306169429956799,1
2020-04-02,pl1s,1,0.501482364366465,1
2020-04-02,gc1s,0,0.5136825780688393,1
2020-04-02,si1s,0,0.34476640238331974,1
2020-04-03,pl1s,1,0.6691268907861725,1
2020-04-03,gc1s,0,0.6119553265750728,1
2020-04-03,si1s,0,0.48615336093968703,1
2020-04-06,pl1s,1,0.6750789234670294,1
2020-04-06,si1s,0,0.609696030538396,1
2020-04-07,si1s,0,0.6277467124169761,1
2020-04-08,si1s,0,0.6489627535943991,1
2020-04-08,pl1s,1,0.8087588991642825,1
2020-04-09,pl1s,1,0.7533281165547793,1
2020-04-09,si1s,1,0.6580238375746866,1
2020-04-13,pl1s,1,0.6940677573520464,1
2020-04-13,si1s,0,0.5169798122903995,1
2020-04-13,gc1s,1,0.5752201728061619,1
2020-04-14,si1s,1,0.46462814451132783,1
2020-04-15,pl1s,1,0.37576115311362723,1
2020-04-15,gc1s,1,0.3765014705545073,1
2020-04-15,si1s,1,0.3298188547036123,1
2020-04-16,pl1s,1,0.5240799537434921,1
2020-04-16,gc1s,1,0.4824137761910334,1
2020-04-16,si1s,1,0.4193216636513818,1
2020-04-17,si1s,0,0.4458880405829656,1
2020-04-17,gc1s,0,0.4811401908920618,1
2020-04-17,pl1s,0,0.5151481626384513,1
2020-04-20,gc1s,0,0.5277943506234195,1
2020-04-20,si1s,1,0.4744138176207535,1
2020-04-21,pl1s,0,0.6084001427876056,1
2020-04-22,pl1s,0,0.7267289527249329,1
2020-04-22,si1s,0,0.7142713029280323,1
2020-04-23,si1s,0,0.6463358520018095,1
2020-04-23,pl1s,1,0.7380439631852075,1
2020-04-24,si1s,1,0.48828313582549276,1
2020-04-27,pl1s,1,0.7000550746151368,1
2020-04-27,gc1s,0,0.6809866008499287,1
2020-04-28,gc1s,0,0.6692199272122783,1
2020-04-29,pl1s,0,0.5809484957370544,1
2020-04-29,si1s,1,0.3790749093151421,1
2020-04-30,pl1s,1,0.5803413010046004,1
2020-04-30,si1s,0,0.41118344279652963,1
2020-05-01,pl1s,0,0.6101578356789094,1
2020-05-01,si1s,0,0.4936636811416697,1
2020-05-04,si1s,1,0.46857223221134836,1
2020-05-05,si1s,1,0.537444435477808,1
2020-05-06,gc1s,1,0.675921995087126,1
2020-05-06,si1s,1,0.5718659209975068,1
2020-05-07,gc1s,0,0.7356482372381434,1
2020-05-07,si1s,0,0.5279363121381665,1
2020-05-08,si1s,0,0.5561242740826271,1
2020-05-08,pl1s,1,0.6120006565409116,1
2020-05-11,si1s,1,0.5823776229238584,1
2020-05-11,pl1s,1,0.6136029012188962,1
2020-05-12,si1s,1,0.5514305786494454,1
2020-05-12,pl1s,0,0.6709213253903139,1
2020-05-13,si1s,1,0.5051691929314278,1
2020-05-13,pl1s,1,0.6193378189351509,1
2020-08-20,si1s,0,0.2699794115315434,1
2020-08-20,gc1s,0,0.49710713433916076,1
2020-08-20,pl1s,0,0.5572069782188388,1
2020-08-21,pl1s,0,0.5875036494244363,1
2020-08-21,gc1s,0,0.49767737021259517,1
2020-08-21,si1s,0,0.24842250866618662,1
2020-08-24,pl1s,1,0.6265933832122307,1
2020-08-24,gc1s,0,0.5860306667649913,1
2020-08-25,pl1s,1,0.6172875099677818,1
2020-08-25,si1s,1,0.4615404973199877,1
2020-08-26,pl1s,0,0.6091457135469206,1
2020-08-27,pl1s,1,0.6859953521955793,1
2020-08-27,si1s,0,0.41652556988699596,1
2020-08-28,pl1s,1,0.5767064257032097,1
2020-08-28,si1s,0,0.47750138266438275,1
2020-08-31,pl1s,1,0.6093996815139351,1
2020-08-31,si1s,1,0.41427669448366417,1
2020-09-01,si1s,1,0.380189212763605,1
2020-09-01,pl1s,0,0.5587353093964916,1
2020-09-02,si1s,1,0.29635811823380104,1
2020-09-02,pl1s,0,0.48982494523721837,1
2020-09-03,si1s,0,0.453925085360723,1
2020-09-03,pl1s,1,0.5624196611303397,1
2020-09-04,si1s,0,0.49558396698284235,1
2020-09-04,pl1s,1,0.5829943258105913,1
2020-09-08,si1s,0,0.5147876950853009,1
2020-09-08,pl1s,1,0.5476309026994216,1
2020-09-09,pl1s,1,0.5615175501561604,1
2020-09-10,si1s,0,0.5283370743123847,1
2020-09-11,si1s,1,0.5390656971642499,1
2020-09-14,si1s,0,0.42868625096061264,1
2020-09-14,pl1s,0,0.5091734438264796,1
2020-09-15,pl1s,1,0.3934459182453663,1
2020-09-15,si1s,0,0.43539583496870404,1
2020-09-16,pl1s,0,0.40057483916394643,1
2020-09-16,si1s,0,0.46159156815754293,1
2020-09-17,pl1s,1,0.4555588806327674,1
2020-09-17,si1s,0,0.510714665033444,1
2020-09-18,pl1s,0,0.5301190623870986,1
2020-09-18,si1s,0,0.5238523658672621,1
2020-09-21,si1s,1,0.43453362712480365,1
2020-09-21,pl1s,0,0.5862554968496785,1
2020-09-22,si1s,1,0.48290279514546325,1
2020-09-22,pl1s,0,0.6114713380122009,1
2020-09-23,gc1s,1,0.7233689580295527,1
2020-09-24,si1s,1,0.5773183480859758,1
2020-09-24,gc1s,0,0.740426533160169,1
2020-09-25,pl1s,1,0.6680301382776855,1
2020-09-25,gc1s,1,0.6988065010007929,1
2020-09-28,gc1s,1,0.6976941016626496,1
2020-09-28,si1s,0,0.3886901024015969,1
2020-09-28,pl1s,1,0.6706180062531226,1
2020-09-29,gc1s,0,0.6084642673226239,1
2020-09-29,si1s,1,0.28513494692526986,1
2020-09-30,pl1s,0,0.542884722987762,1
2020-09-30,gc1s,1,0.5581721441630395,1
2020-09-30,si1s,1,0.39648155946835767,1
2020-10-01,pl1s,0,0.49886190957077536,1
2020-10-02,si1s,1,0.44383836528363685,1
2020-10-02,pl1s,1,0.5620961392890199,1
2020-10-05,pl1s,0,0.6295871556350144,1
2020-10-05,si1s,1,0.4130113116140994,1
2020-10-06,pl1s,0,0.6221041819091464,1
2020-10-06,si1s,1,0.4554793912350679,1
2020-10-07,pl1s,0,0.5787160382873672,1
2020-10-07,si1s,1,0.4488457911407255,1
2020-10-08,pl1s,1,0.5565543969135129,1
2020-10-08,si1s,1,0.3955210954468398,1
2020-10-09,si1s,1,0.43189779383176286,1
2020-10-09,pl1s,0,0.5280466699291971,1
2020-10-12,pl1s,0,0.45822266075605134,1
2020-10-12,si1s,1,0.31271944607570373,1
2020-10-13,pl1s,0,0.4611263979228629,1
2020-10-14,si1s,0,0.30245904363888493,1
2020-10-14,pl1s,0,0.4603061975467588,1
2020-10-15,pl1s,1,0.4788431808652167,1
2020-10-16,si1s,0,0.35039190857917757,1
2020-10-16,pl1s,0,0.5418910844277149,1
2020-10-19,gc1s,0,0.49950414034699214,1
2020-10-19,si1s,0,0.39741057528831547,1
2020-10-19,pl1s,1,0.5392390228214262,1
2020-10-20,pl1s,1,0.5197581343788431,1
2020-10-20,si1s,0,0.3856544733011102,1
2020-10-20,gc1s,0,0.5016796955966325,1
2020-10-21,gc1s,0,0.546441557918647,1
2020-10-21,si1s,0,0.42353678342806744,1
2020-10-21,pl1s,0,0.475226173478684,1
2020-10-22,gc1s,0,0.5150479693133518,1
2020-10-22,pl1s,1,0.5207487039742059,1
2020-10-22,si1s,0,0.4260478811638353,1
2020-10-23,pl1s,0,0.5633336023336276,1
2020-10-23,gc1s,0,0.5015644934333483,1
2020-10-23,si1s,0,0.42543201604190173,1
2020-10-26,gc1s,0,0.512796822379405,1
2020-10-26,pl1s,1,0.5378387372432412,1
2020-10-26,si1s,0,0.40571396614789346,1
2020-10-27,gc1s,0,0.5160176543944412,1
2020-10-27,pl1s,0,0.5027815695394616,1
2020-10-27,si1s,0,0.45727157802759877,1
2020-10-28,si1s,1,0.4358626275955858,1
2020-10-28,pl1s,0,0.4785167416960578,1
2020-10-28,gc1s,0,0.49095100671926617,1
2020-10-29,si1s,1,0.47420243479588453,1
2020-10-29,pl1s,0,0.5606112037217643,1
2020-10-29,gc1s,1,0.46931023122679544,1
2020-10-30,gc1s,1,0.5634800351713957,1
2020-10-30,pl1s,1,0.563720174300116,1
2020-10-30,si1s,1,0.4727222873392803,1
2020-11-02,pl1s,1,0.5100773114126077,1
2020-11-02,si1s,0,0.4503821027315938,1
2020-11-03,gc1s,0,0.5088496817698962,1
2020-11-03,si1s,1,0.42942114554434957,1
2020-11-03,pl1s,0,0.5083270033868305,1
2020-11-04,si1s,1,0.5583471316203592,1
2020-11-04,pl1s,1,0.4255549492403903,1
2020-11-04,gc1s,1,0.3854726168635075,1
2020-11-05,pl1s,0,0.41936274086690123,1
2020-11-05,si1s,0,0.38981953359245597,1
2020-11-06,si1s,1,0.3058941614158756,1
2020-11-06,pl1s,0,0.3990858563475678,1
2020-11-09,si1s,1,0.36160793693568694,1
2020-11-09,pl1s,1,0.480716196379821,1
2020-11-10,si1s,0,0.3908026900903303,1
2020-11-10,pl1s,0,0.5136904608903112,1
2020-11-10,gc1s,0,0.5238120203163459,1
2020-11-11,si1s,1,0.452011956074145,1
2020-11-11,pl1s,1,0.5732782112856715,1
2020-11-12,si1s,0,0.4508815874848777,1
2020-11-12,pl1s,1,0.5570512787174167,1
2020-11-12,gc1s,0,0.5976015648811314,1
2020-11-13,si1s,0,0.4347246235817305,1
2020-11-13,pl1s,1,0.5189050168938533,1
2020-11-16,pl1s,1,0.43058126133925667,1
2020-11-16,si1s,0,0.31298376385933446,1
2020-11-17,pl1s,1,0.32884324930590025,1
2020-11-17,si1s,1,0.20473066425391137,1
2020-11-18,pl1s,1,0.46202669580172234,1
2020-11-18,si1s,0,0.23813936092944285,1
2020-11-19,si1s,0,0.2933489119672217,1
2020-11-19,pl1s,1,0.4436356403979907,1
2020-11-19,gc1s,0,0.4185209279955586,1
2020-11-20,pl1s,0,0.48165885508466383,1
2020-11-20,si1s,0,0.3089383480168455,1
2020-11-23,gc1s,0,0.5442193707732847,1
2020-11-23,pl1s,1,0.44469458055181216,1
2020-11-23,si1s,0,0.35554351092662567,1
2020-11-24,gc1s,0,0.5515967581083191,1
2020-11-24,pl1s,1,0.515154103408432,1
2020-11-24,si1s,0,0.4099775928398469,1
2020-11-25,gc1s,0,0.5699428403816814,1
2020-01-30,pl1s,0,0.33043129532515925,2
2020-01-30,si1s,1,0.19358446040394864,2
2020-01-31,pl1s,1,0.3558443726061753,2
2020-01-31,si1s,1,0.17990256547587924,2
2020-02-03,si1s,0,0.24236440142803295,2
2020-02-03,pl1s,0,0.39291323104585213,2
2020-02-04,pl1s,1,0.5797051340208992,2
2020-02-04,si1s,0,0.20045724559945274,2
2020-02-05,pl1s,0,0.46582215985940006,2
2020-02-05,si1s,1,0.24685005492630885,2
2020-02-06,pl1s,1,0.5173665603866097,2
2020-02-06,si1s,0,0.2546387765690466,2
2020-02-07,pl1s,0,0.5105703509610865,2
2020-02-07,si1s,0,0.3217559949169322,2
2020-02-10,pl1s,1,0.49537170281239434,2
2020-02-11,pl1s,0,0.39128509530435956,2
2020-02-11,si1s,0,0.34538889117851984,2
2020-02-12,pl1s,1,0.3944468287864451,2
2020-02-12,si1s,0,0.35491647324983927,2
2020-02-13,si1s,1,0.3960847400452095,2
2020-02-13,pl1s,0,0.3781280018034259,2
2020-02-14,pl1s,1,0.3862069762102681,2
2020-02-14,si1s,1,0.376842302993872,2
2020-02-18,pl1s,1,0.35950015556223663,2
2020-02-19,si1s,0,0.39235284288066347,2
2020-02-20,pl1s,0,0.3797118236406786,2
2020-02-20,si1s,0,0.4269160374078515,2
2020-02-21,pl1s,0,0.3070663143189471,2
2020-02-21,si1s,0,0.4146578416670526,2
2020-02-24,pl1s,0,0.3281335387067772,2
2020-02-24,si1s,1,0.3765397762145679,2
2020-02-25,pl1s,0,0.5431253087232794,2
2020-02-25,si1s,1,0.2321138031177045,2
2020-02-26,pl1s,0,0.5593938891752437,2
2020-02-26,si1s,1,0.2443607237169424,2
2020-02-27,si1s,1,0.2879435497189898,2
2020-02-27,pl1s,0,0.5915745757688021,2
2020-02-28,pl1s,0,0.6919043399717785,2
2020-02-28,si1s,1,0.47984647531432173,2
2020-03-02,pl1s,1,0.10445850315520273,2
2020-03-02,si1s,1,0.042511983219472756,2
2020-03-03,si1s,0,0.04367108923386714,2
2020-03-03,pl1s,1,0.08341275528748662,2
2020-03-04,si1s,0,0.02162206573118411,2
2020-03-04,pl1s,0,0.0688993704712959,2
2020-03-05,si1s,0,0.01846628883845178,2
2020-03-05,pl1s,1,0.0738836762807322,2
2020-03-06,si1s,0,0.02369242768751452,2
2020-03-06,pl1s,0,0.08493144429337539,2
2020-03-09,pl1s,1,0.04040404974377718,2
2020-03-09,si1s,0,0.019357724579966998,2
2020-03-10,si1s,0,0.02509557246837579,2
2020-03-10,pl1s,0,0.06006217531984733,2
2020-03-11,pl1s,0,0.06370449025473125,2
2020-03-11,si1s,0,0.033761558759855294,2
2020-03-12,si1s,0,0.11468459306073739,2
2020-03-12,pl1s,0,0.3410996778848144,2
2020-03-13,si1s,0,0.21609836344636454,2
2020-03-13,pl1s,0,0.4791606013634365,2
2020-03-16,si1s,0,0.6322857225795625,2
2020-03-16,pl1s,1,0.8907484075107802,2
2020-03-16,gc1s,1,0.4374976388070593,2
2020-03-17,si1s,0,0.49492831184619385,2
2020-03-17,pl1s,0,0.8524564242953342,2
2020-03-18,gc1s,1,0.3984986144072017,2
2020-03-18,si1s,1,0.5922723488825169,2
2020-03-18,pl1s,0,0.8799060054747454,2
2020-03-19,si1s,1,0.46862245052411317,2
2020-03-19,pl1s,1,0.8741168579040248,2
2020-03-19,gc1s,1,0.4292152624794528,2
2020-03-20,si1s,1,0.2776457914566259,2
2020-03-20,pl1s,1,0.6680957033557179,2
2020-03-20,gc1s,1,0.23086696093773956,2
2020-03-23,pl1s,1,0.6746057536636098,2
2020-03-23,si1s,1,0.2841596954972587,2
2020-03-24,si1s,1,0.2337471929674663,2
2020-03-24,pl1s,0,0.4752170249841219,2
2020-03-25,pl1s,1,0.22161857421108486,2
2020-03-25,gc1s,0,0.11345628524522505,2
2020-03-26,gc1s,1,0.038513821451060526,2
2020-03-26,si1s,0,0.03754779994203541,2
2020-03-26,pl1s,0,0.12294073004308753,2
2020-03-27,gc1s,1,0.03380857085813962,2
2020-03-27,si1s,0,0.03136092809782399,2
2020-03-27,pl1s,1,0.0838584229132815,2
2020-03-30,gc1s,1,0.031185030890576143,2
2020-03-30,si1s,0,0.047210740450140454,2
2020-03-30,pl1s,0,0.0744533342030665,2
2020-03-31,pl1s,1,0.5365831071085281,2
2020-03-31,gc1s,0,0.3665758581515691,2
2020-03-31,si1s,0,0.37902581175516536,2
2020-04-01,gc1s,0,0.33766595733699767,2
2020-04-01,si1s,0,0.3033280473865323,2
2020-04-02,pl1s,1,0.6187107639005021,2
2020-04-02,gc1s,0,0.5410864644484041,2
2020-04-02,si1s,0,0.47629804186034685,2
2020-04-03,pl1s,1,0.7197003237101444,2
2020-04-03,gc1s,0,0.6580506561359081,2
2020-04-03,si1s,0,0.6427950676873447,2
2020-04-06,pl1s,1,0.7538612001956053,2
2020-04-06,si1s,0,0.7753482437395259,2
2020-04-07,si1s,0,0.7943489869194416,2
2020-04-08,si1s,0,0.77950497482202,2
2020-04-08,pl1s,1,0.8333416536253542,2
2020-04-09,pl1s,1,0.7335256171370304,2
2020-04-09,si1s,1,0.7692999969206505,2
2020-04-13,pl1s,1,0.713397120449687,2
2020-04-13,si1s,0,0.694703145573999,2
2020-04-13,gc1s,1,0.6543195387198089,2
2020-04-14,si1s,1,0.6085467020160359,2
2020-04-15,pl1s,1,0.5529324275407165,2
2020-04-15,gc1s,1,0.4362055252806904,2
2020-04-15,si1s,1,0.46128129138409024,2
2020-04-16,pl1s,1,0.5698635140209828,2
2020-04-16,gc1s,1,0.4958376305302492,2
2020-04-16,si1s,1,0.48490026193959024,2
2020-04-17,si1s,0,0.49829433467364354,2
2020-04-17,gc1s,0,0.49210337095544904,2
2020-04-17,pl1s,0,0.5241366510654064,2
2020-04-20,gc1s,0,0.4995749224522992,2
2020-04-20,si1s,1,0.45094848983549135,2
2020-04-21,pl1s,0,0.6857296315426061,2
2020-04-22,pl1s,0,0.7216307523431392,2
2020-04-22,si1s,0,0.6955051699571736,2
2020-04-23,si1s,0,0.6789016429194936,2
2020-04-23,pl1s,1,0.7948216785119844,2
2020-04-24,si1s,1,0.5772935480389784,2
2020-04-27,pl1s,1,0.7211621101308062,2
2020-04-27,gc1s,0,0.6434653334569626,2
2020-04-28,gc1s,0,0.6535459159227596,2
2020-04-29,pl1s,0,0.6810542513843845,2
2020-04-29,si1s,1,0.4753057566846404,2
2020-04-30,pl1s,1,0.6091778111384643,2
2020-04-30,si1s,0,0.49559433995285695,2
2020-05-01,pl1s,0,0.6374063580166648,2
2020-05-01,si1s,0,0.4328424619546713,2
2020-05-04,si1s,1,0.46159859892144134,2
2020-05-05,si1s,1,0.47060902419811973,2
2020-05-06,gc1s,1,0.620951636884877,2
2020-05-06,si1s,1,0.5457705970817625,2
2020-05-07,gc1s,0,0.6869113874986581,2
2020-05-07,si1s,0,0.5871541447964362,2
2020-05-08,si1s,0,0.5593552051125705,2
2020-05-08,pl1s,1,0.6281349198808842,2
2020-05-11,si1s,1,0.5175716828139373,2
2020-05-11,pl1s,1,0.6578286629457915,2
2020-05-12,si1s,1,0.41511690693343956,2
2020-05-12,pl1s,0,0.6591982324264106,2
2020-05-13,si1s,1,0.36722821682053775,2
2020-05-13,pl1s,1,0.5925055661657505,2
2020-11-25,si1s,0,0.2952135802948834,2
2020-11-27,gc1s,0,0.4723477814580587,2
2020-11-27,si1s,1,0.41966002422683457,2
2020-11-30,gc1s,1,0.5267197002963384,2
2020-11-30,si1s,1,0.508735301636098,2
2020-12-01,gc1s,1,0.5136023603504133,2
2020-12-01,pl1s,0,0.502709654402634,2
2020-12-02,pl1s,0,0.5194231121704012,2
2020-12-02,gc1s,1,0.4696230342951802,2
2020-12-03,pl1s,0,0.4977486050597166,2
2020-12-03,si1s,1,0.4134588074085818,2
2020-12-04,si1s,1,0.2671307812658688,2
2020-12-04,pl1s,1,0.38766130027474477,2
2020-12-07,pl1s,1,0.35472217835434605,2
2020-12-07,si1s,0,0.31961244387123494,2
2020-12-08,si1s,0,0.23059536331296057,2
2020-12-08,pl1s,1,0.23082817118541893,2
2020-12-09,pl1s,0,0.2911420252607078,2
2020-12-09,si1s,1,0.28937632529854435,2
2020-12-10,pl1s,1,0.34627095670290436,2
2020-12-10,si1s,1,0.27019623541007004,2
2020-12-11,si1s,1,0.2975834834138924,2
2020-12-11,pl1s,1,0.37930994968558324,2
2020-12-14,si1s,1,0.3228194369058474,2
2020-12-14,pl1s,0,0.39632943947149457,2
2020-12-14,gc1s,1,0.2809667465804573,2
2020-12-15,si1s,1,0.2784131311097771,2
2020-12-15,gc1s,1,0.2934002124591511,2
2020-12-15,pl1s,1,0.39701892351769513,2
2020-12-16,pl1s,0,0.43021866204969006,2
2020-12-16,gc1s,1,0.2950307666739678,2
2020-12-16,si1s,1,0.39683180310841004,2
2020-12-17,si1s,0,0.42642207019117895,2
2020-12-17,pl1s,1,0.46440556329961574,2
2020-12-18,pl1s,1,0.47742283138492236,2
2020-12-18,si1s,0,0.3664539063666919,2
2020-12-21,pl1s,1,0.6515944158757462,2
2020-12-21,si1s,0,0.6317044061242184,2
2020-12-22,pl1s,0,0.5573145594345504,2
2020-12-22,si1s,1,0.5561520700186124,2
2020-12-23,pl1s,0,0.5032702320952118,2
2020-12-23,si1s,1,0.4906126860325728,2
2020-12-24,si1s,1,0.3931028717737279,2
2020-12-24,gc1s,1,0.26240976027831353,2
2020-12-24,pl1s,0,0.38034583109789677,2
2020-12-28,pl1s,0,0.42645716310769155,2
2020-12-28,gc1s,1,0.3550263848478344,2
2020-12-28,si1s,0,0.4949239585453456,2
2020-12-29,si1s,1,0.3797775983568962,2
2020-12-29,pl1s,0,0.48166084933768455,2
2020-12-29,gc1s,1,0.30545266185233777,2
2020-12-30,pl1s,0,0.41011792368235944,2
2020-12-30,gc1s,1,0.2948928553658969,2
2020-12-30,si1s,0,0.3058509152135993,2
2020-12-31,si1s,1,0.26367924597502057,2
2020-12-31,pl1s,1,0.39007950837276634,2
2020-12-31,gc1s,1,0.3071375939770964,2
2021-01-04,si1s,0,0.45860330685816325,2
2021-01-04,pl1s,1,0.6487615069070315,2
2021-01-04,gc1s,0,0.44042976599556377,2
2021-01-05,si1s,1,0.4083622461054971,2
2021-01-05,pl1s,0,0.602292156773384,2
2021-01-07,pl1s,1,0.5971568910203398,2
2021-01-08,pl1s,0,0.7054499008496119,2
2021-01-08,si1s,0,0.7490576713279338,2
2021-01-11,pl1s,1,0.7982682163520739,2
2021-01-12,pl1s,0,0.7285628500477908,2
2021-01-12,si1s,0,0.6263084679605467,2
2021-01-13,pl1s,0,0.6310812540204127,2
2021-01-13,si1s,0,0.48014082486517984,2
2021-01-14,pl1s,1,0.518512374202512,2
2021-01-14,si1s,1,0.5036566281136236,2
2021-01-15,pl1s,0,0.6329522883566615,2
2021-01-15,si1s,0,0.5558742813731808,2
2021-01-19,si1s,0,0.5599044647820606,2
2021-01-19,pl1s,0,0.6044530392695283,2
2021-01-20,si1s,0,0.4977581996035391,2
2021-01-20,pl1s,0,0.581596495490406,2
2021-01-20,gc1s,1,0.5268259975084796,2
2021-01-21,pl1s,1,0.638378667850184,2
2021-01-21,gc1s,1,0.47764594283981554,2
2021-01-21,si1s,0,0.42995520971934104,2
2021-01-22,pl1s,1,0.6080774820799257,2
2021-01-22,si1s,0,0.5203491828053994,2
2021-01-25,pl1s,0,0.5841039726258309,2
2021-01-25,si1s,0,0.43138860343787877,2
2021-01-26,si1s,0,0.3531617561532125,2
2021-01-26,pl1s,1,0.5204569129560477,2
2021-01-27,si1s,0,0.5302743507088894,2
2021-01-28,si1s,0,0.6680240942912478,2
2021-01-28,pl1s,1,0.6943651289204569,2
2021-01-29,pl1s,1,0.786451155550651,2
2021-02-01,pl1s,1,0.7414465518637217,2
2021-02-01,si1s,1,0.6806654609241454,2
2021-02-02,pl1s,1,0.6401868359795576,2
2021-02-03,si1s,0,0.5328262093124202,2
2021-02-04,pl1s,1,0.6516223312071114,2
2021-02-04,si1s,1,0.5523619111070671,2
2021-02-04,gc1s,1,0.6343705038082049,2
2021-02-05,pl1s,1,0.605257635410402,2
2021-02-05,si1s,1,0.5354907564076168,2
2021-02-08,si1s,0,0.4848322613197474,2
2021-02-08,pl1s,1,0.5791625862097066,2
2021-02-09,pl1s,0,0.5847208908565213,2
2021-02-09,si1s,0,0.4548949422985242,2
2021-02-10,pl1s,0,0.5738568257349806,2
2021-02-10,si1s,0,0.38811350687412527,2
2021-02-11,pl1s,0,0.4470785331634846,2
2021-02-11,si1s,0,0.36611389475572065,2
2021-02-12,pl1s,0,0.40904514916354545,2
2021-02-12,si1s,0,0.3056935511407758,2
2021-02-16,pl1s,1,0.620501611782885,2
2021-02-16,si1s,0,0.49167438395677393,2
2021-02-17,si1s,0,0.44255763223913225,2
2021-02-17,pl1s,0,0.5337632990290311,2
2021-02-18,pl1s,0,0.5100496884731063,2
2021-02-18,si1s,0,0.3935378947347615,2
2021-02-19,pl1s,1,0.4648363584158929,2
2021-02-19,gc1s,1,0.4372959553554049,2
2021-02-19,si1s,0,0.4765121353317483,2
2021-02-22,pl1s,1,0.4339958138177446,2
2021-02-22,si1s,1,0.4518112218414367,2
2021-02-23,si1s,1,0.34746838809278646,2
2021-02-23,pl1s,0,0.45698586169885475,2
2021-02-24,si1s,0,0.406612764722977,2
2021-02-24,pl1s,1,0.46298231081651453,2
2021-02-25,pl1s,1,0.5410306513202535,2
2021-02-26,pl1s,0,0.6311264466313832,2
2021-02-26,gc1s,0,0.5025806167304602,2
2021-02-26,si1s,0,0.4605946480777287,2
2021-03-01,pl1s,0,0.5798107874543978,2
2021-03-01,si1s,1,0.3647127131178961,2
2021-03-01,gc1s,0,0.4778584627605465,2
2021-03-02,gc1s,0,0.461008324031289,2
2021-03-02,si1s,0,0.4810653360419174,2
2021-03-02,pl1s,1,0.5310264545512644,2
2021-03-03,gc1s,0,0.4742204873848131,2
2021-03-03,si1s,0,0.5487043010403261,2
2021-03-03,pl1s,0,0.586502961905775,2
2021-03-04,si1s,0,0.5235588250772203,2
2021-03-04,gc1s,0,0.48142541616913304,2
2021-03-04,pl1s,0,0.6643924435382462,2
2021-03-05,pl1s,1,0.6350532516545022,2
2021-03-05,si1s,0,0.4879499120940276,2
2021-03-05,gc1s,0,0.4917363650178137,2
2021-03-08,gc1s,1,0.6052729576246354,2
2021-03-08,si1s,0,0.5791436201443834,2
2021-03-08,pl1s,1,0.6875309469180099,2
2021-03-09,pl1s,1,0.747048894835538,2
2021-03-09,gc1s,1,0.48665140895660464,2
2020-01-30,pl1s,0,0.4584181631514175,3
2020-01-30,si1s,1,0.30405324157367675,3
2020-01-31,pl1s,1,0.5055432159849578,3
2020-01-31,si1s,1,0.32577480044732715,3
2020-02-03,si1s,0,0.3425536123608894,3
2020-02-03,pl1s,0,0.5232136669111566,3
2020-02-04,pl1s,1,0.7200675151046687,3
2020-02-04,si1s,0,0.29325698747840695,3
2020-02-05,pl1s,0,0.5528267699212513,3
2020-02-05,si1s,1,0.3767943665959375,3
2020-02-06,pl1s,1,0.6189656253134017,3
2020-02-06,si1s,0,0.3735519356230699,3
2020-02-07,pl1s,0,0.6035443553948103,3
2020-02-07,si1s,0,0.40826250454758545,3
2020-02-10,pl1s,1,0.6084526857694964,3
2020-02-11,pl1s,0,0.5008954065649878,3
2020-02-11,si1s,0,0.43109517761107885,3
2020-02-12,pl1s,1,0.4918696338035324,3
2020-02-12,si1s,0,0.3758870475006791,3
2020-02-13,si1s,1,0.47287197093748007,3
2020-02-13,pl1s,0,0.5209360646399366,3
2020-02-14,pl1s,1,0.5023638005720381,3
2020-02-14,si1s,1,0.4508535536797592,3
2020-02-18,pl1s,1,0.4573661805829127,3
2020-02-19,si1s,0,0.365692185590809,3
2020-02-20,pl1s,0,0.46945958823561046,3
2020-02-20,si1s,0,0.39156690531200267,3
2020-02-21,pl1s,0,0.39793530291729523,3
2020-02-21,si1s,0,0.3660383223104827,3
2020-02-24,pl1s,0,0.43024235343214196,3
2020-02-24,si1s,1,0.369791912634255,3
2020-02-25,pl1s,0,0.5593065265004308,3
2020-02-25,si1s,1,0.19238046670849396,3
2020-02-26,pl1s,0,0.5666430586751257,3
2020-02-26,si1s,1,0.2372743196989778,3
2020-02-27,si1s,1,0.2947057762768337,3
2020-02-27,pl1s,0,0.6293312878940261,3
2020-02-28,pl1s,0,0.6835662178600238,3
2020-02-28,si1s,1,0.5071024442097092,3
2020-03-02,pl1s,1,0.3181477319286348,3
2020-03-02,si1s,1,0.15644086020303674,3
2020-03-03,si1s,0,0.14889977725523512,3
2020-03-03,pl1s,1,0.2735441884817447,3
2020-03-04,si1s,0,0.09425846917811606,3
2020-03-04,pl1s,0,0.2556193145663604,3
2020-03-05,si1s,0,0.07296806519180356,3
2020-03-05,pl1s,1,0.25730979346441,3
2020-03-06,si1s,0,0.10761312685656016,3
2020-03-06,pl1s,0,0.3104838995786484,3
2020-03-09,pl1s,1,0.2015724183941382,3
2020-03-09,si1s,0,0.1019094198237082,3
2020-03-10,si1s,0,0.13462931815285614,3
2020-03-10,pl1s,0,0.25050603830142804,3
2020-03-11,pl1s,0,0.288687174823859,3
2020-03-11,si1s,0,0.16649920340223154,3
2020-03-12,si1s,0,0.35276277712944787,3
2020-03-12,pl1s,0,0.6369335848687744,3
2020-03-13,si1s,0,0.5728099656125081,3
2020-03-13,pl1s,0,0.748535734509745,3
2020-03-16,si1s,0,0.8408687444218245,3
2020-03-16,pl1s,1,0.9462321700619285,3
2020-03-16,gc1s,1,0.7178139567446469,3
2020-03-17,si1s,0,0.7753276856982997,3
2020-03-17,pl1s,0,0.9272983035201436,3
2020-03-18,gc1s,1,0.6883369487124669,3
2020-03-18,si1s,1,0.87553606989725,3
2020-03-18,pl1s,0,0.9554757114912055,3
2020-03-19,si1s,1,0.8218809309174567,3
2020-03-19,pl1s,1,0.9473627708520098,3
2020-03-19,gc1s,1,0.7051118708642256,3
2020-03-20,si1s,1,0.7403653191457332,3
2020-03-20,pl1s,1,0.8906667010706982,3
2020-03-20,gc1s,1,0.5919894604923425,3
2020-03-23,pl1s,1,0.8841196773312772,3
2020-03-23,si1s,1,0.6732549737850402,3
2020-03-24,si1s,1,0.536053521485107,3
2020-03-24,pl1s,0,0.7047899400343228,3
2020-03-25,pl1s,1,0.4740825607817103,3
2020-03-25,gc1s,0,0.26763396169701853,3
2020-03-26,gc1s,1,0.07927109006518174,3
2020-03-26,si1s,0,0.18793238823387215,3
2020-03-26,pl1s,0,0.3689651793091652,3
2020-03-27,gc1s,1,0.16399625283009728,3
2020-03-27,si1s,0,0.20758663647182432,3
2020-03-27,pl1s,1,0.36015193206016155,3
2020-03-30,gc1s,1,0.14766498338594378,3
2020-03-30,si1s,0,0.23227866588974477,3
2020-03-30,pl1s,0,0.34831826782735337,3
2020-03-31,pl1s,1,0.6374155676596928,3
2020-03-31,gc1s,0,0.4229116721890748,3
2020-03-31,si1s,0,0.4798865441177192,3
2020-04-01,gc1s,0,0.35619298543633154,3
2020-04-01,si1s,0,0.41747429681677745,3
2020-04-02,pl1s,1,0.7106739037081905,3
2020-04-02,gc1s,0,0.5476420058106423,3
2020-04-02,si1s,0,0.5374696569571349,3
2020-04-03,pl1s,1,0.8287753523931979,3
2020-04-03,gc1s,0,0.6567643491617483,3
2020-04-03,si1s,0,0.6811149723870266,3
2020-04-06,pl1s,1,0.8308645110190048,3
2020-04-06,si1s,0,0.7691552465590469,3
2020-04-07,si1s,0,0.7974897149303843,3
2020-04-08,si1s,0,0.7774563215180478,3
2020-04-08,pl1s,1,0.892179776008277,3
2020-04-09,pl1s,1,0.8459089143346358,3
2020-04-09,si1s,1,0.7609070462706474,3
2020-04-13,pl1s,1,0.7981343450872375,3
2020-04-13,si1s,0,0.6473657238765009,3
2020-04-13,gc1s,1,0.6081414102739422,3
2020-04-14,si1s,1,0.5343964707135427,3
2020-04-15,pl1s,1,0.5917247346095171,3
2020-04-15,gc1s,1,0.3930235640960141,3
2020-04-15,si1s,1,0.4113983651131203,3
2020-04-16,pl1s,1,0.5645778968735498,3
2020-04-16,gc1s,1,0.45325208992369703,3
2020-04-16,si1s,1,0.3912503070434205,3
2020-04-17,si1s,0,0.4503941704757599,3
2020-04-17,gc1s,0,0.4679573226812264,3
2020-04-17,pl1s,0,0.5406881520505329,3
2020-04-20,gc1s,0,0.43606200619393776,3
2020-04-20,si1s,1,0.3990924730528358,3
2020-04-21,pl1s,0,0.6076755578656107,3
2020-04-22,pl1s,0,0.691432590949696,3
2020-04-22,si1s,0,0.6317754741445509,3
2020-04-23,si1s,0,0.6368088982287734,3
2020-04-23,pl1s,1,0.7639328437516197,3
2020-04-24,si1s,1,0.5161442869765599,3
2020-04-27,pl1s,1,0.7146659658025186,3
2020-04-27,gc1s,0,0.6317108362351102,3
2020-04-28,gc1s,0,0.627019081083594,3
2020-04-29,pl1s,0,0.6695263219694143,3
2020-04-29,si1s,1,0.4257850493061939,3
2020-04-30,pl1s,1,0.6449806775833352,3
2020-04-30,si1s,0,0.5053331655927742,3
2020-05-01,pl1s,0,0.66281126498747,3
2020-05-01,si1s,0,0.5028239908984109,3
2020-05-04,si1s,1,0.5018711481553343,3
2020-05-05,si1s,1,0.5367192784687141,3
2020-05-06,gc1s,1,0.6199076874660379,3
2020-05-06,si1s,1,0.6226347169368034,3
2020-05-07,gc1s,0,0.6680879870054329,3
2020-05-07,si1s,0,0.5916237635204468,3
2020-05-08,si1s,0,0.6350460557166128,3
2020-05-08,pl1s,1,0.6297768655564144,3
2020-05-11,si1s,1,0.6048176242224408,3
2020-05-11,pl1s,1,0.6285059896189756,3
2020-05-12,si1s,1,0.5341406594811937,3
2020-05-12,pl1s,0,0.6685724183987816,3
2020-05-13,si1s,1,0.48286450308515355,3
2020-05-13,pl1s,1,0.595313308943591,3
2021-03-09,si1s,0,0.47635890613034004,3
2021-03-10,gc1s,1,0.43403586101785113,3
2021-03-10,si1s,0,0.4098638987884716,3
2021-03-10,pl1s,1,0.5099574314637992,3
2021-03-11,si1s,0,0.3869198940261954,3
2021-03-11,pl1s,0,0.5083886641844139,3
2021-03-11,gc1s,0,0.4106217033634128,3
2021-03-12,pl1s,1,0.5495820696298332,3
2021-03-12,gc1s,1,0.47545509943496594,3
2021-03-12,si1s,1,0.4860611129175153,3
2021-03-15,gc1s,0,0.33929042932729775,3
2021-03-15,si1s,1,0.33084755328905835,3
2021-03-15,pl1s,1,0.463788403954293,3
2021-03-16,pl1s,0,0.506639473191527,3
2021-03-16,si1s,0,0.34286467519304736,3
2021-03-16,gc1s,0,0.3194578074369195,3
2021-03-17,pl1s,1,0.5398966865033182,3
2021-03-17,si1s,0,0.4254629777959469,3
2021-03-17,gc1s,0,0.40201787568358893,3
2021-03-18,pl1s,0,0.5617930082105026,3
2021-03-18,gc1s,0,0.5229999128305866,3
2021-03-18,si1s,1,0.4983921763047472,3
2021-03-19,gc1s,0,0.42148465723071316,3
2021-03-19,si1s,1,0.3924379730588543,3
2021-03-19,pl1s,0,0.5560504475774064,3
2021-03-22,pl1s,0,0.514274179537949,3
2021-03-22,si1s,0,0.4441701947669349,3
2021-03-23,si1s,0,0.44308342022063874,3
2021-03-23,pl1s,1,0.5004310970304662,3
2021-03-24,si1s,0,0.34997701991142477,3
2021-03-24,pl1s,0,0.48602016858225383,3
2021-03-25,si1s,0,0.38626168203259503,3
2021-03-25,pl1s,1,0.532509328069287,3
2021-03-26,si1s,0,0.3297688857069728,3
2021-03-26,pl1s,1,0.5574280266680803,3
2021-03-29,pl1s,0,0.6327735978957116,3
2021-03-29,si1s,0,0.43695896680386354,3
2021-03-30,pl1s,1,0.6522601827896343,3
2021-03-30,si1s,1,0.4749977235268325,3
2021-03-31,pl1s,1,0.6319893229050264,3
2021-03-31,si1s,1,0.49130870743078375,3
2021-04-01,pl1s,1,0.5905337418568692,3
2021-04-01,si1s,0,0.41357454796772886,3
2021-04-05,pl1s,1,0.4799043003497744,3
2021-04-05,si1s,1,0.3536529545440676,3
2021-04-06,si1s,0,0.31985023012615477,3
2021-04-06,gc1s,0,0.278257558708493,3
2021-04-07,pl1s,1,0.41368057774654876,3
2021-04-07,gc1s,0,0.2893209161682546,3
2021-04-07,si1s,0,0.3325148239871906,3
2021-04-08,si1s,0,0.3680143428167628,3
2021-04-08,pl1s,0,0.40744832409003917,3
2021-04-09,pl1s,0,0.4728261298651398,3
2021-04-09,gc1s,0,0.2717143413725125,3
2021-04-09,si1s,0,0.345419138339552,3
2021-04-12,pl1s,0,0.46540325776335867,3
2021-04-12,si1s,1,0.33003068575352157,3
2021-04-13,si1s,1,0.3705557610772314,3
2021-04-13,pl1s,1,0.5249748233914364,3
2021-04-14,si1s,1,0.34414632644889004,3
2021-04-14,pl1s,1,0.48338373702216025,3
2021-04-15,pl1s,1,0.48421569144989074,3
2021-04-16,si1s,0,0.37701725773622974,3
2021-04-16,pl1s,0,0.42358522635131896,3
2021-04-20,pl1s,1,0.42334237487466436,3
2021-04-21,pl1s,0,0.41287475831814235,3
2021-04-21,si1s,1,0.3636328355005345,3
2021-04-22,pl1s,1,0.39553403577438523,3
2021-04-23,pl1s,1,0.4810519390436768,3
2021-04-26,pl1s,1,0.37783030219726643,3
2021-04-26,si1s,0,0.31661015783127044,3
2021-04-27,pl1s,0,0.4481671543041267,3
2021-04-27,si1s,1,0.2842310739974881,3
2021-04-28,si1s,0,0.37247207053149783,3
2021-04-28,pl1s,0,0.4377120872200813,3
2021-04-29,pl1s,1,0.5910925668974621,3
2021-04-29,si1s,0,0.3407286806787778,3
2021-04-30,si1s,1,0.33342961043782543,3
2021-04-30,pl1s,1,0.5724722326430693,3
2021-05-03,si1s,1,0.30105153565279064,3
2021-05-03,pl1s,1,0.5446958432856243,3
2021-05-04,pl1s,0,0.4890094113221803,3
2021-05-04,si1s,1,0.24277418358322944,3
2021-05-05,pl1s,1,0.4882851721657074,3
2021-05-05,si1s,1,0.25891140005744745,3
2021-05-06,si1s,0,0.2592676418769427,3
2021-05-06,pl1s,0,0.43345397130768815,3
2021-05-07,gc1s,0,0.2590313138238964,3
2021-05-07,si1s,0,0.23567830357371902,3
2021-05-07,pl1s,1,0.4882995360008681,3
2021-05-10,si1s,0,0.2360528733825337,3
2021-05-10,pl1s,0,0.5124180141168476,3
2021-05-11,pl1s,0,0.5747994307407482,3
2021-05-11,si1s,1,0.26167140734195277,3
2021-05-12,si1s,0,0.32871564760465305,3
2021-05-12,pl1s,0,0.6247612568123886,3
2021-05-12,gc1s,1,0.32846956545930167,3
2021-05-13,si1s,0,0.2875634662495156,3
2021-05-13,pl1s,1,0.5644494848455802,3
2021-05-13,gc1s,1,0.3810037273592585,3
2021-05-14,pl1s,1,0.5078748709228128,3
2021-05-14,si1s,0,0.2386528159650611,3
2021-05-17,pl1s,0,0.4430890723290639,3
2021-05-17,gc1s,1,0.29050971530219577,3
2021-05-17,si1s,1,0.23495051406212794,3
2021-05-18,pl1s,0,0.4926970420727831,3
2021-05-18,si1s,1,0.19604881302649158,3
2021-05-18,gc1s,1,0.2493461673962273,3
2021-05-19,pl1s,1,0.4938858496660947,3
2021-05-19,gc1s,0,0.23669659341813176,3
2021-05-19,si1s,1,0.19386013624044085,3
2021-05-20,si1s,1,0.18244355609400173,3
2021-05-20,pl1s,0,0.45734913683729295,3
2021-05-20,gc1s,0,0.21911799879131888,3
2021-05-21,pl1s,1,0.571119560071553,3
2021-05-21,si1s,0,0.19047699827865097,3
2021-05-24,si1s,0,0.1716588761086035,3
2021-05-24,pl1s,1,0.4521334675523419,3
2021-05-25,si1s,0,0.15722890002214168,3
2021-05-25,pl1s,1,0.38113337623733284,3
2021-05-26,pl1s,0,0.3621277004677789,3
2021-05-27,pl1s,1,0.40419486241124225,3
2021-05-28,gc1s,0,0.25921884074104173,3
2021-05-28,pl1s,1,0.42079815585897945,3
2021-05-28,si1s,0,0.19555706978280488,3
2021-06-01,gc1s,0,0.3573105091340985,3
2021-06-01,si1s,0,0.220383545862585,3
2021-06-01,pl1s,0,0.4540538814664985,3
2021-06-02,si1s,1,0.21807688820405088,3
2021-06-02,pl1s,0,0.39036815898190996,3
2021-06-03,pl1s,1,0.49755277442251683,3
2021-06-03,si1s,1,0.2264195450065301,3
2021-06-04,pl1s,1,0.5430380232391274,3
2021-06-07,pl1s,0,0.4356821120756286,3
2021-06-08,pl1s,0,0.3821453441243127,3
2021-06-08,si1s,0,0.2145351127264427,3
2021-06-09,pl1s,0,0.3516898226421562,3
2021-06-09,si1s,0,0.21175155032778797,3
2021-06-10,si1s,0,0.21314837513528603,3
2021-06-11,pl1s,1,0.342930636449333,3
2021-06-11,si1s,1,0.2222432633305602,3
2021-06-14,si1s,1,0.24742937029695156,3
2021-06-14,pl1s,0,0.3822924482754315,3
2021-06-15,si1s,0,0.28005320804943257,3
2021-06-15,pl1s,0,0.4032378012599447,3
2021-06-16,si1s,1,0.29534123548145585,3
2021-06-16,pl1s,0,0.5120824434554153,3
2021-06-17,si1s,1,0.5453446871670168,3
2021-06-17,pl1s,0,0.7605629158888951,3
2021-06-18,pl1s,1,0.7327114710144306,3
2020-01-30,pl1s,0,0.5000361934837079,4
2020-01-30,si1s,1,0.5000361934837079,4
2020-01-31,pl1s,1,0.5000361934837079,4
2020-01-31,si1s,1,0.5000361934837079,4
2020-02-03,si1s,0,0.5000361934837079,4
2020-02-03,pl1s,0,0.5000361934837079,4
2020-02-04,pl1s,1,0.5000361934837079,4
2020-02-04,si1s,0,0.5000361934837079,4
2020-02-05,pl1s,0,0.5000361934837079,4
2020-02-05,si1s,1,0.5000361934837079,4
2020-02-06,pl1s,1,0.5000361934837079,4
2020-02-06,si1s,0,0.5000361934837079,4
2020-02-07,pl1s,0,0.5000361934837079,4
2020-02-07,si1s,0,0.5000361934837079,4
2020-02-10,pl1s,1,0.5000361934837079,4
2020-02-11,pl1s,0,0.5000361934837079,4
2020-02-11,si1s,0,0.5000361934837079,4
2020-02-12,pl1s,1,0.5000361934837079,4
2020-02-12,si1s,0,0.5000361934837079,4
2020-02-13,si1s,1,0.5000361934837079,4
2020-02-13,pl1s,0,0.5000361934837079,4
2020-02-14,pl1s,1,0.5000361934837079,4
2020-02-14,si1s,1,0.5000361934837079,4
2020-02-18,pl1s,1,0.5000361934837079,4
2020-02-19,si1s,0,0.5000361934837079,4
2020-02-20,pl1s,0,0.5000361934837079,4
2020-02-20,si1s,0,0.5000361934837079,4
2020-02-21,pl1s,0,0.5000361934837079,4
2020-02-21,si1s,0,0.5000361934837079,4
2020-02-24,pl1s,0,0.5000361934837079,4
2020-02-24,si1s,1,0.5000361934837079,4
2020-02-25,pl1s,0,0.5000361934837079,4
2020-02-25,si1s,1,0.5000361934837079,4
2020-02-26,pl1s,0,0.5000361934837079,4
2020-02-26,si1s,1,0.5000361934837079,4
2020-02-27,si1s,1,0.5000361934837079,4
2020-02-27,pl1s,0,0.5000361934837079,4
2020-02-28,pl1s,0,0.5000361934837079,4
2020-02-28,si1s,1,0.5000361934837079,4
2020-03-02,pl1s,1,0.5000361934837079,4
2020-03-02,si1s,1,0.5000361934837079,4
2020-03-03,si1s,0,0.5000361934837079,4
2020-03-03,pl1s,1,0.5000361934837079,4
2020-03-04,si1s,0,0.5000361934837079,4
2020-03-04,pl1s,0,0.5000361934837079,4
2020-03-05,si1s,0,0.5000361934837079,4
2020-03-05,pl1s,1,0.5000361934837079,4
2020-03-06,si1s,0,0.5000361934837079,4
2020-03-06,pl1s,0,0.5000361934837079,4
2020-03-09,pl1s,1,0.5000361934837079,4
2020-03-09,si1s,0,0.5000361934837079,4
2020-03-10,si1s,0,0.5000361934837079,4
2020-03-10,pl1s,0,0.5000361934837079,4
2020-03-11,pl1s,0,0.5000361934837079,4
2020-03-11,si1s,0,0.5000361934837079,4
2020-03-12,si1s,0,0.5000361934837079,4
2020-03-12,pl1s,0,0.5000361934837079,4
2020-03-13,si1s,0,0.5000361934837079,4
2020-03-13,pl1s,0,0.5000361934837079,4
2020-03-16,si1s,0,0.5000361934837079,4
2020-03-16,pl1s,1,0.5000361934837079,4
2020-03-16,gc1s,1,0.5000361934837079,4
2020-03-17,si1s,0,0.5000361934837079,4
2020-03-17,pl1s,0,0.5000361934837079,4
2020-03-18,gc1s,1,0.5000361934837079,4
2020-03-18,si1s,1,0.5000361934837079,4
2020-03-18,pl1s,0,0.5000361934837079,4
2020-03-19,si1s,1,0.5000361934837079,4
2020-03-19,pl1s,1,0.5000361934837079,4
2020-03-19,gc1s,1,0.5000361934837079,4
2020-03-20,si1s,1,0.5000361934837079,4
2020-03-20,pl1s,1,0.5000361934837079,4
2020-03-20,gc1s,1,0.5000361934837079,4
2020-03-23,pl1s,1,0.5000361934837079,4
2020-03-23,si1s,1,0.5000361934837079,4
2020-03-24,si1s,1,0.5000361934837079,4
2020-03-24,pl1s,0,0.5000361934837079,4
2020-03-25,pl1s,1,0.5000361934837079,4
2020-03-25,gc1s,0,0.5000361934837079,4
2020-03-26,gc1s,1,0.5000361934837079,4
2020-03-26,si1s,0,0.5000361934837079,4
2020-03-26,pl1s,0,0.5000361934837079,4
2020-03-27,gc1s,1,0.5000361934837079,4
2020-03-27,si1s,0,0.5000361934837079,4
2020-03-27,pl1s,1,0.5000361934837079,4
2020-03-30,gc1s,1,0.5000361934837079,4
2020-03-30,si1s,0,0.5000361934837079,4
2020-03-30,pl1s,0,0.5000361934837079,4
2020-03-31,pl1s,1,0.5000361934837079,4
2020-03-31,gc1s,0,0.5000361934837079,4
2020-03-31,si1s,0,0.5000361934837079,4
2020-04-01,gc1s,0,0.5000361934837079,4
2020-04-01,si1s,0,0.5000361934837079,4
2020-04-02,pl1s,1,0.5000361934837079,4
2020-04-02,gc1s,0,0.5000361934837079,4
2020-04-02,si1s,0,0.5000361934837079,4
2020-04-03,pl1s,1,0.5000361934837079,4
2020-04-03,gc1s,0,0.5000361934837079,4
2020-04-03,si1s,0,0.5000361934837079,4
2020-04-06,pl1s,1,0.5000361934837079,4
2020-04-06,si1s,0,0.5000361934837079,4
2020-04-07,si1s,0,0.5000361934837079,4
2020-04-08,si1s,0,0.5000361934837079,4
2020-04-08,pl1s,1,0.5000361934837079,4
2020-04-09,pl1s,1,0.5000361934837079,4
2020-04-09,si1s,1,0.5000361934837079,4
2020-04-13,pl1s,1,0.5000361934837079,4
2020-04-13,si1s,0,0.5000361934837079,4
2020-04-13,gc1s,1,0.5000361934837079,4
2020-04-14,si1s,1,0.5000361934837079,4
2020-04-15,pl1s,1,0.5000361934837079,4
2020-04-15,gc1s,1,0.5000361934837079,4
2020-04-15,si1s,1,0.5000361934837079,4
2020-04-16,pl1s,1,0.5000361934837079,4
2020-04-16,gc1s,1,0.5000361934837079,4
2020-04-16,si1s,1,0.5000361934837079,4
2020-04-17,si1s,0,0.5000361934837079,4
2020-04-17,gc1s,0,0.5000361934837079,4
2020-04-17,pl1s,0,0.5000361934837079,4
2020-04-20,gc1s,0,0.5000361934837079,4
2020-04-20,si1s,1,0.5000361934837079,4
2020-04-21,pl1s,0,0.5000361934837079,4
2020-04-22,pl1s,0,0.5000361934837079,4
2020-04-22,si1s,0,0.5000361934837079,4
2020-04-23,si1s,0,0.5000361934837079,4
2020-04-23,pl1s,1,0.5000361934837079,4
2020-04-24,si1s,1,0.5000361934837079,4
2020-04-27,pl1s,1,0.5000361934837079,4
2020-04-27,gc1s,0,0.5000361934837079,4
2020-04-28,gc1s,0,0.5000361934837079,4
2020-04-29,pl1s,0,0.5000361934837079,4
2020-04-29,si1s,1,0.5000361934837079,4
2020-04-30,pl1s,1,0.5000361934837079,4
2020-04-30,si1s,0,0.5000361934837079,4
2020-05-01,pl1s,0,0.5000361934837079,4
2020-05-01,si1s,0,0.5000361934837079,4
2020-05-04,si1s,1,0.5000361934837079,4
2020-05-05,si1s,1,0.5000361934837079,4
2020-05-06,gc1s,1,0.5000361934837079,4
2020-05-06,si1s,1,0.5000361934837079,4
2020-05-07,gc1s,0,0.5000361934837079,4
2020-05-07,si1s,0,0.5000361934837079,4
2020-05-08,si1s,0,0.5000361934837079,4
2020-05-08,pl1s,1,0.5000361934837079,4
2020-05-11,si1s,1,0.5000361934837079,4
2020-05-11,pl1s,1,0.5000361934837079,4
2020-05-12,si1s,1,0.5000361934837079,4
2020-05-12,pl1s,0,0.5000361934837079,4
2020-05-13,si1s,1,0.5000361934837079,4
2020-05-13,pl1s,1,0.5000361934837079,4
2021-06-18,si1s,1,0.5000361934837079,4
2021-06-21,si1s,0,0.5000361934837079,4
2021-06-21,pl1s,1,0.5000361934837079,4
2021-06-22,si1s,1,0.5000361934837079,4
2021-06-22,pl1s,1,0.5000361934837079,4
2021-06-23,pl1s,1,0.5000361934837079,4
2021-06-23,si1s,0,0.5000361934837079,4
2021-06-24,si1s,0,0.5000361934837079,4
2021-06-25,si1s,0,0.5000361934837079,4
2021-06-28,si1s,0,0.5000361934837079,4
2021-06-29,pl1s,1,0.5000361934837079,4
2021-06-29,si1s,1,0.5000361934837079,4
2021-06-30,si1s,0,0.5000361934837079,4
2021-06-30,pl1s,1,0.5000361934837079,4
2021-07-01,si1s,1,0.5000361934837079,4
2021-07-01,pl1s,1,0.5000361934837079,4
2021-07-02,pl1s,0,0.5000361934837079,4
2021-07-02,si1s,1,0.5000361934837079,4
2021-07-06,pl1s,0,0.5000361934837079,4
2021-07-06,si1s,0,0.5000361934837079,4
2021-07-07,pl1s,0,0.5000361934837079,4
2021-07-08,si1s,1,0.5000361934837079,4
2021-07-08,pl1s,1,0.5000361934837079,4
2021-07-09,si1s,0,0.5000361934837079,4
2021-07-09,pl1s,1,0.5000361934837079,4
2021-07-12,si1s,0,0.5000361934837079,4
2021-07-12,pl1s,0,0.5000361934837079,4
2021-07-13,si1s,0,0.5000361934837079,4
2021-07-13,pl1s,1,0.5000361934837079,4
2021-07-14,pl1s,1,0.5000361934837079,4
2021-07-15,si1s,1,0.5000361934837079,4
2021-07-15,pl1s,0,0.5000361934837079,4
2021-07-16,si1s,1,0.5000361934837079,4
2021-07-16,pl1s,0,0.5000361934837079,4
2021-07-19,si1s,0,0.5000361934837079,4
2021-07-19,pl1s,0,0.5000361934837079,4
2021-07-20,si1s,1,0.5000361934837079,4
2021-07-20,pl1s,1,0.5000361934837079,4
2021-07-21,pl1s,1,0.5000361934837079,4
2021-07-21,si1s,0,0.5000361934837079,4
2021-07-22,pl1s,0,0.5000361934837079,4
2021-07-22,si1s,0,0.5000361934837079,4
2021-07-23,si1s,0,0.5000361934837079,4
2021-07-23,pl1s,1,0.5000361934837079,4
2021-07-26,pl1s,0,0.5000361934837079,4
2021-07-26,si1s,0,0.5000361934837079,4
2021-07-27,si1s,1,0.5000361934837079,4
2021-07-27,pl1s,1,0.5000361934837079,4
2021-07-28,si1s,1,0.5000361934837079,4
2021-07-28,pl1s,1,0.5000361934837079,4
2021-07-29,pl1s,0,0.5000361934837079,4
2021-07-29,si1s,0,0.5000361934837079,4
2021-07-30,si1s,0,0.5000361934837079,4
2021-07-30,pl1s,1,0.5000361934837079,4
2021-08-02,pl1s,0,0.5000361934837079,4
2021-08-02,si1s,0,0.5000361934837079,4
2021-08-03,gc1s,1,0.5000361934837079,4
2021-08-03,si1s,0,0.5000361934837079,4
2021-08-03,pl1s,0,0.5000361934837079,4
2021-08-04,gc1s,1,0.5000361934837079,4
2021-08-04,si1s,0,0.5000361934837079,4
2021-08-04,pl1s,0,0.5000361934837079,4
2021-08-05,si1s,0,0.5000361934837079,4
2021-08-06,si1s,0,0.5000361934837079,4
2021-08-09,gc1s,1,0.5000361934837079,4
2021-08-09,si1s,0,0.5000361934837079,4
2021-08-09,pl1s,1,0.5000361934837079,4
2021-08-10,pl1s,1,0.5000361934837079,4
2021-08-10,si1s,0,0.5000361934837079,4
2021-08-10,gc1s,1,0.5000361934837079,4
2021-08-11,si1s,0,0.5000361934837079,4
2021-08-11,gc1s,1,0.5000361934837079,4
2021-08-11,pl1s,1,0.5000361934837079,4
2021-08-12,si1s,1,0.5000361934837079,4
2021-08-12,gc1s,1,0.5000361934837079,4
2021-08-13,si1s,0,0.5000361934837079,4
2021-08-16,si1s,0,0.5000361934837079,4
2021-08-16,pl1s,0,0.5000361934837079,4
2021-08-17,si1s,0,0.5000361934837079,4
2021-08-17,pl1s,1,0.5000361934837079,4
2021-08-18,pl1s,0,0.5000361934837079,4
2021-08-18,si1s,0,0.5000361934837079,4
2021-08-19,pl1s,1,0.5000361934837079,4
2021-08-19,si1s,0,0.5000361934837079,4
2021-08-20,si1s,1,0.5000361934837079,4
2021-08-20,pl1s,1,0.5000361934837079,4
2021-08-23,si1s,1,0.5000361934837079,4
2021-08-23,pl1s,0,0.5000361934837079,4
2021-08-24,si1s,0,0.5000361934837079,4
2021-08-24,pl1s,1,0.5000361934837079,4
2021-08-25,pl1s,0,0.5000361934837079,4
2021-08-25,si1s,0,0.5000361934837079,4
2021-08-26,pl1s,1,0.5000361934837079,4
2021-08-26,si1s,1,0.5000361934837079,4
2021-08-27,pl1s,0,0.5000361934837079,4
2021-08-27,si1s,0,0.5000361934837079,4
2021-08-30,si1s,0,0.5000361934837079,4
2021-08-30,pl1s,1,0.5000361934837079,4
2021-08-31,si1s,0,0.5000361934837079,4
2021-08-31,pl1s,0,0.5000361934837079,4
2021-09-01,si1s,0,0.5000361934837079,4
2021-09-01,pl1s,0,0.5000361934837079,4
2021-09-02,si1s,0,0.5000361934837079,4
2021-09-02,pl1s,1,0.5000361934837079,4
2021-09-03,si1s,1,0.5000361934837079,4
2021-09-03,pl1s,0,0.5000361934837079,4
2021-09-07,pl1s,0,0.5000361934837079,4
2021-09-07,si1s,1,0.5000361934837079,4
2021-09-08,si1s,0,0.5000361934837079,4
2021-09-08,pl1s,0,0.5000361934837079,4
2021-09-09,pl1s,0,0.5000361934837079,4
2021-09-09,si1s,1,0.5000361934837079,4
2021-09-10,pl1s,1,0.5000361934837079,4
2021-09-10,si1s,0,0.5000361934837079,4
2021-09-13,pl1s,0,0.5000361934837079,4
2021-09-13,si1s,0,0.5000361934837079,4
2021-09-14,si1s,0,0.5000361934837079,4
2021-09-14,pl1s,0,0.5000361934837079,4
2021-09-15,pl1s,0,0.5000361934837079,4
2021-09-15,si1s,0,0.5000361934837079,4
2021-09-16,si1s,0,0.5000361934837079,4
2021-09-16,pl1s,1,0.5000361934837079,4
2021-09-17,si1s,0,0.5000361934837079,4
2021-09-17,pl1s,0,0.5000361934837079,4
2021-09-20,si1s,1,0.5000361934837079,4
2021-09-20,gc1s,0,0.5000361934837079,4
2021-09-20,pl1s,1,0.5000361934837079,4
2021-09-21,si1s,1,0.5000361934837079,4
2021-09-21,gc1s,0,0.5000361934837079,4
2021-09-21,pl1s,1,0.5000361934837079,4
2021-09-22,si1s,0,0.5000361934837079,4
2021-09-22,pl1s,0,0.5000361934837079,4
2021-09-22,gc1s,0,0.5000361934837079,4
2021-09-23,pl1s,0,0.5000361934837079,4
2021-09-23,gc1s,0,0.5000361934837079,4
2021-09-23,si1s,0,0.5000361934837079,4
2021-09-24,gc1s,0,0.5000361934837079,4
2021-09-24,si1s,0,0.5000361934837079,4
2021-09-27,si1s,0,0.5000361934837079,4
2021-09-27,gc1s,0,0.5000361934837079,4
2021-09-27,pl1s,0,0.5000361934837079,4
2021-09-28,si1s,0,0.5000361934837079,4
2021-09-28,pl1s,0,0.5000361934837079,4
2021-09-28,gc1s,0,0.5000361934837079,4
2021-09-29,si1s,1,0.5000361934837079,4
2021-09-29,pl1s,1,0.5000361934837079,4
2021-09-29,gc1s,1,0.5000361934837079,4
2021-09-30,si1s,1,0.5000361934837079,4
2021-09-30,pl1s,1,0.5000361934837079,4
2021-10-01,pl1s,0,0.5000361934837079,4
2021-10-04,pl1s,0,0.5000361934837079,4
2020-05-14,si1s,1,0.5641467898200898,5
2020-05-14,pl1s,1,0.5821398441663398,5
2020-05-15,si1s,1,0.5219443749424473,5
2020-05-18,pl1s,1,0.6035685676810149,5
2020-05-18,si1s,1,0.4829639470287925,5
2020-05-19,si1s,0,0.4619171419928433,5
2020-05-19,pl1s,1,0.5769966641131152,5
2020-05-20,si1s,0,0.4694806291168887,5
2020-05-20,gc1s,1,0.5438878387477927,5
2020-05-21,si1s,1,0.4885301904634558,5
2020-05-21,gc1s,0,0.45205427918969127,5
2020-05-22,gc1s,1,0.7036286300503437,5
2020-05-22,si1s,0,0.5372514313314388,5
2020-05-22,pl1s,1,0.5683885251474232,5
2020-05-26,gc1s,0,0.7695428674971216,5
2020-05-26,pl1s,0,0.5984963657245163,5
2020-05-26,si1s,0,0.5607604274468736,5
2020-05-27,gc1s,0,0.6433536722718498,5
2020-05-27,si1s,0,0.5803184038646765,5
2020-05-27,pl1s,1,0.6293990444590114,5
2020-05-28,gc1s,0,0.686474814487038,5
2020-05-28,pl1s,0,0.6403365345687568,5
2020-05-28,si1s,0,0.5924773184778288,5
2020-05-29,si1s,0,0.5831855446768948,5
2020-05-29,pl1s,0,0.6442442717724818,5
2020-06-01,pl1s,1,0.6569916682195769,5
2020-06-01,si1s,1,0.6114957222310299,5
2020-06-02,pl1s,1,0.6411036231872497,5
2020-06-02,gc1s,1,0.5758639284664234,5
2020-06-02,si1s,1,0.5998334531044142,5
2020-06-03,pl1s,0,0.6398175428814971,5
2020-06-04,pl1s,1,0.6452482511222883,5
2020-06-04,si1s,1,0.5957586883928134,5
2020-06-05,pl1s,1,0.6881746210387797,5
2020-06-08,pl1s,1,0.6253454138031069,5
2020-06-09,si1s,0,0.524115012687152,5
2020-06-09,pl1s,1,0.5953481409960368,5
2020-06-10,si1s,0,0.45762172536087814,5
2020-06-10,pl1s,1,0.5648749246924586,5
2020-06-11,si1s,1,0.3809172363692494,5
2020-06-11,pl1s,1,0.5497110242265976,5
2020-06-12,pl1s,0,0.495267351458791,5
2020-06-12,si1s,0,0.3643395600508961,5
2020-06-15,si1s,0,0.39050751082676405,5
2020-06-15,pl1s,0,0.5098671257701155,5
2020-06-16,si1s,0,0.48068397603977625,5
2020-06-16,pl1s,1,0.45544224440938796,5
2020-06-17,si1s,1,0.46916751089060577,5
2020-06-17,pl1s,0,0.5081510148035578,5
2020-06-18,si1s,0,0.5182323712343823,5
2020-06-18,pl1s,1,0.5391640409063065,5
2020-06-19,si1s,0,0.5842875008406117,5
2020-06-19,gc1s,1,0.6280751260329195,5
2020-06-19,pl1s,1,0.5941899670151316,5
2020-06-22,gc1s,1,0.6265864258243171,5
2020-06-22,si1s,0,0.5343525207814747,5
2020-06-23,si1s,1,0.49830553024007945,5
2020-06-23,gc1s,0,0.6138704386209584,5
2020-06-24,pl1s,0,0.5685078229905981,5
2020-06-24,si1s,0,0.410596072037824,5
2020-06-25,pl1s,1,0.644676245778672,5
2020-06-25,gc1s,1,0.5575263175670314,5
2020-06-25,si1s,0,0.6282086761463701,5
2020-06-26,pl1s,1,0.6393727497974908,5
2020-06-26,gc1s,1,0.5523870480821454,5
2020-06-26,si1s,0,0.5918835925880702,5
2020-06-29,pl1s,1,0.6300831657003165,5
2020-06-29,gc1s,1,0.5511557327528325,5
2020-06-29,si1s,1,0.5802779924904502,5
2020-06-30,pl1s,0,0.611189796893485,5
2020-07-01,pl1s,0,0.6168114976916869,5
2020-07-01,si1s,0,0.45294375010998866,5
2020-07-02,gc1s,1,0.5801578134523595,5
2020-07-02,si1s,0,0.4420062763763162,5
2020-07-02,pl1s,1,0.6058730723489465,5
2020-07-06,pl1s,1,0.5746435069708936,5
2020-07-06,gc1s,1,0.5819897278260495,5
2020-07-06,si1s,1,0.47760319270976653,5
2020-07-07,pl1s,1,0.6312272623762044,5
2020-07-07,gc1s,0,0.5968223044092266,5
2020-07-07,si1s,1,0.4734123660882762,5
2020-07-08,gc1s,0,0.5108104017957024,5
2020-07-08,si1s,0,0.4742290584880615,5
2020-07-08,pl1s,0,0.5273277497061627,5
2020-07-09,gc1s,0,0.4874349719418522,5
2020-07-09,si1s,0,0.5072929209680326,5
2020-07-09,pl1s,0,0.6118233736432345,5
2020-07-10,si1s,0,0.5022056710071023,5
2020-07-10,gc1s,1,0.5196848625342562,5
2020-07-10,pl1s,1,0.5178133597406309,5
2020-07-13,si1s,1,0.5613771150681484,5
2020-07-13,gc1s,0,0.511784132717017,5
2020-07-13,pl1s,0,0.5413816643219542,5
2020-07-14,pl1s,1,0.5453839292934795,5
2020-07-14,si1s,0,0.5534240618317292,5
2020-07-14,gc1s,0,0.489384403021636,5
2020-07-15,pl1s,0,0.6468545788495007,5
2020-07-15,gc1s,0,0.4848280992731798,5
2020-07-15,si1s,0,0.5983053934799791,5
2020-07-16,gc1s,1,0.46915310999433774,5
2020-07-16,pl1s,1,0.6369382123239458,5
2020-07-17,si1s,0,0.5644068328523899,5
2020-07-17,pl1s,1,0.560344595736072,5
2020-07-20,si1s,0,0.5237208271412408,5
2020-07-20,pl1s,1,0.528968140889348,5
2020-07-21,si1s,0,0.48215872813345323,5
2020-07-22,si1s,0,0.46818764141733415,5
2020-07-22,pl1s,0,0.5226333702220545,5
2020-07-23,si1s,0,0.4625333586197175,5
2020-07-23,pl1s,1,0.5284518055800347,5
2020-07-24,pl1s,0,0.5186888263009475,5
2020-07-24,si1s,0,0.4480951791316125,5
2020-07-27,pl1s,0,0.5180740677371546,5
2020-07-27,si1s,1,0.4400520366258161,5
2020-07-28,pl1s,1,0.5427854314837364,5
2020-07-28,si1s,1,0.4118540280697366,5
2020-07-29,si1s,1,0.4915302604546774,5
2020-07-29,pl1s,1,0.5358832877063947,5
2020-07-30,si1s,0,0.4530670865995346,5
2020-07-30,pl1s,1,0.5335240006885513,5
2020-07-31,si1s,0,0.5051739705857277,5
2020-07-31,pl1s,1,0.5346941682630812,5
2020-08-03,si1s,0,0.5473676002886244,5
2020-08-03,pl1s,1,0.5738991686238922,5
2020-08-04,si1s,0,0.533041605778874,5
2020-08-04,pl1s,0,0.556663752039993,5
2020-08-05,pl1s,0,0.5898312998536261,5
2020-08-05,si1s,0,0.6026960868557173,5
2020-08-06,si1s,1,0.6325624863416693,5
2020-08-06,pl1s,1,0.6179798582990945,5
2020-08-07,pl1s,0,0.5477258874595217,5
2020-08-07,si1s,0,0.5147386336370678,5
2020-08-10,si1s,1,0.5194279062339201,5
2020-08-10,pl1s,1,0.5624932652227437,5
2020-08-11,pl1s,0,0.5929584163206495,5
2020-08-11,si1s,1,0.42855189025515866,5
2020-08-12,si1s,1,0.42847663494728083,5
2020-08-12,pl1s,0,0.5520387041223347,5
2020-08-13,si1s,1,0.41575546204841246,5
2020-08-13,pl1s,1,0.573097716665494,5
2020-08-14,si1s,0,0.3537019278867839,5
2020-08-14,pl1s,0,0.5152698204406726,5
2020-08-17,pl1s,0,0.4946686233351326,5
2020-08-17,si1s,0,0.3456593353682931,5
2020-08-18,si1s,1,0.3275508775932616,5
2020-08-18,pl1s,1,0.4716323551047041,5
2020-08-18,gc1s,1,0.518724112624425,5
2020-08-19,pl1s,0,0.5898884612639334,5
2020-08-19,si1s,1,0.3166115897076268,5
2020-08-19,gc1s,1,0.5269452009877013,5
2020-08-20,si1s,0,0.3096282187692899,5
2020-08-20,gc1s,0,0.5190907289313028,5
2020-08-20,pl1s,0,0.567501389037364,5
2020-08-21,pl1s,0,0.568428864027054,5
2020-08-21,gc1s,0,0.5396465583640978,5
2020-08-21,si1s,0,0.329804714620605,5
2020-08-24,pl1s,1,0.5796276869308379,5
2020-08-24,gc1s,0,0.6238191396218946,5
2020-08-25,pl1s,1,0.5048458948183497,5
2020-08-25,si1s,1,0.4303703970452049,5
2020-08-26,pl1s,0,0.5005744609760961,5
2020-08-27,pl1s,1,0.5790270974593189,5
2020-08-27,si1s,0,0.4465691559125246,5
2020-08-28,pl1s,1,0.5199088115494385,5
2020-08-28,si1s,0,0.4408363123427153,5
2020-08-31,pl1s,1,0.5773057647904626,5
2020-08-31,si1s,1,0.4463626293193846,5
2020-09-01,si1s,1,0.42932905740256694,5
2020-09-01,pl1s,0,0.4972434302096036,5
2020-09-02,si1s,1,0.4196735726949224,5
2020-09-02,pl1s,0,0.5059692496890389,5
2020-09-03,si1s,0,0.5155829196807636,5
2020-09-03,pl1s,1,0.5047128993265342,5
2020-09-04,si1s,0,0.5134004012113541,5
2020-09-04,pl1s,1,0.4795731933062893,5
2020-09-08,si1s,0,0.5396728353294324,5
2020-09-08,pl1s,1,0.5050150233292087,5
2020-09-09,pl1s,1,0.4966187889758972,5
2020-09-10,si1s,0,0.5107624743096872,5
2020-09-11,si1s,1,0.5998081508346409,5
2020-09-14,si1s,0,0.5152423398756102,5
2020-09-14,pl1s,0,0.5189466197412977,5
2020-09-15,pl1s,1,0.5275784887468901,5
2020-09-15,si1s,0,0.584220495505597,5
2020-09-16,pl1s,0,0.4998195370205742,5
2020-09-16,si1s,0,0.586179481976823,5
2020-09-17,pl1s,1,0.5029639466309765,5
2020-09-17,si1s,0,0.598161955429147,5
2020-09-18,pl1s,0,0.5463231036644693,5
2020-09-18,si1s,0,0.5823454471388766,5
2020-09-21,si1s,1,0.5404870310030103,5
2020-09-21,pl1s,0,0.5292418681785265,5
2020-09-22,si1s,1,0.5407205535972983,5
2020-09-22,pl1s,0,0.5683502861108317,5
2020-09-23,gc1s,1,0.7359406518627367,5
2020-09-24,si1s,1,0.4321253906423811,5
2020-09-24,gc1s,0,0.6960531464129296,5
2020-09-25,pl1s,1,0.5424630780786244,5
2020-09-25,gc1s,1,0.6569634516979997,5
2020-09-28,gc1s,1,0.649385738200707,5
2020-09-28,si1s,0,0.38060701163561167,5
2020-09-28,pl1s,1,0.5932391826737832,5
2020-09-29,gc1s,0,0.6048583242201646,5
2020-09-29,si1s,1,0.3527453002455796,5
2020-09-30,pl1s,0,0.5554116183979054,5
2020-09-30,gc1s,1,0.5808805135388655,5
2020-09-30,si1s,1,0.37621223342185695,5
2020-10-01,pl1s,0,0.5467839112091192,5
2020-10-02,si1s,1,0.3589170433436726,5
2020-10-02,pl1s,1,0.5630450435528743,5
2020-10-05,pl1s,0,0.5844183433265181,5
2020-10-05,si1s,1,0.34705062743489734,5
2020-10-06,pl1s,0,0.5815145438391274,5
2020-10-06,si1s,1,0.36981681747910145,5
2020-10-07,pl1s,0,0.5801225644733954,5
2020-10-07,si1s,1,0.3752711535236183,5
2020-10-08,pl1s,1,0.5811670063393917,5
2020-10-08,si1s,1,0.37610717122613707,5
2020-10-09,si1s,1,0.34036247736819597,5
2020-10-09,pl1s,0,0.5476083780199392,5
2020-10-12,pl1s,0,0.5414281796717861,5
2020-10-12,si1s,1,0.32763377842854813,5
2020-10-13,pl1s,0,0.547326975873117,5
2020-10-14,si1s,0,0.3115262218244525,5
2020-10-14,pl1s,0,0.539810531561539,5
2020-10-15,pl1s,1,0.5438803279014208,5
2020-10-16,si1s,0,0.32758280715446303,5
2020-10-16,pl1s,0,0.5599281405801313,5
2020-10-19,gc1s,0,0.5630320689927563,5
2020-10-19,si1s,0,0.39644991870141855,5
2020-10-19,pl1s,1,0.5523267481598945,5
2020-10-20,pl1s,1,0.4746717589673834,5
2020-10-20,si1s,0,0.39436974620968485,5
2020-10-20,gc1s,0,0.5159923688493842,5
2020-10-21,gc1s,0,0.5406682160886545,5
2020-10-21,si1s,0,0.4075597410537777,5
2020-10-21,pl1s,0,0.46151596655431176,5
2020-10-22,gc1s,0,0.45663793778065254,5
2020-10-22,pl1s,1,0.46948748303325333,5
2020-10-22,si1s,0,0.4133472643575244,5
2020-10-23,pl1s,0,0.49871327053911096,5
2020-10-23,gc1s,0,0.43918376338751,5
2020-10-23,si1s,0,0.41538819760154694,5
2020-10-26,gc1s,0,0.4435493876231788,5
2020-10-26,pl1s,1,0.535804706474107,5
2020-10-26,si1s,0,0.42233473374776365,5
2020-10-27,gc1s,0,0.5193869671114083,5
2020-10-27,pl1s,0,0.5075735845561624,5
2020-10-27,si1s,0,0.4234676893863308,5
2020-10-28,si1s,1,0.33190985928488226,5
2020-10-28,pl1s,0,0.42761863895262336,5
2020-10-28,gc1s,0,0.410851879297424,5
2020-10-29,si1s,1,0.32372524220390747,5
2020-10-29,pl1s,0,0.5009842599663333,5
2020-10-29,gc1s,1,0.4061867138867882,5
2020-10-30,gc1s,1,0.41754974657980426,5
2020-10-30,pl1s,1,0.45730828961601205,5
2020-10-30,si1s,1,0.33903869267867465,5
2020-11-02,pl1s,1,0.4339033690825382,5
2020-11-02,si1s,0,0.34857005977033106,5
2020-11-03,gc1s,0,0.48723419555648684,5
2020-11-03,si1s,1,0.3823325729179359,5
2020-11-03,pl1s,0,0.4752682314410201,5
2020-11-04,si1s,1,0.5337771732041718,5
2020-11-04,pl1s,1,0.47648325650198825,5
2020-11-04,gc1s,1,0.4649347595795863,5
2020-11-05,pl1s,0,0.42334820422299724,5
2020-11-05,si1s,0,0.3761297161599077,5
2020-11-06,si1s,1,0.3530307777600048,5
2020-11-06,pl1s,0,0.4650678694531651,5
2020-11-09,si1s,1,0.3008825468063625,5
2020-11-09,pl1s,1,0.4425569197664355,5
2020-11-10,si1s,0,0.3983022074648115,5
2020-11-10,pl1s,0,0.4922002125089795,5
2020-11-10,gc1s,0,0.36424053655061334,5
2020-11-11,si1s,1,0.3674554181885535,5
2020-11-11,pl1s,1,0.5251570553634006,5
2020-11-12,si1s,0,0.4230980035381373,5
2020-11-12,pl1s,1,0.5048463061210181,5
2020-11-12,gc1s,0,0.3962065349543224,5
2020-11-13,si1s,0,0.44068664047895734,5
2020-11-13,pl1s,1,0.5052722749438489,5
2020-11-16,pl1s,1,0.47042036696225403,5
2020-11-16,si1s,0,0.3925978831960032,5
2020-11-17,pl1s,1,0.4531506925206994,5
2020-11-17,si1s,1,0.30997247155455676,5
2020-11-18,pl1s,1,0.5330622281940005,5
2020-11-18,si1s,0,0.3235830824589932,5
2020-11-19,si1s,0,0.3305851507564473,5
2020-11-19,pl1s,1,0.5490322186923966,5
2020-11-19,gc1s,0,0.4024715989396862,5
2020-11-20,pl1s,0,0.5464154127898007,5
2020-11-20,si1s,0,0.340163775496452,5
2020-11-23,gc1s,0,0.3843388084833184,5
2020-11-23,pl1s,1,0.47996555266187363,5
2020-11-23,si1s,0,0.33617062238109297,5
2020-11-24,gc1s,0,0.7469792134055765,5
2020-11-24,pl1s,1,0.5055567085228063,5
2020-11-24,si1s,0,0.5344567217856141,5
2020-11-25,gc1s,0,0.5639446343735165,5
2020-05-14,si1s,1,0.3873308359938644,6
2020-05-14,pl1s,1,0.532584405043602,6
2020-05-15,si1s,1,0.49002715602742347,6
2020-05-18,pl1s,1,0.5391608571769055,6
2020-05-18,si1s,1,0.4534524978573593,6
2020-05-19,si1s,0,0.38495801045606853,6
2020-05-19,pl1s,1,0.4910149051106567,6
2020-05-20,si1s,0,0.3970097652252783,6
2020-05-20,gc1s,1,0.36565148442971435,6
2020-05-21,si1s,1,0.4290791597101498,6
2020-05-21,gc1s,0,0.37700965400012854,6
2020-05-22,gc1s,1,0.6134572556560989,6
2020-05-22,si1s,0,0.4660468816685218,6
2020-05-22,pl1s,1,0.52227941542447,6
2020-05-26,gc1s,0,0.6394922213248303,6
2020-05-26,pl1s,0,0.6247966564960042,6
2020-05-26,si1s,0,0.5491642026408374,6
2020-05-27,gc1s,0,0.4817779790616973,6
2020-05-27,si1s,0,0.5727888510347178,6
2020-05-27,pl1s,1,0.5853836907506309,6
2020-05-28,gc1s,0,0.5206148698396738,6
2020-05-28,pl1s,0,0.6351639100020962,6
2020-05-28,si1s,0,0.5628141710636549,6
2020-05-29,si1s,0,0.5419159007066829,6
2020-05-29,pl1s,0,0.5953259130619504,6
2020-06-01,pl1s,1,0.6036188183632344,6
2020-06-01,si1s,1,0.5404634704984564,6
2020-06-02,pl1s,1,0.6092417948989702,6
2020-06-02,gc1s,1,0.4054429977203925,6
2020-06-02,si1s,1,0.5530206708378578,6
2020-06-03,pl1s,0,0.5274217546963991,6
2020-06-04,pl1s,1,0.5893270589451923,6
2020-06-04,si1s,1,0.4489535654901211,6
2020-06-05,pl1s,1,0.6678616572361422,6
2020-06-08,pl1s,1,0.565093171465028,6
2020-06-09,si1s,0,0.3554146170528066,6
2020-06-09,pl1s,1,0.5960573611799357,6
2020-06-10,si1s,0,0.32910797757378174,6
2020-06-10,pl1s,1,0.5554076905973621,6
2020-06-11,si1s,1,0.4449966253601734,6
2020-06-11,pl1s,1,0.6142736050283903,6
2020-06-12,pl1s,0,0.5273741674169037,6
2020-06-12,si1s,0,0.3394676063960446,6
2020-06-15,si1s,0,0.4191695245408477,6
2020-06-15,pl1s,0,0.5908114727993022,6
2020-06-16,si1s,0,0.47505472124284953,6
2020-06-16,pl1s,1,0.6006390368685623,6
2020-06-17,si1s,1,0.42889187166733683,6
2020-06-17,pl1s,0,0.5785122088585375,6
2020-06-18,si1s,0,0.46949658944251005,6
2020-06-18,pl1s,1,0.6025667063630121,6
2020-06-19,si1s,0,0.5267850874760369,6
2020-06-19,gc1s,1,0.4536144012254515,6
2020-06-19,pl1s,1,0.5708590437834954,6
2020-06-22,gc1s,1,0.47934397224879927,6
2020-06-22,si1s,0,0.5138658061222559,6
2020-06-23,si1s,1,0.4565108370946175,6
2020-06-23,gc1s,0,0.41378291407671414,6
2020-06-24,pl1s,0,0.6070245414023702,6
2020-06-24,si1s,0,0.4523696980223494,6
2020-06-25,pl1s,1,0.58537898606887,6
2020-06-25,gc1s,1,0.30128274579413167,6
2020-06-25,si1s,0,0.5438095023301176,6
2020-06-26,pl1s,1,0.6361861250627316,6
2020-06-26,gc1s,1,0.40967905468642063,6
2020-06-26,si1s,0,0.4368356799418614,6
2020-06-29,pl1s,1,0.5200209507996681,6
2020-06-29,gc1s,1,0.3037213110995208,6
2020-06-29,si1s,1,0.43007892863132624,6
2020-06-30,pl1s,0,0.6217215310911028,6
2020-07-01,pl1s,0,0.658186510182726,6
2020-07-01,si1s,0,0.5315454991063426,6
2020-07-02,gc1s,1,0.44234781197972356,6
2020-07-02,si1s,0,0.4355916432800697,6
2020-07-02,pl1s,1,0.5637420618808271,6
2020-07-06,pl1s,1,0.5398384825758606,6
2020-07-06,gc1s,1,0.4055110898086427,6
2020-07-06,si1s,1,0.33570421922912624,6
2020-07-07,pl1s,1,0.5583350096246056,6
2020-07-07,gc1s,0,0.41349938684242166,6
2020-07-07,si1s,1,0.33839503452893394,6
2020-07-08,gc1s,0,0.35203924525904123,6
2020-07-08,si1s,0,0.4085629678178067,6
2020-07-08,pl1s,0,0.4634437988703636,6
2020-07-09,gc1s,0,0.3762765272796335,6
2020-07-09,si1s,0,0.4873016720349713,6
2020-07-09,pl1s,0,0.5641344965280669,6
2020-07-10,si1s,0,0.4942552757369764,6
2020-07-10,gc1s,1,0.4211250819573999,6
2020-07-10,pl1s,1,0.49015253574758044,6
2020-07-13,si1s,1,0.5666155144739847,6
2020-07-13,gc1s,0,0.34098092328268464,6
2020-07-13,pl1s,0,0.5007788851900568,6
2020-07-14,pl1s,1,0.5623349760981494,6
2020-07-14,si1s,0,0.5468901430593327,6
2020-07-14,gc1s,0,0.3630856885789383,6
2020-07-15,pl1s,0,0.5400578690019298,6
2020-07-15,gc1s,0,0.393268954518697,6
2020-07-15,si1s,0,0.4465992093168889,6
2020-07-16,gc1s,1,0.42848483470795906,6
2020-07-16,pl1s,1,0.6011440958223507,6
2020-07-17,si1s,0,0.5324294471927881,6
2020-07-17,pl1s,1,0.5443574677150131,6
2020-07-20,si1s,0,0.5036567498421287,6
2020-07-20,pl1s,1,0.5240950879099316,6
2020-07-21,si1s,0,0.5241606326317984,6
2020-07-22,si1s,0,0.6505498673162445,6
2020-07-22,pl1s,0,0.6792942209594742,6
2020-07-23,si1s,0,0.7085500756836527,6
2020-07-23,pl1s,1,0.6352157573219901,6
2020-07-24,pl1s,0,0.582023985057803,6
2020-07-24,si1s,0,0.5800687476529071,6
2020-07-27,pl1s,0,0.5761145223655443,6
2020-07-27,si1s,1,0.6333567386729982,6
2020-07-28,pl1s,1,0.6693292252153479,6
2020-07-28,si1s,1,0.724129980993951,6
2020-07-29,si1s,1,0.6098896767500637,6
2020-07-29,pl1s,1,0.6041784288466661,6
2020-07-30,si1s,0,0.5638973838549253,6
2020-07-30,pl1s,1,0.4993782685765469,6
2020-07-31,si1s,0,0.5842494193422055,6
2020-07-31,pl1s,1,0.45215077486210903,6
2020-08-03,si1s,0,0.6574593206410649,6
2020-08-03,pl1s,1,0.5089603848459721,6
2020-08-04,si1s,0,0.6511640005738651,6
2020-08-04,pl1s,0,0.5906828055283245,6
2020-08-05,pl1s,0,0.637244231406157,6
2020-08-05,si1s,0,0.7691541846891347,6
2020-08-06,si1s,1,0.7819038813672311,6
2020-08-06,pl1s,1,0.6696348461530314,6
2020-08-07,pl1s,0,0.6741942723905665,6
2020-08-07,si1s,0,0.811212636139946,6
2020-08-10,si1s,1,0.715596081965419,6
2020-08-10,pl1s,1,0.6155302245268524,6
2020-08-11,pl1s,0,0.6421138025764488,6
2020-08-11,si1s,1,0.5719033273898643,6
2020-08-12,si1s,1,0.4162040056188033,6
2020-08-12,pl1s,0,0.5691615527717611,6
2020-08-13,si1s,1,0.6671750282647262,6
2020-08-13,pl1s,1,0.6381457795845294,6
2020-08-14,si1s,0,0.6356924258793181,6
2020-08-14,pl1s,0,0.5770238250549898,6
2020-08-17,pl1s,0,0.49666996079351805,6
2020-08-17,si1s,0,0.4386437975412154,6
2020-08-18,si1s,1,0.4810898556117306,6
2020-08-18,pl1s,1,0.4933631410419815,6
2020-08-18,gc1s,1,0.45577508279347145,6
2020-08-19,pl1s,0,0.5499144893878407,6
2020-08-19,si1s,1,0.48735057054506153,6
2020-08-19,gc1s,1,0.5583183362194482,6
2020-11-25,si1s,0,0.32894016043615276,6
2020-11-27,gc1s,0,0.48381352343833917,6
2020-11-27,si1s,1,0.4615614987658722,6
2020-11-30,gc1s,1,0.4570576200380089,6
2020-11-30,si1s,1,0.4607783729755002,6
2020-12-01,gc1s,1,0.4122396546022469,6
2020-12-01,pl1s,0,0.5456793059607185,6
2020-12-02,pl1s,0,0.6114517847258808,6
2020-12-02,gc1s,1,0.4308964937508891,6
2020-12-03,pl1s,0,0.6086818194960626,6
2020-12-03,si1s,1,0.37008236354802865,6
2020-12-04,si1s,1,0.2550685343557435,6
2020-12-04,pl1s,1,0.5457880451308202,6
2020-12-07,pl1s,1,0.5223063084389776,6
2020-12-07,si1s,0,0.26831850186172745,6
2020-12-08,si1s,0,0.24548334674089756,6
2020-12-08,pl1s,1,0.3973752917530155,6
2020-12-09,pl1s,0,0.4492355607168458,6
2020-12-09,si1s,1,0.3086333313976457,6
2020-12-10,pl1s,1,0.45912997000744743,6
2020-12-10,si1s,1,0.26582864507729836,6
2020-12-11,si1s,1,0.3227727894319177,6
2020-12-11,pl1s,1,0.5496128030338215,6
2020-12-14,si1s,1,0.2987184915142035,6
2020-12-14,pl1s,0,0.47937583376961934,6
2020-12-14,gc1s,1,0.2748296980471011,6
2020-12-15,si1s,1,0.2512876268851528,6
2020-12-15,gc1s,1,0.25968796313059805,6
2020-12-15,pl1s,1,0.4714773213103256,6
2020-12-16,pl1s,0,0.5374927471196137,6
2020-12-16,gc1s,1,0.2706216971500388,6
2020-12-16,si1s,1,0.34695477251124246,6
2020-12-17,si1s,0,0.3889248019486393,6
2020-12-17,pl1s,1,0.5075882712330645,6
2020-12-18,pl1s,1,0.534116869508819,6
2020-12-18,si1s,0,0.33066730491563123,6
2020-12-21,pl1s,1,0.5733674048778938,6
2020-12-21,si1s,0,0.4288298531026065,6
2020-12-22,pl1s,0,0.5616453610717272,6
2020-12-22,si1s,1,0.4490253765306172,6
2020-12-23,pl1s,0,0.5543137243323668,6
2020-12-23,si1s,1,0.36505721953724785,6
2020-12-24,si1s,1,0.36902715650064244,6
2020-12-24,gc1s,1,0.25215082674625905,6
2020-12-24,pl1s,0,0.49645671568093946,6
2020-12-28,pl1s,0,0.5094587868096804,6
2020-12-28,gc1s,1,0.28599211182999096,6
2020-12-28,si1s,0,0.5097551568752339,6
2020-12-29,si1s,1,0.3408273822696258,6
2020-12-29,pl1s,0,0.5426787770132165,6
2020-12-29,gc1s,1,0.25506216027207956,6
2020-12-30,pl1s,0,0.49553111878043776,6
2020-12-30,gc1s,1,0.2672209918732103,6
2020-12-30,si1s,0,0.2677710732095234,6
2020-12-31,si1s,1,0.29129375028416055,6
2020-12-31,pl1s,1,0.5110260824840627,6
2020-12-31,gc1s,1,0.3115580406208273,6
2021-01-04,si1s,0,0.4634530306892282,6
2021-01-04,pl1s,1,0.6018014215336338,6
2021-01-04,gc1s,0,0.4127446242951287,6
2021-01-05,si1s,1,0.4411378269038381,6
2021-01-05,pl1s,0,0.5087641286680067,6
2021-01-07,pl1s,1,0.5891744848078007,6
2021-01-08,pl1s,0,0.6479900207906839,6
2021-01-08,si1s,0,0.5978683053363082,6
2021-01-11,pl1s,1,0.6409184452281269,6
2021-01-12,pl1s,0,0.6242242733917287,6
2021-01-12,si1s,0,0.5021495171335203,6
2021-01-13,pl1s,0,0.6670116841975094,6
2021-01-13,si1s,0,0.4982431449163068,6
2021-01-14,pl1s,1,0.5939481680006077,6
2021-01-14,si1s,1,0.47091543002255215,6
2021-01-15,pl1s,0,0.6684689555998039,6
2021-01-15,si1s,0,0.5638597484950402,6
2021-01-19,si1s,0,0.49501522694134586,6
2021-01-19,pl1s,0,0.5869520312838032,6
2021-01-20,si1s,0,0.5245684286530955,6
2021-01-20,pl1s,0,0.6267260932304717,6
2021-01-20,gc1s,1,0.5135591855537708,6
2021-01-21,pl1s,1,0.6824815954648474,6
2021-01-21,gc1s,1,0.48033391484880195,6
2021-01-21,si1s,0,0.4756411343965509,6
2021-01-22,pl1s,1,0.6512393149642026,6
2021-01-22,si1s,0,0.558238299453221,6
2021-01-25,pl1s,0,0.5978218661141317,6
2021-01-25,si1s,0,0.4573595878916632,6
2021-01-26,si1s,0,0.40250058139301237,6
2021-01-26,pl1s,1,0.5779652446349262,6
2021-01-27,si1s,0,0.5240794862194138,6
2021-01-28,si1s,0,0.6562342182770013,6
2021-01-28,pl1s,1,0.670284817376693,6
2021-01-29,pl1s,1,0.7604464422148081,6
2021-02-01,pl1s,1,0.7319456907254696,6
2021-02-01,si1s,1,0.7302989027810901,6
2021-02-02,pl1s,1,0.6788123544130453,6
2021-02-03,si1s,0,0.36545723500384114,6
2021-02-04,pl1s,1,0.6784195298225352,6
2021-02-04,si1s,1,0.49909110036945736,6
2021-02-04,gc1s,1,0.6465836131068113,6
2021-02-05,pl1s,1,0.6005519818264312,6
2021-02-05,si1s,1,0.44587083028833596,6
2021-02-08,si1s,0,0.5523540492094511,6
2021-02-08,pl1s,1,0.6283116224700913,6
2021-02-09,pl1s,0,0.7010905750654918,6
2021-02-09,si1s,0,0.48992254375893185,6
2021-02-10,pl1s,0,0.6843249451407559,6
2021-02-10,si1s,0,0.4475710003764736,6
2021-02-11,pl1s,0,0.6738290427400689,6
2021-02-11,si1s,0,0.4279280349032222,6
2021-02-12,pl1s,0,0.6052343744156481,6
2021-02-12,si1s,0,0.4132973175108763,6
2021-02-16,pl1s,1,0.7479206301494897,6
2021-02-16,si1s,0,0.5376858044530985,6
2021-02-17,si1s,0,0.5110425155546409,6
2021-02-17,pl1s,0,0.6882359394401386,6
2021-02-18,pl1s,0,0.6384652978749183,6
2021-02-18,si1s,0,0.4476908242299867,6
2021-02-19,pl1s,1,0.5947884453086881,6
2021-02-19,gc1s,1,0.5074528052921663,6
2021-02-19,si1s,0,0.45204628852253675,6
2021-02-22,pl1s,1,0.5364796402442836,6
2021-02-22,si1s,1,0.4632438856289802,6
2021-02-23,si1s,1,0.6134889307995394,6
2021-02-23,pl1s,0,0.5058671525431095,6
2021-02-24,si1s,0,0.39400372848945403,6
2021-02-24,pl1s,1,0.5175929822834274,6
2021-02-25,pl1s,1,0.5676586213004292,6
2021-02-26,pl1s,0,0.598171384315465,6
2021-02-26,gc1s,0,0.49819150808195045,6
2021-02-26,si1s,0,0.5042619432296153,6
2021-03-01,pl1s,0,0.618909886076862,6
2021-03-01,si1s,1,0.42582555244572295,6
2021-03-01,gc1s,0,0.4870629169645394,6
2021-03-02,gc1s,0,0.4772443689511769,6
2021-03-02,si1s,0,0.46406547612156446,6
2021-03-02,pl1s,1,0.6033485394319138,6
2021-03-03,gc1s,0,0.4985658239106907,6
2021-03-03,si1s,0,0.6052001022682225,6
2021-03-03,pl1s,0,0.6127760613556371,6
2021-03-04,si1s,0,0.6178732995448223,6
2021-03-04,gc1s,0,0.5122573642017854,6
2021-03-04,pl1s,0,0.6371790209951455,6
2021-03-05,pl1s,1,0.6366741058611093,6
2021-03-05,si1s,0,0.5949247697309256,6
2021-03-05,gc1s,0,0.5081091763668619,6
2021-03-08,gc1s,1,0.5464859173972056,6
2021-03-08,si1s,0,0.620878612750429,6
2021-03-08,pl1s,1,0.6673396006012309,6
2021-03-09,pl1s,1,0.7846599627793792,6
2021-03-09,gc1s,1,0.41931560208806906,6
2020-05-14,si1s,1,0.5009985057815289,7
2020-05-14,pl1s,1,0.5009985057815289,7
2020-05-15,si1s,1,0.5009985057815289,7
2020-05-18,pl1s,1,0.5009985057815289,7
2020-05-18,si1s,1,0.5009985057815289,7
2020-05-19,si1s,0,0.5009985057815289,7
2020-05-19,pl1s,1,0.5009985057815289,7
2020-05-20,si1s,0,0.5009985057815289,7
2020-05-20,gc1s,1,0.5009985057815289,7
2020-05-21,si1s,1,0.5009985057815289,7
2020-05-21,gc1s,0,0.5009985057815289,7
2020-05-22,gc1s,1,0.5009985057815289,7
2020-05-22,si1s,0,0.5009985057815289,7
2020-05-22,pl1s,1,0.5009985057815289,7
2020-05-26,gc1s,0,0.5009985057815289,7
2020-05-26,pl1s,0,0.5009985057815289,7
2020-05-26,si1s,0,0.5009985057815289,7
2020-05-27,gc1s,0,0.5009985057815289,7
2020-05-27,si1s,0,0.5009985057815289,7
2020-05-27,pl1s,1,0.5009985057815289,7
2020-05-28,gc1s,0,0.5009985057815289,7
2020-05-28,pl1s,0,0.5009985057815289,7
2020-05-28,si1s,0,0.5009985057815289,7
2020-05-29,si1s,0,0.5009985057815289,7
2020-05-29,pl1s,0,0.5009985057815289,7
2020-06-01,pl1s,1,0.5009985057815289,7
2020-06-01,si1s,1,0.5009985057815289,7
2020-06-02,pl1s,1,0.5009985057815289,7
2020-06-02,gc1s,1,0.5009985057815289,7
2020-06-02,si1s,1,0.5009985057815289,7
2020-06-03,pl1s,0,0.5009985057815289,7
2020-06-04,pl1s,1,0.5009985057815289,7
2020-06-04,si1s,1,0.5009985057815289,7
2020-06-05,pl1s,1,0.5009985057815289,7
2020-06-08,pl1s,1,0.5009985057815289,7
2020-06-09,si1s,0,0.5009985057815289,7
2020-06-09,pl1s,1,0.5009985057815289,7
2020-06-10,si1s,0,0.5009985057815289,7
2020-06-10,pl1s,1,0.5009985057815289,7
2020-06-11,si1s,1,0.5009985057815289,7
2020-06-11,pl1s,1,0.5009985057815289,7
2020-06-12,pl1s,0,0.5009985057815289,7
2020-06-12,si1s,0,0.5009985057815289,7
2020-06-15,si1s,0,0.5009985057815289,7
2020-06-15,pl1s,0,0.5009985057815289,7
2020-06-16,si1s,0,0.5009985057815289,7
2020-06-16,pl1s,1,0.5009985057815289,7
2020-06-17,si1s,1,0.5009985057815289,7
2020-06-17,pl1s,0,0.5009985057815289,7
2020-06-18,si1s,0,0.5009985057815289,7
2020-06-18,pl1s,1,0.5009985057815289,7
2020-06-19,si1s,0,0.5009985057815289,7
2020-06-19,gc1s,1,0.5009985057815289,7
2020-06-19,pl1s,1,0.5009985057815289,7
2020-06-22,gc1s,1,0.5009985057815289,7
2020-06-22,si1s,0,0.5009985057815289,7
2020-06-23,si1s,1,0.5009985057815289,7
2020-06-23,gc1s,0,0.5009985057815289,7
2020-06-24,pl1s,0,0.5009985057815289,7
2020-06-24,si1s,0,0.5009985057815289,7
2020-06-25,pl1s,1,0.5009985057815289,7
2020-06-25,gc1s,1,0.5009985057815289,7
2020-06-25,si1s,0,0.5009985057815289,7
2020-06-26,pl1s,1,0.5009985057815289,7
2020-06-26,gc1s,1,0.5009985057815289,7
2020-06-26,si1s,0,0.5009985057815289,7
2020-06-29,pl1s,1,0.5009985057815289,7
2020-06-29,gc1s,1,0.5009985057815289,7
2020-06-29,si1s,1,0.5009985057815289,7
2020-06-30,pl1s,0,0.5009985057815289,7
2020-07-01,pl1s,0,0.5009985057815289,7
2020-07-01,si1s,0,0.5009985057815289,7
2020-07-02,gc1s,1,0.5009985057815289,7
2020-07-02,si1s,0,0.5009985057815289,7
2020-07-02,pl1s,1,0.5009985057815289,7
2020-07-06,pl1s,1,0.5009985057815289,7
2020-07-06,gc1s,1,0.5009985057815289,7
2020-07-06,si1s,1,0.5009985057815289,7
2020-07-07,pl1s,1,0.5009985057815289,7
2020-07-07,gc1s,0,0.5009985057815289,7
2020-07-07,si1s,1,0.5009985057815289,7
2020-07-08,gc1s,0,0.5009985057815289,7
2020-07-08,si1s,0,0.5009985057815289,7
2020-07-08,pl1s,0,0.5009985057815289,7
2020-07-09,gc1s,0,0.5009985057815289,7
2020-07-09,si1s,0,0.5009985057815289,7
2020-07-09,pl1s,0,0.5009985057815289,7
2020-07-10,si1s,0,0.5009985057815289,7
2020-07-10,gc1s,1,0.5009985057815289,7
2020-07-10,pl1s,1,0.5009985057815289,7
2020-07-13,si1s,1,0.5009985057815289,7
2020-07-13,gc1s,0,0.5009985057815289,7
2020-07-13,pl1s,0,0.5009985057815289,7
2020-07-14,pl1s,1,0.5009985057815289,7
2020-07-14,si1s,0,0.5009985057815289,7
2020-07-14,gc1s,0,0.5009985057815289,7
2020-07-15,pl1s,0,0.5009985057815289,7
2020-07-15,gc1s,0,0.5009985057815289,7
2020-07-15,si1s,0,0.5009985057815289,7
2020-07-16,gc1s,1,0.5009985057815289,7
2020-07-16,pl1s,1,0.5009985057815289,7
2020-07-17,si1s,0,0.5009985057815289,7
2020-07-17,pl1s,1,0.5009985057815289,7
2020-07-20,si1s,0,0.5009985057815289,7
2020-07-20,pl1s,1,0.5009985057815289,7
2020-07-21,si1s,0,0.5009985057815289,7
2020-07-22,si1s,0,0.5009985057815289,7
2020-07-22,pl1s,0,0.5009985057815289,7
2020-07-23,si1s,0,0.5009985057815289,7
2020-07-23,pl1s,1,0.5009985057815289,7
2020-07-24,pl1s,0,0.5009985057815289,7
2020-07-24,si1s,0,0.5009985057815289,7
2020-07-27,pl1s,0,0.5009985057815289,7
2020-07-27,si1s,1,0.5009985057815289,7
2020-07-28,pl1s,1,0.5009985057815289,7
2020-07-28,si1s,1,0.5009985057815289,7
2020-07-29,si1s,1,0.5009985057815289,7
2020-07-29,pl1s,1,0.5009985057815289,7
2020-07-30,si1s,0,0.5009985057815289,7
2020-07-30,pl1s,1,0.5009985057815289,7
2020-07-31,si1s,0,0.5009985057815289,7
2020-07-31,pl1s,1,0.5009985057815289,7
2020-08-03,si1s,0,0.5009985057815289,7
2020-08-03,pl1s,1,0.5009985057815289,7
2020-08-04,si1s,0,0.5009985057815289,7
2020-08-04,pl1s,0,0.5009985057815289,7
2020-08-05,pl1s,0,0.5009985057815289,7
2020-08-05,si1s,0,0.5009985057815289,7
2020-08-06,si1s,1,0.5009985057815289,7
2020-08-06,pl1s,1,0.5009985057815289,7
2020-08-07,pl1s,0,0.5009985057815289,7
2020-08-07,si1s,0,0.5009985057815289,7
2020-08-10,si1s,1,0.5009985057815289,7
2020-08-10,pl1s,1,0.5009985057815289,7
2020-08-11,pl1s,0,0.5009985057815289,7
2020-08-11,si1s,1,0.5009985057815289,7
2020-08-12,si1s,1,0.5009985057815289,7
2020-08-12,pl1s,0,0.5009985057815289,7
2020-08-13,si1s,1,0.5009985057815289,7
2020-08-13,pl1s,1,0.5009985057815289,7
2020-08-14,si1s,0,0.5009985057815289,7
2020-08-14,pl1s,0,0.5009985057815289,7
2020-08-17,pl1s,0,0.5009985057815289,7
2020-08-17,si1s,0,0.5009985057815289,7
2020-08-18,si1s,1,0.5009985057815289,7
2020-08-18,pl1s,1,0.5009985057815289,7
2020-08-18,gc1s,1,0.5009985057815289,7
2020-08-19,pl1s,0,0.5009985057815289,7
2020-08-19,si1s,1,0.5009985057815289,7
2020-08-19,gc1s,1,0.5009985057815289,7
2021-03-09,si1s,0,0.5009985057815289,7
2021-03-10,gc1s,1,0.5009985057815289,7
2021-03-10,si1s,0,0.5009985057815289,7
2021-03-10,pl1s,1,0.5009985057815289,7
2021-03-11,si1s,0,0.5009985057815289,7
2021-03-11,pl1s,0,0.5009985057815289,7
2021-03-11,gc1s,0,0.5009985057815289,7
2021-03-12,pl1s,1,0.5009985057815289,7
2021-03-12,gc1s,1,0.5009985057815289,7
2021-03-12,si1s,1,0.5009985057815289,7
2021-03-15,gc1s,0,0.5009985057815289,7
2021-03-15,si1s,1,0.5009985057815289,7
2021-03-15,pl1s,1,0.5009985057815289,7
2021-03-16,pl1s,0,0.5009985057815289,7
2021-03-16,si1s,0,0.5009985057815289,7
2021-03-16,gc1s,0,0.5009985057815289,7
2021-03-17,pl1s,1,0.5009985057815289,7
2021-03-17,si1s,0,0.5009985057815289,7
2021-03-17,gc1s,0,0.5009985057815289,7
2021-03-18,pl1s,0,0.5009985057815289,7
2021-03-18,gc1s,0,0.5009985057815289,7
2021-03-18,si1s,1,0.5009985057815289,7
2021-03-19,gc1s,0,0.5009985057815289,7
2021-03-19,si1s,1,0.5009985057815289,7
2021-03-19,pl1s,0,0.5009985057815289,7
2021-03-22,pl1s,0,0.5009985057815289,7
2021-03-22,si1s,0,0.5009985057815289,7
2021-03-23,si1s,0,0.5009985057815289,7
2021-03-23,pl1s,1,0.5009985057815289,7
2021-03-24,si1s,0,0.5009985057815289,7
2021-03-24,pl1s,0,0.5009985057815289,7
2021-03-25,si1s,0,0.5009985057815289,7
2021-03-25,pl1s,1,0.5009985057815289,7
2021-03-26,si1s,0,0.5009985057815289,7
2021-03-26,pl1s,1,0.5009985057815289,7
2021-03-29,pl1s,0,0.5009985057815289,7
2021-03-29,si1s,0,0.5009985057815289,7
2021-03-30,pl1s,1,0.5009985057815289,7
2021-03-30,si1s,1,0.5009985057815289,7
2021-03-31,pl1s,1,0.5009985057815289,7
2021-03-31,si1s,1,0.5009985057815289,7
2021-04-01,pl1s,1,0.5009985057815289,7
2021-04-01,si1s,0,0.5009985057815289,7
2021-04-05,pl1s,1,0.5009985057815289,7
2021-04-05,si1s,1,0.5009985057815289,7
2021-04-06,si1s,0,0.5009985057815289,7
2021-04-06,gc1s,0,0.5009985057815289,7
2021-04-07,pl1s,1,0.5009985057815289,7
2021-04-07,gc1s,0,0.5009985057815289,7
2021-04-07,si1s,0,0.5009985057815289,7
2021-04-08,si1s,0,0.5009985057815289,7
2021-04-08,pl1s,0,0.5009985057815289,7
2021-04-09,pl1s,0,0.5009985057815289,7
2021-04-09,gc1s,0,0.5009985057815289,7
2021-04-09,si1s,0,0.5009985057815289,7
2021-04-12,pl1s,0,0.5009985057815289,7
2021-04-12,si1s,1,0.5009985057815289,7
2021-04-13,si1s,1,0.5009985057815289,7
2021-04-13,pl1s,1,0.5009985057815289,7
2021-04-14,si1s,1,0.5009985057815289,7
2021-04-14,pl1s,1,0.5009985057815289,7
2021-04-15,pl1s,1,0.5009985057815289,7
2021-04-16,si1s,0,0.5009985057815289,7
2021-04-16,pl1s,0,0.5009985057815289,7
2021-04-20,pl1s,1,0.5009985057815289,7
2021-04-21,pl1s,0,0.5009985057815289,7
2021-04-21,si1s,1,0.5009985057815289,7
2021-04-22,pl1s,1,0.5009985057815289,7
2021-04-23,pl1s,1,0.5009985057815289,7
2021-04-26,pl1s,1,0.5009985057815289,7
2021-04-26,si1s,0,0.5009985057815289,7
2021-04-27,pl1s,0,0.5009985057815289,7
2021-04-27,si1s,1,0.5009985057815289,7
2021-04-28,si1s,0,0.5009985057815289,7
2021-04-28,pl1s,0,0.5009985057815289,7
2021-04-29,pl1s,1,0.5009985057815289,7
2021-04-29,si1s,0,0.5009985057815289,7
2021-04-30,si1s,1,0.5009985057815289,7
2021-04-30,pl1s,1,0.5009985057815289,7
2021-05-03,si1s,1,0.5009985057815289,7
2021-05-03,pl1s,1,0.5009985057815289,7
2021-05-04,pl1s,0,0.5009985057815289,7
2021-05-04,si1s,1,0.5009985057815289,7
2021-05-05,pl1s,1,0.5009985057815289,7
2021-05-05,si1s,1,0.5009985057815289,7
2021-05-06,si1s,0,0.5009985057815289,7
2021-05-06,pl1s,0,0.5009985057815289,7
2021-05-07,gc1s,0,0.5009985057815289,7
2021-05-07,si1s,0,0.5009985057815289,7
2021-05-07,pl1s,1,0.5009985057815289,7
2021-05-10,si1s,0,0.5009985057815289,7
2021-05-10,pl1s,0,0.5009985057815289,7
2021-05-11,pl1s,0,0.5009985057815289,7
2021-05-11,si1s,1,0.5009985057815289,7
2021-05-12,si1s,0,0.5009985057815289,7
2021-05-12,pl1s,0,0.5009985057815289,7
2021-05-12,gc1s,1,0.5009985057815289,7
2021-05-13,si1s,0,0.5009985057815289,7
2021-05-13,pl1s,1,0.5009985057815289,7
2021-05-13,gc1s,1,0.5009985057815289,7
2021-05-14,pl1s,1,0.5009985057815289,7
2021-05-14,si1s,0,0.5009985057815289,7
2021-05-17,pl1s,0,0.5009985057815289,7
2021-05-17,gc1s,1,0.5009985057815289,7
2021-05-17,si1s,1,0.5009985057815289,7
2021-05-18,pl1s,0,0.5009985057815289,7
2021-05-18,si1s,1,0.5009985057815289,7
2021-05-18,gc1s,1,0.5009985057815289,7
2021-05-19,pl1s,1,0.5009985057815289,7
2021-05-19,gc1s,0,0.5009985057815289,7
2021-05-19,si1s,1,0.5009985057815289,7
2021-05-20,si1s,1,0.5009985057815289,7
2021-05-20,pl1s,0,0.5009985057815289,7
2021-05-20,gc1s,0,0.5009985057815289,7
2021-05-21,pl1s,1,0.5009985057815289,7
2021-05-21,si1s,0,0.5009985057815289,7
2021-05-24,si1s,0,0.5009985057815289,7
2021-05-24,pl1s,1,0.5009985057815289,7
2021-05-25,si1s,0,0.5009985057815289,7
2021-05-25,pl1s,1,0.5009985057815289,7
2021-05-26,pl1s,0,0.5009985057815289,7
2021-05-27,pl1s,1,0.5009985057815289,7
2021-05-28,gc1s,0,0.5009985057815289,7
2021-05-28,pl1s,1,0.5009985057815289,7
2021-05-28,si1s,0,0.5009985057815289,7
2021-06-01,gc1s,0,0.5009985057815289,7
2021-06-01,si1s,0,0.5009985057815289,7
2021-06-01,pl1s,0,0.5009985057815289,7
2021-06-02,si1s,1,0.5009985057815289,7
2021-06-02,pl1s,0,0.5009985057815289,7
2021-06-03,pl1s,1,0.5009985057815289,7
2021-06-03,si1s,1,0.5009985057815289,7
2021-06-04,pl1s,1,0.5009985057815289,7
2021-06-07,pl1s,0,0.5009985057815289,7
2021-06-08,pl1s,0,0.5009985057815289,7
2021-06-08,si1s,0,0.5009985057815289,7
2021-06-09,pl1s,0,0.5009985057815289,7
2021-06-09,si1s,0,0.5009985057815289,7
2021-06-10,si1s,0,0.5009985057815289,7
2021-06-11,pl1s,1,0.5009985057815289,7
2021-06-11,si1s,1,0.5009985057815289,7
2021-06-14,si1s,1,0.5009985057815289,7
2021-06-14,pl1s,0,0.5009985057815289,7
2021-06-15,si1s,0,0.5009985057815289,7
2021-06-15,pl1s,0,0.5009985057815289,7
2021-06-16,si1s,1,0.5009985057815289,7
2021-06-16,pl1s,0,0.5009985057815289,7
2021-06-17,si1s,1,0.5009985057815289,7
2021-06-17,pl1s,0,0.5009985057815289,7
2021-06-18,pl1s,1,0.5009985057815289,7
2020-05-14,si1s,1,0.5024437573682863,8
2020-05-14,pl1s,1,0.5024437573682863,8
2020-05-15,si1s,1,0.5024437573682863,8
2020-05-18,pl1s,1,0.5024437573682863,8
2020-05-18,si1s,1,0.5024437573682863,8
2020-05-19,si1s,0,0.5024437573682863,8
2020-05-19,pl1s,1,0.5024437573682863,8
2020-05-20,si1s,0,0.5024437573682863,8
2020-05-20,gc1s,1,0.5024437573682863,8
2020-05-21,si1s,1,0.5024437573682863,8
2020-05-21,gc1s,0,0.5024437573682863,8
2020-05-22,gc1s,1,0.5024437573682863,8
2020-05-22,si1s,0,0.5024437573682863,8
2020-05-22,pl1s,1,0.5024437573682863,8
2020-05-26,gc1s,0,0.5024437573682863,8
2020-05-26,pl1s,0,0.5024437573682863,8
2020-05-26,si1s,0,0.5024437573682863,8
2020-05-27,gc1s,0,0.5024437573682863,8
2020-05-27,si1s,0,0.5024437573682863,8
2020-05-27,pl1s,1,0.5024437573682863,8
2020-05-28,gc1s,0,0.5024437573682863,8
2020-05-28,pl1s,0,0.5024437573682863,8
2020-05-28,si1s,0,0.5024437573682863,8
2020-05-29,si1s,0,0.5024437573682863,8
2020-05-29,pl1s,0,0.5024437573682863,8
2020-06-01,pl1s,1,0.5024437573682863,8
2020-06-01,si1s,1,0.5024437573682863,8
2020-06-02,pl1s,1,0.5024437573682863,8
2020-06-02,gc1s,1,0.5024437573682863,8
2020-06-02,si1s,1,0.5024437573682863,8
2020-06-03,pl1s,0,0.5024437573682863,8
2020-06-04,pl1s,1,0.5024437573682863,8
2020-06-04,si1s,1,0.5024437573682863,8
2020-06-05,pl1s,1,0.5024437573682863,8
2020-06-08,pl1s,1,0.5024437573682863,8
2020-06-09,si1s,0,0.5024437573682863,8
2020-06-09,pl1s,1,0.5024437573682863,8
2020-06-10,si1s,0,0.5024437573682863,8
2020-06-10,pl1s,1,0.5024437573682863,8
2020-06-11,si1s,1,0.5024437573682863,8
2020-06-11,pl1s,1,0.5024437573682863,8
2020-06-12,pl1s,0,0.5024437573682863,8
2020-06-12,si1s,0,0.5024437573682863,8
2020-06-15,si1s,0,0.5024437573682863,8
2020-06-15,pl1s,0,0.5024437573682863,8
2020-06-16,si1s,0,0.5024437573682863,8
2020-06-16,pl1s,1,0.5024437573682863,8
2020-06-17,si1s,1,0.5024437573682863,8
2020-06-17,pl1s,0,0.5024437573682863,8
2020-06-18,si1s,0,0.5024437573682863,8
2020-06-18,pl1s,1,0.5024437573682863,8
2020-06-19,si1s,0,0.5024437573682863,8
2020-06-19,gc1s,1,0.5024437573682863,8
2020-06-19,pl1s,1,0.5024437573682863,8
2020-06-22,gc1s,1,0.5024437573682863,8
2020-06-22,si1s,0,0.5024437573682863,8
2020-06-23,si1s,1,0.5024437573682863,8
2020-06-23,gc1s,0,0.5024437573682863,8
2020-06-24,pl1s,0,0.5024437573682863,8
2020-06-24,si1s,0,0.5024437573682863,8
2020-06-25,pl1s,1,0.5024437573682863,8
2020-06-25,gc1s,1,0.5024437573682863,8
2020-06-25,si1s,0,0.5024437573682863,8
2020-06-26,pl1s,1,0.5024437573682863,8
2020-06-26,gc1s,1,0.5024437573682863,8
2020-06-26,si1s,0,0.5024437573682863,8
2020-06-29,pl1s,1,0.5024437573682863,8
2020-06-29,gc1s,1,0.5024437573682863,8
2020-06-29,si1s,1,0.5024437573682863,8
2020-06-30,pl1s,0,0.5024437573682863,8
2020-07-01,pl1s,0,0.5024437573682863,8
2020-07-01,si1s,0,0.5024437573682863,8
2020-07-02,gc1s,1,0.5024437573682863,8
2020-07-02,si1s,0,0.5024437573682863,8
2020-07-02,pl1s,1,0.5024437573682863,8
2020-07-06,pl1s,1,0.5024437573682863,8
2020-07-06,gc1s,1,0.5024437573682863,8
2020-07-06,si1s,1,0.5024437573682863,8
2020-07-07,pl1s,1,0.5024437573682863,8
2020-07-07,gc1s,0,0.5024437573682863,8
2020-07-07,si1s,1,0.5024437573682863,8
2020-07-08,gc1s,0,0.5024437573682863,8
2020-07-08,si1s,0,0.5024437573682863,8
2020-07-08,pl1s,0,0.5024437573682863,8
2020-07-09,gc1s,0,0.5024437573682863,8
2020-07-09,si1s,0,0.5024437573682863,8
2020-07-09,pl1s,0,0.5024437573682863,8
2020-07-10,si1s,0,0.5024437573682863,8
2020-07-10,gc1s,1,0.5024437573682863,8
2020-07-10,pl1s,1,0.5024437573682863,8
2020-07-13,si1s,1,0.5024437573682863,8
2020-07-13,gc1s,0,0.5024437573682863,8
2020-07-13,pl1s,0,0.5024437573682863,8
2020-07-14,pl1s,1,0.5024437573682863,8
2020-07-14,si1s,0,0.5024437573682863,8
2020-07-14,gc1s,0,0.5024437573682863,8
2020-07-15,pl1s,0,0.5024437573682863,8
2020-07-15,gc1s,0,0.5024437573682863,8
2020-07-15,si1s,0,0.5024437573682863,8
2020-07-16,gc1s,1,0.5024437573682863,8
2020-07-16,pl1s,1,0.5024437573682863,8
2020-07-17,si1s,0,0.5024437573682863,8
2020-07-17,pl1s,1,0.5024437573682863,8
2020-07-20,si1s,0,0.5024437573682863,8
2020-07-20,pl1s,1,0.5024437573682863,8
2020-07-21,si1s,0,0.5024437573682863,8
2020-07-22,si1s,0,0.5024437573682863,8
2020-07-22,pl1s,0,0.5024437573682863,8
2020-07-23,si1s,0,0.5024437573682863,8
2020-07-23,pl1s,1,0.5024437573682863,8
2020-07-24,pl1s,0,0.5024437573682863,8
2020-07-24,si1s,0,0.5024437573682863,8
2020-07-27,pl1s,0,0.5024437573682863,8
2020-07-27,si1s,1,0.5024437573682863,8
2020-07-28,pl1s,1,0.5024437573682863,8
2020-07-28,si1s,1,0.5024437573682863,8
2020-07-29,si1s,1,0.5024437573682863,8
2020-07-29,pl1s,1,0.5024437573682863,8
2020-07-30,si1s,0,0.5024437573682863,8
2020-07-30,pl1s,1,0.5024437573682863,8
2020-07-31,si1s,0,0.5024437573682863,8
2020-07-31,pl1s,1,0.5024437573682863,8
2020-08-03,si1s,0,0.5024437573682863,8
2020-08-03,pl1s,1,0.5024437573682863,8
2020-08-04,si1s,0,0.5024437573682863,8
2020-08-04,pl1s,0,0.5024437573682863,8
2020-08-05,pl1s,0,0.5024437573682863,8
2020-08-05,si1s,0,0.5024437573682863,8
2020-08-06,si1s,1,0.5024437573682863,8
2020-08-06,pl1s,1,0.5024437573682863,8
2020-08-07,pl1s,0,0.5024437573682863,8
2020-08-07,si1s,0,0.5024437573682863,8
2020-08-10,si1s,1,0.5024437573682863,8
2020-08-10,pl1s,1,0.5024437573682863,8
2020-08-11,pl1s,0,0.5024437573682863,8
2020-08-11,si1s,1,0.5024437573682863,8
2020-08-12,si1s,1,0.5024437573682863,8
2020-08-12,pl1s,0,0.5024437573682863,8
2020-08-13,si1s,1,0.5024437573682863,8
2020-08-13,pl1s,1,0.5024437573682863,8
2020-08-14,si1s,0,0.5024437573682863,8
2020-08-14,pl1s,0,0.5024437573682863,8
2020-08-17,pl1s,0,0.5024437573682863,8
2020-08-17,si1s,0,0.5024437573682863,8
2020-08-18,si1s,1,0.5024437573682863,8
2020-08-18,pl1s,1,0.5024437573682863,8
2020-08-18,gc1s,1,0.5024437573682863,8
2020-08-19,pl1s,0,0.5024437573682863,8
2020-08-19,si1s,1,0.5024437573682863,8
2020-08-19,gc1s,1,0.5024437573682863,8
2021-06-18,si1s,1,0.5024437573682863,8
2021-06-21,si1s,0,0.5024437573682863,8
2021-06-21,pl1s,1,0.5024437573682863,8
2021-06-22,si1s,1,0.5024437573682863,8
2021-06-22,pl1s,1,0.5024437573682863,8
2021-06-23,pl1s,1,0.5024437573682863,8
2021-06-23,si1s,0,0.5024437573682863,8
2021-06-24,si1s,0,0.5024437573682863,8
2021-06-25,si1s,0,0.5024437573682863,8
2021-06-28,si1s,0,0.5024437573682863,8
2021-06-29,pl1s,1,0.5024437573682863,8
2021-06-29,si1s,1,0.5024437573682863,8
2021-06-30,si1s,0,0.5024437573682863,8
2021-06-30,pl1s,1,0.5024437573682863,8
2021-07-01,si1s,1,0.5024437573682863,8
2021-07-01,pl1s,1,0.5024437573682863,8
2021-07-02,pl1s,0,0.5024437573682863,8
2021-07-02,si1s,1,0.5024437573682863,8
2021-07-06,pl1s,0,0.5024437573682863,8
2021-07-06,si1s,0,0.5024437573682863,8
2021-07-07,pl1s,0,0.5024437573682863,8
2021-07-08,si1s,1,0.5024437573682863,8
2021-07-08,pl1s,1,0.5024437573682863,8
2021-07-09,si1s,0,0.5024437573682863,8
2021-07-09,pl1s,1,0.5024437573682863,8
2021-07-12,si1s,0,0.5024437573682863,8
2021-07-12,pl1s,0,0.5024437573682863,8
2021-07-13,si1s,0,0.5024437573682863,8
2021-07-13,pl1s,1,0.5024437573682863,8
2021-07-14,pl1s,1,0.5024437573682863,8
2021-07-15,si1s,1,0.5024437573682863,8
2021-07-15,pl1s,0,0.5024437573682863,8
2021-07-16,si1s,1,0.5024437573682863,8
2021-07-16,pl1s,0,0.5024437573682863,8
2021-07-19,si1s,0,0.5024437573682863,8
2021-07-19,pl1s,0,0.5024437573682863,8
2021-07-20,si1s,1,0.5024437573682863,8
2021-07-20,pl1s,1,0.5024437573682863,8
2021-07-21,pl1s,1,0.5024437573682863,8
2021-07-21,si1s,0,0.5024437573682863,8
2021-07-22,pl1s,0,0.5024437573682863,8
2021-07-22,si1s,0,0.5024437573682863,8
2021-07-23,si1s,0,0.5024437573682863,8
2021-07-23,pl1s,1,0.5024437573682863,8
2021-07-26,pl1s,0,0.5024437573682863,8
2021-07-26,si1s,0,0.5024437573682863,8
2021-07-27,si1s,1,0.5024437573682863,8
2021-07-27,pl1s,1,0.5024437573682863,8
2021-07-28,si1s,1,0.5024437573682863,8
2021-07-28,pl1s,1,0.5024437573682863,8
2021-07-29,pl1s,0,0.5024437573682863,8
2021-07-29,si1s,0,0.5024437573682863,8
2021-07-30,si1s,0,0.5024437573682863,8
2021-07-30,pl1s,1,0.5024437573682863,8
2021-08-02,pl1s,0,0.5024437573682863,8
2021-08-02,si1s,0,0.5024437573682863,8
2021-08-03,gc1s,1,0.5024437573682863,8
2021-08-03,si1s,0,0.5024437573682863,8
2021-08-03,pl1s,0,0.5024437573682863,8
2021-08-04,gc1s,1,0.5024437573682863,8
2021-08-04,si1s,0,0.5024437573682863,8
2021-08-04,pl1s,0,0.5024437573682863,8
2021-08-05,si1s,0,0.5024437573682863,8
2021-08-06,si1s,0,0.5024437573682863,8
2021-08-09,gc1s,1,0.5024437573682863,8
2021-08-09,si1s,0,0.5024437573682863,8
2021-08-09,pl1s,1,0.5024437573682863,8
2021-08-10,pl1s,1,0.5024437573682863,8
2021-08-10,si1s,0,0.5024437573682863,8
2021-08-10,gc1s,1,0.5024437573682863,8
2021-08-11,si1s,0,0.5024437573682863,8
2021-08-11,gc1s,1,0.5024437573682863,8
2021-08-11,pl1s,1,0.5024437573682863,8
2021-08-12,si1s,1,0.5024437573682863,8
2021-08-12,gc1s,1,0.5024437573682863,8
2021-08-13,si1s,0,0.5024437573682863,8
2021-08-16,si1s,0,0.5024437573682863,8
2021-08-16,pl1s,0,0.5024437573682863,8
2021-08-17,si1s,0,0.5024437573682863,8
2021-08-17,pl1s,1,0.5024437573682863,8
2021-08-18,pl1s,0,0.5024437573682863,8
2021-08-18,si1s,0,0.5024437573682863,8
2021-08-19,pl1s,1,0.5024437573682863,8
2021-08-19,si1s,0,0.5024437573682863,8
2021-08-20,si1s,1,0.5024437573682863,8
2021-08-20,pl1s,1,0.5024437573682863,8
2021-08-23,si1s,1,0.5024437573682863,8
2021-08-23,pl1s,0,0.5024437573682863,8
2021-08-24,si1s,0,0.5024437573682863,8
2021-08-24,pl1s,1,0.5024437573682863,8
2021-08-25,pl1s,0,0.5024437573682863,8
2021-08-25,si1s,0,0.5024437573682863,8
2021-08-26,pl1s,1,0.5024437573682863,8
2021-08-26,si1s,1,0.5024437573682863,8
2021-08-27,pl1s,0,0.5024437573682863,8
2021-08-27,si1s,0,0.5024437573682863,8
2021-08-30,si1s,0,0.5024437573682863,8
2021-08-30,pl1s,1,0.5024437573682863,8
2021-08-31,si1s,0,0.5024437573682863,8
2021-08-31,pl1s,0,0.5024437573682863,8
2021-09-01,si1s,0,0.5024437573682863,8
2021-09-01,pl1s,0,0.5024437573682863,8
2021-09-02,si1s,0,0.5024437573682863,8
2021-09-02,pl1s,1,0.5024437573682863,8
2021-09-03,si1s,1,0.5024437573682863,8
2021-09-03,pl1s,0,0.5024437573682863,8
2021-09-07,pl1s,0,0.5024437573682863,8
2021-09-07,si1s,1,0.5024437573682863,8
2021-09-08,si1s,0,0.5024437573682863,8
2021-09-08,pl1s,0,0.5024437573682863,8
2021-09-09,pl1s,0,0.5024437573682863,8
2021-09-09,si1s,1,0.5024437573682863,8
2021-09-10,pl1s,1,0.5024437573682863,8
2021-09-10,si1s,0,0.5024437573682863,8
2021-09-13,pl1s,0,0.5024437573682863,8
2021-09-13,si1s,0,0.5024437573682863,8
2021-09-14,si1s,0,0.5024437573682863,8
2021-09-14,pl1s,0,0.5024437573682863,8
2021-09-15,pl1s,0,0.5024437573682863,8
2021-09-15,si1s,0,0.5024437573682863,8
2021-09-16,si1s,0,0.5024437573682863,8
2021-09-16,pl1s,1,0.5024437573682863,8
2021-09-17,si1s,0,0.5024437573682863,8
2021-09-17,pl1s,0,0.5024437573682863,8
2021-09-20,si1s,1,0.5024437573682863,8
2021-09-20,gc1s,0,0.5024437573682863,8
2021-09-20,pl1s,1,0.5024437573682863,8
2021-09-21,si1s,1,0.5024437573682863,8
2021-09-21,gc1s,0,0.5024437573682863,8
2021-09-21,pl1s,1,0.5024437573682863,8
2021-09-22,si1s,0,0.5024437573682863,8
2021-09-22,pl1s,0,0.5024437573682863,8
2021-09-22,gc1s,0,0.5024437573682863,8
2021-09-23,pl1s,0,0.5024437573682863,8
2021-09-23,gc1s,0,0.5024437573682863,8
2021-09-23,si1s,0,0.5024437573682863,8
2021-09-24,gc1s,0,0.5024437573682863,8
2021-09-24,si1s,0,0.5024437573682863,8
2021-09-27,si1s,0,0.5024437573682863,8
2021-09-27,gc1s,0,0.5024437573682863,8
2021-09-27,pl1s,0,0.5024437573682863,8
2021-09-28,si1s,0,0.5024437573682863,8
2021-09-28,pl1s,0,0.5024437573682863,8
2021-09-28,gc1s,0,0.5024437573682863,8
2021-09-29,si1s,1,0.5024437573682863,8
2021-09-29,pl1s,1,0.5024437573682863,8
2021-09-29,gc1s,1,0.5024437573682863,8
2021-09-30,si1s,1,0.5024437573682863,8
2021-09-30,pl1s,1,0.5024437573682863,8
2021-10-01,pl1s,0,0.5024437573682863,8
2021-10-04,pl1s,0,0.5024437573682863,8
2020-08-20,si1s,0,0.41400276745959735,9
2020-08-20,gc1s,0,0.5083256129841003,9
2020-08-20,pl1s,0,0.5398878498049089,9
2020-08-21,pl1s,0,0.5686505743699425,9
2020-08-21,gc1s,0,0.5349630423622218,9
2020-08-21,si1s,0,0.4345177817883581,9
2020-08-24,pl1s,1,0.5868401972517401,9
2020-08-24,gc1s,0,0.6138703136478109,9
2020-08-25,pl1s,1,0.5301197398045596,9
2020-08-25,si1s,1,0.5408996381748692,9
2020-08-26,pl1s,0,0.5201362753114982,9
2020-08-27,pl1s,1,0.6182893074734666,9
2020-08-27,si1s,0,0.5414596562980629,9
2020-08-28,pl1s,1,0.5533815727248891,9
2020-08-28,si1s,0,0.5664974609893876,9
2020-08-31,pl1s,1,0.582707969865308,9
2020-08-31,si1s,1,0.5421742032649151,9
2020-09-01,si1s,1,0.5106805965683159,9
2020-09-01,pl1s,0,0.50954626494524,9
2020-09-02,si1s,1,0.4747211727064458,9
2020-09-02,pl1s,0,0.5087335750687464,9
2020-09-03,si1s,0,0.5491162838857168,9
2020-09-03,pl1s,1,0.4939740084066832,9
2020-09-04,si1s,0,0.5958606823146393,9
2020-09-04,pl1s,1,0.5157750071356286,9
2020-09-08,si1s,0,0.6241978914929482,9
2020-09-08,pl1s,1,0.5210221772309742,9
2020-09-09,pl1s,1,0.4941508023608314,9
2020-09-10,si1s,0,0.5956276083128158,9
2020-09-11,si1s,1,0.615897648042448,9
2020-09-14,si1s,0,0.5041482892256343,9
2020-09-14,pl1s,0,0.5178061919551183,9
2020-09-15,pl1s,1,0.4367978094661837,9
2020-09-15,si1s,0,0.512807474667773,9
2020-09-16,pl1s,0,0.3988873373719704,9
2020-09-16,si1s,0,0.49157835078637874,9
2020-09-17,pl1s,1,0.4430193689175324,9
2020-09-17,si1s,0,0.547475355406953,9
2020-09-18,pl1s,0,0.4815849249286899,9
2020-09-18,si1s,0,0.5362558094935178,9
2020-09-21,si1s,1,0.5658548037989882,9
2020-09-21,pl1s,0,0.5396597376612197,9
2020-09-22,si1s,1,0.6172795779713812,9
2020-09-22,pl1s,0,0.6031248326461907,9
2020-09-23,gc1s,1,0.7528494222420297,9
2020-09-24,si1s,1,0.5233127728970467,9
2020-09-24,gc1s,0,0.6721376069550054,9
2020-09-25,pl1s,1,0.589192946121286,9
2020-09-25,gc1s,1,0.6328033015852456,9
2020-09-28,gc1s,1,0.6478443632921809,9
2020-09-28,si1s,0,0.45024778027706086,9
2020-09-28,pl1s,1,0.6187820976217208,9
2020-09-29,gc1s,0,0.5820778951642218,9
2020-09-29,si1s,1,0.4074010105855952,9
2020-09-30,pl1s,0,0.541564603069515,9
2020-09-30,gc1s,1,0.521376275717823,9
2020-09-30,si1s,1,0.4332504540736416,9
2020-10-01,pl1s,0,0.5427514987217512,9
2020-10-02,si1s,1,0.4325070084560163,9
2020-10-02,pl1s,1,0.5421057726053047,9
2020-10-05,pl1s,0,0.6009640887351033,9
2020-10-05,si1s,1,0.415736913915843,9
2020-10-06,pl1s,0,0.6342862367979334,9
2020-10-06,si1s,1,0.4708046277815769,9
2020-10-07,pl1s,0,0.608884322018823,9
2020-10-07,si1s,1,0.4774151347486047,9
2020-10-08,pl1s,1,0.5337057042216135,9
2020-10-08,si1s,1,0.4093556539196453,9
2020-10-09,si1s,1,0.4305674613841179,9
2020-10-09,pl1s,0,0.5203973419365295,9
2020-10-12,pl1s,0,0.48249429542133565,9
2020-10-12,si1s,1,0.38582878079995864,9
2020-10-13,pl1s,0,0.48633671970741243,9
2020-10-14,si1s,0,0.3521116171414139,9
2020-10-14,pl1s,0,0.4823488351387652,9
2020-10-15,pl1s,1,0.5243334295434733,9
2020-10-16,si1s,0,0.3953888806310466,9
2020-10-16,pl1s,0,0.5387151582702364,9
2020-10-19,gc1s,0,0.4454048541786356,9
2020-10-19,si1s,0,0.4426284016985507,9
2020-10-19,pl1s,1,0.5376402540234652,9
2020-10-20,pl1s,1,0.4619105530248403,9
2020-10-20,si1s,0,0.3922422169689384,9
2020-10-20,gc1s,0,0.40010339244671944,9
2020-10-21,gc1s,0,0.42394710819950393,9
2020-10-21,si1s,0,0.3844792921423721,9
2020-10-21,pl1s,0,0.39380216539299473,9
2020-10-22,gc1s,0,0.37321446837113953,9
2020-10-22,pl1s,1,0.42451137396659294,9
2020-10-22,si1s,0,0.3805140645944356,9
2020-10-23,pl1s,0,0.4293587682149414,9
2020-10-23,gc1s,0,0.32894261506906286,9
2020-10-23,si1s,0,0.32833963103457403,9
2020-10-26,gc1s,0,0.40188695187234236,9
2020-10-26,pl1s,1,0.5042022137484543,9
2020-10-26,si1s,0,0.38974370145161136,9
2020-10-27,gc1s,0,0.45493911611611787,9
2020-10-27,pl1s,0,0.44606609304388495,9
2020-10-27,si1s,0,0.42770048126983307,9
2020-10-28,si1s,1,0.36190202275520017,9
2020-10-28,pl1s,0,0.38923107822598574,9
2020-10-28,gc1s,0,0.35406691030284754,9
2020-10-29,si1s,1,0.380420523780145,9
2020-10-29,pl1s,0,0.4644495216350823,9
2020-10-29,gc1s,1,0.33465537451944055,9
2020-10-30,gc1s,1,0.39342682515333127,9
2020-10-30,pl1s,1,0.451706999137843,9
2020-10-30,si1s,1,0.40515956268392295,9
2020-11-02,pl1s,1,0.4239022584573412,9
2020-11-02,si1s,0,0.4121551580245082,9
2020-11-03,gc1s,0,0.3688101819049862,9
2020-11-03,si1s,1,0.39019108805154745,9
2020-11-03,pl1s,0,0.4232607038852041,9
2020-11-04,si1s,1,0.6601652651557037,9
2020-11-04,pl1s,1,0.4357357636095021,9
2020-11-04,gc1s,1,0.3554635302083719,9
2020-11-05,pl1s,0,0.3423859282202266,9
2020-11-05,si1s,0,0.35171785334573263,9
2020-11-06,si1s,1,0.3017557028647505,9
2020-11-06,pl1s,0,0.33220023627968304,9
2020-11-09,si1s,1,0.2813757022615119,9
2020-11-09,pl1s,1,0.36832103780206427,9
2020-11-10,si1s,0,0.3103254154880245,9
2020-11-10,pl1s,0,0.36461339875922677,9
2020-11-10,gc1s,0,0.3181650335280951,9
2020-11-11,si1s,1,0.3269674288051214,9
2020-11-11,pl1s,1,0.42957189832317694,9
2020-11-12,si1s,0,0.32618246058731276,9
2020-11-12,pl1s,1,0.3752868901010146,9
2020-11-12,gc1s,0,0.34880087078136124,9
2020-11-13,si1s,0,0.3123327094497206,9
2020-11-13,pl1s,1,0.3652900621631625,9
2020-11-16,pl1s,1,0.34879105412191685,9
2020-11-16,si1s,0,0.2707445072658578,9
2020-11-17,pl1s,1,0.3084802622219739,9
2020-11-17,si1s,1,0.19120628082261046,9
2020-11-18,pl1s,1,0.38724633000045167,9
2020-11-18,si1s,0,0.1966797057753378,9
2020-11-19,si1s,0,0.24207102708748196,9
2020-11-19,pl1s,1,0.39723021509841233,9
2020-11-19,gc1s,0,0.28826748794490786,9
2020-11-20,pl1s,0,0.3753871112059707,9
2020-11-20,si1s,0,0.225096929075129,9
2020-11-23,gc1s,0,0.3454244138961722,9
2020-11-23,pl1s,1,0.3431340374596256,9
2020-11-23,si1s,0,0.268314247832456,9
2020-11-24,gc1s,0,0.5524581547480145,9
2020-11-24,pl1s,1,0.3665534354893045,9
2020-11-24,si1s,0,0.37762530822317764,9
2020-11-25,gc1s,0,0.4149370986595501,9
2020-11-25,si1s,0,0.3231672075299724,9
2020-11-27,gc1s,0,0.5071738434706249,9
2020-11-27,si1s,1,0.41121660055988263,9
2020-11-30,gc1s,1,0.5266923768918649,9
2020-11-30,si1s,1,0.46039228532254994,9
2020-12-01,gc1s,1,0.4847759140000244,9
2020-12-01,pl1s,0,0.439481824360216,9
2020-12-02,pl1s,0,0.466685306210736,9
2020-12-02,gc1s,1,0.4736095293797919,9
2020-12-03,pl1s,0,0.4578547245566645,9
2020-12-03,si1s,1,0.3994744808971902,9
2020-12-04,si1s,1,0.2925012997681794,9
2020-12-04,pl1s,1,0.3581334712857323,9
2020-12-07,pl1s,1,0.36086230948183257,9
2020-12-07,si1s,0,0.3038137657345277,9
2020-12-08,si1s,0,0.2494270026620333,9
2020-12-08,pl1s,1,0.3209041543593731,9
2020-12-09,pl1s,0,0.3206287650073241,9
2020-12-09,si1s,1,0.28865957502098116,9
2020-12-10,pl1s,1,0.3524514821012017,9
2020-12-10,si1s,1,0.2847001747952576,9
2020-12-11,si1s,1,0.3292465144267577,9
2020-12-11,pl1s,1,0.3929709841866911,9
2020-12-14,si1s,1,0.34399425513116416,9
2020-12-14,pl1s,0,0.39267516297561883,9
2020-12-14,gc1s,1,0.37517242822443164,9
2020-12-15,si1s,1,0.2986835759033751,9
2020-12-15,gc1s,1,0.3662203134934965,9
2020-12-15,pl1s,1,0.3699770909088055,9
2020-12-16,pl1s,0,0.3561484628682898,9
2020-12-16,gc1s,1,0.34331213285536627,9
2020-12-16,si1s,1,0.29119167198838336,9
2020-12-17,si1s,0,0.29910318779029693,9
2020-12-17,pl1s,1,0.37321368731595284,9
2020-12-18,pl1s,1,0.4064552961354863,9
2020-12-18,si1s,0,0.291319828569879,9
2020-12-21,pl1s,1,0.48849050985345865,9
2020-12-21,si1s,0,0.36327085700668893,9
2020-12-22,pl1s,0,0.4688435790349494,9
2020-12-22,si1s,1,0.3587588460493863,9
2020-12-23,pl1s,0,0.4320778782461128,9
2020-12-23,si1s,1,0.35485220625397756,9
2020-12-24,si1s,1,0.32868495344479176,9
2020-12-24,gc1s,1,0.3436678584350529,9
2020-12-24,pl1s,0,0.3837063519045002,9
2020-12-28,pl1s,0,0.41338788047427166,9
2020-12-28,gc1s,1,0.36669745001765913,9
2020-12-28,si1s,0,0.3747144498075683,9
2020-12-29,si1s,1,0.3276603519845724,9
2020-12-29,pl1s,0,0.41509582146319896,9
2020-12-29,gc1s,1,0.35245477428817396,9
2020-12-30,pl1s,0,0.38422274329631306,9
2020-12-30,gc1s,1,0.34209854397838857,9
2020-12-30,si1s,0,0.2731375882005827,9
2020-12-31,si1s,1,0.26871513872932956,9
2020-12-31,pl1s,1,0.3836960494878638,9
2020-12-31,gc1s,1,0.35842617760327466,9
2021-01-04,si1s,0,0.34636618649305795,9
2021-01-04,pl1s,1,0.5430917257656126,9
2021-01-04,gc1s,0,0.4325980976000002,9
2021-01-05,si1s,1,0.3209432731261217,9
2021-01-05,pl1s,0,0.5092596560683623,9
2021-01-07,pl1s,1,0.4835915376118116,9
2021-01-08,pl1s,0,0.5484452027678088,9
2021-01-08,si1s,0,0.4126913761241805,9
2021-01-11,pl1s,1,0.6068215452342025,9
2021-01-12,pl1s,0,0.5486985564075724,9
2021-01-12,si1s,0,0.39311492313178026,9
2021-01-13,pl1s,0,0.4917983229023942,9
2021-01-13,si1s,0,0.34676642295981425,9
2021-01-14,pl1s,1,0.44098217136342605,9
2021-01-14,si1s,1,0.3371974654348034,9
2021-01-15,pl1s,0,0.5096749056934653,9
2021-01-15,si1s,0,0.3642828377348971,9
2021-01-19,si1s,0,0.3675841996186506,9
2021-01-19,pl1s,0,0.5099798799854318,9
2021-01-20,si1s,0,0.349934264316757,9
2021-01-20,pl1s,0,0.48653445694762537,9
2021-01-20,gc1s,1,0.39386474891779755,9
2021-01-21,pl1s,1,0.5155603894931217,9
2021-01-21,gc1s,1,0.38118398710820367,9
2021-01-21,si1s,0,0.3398262357575216,9
2021-01-22,pl1s,1,0.4997560466820924,9
2021-01-22,si1s,0,0.4379359348717549,9
2021-01-25,pl1s,0,0.5168488579604357,9
2021-01-25,si1s,0,0.35641111934616204,9
2021-01-26,si1s,0,0.3352318857583033,9
2021-01-26,pl1s,1,0.4876618351979943,9
2021-01-27,si1s,0,0.38897278152525006,9
2021-01-28,si1s,0,0.47527653431827827,9
2021-01-28,pl1s,1,0.63228592562344,9
2021-01-29,pl1s,1,0.735372019479351,9
2021-02-01,pl1s,1,0.6327754637514307,9
2021-02-01,si1s,1,0.5467520635213255,9
2021-02-02,pl1s,1,0.7012299559412176,9
2021-02-03,si1s,0,0.49461751318059993,9
2021-02-04,pl1s,1,0.6938339153573269,9
2021-02-04,si1s,1,0.49230146381244794,9
2021-02-04,gc1s,1,0.6999566054817901,9
2021-02-05,pl1s,1,0.6442435785419063,9
2021-02-05,si1s,1,0.4962757359149652,9
2021-02-08,si1s,0,0.49330211687227565,9
2021-02-08,pl1s,1,0.6180637528758584,9
2021-02-09,pl1s,0,0.5607100062437063,9
2021-02-09,si1s,0,0.4385124477061178,9
2021-02-10,pl1s,0,0.5346456703489082,9
2021-02-10,si1s,0,0.4066702682218344,9
2021-02-11,pl1s,0,0.48243810422535527,9
2021-02-11,si1s,0,0.40144219710559625,9
2021-02-12,pl1s,0,0.4612886066867037,9
2021-02-12,si1s,0,0.37596378289873794,9
2021-02-16,pl1s,1,0.5316352522093448,9
2021-02-16,si1s,0,0.43507456664101546,9
2021-02-17,si1s,0,0.43281516685753735,9
2021-02-17,pl1s,0,0.48896014612840194,9
2021-02-18,pl1s,0,0.43990579191142914,9
2021-02-18,si1s,0,0.37005331104962386,9
2021-02-19,pl1s,1,0.3963974138511032,9
2021-02-19,gc1s,1,0.49758318447039884,9
2021-02-19,si1s,0,0.39791077567507593,9
2021-02-22,pl1s,1,0.38083901408023274,9
2021-02-22,si1s,1,0.37263682589118696,9
2021-02-23,si1s,1,0.468232729186741,9
2021-02-23,pl1s,0,0.38674641287543493,9
2021-02-24,si1s,0,0.4170545588516151,9
2021-02-24,pl1s,1,0.39736852228198344,9
2021-02-25,pl1s,1,0.4123428479099963,9
2021-02-26,pl1s,0,0.5004483348126902,9
2021-02-26,gc1s,0,0.4456582010504743,9
2021-02-26,si1s,0,0.44436445175744904,9
2021-03-01,pl1s,0,0.5525454490415626,9
2021-03-01,si1s,1,0.40128487282402114,9
2021-03-01,gc1s,0,0.48294120831677584,9
2021-03-02,gc1s,0,0.45096168991937563,9
2021-03-02,si1s,0,0.4375907047008726,9
2021-03-02,pl1s,1,0.4985420079894364,9
2021-03-03,gc1s,0,0.4270934501746815,9
2021-03-03,si1s,0,0.5133742067111479,9
2021-03-03,pl1s,0,0.5519059699699567,9
2021-03-04,si1s,0,0.4736028981074616,9
2021-03-04,gc1s,0,0.4532875284087551,9
2021-03-04,pl1s,0,0.5956985832671785,9
2021-03-05,pl1s,1,0.615071616546811,9
2021-03-05,si1s,0,0.4962743909950602,9
2021-03-05,gc1s,0,0.44844924380181406,9
2021-03-08,gc1s,1,0.4731077324146738,9
2021-03-08,si1s,0,0.49437652892097017,9
2021-03-08,pl1s,1,0.5986054909737035,9
2021-03-09,pl1s,1,0.8020263628385192,9
2021-03-09,gc1s,1,0.3850643831991867,9
2020-08-20,si1s,0,0.319404630267838,10
2020-08-20,gc1s,0,0.5131904238558754,10
2020-08-20,pl1s,0,0.5153295605355561,10
2020-08-21,pl1s,0,0.5369313199059859,10
2020-08-21,gc1s,0,0.5696275873883463,10
2020-08-21,si1s,0,0.35161080108593223,10
2020-08-24,pl1s,1,0.56170448684,10
2020-08-24,gc1s,0,0.6306792049902733,10
2020-08-25,pl1s,1,0.44777351060714393,10
2020-08-25,si1s,1,0.45288930468151367,10
2020-08-26,pl1s,0,0.45639385895315354,10
2020-08-27,pl1s,1,0.5368986592495638,10
2020-08-27,si1s,0,0.48347647951987516,10
2020-08-28,pl1s,1,0.4880281109808218,10
2020-08-28,si1s,0,0.5119023199651077,10
2020-08-31,pl1s,1,0.5249436927274208,10
2020-08-31,si1s,1,0.48025986969486817,10
2020-09-01,si1s,1,0.4670463593712667,10
2020-09-01,pl1s,0,0.45683107490677777,10
2020-09-02,si1s,1,0.41041354997180246,10
2020-09-02,pl1s,0,0.4119460364417887,10
2020-09-03,si1s,0,0.5358675081572682,10
2020-09-03,pl1s,1,0.428364324053588,10
2020-09-04,si1s,0,0.5479911577908204,10
2020-09-04,pl1s,1,0.44217317946872137,10
2020-09-08,si1s,0,0.5900631196540203,10
2020-09-08,pl1s,1,0.47116641647706464,10
2020-09-09,pl1s,1,0.46763177094898567,10
2020-09-10,si1s,0,0.5517251048500927,10
2020-09-11,si1s,1,0.6005609188248495,10
2020-09-14,si1s,0,0.4996114305971418,10
2020-09-14,pl1s,0,0.4993486465463869,10
2020-09-15,pl1s,1,0.44041560267953234,10
2020-09-15,si1s,0,0.5360312855290141,10
2020-09-16,pl1s,0,0.4625973933328785,10
2020-09-16,si1s,0,0.5231060062019423,10
2020-09-17,pl1s,1,0.45344860056886316,10
2020-09-17,si1s,0,0.5455560193412713,10
2020-09-18,pl1s,0,0.533265512711428,10
2020-09-18,si1s,0,0.5571894040877176,10
2020-09-21,si1s,1,0.4779742264562904,10
2020-09-21,pl1s,0,0.5120987924190504,10
2020-09-22,si1s,1,0.5414626909906811,10
2020-09-22,pl1s,0,0.5848033137233991,10
2020-09-23,gc1s,1,0.7662204885541843,10
2020-09-24,si1s,1,0.4147632646747438,10
2020-09-24,gc1s,0,0.7138302796007588,10
2020-09-25,pl1s,1,0.5850283490213,10
2020-09-25,gc1s,1,0.7155285025322383,10
2020-09-28,gc1s,1,0.6987848503101936,10
2020-09-28,si1s,0,0.38301946262391817,10
2020-09-28,pl1s,1,0.6103918011700173,10
2020-09-29,gc1s,0,0.6466595501042263,10
2020-09-29,si1s,1,0.32999596269321607,10
2020-09-30,pl1s,0,0.5600185339328433,10
2020-09-30,gc1s,1,0.6030944624227307,10
2020-09-30,si1s,1,0.37578176709320155,10
2020-10-01,pl1s,0,0.5827035212203152,10
2020-10-02,si1s,1,0.43152381699962455,10
2020-10-02,pl1s,1,0.6038667920550027,10
2020-10-05,pl1s,0,0.6546407410495866,10
2020-10-05,si1s,1,0.36953105513204276,10
2020-10-06,pl1s,0,0.6618592256465863,10
2020-10-06,si1s,1,0.48646205796615677,10
2020-10-07,pl1s,0,0.6601555719694185,10
2020-10-07,si1s,1,0.5120799084744252,10
2020-10-08,pl1s,1,0.5974633274741139,10
2020-10-08,si1s,1,0.45114268198906116,10
2020-10-09,si1s,1,0.3685114881995355,10
2020-10-09,pl1s,0,0.5588176551368136,10
2020-10-12,pl1s,0,0.5559308110521652,10
2020-10-12,si1s,1,0.33775890719266544,10
2020-10-13,pl1s,0,0.5242339554276468,10
2020-10-14,si1s,0,0.28634810545169365,10
2020-10-14,pl1s,0,0.5348814185494574,10
2020-10-15,pl1s,1,0.5357979873187847,10
2020-10-16,si1s,0,0.3606057334639652,10
2020-10-16,pl1s,0,0.6193001049333903,10
2020-10-19,gc1s,0,0.6251390671305934,10
2020-10-19,si1s,0,0.428883394262348,10
2020-10-19,pl1s,1,0.6045859204531521,10
2020-10-20,pl1s,1,0.5192738430144924,10
2020-10-20,si1s,0,0.40292208891680226,10
2020-10-20,gc1s,0,0.5630216097035193,10
2020-10-21,gc1s,0,0.5807484293529248,10
2020-10-21,si1s,0,0.43626043681357807,10
2020-10-21,pl1s,0,0.4790431009822344,10
2020-10-22,gc1s,0,0.5137727788390389,10
2020-10-22,pl1s,1,0.5077678386443635,10
2020-10-22,si1s,0,0.43281204465937223,10
2020-10-23,pl1s,0,0.5468808946602746,10
2020-10-23,gc1s,0,0.4979936066788483,10
2020-10-23,si1s,0,0.4502347162664365,10
2020-10-26,gc1s,0,0.5489651408232677,10
2020-10-26,pl1s,1,0.6165022321054524,10
2020-10-26,si1s,0,0.48950500751930476,10
2020-10-27,gc1s,0,0.6192244447174037,10
2020-10-27,pl1s,0,0.58246051001377,10
2020-10-27,si1s,0,0.5267276139566981,10
2020-10-28,si1s,1,0.3167687712701699,10
2020-10-28,pl1s,0,0.44911363730844583,10
2020-10-28,gc1s,0,0.40607189839375285,10
2020-10-29,si1s,1,0.3514348144765967,10
2020-10-29,pl1s,0,0.5193695837832379,10
2020-10-29,gc1s,1,0.40907572704385703,10
2020-10-30,gc1s,1,0.4676657453877712,10
2020-10-30,pl1s,1,0.49830167235244877,10
2020-10-30,si1s,1,0.39629463067425275,10
2020-11-02,pl1s,1,0.45247314467993927,10
2020-11-02,si1s,0,0.3858346733507742,10
2020-11-03,gc1s,0,0.5267467876483442,10
2020-11-03,si1s,1,0.38004225829298943,10
2020-11-03,pl1s,0,0.49186107769978155,10
2020-11-04,si1s,1,0.6246867501363215,10
2020-11-04,pl1s,1,0.48858692225065137,10
2020-11-04,gc1s,1,0.41938303736056187,10
2020-11-05,pl1s,0,0.3908700058377114,10
2020-11-05,si1s,0,0.3040331721948898,10
2020-11-06,si1s,1,0.27949446195528427,10
2020-11-06,pl1s,0,0.44209353133499585,10
2020-11-09,si1s,1,0.24424677843454679,10
2020-11-09,pl1s,1,0.37918716556771365,10
2020-11-10,si1s,0,0.32278578349533943,10
2020-11-10,pl1s,0,0.43866443488191387,10
2020-11-10,gc1s,0,0.3600432491196415,10
2020-11-11,si1s,1,0.3348665490106548,10
2020-11-11,pl1s,1,0.490087661516468,10
2020-11-12,si1s,0,0.3721255098429346,10
2020-11-12,pl1s,1,0.48374964832215245,10
2020-11-12,gc1s,0,0.42996459072787857,10
2020-11-13,si1s,0,0.4075373415167682,10
2020-11-13,pl1s,1,0.5025363970379013,10
2020-11-16,pl1s,1,0.45427455983958,10
2020-11-16,si1s,0,0.35555113627266294,10
2020-11-17,pl1s,1,0.41833042630902834,10
2020-11-17,si1s,1,0.21500618038350822,10
2020-11-18,pl1s,1,0.508036516729956,10
2020-11-18,si1s,0,0.24256639737346297,10
2020-11-19,si1s,0,0.2794485843792031,10
2020-11-19,pl1s,1,0.5475145765261751,10
2020-11-19,gc1s,0,0.4176583587016686,10
2020-11-20,pl1s,0,0.5762040366060557,10
2020-11-20,si1s,0,0.32868893097057233,10
2020-11-23,gc1s,0,0.47966827333044676,10
2020-11-23,pl1s,1,0.4875573931902488,10
2020-11-23,si1s,0,0.34276416106028545,10
2020-11-24,gc1s,0,0.6908215471573517,10
2020-11-24,pl1s,1,0.49336189176216894,10
2020-11-24,si1s,0,0.481383001156795,10
2020-11-25,gc1s,0,0.6169757897220897,10
2021-03-09,si1s,0,0.381995248430215,10
2021-03-10,gc1s,1,0.3715451319635951,10
2021-03-10,si1s,0,0.35993547222602074,10
2021-03-10,pl1s,1,0.45135697940128144,10
2021-03-11,si1s,0,0.3619030658562772,10
2021-03-11,pl1s,0,0.40030004279789894,10
2021-03-11,gc1s,0,0.3602561582227394,10
2021-03-12,pl1s,1,0.4514883295547649,10
2021-03-12,gc1s,1,0.42314582687402963,10
2021-03-12,si1s,1,0.46054572236034774,10
2021-03-15,gc1s,0,0.3994359304529508,10
2021-03-15,si1s,1,0.37035970695523435,10
2021-03-15,pl1s,1,0.43103086249346223,10
2021-03-16,pl1s,0,0.4095727808063095,10
2021-03-16,si1s,0,0.3954110731173369,10
2021-03-16,gc1s,0,0.373975703469088,10
2021-03-17,pl1s,1,0.39981561196594523,10
2021-03-17,si1s,0,0.40178747796130665,10
2021-03-17,gc1s,0,0.36669098570815756,10
2021-03-18,pl1s,0,0.43391038166991786,10
2021-03-18,gc1s,0,0.3879304635464959,10
2021-03-18,si1s,1,0.368699249495803,10
2021-03-19,gc1s,0,0.38732640942559454,10
2021-03-19,si1s,1,0.3776207007005695,10
2021-03-19,pl1s,0,0.45638157752999525,10
2021-03-22,pl1s,0,0.4354642198893321,10
2021-03-22,si1s,0,0.4043355123405435,10
2021-03-23,si1s,0,0.3967755192480688,10
2021-03-23,pl1s,1,0.433826333875099,10
2021-03-24,si1s,0,0.3085574984468495,10
2021-03-24,pl1s,0,0.4567729308421115,10
2021-03-25,si1s,0,0.3115456155187264,10
2021-03-25,pl1s,1,0.48210412782092094,10
2021-03-26,si1s,0,0.3194748579421602,10
2021-03-26,pl1s,1,0.5188136347841252,10
2021-03-29,pl1s,0,0.5392616359557011,10
2021-03-29,si1s,0,0.33238755232705497,10
2021-03-30,pl1s,1,0.5668529082799642,10
2021-03-30,si1s,1,0.2831704710297576,10
2021-03-31,pl1s,1,0.5245690225485687,10
2021-03-31,si1s,1,0.30646504946201586,10
2021-04-01,pl1s,1,0.48643762701115206,10
2021-04-01,si1s,0,0.2823904191606025,10
2021-04-05,pl1s,1,0.5174800488474024,10
2021-04-05,si1s,1,0.31257042221820386,10
2021-04-06,si1s,0,0.21421074763207995,10
2021-04-06,gc1s,0,0.39530568937727817,10
2021-04-07,pl1s,1,0.47716851724750386,10
2021-04-07,gc1s,0,0.38169152503924453,10
2021-04-07,si1s,0,0.23159829310293434,10
2021-04-08,si1s,0,0.2622612083963637,10
2021-04-08,pl1s,0,0.45842148086023976,10
2021-04-09,pl1s,0,0.47604543956606105,10
2021-04-09,gc1s,0,0.3526598293564568,10
2021-04-09,si1s,0,0.25454267451707235,10
2021-04-12,pl1s,0,0.4881096928586519,10
2021-04-12,si1s,1,0.22493368977413447,10
2021-04-13,si1s,1,0.24167995543497156,10
2021-04-13,pl1s,1,0.4803915530482562,10
2021-04-14,si1s,1,0.24084733191337887,10
2021-04-14,pl1s,1,0.4453448780078834,10
2021-04-15,pl1s,1,0.5053747446984393,10
2021-04-16,si1s,0,0.2470480408793124,10
2021-04-16,pl1s,0,0.49655872074116075,10
2021-04-20,pl1s,1,0.3979202477114901,10
2021-04-21,pl1s,0,0.38157907085635834,10
2021-04-21,si1s,1,0.2924878505721033,10
2021-04-22,pl1s,1,0.3815431730643651,10
2021-04-23,pl1s,1,0.4022669022274206,10
2021-04-26,pl1s,1,0.39835242809617183,10
2021-04-26,si1s,0,0.26340938324935664,10
2021-04-27,pl1s,0,0.44004355328769146,10
2021-04-27,si1s,1,0.4068581733439055,10
2021-04-28,si1s,0,0.3403782993810294,10
2021-04-28,pl1s,0,0.4670129911945323,10
2021-04-29,pl1s,1,0.5038955462661833,10
2021-04-29,si1s,0,0.2982164674271995,10
2021-04-30,si1s,1,0.3653450432210202,10
2021-04-30,pl1s,1,0.4754776721608785,10
2021-05-03,si1s,1,0.30904279767234116,10
2021-05-03,pl1s,1,0.5142622780355924,10
2021-05-04,pl1s,0,0.40560811283803033,10
2021-05-04,si1s,1,0.2846764573479783,10
2021-05-05,pl1s,1,0.46620300847555407,10
2021-05-05,si1s,1,0.3335169607613634,10
2021-05-06,si1s,0,0.28358879036583423,10
2021-05-06,pl1s,0,0.5062328349110352,10
2021-05-07,gc1s,0,0.49513379001774105,10
2021-05-07,si1s,0,0.3065522478224872,10
2021-05-07,pl1s,1,0.5933316990327646,10
2021-05-10,si1s,0,0.30324341269999516,10
2021-05-10,pl1s,0,0.6145379977843628,10
2021-05-11,pl1s,0,0.5588189450306144,10
2021-05-11,si1s,1,0.31898660472901086,10
2021-05-12,si1s,0,0.4003400874579236,10
2021-05-12,pl1s,0,0.531543448690834,10
2021-05-12,gc1s,1,0.4829236460751226,10
2021-05-13,si1s,0,0.3413096122750215,10
2021-05-13,pl1s,1,0.5393103791612491,10
2021-05-13,gc1s,1,0.519950744993023,10
2021-05-14,pl1s,1,0.48282512499570107,10
2021-05-14,si1s,0,0.30434905162957177,10
2021-05-17,pl1s,0,0.3976852159267024,10
2021-05-17,gc1s,1,0.4597449735315848,10
2021-05-17,si1s,1,0.2922253528381485,10
2021-05-18,pl1s,0,0.3941552903954842,10
2021-05-18,si1s,1,0.2518761835976365,10
2021-05-18,gc1s,1,0.4033449973510807,10
2021-05-19,pl1s,1,0.42910818420380603,10
2021-05-19,gc1s,0,0.4060176394723132,10
2021-05-19,si1s,1,0.21408667342272092,10
2021-05-20,si1s,1,0.2617045821087524,10
2021-05-20,pl1s,0,0.4872994552536761,10
2021-05-20,gc1s,0,0.45010641709251,10
2021-05-21,pl1s,1,0.5215281803336572,10
2021-05-21,si1s,0,0.24348784790426878,10
2021-05-24,si1s,0,0.2673134822899309,10
2021-05-24,pl1s,1,0.3494487076758259,10
2021-05-25,si1s,0,0.22909025622351734,10
2021-05-25,pl1s,1,0.27423219800824855,10
2021-05-26,pl1s,0,0.24620045891618228,10
2021-05-27,pl1s,1,0.2658623146331603,10
2021-05-28,gc1s,0,0.48562134888135733,10
2021-05-28,pl1s,1,0.30865564916675964,10
2021-05-28,si1s,0,0.2865584135977691,10
2021-06-01,gc1s,0,0.4807545925340908,10
2021-06-01,si1s,0,0.22547758553977232,10
2021-06-01,pl1s,0,0.3401995313753563,10
2021-06-02,si1s,1,0.25158499433831577,10
2021-06-02,pl1s,0,0.3330449665682215,10
2021-06-03,pl1s,1,0.34838739881278813,10
2021-06-03,si1s,1,0.2244124751527373,10
2021-06-04,pl1s,1,0.42556369889888673,10
2021-06-07,pl1s,0,0.37353645458917833,10
2021-06-08,pl1s,0,0.3405722873020396,10
2021-06-08,si1s,0,0.25273427576353663,10
2021-06-09,pl1s,0,0.31253569168369316,10
2021-06-09,si1s,0,0.24918603108314039,10
2021-06-10,si1s,0,0.2560158377997967,10
2021-06-11,pl1s,1,0.3458366094298672,10
2021-06-11,si1s,1,0.25444907071013606,10
2021-06-14,si1s,1,0.2820892176217353,10
2021-06-14,pl1s,0,0.3589124578109137,10
2021-06-15,si1s,0,0.22650925709481895,10
2021-06-15,pl1s,0,0.33526029975674027,10
2021-06-16,si1s,1,0.215862453483507,10
2021-06-16,pl1s,0,0.35816826377190764,10
2021-06-17,si1s,1,0.3098429652599886,10
2021-06-17,pl1s,0,0.42268019304412413,10
2021-06-18,pl1s,1,0.4870543471700199,10
2020-08-20,si1s,0,0.3805607398101462,11
2020-08-20,gc1s,0,0.4241811491180075,11
2020-08-20,pl1s,0,0.5982079531505721,11
2020-08-21,pl1s,0,0.6079499784452985,11
2020-08-21,gc1s,0,0.45873906672549014,11
2020-08-21,si1s,0,0.40990375441015264,11
2020-08-24,pl1s,1,0.612297682981148,11
2020-08-24,gc1s,0,0.5252113863718537,11
2020-08-25,pl1s,1,0.48905932469411867,11
2020-08-25,si1s,1,0.5069297597907905,11
2020-08-26,pl1s,0,0.5199469258489543,11
2020-08-27,pl1s,1,0.6096396177733154,11
2020-08-27,si1s,0,0.38849440483444564,11
2020-08-28,pl1s,1,0.5377104830929653,11
2020-08-28,si1s,0,0.4365864201399013,11
2020-08-31,pl1s,1,0.6303617457639236,11
2020-08-31,si1s,1,0.407722779389263,11
2020-09-01,si1s,1,0.3813142010976786,11
2020-09-01,pl1s,0,0.543873021325896,11
2020-09-02,si1s,1,0.3387848255556936,11
2020-09-02,pl1s,0,0.48124865546979745,11
2020-09-03,si1s,0,0.5507246438085993,11
2020-09-03,pl1s,1,0.5054907714819679,11
2020-09-04,si1s,0,0.5651117514780184,11
2020-09-04,pl1s,1,0.5188772742923874,11
2020-09-08,si1s,0,0.5664185893448432,11
2020-09-08,pl1s,1,0.520183087015616,11
2020-09-09,pl1s,1,0.5219997659151682,11
2020-09-10,si1s,0,0.5309906537388146,11
2020-09-11,si1s,1,0.6137003379204123,11
2020-09-14,si1s,0,0.5269854965942407,11
2020-09-14,pl1s,0,0.5499001839783431,11
2020-09-15,pl1s,1,0.5317895489599612,11
2020-09-15,si1s,0,0.5943551965709274,11
2020-09-16,pl1s,0,0.5716786191878049,11
2020-09-16,si1s,0,0.5798769128103415,11
2020-09-17,pl1s,1,0.5399190154687356,11
2020-09-17,si1s,0,0.5748970036914357,11
2020-09-18,pl1s,0,0.6681060900464543,11
2020-09-18,si1s,0,0.6248241435335669,11
2020-09-21,si1s,1,0.5411951545040702,11
2020-09-21,pl1s,0,0.6299130655849381,11
2020-09-22,si1s,1,0.6357957813396974,11
2020-09-22,pl1s,0,0.7327392594857004,11
2020-09-23,gc1s,1,0.7914976877541589,11
2020-09-24,si1s,1,0.46888415026126345,11
2020-09-24,gc1s,0,0.6761345952027651,11
2020-09-25,pl1s,1,0.5783637496157973,11
2020-09-25,gc1s,1,0.6816099902114477,11
2020-09-28,gc1s,1,0.6714070217669504,11
2020-09-28,si1s,0,0.37768520527447247,11
2020-09-28,pl1s,1,0.6804243779849449,11
2020-09-29,gc1s,0,0.6285412731510088,11
2020-09-29,si1s,1,0.33204711149735694,11
2020-09-30,pl1s,0,0.6515204668786017,11
2020-09-30,gc1s,1,0.6284081187745855,11
2020-09-30,si1s,1,0.4509769514137601,11
2020-10-01,pl1s,0,0.6740307222335803,11
2020-10-02,si1s,1,0.526785997781951,11
2020-10-02,pl1s,1,0.7060982195203942,11
2020-10-05,pl1s,0,0.7522144404457847,11
2020-10-05,si1s,1,0.4158216475436496,11
2020-10-06,pl1s,0,0.7738034044146377,11
2020-10-06,si1s,1,0.6135966941846698,11
2020-10-07,pl1s,0,0.8271112509150862,11
2020-10-07,si1s,1,0.6953041784719933,11
2020-10-08,pl1s,1,0.6783636997520611,11
2020-10-08,si1s,1,0.5048633837901576,11
2020-10-09,si1s,1,0.3854006259443998,11
2020-10-09,pl1s,0,0.6764837179412886,11
2020-10-12,pl1s,0,0.6476159647077601,11
2020-10-12,si1s,1,0.36375704803401665,11
2020-10-13,pl1s,0,0.609197756235448,11
2020-10-14,si1s,0,0.311575790833751,11
2020-10-14,pl1s,0,0.598477690593979,11
2020-10-15,pl1s,1,0.6006010534325348,11
2020-10-16,si1s,0,0.3742160839405676,11
2020-10-16,pl1s,0,0.6564843548043484,11
2020-10-19,gc1s,0,0.6268607434637175,11
2020-10-19,si1s,0,0.46057388679067396,11
2020-10-19,pl1s,1,0.6305915510436856,11
2020-10-20,pl1s,1,0.5487407052501704,11
2020-10-20,si1s,0,0.4501746868044205,11
2020-10-20,gc1s,0,0.560718022491504,11
2020-10-21,gc1s,0,0.5739515121900074,11
2020-10-21,si1s,0,0.5609950479093071,11
2020-10-21,pl1s,0,0.5437671925584073,11
2020-10-22,gc1s,0,0.5677298549586774,11
2020-10-22,pl1s,1,0.5762680886842484,11
2020-10-22,si1s,0,0.5864702865387939,11
2020-10-23,pl1s,0,0.6338353928306822,11
2020-10-23,gc1s,0,0.5880444439241744,11
2020-10-23,si1s,0,0.6170023537420943,11
2020-10-26,gc1s,0,0.6802168002743089,11
2020-10-26,pl1s,1,0.7687704418591468,11
2020-10-26,si1s,0,0.7099757685871524,11
2020-10-27,gc1s,0,0.7481291499411369,11
2020-10-27,pl1s,0,0.7564893837749224,11
2020-10-27,si1s,0,0.7001853063891808,11
2020-10-28,si1s,1,0.40480100553419046,11
2020-10-28,pl1s,0,0.49876677068483005,11
2020-10-28,gc1s,0,0.47063002863562897,11
2020-10-29,si1s,1,0.41738907595869007,11
2020-10-29,pl1s,0,0.58109827404552,11
2020-10-29,gc1s,1,0.4795275496507171,11
2020-10-30,gc1s,1,0.5216680536372869,11
2020-10-30,pl1s,1,0.542738612262562,11
2020-10-30,si1s,1,0.4681689266884636,11
2020-11-02,pl1s,1,0.5235193390175168,11
2020-11-02,si1s,0,0.4516074268883898,11
2020-11-03,gc1s,0,0.6369096242556486,11
2020-11-03,si1s,1,0.42198386841928764,11
2020-11-03,pl1s,0,0.6234720711166545,11
2020-11-04,si1s,1,0.8223643946234375,11
2020-11-04,pl1s,1,0.7158001873884711,11
2020-11-04,gc1s,1,0.6939790017480142,11
2020-11-05,pl1s,0,0.5723583168490768,11
2020-11-05,si1s,0,0.4565141531922033,11
2020-11-06,si1s,1,0.4657704160482749,11
2020-11-06,pl1s,0,0.6735088753442876,11
2020-11-09,si1s,1,0.469758024099298,11
2020-11-09,pl1s,1,0.5792730057845643,11
2020-11-10,si1s,0,0.5578297800931932,11
2020-11-10,pl1s,0,0.6554294841034264,11
2020-11-10,gc1s,0,0.49391733315416225,11
2020-11-11,si1s,1,0.4785906398948865,11
2020-11-11,pl1s,1,0.6416699549607722,11
2020-11-12,si1s,0,0.5603052281393966,11
2020-11-12,pl1s,1,0.6541769816708408,11
2020-11-12,gc1s,0,0.49413333006494886,11
2020-11-13,si1s,0,0.612926773709881,11
2020-11-13,pl1s,1,0.6931235266617748,11
2020-11-16,pl1s,1,0.6042934519437462,11
2020-11-16,si1s,0,0.5727775438304104,11
2020-11-17,pl1s,1,0.5521925730001904,11
2020-11-17,si1s,1,0.3202733134086415,11
2020-11-18,pl1s,1,0.6439001770321362,11
2020-11-18,si1s,0,0.4134568050564684,11
2020-11-19,si1s,0,0.43484783315143194,11
2020-11-19,pl1s,1,0.6697753907023172,11
2020-11-19,gc1s,0,0.5008685153696275,11
2020-11-20,pl1s,0,0.7033866995242269,11
2020-11-20,si1s,0,0.4863551318291231,11
2020-11-23,gc1s,0,0.49533810639851483,11
2020-11-23,pl1s,1,0.6623799701797367,11
2020-11-23,si1s,0,0.44688153182755097,11
2020-11-24,gc1s,0,0.6308399003462954,11
2020-11-24,pl1s,1,0.6619447265204146,11
2020-11-24,si1s,0,0.4856254928419851,11
2020-11-25,gc1s,0,0.5439920622044936,11
2021-06-18,si1s,1,0.4828756892061765,11
2021-06-21,si1s,0,0.45876262652863703,11
2021-06-21,pl1s,1,0.5243340004287864,11
2021-06-22,si1s,1,0.4367707616845356,11
2021-06-22,pl1s,1,0.5067164856506222,11
2021-06-23,pl1s,1,0.5087605093224041,11
2021-06-23,si1s,0,0.42355090200319534,11
2021-06-24,si1s,0,0.4302326197478832,11
2021-06-25,si1s,0,0.5409195904620099,11
2021-06-28,si1s,0,0.46446248202018353,11
2021-06-29,pl1s,1,0.5059820053730195,11
2021-06-29,si1s,1,0.4218901538694661,11
2021-06-30,si1s,0,0.4135440874780618,11
2021-06-30,pl1s,1,0.48109308912758786,11
2021-07-01,si1s,1,0.43501899672975836,11
2021-07-01,pl1s,1,0.4982402996661651,11
2021-07-02,pl1s,0,0.5238917289490133,11
2021-07-02,si1s,1,0.3457139087033003,11
2021-07-06,pl1s,0,0.5733734744383236,11
2021-07-06,si1s,0,0.3836283711558247,11
2021-07-07,pl1s,0,0.5589731415726915,11
2021-07-08,si1s,1,0.46608913572606936,11
2021-07-08,pl1s,1,0.5365502824171889,11
2021-07-09,si1s,0,0.42616843102695945,11
2021-07-09,pl1s,1,0.6237865754386912,11
2021-07-12,si1s,0,0.38679231067799763,11
2021-07-12,pl1s,0,0.6177971320585148,11
2021-07-13,si1s,0,0.3878114113452262,11
2021-07-13,pl1s,1,0.6171288522281919,11
2021-07-14,pl1s,1,0.6169953236631984,11
2021-07-15,si1s,1,0.45398805960223343,11
2021-07-15,pl1s,0,0.6715824592661849,11
2021-07-16,si1s,1,0.4098406575256611,11
2021-07-16,pl1s,0,0.5803740392444517,11
2021-07-19,si1s,0,0.39140584972077774,11
2021-07-19,pl1s,0,0.5281177435263266,11
2021-07-20,si1s,1,0.43607670618618016,11
2021-07-20,pl1s,1,0.44410302103092797,11
2021-07-21,pl1s,1,0.4867279340840104,11
2021-07-21,si1s,0,0.4789382211180768,11
2021-07-22,pl1s,0,0.5427028269568164,11
2021-07-22,si1s,0,0.49022918786769815,11
2021-07-23,si1s,0,0.5482137858335024,11
2021-07-23,pl1s,1,0.6334723293703804,11
2021-07-26,pl1s,0,0.6183177668154253,11
2021-07-26,si1s,0,0.5416360773664967,11
2021-07-27,si1s,1,0.39492444740046534,11
2021-07-27,pl1s,1,0.5654384558616465,11
2021-07-28,si1s,1,0.380128774465865,11
2021-07-28,pl1s,1,0.5628267546827643,11
2021-07-29,pl1s,0,0.5931743568000538,11
2021-07-29,si1s,0,0.43535030344006154,11
2021-07-30,si1s,0,0.44917002429681285,11
2021-07-30,pl1s,1,0.5834502080156567,11
2021-08-02,pl1s,0,0.5741191820648938,11
2021-08-02,si1s,0,0.4357642728754807,11
2021-08-03,gc1s,1,0.4306817671981538,11
2021-08-03,si1s,0,0.41046190874101074,11
2021-08-03,pl1s,0,0.5558657027418075,11
2021-08-04,gc1s,1,0.41849477091176884,11
2021-08-04,si1s,0,0.3887052231881186,11
2021-08-04,pl1s,0,0.5326231619747811,11
2021-08-05,si1s,0,0.397382583812695,11
2021-08-06,si1s,0,0.42405793895605925,11
2021-08-09,gc1s,1,0.6567757944937015,11
2021-08-09,si1s,0,0.41100547654342146,11
2021-08-09,pl1s,1,0.6182452654951021,11
2021-08-10,pl1s,1,0.5861729178648999,11
2021-08-10,si1s,0,0.39748422298567343,11
2021-08-10,gc1s,1,0.6399394960403068,11
2021-08-11,si1s,0,0.3767068396215663,11
2021-08-11,gc1s,1,0.6501352920873609,11
2021-08-11,pl1s,1,0.5754116527130165,11
2021-08-12,si1s,1,0.4132861184217076,11
2021-08-12,gc1s,1,0.6814922853633126,11
2021-08-13,si1s,0,0.4475448545514301,11
2021-08-16,si1s,0,0.4330407107505386,11
2021-08-16,pl1s,0,0.6257140101027238,11
2021-08-17,si1s,0,0.3850494391344601,11
2021-08-17,pl1s,1,0.5739235927970775,11
2021-08-18,pl1s,0,0.5666928335378679,11
2021-08-18,si1s,0,0.38464220406732225,11
2021-08-19,pl1s,1,0.5829803578017857,11
2021-08-19,si1s,0,0.3963030103370273,11
2021-08-20,si1s,1,0.41961198296264823,11
2021-08-20,pl1s,1,0.6145768228029997,11
2021-08-23,si1s,1,0.4036234575937673,11
2021-08-23,pl1s,0,0.6053542006002767,11
2021-08-24,si1s,0,0.397634342292168,11
2021-08-24,pl1s,1,0.46454629391417235,11
2021-08-25,pl1s,0,0.5986244113387041,11
2021-08-25,si1s,0,0.40490265790203317,11
2021-08-26,pl1s,1,0.6179968350090185,11
2021-08-26,si1s,1,0.5917290188446536,11
2021-08-27,pl1s,0,0.5805361186557819,11
2021-08-27,si1s,0,0.4682520325867155,11
2021-08-30,si1s,0,0.5032439357327809,11
2021-08-30,pl1s,1,0.6165506468567579,11
2021-08-31,si1s,0,0.5475921134310573,11
2021-08-31,pl1s,0,0.6765701290220316,11
2021-09-01,si1s,0,0.6156036309946481,11
2021-09-01,pl1s,0,0.7216612156360463,11
2021-09-02,si1s,0,0.6326944727546278,11
2021-09-02,pl1s,1,0.7197619263263376,11
2021-09-03,si1s,1,0.41834615798698105,11
2021-09-03,pl1s,0,0.66765685057607,11
2021-09-07,pl1s,0,0.5949421982341957,11
2021-09-07,si1s,1,0.34227877928986744,11
2021-09-08,si1s,0,0.3200522053546475,11
2021-09-08,pl1s,0,0.4864294074009765,11
2021-09-09,pl1s,0,0.4818353945708067,11
2021-09-09,si1s,1,0.34724687083724115,11
2021-09-10,pl1s,1,0.5765436998433928,11
2021-09-10,si1s,0,0.5638128557724765,11
2021-09-13,pl1s,0,0.5182722586533192,11
2021-09-13,si1s,0,0.6095904360986922,11
2021-09-14,si1s,0,0.4589767006015131,11
2021-09-14,pl1s,0,0.46699098288667373,11
2021-09-15,pl1s,0,0.4520977237536312,11
2021-09-15,si1s,0,0.42908352986511356,11
2021-09-16,si1s,0,0.5226156303782313,11
2021-09-16,pl1s,1,0.47786025166820084,11
2021-09-17,si1s,0,0.5584042282293629,11
2021-09-17,pl1s,0,0.5352243439797327,11
2021-09-20,si1s,1,0.5361755607268842,11
2021-09-20,gc1s,0,0.5592850865272602,11
2021-09-20,pl1s,1,0.5378141545914272,11
2021-09-21,si1s,1,0.49287994801142454,11
2021-09-21,gc1s,0,0.5231260337250022,11
2021-09-21,pl1s,1,0.5281030038249943,11
2021-09-22,si1s,0,0.5550314078873446,11
2021-09-22,pl1s,0,0.6072563379170184,11
2021-09-22,gc1s,0,0.5946884229118122,11
2021-09-23,pl1s,0,0.8378409278362328,11
2021-09-23,gc1s,0,0.7331809255517089,11
2021-09-23,si1s,0,0.7240528625386573,11
2021-09-24,gc1s,0,0.59443218249649,11
2021-09-24,si1s,0,0.5675369026012024,11
2021-09-27,si1s,0,0.560688111517329,11
2021-09-27,gc1s,0,0.5670960680664712,11
2021-09-27,pl1s,0,0.6266514608205674,11
2021-09-28,si1s,0,0.56536975062848,11
2021-09-28,pl1s,0,0.7531752422628214,11
2021-09-28,gc1s,0,0.6712818159359603,11
2021-09-29,si1s,1,0.6486397456935361,11
2021-09-29,pl1s,1,0.7371137254716974,11
2021-09-29,gc1s,1,0.6345285562502964,11
2021-09-30,si1s,1,0.6790087458900287,11
2021-09-30,pl1s,1,0.8322559683476721,11
2021-10-01,pl1s,0,0.7784768532984374,11
2021-10-04,pl1s,0,0.6644580709370052,11
2020-11-25,si1s,0,0.3581615123834147,12
2020-11-27,gc1s,0,0.5365510672387188,12
2020-11-27,si1s,1,0.479162973506733,12
2020-11-30,gc1s,1,0.5534254605175708,12
2020-11-30,si1s,1,0.5300890490953079,12
2020-12-01,gc1s,1,0.49236661583361935,12
2020-12-01,pl1s,0,0.48412264497336266,12
2020-12-02,pl1s,0,0.523647464019957,12
2020-12-02,gc1s,1,0.4853542064641225,12
2020-12-03,pl1s,0,0.5252778494333737,12
2020-12-03,si1s,1,0.4128130181103287,12
2020-12-04,si1s,1,0.36025988282787663,12
2020-12-04,pl1s,1,0.5296557291366327,12
2020-12-07,pl1s,1,0.5231777766327438,12
2020-12-07,si1s,0,0.41147504615031183,12
2020-12-08,si1s,0,0.33096466713159967,12
2020-12-08,pl1s,1,0.38366270067735153,12
2020-12-09,pl1s,0,0.42319377821603926,12
2020-12-09,si1s,1,0.38873041253229035,12
2020-12-10,pl1s,1,0.41726549727911416,12
2020-12-10,si1s,1,0.3459687854161404,12
2020-12-11,si1s,1,0.37533156854496325,12
2020-12-11,pl1s,1,0.45551775152962554,12
2020-12-14,si1s,1,0.3843050305546185,12
2020-12-14,pl1s,0,0.43300551565121304,12
2020-12-14,gc1s,1,0.41076407723740516,12
2020-12-15,si1s,1,0.307414271353463,12
2020-12-15,gc1s,1,0.3879880551771926,12
2020-12-15,pl1s,1,0.41042883650473794,12
2020-12-16,pl1s,0,0.4414132662138759,12
2020-12-16,gc1s,1,0.38446259551665135,12
2020-12-16,si1s,1,0.39466161136394484,12
2020-12-17,si1s,0,0.40094886711734334,12
2020-12-17,pl1s,1,0.43054408540454714,12
2020-12-18,pl1s,1,0.4401891179907559,12
2020-12-18,si1s,0,0.3325666663920662,12
2020-12-21,pl1s,1,0.5132865765350624,12
2020-12-21,si1s,0,0.48117755338782975,12
2020-12-22,pl1s,0,0.47031402871633055,12
2020-12-22,si1s,1,0.45813698129740754,12
2020-12-23,pl1s,0,0.4436143981270948,12
2020-12-23,si1s,1,0.3815208970880698,12
2020-12-24,si1s,1,0.3438253285924367,12
2020-12-24,gc1s,1,0.2966409715727469,12
2020-12-24,pl1s,0,0.35943733054008986,12
2020-12-28,pl1s,0,0.41381822803884777,12
2020-12-28,gc1s,1,0.3594903650242711,12
2020-12-28,si1s,0,0.41144684331259895,12
2020-12-29,si1s,1,0.332211536341002,12
2020-12-29,pl1s,0,0.45404898940974653,12
2020-12-29,gc1s,1,0.31038877919210794,12
2020-12-30,pl1s,0,0.40979643945893285,12
2020-12-30,gc1s,1,0.3128076908522327,12
2020-12-30,si1s,0,0.27113970476626464,12
2020-12-31,si1s,1,0.24933044411800176,12
2020-12-31,pl1s,1,0.39375091086626546,12
2020-12-31,gc1s,1,0.33232580208496276,12
2021-01-04,si1s,0,0.3889526786413594,12
2021-01-04,pl1s,1,0.5975388511766212,12
2021-01-04,gc1s,0,0.4471200511690419,12
2021-01-05,si1s,1,0.34799727116351775,12
2021-01-05,pl1s,0,0.5276053626906854,12
2021-01-07,pl1s,1,0.5033866239876268,12
2021-01-08,pl1s,0,0.6146446383280029,12
2021-01-08,si1s,0,0.5848209462237625,12
2021-01-11,pl1s,1,0.6377063052182197,12
2021-01-12,pl1s,0,0.5682361861736251,12
2021-01-12,si1s,0,0.4979094017440211,12
2021-01-13,pl1s,0,0.5431162289196267,12
2021-01-13,si1s,0,0.44529073327768287,12
2021-01-14,pl1s,1,0.47501839977927013,12
2021-01-14,si1s,1,0.43770695269078697,12
2021-01-15,pl1s,0,0.543416690803723,12
2021-01-15,si1s,0,0.4933492130038262,12
2021-01-19,si1s,0,0.4739509524117722,12
2021-01-19,pl1s,0,0.5049294258250354,12
2021-01-20,si1s,0,0.47063154741840674,12
2021-01-20,pl1s,0,0.4918557328950619,12
2021-01-20,gc1s,1,0.4894974289925174,12
2021-01-21,pl1s,1,0.5430503952327855,12
2021-01-21,gc1s,1,0.45236085096653084,12
2021-01-21,si1s,0,0.41700253977479845,12
2021-01-22,pl1s,1,0.5227515436731498,12
2021-01-22,si1s,0,0.5121049353692345,12
2021-01-25,pl1s,0,0.5122160929955006,12
2021-01-25,si1s,0,0.4576448577804898,12
2021-01-26,si1s,0,0.3768071037164519,12
2021-01-26,pl1s,1,0.4583802741948048,12
2021-01-27,si1s,0,0.47537892591404524,12
2021-01-28,si1s,0,0.6213665407693962,12
2021-01-28,pl1s,1,0.5635015232753173,12
2021-01-29,pl1s,1,0.6722891610430157,12
2021-02-01,pl1s,1,0.612070873313443,12
2021-02-01,si1s,1,0.6728706501917228,12
2021-02-02,pl1s,1,0.648399076855318,12
2021-02-03,si1s,0,0.4542438847115254,12
2021-02-04,pl1s,1,0.5807175454266745,12
2021-02-04,si1s,1,0.5110623595720143,12
2021-02-04,gc1s,1,0.6738274468544806,12
2021-02-05,pl1s,1,0.5425094663350154,12
2021-02-05,si1s,1,0.4784933197786859,12
2021-02-08,si1s,0,0.49679181724760374,12
2021-02-08,pl1s,1,0.5822233662314328,12
2021-02-09,pl1s,0,0.5746428121998336,12
2021-02-09,si1s,0,0.44297419512783226,12
2021-02-10,pl1s,0,0.5768227643382354,12
2021-02-10,si1s,0,0.38956066586176097,12
2021-02-11,pl1s,0,0.5533238216514178,12
2021-02-11,si1s,0,0.3723200084911686,12
2021-02-12,pl1s,0,0.4854135436251076,12
2021-02-12,si1s,0,0.32186914863979155,12
2021-02-16,pl1s,1,0.6330463154516339,12
2021-02-16,si1s,0,0.45410638691848937,12
2021-02-17,si1s,0,0.4326861104996359,12
2021-02-17,pl1s,0,0.5667786691308271,12
2021-02-18,pl1s,0,0.505851763516276,12
2021-02-18,si1s,0,0.3716891307799385,12
2021-02-19,pl1s,1,0.48333549224480027,12
2021-02-19,gc1s,1,0.5117327830367554,12
2021-02-19,si1s,0,0.4224363993317567,12
2021-02-22,pl1s,1,0.4550476144355577,12
2021-02-22,si1s,1,0.4333336050941704,12
2021-02-23,si1s,1,0.4963882798846904,12
2021-02-23,pl1s,0,0.43878734142007997,12
2021-02-24,si1s,0,0.3952125966391768,12
2021-02-24,pl1s,1,0.4090904426543264,12
2021-02-25,pl1s,1,0.4243992490049031,12
2021-02-26,pl1s,0,0.4479347708790671,12
2021-02-26,gc1s,0,0.4731804136414418,12
2021-02-26,si1s,0,0.4146746380122708,12
2021-03-01,pl1s,0,0.47080837360149236,12
2021-03-01,si1s,1,0.38461985422065825,12
2021-03-01,gc1s,0,0.49253838768000613,12
2021-03-02,gc1s,0,0.48085035576020463,12
2021-03-02,si1s,0,0.46731250561595905,12
2021-03-02,pl1s,1,0.4491665488458814,12
2021-03-03,gc1s,0,0.4792911160473733,12
2021-03-03,si1s,0,0.5408101488824115,12
2021-03-03,pl1s,0,0.46707203687246013,12
2021-03-04,si1s,0,0.5278646686500311,12
2021-03-04,gc1s,0,0.49517983055830345,12
2021-03-04,pl1s,0,0.5090677383664598,12
2021-03-05,pl1s,1,0.5251492141999838,12
2021-03-05,si1s,0,0.5425357490886851,12
2021-03-05,gc1s,0,0.5233625510523442,12
2021-03-08,gc1s,1,0.581802470712515,12
2021-03-08,si1s,0,0.5924957271415285,12
2021-03-08,pl1s,1,0.5700513334483391,12
2021-03-09,pl1s,1,0.730680751411502,12
2021-03-09,gc1s,1,0.4603870284496169,12
2021-03-09,si1s,0,0.5295923786020554,12
2021-03-10,gc1s,1,0.39821599271254743,12
2021-03-10,si1s,0,0.5129530445561372,12
2021-03-10,pl1s,1,0.5532374274845114,12
2021-03-11,si1s,0,0.4768338451551914,12
2021-03-11,pl1s,0,0.5408653020328492,12
2021-03-11,gc1s,0,0.3612519914399002,12
2021-03-12,pl1s,1,0.5593288690160514,12
2021-03-12,gc1s,1,0.44787134078899865,12
2021-03-12,si1s,1,0.5418749737276867,12
2021-03-15,gc1s,0,0.33477098764706525,12
2021-03-15,si1s,1,0.43940237192298,12
2021-03-15,pl1s,1,0.5065377591830229,12
2021-03-16,pl1s,0,0.5608896562242633,12
2021-03-16,si1s,0,0.4185699820270184,12
2021-03-16,gc1s,0,0.31111229637515025,12
2021-03-17,pl1s,1,0.5284596478955981,12
2021-03-17,si1s,0,0.41910278929079836,12
2021-03-17,gc1s,0,0.34510149869917633,12
2021-03-18,pl1s,0,0.5256856959262853,12
2021-03-18,gc1s,0,0.4352267474053311,12
2021-03-18,si1s,1,0.5107643611921893,12
2021-03-19,gc1s,0,0.36144578320842197,12
2021-03-19,si1s,1,0.4236345041382436,12
2021-03-19,pl1s,0,0.5426408468517877,12
2021-03-22,pl1s,0,0.4764588324055568,12
2021-03-22,si1s,0,0.4463125494898074,12
2021-03-23,si1s,0,0.4360510871226723,12
2021-03-23,pl1s,1,0.4842603066717873,12
2021-03-24,si1s,0,0.3652831090189511,12
2021-03-24,pl1s,0,0.47785387886905695,12
2021-03-25,si1s,0,0.4346620261201055,12
2021-03-25,pl1s,1,0.560288562649677,12
2021-03-26,si1s,0,0.36285843765186415,12
2021-03-26,pl1s,1,0.5383688787284889,12
2021-03-29,pl1s,0,0.6268110544478214,12
2021-03-29,si1s,0,0.42860251688602463,12
2021-03-30,pl1s,1,0.6198351891289571,12
2021-03-30,si1s,1,0.44711919211511053,12
2021-03-31,pl1s,1,0.5492442440668172,12
2021-03-31,si1s,1,0.4252107906145983,12
2021-04-01,pl1s,1,0.5583619103151286,12
2021-04-01,si1s,0,0.398461405232897,12
2021-04-05,pl1s,1,0.47380452655236,12
2021-04-05,si1s,1,0.34816317270437863,12
2021-04-06,si1s,0,0.334356545788492,12
2021-04-06,gc1s,0,0.30918005790116043,12
2021-04-07,pl1s,1,0.43206878477168636,12
2021-04-07,gc1s,0,0.29780155093398547,12
2021-04-07,si1s,0,0.32654919358085477,12
2021-04-08,si1s,0,0.3098054529029726,12
2021-04-08,pl1s,0,0.37832032791958353,12
2021-04-09,pl1s,0,0.5302433022997872,12
2021-04-09,gc1s,0,0.3561998684532262,12
2021-04-09,si1s,0,0.36105720065862407,12
2021-04-12,pl1s,0,0.5478199648157527,12
2021-04-12,si1s,1,0.3784315068950543,12
2021-04-13,si1s,1,0.3790733161648969,12
2021-04-13,pl1s,1,0.5984327972749304,12
2021-04-14,si1s,1,0.3487991136249139,12
2021-04-14,pl1s,1,0.5172141905800924,12
2021-04-15,pl1s,1,0.5037312868013113,12
2021-04-16,si1s,0,0.37596663153270327,12
2021-04-16,pl1s,0,0.4251845828255093,12
2021-04-20,pl1s,1,0.43044333512761984,12
2021-04-21,pl1s,0,0.4060002895663344,12
2021-04-21,si1s,1,0.392817305729019,12
2021-04-22,pl1s,1,0.38765697096023755,12
2021-04-23,pl1s,1,0.461798708969354,12
2021-04-26,pl1s,1,0.40318288744875785,12
2021-04-26,si1s,0,0.31287055569005806,12
2021-04-27,pl1s,0,0.4582635070141351,12
2021-04-27,si1s,1,0.4471571301277584,12
2021-04-28,si1s,0,0.39979558078180727,12
2021-04-28,pl1s,0,0.4588685738618947,12
2021-04-29,pl1s,1,0.571172067381345,12
2021-04-29,si1s,0,0.3503644080322466,12
2021-04-30,si1s,1,0.3452095239876314,12
2021-04-30,pl1s,1,0.5509782689218873,12
2021-05-03,si1s,1,0.32667390300869126,12
2021-05-03,pl1s,1,0.5196226748880661,12
2021-05-04,pl1s,0,0.514346504220989,12
2021-05-04,si1s,1,0.28415168773070504,12
2021-05-05,pl1s,1,0.4789960719749636,12
2021-05-05,si1s,1,0.26172302542003945,12
2021-05-06,si1s,0,0.3145455785820935,12
2021-05-06,pl1s,0,0.439217728417057,12
2021-05-07,gc1s,0,0.3069352286765327,12
2021-05-07,si1s,0,0.28535016572577815,12
2021-05-07,pl1s,1,0.49564843400857933,12
2021-05-10,si1s,0,0.2681755528406742,12
2021-05-10,pl1s,0,0.5101190781959914,12
2021-05-11,pl1s,0,0.5746374322628628,12
2021-05-11,si1s,1,0.2716051154329699,12
2021-05-12,si1s,0,0.3206559265090247,12
2021-05-12,pl1s,0,0.5781500433344198,12
2021-05-12,gc1s,1,0.29760465866154256,12
2021-05-13,si1s,0,0.29657699238042967,12
2021-05-13,pl1s,1,0.5402170303171726,12
2021-05-13,gc1s,1,0.3314324480908392,12
2021-05-14,pl1s,1,0.4454733382417511,12
2021-05-14,si1s,0,0.24730372271500747,12
2021-05-17,pl1s,0,0.3965975978355957,12
2021-05-17,gc1s,1,0.2529805289826966,12
2021-05-17,si1s,1,0.27043145169259825,12
2021-05-18,pl1s,0,0.46643224466165645,12
2021-05-18,si1s,1,0.22475984627065246,12
2021-05-18,gc1s,1,0.2030186251380373,12
2021-05-19,pl1s,1,0.5360194507339765,12
2021-05-19,gc1s,0,0.2297598201088037,12
2021-05-19,si1s,1,0.2437141761791049,12
2021-05-20,si1s,1,0.21283231545887848,12
2021-05-20,pl1s,0,0.4729821548477571,12
2021-05-20,gc1s,0,0.21212764740466653,12
2021-05-21,pl1s,1,0.5706429227049592,12
2021-05-21,si1s,0,0.2386201797093881,12
2021-05-24,si1s,0,0.1904677152102221,12
2021-05-24,pl1s,1,0.4225026383227103,12
2021-05-25,si1s,0,0.1977922879539935,12
2021-05-25,pl1s,1,0.39036908776301604,12
2021-05-26,pl1s,0,0.3913102892539427,12
2021-05-27,pl1s,1,0.4092868030315904,12
2021-05-28,gc1s,0,0.2007823506634764,12
2021-05-28,pl1s,1,0.3821614780546463,12
2021-05-28,si1s,0,0.20833399310553902,12
2021-06-01,gc1s,0,0.2710922254418612,12
2021-06-01,si1s,0,0.27830056599804937,12
2021-06-01,pl1s,0,0.44008836217821856,12
2021-06-02,si1s,1,0.23662921297027248,12
2021-06-02,pl1s,0,0.35931154700547857,12
2021-06-03,pl1s,1,0.4954389804243438,12
2021-06-03,si1s,1,0.2728740093645118,12
2021-06-04,pl1s,1,0.5143342264509712,12
2021-06-07,pl1s,0,0.40542980803181383,12
2021-06-08,pl1s,0,0.3560520990502134,12
2021-06-08,si1s,0,0.26856681796574255,12
2021-06-09,pl1s,0,0.32691741067619423,12
2021-06-09,si1s,0,0.2663103711004483,12
2021-06-10,si1s,0,0.2798742544260041,12
2021-06-11,pl1s,1,0.32806946504206913,12
2021-06-11,si1s,1,0.29037355566462725,12
2021-06-14,si1s,1,0.3021398120300379,12
2021-06-14,pl1s,0,0.35790955400281665,12
2021-06-15,si1s,0,0.3483317461603564,12
2021-06-15,pl1s,0,0.39297204149723614,12
2021-06-16,si1s,1,0.33344740755070407,12
2021-06-16,pl1s,0,0.4615328135747507,12
2021-06-17,si1s,1,0.5110206263045101,12
2021-06-17,pl1s,0,0.6584260060923626,12
2021-06-18,pl1s,1,0.5900439266347054,12
2020-11-25,si1s,0,0.29105745984468456,13
2020-11-27,gc1s,0,0.4044796430343698,13
2020-11-27,si1s,1,0.39406923936646904,13
2020-11-30,gc1s,1,0.4069000093744448,13
2020-11-30,si1s,1,0.4298045176876149,13
2020-12-01,gc1s,1,0.3602066850377694,13
2020-12-01,pl1s,0,0.4664191855838244,13
2020-12-02,pl1s,0,0.4806223050845885,13
2020-12-02,gc1s,1,0.3558298158860699,13
2020-12-03,pl1s,0,0.48914166145099625,13
2020-12-03,si1s,1,0.35530056879389704,13
2020-12-04,si1s,1,0.23632711927998354,13
2020-12-04,pl1s,1,0.4111266017378282,13
2020-12-07,pl1s,1,0.4202368611451028,13
2020-12-07,si1s,0,0.269946153572108,13
2020-12-08,si1s,0,0.20103802799955625,13
2020-12-08,pl1s,1,0.26438628545229664,13
2020-12-09,pl1s,0,0.28765523476300087,13
2020-12-09,si1s,1,0.2251364903769737,13
2020-12-10,pl1s,1,0.28757718297096546,13
2020-12-10,si1s,1,0.19844705913783872,13
2020-12-11,si1s,1,0.24449638736358403,13
2020-12-11,pl1s,1,0.36658515037306744,13
2020-12-14,si1s,1,0.27476605034244383,13
2020-12-14,pl1s,0,0.35735368476850093,13
2020-12-14,gc1s,1,0.24409251736329218,13
2020-12-15,si1s,1,0.24732868178037334,13
2020-12-15,gc1s,1,0.2273473444328998,13
2020-12-15,pl1s,1,0.3692519098718877,13
2020-12-16,pl1s,0,0.3891833172336552,13
2020-12-16,gc1s,1,0.22264873401300725,13
2020-12-16,si1s,1,0.3191397475557891,13
2020-12-17,si1s,0,0.33837474441590615,13
2020-12-17,pl1s,1,0.3798566899970883,13
2020-12-18,pl1s,1,0.4276621448700755,13
2020-12-18,si1s,0,0.3246584997419787,13
2020-12-21,pl1s,1,0.47884767665925904,13
2020-12-21,si1s,0,0.45007661525173037,13
2020-12-22,pl1s,0,0.4010365592244258,13
2020-12-22,si1s,1,0.41787616016212825,13
2020-12-23,pl1s,0,0.35772253271527005,13
2020-12-23,si1s,1,0.32638190407576745,13
2020-12-24,si1s,1,0.30898770490672434,13
2020-12-24,gc1s,1,0.19834047885808337,13
2020-12-24,pl1s,0,0.31152602713713945,13
2020-12-28,pl1s,0,0.4065199305819085,13
2020-12-28,gc1s,1,0.287494096882525,13
2020-12-28,si1s,0,0.3693713031260416,13
2020-12-29,si1s,1,0.2984614419604342,13
2020-12-29,pl1s,0,0.4130493607038933,13
2020-12-29,gc1s,1,0.24586810911483015,13
2020-12-30,pl1s,0,0.3522849417806648,13
2020-12-30,gc1s,1,0.22706486762185443,13
2020-12-30,si1s,0,0.22005387382948308,13
2020-12-31,si1s,1,0.2191471624568842,13
2020-12-31,pl1s,1,0.3472175370056099,13
2020-12-31,gc1s,1,0.24932925421449115,13
2021-01-04,si1s,0,0.3261363602092872,13
2021-01-04,pl1s,1,0.5217274250831816,13
2021-01-04,gc1s,0,0.3794843526895174,13
2021-01-05,si1s,1,0.28889586738509687,13
2021-01-05,pl1s,0,0.4519109294504622,13
2021-01-07,pl1s,1,0.4261637508588699,13
2021-01-08,pl1s,0,0.5772263459346524,13
2021-01-08,si1s,0,0.48813035459962745,13
2021-01-11,pl1s,1,0.5923074270593428,13
2021-01-12,pl1s,0,0.48976317865402635,13
2021-01-12,si1s,0,0.4056806927703932,13
2021-01-13,pl1s,0,0.476344894292682,13
2021-01-13,si1s,0,0.37331534372165465,13
2021-01-14,pl1s,1,0.41159396762301526,13
2021-01-14,si1s,1,0.3566720666282402,13
2021-01-15,pl1s,0,0.47650135725789805,13
2021-01-15,si1s,0,0.4380213077029899,13
2021-01-19,si1s,0,0.37921356204922096,13
2021-01-19,pl1s,0,0.4150993649159687,13
2021-01-20,si1s,0,0.37390160823210467,13
2021-01-20,pl1s,0,0.4309467940311586,13
2021-01-20,gc1s,1,0.3696571919862315,13
2021-01-21,pl1s,1,0.5099734793603855,13
2021-01-21,gc1s,1,0.345475240706804,13
2021-01-21,si1s,0,0.3498425379519618,13
2021-01-22,pl1s,1,0.47416833422584576,13
2021-01-22,si1s,0,0.44890233925728584,13
2021-01-25,pl1s,0,0.4621402999348606,13
2021-01-25,si1s,0,0.363991442422315,13
2021-01-26,si1s,0,0.3016141677812754,13
2021-01-26,pl1s,1,0.3914722791628228,13
2021-01-27,si1s,0,0.3487661109392521,13
2021-01-28,si1s,0,0.4724386645782093,13
2021-01-28,pl1s,1,0.465985338598228,13
2021-01-29,pl1s,1,0.6081415253963975,13
2021-02-01,pl1s,1,0.5897517016112304,13
2021-02-01,si1s,1,0.6304679281077026,13
2021-02-02,pl1s,1,0.6745597559035715,13
2021-02-03,si1s,0,0.4037177583272459,13
2021-02-04,pl1s,1,0.5580479329881841,13
2021-02-04,si1s,1,0.474552403991024,13
2021-02-04,gc1s,1,0.4934174580025892,13
2021-02-05,pl1s,1,0.551913975533322,13
2021-02-05,si1s,1,0.46788023387134814,13
2021-02-08,si1s,0,0.48506096012511385,13
2021-02-08,pl1s,1,0.6117376900090308,13
2021-02-09,pl1s,0,0.5325938081569421,13
2021-02-09,si1s,0,0.39364745570322,13
2021-02-10,pl1s,0,0.5447286233771931,13
2021-02-10,si1s,0,0.34679769212691913,13
2021-02-11,pl1s,0,0.5079566226165144,13
2021-02-11,si1s,0,0.33111892589386466,13
2021-02-12,pl1s,0,0.5071642809053564,13
2021-02-12,si1s,0,0.3526495730751642,13
2021-02-16,pl1s,1,0.6241712555097595,13
2021-02-16,si1s,0,0.4461852637672314,13
2021-02-17,si1s,0,0.39080103863893567,13
2021-02-17,pl1s,0,0.5325088880919949,13
2021-02-18,pl1s,0,0.4734800296765544,13
2021-02-18,si1s,0,0.334732278512627,13
2021-02-19,pl1s,1,0.4732617172403513,13
2021-02-19,gc1s,1,0.40329777535670414,13
2021-02-19,si1s,0,0.3908141450654338,13
2021-02-22,pl1s,1,0.4382843091664225,13
2021-02-22,si1s,1,0.41445275210721033,13
2021-02-23,si1s,1,0.46338053614300484,13
2021-02-23,pl1s,0,0.42848745594618676,13
2021-02-24,si1s,0,0.3506765793813605,13
2021-02-24,pl1s,1,0.4076399328538155,13
2021-02-25,pl1s,1,0.42340567584690225,13
2021-02-26,pl1s,0,0.47662005324408957,13
2021-02-26,gc1s,0,0.4268118527239938,13
2021-02-26,si1s,0,0.3527862402929774,13
2021-03-01,pl1s,0,0.5054668396698196,13
2021-03-01,si1s,1,0.34286101751673687,13
2021-03-01,gc1s,0,0.43643014152846227,13
2021-03-02,gc1s,0,0.3993424578213186,13
2021-03-02,si1s,0,0.37894748911826087,13
2021-03-02,pl1s,1,0.4644623550491247,13
2021-03-03,gc1s,0,0.405276283035406,13
2021-03-03,si1s,0,0.4406497808398432,13
2021-03-03,pl1s,0,0.49916036300033895,13
2021-03-04,si1s,0,0.3951877659696594,13
2021-03-04,gc1s,0,0.4213062749455278,13
2021-03-04,pl1s,0,0.5210459293411173,13
2021-03-05,pl1s,1,0.5527289448980125,13
2021-03-05,si1s,0,0.44581489436349775,13
2021-03-05,gc1s,0,0.4682341230532554,13
2021-03-08,gc1s,1,0.5310347358079559,13
2021-03-08,si1s,0,0.47841692473239855,13
2021-03-08,pl1s,1,0.6063905475281918,13
2021-03-09,pl1s,1,0.7704333258921968,13
2021-03-09,gc1s,1,0.4504606877625261,13
2021-06-18,si1s,1,0.4848965881631713,13
2021-06-21,si1s,0,0.45983790318478607,13
2021-06-21,pl1s,1,0.5671500659146792,13
2021-06-22,si1s,1,0.4364831462269375,13
2021-06-22,pl1s,1,0.5242620982831998,13
2021-06-23,pl1s,1,0.4939514151755079,13
2021-06-23,si1s,0,0.4311809688370512,13
2021-06-24,si1s,0,0.40673860250661137,13
2021-06-25,si1s,0,0.5493959815288255,13
2021-06-28,si1s,0,0.4802137556400137,13
2021-06-29,pl1s,1,0.49516116165593366,13
2021-06-29,si1s,1,0.5057548036745853,13
2021-06-30,si1s,0,0.4240398490735491,13
2021-06-30,pl1s,1,0.445105969631103,13
2021-07-01,si1s,1,0.4903743132894641,13
2021-07-01,pl1s,1,0.5119079637465297,13
2021-07-02,pl1s,0,0.43625430503082135,13
2021-07-02,si1s,1,0.4004813414634829,13
2021-07-06,pl1s,0,0.47343388290968147,13
2021-07-06,si1s,0,0.40105427809566835,13
2021-07-07,pl1s,0,0.41180029322037237,13
2021-07-08,si1s,1,0.3169334524697683,13
2021-07-08,pl1s,1,0.38908889700993854,13
2021-07-09,si1s,0,0.3575644417615095,13
2021-07-09,pl1s,1,0.4633224438893651,13
2021-07-12,si1s,0,0.38450262835819093,13
2021-07-12,pl1s,0,0.5311624681173222,13
2021-07-13,si1s,0,0.40954765279676597,13
2021-07-13,pl1s,1,0.513913055865124,13
2021-07-14,pl1s,1,0.5067162727341228,13
2021-07-15,si1s,1,0.3634077350145481,13
2021-07-15,pl1s,0,0.5073277769549703,13
2021-07-16,si1s,1,0.43166794327184327,13
2021-07-16,pl1s,0,0.5181649343869084,13
2021-07-19,si1s,0,0.42257162191523334,13
2021-07-19,pl1s,0,0.5578291027345872,13
2021-07-20,si1s,1,0.3973846203977682,13
2021-07-20,pl1s,1,0.5379321769578985,13
2021-07-21,pl1s,1,0.5131227190869121,13
2021-07-21,si1s,0,0.41296631054589084,13
2021-07-22,pl1s,0,0.4800693780921266,13
2021-07-22,si1s,0,0.41691162504864404,13
2021-07-23,si1s,0,0.49087479070462015,13
2021-07-23,pl1s,1,0.6767463866454773,13
2021-07-26,pl1s,0,0.635233829316923,13
2021-07-26,si1s,0,0.5458860072734533,13
2021-07-27,si1s,1,0.5544561892106892,13
2021-07-27,pl1s,1,0.6187102571189703,13
2021-07-28,si1s,1,0.46587696036004766,13
2021-07-28,pl1s,1,0.5458638213305348,13
2021-07-29,pl1s,0,0.6202407588637875,13
2021-07-29,si1s,0,0.49642986992168503,13
2021-07-30,si1s,0,0.44209208435680164,13
2021-07-30,pl1s,1,0.677039920800156,13
2021-08-02,pl1s,0,0.5623798560762362,13
2021-08-02,si1s,0,0.3958967919356091,13
2021-08-03,gc1s,1,0.32638208026744736,13
2021-08-03,si1s,0,0.3808412315103931,13
2021-08-03,pl1s,0,0.5287644467618796,13
2021-08-04,gc1s,1,0.3971827625604453,13
2021-08-04,si1s,0,0.4282028087237702,13
2021-08-04,pl1s,0,0.5837839250983957,13
2021-08-05,si1s,0,0.39898121689951,13
2021-08-06,si1s,0,0.5866993136231103,13
2021-08-09,gc1s,1,0.6265652349684548,13
2021-08-09,si1s,0,0.6231650161095426,13
2021-08-09,pl1s,1,0.5975588268295362,13
2021-08-10,pl1s,1,0.5844063559439979,13
2021-08-10,si1s,0,0.5283108025763389,13
2021-08-10,gc1s,1,0.5673139359300524,13
2021-08-11,si1s,0,0.47781709080012313,13
2021-08-11,gc1s,1,0.5502633802950595,13
2021-08-11,pl1s,1,0.5688463107259889,13
2021-08-12,si1s,1,0.5295556131503042,13
2021-08-12,gc1s,1,0.5222319369507087,13
2021-08-13,si1s,0,0.47248602445161186,13
2021-08-16,si1s,0,0.5316420666968723,13
2021-08-16,pl1s,0,0.508586580454351,13
2021-08-17,si1s,0,0.5111800339805574,13
2021-08-17,pl1s,1,0.5655306068717534,13
2021-08-18,pl1s,0,0.5004211255379627,13
2021-08-18,si1s,0,0.49966255928232167,13
2021-08-19,pl1s,1,0.5778568963541821,13
2021-08-19,si1s,0,0.5074854057901004,13
2021-08-20,si1s,1,0.5659475790487755,13
2021-08-20,pl1s,1,0.5208852355430639,13
2021-08-23,si1s,1,0.5366146219080683,13
2021-08-23,pl1s,0,0.5505058352772961,13
2021-08-24,si1s,0,0.5350799094331089,13
2021-08-24,pl1s,1,0.47687370574353954,13
2021-08-25,pl1s,0,0.46354779487906805,13
2021-08-25,si1s,0,0.5077434051738509,13
2021-08-26,pl1s,1,0.46207472910386616,13
2021-08-26,si1s,1,0.621532954215481,13
2021-08-27,pl1s,0,0.5212909728547613,13
2021-08-27,si1s,0,0.4809743840138402,13
2021-08-30,si1s,0,0.5016541512385216,13
2021-08-30,pl1s,1,0.5486359560190047,13
2021-08-31,si1s,0,0.4724783126298933,13
2021-08-31,pl1s,0,0.5517091080856088,13
2021-09-01,si1s,0,0.47765427924122383,13
2021-09-01,pl1s,0,0.5366494478906743,13
2021-09-02,si1s,0,0.4356504374760087,13
2021-09-02,pl1s,1,0.49748904903275615,13
2021-09-03,si1s,1,0.37593119278931536,13
2021-09-03,pl1s,0,0.48223084996852744,13
2021-09-07,pl1s,0,0.5295952342310458,13
2021-09-07,si1s,1,0.3897867221469564,13
2021-09-08,si1s,0,0.3477158016013023,13
2021-09-08,pl1s,0,0.5345905260479143,13
2021-09-09,pl1s,0,0.49757211438029053,13
2021-09-09,si1s,1,0.3530401346796012,13
2021-09-10,pl1s,1,0.6305561005989359,13
2021-09-10,si1s,0,0.410324045454537,13
2021-09-13,pl1s,0,0.5927686786493391,13
2021-09-13,si1s,0,0.47524563564006833,13
2021-09-14,si1s,0,0.424780396199646,13
2021-09-14,pl1s,0,0.6124458941683059,13
2021-09-15,pl1s,0,0.5517111115633369,13
2021-09-15,si1s,0,0.3784713275993961,13
2021-09-16,si1s,0,0.5367622310709208,13
2021-09-16,pl1s,1,0.6003728314569566,13
2021-09-17,si1s,0,0.5053751389051058,13
2021-09-17,pl1s,0,0.6419728656753622,13
2021-09-20,si1s,1,0.5521738091755061,13
2021-09-20,gc1s,0,0.5245917113700612,13
2021-09-20,pl1s,1,0.715218825559621,13
2021-09-21,si1s,1,0.5260845974389483,13
2021-09-21,gc1s,0,0.4945076255037058,13
2021-09-21,pl1s,1,0.6015679347842495,13
2021-09-22,si1s,0,0.5252738311128224,13
2021-09-22,pl1s,0,0.6462128687264936,13
2021-09-22,gc1s,0,0.498657509951357,13
2021-09-23,pl1s,0,0.7360022399943937,13
2021-09-23,gc1s,0,0.6008569882624739,13
2021-09-23,si1s,0,0.5969817520585491,13
2021-09-24,gc1s,0,0.4758875591889735,13
2021-09-24,si1s,0,0.5236558131836101,13
2021-09-27,si1s,0,0.5760444564449033,13
2021-09-27,gc1s,0,0.526166990280444,13
2021-09-27,pl1s,0,0.5579771973263393,13
2021-09-28,si1s,0,0.6508731204222277,13
2021-09-28,pl1s,0,0.6623762182481637,13
2021-09-28,gc1s,0,0.6112944272295936,13
2021-09-29,si1s,1,0.6704957103581668,13
2021-09-29,pl1s,1,0.6626166963434633,13
2021-09-29,gc1s,1,0.5897987637431011,13
2021-09-30,si1s,1,0.6909197531988805,13
2021-09-30,pl1s,1,0.6817547628644913,13
2021-10-01,pl1s,0,0.6274839989652005,13
2021-10-04,pl1s,0,0.6372523655381305,13
2021-03-09,si1s,0,0.5019888611533772,14
2021-03-10,gc1s,1,0.5019888611533772,14
2021-03-10,si1s,0,0.5019888611533772,14
2021-03-10,pl1s,1,0.5019888611533772,14
2021-03-11,si1s,0,0.5019888611533772,14
2021-03-11,pl1s,0,0.5019888611533772,14
2021-03-11,gc1s,0,0.5019888611533772,14
2021-03-12,pl1s,1,0.5019888611533772,14
2021-03-12,gc1s,1,0.5019888611533772,14
2021-03-12,si1s,1,0.5019888611533772,14
2021-03-15,gc1s,0,0.5019888611533772,14
2021-03-15,si1s,1,0.5019888611533772,14
2021-03-15,pl1s,1,0.5019888611533772,14
2021-03-16,pl1s,0,0.5019888611533772,14
2021-03-16,si1s,0,0.5019888611533772,14
2021-03-16,gc1s,0,0.5019888611533772,14
2021-03-17,pl1s,1,0.5019888611533772,14
2021-03-17,si1s,0,0.5019888611533772,14
2021-03-17,gc1s,0,0.5019888611533772,14
2021-03-18,pl1s,0,0.5019888611533772,14
2021-03-18,gc1s,0,0.5019888611533772,14
2021-03-18,si1s,1,0.5019888611533772,14
2021-03-19,gc1s,0,0.5019888611533772,14
2021-03-19,si1s,1,0.5019888611533772,14
2021-03-19,pl1s,0,0.5019888611533772,14
2021-03-22,pl1s,0,0.5019888611533772,14
2021-03-22,si1s,0,0.5019888611533772,14
2021-03-23,si1s,0,0.5019888611533772,14
2021-03-23,pl1s,1,0.5019888611533772,14
2021-03-24,si1s,0,0.5019888611533772,14
2021-03-24,pl1s,0,0.5019888611533772,14
2021-03-25,si1s,0,0.5019888611533772,14
2021-03-25,pl1s,1,0.5019888611533772,14
2021-03-26,si1s,0,0.5019888611533772,14
2021-03-26,pl1s,1,0.5019888611533772,14
2021-03-29,pl1s,0,0.5019888611533772,14
2021-03-29,si1s,0,0.5019888611533772,14
2021-03-30,pl1s,1,0.5019888611533772,14
2021-03-30,si1s,1,0.5019888611533772,14
2021-03-31,pl1s,1,0.5019888611533772,14
2021-03-31,si1s,1,0.5019888611533772,14
2021-04-01,pl1s,1,0.5019888611533772,14
2021-04-01,si1s,0,0.5019888611533772,14
2021-04-05,pl1s,1,0.5019888611533772,14
2021-04-05,si1s,1,0.5019888611533772,14
2021-04-06,si1s,0,0.5019888611533772,14
2021-04-06,gc1s,0,0.5019888611533772,14
2021-04-07,pl1s,1,0.5019888611533772,14
2021-04-07,gc1s,0,0.5019888611533772,14
2021-04-07,si1s,0,0.5019888611533772,14
2021-04-08,si1s,0,0.5019888611533772,14
2021-04-08,pl1s,0,0.5019888611533772,14
2021-04-09,pl1s,0,0.5019888611533772,14
2021-04-09,gc1s,0,0.5019888611533772,14
2021-04-09,si1s,0,0.5019888611533772,14
2021-04-12,pl1s,0,0.5019888611533772,14
2021-04-12,si1s,1,0.5019888611533772,14
2021-04-13,si1s,1,0.5019888611533772,14
2021-04-13,pl1s,1,0.5019888611533772,14
2021-04-14,si1s,1,0.5019888611533772,14
2021-04-14,pl1s,1,0.5019888611533772,14
2021-04-15,pl1s,1,0.5019888611533772,14
2021-04-16,si1s,0,0.5019888611533772,14
2021-04-16,pl1s,0,0.5019888611533772,14
2021-04-20,pl1s,1,0.5019888611533772,14
2021-04-21,pl1s,0,0.5019888611533772,14
2021-04-21,si1s,1,0.5019888611533772,14
2021-04-22,pl1s,1,0.5019888611533772,14
2021-04-23,pl1s,1,0.5019888611533772,14
2021-04-26,pl1s,1,0.5019888611533772,14
2021-04-26,si1s,0,0.5019888611533772,14
2021-04-27,pl1s,0,0.5019888611533772,14
2021-04-27,si1s,1,0.5019888611533772,14
2021-04-28,si1s,0,0.5019888611533772,14
2021-04-28,pl1s,0,0.5019888611533772,14
2021-04-29,pl1s,1,0.5019888611533772,14
2021-04-29,si1s,0,0.5019888611533772,14
2021-04-30,si1s,1,0.5019888611533772,14
2021-04-30,pl1s,1,0.5019888611533772,14
2021-05-03,si1s,1,0.5019888611533772,14
2021-05-03,pl1s,1,0.5019888611533772,14
2021-05-04,pl1s,0,0.5019888611533772,14
2021-05-04,si1s,1,0.5019888611533772,14
2021-05-05,pl1s,1,0.5019888611533772,14
2021-05-05,si1s,1,0.5019888611533772,14
2021-05-06,si1s,0,0.5019888611533772,14
2021-05-06,pl1s,0,0.5019888611533772,14
2021-05-07,gc1s,0,0.5019888611533772,14
2021-05-07,si1s,0,0.5019888611533772,14
2021-05-07,pl1s,1,0.5019888611533772,14
2021-05-10,si1s,0,0.5019888611533772,14
2021-05-10,pl1s,0,0.5019888611533772,14
2021-05-11,pl1s,0,0.5019888611533772,14
2021-05-11,si1s,1,0.5019888611533772,14
2021-05-12,si1s,0,0.5019888611533772,14
2021-05-12,pl1s,0,0.5019888611533772,14
2021-05-12,gc1s,1,0.5019888611533772,14
2021-05-13,si1s,0,0.5019888611533772,14
2021-05-13,pl1s,1,0.5019888611533772,14
2021-05-13,gc1s,1,0.5019888611533772,14
2021-05-14,pl1s,1,0.5019888611533772,14
2021-05-14,si1s,0,0.5019888611533772,14
2021-05-17,pl1s,0,0.5019888611533772,14
2021-05-17,gc1s,1,0.5019888611533772,14
2021-05-17,si1s,1,0.5019888611533772,14
2021-05-18,pl1s,0,0.5019888611533772,14
2021-05-18,si1s,1,0.5019888611533772,14
2021-05-18,gc1s,1,0.5019888611533772,14
2021-05-19,pl1s,1,0.5019888611533772,14
2021-05-19,gc1s,0,0.5019888611533772,14
2021-05-19,si1s,1,0.5019888611533772,14
2021-05-20,si1s,1,0.5019888611533772,14
2021-05-20,pl1s,0,0.5019888611533772,14
2021-05-20,gc1s,0,0.5019888611533772,14
2021-05-21,pl1s,1,0.5019888611533772,14
2021-05-21,si1s,0,0.5019888611533772,14
2021-05-24,si1s,0,0.5019888611533772,14
2021-05-24,pl1s,1,0.5019888611533772,14
2021-05-25,si1s,0,0.5019888611533772,14
2021-05-25,pl1s,1,0.5019888611533772,14
2021-05-26,pl1s,0,0.5019888611533772,14
2021-05-27,pl1s,1,0.5019888611533772,14
2021-05-28,gc1s,0,0.5019888611533772,14
2021-05-28,pl1s,1,0.5019888611533772,14
2021-05-28,si1s,0,0.5019888611533772,14
2021-06-01,gc1s,0,0.5019888611533772,14
2021-06-01,si1s,0,0.5019888611533772,14
2021-06-01,pl1s,0,0.5019888611533772,14
2021-06-02,si1s,1,0.5019888611533772,14
2021-06-02,pl1s,0,0.5019888611533772,14
2021-06-03,pl1s,1,0.5019888611533772,14
2021-06-03,si1s,1,0.5019888611533772,14
2021-06-04,pl1s,1,0.5019888611533772,14
2021-06-07,pl1s,0,0.5019888611533772,14
2021-06-08,pl1s,0,0.5019888611533772,14
2021-06-08,si1s,0,0.5019888611533772,14
2021-06-09,pl1s,0,0.5019888611533772,14
2021-06-09,si1s,0,0.5019888611533772,14
2021-06-10,si1s,0,0.5019888611533772,14
2021-06-11,pl1s,1,0.5019888611533772,14
2021-06-11,si1s,1,0.5019888611533772,14
2021-06-14,si1s,1,0.5019888611533772,14
2021-06-14,pl1s,0,0.5019888611533772,14
2021-06-15,si1s,0,0.5019888611533772,14
2021-06-15,pl1s,0,0.5019888611533772,14
2021-06-16,si1s,1,0.5019888611533772,14
2021-06-16,pl1s,0,0.5019888611533772,14
2021-06-17,si1s,1,0.5019888611533772,14
2021-06-17,pl1s,0,0.5019888611533772,14
2021-06-18,pl1s,1,0.5019888611533772,14
2021-06-18,si1s,1,0.5019888611533772,14
2021-06-21,si1s,0,0.5019888611533772,14
2021-06-21,pl1s,1,0.5019888611533772,14
2021-06-22,si1s,1,0.5019888611533772,14
2021-06-22,pl1s,1,0.5019888611533772,14
2021-06-23,pl1s,1,0.5019888611533772,14
2021-06-23,si1s,0,0.5019888611533772,14
2021-06-24,si1s,0,0.5019888611533772,14
2021-06-25,si1s,0,0.5019888611533772,14
2021-06-28,si1s,0,0.5019888611533772,14
2021-06-29,pl1s,1,0.5019888611533772,14
2021-06-29,si1s,1,0.5019888611533772,14
2021-06-30,si1s,0,0.5019888611533772,14
2021-06-30,pl1s,1,0.5019888611533772,14
2021-07-01,si1s,1,0.5019888611533772,14
2021-07-01,pl1s,1,0.5019888611533772,14
2021-07-02,pl1s,0,0.5019888611533772,14
2021-07-02,si1s,1,0.5019888611533772,14
2021-07-06,pl1s,0,0.5019888611533772,14
2021-07-06,si1s,0,0.5019888611533772,14
2021-07-07,pl1s,0,0.5019888611533772,14
2021-07-08,si1s,1,0.5019888611533772,14
2021-07-08,pl1s,1,0.5019888611533772,14
2021-07-09,si1s,0,0.5019888611533772,14
2021-07-09,pl1s,1,0.5019888611533772,14
2021-07-12,si1s,0,0.5019888611533772,14
2021-07-12,pl1s,0,0.5019888611533772,14
2021-07-13,si1s,0,0.5019888611533772,14
2021-07-13,pl1s,1,0.5019888611533772,14
2021-07-14,pl1s,1,0.5019888611533772,14
2021-07-15,si1s,1,0.5019888611533772,14
2021-07-15,pl1s,0,0.5019888611533772,14
2021-07-16,si1s,1,0.5019888611533772,14
2021-07-16,pl1s,0,0.5019888611533772,14
2021-07-19,si1s,0,0.5019888611533772,14
2021-07-19,pl1s,0,0.5019888611533772,14
2021-07-20,si1s,1,0.5019888611533772,14
2021-07-20,pl1s,1,0.5019888611533772,14
2021-07-21,pl1s,1,0.5019888611533772,14
2021-07-21,si1s,0,0.5019888611533772,14
2021-07-22,pl1s,0,0.5019888611533772,14
2021-07-22,si1s,0,0.5019888611533772,14
2021-07-23,si1s,0,0.5019888611533772,14
2021-07-23,pl1s,1,0.5019888611533772,14
2021-07-26,pl1s,0,0.5019888611533772,14
2021-07-26,si1s,0,0.5019888611533772,14
2021-07-27,si1s,1,0.5019888611533772,14
2021-07-27,pl1s,1,0.5019888611533772,14
2021-07-28,si1s,1,0.5019888611533772,14
2021-07-28,pl1s,1,0.5019888611533772,14
2021-07-29,pl1s,0,0.5019888611533772,14
2021-07-29,si1s,0,0.5019888611533772,14
2021-07-30,si1s,0,0.5019888611533772,14
2021-07-30,pl1s,1,0.5019888611533772,14
2021-08-02,pl1s,0,0.5019888611533772,14
2021-08-02,si1s,0,0.5019888611533772,14
2021-08-03,gc1s,1,0.5019888611533772,14
2021-08-03,si1s,0,0.5019888611533772,14
2021-08-03,pl1s,0,0.5019888611533772,14
2021-08-04,gc1s,1,0.5019888611533772,14
2021-08-04,si1s,0,0.5019888611533772,14
2021-08-04,pl1s,0,0.5019888611533772,14
2021-08-05,si1s,0,0.5019888611533772,14
2021-08-06,si1s,0,0.5019888611533772,14
2021-08-09,gc1s,1,0.5019888611533772,14
2021-08-09,si1s,0,0.5019888611533772,14
2021-08-09,pl1s,1,0.5019888611533772,14
2021-08-10,pl1s,1,0.5019888611533772,14
2021-08-10,si1s,0,0.5019888611533772,14
2021-08-10,gc1s,1,0.5019888611533772,14
2021-08-11,si1s,0,0.5019888611533772,14
2021-08-11,gc1s,1,0.5019888611533772,14
2021-08-11,pl1s,1,0.5019888611533772,14
2021-08-12,si1s,1,0.5019888611533772,14
2021-08-12,gc1s,1,0.5019888611533772,14
2021-08-13,si1s,0,0.5019888611533772,14
2021-08-16,si1s,0,0.5019888611533772,14
2021-08-16,pl1s,0,0.5019888611533772,14
2021-08-17,si1s,0,0.5019888611533772,14
2021-08-17,pl1s,1,0.5019888611533772,14
2021-08-18,pl1s,0,0.5019888611533772,14
2021-08-18,si1s,0,0.5019888611533772,14
2021-08-19,pl1s,1,0.5019888611533772,14
2021-08-19,si1s,0,0.5019888611533772,14
2021-08-20,si1s,1,0.5019888611533772,14
2021-08-20,pl1s,1,0.5019888611533772,14
2021-08-23,si1s,1,0.5019888611533772,14
2021-08-23,pl1s,0,0.5019888611533772,14
2021-08-24,si1s,0,0.5019888611533772,14
2021-08-24,pl1s,1,0.5019888611533772,14
2021-08-25,pl1s,0,0.5019888611533772,14
2021-08-25,si1s,0,0.5019888611533772,14
2021-08-26,pl1s,1,0.5019888611533772,14
2021-08-26,si1s,1,0.5019888611533772,14
2021-08-27,pl1s,0,0.5019888611533772,14
2021-08-27,si1s,0,0.5019888611533772,14
2021-08-30,si1s,0,0.5019888611533772,14
2021-08-30,pl1s,1,0.5019888611533772,14
2021-08-31,si1s,0,0.5019888611533772,14
2021-08-31,pl1s,0,0.5019888611533772,14
2021-09-01,si1s,0,0.5019888611533772,14
2021-09-01,pl1s,0,0.5019888611533772,14
2021-09-02,si1s,0,0.5019888611533772,14
2021-09-02,pl1s,1,0.5019888611533772,14
2021-09-03,si1s,1,0.5019888611533772,14
2021-09-03,pl1s,0,0.5019888611533772,14
2021-09-07,pl1s,0,0.5019888611533772,14
2021-09-07,si1s,1,0.5019888611533772,14
2021-09-08,si1s,0,0.5019888611533772,14
2021-09-08,pl1s,0,0.5019888611533772,14
2021-09-09,pl1s,0,0.5019888611533772,14
2021-09-09,si1s,1,0.5019888611533772,14
2021-09-10,pl1s,1,0.5019888611533772,14
2021-09-10,si1s,0,0.5019888611533772,14
2021-09-13,pl1s,0,0.5019888611533772,14
2021-09-13,si1s,0,0.5019888611533772,14
2021-09-14,si1s,0,0.5019888611533772,14
2021-09-14,pl1s,0,0.5019888611533772,14
2021-09-15,pl1s,0,0.5019888611533772,14
2021-09-15,si1s,0,0.5019888611533772,14
2021-09-16,si1s,0,0.5019888611533772,14
2021-09-16,pl1s,1,0.5019888611533772,14
2021-09-17,si1s,0,0.5019888611533772,14
2021-09-17,pl1s,0,0.5019888611533772,14
2021-09-20,si1s,1,0.5019888611533772,14
2021-09-20,gc1s,0,0.5019888611533772,14
2021-09-20,pl1s,1,0.5019888611533772,14
2021-09-21,si1s,1,0.5019888611533772,14
2021-09-21,gc1s,0,0.5019888611533772,14
2021-09-21,pl1s,1,0.5019888611533772,14
2021-09-22,si1s,0,0.5019888611533772,14
2021-09-22,pl1s,0,0.5019888611533772,14
2021-09-22,gc1s,0,0.5019888611533772,14
2021-09-23,pl1s,0,0.5019888611533772,14
2021-09-23,gc1s,0,0.5019888611533772,14
2021-09-23,si1s,0,0.5019888611533772,14
2021-09-24,gc1s,0,0.5019888611533772,14
2021-09-24,si1s,0,0.5019888611533772,14
2021-09-27,si1s,0,0.5019888611533772,14
2021-09-27,gc1s,0,0.5019888611533772,14
2021-09-27,pl1s,0,0.5019888611533772,14
2021-09-28,si1s,0,0.5019888611533772,14
2021-09-28,pl1s,0,0.5019888611533772,14
2021-09-28,gc1s,0,0.5019888611533772,14
2021-09-29,si1s,1,0.5019888611533772,14
2021-09-29,pl1s,1,0.5019888611533772,14
2021-09-29,gc1s,1,0.5019888611533772,14
2021-09-30,si1s,1,0.5019888611533772,14
2021-09-30,pl1s,1,0.5019888611533772,14
2021-10-01,pl1s,0,0.5019888611533772,14
2021-10-04,pl1s,0,0.5019888611533772,14
