auc_mean,auc_std,logloss_mean,logloss_std,brier_mean,brier_std,n_folds
0.5012950363156612,0.09636118187451609,1.6926343186474564,1.1694873566008093,0.3702686220294312,0.08386523725167325,15
