instrument,auc_mean,auc_std,logloss,brier,n_events
rb1s,0.4709684874883328,0.09309374601677958,1.6926343186474564,0.3702686220294313,3000
