auc_mean,auc_std,logloss_mean,logloss_std,brier_mean,brier_std,n_folds
0.5900877833494086,0.14745694499041181,0.6815001705636131,0.03397885255124966,0.2434094643852843,0.016539364912423117,15
