instrument,auc_mean,auc_std,logloss,brier,n_events
ng1s,0.6053789592760181,0.14245694291321262,0.6815001705636132,0.2434094643852843,600
