auc_mean,auc_std,logloss_mean,logloss_std,brier_mean,brier_std,n_folds
0.5517161462079011,0.15004512648197896,0.7974638577182624,0.23340306417751774,0.28335496729514975,0.08744144698635166,15
