instrument,auc_mean,auc_std,logloss,brier,n_events
ng1s,0.519343891402715,0.14495736378533353,0.7974638577182627,0.2833549672951497,600
