auc_mean,auc_std,logloss_mean,logloss_std,brier_mean,brier_std,n_folds
0.6443822243886314,0.10246829620435445,0.6650204375130531,0.055824269258157755,0.2349104199499602,0.02599416648749667,15
