auc_mean,auc_std,logloss_mean,logloss_std,brier_mean,brier_std,n_folds
0.4800284843346157,0.050211602111912945,0.8444465063526639,0.4560450418239132,0.27022905369038597,0.049365422820421334,15
