instrument,auc_mean,auc_std,logloss,brier,n_events
nq1s,0.46766373241622494,0.04850901621556612,0.844446506352664,0.270229053690386,2880
