auc_mean,auc_std,logloss_mean,logloss_std,brier_mean,brier_std,n_folds
0.4861765500025468,0.039394426362288876,0.6931058081415199,0.004906589117914354,0.2499684181904307,0.0024098619815055913,15
