date,instrument,y_true,y_score,fold
2020-01-30,pl1s,0,0.49014681577682495,0
2020-01-30,si1s,1,0.49765464663505554,0
2020-01-31,pl1s,1,0.49765264987945557,0
2020-01-31,si1s,1,0.4894549548625946,0
2020-02-03,si1s,0,0.4905554950237274,0
2020-02-03,pl1s,0,0.495345801115036,0
2020-02-04,pl1s,1,0.5452975034713745,0
2020-02-04,si1s,0,0.4953470528125763,0
2020-02-05,pl1s,0,0.5047699809074402,0
2020-02-05,si1s,1,0.49389365315437317,0
2020-02-06,pl1s,1,0.5563870668411255,0
2020-02-06,si1s,0,0.4979388117790222,0
2020-02-07,pl1s,0,0.5083612203598022,0
2020-02-07,si1s,0,0.511229395866394,0
2020-02-10,pl1s,1,0.5326036214828491,0
2020-02-11,pl1s,0,0.4998248219490051,0
2020-02-11,si1s,0,0.5071576833724976,0
2020-02-12,pl1s,1,0.49737608432769775,0
2020-02-12,si1s,0,0.5116784572601318,0
2020-02-13,si1s,1,0.5045748353004456,0
2020-02-13,pl1s,0,0.5037510991096497,0
2020-02-14,pl1s,1,0.5114741325378418,0
2020-02-14,si1s,1,0.5115161538124084,0
2020-02-18,pl1s,1,0.5015164017677307,0
2020-02-19,si1s,0,0.49460911750793457,0
2020-02-20,pl1s,0,0.48647063970565796,0
2020-02-20,si1s,0,0.49247393012046814,0
2020-02-21,pl1s,0,0.4739737808704376,0
2020-02-21,si1s,0,0.4920295476913452,0
2020-02-24,pl1s,0,0.4739737808704376,0
2020-02-24,si1s,1,0.4949292838573456,0
2020-02-25,pl1s,0,0.5568442344665527,0
2020-02-25,si1s,1,0.4921453595161438,0
2020-02-26,pl1s,0,0.561265230178833,0
2020-02-26,si1s,1,0.4898453652858734,0
2020-02-27,si1s,1,0.4917258024215698,0
2020-02-27,pl1s,0,0.5646917819976807,0
2020-02-28,pl1s,0,0.5612355470657349,0
2020-02-28,si1s,1,0.5285314321517944,0
2020-03-02,pl1s,1,0.5592138171195984,0
2020-03-02,si1s,1,0.5531752109527588,0
2020-03-03,si1s,0,0.5513034462928772,0
2020-03-03,pl1s,1,0.5640919208526611,0
2020-03-04,si1s,0,0.5108471512794495,0
2020-03-04,pl1s,0,0.556104302406311,0
2020-03-05,si1s,0,0.4935084879398346,0
2020-03-05,pl1s,1,0.559820294380188,0
2020-03-06,si1s,0,0.5053337812423706,0
2020-03-06,pl1s,0,0.5627033710479736,0
2020-03-09,pl1s,1,0.5612471103668213,0
2020-03-09,si1s,0,0.5534108281135559,0
2020-03-10,si1s,0,0.5526442527770996,0
2020-03-10,pl1s,0,0.5559214353561401,0
2020-03-11,pl1s,0,0.5538098216056824,0
2020-03-11,si1s,0,0.5546929836273193,0
2020-03-12,si1s,0,0.5508537292480469,0
2020-03-12,pl1s,0,0.5482169985771179,0
2020-03-13,si1s,0,0.5522065758705139,0
2020-03-13,pl1s,0,0.5519794225692749,0
2020-03-16,si1s,0,0.5475576519966125,0
2020-03-16,pl1s,1,0.5493623614311218,0
2020-03-16,gc1s,1,0.5699570775032043,0
2020-03-17,si1s,0,0.5527286529541016,0
2020-03-17,pl1s,0,0.5525014996528625,0
2020-03-18,gc1s,1,0.5715292692184448,0
2020-03-18,si1s,1,0.5527286529541016,0
2020-03-18,pl1s,0,0.5545295476913452,0
2020-03-19,si1s,1,0.5475576519966125,0
2020-03-19,pl1s,1,0.5525014996528625,0
2020-03-19,gc1s,1,0.5667030215263367,0
2020-03-20,si1s,1,0.551971971988678,0
2020-03-20,pl1s,1,0.5515955686569214,0
2020-03-20,gc1s,1,0.5710769295692444,0
2020-03-23,pl1s,1,0.5555202960968018,0
2020-03-23,si1s,1,0.5593634247779846,0
2020-03-24,si1s,1,0.556146502494812,0
2020-03-24,pl1s,0,0.5529541373252869,0
2020-03-25,pl1s,1,0.5418679714202881,0
2020-03-25,gc1s,0,0.5436063408851624,0
2020-03-26,gc1s,1,0.5307239294052124,0
2020-03-26,si1s,0,0.5292431712150574,0
2020-03-26,pl1s,0,0.5297321081161499,0
2020-03-27,gc1s,1,0.5307239294052124,0
2020-03-27,si1s,0,0.5211769938468933,0
2020-03-27,pl1s,1,0.5177862048149109,0
2020-03-30,gc1s,1,0.5257017016410828,0
2020-03-30,si1s,0,0.5181776285171509,0
2020-03-30,pl1s,0,0.5200800895690918,0
2020-03-31,pl1s,1,0.5229436159133911,0
2020-03-31,gc1s,0,0.5193296074867249,0
2020-03-31,si1s,0,0.5184230208396912,0
2020-04-01,gc1s,0,0.515031099319458,0
2020-04-01,si1s,0,0.5217285752296448,0
2020-04-02,pl1s,1,0.5236338973045349,0
2020-04-02,gc1s,0,0.5283282399177551,0
2020-04-02,si1s,0,0.5213072299957275,0
2020-04-03,pl1s,1,0.542072057723999,0
2020-04-03,gc1s,0,0.5399033427238464,0
2020-04-03,si1s,0,0.5338226556777954,0
2020-04-06,pl1s,1,0.5350767970085144,0
2020-04-06,si1s,0,0.5297639966011047,0
2020-04-07,si1s,0,0.534528374671936,0
2020-04-08,si1s,0,0.5286527276039124,0
2020-04-08,pl1s,1,0.5387086868286133,0
2020-04-09,pl1s,1,0.525855541229248,0
2020-04-09,si1s,1,0.5251376032829285,0
2020-04-13,pl1s,1,0.5329518914222717,0
2020-04-13,si1s,0,0.5287736654281616,0
2020-04-13,gc1s,1,0.5380859375,0
2020-04-14,si1s,1,0.5224375128746033,0
2020-04-15,pl1s,1,0.527000367641449,0
2020-04-15,gc1s,1,0.5398328304290771,0
2020-04-15,si1s,1,0.5246120691299438,0
2020-04-16,pl1s,1,0.5218989849090576,0
2020-04-16,gc1s,1,0.5445274710655212,0
2020-04-16,si1s,1,0.5268091559410095,0
2020-04-17,si1s,0,0.5224109292030334,0
2020-04-17,gc1s,0,0.5277341604232788,0
2020-04-17,pl1s,0,0.5236315727233887,0
2020-04-20,gc1s,0,0.5286025404930115,0
2020-04-20,si1s,1,0.5196722149848938,0
2020-04-21,pl1s,0,0.525581419467926,0
2020-04-22,pl1s,0,0.5284417271614075,0
2020-04-22,si1s,0,0.5391915440559387,0
2020-04-23,si1s,0,0.5327568650245667,0
2020-04-23,pl1s,1,0.5289847254753113,0
2020-04-24,si1s,1,0.5236579775810242,0
2020-04-27,pl1s,1,0.527270495891571,0
2020-04-27,gc1s,0,0.5396352410316467,0
2020-04-28,gc1s,0,0.5481997728347778,0
2020-04-29,pl1s,0,0.5249717235565186,0
2020-04-29,si1s,1,0.5035762190818787,0
2020-04-30,pl1s,1,0.5260896682739258,0
2020-04-30,si1s,0,0.5312107801437378,0
2020-05-01,pl1s,0,0.5254800915718079,0
2020-05-01,si1s,0,0.5321117043495178,0
2020-05-04,si1s,1,0.5347356796264648,0
2020-05-05,si1s,1,0.5347979068756104,0
2020-05-06,gc1s,1,0.551914393901825,0
2020-05-06,si1s,1,0.5443148612976074,0
2020-05-07,gc1s,0,0.5537582039833069,0
2020-05-07,si1s,0,0.5400891304016113,0
2020-05-08,si1s,0,0.5520032644271851,0
2020-05-08,pl1s,1,0.5307726263999939,0
2020-05-11,si1s,1,0.5630756616592407,0
2020-05-11,pl1s,1,0.5332308411598206,0
2020-05-12,si1s,1,0.5471141338348389,0
2020-05-12,pl1s,0,0.551438570022583,0
2020-05-13,si1s,1,0.49419498443603516,0
2020-05-13,pl1s,1,0.5515547394752502,0
2020-05-14,si1s,1,0.5423395037651062,0
2020-05-14,pl1s,1,0.5374944806098938,0
2020-05-15,si1s,1,0.5572330951690674,0
2020-05-18,pl1s,1,0.5467312932014465,0
2020-05-18,si1s,1,0.5556170344352722,0
2020-05-19,si1s,0,0.5287250876426697,0
2020-05-19,pl1s,1,0.5310997366905212,0
2020-05-20,si1s,0,0.5306996703147888,0
2020-05-20,gc1s,1,0.49534323811531067,0
2020-05-21,si1s,1,0.5281367897987366,0
2020-05-21,gc1s,0,0.5158759951591492,0
2020-05-22,gc1s,1,0.49044308066368103,0
2020-05-22,si1s,0,0.5491428375244141,0
2020-05-22,pl1s,1,0.5329138040542603,0
2020-05-26,gc1s,0,0.4987975060939789,0
2020-05-26,pl1s,0,0.5145741701126099,0
2020-05-26,si1s,0,0.5367357134819031,0
2020-05-27,gc1s,0,0.5503548979759216,0
2020-05-27,si1s,0,0.5570889711380005,0
2020-05-27,pl1s,1,0.5322396159172058,0
2020-05-28,gc1s,0,0.5340306162834167,0
2020-05-28,pl1s,0,0.5181413292884827,0
2020-05-28,si1s,0,0.5317514538764954,0
2020-05-29,si1s,0,0.5212131142616272,0
2020-05-29,pl1s,0,0.5135028958320618,0
2020-06-01,pl1s,1,0.5181688070297241,0
2020-06-01,si1s,1,0.5340250730514526,0
2020-06-02,pl1s,1,0.5168520212173462,0
2020-06-02,gc1s,1,0.5356093645095825,0
2020-06-02,si1s,1,0.5307174921035767,0
2020-06-03,pl1s,0,0.5174394845962524,0
2020-06-04,pl1s,1,0.5226147174835205,0
2020-06-04,si1s,1,0.5254148244857788,0
2020-06-05,pl1s,1,0.535496711730957,0
2020-06-08,pl1s,1,0.5314655900001526,0
2020-06-09,si1s,0,0.4540826380252838,0
2020-06-09,pl1s,1,0.5273841619491577,0
2020-06-10,si1s,0,0.4727579653263092,0
2020-06-10,pl1s,1,0.5268003344535828,0
2020-06-11,si1s,1,0.5313948392868042,0
2020-06-11,pl1s,1,0.5302169919013977,0
2020-06-12,pl1s,0,0.5210818648338318,0
2020-06-12,si1s,0,0.46453678607940674,0
2020-06-15,si1s,0,0.5302494764328003,0
2020-06-15,pl1s,0,0.526545524597168,0
2020-06-16,si1s,0,0.4703337252140045,0
2020-06-16,pl1s,1,0.5175673961639404,0
2020-06-17,si1s,1,0.4790731370449066,0
2020-06-17,pl1s,0,0.5259392261505127,0
2020-06-18,si1s,0,0.47290006279945374,0
2020-06-18,pl1s,1,0.5187652111053467,0
2020-06-19,si1s,0,0.4950316250324249,0
2020-06-19,gc1s,1,0.5359443426132202,0
2020-06-19,pl1s,1,0.5272507667541504,0
2020-06-22,gc1s,1,0.5404128432273865,0
2020-06-22,si1s,0,0.49711519479751587,0
2020-06-23,si1s,1,0.49138566851615906,0
2020-06-23,gc1s,0,0.540199875831604,0
2020-06-24,pl1s,0,0.5237492322921753,0
2020-06-24,si1s,0,0.46922871470451355,0
2020-06-25,pl1s,1,0.5407812595367432,0
2020-06-25,gc1s,1,0.5044306516647339,0
2020-06-25,si1s,0,0.47796735167503357,0
2020-06-26,pl1s,1,0.5409969687461853,0
2020-06-26,gc1s,1,0.5377156138420105,0
2020-06-26,si1s,0,0.4741542935371399,0
2020-06-29,pl1s,1,0.48414817452430725,0
2020-06-29,gc1s,1,0.4931867718696594,0
2020-06-29,si1s,1,0.4753012955188751,0
2020-06-30,pl1s,0,0.5285961627960205,0
2020-07-01,pl1s,0,0.5350632667541504,0
2020-07-01,si1s,0,0.47412165999412537,0
2020-07-02,gc1s,1,0.5503829121589661,0
2020-07-02,si1s,0,0.46521732211112976,0
2020-07-02,pl1s,1,0.5377123355865479,0
2020-07-06,pl1s,1,0.5396651029586792,0
2020-07-06,gc1s,1,0.5345718264579773,0
2020-07-06,si1s,1,0.48894646763801575,0
2020-07-07,pl1s,1,0.5294018387794495,0
2020-07-07,gc1s,0,0.5260844230651855,0
2020-07-07,si1s,1,0.49241968989372253,0
2020-07-08,gc1s,0,0.5136047005653381,0
2020-07-08,si1s,0,0.48551440238952637,0
2020-07-08,pl1s,0,0.5353712439537048,0
2020-07-09,gc1s,0,0.5273085832595825,0
2020-07-09,si1s,0,0.4879348874092102,0
2020-07-09,pl1s,0,0.5301945209503174,0
2020-07-10,si1s,0,0.49136990308761597,0
2020-07-10,gc1s,1,0.49225708842277527,0
2020-07-10,pl1s,1,0.5301793813705444,0
2020-07-13,si1s,1,0.49563953280448914,0
2020-07-13,gc1s,0,0.5088704228401184,0
2020-07-13,pl1s,0,0.5154904723167419,0
2020-07-14,pl1s,1,0.5225073099136353,0
2020-07-14,si1s,0,0.4901798665523529,0
2020-07-14,gc1s,0,0.5108731985092163,0
2020-07-15,pl1s,0,0.5321683287620544,0
2020-07-15,gc1s,0,0.5109431147575378,0
2020-07-15,si1s,0,0.4951983094215393,0
2020-07-16,gc1s,1,0.4734666347503662,0
2020-07-16,pl1s,1,0.5324941873550415,0
2020-07-17,si1s,0,0.5054982304573059,0
2020-07-17,pl1s,1,0.5422878265380859,0
2020-07-20,si1s,0,0.4925745129585266,0
2020-07-20,pl1s,1,0.5442741513252258,0
2020-07-21,si1s,0,0.48802924156188965,0
2020-07-22,si1s,0,0.5178270936012268,0
2020-07-22,pl1s,0,0.5268090963363647,0
2020-07-23,si1s,0,0.519629180431366,0
2020-07-23,pl1s,1,0.5277097821235657,0
2020-07-24,pl1s,0,0.521069347858429,0
2020-07-24,si1s,0,0.5094782114028931,0
2020-07-27,pl1s,0,0.5196875929832458,0
2020-07-27,si1s,1,0.5123927593231201,0
2020-07-28,pl1s,1,0.5189827084541321,0
2020-07-28,si1s,1,0.5145968794822693,0
2020-07-29,si1s,1,0.5158952474594116,0
2020-07-29,pl1s,1,0.521349310874939,0
2020-07-30,si1s,0,0.51922208070755,0
2020-07-30,pl1s,1,0.526577889919281,0
2020-07-31,si1s,0,0.5172901153564453,0
2020-07-31,pl1s,1,0.5190775990486145,0
2020-08-03,si1s,0,0.5267793536186218,0
2020-08-03,pl1s,1,0.5242374539375305,0
2020-08-04,si1s,0,0.5190383195877075,0
2020-08-04,pl1s,0,0.5227329134941101,0
2020-08-05,pl1s,0,0.5226749181747437,0
2020-08-05,si1s,0,0.5231374502182007,0
2020-08-06,si1s,1,0.523116946220398,0
2020-08-06,pl1s,1,0.5291863083839417,0
2020-08-07,pl1s,0,0.5245306491851807,0
2020-08-07,si1s,0,0.5276772975921631,0
2020-08-10,si1s,1,0.5226203203201294,0
2020-08-10,pl1s,1,0.5268910527229309,0
2020-08-11,pl1s,0,0.5206151604652405,0
2020-08-11,si1s,1,0.521908700466156,0
2020-08-12,si1s,1,0.5162107944488525,0
2020-08-12,pl1s,0,0.5033355951309204,0
2020-08-13,si1s,1,0.5381132960319519,0
2020-08-13,pl1s,1,0.5324466228485107,0
2020-08-14,si1s,0,0.5255929231643677,0
2020-08-14,pl1s,0,0.5174498558044434,0
2020-08-17,pl1s,0,0.517397940158844,0
2020-08-17,si1s,0,0.5157670974731445,0
2020-08-18,si1s,1,0.5225872993469238,0
2020-08-18,pl1s,1,0.50714510679245,0
2020-08-18,gc1s,1,0.5294314026832581,0
2020-08-19,pl1s,0,0.5151339769363403,0
2020-08-19,si1s,1,0.517064094543457,0
2020-08-19,gc1s,1,0.5318989157676697,0
2020-01-30,pl1s,0,0.5118260979652405,1
2020-01-30,si1s,1,0.5007078647613525,1
2020-01-31,pl1s,1,0.5201204419136047,1
2020-01-31,si1s,1,0.49463891983032227,1
2020-02-03,si1s,0,0.47506776452064514,1
2020-02-03,pl1s,0,0.5039706230163574,1
2020-02-04,pl1s,1,0.512698233127594,1
2020-02-04,si1s,0,0.46790191531181335,1
2020-02-05,pl1s,0,0.5416334867477417,1
2020-02-05,si1s,1,0.4977961480617523,1
2020-02-06,pl1s,1,0.5587917566299438,1
2020-02-06,si1s,0,0.5071269869804382,1
2020-02-07,pl1s,0,0.5358841419219971,1
2020-02-07,si1s,0,0.4881714880466461,1
2020-02-10,pl1s,1,0.5421475768089294,1
2020-02-11,pl1s,0,0.5162035822868347,1
2020-02-11,si1s,0,0.49475833773612976,1
2020-02-12,pl1s,1,0.5079669952392578,1
2020-02-12,si1s,0,0.45172932744026184,1
2020-02-13,si1s,1,0.4763161242008209,1
2020-02-13,pl1s,0,0.5200998783111572,1
2020-02-14,pl1s,1,0.5334015488624573,1
2020-02-14,si1s,1,0.5099707245826721,1
2020-02-18,pl1s,1,0.52488774061203,1
2020-02-19,si1s,0,0.49472776055336,1
2020-02-20,pl1s,0,0.500698983669281,1
2020-02-20,si1s,0,0.5098758339881897,1
2020-02-21,pl1s,0,0.5000326037406921,1
2020-02-21,si1s,0,0.5026370286941528,1
2020-02-24,pl1s,0,0.5300279855728149,1
2020-02-24,si1s,1,0.4981078803539276,1
2020-02-25,pl1s,0,0.5362454652786255,1
2020-02-25,si1s,1,0.4617757797241211,1
2020-02-26,pl1s,0,0.5175155997276306,1
2020-02-26,si1s,1,0.4427379071712494,1
2020-02-27,si1s,1,0.44544005393981934,1
2020-02-27,pl1s,0,0.5221861600875854,1
2020-02-28,pl1s,0,0.5236074328422546,1
2020-02-28,si1s,1,0.4736221432685852,1
2020-03-02,pl1s,1,0.5244356989860535,1
2020-03-02,si1s,1,0.47514015436172485,1
2020-03-03,si1s,0,0.4802977740764618,1
2020-03-03,pl1s,1,0.53807133436203,1
2020-03-04,si1s,0,0.4667477011680603,1
2020-03-04,pl1s,0,0.5323960781097412,1
2020-03-05,si1s,0,0.47800198197364807,1
2020-03-05,pl1s,1,0.5529583096504211,1
2020-03-06,si1s,0,0.49246907234191895,1
2020-03-06,pl1s,0,0.5641645193099976,1
2020-03-09,pl1s,1,0.5622622966766357,1
2020-03-09,si1s,0,0.4839763939380646,1
2020-03-10,si1s,0,0.47583988308906555,1
2020-03-10,pl1s,0,0.5579438805580139,1
2020-03-11,pl1s,0,0.5484218001365662,1
2020-03-11,si1s,0,0.4796355366706848,1
2020-03-12,si1s,0,0.4897215664386749,1
2020-03-12,pl1s,0,0.571034848690033,1
2020-03-13,si1s,0,0.4993434250354767,1
2020-03-13,pl1s,0,0.5656496286392212,1
2020-03-16,si1s,0,0.5070887804031372,1
2020-03-16,pl1s,1,0.5740789771080017,1
2020-03-16,gc1s,1,0.5613795518875122,1
2020-03-17,si1s,0,0.5110143423080444,1
2020-03-17,pl1s,0,0.5732146501541138,1
2020-03-18,gc1s,1,0.5579224824905396,1
2020-03-18,si1s,1,0.5331728458404541,1
2020-03-18,pl1s,0,0.5757290124893188,1
2020-03-19,si1s,1,0.5229377150535583,1
2020-03-19,pl1s,1,0.5819202065467834,1
2020-03-19,gc1s,1,0.5609163641929626,1
2020-03-20,si1s,1,0.5321149826049805,1
2020-03-20,pl1s,1,0.5812056660652161,1
2020-03-20,gc1s,1,0.5692945718765259,1
2020-03-23,pl1s,1,0.583860456943512,1
2020-03-23,si1s,1,0.5250140428543091,1
2020-03-24,si1s,1,0.5117623209953308,1
2020-03-24,pl1s,0,0.553588330745697,1
2020-03-25,pl1s,1,0.5370792150497437,1
2020-03-25,gc1s,0,0.5268228650093079,1
2020-03-26,gc1s,1,0.5129022002220154,1
2020-03-26,si1s,0,0.46632352471351624,1
2020-03-26,pl1s,0,0.5183258652687073,1
2020-03-27,gc1s,1,0.5031220316886902,1
2020-03-27,si1s,0,0.4742623269557953,1
2020-03-27,pl1s,1,0.5154270529747009,1
2020-03-30,gc1s,1,0.5157800912857056,1
2020-03-30,si1s,0,0.4414409101009369,1
2020-03-30,pl1s,0,0.5199219584465027,1
2020-03-31,pl1s,1,0.5210416913032532,1
2020-03-31,gc1s,0,0.5016533136367798,1
2020-03-31,si1s,0,0.4408653676509857,1
2020-04-01,gc1s,0,0.5023065209388733,1
2020-04-01,si1s,0,0.44285428524017334,1
2020-04-02,pl1s,1,0.5115875005722046,1
2020-04-02,gc1s,0,0.5187186598777771,1
2020-04-02,si1s,0,0.4699586033821106,1
2020-04-03,pl1s,1,0.5484897494316101,1
2020-04-03,gc1s,0,0.5277408361434937,1
2020-04-03,si1s,0,0.4988120496273041,1
2020-04-06,pl1s,1,0.5497574210166931,1
2020-04-06,si1s,0,0.5060337781906128,1
2020-04-07,si1s,0,0.5114333629608154,1
2020-04-08,si1s,0,0.5083507299423218,1
2020-04-08,pl1s,1,0.5511744618415833,1
2020-04-09,pl1s,1,0.5760180354118347,1
2020-04-09,si1s,1,0.5106931328773499,1
2020-04-13,pl1s,1,0.5672345161437988,1
2020-04-13,si1s,0,0.5084037780761719,1
2020-04-13,gc1s,1,0.5326071381568909,1
2020-04-14,si1s,1,0.48518529534339905,1
2020-04-15,pl1s,1,0.518589198589325,1
2020-04-15,gc1s,1,0.48446375131607056,1
2020-04-15,si1s,1,0.449082612991333,1
2020-04-16,pl1s,1,0.5350971817970276,1
2020-04-16,gc1s,1,0.48736879229545593,1
2020-04-16,si1s,1,0.4763667583465576,1
2020-04-17,si1s,0,0.4601239562034607,1
2020-04-17,gc1s,0,0.47004467248916626,1
2020-04-17,pl1s,0,0.52607262134552,1
2020-04-20,gc1s,0,0.4934215247631073,1
2020-04-20,si1s,1,0.47376391291618347,1
2020-04-21,pl1s,0,0.5182927846908569,1
2020-04-22,pl1s,0,0.510005533695221,1
2020-04-22,si1s,0,0.527764618396759,1
2020-04-23,si1s,0,0.5436975955963135,1
2020-04-23,pl1s,1,0.5281897783279419,1
2020-04-24,si1s,1,0.47961047291755676,1
2020-04-27,pl1s,1,0.5464634299278259,1
2020-04-27,gc1s,0,0.5333901643753052,1
2020-04-28,gc1s,0,0.5426756739616394,1
2020-04-29,pl1s,0,0.5088467001914978,1
2020-04-29,si1s,1,0.4435463845729828,1
2020-04-30,pl1s,1,0.528384804725647,1
2020-04-30,si1s,0,0.49128398299217224,1
2020-05-01,pl1s,0,0.51454758644104,1
2020-05-01,si1s,0,0.5092672109603882,1
2020-05-04,si1s,1,0.503248393535614,1
2020-05-05,si1s,1,0.532000720500946,1
2020-05-06,gc1s,1,0.5462250709533691,1
2020-05-06,si1s,1,0.5459348559379578,1
2020-05-07,gc1s,0,0.56419438123703,1
2020-05-07,si1s,0,0.5304709672927856,1
2020-05-08,si1s,0,0.5444625020027161,1
2020-05-08,pl1s,1,0.5566502809524536,1
2020-05-11,si1s,1,0.5550492405891418,1
2020-05-11,pl1s,1,0.5552096366882324,1
2020-05-12,si1s,1,0.5491719841957092,1
2020-05-12,pl1s,0,0.5799517035484314,1
2020-05-13,si1s,1,0.5075430274009705,1
2020-05-13,pl1s,1,0.5628360509872437,1
2020-08-20,si1s,0,0.4807094633579254,1
2020-08-20,gc1s,0,0.5242130756378174,1
2020-08-20,pl1s,0,0.570336639881134,1
2020-08-21,pl1s,0,0.5715100765228271,1
2020-08-21,gc1s,0,0.5186672210693359,1
2020-08-21,si1s,0,0.4746044874191284,1
2020-08-24,pl1s,1,0.5653240084648132,1
2020-08-24,gc1s,0,0.5100379586219788,1
2020-08-25,pl1s,1,0.5778239965438843,1
2020-08-25,si1s,1,0.5273606777191162,1
2020-08-26,pl1s,0,0.5819798707962036,1
2020-08-27,pl1s,1,0.593613862991333,1
2020-08-27,si1s,0,0.500128448009491,1
2020-08-28,pl1s,1,0.5551100969314575,1
2020-08-28,si1s,0,0.5082388520240784,1
2020-08-31,pl1s,1,0.6140181422233582,1
2020-08-31,si1s,1,0.5114647746086121,1
2020-09-01,si1s,1,0.49100786447525024,1
2020-09-01,pl1s,0,0.595944344997406,1
2020-09-02,si1s,1,0.45600953698158264,1
2020-09-02,pl1s,0,0.5912128686904907,1
2020-09-03,si1s,0,0.5045228004455566,1
2020-09-03,pl1s,1,0.6004747152328491,1
2020-09-04,si1s,0,0.5102490186691284,1
2020-09-04,pl1s,1,0.6067313551902771,1
2020-09-08,si1s,0,0.5155158638954163,1
2020-09-08,pl1s,1,0.6030948758125305,1
2020-09-09,pl1s,1,0.5941011905670166,1
2020-09-10,si1s,0,0.5100911259651184,1
2020-09-11,si1s,1,0.4976593554019928,1
2020-09-14,si1s,0,0.4743233621120453,1
2020-09-14,pl1s,0,0.5522956252098083,1
2020-09-15,pl1s,1,0.5516875386238098,1
2020-09-15,si1s,0,0.4599948525428772,1
2020-09-16,pl1s,0,0.5481414794921875,1
2020-09-16,si1s,0,0.4353258013725281,1
2020-09-17,pl1s,1,0.5799463391304016,1
2020-09-17,si1s,0,0.4688478112220764,1
2020-09-18,pl1s,0,0.6114146709442139,1
2020-09-18,si1s,0,0.4828740060329437,1
2020-09-21,si1s,1,0.47680723667144775,1
2020-09-21,pl1s,0,0.5917580127716064,1
2020-09-22,si1s,1,0.46939733624458313,1
2020-09-22,pl1s,0,0.5639466047286987,1
2020-09-23,gc1s,1,0.5585229396820068,1
2020-09-24,si1s,1,0.5098196268081665,1
2020-09-24,gc1s,0,0.5565213561058044,1
2020-09-25,pl1s,1,0.5805930495262146,1
2020-09-25,gc1s,1,0.5439121127128601,1
2020-09-28,gc1s,1,0.5701512694358826,1
2020-09-28,si1s,0,0.4742453992366791,1
2020-09-28,pl1s,1,0.5898028016090393,1
2020-09-29,gc1s,0,0.5540834665298462,1
2020-09-29,si1s,1,0.4638897776603699,1
2020-09-30,pl1s,0,0.5634075999259949,1
2020-09-30,gc1s,1,0.5491735935211182,1
2020-09-30,si1s,1,0.5006258487701416,1
2020-10-01,pl1s,0,0.5725980401039124,1
2020-10-02,si1s,1,0.5272350907325745,1
2020-10-02,pl1s,1,0.5824151039123535,1
2020-10-05,pl1s,0,0.5669509768486023,1
2020-10-05,si1s,1,0.5032637715339661,1
2020-10-06,pl1s,0,0.564033567905426,1
2020-10-06,si1s,1,0.5510556101799011,1
2020-10-07,pl1s,0,0.5556707978248596,1
2020-10-07,si1s,1,0.5396479368209839,1
2020-10-08,pl1s,1,0.5780705213546753,1
2020-10-08,si1s,1,0.5299022197723389,1
2020-10-09,si1s,1,0.4831830859184265,1
2020-10-09,pl1s,0,0.5811969041824341,1
2020-10-12,pl1s,0,0.5655533075332642,1
2020-10-12,si1s,1,0.47604456543922424,1
2020-10-13,pl1s,0,0.5588186383247375,1
2020-10-14,si1s,0,0.4489215016365051,1
2020-10-14,pl1s,0,0.5574714541435242,1
2020-10-15,pl1s,1,0.5320154428482056,1
2020-10-16,si1s,0,0.48126307129859924,1
2020-10-16,pl1s,0,0.5433228611946106,1
2020-10-19,gc1s,0,0.5331977605819702,1
2020-10-19,si1s,0,0.4900502562522888,1
2020-10-19,pl1s,1,0.5450276136398315,1
2020-10-20,pl1s,1,0.5517053008079529,1
2020-10-20,si1s,0,0.5116342902183533,1
2020-10-20,gc1s,0,0.5410372614860535,1
2020-10-21,gc1s,0,0.5566405653953552,1
2020-10-21,si1s,0,0.5080611109733582,1
2020-10-21,pl1s,0,0.523242712020874,1
2020-10-22,gc1s,0,0.5490148067474365,1
2020-10-22,pl1s,1,0.536968469619751,1
2020-10-22,si1s,0,0.5194389224052429,1
2020-10-23,pl1s,0,0.5627967119216919,1
2020-10-23,gc1s,0,0.5548701286315918,1
2020-10-23,si1s,0,0.5252462029457092,1
2020-10-26,gc1s,0,0.5513279438018799,1
2020-10-26,pl1s,1,0.5652130842208862,1
2020-10-26,si1s,0,0.5339229106903076,1
2020-10-27,gc1s,0,0.5414186120033264,1
2020-10-27,pl1s,0,0.5573858618736267,1
2020-10-27,si1s,0,0.526979386806488,1
2020-10-28,si1s,1,0.4984878897666931,1
2020-10-28,pl1s,0,0.5559218525886536,1
2020-10-28,gc1s,0,0.5244460105895996,1
2020-10-29,si1s,1,0.500173032283783,1
2020-10-29,pl1s,0,0.5864946246147156,1
2020-10-29,gc1s,1,0.5160530209541321,1
2020-10-30,gc1s,1,0.5385374426841736,1
2020-10-30,pl1s,1,0.5773362517356873,1
2020-10-30,si1s,1,0.5353293418884277,1
2020-11-02,pl1s,1,0.5685973167419434,1
2020-11-02,si1s,0,0.5310260653495789,1
2020-11-03,gc1s,0,0.5550629496574402,1
2020-11-03,si1s,1,0.5000149607658386,1
2020-11-03,pl1s,0,0.5902370810508728,1
2020-11-04,si1s,1,0.5254437327384949,1
2020-11-04,pl1s,1,0.6030213236808777,1
2020-11-04,gc1s,1,0.5325486660003662,1
2020-11-05,pl1s,0,0.6002646088600159,1
2020-11-05,si1s,0,0.49494072794914246,1
2020-11-06,si1s,1,0.5136101245880127,1
2020-11-06,pl1s,0,0.577805757522583,1
2020-11-09,si1s,1,0.5348213911056519,1
2020-11-09,pl1s,1,0.5958400368690491,1
2020-11-10,si1s,0,0.5203588604927063,1
2020-11-10,pl1s,0,0.594111979007721,1
2020-11-10,gc1s,0,0.573067843914032,1
2020-11-11,si1s,1,0.5178184509277344,1
2020-11-11,pl1s,1,0.595897912979126,1
2020-11-12,si1s,0,0.5189992785453796,1
2020-11-12,pl1s,1,0.6157333254814148,1
2020-11-12,gc1s,0,0.5914480090141296,1
2020-11-13,si1s,0,0.5277778506278992,1
2020-11-13,pl1s,1,0.5819545388221741,1
2020-11-16,pl1s,1,0.5585144758224487,1
2020-11-16,si1s,0,0.5200495719909668,1
2020-11-17,pl1s,1,0.5286919474601746,1
2020-11-17,si1s,1,0.467055082321167,1
2020-11-18,pl1s,1,0.5213460922241211,1
2020-11-18,si1s,0,0.5285136699676514,1
2020-11-19,si1s,0,0.4990735650062561,1
2020-11-19,pl1s,1,0.5142748951911926,1
2020-11-19,gc1s,0,0.5663598775863647,1
2020-11-20,pl1s,0,0.4916333556175232,1
2020-11-20,si1s,0,0.5096835494041443,1
2020-11-23,gc1s,0,0.5454331636428833,1
2020-11-23,pl1s,1,0.5250524878501892,1
2020-11-23,si1s,0,0.5033737421035767,1
2020-11-24,gc1s,0,0.5641141533851624,1
2020-11-24,pl1s,1,0.511425793170929,1
2020-11-24,si1s,0,0.5074641108512878,1
2020-11-25,gc1s,0,0.5442119240760803,1
2020-01-30,pl1s,0,0.2968083918094635,2
2020-01-30,si1s,1,0.34306108951568604,2
2020-01-31,pl1s,1,0.34243297576904297,2
2020-01-31,si1s,1,0.30689284205436707,2
2020-02-03,si1s,0,0.3581136167049408,2
2020-02-03,pl1s,0,0.3665693402290344,2
2020-02-04,pl1s,1,0.4576205909252167,2
2020-02-04,si1s,0,0.37938883900642395,2
2020-02-05,pl1s,0,0.4960069954395294,2
2020-02-05,si1s,1,0.4191648066043854,2
2020-02-06,pl1s,1,0.6313900947570801,2
2020-02-06,si1s,0,0.44608354568481445,2
2020-02-07,pl1s,0,0.43757808208465576,2
2020-02-07,si1s,0,0.5254082083702087,2
2020-02-10,pl1s,1,0.5297629237174988,2
2020-02-11,pl1s,0,0.3509775698184967,2
2020-02-11,si1s,0,0.6051328182220459,2
2020-02-12,pl1s,1,0.37055525183677673,2
2020-02-12,si1s,0,0.562621533870697,2
2020-02-13,si1s,1,0.5185848474502563,2
2020-02-13,pl1s,0,0.514079749584198,2
2020-02-14,pl1s,1,0.4738614559173584,2
2020-02-14,si1s,1,0.5367305874824524,2
2020-02-18,pl1s,1,0.4133734405040741,2
2020-02-19,si1s,0,0.37645193934440613,2
2020-02-20,pl1s,0,0.29559454321861267,2
2020-02-20,si1s,0,0.3944847583770752,2
2020-02-21,pl1s,0,0.31656941771507263,2
2020-02-21,si1s,0,0.5336769223213196,2
2020-02-24,pl1s,0,0.3215552270412445,2
2020-02-24,si1s,1,0.4915195107460022,2
2020-02-25,pl1s,0,0.6004124283790588,2
2020-02-25,si1s,1,0.32046884298324585,2
2020-02-26,pl1s,0,0.634709358215332,2
2020-02-26,si1s,1,0.3251687288284302,2
2020-02-27,si1s,1,0.4073711633682251,2
2020-02-27,pl1s,0,0.6620242595672607,2
2020-02-28,pl1s,0,0.6551514863967896,2
2020-02-28,si1s,1,0.46254587173461914,2
2020-03-02,pl1s,1,0.6815902590751648,2
2020-03-02,si1s,1,0.4956042170524597,2
2020-03-03,si1s,0,0.4091774821281433,2
2020-03-03,pl1s,1,0.678977906703949,2
2020-03-04,si1s,0,0.34537777304649353,2
2020-03-04,pl1s,0,0.6238834261894226,2
2020-03-05,si1s,0,0.2670765817165375,2
2020-03-05,pl1s,1,0.6227208971977234,2
2020-03-06,si1s,0,0.2999649941921234,2
2020-03-06,pl1s,0,0.5774061679840088,2
2020-03-09,pl1s,1,0.5710347890853882,2
2020-03-09,si1s,0,0.4318152964115143,2
2020-03-10,si1s,0,0.4772268235683441,2
2020-03-10,pl1s,0,0.6119667887687683,2
2020-03-11,pl1s,0,0.5837284922599792,2
2020-03-11,si1s,0,0.48394814133644104,2
2020-03-12,si1s,0,0.5179837346076965,2
2020-03-12,pl1s,0,0.6137075424194336,2
2020-03-13,si1s,0,0.6182913184165955,2
2020-03-13,pl1s,0,0.6627317070960999,2
2020-03-16,si1s,0,0.6092169284820557,2
2020-03-16,pl1s,1,0.6753130555152893,2
2020-03-16,gc1s,1,0.567124605178833,2
2020-03-17,si1s,0,0.640216588973999,2
2020-03-17,pl1s,0,0.7000914216041565,2
2020-03-18,gc1s,1,0.6607317328453064,2
2020-03-18,si1s,1,0.6396417617797852,2
2020-03-18,pl1s,0,0.7023301720619202,2
2020-03-19,si1s,1,0.5828098058700562,2
2020-03-19,pl1s,1,0.7041275501251221,2
2020-03-19,gc1s,1,0.5970122218132019,2
2020-03-20,si1s,1,0.5140618085861206,2
2020-03-20,pl1s,1,0.5694518685340881,2
2020-03-20,gc1s,1,0.535489559173584,2
2020-03-23,pl1s,1,0.690946102142334,2
2020-03-23,si1s,1,0.6136279106140137,2
2020-03-24,si1s,1,0.49718859791755676,2
2020-03-24,pl1s,0,0.6046572327613831,2
2020-03-25,pl1s,1,0.4758263826370239,2
2020-03-25,gc1s,0,0.37821096181869507,2
2020-03-26,gc1s,1,0.39729246497154236,2
2020-03-26,si1s,0,0.48126518726348877,2
2020-03-26,pl1s,0,0.48778101801872253,2
2020-03-27,gc1s,1,0.4441990256309509,2
2020-03-27,si1s,0,0.48001447319984436,2
2020-03-27,pl1s,1,0.4736841022968292,2
2020-03-30,gc1s,1,0.3988523781299591,2
2020-03-30,si1s,0,0.44115331768989563,2
2020-03-30,pl1s,0,0.4649049937725067,2
2020-03-31,pl1s,1,0.4736706018447876,2
2020-03-31,gc1s,0,0.35733282566070557,2
2020-03-31,si1s,0,0.4388502240180969,2
2020-04-01,gc1s,0,0.32825037837028503,2
2020-04-01,si1s,0,0.4417783319950104,2
2020-04-02,pl1s,1,0.4818447530269623,2
2020-04-02,gc1s,0,0.367170125246048,2
2020-04-02,si1s,0,0.4346773028373718,2
2020-04-03,pl1s,1,0.52113938331604,2
2020-04-03,gc1s,0,0.40598130226135254,2
2020-04-03,si1s,0,0.5370448231697083,2
2020-04-06,pl1s,1,0.4778708517551422,2
2020-04-06,si1s,0,0.47443100810050964,2
2020-04-07,si1s,0,0.5722391605377197,2
2020-04-08,si1s,0,0.5458927154541016,2
2020-04-08,pl1s,1,0.5613450407981873,2
2020-04-09,pl1s,1,0.5667628645896912,2
2020-04-09,si1s,1,0.47393864393234253,2
2020-04-13,pl1s,1,0.5190411806106567,2
2020-04-13,si1s,0,0.4897097051143646,2
2020-04-13,gc1s,1,0.4958457946777344,2
2020-04-14,si1s,1,0.45904064178466797,2
2020-04-15,pl1s,1,0.4021899700164795,2
2020-04-15,gc1s,1,0.4191455543041229,2
2020-04-15,si1s,1,0.380778431892395,2
2020-04-16,pl1s,1,0.3767143785953522,2
2020-04-16,gc1s,1,0.38016277551651,2
2020-04-16,si1s,1,0.41078004240989685,2
2020-04-17,si1s,0,0.3999170958995819,2
2020-04-17,gc1s,0,0.38940489292144775,2
2020-04-17,pl1s,0,0.38284754753112793,2
2020-04-20,gc1s,0,0.41148313879966736,2
2020-04-20,si1s,1,0.42014238238334656,2
2020-04-21,pl1s,0,0.5200751423835754,2
2020-04-22,pl1s,0,0.5393155813217163,2
2020-04-22,si1s,0,0.5215944051742554,2
2020-04-23,si1s,0,0.5194821357727051,2
2020-04-23,pl1s,1,0.5458533763885498,2
2020-04-24,si1s,1,0.4752005636692047,2
2020-04-27,pl1s,1,0.5318353772163391,2
2020-04-27,gc1s,0,0.5515493154525757,2
2020-04-28,gc1s,0,0.5920829176902771,2
2020-04-29,pl1s,0,0.515872597694397,2
2020-04-29,si1s,1,0.4120745360851288,2
2020-04-30,pl1s,1,0.5545194149017334,2
2020-04-30,si1s,0,0.6091287732124329,2
2020-05-01,pl1s,0,0.5340636968612671,2
2020-05-01,si1s,0,0.5649061799049377,2
2020-05-04,si1s,1,0.5931797623634338,2
2020-05-05,si1s,1,0.4917835593223572,2
2020-05-06,gc1s,1,0.6048665642738342,2
2020-05-06,si1s,1,0.5346048474311829,2
2020-05-07,gc1s,0,0.537161111831665,2
2020-05-07,si1s,0,0.5518942475318909,2
2020-05-08,si1s,0,0.520998477935791,2
2020-05-08,pl1s,1,0.5911728739738464,2
2020-05-11,si1s,1,0.5414711833000183,2
2020-05-11,pl1s,1,0.577174961566925,2
2020-05-12,si1s,1,0.44590845704078674,2
2020-05-12,pl1s,0,0.5355502963066101,2
2020-05-13,si1s,1,0.3438921272754669,2
2020-05-13,pl1s,1,0.5365329384803772,2
2020-11-25,si1s,0,0.1922089159488678,2
2020-11-27,gc1s,0,0.5908653140068054,2
2020-11-27,si1s,1,0.48221421241760254,2
2020-11-30,gc1s,1,0.6203910112380981,2
2020-11-30,si1s,1,0.5298300981521606,2
2020-12-01,gc1s,1,0.6023392081260681,2
2020-12-01,pl1s,0,0.5557754635810852,2
2020-12-02,pl1s,0,0.5691091418266296,2
2020-12-02,gc1s,1,0.5321683287620544,2
2020-12-03,pl1s,0,0.572884738445282,2
2020-12-03,si1s,1,0.5546924471855164,2
2020-12-04,si1s,1,0.38020801544189453,2
2020-12-04,pl1s,1,0.4984298348426819,2
2020-12-07,pl1s,1,0.511754035949707,2
2020-12-07,si1s,0,0.49139049649238586,2
2020-12-08,si1s,0,0.4035439193248749,2
2020-12-08,pl1s,1,0.5093675255775452,2
2020-12-09,pl1s,0,0.49314162135124207,2
2020-12-09,si1s,1,0.4464109539985657,2
2020-12-10,pl1s,1,0.46598708629608154,2
2020-12-10,si1s,1,0.4734886884689331,2
2020-12-11,si1s,1,0.3304949104785919,2
2020-12-11,pl1s,1,0.4781395196914673,2
2020-12-14,si1s,1,0.35811281204223633,2
2020-12-14,pl1s,0,0.5846144556999207,2
2020-12-14,gc1s,1,0.38688522577285767,2
2020-12-15,si1s,1,0.2515663504600525,2
2020-12-15,gc1s,1,0.33794987201690674,2
2020-12-15,pl1s,1,0.5492713451385498,2
2020-12-16,pl1s,0,0.6198351979255676,2
2020-12-16,gc1s,1,0.38014471530914307,2
2020-12-16,si1s,1,0.49522310495376587,2
2020-12-17,si1s,0,0.6044008135795593,2
2020-12-17,pl1s,1,0.6101993322372437,2
2020-12-18,pl1s,1,0.6376389265060425,2
2020-12-18,si1s,0,0.3205731511116028,2
2020-12-21,pl1s,1,0.544457197189331,2
2020-12-21,si1s,0,0.6197033524513245,2
2020-12-22,pl1s,0,0.5374058485031128,2
2020-12-22,si1s,1,0.532265841960907,2
2020-12-23,pl1s,0,0.5176317691802979,2
2020-12-23,si1s,1,0.6108962297439575,2
2020-12-24,si1s,1,0.5075497627258301,2
2020-12-24,gc1s,1,0.230539008975029,2
2020-12-24,pl1s,0,0.3520081639289856,2
2020-12-28,pl1s,0,0.3274625837802887,2
2020-12-28,gc1s,1,0.29123565554618835,2
2020-12-28,si1s,0,0.5849409103393555,2
2020-12-29,si1s,1,0.5753844976425171,2
2020-12-29,pl1s,0,0.49960535764694214,2
2020-12-29,gc1s,1,0.24416349828243256,2
2020-12-30,pl1s,0,0.34945201873779297,2
2020-12-30,gc1s,1,0.2632550299167633,2
2020-12-30,si1s,0,0.3026859164237976,2
2020-12-31,si1s,1,0.22515028715133667,2
2020-12-31,pl1s,1,0.24917441606521606,2
2020-12-31,gc1s,1,0.21998147666454315,2
2021-01-04,si1s,0,0.279144823551178,2
2021-01-04,pl1s,1,0.4669184982776642,2
2021-01-04,gc1s,0,0.27664464712142944,2
2021-01-05,si1s,1,0.3169240653514862,2
2021-01-05,pl1s,0,0.5276460647583008,2
2021-01-07,pl1s,1,0.5006052851676941,2
2021-01-08,pl1s,0,0.5625630021095276,2
2021-01-08,si1s,0,0.5719560980796814,2
2021-01-11,pl1s,1,0.5897648930549622,2
2021-01-12,pl1s,0,0.5679095387458801,2
2021-01-12,si1s,0,0.5747281312942505,2
2021-01-13,pl1s,0,0.47814422845840454,2
2021-01-13,si1s,0,0.5499645471572876,2
2021-01-14,pl1s,1,0.4601048529148102,2
2021-01-14,si1s,1,0.48999372124671936,2
2021-01-15,pl1s,0,0.5394750237464905,2
2021-01-15,si1s,0,0.581427812576294,2
2021-01-19,si1s,0,0.5200315713882446,2
2021-01-19,pl1s,0,0.508057713508606,2
2021-01-20,si1s,0,0.4372349977493286,2
2021-01-20,pl1s,0,0.4514678716659546,2
2021-01-20,gc1s,1,0.42972591519355774,2
2021-01-21,pl1s,1,0.46391090750694275,2
2021-01-21,gc1s,1,0.4302559792995453,2
2021-01-21,si1s,0,0.4135681092739105,2
2021-01-22,pl1s,1,0.5437400937080383,2
2021-01-22,si1s,0,0.5520006418228149,2
2021-01-25,pl1s,0,0.49870410561561584,2
2021-01-25,si1s,0,0.47874969244003296,2
2021-01-26,si1s,0,0.2533073425292969,2
2021-01-26,pl1s,1,0.43052396178245544,2
2021-01-27,si1s,0,0.4250797927379608,2
2021-01-28,si1s,0,0.332449734210968,2
2021-01-28,pl1s,1,0.5185343027114868,2
2021-01-29,pl1s,1,0.7377088069915771,2
2021-02-01,pl1s,1,0.567145586013794,2
2021-02-01,si1s,1,0.5502066016197205,2
2021-02-02,pl1s,1,0.5457508563995361,2
2021-02-03,si1s,0,0.5445771813392639,2
2021-02-04,pl1s,1,0.6580681800842285,2
2021-02-04,si1s,1,0.5384445786476135,2
2021-02-04,gc1s,1,0.6294862627983093,2
2021-02-05,pl1s,1,0.6143501400947571,2
2021-02-05,si1s,1,0.5786441564559937,2
2021-02-08,si1s,0,0.5867049694061279,2
2021-02-08,pl1s,1,0.5586162805557251,2
2021-02-09,pl1s,0,0.6074320673942566,2
2021-02-09,si1s,0,0.6346955299377441,2
2021-02-10,pl1s,0,0.6462616324424744,2
2021-02-10,si1s,0,0.6257468461990356,2
2021-02-11,pl1s,0,0.5556004047393799,2
2021-02-11,si1s,0,0.46850624680519104,2
2021-02-12,pl1s,0,0.4958055913448334,2
2021-02-12,si1s,0,0.3007243573665619,2
2021-02-16,pl1s,1,0.5979904532432556,2
2021-02-16,si1s,0,0.5774580836296082,2
2021-02-17,si1s,0,0.5620869398117065,2
2021-02-17,pl1s,0,0.5972995162010193,2
2021-02-18,pl1s,0,0.5337337255477905,2
2021-02-18,si1s,0,0.3688385784626007,2
2021-02-19,pl1s,1,0.501878559589386,2
2021-02-19,gc1s,1,0.5102633237838745,2
2021-02-19,si1s,0,0.551175594329834,2
2021-02-22,pl1s,1,0.46841463446617126,2
2021-02-22,si1s,1,0.5002500414848328,2
2021-02-23,si1s,1,0.48781946301460266,2
2021-02-23,pl1s,0,0.5321441292762756,2
2021-02-24,si1s,0,0.513521671295166,2
2021-02-24,pl1s,1,0.5193867683410645,2
2021-02-25,pl1s,1,0.5328530669212341,2
2021-02-26,pl1s,0,0.5747907161712646,2
2021-02-26,gc1s,0,0.6573783755302429,2
2021-02-26,si1s,0,0.4886966049671173,2
2021-03-01,pl1s,0,0.6060281991958618,2
2021-03-01,si1s,1,0.49959859251976013,2
2021-03-01,gc1s,0,0.5161146521568298,2
2021-03-02,gc1s,0,0.5433434844017029,2
2021-03-02,si1s,0,0.504242479801178,2
2021-03-02,pl1s,1,0.5094972848892212,2
2021-03-03,gc1s,0,0.5690160989761353,2
2021-03-03,si1s,0,0.529536783695221,2
2021-03-03,pl1s,0,0.585103452205658,2
2021-03-04,si1s,0,0.5478728413581848,2
2021-03-04,gc1s,0,0.5876626372337341,2
2021-03-04,pl1s,0,0.5755458474159241,2
2021-03-05,pl1s,1,0.5815607309341431,2
2021-03-05,si1s,0,0.5623703002929688,2
2021-03-05,gc1s,0,0.7042802572250366,2
2021-03-08,gc1s,1,0.7424837350845337,2
2021-03-08,si1s,0,0.5711489915847778,2
2021-03-08,pl1s,1,0.5863081216812134,2
2021-03-09,pl1s,1,0.5929796099662781,2
2021-03-09,gc1s,1,0.6751430034637451,2
2020-01-30,pl1s,0,0.49169352650642395,3
2020-01-30,si1s,1,0.49121609330177307,3
2020-01-31,pl1s,1,0.5006631016731262,3
2020-01-31,si1s,1,0.49121609330177307,3
2020-02-03,si1s,0,0.4926448166370392,3
2020-02-03,pl1s,0,0.5074691772460938,3
2020-02-04,pl1s,1,0.512206494808197,3
2020-02-04,si1s,0,0.48693928122520447,3
2020-02-05,pl1s,0,0.5114892721176147,3
2020-02-05,si1s,1,0.48607417941093445,3
2020-02-06,pl1s,1,0.5274185538291931,3
2020-02-06,si1s,0,0.4855911135673523,3
2020-02-07,pl1s,0,0.5025036931037903,3
2020-02-07,si1s,0,0.4816051423549652,3
2020-02-10,pl1s,1,0.5241824984550476,3
2020-02-11,pl1s,0,0.5022014379501343,3
2020-02-11,si1s,0,0.49188098311424255,3
2020-02-12,pl1s,1,0.505910336971283,3
2020-02-12,si1s,0,0.487118661403656,3
2020-02-13,si1s,1,0.4903031885623932,3
2020-02-13,pl1s,0,0.5139505863189697,3
2020-02-14,pl1s,1,0.5138810873031616,3
2020-02-14,si1s,1,0.4990181028842926,3
2020-02-18,pl1s,1,0.5084746479988098,3
2020-02-19,si1s,0,0.48351678252220154,3
2020-02-20,pl1s,0,0.5076272487640381,3
2020-02-20,si1s,0,0.48551052808761597,3
2020-02-21,pl1s,0,0.5094954371452332,3
2020-02-21,si1s,0,0.4796421229839325,3
2020-02-24,pl1s,0,0.5131123661994934,3
2020-02-24,si1s,1,0.4825732111930847,3
2020-02-25,pl1s,0,0.5041431784629822,3
2020-02-25,si1s,1,0.47147342562675476,3
2020-02-26,pl1s,0,0.4982871413230896,3
2020-02-26,si1s,1,0.47576022148132324,3
2020-02-27,si1s,1,0.48102867603302,3
2020-02-27,pl1s,0,0.50175940990448,3
2020-02-28,pl1s,0,0.5095527172088623,3
2020-02-28,si1s,1,0.4938671886920929,3
2020-03-02,pl1s,1,0.5003302097320557,3
2020-03-02,si1s,1,0.49673157930374146,3
2020-03-03,si1s,0,0.48498964309692383,3
2020-03-03,pl1s,1,0.49646103382110596,3
2020-03-04,si1s,0,0.46704426407814026,3
2020-03-04,pl1s,0,0.5030879378318787,3
2020-03-05,si1s,0,0.46075206995010376,3
2020-03-05,pl1s,1,0.5069567561149597,3
2020-03-06,si1s,0,0.4745897352695465,3
2020-03-06,pl1s,0,0.5131749510765076,3
2020-03-09,pl1s,1,0.5039821863174438,3
2020-03-09,si1s,0,0.4934964179992676,3
2020-03-10,si1s,0,0.48364511132240295,3
2020-03-10,pl1s,0,0.5063335299491882,3
2020-03-11,pl1s,0,0.49670904874801636,3
2020-03-11,si1s,0,0.48696961998939514,3
2020-03-12,si1s,0,0.49613383412361145,3
2020-03-12,pl1s,0,0.510667622089386,3
2020-03-13,si1s,0,0.5055059790611267,3
2020-03-13,pl1s,0,0.5189166069030762,3
2020-03-16,si1s,0,0.5115219354629517,3
2020-03-16,pl1s,1,0.5329166054725647,3
2020-03-16,gc1s,1,0.5267929434776306,3
2020-03-17,si1s,0,0.5085482597351074,3
2020-03-17,pl1s,0,0.529994010925293,3
2020-03-18,gc1s,1,0.5289691090583801,3
2020-03-18,si1s,1,0.5085482597351074,3
2020-03-18,pl1s,0,0.5353386402130127,3
2020-03-19,si1s,1,0.5077611207962036,3
2020-03-19,pl1s,1,0.5307841897010803,3
2020-03-19,gc1s,1,0.5116472840309143,3
2020-03-20,si1s,1,0.5158848762512207,3
2020-03-20,pl1s,1,0.5146244168281555,3
2020-03-20,gc1s,1,0.5190368294715881,3
2020-03-23,pl1s,1,0.5287846922874451,3
2020-03-23,si1s,1,0.5221966505050659,3
2020-03-24,si1s,1,0.5224522352218628,3
2020-03-24,pl1s,0,0.5257152318954468,3
2020-03-25,pl1s,1,0.5168230533599854,3
2020-03-25,gc1s,0,0.5142399072647095,3
2020-03-26,gc1s,1,0.5069154500961304,3
2020-03-26,si1s,0,0.5203508734703064,3
2020-03-26,pl1s,0,0.5211350321769714,3
2020-03-27,gc1s,1,0.5032210350036621,3
2020-03-27,si1s,0,0.5167161226272583,3
2020-03-27,pl1s,1,0.5317881107330322,3
2020-03-30,gc1s,1,0.5002461671829224,3
2020-03-30,si1s,0,0.5127243995666504,3
2020-03-30,pl1s,0,0.526584804058075,3
2020-03-31,pl1s,1,0.5229810476303101,3
2020-03-31,gc1s,0,0.5033599138259888,3
2020-03-31,si1s,0,0.5092664361000061,3
2020-04-01,gc1s,0,0.5003851056098938,3
2020-04-01,si1s,0,0.5155754089355469,3
2020-04-02,pl1s,1,0.5295699834823608,3
2020-04-02,gc1s,0,0.5077311396598816,3
2020-04-02,si1s,0,0.5067682862281799,3
2020-04-03,pl1s,1,0.5320550799369812,3
2020-04-03,gc1s,0,0.5128054618835449,3
2020-04-03,si1s,0,0.5096238851547241,3
2020-04-06,pl1s,1,0.5321509838104248,3
2020-04-06,si1s,0,0.5180569291114807,3
2020-04-07,si1s,0,0.5315102338790894,3
2020-04-08,si1s,0,0.5250361561775208,3
2020-04-08,pl1s,1,0.5392760038375854,3
2020-04-09,pl1s,1,0.5322368741035461,3
2020-04-09,si1s,1,0.5076968669891357,3
2020-04-13,pl1s,1,0.5320870876312256,3
2020-04-13,si1s,0,0.5104429721832275,3
2020-04-13,gc1s,1,0.5205944180488586,3
2020-04-14,si1s,1,0.5047146677970886,3
2020-04-15,pl1s,1,0.5179054737091064,3
2020-04-15,gc1s,1,0.49776986241340637,3
2020-04-15,si1s,1,0.4911688566207886,3
2020-04-16,pl1s,1,0.5110759735107422,3
2020-04-16,gc1s,1,0.4971604347229004,3
2020-04-16,si1s,1,0.4992762506008148,3
2020-04-17,si1s,0,0.4937841594219208,3
2020-04-17,gc1s,0,0.4935678541660309,3
2020-04-17,pl1s,0,0.5104458928108215,3
2020-04-20,gc1s,0,0.4915938675403595,3
2020-04-20,si1s,1,0.49984604120254517,3
2020-04-21,pl1s,0,0.5240136384963989,3
2020-04-22,pl1s,0,0.5330838561058044,3
2020-04-22,si1s,0,0.5092496871948242,3
2020-04-23,si1s,0,0.5092496871948242,3
2020-04-23,pl1s,1,0.5350443124771118,3
2020-04-24,si1s,1,0.517224133014679,3
2020-04-27,pl1s,1,0.5305659174919128,3
2020-04-27,gc1s,0,0.5198870301246643,3
2020-04-28,gc1s,0,0.5393656492233276,3
2020-04-29,pl1s,0,0.5322105288505554,3
2020-04-29,si1s,1,0.5217679738998413,3
2020-04-30,pl1s,1,0.527595579624176,3
2020-04-30,si1s,0,0.5526060461997986,3
2020-05-01,pl1s,0,0.5249836444854736,3
2020-05-01,si1s,0,0.551423966884613,3
2020-05-04,si1s,1,0.5392487049102783,3
2020-05-05,si1s,1,0.5364893078804016,3
2020-05-06,gc1s,1,0.5215856432914734,3
2020-05-06,si1s,1,0.5493801236152649,3
2020-05-07,gc1s,0,0.5182766318321228,3
2020-05-07,si1s,0,0.5448604822158813,3
2020-05-08,si1s,0,0.5445294976234436,3
2020-05-08,pl1s,1,0.5449801683425903,3
2020-05-11,si1s,1,0.5457594394683838,3
2020-05-11,pl1s,1,0.5437138676643372,3
2020-05-12,si1s,1,0.5411497950553894,3
2020-05-12,pl1s,0,0.5510725975036621,3
2020-05-13,si1s,1,0.5276880860328674,3
2020-05-13,pl1s,1,0.5451050400733948,3
2021-03-09,si1s,0,0.5250911712646484,3
2021-03-10,gc1s,1,0.5355024933815002,3
2021-03-10,si1s,0,0.5168359279632568,3
2021-03-10,pl1s,1,0.508208155632019,3
2021-03-11,si1s,0,0.516066312789917,3
2021-03-11,pl1s,0,0.527574360370636,3
2021-03-11,gc1s,0,0.5305318236351013,3
2021-03-12,pl1s,1,0.5280323028564453,3
2021-03-12,gc1s,1,0.5289449095726013,3
2021-03-12,si1s,1,0.5155460834503174,3
2021-03-15,gc1s,0,0.5174036622047424,3
2021-03-15,si1s,1,0.4839862287044525,3
2021-03-15,pl1s,1,0.523768424987793,3
2021-03-16,pl1s,0,0.5367955565452576,3
2021-03-16,si1s,0,0.5361326932907104,3
2021-03-16,gc1s,0,0.5292548537254333,3
2021-03-17,pl1s,1,0.5339216589927673,3
2021-03-17,si1s,0,0.5254009962081909,3
2021-03-17,gc1s,0,0.5335032343864441,3
2021-03-18,pl1s,0,0.5370254516601562,3
2021-03-18,gc1s,0,0.5304757952690125,3
2021-03-18,si1s,1,0.5487528443336487,3
2021-03-19,gc1s,0,0.528357207775116,3
2021-03-19,si1s,1,0.5302305221557617,3
2021-03-19,pl1s,0,0.5395449995994568,3
2021-03-22,pl1s,0,0.5456348061561584,3
2021-03-22,si1s,0,0.5318764448165894,3
2021-03-23,si1s,0,0.5115389227867126,3
2021-03-23,pl1s,1,0.5395933389663696,3
2021-03-24,si1s,0,0.5111038684844971,3
2021-03-24,pl1s,0,0.5403088927268982,3
2021-03-25,si1s,0,0.5195131897926331,3
2021-03-25,pl1s,1,0.5528078675270081,3
2021-03-26,si1s,0,0.5344833135604858,3
2021-03-26,pl1s,1,0.5599803328514099,3
2021-03-29,pl1s,0,0.5571439862251282,3
2021-03-29,si1s,0,0.5421299934387207,3
2021-03-30,pl1s,1,0.5511531829833984,3
2021-03-30,si1s,1,0.5303425788879395,3
2021-03-31,pl1s,1,0.5511223077774048,3
2021-03-31,si1s,1,0.538710355758667,3
2021-04-01,pl1s,1,0.5397415161132812,3
2021-04-01,si1s,0,0.5114009976387024,3
2021-04-05,pl1s,1,0.5448155403137207,3
2021-04-05,si1s,1,0.4979672431945801,3
2021-04-06,si1s,0,0.48996829986572266,3
2021-04-06,gc1s,0,0.5076087713241577,3
2021-04-07,pl1s,1,0.5366740226745605,3
2021-04-07,gc1s,0,0.5059292316436768,3
2021-04-07,si1s,0,0.5029644966125488,3
2021-04-08,si1s,0,0.49715277552604675,3
2021-04-08,pl1s,0,0.5470624566078186,3
2021-04-09,pl1s,0,0.5445418357849121,3
2021-04-09,gc1s,0,0.4959608316421509,3
2021-04-09,si1s,0,0.5024018883705139,3
2021-04-12,pl1s,0,0.5544023513793945,3
2021-04-12,si1s,1,0.5053430795669556,3
2021-04-13,si1s,1,0.5028826594352722,3
2021-04-13,pl1s,1,0.5533039569854736,3
2021-04-14,si1s,1,0.48968446254730225,3
2021-04-14,pl1s,1,0.5533900856971741,3
2021-04-15,pl1s,1,0.5520787835121155,3
2021-04-16,si1s,0,0.4924258887767792,3
2021-04-16,pl1s,0,0.5158523917198181,3
2021-04-20,pl1s,1,0.5350272059440613,3
2021-04-21,pl1s,0,0.5345715880393982,3
2021-04-21,si1s,1,0.48968446254730225,3
2021-04-22,pl1s,1,0.5312478542327881,3
2021-04-23,pl1s,1,0.5385709404945374,3
2021-04-26,pl1s,1,0.5314123630523682,3
2021-04-26,si1s,0,0.4872834384441376,3
2021-04-27,pl1s,0,0.5397860407829285,3
2021-04-27,si1s,1,0.5084505081176758,3
2021-04-28,si1s,0,0.5118394494056702,3
2021-04-28,pl1s,0,0.5286699533462524,3
2021-04-29,pl1s,1,0.5521948933601379,3
2021-04-29,si1s,0,0.5073325037956238,3
2021-04-30,si1s,1,0.4920642375946045,3
2021-04-30,pl1s,1,0.5449796319007874,3
2021-05-03,si1s,1,0.4978512227535248,3
2021-05-03,pl1s,1,0.5398397445678711,3
2021-05-04,pl1s,0,0.5335325002670288,3
2021-05-04,si1s,1,0.49532458186149597,3
2021-05-05,pl1s,1,0.5499861240386963,3
2021-05-05,si1s,1,0.5125396847724915,3
2021-05-06,si1s,0,0.49976634979248047,3
2021-05-06,pl1s,0,0.5331392884254456,3
2021-05-07,gc1s,0,0.5160490870475769,3
2021-05-07,si1s,0,0.509867787361145,3
2021-05-07,pl1s,1,0.5376307964324951,3
2021-05-10,si1s,0,0.5101087689399719,3
2021-05-10,pl1s,0,0.5357452034950256,3
2021-05-11,pl1s,0,0.5570108294487,3
2021-05-11,si1s,1,0.5172486305236816,3
2021-05-12,si1s,0,0.5117440223693848,3
2021-05-12,pl1s,0,0.559416651725769,3
2021-05-12,gc1s,1,0.5296599864959717,3
2021-05-13,si1s,0,0.5188567638397217,3
2021-05-13,pl1s,1,0.5577686429023743,3
2021-05-13,gc1s,1,0.5309562087059021,3
2021-05-14,pl1s,1,0.5428166389465332,3
2021-05-14,si1s,0,0.5052450299263,3
2021-05-17,pl1s,0,0.5343996286392212,3
2021-05-17,gc1s,1,0.5156862139701843,3
2021-05-17,si1s,1,0.5114320516586304,3
2021-05-18,pl1s,0,0.5467726588249207,3
2021-05-18,si1s,1,0.5057774186134338,3
2021-05-18,gc1s,1,0.5175271034240723,3
2021-05-19,pl1s,1,0.544084370136261,3
2021-05-19,gc1s,0,0.5020347237586975,3
2021-05-19,si1s,1,0.4816843569278717,3
2021-05-20,si1s,1,0.49895909428596497,3
2021-05-20,pl1s,0,0.541704535484314,3
2021-05-20,gc1s,0,0.5059545636177063,3
2021-05-21,pl1s,1,0.5457368493080139,3
2021-05-21,si1s,0,0.48707589507102966,3
2021-05-24,si1s,0,0.4952073097229004,3
2021-05-24,pl1s,1,0.5189603567123413,3
2021-05-25,si1s,0,0.5022079944610596,3
2021-05-25,pl1s,1,0.513896107673645,3
2021-05-26,pl1s,0,0.5150526762008667,3
2021-05-27,pl1s,1,0.5317859053611755,3
2021-05-28,gc1s,0,0.4988328218460083,3
2021-05-28,pl1s,1,0.5123822689056396,3
2021-05-28,si1s,0,0.49001047015190125,3
2021-06-01,gc1s,0,0.5043582916259766,3
2021-06-01,si1s,0,0.4968164265155792,3
2021-06-01,pl1s,0,0.5388526916503906,3
2021-06-02,si1s,1,0.49482080340385437,3
2021-06-02,pl1s,0,0.5120010375976562,3
2021-06-03,pl1s,1,0.5234381556510925,3
2021-06-03,si1s,1,0.4943993389606476,3
2021-06-04,pl1s,1,0.5448897480964661,3
2021-06-07,pl1s,0,0.5174481868743896,3
2021-06-08,pl1s,0,0.5181079506874084,3
2021-06-08,si1s,0,0.5017212629318237,3
2021-06-09,pl1s,0,0.5235971808433533,3
2021-06-09,si1s,0,0.5028288960456848,3
2021-06-10,si1s,0,0.5018893480300903,3
2021-06-11,pl1s,1,0.5274562835693359,3
2021-06-11,si1s,1,0.5077643394470215,3
2021-06-14,si1s,1,0.5077643394470215,3
2021-06-14,pl1s,0,0.5247073173522949,3
2021-06-15,si1s,0,0.5169796943664551,3
2021-06-15,pl1s,0,0.5257337093353271,3
2021-06-16,si1s,1,0.5098180770874023,3
2021-06-16,pl1s,0,0.5491171479225159,3
2021-06-17,si1s,1,0.5188050866127014,3
2021-06-17,pl1s,0,0.5374929308891296,3
2021-06-18,pl1s,1,0.5404519438743591,3
2020-01-30,pl1s,0,0.4363209903240204,4
2020-01-30,si1s,1,0.4103381335735321,4
2020-01-31,pl1s,1,0.4786404073238373,4
2020-01-31,si1s,1,0.41434210538864136,4
2020-02-03,si1s,0,0.3994387984275818,4
2020-02-03,pl1s,0,0.4956739842891693,4
2020-02-04,pl1s,1,0.5024006962776184,4
2020-02-04,si1s,0,0.38658690452575684,4
2020-02-05,pl1s,0,0.533632755279541,4
2020-02-05,si1s,1,0.3918326795101166,4
2020-02-06,pl1s,1,0.5729147791862488,4
2020-02-06,si1s,0,0.39750581979751587,4
2020-02-07,pl1s,0,0.5070546865463257,4
2020-02-07,si1s,0,0.3781062662601471,4
2020-02-10,pl1s,1,0.5302718281745911,4
2020-02-11,pl1s,0,0.42577892541885376,4
2020-02-11,si1s,0,0.36921170353889465,4
2020-02-12,pl1s,1,0.4358729124069214,4
2020-02-12,si1s,0,0.37945064902305603,4
2020-02-13,si1s,1,0.37014466524124146,4
2020-02-13,pl1s,0,0.4650794267654419,4
2020-02-14,pl1s,1,0.47766655683517456,4
2020-02-14,si1s,1,0.41800716519355774,4
2020-02-18,pl1s,1,0.45139095187187195,4
2020-02-19,si1s,0,0.4449443221092224,4
2020-02-20,pl1s,0,0.4307315945625305,4
2020-02-20,si1s,0,0.42882096767425537,4
2020-02-21,pl1s,0,0.41712313890457153,4
2020-02-21,si1s,0,0.4209079444408417,4
2020-02-24,pl1s,0,0.4458392858505249,4
2020-02-24,si1s,1,0.38707759976387024,4
2020-02-25,pl1s,0,0.4729214012622833,4
2020-02-25,si1s,1,0.3358176052570343,4
2020-02-26,pl1s,0,0.46331268548965454,4
2020-02-26,si1s,1,0.32913342118263245,4
2020-02-27,si1s,1,0.3525790274143219,4
2020-02-27,pl1s,0,0.48191124200820923,4
2020-02-28,pl1s,0,0.49880486726760864,4
2020-02-28,si1s,1,0.4046746790409088,4
2020-03-02,pl1s,1,0.4790235757827759,4
2020-03-02,si1s,1,0.3958875238895416,4
2020-03-03,si1s,0,0.41736674308776855,4
2020-03-03,pl1s,1,0.47789594531059265,4
2020-03-04,si1s,0,0.3882153630256653,4
2020-03-04,pl1s,0,0.48307839035987854,4
2020-03-05,si1s,0,0.35546037554740906,4
2020-03-05,pl1s,1,0.49497291445732117,4
2020-03-06,si1s,0,0.3847411274909973,4
2020-03-06,pl1s,0,0.4938229024410248,4
2020-03-09,pl1s,1,0.4998035132884979,4
2020-03-09,si1s,0,0.4532714784145355,4
2020-03-10,si1s,0,0.4253234267234802,4
2020-03-10,pl1s,0,0.4709189236164093,4
2020-03-11,pl1s,0,0.484063982963562,4
2020-03-11,si1s,0,0.41953134536743164,4
2020-03-12,si1s,0,0.41554686427116394,4
2020-03-12,pl1s,0,0.48993223905563354,4
2020-03-13,si1s,0,0.44922247529029846,4
2020-03-13,pl1s,0,0.511872410774231,4
2020-03-16,si1s,0,0.47642064094543457,4
2020-03-16,pl1s,1,0.5281268954277039,4
2020-03-16,gc1s,1,0.50911945104599,4
2020-03-17,si1s,0,0.50368732213974,4
2020-03-17,pl1s,0,0.5251613259315491,4
2020-03-18,gc1s,1,0.5230174660682678,4
2020-03-18,si1s,1,0.5048903822898865,4
2020-03-18,pl1s,0,0.5354830026626587,4
2020-03-19,si1s,1,0.4927448630332947,4
2020-03-19,pl1s,1,0.5231330394744873,4
2020-03-19,gc1s,1,0.4813753068447113,4
2020-03-20,si1s,1,0.5075615048408508,4
2020-03-20,pl1s,1,0.4919241964817047,4
2020-03-20,gc1s,1,0.4833478331565857,4
2020-03-23,pl1s,1,0.5411887764930725,4
2020-03-23,si1s,1,0.531659722328186,4
2020-03-24,si1s,1,0.4970322549343109,4
2020-03-24,pl1s,0,0.5087622404098511,4
2020-03-25,pl1s,1,0.4798092544078827,4
2020-03-25,gc1s,0,0.5320150852203369,4
2020-03-26,gc1s,1,0.5088861584663391,4
2020-03-26,si1s,0,0.5036104321479797,4
2020-03-26,pl1s,0,0.5311177372932434,4
2020-03-27,gc1s,1,0.49010810256004333,4
2020-03-27,si1s,0,0.48487022519111633,4
2020-03-27,pl1s,1,0.5067141056060791,4
2020-03-30,gc1s,1,0.4936630129814148,4
2020-03-30,si1s,0,0.4893989861011505,4
2020-03-30,pl1s,0,0.5058553218841553,4
2020-03-31,pl1s,1,0.48411035537719727,4
2020-03-31,gc1s,0,0.48597028851509094,4
2020-03-31,si1s,0,0.4746381342411041,4
2020-04-01,gc1s,0,0.4902772307395935,4
2020-04-01,si1s,0,0.48242685198783875,4
2020-04-02,pl1s,1,0.5066432952880859,4
2020-04-02,gc1s,0,0.5103570222854614,4
2020-04-02,si1s,0,0.4635859429836273,4
2020-04-03,pl1s,1,0.5300396084785461,4
2020-04-03,gc1s,0,0.5334190130233765,4
2020-04-03,si1s,0,0.463855504989624,4
2020-04-06,pl1s,1,0.5189172625541687,4
2020-04-06,si1s,0,0.4722402095794678,4
2020-04-07,si1s,0,0.5257194638252258,4
2020-04-08,si1s,0,0.5131933689117432,4
2020-04-08,pl1s,1,0.5412659645080566,4
2020-04-09,pl1s,1,0.5612168312072754,4
2020-04-09,si1s,1,0.4904816746711731,4
2020-04-13,pl1s,1,0.5423662662506104,4
2020-04-13,si1s,0,0.49298372864723206,4
2020-04-13,gc1s,1,0.5245688557624817,4
2020-04-14,si1s,1,0.49168211221694946,4
2020-04-15,pl1s,1,0.4692470133304596,4
2020-04-15,gc1s,1,0.45876213908195496,4
2020-04-15,si1s,1,0.41424766182899475,4
2020-04-16,pl1s,1,0.47877374291419983,4
2020-04-16,gc1s,1,0.4522022306919098,4
2020-04-16,si1s,1,0.4396685063838959,4
2020-04-17,si1s,0,0.4507157504558563,4
2020-04-17,gc1s,0,0.4626702070236206,4
2020-04-17,pl1s,0,0.4607369303703308,4
2020-04-20,gc1s,0,0.48219597339630127,4
2020-04-20,si1s,1,0.4417712986469269,4
2020-04-21,pl1s,0,0.5192258954048157,4
2020-04-22,pl1s,0,0.5368977785110474,4
2020-04-22,si1s,0,0.5039262175559998,4
2020-04-23,si1s,0,0.4946393668651581,4
2020-04-23,pl1s,1,0.5464672446250916,4
2020-04-24,si1s,1,0.489089697599411,4
2020-04-27,pl1s,1,0.5531126260757446,4
2020-04-27,gc1s,0,0.5434701442718506,4
2020-04-28,gc1s,0,0.5499220490455627,4
2020-04-29,pl1s,0,0.5382583141326904,4
2020-04-29,si1s,1,0.4924221336841583,4
2020-04-30,pl1s,1,0.5601536631584167,4
2020-04-30,si1s,0,0.5695907473564148,4
2020-05-01,pl1s,0,0.5468471050262451,4
2020-05-01,si1s,0,0.5538492798805237,4
2020-05-04,si1s,1,0.5543071031570435,4
2020-05-05,si1s,1,0.536478579044342,4
2020-05-06,gc1s,1,0.5289680361747742,4
2020-05-06,si1s,1,0.5607799291610718,4
2020-05-07,gc1s,0,0.5279850959777832,4
2020-05-07,si1s,0,0.5109809637069702,4
2020-05-08,si1s,0,0.5213945508003235,4
2020-05-08,pl1s,1,0.6007426977157593,4
2020-05-11,si1s,1,0.5267385244369507,4
2020-05-11,pl1s,1,0.6031530499458313,4
2020-05-12,si1s,1,0.5038833618164062,4
2020-05-12,pl1s,0,0.5828243494033813,4
2020-05-13,si1s,1,0.4945219159126282,4
2020-05-13,pl1s,1,0.5231101512908936,4
2021-06-18,si1s,1,0.4188064634799957,4
2021-06-21,si1s,0,0.40264570713043213,4
2021-06-21,pl1s,1,0.49232134222984314,4
2021-06-22,si1s,1,0.4136867821216583,4
2021-06-22,pl1s,1,0.4677606523036957,4
2021-06-23,pl1s,1,0.43630164861679077,4
2021-06-23,si1s,0,0.3856629431247711,4
2021-06-24,si1s,0,0.3883388042449951,4
2021-06-25,si1s,0,0.39077064394950867,4
2021-06-28,si1s,0,0.41776230931282043,4
2021-06-29,pl1s,1,0.4949241578578949,4
2021-06-29,si1s,1,0.42952343821525574,4
2021-06-30,si1s,0,0.4490329921245575,4
2021-06-30,pl1s,1,0.49920791387557983,4
2021-07-01,si1s,1,0.4031168222427368,4
2021-07-01,pl1s,1,0.49436646699905396,4
2021-07-02,pl1s,0,0.46546146273612976,4
2021-07-02,si1s,1,0.4015311002731323,4
2021-07-06,pl1s,0,0.4704357981681824,4
2021-07-06,si1s,0,0.40810373425483704,4
2021-07-07,pl1s,0,0.4598733186721802,4
2021-07-08,si1s,1,0.3994704484939575,4
2021-07-08,pl1s,1,0.48605290055274963,4
2021-07-09,si1s,0,0.3890695869922638,4
2021-07-09,pl1s,1,0.4541456997394562,4
2021-07-12,si1s,0,0.38175880908966064,4
2021-07-12,pl1s,0,0.4553148150444031,4
2021-07-13,si1s,0,0.40901243686676025,4
2021-07-13,pl1s,1,0.4755908250808716,4
2021-07-14,pl1s,1,0.45850682258605957,4
2021-07-15,si1s,1,0.3973376452922821,4
2021-07-15,pl1s,0,0.4839347302913666,4
2021-07-16,si1s,1,0.40425172448158264,4
2021-07-16,pl1s,0,0.48770660161972046,4
2021-07-19,si1s,0,0.3934593200683594,4
2021-07-19,pl1s,0,0.49734577536582947,4
2021-07-20,si1s,1,0.41036084294319153,4
2021-07-20,pl1s,1,0.49323487281799316,4
2021-07-21,pl1s,1,0.4512506425380707,4
2021-07-21,si1s,0,0.40189453959465027,4
2021-07-22,pl1s,0,0.42420074343681335,4
2021-07-22,si1s,0,0.42063289880752563,4
2021-07-23,si1s,0,0.42627882957458496,4
2021-07-23,pl1s,1,0.536756157875061,4
2021-07-26,pl1s,0,0.5209982991218567,4
2021-07-26,si1s,0,0.4332963228225708,4
2021-07-27,si1s,1,0.4276057481765747,4
2021-07-27,pl1s,1,0.5106663703918457,4
2021-07-28,si1s,1,0.4331611394882202,4
2021-07-28,pl1s,1,0.4878957271575928,4
2021-07-29,pl1s,0,0.5277174115180969,4
2021-07-29,si1s,0,0.4104216396808624,4
2021-07-30,si1s,0,0.39745253324508667,4
2021-07-30,pl1s,1,0.511690616607666,4
2021-08-02,pl1s,0,0.48388829827308655,4
2021-08-02,si1s,0,0.4192286729812622,4
2021-08-03,gc1s,1,0.4366757869720459,4
2021-08-03,si1s,0,0.42124825716018677,4
2021-08-03,pl1s,0,0.40691784024238586,4
2021-08-04,gc1s,1,0.4411394000053406,4
2021-08-04,si1s,0,0.43221622705459595,4
2021-08-04,pl1s,0,0.47530022263526917,4
2021-08-05,si1s,0,0.4283201992511749,4
2021-08-06,si1s,0,0.41533881425857544,4
2021-08-09,gc1s,1,0.5080016851425171,4
2021-08-09,si1s,0,0.44697096943855286,4
2021-08-09,pl1s,1,0.5116827487945557,4
2021-08-10,pl1s,1,0.5230417251586914,4
2021-08-10,si1s,0,0.46035242080688477,4
2021-08-10,gc1s,1,0.5128044486045837,4
2021-08-11,si1s,0,0.42211300134658813,4
2021-08-11,gc1s,1,0.5015963315963745,4
2021-08-11,pl1s,1,0.49595242738723755,4
2021-08-12,si1s,1,0.4420309066772461,4
2021-08-12,gc1s,1,0.5260502099990845,4
2021-08-13,si1s,0,0.42088186740875244,4
2021-08-16,si1s,0,0.4183382987976074,4
2021-08-16,pl1s,0,0.4645935297012329,4
2021-08-17,si1s,0,0.41632264852523804,4
2021-08-17,pl1s,1,0.47514623403549194,4
2021-08-18,pl1s,0,0.4696309566497803,4
2021-08-18,si1s,0,0.4155676066875458,4
2021-08-19,pl1s,1,0.4949643313884735,4
2021-08-19,si1s,0,0.4263932704925537,4
2021-08-20,si1s,1,0.4259496331214905,4
2021-08-20,pl1s,1,0.523932158946991,4
2021-08-23,si1s,1,0.4156963527202606,4
2021-08-23,pl1s,0,0.5141623020172119,4
2021-08-24,si1s,0,0.4234638810157776,4
2021-08-24,pl1s,1,0.4803604781627655,4
2021-08-25,pl1s,0,0.48463964462280273,4
2021-08-25,si1s,0,0.413434237241745,4
2021-08-26,pl1s,1,0.3973655700683594,4
2021-08-26,si1s,1,0.42504867911338806,4
2021-08-27,pl1s,0,0.4254401624202728,4
2021-08-27,si1s,0,0.44822680950164795,4
2021-08-30,si1s,0,0.4032596945762634,4
2021-08-30,pl1s,1,0.38372817635536194,4
2021-08-31,si1s,0,0.39766907691955566,4
2021-08-31,pl1s,0,0.41957834362983704,4
2021-09-01,si1s,0,0.40453580021858215,4
2021-09-01,pl1s,0,0.36319974064826965,4
2021-09-02,si1s,0,0.41421085596084595,4
2021-09-02,pl1s,1,0.36729204654693604,4
2021-09-03,si1s,1,0.4586148262023926,4
2021-09-03,pl1s,0,0.4647449254989624,4
2021-09-07,pl1s,0,0.48386216163635254,4
2021-09-07,si1s,1,0.4069390296936035,4
2021-09-08,si1s,0,0.40160131454467773,4
2021-09-08,pl1s,0,0.4849942922592163,4
2021-09-09,pl1s,0,0.4928675591945648,4
2021-09-09,si1s,1,0.39648815989494324,4
2021-09-10,pl1s,1,0.4670405685901642,4
2021-09-10,si1s,0,0.3790830373764038,4
2021-09-13,pl1s,0,0.44799280166625977,4
2021-09-13,si1s,0,0.39175230264663696,4
2021-09-14,si1s,0,0.40133413672447205,4
2021-09-14,pl1s,0,0.4483318030834198,4
2021-09-15,pl1s,0,0.4291786253452301,4
2021-09-15,si1s,0,0.3982377052307129,4
2021-09-16,si1s,0,0.38170352578163147,4
2021-09-16,pl1s,1,0.4932209849357605,4
2021-09-17,si1s,0,0.3746597468852997,4
2021-09-17,pl1s,0,0.5082544088363647,4
2021-09-20,si1s,1,0.38042235374450684,4
2021-09-20,gc1s,0,0.47630730271339417,4
2021-09-20,pl1s,1,0.5023373365402222,4
2021-09-21,si1s,1,0.4063774645328522,4
2021-09-21,gc1s,0,0.4456756114959717,4
2021-09-21,pl1s,1,0.5076677799224854,4
2021-09-22,si1s,0,0.41425207257270813,4
2021-09-22,pl1s,0,0.48442167043685913,4
2021-09-22,gc1s,0,0.44700419902801514,4
2021-09-23,pl1s,0,0.4785761833190918,4
2021-09-23,gc1s,0,0.45106416940689087,4
2021-09-23,si1s,0,0.41475188732147217,4
2021-09-24,gc1s,0,0.40745973587036133,4
2021-09-24,si1s,0,0.4238966703414917,4
2021-09-27,si1s,0,0.43058934807777405,4
2021-09-27,gc1s,0,0.41449010372161865,4
2021-09-27,pl1s,0,0.48330238461494446,4
2021-09-28,si1s,0,0.44151970744132996,4
2021-09-28,pl1s,0,0.49308153986930847,4
2021-09-28,gc1s,0,0.4488295912742615,4
2021-09-29,si1s,1,0.4286488890647888,4
2021-09-29,pl1s,1,0.5002076029777527,4
2021-09-29,gc1s,1,0.4384210407733917,4
2021-09-30,si1s,1,0.42211395502090454,4
2021-09-30,pl1s,1,0.4613713026046753,4
2021-10-01,pl1s,0,0.4865768253803253,4
2021-10-04,pl1s,0,0.5036235451698303,4
2020-05-14,si1s,1,0.531809389591217,5
2020-05-14,pl1s,1,0.5044655799865723,5
2020-05-15,si1s,1,0.5374478101730347,5
2020-05-18,pl1s,1,0.5335617661476135,5
2020-05-18,si1s,1,0.5306644439697266,5
2020-05-19,si1s,0,0.5274463295936584,5
2020-05-19,pl1s,1,0.5216238498687744,5
2020-05-20,si1s,0,0.5309417843818665,5
2020-05-20,gc1s,1,0.527141273021698,5
2020-05-21,si1s,1,0.5258908271789551,5
2020-05-21,gc1s,0,0.5067675709724426,5
2020-05-22,gc1s,1,0.5083729028701782,5
2020-05-22,si1s,0,0.5235051512718201,5
2020-05-22,pl1s,1,0.5181973576545715,5
2020-05-26,gc1s,0,0.5154495239257812,5
2020-05-26,pl1s,0,0.5191559195518494,5
2020-05-26,si1s,0,0.5235051512718201,5
2020-05-27,gc1s,0,0.5218929052352905,5
2020-05-27,si1s,0,0.525841236114502,5
2020-05-27,pl1s,1,0.5176580548286438,5
2020-05-28,gc1s,0,0.5349330902099609,5
2020-05-28,pl1s,0,0.5316998958587646,5
2020-05-28,si1s,0,0.5289896726608276,5
2020-05-29,si1s,0,0.5287686586380005,5
2020-05-29,pl1s,0,0.5268222093582153,5
2020-06-01,pl1s,1,0.5371464490890503,5
2020-06-01,si1s,1,0.5311079025268555,5
2020-06-02,pl1s,1,0.5229642391204834,5
2020-06-02,gc1s,1,0.5155377984046936,5
2020-06-02,si1s,1,0.5278809666633606,5
2020-06-03,pl1s,0,0.5243272185325623,5
2020-06-04,pl1s,1,0.5280467867851257,5
2020-06-04,si1s,1,0.5110196471214294,5
2020-06-05,pl1s,1,0.5265931487083435,5
2020-06-08,pl1s,1,0.5232703685760498,5
2020-06-09,si1s,0,0.5132195949554443,5
2020-06-09,pl1s,1,0.5201711654663086,5
2020-06-10,si1s,0,0.5143492817878723,5
2020-06-10,pl1s,1,0.5159818530082703,5
2020-06-11,si1s,1,0.5143467783927917,5
2020-06-11,pl1s,1,0.520555317401886,5
2020-06-12,pl1s,0,0.5215665102005005,5
2020-06-12,si1s,0,0.5071085691452026,5
2020-06-15,si1s,0,0.5083956122398376,5
2020-06-15,pl1s,0,0.5245535373687744,5
2020-06-16,si1s,0,0.5161911249160767,5
2020-06-16,pl1s,1,0.5252863168716431,5
2020-06-17,si1s,1,0.5168916583061218,5
2020-06-17,pl1s,0,0.521251916885376,5
2020-06-18,si1s,0,0.5055646300315857,5
2020-06-18,pl1s,1,0.5245659351348877,5
2020-06-19,si1s,0,0.5171501040458679,5
2020-06-19,gc1s,1,0.5330370664596558,5
2020-06-19,pl1s,1,0.5251268148422241,5
2020-06-22,gc1s,1,0.5222054719924927,5
2020-06-22,si1s,0,0.5142566561698914,5
2020-06-23,si1s,1,0.5001079440116882,5
2020-06-23,gc1s,0,0.5229926109313965,5
2020-06-24,pl1s,0,0.5184212923049927,5
2020-06-24,si1s,0,0.5182017087936401,5
2020-06-25,pl1s,1,0.5306950211524963,5
2020-06-25,gc1s,1,0.5276697278022766,5
2020-06-25,si1s,0,0.5296528935432434,5
2020-06-26,pl1s,1,0.5296141505241394,5
2020-06-26,gc1s,1,0.5175168514251709,5
2020-06-26,si1s,0,0.5289219617843628,5
2020-06-29,pl1s,1,0.5247710943222046,5
2020-06-29,gc1s,1,0.5185718536376953,5
2020-06-29,si1s,1,0.5161722302436829,5
2020-06-30,pl1s,0,0.5332909822463989,5
2020-07-01,pl1s,0,0.5225008726119995,5
2020-07-01,si1s,0,0.5162447690963745,5
2020-07-02,gc1s,1,0.5296165943145752,5
2020-07-02,si1s,0,0.52254319190979,5
2020-07-02,pl1s,1,0.5254904627799988,5
2020-07-06,pl1s,1,0.5247622728347778,5
2020-07-06,gc1s,1,0.5249945521354675,5
2020-07-06,si1s,1,0.5179264545440674,5
2020-07-07,pl1s,1,0.5326144099235535,5
2020-07-07,gc1s,0,0.5389347076416016,5
2020-07-07,si1s,1,0.5285766124725342,5
2020-07-08,gc1s,0,0.5286929607391357,5
2020-07-08,si1s,0,0.5380196571350098,5
2020-07-08,pl1s,0,0.5203379392623901,5
2020-07-09,gc1s,0,0.513603150844574,5
2020-07-09,si1s,0,0.5303100347518921,5
2020-07-09,pl1s,0,0.5308538675308228,5
2020-07-10,si1s,0,0.5156843662261963,5
2020-07-10,gc1s,1,0.5074772238731384,5
2020-07-10,pl1s,1,0.5237377285957336,5
2020-07-13,si1s,1,0.5358885526657104,5
2020-07-13,gc1s,0,0.5226694941520691,5
2020-07-13,pl1s,0,0.525259256362915,5
2020-07-14,pl1s,1,0.5247607827186584,5
2020-07-14,si1s,0,0.5300256013870239,5
2020-07-14,gc1s,0,0.5312204957008362,5
2020-07-15,pl1s,0,0.5310927629470825,5
2020-07-15,gc1s,0,0.5219969153404236,5
2020-07-15,si1s,0,0.5300256013870239,5
2020-07-16,gc1s,1,0.5144224762916565,5
2020-07-16,pl1s,1,0.5318993330001831,5
2020-07-17,si1s,0,0.5327538847923279,5
2020-07-17,pl1s,1,0.509892463684082,5
2020-07-20,si1s,0,0.525601863861084,5
2020-07-20,pl1s,1,0.509892463684082,5
2020-07-21,si1s,0,0.5265811085700989,5
2020-07-22,si1s,0,0.5135419964790344,5
2020-07-22,pl1s,0,0.5123658180236816,5
2020-07-23,si1s,0,0.517354428768158,5
2020-07-23,pl1s,1,0.5172441005706787,5
2020-07-24,pl1s,0,0.5151204466819763,5
2020-07-24,si1s,0,0.517354428768158,5
2020-07-27,pl1s,0,0.5238157510757446,5
2020-07-27,si1s,1,0.5277963280677795,5
2020-07-28,pl1s,1,0.5114624500274658,5
2020-07-28,si1s,1,0.5135419964790344,5
2020-07-29,si1s,1,0.5293089747428894,5
2020-07-29,pl1s,1,0.5015743970870972,5
2020-07-30,si1s,0,0.5176997184753418,5
2020-07-30,pl1s,1,0.5069447755813599,5
2020-07-31,si1s,0,0.5402357578277588,5
2020-07-31,pl1s,1,0.5229101777076721,5
2020-08-03,si1s,0,0.5237259268760681,5
2020-08-03,pl1s,1,0.5122337937355042,5
2020-08-04,si1s,0,0.533885657787323,5
2020-08-04,pl1s,0,0.5077128410339355,5
2020-08-05,pl1s,0,0.5069212913513184,5
2020-08-05,si1s,0,0.5156006217002869,5
2020-08-06,si1s,1,0.524309515953064,5
2020-08-06,pl1s,1,0.5229125022888184,5
2020-08-07,pl1s,0,0.5068013668060303,5
2020-08-07,si1s,0,0.5010849237442017,5
2020-08-10,si1s,1,0.5121779441833496,5
2020-08-10,pl1s,1,0.5080277323722839,5
2020-08-11,pl1s,0,0.5088495016098022,5
2020-08-11,si1s,1,0.5191588401794434,5
2020-08-12,si1s,1,0.5182002186775208,5
2020-08-12,pl1s,0,0.5159294009208679,5
2020-08-13,si1s,1,0.511599600315094,5
2020-08-13,pl1s,1,0.5161353945732117,5
2020-08-14,si1s,0,0.5142418146133423,5
2020-08-14,pl1s,0,0.5126806497573853,5
2020-08-17,pl1s,0,0.5129080414772034,5
2020-08-17,si1s,0,0.5229147672653198,5
2020-08-18,si1s,1,0.5086566805839539,5
2020-08-18,pl1s,1,0.49994486570358276,5
2020-08-18,gc1s,1,0.5024002194404602,5
2020-08-19,pl1s,0,0.5148645043373108,5
2020-08-19,si1s,1,0.48984330892562866,5
2020-08-19,gc1s,1,0.5054129958152771,5
2020-08-20,si1s,0,0.5001672506332397,5
2020-08-20,gc1s,0,0.5177499055862427,5
2020-08-20,pl1s,0,0.5137014389038086,5
2020-08-21,pl1s,0,0.5192705392837524,5
2020-08-21,gc1s,0,0.5171236395835876,5
2020-08-21,si1s,0,0.5092944502830505,5
2020-08-24,pl1s,1,0.5177474617958069,5
2020-08-24,gc1s,0,0.5144689679145813,5
2020-08-25,pl1s,1,0.5233610272407532,5
2020-08-25,si1s,1,0.49339982867240906,5
2020-08-26,pl1s,0,0.5273979902267456,5
2020-08-27,pl1s,1,0.5374418497085571,5
2020-08-27,si1s,0,0.5264082551002502,5
2020-08-28,pl1s,1,0.5301091074943542,5
2020-08-28,si1s,0,0.5175800323486328,5
2020-08-31,pl1s,1,0.5368859767913818,5
2020-08-31,si1s,1,0.5144544243812561,5
2020-09-01,si1s,1,0.5202288031578064,5
2020-09-01,pl1s,0,0.5339718461036682,5
2020-09-02,si1s,1,0.5140742659568787,5
2020-09-02,pl1s,0,0.5121727585792542,5
2020-09-03,si1s,0,0.5034919381141663,5
2020-09-03,pl1s,1,0.5183904767036438,5
2020-09-04,si1s,0,0.5028427243232727,5
2020-09-04,pl1s,1,0.5169617533683777,5
2020-09-08,si1s,0,0.5143634676933289,5
2020-09-08,pl1s,1,0.5219289660453796,5
2020-09-09,pl1s,1,0.518066942691803,5
2020-09-10,si1s,0,0.5112757682800293,5
2020-09-11,si1s,1,0.5178660154342651,5
2020-09-14,si1s,0,0.513569712638855,5
2020-09-14,pl1s,0,0.5317935943603516,5
2020-09-15,pl1s,1,0.5280807018280029,5
2020-09-15,si1s,0,0.5242880582809448,5
2020-09-16,pl1s,0,0.5271231532096863,5
2020-09-16,si1s,0,0.5216064453125,5
2020-09-17,pl1s,1,0.5109819769859314,5
2020-09-17,si1s,0,0.5189332365989685,5
2020-09-18,pl1s,0,0.532763659954071,5
2020-09-18,si1s,0,0.5259203314781189,5
2020-09-21,si1s,1,0.5014623403549194,5
2020-09-21,pl1s,0,0.5236396789550781,5
2020-09-22,si1s,1,0.5062697529792786,5
2020-09-22,pl1s,0,0.5316646695137024,5
2020-09-23,gc1s,1,0.5195466876029968,5
2020-09-24,si1s,1,0.5073292255401611,5
2020-09-24,gc1s,0,0.509530782699585,5
2020-09-25,pl1s,1,0.5374042987823486,5
2020-09-25,gc1s,1,0.514658510684967,5
2020-09-28,gc1s,1,0.5185831785202026,5
2020-09-28,si1s,0,0.5149798393249512,5
2020-09-28,pl1s,1,0.530127763748169,5
2020-09-29,gc1s,0,0.5143463015556335,5
2020-09-29,si1s,1,0.5106191039085388,5
2020-09-30,pl1s,0,0.5278609395027161,5
2020-09-30,gc1s,1,0.5193813443183899,5
2020-09-30,si1s,1,0.5059299468994141,5
2020-10-01,pl1s,0,0.5409241318702698,5
2020-10-02,si1s,1,0.5116801857948303,5
2020-10-02,pl1s,1,0.5401286482810974,5
2020-10-05,pl1s,0,0.5409245491027832,5
2020-10-05,si1s,1,0.506708025932312,5
2020-10-06,pl1s,0,0.5317291617393494,5
2020-10-06,si1s,1,0.5090721845626831,5
2020-10-07,pl1s,0,0.528242290019989,5
2020-10-07,si1s,1,0.5086480379104614,5
2020-10-08,pl1s,1,0.5283145904541016,5
2020-10-08,si1s,1,0.50609290599823,5
2020-10-09,si1s,1,0.5013904571533203,5
2020-10-09,pl1s,0,0.535700798034668,5
2020-10-12,pl1s,0,0.5260866284370422,5
2020-10-12,si1s,1,0.49547043442726135,5
2020-10-13,pl1s,0,0.525477409362793,5
2020-10-14,si1s,0,0.49258798360824585,5
2020-10-14,pl1s,0,0.5289866328239441,5
2020-10-15,pl1s,1,0.5142422318458557,5
2020-10-16,si1s,0,0.500714898109436,5
2020-10-16,pl1s,0,0.5219483971595764,5
2020-10-19,gc1s,0,0.5368030071258545,5
2020-10-19,si1s,0,0.5216220617294312,5
2020-10-19,pl1s,1,0.5289190411567688,5
2020-10-20,pl1s,1,0.5280614495277405,5
2020-10-20,si1s,0,0.5290631651878357,5
2020-10-20,gc1s,0,0.5301935076713562,5
2020-10-21,gc1s,0,0.5250661373138428,5
2020-10-21,si1s,0,0.5162242650985718,5
2020-10-21,pl1s,0,0.513925313949585,5
2020-10-22,gc1s,0,0.5219897627830505,5
2020-10-22,pl1s,1,0.5260417461395264,5
2020-10-22,si1s,0,0.5178948044776917,5
2020-10-23,pl1s,0,0.5234215259552002,5
2020-10-23,gc1s,0,0.5219897627830505,5
2020-10-23,si1s,0,0.5193752646446228,5
2020-10-26,gc1s,0,0.5269784331321716,5
2020-10-26,pl1s,1,0.5430793762207031,5
2020-10-26,si1s,0,0.5269506573677063,5
2020-10-27,gc1s,0,0.5287449359893799,5
2020-10-27,pl1s,0,0.5321767926216125,5
2020-10-27,si1s,0,0.5261908173561096,5
2020-10-28,si1s,1,0.5119755268096924,5
2020-10-28,pl1s,0,0.5182467103004456,5
2020-10-28,gc1s,0,0.5177173614501953,5
2020-10-29,si1s,1,0.5110916495323181,5
2020-10-29,pl1s,0,0.5244030952453613,5
2020-10-29,gc1s,1,0.5153472423553467,5
2020-10-30,gc1s,1,0.5196278095245361,5
2020-10-30,pl1s,1,0.5208907723426819,5
2020-10-30,si1s,1,0.5219014883041382,5
2020-11-02,pl1s,1,0.5205217599868774,5
2020-11-02,si1s,0,0.518659770488739,5
2020-11-03,gc1s,0,0.53463214635849,5
2020-11-03,si1s,1,0.5170094966888428,5
2020-11-03,pl1s,0,0.5306165814399719,5
2020-11-04,si1s,1,0.5213030576705933,5
2020-11-04,pl1s,1,0.5328012704849243,5
2020-11-04,gc1s,1,0.526598334312439,5
2020-11-05,pl1s,0,0.5175175666809082,5
2020-11-05,si1s,0,0.5227962136268616,5
2020-11-06,si1s,1,0.5121521353721619,5
2020-11-06,pl1s,0,0.521979808807373,5
2020-11-09,si1s,1,0.5042686462402344,5
2020-11-09,pl1s,1,0.5401546359062195,5
2020-11-10,si1s,0,0.5151975750923157,5
2020-11-10,pl1s,0,0.5416618585586548,5
2020-11-10,gc1s,0,0.5145137906074524,5
2020-11-11,si1s,1,0.515280544757843,5
2020-11-11,pl1s,1,0.5440108180046082,5
2020-11-12,si1s,0,0.5177196860313416,5
2020-11-12,pl1s,1,0.5439328551292419,5
2020-11-12,gc1s,0,0.5134009122848511,5
2020-11-13,si1s,0,0.519379734992981,5
2020-11-13,pl1s,1,0.5317041277885437,5
2020-11-16,pl1s,1,0.5301439762115479,5
2020-11-16,si1s,0,0.521313488483429,5
2020-11-17,pl1s,1,0.5217205286026001,5
2020-11-17,si1s,1,0.5048332810401917,5
2020-11-18,pl1s,1,0.5184672474861145,5
2020-11-18,si1s,0,0.4978589117527008,5
2020-11-19,si1s,0,0.5048332810401917,5
2020-11-19,pl1s,1,0.5194662809371948,5
2020-11-19,gc1s,0,0.49549150466918945,5
2020-11-20,pl1s,0,0.5203420519828796,5
2020-11-20,si1s,0,0.5077417492866516,5
2020-11-23,gc1s,0,0.5043965578079224,5
2020-11-23,pl1s,1,0.5214186906814575,5
2020-11-23,si1s,0,0.5031900405883789,5
2020-11-24,gc1s,0,0.5080262422561646,5
2020-11-24,pl1s,1,0.5209364891052246,5
2020-11-24,si1s,0,0.5029755234718323,5
2020-11-25,gc1s,0,0.5177553296089172,5
2020-05-14,si1s,1,0.5613886117935181,6
2020-05-14,pl1s,1,0.5092970728874207,6
2020-05-15,si1s,1,0.606109619140625,6
2020-05-18,pl1s,1,0.6207472085952759,6
2020-05-18,si1s,1,0.6157855987548828,6
2020-05-19,si1s,0,0.5863788723945618,6
2020-05-19,pl1s,1,0.6293909549713135,6
2020-05-20,si1s,0,0.6252644062042236,6
2020-05-20,gc1s,1,0.3925357460975647,6
2020-05-21,si1s,1,0.5470462441444397,6
2020-05-21,gc1s,0,0.44422632455825806,6
2020-05-22,gc1s,1,0.3300073742866516,6
2020-05-22,si1s,0,0.574542224407196,6
2020-05-22,pl1s,1,0.5818096399307251,6
2020-05-26,gc1s,0,0.48918333649635315,6
2020-05-26,pl1s,0,0.5995891094207764,6
2020-05-26,si1s,0,0.5745811462402344,6
2020-05-27,gc1s,0,0.5093763470649719,6
2020-05-27,si1s,0,0.5710363388061523,6
2020-05-27,pl1s,1,0.5474714040756226,6
2020-05-28,gc1s,0,0.5085954666137695,6
2020-05-28,pl1s,0,0.5329238176345825,6
2020-05-28,si1s,0,0.572311520576477,6
2020-05-29,si1s,0,0.5819133520126343,6
2020-05-29,pl1s,0,0.5404644012451172,6
2020-06-01,pl1s,1,0.5463945865631104,6
2020-06-01,si1s,1,0.6086522936820984,6
2020-06-02,pl1s,1,0.5767125487327576,6
2020-06-02,gc1s,1,0.4444811940193176,6
2020-06-02,si1s,1,0.5401999354362488,6
2020-06-03,pl1s,0,0.5465598106384277,6
2020-06-04,pl1s,1,0.5615605115890503,6
2020-06-04,si1s,1,0.5147539973258972,6
2020-06-05,pl1s,1,0.6004825830459595,6
2020-06-08,pl1s,1,0.5387759804725647,6
2020-06-09,si1s,0,0.3866770267486572,6
2020-06-09,pl1s,1,0.5656954050064087,6
2020-06-10,si1s,0,0.44866275787353516,6
2020-06-10,pl1s,1,0.557144284248352,6
2020-06-11,si1s,1,0.46949952840805054,6
2020-06-11,pl1s,1,0.5846369862556458,6
2020-06-12,pl1s,0,0.573635458946228,6
2020-06-12,si1s,0,0.45235106348991394,6
2020-06-15,si1s,0,0.5658389925956726,6
2020-06-15,pl1s,0,0.5924805998802185,6
2020-06-16,si1s,0,0.36798787117004395,6
2020-06-16,pl1s,1,0.5103663802146912,6
2020-06-17,si1s,1,0.42327553033828735,6
2020-06-17,pl1s,0,0.5658621191978455,6
2020-06-18,si1s,0,0.40033838152885437,6
2020-06-18,pl1s,1,0.6310542821884155,6
2020-06-19,si1s,0,0.392947256565094,6
2020-06-19,gc1s,1,0.48869842290878296,6
2020-06-19,pl1s,1,0.5769191980361938,6
2020-06-22,gc1s,1,0.47321295738220215,6
2020-06-22,si1s,0,0.5033515095710754,6
2020-06-23,si1s,1,0.5112437009811401,6
2020-06-23,gc1s,0,0.4573083221912384,6
2020-06-24,pl1s,0,0.6032453179359436,6
2020-06-24,si1s,0,0.3725050389766693,6
2020-06-25,pl1s,1,0.6353477835655212,6
2020-06-25,gc1s,1,0.3853113055229187,6
2020-06-25,si1s,0,0.45171716809272766,6
2020-06-26,pl1s,1,0.5435585975646973,6
2020-06-26,gc1s,1,0.4457224905490875,6
2020-06-26,si1s,0,0.3837120234966278,6
2020-06-29,pl1s,1,0.4782589375972748,6
2020-06-29,gc1s,1,0.31704968214035034,6
2020-06-29,si1s,1,0.4509359896183014,6
2020-06-30,pl1s,0,0.5072199702262878,6
2020-07-01,pl1s,0,0.5078827142715454,6
2020-07-01,si1s,0,0.3576129674911499,6
2020-07-02,gc1s,1,0.4413536787033081,6
2020-07-02,si1s,0,0.35425424575805664,6
2020-07-02,pl1s,1,0.4855059087276459,6
2020-07-06,pl1s,1,0.49722820520401,6
2020-07-06,gc1s,1,0.42299872636795044,6
2020-07-06,si1s,1,0.37224462628364563,6
2020-07-07,pl1s,1,0.5238531231880188,6
2020-07-07,gc1s,0,0.4471317231655121,6
2020-07-07,si1s,1,0.3762871325016022,6
2020-07-08,gc1s,0,0.43776679039001465,6
2020-07-08,si1s,0,0.49030083417892456,6
2020-07-08,pl1s,0,0.5446892976760864,6
2020-07-09,gc1s,0,0.39108946919441223,6
2020-07-09,si1s,0,0.4024316072463989,6
2020-07-09,pl1s,0,0.48532742261886597,6
2020-07-10,si1s,0,0.43832841515541077,6
2020-07-10,gc1s,1,0.3338071405887604,6
2020-07-10,pl1s,1,0.4740920662879944,6
2020-07-13,si1s,1,0.515537679195404,6
2020-07-13,gc1s,0,0.4445481598377228,6
2020-07-13,pl1s,0,0.4657430648803711,6
2020-07-14,pl1s,1,0.5285590887069702,6
2020-07-14,si1s,0,0.5479832887649536,6
2020-07-14,gc1s,0,0.46248555183410645,6
2020-07-15,pl1s,0,0.4973486661911011,6
2020-07-15,gc1s,0,0.4250066876411438,6
2020-07-15,si1s,0,0.460424542427063,6
2020-07-16,gc1s,1,0.37395262718200684,6
2020-07-16,pl1s,1,0.5184568166732788,6
2020-07-17,si1s,0,0.489432156085968,6
2020-07-17,pl1s,1,0.49353787302970886,6
2020-07-20,si1s,0,0.515203595161438,6
2020-07-20,pl1s,1,0.5313778519630432,6
2020-07-21,si1s,0,0.5346308946609497,6
2020-07-22,si1s,0,0.5810018181800842,6
2020-07-22,pl1s,0,0.5996200442314148,6
2020-07-23,si1s,0,0.5868183970451355,6
2020-07-23,pl1s,1,0.594903290271759,6
2020-07-24,pl1s,0,0.5610854029655457,6
2020-07-24,si1s,0,0.5465456247329712,6
2020-07-27,pl1s,0,0.5795819163322449,6
2020-07-27,si1s,1,0.5598763823509216,6
2020-07-28,pl1s,1,0.6080554723739624,6
2020-07-28,si1s,1,0.5858529210090637,6
2020-07-29,si1s,1,0.5473047494888306,6
2020-07-29,pl1s,1,0.5593432784080505,6
2020-07-30,si1s,0,0.531740128993988,6
2020-07-30,pl1s,1,0.4771706163883209,6
2020-07-31,si1s,0,0.5313289165496826,6
2020-07-31,pl1s,1,0.44623062014579773,6
2020-08-03,si1s,0,0.5696045756340027,6
2020-08-03,pl1s,1,0.47821518778800964,6
2020-08-04,si1s,0,0.5412857532501221,6
2020-08-04,pl1s,0,0.5050461888313293,6
2020-08-05,pl1s,0,0.5774002075195312,6
2020-08-05,si1s,0,0.5982723236083984,6
2020-08-06,si1s,1,0.5939955115318298,6
2020-08-06,pl1s,1,0.5920025706291199,6
2020-08-07,pl1s,0,0.5383305549621582,6
2020-08-07,si1s,0,0.588593602180481,6
2020-08-10,si1s,1,0.576552152633667,6
2020-08-10,pl1s,1,0.5582530498504639,6
2020-08-11,pl1s,0,0.5309186577796936,6
2020-08-11,si1s,1,0.5427919626235962,6
2020-08-12,si1s,1,0.5228114128112793,6
2020-08-12,pl1s,0,0.49160200357437134,6
2020-08-13,si1s,1,0.5879036784172058,6
2020-08-13,pl1s,1,0.5272455215454102,6
2020-08-14,si1s,0,0.5464598536491394,6
2020-08-14,pl1s,0,0.522246241569519,6
2020-08-17,pl1s,0,0.4898623824119568,6
2020-08-17,si1s,0,0.49432504177093506,6
2020-08-18,si1s,1,0.5494886040687561,6
2020-08-18,pl1s,1,0.46995633840560913,6
2020-08-18,gc1s,1,0.4912867844104767,6
2020-08-19,pl1s,0,0.5326811671257019,6
2020-08-19,si1s,1,0.48576387763023376,6
2020-08-19,gc1s,1,0.44376346468925476,6
2020-11-25,si1s,0,0.32987138628959656,6
2020-11-27,gc1s,0,0.5416894555091858,6
2020-11-27,si1s,1,0.5348296165466309,6
2020-11-30,gc1s,1,0.49929261207580566,6
2020-11-30,si1s,1,0.5063078999519348,6
2020-12-01,gc1s,1,0.4956349730491638,6
2020-12-01,pl1s,0,0.59357750415802,6
2020-12-02,pl1s,0,0.6528280377388,6
2020-12-02,gc1s,1,0.4724664092063904,6
2020-12-03,pl1s,0,0.6146906614303589,6
2020-12-03,si1s,1,0.46657323837280273,6
2020-12-04,si1s,1,0.4482591152191162,6
2020-12-04,pl1s,1,0.6236715316772461,6
2020-12-07,pl1s,1,0.6188397407531738,6
2020-12-07,si1s,0,0.4742385149002075,6
2020-12-08,si1s,0,0.486915647983551,6
2020-12-08,pl1s,1,0.5640149712562561,6
2020-12-09,pl1s,0,0.511484682559967,6
2020-12-09,si1s,1,0.45297592878341675,6
2020-12-10,pl1s,1,0.5001969933509827,6
2020-12-10,si1s,1,0.44093894958496094,6
2020-12-11,si1s,1,0.4082987904548645,6
2020-12-11,pl1s,1,0.52425217628479,6
2020-12-14,si1s,1,0.4952038824558258,6
2020-12-14,pl1s,0,0.5225333571434021,6
2020-12-14,gc1s,1,0.3854772448539734,6
2020-12-15,si1s,1,0.351579487323761,6
2020-12-15,gc1s,1,0.3442895710468292,6
2020-12-15,pl1s,1,0.5118696093559265,6
2020-12-16,pl1s,0,0.5277974605560303,6
2020-12-16,gc1s,1,0.3514910936355591,6
2020-12-16,si1s,1,0.5565986633300781,6
2020-12-17,si1s,0,0.5753536820411682,6
2020-12-17,pl1s,1,0.5176133513450623,6
2020-12-18,pl1s,1,0.5468739867210388,6
2020-12-18,si1s,0,0.5181170105934143,6
2020-12-21,pl1s,1,0.558246374130249,6
2020-12-21,si1s,0,0.5284011960029602,6
2020-12-22,pl1s,0,0.5622166991233826,6
2020-12-22,si1s,1,0.4824516177177429,6
2020-12-23,pl1s,0,0.4924333393573761,6
2020-12-23,si1s,1,0.5144174098968506,6
2020-12-24,si1s,1,0.5434954762458801,6
2020-12-24,gc1s,1,0.3353571593761444,6
2020-12-24,pl1s,0,0.3693464398384094,6
2020-12-28,pl1s,0,0.46201592683792114,6
2020-12-28,gc1s,1,0.328355073928833,6
2020-12-28,si1s,0,0.5587166547775269,6
2020-12-29,si1s,1,0.5292844176292419,6
2020-12-29,pl1s,0,0.5192409753799438,6
2020-12-29,gc1s,1,0.36065372824668884,6
2020-12-30,pl1s,0,0.48728689551353455,6
2020-12-30,gc1s,1,0.3863700330257416,6
2020-12-30,si1s,0,0.45736220479011536,6
2020-12-31,si1s,1,0.3995727598667145,6
2020-12-31,pl1s,1,0.38920310139656067,6
2020-12-31,gc1s,1,0.3893914520740509,6
2021-01-04,si1s,0,0.39568784832954407,6
2021-01-04,pl1s,1,0.5076318979263306,6
2021-01-04,gc1s,0,0.48670873045921326,6
2021-01-05,si1s,1,0.43149957060813904,6
2021-01-05,pl1s,0,0.5468159914016724,6
2021-01-07,pl1s,1,0.557191789150238,6
2021-01-08,pl1s,0,0.5267984867095947,6
2021-01-08,si1s,0,0.5514253377914429,6
2021-01-11,pl1s,1,0.5997003316879272,6
2021-01-12,pl1s,0,0.4849835932254791,6
2021-01-12,si1s,0,0.5036439895629883,6
2021-01-13,pl1s,0,0.5761176347732544,6
2021-01-13,si1s,0,0.5053147077560425,6
2021-01-14,pl1s,1,0.5893027782440186,6
2021-01-14,si1s,1,0.466129332780838,6
2021-01-15,pl1s,0,0.5064659714698792,6
2021-01-15,si1s,0,0.5540587902069092,6
2021-01-19,si1s,0,0.47528278827667236,6
2021-01-19,pl1s,0,0.47125905752182007,6
2021-01-20,si1s,0,0.4681406319141388,6
2021-01-20,pl1s,0,0.5266561508178711,6
2021-01-20,gc1s,1,0.449207067489624,6
2021-01-21,pl1s,1,0.6000502109527588,6
2021-01-21,gc1s,1,0.4300536811351776,6
2021-01-21,si1s,0,0.4252946078777313,6
2021-01-22,pl1s,1,0.5466654896736145,6
2021-01-22,si1s,0,0.4652416408061981,6
2021-01-25,pl1s,0,0.4813796877861023,6
2021-01-25,si1s,0,0.47750547528266907,6
2021-01-26,si1s,0,0.37260153889656067,6
2021-01-26,pl1s,1,0.4840884506702423,6
2021-01-27,si1s,0,0.45724406838417053,6
2021-01-28,si1s,0,0.4431263208389282,6
2021-01-28,pl1s,1,0.5852597951889038,6
2021-01-29,pl1s,1,0.5853259563446045,6
2021-02-01,pl1s,1,0.5801951885223389,6
2021-02-01,si1s,1,0.574795126914978,6
2021-02-02,pl1s,1,0.5185295939445496,6
2021-02-03,si1s,0,0.43452131748199463,6
2021-02-04,pl1s,1,0.5049374103546143,6
2021-02-04,si1s,1,0.45815885066986084,6
2021-02-04,gc1s,1,0.5908802151679993,6
2021-02-05,pl1s,1,0.5660048127174377,6
2021-02-05,si1s,1,0.46793410181999207,6
2021-02-08,si1s,0,0.521259069442749,6
2021-02-08,pl1s,1,0.5959497690200806,6
2021-02-09,pl1s,0,0.6186439394950867,6
2021-02-09,si1s,0,0.4826635718345642,6
2021-02-10,pl1s,0,0.6150168180465698,6
2021-02-10,si1s,0,0.49079734086990356,6
2021-02-11,pl1s,0,0.6304250359535217,6
2021-02-11,si1s,0,0.4319726824760437,6
2021-02-12,pl1s,0,0.6049632430076599,6
2021-02-12,si1s,0,0.35636934638023376,6
2021-02-16,pl1s,1,0.6331065893173218,6
2021-02-16,si1s,0,0.5293256044387817,6
2021-02-17,si1s,0,0.49459803104400635,6
2021-02-17,pl1s,0,0.5940962433815002,6
2021-02-18,pl1s,0,0.5934748649597168,6
2021-02-18,si1s,0,0.36171215772628784,6
2021-02-19,pl1s,1,0.5948222279548645,6
2021-02-19,gc1s,1,0.6107651591300964,6
2021-02-19,si1s,0,0.4670165777206421,6
2021-02-22,pl1s,1,0.5790489315986633,6
2021-02-22,si1s,1,0.5318603515625,6
2021-02-23,si1s,1,0.5239758491516113,6
2021-02-23,pl1s,0,0.49479347467422485,6
2021-02-24,si1s,0,0.5075932741165161,6
2021-02-24,pl1s,1,0.5166014432907104,6
2021-02-25,pl1s,1,0.5562205910682678,6
2021-02-26,pl1s,0,0.5677626729011536,6
2021-02-26,gc1s,0,0.5712552666664124,6
2021-02-26,si1s,0,0.5338653922080994,6
2021-03-01,pl1s,0,0.5666212439537048,6
2021-03-01,si1s,1,0.5258069038391113,6
2021-03-01,gc1s,0,0.5579490065574646,6
2021-03-02,gc1s,0,0.574715256690979,6
2021-03-02,si1s,0,0.48733747005462646,6
2021-03-02,pl1s,1,0.49176764488220215,6
2021-03-03,gc1s,0,0.5528573989868164,6
2021-03-03,si1s,0,0.5647214651107788,6
2021-03-03,pl1s,0,0.6095146536827087,6
2021-03-04,si1s,0,0.5966668128967285,6
2021-03-04,gc1s,0,0.5486770272254944,6
2021-03-04,pl1s,0,0.609986424446106,6
2021-03-05,pl1s,1,0.6153132915496826,6
2021-03-05,si1s,0,0.5922605991363525,6
2021-03-05,gc1s,0,0.5495402812957764,6
2021-03-08,gc1s,1,0.6233654022216797,6
2021-03-08,si1s,0,0.6422441601753235,6
2021-03-08,pl1s,1,0.610744297504425,6
2021-03-09,pl1s,1,0.5639699101448059,6
2021-03-09,gc1s,1,0.5752465724945068,6
2020-05-14,si1s,1,0.6135085821151733,7
2020-05-14,pl1s,1,0.5703862905502319,7
2020-05-15,si1s,1,0.5612073540687561,7
2020-05-18,pl1s,1,0.6024350523948669,7
2020-05-18,si1s,1,0.5368171334266663,7
2020-05-19,si1s,0,0.5800151824951172,7
2020-05-19,pl1s,1,0.5685591697692871,7
2020-05-20,si1s,0,0.5746626257896423,7
2020-05-20,gc1s,1,0.5096885561943054,7
2020-05-21,si1s,1,0.578778862953186,7
2020-05-21,gc1s,0,0.42575785517692566,7
2020-05-22,gc1s,1,0.3240097165107727,7
2020-05-22,si1s,0,0.5977481007575989,7
2020-05-22,pl1s,1,0.5389874577522278,7
2020-05-26,gc1s,0,0.5020158886909485,7
2020-05-26,pl1s,0,0.5365678668022156,7
2020-05-26,si1s,0,0.559249758720398,7
2020-05-27,gc1s,0,0.4709374010562897,7
2020-05-27,si1s,0,0.5491155982017517,7
2020-05-27,pl1s,1,0.49431076645851135,7
2020-05-28,gc1s,0,0.5069196224212646,7
2020-05-28,pl1s,0,0.5256221294403076,7
2020-05-28,si1s,0,0.6097148656845093,7
2020-05-29,si1s,0,0.6019774675369263,7
2020-05-29,pl1s,0,0.493587464094162,7
2020-06-01,pl1s,1,0.6013288497924805,7
2020-06-01,si1s,1,0.5847824215888977,7
2020-06-02,pl1s,1,0.45365312695503235,7
2020-06-02,gc1s,1,0.5703436732292175,7
2020-06-02,si1s,1,0.5720856189727783,7
2020-06-03,pl1s,0,0.4510606825351715,7
2020-06-04,pl1s,1,0.5158770680427551,7
2020-06-04,si1s,1,0.5424845814704895,7
2020-06-05,pl1s,1,0.5297198295593262,7
2020-06-08,pl1s,1,0.5367950797080994,7
2020-06-09,si1s,0,0.3952495753765106,7
2020-06-09,pl1s,1,0.467134028673172,7
2020-06-10,si1s,0,0.4057800769805908,7
2020-06-10,pl1s,1,0.3941637873649597,7
2020-06-11,si1s,1,0.46327829360961914,7
2020-06-11,pl1s,1,0.5380458831787109,7
2020-06-12,pl1s,0,0.5280864238739014,7
2020-06-12,si1s,0,0.3472522795200348,7
2020-06-15,si1s,0,0.5134203433990479,7
2020-06-15,pl1s,0,0.612520158290863,7
2020-06-16,si1s,0,0.39075663685798645,7
2020-06-16,pl1s,1,0.457085520029068,7
2020-06-17,si1s,1,0.36905550956726074,7
2020-06-17,pl1s,0,0.4752572476863861,7
2020-06-18,si1s,0,0.41469860076904297,7
2020-06-18,pl1s,1,0.5722483396530151,7
2020-06-19,si1s,0,0.38846859335899353,7
2020-06-19,gc1s,1,0.6099792718887329,7
2020-06-19,pl1s,1,0.5471885204315186,7
2020-06-22,gc1s,1,0.5676310658454895,7
2020-06-22,si1s,0,0.4599040746688843,7
2020-06-23,si1s,1,0.36382460594177246,7
2020-06-23,gc1s,0,0.5965058207511902,7
2020-06-24,pl1s,0,0.48297035694122314,7
2020-06-24,si1s,0,0.36864233016967773,7
2020-06-25,pl1s,1,0.6076380014419556,7
2020-06-25,gc1s,1,0.5368933081626892,7
2020-06-25,si1s,0,0.4100607633590698,7
2020-06-26,pl1s,1,0.6049609184265137,7
2020-06-26,gc1s,1,0.5724671483039856,7
2020-06-26,si1s,0,0.3981809616088867,7
2020-06-29,pl1s,1,0.4367501735687256,7
2020-06-29,gc1s,1,0.4910876452922821,7
2020-06-29,si1s,1,0.4206274747848511,7
2020-06-30,pl1s,0,0.4547021985054016,7
2020-07-01,pl1s,0,0.49905824661254883,7
2020-07-01,si1s,0,0.4030188322067261,7
2020-07-02,gc1s,1,0.6089670062065125,7
2020-07-02,si1s,0,0.3961990177631378,7
2020-07-02,pl1s,1,0.5460521578788757,7
2020-07-06,pl1s,1,0.5221506953239441,7
2020-07-06,gc1s,1,0.5735049843788147,7
2020-07-06,si1s,1,0.4550086259841919,7
2020-07-07,pl1s,1,0.500443696975708,7
2020-07-07,gc1s,0,0.6350054740905762,7
2020-07-07,si1s,1,0.4483794867992401,7
2020-07-08,gc1s,0,0.5796189308166504,7
2020-07-08,si1s,0,0.4730834662914276,7
2020-07-08,pl1s,0,0.43006086349487305,7
2020-07-09,gc1s,0,0.4474940001964569,7
2020-07-09,si1s,0,0.45357832312583923,7
2020-07-09,pl1s,0,0.4460764229297638,7
2020-07-10,si1s,0,0.4108318090438843,7
2020-07-10,gc1s,1,0.3919583857059479,7
2020-07-10,pl1s,1,0.44730883836746216,7
2020-07-13,si1s,1,0.49391040205955505,7
2020-07-13,gc1s,0,0.5239062309265137,7
2020-07-13,pl1s,0,0.4117666780948639,7
2020-07-14,pl1s,1,0.4286104738712311,7
2020-07-14,si1s,0,0.49316734075546265,7
2020-07-14,gc1s,0,0.5238021016120911,7
2020-07-15,pl1s,0,0.4878661036491394,7
2020-07-15,gc1s,0,0.5523536801338196,7
2020-07-15,si1s,0,0.5203663110733032,7
2020-07-16,gc1s,1,0.39316681027412415,7
2020-07-16,pl1s,1,0.5249073505401611,7
2020-07-17,si1s,0,0.5564607977867126,7
2020-07-17,pl1s,1,0.4316534996032715,7
2020-07-20,si1s,0,0.508017897605896,7
2020-07-20,pl1s,1,0.5106164813041687,7
2020-07-21,si1s,0,0.4627707302570343,7
2020-07-22,si1s,0,0.4040897786617279,7
2020-07-22,pl1s,0,0.48088058829307556,7
2020-07-23,si1s,0,0.35652807354927063,7
2020-07-23,pl1s,1,0.4218200147151947,7
2020-07-24,pl1s,0,0.466077595949173,7
2020-07-24,si1s,0,0.43088671565055847,7
2020-07-27,pl1s,0,0.5618193745613098,7
2020-07-27,si1s,1,0.488741010427475,7
2020-07-28,pl1s,1,0.44963884353637695,7
2020-07-28,si1s,1,0.4346129894256592,7
2020-07-29,si1s,1,0.5283588171005249,7
2020-07-29,pl1s,1,0.5061967968940735,7
2020-07-30,si1s,0,0.46343713998794556,7
2020-07-30,pl1s,1,0.4149329960346222,7
2020-07-31,si1s,0,0.5791947245597839,7
2020-07-31,pl1s,1,0.5318631529808044,7
2020-08-03,si1s,0,0.4656018912792206,7
2020-08-03,pl1s,1,0.4866655766963959,7
2020-08-04,si1s,0,0.5836213827133179,7
2020-08-04,pl1s,0,0.48210546374320984,7
2020-08-05,pl1s,0,0.5257968306541443,7
2020-08-05,si1s,0,0.5766113996505737,7
2020-08-06,si1s,1,0.5978420972824097,7
2020-08-06,pl1s,1,0.6424678564071655,7
2020-08-07,pl1s,0,0.5006943941116333,7
2020-08-07,si1s,0,0.5475433468818665,7
2020-08-10,si1s,1,0.6129971742630005,7
2020-08-10,pl1s,1,0.5680727362632751,7
2020-08-11,pl1s,0,0.4635625183582306,7
2020-08-11,si1s,1,0.5208001732826233,7
2020-08-12,si1s,1,0.4795168340206146,7
2020-08-12,pl1s,0,0.4500482678413391,7
2020-08-13,si1s,1,0.5270942449569702,7
2020-08-13,pl1s,1,0.5056999921798706,7
2020-08-14,si1s,0,0.5375295877456665,7
2020-08-14,pl1s,0,0.4613928198814392,7
2020-08-17,pl1s,0,0.43789979815483093,7
2020-08-17,si1s,0,0.6218252778053284,7
2020-08-18,si1s,1,0.594830334186554,7
2020-08-18,pl1s,1,0.48769739270210266,7
2020-08-18,gc1s,1,0.48289602994918823,7
2020-08-19,pl1s,0,0.38360387086868286,7
2020-08-19,si1s,1,0.4517967700958252,7
2020-08-19,gc1s,1,0.4008522629737854,7
2021-03-09,si1s,0,0.5107518434524536,7
2021-03-10,gc1s,1,0.6130092740058899,7
2021-03-10,si1s,0,0.4739495813846588,7
2021-03-10,pl1s,1,0.3964664936065674,7
2021-03-11,si1s,0,0.5354164242744446,7
2021-03-11,pl1s,0,0.471758633852005,7
2021-03-11,gc1s,0,0.5845750570297241,7
2021-03-12,pl1s,1,0.3968127369880676,7
2021-03-12,gc1s,1,0.5101915597915649,7
2021-03-12,si1s,1,0.47116273641586304,7
2021-03-15,gc1s,0,0.46726980805397034,7
2021-03-15,si1s,1,0.34002336859703064,7
2021-03-15,pl1s,1,0.4468105137348175,7
2021-03-16,pl1s,0,0.4696510434150696,7
2021-03-16,si1s,0,0.4995003640651703,7
2021-03-16,gc1s,0,0.42546501755714417,7
2021-03-17,pl1s,1,0.45181378722190857,7
2021-03-17,si1s,0,0.4111778140068054,7
2021-03-17,gc1s,0,0.5100536942481995,7
2021-03-18,pl1s,0,0.47884729504585266,7
2021-03-18,gc1s,0,0.5189676880836487,7
2021-03-18,si1s,1,0.4620196521282196,7
2021-03-19,gc1s,0,0.5080887079238892,7
2021-03-19,si1s,1,0.3617626130580902,7
2021-03-19,pl1s,0,0.5196896195411682,7
2021-03-22,pl1s,0,0.539220929145813,7
2021-03-22,si1s,0,0.5182138681411743,7
2021-03-23,si1s,0,0.46773362159729004,7
2021-03-23,pl1s,1,0.4914342761039734,7
2021-03-24,si1s,0,0.42068955302238464,7
2021-03-24,pl1s,0,0.470145046710968,7
2021-03-25,si1s,0,0.49543192982673645,7
2021-03-25,pl1s,1,0.6366087198257446,7
2021-03-26,si1s,0,0.48011672496795654,7
2021-03-26,pl1s,1,0.5468312501907349,7
2021-03-29,pl1s,0,0.6185181140899658,7
2021-03-29,si1s,0,0.5983606576919556,7
2021-03-30,pl1s,1,0.5842021107673645,7
2021-03-30,si1s,1,0.4565986096858978,7
2021-03-31,pl1s,1,0.5475874543190002,7
2021-03-31,si1s,1,0.495922714471817,7
2021-04-01,pl1s,1,0.5469276309013367,7
2021-04-01,si1s,0,0.4304732382297516,7
2021-04-05,pl1s,1,0.5229583382606506,7
2021-04-05,si1s,1,0.4597897231578827,7
2021-04-06,si1s,0,0.3738250434398651,7
2021-04-06,gc1s,0,0.4559174180030823,7
2021-04-07,pl1s,1,0.5637984871864319,7
2021-04-07,gc1s,0,0.5147318840026855,7
2021-04-07,si1s,0,0.381041944026947,7
2021-04-08,si1s,0,0.3666495680809021,7
2021-04-08,pl1s,0,0.5139546990394592,7
2021-04-09,pl1s,0,0.5725589394569397,7
2021-04-09,gc1s,0,0.5163034200668335,7
2021-04-09,si1s,0,0.4456843137741089,7
2021-04-12,pl1s,0,0.602851390838623,7
2021-04-12,si1s,1,0.4479539692401886,7
2021-04-13,si1s,1,0.4187261164188385,7
2021-04-13,pl1s,1,0.5976666808128357,7
2021-04-14,si1s,1,0.3754437267780304,7
2021-04-14,pl1s,1,0.5554338097572327,7
2021-04-15,pl1s,1,0.5971993207931519,7
2021-04-16,si1s,0,0.40546801686286926,7
2021-04-16,pl1s,0,0.4100826382637024,7
2021-04-20,pl1s,1,0.5156418681144714,7
2021-04-21,pl1s,0,0.44700878858566284,7
2021-04-21,si1s,1,0.4516415596008301,7
2021-04-22,pl1s,1,0.48726651072502136,7
2021-04-23,pl1s,1,0.5396957993507385,7
2021-04-26,pl1s,1,0.5674062967300415,7
2021-04-26,si1s,0,0.4001663029193878,7
2021-04-27,pl1s,0,0.6461018919944763,7
2021-04-27,si1s,1,0.5588212013244629,7
2021-04-28,si1s,0,0.4639487862586975,7
2021-04-28,pl1s,0,0.3953222334384918,7
2021-04-29,pl1s,1,0.5125990509986877,7
2021-04-29,si1s,0,0.4664408266544342,7
2021-04-30,si1s,1,0.3873102068901062,7
2021-04-30,pl1s,1,0.5144646167755127,7
2021-05-03,si1s,1,0.5435659885406494,7
2021-05-03,pl1s,1,0.5519778728485107,7
2021-05-04,pl1s,0,0.4997154772281647,7
2021-05-04,si1s,1,0.42837390303611755,7
2021-05-05,pl1s,1,0.5263441205024719,7
2021-05-05,si1s,1,0.4311908781528473,7
2021-05-06,si1s,0,0.5170865654945374,7
2021-05-06,pl1s,0,0.6126972436904907,7
2021-05-07,gc1s,0,0.5428087711334229,7
2021-05-07,si1s,0,0.5211348533630371,7
2021-05-07,pl1s,1,0.6385138630867004,7
2021-05-10,si1s,0,0.5133830904960632,7
2021-05-10,pl1s,0,0.648953914642334,7
2021-05-11,pl1s,0,0.556850254535675,7
2021-05-11,si1s,1,0.5586724877357483,7
2021-05-12,si1s,0,0.514596164226532,7
2021-05-12,pl1s,0,0.5524862408638,7
2021-05-12,gc1s,1,0.5027759671211243,7
2021-05-13,si1s,0,0.4823630452156067,7
2021-05-13,pl1s,1,0.6418280601501465,7
2021-05-13,gc1s,1,0.5663794875144958,7
2021-05-14,pl1s,1,0.5485034584999084,7
2021-05-14,si1s,0,0.5408967137336731,7
2021-05-17,pl1s,0,0.4805336594581604,7
2021-05-17,gc1s,1,0.46122199296951294,7
2021-05-17,si1s,1,0.48352301120758057,7
2021-05-18,pl1s,0,0.5339792370796204,7
2021-05-18,si1s,1,0.47423842549324036,7
2021-05-18,gc1s,1,0.48703211545944214,7
2021-05-19,pl1s,1,0.5348859429359436,7
2021-05-19,gc1s,0,0.49975788593292236,7
2021-05-19,si1s,1,0.44028645753860474,7
2021-05-20,si1s,1,0.4810415208339691,7
2021-05-20,pl1s,0,0.575512707233429,7
2021-05-20,gc1s,0,0.47383183240890503,7
2021-05-21,pl1s,1,0.633073091506958,7
2021-05-21,si1s,0,0.3614959120750427,7
2021-05-24,si1s,0,0.4555842876434326,7
2021-05-24,pl1s,1,0.5485430955886841,7
2021-05-25,si1s,0,0.4672054350376129,7
2021-05-25,pl1s,1,0.5627801418304443,7
2021-05-26,pl1s,0,0.5649049282073975,7
2021-05-27,pl1s,1,0.6347435116767883,7
2021-05-28,gc1s,0,0.5390361547470093,7
2021-05-28,pl1s,1,0.4783325493335724,7
2021-05-28,si1s,0,0.5129052996635437,7
2021-06-01,gc1s,0,0.5437519550323486,7
2021-06-01,si1s,0,0.444375216960907,7
2021-06-01,pl1s,0,0.5611421465873718,7
2021-06-02,si1s,1,0.4730711281299591,7
2021-06-02,pl1s,0,0.4944364130496979,7
2021-06-03,pl1s,1,0.6052704453468323,7
2021-06-03,si1s,1,0.41985180974006653,7
2021-06-04,pl1s,1,0.5862272381782532,7
2021-06-07,pl1s,0,0.5218760371208191,7
2021-06-08,pl1s,0,0.5295121073722839,7
2021-06-08,si1s,0,0.39778923988342285,7
2021-06-09,pl1s,0,0.48306137323379517,7
2021-06-09,si1s,0,0.3793744742870331,7
2021-06-10,si1s,0,0.4784928858280182,7
2021-06-11,pl1s,1,0.563435971736908,7
2021-06-11,si1s,1,0.439776748418808,7
2021-06-14,si1s,1,0.44076570868492126,7
2021-06-14,pl1s,0,0.5303975343704224,7
2021-06-15,si1s,0,0.4775165021419525,7
2021-06-15,pl1s,0,0.5980948209762573,7
2021-06-16,si1s,1,0.40979599952697754,7
2021-06-16,pl1s,0,0.611634373664856,7
2021-06-17,si1s,1,0.524840772151947,7
2021-06-17,pl1s,0,0.569291353225708,7
2021-06-18,pl1s,1,0.6275590658187866,7
2020-05-14,si1s,1,0.5160312652587891,8
2020-05-14,pl1s,1,0.5057195425033569,8
2020-05-15,si1s,1,0.5316887497901917,8
2020-05-18,pl1s,1,0.539788544178009,8
2020-05-18,si1s,1,0.5272927284240723,8
2020-05-19,si1s,0,0.529335618019104,8
2020-05-19,pl1s,1,0.526692807674408,8
2020-05-20,si1s,0,0.512037456035614,8
2020-05-20,gc1s,1,0.4558171033859253,8
2020-05-21,si1s,1,0.5401884317398071,8
2020-05-21,gc1s,0,0.4556005299091339,8
2020-05-22,gc1s,1,0.41516950726509094,8
2020-05-22,si1s,0,0.5145918726921082,8
2020-05-22,pl1s,1,0.5272026062011719,8
2020-05-26,gc1s,0,0.4672394096851349,8
2020-05-26,pl1s,0,0.5121523141860962,8
2020-05-26,si1s,0,0.5207008719444275,8
2020-05-27,gc1s,0,0.4864766001701355,8
2020-05-27,si1s,0,0.5159107446670532,8
2020-05-27,pl1s,1,0.4991320073604584,8
2020-05-28,gc1s,0,0.48750439286231995,8
2020-05-28,pl1s,0,0.5166886448860168,8
2020-05-28,si1s,0,0.5270222425460815,8
2020-05-29,si1s,0,0.5210889577865601,8
2020-05-29,pl1s,0,0.5026930570602417,8
2020-06-01,pl1s,1,0.5365367531776428,8
2020-06-01,si1s,1,0.5242752432823181,8
2020-06-02,pl1s,1,0.4908181428909302,8
2020-06-02,gc1s,1,0.501153826713562,8
2020-06-02,si1s,1,0.5355311632156372,8
2020-06-03,pl1s,0,0.49710339307785034,8
2020-06-04,pl1s,1,0.5135583281517029,8
2020-06-04,si1s,1,0.5225105881690979,8
2020-06-05,pl1s,1,0.5190004706382751,8
2020-06-08,pl1s,1,0.5212416052818298,8
2020-06-09,si1s,0,0.4816247224807739,8
2020-06-09,pl1s,1,0.512506902217865,8
2020-06-10,si1s,0,0.49021270871162415,8
2020-06-10,pl1s,1,0.5089858770370483,8
2020-06-11,si1s,1,0.5155013799667358,8
2020-06-11,pl1s,1,0.5224101543426514,8
2020-06-12,pl1s,0,0.50121009349823,8
2020-06-12,si1s,0,0.4276164770126343,8
2020-06-15,si1s,0,0.4978201389312744,8
2020-06-15,pl1s,0,0.5298943519592285,8
2020-06-16,si1s,0,0.44117772579193115,8
2020-06-16,pl1s,1,0.5037944316864014,8
2020-06-17,si1s,1,0.4524576961994171,8
2020-06-17,pl1s,0,0.5192262530326843,8
2020-06-18,si1s,0,0.4403259754180908,8
2020-06-18,pl1s,1,0.5361706614494324,8
2020-06-19,si1s,0,0.43690720200538635,8
2020-06-19,gc1s,1,0.5045993328094482,8
2020-06-19,pl1s,1,0.5029901266098022,8
2020-06-22,gc1s,1,0.5007040500640869,8
2020-06-22,si1s,0,0.45526206493377686,8
2020-06-23,si1s,1,0.4496563971042633,8
2020-06-23,gc1s,0,0.5010430812835693,8
2020-06-24,pl1s,0,0.5128753185272217,8
2020-06-24,si1s,0,0.4280913174152374,8
2020-06-25,pl1s,1,0.5076059103012085,8
2020-06-25,gc1s,1,0.4645339548587799,8
2020-06-25,si1s,0,0.4393296539783478,8
2020-06-26,pl1s,1,0.5234041810035706,8
2020-06-26,gc1s,1,0.48753809928894043,8
2020-06-26,si1s,0,0.4495489299297333,8
2020-06-29,pl1s,1,0.4883049428462982,8
2020-06-29,gc1s,1,0.4647676348686218,8
2020-06-29,si1s,1,0.4531223177909851,8
2020-06-30,pl1s,0,0.47903281450271606,8
2020-07-01,pl1s,0,0.4977266788482666,8
2020-07-01,si1s,0,0.4405095875263214,8
2020-07-02,gc1s,1,0.5086184740066528,8
2020-07-02,si1s,0,0.43665969371795654,8
2020-07-02,pl1s,1,0.49481987953186035,8
2020-07-06,pl1s,1,0.49826517701148987,8
2020-07-06,gc1s,1,0.5015746355056763,8
2020-07-06,si1s,1,0.45549240708351135,8
2020-07-07,pl1s,1,0.4848918616771698,8
2020-07-07,gc1s,0,0.5298436880111694,8
2020-07-07,si1s,1,0.4655539393424988,8
2020-07-08,gc1s,0,0.5132860541343689,8
2020-07-08,si1s,0,0.47149282693862915,8
2020-07-08,pl1s,0,0.481975257396698,8
2020-07-09,gc1s,0,0.4751254618167877,8
2020-07-09,si1s,0,0.47361862659454346,8
2020-07-09,pl1s,0,0.48214980959892273,8
2020-07-10,si1s,0,0.46114280819892883,8
2020-07-10,gc1s,1,0.4668233394622803,8
2020-07-10,pl1s,1,0.475781112909317,8
2020-07-13,si1s,1,0.49981266260147095,8
2020-07-13,gc1s,0,0.4957118332386017,8
2020-07-13,pl1s,0,0.46323174238204956,8
2020-07-14,pl1s,1,0.4856503903865814,8
2020-07-14,si1s,0,0.5059537887573242,8
2020-07-14,gc1s,0,0.48127102851867676,8
2020-07-15,pl1s,0,0.4904196262359619,8
2020-07-15,gc1s,0,0.5032849907875061,8
2020-07-15,si1s,0,0.4946162700653076,8
2020-07-16,gc1s,1,0.4595547616481781,8
2020-07-16,pl1s,1,0.4929939806461334,8
2020-07-17,si1s,0,0.5031477212905884,8
2020-07-17,pl1s,1,0.4852522611618042,8
2020-07-20,si1s,0,0.5009623765945435,8
2020-07-20,pl1s,1,0.502845287322998,8
2020-07-21,si1s,0,0.4909053444862366,8
2020-07-22,si1s,0,0.4881429672241211,8
2020-07-22,pl1s,0,0.4926612377166748,8
2020-07-23,si1s,0,0.4758588373661041,8
2020-07-23,pl1s,1,0.4856763780117035,8
2020-07-24,pl1s,0,0.4880046248435974,8
2020-07-24,si1s,0,0.4802882969379425,8
2020-07-27,pl1s,0,0.5201722383499146,8
2020-07-27,si1s,1,0.5170939564704895,8
2020-07-28,pl1s,1,0.4916155934333801,8
2020-07-28,si1s,1,0.4885658919811249,8
2020-07-29,si1s,1,0.513741672039032,8
2020-07-29,pl1s,1,0.5009071230888367,8
2020-07-30,si1s,0,0.5093172192573547,8
2020-07-30,pl1s,1,0.48727449774742126,8
2020-07-31,si1s,0,0.5314456224441528,8
2020-07-31,pl1s,1,0.49564528465270996,8
2020-08-03,si1s,0,0.5013484358787537,8
2020-08-03,pl1s,1,0.4864081144332886,8
2020-08-04,si1s,0,0.5201972126960754,8
2020-08-04,pl1s,0,0.4826604723930359,8
2020-08-05,pl1s,0,0.5125626921653748,8
2020-08-05,si1s,0,0.5277380347251892,8
2020-08-06,si1s,1,0.5447994470596313,8
2020-08-06,pl1s,1,0.5449102520942688,8
2020-08-07,pl1s,0,0.5068477392196655,8
2020-08-07,si1s,0,0.5107266306877136,8
2020-08-10,si1s,1,0.5268535017967224,8
2020-08-10,pl1s,1,0.517521858215332,8
2020-08-11,pl1s,0,0.5083271265029907,8
2020-08-11,si1s,1,0.5263363718986511,8
2020-08-12,si1s,1,0.5278739333152771,8
2020-08-12,pl1s,0,0.5195784568786621,8
2020-08-13,si1s,1,0.5058324933052063,8
2020-08-13,pl1s,1,0.5000174641609192,8
2020-08-14,si1s,0,0.5245616436004639,8
2020-08-14,pl1s,0,0.48415103554725647,8
2020-08-17,pl1s,0,0.46681341528892517,8
2020-08-17,si1s,0,0.5389966368675232,8
2020-08-18,si1s,1,0.5348225831985474,8
2020-08-18,pl1s,1,0.48544517159461975,8
2020-08-18,gc1s,1,0.5030180215835571,8
2020-08-19,pl1s,0,0.49457934498786926,8
2020-08-19,si1s,1,0.4759066700935364,8
2020-08-19,gc1s,1,0.47991693019866943,8
2021-06-18,si1s,1,0.5016015768051147,8
2021-06-21,si1s,0,0.43969228863716125,8
2021-06-21,pl1s,1,0.5004340410232544,8
2021-06-22,si1s,1,0.4889454245567322,8
2021-06-22,pl1s,1,0.5147438049316406,8
2021-06-23,pl1s,1,0.5050210356712341,8
2021-06-23,si1s,0,0.46390077471733093,8
2021-06-24,si1s,0,0.47195884585380554,8
2021-06-25,si1s,0,0.4723873734474182,8
2021-06-28,si1s,0,0.4832298755645752,8
2021-06-29,pl1s,1,0.48045632243156433,8
2021-06-29,si1s,1,0.4778408110141754,8
2021-06-30,si1s,0,0.45781487226486206,8
2021-06-30,pl1s,1,0.4790584146976471,8
2021-07-01,si1s,1,0.4622889757156372,8
2021-07-01,pl1s,1,0.49489933252334595,8
2021-07-02,pl1s,0,0.4904749095439911,8
2021-07-02,si1s,1,0.47408488392829895,8
2021-07-06,pl1s,0,0.48760345578193665,8
2021-07-06,si1s,0,0.46569889783859253,8
2021-07-07,pl1s,0,0.4930679202079773,8
2021-07-08,si1s,1,0.46872612833976746,8
2021-07-08,pl1s,1,0.502223551273346,8
2021-07-09,si1s,0,0.4715964198112488,8
2021-07-09,pl1s,1,0.4500643014907837,8
2021-07-12,si1s,0,0.4669463336467743,8
2021-07-12,pl1s,0,0.46416792273521423,8
2021-07-13,si1s,0,0.4734340310096741,8
2021-07-13,pl1s,1,0.45541244745254517,8
2021-07-14,pl1s,1,0.44617700576782227,8
2021-07-15,si1s,1,0.4688393771648407,8
2021-07-15,pl1s,0,0.4579574465751648,8
2021-07-16,si1s,1,0.46645814180374146,8
2021-07-16,pl1s,0,0.4699539244174957,8
2021-07-19,si1s,0,0.4741591811180115,8
2021-07-19,pl1s,0,0.4797033965587616,8
2021-07-20,si1s,1,0.4557255804538727,8
2021-07-20,pl1s,1,0.4748384952545166,8
2021-07-21,pl1s,1,0.48004457354545593,8
2021-07-21,si1s,0,0.45916858315467834,8
2021-07-22,pl1s,0,0.42470782995224,8
2021-07-22,si1s,0,0.4630914032459259,8
2021-07-23,si1s,0,0.4681323766708374,8
2021-07-23,pl1s,1,0.4815419912338257,8
2021-07-26,pl1s,0,0.4648597538471222,8
2021-07-26,si1s,0,0.4695548713207245,8
2021-07-27,si1s,1,0.47141656279563904,8
2021-07-27,pl1s,1,0.47872722148895264,8
2021-07-28,si1s,1,0.44616860151290894,8
2021-07-28,pl1s,1,0.46458500623703003,8
2021-07-29,pl1s,0,0.4877549111843109,8
2021-07-29,si1s,0,0.43369588255882263,8
2021-07-30,si1s,0,0.44886720180511475,8
2021-07-30,pl1s,1,0.49149829149246216,8
2021-08-02,pl1s,0,0.4580670893192291,8
2021-08-02,si1s,0,0.45132383704185486,8
2021-08-03,gc1s,1,0.48043376207351685,8
2021-08-03,si1s,0,0.4402596056461334,8
2021-08-03,pl1s,0,0.4302437901496887,8
2021-08-04,gc1s,1,0.4646000862121582,8
2021-08-04,si1s,0,0.44045618176460266,8
2021-08-04,pl1s,0,0.46666160225868225,8
2021-08-05,si1s,0,0.43479546904563904,8
2021-08-06,si1s,0,0.44306573271751404,8
2021-08-09,gc1s,1,0.4987405240535736,8
2021-08-09,si1s,0,0.451516717672348,8
2021-08-09,pl1s,1,0.5002592206001282,8
2021-08-10,pl1s,1,0.5106707811355591,8
2021-08-10,si1s,0,0.44713106751441956,8
2021-08-10,gc1s,1,0.5062093138694763,8
2021-08-11,si1s,0,0.42962920665740967,8
2021-08-11,gc1s,1,0.5072701573371887,8
2021-08-11,pl1s,1,0.49148067831993103,8
2021-08-12,si1s,1,0.4732736051082611,8
2021-08-12,gc1s,1,0.517688512802124,8
2021-08-13,si1s,0,0.4473986327648163,8
2021-08-16,si1s,0,0.45212310552597046,8
2021-08-16,pl1s,0,0.4266502261161804,8
2021-08-17,si1s,0,0.4442950189113617,8
2021-08-17,pl1s,1,0.47111353278160095,8
2021-08-18,pl1s,0,0.46505406498908997,8
2021-08-18,si1s,0,0.44866928458213806,8
2021-08-19,pl1s,1,0.4923326075077057,8
2021-08-19,si1s,0,0.4631395637989044,8
2021-08-20,si1s,1,0.4535868465900421,8
2021-08-20,pl1s,1,0.4669313132762909,8
2021-08-23,si1s,1,0.4343225359916687,8
2021-08-23,pl1s,0,0.4606195390224457,8
2021-08-24,si1s,0,0.4481579661369324,8
2021-08-24,pl1s,1,0.4445170760154724,8
2021-08-25,pl1s,0,0.4676740765571594,8
2021-08-25,si1s,0,0.45177966356277466,8
2021-08-26,pl1s,1,0.4070740044116974,8
2021-08-26,si1s,1,0.4509086608886719,8
2021-08-27,pl1s,0,0.4049195349216461,8
2021-08-27,si1s,0,0.43075764179229736,8
2021-08-30,si1s,0,0.4499151110649109,8
2021-08-30,pl1s,1,0.4054773449897766,8
2021-08-31,si1s,0,0.4489177465438843,8
2021-08-31,pl1s,0,0.41174647212028503,8
2021-09-01,si1s,0,0.4215666353702545,8
2021-09-01,pl1s,0,0.4079342484474182,8
2021-09-02,si1s,0,0.42993950843811035,8
2021-09-02,pl1s,1,0.40210825204849243,8
2021-09-03,si1s,1,0.43480879068374634,8
2021-09-03,pl1s,0,0.45132961869239807,8
2021-09-07,pl1s,0,0.45773348212242126,8
2021-09-07,si1s,1,0.4434368312358856,8
2021-09-08,si1s,0,0.4197269678115845,8
2021-09-08,pl1s,0,0.44857969880104065,8
2021-09-09,pl1s,0,0.4637554883956909,8
2021-09-09,si1s,1,0.4193432927131653,8
2021-09-10,pl1s,1,0.4921959638595581,8
2021-09-10,si1s,0,0.45408645272254944,8
2021-09-13,pl1s,0,0.47976377606391907,8
2021-09-13,si1s,0,0.45587238669395447,8
2021-09-14,si1s,0,0.45882463455200195,8
2021-09-14,pl1s,0,0.4968271255493164,8
2021-09-15,pl1s,0,0.48614856600761414,8
2021-09-15,si1s,0,0.4509049654006958,8
2021-09-16,si1s,0,0.47052299976348877,8
2021-09-16,pl1s,1,0.5081182718276978,8
2021-09-17,si1s,0,0.43844491243362427,8
2021-09-17,pl1s,0,0.4948732256889343,8
2021-09-20,si1s,1,0.4675304889678955,8
2021-09-20,gc1s,0,0.47423574328422546,8
2021-09-20,pl1s,1,0.5153770446777344,8
2021-09-21,si1s,1,0.4756726026535034,8
2021-09-21,gc1s,0,0.4657629728317261,8
2021-09-21,pl1s,1,0.47474977374076843,8
2021-09-22,si1s,0,0.4794924855232239,8
2021-09-22,pl1s,0,0.48183098435401917,8
2021-09-22,gc1s,0,0.4806755781173706,8
2021-09-23,pl1s,0,0.4847877323627472,8
2021-09-23,gc1s,0,0.45831483602523804,8
2021-09-23,si1s,0,0.4669954776763916,8
2021-09-24,gc1s,0,0.4328616261482239,8
2021-09-24,si1s,0,0.4596707224845886,8
2021-09-27,si1s,0,0.4683770537376404,8
2021-09-27,gc1s,0,0.4805756211280823,8
2021-09-27,pl1s,0,0.4777452349662781,8
2021-09-28,si1s,0,0.47946712374687195,8
2021-09-28,pl1s,0,0.4825201630592346,8
2021-09-28,gc1s,0,0.5079726576805115,8
2021-09-29,si1s,1,0.46556344628334045,8
2021-09-29,pl1s,1,0.4709606468677521,8
2021-09-29,gc1s,1,0.47437670826911926,8
2021-09-30,si1s,1,0.4514949917793274,8
2021-09-30,pl1s,1,0.47973600029945374,8
2021-10-01,pl1s,0,0.48707205057144165,8
2021-10-04,pl1s,0,0.48537954688072205,8
2020-08-20,si1s,0,0.47660645842552185,9
2020-08-20,gc1s,0,0.48508328199386597,9
2020-08-20,pl1s,0,0.5329300761222839,9
2020-08-21,pl1s,0,0.5365068316459656,9
2020-08-21,gc1s,0,0.506939172744751,9
2020-08-21,si1s,0,0.45821335911750793,9
2020-08-24,pl1s,1,0.5657889246940613,9
2020-08-24,gc1s,0,0.5401515364646912,9
2020-08-25,pl1s,1,0.5536406636238098,9
2020-08-25,si1s,1,0.5316861271858215,9
2020-08-26,pl1s,0,0.5413112044334412,9
2020-08-27,pl1s,1,0.5663807988166809,9
2020-08-27,si1s,0,0.5039713382720947,9
2020-08-28,pl1s,1,0.5416433215141296,9
2020-08-28,si1s,0,0.5000618696212769,9
2020-08-31,pl1s,1,0.5896145701408386,9
2020-08-31,si1s,1,0.5170598030090332,9
2020-09-01,si1s,1,0.4920468032360077,9
2020-09-01,pl1s,0,0.5698419213294983,9
2020-09-02,si1s,1,0.4864650368690491,9
2020-09-02,pl1s,0,0.5893977880477905,9
2020-09-03,si1s,0,0.4779122471809387,9
2020-09-03,pl1s,1,0.5627129077911377,9
2020-09-04,si1s,0,0.5096485018730164,9
2020-09-04,pl1s,1,0.6111161708831787,9
2020-09-08,si1s,0,0.5137282609939575,9
2020-09-08,pl1s,1,0.5662232637405396,9
2020-09-09,pl1s,1,0.5866420865058899,9
2020-09-10,si1s,0,0.5184752941131592,9
2020-09-11,si1s,1,0.5184733271598816,9
2020-09-14,si1s,0,0.4830159842967987,9
2020-09-14,pl1s,0,0.5847934484481812,9
2020-09-15,pl1s,1,0.5826479196548462,9
2020-09-15,si1s,0,0.4595366418361664,9
2020-09-16,pl1s,0,0.5817415118217468,9
2020-09-16,si1s,0,0.45733606815338135,9
2020-09-17,pl1s,1,0.5893431305885315,9
2020-09-17,si1s,0,0.5033088326454163,9
2020-09-18,pl1s,0,0.5816620588302612,9
2020-09-18,si1s,0,0.5080049633979797,9
2020-09-21,si1s,1,0.5338388681411743,9
2020-09-21,pl1s,0,0.5835968255996704,9
2020-09-22,si1s,1,0.5443145632743835,9
2020-09-22,pl1s,0,0.587675929069519,9
2020-09-23,gc1s,1,0.5413298010826111,9
2020-09-24,si1s,1,0.5446198582649231,9
2020-09-24,gc1s,0,0.5321547985076904,9
2020-09-25,pl1s,1,0.5853994488716125,9
2020-09-25,gc1s,1,0.524811863899231,9
2020-09-28,gc1s,1,0.5137112140655518,9
2020-09-28,si1s,0,0.5158053636550903,9
2020-09-28,pl1s,1,0.5863942503929138,9
2020-09-29,gc1s,0,0.49372610449790955,9
2020-09-29,si1s,1,0.4719724953174591,9
2020-09-30,pl1s,0,0.5719352960586548,9
2020-09-30,gc1s,1,0.5007343888282776,9
2020-09-30,si1s,1,0.5023475289344788,9
2020-10-01,pl1s,0,0.5704838037490845,9
2020-10-02,si1s,1,0.49759507179260254,9
2020-10-02,pl1s,1,0.5733038783073425,9
2020-10-05,pl1s,0,0.5815994739532471,9
2020-10-05,si1s,1,0.5150266885757446,9
2020-10-06,pl1s,0,0.5290524959564209,9
2020-10-06,si1s,1,0.5026945471763611,9
2020-10-07,pl1s,0,0.5760111212730408,9
2020-10-07,si1s,1,0.5193816423416138,9
2020-10-08,pl1s,1,0.5843580961227417,9
2020-10-08,si1s,1,0.5139913558959961,9
2020-10-09,si1s,1,0.5172104239463806,9
2020-10-09,pl1s,0,0.604606568813324,9
2020-10-12,pl1s,0,0.5800697803497314,9
2020-10-12,si1s,1,0.49239587783813477,9
2020-10-13,pl1s,0,0.5582519173622131,9
2020-10-14,si1s,0,0.4545803666114807,9
2020-10-14,pl1s,0,0.5363355875015259,9
2020-10-15,pl1s,1,0.5031439661979675,9
2020-10-16,si1s,0,0.5260380506515503,9
2020-10-16,pl1s,0,0.5330168604850769,9
2020-10-19,gc1s,0,0.49520954489707947,9
2020-10-19,si1s,0,0.5349787473678589,9
2020-10-19,pl1s,1,0.5247533321380615,9
2020-10-20,pl1s,1,0.5109909772872925,9
2020-10-20,si1s,0,0.5281115770339966,9
2020-10-20,gc1s,0,0.4980144500732422,9
2020-10-21,gc1s,0,0.5019860863685608,9
2020-10-21,si1s,0,0.48135918378829956,9
2020-10-21,pl1s,0,0.5246944427490234,9
2020-10-22,gc1s,0,0.4987858831882477,9
2020-10-22,pl1s,1,0.5361486673355103,9
2020-10-22,si1s,0,0.46348854899406433,9
2020-10-23,pl1s,0,0.548215925693512,9
2020-10-23,gc1s,0,0.48514965176582336,9
2020-10-23,si1s,0,0.4823647141456604,9
2020-10-26,gc1s,0,0.4980196952819824,9
2020-10-26,pl1s,1,0.5851207971572876,9
2020-10-26,si1s,0,0.5224983096122742,9
2020-10-27,gc1s,0,0.5093896985054016,9
2020-10-27,pl1s,0,0.5854529738426208,9
2020-10-27,si1s,0,0.5194071531295776,9
2020-10-28,si1s,1,0.48993441462516785,9
2020-10-28,pl1s,0,0.5109888315200806,9
2020-10-28,gc1s,0,0.495151549577713,9
2020-10-29,si1s,1,0.5114247798919678,9
2020-10-29,pl1s,0,0.571603536605835,9
2020-10-29,gc1s,1,0.4957418143749237,9
2020-10-30,gc1s,1,0.5108978748321533,9
2020-10-30,pl1s,1,0.5609554052352905,9
2020-10-30,si1s,1,0.517954409122467,9
2020-11-02,pl1s,1,0.5160773992538452,9
2020-11-02,si1s,0,0.5103974342346191,9
2020-11-03,gc1s,0,0.51644366979599,9
2020-11-03,si1s,1,0.508204996585846,9
2020-11-03,pl1s,0,0.5621445178985596,9
2020-11-04,si1s,1,0.5171782970428467,9
2020-11-04,pl1s,1,0.5678415894508362,9
2020-11-04,gc1s,1,0.5173702239990234,9
2020-11-05,pl1s,0,0.5524749159812927,9
2020-11-05,si1s,0,0.4931471049785614,9
2020-11-06,si1s,1,0.4726336896419525,9
2020-11-06,pl1s,0,0.5526268482208252,9
2020-11-09,si1s,1,0.532206654548645,9
2020-11-09,pl1s,1,0.5959814190864563,9
2020-11-10,si1s,0,0.5350088477134705,9
2020-11-10,pl1s,0,0.6345095038414001,9
2020-11-10,gc1s,0,0.5087445974349976,9
2020-11-11,si1s,1,0.5333268046379089,9
2020-11-11,pl1s,1,0.6387109756469727,9
2020-11-12,si1s,0,0.5065279006958008,9
2020-11-12,pl1s,1,0.6424379944801331,9
2020-11-12,gc1s,0,0.5317465662956238,9
2020-11-13,si1s,0,0.4977715313434601,9
2020-11-13,pl1s,1,0.601413905620575,9
2020-11-16,pl1s,1,0.6087828874588013,9
2020-11-16,si1s,0,0.524246335029602,9
2020-11-17,pl1s,1,0.5432958006858826,9
2020-11-17,si1s,1,0.4243088364601135,9
2020-11-18,pl1s,1,0.5669050812721252,9
2020-11-18,si1s,0,0.41998806595802307,9
2020-11-19,si1s,0,0.41422057151794434,9
2020-11-19,pl1s,1,0.5273444652557373,9
2020-11-19,gc1s,0,0.420118123292923,9
2020-11-20,pl1s,0,0.5275524854660034,9
2020-11-20,si1s,0,0.4185338020324707,9
2020-11-23,gc1s,0,0.4846927225589752,9
2020-11-23,pl1s,1,0.5192868709564209,9
2020-11-23,si1s,0,0.4924795925617218,9
2020-11-24,gc1s,0,0.5172857642173767,9
2020-11-24,pl1s,1,0.5804016590118408,9
2020-11-24,si1s,0,0.5161554217338562,9
2020-11-25,gc1s,0,0.5033571124076843,9
2020-11-25,si1s,0,0.4551989436149597,9
2020-11-27,gc1s,0,0.5306965708732605,9
2020-11-27,si1s,1,0.5461705327033997,9
2020-11-30,gc1s,1,0.5140514969825745,9
2020-11-30,si1s,1,0.5278890132904053,9
2020-12-01,gc1s,1,0.52046138048172,9
2020-12-01,pl1s,0,0.5502604842185974,9
2020-12-02,pl1s,0,0.5648311376571655,9
2020-12-02,gc1s,1,0.5105262994766235,9
2020-12-03,pl1s,0,0.5650893449783325,9
2020-12-03,si1s,1,0.5355780720710754,9
2020-12-04,si1s,1,0.5206899046897888,9
2020-12-04,pl1s,1,0.5445908904075623,9
2020-12-07,pl1s,1,0.5619968175888062,9
2020-12-07,si1s,0,0.5218234658241272,9
2020-12-08,si1s,0,0.5135205388069153,9
2020-12-08,pl1s,1,0.560845673084259,9
2020-12-09,pl1s,0,0.5541312098503113,9
2020-12-09,si1s,1,0.5006136894226074,9
2020-12-10,pl1s,1,0.5491783022880554,9
2020-12-10,si1s,1,0.5182439684867859,9
2020-12-11,si1s,1,0.4895360767841339,9
2020-12-11,pl1s,1,0.5003237128257751,9
2020-12-14,si1s,1,0.5120136141777039,9
2020-12-14,pl1s,0,0.5216254591941833,9
2020-12-14,gc1s,1,0.486144483089447,9
2020-12-15,si1s,1,0.46104496717453003,9
2020-12-15,gc1s,1,0.5055059790611267,9
2020-12-15,pl1s,1,0.5441727042198181,9
2020-12-16,pl1s,0,0.5212787389755249,9
2020-12-16,gc1s,1,0.49534839391708374,9
2020-12-16,si1s,1,0.5158364176750183,9
2020-12-17,si1s,0,0.5292308926582336,9
2020-12-17,pl1s,1,0.5587378144264221,9
2020-12-18,pl1s,1,0.5740740895271301,9
2020-12-18,si1s,0,0.46505308151245117,9
2020-12-21,pl1s,1,0.5240471959114075,9
2020-12-21,si1s,0,0.5172075033187866,9
2020-12-22,pl1s,0,0.5376559495925903,9
2020-12-22,si1s,1,0.5268999338150024,9
2020-12-23,pl1s,0,0.5189768075942993,9
2020-12-23,si1s,1,0.5314037203788757,9
2020-12-24,si1s,1,0.5235621333122253,9
2020-12-24,gc1s,1,0.5020791888237,9
2020-12-24,pl1s,0,0.49208152294158936,9
2020-12-28,pl1s,0,0.5283707976341248,9
2020-12-28,gc1s,1,0.5015268325805664,9
2020-12-28,si1s,0,0.5141822099685669,9
2020-12-29,si1s,1,0.5191292762756348,9
2020-12-29,pl1s,0,0.5504648089408875,9
2020-12-29,gc1s,1,0.5019928216934204,9
2020-12-30,pl1s,0,0.49003365635871887,9
2020-12-30,gc1s,1,0.5012221932411194,9
2020-12-30,si1s,0,0.46964210271835327,9
2020-12-31,si1s,1,0.45340365171432495,9
2020-12-31,pl1s,1,0.4832671284675598,9
2020-12-31,gc1s,1,0.501120388507843,9
2021-01-04,si1s,0,0.44495534896850586,9
2021-01-04,pl1s,1,0.5126667022705078,9
2021-01-04,gc1s,0,0.48554080724716187,9
2021-01-05,si1s,1,0.4507085978984833,9
2021-01-05,pl1s,0,0.5564851760864258,9
2021-01-07,pl1s,1,0.5517570972442627,9
2021-01-08,pl1s,0,0.5348924398422241,9
2021-01-08,si1s,0,0.5231878161430359,9
2021-01-11,pl1s,1,0.5611792802810669,9
2021-01-12,pl1s,0,0.5520766377449036,9
2021-01-12,si1s,0,0.5212332606315613,9
2021-01-13,pl1s,0,0.5648320913314819,9
2021-01-13,si1s,0,0.5172548890113831,9
2021-01-14,pl1s,1,0.5463574528694153,9
2021-01-14,si1s,1,0.5164228081703186,9
2021-01-15,pl1s,0,0.5391314625740051,9
2021-01-15,si1s,0,0.5184327363967896,9
2021-01-19,si1s,0,0.5024508237838745,9
2021-01-19,pl1s,0,0.5278719663619995,9
2021-01-20,si1s,0,0.490227073431015,9
2021-01-20,pl1s,0,0.5406628847122192,9
2021-01-20,gc1s,1,0.5264834761619568,9
2021-01-21,pl1s,1,0.5410436391830444,9
2021-01-21,gc1s,1,0.5124926567077637,9
2021-01-21,si1s,0,0.5031541585922241,9
2021-01-22,pl1s,1,0.5627599358558655,9
2021-01-22,si1s,0,0.5154489278793335,9
2021-01-25,pl1s,0,0.5390649437904358,9
2021-01-25,si1s,0,0.4775852859020233,9
2021-01-26,si1s,0,0.4436199367046356,9
2021-01-26,pl1s,1,0.5253275632858276,9
2021-01-27,si1s,0,0.4908055067062378,9
2021-01-28,si1s,0,0.47539007663726807,9
2021-01-28,pl1s,1,0.5342791080474854,9
2021-01-29,pl1s,1,0.5742408037185669,9
2021-02-01,pl1s,1,0.5673090815544128,9
2021-02-01,si1s,1,0.5460348725318909,9
2021-02-02,pl1s,1,0.5648003220558167,9
2021-02-03,si1s,0,0.5211710929870605,9
2021-02-04,pl1s,1,0.6082635521888733,9
2021-02-04,si1s,1,0.5258123874664307,9
2021-02-04,gc1s,1,0.5512639880180359,9
2021-02-05,pl1s,1,0.6079930663108826,9
2021-02-05,si1s,1,0.5443251729011536,9
2021-02-08,si1s,0,0.5498129725456238,9
2021-02-08,pl1s,1,0.5897744297981262,9
2021-02-09,pl1s,0,0.5606823563575745,9
2021-02-09,si1s,0,0.5509337186813354,9
2021-02-10,pl1s,0,0.5335728526115417,9
2021-02-10,si1s,0,0.5408743023872375,9
2021-02-11,pl1s,0,0.5446810722351074,9
2021-02-11,si1s,0,0.5008317232131958,9
2021-02-12,pl1s,0,0.5462610721588135,9
2021-02-12,si1s,0,0.46880900859832764,9
2021-02-16,pl1s,1,0.5438921451568604,9
2021-02-16,si1s,0,0.5536035895347595,9
2021-02-17,si1s,0,0.5487834215164185,9
2021-02-17,pl1s,0,0.5701048374176025,9
2021-02-18,pl1s,0,0.5602836608886719,9
2021-02-18,si1s,0,0.48874351382255554,9
2021-02-19,pl1s,1,0.5438033938407898,9
2021-02-19,gc1s,1,0.5624495148658752,9
2021-02-19,si1s,0,0.5325679779052734,9
2021-02-22,pl1s,1,0.5330913662910461,9
2021-02-22,si1s,1,0.5137490630149841,9
2021-02-23,si1s,1,0.502833902835846,9
2021-02-23,pl1s,0,0.5032614469528198,9
2021-02-24,si1s,0,0.5201727747917175,9
2021-02-24,pl1s,1,0.5298675298690796,9
2021-02-25,pl1s,1,0.5463277101516724,9
2021-02-26,pl1s,0,0.539423406124115,9
2021-02-26,gc1s,0,0.5604659914970398,9
2021-02-26,si1s,0,0.5194828510284424,9
2021-03-01,pl1s,0,0.5429349541664124,9
2021-03-01,si1s,1,0.5195828676223755,9
2021-03-01,gc1s,0,0.5588381886482239,9
2021-03-02,gc1s,0,0.5470148921012878,9
2021-03-02,si1s,0,0.4888654351234436,9
2021-03-02,pl1s,1,0.5255789160728455,9
2021-03-03,gc1s,0,0.5533836483955383,9
2021-03-03,si1s,0,0.4994905889034271,9
2021-03-03,pl1s,0,0.5622279644012451,9
2021-03-04,si1s,0,0.5105617046356201,9
2021-03-04,gc1s,0,0.5493608713150024,9
2021-03-04,pl1s,0,0.5281735062599182,9
2021-03-05,pl1s,1,0.5792514085769653,9
2021-03-05,si1s,0,0.49763551354408264,9
2021-03-05,gc1s,0,0.5218579769134521,9
2021-03-08,gc1s,1,0.5282625555992126,9
2021-03-08,si1s,0,0.5095586180686951,9
2021-03-08,pl1s,1,0.5624470114707947,9
2021-03-09,pl1s,1,0.5434985160827637,9
2021-03-09,gc1s,1,0.4845240116119385,9
2020-08-20,si1s,0,0.5233452916145325,10
2020-08-20,gc1s,0,0.5233452916145325,10
2020-08-20,pl1s,0,0.5219948291778564,10
2020-08-21,pl1s,0,0.5219948291778564,10
2020-08-21,gc1s,0,0.5233452916145325,10
2020-08-21,si1s,0,0.5233452916145325,10
2020-08-24,pl1s,1,0.5265132188796997,10
2020-08-24,gc1s,0,0.5242497324943542,10
2020-08-25,pl1s,1,0.5265132188796997,10
2020-08-25,si1s,1,0.5242497324943542,10
2020-08-26,pl1s,0,0.5217791795730591,10
2020-08-27,pl1s,1,0.5265132188796997,10
2020-08-27,si1s,0,0.5242497324943542,10
2020-08-28,pl1s,1,0.528165340423584,10
2020-08-28,si1s,0,0.5242497324943542,10
2020-08-31,pl1s,1,0.528165340423584,10
2020-08-31,si1s,1,0.5242497324943542,10
2020-09-01,si1s,1,0.5242497324943542,10
2020-09-01,pl1s,0,0.528165340423584,10
2020-09-02,si1s,1,0.5217791795730591,10
2020-09-02,pl1s,0,0.528165340423584,10
2020-09-03,si1s,0,0.5233452916145325,10
2020-09-03,pl1s,1,0.5236484408378601,10
2020-09-04,si1s,0,0.5233452916145325,10
2020-09-04,pl1s,1,0.5236484408378601,10
2020-09-08,si1s,0,0.5233452916145325,10
2020-09-08,pl1s,1,0.5236484408378601,10
2020-09-09,pl1s,1,0.5236484408378601,10
2020-09-10,si1s,0,0.5242497324943542,10
2020-09-11,si1s,1,0.5233452916145325,10
2020-09-14,si1s,0,0.5193430185317993,10
2020-09-14,pl1s,0,0.5272616147994995,10
2020-09-15,pl1s,1,0.5272616147994995,10
2020-09-15,si1s,0,0.5193430185317993,10
2020-09-16,pl1s,0,0.5236484408378601,10
2020-09-16,si1s,0,0.516870379447937,10
2020-09-17,pl1s,1,0.5236484408378601,10
2020-09-17,si1s,0,0.5193430185317993,10
2020-09-18,pl1s,0,0.528165340423584,10
2020-09-18,si1s,0,0.5193430185317993,10
2020-09-21,si1s,1,0.5233452916145325,10
2020-09-21,pl1s,0,0.5272616147994995,10
2020-09-22,si1s,1,0.5233452916145325,10
2020-09-22,pl1s,0,0.5256091952323914,10
2020-09-23,gc1s,1,0.5208742618560791,10
2020-09-24,si1s,1,0.5233452916145325,10
2020-09-24,gc1s,0,0.5233452916145325,10
2020-09-25,pl1s,1,0.5256091952323914,10
2020-09-25,gc1s,1,0.5233452916145325,10
2020-09-28,gc1s,1,0.5233452916145325,10
2020-09-28,si1s,0,0.5233452916145325,10
2020-09-28,pl1s,1,0.5219948291778564,10
2020-09-29,gc1s,0,0.5242497324943542,10
2020-09-29,si1s,1,0.5242497324943542,10
2020-09-30,pl1s,0,0.5252358913421631,10
2020-09-30,gc1s,1,0.5252358913421631,10
2020-09-30,si1s,1,0.5217791795730591,10
2020-10-01,pl1s,0,0.5265132188796997,10
2020-10-02,si1s,1,0.5236693024635315,10
2020-10-02,pl1s,1,0.5265132188796997,10
2020-10-05,pl1s,0,0.5265132188796997,10
2020-10-05,si1s,1,0.5236693024635315,10
2020-10-06,pl1s,0,0.5265132188796997,10
2020-10-06,si1s,1,0.5242497324943542,10
2020-10-07,pl1s,0,0.5252358913421631,10
2020-10-07,si1s,1,0.5246555209159851,10
2020-10-08,pl1s,1,0.5265132188796997,10
2020-10-08,si1s,1,0.5236693024635315,10
2020-10-09,si1s,1,0.5236693024635315,10
2020-10-09,pl1s,0,0.5265132188796997,10
2020-10-12,pl1s,0,0.5265132188796997,10
2020-10-12,si1s,1,0.5236693024635315,10
2020-10-13,pl1s,0,0.5265132188796997,10
2020-10-14,si1s,0,0.5246555209159851,10
2020-10-14,pl1s,0,0.5243316292762756,10
2020-10-15,pl1s,1,0.5256091952323914,10
2020-10-16,si1s,0,0.5236693024635315,10
2020-10-16,pl1s,0,0.5256091952323914,10
2020-10-19,gc1s,0,0.5233452916145325,10
2020-10-19,si1s,0,0.5236693024635315,10
2020-10-19,pl1s,1,0.5256091952323914,10
2020-10-20,pl1s,1,0.5265132188796997,10
2020-10-20,si1s,0,0.5236693024635315,10
2020-10-20,gc1s,0,0.5242497324943542,10
2020-10-21,gc1s,0,0.5252358913421631,10
2020-10-21,si1s,0,0.5246555209159851,10
2020-10-21,pl1s,0,0.5252358913421631,10
2020-10-22,gc1s,0,0.5242497324943542,10
2020-10-22,pl1s,1,0.5265132188796997,10
2020-10-22,si1s,0,0.5236693024635315,10
2020-10-23,pl1s,0,0.5265132188796997,10
2020-10-23,gc1s,0,0.5242497324943542,10
2020-10-23,si1s,0,0.5236693024635315,10
2020-10-26,gc1s,0,0.5242497324943542,10
2020-10-26,pl1s,1,0.5259838104248047,10
2020-10-26,si1s,0,0.5236693024635315,10
2020-10-27,gc1s,0,0.5233452916145325,10
2020-10-27,pl1s,0,0.5272616147994995,10
2020-10-27,si1s,0,0.5236693024635315,10
2020-10-28,si1s,1,0.5203299522399902,10
2020-10-28,pl1s,0,0.5272616147994995,10
2020-10-28,gc1s,0,0.5243316292762756,10
2020-10-29,si1s,1,0.5193430185317993,10
2020-10-29,pl1s,0,0.5250796675682068,10
2020-10-29,gc1s,1,0.5233452916145325,10
2020-10-30,gc1s,1,0.5233452916145325,10
2020-10-30,pl1s,1,0.5250796675682068,10
2020-10-30,si1s,1,0.5236693024635315,10
2020-11-02,pl1s,1,0.5272616147994995,10
2020-11-02,si1s,0,0.5236693024635315,10
2020-11-03,gc1s,0,0.5242497324943542,10
2020-11-03,si1s,1,0.5236693024635315,10
2020-11-03,pl1s,0,0.528165340423584,10
2020-11-04,si1s,1,0.5246555209159851,10
2020-11-04,pl1s,1,0.5250796675682068,10
2020-11-04,gc1s,1,0.5207163691520691,10
2020-11-05,pl1s,0,0.5250796675682068,10
2020-11-05,si1s,0,0.5236693024635315,10
2020-11-06,si1s,1,0.5236693024635315,10
2020-11-06,pl1s,0,0.5250796675682068,10
2020-11-09,si1s,1,0.5236693024635315,10
2020-11-09,pl1s,1,0.528165340423584,10
2020-11-10,si1s,0,0.5236693024635315,10
2020-11-10,pl1s,0,0.5259838104248047,10
2020-11-10,gc1s,0,0.5242497324943542,10
2020-11-11,si1s,1,0.5246555209159851,10
2020-11-11,pl1s,1,0.5259838104248047,10
2020-11-12,si1s,0,0.5236693024635315,10
2020-11-12,pl1s,1,0.5259838104248047,10
2020-11-12,gc1s,0,0.5242497324943542,10
2020-11-13,si1s,0,0.5236693024635315,10
2020-11-13,pl1s,1,0.528165340423584,10
2020-11-16,pl1s,1,0.5259838104248047,10
2020-11-16,si1s,0,0.5236693024635315,10
2020-11-17,pl1s,1,0.5272616147994995,10
2020-11-17,si1s,1,0.5236693024635315,10
2020-11-18,pl1s,1,0.5272616147994995,10
2020-11-18,si1s,0,0.5246555209159851,10
2020-11-19,si1s,0,0.5236693024635315,10
2020-11-19,pl1s,1,0.5256091952323914,10
2020-11-19,gc1s,0,0.5233452916145325,10
2020-11-20,pl1s,0,0.5256091952323914,10
2020-11-20,si1s,0,0.5236693024635315,10
2020-11-23,gc1s,0,0.5233452916145325,10
2020-11-23,pl1s,1,0.5256091952323914,10
2020-11-23,si1s,0,0.5193430185317993,10
2020-11-24,gc1s,0,0.5242497324943542,10
2020-11-24,pl1s,1,0.5265132188796997,10
2020-11-24,si1s,0,0.5193430185317993,10
2020-11-25,gc1s,0,0.5252358913421631,10
2021-03-09,si1s,0,0.5193430185317993,10
2021-03-10,gc1s,1,0.5252358913421631,10
2021-03-10,si1s,0,0.5211983919143677,10
2021-03-10,pl1s,1,0.5217791795730591,10
2021-03-11,si1s,0,0.5236693024635315,10
2021-03-11,pl1s,0,0.5265132188796997,10
2021-03-11,gc1s,0,0.5242497324943542,10
2021-03-12,pl1s,1,0.5265132188796997,10
2021-03-12,gc1s,1,0.5242497324943542,10
2021-03-12,si1s,1,0.5236693024635315,10
2021-03-15,gc1s,0,0.5242497324943542,10
2021-03-15,si1s,1,0.5236693024635315,10
2021-03-15,pl1s,1,0.5265132188796997,10
2021-03-16,pl1s,0,0.5265132188796997,10
2021-03-16,si1s,0,0.5236693024635315,10
2021-03-16,gc1s,0,0.5242497324943542,10
2021-03-17,pl1s,1,0.5217791795730591,10
2021-03-17,si1s,0,0.5275853276252747,10
2021-03-17,gc1s,0,0.5252358913421631,10
2021-03-18,pl1s,0,0.5265132188796997,10
2021-03-18,gc1s,0,0.5242497324943542,10
2021-03-18,si1s,1,0.5275853276252747,10
2021-03-19,gc1s,0,0.5242497324943542,10
2021-03-19,si1s,1,0.5275853276252747,10
2021-03-19,pl1s,0,0.5265132188796997,10
2021-03-22,pl1s,0,0.528165340423584,10
2021-03-22,si1s,0,0.5275853276252747,10
2021-03-23,si1s,0,0.5232622623443604,10
2021-03-23,pl1s,1,0.528165340423584,10
2021-03-24,si1s,0,0.5232622623443604,10
2021-03-24,pl1s,0,0.528165340423584,10
2021-03-25,si1s,0,0.5236693024635315,10
2021-03-25,pl1s,1,0.528165340423584,10
2021-03-26,si1s,0,0.5236693024635315,10
2021-03-26,pl1s,1,0.528165340423584,10
2021-03-29,pl1s,0,0.528165340423584,10
2021-03-29,si1s,0,0.5236693024635315,10
2021-03-30,pl1s,1,0.528165340423584,10
2021-03-30,si1s,1,0.5193430185317993,10
2021-03-31,pl1s,1,0.528165340423584,10
2021-03-31,si1s,1,0.5246555209159851,10
2021-04-01,pl1s,1,0.528165340423584,10
2021-04-01,si1s,0,0.5206537842750549,10
2021-04-05,pl1s,1,0.5236484408378601,10
2021-04-05,si1s,1,0.5206537842750549,10
2021-04-06,si1s,0,0.5206537842750549,10
2021-04-06,gc1s,0,0.5233452916145325,10
2021-04-07,pl1s,1,0.5236484408378601,10
2021-04-07,gc1s,0,0.5207163691520691,10
2021-04-07,si1s,0,0.5246555209159851,10
2021-04-08,si1s,0,0.5206537842750549,10
2021-04-08,pl1s,0,0.5236484408378601,10
2021-04-09,pl1s,0,0.5236484408378601,10
2021-04-09,gc1s,0,0.5197294354438782,10
2021-04-09,si1s,0,0.5206537842750549,10
2021-04-12,pl1s,0,0.5236484408378601,10
2021-04-12,si1s,1,0.5206537842750549,10
2021-04-13,si1s,1,0.5206537842750549,10
2021-04-13,pl1s,1,0.528165340423584,10
2021-04-14,si1s,1,0.5216405987739563,10
2021-04-14,pl1s,1,0.528165340423584,10
2021-04-15,pl1s,1,0.528165340423584,10
2021-04-16,si1s,0,0.5206537842750549,10
2021-04-16,pl1s,0,0.528165340423584,10
2021-04-20,pl1s,1,0.528165340423584,10
2021-04-21,pl1s,0,0.5236484408378601,10
2021-04-21,si1s,1,0.5246555209159851,10
2021-04-22,pl1s,1,0.5236484408378601,10
2021-04-23,pl1s,1,0.5236484408378601,10
2021-04-26,pl1s,1,0.528165340423584,10
2021-04-26,si1s,0,0.5236693024635315,10
2021-04-27,pl1s,0,0.528165340423584,10
2021-04-27,si1s,1,0.5236693024635315,10
2021-04-28,si1s,0,0.5246555209159851,10
2021-04-28,pl1s,0,0.528165340423584,10
2021-04-29,pl1s,1,0.528165340423584,10
2021-04-29,si1s,0,0.5193430185317993,10
2021-04-30,si1s,1,0.5193430185317993,10
2021-04-30,pl1s,1,0.528165340423584,10
2021-05-03,si1s,1,0.5206537842750549,10
2021-05-03,pl1s,1,0.528165340423584,10
2021-05-04,pl1s,0,0.528165340423584,10
2021-05-04,si1s,1,0.5206537842750549,10
2021-05-05,pl1s,1,0.528165340423584,10
2021-05-05,si1s,1,0.5216405987739563,10
2021-05-06,si1s,0,0.5236693024635315,10
2021-05-06,pl1s,0,0.528165340423584,10
2021-05-07,gc1s,0,0.5242497324943542,10
2021-05-07,si1s,0,0.5236693024635315,10
2021-05-07,pl1s,1,0.528165340423584,10
2021-05-10,si1s,0,0.5236693024635315,10
2021-05-10,pl1s,0,0.528165340423584,10
2021-05-11,pl1s,0,0.528165340423584,10
2021-05-11,si1s,1,0.5236693024635315,10
2021-05-12,si1s,0,0.516870379447937,10
2021-05-12,pl1s,0,0.528165340423584,10
2021-05-12,gc1s,1,0.5217791795730591,10
2021-05-13,si1s,0,0.5193430185317993,10
2021-05-13,pl1s,1,0.528165340423584,10
2021-05-13,gc1s,1,0.5242497324943542,10
2021-05-14,pl1s,1,0.528165340423584,10
2021-05-14,si1s,0,0.5193430185317993,10
2021-05-17,pl1s,0,0.528165340423584,10
2021-05-17,gc1s,1,0.5242497324943542,10
2021-05-17,si1s,1,0.5206537842750549,10
2021-05-18,pl1s,0,0.528165340423584,10
2021-05-18,si1s,1,0.5206537842750549,10
2021-05-18,gc1s,1,0.5242497324943542,10
2021-05-19,pl1s,1,0.5236484408378601,10
2021-05-19,gc1s,0,0.5172569751739502,10
2021-05-19,si1s,1,0.516870379447937,10
2021-05-20,si1s,1,0.5193430185317993,10
2021-05-20,pl1s,0,0.5236484408378601,10
2021-05-20,gc1s,0,0.5197294354438782,10
2021-05-21,pl1s,1,0.5236484408378601,10
2021-05-21,si1s,0,0.5193430185317993,10
2021-05-24,si1s,0,0.522354781627655,10
2021-05-24,pl1s,1,0.5236484408378601,10
2021-05-25,si1s,0,0.522354781627655,10
2021-05-25,pl1s,1,0.5236484408378601,10
2021-05-26,pl1s,0,0.5236484408378601,10
2021-05-27,pl1s,1,0.5236484408378601,10
2021-05-28,gc1s,0,0.5242497324943542,10
2021-05-28,pl1s,1,0.528165340423584,10
2021-05-28,si1s,0,0.522354781627655,10
2021-06-01,gc1s,0,0.5242497324943542,10
2021-06-01,si1s,0,0.522354781627655,10
2021-06-01,pl1s,0,0.528165340423584,10
2021-06-02,si1s,1,0.5198833346366882,10
2021-06-02,pl1s,0,0.528165340423584,10
2021-06-03,pl1s,1,0.5236484408378601,10
2021-06-03,si1s,1,0.522354781627655,10
2021-06-04,pl1s,1,0.5236484408378601,10
2021-06-07,pl1s,0,0.5236484408378601,10
2021-06-08,pl1s,0,0.5236484408378601,10
2021-06-08,si1s,0,0.522354781627655,10
2021-06-09,pl1s,0,0.5236484408378601,10
2021-06-09,si1s,0,0.5198833346366882,10
2021-06-10,si1s,0,0.522354781627655,10
2021-06-11,pl1s,1,0.5236484408378601,10
2021-06-11,si1s,1,0.522354781627655,10
2021-06-14,si1s,1,0.522354781627655,10
2021-06-14,pl1s,0,0.5236484408378601,10
2021-06-15,si1s,0,0.522354781627655,10
2021-06-15,pl1s,0,0.528165340423584,10
2021-06-16,si1s,1,0.5198833346366882,10
2021-06-16,pl1s,0,0.528165340423584,10
2021-06-17,si1s,1,0.522354781627655,10
2021-06-17,pl1s,0,0.5256091952323914,10
2021-06-18,pl1s,1,0.5256091952323914,10
2020-08-20,si1s,0,0.4531608521938324,11
2020-08-20,gc1s,0,0.4964883625507355,11
2020-08-20,pl1s,0,0.4959913194179535,11
2020-08-21,pl1s,0,0.4911421537399292,11
2020-08-21,gc1s,0,0.49742528796195984,11
2020-08-21,si1s,0,0.4754054844379425,11
2020-08-24,pl1s,1,0.49246352910995483,11
2020-08-24,gc1s,0,0.5000525712966919,11
2020-08-25,pl1s,1,0.49533095955848694,11
2020-08-25,si1s,1,0.4731283485889435,11
2020-08-26,pl1s,0,0.4835526645183563,11
2020-08-27,pl1s,1,0.5066096186637878,11
2020-08-27,si1s,0,0.4882495701313019,11
2020-08-28,pl1s,1,0.5232234597206116,11
2020-08-28,si1s,0,0.47911572456359863,11
2020-08-31,pl1s,1,0.5949690341949463,11
2020-08-31,si1s,1,0.5063756108283997,11
2020-09-01,si1s,1,0.4593212604522705,11
2020-09-01,pl1s,0,0.5845108032226562,11
2020-09-02,si1s,1,0.4647771716117859,11
2020-09-02,pl1s,0,0.5524631142616272,11
2020-09-03,si1s,0,0.44822031259536743,11
2020-09-03,pl1s,1,0.5653783679008484,11
2020-09-04,si1s,0,0.47880685329437256,11
2020-09-04,pl1s,1,0.5829257369041443,11
2020-09-08,si1s,0,0.45191067457199097,11
2020-09-08,pl1s,1,0.5712643265724182,11
2020-09-09,pl1s,1,0.5552905201911926,11
2020-09-10,si1s,0,0.4584428668022156,11
2020-09-11,si1s,1,0.4759766161441803,11
2020-09-14,si1s,0,0.4585226774215698,11
2020-09-14,pl1s,0,0.5830708742141724,11
2020-09-15,pl1s,1,0.5883474349975586,11
2020-09-15,si1s,0,0.42928919196128845,11
2020-09-16,pl1s,0,0.5645114779472351,11
2020-09-16,si1s,0,0.4117003083229065,11
2020-09-17,pl1s,1,0.5776206254959106,11
2020-09-17,si1s,0,0.4320223033428192,11
2020-09-18,pl1s,0,0.5873474478721619,11
2020-09-18,si1s,0,0.43384867906570435,11
2020-09-21,si1s,1,0.4778047502040863,11
2020-09-21,pl1s,0,0.5702124238014221,11
2020-09-22,si1s,1,0.46504878997802734,11
2020-09-22,pl1s,0,0.5079255700111389,11
2020-09-23,gc1s,1,0.4884325861930847,11
2020-09-24,si1s,1,0.4762035310268402,11
2020-09-24,gc1s,0,0.4886961281299591,11
2020-09-25,pl1s,1,0.48987776041030884,11
2020-09-25,gc1s,1,0.48458442091941833,11
2020-09-28,gc1s,1,0.5034162998199463,11
2020-09-28,si1s,0,0.45634397864341736,11
2020-09-28,pl1s,1,0.4945119023323059,11
2020-09-29,gc1s,0,0.5037608742713928,11
2020-09-29,si1s,1,0.4914485514163971,11
2020-09-30,pl1s,0,0.49976056814193726,11
2020-09-30,gc1s,1,0.5025779008865356,11
2020-09-30,si1s,1,0.464051753282547,11
2020-10-01,pl1s,0,0.5193426012992859,11
2020-10-02,si1s,1,0.47934749722480774,11
2020-10-02,pl1s,1,0.520442008972168,11
2020-10-05,pl1s,0,0.5207231640815735,11
2020-10-05,si1s,1,0.485118567943573,11
2020-10-06,pl1s,0,0.49724850058555603,11
2020-10-06,si1s,1,0.4830395579338074,11
2020-10-07,pl1s,0,0.48388293385505676,11
2020-10-07,si1s,1,0.49226123094558716,11
2020-10-08,pl1s,1,0.5211108326911926,11
2020-10-08,si1s,1,0.48810216784477234,11
2020-10-09,si1s,1,0.46256330609321594,11
2020-10-09,pl1s,0,0.5165274739265442,11
2020-10-12,pl1s,0,0.5202422738075256,11
2020-10-12,si1s,1,0.45845600962638855,11
2020-10-13,pl1s,0,0.4973774552345276,11
2020-10-14,si1s,0,0.45638230443000793,11
2020-10-14,pl1s,0,0.5022608637809753,11
2020-10-15,pl1s,1,0.5016151070594788,11
2020-10-16,si1s,0,0.46903669834136963,11
2020-10-16,pl1s,0,0.5112355351448059,11
2020-10-19,gc1s,0,0.5162619948387146,11
2020-10-19,si1s,0,0.48285484313964844,11
2020-10-19,pl1s,1,0.5083376169204712,11
2020-10-20,pl1s,1,0.4984419047832489,11
2020-10-20,si1s,0,0.4780469834804535,11
2020-10-20,gc1s,0,0.5097925066947937,11
2020-10-21,gc1s,0,0.5099604725837708,11
2020-10-21,si1s,0,0.4776870012283325,11
2020-10-21,pl1s,0,0.4968392550945282,11
2020-10-22,gc1s,0,0.5176865458488464,11
2020-10-22,pl1s,1,0.5094836950302124,11
2020-10-22,si1s,0,0.48490262031555176,11
2020-10-23,pl1s,0,0.5134920477867126,11
2020-10-23,gc1s,0,0.5148672461509705,11
2020-10-23,si1s,0,0.48490262031555176,11
2020-10-26,gc1s,0,0.5172364115715027,11
2020-10-26,pl1s,1,0.531030535697937,11
2020-10-26,si1s,0,0.4872569441795349,11
2020-10-27,gc1s,0,0.5104289650917053,11
2020-10-27,pl1s,0,0.585941731929779,11
2020-10-27,si1s,0,0.4879709482192993,11
2020-10-28,si1s,1,0.4418223202228546,11
2020-10-28,pl1s,0,0.5662174820899963,11
2020-10-28,gc1s,0,0.47293248772621155,11
2020-10-29,si1s,1,0.44524452090263367,11
2020-10-29,pl1s,0,0.5692867636680603,11
2020-10-29,gc1s,1,0.4848571717739105,11
2020-10-30,gc1s,1,0.5046051740646362,11
2020-10-30,pl1s,1,0.5653087496757507,11
2020-10-30,si1s,1,0.4739128351211548,11
2020-11-02,pl1s,1,0.509062647819519,11
2020-11-02,si1s,0,0.4844915568828583,11
2020-11-03,gc1s,0,0.520950973033905,11
2020-11-03,si1s,1,0.4922286570072174,11
2020-11-03,pl1s,0,0.573960542678833,11
2020-11-04,si1s,1,0.4746597111225128,11
2020-11-04,pl1s,1,0.571715235710144,11
2020-11-04,gc1s,1,0.4926301836967468,11
2020-11-05,pl1s,0,0.5906036496162415,11
2020-11-05,si1s,0,0.4790876507759094,11
2020-11-06,si1s,1,0.4764314293861389,11
2020-11-06,pl1s,0,0.593910813331604,11
2020-11-09,si1s,1,0.4933212399482727,11
2020-11-09,pl1s,1,0.5762577056884766,11
2020-11-10,si1s,0,0.4890398383140564,11
2020-11-10,pl1s,0,0.5848882794380188,11
2020-11-10,gc1s,0,0.49862217903137207,11
2020-11-11,si1s,1,0.4922291040420532,11
2020-11-11,pl1s,1,0.5706316232681274,11
2020-11-12,si1s,0,0.4953089654445648,11
2020-11-12,pl1s,1,0.5966887474060059,11
2020-11-12,gc1s,0,0.49491357803344727,11
2020-11-13,si1s,0,0.4999964237213135,11
2020-11-13,pl1s,1,0.5929179787635803,11
2020-11-16,pl1s,1,0.5867894887924194,11
2020-11-16,si1s,0,0.5027414560317993,11
2020-11-17,pl1s,1,0.5785676836967468,11
2020-11-17,si1s,1,0.48513472080230713,11
2020-11-18,pl1s,1,0.559054434299469,11
2020-11-18,si1s,0,0.4989059269428253,11
2020-11-19,si1s,0,0.46266239881515503,11
2020-11-19,pl1s,1,0.5072144269943237,11
2020-11-19,gc1s,0,0.4797297418117523,11
2020-11-20,pl1s,0,0.5135645866394043,11
2020-11-20,si1s,0,0.49549877643585205,11
2020-11-23,gc1s,0,0.46282583475112915,11
2020-11-23,pl1s,1,0.5196155309677124,11
2020-11-23,si1s,0,0.4415567219257355,11
2020-11-24,gc1s,0,0.49282020330429077,11
2020-11-24,pl1s,1,0.5082892179489136,11
2020-11-24,si1s,0,0.43145713210105896,11
2020-11-25,gc1s,0,0.4693136513233185,11
2021-06-18,si1s,1,0.45505592226982117,11
2021-06-21,si1s,0,0.4514506161212921,11
2021-06-21,pl1s,1,0.503470242023468,11
2021-06-22,si1s,1,0.4495953619480133,11
2021-06-22,pl1s,1,0.513447642326355,11
2021-06-23,pl1s,1,0.5062023997306824,11
2021-06-23,si1s,0,0.433737576007843,11
2021-06-24,si1s,0,0.43874233961105347,11
2021-06-25,si1s,0,0.4367719888687134,11
2021-06-28,si1s,0,0.44766566157341003,11
2021-06-29,pl1s,1,0.5098221898078918,11
2021-06-29,si1s,1,0.43543529510498047,11
2021-06-30,si1s,0,0.4567752480506897,11
2021-06-30,pl1s,1,0.4966922700405121,11
2021-07-01,si1s,1,0.46396613121032715,11
2021-07-01,pl1s,1,0.5044086575508118,11
2021-07-02,pl1s,0,0.502613365650177,11
2021-07-02,si1s,1,0.4509515166282654,11
2021-07-06,pl1s,0,0.5011988878250122,11
2021-07-06,si1s,0,0.4559372067451477,11
2021-07-07,pl1s,0,0.49491581320762634,11
2021-07-08,si1s,1,0.4602148234844208,11
2021-07-08,pl1s,1,0.508974552154541,11
2021-07-09,si1s,0,0.4575871229171753,11
2021-07-09,pl1s,1,0.4985435903072357,11
2021-07-12,si1s,0,0.4591211974620819,11
2021-07-12,pl1s,0,0.5190145969390869,11
2021-07-13,si1s,0,0.4550502896308899,11
2021-07-13,pl1s,1,0.5188235640525818,11
2021-07-14,pl1s,1,0.5136616230010986,11
2021-07-15,si1s,1,0.4465402066707611,11
2021-07-15,pl1s,0,0.5220237374305725,11
2021-07-16,si1s,1,0.4723075032234192,11
2021-07-16,pl1s,0,0.5160726308822632,11
2021-07-19,si1s,0,0.4474036991596222,11
2021-07-19,pl1s,0,0.5136768817901611,11
2021-07-20,si1s,1,0.44443413615226746,11
2021-07-20,pl1s,1,0.5007593631744385,11
2021-07-21,pl1s,1,0.4886537790298462,11
2021-07-21,si1s,0,0.4640994071960449,11
2021-07-22,pl1s,0,0.5019547343254089,11
2021-07-22,si1s,0,0.47043538093566895,11
2021-07-23,si1s,0,0.4654710292816162,11
2021-07-23,pl1s,1,0.4988786280155182,11
2021-07-26,pl1s,0,0.5146065354347229,11
2021-07-26,si1s,0,0.46604910492897034,11
2021-07-27,si1s,1,0.45116838812828064,11
2021-07-27,pl1s,1,0.5074664354324341,11
2021-07-28,si1s,1,0.45978087186813354,11
2021-07-28,pl1s,1,0.4943027198314667,11
2021-07-29,pl1s,0,0.510283887386322,11
2021-07-29,si1s,0,0.469461053609848,11
2021-07-30,si1s,0,0.46136486530303955,11
2021-07-30,pl1s,1,0.5003899931907654,11
2021-08-02,pl1s,0,0.5087047815322876,11
2021-08-02,si1s,0,0.472660630941391,11
2021-08-03,gc1s,1,0.503910481929779,11
2021-08-03,si1s,0,0.46906372904777527,11
2021-08-03,pl1s,0,0.5052090883255005,11
2021-08-04,gc1s,1,0.5022318959236145,11
2021-08-04,si1s,0,0.4733680486679077,11
2021-08-04,pl1s,0,0.49188125133514404,11
2021-08-05,si1s,0,0.47222453355789185,11
2021-08-06,si1s,0,0.4519890248775482,11
2021-08-09,gc1s,1,0.48771169781684875,11
2021-08-09,si1s,0,0.4542880058288574,11
2021-08-09,pl1s,1,0.5150235891342163,11
2021-08-10,pl1s,1,0.5097301006317139,11
2021-08-10,si1s,0,0.4716397523880005,11
2021-08-10,gc1s,1,0.4896063804626465,11
2021-08-11,si1s,0,0.46968111395835876,11
2021-08-11,gc1s,1,0.5033972859382629,11
2021-08-11,pl1s,1,0.49896353483200073,11
2021-08-12,si1s,1,0.47532790899276733,11
2021-08-12,gc1s,1,0.5129364728927612,11
2021-08-13,si1s,0,0.4671691060066223,11
2021-08-16,si1s,0,0.470194011926651,11
2021-08-16,pl1s,0,0.5114747881889343,11
2021-08-17,si1s,0,0.46532896161079407,11
2021-08-17,pl1s,1,0.5043618679046631,11
2021-08-18,pl1s,0,0.49591344594955444,11
2021-08-18,si1s,0,0.46932026743888855,11
2021-08-19,pl1s,1,0.5020186901092529,11
2021-08-19,si1s,0,0.47223326563835144,11
2021-08-20,si1s,1,0.47298017144203186,11
2021-08-20,pl1s,1,0.509941041469574,11
2021-08-23,si1s,1,0.4760702848434448,11
2021-08-23,pl1s,0,0.5190004706382751,11
2021-08-24,si1s,0,0.4784126579761505,11
2021-08-24,pl1s,1,0.5122156143188477,11
2021-08-25,pl1s,0,0.4974707067012787,11
2021-08-25,si1s,0,0.47376173734664917,11
2021-08-26,pl1s,1,0.5119943618774414,11
2021-08-26,si1s,1,0.4699237048625946,11
2021-08-27,pl1s,0,0.5098198652267456,11
2021-08-27,si1s,0,0.4683893620967865,11
2021-08-30,si1s,0,0.4726419448852539,11
2021-08-30,pl1s,1,0.5079820156097412,11
2021-08-31,si1s,0,0.48010385036468506,11
2021-08-31,pl1s,0,0.5211856961250305,11
2021-09-01,si1s,0,0.4732266664505005,11
2021-09-01,pl1s,0,0.49128276109695435,11
2021-09-02,si1s,0,0.47357574105262756,11
2021-09-02,pl1s,1,0.5071481466293335,11
2021-09-03,si1s,1,0.4859190285205841,11
2021-09-03,pl1s,0,0.5108029842376709,11
2021-09-07,pl1s,0,0.4991435110569,11
2021-09-07,si1s,1,0.49110862612724304,11
2021-09-08,si1s,0,0.5000322461128235,11
2021-09-08,pl1s,0,0.4768299460411072,11
2021-09-09,pl1s,0,0.49997055530548096,11
2021-09-09,si1s,1,0.49867838621139526,11
2021-09-10,pl1s,1,0.4963194727897644,11
2021-09-10,si1s,0,0.5037080645561218,11
2021-09-13,pl1s,0,0.5074692368507385,11
2021-09-13,si1s,0,0.5186263918876648,11
2021-09-14,si1s,0,0.512988805770874,11
2021-09-14,pl1s,0,0.4825097620487213,11
2021-09-15,pl1s,0,0.4737739861011505,11
2021-09-15,si1s,0,0.5122849345207214,11
2021-09-16,si1s,0,0.4470585286617279,11
2021-09-16,pl1s,1,0.5050187110900879,11
2021-09-17,si1s,0,0.44663745164871216,11
2021-09-17,pl1s,0,0.5064138174057007,11
2021-09-20,si1s,1,0.45132753252983093,11
2021-09-20,gc1s,0,0.5621118545532227,11
2021-09-20,pl1s,1,0.4950909912586212,11
2021-09-21,si1s,1,0.48289862275123596,11
2021-09-21,gc1s,0,0.5039659738540649,11
2021-09-21,pl1s,1,0.5080437064170837,11
2021-09-22,si1s,0,0.49556201696395874,11
2021-09-22,pl1s,0,0.4880136549472809,11
2021-09-22,gc1s,0,0.5057229995727539,11
2021-09-23,pl1s,0,0.5171900391578674,11
2021-09-23,gc1s,0,0.4764946401119232,11
2021-09-23,si1s,0,0.48345184326171875,11
2021-09-24,gc1s,0,0.4801493287086487,11
2021-09-24,si1s,0,0.47844254970550537,11
2021-09-27,si1s,0,0.4879460334777832,11
2021-09-27,gc1s,0,0.4958682954311371,11
2021-09-27,pl1s,0,0.5333946347236633,11
2021-09-28,si1s,0,0.484617680311203,11
2021-09-28,pl1s,0,0.5231001973152161,11
2021-09-28,gc1s,0,0.49143749475479126,11
2021-09-29,si1s,1,0.47638267278671265,11
2021-09-29,pl1s,1,0.5104008316993713,11
2021-09-29,gc1s,1,0.4862710237503052,11
2021-09-30,si1s,1,0.4847565293312073,11
2021-09-30,pl1s,1,0.5159354209899902,11
2021-10-01,pl1s,0,0.5211995244026184,11
2021-10-04,pl1s,0,0.5244256258010864,11
2020-11-25,si1s,0,0.3816613554954529,12
2020-11-27,gc1s,0,0.5489423274993896,12
2020-11-27,si1s,1,0.5247368216514587,12
2020-11-30,gc1s,1,0.5033097863197327,12
2020-11-30,si1s,1,0.5005435943603516,12
2020-12-01,gc1s,1,0.5319796800613403,12
2020-12-01,pl1s,0,0.5434168577194214,12
2020-12-02,pl1s,0,0.5479168891906738,12
2020-12-02,gc1s,1,0.5097720623016357,12
2020-12-03,pl1s,0,0.552727460861206,12
2020-12-03,si1s,1,0.5125085115432739,12
2020-12-04,si1s,1,0.476093053817749,12
2020-12-04,pl1s,1,0.5698469877243042,12
2020-12-07,pl1s,1,0.5715143084526062,12
2020-12-07,si1s,0,0.5084749460220337,12
2020-12-08,si1s,0,0.4891614317893982,12
2020-12-08,pl1s,1,0.532833993434906,12
2020-12-09,pl1s,0,0.5353778004646301,12
2020-12-09,si1s,1,0.48228052258491516,12
2020-12-10,pl1s,1,0.5357179641723633,12
2020-12-10,si1s,1,0.4587269723415375,12
2020-12-11,si1s,1,0.4575399160385132,12
2020-12-11,pl1s,1,0.48750099539756775,12
2020-12-14,si1s,1,0.44061583280563354,12
2020-12-14,pl1s,0,0.5179110169410706,12
2020-12-14,gc1s,1,0.47088441252708435,12
2020-12-15,si1s,1,0.4146442115306854,12
2020-12-15,gc1s,1,0.47235292196273804,12
2020-12-15,pl1s,1,0.5405268669128418,12
2020-12-16,pl1s,0,0.5400885939598083,12
2020-12-16,gc1s,1,0.4450768530368805,12
2020-12-16,si1s,1,0.48423638939857483,12
2020-12-17,si1s,0,0.5131332278251648,12
2020-12-17,pl1s,1,0.5507367849349976,12
2020-12-18,pl1s,1,0.558026909828186,12
2020-12-18,si1s,0,0.4602257311344147,12
2020-12-21,pl1s,1,0.5406976938247681,12
2020-12-21,si1s,0,0.5300199389457703,12
2020-12-22,pl1s,0,0.5300097465515137,12
2020-12-22,si1s,1,0.5043113827705383,12
2020-12-23,pl1s,0,0.5268394351005554,12
2020-12-23,si1s,1,0.48644840717315674,12
2020-12-24,si1s,1,0.4783478379249573,12
2020-12-24,gc1s,1,0.4213670790195465,12
2020-12-24,pl1s,0,0.4499555230140686,12
2020-12-28,pl1s,0,0.4755864143371582,12
2020-12-28,gc1s,1,0.4688490033149719,12
2020-12-28,si1s,0,0.5041395425796509,12
2020-12-29,si1s,1,0.47896990180015564,12
2020-12-29,pl1s,0,0.5268497467041016,12
2020-12-29,gc1s,1,0.4151639938354492,12
2020-12-30,pl1s,0,0.4484248459339142,12
2020-12-30,gc1s,1,0.4532783329486847,12
2020-12-30,si1s,0,0.41487762331962585,12
2020-12-31,si1s,1,0.4053860306739807,12
2020-12-31,pl1s,1,0.4622197449207306,12
2020-12-31,gc1s,1,0.4403678774833679,12
2021-01-04,si1s,0,0.45150262117385864,12
2021-01-04,pl1s,1,0.5077994465827942,12
2021-01-04,gc1s,0,0.4804428517818451,12
2021-01-05,si1s,1,0.43167102336883545,12
2021-01-05,pl1s,0,0.5573455691337585,12
2021-01-07,pl1s,1,0.5541335940361023,12
2021-01-08,pl1s,0,0.5174298286437988,12
2021-01-08,si1s,0,0.52940434217453,12
2021-01-11,pl1s,1,0.5463179349899292,12
2021-01-12,pl1s,0,0.508216381072998,12
2021-01-12,si1s,0,0.527940034866333,12
2021-01-13,pl1s,0,0.5244553089141846,12
2021-01-13,si1s,0,0.4998982846736908,12
2021-01-14,pl1s,1,0.5277645587921143,12
2021-01-14,si1s,1,0.5182979106903076,12
2021-01-15,pl1s,0,0.5178099870681763,12
2021-01-15,si1s,0,0.49264317750930786,12
2021-01-19,si1s,0,0.49010059237480164,12
2021-01-19,pl1s,0,0.5058943033218384,12
2021-01-20,si1s,0,0.49458450078964233,12
2021-01-20,pl1s,0,0.5209845900535583,12
2021-01-20,gc1s,1,0.5461893677711487,12
2021-01-21,pl1s,1,0.5449826717376709,12
2021-01-21,gc1s,1,0.5226738452911377,12
2021-01-21,si1s,0,0.507817804813385,12
2021-01-22,pl1s,1,0.5360260605812073,12
2021-01-22,si1s,0,0.5054275989532471,12
2021-01-25,pl1s,0,0.5172155499458313,12
2021-01-25,si1s,0,0.5003721714019775,12
2021-01-26,si1s,0,0.38407519459724426,12
2021-01-26,pl1s,1,0.5087205767631531,12
2021-01-27,si1s,0,0.47844141721725464,12
2021-01-28,si1s,0,0.4340840280056,12
2021-01-28,pl1s,1,0.5298917889595032,12
2021-01-29,pl1s,1,0.5786953568458557,12
2021-02-01,pl1s,1,0.5882386565208435,12
2021-02-01,si1s,1,0.572277843952179,12
2021-02-02,pl1s,1,0.5724698305130005,12
2021-02-03,si1s,0,0.4776240587234497,12
2021-02-04,pl1s,1,0.5755618810653687,12
2021-02-04,si1s,1,0.4957902729511261,12
2021-02-04,gc1s,1,0.5760640501976013,12
2021-02-05,pl1s,1,0.5867825746536255,12
2021-02-05,si1s,1,0.5001139640808105,12
2021-02-08,si1s,0,0.5090270042419434,12
2021-02-08,pl1s,1,0.5857325196266174,12
2021-02-09,pl1s,0,0.5481663942337036,12
2021-02-09,si1s,0,0.5214874744415283,12
2021-02-10,pl1s,0,0.5536903142929077,12
2021-02-10,si1s,0,0.4755707085132599,12
2021-02-11,pl1s,0,0.5477070808410645,12
2021-02-11,si1s,0,0.44705262780189514,12
2021-02-12,pl1s,0,0.5384886860847473,12
2021-02-12,si1s,0,0.3925975263118744,12
2021-02-16,pl1s,1,0.5654153227806091,12
2021-02-16,si1s,0,0.5268906950950623,12
2021-02-17,si1s,0,0.4535902738571167,12
2021-02-17,pl1s,0,0.5740313529968262,12
2021-02-18,pl1s,0,0.544764518737793,12
2021-02-18,si1s,0,0.45381730794906616,12
2021-02-19,pl1s,1,0.5496603846549988,12
2021-02-19,gc1s,1,0.5526113510131836,12
2021-02-19,si1s,0,0.4738346338272095,12
2021-02-22,pl1s,1,0.5479022264480591,12
2021-02-22,si1s,1,0.5456987619400024,12
2021-02-23,si1s,1,0.490130215883255,12
2021-02-23,pl1s,0,0.5332996249198914,12
2021-02-24,si1s,0,0.5134148597717285,12
2021-02-24,pl1s,1,0.5168042778968811,12
2021-02-25,pl1s,1,0.5265174508094788,12
2021-02-26,pl1s,0,0.524223268032074,12
2021-02-26,gc1s,0,0.5685590505599976,12
2021-02-26,si1s,0,0.5064851641654968,12
2021-03-01,pl1s,0,0.54313063621521,12
2021-03-01,si1s,1,0.46647194027900696,12
2021-03-01,gc1s,0,0.5698557496070862,12
2021-03-02,gc1s,0,0.5707653760910034,12
2021-03-02,si1s,0,0.5141788125038147,12
2021-03-02,pl1s,1,0.5164101719856262,12
2021-03-03,gc1s,0,0.5782923102378845,12
2021-03-03,si1s,0,0.5102888345718384,12
2021-03-03,pl1s,0,0.5327300429344177,12
2021-03-04,si1s,0,0.5428991317749023,12
2021-03-04,gc1s,0,0.5730868577957153,12
2021-03-04,pl1s,0,0.5408297777175903,12
2021-03-05,pl1s,1,0.5504150986671448,12
2021-03-05,si1s,0,0.5305858254432678,12
2021-03-05,gc1s,0,0.5567488670349121,12
2021-03-08,gc1s,1,0.5833369493484497,12
2021-03-08,si1s,0,0.5742081999778748,12
2021-03-08,pl1s,1,0.5416375994682312,12
2021-03-09,pl1s,1,0.5480042695999146,12
2021-03-09,gc1s,1,0.5591651797294617,12
2021-03-09,si1s,0,0.5089707374572754,12
2021-03-10,gc1s,1,0.5451920032501221,12
2021-03-10,si1s,0,0.5496169924736023,12
2021-03-10,pl1s,1,0.5503224730491638,12
2021-03-11,si1s,0,0.5292845368385315,12
2021-03-11,pl1s,0,0.557009220123291,12
2021-03-11,gc1s,0,0.5312836766242981,12
2021-03-12,pl1s,1,0.561733603477478,12
2021-03-12,gc1s,1,0.5397452116012573,12
2021-03-12,si1s,1,0.5586923360824585,12
2021-03-15,gc1s,0,0.5055046677589417,12
2021-03-15,si1s,1,0.4437597393989563,12
2021-03-15,pl1s,1,0.5476462841033936,12
2021-03-16,pl1s,0,0.5446508526802063,12
2021-03-16,si1s,0,0.48504698276519775,12
2021-03-16,gc1s,0,0.49519312381744385,12
2021-03-17,pl1s,1,0.5445590615272522,12
2021-03-17,si1s,0,0.5242204666137695,12
2021-03-17,gc1s,0,0.5009691715240479,12
2021-03-18,pl1s,0,0.5514850616455078,12
2021-03-18,gc1s,0,0.5392940640449524,12
2021-03-18,si1s,1,0.6044338345527649,12
2021-03-19,gc1s,0,0.51839679479599,12
2021-03-19,si1s,1,0.49040746688842773,12
2021-03-19,pl1s,0,0.5456230044364929,12
2021-03-22,pl1s,0,0.5996777415275574,12
2021-03-22,si1s,0,0.5496875643730164,12
2021-03-23,si1s,0,0.5294370651245117,12
2021-03-23,pl1s,1,0.6048336625099182,12
2021-03-24,si1s,0,0.5382722616195679,12
2021-03-24,pl1s,0,0.5757918953895569,12
2021-03-25,si1s,0,0.4635835886001587,12
2021-03-25,pl1s,1,0.5427123308181763,12
2021-03-26,si1s,0,0.4763903021812439,12
2021-03-26,pl1s,1,0.5797163248062134,12
2021-03-29,pl1s,0,0.588015079498291,12
2021-03-29,si1s,0,0.4713559150695801,12
2021-03-30,pl1s,1,0.5981378555297852,12
2021-03-30,si1s,1,0.48868849873542786,12
2021-03-31,pl1s,1,0.5896977782249451,12
2021-03-31,si1s,1,0.4337034821510315,12
2021-04-01,pl1s,1,0.5767211318016052,12
2021-04-01,si1s,0,0.47150489687919617,12
2021-04-05,pl1s,1,0.5835845470428467,12
2021-04-05,si1s,1,0.46812281012535095,12
2021-04-06,si1s,0,0.47137451171875,12
2021-04-06,gc1s,0,0.48630818724632263,12
2021-04-07,pl1s,1,0.5913198590278625,12
2021-04-07,gc1s,0,0.46688196063041687,12
2021-04-07,si1s,0,0.45515379309654236,12
2021-04-08,si1s,0,0.4794689118862152,12
2021-04-08,pl1s,0,0.5674117207527161,12
2021-04-09,pl1s,0,0.5494248867034912,12
2021-04-09,gc1s,0,0.469949871301651,12
2021-04-09,si1s,0,0.4701313376426697,12
2021-04-12,pl1s,0,0.5655066967010498,12
2021-04-12,si1s,1,0.4644276797771454,12
2021-04-13,si1s,1,0.43023020029067993,12
2021-04-13,pl1s,1,0.5727599859237671,12
2021-04-14,si1s,1,0.4406993091106415,12
2021-04-14,pl1s,1,0.5718374252319336,12
2021-04-15,pl1s,1,0.5679294466972351,12
2021-04-16,si1s,0,0.4834282696247101,12
2021-04-16,pl1s,0,0.5130699276924133,12
2021-04-20,pl1s,1,0.5497453212738037,12
2021-04-21,pl1s,0,0.5638357400894165,12
2021-04-21,si1s,1,0.4695013463497162,12
2021-04-22,pl1s,1,0.540213406085968,12
2021-04-23,pl1s,1,0.5778274536132812,12
2021-04-26,pl1s,1,0.5777446031570435,12
2021-04-26,si1s,0,0.4538823366165161,12
2021-04-27,pl1s,0,0.5955434441566467,12
2021-04-27,si1s,1,0.44233542680740356,12
2021-04-28,si1s,0,0.46975579857826233,12
2021-04-28,pl1s,0,0.5317901372909546,12
2021-04-29,pl1s,1,0.5979050397872925,12
2021-04-29,si1s,0,0.44531816244125366,12
2021-04-30,si1s,1,0.4639705419540405,12
2021-04-30,pl1s,1,0.571359395980835,12
2021-05-03,si1s,1,0.4587528705596924,12
2021-05-03,pl1s,1,0.5766960382461548,12
2021-05-04,pl1s,0,0.5508679151535034,12
2021-05-04,si1s,1,0.46747449040412903,12
2021-05-05,pl1s,1,0.5724779963493347,12
2021-05-05,si1s,1,0.4646645784378052,12
2021-05-06,si1s,0,0.4877017140388489,12
2021-05-06,pl1s,0,0.5656276941299438,12
2021-05-07,gc1s,0,0.5070655941963196,12
2021-05-07,si1s,0,0.4796452522277832,12
2021-05-07,pl1s,1,0.5849596261978149,12
2021-05-10,si1s,0,0.4810723066329956,12
2021-05-10,pl1s,0,0.6105783581733704,12
2021-05-11,pl1s,0,0.6051440238952637,12
2021-05-11,si1s,1,0.48082613945007324,12
2021-05-12,si1s,0,0.4642361104488373,12
2021-05-12,pl1s,0,0.5994412899017334,12
2021-05-12,gc1s,1,0.5154612064361572,12
2021-05-13,si1s,0,0.46551766991615295,12
2021-05-13,pl1s,1,0.5968881249427795,12
2021-05-13,gc1s,1,0.4780955910682678,12
2021-05-14,pl1s,1,0.5692604184150696,12
2021-05-14,si1s,0,0.4585477411746979,12
2021-05-17,pl1s,0,0.5256444811820984,12
2021-05-17,gc1s,1,0.48887407779693604,12
2021-05-17,si1s,1,0.48183032870292664,12
2021-05-18,pl1s,0,0.574049711227417,12
2021-05-18,si1s,1,0.4636800289154053,12
2021-05-18,gc1s,1,0.48172125220298767,12
2021-05-19,pl1s,1,0.5817038416862488,12
2021-05-19,gc1s,0,0.47752058506011963,12
2021-05-19,si1s,1,0.4478731155395508,12
2021-05-20,si1s,1,0.4496258795261383,12
2021-05-20,pl1s,0,0.5830623507499695,12
2021-05-20,gc1s,0,0.4675498902797699,12
2021-05-21,pl1s,1,0.605135440826416,12
2021-05-21,si1s,0,0.44956326484680176,12
2021-05-24,si1s,0,0.44729527831077576,12
2021-05-24,pl1s,1,0.5791360139846802,12
2021-05-25,si1s,0,0.47901448607444763,12
2021-05-25,pl1s,1,0.5476384162902832,12
2021-05-26,pl1s,0,0.5312789082527161,12
2021-05-27,pl1s,1,0.5668256282806396,12
2021-05-28,gc1s,0,0.45503246784210205,12
2021-05-28,pl1s,1,0.5049299597740173,12
2021-05-28,si1s,0,0.4514206051826477,12
2021-06-01,gc1s,0,0.46164795756340027,12
2021-06-01,si1s,0,0.46087220311164856,12
2021-06-01,pl1s,0,0.5764626264572144,12
2021-06-02,si1s,1,0.46473416686058044,12
2021-06-02,pl1s,0,0.5277798771858215,12
2021-06-03,pl1s,1,0.5651967525482178,12
2021-06-03,si1s,1,0.46654894948005676,12
2021-06-04,pl1s,1,0.5638917088508606,12
2021-06-07,pl1s,0,0.5282357931137085,12
2021-06-08,pl1s,0,0.5275192260742188,12
2021-06-08,si1s,0,0.43568429350852966,12
2021-06-09,pl1s,0,0.5449832081794739,12
2021-06-09,si1s,0,0.47432106733322144,12
2021-06-10,si1s,0,0.4584938883781433,12
2021-06-11,pl1s,1,0.5594756603240967,12
2021-06-11,si1s,1,0.5098945498466492,12
2021-06-14,si1s,1,0.44823774695396423,12
2021-06-14,pl1s,0,0.5388510823249817,12
2021-06-15,si1s,0,0.4897274374961853,12
2021-06-15,pl1s,0,0.5540951490402222,12
2021-06-16,si1s,1,0.451305091381073,12
2021-06-16,pl1s,0,0.5969417691230774,12
2021-06-17,si1s,1,0.5543946027755737,12
2021-06-17,pl1s,0,0.586753785610199,12
2021-06-18,pl1s,1,0.586827278137207,12
2020-11-25,si1s,0,0.3978242576122284,13
2020-11-27,gc1s,0,0.5133252143859863,13
2020-11-27,si1s,1,0.48990899324417114,13
2020-11-30,gc1s,1,0.48245692253112793,13
2020-11-30,si1s,1,0.46997225284576416,13
2020-12-01,gc1s,1,0.4805208444595337,13
2020-12-01,pl1s,0,0.49534791707992554,13
2020-12-02,pl1s,0,0.5013630986213684,13
2020-12-02,gc1s,1,0.4754633903503418,13
2020-12-03,pl1s,0,0.5051280856132507,13
2020-12-03,si1s,1,0.4599958658218384,13
2020-12-04,si1s,1,0.4474409520626068,13
2020-12-04,pl1s,1,0.5250391960144043,13
2020-12-07,pl1s,1,0.5260537266731262,13
2020-12-07,si1s,0,0.45906364917755127,13
2020-12-08,si1s,0,0.45358097553253174,13
2020-12-08,pl1s,1,0.5052579045295715,13
2020-12-09,pl1s,0,0.5074360966682434,13
2020-12-09,si1s,1,0.45021912455558777,13
2020-12-10,pl1s,1,0.48402073979377747,13
2020-12-10,si1s,1,0.4416886866092682,13
2020-12-11,si1s,1,0.42998674511909485,13
2020-12-11,pl1s,1,0.45595604181289673,13
2020-12-14,si1s,1,0.42750197649002075,13
2020-12-14,pl1s,0,0.46603724360466003,13
2020-12-14,gc1s,1,0.43958282470703125,13
2020-12-15,si1s,1,0.39474835991859436,13
2020-12-15,gc1s,1,0.4396143853664398,13
2020-12-15,pl1s,1,0.4887795150279999,13
2020-12-16,pl1s,0,0.49569910764694214,13
2020-12-16,gc1s,1,0.4415759742259979,13
2020-12-16,si1s,1,0.4649040102958679,13
2020-12-17,si1s,0,0.4679580330848694,13
2020-12-17,pl1s,1,0.4896650016307831,13
2020-12-18,pl1s,1,0.4959786534309387,13
2020-12-18,si1s,0,0.40853291749954224,13
2020-12-21,pl1s,1,0.4997689723968506,13
2020-12-21,si1s,0,0.4711175560951233,13
2020-12-22,pl1s,0,0.49187031388282776,13
2020-12-22,si1s,1,0.46822795271873474,13
2020-12-23,pl1s,0,0.4837198555469513,13
2020-12-23,si1s,1,0.45609918236732483,13
2020-12-24,si1s,1,0.46312740445137024,13
2020-12-24,gc1s,1,0.42507341504096985,13
2020-12-24,pl1s,0,0.4340544641017914,13
2020-12-28,pl1s,0,0.43498969078063965,13
2020-12-28,gc1s,1,0.4594927430152893,13
2020-12-28,si1s,0,0.45693039894104004,13
2020-12-29,si1s,1,0.4570292830467224,13
2020-12-29,pl1s,0,0.48809683322906494,13
2020-12-29,gc1s,1,0.42569708824157715,13
2020-12-30,pl1s,0,0.4325113594532013,13
2020-12-30,gc1s,1,0.42866531014442444,13
2020-12-30,si1s,0,0.40589675307273865,13
2020-12-31,si1s,1,0.4044267237186432,13
2020-12-31,pl1s,1,0.4339066445827484,13
2020-12-31,gc1s,1,0.42601290345191956,13
2021-01-04,si1s,0,0.40580689907073975,13
2021-01-04,pl1s,1,0.4786338806152344,13
2021-01-04,gc1s,0,0.42887061834335327,13
2021-01-05,si1s,1,0.40607208013534546,13
2021-01-05,pl1s,0,0.49354636669158936,13
2021-01-07,pl1s,1,0.5074140429496765,13
2021-01-08,pl1s,0,0.48277345299720764,13
2021-01-08,si1s,0,0.48618653416633606,13
2021-01-11,pl1s,1,0.4986233711242676,13
2021-01-12,pl1s,0,0.4682522416114807,13
2021-01-12,si1s,0,0.47604361176490784,13
2021-01-13,pl1s,0,0.4788210690021515,13
2021-01-13,si1s,0,0.47212204337120056,13
2021-01-14,pl1s,1,0.4888423979282379,13
2021-01-14,si1s,1,0.46433600783348083,13
2021-01-15,pl1s,0,0.4749826490879059,13
2021-01-15,si1s,0,0.49034613370895386,13
2021-01-19,si1s,0,0.4583146274089813,13
2021-01-19,pl1s,0,0.46672743558883667,13
2021-01-20,si1s,0,0.46748673915863037,13
2021-01-20,pl1s,0,0.48895928263664246,13
2021-01-20,gc1s,1,0.47889629006385803,13
2021-01-21,pl1s,1,0.4870532155036926,13
2021-01-21,gc1s,1,0.46617043018341064,13
2021-01-21,si1s,0,0.46153566241264343,13
2021-01-22,pl1s,1,0.48016196489334106,13
2021-01-22,si1s,0,0.4679844379425049,13
2021-01-25,pl1s,0,0.4750034213066101,13
2021-01-25,si1s,0,0.45165038108825684,13
2021-01-26,si1s,0,0.3800470232963562,13
2021-01-26,pl1s,1,0.46080002188682556,13
2021-01-27,si1s,0,0.4586085081100464,13
2021-01-28,si1s,0,0.42693081498146057,13
2021-01-28,pl1s,1,0.5076491832733154,13
2021-01-29,pl1s,1,0.5415165424346924,13
2021-02-01,pl1s,1,0.5514150857925415,13
2021-02-01,si1s,1,0.5020912885665894,13
2021-02-02,pl1s,1,0.5470200181007385,13
2021-02-03,si1s,0,0.46605387330055237,13
2021-02-04,pl1s,1,0.5589829683303833,13
2021-02-04,si1s,1,0.48106828331947327,13
2021-02-04,gc1s,1,0.5162472128868103,13
2021-02-05,pl1s,1,0.5604003667831421,13
2021-02-05,si1s,1,0.48453184962272644,13
2021-02-08,si1s,0,0.485603392124176,13
2021-02-08,pl1s,1,0.5524153113365173,13
2021-02-09,pl1s,0,0.5042640566825867,13
2021-02-09,si1s,0,0.4870316684246063,13
2021-02-10,pl1s,0,0.5125997066497803,13
2021-02-10,si1s,0,0.4726375639438629,13
2021-02-11,pl1s,0,0.5052065253257751,13
2021-02-11,si1s,0,0.4113551378250122,13
2021-02-12,pl1s,0,0.5025462508201599,13
2021-02-12,si1s,0,0.40627560019493103,13
2021-02-16,pl1s,1,0.5091763138771057,13
2021-02-16,si1s,0,0.4778777062892914,13
2021-02-17,si1s,0,0.4489842355251312,13
2021-02-17,pl1s,0,0.521988034248352,13
2021-02-18,pl1s,0,0.4969964325428009,13
2021-02-18,si1s,0,0.40823179483413696,13
2021-02-19,pl1s,1,0.5034575462341309,13
2021-02-19,gc1s,1,0.48968958854675293,13
2021-02-19,si1s,0,0.45504602789878845,13
2021-02-22,pl1s,1,0.5008605122566223,13
2021-02-22,si1s,1,0.47598913311958313,13
2021-02-23,si1s,1,0.4629251956939697,13
2021-02-23,pl1s,0,0.4943872094154358,13
2021-02-24,si1s,0,0.46877187490463257,13
2021-02-24,pl1s,1,0.4763360917568207,13
2021-02-25,pl1s,1,0.4744870364665985,13
2021-02-26,pl1s,0,0.4983910918235779,13
2021-02-26,gc1s,0,0.5006337761878967,13
2021-02-26,si1s,0,0.4884069263935089,13
2021-03-01,pl1s,0,0.5006669759750366,13
2021-03-01,si1s,1,0.48687687516212463,13
2021-03-01,gc1s,0,0.5097116827964783,13
2021-03-02,gc1s,0,0.5056750178337097,13
2021-03-02,si1s,0,0.480909138917923,13
2021-03-02,pl1s,1,0.48315396904945374,13
2021-03-03,gc1s,0,0.5207924842834473,13
2021-03-03,si1s,0,0.49377864599227905,13
2021-03-03,pl1s,0,0.5134183168411255,13
2021-03-04,si1s,0,0.4883779287338257,13
2021-03-04,gc1s,0,0.508231520652771,13
2021-03-04,pl1s,0,0.5021353363990784,13
2021-03-05,pl1s,1,0.5085742473602295,13
2021-03-05,si1s,0,0.4889017641544342,13
2021-03-05,gc1s,0,0.5070788860321045,13
2021-03-08,gc1s,1,0.5174030661582947,13
2021-03-08,si1s,0,0.5106455087661743,13
2021-03-08,pl1s,1,0.517037034034729,13
2021-03-09,pl1s,1,0.5040956735610962,13
2021-03-09,gc1s,1,0.48294395208358765,13
2021-06-18,si1s,1,0.47544339299201965,13
2021-06-21,si1s,0,0.4624253213405609,13
2021-06-21,pl1s,1,0.5106139779090881,13
2021-06-22,si1s,1,0.462210476398468,13
2021-06-22,pl1s,1,0.512031614780426,13
2021-06-23,pl1s,1,0.4823065400123596,13
2021-06-23,si1s,0,0.45508208870887756,13
2021-06-24,si1s,0,0.4467892646789551,13
2021-06-25,si1s,0,0.4600149989128113,13
2021-06-28,si1s,0,0.44401121139526367,13
2021-06-29,pl1s,1,0.48554733395576477,13
2021-06-29,si1s,1,0.4570372402667999,13
2021-06-30,si1s,0,0.4439131021499634,13
2021-06-30,pl1s,1,0.476641446352005,13
2021-07-01,si1s,1,0.47066977620124817,13
2021-07-01,pl1s,1,0.4733680486679077,13
2021-07-02,pl1s,0,0.45012447237968445,13
2021-07-02,si1s,1,0.4388367235660553,13
2021-07-06,pl1s,0,0.4575375020503998,13
2021-07-06,si1s,0,0.45317429304122925,13
2021-07-07,pl1s,0,0.4521232545375824,13
2021-07-08,si1s,1,0.44424429535865784,13
2021-07-08,pl1s,1,0.46859607100486755,13
2021-07-09,si1s,0,0.43147388100624084,13
2021-07-09,pl1s,1,0.44345802068710327,13
2021-07-12,si1s,0,0.4392854571342468,13
2021-07-12,pl1s,0,0.46147939562797546,13
2021-07-13,si1s,0,0.45549800992012024,13
2021-07-13,pl1s,1,0.4824899137020111,13
2021-07-14,pl1s,1,0.4911940395832062,13
2021-07-15,si1s,1,0.45549800992012024,13
2021-07-15,pl1s,0,0.4888288378715515,13
2021-07-16,si1s,1,0.4680836796760559,13
2021-07-16,pl1s,0,0.48282644152641296,13
2021-07-19,si1s,0,0.47120895981788635,13
2021-07-19,pl1s,0,0.4880407154560089,13
2021-07-20,si1s,1,0.4756840467453003,13
2021-07-20,pl1s,1,0.4751203954219818,13
2021-07-21,pl1s,1,0.45082688331604004,13
2021-07-21,si1s,0,0.4487701952457428,13
2021-07-22,pl1s,0,0.4295255243778229,13
2021-07-22,si1s,0,0.4571147561073303,13
2021-07-23,si1s,0,0.47636979818344116,13
2021-07-23,pl1s,1,0.4995604455471039,13
2021-07-26,pl1s,0,0.4778628945350647,13
2021-07-26,si1s,0,0.4616584777832031,13
2021-07-27,si1s,1,0.47215309739112854,13
2021-07-27,pl1s,1,0.5094482898712158,13
2021-07-28,si1s,1,0.46167951822280884,13
2021-07-28,pl1s,1,0.4640423059463501,13
2021-07-29,pl1s,0,0.4850730001926422,13
2021-07-29,si1s,0,0.4420146048069,13
2021-07-30,si1s,0,0.43987056612968445,13
2021-07-30,pl1s,1,0.4919973611831665,13
2021-08-02,pl1s,0,0.45814773440361023,13
2021-08-02,si1s,0,0.43971148133277893,13
2021-08-03,gc1s,1,0.4489574432373047,13
2021-08-03,si1s,0,0.4458011984825134,13
2021-08-03,pl1s,0,0.4564397633075714,13
2021-08-04,gc1s,1,0.44403988122940063,13
2021-08-04,si1s,0,0.45276904106140137,13
2021-08-04,pl1s,0,0.483410507440567,13
2021-08-05,si1s,0,0.44468364119529724,13
2021-08-06,si1s,0,0.46163469552993774,13
2021-08-09,gc1s,1,0.5051773190498352,13
2021-08-09,si1s,0,0.48565343022346497,13
2021-08-09,pl1s,1,0.5038608908653259,13
2021-08-10,pl1s,1,0.5063040852546692,13
2021-08-10,si1s,0,0.4474235773086548,13
2021-08-10,gc1s,1,0.5035706162452698,13
2021-08-11,si1s,0,0.45711660385131836,13
2021-08-11,gc1s,1,0.48784175515174866,13
2021-08-11,pl1s,1,0.4722242057323456,13
2021-08-12,si1s,1,0.4645705819129944,13
2021-08-12,gc1s,1,0.4886114299297333,13
2021-08-13,si1s,0,0.44462186098098755,13
2021-08-16,si1s,0,0.43242016434669495,13
2021-08-16,pl1s,0,0.45125508308410645,13
2021-08-17,si1s,0,0.43765053153038025,13
2021-08-17,pl1s,1,0.46528899669647217,13
2021-08-18,pl1s,0,0.4539933204650879,13
2021-08-18,si1s,0,0.42300674319267273,13
2021-08-19,pl1s,1,0.4691561758518219,13
2021-08-19,si1s,0,0.43936869502067566,13
2021-08-20,si1s,1,0.4356819987297058,13
2021-08-20,pl1s,1,0.4723239243030548,13
2021-08-23,si1s,1,0.42422375082969666,13
2021-08-23,pl1s,0,0.4633229374885559,13
2021-08-24,si1s,0,0.42935389280319214,13
2021-08-24,pl1s,1,0.45784756541252136,13
2021-08-25,pl1s,0,0.47463274002075195,13
2021-08-25,si1s,0,0.4322693943977356,13
2021-08-26,pl1s,1,0.43536674976348877,13
2021-08-26,si1s,1,0.4419960677623749,13
2021-08-27,pl1s,0,0.4145994782447815,13
2021-08-27,si1s,0,0.42439112067222595,13
2021-08-30,si1s,0,0.4286295473575592,13
2021-08-30,pl1s,1,0.42038586735725403,13
2021-08-31,si1s,0,0.438926100730896,13
2021-08-31,pl1s,0,0.4446810781955719,13
2021-09-01,si1s,0,0.43639904260635376,13
2021-09-01,pl1s,0,0.42150935530662537,13
2021-09-02,si1s,0,0.4322828948497772,13
2021-09-02,pl1s,1,0.42364737391471863,13
2021-09-03,si1s,1,0.41588664054870605,13
2021-09-03,pl1s,0,0.4776650369167328,13
2021-09-07,pl1s,0,0.46652430295944214,13
2021-09-07,si1s,1,0.40703144669532776,13
2021-09-08,si1s,0,0.4241786599159241,13
2021-09-08,pl1s,0,0.48826855421066284,13
2021-09-09,pl1s,0,0.4929564297199249,13
2021-09-09,si1s,1,0.42862552404403687,13
2021-09-10,pl1s,1,0.4992446303367615,13
2021-09-10,si1s,0,0.429177463054657,13
2021-09-13,pl1s,0,0.4854191541671753,13
2021-09-13,si1s,0,0.42564135789871216,13
2021-09-14,si1s,0,0.42995020747184753,13
2021-09-14,pl1s,0,0.485446572303772,13
2021-09-15,pl1s,0,0.4856957197189331,13
2021-09-15,si1s,0,0.4347681403160095,13
2021-09-16,si1s,0,0.446878582239151,13
2021-09-16,pl1s,1,0.49643194675445557,13
2021-09-17,si1s,0,0.4400031864643097,13
2021-09-17,pl1s,0,0.49474480748176575,13
2021-09-20,si1s,1,0.4668251872062683,13
2021-09-20,gc1s,0,0.49002644419670105,13
2021-09-20,pl1s,1,0.5069725513458252,13
2021-09-21,si1s,1,0.4689265787601471,13
2021-09-21,gc1s,0,0.46043750643730164,13
2021-09-21,pl1s,1,0.48155903816223145,13
2021-09-22,si1s,0,0.45128557085990906,13
2021-09-22,pl1s,0,0.4741441607475281,13
2021-09-22,gc1s,0,0.4688660502433777,13
2021-09-23,pl1s,0,0.47846662998199463,13
2021-09-23,gc1s,0,0.4728296995162964,13
2021-09-23,si1s,0,0.4520874321460724,13
2021-09-24,gc1s,0,0.44565582275390625,13
2021-09-24,si1s,0,0.45732179284095764,13
2021-09-27,si1s,0,0.4401181936264038,13
2021-09-27,gc1s,0,0.4422621726989746,13
2021-09-27,pl1s,0,0.47810083627700806,13
2021-09-28,si1s,0,0.4513288736343384,13
2021-09-28,pl1s,0,0.4862340986728668,13
2021-09-28,gc1s,0,0.4502192735671997,13
2021-09-29,si1s,1,0.45263341069221497,13
2021-09-29,pl1s,1,0.4720897376537323,13
2021-09-29,gc1s,1,0.4587666094303131,13
2021-09-30,si1s,1,0.45265480875968933,13
2021-09-30,pl1s,1,0.474057674407959,13
2021-10-01,pl1s,0,0.47454458475112915,13
2021-10-04,pl1s,0,0.47016674280166626,13
2021-03-09,si1s,0,0.513089120388031,14
2021-03-10,gc1s,1,0.5741422176361084,14
2021-03-10,si1s,0,0.52122962474823,14
2021-03-10,pl1s,1,0.45408251881599426,14
2021-03-11,si1s,0,0.6036725044250488,14
2021-03-11,pl1s,0,0.5685597062110901,14
2021-03-11,gc1s,0,0.6034716367721558,14
2021-03-12,pl1s,1,0.5373236536979675,14
2021-03-12,gc1s,1,0.5653255581855774,14
2021-03-12,si1s,1,0.5861198902130127,14
2021-03-15,gc1s,0,0.4757890999317169,14
2021-03-15,si1s,1,0.3837894797325134,14
2021-03-15,pl1s,1,0.4810878038406372,14
2021-03-16,pl1s,0,0.5431411862373352,14
2021-03-16,si1s,0,0.49384206533432007,14
2021-03-16,gc1s,0,0.4655579626560211,14
2021-03-17,pl1s,1,0.5173696279525757,14
2021-03-17,si1s,0,0.5222728252410889,14
2021-03-17,gc1s,0,0.4826600253582001,14
2021-03-18,pl1s,0,0.5133944749832153,14
2021-03-18,gc1s,0,0.5523495078086853,14
2021-03-18,si1s,1,0.6435431838035583,14
2021-03-19,gc1s,0,0.5217266082763672,14
2021-03-19,si1s,1,0.49808239936828613,14
2021-03-19,pl1s,0,0.5334901809692383,14
2021-03-22,pl1s,0,0.6161304712295532,14
2021-03-22,si1s,0,0.6012082099914551,14
2021-03-23,si1s,0,0.51714688539505,14
2021-03-23,pl1s,1,0.6405259370803833,14
2021-03-24,si1s,0,0.5049758553504944,14
2021-03-24,pl1s,0,0.5942597985267639,14
2021-03-25,si1s,0,0.4273279309272766,14
2021-03-25,pl1s,1,0.6594464778900146,14
2021-03-26,si1s,0,0.5395264625549316,14
2021-03-26,pl1s,1,0.6858766078948975,14
2021-03-29,pl1s,0,0.7018186450004578,14
2021-03-29,si1s,0,0.5605952143669128,14
2021-03-30,pl1s,1,0.6270558834075928,14
2021-03-30,si1s,1,0.44560524821281433,14
2021-03-31,pl1s,1,0.602773129940033,14
2021-03-31,si1s,1,0.4474982023239136,14
2021-04-01,pl1s,1,0.5800930857658386,14
2021-04-01,si1s,0,0.40645214915275574,14
2021-04-05,pl1s,1,0.6104801893234253,14
2021-04-05,si1s,1,0.44885972142219543,14
2021-04-06,si1s,0,0.4131113588809967,14
2021-04-06,gc1s,0,0.3994489014148712,14
2021-04-07,pl1s,1,0.5943766832351685,14
2021-04-07,gc1s,0,0.366254061460495,14
2021-04-07,si1s,0,0.39881640672683716,14
2021-04-08,si1s,0,0.405292809009552,14
2021-04-08,pl1s,0,0.6098309755325317,14
2021-04-09,pl1s,0,0.574307382106781,14
2021-04-09,gc1s,0,0.41041505336761475,14
2021-04-09,si1s,0,0.4172656238079071,14
2021-04-12,pl1s,0,0.5940219163894653,14
2021-04-12,si1s,1,0.4461202621459961,14
2021-04-13,si1s,1,0.3520229458808899,14
2021-04-13,pl1s,1,0.5788978338241577,14
2021-04-14,si1s,1,0.36826109886169434,14
2021-04-14,pl1s,1,0.5728508830070496,14
2021-04-15,pl1s,1,0.6165157556533813,14
2021-04-16,si1s,0,0.413072794675827,14
2021-04-16,pl1s,0,0.5239766240119934,14
2021-04-20,pl1s,1,0.5215789675712585,14
2021-04-21,pl1s,0,0.5121287107467651,14
2021-04-21,si1s,1,0.3510856032371521,14
2021-04-22,pl1s,1,0.5563949942588806,14
2021-04-23,pl1s,1,0.5419335961341858,14
2021-04-26,pl1s,1,0.5976530313491821,14
2021-04-26,si1s,0,0.3827778100967407,14
2021-04-27,pl1s,0,0.6141836643218994,14
2021-04-27,si1s,1,0.3808061480522156,14
2021-04-28,si1s,0,0.4414699077606201,14
2021-04-28,pl1s,0,0.5199505686759949,14
2021-04-29,pl1s,1,0.6582145690917969,14
2021-04-29,si1s,0,0.42517393827438354,14
2021-04-30,si1s,1,0.4223988950252533,14
2021-04-30,pl1s,1,0.5917723774909973,14
2021-05-03,si1s,1,0.3820754885673523,14
2021-05-03,pl1s,1,0.6096736788749695,14
2021-05-04,pl1s,0,0.5440621972084045,14
2021-05-04,si1s,1,0.38547009229660034,14
2021-05-05,pl1s,1,0.6383116245269775,14
2021-05-05,si1s,1,0.39286062121391296,14
2021-05-06,si1s,0,0.44238150119781494,14
2021-05-06,pl1s,0,0.6020227670669556,14
2021-05-07,gc1s,0,0.5012384653091431,14
2021-05-07,si1s,0,0.4568578004837036,14
2021-05-07,pl1s,1,0.7024551033973694,14
2021-05-10,si1s,0,0.4917527139186859,14
2021-05-10,pl1s,0,0.7315577864646912,14
2021-05-11,pl1s,0,0.6895832419395447,14
2021-05-11,si1s,1,0.4909563660621643,14
2021-05-12,si1s,0,0.4695822596549988,14
2021-05-12,pl1s,0,0.6805074214935303,14
2021-05-12,gc1s,1,0.5504544973373413,14
2021-05-13,si1s,0,0.4817623496055603,14
2021-05-13,pl1s,1,0.6997576951980591,14
2021-05-13,gc1s,1,0.4842650592327118,14
2021-05-14,pl1s,1,0.6370434165000916,14
2021-05-14,si1s,0,0.4061183035373688,14
2021-05-17,pl1s,0,0.5743005871772766,14
2021-05-17,gc1s,1,0.434551477432251,14
2021-05-17,si1s,1,0.39157480001449585,14
2021-05-18,pl1s,0,0.6171252131462097,14
2021-05-18,si1s,1,0.392132043838501,14
2021-05-18,gc1s,1,0.44149842858314514,14
2021-05-19,pl1s,1,0.5303492546081543,14
2021-05-19,gc1s,0,0.3842737674713135,14
2021-05-19,si1s,1,0.3269813358783722,14
2021-05-20,si1s,1,0.31599298119544983,14
2021-05-20,pl1s,0,0.5883326530456543,14
2021-05-20,gc1s,0,0.3712020218372345,14
2021-05-21,pl1s,1,0.6547335982322693,14
2021-05-21,si1s,0,0.3532772362232208,14
2021-05-24,si1s,0,0.3514774441719055,14
2021-05-24,pl1s,1,0.5640403032302856,14
2021-05-25,si1s,0,0.38899698853492737,14
2021-05-25,pl1s,1,0.5670524835586548,14
2021-05-26,pl1s,0,0.566897451877594,14
2021-05-27,pl1s,1,0.6223111748695374,14
2021-05-28,gc1s,0,0.34366685152053833,14
2021-05-28,pl1s,1,0.4426637887954712,14
2021-05-28,si1s,0,0.34612396359443665,14
2021-06-01,gc1s,0,0.3894728422164917,14
2021-06-01,si1s,0,0.38225653767585754,14
2021-06-01,pl1s,0,0.5719923973083496,14
2021-06-02,si1s,1,0.3682214617729187,14
2021-06-02,pl1s,0,0.4883085787296295,14
2021-06-03,pl1s,1,0.5598574280738831,14
2021-06-03,si1s,1,0.36876583099365234,14
2021-06-04,pl1s,1,0.56805020570755,14
2021-06-07,pl1s,0,0.5596103072166443,14
2021-06-08,pl1s,0,0.5011864900588989,14
2021-06-08,si1s,0,0.3887730538845062,14
2021-06-09,pl1s,0,0.48282814025878906,14
2021-06-09,si1s,0,0.39064255356788635,14
2021-06-10,si1s,0,0.3992297649383545,14
2021-06-11,pl1s,1,0.5388323664665222,14
2021-06-11,si1s,1,0.4272587299346924,14
2021-06-14,si1s,1,0.3733314871788025,14
2021-06-14,pl1s,0,0.5412158966064453,14
2021-06-15,si1s,0,0.4251897633075714,14
2021-06-15,pl1s,0,0.5390679240226746,14
2021-06-16,si1s,1,0.3464716970920563,14
2021-06-16,pl1s,0,0.6035908460617065,14
2021-06-17,si1s,1,0.4758368730545044,14
2021-06-17,pl1s,0,0.5132154822349548,14
2021-06-18,pl1s,1,0.5352418422698975,14
2021-06-18,si1s,1,0.43101584911346436,14
2021-06-21,si1s,0,0.45121604204177856,14
2021-06-21,pl1s,1,0.5015882849693298,14
2021-06-22,si1s,1,0.397846519947052,14
2021-06-22,pl1s,1,0.502339243888855,14
2021-06-23,pl1s,1,0.4846739172935486,14
2021-06-23,si1s,0,0.41775932908058167,14
2021-06-24,si1s,0,0.41113099455833435,14
2021-06-25,si1s,0,0.5042628645896912,14
2021-06-28,si1s,0,0.4530731737613678,14
2021-06-29,pl1s,1,0.45972496271133423,14
2021-06-29,si1s,1,0.4546765685081482,14
2021-06-30,si1s,0,0.3739683926105499,14
2021-06-30,pl1s,1,0.45884960889816284,14
2021-07-01,si1s,1,0.4913771450519562,14
2021-07-01,pl1s,1,0.534869909286499,14
2021-07-02,pl1s,0,0.500924825668335,14
2021-07-02,si1s,1,0.43685296177864075,14
2021-07-06,pl1s,0,0.45741185545921326,14
2021-07-06,si1s,0,0.46017250418663025,14
2021-07-07,pl1s,0,0.42970138788223267,14
2021-07-08,si1s,1,0.46916675567626953,14
2021-07-08,pl1s,1,0.486314058303833,14
2021-07-09,si1s,0,0.40062931180000305,14
2021-07-09,pl1s,1,0.4030821919441223,14
2021-07-12,si1s,0,0.45587119460105896,14
2021-07-12,pl1s,0,0.46462416648864746,14
2021-07-13,si1s,0,0.40674468874931335,14
2021-07-13,pl1s,1,0.47655537724494934,14
2021-07-14,pl1s,1,0.4582975208759308,14
2021-07-15,si1s,1,0.4390147626399994,14
2021-07-15,pl1s,0,0.5099315047264099,14
2021-07-16,si1s,1,0.4954588711261749,14
2021-07-16,pl1s,0,0.5567573308944702,14
2021-07-19,si1s,0,0.44714897871017456,14
2021-07-19,pl1s,0,0.555111825466156,14
2021-07-20,si1s,1,0.4473358392715454,14
2021-07-20,pl1s,1,0.48021450638771057,14
2021-07-21,pl1s,1,0.4783337712287903,14
2021-07-21,si1s,0,0.39360177516937256,14
2021-07-22,pl1s,0,0.42646855115890503,14
2021-07-22,si1s,0,0.4622347354888916,14
2021-07-23,si1s,0,0.4794740676879883,14
2021-07-23,pl1s,1,0.585773766040802,14
2021-07-26,pl1s,0,0.5753841400146484,14
2021-07-26,si1s,0,0.5219413638114929,14
2021-07-27,si1s,1,0.48450398445129395,14
2021-07-27,pl1s,1,0.5903342962265015,14
2021-07-28,si1s,1,0.47830745577812195,14
2021-07-28,pl1s,1,0.4789187014102936,14
2021-07-29,pl1s,0,0.5961217284202576,14
2021-07-29,si1s,0,0.458562970161438,14
2021-07-30,si1s,0,0.4379802644252777,14
2021-07-30,pl1s,1,0.5675497055053711,14
2021-08-02,pl1s,0,0.5004010200500488,14
2021-08-02,si1s,0,0.43582093715667725,14
2021-08-03,gc1s,1,0.396402508020401,14
2021-08-03,si1s,0,0.4348713755607605,14
2021-08-03,pl1s,0,0.4592512547969818,14
2021-08-04,gc1s,1,0.4444662034511566,14
2021-08-04,si1s,0,0.45006805658340454,14
2021-08-04,pl1s,0,0.49823588132858276,14
2021-08-05,si1s,0,0.44957736134529114,14
2021-08-06,si1s,0,0.46611425280570984,14
2021-08-09,gc1s,1,0.5330266952514648,14
2021-08-09,si1s,0,0.49113497138023376,14
2021-08-09,pl1s,1,0.5970988869667053,14
2021-08-10,pl1s,1,0.5887777209281921,14
2021-08-10,si1s,0,0.4083496034145355,14
2021-08-10,gc1s,1,0.5344634056091309,14
2021-08-11,si1s,0,0.47438672184944153,14
2021-08-11,gc1s,1,0.5569182634353638,14
2021-08-11,pl1s,1,0.543963611125946,14
2021-08-12,si1s,1,0.5485056638717651,14
2021-08-12,gc1s,1,0.638178825378418,14
2021-08-13,si1s,0,0.40137049555778503,14
2021-08-16,si1s,0,0.42915162444114685,14
2021-08-16,pl1s,0,0.47110167145729065,14
2021-08-17,si1s,0,0.4508175253868103,14
2021-08-17,pl1s,1,0.4592757523059845,14
2021-08-18,pl1s,0,0.43815338611602783,14
2021-08-18,si1s,0,0.4184691905975342,14
2021-08-19,pl1s,1,0.5386708974838257,14
2021-08-19,si1s,0,0.4450781047344208,14
2021-08-20,si1s,1,0.4465881288051605,14
2021-08-20,pl1s,1,0.5136409997940063,14
2021-08-23,si1s,1,0.44168779253959656,14
2021-08-23,pl1s,0,0.5039043426513672,14
2021-08-24,si1s,0,0.40007761120796204,14
2021-08-24,pl1s,1,0.4709406793117523,14
2021-08-25,pl1s,0,0.5102916955947876,14
2021-08-25,si1s,0,0.39921241998672485,14
2021-08-26,pl1s,1,0.42608463764190674,14
2021-08-26,si1s,1,0.44590774178504944,14
2021-08-27,pl1s,0,0.3968742787837982,14
2021-08-27,si1s,0,0.41361504793167114,14
2021-08-30,si1s,0,0.44509151577949524,14
2021-08-30,pl1s,1,0.4317651391029358,14
2021-08-31,si1s,0,0.3529326617717743,14
2021-08-31,pl1s,0,0.4064778685569763,14
2021-09-01,si1s,0,0.351094126701355,14
2021-09-01,pl1s,0,0.3835081458091736,14
2021-09-02,si1s,0,0.36020252108573914,14
2021-09-02,pl1s,1,0.345920592546463,14
2021-09-03,si1s,1,0.3184870183467865,14
2021-09-03,pl1s,0,0.4390621781349182,14
2021-09-07,pl1s,0,0.4741517901420593,14
2021-09-07,si1s,1,0.318854957818985,14
2021-09-08,si1s,0,0.3665494918823242,14
2021-09-08,pl1s,0,0.46716755628585815,14
2021-09-09,pl1s,0,0.521300196647644,14
2021-09-09,si1s,1,0.357328325510025,14
2021-09-10,pl1s,1,0.5737934112548828,14
2021-09-10,si1s,0,0.4236036539077759,14
2021-09-13,pl1s,0,0.4773014783859253,14
2021-09-13,si1s,0,0.3951275646686554,14
2021-09-14,si1s,0,0.39719828963279724,14
2021-09-14,pl1s,0,0.45449987053871155,14
2021-09-15,pl1s,0,0.4183483123779297,14
2021-09-15,si1s,0,0.4023588001728058,14
2021-09-16,si1s,0,0.43360406160354614,14
2021-09-16,pl1s,1,0.5674086213111877,14
2021-09-17,si1s,0,0.4177016615867615,14
2021-09-17,pl1s,0,0.5157982707023621,14
2021-09-20,si1s,1,0.44270452857017517,14
2021-09-20,gc1s,0,0.5357915163040161,14
2021-09-20,pl1s,1,0.5587575435638428,14
2021-09-21,si1s,1,0.4855436086654663,14
2021-09-21,gc1s,0,0.5121197700500488,14
2021-09-21,pl1s,1,0.4804561138153076,14
2021-09-22,si1s,0,0.45751094818115234,14
2021-09-22,pl1s,0,0.39636826515197754,14
2021-09-22,gc1s,0,0.5170357823371887,14
2021-09-23,pl1s,0,0.45452481508255005,14
2021-09-23,gc1s,0,0.5087496638298035,14
2021-09-23,si1s,0,0.4810202419757843,14
2021-09-24,gc1s,0,0.424756795167923,14
2021-09-24,si1s,0,0.4539019763469696,14
2021-09-27,si1s,0,0.4634737968444824,14
2021-09-27,gc1s,0,0.49242132902145386,14
2021-09-27,pl1s,0,0.4472915530204773,14
2021-09-28,si1s,0,0.5308701395988464,14
2021-09-28,pl1s,0,0.4916166365146637,14
2021-09-28,gc1s,0,0.48167261481285095,14
2021-09-29,si1s,1,0.5215839147567749,14
2021-09-29,pl1s,1,0.46706563234329224,14
2021-09-29,gc1s,1,0.4965905249118805,14
2021-09-30,si1s,1,0.4356778860092163,14
2021-09-30,pl1s,1,0.431880921125412,14
2021-10-01,pl1s,0,0.43754175305366516,14
2021-10-04,pl1s,0,0.46582064032554626,14
