instrument,auc_mean,auc_std,logloss,brier,n_events
gc1s,0.48397002551020407,0.12376101876560558,0.6890357209191518,0.24794954170731817,810
pl1s,0.49476579925650555,0.057630453782655786,0.6955960239248679,0.251208678509659,2670
si1s,0.4905850135581389,0.0655663436929052,0.6919184334855212,0.24937443557138933,2755
