auc_mean,auc_std,logloss_mean,logloss_std,brier_mean,brier_std,n_folds
0.5252905340254573,0.03694664713922709,0.7042277767190376,0.021611054683530705,0.2552065821935595,0.010384507706042899,15
