instrument,auc_mean,auc_std,logloss,brier,n_events
hg1s,0.5161290033995348,0.035693852213537464,0.7042277767190376,0.2552065821935596,3000
