auc_mean,auc_std,logloss_mean,logloss_std,brier_mean,brier_std,n_folds
0.4893982939582341,0.0683714846380455,0.9080757196755075,0.17565914862898585,0.3065868900008935,0.03520561654202506,15
