instrument,auc_mean,auc_std,logloss,brier,n_events
si1s,0.4828920449969125,0.06605312950574806,0.9075663241139086,0.3065309386789839,2755
