auc_mean,auc_std,logloss_mean,logloss_std,brier_mean,brier_std,n_folds
0.5302201293164583,0.0658094833865772,0.8768309827963954,0.13863343239225423,0.3020991342919436,0.0395658654259165,15
