instrument,auc_mean,auc_std,logloss,brier,n_events
hg1s,0.5191447486133477,0.06357800114846567,0.8768309827963952,0.3020991342919436,3000
