auc_mean,auc_std,logloss_mean,logloss_std,brier_mean,brier_std,n_folds
0.5828749590519677,0.07771165315333266,0.7073815185853228,0.04095773065530239,0.2561074437100307,0.0183136908507795,15
