instrument,auc_mean,auc_std,logloss,brier,n_events
es1s,0.5437951074469523,0.07507658956094293,0.7073429898911945,0.25609043936295045,2735
