auc_mean,auc_std,logloss_mean,logloss_std,brier_mean,brier_std,n_folds
0.5404440844706481,0.0594507410941849,1.1165185979343686,0.4575438444388357,0.32893556587298417,0.05263149985556935,15
