instrument,auc_mean,auc_std,logloss,brier,n_events
es1s,0.5159772942289498,0.05743487246906666,1.1162882989642253,0.32894525375251343,2735
