auc_mean,auc_std,logloss_mean,logloss_std,brier_mean,brier_std,n_folds
0.6623775506586479,0.07669852789775505,0.6726696711337268,0.12276501753061234,0.21729013079613704,0.020890589365931144,15
