instrument,auc_mean,auc_std,logloss,brier,n_events
cl1s,0.6431680000000001,0.0740978175762993,0.6726434938824821,0.21741811093065488,2025
