auc_mean,auc_std,logloss_mean,logloss_std,brier_mean,brier_std,n_folds
0.6439169605102057,0.10496392888998052,0.6271934344167034,0.04007451607415245,0.21785105103083602,0.019226084626274464,15
