instrument,auc_mean,auc_std,logloss,brier,n_events
cl1s,0.6109177142857143,0.10140478922032971,0.6270073517571196,0.2177613778398957,2025
