auc_mean,auc_std,logloss_mean,logloss_std,brier_mean,brier_std,n_folds
0.5938147126130989,0.05798748782763696,0.6838225665010813,0.02607487768950308,0.24458717266134108,0.011584677383173965,15
