date,instrument,y_true,y_score,fold
2020-01-30,cl1s,1,0.6735841094172645,0
2020-01-30,rb1s,0,0.4865488167868597,0
2020-01-31,cl1s,1,0.6609263437093993,0
2020-01-31,rb1s,0,0.47708100806214976,0
2020-01-31,ho1s,0,0.6794520417573517,0
2020-02-03,rb1s,0,0.46794414544453256,0
2020-02-03,ho1s,1,0.6701122867186596,0
2020-02-04,rb1s,1,0.5270806101596027,0
2020-02-04,ho1s,1,0.6723233114475999,0
2020-02-05,cl1s,1,0.6830315317325861,0
2020-02-05,rb1s,1,0.5689587215389909,0
2020-02-06,cl1s,0,0.6845238057141795,0
2020-02-06,rb1s,1,0.5579863509330508,0
2020-02-07,cl1s,0,0.6894444798174555,0
2020-02-07,rb1s,0,0.5063922698003898,0
2020-02-10,cl1s,1,0.6877510727107534,0
2020-02-10,rb1s,0,0.501290572858699,0
2020-02-11,rb1s,1,0.490118782874718,0
2020-02-11,cl1s,1,0.6890321840516592,0
2020-02-12,rb1s,1,0.4590496170017002,0
2020-02-12,cl1s,1,0.680797963101797,0
2020-02-13,cl1s,1,0.682563545008818,0
2020-02-13,rb1s,1,0.4548946471272927,0
2020-02-14,cl1s,0,0.6569673009993457,0
2020-02-14,rb1s,1,0.458044959590544,0
2020-02-18,cl1s,1,0.6701145911017458,0
2020-02-18,rb1s,0,0.4438048576975916,0
2020-02-19,rb1s,1,0.4212611466674606,0
2020-02-19,cl1s,1,0.6661985872462344,0
2020-02-20,rb1s,1,0.42522641382577686,0
2020-02-20,cl1s,0,0.6605476780706272,0
2020-02-21,cl1s,0,0.6771164247063449,0
2020-02-21,rb1s,0,0.4374481914175206,0
2020-02-24,rb1s,0,0.46691980584908227,0
2020-02-24,cl1s,0,0.6972536784058375,0
2020-02-25,cl1s,0,0.6939455962934651,0
2020-02-25,rb1s,0,0.5023458756994825,0
2020-02-26,cl1s,0,0.6898017579805076,0
2020-02-26,rb1s,0,0.5525932838381908,0
2020-02-27,rb1s,0,0.5859659781949705,0
2020-02-27,cl1s,0,0.6927369670777854,0
2020-02-28,rb1s,0,0.5456383367294609,0
2020-02-28,cl1s,1,0.6903229705594415,0
2020-03-02,rb1s,0,0.5713405677717255,0
2020-03-03,rb1s,0,0.5441733509671509,0
2020-03-04,rb1s,0,0.5306980844435555,0
2020-03-05,rb1s,0,0.547353985938781,0
2020-03-06,rb1s,0,0.6024958304446983,0
2020-03-09,ho1s,1,0.6846957207459115,0
2020-03-09,rb1s,0,0.6054158306435862,0
2020-03-10,rb1s,0,0.60502718329907,0
2020-03-11,rb1s,1,0.5716323566853371,0
2020-03-12,rb1s,0,0.6079510080968635,0
2020-03-13,rb1s,0,0.6075306675919923,0
2020-03-16,rb1s,0,0.6012236965813316,0
2020-03-17,rb1s,1,0.5896795164100277,0
2020-03-18,rb1s,0,0.5863872589587836,0
2020-03-18,cl1s,1,0.6980491107340644,0
2020-03-19,rb1s,1,0.586292648298495,0
2020-03-20,cl1s,1,0.694227263550165,0
2020-03-20,rb1s,1,0.574929581671892,0
2020-03-23,cl1s,1,0.6900659668199144,0
2020-03-23,rb1s,0,0.5893476572968404,0
2020-03-24,rb1s,0,0.5720873870149833,0
2020-03-24,cl1s,1,0.6949323881767672,0
2020-03-25,rb1s,0,0.5687883787333577,0
2020-03-26,rb1s,0,0.5505042987968558,0
2020-03-26,cl1s,0,0.6699653918903317,0
2020-03-27,rb1s,0,0.5565486613863609,0
2020-03-27,cl1s,0,0.6682404626384358,0
2020-03-30,cl1s,1,0.6736075351302507,0
2020-03-30,rb1s,0,0.5470101607934743,0
2020-03-31,rb1s,0,0.5487992119755202,0
2020-04-01,rb1s,0,0.5429124644900403,0
2020-04-02,rb1s,0,0.5457069095495787,0
2020-04-03,rb1s,0,0.5424233812784325,0
2020-04-06,rb1s,1,0.5455601608744844,0
2020-04-07,rb1s,0,0.5336090109371994,0
2020-04-08,rb1s,0,0.5339710001544626,0
2020-04-09,rb1s,0,0.523400977577042,0
2020-04-13,rb1s,0,0.5286390607873929,0
2020-04-14,rb1s,0,0.5214017749427072,0
2020-04-15,rb1s,0,0.5185253904085726,0
2020-04-15,ho1s,0,0.6084048826834837,0
2020-04-16,rb1s,0,0.5295080165629698,0
2020-04-16,ho1s,0,0.6035673943862133,0
2020-04-17,rb1s,0,0.5342117292432343,0
2020-04-20,rb1s,0,0.5341145825014846,0
2020-04-21,cl1s,1,0.7319532868115055,0
2020-04-21,ho1s,1,0.6653054791767117,0
2020-04-21,rb1s,1,0.5704095346131461,0
2020-04-22,cl1s,1,0.7102629627469818,0
2020-04-22,rb1s,1,0.556555417541342,0
2020-04-23,rb1s,1,0.538061488613835,0
2020-04-23,cl1s,1,0.7060856735115757,0
2020-04-24,cl1s,0,0.6952979559648671,0
2020-04-24,rb1s,1,0.5379039535877816,0
2020-04-27,cl1s,0,0.6948289671269635,0
2020-04-27,rb1s,1,0.5295864405628261,0
2020-04-28,cl1s,1,0.7028120407803884,0
2020-04-28,rb1s,1,0.5342629287245612,0
2020-04-29,cl1s,1,0.6883575212424653,0
2020-04-29,rb1s,1,0.5157065975654421,0
2020-04-30,rb1s,0,0.49515766364996144,0
2020-04-30,cl1s,1,0.6808635781191559,0
2020-05-01,cl1s,1,0.6923896717393248,0
2020-05-01,rb1s,0,0.49552984477251055,0
2020-05-04,cl1s,1,0.7046705850946039,0
2020-05-04,rb1s,1,0.5312388948875277,0
2020-05-05,rb1s,0,0.49888905142196316,0
2020-05-05,ng1s,1,0.5995695922080001,0
2020-05-05,cl1s,0,0.6796135264651508,0
2020-05-06,rb1s,0,0.4887443497223599,0
2020-05-06,ng1s,1,0.604766904927854,0
2020-05-06,cl1s,0,0.6789339829033577,0
2020-05-07,rb1s,0,0.5004565009666103,0
2020-05-07,cl1s,1,0.6923778605482175,0
2020-05-07,ng1s,1,0.6229262004137113,0
2020-05-08,rb1s,0,0.4931376327059326,0
2020-05-08,cl1s,0,0.6793135850092169,0
2020-05-08,ng1s,0,0.6156937664368385,0
2020-05-11,rb1s,0,0.49652582262114614,0
2020-05-11,ng1s,1,0.6156628101876341,0
2020-05-11,cl1s,1,0.6742109822209097,0
2020-05-12,ng1s,1,0.623334158635387,0
2020-05-12,rb1s,0,0.501744702414594,0
2020-05-12,cl1s,0,0.6778402729433324,0
2020-05-13,rb1s,1,0.535108750620736,0
2020-05-13,cl1s,1,0.6739248588872598,0
2020-05-14,rb1s,0,0.5092007479892314,0
2020-05-14,cl1s,1,0.6553481191469837,0
2020-05-14,ng1s,1,0.6333207095984251,0
2020-05-15,rb1s,0,0.5043829745877227,0
2020-05-15,ng1s,0,0.6452203901617092,0
2020-05-18,rb1s,0,0.49368515022124454,0
2020-05-18,ho1s,1,0.5528075801200778,0
2020-05-18,ng1s,0,0.6175613257033857,0
2020-05-19,rb1s,0,0.4954709162579607,0
2020-05-19,cl1s,1,0.6668238385350633,0
2020-05-19,ng1s,1,0.5956170520768084,0
2020-05-20,ho1s,1,0.5567552592210319,0
2020-05-20,rb1s,0,0.4920027491929609,0
2020-05-20,ng1s,1,0.6033072512633683,0
2020-05-21,ng1s,0,0.6004846144105468,0
2020-05-21,rb1s,0,0.4912184252606143,0
2020-05-22,rb1s,0,0.48795732482457577,0
2020-05-26,rb1s,0,0.49154293396727866,0
2020-05-27,cl1s,1,0.6911892719132965,0
2020-05-27,ng1s,1,0.6153897649433914,0
2020-05-27,rb1s,0,0.5004355494787405,0
2020-05-28,ng1s,0,0.599019964592287,0
2020-05-28,cl1s,1,0.6875522242616149,0
2020-05-28,rb1s,0,0.5015606251214273,0
2020-05-29,ng1s,1,0.6026253185215119,0
2020-05-29,rb1s,0,0.4795737876446812,0
2020-06-01,rb1s,0,0.49372862079077295,0
2020-06-01,ng1s,0,0.6394009028895896,0
2020-06-02,rb1s,0,0.47692361817420875,0
2020-06-02,ng1s,0,0.6146889906125512,0
2020-06-03,rb1s,0,0.46908543117558676,0
2020-06-04,cl1s,1,0.6742168400774375,0
2020-06-04,rb1s,0,0.46884565117304416,0
2020-06-05,cl1s,0,0.6539321537935284,0
2020-06-05,rb1s,0,0.4628501937790001,0
2020-06-08,rb1s,0,0.45711104208634434,0
2020-06-08,cl1s,1,0.6623002096137074,0
2020-06-09,rb1s,0,0.4576737882749709,0
2020-06-09,cl1s,1,0.6723791132064603,0
2020-06-10,cl1s,0,0.6706435796873094,0
2020-06-10,rb1s,0,0.44487292174557247,0
2020-06-11,rb1s,0,0.48561455993939434,0
2020-06-11,cl1s,0,0.6981242329856655,0
2020-06-12,cl1s,1,0.7036655176790133,0
2020-06-12,rb1s,1,0.5130811005511756,0
2020-06-15,rb1s,1,0.5123094297480498,0
2020-06-16,rb1s,0,0.47842429432627387,0
2020-06-17,rb1s,0,0.4602185263933412,0
2020-06-17,cl1s,1,0.6594214728722014,0
2020-06-18,cl1s,1,0.6587686270116816,0
2020-06-18,rb1s,0,0.46516605097475205,0
2020-06-19,rb1s,0,0.4637634266103846,0
2020-06-19,cl1s,1,0.6687070297049394,0
2020-06-22,cl1s,0,0.6453658465859243,0
2020-06-22,rb1s,1,0.47305448950918483,0
2020-06-23,rb1s,1,0.4655360027632168,0
2020-06-23,cl1s,0,0.6673699569636573,0
2020-06-24,cl1s,1,0.6880563611255558,0
2020-06-24,rb1s,0,0.5056425088173688,0
2020-06-25,cl1s,0,0.6618688493588141,0
2020-06-25,rb1s,0,0.5042761122562003,0
2020-06-26,cl1s,1,0.6773993123548983,0
2020-06-26,rb1s,1,0.5077738044844926,0
2020-06-29,cl1s,0,0.6844981039594967,0
2020-06-29,rb1s,1,0.5086092078753065,0
2020-06-30,rb1s,1,0.4991739559785039,0
2020-06-30,cl1s,1,0.6815997251419734,0
2020-07-01,rb1s,0,0.4739120357725087,0
2020-07-01,cl1s,1,0.6794967762086666,0
2020-07-01,ho1s,0,0.5969629433333902,0
2020-07-02,rb1s,0,0.4973745895244796,0
2020-07-02,cl1s,0,0.6715358769055138,0
2020-07-06,rb1s,0,0.4937526319451281,0
2020-07-06,cl1s,0,0.661177205167724,0
2020-07-07,rb1s,0,0.49967611006253115,0
2020-07-07,cl1s,1,0.6695737693376642,0
2020-07-08,rb1s,0,0.48621956275069644,0
2020-07-08,cl1s,0,0.6537031819162179,0
2020-07-09,rb1s,0,0.48499514322056675,0
2020-07-09,cl1s,1,0.6856350280726161,0
2020-07-10,rb1s,0,0.4936630675453757,0
2020-07-10,cl1s,0,0.6815106457404561,0
2020-07-10,ho1s,1,0.5410013073227697,0
2020-07-13,cl1s,1,0.6873690628699277,0
2020-07-13,rb1s,0,0.4836940665265282,0
2020-07-14,rb1s,0,0.49647387292948175,0
2020-07-14,cl1s,1,0.67322661009728,0
2020-07-15,rb1s,0,0.42649771986966506,0
2020-07-15,cl1s,0,0.6507511433614284,0
2020-07-16,cl1s,0,0.6282779431490757,0
2020-07-16,rb1s,0,0.4185439734429454,0
2020-07-17,cl1s,1,0.6149410662132111,0
2020-07-17,rb1s,0,0.41351546671421097,0
2020-07-20,rb1s,0,0.4186034806679611,0
2020-07-20,cl1s,1,0.6196686442835068,0
2020-07-21,rb1s,0,0.3929870694517472,0
2020-07-21,cl1s,0,0.628777564112467,0
2020-07-22,rb1s,0,0.3943935883826686,0
2020-07-22,cl1s,0,0.5840925264241037,0
2020-07-23,rb1s,0,0.4154715296993199,0
2020-07-23,cl1s,1,0.6527362873389119,0
2020-07-24,rb1s,0,0.3866281660843373,0
2020-07-24,cl1s,1,0.6481920871903122,0
2020-07-27,rb1s,0,0.39478364902440755,0
2020-07-27,cl1s,0,0.6178807943846538,0
2020-07-28,rb1s,0,0.4107447489591921,0
2020-07-28,cl1s,1,0.6521903996163902,0
2020-07-29,cl1s,0,0.6249829578693329,0
2020-07-29,rb1s,0,0.4086303287429113,0
2020-07-30,cl1s,1,0.6471637146194096,0
2020-07-30,rb1s,0,0.5111913789329063,0
2020-07-31,rb1s,1,0.5367042423520352,0
2020-07-31,cl1s,1,0.6393409855805607,0
2020-08-03,cl1s,1,0.6530358800258252,0
2020-08-03,ng1s,0,0.5702233048040097,0
2020-08-03,rb1s,0,0.5106962638019171,0
2020-08-04,cl1s,1,0.6213819769582772,0
2020-08-04,rb1s,0,0.5050075333336304,0
2020-08-05,rb1s,0,0.5053640410714247,0
2020-08-06,rb1s,0,0.4926298438986635,0
2020-08-06,ng1s,0,0.5918572426276891,0
2020-08-07,rb1s,1,0.5154313045811899,0
2020-08-10,ng1s,0,0.6022846765775863,0
2020-08-10,rb1s,0,0.4748802959140184,0
2020-08-11,rb1s,1,0.498181262163868,0
2020-08-12,rb1s,0,0.40242366871164187,0
2020-08-13,rb1s,1,0.37730856163987936,0
2020-01-30,cl1s,1,0.6668541770563614,1
2020-01-30,rb1s,0,0.44885908414526093,1
2020-01-31,cl1s,1,0.6360963977103431,1
2020-01-31,rb1s,0,0.4330614478580864,1
2020-01-31,ho1s,0,0.6680066182864015,1
2020-02-03,rb1s,0,0.4316707496621571,1
2020-02-03,ho1s,1,0.6637081464658577,1
2020-02-04,rb1s,1,0.5080949708160953,1
2020-02-04,ho1s,1,0.6556189876186438,1
2020-02-05,cl1s,1,0.6896709082371799,1
2020-02-05,rb1s,1,0.5161906135207283,1
2020-02-06,cl1s,0,0.6942933760429256,1
2020-02-06,rb1s,1,0.5059813845899245,1
2020-02-07,cl1s,0,0.6916961887344549,1
2020-02-07,rb1s,0,0.4852097188810501,1
2020-02-10,cl1s,1,0.6970895863306331,1
2020-02-10,rb1s,0,0.49290099924098996,1
2020-02-11,rb1s,1,0.4857732032159714,1
2020-02-11,cl1s,1,0.6945932402935667,1
2020-02-12,rb1s,1,0.4625317195506414,1
2020-02-12,cl1s,1,0.6971643825353525,1
2020-02-13,cl1s,1,0.6958063998163001,1
2020-02-13,rb1s,1,0.4651902107894233,1
2020-02-14,cl1s,0,0.6422419871938878,1
2020-02-14,rb1s,1,0.4691162696512494,1
2020-02-18,cl1s,1,0.6512895286917616,1
2020-02-18,rb1s,0,0.4715492973357802,1
2020-02-19,rb1s,1,0.41849806331394857,1
2020-02-19,cl1s,1,0.6531216427267742,1
2020-02-20,rb1s,1,0.42096518797719823,1
2020-02-20,cl1s,0,0.6447281189208689,1
2020-02-21,cl1s,0,0.7035171156478057,1
2020-02-21,rb1s,0,0.47143851325144953,1
2020-02-24,rb1s,0,0.5014626917670155,1
2020-02-24,cl1s,0,0.691327609494939,1
2020-02-25,cl1s,0,0.6932534888096951,1
2020-02-25,rb1s,0,0.5114968736401102,1
2020-02-26,cl1s,0,0.6889735255710989,1
2020-02-26,rb1s,0,0.5385729979330101,1
2020-02-27,rb1s,0,0.5524273059425677,1
2020-02-27,cl1s,0,0.6884555054204408,1
2020-02-28,rb1s,0,0.5334763381878397,1
2020-02-28,cl1s,1,0.6902125917442764,1
2020-03-02,rb1s,0,0.5450821574951759,1
2020-03-03,rb1s,0,0.5389686299469086,1
2020-03-04,rb1s,0,0.5253792674537318,1
2020-03-05,rb1s,0,0.5308538030693267,1
2020-03-06,rb1s,0,0.5437199676946379,1
2020-03-09,ho1s,1,0.6825819924352821,1
2020-03-09,rb1s,0,0.5456244618801664,1
2020-03-10,rb1s,0,0.5563208446806794,1
2020-03-11,rb1s,1,0.49888284829489665,1
2020-03-12,rb1s,0,0.5758960864389409,1
2020-03-13,rb1s,0,0.5554941993644288,1
2020-03-16,rb1s,0,0.550728765073102,1
2020-03-17,rb1s,1,0.5083428442353648,1
2020-03-18,rb1s,0,0.5103207277745905,1
2020-03-18,cl1s,1,0.6893925569830395,1
2020-03-19,rb1s,1,0.4770282417126141,1
2020-03-20,cl1s,1,0.6607674708260487,1
2020-03-20,rb1s,1,0.4855139859864324,1
2020-03-23,cl1s,1,0.640679475815448,1
2020-03-23,rb1s,0,0.49647310219036267,1
2020-03-24,rb1s,0,0.4615973672579399,1
2020-03-24,cl1s,1,0.6825829850441681,1
2020-03-25,rb1s,0,0.45647318886973065,1
2020-03-26,rb1s,0,0.4457209101507449,1
2020-03-26,cl1s,0,0.6419856050469671,1
2020-03-27,rb1s,0,0.44894378696178716,1
2020-03-27,cl1s,0,0.6486094971854967,1
2020-03-30,cl1s,1,0.6489305762649226,1
2020-03-30,rb1s,0,0.4403617107564682,1
2020-03-31,rb1s,0,0.4326073129220089,1
2020-04-01,rb1s,0,0.43527027517374384,1
2020-04-02,rb1s,0,0.43257065622176166,1
2020-04-03,rb1s,0,0.4190972510827446,1
2020-04-06,rb1s,1,0.4143416594907883,1
2020-04-07,rb1s,0,0.42442560698790144,1
2020-04-08,rb1s,0,0.42669484276798775,1
2020-04-09,rb1s,0,0.4285615414892568,1
2020-04-13,rb1s,0,0.42597469515256087,1
2020-04-14,rb1s,0,0.4233348121953721,1
2020-04-15,rb1s,0,0.4293469892762015,1
2020-04-15,ho1s,0,0.5529465442272637,1
2020-04-16,rb1s,0,0.44708257599193124,1
2020-04-16,ho1s,0,0.5924340261205383,1
2020-04-17,rb1s,0,0.4580158670312138,1
2020-04-20,rb1s,0,0.47405950874160435,1
2020-04-21,cl1s,1,0.7359551456997896,1
2020-04-21,ho1s,1,0.6570274325307094,1
2020-04-21,rb1s,1,0.5582487627838272,1
2020-04-22,cl1s,1,0.7303911607214226,1
2020-04-22,rb1s,1,0.5441874748627293,1
2020-04-23,rb1s,1,0.5179473393977052,1
2020-04-23,cl1s,1,0.7116536310343278,1
2020-04-24,cl1s,0,0.6986010917801715,1
2020-04-24,rb1s,1,0.5034302255700598,1
2020-04-27,cl1s,0,0.6723877478573266,1
2020-04-27,rb1s,1,0.4959161471060644,1
2020-04-28,cl1s,1,0.7029421431515805,1
2020-04-28,rb1s,1,0.4926271446379671,1
2020-04-29,cl1s,1,0.6826792635196542,1
2020-04-29,rb1s,1,0.4714884526330363,1
2020-04-30,rb1s,0,0.41357666982424846,1
2020-04-30,cl1s,1,0.6932119541582384,1
2020-05-01,cl1s,1,0.703172956299727,1
2020-05-01,rb1s,0,0.42579256842069846,1
2020-05-04,cl1s,1,0.704147119155827,1
2020-05-04,rb1s,1,0.47154311770376417,1
2020-05-05,rb1s,0,0.3997884484957237,1
2020-05-05,ng1s,1,0.5576981694623133,1
2020-05-05,cl1s,0,0.6641700747665961,1
2020-05-06,rb1s,0,0.4164281869911184,1
2020-05-06,ng1s,1,0.6290966328041044,1
2020-05-06,cl1s,0,0.6985334110072474,1
2020-05-07,rb1s,0,0.39818588819486767,1
2020-05-07,cl1s,1,0.6935334806661098,1
2020-05-07,ng1s,1,0.6227808054529858,1
2020-05-08,rb1s,0,0.40224109360935384,1
2020-05-08,cl1s,0,0.677053347941043,1
2020-05-08,ng1s,0,0.6174450427462885,1
2020-05-11,rb1s,0,0.4309860944619631,1
2020-05-11,ng1s,1,0.6221854923783703,1
2020-05-11,cl1s,1,0.6852134221416941,1
2020-05-12,ng1s,1,0.6299624139418084,1
2020-05-12,rb1s,0,0.4352419523832422,1
2020-05-12,cl1s,0,0.6880093156367103,1
2020-05-13,rb1s,1,0.509494655516029,1
2020-08-14,rb1s,1,0.39555214497333113,1
2020-08-17,rb1s,1,0.39938032247498345,1
2020-08-18,rb1s,1,0.3950868063301678,1
2020-08-19,rb1s,0,0.4033290262030393,1
2020-08-20,rb1s,0,0.42335884524864204,1
2020-08-21,rb1s,1,0.44837142477039266,1
2020-08-21,cl1s,1,0.6575804771451389,1
2020-08-24,rb1s,0,0.4145229781876259,1
2020-08-24,cl1s,1,0.6403604277357428,1
2020-08-25,cl1s,1,0.540725859872461,1
2020-08-25,rb1s,0,0.395362123382205,1
2020-08-26,rb1s,0,0.40534783819698195,1
2020-08-26,cl1s,0,0.5273595892413766,1
2020-08-27,rb1s,0,0.4893087984781272,1
2020-08-28,rb1s,0,0.4461580660855276,1
2020-08-31,rb1s,0,0.46389497194854423,1
2020-09-01,cl1s,0,0.6269672429959984,1
2020-09-01,rb1s,0,0.45049747850481897,1
2020-09-02,rb1s,0,0.4842138139338864,1
2020-09-02,cl1s,0,0.6768462553878225,1
2020-09-03,rb1s,0,0.4834653060374432,1
2020-09-04,rb1s,0,0.5067429474713447,1
2020-09-08,ho1s,1,0.6577939499319075,1
2020-09-08,rb1s,0,0.5540577565497435,1
2020-09-09,rb1s,0,0.5365701776109675,1
2020-09-10,rb1s,1,0.5035166979829139,1
2020-09-11,rb1s,1,0.4912132587849654,1
2020-09-14,rb1s,1,0.47514568248203287,1
2020-09-15,rb1s,1,0.4425011577433105,1
2020-09-16,cl1s,1,0.6431491226370636,1
2020-09-16,rb1s,0,0.44624378974156464,1
2020-09-17,rb1s,0,0.4653397675244429,1
2020-09-18,rb1s,0,0.4394373388597264,1
2020-09-21,ho1s,0,0.6397381748334701,1
2020-09-21,rb1s,0,0.49925984346005287,1
2020-09-21,cl1s,1,0.7219313403449137,1
2020-09-22,ho1s,1,0.6001603085831947,1
2020-09-22,rb1s,0,0.48554880958959085,1
2020-09-22,cl1s,1,0.6532187065559544,1
2020-09-23,rb1s,0,0.463170250433935,1
2020-09-23,ho1s,1,0.6155981574818212,1
2020-09-23,cl1s,1,0.6968293567192138,1
2020-09-24,rb1s,0,0.454113766054897,1
2020-09-24,ng1s,1,0.5914669046418117,1
2020-09-24,ho1s,1,0.6109209741284323,1
2020-09-24,cl1s,0,0.6895695528844282,1
2020-09-25,ho1s,1,0.5819718200699319,1
2020-09-25,rb1s,0,0.43100791419700935,1
2020-09-25,cl1s,1,0.6847381302372628,1
2020-09-28,cl1s,0,0.6307888481795708,1
2020-09-28,rb1s,0,0.4164359447366374,1
2020-09-29,cl1s,1,0.6590409027697264,1
2020-09-29,ho1s,1,0.6094732225950212,1
2020-09-29,rb1s,0,0.46944815565273645,1
2020-09-30,cl1s,0,0.6991962888420973,1
2020-09-30,ho1s,0,0.5989115030783514,1
2020-09-30,rb1s,0,0.4649868018396695,1
2020-10-01,cl1s,0,0.7010787610910602,1
2020-10-01,ho1s,0,0.6084794974529233,1
2020-10-01,rb1s,0,0.5048221933139488,1
2020-10-02,ho1s,1,0.6117229619055131,1
2020-10-02,rb1s,1,0.5094866209885851,1
2020-10-02,cl1s,1,0.6996150758405352,1
2020-10-05,cl1s,1,0.7162446572317499,1
2020-10-05,rb1s,0,0.5017007920880566,1
2020-10-06,rb1s,0,0.4807735808818424,1
2020-10-07,cl1s,1,0.7239349910218245,1
2020-10-07,rb1s,0,0.5142349238531185,1
2020-10-08,rb1s,0,0.4440474963844919,1
2020-10-08,cl1s,0,0.6938941775268219,1
2020-10-09,ng1s,0,0.6049318728780158,1
2020-10-09,cl1s,0,0.7133980858390208,1
2020-10-09,rb1s,0,0.4539523943790693,1
2020-10-12,rb1s,0,0.46944069818909184,1
2020-10-12,ng1s,1,0.5811616324469558,1
2020-10-12,cl1s,1,0.7203501578497247,1
2020-10-13,rb1s,0,0.4565886763592332,1
2020-10-13,cl1s,1,0.7153909557338234,1
2020-10-13,ng1s,1,0.5880775673452563,1
2020-10-14,cl1s,0,0.7018111580420012,1
2020-10-14,ng1s,0,0.6146001097665358,1
2020-10-14,rb1s,0,0.46684135294030954,1
2020-10-15,cl1s,0,0.6672840225031593,1
2020-10-15,rb1s,0,0.5202999566382129,1
2020-10-16,cl1s,0,0.6759840014867584,1
2020-10-16,rb1s,0,0.5162261188551979,1
2020-10-19,rb1s,0,0.5062490908725412,1
2020-10-19,cl1s,1,0.6830139837171774,1
2020-10-20,cl1s,0,0.6483368994717537,1
2020-10-20,rb1s,0,0.4769183796409926,1
2020-10-21,cl1s,1,0.7263770859882138,1
2020-10-21,rb1s,0,0.521610965572827,1
2020-10-22,cl1s,0,0.7182593811783611,1
2020-10-22,rb1s,0,0.49938912895264576,1
2020-10-23,ho1s,0,0.6394499677902465,1
2020-10-23,rb1s,0,0.49685640650437646,1
2020-10-23,cl1s,0,0.7187203347131293,1
2020-10-26,ng1s,0,0.5627187272062455,1
2020-10-26,ho1s,1,0.659886606168049,1
2020-10-26,rb1s,0,0.5071604373613616,1
2020-10-26,cl1s,1,0.6901383533909761,1
2020-10-27,ng1s,1,0.5955304663590811,1
2020-10-27,ho1s,0,0.6481323654260605,1
2020-10-27,rb1s,0,0.47327277407896057,1
2020-10-27,cl1s,0,0.7369887386901849,1
2020-10-28,cl1s,0,0.7342638327095415,1
2020-10-28,rb1s,0,0.5141811662793588,1
2020-10-29,cl1s,0,0.7359703443454398,1
2020-10-29,ho1s,0,0.6588974213252264,1
2020-10-29,rb1s,1,0.5551999052125741,1
2020-10-30,cl1s,1,0.7151419010363966,1
2020-10-30,rb1s,1,0.556409880725949,1
2020-10-30,ho1s,1,0.6649107299008747,1
2020-11-02,rb1s,1,0.5581216271161279,1
2020-11-02,cl1s,1,0.7418424814756199,1
2020-11-03,rb1s,1,0.5244164071812802,1
2020-11-03,cl1s,1,0.7210002319936554,1
2020-11-04,cl1s,0,0.7127530159363192,1
2020-11-04,rb1s,0,0.5171295173049499,1
2020-11-05,cl1s,0,0.7047338633416441,1
2020-11-05,rb1s,0,0.5122503310697787,1
2020-11-06,cl1s,1,0.7036425461102801,1
2020-11-06,rb1s,1,0.5003898107223519,1
2020-11-09,cl1s,1,0.6805837774079264,1
2020-11-09,rb1s,0,0.4730728192555103,1
2020-11-10,cl1s,1,0.6711181216599283,1
2020-11-10,rb1s,0,0.45546400106045115,1
2020-11-11,cl1s,0,0.6642452378854599,1
2020-01-30,cl1s,1,0.6835903876367875,2
2020-01-30,rb1s,0,0.4921075087167322,2
2020-01-31,cl1s,1,0.6475562610152369,2
2020-01-31,rb1s,0,0.4880360063062157,2
2020-01-31,ho1s,0,0.6708606531107523,2
2020-02-03,rb1s,0,0.4765042619983125,2
2020-02-03,ho1s,1,0.6642175897843394,2
2020-02-04,rb1s,1,0.5190452616690205,2
2020-02-04,ho1s,1,0.6642681476508904,2
2020-02-05,cl1s,1,0.681477114119782,2
2020-02-05,rb1s,1,0.5379555894246182,2
2020-02-06,cl1s,0,0.684889061079964,2
2020-02-06,rb1s,1,0.547594311041704,2
2020-02-07,cl1s,0,0.6801399230240747,2
2020-02-07,rb1s,0,0.49732143566803066,2
2020-02-10,cl1s,1,0.67792111631433,2
2020-02-10,rb1s,0,0.49658403485879904,2
2020-02-11,rb1s,1,0.48762420460628847,2
2020-02-11,cl1s,1,0.6893755313283547,2
2020-02-12,rb1s,1,0.44475307813043313,2
2020-02-12,cl1s,1,0.6838659945000916,2
2020-02-13,cl1s,1,0.6748919756851125,2
2020-02-13,rb1s,1,0.4371292999275128,2
2020-02-14,cl1s,0,0.6372843163665086,2
2020-02-14,rb1s,1,0.4388389770891097,2
2020-02-18,cl1s,1,0.6498100705278376,2
2020-02-18,rb1s,0,0.43983314925671785,2
2020-02-19,rb1s,1,0.4197179387756961,2
2020-02-19,cl1s,1,0.6456731412532553,2
2020-02-20,rb1s,1,0.4368605456603289,2
2020-02-20,cl1s,0,0.6382182458359673,2
2020-02-21,cl1s,0,0.6699327614352849,2
2020-02-21,rb1s,0,0.4341330612777243,2
2020-02-24,rb1s,0,0.44691849085665275,2
2020-02-24,cl1s,0,0.6663131792617768,2
2020-02-25,cl1s,0,0.6757488612926809,2
2020-02-25,rb1s,0,0.4759755345238134,2
2020-02-26,cl1s,0,0.6723693753504861,2
2020-02-26,rb1s,0,0.5258977046712742,2
2020-02-27,rb1s,0,0.5622093298673702,2
2020-02-27,cl1s,0,0.6839184885773567,2
2020-02-28,rb1s,0,0.5485555920803985,2
2020-02-28,cl1s,1,0.6784138853144825,2
2020-03-02,rb1s,0,0.5480172451012383,2
2020-03-03,rb1s,0,0.5138381806983041,2
2020-03-04,rb1s,0,0.5104184354841299,2
2020-03-05,rb1s,0,0.5271840453290065,2
2020-03-06,rb1s,0,0.5747333717183379,2
2020-03-09,ho1s,1,0.682427096797728,2
2020-03-09,rb1s,0,0.5870934507094884,2
2020-03-10,rb1s,0,0.5949807295716972,2
2020-03-11,rb1s,1,0.5836751460167832,2
2020-03-12,rb1s,0,0.613018730152957,2
2020-03-13,rb1s,0,0.6125333367321588,2
2020-03-16,rb1s,0,0.6093218695421001,2
2020-03-17,rb1s,1,0.6095265302083515,2
2020-03-18,rb1s,0,0.6104930962649785,2
2020-03-18,cl1s,1,0.7066362285707488,2
2020-03-19,rb1s,1,0.607376277275621,2
2020-03-20,cl1s,1,0.7019640389340333,2
2020-03-20,rb1s,1,0.6033233015708526,2
2020-03-23,cl1s,1,0.685855343741165,2
2020-03-23,rb1s,0,0.6012522545595014,2
2020-03-24,rb1s,0,0.5914215822876042,2
2020-03-24,cl1s,1,0.7076548274836257,2
2020-03-25,rb1s,0,0.5810456132204509,2
2020-03-26,rb1s,0,0.5591663299724347,2
2020-03-26,cl1s,0,0.670811846476973,2
2020-03-27,rb1s,0,0.5581866111862871,2
2020-03-27,cl1s,0,0.672995129942365,2
2020-03-30,cl1s,1,0.6815145842005796,2
2020-03-30,rb1s,0,0.556029779007238,2
2020-03-31,rb1s,0,0.5608849220693748,2
2020-04-01,rb1s,0,0.5527642907158083,2
2020-04-02,rb1s,0,0.549191510698635,2
2020-04-03,rb1s,0,0.5413278408765467,2
2020-04-06,rb1s,1,0.5335967383844074,2
2020-04-07,rb1s,0,0.5299465509626012,2
2020-04-08,rb1s,0,0.5242618079226468,2
2020-04-09,rb1s,0,0.5130673959093297,2
2020-04-13,rb1s,0,0.5146487214437727,2
2020-04-14,rb1s,0,0.5071041595359705,2
2020-04-15,rb1s,0,0.5115957331950726,2
2020-04-15,ho1s,0,0.6240261257904653,2
2020-04-16,rb1s,0,0.5310027828706251,2
2020-04-16,ho1s,0,0.6380369904144936,2
2020-04-17,rb1s,0,0.5362012717537338,2
2020-04-20,rb1s,0,0.5350097434186678,2
2020-04-21,cl1s,1,0.725244262263354,2
2020-04-21,ho1s,1,0.6759133703302979,2
2020-04-21,rb1s,1,0.5606864565173619,2
2020-04-22,cl1s,1,0.7235227764394239,2
2020-04-22,rb1s,1,0.5473554462543516,2
2020-04-23,rb1s,1,0.5115740385127148,2
2020-04-23,cl1s,1,0.7132056863071347,2
2020-04-24,cl1s,0,0.69135633340455,2
2020-04-24,rb1s,1,0.4988512530178447,2
2020-04-27,cl1s,0,0.6910934926496471,2
2020-04-27,rb1s,1,0.491121855561231,2
2020-04-28,cl1s,1,0.7018264568519235,2
2020-04-28,rb1s,1,0.4919454513481057,2
2020-04-29,cl1s,1,0.6939756888419645,2
2020-04-29,rb1s,1,0.47855620731459986,2
2020-04-30,rb1s,0,0.4679168188398747,2
2020-04-30,cl1s,1,0.7003651740399585,2
2020-05-01,cl1s,1,0.7087376151678529,2
2020-05-01,rb1s,0,0.4794402142452115,2
2020-05-04,cl1s,1,0.7156452074034518,2
2020-05-04,rb1s,1,0.48811746158792035,2
2020-05-05,rb1s,0,0.4650410295102313,2
2020-05-05,ng1s,1,0.5734271436477133,2
2020-05-05,cl1s,0,0.6769023321870636,2
2020-05-06,rb1s,0,0.4732929190134837,2
2020-05-06,ng1s,1,0.6219051924371709,2
2020-05-06,cl1s,0,0.693713048636566,2
2020-05-07,rb1s,0,0.4638800953937281,2
2020-05-07,cl1s,1,0.6985357429206723,2
2020-05-07,ng1s,1,0.6285536392096008,2
2020-05-08,rb1s,0,0.45523600110472207,2
2020-05-08,cl1s,0,0.688135444361732,2
2020-05-08,ng1s,0,0.6218757439309317,2
2020-05-11,rb1s,0,0.4628831523476873,2
2020-05-11,ng1s,1,0.6188036395442357,2
2020-05-11,cl1s,1,0.6841762028343562,2
2020-05-12,ng1s,1,0.6353485707112759,2
2020-05-12,rb1s,0,0.4665480433872072,2
2020-05-12,cl1s,0,0.687668377344024,2
2020-05-13,rb1s,1,0.49978950155592494,2
2020-11-11,rb1s,0,0.3789843971729777,2
2020-11-12,rb1s,0,0.40218716694422885,2
2020-11-12,cl1s,0,0.5676956010553628,2
2020-11-13,rb1s,1,0.3997021176233312,2
2020-11-13,cl1s,1,0.5660466389729741,2
2020-11-16,cl1s,1,0.5703527519553184,2
2020-11-16,rb1s,1,0.4046807294001918,2
2020-11-17,rb1s,1,0.3969842101675678,2
2020-11-17,cl1s,1,0.5176090386846475,2
2020-11-18,rb1s,1,0.39621772700633834,2
2020-11-18,cl1s,0,0.5239666553730071,2
2020-11-19,cl1s,1,0.5475489784737324,2
2020-11-19,rb1s,1,0.3917938122230135,2
2020-11-20,rb1s,1,0.3433996414739653,2
2020-11-20,cl1s,1,0.5254443095417736,2
2020-11-23,cl1s,1,0.5529155356263628,2
2020-11-23,rb1s,1,0.34560865979055594,2
2020-11-24,rb1s,0,0.3379519401807313,2
2020-11-24,cl1s,1,0.5387969134807215,2
2020-11-25,rb1s,0,0.32298020348633866,2
2020-11-27,rb1s,0,0.333028198631114,2
2020-11-30,rb1s,0,0.3320265945081711,2
2020-12-01,cl1s,1,0.5759318376465294,2
2020-12-01,rb1s,1,0.33701726365845264,2
2020-12-02,rb1s,1,0.34041749978686636,2
2020-12-02,cl1s,1,0.56571996619268,2
2020-12-03,rb1s,1,0.32557374564602176,2
2020-12-03,cl1s,1,0.5448387096180444,2
2020-12-04,cl1s,0,0.5328004387429424,2
2020-12-04,rb1s,0,0.3231192245862526,2
2020-12-07,rb1s,1,0.33375375762993303,2
2020-12-07,cl1s,0,0.566059929777018,2
2020-12-08,rb1s,1,0.34120731981279023,2
2020-12-08,cl1s,0,0.558494931423725,2
2020-12-09,cl1s,1,0.5739892133987164,2
2020-12-09,rb1s,1,0.3410798200783805,2
2020-12-10,rb1s,0,0.33459400652966464,2
2020-12-11,cl1s,1,0.5643512399894299,2
2020-12-11,rb1s,1,0.34306005103964654,2
2020-12-14,rb1s,1,0.34303257190158487,2
2020-12-15,rb1s,1,0.34204287346681395,2
2020-12-16,rb1s,0,0.33182560448024817,2
2020-12-17,rb1s,0,0.32060192197005044,2
2020-12-18,ho1s,1,0.41174135988189886,2
2020-12-18,rb1s,0,0.3297889179295432,2
2020-12-21,rb1s,0,0.4023186169702951,2
2020-12-21,ho1s,1,0.48062577121893746,2
2020-12-22,rb1s,1,0.4236921832535011,2
2020-12-23,rb1s,0,0.3942090101934218,2
2020-12-24,rb1s,0,0.37002192529757566,2
2020-12-28,rb1s,1,0.36736881473065863,2
2020-12-29,rb1s,1,0.3640461034686948,2
2020-12-30,rb1s,0,0.3491883865441702,2
2020-12-31,rb1s,0,0.34736068111274937,2
2021-01-04,ho1s,1,0.5333624028925986,2
2021-01-04,cl1s,1,0.6605274583412679,2
2021-01-04,rb1s,1,0.3903252690714398,2
2021-01-05,cl1s,1,0.6089690948764509,2
2021-01-05,rb1s,1,0.4014806083413881,2
2021-01-06,rb1s,0,0.36934286822098206,2
2021-01-06,cl1s,1,0.589787568314248,2
2021-01-07,cl1s,1,0.5730903040684371,2
2021-01-07,rb1s,0,0.35405633155170685,2
2021-01-08,rb1s,0,0.3228876902109062,2
2021-01-08,cl1s,1,0.5972426627488966,2
2021-01-11,cl1s,1,0.5953496998629302,2
2021-01-11,rb1s,0,0.34178998996202814,2
2021-01-12,rb1s,0,0.33091113055459315,2
2021-01-13,rb1s,0,0.3469766859440536,2
2021-01-14,rb1s,0,0.34702466383823816,2
2021-01-15,cl1s,1,0.6320663263465524,2
2021-01-15,rb1s,0,0.3830208926468637,2
2021-01-19,rb1s,0,0.3886481639046718,2
2021-01-19,cl1s,1,0.5999345352406079,2
2021-01-20,cl1s,0,0.5849344556418183,2
2021-01-20,rb1s,0,0.37921244090235406,2
2021-01-21,cl1s,0,0.5454019532984024,2
2021-01-21,rb1s,0,0.36425965441360736,2
2021-01-22,rb1s,0,0.34643295927047074,2
2021-01-25,rb1s,0,0.35423175247631067,2
2021-01-26,rb1s,0,0.34642923536256703,2
2021-01-27,rb1s,0,0.3701826423677845,2
2021-01-28,rb1s,0,0.37698005629985243,2
2021-01-29,rb1s,0,0.3961948295567278,2
2021-02-01,rb1s,0,0.38915259719680684,2
2021-02-02,rb1s,0,0.37721921316553525,2
2021-02-03,rb1s,0,0.35757811662779165,2
2021-02-04,rb1s,0,0.3659116744513727,2
2021-02-04,cl1s,0,0.589364849885037,2
2021-02-05,cl1s,0,0.5518969841246568,2
2021-02-05,rb1s,0,0.34018373634762944,2
2021-02-08,rb1s,0,0.33906056186197314,2
2021-02-08,cl1s,0,0.5205187388143339,2
2021-02-09,rb1s,0,0.33363456485728155,2
2021-02-09,cl1s,0,0.5366880119930095,2
2021-02-10,rb1s,0,0.36573159975881725,2
2021-02-10,cl1s,1,0.5240881251109344,2
2021-02-11,rb1s,0,0.35596342413493803,2
2021-02-11,cl1s,0,0.5407060206619764,2
2021-02-12,cl1s,0,0.5607764965441141,2
2021-02-12,rb1s,0,0.3482051540180496,2
2021-02-16,ng1s,0,0.5191475302501907,2
2021-02-16,rb1s,0,0.3430901034856175,2
2021-02-16,cl1s,0,0.5399359742764799,2
2021-02-17,rb1s,0,0.3599216733305951,2
2021-02-17,cl1s,1,0.5167003385835235,2
2021-02-18,rb1s,0,0.36907140451626846,2
2021-02-18,cl1s,1,0.5514507345640622,2
2021-02-19,rb1s,0,0.3462821044052915,2
2021-02-19,cl1s,0,0.6146688359203791,2
2021-02-22,cl1s,1,0.49866405704061917,2
2021-02-22,rb1s,0,0.3218728265079267,2
2021-02-23,cl1s,0,0.53300435785245,2
2021-02-23,rb1s,0,0.3230302516651586,2
2021-02-24,rb1s,0,0.3242110801116357,2
2021-02-24,cl1s,0,0.5019682064490002,2
2021-02-25,cl1s,1,0.5276536648983241,2
2021-02-25,rb1s,0,0.34526636522929316,2
2021-02-26,rb1s,0,0.36301497934466864,2
2021-03-01,rb1s,0,0.3755377142817619,2
2021-03-02,rb1s,0,0.37461629548716285,2
2021-03-03,rb1s,0,0.36714669141510303,2
2021-03-04,rb1s,0,0.3525298083608424,2
2021-03-05,rb1s,0,0.3433561290329036,2
2021-03-05,cl1s,1,0.507445726490726,2
2021-03-08,cl1s,1,0.5363177774311088,2
2021-03-08,rb1s,0,0.3562700765381026,2
2021-03-09,rb1s,0,0.3568794898510435,2
2020-01-30,cl1s,1,0.675208265529658,3
2020-01-30,rb1s,0,0.519541450949579,3
2020-01-31,cl1s,1,0.6623899109280826,3
2020-01-31,rb1s,0,0.5110697842856887,3
2020-01-31,ho1s,0,0.6468130742557794,3
2020-02-03,rb1s,0,0.4844842457768657,3
2020-02-03,ho1s,1,0.6242451115437309,3
2020-02-04,rb1s,1,0.52591456215928,3
2020-02-04,ho1s,1,0.6210375217944943,3
2020-02-05,cl1s,1,0.6656299272979537,3
2020-02-05,rb1s,1,0.5696525067650713,3
2020-02-06,cl1s,0,0.6733126132567053,3
2020-02-06,rb1s,1,0.5577301275873299,3
2020-02-07,cl1s,0,0.6687566279043753,3
2020-02-07,rb1s,0,0.5076773714773324,3
2020-02-10,cl1s,1,0.6690923879033133,3
2020-02-10,rb1s,0,0.5167672465652441,3
2020-02-11,rb1s,1,0.4974312390257619,3
2020-02-11,cl1s,1,0.6664700665332541,3
2020-02-12,rb1s,1,0.4837665864845244,3
2020-02-12,cl1s,1,0.6792774156723135,3
2020-02-13,cl1s,1,0.6614708722693831,3
2020-02-13,rb1s,1,0.472713924647358,3
2020-02-14,cl1s,0,0.6232583112474165,3
2020-02-14,rb1s,1,0.45673613608371333,3
2020-02-18,cl1s,1,0.639392245418846,3
2020-02-18,rb1s,0,0.4444785622005003,3
2020-02-19,rb1s,1,0.44432152851175943,3
2020-02-19,cl1s,1,0.6424162068637526,3
2020-02-20,rb1s,1,0.44494592380782005,3
2020-02-20,cl1s,0,0.6293011102472617,3
2020-02-21,cl1s,0,0.6599731126282998,3
2020-02-21,rb1s,0,0.43645589977850996,3
2020-02-24,rb1s,0,0.48794827691950055,3
2020-02-24,cl1s,0,0.6617250343204258,3
2020-02-25,cl1s,0,0.6747409491525145,3
2020-02-25,rb1s,0,0.524048280860125,3
2020-02-26,cl1s,0,0.6747174264571958,3
2020-02-26,rb1s,0,0.5806921361228543,3
2020-02-27,rb1s,0,0.5961477411799869,3
2020-02-27,cl1s,0,0.6694425010706154,3
2020-02-28,rb1s,0,0.5589505047424349,3
2020-02-28,cl1s,1,0.6673208287994179,3
2020-03-02,rb1s,0,0.574258144455331,3
2020-03-03,rb1s,0,0.5569519900360299,3
2020-03-04,rb1s,0,0.5293091218274067,3
2020-03-05,rb1s,0,0.5545861946709055,3
2020-03-06,rb1s,0,0.5774480954805536,3
2020-03-09,ho1s,1,0.6367753158197078,3
2020-03-09,rb1s,0,0.5848234033712125,3
2020-03-10,rb1s,0,0.5921374991974441,3
2020-03-11,rb1s,1,0.5795686239379496,3
2020-03-12,rb1s,0,0.6109717094674098,3
2020-03-13,rb1s,0,0.5992048799859653,3
2020-03-16,rb1s,0,0.5985311704616456,3
2020-03-17,rb1s,1,0.6077118818920559,3
2020-03-18,rb1s,0,0.6057404866596058,3
2020-03-18,cl1s,1,0.6926728544493955,3
2020-03-19,rb1s,1,0.5921969151871925,3
2020-03-20,cl1s,1,0.6730558521479472,3
2020-03-20,rb1s,1,0.6030534072582729,3
2020-03-23,cl1s,1,0.6503789033034867,3
2020-03-23,rb1s,0,0.5860930457138153,3
2020-03-24,rb1s,0,0.5796353301060183,3
2020-03-24,cl1s,1,0.6616307077541402,3
2020-03-25,rb1s,0,0.5648302675001394,3
2020-03-26,rb1s,0,0.5425473370145816,3
2020-03-26,cl1s,0,0.6315305581450502,3
2020-03-27,rb1s,0,0.5432955802845366,3
2020-03-27,cl1s,0,0.6369030178287196,3
2020-03-30,cl1s,1,0.6373183907840068,3
2020-03-30,rb1s,0,0.5504898031548348,3
2020-03-31,rb1s,0,0.5479379293450376,3
2020-04-01,rb1s,0,0.5511932563362649,3
2020-04-02,rb1s,0,0.5495001793978956,3
2020-04-03,rb1s,0,0.5434133121121086,3
2020-04-06,rb1s,1,0.5424430529359334,3
2020-04-07,rb1s,0,0.5442791318786478,3
2020-04-08,rb1s,0,0.5276652191793952,3
2020-04-09,rb1s,0,0.5171273349494611,3
2020-04-13,rb1s,0,0.5269636859970838,3
2020-04-14,rb1s,0,0.5267057761558902,3
2020-04-15,rb1s,0,0.5212717946668801,3
2020-04-15,ho1s,0,0.5945211095055282,3
2020-04-16,rb1s,0,0.5376722092412615,3
2020-04-16,ho1s,0,0.6029354936249134,3
2020-04-17,rb1s,0,0.5434146643546346,3
2020-04-20,rb1s,0,0.552807410258359,3
2020-04-21,cl1s,1,0.6923177628391355,3
2020-04-21,ho1s,1,0.6269037301737694,3
2020-04-21,rb1s,1,0.578774902391707,3
2020-04-22,cl1s,1,0.6800705233681318,3
2020-04-22,rb1s,1,0.5541277167943747,3
2020-04-23,rb1s,1,0.5348552914024468,3
2020-04-23,cl1s,1,0.6711389318013601,3
2020-04-24,cl1s,0,0.658385743790338,3
2020-04-24,rb1s,1,0.5254105529242127,3
2020-04-27,cl1s,0,0.6467276408974634,3
2020-04-27,rb1s,1,0.5259377080668971,3
2020-04-28,cl1s,1,0.6538812421144298,3
2020-04-28,rb1s,1,0.5141079870257228,3
2020-04-29,cl1s,1,0.6506169879179177,3
2020-04-29,rb1s,1,0.49850097988169056,3
2020-04-30,rb1s,0,0.48673092466215073,3
2020-04-30,cl1s,1,0.6571314963561198,3
2020-05-01,cl1s,1,0.6742056421094124,3
2020-05-01,rb1s,0,0.49987798128684574,3
2020-05-04,cl1s,1,0.6849035969710193,3
2020-05-04,rb1s,1,0.5055831829205694,3
2020-05-05,rb1s,0,0.47485046784643675,3
2020-05-05,ng1s,1,0.5420883543974733,3
2020-05-05,cl1s,0,0.6609029775118709,3
2020-05-06,rb1s,0,0.48627822586690295,3
2020-05-06,ng1s,1,0.5942364181800821,3
2020-05-06,cl1s,0,0.6804276138902924,3
2020-05-07,rb1s,0,0.488226868427704,3
2020-05-07,cl1s,1,0.6778798425092719,3
2020-05-07,ng1s,1,0.6010459517051707,3
2020-05-08,rb1s,0,0.48661269641681115,3
2020-05-08,cl1s,0,0.6720180043915464,3
2020-05-08,ng1s,0,0.5793916903649666,3
2020-05-11,rb1s,0,0.4929176769763035,3
2020-05-11,ng1s,1,0.5817392611630698,3
2020-05-11,cl1s,1,0.6671274402790999,3
2020-05-12,ng1s,1,0.580632602247166,3
2020-05-12,rb1s,0,0.4744855075271363,3
2020-05-12,cl1s,0,0.6609458692949799,3
2020-05-13,rb1s,1,0.5238231152237781,3
2021-03-10,rb1s,0,0.333545886482873,3
2021-03-11,rb1s,0,0.3011557130311531,3
2021-03-12,rb1s,1,0.2940140633647382,3
2021-03-15,rb1s,1,0.33395716578464796,3
2021-03-16,rb1s,1,0.32412429654763014,3
2021-03-17,rb1s,1,0.34472922542181716,3
2021-03-18,rb1s,0,0.5031147193642874,3
2021-03-19,rb1s,0,0.5130198026839782,3
2021-03-22,rb1s,0,0.5051866101733308,3
2021-03-23,rb1s,0,0.5123468268190832,3
2021-03-24,rb1s,0,0.4997034617396069,3
2021-03-25,rb1s,1,0.4940597083616478,3
2021-03-26,rb1s,0,0.4478998336153915,3
2021-03-29,rb1s,0,0.45353308718603424,3
2021-03-30,rb1s,0,0.43785509786389953,3
2021-03-31,rb1s,0,0.44757166418528677,3
2021-04-01,rb1s,0,0.42152323075617265,3
2021-04-05,rb1s,0,0.4475217172159775,3
2021-04-06,rb1s,0,0.4405199258938443,3
2021-04-07,rb1s,0,0.44783775595639713,3
2021-04-08,rb1s,0,0.41646407280922865,3
2021-04-09,rb1s,0,0.4455063740527954,3
2021-04-12,rb1s,0,0.4305181047428597,3
2021-04-13,rb1s,0,0.43751568568557453,3
2021-04-14,rb1s,0,0.38797566169236236,3
2021-04-15,rb1s,0,0.3659537618097134,3
2021-04-15,cl1s,0,0.5398140921635668,3
2021-04-16,rb1s,0,0.36790791011326474,3
2021-04-16,cl1s,1,0.5036508021009697,3
2021-04-19,cl1s,0,0.5149481361612793,3
2021-04-19,rb1s,0,0.3811206115537946,3
2021-04-20,rb1s,0,0.3992222217035159,3
2021-04-20,cl1s,0,0.6076696788648899,3
2021-04-21,cl1s,1,0.64063466095103,3
2021-04-21,rb1s,0,0.39945694062807685,3
2021-04-22,rb1s,0,0.4104936444998083,3
2021-04-22,cl1s,1,0.639800757435036,3
2021-04-23,rb1s,0,0.38534256762561386,3
2021-04-23,cl1s,0,0.5883895783101821,3
2021-04-26,cl1s,1,0.6299477466990769,3
2021-04-26,rb1s,0,0.3794575310240022,3
2021-04-27,cl1s,1,0.5730840231793405,3
2021-04-27,rb1s,0,0.36171474920573826,3
2021-04-28,cl1s,1,0.6095508710275372,3
2021-04-28,rb1s,0,0.3432614840635072,3
2021-04-29,rb1s,0,0.33545020036185363,3
2021-04-29,cl1s,0,0.6138693332401949,3
2021-04-30,cl1s,1,0.6417544354302303,3
2021-04-30,rb1s,0,0.36495604110275776,3
2021-05-03,cl1s,1,0.6351401488635745,3
2021-05-03,rb1s,0,0.3582608078880626,3
2021-05-04,cl1s,0,0.6452367957104577,3
2021-05-04,rb1s,0,0.3450649197514022,3
2021-05-05,rb1s,0,0.35186020173806876,3
2021-05-05,cl1s,0,0.6584300128846325,3
2021-05-06,rb1s,0,0.3668204036392319,3
2021-05-07,rb1s,0,0.3807456202206201,3
2021-05-10,rb1s,0,0.37355185213294256,3
2021-05-11,rb1s,0,0.37365948387908154,3
2021-05-12,rb1s,1,0.36697002070600643,3
2021-05-12,cl1s,0,0.6499273422805613,3
2021-05-13,rb1s,0,0.42817773809137916,3
2021-05-14,rb1s,0,0.4035244213178939,3
2021-05-14,cl1s,1,0.6640027536356504,3
2021-05-17,cl1s,0,0.5969594896056624,3
2021-05-17,rb1s,0,0.3759830976540683,3
2021-05-18,rb1s,0,0.3746961777769297,3
2021-05-19,cl1s,0,0.6231241520401487,3
2021-05-19,rb1s,0,0.43179342351991107,3
2021-05-20,cl1s,1,0.6322388733977545,3
2021-05-20,rb1s,1,0.4660394279045739,3
2021-05-21,cl1s,1,0.6725227481548709,3
2021-05-21,rb1s,1,0.4548698599730722,3
2021-05-24,rb1s,0,0.41269087781139324,3
2021-05-24,cl1s,1,0.5908320871557302,3
2021-05-25,rb1s,0,0.4059207348538343,3
2021-05-25,cl1s,1,0.615851383716895,3
2021-05-26,rb1s,0,0.3938328396487843,3
2021-05-26,cl1s,1,0.5671342603660093,3
2021-05-27,rb1s,0,0.3876159944374385,3
2021-05-27,cl1s,0,0.6115649153676697,3
2021-05-28,rb1s,0,0.39865312301830574,3
2021-05-28,cl1s,1,0.5812714142647074,3
2021-06-01,cl1s,1,0.6437337656151799,3
2021-06-01,rb1s,0,0.3803026117451193,3
2021-06-02,rb1s,0,0.3724881353549226,3
2021-06-02,cl1s,0,0.5621482904151253,3
2021-06-03,rb1s,0,0.3847897851520182,3
2021-06-03,cl1s,1,0.5681642923883645,3
2021-06-04,cl1s,0,0.5575694505746109,3
2021-06-04,rb1s,0,0.3669532569575194,3
2021-06-07,cl1s,1,0.543054164332367,3
2021-06-07,rb1s,0,0.37719429945522615,3
2021-06-08,cl1s,0,0.6340875975845286,3
2021-06-08,rb1s,0,0.3601953885535593,3
2021-06-09,cl1s,1,0.5748744795648857,3
2021-06-09,rb1s,0,0.3698635058380812,3
2021-06-10,cl1s,1,0.6502220866367671,3
2021-06-10,rb1s,0,0.35804852260120346,3
2021-06-11,rb1s,0,0.41035718852710745,3
2021-06-14,rb1s,0,0.3898024478350252,3
2021-06-15,cl1s,1,0.6003471536747947,3
2021-06-15,rb1s,0,0.37765560756138666,3
2021-06-16,rb1s,0,0.3848378509401955,3
2021-06-16,cl1s,0,0.6058936363942212,3
2021-06-17,rb1s,0,0.41728412280061433,3
2021-06-17,ho1s,1,0.6004701956828655,3
2021-06-17,cl1s,1,0.6277481450221895,3
2021-06-18,rb1s,0,0.3965238418662597,3
2021-06-18,cl1s,1,0.6232683687009986,3
2021-06-21,rb1s,0,0.3893742937425462,3
2021-06-21,cl1s,0,0.6047783077413772,3
2021-06-22,rb1s,0,0.35921553850947613,3
2021-06-22,cl1s,1,0.5602759305580904,3
2021-06-23,rb1s,0,0.3579946679531055,3
2021-06-24,cl1s,1,0.4998810251578998,3
2021-06-24,rb1s,1,0.3360319327125096,3
2021-06-25,rb1s,0,0.38361547292870435,3
2021-06-25,cl1s,0,0.5293441284844926,3
2021-06-28,rb1s,0,0.40934337097942514,3
2021-06-28,ho1s,1,0.5337013396733506,3
2021-06-28,cl1s,1,0.5739992916099493,3
2021-06-29,ho1s,1,0.5416065694812544,3
2021-06-29,rb1s,0,0.3983194778031592,3
2021-06-29,cl1s,1,0.6272473740973207,3
2021-06-30,cl1s,1,0.5945735332896543,3
2021-06-30,rb1s,0,0.407565907336881,3
2021-07-01,cl1s,0,0.6142355788428646,3
2020-01-30,cl1s,1,0.6789811736079064,4
2020-01-30,rb1s,0,0.4294050617355066,4
2020-01-31,cl1s,1,0.6643573512610434,4
2020-01-31,rb1s,0,0.4249592246075661,4
2020-01-31,ho1s,0,0.6798465073320268,4
2020-02-03,rb1s,0,0.4236213195489645,4
2020-02-03,ho1s,1,0.6796994864769208,4
2020-02-04,rb1s,1,0.47166391086127807,4
2020-02-04,ho1s,1,0.6713285713664345,4
2020-02-05,cl1s,1,0.6846831563606826,4
2020-02-05,rb1s,1,0.5320974474608218,4
2020-02-06,cl1s,0,0.6962114696023977,4
2020-02-06,rb1s,1,0.5222049388171622,4
2020-02-07,cl1s,0,0.6923278546329974,4
2020-02-07,rb1s,0,0.45069345781103837,4
2020-02-10,cl1s,1,0.6910159454123493,4
2020-02-10,rb1s,0,0.4525301588862771,4
2020-02-11,rb1s,1,0.43066962608660425,4
2020-02-11,cl1s,1,0.6878676789188701,4
2020-02-12,rb1s,1,0.4067488623616989,4
2020-02-12,cl1s,1,0.6899323602560715,4
2020-02-13,cl1s,1,0.685301527492568,4
2020-02-13,rb1s,1,0.41041482972905774,4
2020-02-14,cl1s,0,0.6442781934134781,4
2020-02-14,rb1s,1,0.3966491764537225,4
2020-02-18,cl1s,1,0.6519259801155729,4
2020-02-18,rb1s,0,0.3777955536200971,4
2020-02-19,rb1s,1,0.3469997321135011,4
2020-02-19,cl1s,1,0.6445953367615128,4
2020-02-20,rb1s,1,0.34985766279185676,4
2020-02-20,cl1s,0,0.6284250579872785,4
2020-02-21,cl1s,0,0.6646840373733738,4
2020-02-21,rb1s,0,0.3921004848039235,4
2020-02-24,rb1s,0,0.40645064574228873,4
2020-02-24,cl1s,0,0.6786471349766956,4
2020-02-25,cl1s,0,0.6864220798842133,4
2020-02-25,rb1s,0,0.4707982690673027,4
2020-02-26,cl1s,0,0.6802382853763542,4
2020-02-26,rb1s,0,0.5320893522373656,4
2020-02-27,rb1s,0,0.5513499882964674,4
2020-02-27,cl1s,0,0.6808735115522357,4
2020-02-28,rb1s,0,0.5120565928596972,4
2020-02-28,cl1s,1,0.6831671066517092,4
2020-03-02,rb1s,0,0.5535170737834436,4
2020-03-03,rb1s,0,0.5372046974269176,4
2020-03-04,rb1s,0,0.530406539299702,4
2020-03-05,rb1s,0,0.5389458797970615,4
2020-03-06,rb1s,0,0.5643307212227929,4
2020-03-09,ho1s,1,0.6681046673542158,4
2020-03-09,rb1s,0,0.5712415227778513,4
2020-03-10,rb1s,0,0.5679664382151437,4
2020-03-11,rb1s,1,0.5410161441044701,4
2020-03-12,rb1s,0,0.5806124080026779,4
2020-03-13,rb1s,0,0.5660849026835575,4
2020-03-16,rb1s,0,0.5710059091865834,4
2020-03-17,rb1s,1,0.5411157292402693,4
2020-03-18,rb1s,0,0.5430053938081566,4
2020-03-18,cl1s,1,0.6973133189622318,4
2020-03-19,rb1s,1,0.5311037973139465,4
2020-03-20,cl1s,1,0.6914334850553289,4
2020-03-20,rb1s,1,0.5369101999979345,4
2020-03-23,cl1s,1,0.6892975135448968,4
2020-03-23,rb1s,0,0.5411709059972645,4
2020-03-24,rb1s,0,0.5393761849546188,4
2020-03-24,cl1s,1,0.6985940497775203,4
2020-03-25,rb1s,0,0.5332249038368018,4
2020-03-26,rb1s,0,0.5294713225622246,4
2020-03-26,cl1s,0,0.6893210143974366,4
2020-03-27,rb1s,0,0.5241169034167732,4
2020-03-27,cl1s,0,0.6928002394446412,4
2020-03-30,cl1s,1,0.6930033666591511,4
2020-03-30,rb1s,0,0.5270636569918447,4
2020-03-31,rb1s,0,0.5189287723713562,4
2020-04-01,rb1s,0,0.5191579604454045,4
2020-04-02,rb1s,0,0.5042793773045763,4
2020-04-03,rb1s,0,0.48953684916858947,4
2020-04-06,rb1s,1,0.4886143904075085,4
2020-04-07,rb1s,0,0.4935812304241822,4
2020-04-08,rb1s,0,0.4865611521426111,4
2020-04-09,rb1s,0,0.47793436166899805,4
2020-04-13,rb1s,0,0.47672989729097887,4
2020-04-14,rb1s,0,0.4850969720626189,4
2020-04-15,rb1s,0,0.48793977445486547,4
2020-04-15,ho1s,0,0.6232686961855698,4
2020-04-16,rb1s,0,0.5066923171037784,4
2020-04-16,ho1s,0,0.6409256004545966,4
2020-04-17,rb1s,0,0.5050552967591714,4
2020-04-20,rb1s,0,0.5155032694630144,4
2020-04-21,cl1s,1,0.7247993418960682,4
2020-04-21,ho1s,1,0.6553826156936364,4
2020-04-21,rb1s,1,0.547812312265445,4
2020-04-22,cl1s,1,0.7306900827464016,4
2020-04-22,rb1s,1,0.5396774396048865,4
2020-04-23,rb1s,1,0.520561464533599,4
2020-04-23,cl1s,1,0.7205997507914367,4
2020-04-24,cl1s,0,0.7132253742004113,4
2020-04-24,rb1s,1,0.5274008006285043,4
2020-04-27,cl1s,0,0.7062109041743985,4
2020-04-27,rb1s,1,0.5264997461382244,4
2020-04-28,cl1s,1,0.7132646736460221,4
2020-04-28,rb1s,1,0.5262457803202842,4
2020-04-29,cl1s,1,0.7078460269381295,4
2020-04-29,rb1s,1,0.5149308340748459,4
2020-04-30,rb1s,0,0.46654273780340705,4
2020-04-30,cl1s,1,0.7160207131698498,4
2020-05-01,cl1s,1,0.7145784108102705,4
2020-05-01,rb1s,0,0.48300833939286436,4
2020-05-04,cl1s,1,0.7151107352817206,4
2020-05-04,rb1s,1,0.496288835267144,4
2020-05-05,rb1s,0,0.45212282514971747,4
2020-05-05,ng1s,1,0.5848313946304123,4
2020-05-05,cl1s,0,0.6976748218472042,4
2020-05-06,rb1s,0,0.4677577909294685,4
2020-05-06,ng1s,1,0.6366965135821471,4
2020-05-06,cl1s,0,0.7085724314719626,4
2020-05-07,rb1s,0,0.45262826890813895,4
2020-05-07,cl1s,1,0.7078469013296435,4
2020-05-07,ng1s,1,0.6471011255543279,4
2020-05-08,rb1s,0,0.45624599714493985,4
2020-05-08,cl1s,0,0.7043311021784662,4
2020-05-08,ng1s,0,0.6424493470318691,4
2020-05-11,rb1s,0,0.4717278867101699,4
2020-05-11,ng1s,1,0.6448354988705389,4
2020-05-11,cl1s,1,0.703879085121146,4
2020-05-12,ng1s,1,0.6465257183917548,4
2020-05-12,rb1s,0,0.47060002140233953,4
2020-05-12,cl1s,0,0.6953066283889018,4
2020-05-13,rb1s,1,0.5249926196023431,4
2021-07-01,rb1s,0,0.2931611361719074,4
2021-07-02,rb1s,1,0.2840110664523036,4
2021-07-02,cl1s,0,0.6399045130242165,4
2021-07-06,cl1s,0,0.7310429435694538,4
2021-07-06,rb1s,0,0.31912468008310213,4
2021-07-07,rb1s,0,0.36088885410204585,4
2021-07-07,cl1s,1,0.703586977357418,4
2021-07-07,ho1s,1,0.6505870814506404,4
2021-07-08,rb1s,0,0.35214619402410074,4
2021-07-08,cl1s,1,0.7293266455663615,4
2021-07-08,ho1s,1,0.6601965337066164,4
2021-07-09,rb1s,0,0.3116712209545156,4
2021-07-09,cl1s,0,0.6907038128872168,4
2021-07-12,rb1s,0,0.3065664839369714,4
2021-07-12,cl1s,1,0.6896889157396169,4
2021-07-13,rb1s,1,0.2778767597875828,4
2021-07-13,cl1s,0,0.6279498807147922,4
2021-07-14,cl1s,0,0.6949757418228162,4
2021-07-14,rb1s,1,0.30459679859433575,4
2021-07-15,cl1s,1,0.6544736433503822,4
2021-07-15,rb1s,1,0.302763997905352,4
2021-07-16,rb1s,1,0.31682045531214564,4
2021-07-16,cl1s,0,0.6701399126467067,4
2021-07-19,rb1s,1,0.4260983231784671,4
2021-07-19,cl1s,1,0.676135922601698,4
2021-07-20,rb1s,1,0.4364799763002958,4
2021-07-20,cl1s,1,0.7123337499715023,4
2021-07-21,rb1s,1,0.3730216135137414,4
2021-07-21,cl1s,1,0.6887994879689425,4
2021-07-22,rb1s,1,0.36751902493193717,4
2021-07-22,cl1s,1,0.6519413741664933,4
2021-07-23,rb1s,0,0.35192610139827313,4
2021-07-23,cl1s,0,0.6088609325177895,4
2021-07-26,rb1s,0,0.3435647845004725,4
2021-07-26,cl1s,0,0.6325754265813306,4
2021-07-27,rb1s,0,0.321352785716673,4
2021-07-27,cl1s,1,0.6351020311163289,4
2021-07-28,cl1s,1,0.5106648625857018,4
2021-07-28,rb1s,0,0.34602218482527664,4
2021-07-29,rb1s,0,0.3307064032678,4
2021-07-29,cl1s,1,0.500952141428342,4
2021-07-30,rb1s,0,0.34307386377744986,4
2021-07-30,cl1s,0,0.48744474569702606,4
2021-08-02,rb1s,0,0.3544905208326302,4
2021-08-02,cl1s,0,0.6389996396737929,4
2021-08-03,cl1s,0,0.6808560654763595,4
2021-08-03,rb1s,0,0.3568460679846177,4
2021-08-04,rb1s,0,0.34823788788200444,4
2021-08-04,cl1s,1,0.6827395786446776,4
2021-08-05,cl1s,0,0.6932737081720232,4
2021-08-05,rb1s,0,0.3484514356012149,4
2021-08-06,cl1s,0,0.6837157774698133,4
2021-08-06,rb1s,0,0.38655825141721706,4
2021-08-09,cl1s,1,0.6961062922890574,4
2021-08-09,rb1s,0,0.37667268016586025,4
2021-08-10,rb1s,0,0.3644594338566351,4
2021-08-10,cl1s,1,0.694923001020469,4
2021-08-11,cl1s,0,0.6845957228831432,4
2021-08-11,rb1s,0,0.384847164373666,4
2021-08-12,cl1s,0,0.6772832165855663,4
2021-08-12,rb1s,0,0.37339224197791493,4
2021-08-13,rb1s,0,0.3891607603228948,4
2021-08-13,cl1s,0,0.6878221677691809,4
2021-08-16,cl1s,0,0.6984876513175394,4
2021-08-16,rb1s,0,0.4150164326027871,4
2021-08-17,cl1s,0,0.6753826279265396,4
2021-08-17,rb1s,0,0.41449921899216946,4
2021-08-18,cl1s,0,0.6849606258857488,4
2021-08-18,rb1s,0,0.41953726157063453,4
2021-08-19,rb1s,0,0.4340181189912561,4
2021-08-19,cl1s,0,0.6999355475857015,4
2021-08-20,rb1s,1,0.4426045001758947,4
2021-08-20,cl1s,1,0.6941343493275585,4
2021-08-23,rb1s,1,0.43233185839945953,4
2021-08-23,cl1s,1,0.6931015175852583,4
2021-08-24,cl1s,1,0.6800117499409178,4
2021-08-24,rb1s,1,0.3837106963383798,4
2021-08-25,rb1s,0,0.3610687891003965,4
2021-08-25,cl1s,0,0.6316171271723827,4
2021-08-26,rb1s,1,0.3667201746522711,4
2021-08-26,cl1s,1,0.6635350137271457,4
2021-08-27,rb1s,0,0.34445587462766203,4
2021-08-27,cl1s,1,0.6374212774152214,4
2021-08-30,rb1s,0,0.37468844348300795,4
2021-08-30,cl1s,0,0.6082573701428197,4
2021-08-31,cl1s,1,0.6456401866702393,4
2021-08-31,rb1s,0,0.3603312507092474,4
2021-09-01,rb1s,1,0.369324586892525,4
2021-09-01,cl1s,1,0.6472482788594651,4
2021-09-02,rb1s,0,0.36195830009175367,4
2021-09-02,cl1s,0,0.6487038530519552,4
2021-09-03,rb1s,0,0.36821056673316327,4
2021-09-03,cl1s,0,0.6585769366887012,4
2021-09-07,rb1s,0,0.3748787906441185,4
2021-09-07,cl1s,1,0.6791611218055553,4
2021-09-08,cl1s,0,0.6376111512964648,4
2021-09-08,rb1s,0,0.36815393711417765,4
2021-09-09,rb1s,1,0.3675129494918237,4
2021-09-09,cl1s,1,0.6769746569553334,4
2021-09-10,cl1s,1,0.6518230210006958,4
2021-09-10,rb1s,0,0.35289142969196685,4
2021-09-13,rb1s,0,0.33721009195464774,4
2021-09-13,cl1s,1,0.6191749959943127,4
2021-09-14,cl1s,1,0.6133042101637178,4
2021-09-14,rb1s,0,0.3477181966935049,4
2021-09-15,rb1s,0,0.3180740584113011,4
2021-09-15,cl1s,1,0.6050097577581155,4
2021-09-16,cl1s,0,0.5674626339452998,4
2021-09-16,rb1s,0,0.33847444766725343,4
2021-09-17,cl1s,0,0.6037833445395093,4
2021-09-17,rb1s,0,0.34654380122091166,4
2021-09-20,rb1s,1,0.3549575788968982,4
2021-09-20,cl1s,1,0.6228353139608334,4
2021-09-21,cl1s,1,0.6447764967874126,4
2021-09-21,rb1s,1,0.37766047014769527,4
2021-09-22,cl1s,1,0.5767334088004982,4
2021-09-22,rb1s,1,0.37471127738017096,4
2021-09-23,cl1s,1,0.5564147436317439,4
2021-09-23,rb1s,0,0.3398279585378326,4
2021-09-24,rb1s,1,0.36761252327067795,4
2021-09-24,cl1s,1,0.5674040018444018,4
2021-09-27,rb1s,0,0.33444645943956774,4
2021-09-27,cl1s,0,0.4971945404401969,4
2021-09-28,rb1s,1,0.3555280189956257,4
2021-09-28,cl1s,0,0.5822444913763332,4
2021-09-29,rb1s,1,0.3306809844754495,4
2021-09-29,cl1s,1,0.6353778158626059,4
2021-09-30,cl1s,1,0.6487721722678037,4
2021-09-30,rb1s,1,0.3499000226298359,4
2021-10-01,rb1s,1,0.3373619931732313,4
2021-10-01,cl1s,1,0.6210352765122974,4
2021-10-04,cl1s,1,0.6010572527162347,4
2021-10-04,rb1s,0,0.3068450564331911,4
2020-05-13,cl1s,1,0.7064187030281479,5
2020-05-14,rb1s,0,0.4774021777684738,5
2020-05-14,cl1s,1,0.6556673517123676,5
2020-05-14,ng1s,1,0.6656547840434768,5
2020-05-15,rb1s,0,0.4763870197395475,5
2020-05-15,ng1s,0,0.6718101112672655,5
2020-05-18,rb1s,0,0.47784491001598695,5
2020-05-18,ho1s,1,0.5535602613396945,5
2020-05-18,ng1s,0,0.6579316008278164,5
2020-05-19,rb1s,0,0.4778739132132737,5
2020-05-19,cl1s,1,0.7057901411643402,5
2020-05-19,ng1s,1,0.6576555222270021,5
2020-05-20,ho1s,1,0.5985940687779219,5
2020-05-20,rb1s,0,0.4755673185179521,5
2020-05-20,ng1s,1,0.646148195615458,5
2020-05-21,ng1s,0,0.5958750139147125,5
2020-05-21,rb1s,0,0.4520972443942036,5
2020-05-22,rb1s,0,0.4519307593269338,5
2020-05-26,rb1s,0,0.4550509710908822,5
2020-05-27,cl1s,1,0.7312357944311118,5
2020-05-27,ng1s,1,0.6575099934155484,5
2020-05-27,rb1s,0,0.4649393870172409,5
2020-05-28,ng1s,0,0.5995013714494342,5
2020-05-28,cl1s,1,0.728856525678827,5
2020-05-28,rb1s,0,0.47155212999533935,5
2020-05-29,ng1s,1,0.5971253176667095,5
2020-05-29,rb1s,0,0.45210670288009425,5
2020-06-01,rb1s,0,0.45961809032014744,5
2020-06-01,ng1s,0,0.6532528685531066,5
2020-06-02,rb1s,0,0.4240979129509162,5
2020-06-02,ng1s,0,0.5968633412030014,5
2020-06-03,rb1s,0,0.4226673537799482,5
2020-06-04,cl1s,1,0.7017534597683299,5
2020-06-04,rb1s,0,0.41458754868757697,5
2020-06-05,cl1s,0,0.6852457990841944,5
2020-06-05,rb1s,0,0.4105744218871402,5
2020-06-08,rb1s,0,0.41629203253939245,5
2020-06-08,cl1s,1,0.7058889661659818,5
2020-06-09,rb1s,0,0.40684242444541513,5
2020-06-09,cl1s,1,0.6985437126659427,5
2020-06-10,cl1s,0,0.6939907101190167,5
2020-06-10,rb1s,0,0.4136473995429686,5
2020-06-11,rb1s,0,0.440990092547477,5
2020-06-11,cl1s,0,0.7288167927508256,5
2020-06-12,cl1s,1,0.7266732354098864,5
2020-06-12,rb1s,1,0.48740883084893255,5
2020-06-15,rb1s,1,0.4925536993255771,5
2020-06-16,rb1s,0,0.4795618942634826,5
2020-06-17,rb1s,0,0.4405083692336795,5
2020-06-17,cl1s,1,0.6733726648534796,5
2020-06-18,cl1s,1,0.6710942553448601,5
2020-06-18,rb1s,0,0.44206801752806296,5
2020-06-19,rb1s,0,0.45427313229262845,5
2020-06-19,cl1s,1,0.7029851095252778,5
2020-06-22,cl1s,0,0.6472984163006976,5
2020-06-22,rb1s,1,0.4549504007130765,5
2020-06-23,rb1s,1,0.4284459295083578,5
2020-06-23,cl1s,0,0.6664394837358408,5
2020-06-24,cl1s,1,0.7221858765195518,5
2020-06-24,rb1s,0,0.48204191080928005,5
2020-06-25,cl1s,0,0.6693610116324087,5
2020-06-25,rb1s,0,0.4787259363849602,5
2020-06-26,cl1s,1,0.7149451050480886,5
2020-06-26,rb1s,1,0.48510715729550524,5
2020-06-29,cl1s,0,0.7017548705672878,5
2020-06-29,rb1s,1,0.4852039657720287,5
2020-06-30,rb1s,1,0.48019306007994306,5
2020-06-30,cl1s,1,0.7050452667496213,5
2020-07-01,rb1s,0,0.4421860072038017,5
2020-07-01,cl1s,1,0.6966287414065844,5
2020-07-01,ho1s,0,0.6019305853295471,5
2020-07-02,rb1s,0,0.4846052293818593,5
2020-07-02,cl1s,0,0.6949010214003247,5
2020-07-06,rb1s,0,0.49205539315464025,5
2020-07-06,cl1s,0,0.6948433707099778,5
2020-07-07,rb1s,0,0.4887862157579336,5
2020-07-07,cl1s,1,0.6913023465838356,5
2020-07-08,rb1s,0,0.48870721841147113,5
2020-07-08,cl1s,0,0.6790425538446772,5
2020-07-09,rb1s,0,0.49794740377273283,5
2020-07-09,cl1s,1,0.7082666764767954,5
2020-07-10,rb1s,0,0.4826126677179758,5
2020-07-10,cl1s,0,0.6873717632934185,5
2020-07-10,ho1s,1,0.530464959223497,5
2020-07-13,cl1s,1,0.7076829632026008,5
2020-07-13,rb1s,0,0.48915012754866855,5
2020-07-14,rb1s,0,0.4978729293315312,5
2020-07-14,cl1s,1,0.6917489985918244,5
2020-07-15,rb1s,0,0.4615389819370627,5
2020-07-15,cl1s,0,0.6673196045476726,5
2020-07-16,cl1s,0,0.6134645492145271,5
2020-07-16,rb1s,0,0.45269700137736785,5
2020-07-17,cl1s,1,0.6033944240559541,5
2020-07-17,rb1s,0,0.4443540827340355,5
2020-07-20,rb1s,0,0.4599351449189582,5
2020-07-20,cl1s,1,0.6005564958824425,5
2020-07-21,rb1s,0,0.4440856407125014,5
2020-07-21,cl1s,0,0.643424187497354,5
2020-07-22,rb1s,0,0.4499846699802771,5
2020-07-22,cl1s,0,0.5801367818938569,5
2020-07-23,rb1s,0,0.46931555644246203,5
2020-07-23,cl1s,1,0.6558419858583138,5
2020-07-24,rb1s,0,0.4239032721988147,5
2020-07-24,cl1s,1,0.6442646495948725,5
2020-07-27,rb1s,0,0.43606135559442605,5
2020-07-27,cl1s,0,0.590938356858883,5
2020-07-28,rb1s,0,0.43665000696366546,5
2020-07-28,cl1s,1,0.6524432697938483,5
2020-07-29,cl1s,0,0.6392375450559542,5
2020-07-29,rb1s,0,0.44081018027924046,5
2020-07-30,cl1s,1,0.6738855233109082,5
2020-07-30,rb1s,0,0.4923741549657258,5
2020-07-31,rb1s,1,0.4951316028390514,5
2020-07-31,cl1s,1,0.663380327473417,5
2020-08-03,cl1s,1,0.6740701089168014,5
2020-08-03,ng1s,0,0.5643667499325422,5
2020-08-03,rb1s,0,0.49603528250743634,5
2020-08-04,cl1s,1,0.6215296812275007,5
2020-08-04,rb1s,0,0.4928470331087539,5
2020-08-05,rb1s,0,0.48996967995115576,5
2020-08-06,rb1s,0,0.49158049519862423,5
2020-08-06,ng1s,0,0.6222083813070459,5
2020-08-07,rb1s,1,0.4880614678607435,5
2020-08-10,ng1s,0,0.6313045200743226,5
2020-08-10,rb1s,0,0.48337266640495535,5
2020-08-11,rb1s,1,0.4839041710028918,5
2020-08-12,rb1s,0,0.4360536440276585,5
2020-08-13,rb1s,1,0.4374592334737039,5
2020-08-14,rb1s,1,0.4161842865692131,5
2020-08-17,rb1s,1,0.42646325030333104,5
2020-08-18,rb1s,1,0.43489856284813755,5
2020-08-19,rb1s,0,0.4504605476286038,5
2020-08-20,rb1s,0,0.4686459959280855,5
2020-08-21,rb1s,1,0.47700148370407314,5
2020-08-21,cl1s,1,0.6761000912853689,5
2020-08-24,rb1s,0,0.4483715272905074,5
2020-08-24,cl1s,1,0.6616260228564177,5
2020-08-25,cl1s,1,0.6057831834595653,5
2020-08-25,rb1s,0,0.4426794879879038,5
2020-08-26,rb1s,0,0.43505597238746124,5
2020-08-26,cl1s,0,0.5937708106448231,5
2020-08-27,rb1s,0,0.4921894988207187,5
2020-08-28,rb1s,0,0.4508655897784087,5
2020-08-31,rb1s,0,0.4544712862426483,5
2020-09-01,cl1s,0,0.6457054764882525,5
2020-09-01,rb1s,0,0.4518089101647884,5
2020-09-02,rb1s,0,0.4599539532102287,5
2020-09-02,cl1s,0,0.675557854511211,5
2020-09-03,rb1s,0,0.464252449101083,5
2020-09-04,rb1s,0,0.46837564906912427,5
2020-09-08,ho1s,1,0.6654069888099982,5
2020-09-08,rb1s,0,0.5245774932033087,5
2020-09-09,rb1s,0,0.5168929198975548,5
2020-09-10,rb1s,1,0.49976905080909273,5
2020-09-11,rb1s,1,0.48502870082395627,5
2020-09-14,rb1s,1,0.47009255014148027,5
2020-09-15,rb1s,1,0.45127769771683923,5
2020-09-16,cl1s,1,0.6380712667247945,5
2020-09-16,rb1s,0,0.45700244962609665,5
2020-09-17,rb1s,0,0.48948314049854813,5
2020-09-18,rb1s,0,0.4754508864825486,5
2020-09-21,ho1s,0,0.6373065017132262,5
2020-09-21,rb1s,0,0.5167950371441953,5
2020-09-21,cl1s,1,0.7226775695979801,5
2020-09-22,ho1s,1,0.5806602785424605,5
2020-09-22,rb1s,0,0.4938470836001259,5
2020-09-22,cl1s,1,0.6423933404225148,5
2020-09-23,rb1s,0,0.45519840248014354,5
2020-09-23,ho1s,1,0.6146345212378317,5
2020-09-23,cl1s,1,0.6814112348996725,5
2020-09-24,rb1s,0,0.44419185011831613,5
2020-09-24,ng1s,1,0.6319132224044546,5
2020-09-24,ho1s,1,0.6034701884439793,5
2020-09-24,cl1s,0,0.6675247140467359,5
2020-09-25,ho1s,1,0.5864840782190737,5
2020-09-25,rb1s,0,0.4253804679016603,5
2020-09-25,cl1s,1,0.6632504104971011,5
2020-09-28,cl1s,0,0.6132159236233902,5
2020-09-28,rb1s,0,0.4285086920671776,5
2020-09-29,cl1s,1,0.6396161961168308,5
2020-09-29,ho1s,1,0.6086765626429357,5
2020-09-29,rb1s,0,0.4446594998287483,5
2020-09-30,cl1s,0,0.6826227140795919,5
2020-09-30,ho1s,0,0.6045579010544081,5
2020-09-30,rb1s,0,0.4457829331117092,5
2020-10-01,cl1s,0,0.6865097804160722,5
2020-10-01,ho1s,0,0.6085120399664573,5
2020-10-01,rb1s,0,0.478446142351685,5
2020-10-02,ho1s,1,0.605290275918894,5
2020-10-02,rb1s,1,0.4740453629969881,5
2020-10-02,cl1s,1,0.6841021764063321,5
2020-10-05,cl1s,1,0.7129266748268939,5
2020-10-05,rb1s,0,0.4916336900719606,5
2020-10-06,rb1s,0,0.49467500657583097,5
2020-10-07,cl1s,1,0.7044490809029661,5
2020-10-07,rb1s,0,0.49382991860405556,5
2020-10-08,rb1s,0,0.46821343913324426,5
2020-10-08,cl1s,0,0.6931417525570273,5
2020-10-09,ng1s,0,0.6371122701601525,5
2020-10-09,cl1s,0,0.700464340125436,5
2020-10-09,rb1s,0,0.4381103000629894,5
2020-10-12,rb1s,0,0.4388993805537647,5
2020-10-12,ng1s,1,0.6414391174717148,5
2020-10-12,cl1s,1,0.7102855191339242,5
2020-10-13,rb1s,0,0.43199946062321926,5
2020-10-13,cl1s,1,0.7043920488809192,5
2020-10-13,ng1s,1,0.6350539945680985,5
2020-10-14,cl1s,0,0.7014296782120275,5
2020-10-14,ng1s,0,0.6488517261984038,5
2020-10-14,rb1s,0,0.4586933864753935,5
2020-10-15,cl1s,0,0.6582469529555671,5
2020-10-15,rb1s,0,0.5009693254117128,5
2020-10-16,cl1s,0,0.6405848848256414,5
2020-10-16,rb1s,0,0.4815671482655366,5
2020-10-19,rb1s,0,0.47486700242632357,5
2020-10-19,cl1s,1,0.6467198077021062,5
2020-10-20,cl1s,0,0.6460253285803442,5
2020-10-20,rb1s,0,0.4846528983571946,5
2020-10-21,cl1s,1,0.6996185110352723,5
2020-10-21,rb1s,0,0.48185452182938754,5
2020-10-22,cl1s,0,0.6908495395159846,5
2020-10-22,rb1s,0,0.48187639205147453,5
2020-10-23,ho1s,0,0.6402287609392167,5
2020-10-23,rb1s,0,0.44557435242345783,5
2020-10-23,cl1s,0,0.6912052091773583,5
2020-10-26,ng1s,0,0.6061671717607423,5
2020-10-26,ho1s,1,0.6537894771279515,5
2020-10-26,rb1s,0,0.4637699618025684,5
2020-10-26,cl1s,1,0.6604007739321162,5
2020-10-27,ng1s,1,0.6454859849048004,5
2020-10-27,ho1s,0,0.6543009730521999,5
2020-10-27,rb1s,0,0.4374407385478316,5
2020-10-27,cl1s,0,0.7032016246606567,5
2020-10-28,cl1s,0,0.6976011922241341,5
2020-10-28,rb1s,0,0.45620466507810514,5
2020-10-29,cl1s,0,0.6977807011653767,5
2020-10-29,ho1s,0,0.6488661001044977,5
2020-10-29,rb1s,1,0.49905904028397136,5
2020-10-30,cl1s,1,0.6632602929055064,5
2020-10-30,rb1s,1,0.5058066588954007,5
2020-10-30,ho1s,1,0.648274561314709,5
2020-11-02,rb1s,1,0.507018306738439,5
2020-11-02,cl1s,1,0.710361492659223,5
2020-11-03,rb1s,1,0.5066156695096358,5
2020-11-03,cl1s,1,0.7024063876746162,5
2020-11-04,cl1s,0,0.7091166438576165,5
2020-11-04,rb1s,0,0.5145969464749014,5
2020-11-05,cl1s,0,0.690578508365006,5
2020-11-05,rb1s,0,0.4978126017129407,5
2020-11-06,cl1s,1,0.6898887159995662,5
2020-11-06,rb1s,1,0.48780826309941594,5
2020-11-09,cl1s,1,0.6802997814292834,5
2020-11-09,rb1s,0,0.4788391509339486,5
2020-11-10,cl1s,1,0.680827383356849,5
2020-11-10,rb1s,0,0.4838303849590657,5
2020-11-11,cl1s,0,0.6786765540095167,5
2020-05-13,cl1s,1,0.6436542765080692,6
2020-05-14,rb1s,0,0.48779129449255665,6
2020-05-14,cl1s,1,0.6050722788844756,6
2020-05-14,ng1s,1,0.6640781642942183,6
2020-05-15,rb1s,0,0.4902292281659633,6
2020-05-15,ng1s,0,0.6698930391458401,6
2020-05-18,rb1s,0,0.47490004121236934,6
2020-05-18,ho1s,1,0.5488438438624632,6
2020-05-18,ng1s,0,0.648639142950557,6
2020-05-19,rb1s,0,0.47637192990643107,6
2020-05-19,cl1s,1,0.6412870188031686,6
2020-05-19,ng1s,1,0.641386132850764,6
2020-05-20,ho1s,1,0.5698875763566594,6
2020-05-20,rb1s,0,0.46560282295015537,6
2020-05-20,ng1s,1,0.631036325883354,6
2020-05-21,ng1s,0,0.5904655112997395,6
2020-05-21,rb1s,0,0.45290606778128545,6
2020-05-22,rb1s,0,0.4468370000236635,6
2020-05-26,rb1s,0,0.4493482111550844,6
2020-05-27,cl1s,1,0.6678686652673813,6
2020-05-27,ng1s,1,0.6357897516394978,6
2020-05-27,rb1s,0,0.4541469637056774,6
2020-05-28,ng1s,0,0.5752776391759312,6
2020-05-28,cl1s,1,0.6454769951617021,6
2020-05-28,rb1s,0,0.4389310777460909,6
2020-05-29,ng1s,1,0.5647338417294118,6
2020-05-29,rb1s,0,0.4259991491830795,6
2020-06-01,rb1s,0,0.4266674646201091,6
2020-06-01,ng1s,0,0.6231753417944674,6
2020-06-02,rb1s,0,0.42537619523836595,6
2020-06-02,ng1s,0,0.5889671765805218,6
2020-06-03,rb1s,0,0.42927372068203123,6
2020-06-04,cl1s,1,0.6364273932420659,6
2020-06-04,rb1s,0,0.42898000606588754,6
2020-06-05,cl1s,0,0.6280834093259704,6
2020-06-05,rb1s,0,0.41965091684129535,6
2020-06-08,rb1s,0,0.4165482064786595,6
2020-06-08,cl1s,1,0.6344538294607438,6
2020-06-09,rb1s,0,0.4190717170015282,6
2020-06-09,cl1s,1,0.6385376892851734,6
2020-06-10,cl1s,0,0.625033025056151,6
2020-06-10,rb1s,0,0.40466790068688424,6
2020-06-11,rb1s,0,0.44094485253633037,6
2020-06-11,cl1s,0,0.6672070743114432,6
2020-06-12,cl1s,1,0.6780331538646355,6
2020-06-12,rb1s,1,0.45958194347054965,6
2020-06-15,rb1s,1,0.45121028082999987,6
2020-06-16,rb1s,0,0.4488408574414901,6
2020-06-17,rb1s,0,0.4526347037360464,6
2020-06-17,cl1s,1,0.6263005694579362,6
2020-06-18,cl1s,1,0.6173686285191292,6
2020-06-18,rb1s,0,0.44356291747598503,6
2020-06-19,rb1s,0,0.4474631827017043,6
2020-06-19,cl1s,1,0.6404721527363691,6
2020-06-22,cl1s,0,0.5997766137849884,6
2020-06-22,rb1s,1,0.44069254019216725,6
2020-06-23,rb1s,1,0.4211813595879761,6
2020-06-23,cl1s,0,0.6209651887056825,6
2020-06-24,cl1s,1,0.6596442644494149,6
2020-06-24,rb1s,0,0.4347374285276074,6
2020-06-25,cl1s,0,0.6209499003131211,6
2020-06-25,rb1s,0,0.4461381306712149,6
2020-06-26,cl1s,1,0.643160876143849,6
2020-06-26,rb1s,1,0.43786090991530036,6
2020-06-29,cl1s,0,0.6451359970539116,6
2020-06-29,rb1s,1,0.4495089460979882,6
2020-06-30,rb1s,1,0.44199371377651736,6
2020-06-30,cl1s,1,0.6428531118519705,6
2020-07-01,rb1s,0,0.4316973845037077,6
2020-07-01,cl1s,1,0.6322058133561208,6
2020-07-01,ho1s,0,0.5859870142765969,6
2020-07-02,rb1s,0,0.4409841200885689,6
2020-07-02,cl1s,0,0.6213727411101012,6
2020-07-06,rb1s,0,0.4207972394849256,6
2020-07-06,cl1s,0,0.6080856347729605,6
2020-07-07,rb1s,0,0.43499138358083683,6
2020-07-07,cl1s,1,0.6130522845851571,6
2020-07-08,rb1s,0,0.42241913236950085,6
2020-07-08,cl1s,0,0.5917386835123359,6
2020-07-09,rb1s,0,0.4248853229830003,6
2020-07-09,cl1s,1,0.6292828477044674,6
2020-07-10,rb1s,0,0.4325749027379281,6
2020-07-10,cl1s,0,0.6236704161905604,6
2020-07-10,ho1s,1,0.5218561417662129,6
2020-07-13,cl1s,1,0.6330432890542201,6
2020-07-13,rb1s,0,0.4405216458224917,6
2020-07-14,rb1s,0,0.42303525589171914,6
2020-07-14,cl1s,1,0.6110911307260445,6
2020-07-15,rb1s,0,0.39653554981835754,6
2020-07-15,cl1s,0,0.5837671337247253,6
2020-07-16,cl1s,0,0.5531662442221473,6
2020-07-16,rb1s,0,0.38968326477780274,6
2020-07-17,cl1s,1,0.5464225490152127,6
2020-07-17,rb1s,0,0.38012560391892986,6
2020-07-20,rb1s,0,0.39887785166007916,6
2020-07-20,cl1s,1,0.5518977860445449,6
2020-07-21,rb1s,0,0.378915237983601,6
2020-07-21,cl1s,0,0.5725945884583,6
2020-07-22,rb1s,0,0.37711968100869425,6
2020-07-22,cl1s,0,0.5213414212124967,6
2020-07-23,rb1s,0,0.381882290766335,6
2020-07-23,cl1s,1,0.5913634986942656,6
2020-07-24,rb1s,0,0.3618908190063523,6
2020-07-24,cl1s,1,0.5761152454969403,6
2020-07-27,rb1s,0,0.3639376480802937,6
2020-07-27,cl1s,0,0.5441193201576475,6
2020-07-28,rb1s,0,0.367084803531893,6
2020-07-28,cl1s,1,0.5662087145934552,6
2020-07-29,cl1s,0,0.5706436529619108,6
2020-07-29,rb1s,0,0.3617699396246218,6
2020-07-30,cl1s,1,0.5876581345787447,6
2020-07-30,rb1s,0,0.40796250982772597,6
2020-07-31,rb1s,1,0.42686357105183503,6
2020-07-31,cl1s,1,0.5828702673078499,6
2020-08-03,cl1s,1,0.5976917095923663,6
2020-08-03,ng1s,0,0.5442864547325432,6
2020-08-03,rb1s,0,0.41555341099104703,6
2020-08-04,cl1s,1,0.5406962271561401,6
2020-08-04,rb1s,0,0.3990918287935975,6
2020-08-05,rb1s,0,0.40843844917082045,6
2020-08-06,rb1s,0,0.4022846149220935,6
2020-08-06,ng1s,0,0.5753880379105983,6
2020-08-07,rb1s,1,0.4239146139063146,6
2020-08-10,ng1s,0,0.5805441323125552,6
2020-08-10,rb1s,0,0.3949417397554456,6
2020-08-11,rb1s,1,0.40903538688601143,6
2020-08-12,rb1s,0,0.3757072490033183,6
2020-08-13,rb1s,1,0.34272495429202443,6
2020-11-11,rb1s,0,0.38994580531155476,6
2020-11-12,rb1s,0,0.41242490422969613,6
2020-11-12,cl1s,0,0.5473736082369123,6
2020-11-13,rb1s,1,0.39836051506743575,6
2020-11-13,cl1s,1,0.5449051997776778,6
2020-11-16,cl1s,1,0.5488655227740543,6
2020-11-16,rb1s,1,0.4042358158881474,6
2020-11-17,rb1s,1,0.4038547921025005,6
2020-11-17,cl1s,1,0.5058294898116092,6
2020-11-18,rb1s,1,0.38985602992819207,6
2020-11-18,cl1s,0,0.5038174723761043,6
2020-11-19,cl1s,1,0.5014323727092308,6
2020-11-19,rb1s,1,0.3873872942641764,6
2020-11-20,rb1s,1,0.3394359793237544,6
2020-11-20,cl1s,1,0.504656740766759,6
2020-11-23,cl1s,1,0.5449933907962886,6
2020-11-23,rb1s,1,0.3516781166655097,6
2020-11-24,rb1s,0,0.3549713995016399,6
2020-11-24,cl1s,1,0.547372087714865,6
2020-11-25,rb1s,0,0.3249566874901357,6
2020-11-27,rb1s,0,0.3449340162184119,6
2020-11-30,rb1s,0,0.35076290847992925,6
2020-12-01,cl1s,1,0.5577902076388032,6
2020-12-01,rb1s,1,0.3438598580370045,6
2020-12-02,rb1s,1,0.34196151210669495,6
2020-12-02,cl1s,1,0.5523538692880614,6
2020-12-03,rb1s,1,0.3323793555077136,6
2020-12-03,cl1s,1,0.5341151013267954,6
2020-12-04,cl1s,0,0.5334865184639244,6
2020-12-04,rb1s,0,0.3387229261543428,6
2020-12-07,rb1s,1,0.3385977895090651,6
2020-12-07,cl1s,0,0.5441288613889383,6
2020-12-08,rb1s,1,0.36652059994120567,6
2020-12-08,cl1s,0,0.5722047921772743,6
2020-12-09,cl1s,1,0.5850704334572085,6
2020-12-09,rb1s,1,0.3648408558567838,6
2020-12-10,rb1s,0,0.365049384144664,6
2020-12-11,cl1s,1,0.5774835911915746,6
2020-12-11,rb1s,1,0.3692114125760757,6
2020-12-14,rb1s,1,0.37314059100846064,6
2020-12-15,rb1s,1,0.3631250821474147,6
2020-12-16,rb1s,0,0.3552459925499744,6
2020-12-17,rb1s,0,0.3487757311160877,6
2020-12-18,ho1s,1,0.4725115261478367,6
2020-12-18,rb1s,0,0.34132132227206163,6
2020-12-21,rb1s,0,0.41931451782556467,6
2020-12-21,ho1s,1,0.5265709633115158,6
2020-12-22,rb1s,1,0.44115307532497267,6
2020-12-23,rb1s,0,0.4140192388983604,6
2020-12-24,rb1s,0,0.4041892749669398,6
2020-12-28,rb1s,1,0.3911695930759289,6
2020-12-29,rb1s,1,0.35778366816150325,6
2020-12-30,rb1s,0,0.3534956546666907,6
2020-12-31,rb1s,0,0.3654454265398494,6
2021-01-04,ho1s,1,0.584025693843933,6
2021-01-04,cl1s,1,0.6376347559648201,6
2021-01-04,rb1s,1,0.3929103473826132,6
2021-01-05,cl1s,1,0.6288097485768823,6
2021-01-05,rb1s,1,0.4276641436367434,6
2021-01-06,rb1s,0,0.4069379604296396,6
2021-01-06,cl1s,1,0.6111331851863566,6
2021-01-07,cl1s,1,0.6007712370844397,6
2021-01-07,rb1s,0,0.37443714173525205,6
2021-01-08,rb1s,0,0.3700118009977154,6
2021-01-08,cl1s,1,0.6194903131648409,6
2021-01-11,cl1s,1,0.6256016573613171,6
2021-01-11,rb1s,0,0.3668732310617111,6
2021-01-12,rb1s,0,0.36628310494573674,6
2021-01-13,rb1s,0,0.3651601646790621,6
2021-01-14,rb1s,0,0.36987952251796963,6
2021-01-15,cl1s,1,0.6102513205566704,6
2021-01-15,rb1s,0,0.3914838821366783,6
2021-01-19,rb1s,0,0.4092859244522838,6
2021-01-19,cl1s,1,0.6061219927477193,6
2021-01-20,cl1s,0,0.5903155547270645,6
2021-01-20,rb1s,0,0.3941159888240559,6
2021-01-21,cl1s,0,0.5398009497581145,6
2021-01-21,rb1s,0,0.40070948503105297,6
2021-01-22,rb1s,0,0.35067638848758187,6
2021-01-25,rb1s,0,0.36886646983598564,6
2021-01-26,rb1s,0,0.3663802427399689,6
2021-01-27,rb1s,0,0.39594919199703427,6
2021-01-28,rb1s,0,0.40062538376868,6
2021-01-29,rb1s,0,0.4151843043039842,6
2021-02-01,rb1s,0,0.43078266157776784,6
2021-02-02,rb1s,0,0.43408430307666623,6
2021-02-03,rb1s,0,0.39282673155265696,6
2021-02-04,rb1s,0,0.40744771404415353,6
2021-02-04,cl1s,0,0.6343391378661185,6
2021-02-05,cl1s,0,0.5833787200514572,6
2021-02-05,rb1s,0,0.3659071457359197,6
2021-02-08,rb1s,0,0.36545720728740333,6
2021-02-08,cl1s,0,0.5512794139834255,6
2021-02-09,rb1s,0,0.33103509551537524,6
2021-02-09,cl1s,0,0.5807114451277181,6
2021-02-10,rb1s,0,0.3713121677745338,6
2021-02-10,cl1s,1,0.5371151262090805,6
2021-02-11,rb1s,0,0.35016435485132047,6
2021-02-11,cl1s,0,0.5466482548782,6
2021-02-12,cl1s,0,0.5844098309366943,6
2021-02-12,rb1s,0,0.3552294502855409,6
2021-02-16,ng1s,0,0.6004869275070173,6
2021-02-16,rb1s,0,0.39431567209713037,6
2021-02-16,cl1s,0,0.6080690096832049,6
2021-02-17,rb1s,0,0.4065083157539947,6
2021-02-17,cl1s,1,0.5679566041058047,6
2021-02-18,rb1s,0,0.41342973913665837,6
2021-02-18,cl1s,1,0.579837741551307,6
2021-02-19,rb1s,0,0.3852533552270576,6
2021-02-19,cl1s,0,0.6212281091952967,6
2021-02-22,cl1s,1,0.5506898763409984,6
2021-02-22,rb1s,0,0.34951287755999344,6
2021-02-23,cl1s,0,0.5862101960959339,6
2021-02-23,rb1s,0,0.36433619144561263,6
2021-02-24,rb1s,0,0.3545352530547678,6
2021-02-24,cl1s,0,0.5415969807517579,6
2021-02-25,cl1s,1,0.5421984552598024,6
2021-02-25,rb1s,0,0.3651043705311665,6
2021-02-26,rb1s,0,0.3915375973636472,6
2021-03-01,rb1s,0,0.4189844993298301,6
2021-03-02,rb1s,0,0.4036605830725873,6
2021-03-03,rb1s,0,0.39733374830967383,6
2021-03-04,rb1s,0,0.3907513248856686,6
2021-03-05,rb1s,0,0.37719819220201667,6
2021-03-05,cl1s,1,0.5625561577720228,6
2021-03-08,cl1s,1,0.5836472686864619,6
2021-03-08,rb1s,0,0.389258376351687,6
2021-03-09,rb1s,0,0.39436228867292017,6
2020-05-13,cl1s,1,0.628503730090408,7
2020-05-14,rb1s,0,0.5021671672304012,7
2020-05-14,cl1s,1,0.5993237739751792,7
2020-05-14,ng1s,1,0.6395930436053491,7
2020-05-15,rb1s,0,0.5024792446811285,7
2020-05-15,ng1s,0,0.650029858769584,7
2020-05-18,rb1s,0,0.4943346122977832,7
2020-05-18,ho1s,1,0.5543682379749683,7
2020-05-18,ng1s,0,0.6422657346412755,7
2020-05-19,rb1s,0,0.4858210947278718,7
2020-05-19,cl1s,1,0.6290384701636333,7
2020-05-19,ng1s,1,0.636651825470709,7
2020-05-20,ho1s,1,0.5634879065159046,7
2020-05-20,rb1s,0,0.4797305096312908,7
2020-05-20,ng1s,1,0.6209428971810149,7
2020-05-21,ng1s,0,0.5888489561376828,7
2020-05-21,rb1s,0,0.46362698041354566,7
2020-05-22,rb1s,0,0.4639002068800843,7
2020-05-26,rb1s,0,0.45817973228343645,7
2020-05-27,cl1s,1,0.6489390743699278,7
2020-05-27,ng1s,1,0.6132582735441788,7
2020-05-27,rb1s,0,0.4715477182889639,7
2020-05-28,ng1s,0,0.5760400336706162,7
2020-05-28,cl1s,1,0.642030931610981,7
2020-05-28,rb1s,0,0.4763287838618454,7
2020-05-29,ng1s,1,0.5836444081845231,7
2020-05-29,rb1s,0,0.45921051508113975,7
2020-06-01,rb1s,0,0.4610336860552711,7
2020-06-01,ng1s,0,0.6205194466032278,7
2020-06-02,rb1s,0,0.44051213718336774,7
2020-06-02,ng1s,0,0.590002689124763,7
2020-06-03,rb1s,0,0.4289641939585141,7
2020-06-04,cl1s,1,0.6187440708889762,7
2020-06-04,rb1s,0,0.42654409436398333,7
2020-06-05,cl1s,0,0.6315900960487117,7
2020-06-05,rb1s,0,0.42048216528206256,7
2020-06-08,rb1s,0,0.42555897624642886,7
2020-06-08,cl1s,1,0.6197373923717041,7
2020-06-09,rb1s,0,0.4127381338227292,7
2020-06-09,cl1s,1,0.6177905902847965,7
2020-06-10,cl1s,0,0.6180899739987032,7
2020-06-10,rb1s,0,0.4172550994236874,7
2020-06-11,rb1s,0,0.460926332014904,7
2020-06-11,cl1s,0,0.6530100708859178,7
2020-06-12,cl1s,1,0.6455713258017196,7
2020-06-12,rb1s,1,0.4767298751414656,7
2020-06-15,rb1s,1,0.4705365006752869,7
2020-06-16,rb1s,0,0.4574364859966041,7
2020-06-17,rb1s,0,0.46604522331328535,7
2020-06-17,cl1s,1,0.6243433192935002,7
2020-06-18,cl1s,1,0.601294259314692,7
2020-06-18,rb1s,0,0.44892842538563116,7
2020-06-19,rb1s,0,0.4413024719626553,7
2020-06-19,cl1s,1,0.6279808901278153,7
2020-06-22,cl1s,0,0.5918838104288118,7
2020-06-22,rb1s,1,0.45850032536654806,7
2020-06-23,rb1s,1,0.4350728647858753,7
2020-06-23,cl1s,0,0.6042285646789008,7
2020-06-24,cl1s,1,0.6589714754268378,7
2020-06-24,rb1s,0,0.46994368417321747,7
2020-06-25,cl1s,0,0.6159570767504593,7
2020-06-25,rb1s,0,0.46889090040822995,7
2020-06-26,cl1s,1,0.6196524421161544,7
2020-06-26,rb1s,1,0.46863870115002715,7
2020-06-29,cl1s,0,0.6221378339686949,7
2020-06-29,rb1s,1,0.4804177529415415,7
2020-06-30,rb1s,1,0.4809834066535464,7
2020-06-30,cl1s,1,0.6308076444404092,7
2020-07-01,rb1s,0,0.46033434885382435,7
2020-07-01,cl1s,1,0.6205911896962639,7
2020-07-01,ho1s,0,0.5795870914181905,7
2020-07-02,rb1s,0,0.46057513936578875,7
2020-07-02,cl1s,0,0.596401054161953,7
2020-07-06,rb1s,0,0.4529490263992503,7
2020-07-06,cl1s,0,0.5978388229600895,7
2020-07-07,rb1s,0,0.44518457886031854,7
2020-07-07,cl1s,1,0.5977510857038644,7
2020-07-08,rb1s,0,0.4381186489555953,7
2020-07-08,cl1s,0,0.5946604750761536,7
2020-07-09,rb1s,0,0.44689462102764677,7
2020-07-09,cl1s,1,0.6201937820089582,7
2020-07-10,rb1s,0,0.44268144361352396,7
2020-07-10,cl1s,0,0.6112512075544966,7
2020-07-10,ho1s,1,0.5338958509609402,7
2020-07-13,cl1s,1,0.6203041358579612,7
2020-07-13,rb1s,0,0.4506101716289474,7
2020-07-14,rb1s,0,0.4479709507889675,7
2020-07-14,cl1s,1,0.6130160958869006,7
2020-07-15,rb1s,0,0.40009930677914907,7
2020-07-15,cl1s,0,0.5924866661122,7
2020-07-16,cl1s,0,0.5450431077580563,7
2020-07-16,rb1s,0,0.3650166698744396,7
2020-07-17,cl1s,1,0.5446873668450406,7
2020-07-17,rb1s,0,0.3768317194260552,7
2020-07-20,rb1s,0,0.3982793901273128,7
2020-07-20,cl1s,1,0.5459841903104433,7
2020-07-21,rb1s,0,0.3863643066982922,7
2020-07-21,cl1s,0,0.5858173288041816,7
2020-07-22,rb1s,0,0.3852263828710314,7
2020-07-22,cl1s,0,0.5264977652410696,7
2020-07-23,rb1s,0,0.401336721420729,7
2020-07-23,cl1s,1,0.5970627669758328,7
2020-07-24,rb1s,0,0.3589270775099943,7
2020-07-24,cl1s,1,0.5902888311927785,7
2020-07-27,rb1s,0,0.3810094870555969,7
2020-07-27,cl1s,0,0.5542355675381422,7
2020-07-28,rb1s,0,0.37596091413677424,7
2020-07-28,cl1s,1,0.5777486207325161,7
2020-07-29,cl1s,0,0.5423495093059714,7
2020-07-29,rb1s,0,0.3763571710791794,7
2020-07-30,cl1s,1,0.6067706281447764,7
2020-07-30,rb1s,0,0.4521646240755397,7
2020-07-31,rb1s,1,0.462989392086642,7
2020-07-31,cl1s,1,0.5904535341732347,7
2020-08-03,cl1s,1,0.6047728651317024,7
2020-08-03,ng1s,0,0.5536201373151107,7
2020-08-03,rb1s,0,0.46401499534155316,7
2020-08-04,cl1s,1,0.5726566280772952,7
2020-08-04,rb1s,0,0.4555497674741583,7
2020-08-05,rb1s,0,0.4627623680454501,7
2020-08-06,rb1s,0,0.4474116579549581,7
2020-08-06,ng1s,0,0.5901048180710181,7
2020-08-07,rb1s,1,0.460029391672694,7
2020-08-10,ng1s,0,0.6025312674142494,7
2020-08-10,rb1s,0,0.43418992007756535,7
2020-08-11,rb1s,1,0.4571034302062845,7
2020-08-12,rb1s,0,0.4035988732857695,7
2020-08-13,rb1s,1,0.3830049565445977,7
2021-03-10,rb1s,0,0.3320164885851666,7
2021-03-11,rb1s,0,0.2920048036784825,7
2021-03-12,rb1s,1,0.29295882236382054,7
2021-03-15,rb1s,1,0.32547807699856945,7
2021-03-16,rb1s,1,0.3248300999620228,7
2021-03-17,rb1s,1,0.3234612847217837,7
2021-03-18,rb1s,0,0.4560724447973433,7
2021-03-19,rb1s,0,0.46713934113668854,7
2021-03-22,rb1s,0,0.4588209540431438,7
2021-03-23,rb1s,0,0.46930442117129806,7
2021-03-24,rb1s,0,0.46888534075727867,7
2021-03-25,rb1s,1,0.46112813938864755,7
2021-03-26,rb1s,0,0.42986113155195615,7
2021-03-29,rb1s,0,0.44887510613752,7
2021-03-30,rb1s,0,0.44071855354875517,7
2021-03-31,rb1s,0,0.43539123683638736,7
2021-04-01,rb1s,0,0.41663686847038606,7
2021-04-05,rb1s,0,0.431852142583663,7
2021-04-06,rb1s,0,0.41132643622100484,7
2021-04-07,rb1s,0,0.40535541420291776,7
2021-04-08,rb1s,0,0.3715885182010428,7
2021-04-09,rb1s,0,0.3969872238985689,7
2021-04-12,rb1s,0,0.388484588399811,7
2021-04-13,rb1s,0,0.40450123446946773,7
2021-04-14,rb1s,0,0.3699320576249211,7
2021-04-15,rb1s,0,0.36701461337618224,7
2021-04-15,cl1s,0,0.5386775404942391,7
2021-04-16,rb1s,0,0.36549128847927237,7
2021-04-16,cl1s,1,0.4971315394041889,7
2021-04-19,cl1s,0,0.502627165526605,7
2021-04-19,rb1s,0,0.37914136440455753,7
2021-04-20,rb1s,0,0.3887541519953109,7
2021-04-20,cl1s,0,0.597806323775336,7
2021-04-21,cl1s,1,0.621713802570508,7
2021-04-21,rb1s,0,0.39166986010354166,7
2021-04-22,rb1s,0,0.39552886522946923,7
2021-04-22,cl1s,1,0.6129021971046077,7
2021-04-23,rb1s,0,0.36835454284582314,7
2021-04-23,cl1s,0,0.5638744609532357,7
2021-04-26,cl1s,1,0.6055862596323455,7
2021-04-26,rb1s,0,0.37893434231659967,7
2021-04-27,cl1s,1,0.5616308769710019,7
2021-04-27,rb1s,0,0.37051813810437895,7
2021-04-28,cl1s,1,0.6008089571484087,7
2021-04-28,rb1s,0,0.35378724837918546,7
2021-04-29,rb1s,0,0.34685193726399505,7
2021-04-29,cl1s,0,0.6074583200675542,7
2021-04-30,cl1s,1,0.624947908583278,7
2021-04-30,rb1s,0,0.3636669944216675,7
2021-05-03,cl1s,1,0.6227701223301607,7
2021-05-03,rb1s,0,0.3590141990797363,7
2021-05-04,cl1s,0,0.6399601390639152,7
2021-05-04,rb1s,0,0.3669413909338615,7
2021-05-05,rb1s,0,0.37429333098865825,7
2021-05-05,cl1s,0,0.6617350519917327,7
2021-05-06,rb1s,0,0.3754327117031584,7
2021-05-07,rb1s,0,0.37033552105321466,7
2021-05-10,rb1s,0,0.369140892453787,7
2021-05-11,rb1s,0,0.36972664910033554,7
2021-05-12,rb1s,1,0.36907057430175255,7
2021-05-12,cl1s,0,0.64818115350784,7
2021-05-13,rb1s,0,0.4065622869365052,7
2021-05-14,rb1s,0,0.3808568641898896,7
2021-05-14,cl1s,1,0.6262986597833098,7
2021-05-17,cl1s,0,0.5748745131093739,7
2021-05-17,rb1s,0,0.3682380373261496,7
2021-05-18,rb1s,0,0.37754595374291533,7
2021-05-19,cl1s,0,0.6115564604394487,7
2021-05-19,rb1s,0,0.420269349101638,7
2021-05-20,cl1s,1,0.6150468485465804,7
2021-05-20,rb1s,1,0.4442433145781607,7
2021-05-21,cl1s,1,0.6497333487307231,7
2021-05-21,rb1s,1,0.41923118651466607,7
2021-05-24,rb1s,0,0.39854141919367514,7
2021-05-24,cl1s,1,0.5937352667288831,7
2021-05-25,rb1s,0,0.391795353905265,7
2021-05-25,cl1s,1,0.613063603146454,7
2021-05-26,rb1s,0,0.3828014589356535,7
2021-05-26,cl1s,1,0.5595666277280521,7
2021-05-27,rb1s,0,0.38361139174002684,7
2021-05-27,cl1s,0,0.5871986580368301,7
2021-05-28,rb1s,0,0.3953221724445322,7
2021-05-28,cl1s,1,0.5781375629998317,7
2021-06-01,cl1s,1,0.6507221234406086,7
2021-06-01,rb1s,0,0.3936463983291006,7
2021-06-02,rb1s,0,0.38565342680600606,7
2021-06-02,cl1s,0,0.5582866091344044,7
2021-06-03,rb1s,0,0.38770732591794954,7
2021-06-03,cl1s,1,0.546586369199301,7
2021-06-04,cl1s,0,0.5557458691912089,7
2021-06-04,rb1s,0,0.38291388727786474,7
2021-06-07,cl1s,1,0.5346613266636725,7
2021-06-07,rb1s,0,0.38046470862845877,7
2021-06-08,cl1s,0,0.6206842468100445,7
2021-06-08,rb1s,0,0.3665546390808532,7
2021-06-09,cl1s,1,0.5599303590883528,7
2021-06-09,rb1s,0,0.38380500575331583,7
2021-06-10,cl1s,1,0.6229597208935572,7
2021-06-10,rb1s,0,0.37253852285655153,7
2021-06-11,rb1s,0,0.4018576122071523,7
2021-06-14,rb1s,0,0.3910622424702734,7
2021-06-15,cl1s,1,0.5772064399439709,7
2021-06-15,rb1s,0,0.39305890644329183,7
2021-06-16,rb1s,0,0.4085641418753783,7
2021-06-16,cl1s,0,0.5918085328415907,7
2021-06-17,rb1s,0,0.41999124005128846,7
2021-06-17,ho1s,1,0.5970012867269815,7
2021-06-17,cl1s,1,0.6199193386104024,7
2021-06-18,rb1s,0,0.41085991743200345,7
2021-06-18,cl1s,1,0.6212612589066051,7
2021-06-21,rb1s,0,0.4115125000337458,7
2021-06-21,cl1s,0,0.6101285639045912,7
2021-06-22,rb1s,0,0.38909867736213816,7
2021-06-22,cl1s,1,0.5618445472318326,7
2021-06-23,rb1s,0,0.3737694866874259,7
2021-06-24,cl1s,1,0.5044212287191485,7
2021-06-24,rb1s,1,0.3616416556719414,7
2021-06-25,rb1s,0,0.3873259981141927,7
2021-06-25,cl1s,0,0.5257267372421639,7
2021-06-28,rb1s,0,0.4137118812639504,7
2021-06-28,ho1s,1,0.5687048360578162,7
2021-06-28,cl1s,1,0.5784756387119853,7
2021-06-29,ho1s,1,0.5630273136527894,7
2021-06-29,rb1s,0,0.4048921856773051,7
2021-06-29,cl1s,1,0.6150296759223295,7
2021-06-30,cl1s,1,0.580305955537237,7
2021-06-30,rb1s,0,0.41542687861824057,7
2021-07-01,cl1s,0,0.609098200876148,7
2020-05-13,cl1s,1,0.6683528196009325,8
2020-05-14,rb1s,0,0.5071444292437131,8
2020-05-14,cl1s,1,0.6327818787826339,8
2020-05-14,ng1s,1,0.6710578115314072,8
2020-05-15,rb1s,0,0.49823971085584795,8
2020-05-15,ng1s,0,0.6759025140637297,8
2020-05-18,rb1s,0,0.4927732266262897,8
2020-05-18,ho1s,1,0.5738341444531065,8
2020-05-18,ng1s,0,0.6498227174074647,8
2020-05-19,rb1s,0,0.48718282187560485,8
2020-05-19,cl1s,1,0.6636596778173586,8
2020-05-19,ng1s,1,0.6488923996989685,8
2020-05-20,ho1s,1,0.5755224405759201,8
2020-05-20,rb1s,0,0.4796799335973472,8
2020-05-20,ng1s,1,0.6374604596206251,8
2020-05-21,ng1s,0,0.6238924080105656,8
2020-05-21,rb1s,0,0.46975535404559743,8
2020-05-22,rb1s,0,0.4708775556528129,8
2020-05-26,rb1s,0,0.4665776511596182,8
2020-05-27,cl1s,1,0.6959801373508401,8
2020-05-27,ng1s,1,0.6454718333018709,8
2020-05-27,rb1s,0,0.47225025892892075,8
2020-05-28,ng1s,0,0.621950852680046,8
2020-05-28,cl1s,1,0.686090562248197,8
2020-05-28,rb1s,0,0.4780517509342454,8
2020-05-29,ng1s,1,0.6149367423941097,8
2020-05-29,rb1s,0,0.45745148980324096,8
2020-06-01,rb1s,0,0.45588985216048156,8
2020-06-01,ng1s,0,0.6482044959832806,8
2020-06-02,rb1s,0,0.4481399334263658,8
2020-06-02,ng1s,0,0.6259219444140378,8
2020-06-03,rb1s,0,0.4487200187671555,8
2020-06-04,cl1s,1,0.6774994667158427,8
2020-06-04,rb1s,0,0.441251026909089,8
2020-06-05,cl1s,0,0.6689581159871637,8
2020-06-05,rb1s,0,0.4366542097754968,8
2020-06-08,rb1s,0,0.4377001410121925,8
2020-06-08,cl1s,1,0.6774799026070474,8
2020-06-09,rb1s,0,0.43347379276251097,8
2020-06-09,cl1s,1,0.6713364591815317,8
2020-06-10,cl1s,0,0.6686480757492829,8
2020-06-10,rb1s,0,0.4187758878348801,8
2020-06-11,rb1s,0,0.4652140226008679,8
2020-06-11,cl1s,0,0.7087709022440515,8
2020-06-12,cl1s,1,0.7188687646767391,8
2020-06-12,rb1s,1,0.493832140117082,8
2020-06-15,rb1s,1,0.49288256074404907,8
2020-06-16,rb1s,0,0.48373209594205663,8
2020-06-17,rb1s,0,0.46130190834553614,8
2020-06-17,cl1s,1,0.697571542581885,8
2020-06-18,cl1s,1,0.67443709153777,8
2020-06-18,rb1s,0,0.4563602968033184,8
2020-06-19,rb1s,0,0.4517277027347502,8
2020-06-19,cl1s,1,0.6804038093794981,8
2020-06-22,cl1s,0,0.655268255710097,8
2020-06-22,rb1s,1,0.4594624731091342,8
2020-06-23,rb1s,1,0.4580039079268248,8
2020-06-23,cl1s,0,0.6743919543928246,8
2020-06-24,cl1s,1,0.7103427916383229,8
2020-06-24,rb1s,0,0.49095193900829315,8
2020-06-25,cl1s,0,0.6746377085787907,8
2020-06-25,rb1s,0,0.495710438965833,8
2020-06-26,cl1s,1,0.6962166433410751,8
2020-06-26,rb1s,1,0.4944145562674539,8
2020-06-29,cl1s,0,0.693916498003349,8
2020-06-29,rb1s,1,0.5028687870050953,8
2020-06-30,rb1s,1,0.5017702286833282,8
2020-06-30,cl1s,1,0.6920567260434926,8
2020-07-01,rb1s,0,0.47489155285348944,8
2020-07-01,cl1s,1,0.6708553109812241,8
2020-07-01,ho1s,0,0.6352308263797153,8
2020-07-02,rb1s,0,0.4996415150362629,8
2020-07-02,cl1s,0,0.669199377905463,8
2020-07-06,rb1s,0,0.49230272085638394,8
2020-07-06,cl1s,0,0.6717979473103127,8
2020-07-07,rb1s,0,0.49388813544485677,8
2020-07-07,cl1s,1,0.6805076826898099,8
2020-07-08,rb1s,0,0.4837269091087007,8
2020-07-08,cl1s,0,0.6610007215935932,8
2020-07-09,rb1s,0,0.4942252643474872,8
2020-07-09,cl1s,1,0.6929372870463071,8
2020-07-10,rb1s,0,0.48914599761367183,8
2020-07-10,cl1s,0,0.6815907415334678,8
2020-07-10,ho1s,1,0.5751337507726519,8
2020-07-13,cl1s,1,0.6733173660767156,8
2020-07-13,rb1s,0,0.49707063425625575,8
2020-07-14,rb1s,0,0.4788167165698757,8
2020-07-14,cl1s,1,0.6518275364866638,8
2020-07-15,rb1s,0,0.41394352941242557,8
2020-07-15,cl1s,0,0.6368609267810857,8
2020-07-16,cl1s,0,0.6166646542529496,8
2020-07-16,rb1s,0,0.3987172638155546,8
2020-07-17,cl1s,1,0.6245486053573065,8
2020-07-17,rb1s,0,0.40628626842528126,8
2020-07-20,rb1s,0,0.3986380716103724,8
2020-07-20,cl1s,1,0.6193710473734179,8
2020-07-21,rb1s,0,0.3938743075016322,8
2020-07-21,cl1s,0,0.6306723057902237,8
2020-07-22,rb1s,0,0.38679681832790236,8
2020-07-22,cl1s,0,0.6032536686219909,8
2020-07-23,rb1s,0,0.39353498117572727,8
2020-07-23,cl1s,1,0.6446709770366937,8
2020-07-24,rb1s,0,0.3725063197554359,8
2020-07-24,cl1s,1,0.6402906990961617,8
2020-07-27,rb1s,0,0.37935582261604994,8
2020-07-27,cl1s,0,0.6110747641621612,8
2020-07-28,rb1s,0,0.3753454825373353,8
2020-07-28,cl1s,1,0.6478161059711439,8
2020-07-29,cl1s,0,0.5953056766764764,8
2020-07-29,rb1s,0,0.3812835115426119,8
2020-07-30,cl1s,1,0.6472565967945809,8
2020-07-30,rb1s,0,0.4783278302505986,8
2020-07-31,rb1s,1,0.48982305671721016,8
2020-07-31,cl1s,1,0.6493677368935789,8
2020-08-03,cl1s,1,0.6636969856116486,8
2020-08-03,ng1s,0,0.5910743448004803,8
2020-08-03,rb1s,0,0.4833937463670932,8
2020-08-04,cl1s,1,0.6259900841084319,8
2020-08-04,rb1s,0,0.4749199347644698,8
2020-08-05,rb1s,0,0.4737661082383485,8
2020-08-06,rb1s,0,0.4712997724418126,8
2020-08-06,ng1s,0,0.6206597936811219,8
2020-08-07,rb1s,1,0.4765718703429189,8
2020-08-10,ng1s,0,0.6389492077174811,8
2020-08-10,rb1s,0,0.44740662908794787,8
2020-08-11,rb1s,1,0.44864667882493553,8
2020-08-12,rb1s,0,0.3868384636927846,8
2020-08-13,rb1s,1,0.37236967207058635,8
2021-07-01,rb1s,0,0.27935714848692456,8
2021-07-02,rb1s,1,0.28054620497496313,8
2021-07-02,cl1s,0,0.6405508379373799,8
2021-07-06,cl1s,0,0.7013690282094658,8
2021-07-06,rb1s,0,0.312219204668845,8
2021-07-07,rb1s,0,0.3542907465599885,8
2021-07-07,cl1s,1,0.6794931940495361,8
2021-07-07,ho1s,1,0.6397661433647037,8
2021-07-08,rb1s,0,0.3582280925707356,8
2021-07-08,cl1s,1,0.6947728674171263,8
2021-07-08,ho1s,1,0.6487721517351597,8
2021-07-09,rb1s,0,0.32414934505013737,8
2021-07-09,cl1s,0,0.6721743049862229,8
2021-07-12,rb1s,0,0.31692472971801006,8
2021-07-12,cl1s,1,0.6604709999245403,8
2021-07-13,rb1s,1,0.2971471463740754,8
2021-07-13,cl1s,0,0.6340231314090387,8
2021-07-14,cl1s,0,0.6610896531590821,8
2021-07-14,rb1s,1,0.3104682058765312,8
2021-07-15,cl1s,1,0.629208451423585,8
2021-07-15,rb1s,1,0.3126799048460742,8
2021-07-16,rb1s,1,0.3206487011846252,8
2021-07-16,cl1s,0,0.6338719778822401,8
2021-07-19,rb1s,1,0.40043884362061016,8
2021-07-19,cl1s,1,0.6548366850831681,8
2021-07-20,rb1s,1,0.4063943035033848,8
2021-07-20,cl1s,1,0.6812746920848679,8
2021-07-21,rb1s,1,0.36484196425295323,8
2021-07-21,cl1s,1,0.6485647802007631,8
2021-07-22,rb1s,1,0.3592508564594104,8
2021-07-22,cl1s,1,0.6062684624804493,8
2021-07-23,rb1s,0,0.3417756198933619,8
2021-07-23,cl1s,0,0.5851626041266312,8
2021-07-26,rb1s,0,0.3386270247680178,8
2021-07-26,cl1s,0,0.6105708151868311,8
2021-07-27,rb1s,0,0.3136242246227025,8
2021-07-27,cl1s,1,0.5908541054269558,8
2021-07-28,cl1s,1,0.48765335345306277,8
2021-07-28,rb1s,0,0.3294915328571208,8
2021-07-29,rb1s,0,0.31046059280396104,8
2021-07-29,cl1s,1,0.4807776904247856,8
2021-07-30,rb1s,0,0.3190302636093567,8
2021-07-30,cl1s,0,0.46092633322635557,8
2021-08-02,rb1s,0,0.32376678044480606,8
2021-08-02,cl1s,0,0.5941445258711433,8
2021-08-03,cl1s,0,0.6344748456307037,8
2021-08-03,rb1s,0,0.32520651762873026,8
2021-08-04,rb1s,0,0.31260722947584785,8
2021-08-04,cl1s,1,0.6474490671555584,8
2021-08-05,cl1s,0,0.6501904912475843,8
2021-08-05,rb1s,0,0.3240623290371539,8
2021-08-06,cl1s,0,0.6519002268410209,8
2021-08-06,rb1s,0,0.3567850872490669,8
2021-08-09,cl1s,1,0.6850432382780962,8
2021-08-09,rb1s,0,0.3635919001170569,8
2021-08-10,rb1s,0,0.34861709453857775,8
2021-08-10,cl1s,1,0.680204506899018,8
2021-08-11,cl1s,0,0.6578784743215852,8
2021-08-11,rb1s,0,0.37811995567151196,8
2021-08-12,cl1s,0,0.6389198910627236,8
2021-08-12,rb1s,0,0.3528384522721572,8
2021-08-13,rb1s,0,0.3513020576910498,8
2021-08-13,cl1s,0,0.6503204670539514,8
2021-08-16,cl1s,0,0.6614036655124792,8
2021-08-16,rb1s,0,0.36109314989557095,8
2021-08-17,cl1s,0,0.6286410542940577,8
2021-08-17,rb1s,0,0.36608570824596415,8
2021-08-18,cl1s,0,0.6370917793532359,8
2021-08-18,rb1s,0,0.36302220021990783,8
2021-08-19,rb1s,0,0.39020485614789985,8
2021-08-19,cl1s,0,0.6441826404053784,8
2021-08-20,rb1s,1,0.40379989827017587,8
2021-08-20,cl1s,1,0.6580604809252744,8
2021-08-23,rb1s,1,0.4029500434503891,8
2021-08-23,cl1s,1,0.6685862093342765,8
2021-08-24,cl1s,1,0.6386482745706665,8
2021-08-24,rb1s,1,0.3645065838852172,8
2021-08-25,rb1s,0,0.3440549868302617,8
2021-08-25,cl1s,0,0.5979778958198072,8
2021-08-26,rb1s,1,0.354204867949988,8
2021-08-26,cl1s,1,0.631077074054152,8
2021-08-27,rb1s,0,0.3286431151738419,8
2021-08-27,cl1s,1,0.5830281935967274,8
2021-08-30,rb1s,0,0.3671832013358355,8
2021-08-30,cl1s,0,0.5767340073075468,8
2021-08-31,cl1s,1,0.6024256965934737,8
2021-08-31,rb1s,0,0.3472201264531658,8
2021-09-01,rb1s,1,0.352708836445572,8
2021-09-01,cl1s,1,0.5959341305029717,8
2021-09-02,rb1s,0,0.3503778123698842,8
2021-09-02,cl1s,0,0.6095291465572571,8
2021-09-03,rb1s,0,0.35063987232385957,8
2021-09-03,cl1s,0,0.5866125064940253,8
2021-09-07,rb1s,0,0.3587388627074516,8
2021-09-07,cl1s,1,0.612445553484209,8
2021-09-08,cl1s,0,0.5907948137864435,8
2021-09-08,rb1s,0,0.34301891984741983,8
2021-09-09,rb1s,1,0.3589296885889584,8
2021-09-09,cl1s,1,0.61519139939729,8
2021-09-10,cl1s,1,0.5904046409239359,8
2021-09-10,rb1s,0,0.3437827598629854,8
2021-09-13,rb1s,0,0.33098571094818124,8
2021-09-13,cl1s,1,0.5925772392176784,8
2021-09-14,cl1s,1,0.5837060646761582,8
2021-09-14,rb1s,0,0.3329697236332279,8
2021-09-15,rb1s,0,0.31532648603170293,8
2021-09-15,cl1s,1,0.5793927293999215,8
2021-09-16,cl1s,0,0.5543030204412861,8
2021-09-16,rb1s,0,0.31423078036379143,8
2021-09-17,cl1s,0,0.558848679797527,8
2021-09-17,rb1s,0,0.31403283014131267,8
2021-09-20,rb1s,1,0.3292839618684032,8
2021-09-20,cl1s,1,0.5795744203400796,8
2021-09-21,cl1s,1,0.5795281010606307,8
2021-09-21,rb1s,1,0.3510238303676117,8
2021-09-22,cl1s,1,0.5488861894046057,8
2021-09-22,rb1s,1,0.3475150841693661,8
2021-09-23,cl1s,1,0.5391583473418027,8
2021-09-23,rb1s,0,0.33133584581437286,8
2021-09-24,rb1s,1,0.35404430538218523,8
2021-09-24,cl1s,1,0.570853562265179,8
2021-09-27,rb1s,0,0.32632207438165406,8
2021-09-27,cl1s,0,0.49324341994120185,8
2021-09-28,rb1s,1,0.3521734067129908,8
2021-09-28,cl1s,0,0.5755090313802226,8
2021-09-29,rb1s,1,0.3275655145817128,8
2021-09-29,cl1s,1,0.5987828240912662,8
2021-09-30,cl1s,1,0.6329695132785449,8
2021-09-30,rb1s,1,0.3510210180026453,8
2021-10-01,rb1s,1,0.34149539287334885,8
2021-10-01,cl1s,1,0.6096447556357767,8
2021-10-04,cl1s,1,0.5996020416923855,8
2021-10-04,rb1s,0,0.32316094836564835,8
2020-08-14,rb1s,1,0.37161880382030366,9
2020-08-17,rb1s,1,0.37020379842536016,9
2020-08-18,rb1s,1,0.36062563703586603,9
2020-08-19,rb1s,0,0.37668194880987055,9
2020-08-20,rb1s,0,0.3907180982720066,9
2020-08-21,rb1s,1,0.40383624296580206,9
2020-08-21,cl1s,1,0.659055330336994,9
2020-08-24,rb1s,0,0.3811728705239412,9
2020-08-24,cl1s,1,0.6287218074949378,9
2020-08-25,cl1s,1,0.5515468392415951,9
2020-08-25,rb1s,0,0.37839726863721007,9
2020-08-26,rb1s,0,0.37763088655864435,9
2020-08-26,cl1s,0,0.5295742095374725,9
2020-08-27,rb1s,0,0.4166619748449961,9
2020-08-28,rb1s,0,0.3822988855324024,9
2020-08-31,rb1s,0,0.3911274292430856,9
2020-09-01,cl1s,0,0.6150137827532749,9
2020-09-01,rb1s,0,0.39949044249909293,9
2020-09-02,rb1s,0,0.413969951156136,9
2020-09-02,cl1s,0,0.6571044146237962,9
2020-09-03,rb1s,0,0.43173364630708494,9
2020-09-04,rb1s,0,0.4397963230804166,9
2020-09-08,ho1s,1,0.6702203162690694,9
2020-09-08,rb1s,0,0.5029451358399544,9
2020-09-09,rb1s,0,0.4836949308032109,9
2020-09-10,rb1s,1,0.47539264015677785,9
2020-09-11,rb1s,1,0.46665555732022845,9
2020-09-14,rb1s,1,0.4516100565466765,9
2020-09-15,rb1s,1,0.42896864731038015,9
2020-09-16,cl1s,1,0.6275251443763775,9
2020-09-16,rb1s,0,0.4298416442743554,9
2020-09-17,rb1s,0,0.4346394197298194,9
2020-09-18,rb1s,0,0.4273117553919648,9
2020-09-21,ho1s,0,0.6539422725042614,9
2020-09-21,rb1s,0,0.47388803389551903,9
2020-09-21,cl1s,1,0.7031484045689661,9
2020-09-22,ho1s,1,0.5873294606469244,9
2020-09-22,rb1s,0,0.4611590893733312,9
2020-09-22,cl1s,1,0.632990658627802,9
2020-09-23,rb1s,0,0.4393207502769265,9
2020-09-23,ho1s,1,0.6208464330055702,9
2020-09-23,cl1s,1,0.6920589238393919,9
2020-09-24,rb1s,0,0.43711284340985346,9
2020-09-24,ng1s,1,0.6696891427399588,9
2020-09-24,ho1s,1,0.6124176911954557,9
2020-09-24,cl1s,0,0.675561027523023,9
2020-09-25,ho1s,1,0.5983116361128337,9
2020-09-25,rb1s,0,0.41809248191886345,9
2020-09-25,cl1s,1,0.6611767407592531,9
2020-09-28,cl1s,0,0.6142083051942202,9
2020-09-28,rb1s,0,0.4155381286492903,9
2020-09-29,cl1s,1,0.6280727875507676,9
2020-09-29,ho1s,1,0.6036538835268086,9
2020-09-29,rb1s,0,0.43223411140219914,9
2020-09-30,cl1s,0,0.677919029633094,9
2020-09-30,ho1s,0,0.5931109114504334,9
2020-09-30,rb1s,0,0.42720077815451835,9
2020-10-01,cl1s,0,0.6902827826540214,9
2020-10-01,ho1s,0,0.5844588019609657,9
2020-10-01,rb1s,0,0.4415692541458578,9
2020-10-02,ho1s,1,0.5814190567542459,9
2020-10-02,rb1s,1,0.4390968071402432,9
2020-10-02,cl1s,1,0.6777829417577552,9
2020-10-05,cl1s,1,0.6915214209169455,9
2020-10-05,rb1s,0,0.4568780995445806,9
2020-10-06,rb1s,0,0.4507340153819579,9
2020-10-07,cl1s,1,0.6887107729762011,9
2020-10-07,rb1s,0,0.44198386790127253,9
2020-10-08,rb1s,0,0.4202955859277406,9
2020-10-08,cl1s,0,0.6639157285391613,9
2020-10-09,ng1s,0,0.6177816214194335,9
2020-10-09,cl1s,0,0.6565377240640028,9
2020-10-09,rb1s,0,0.38410378438991083,9
2020-10-12,rb1s,0,0.39958040226811575,9
2020-10-12,ng1s,1,0.6125954950476181,9
2020-10-12,cl1s,1,0.6674052793134516,9
2020-10-13,rb1s,0,0.4020708397486066,9
2020-10-13,cl1s,1,0.6538787199441785,9
2020-10-13,ng1s,1,0.6201066908435136,9
2020-10-14,cl1s,0,0.6551114465548541,9
2020-10-14,ng1s,0,0.6477292550717836,9
2020-10-14,rb1s,0,0.4156038930264555,9
2020-10-15,cl1s,0,0.6136086174094683,9
2020-10-15,rb1s,0,0.4557410468002077,9
2020-10-16,cl1s,0,0.5940004654345902,9
2020-10-16,rb1s,0,0.43788522919584427,9
2020-10-19,rb1s,0,0.43438787338186385,9
2020-10-19,cl1s,1,0.5996998615543698,9
2020-10-20,cl1s,0,0.5772399434576239,9
2020-10-20,rb1s,0,0.4179106844243084,9
2020-10-21,cl1s,1,0.6536283744563606,9
2020-10-21,rb1s,0,0.43161887652247877,9
2020-10-22,cl1s,0,0.6476506105043232,9
2020-10-22,rb1s,0,0.4247290095615321,9
2020-10-23,ho1s,0,0.5743200350124931,9
2020-10-23,rb1s,0,0.4089657811882627,9
2020-10-23,cl1s,0,0.6489182157147154,9
2020-10-26,ng1s,0,0.5857063771638468,9
2020-10-26,ho1s,1,0.6114916612441496,9
2020-10-26,rb1s,0,0.4513500788328727,9
2020-10-26,cl1s,1,0.623466642639641,9
2020-10-27,ng1s,1,0.6274419236069388,9
2020-10-27,ho1s,0,0.6065772143530168,9
2020-10-27,rb1s,0,0.4357943466686755,9
2020-10-27,cl1s,0,0.6797416648956792,9
2020-10-28,cl1s,0,0.6731045662549836,9
2020-10-28,rb1s,0,0.44038757811730384,9
2020-10-29,cl1s,0,0.6981561073506106,9
2020-10-29,ho1s,0,0.622625144057585,9
2020-10-29,rb1s,1,0.4770961751624544,9
2020-10-30,cl1s,1,0.6593494961929847,9
2020-10-30,rb1s,1,0.4823111896648117,9
2020-10-30,ho1s,1,0.6197604835906472,9
2020-11-02,rb1s,1,0.4837457130712343,9
2020-11-02,cl1s,1,0.6934530744402505,9
2020-11-03,rb1s,1,0.48230687153359736,9
2020-11-03,cl1s,1,0.6772216410403948,9
2020-11-04,cl1s,0,0.6885251090256659,9
2020-11-04,rb1s,0,0.47747101248974105,9
2020-11-05,cl1s,0,0.6463941842967311,9
2020-11-05,rb1s,0,0.44925853159058204,9
2020-11-06,cl1s,1,0.6311889032550486,9
2020-11-06,rb1s,1,0.41777016647106485,9
2020-11-09,cl1s,1,0.6095489263212817,9
2020-11-09,rb1s,0,0.4110203247779379,9
2020-11-10,cl1s,1,0.5882478529201358,9
2020-11-10,rb1s,0,0.38903756236814824,9
2020-11-11,cl1s,0,0.5976706869945793,9
2020-11-11,rb1s,0,0.41400699061900664,9
2020-11-12,rb1s,0,0.4326891436856336,9
2020-11-12,cl1s,0,0.6208379067376762,9
2020-11-13,rb1s,1,0.4259462190256227,9
2020-11-13,cl1s,1,0.6073549988094241,9
2020-11-16,cl1s,1,0.5929518142159007,9
2020-11-16,rb1s,1,0.42854509675587926,9
2020-11-17,rb1s,1,0.4256510951259464,9
2020-11-17,cl1s,1,0.5553843505753752,9
2020-11-18,rb1s,1,0.42651443210975915,9
2020-11-18,cl1s,0,0.5424587944433209,9
2020-11-19,cl1s,1,0.5601250417847845,9
2020-11-19,rb1s,1,0.41737926816713034,9
2020-11-20,rb1s,1,0.3808510381312875,9
2020-11-20,cl1s,1,0.5472473521092042,9
2020-11-23,cl1s,1,0.5752827434331772,9
2020-11-23,rb1s,1,0.3566148651500657,9
2020-11-24,rb1s,0,0.3526006666984506,9
2020-11-24,cl1s,1,0.5488669660494714,9
2020-11-25,rb1s,0,0.3544295196291596,9
2020-11-27,rb1s,0,0.367635323197892,9
2020-11-30,rb1s,0,0.3605975284300395,9
2020-12-01,cl1s,1,0.5929823976379459,9
2020-12-01,rb1s,1,0.36364964197052035,9
2020-12-02,rb1s,1,0.35834358793587007,9
2020-12-02,cl1s,1,0.5840742339700998,9
2020-12-03,rb1s,1,0.3434593663655067,9
2020-12-03,cl1s,1,0.563105853498999,9
2020-12-04,cl1s,0,0.5607361406022198,9
2020-12-04,rb1s,0,0.35540559628454854,9
2020-12-07,rb1s,1,0.3647030421234726,9
2020-12-07,cl1s,0,0.5840686500061629,9
2020-12-08,rb1s,1,0.3806128989917463,9
2020-12-08,cl1s,0,0.5866495001885108,9
2020-12-09,cl1s,1,0.6096087601748165,9
2020-12-09,rb1s,1,0.378123641449986,9
2020-12-10,rb1s,0,0.36558223778368715,9
2020-12-11,cl1s,1,0.6016943113918589,9
2020-12-11,rb1s,1,0.39135674344048915,9
2020-12-14,rb1s,1,0.39251739094732657,9
2020-12-15,rb1s,1,0.39053070396572015,9
2020-12-16,rb1s,0,0.37500636062864584,9
2020-12-17,rb1s,0,0.3556240104776513,9
2020-12-18,ho1s,1,0.450255239563621,9
2020-12-18,rb1s,0,0.3653038823291066,9
2020-12-21,rb1s,0,0.43321490155021575,9
2020-12-21,ho1s,1,0.5374170405066365,9
2020-12-22,rb1s,1,0.46048077103975343,9
2020-12-23,rb1s,0,0.41478620620608825,9
2020-12-24,rb1s,0,0.42008137725935274,9
2020-12-28,rb1s,1,0.40997764097255696,9
2020-12-29,rb1s,1,0.3899253682354712,9
2020-12-30,rb1s,0,0.36871402514346263,9
2020-12-31,rb1s,0,0.3762600236207907,9
2021-01-04,ho1s,1,0.5804173395059593,9
2021-01-04,cl1s,1,0.6675230852104795,9
2021-01-04,rb1s,1,0.4449448295703929,9
2021-01-05,cl1s,1,0.6108022117309507,9
2021-01-05,rb1s,1,0.4273755739090634,9
2021-01-06,rb1s,0,0.385694028441826,9
2021-01-06,cl1s,1,0.6013298989270357,9
2021-01-07,cl1s,1,0.5874916789011733,9
2021-01-07,rb1s,0,0.3533095580635861,9
2021-01-08,rb1s,0,0.35939917896869844,9
2021-01-08,cl1s,1,0.6037443131852789,9
2021-01-11,cl1s,1,0.6087393662759443,9
2021-01-11,rb1s,0,0.3798005115193367,9
2021-01-12,rb1s,0,0.3608503956487699,9
2021-01-13,rb1s,0,0.3806584035857387,9
2021-01-14,rb1s,0,0.38564505576544184,9
2021-01-15,cl1s,1,0.6353270940422401,9
2021-01-15,rb1s,0,0.41188926781853136,9
2021-01-19,rb1s,0,0.41415114774964956,9
2021-01-19,cl1s,1,0.6186482033540217,9
2021-01-20,cl1s,0,0.6170502061119333,9
2021-01-20,rb1s,0,0.3957623663428982,9
2021-01-21,cl1s,0,0.5544626709236922,9
2021-01-21,rb1s,0,0.3807332504558477,9
2021-01-22,rb1s,0,0.36793772645227923,9
2021-01-25,rb1s,0,0.38644308387711385,9
2021-01-26,rb1s,0,0.38140678607361334,9
2021-01-27,rb1s,0,0.40506402368212713,9
2021-01-28,rb1s,0,0.42152456385432663,9
2021-01-29,rb1s,0,0.42664799366131057,9
2021-02-01,rb1s,0,0.434842834288386,9
2021-02-02,rb1s,0,0.4275735214190796,9
2021-02-03,rb1s,0,0.40366337642534433,9
2021-02-04,rb1s,0,0.3931762263714,9
2021-02-04,cl1s,0,0.6050155689264801,9
2021-02-05,cl1s,0,0.5681053740268851,9
2021-02-05,rb1s,0,0.35799612765319244,9
2021-02-08,rb1s,0,0.3552476032905411,9
2021-02-08,cl1s,0,0.5332777795602085,9
2021-02-09,rb1s,0,0.35049760753826753,9
2021-02-09,cl1s,0,0.5485356721591133,9
2021-02-10,rb1s,0,0.36376263723341495,9
2021-02-10,cl1s,1,0.5123221176239234,9
2021-02-11,rb1s,0,0.3520194006053725,9
2021-02-11,cl1s,0,0.5348644252002492,9
2021-02-12,cl1s,0,0.5453909345395651,9
2021-02-12,rb1s,0,0.35637064297053955,9
2021-02-16,ng1s,0,0.5436473697483184,9
2021-02-16,rb1s,0,0.3646375722423085,9
2021-02-16,cl1s,0,0.5581980585066543,9
2021-02-17,rb1s,0,0.3683119534773083,9
2021-02-17,cl1s,1,0.5304634265600109,9
2021-02-18,rb1s,0,0.3829567446248814,9
2021-02-18,cl1s,1,0.5708818411408371,9
2021-02-19,rb1s,0,0.35914222949329727,9
2021-02-19,cl1s,0,0.6068739531339782,9
2021-02-22,cl1s,1,0.5328698714007436,9
2021-02-22,rb1s,0,0.3524412235811374,9
2021-02-23,cl1s,0,0.578032046247228,9
2021-02-23,rb1s,0,0.3641589638151648,9
2021-02-24,rb1s,0,0.34452530886801647,9
2021-02-24,cl1s,0,0.5122031603680114,9
2021-02-25,cl1s,1,0.5610408884476712,9
2021-02-25,rb1s,0,0.3687405001002763,9
2021-02-26,rb1s,0,0.38562099219614493,9
2021-03-01,rb1s,0,0.39351085440963013,9
2021-03-02,rb1s,0,0.3928850278709026,9
2021-03-03,rb1s,0,0.3971109634278113,9
2021-03-04,rb1s,0,0.4094244331472321,9
2021-03-05,rb1s,0,0.3937687237960283,9
2021-03-05,cl1s,1,0.5812706672404814,9
2021-03-08,cl1s,1,0.6061718657203952,9
2021-03-08,rb1s,0,0.41180255053361825,9
2021-03-09,rb1s,0,0.41585064566667534,9
2020-08-14,rb1s,1,0.3934286663361045,10
2020-08-17,rb1s,1,0.3853764035763368,10
2020-08-18,rb1s,1,0.3945699467882843,10
2020-08-19,rb1s,0,0.40662500965999404,10
2020-08-20,rb1s,0,0.43339810964535425,10
2020-08-21,rb1s,1,0.4433868702187353,10
2020-08-21,cl1s,1,0.6118258142953094,10
2020-08-24,rb1s,0,0.3967546342816294,10
2020-08-24,cl1s,1,0.5786310911788204,10
2020-08-25,cl1s,1,0.5226094853176929,10
2020-08-25,rb1s,0,0.37793301703479387,10
2020-08-26,rb1s,0,0.3855683343938247,10
2020-08-26,cl1s,0,0.5041720693860529,10
2020-08-27,rb1s,0,0.44670065845623164,10
2020-08-28,rb1s,0,0.39860905021727566,10
2020-08-31,rb1s,0,0.42874407992589864,10
2020-09-01,cl1s,0,0.5625384334857138,10
2020-09-01,rb1s,0,0.4226839989001897,10
2020-09-02,rb1s,0,0.4346176478344022,10
2020-09-02,cl1s,0,0.6103822152889881,10
2020-09-03,rb1s,0,0.4579998164787567,10
2020-09-04,rb1s,0,0.4769170440502857,10
2020-09-08,ho1s,1,0.6479811348013734,10
2020-09-08,rb1s,0,0.5097171793431094,10
2020-09-09,rb1s,0,0.4937732839505301,10
2020-09-10,rb1s,1,0.4839258489848833,10
2020-09-11,rb1s,1,0.4739789609428296,10
2020-09-14,rb1s,1,0.45406744373482627,10
2020-09-15,rb1s,1,0.44522588271580454,10
2020-09-16,cl1s,1,0.6073987861318987,10
2020-09-16,rb1s,0,0.4559204272099829,10
2020-09-17,rb1s,0,0.4764771434027297,10
2020-09-18,rb1s,0,0.4569932661206529,10
2020-09-21,ho1s,0,0.6553910703737506,10
2020-09-21,rb1s,0,0.5119848011587868,10
2020-09-21,cl1s,1,0.7002293465867648,10
2020-09-22,ho1s,1,0.5819892701975904,10
2020-09-22,rb1s,0,0.4794344483821298,10
2020-09-22,cl1s,1,0.6269646006022043,10
2020-09-23,rb1s,0,0.4404892598127046,10
2020-09-23,ho1s,1,0.5887848806070052,10
2020-09-23,cl1s,1,0.6679096659244182,10
2020-09-24,rb1s,0,0.4256563600602639,10
2020-09-24,ng1s,1,0.626138821774103,10
2020-09-24,ho1s,1,0.5743097398565825,10
2020-09-24,cl1s,0,0.6512377287543482,10
2020-09-25,ho1s,1,0.551393140921588,10
2020-09-25,rb1s,0,0.41685728143245376,10
2020-09-25,cl1s,1,0.6367857251463789,10
2020-09-28,cl1s,0,0.5725129534291218,10
2020-09-28,rb1s,0,0.40648236549828,10
2020-09-29,cl1s,1,0.6017486275447717,10
2020-09-29,ho1s,1,0.5602424106966651,10
2020-09-29,rb1s,0,0.44217746588797696,10
2020-09-30,cl1s,0,0.6364872996571861,10
2020-09-30,ho1s,0,0.5674729992423974,10
2020-09-30,rb1s,0,0.4474925385295295,10
2020-10-01,cl1s,0,0.6505347505837996,10
2020-10-01,ho1s,0,0.5716114494873807,10
2020-10-01,rb1s,0,0.4611326232393255,10
2020-10-02,ho1s,1,0.5744626377464448,10
2020-10-02,rb1s,1,0.46139151271704404,10
2020-10-02,cl1s,1,0.6591282631365092,10
2020-10-05,cl1s,1,0.6953714196040397,10
2020-10-05,rb1s,0,0.476129635359432,10
2020-10-06,rb1s,0,0.46653851323807394,10
2020-10-07,cl1s,1,0.7008816543702151,10
2020-10-07,rb1s,0,0.4878272384664573,10
2020-10-08,rb1s,0,0.43841048023986995,10
2020-10-08,cl1s,0,0.6772059711889811,10
2020-10-09,ng1s,0,0.6206272766958075,10
2020-10-09,cl1s,0,0.6724211973091863,10
2020-10-09,rb1s,0,0.4331599463571547,10
2020-10-12,rb1s,0,0.4338516219281565,10
2020-10-12,ng1s,1,0.6203892127397503,10
2020-10-12,cl1s,1,0.6716549040378442,10
2020-10-13,rb1s,0,0.4370828342649412,10
2020-10-13,cl1s,1,0.6594289308945122,10
2020-10-13,ng1s,1,0.6113737368577652,10
2020-10-14,cl1s,0,0.6756203973761503,10
2020-10-14,ng1s,0,0.6393524931228715,10
2020-10-14,rb1s,0,0.4557416029752473,10
2020-10-15,cl1s,0,0.65056958120557,10
2020-10-15,rb1s,0,0.49938457191087166,10
2020-10-16,cl1s,0,0.6427406069423242,10
2020-10-16,rb1s,0,0.4896064046545565,10
2020-10-19,rb1s,0,0.4875402119739788,10
2020-10-19,cl1s,1,0.6296499603724457,10
2020-10-20,cl1s,0,0.6483828614653216,10
2020-10-20,rb1s,0,0.4791071257870849,10
2020-10-21,cl1s,1,0.6934721101248464,10
2020-10-21,rb1s,0,0.49525033428256793,10
2020-10-22,cl1s,0,0.6922255682148353,10
2020-10-22,rb1s,0,0.49100612995085174,10
2020-10-23,ho1s,0,0.6166506255170098,10
2020-10-23,rb1s,0,0.45391075651068086,10
2020-10-23,cl1s,0,0.6862378180319874,10
2020-10-26,ng1s,0,0.6101222256487915,10
2020-10-26,ho1s,1,0.6259611209134319,10
2020-10-26,rb1s,0,0.4692872133107705,10
2020-10-26,cl1s,1,0.6542935904477298,10
2020-10-27,ng1s,1,0.6516539479465013,10
2020-10-27,ho1s,0,0.6142411942911704,10
2020-10-27,rb1s,0,0.4597719898395636,10
2020-10-27,cl1s,0,0.7019639800772162,10
2020-10-28,cl1s,0,0.6859133175313539,10
2020-10-28,rb1s,0,0.4613715132084198,10
2020-10-29,cl1s,0,0.6914800106798646,10
2020-10-29,ho1s,0,0.6231708617350215,10
2020-10-29,rb1s,1,0.4938139188470082,10
2020-10-30,cl1s,1,0.662740613785159,10
2020-10-30,rb1s,1,0.4852906506565977,10
2020-10-30,ho1s,1,0.6190368932174255,10
2020-11-02,rb1s,1,0.5079637669536922,10
2020-11-02,cl1s,1,0.7093679684760594,10
2020-11-03,rb1s,1,0.5014032799183007,10
2020-11-03,cl1s,1,0.6998400088243384,10
2020-11-04,cl1s,0,0.6892712693377526,10
2020-11-04,rb1s,0,0.4920087056301896,10
2020-11-05,cl1s,0,0.6633090579507739,10
2020-11-05,rb1s,0,0.47413924234856564,10
2020-11-06,cl1s,1,0.6547377884708542,10
2020-11-06,rb1s,1,0.45908420694586766,10
2020-11-09,cl1s,1,0.6534760904948692,10
2020-11-09,rb1s,0,0.4530082023924631,10
2020-11-10,cl1s,1,0.6384997451137431,10
2020-11-10,rb1s,0,0.44445399472811375,10
2020-11-11,cl1s,0,0.6320938992041428,10
2021-03-10,rb1s,0,0.31576955870914913,10
2021-03-11,rb1s,0,0.2944813783469631,10
2021-03-12,rb1s,1,0.27849802374857063,10
2021-03-15,rb1s,1,0.3104356890237174,10
2021-03-16,rb1s,1,0.32545976364421614,10
2021-03-17,rb1s,1,0.3645379531212404,10
2021-03-18,rb1s,0,0.47769577380286754,10
2021-03-19,rb1s,0,0.49203831143822224,10
2021-03-22,rb1s,0,0.4769662424941553,10
2021-03-23,rb1s,0,0.49716051149731477,10
2021-03-24,rb1s,0,0.4838863994120293,10
2021-03-25,rb1s,1,0.4787149106984703,10
2021-03-26,rb1s,0,0.45193389224421415,10
2021-03-29,rb1s,0,0.45527865148050534,10
2021-03-30,rb1s,0,0.4446447590451017,10
2021-03-31,rb1s,0,0.4424463125304706,10
2021-04-01,rb1s,0,0.4259154582016832,10
2021-04-05,rb1s,0,0.44098597564050207,10
2021-04-06,rb1s,0,0.4166558910146874,10
2021-04-07,rb1s,0,0.4170771373533534,10
2021-04-08,rb1s,0,0.411800739726657,10
2021-04-09,rb1s,0,0.4301179215257568,10
2021-04-12,rb1s,0,0.41615969567795047,10
2021-04-13,rb1s,0,0.41892197515345386,10
2021-04-14,rb1s,0,0.4017726795321568,10
2021-04-15,rb1s,0,0.40079108404188435,10
2021-04-15,cl1s,0,0.5637445424841929,10
2021-04-16,rb1s,0,0.3790872667643354,10
2021-04-16,cl1s,1,0.5326324480356647,10
2021-04-19,cl1s,0,0.5662467220639659,10
2021-04-19,rb1s,0,0.41787077681881274,10
2021-04-20,rb1s,0,0.43769463609621634,10
2021-04-20,cl1s,0,0.6192572378072227,10
2021-04-21,cl1s,1,0.6621232730605269,10
2021-04-21,rb1s,0,0.44605488655022535,10
2021-04-22,rb1s,0,0.4463139692584403,10
2021-04-22,cl1s,1,0.6580664636719333,10
2021-04-23,rb1s,0,0.38794174273643156,10
2021-04-23,cl1s,0,0.6180671972419854,10
2021-04-26,cl1s,1,0.6313217930384394,10
2021-04-26,rb1s,0,0.4018071136186655,10
2021-04-27,cl1s,1,0.6183070890794361,10
2021-04-27,rb1s,0,0.3952469980977512,10
2021-04-28,cl1s,1,0.6363747551741424,10
2021-04-28,rb1s,0,0.38793614739358967,10
2021-04-29,rb1s,0,0.3729879601687189,10
2021-04-29,cl1s,0,0.6229274387952038,10
2021-04-30,cl1s,1,0.6546296967744926,10
2021-04-30,rb1s,0,0.39325487581056645,10
2021-05-03,cl1s,1,0.6388159521296494,10
2021-05-03,rb1s,0,0.3917652058814868,10
2021-05-04,cl1s,0,0.6740465532547483,10
2021-05-04,rb1s,0,0.37589964988808017,10
2021-05-05,rb1s,0,0.3751220455070493,10
2021-05-05,cl1s,0,0.6838335196030795,10
2021-05-06,rb1s,0,0.3931346210427077,10
2021-05-07,rb1s,0,0.3939897098949134,10
2021-05-10,rb1s,0,0.40400991507904127,10
2021-05-11,rb1s,0,0.4064345381634067,10
2021-05-12,rb1s,1,0.4020035682095739,10
2021-05-12,cl1s,0,0.674143307330963,10
2021-05-13,rb1s,0,0.4625156907619869,10
2021-05-14,rb1s,0,0.4515323923687929,10
2021-05-14,cl1s,1,0.6912875022084846,10
2021-05-17,cl1s,0,0.618460556863624,10
2021-05-17,rb1s,0,0.4263428073482921,10
2021-05-18,rb1s,0,0.42975661770916873,10
2021-05-19,cl1s,0,0.6601627213866359,10
2021-05-19,rb1s,0,0.47996954372747846,10
2021-05-20,cl1s,1,0.6561425934418917,10
2021-05-20,rb1s,1,0.5091208336605785,10
2021-05-21,cl1s,1,0.7035078450307181,10
2021-05-21,rb1s,1,0.4805812832220819,10
2021-05-24,rb1s,0,0.4599341414018804,10
2021-05-24,cl1s,1,0.6180986582924245,10
2021-05-25,rb1s,0,0.46026694484028735,10
2021-05-25,cl1s,1,0.6345904983065919,10
2021-05-26,rb1s,0,0.4368534552525494,10
2021-05-26,cl1s,1,0.597049403675473,10
2021-05-27,rb1s,0,0.4377335411053344,10
2021-05-27,cl1s,0,0.6316338803566096,10
2021-05-28,rb1s,0,0.45048808166015203,10
2021-05-28,cl1s,1,0.6378586361117748,10
2021-06-01,cl1s,1,0.6697962978355311,10
2021-06-01,rb1s,0,0.4388845247783062,10
2021-06-02,rb1s,0,0.42772866873483006,10
2021-06-02,cl1s,0,0.6095403231999881,10
2021-06-03,rb1s,0,0.43183256459491665,10
2021-06-03,cl1s,1,0.6196000440553224,10
2021-06-04,cl1s,0,0.5988999311746701,10
2021-06-04,rb1s,0,0.41148678143811446,10
2021-06-07,cl1s,1,0.5891558321234499,10
2021-06-07,rb1s,0,0.4131576502389675,10
2021-06-08,cl1s,0,0.6183861061990881,10
2021-06-08,rb1s,0,0.39125280751860875,10
2021-06-09,cl1s,1,0.6307463957418593,10
2021-06-09,rb1s,0,0.42226677365119614,10
2021-06-10,cl1s,1,0.6208441141302788,10
2021-06-10,rb1s,0,0.394735989782255,10
2021-06-11,rb1s,0,0.43169647359881147,10
2021-06-14,rb1s,0,0.421367949941366,10
2021-06-15,cl1s,1,0.6089887659501714,10
2021-06-15,rb1s,0,0.42028030622683404,10
2021-06-16,rb1s,0,0.43578668348671185,10
2021-06-16,cl1s,0,0.6147191932861188,10
2021-06-17,rb1s,0,0.45223117531463336,10
2021-06-17,ho1s,1,0.6330724779418532,10
2021-06-17,cl1s,1,0.6450059972316948,10
2021-06-18,rb1s,0,0.4616093474997012,10
2021-06-18,cl1s,1,0.6437628093137906,10
2021-06-21,rb1s,0,0.4437737246539786,10
2021-06-21,cl1s,0,0.5923614251307523,10
2021-06-22,rb1s,0,0.41433012687590265,10
2021-06-22,cl1s,1,0.5901830581515468,10
2021-06-23,rb1s,0,0.3768844982363655,10
2021-06-24,cl1s,1,0.5266592390754848,10
2021-06-24,rb1s,1,0.366596578793139,10
2021-06-25,rb1s,0,0.3916645750828032,10
2021-06-25,cl1s,0,0.5382401838420412,10
2021-06-28,rb1s,0,0.4194565302993875,10
2021-06-28,ho1s,1,0.5439381277075125,10
2021-06-28,cl1s,1,0.5803235518209334,10
2021-06-29,ho1s,1,0.5533423489182132,10
2021-06-29,rb1s,0,0.41777939106804673,10
2021-06-29,cl1s,1,0.5884156312009503,10
2021-06-30,cl1s,1,0.5783414861893905,10
2021-06-30,rb1s,0,0.42066998146083406,10
2021-07-01,cl1s,0,0.5701508235135471,10
2020-08-14,rb1s,1,0.3951380847008105,11
2020-08-17,rb1s,1,0.38525359909466816,11
2020-08-18,rb1s,1,0.3781024277331108,11
2020-08-19,rb1s,0,0.38694829811639153,11
2020-08-20,rb1s,0,0.4190540560418716,11
2020-08-21,rb1s,1,0.44370283083633033,11
2020-08-21,cl1s,1,0.6831262293253928,11
2020-08-24,rb1s,0,0.4046254220500282,11
2020-08-24,cl1s,1,0.6632296933432625,11
2020-08-25,cl1s,1,0.5740915346716594,11
2020-08-25,rb1s,0,0.38412398527618,11
2020-08-26,rb1s,0,0.385012717449643,11
2020-08-26,cl1s,0,0.558840180798694,11
2020-08-27,rb1s,0,0.4749577372748222,11
2020-08-28,rb1s,0,0.4380642627212069,11
2020-08-31,rb1s,0,0.4498219585618584,11
2020-09-01,cl1s,0,0.6417510326281115,11
2020-09-01,rb1s,0,0.4333522421894315,11
2020-09-02,rb1s,0,0.45902998163754716,11
2020-09-02,cl1s,0,0.6879302260400112,11
2020-09-03,rb1s,0,0.4487903310535373,11
2020-09-04,rb1s,0,0.4786847942145417,11
2020-09-08,ho1s,1,0.6683288351812572,11
2020-09-08,rb1s,0,0.5057700549945352,11
2020-09-09,rb1s,0,0.49767455778084346,11
2020-09-10,rb1s,1,0.4802751864505377,11
2020-09-11,rb1s,1,0.47944858280093317,11
2020-09-14,rb1s,1,0.4671758132084757,11
2020-09-15,rb1s,1,0.4412364081993967,11
2020-09-16,cl1s,1,0.6616746174644567,11
2020-09-16,rb1s,0,0.46039411006726283,11
2020-09-17,rb1s,0,0.4642574876534088,11
2020-09-18,rb1s,0,0.4450357714271852,11
2020-09-21,ho1s,0,0.6666742772847711,11
2020-09-21,rb1s,0,0.4762502977902817,11
2020-09-21,cl1s,1,0.7366148769099748,11
2020-09-22,ho1s,1,0.6110614813520588,11
2020-09-22,rb1s,0,0.4589243110173494,11
2020-09-22,cl1s,1,0.6728085876739109,11
2020-09-23,rb1s,0,0.43628009546604357,11
2020-09-23,ho1s,1,0.6340047687287732,11
2020-09-23,cl1s,1,0.7071794378136764,11
2020-09-24,rb1s,0,0.4146483951342816,11
2020-09-24,ng1s,1,0.6482512290569524,11
2020-09-24,ho1s,1,0.6269391964157834,11
2020-09-24,cl1s,0,0.6929988380256723,11
2020-09-25,ho1s,1,0.6027646352610087,11
2020-09-25,rb1s,0,0.4068700262340406,11
2020-09-25,cl1s,1,0.6925074354968026,11
2020-09-28,cl1s,0,0.644790328743896,11
2020-09-28,rb1s,0,0.4057690101622895,11
2020-09-29,cl1s,1,0.6868166451075975,11
2020-09-29,ho1s,1,0.6312129957634623,11
2020-09-29,rb1s,0,0.45437045265319986,11
2020-09-30,cl1s,0,0.7025198783316408,11
2020-09-30,ho1s,0,0.6238347417247695,11
2020-09-30,rb1s,0,0.4576322833592737,11
2020-10-01,cl1s,0,0.7171847967034006,11
2020-10-01,ho1s,0,0.6219146850954108,11
2020-10-01,rb1s,0,0.4654635387700401,11
2020-10-02,ho1s,1,0.6289675027997094,11
2020-10-02,rb1s,1,0.4687506485594946,11
2020-10-02,cl1s,1,0.7154891254835135,11
2020-10-05,cl1s,1,0.7267865520417606,11
2020-10-05,rb1s,0,0.473065067489964,11
2020-10-06,rb1s,0,0.4389411818393241,11
2020-10-07,cl1s,1,0.7162743707892021,11
2020-10-07,rb1s,0,0.46906439786204523,11
2020-10-08,rb1s,0,0.4400774044784538,11
2020-10-08,cl1s,0,0.6759666847744504,11
2020-10-09,ng1s,0,0.6458888830279534,11
2020-10-09,cl1s,0,0.7018605252469863,11
2020-10-09,rb1s,0,0.4302898511056522,11
2020-10-12,rb1s,0,0.42921762642489264,11
2020-10-12,ng1s,1,0.6248679825559427,11
2020-10-12,cl1s,1,0.7109523372837231,11
2020-10-13,rb1s,0,0.42317537165851987,11
2020-10-13,cl1s,1,0.7245672553896132,11
2020-10-13,ng1s,1,0.6413897893768399,11
2020-10-14,cl1s,0,0.7036688006119701,11
2020-10-14,ng1s,0,0.6607568496668984,11
2020-10-14,rb1s,0,0.42366730566042454,11
2020-10-15,cl1s,0,0.6708832025492713,11
2020-10-15,rb1s,0,0.4839161379220472,11
2020-10-16,cl1s,0,0.654577431263244,11
2020-10-16,rb1s,0,0.4698524488841231,11
2020-10-19,rb1s,0,0.46972877724127404,11
2020-10-19,cl1s,1,0.660118938230344,11
2020-10-20,cl1s,0,0.6301063627031269,11
2020-10-20,rb1s,0,0.438375541697071,11
2020-10-21,cl1s,1,0.709856983033222,11
2020-10-21,rb1s,0,0.481907411343167,11
2020-10-22,cl1s,0,0.6996079635014505,11
2020-10-22,rb1s,0,0.44505820549723696,11
2020-10-23,ho1s,0,0.6496421376378948,11
2020-10-23,rb1s,0,0.4304082277703073,11
2020-10-23,cl1s,0,0.7053718370101204,11
2020-10-26,ng1s,0,0.6174202706979018,11
2020-10-26,ho1s,1,0.6595637490623564,11
2020-10-26,rb1s,0,0.44893166309466487,11
2020-10-26,cl1s,1,0.6745600561971201,11
2020-10-27,ng1s,1,0.6358557476010115,11
2020-10-27,ho1s,0,0.6562636457231961,11
2020-10-27,rb1s,0,0.43087272677791294,11
2020-10-27,cl1s,0,0.7211525003991305,11
2020-10-28,cl1s,0,0.7208536115251492,11
2020-10-28,rb1s,0,0.46674918986145114,11
2020-10-29,cl1s,0,0.7296117861347972,11
2020-10-29,ho1s,0,0.6785822345132421,11
2020-10-29,rb1s,1,0.5134986593813565,11
2020-10-30,cl1s,1,0.7029058850524738,11
2020-10-30,rb1s,1,0.5126255845288352,11
2020-10-30,ho1s,1,0.6760559633797711,11
2020-11-02,rb1s,1,0.5051955399267417,11
2020-11-02,cl1s,1,0.727009829428383,11
2020-11-03,rb1s,1,0.4981825051223466,11
2020-11-03,cl1s,1,0.7096677134132603,11
2020-11-04,cl1s,0,0.7087499197121656,11
2020-11-04,rb1s,0,0.5008853679060763,11
2020-11-05,cl1s,0,0.7023298288627173,11
2020-11-05,rb1s,0,0.4869499088271197,11
2020-11-06,cl1s,1,0.7043434367758743,11
2020-11-06,rb1s,1,0.4857491998327627,11
2020-11-09,cl1s,1,0.6784480728774519,11
2020-11-09,rb1s,0,0.4790938110787777,11
2020-11-10,cl1s,1,0.6558857072894702,11
2020-11-10,rb1s,0,0.4645240498757858,11
2020-11-11,cl1s,0,0.6567005584671972,11
2021-07-01,rb1s,0,0.2806078820049819,11
2021-07-02,rb1s,1,0.2725184060732052,11
2021-07-02,cl1s,0,0.6300279721792332,11
2021-07-06,cl1s,0,0.7345932084832446,11
2021-07-06,rb1s,0,0.3200029383895966,11
2021-07-07,rb1s,0,0.37004271879041367,11
2021-07-07,cl1s,1,0.7182444118559743,11
2021-07-07,ho1s,1,0.667366674610147,11
2021-07-08,rb1s,0,0.3697173719593564,11
2021-07-08,cl1s,1,0.7426431475121394,11
2021-07-08,ho1s,1,0.6952862887651093,11
2021-07-09,rb1s,0,0.3194666526728789,11
2021-07-09,cl1s,0,0.6891161401688504,11
2021-07-12,rb1s,0,0.3115919941176075,11
2021-07-12,cl1s,1,0.6996437354536899,11
2021-07-13,rb1s,1,0.28436842093106235,11
2021-07-13,cl1s,0,0.639903440506884,11
2021-07-14,cl1s,0,0.7187293659756651,11
2021-07-14,rb1s,1,0.3101589567391618,11
2021-07-15,cl1s,1,0.6757606415958755,11
2021-07-15,rb1s,1,0.32406644284667135,11
2021-07-16,rb1s,1,0.3292612933168619,11
2021-07-16,cl1s,0,0.6882508836808714,11
2021-07-19,rb1s,1,0.4286665749659996,11
2021-07-19,cl1s,1,0.6915717395305591,11
2021-07-20,rb1s,1,0.43418612435687975,11
2021-07-20,cl1s,1,0.7263423023456744,11
2021-07-21,rb1s,1,0.3977974671385977,11
2021-07-21,cl1s,1,0.6885207024378284,11
2021-07-22,rb1s,1,0.3873324278705058,11
2021-07-22,cl1s,1,0.6353631067966244,11
2021-07-23,rb1s,0,0.3764510720820102,11
2021-07-23,cl1s,0,0.6088910888983189,11
2021-07-26,rb1s,0,0.35954111129211896,11
2021-07-26,cl1s,0,0.6325468169647902,11
2021-07-27,rb1s,0,0.34268248700475545,11
2021-07-27,cl1s,1,0.6541764902254544,11
2021-07-28,cl1s,1,0.5691937878029081,11
2021-07-28,rb1s,0,0.37064274979197465,11
2021-07-29,rb1s,0,0.3332785290842615,11
2021-07-29,cl1s,1,0.5682997327565693,11
2021-07-30,rb1s,0,0.34779348026789136,11
2021-07-30,cl1s,0,0.5381424124421679,11
2021-08-02,rb1s,0,0.3673586749421166,11
2021-08-02,cl1s,0,0.6613015729610036,11
2021-08-03,cl1s,0,0.6832334702453987,11
2021-08-03,rb1s,0,0.3670529255799449,11
2021-08-04,rb1s,0,0.3545057584785407,11
2021-08-04,cl1s,1,0.6981697631464981,11
2021-08-05,cl1s,0,0.6948798534820955,11
2021-08-05,rb1s,0,0.3595379572788266,11
2021-08-06,cl1s,0,0.6853333696193551,11
2021-08-06,rb1s,0,0.39467990648956514,11
2021-08-09,cl1s,1,0.696963473874677,11
2021-08-09,rb1s,0,0.4015063377844472,11
2021-08-10,rb1s,0,0.3905856914745863,11
2021-08-10,cl1s,1,0.6896867970164792,11
2021-08-11,cl1s,0,0.6794497349437765,11
2021-08-11,rb1s,0,0.41345284342825683,11
2021-08-12,cl1s,0,0.6595566193596097,11
2021-08-12,rb1s,0,0.3848624750877273,11
2021-08-13,rb1s,0,0.3931959738035644,11
2021-08-13,cl1s,0,0.6650731972500366,11
2021-08-16,cl1s,0,0.6856802306512761,11
2021-08-16,rb1s,0,0.41863140856529035,11
2021-08-17,cl1s,0,0.6490651453580251,11
2021-08-17,rb1s,0,0.41121454281470193,11
2021-08-18,cl1s,0,0.6636613530688086,11
2021-08-18,rb1s,0,0.4122907336033881,11
2021-08-19,rb1s,0,0.4390515581426721,11
2021-08-19,cl1s,0,0.6669963258354623,11
2021-08-20,rb1s,1,0.429048076659237,11
2021-08-20,cl1s,1,0.6753610372971746,11
2021-08-23,rb1s,1,0.4310024941229966,11
2021-08-23,cl1s,1,0.6826595920973152,11
2021-08-24,cl1s,1,0.6732830500346093,11
2021-08-24,rb1s,1,0.3932587843607133,11
2021-08-25,rb1s,0,0.39518883422870915,11
2021-08-25,cl1s,0,0.6288100493257077,11
2021-08-26,rb1s,1,0.40199171340259265,11
2021-08-26,cl1s,1,0.6780647868674725,11
2021-08-27,rb1s,0,0.37088167924823756,11
2021-08-27,cl1s,1,0.6144984911919313,11
2021-08-30,rb1s,0,0.40950225807385415,11
2021-08-30,cl1s,0,0.5988233601801339,11
2021-08-31,cl1s,1,0.6584754512841428,11
2021-08-31,rb1s,0,0.4040228370783737,11
2021-09-01,rb1s,1,0.39416608246174206,11
2021-09-01,cl1s,1,0.657376288687989,11
2021-09-02,rb1s,0,0.39237321190562535,11
2021-09-02,cl1s,0,0.6508865367003291,11
2021-09-03,rb1s,0,0.39074470702357045,11
2021-09-03,cl1s,0,0.6572561927656843,11
2021-09-07,rb1s,0,0.39892132386504214,11
2021-09-07,cl1s,1,0.6736418775873507,11
2021-09-08,cl1s,0,0.6580287657364755,11
2021-09-08,rb1s,0,0.38093983699124206,11
2021-09-09,rb1s,1,0.39015154305848726,11
2021-09-09,cl1s,1,0.6788925467671673,11
2021-09-10,cl1s,1,0.6644496973812386,11
2021-09-10,rb1s,0,0.39393681462728647,11
2021-09-13,rb1s,0,0.38255191705630986,11
2021-09-13,cl1s,1,0.6355785285743875,11
2021-09-14,cl1s,1,0.6410378548202453,11
2021-09-14,rb1s,0,0.3813210515902777,11
2021-09-15,rb1s,0,0.3569120750249656,11
2021-09-15,cl1s,1,0.6145818928475236,11
2021-09-16,cl1s,0,0.582243579242864,11
2021-09-16,rb1s,0,0.360563725772633,11
2021-09-17,cl1s,0,0.6121606366112828,11
2021-09-17,rb1s,0,0.3665841173572457,11
2021-09-20,rb1s,1,0.3908879551243036,11
2021-09-20,cl1s,1,0.6495902863518772,11
2021-09-21,cl1s,1,0.6505571966965222,11
2021-09-21,rb1s,1,0.41224722769922806,11
2021-09-22,cl1s,1,0.5909954129374156,11
2021-09-22,rb1s,1,0.41048131395067483,11
2021-09-23,cl1s,1,0.5665702423938749,11
2021-09-23,rb1s,0,0.3530618131308566,11
2021-09-24,rb1s,1,0.37764583481382047,11
2021-09-24,cl1s,1,0.5898470547741788,11
2021-09-27,rb1s,0,0.3517207158764457,11
2021-09-27,cl1s,0,0.5188562666429547,11
2021-09-28,rb1s,1,0.3957158700182021,11
2021-09-28,cl1s,0,0.5983574719255288,11
2021-09-29,rb1s,1,0.36213069467616016,11
2021-09-29,cl1s,1,0.6272399939812615,11
2021-09-30,cl1s,1,0.6549895469358108,11
2021-09-30,rb1s,1,0.3816694934806913,11
2021-10-01,rb1s,1,0.37013543123643305,11
2021-10-01,cl1s,1,0.6146372994874117,11
2021-10-04,cl1s,1,0.5931418527243809,11
2021-10-04,rb1s,0,0.3381623963246733,11
2020-11-11,rb1s,0,0.3883296583987064,12
2020-11-12,rb1s,0,0.40211996531258304,12
2020-11-12,cl1s,0,0.534974339125558,12
2020-11-13,rb1s,1,0.40572422395577634,12
2020-11-13,cl1s,1,0.5273658246877427,12
2020-11-16,cl1s,1,0.5304658703132529,12
2020-11-16,rb1s,1,0.40522330677888785,12
2020-11-17,rb1s,1,0.39244379378018973,12
2020-11-17,cl1s,1,0.4776622355951139,12
2020-11-18,rb1s,1,0.3843260446515819,12
2020-11-18,cl1s,0,0.47781872478392406,12
2020-11-19,cl1s,1,0.48531145779293033,12
2020-11-19,rb1s,1,0.3842308469819581,12
2020-11-20,rb1s,1,0.35490492826867626,12
2020-11-20,cl1s,1,0.46657329620364113,12
2020-11-23,cl1s,1,0.5116061069586346,12
2020-11-23,rb1s,1,0.3545740791860329,12
2020-11-24,rb1s,0,0.3338244485915758,12
2020-11-24,cl1s,1,0.5103462021175365,12
2020-11-25,rb1s,0,0.33201729321115164,12
2020-11-27,rb1s,0,0.35242775051526,12
2020-11-30,rb1s,0,0.34150978178523533,12
2020-12-01,cl1s,1,0.5194718661499138,12
2020-12-01,rb1s,1,0.35603013874360834,12
2020-12-02,rb1s,1,0.3522464426233688,12
2020-12-02,cl1s,1,0.5195241881817628,12
2020-12-03,rb1s,1,0.3384444155136383,12
2020-12-03,cl1s,1,0.5114802847397584,12
2020-12-04,cl1s,0,0.5033681915336802,12
2020-12-04,rb1s,0,0.33789320669745354,12
2020-12-07,rb1s,1,0.3601309753186081,12
2020-12-07,cl1s,0,0.5213032384291458,12
2020-12-08,rb1s,1,0.3633980061611429,12
2020-12-08,cl1s,0,0.5117364026712041,12
2020-12-09,cl1s,1,0.5399388393925353,12
2020-12-09,rb1s,1,0.3669015574561922,12
2020-12-10,rb1s,0,0.3606263217544878,12
2020-12-11,cl1s,1,0.536204636101066,12
2020-12-11,rb1s,1,0.37873765458885256,12
2020-12-14,rb1s,1,0.3757537464126122,12
2020-12-15,rb1s,1,0.3694284054692808,12
2020-12-16,rb1s,0,0.3694681986278696,12
2020-12-17,rb1s,0,0.3659377052275844,12
2020-12-18,ho1s,1,0.4529315912801845,12
2020-12-18,rb1s,0,0.3652216651230708,12
2020-12-21,rb1s,0,0.4042278573804076,12
2020-12-21,ho1s,1,0.49328126857789717,12
2020-12-22,rb1s,1,0.429175278972257,12
2020-12-23,rb1s,0,0.3990219374291504,12
2020-12-24,rb1s,0,0.4109226864774276,12
2020-12-28,rb1s,1,0.39780070482819124,12
2020-12-29,rb1s,1,0.3801680649744317,12
2020-12-30,rb1s,0,0.37308710060469535,12
2020-12-31,rb1s,0,0.38202890219375196,12
2021-01-04,ho1s,1,0.5199737160059753,12
2021-01-04,cl1s,1,0.5880021392732769,12
2021-01-04,rb1s,1,0.4025264772219354,12
2021-01-05,cl1s,1,0.562916788681631,12
2021-01-05,rb1s,1,0.3850685627853759,12
2021-01-06,rb1s,0,0.3803577208872398,12
2021-01-06,cl1s,1,0.5533909201325516,12
2021-01-07,cl1s,1,0.5390069424455312,12
2021-01-07,rb1s,0,0.38339197574018125,12
2021-01-08,rb1s,0,0.3709244459751734,12
2021-01-08,cl1s,1,0.5569292669597316,12
2021-01-11,cl1s,1,0.5624587921700902,12
2021-01-11,rb1s,0,0.4045653025995193,12
2021-01-12,rb1s,0,0.4084001103658535,12
2021-01-13,rb1s,0,0.41013754310500916,12
2021-01-14,rb1s,0,0.3974891993660044,12
2021-01-15,cl1s,1,0.5773644582505049,12
2021-01-15,rb1s,0,0.437156045457351,12
2021-01-19,rb1s,0,0.4339405073015751,12
2021-01-19,cl1s,1,0.5392718440256362,12
2021-01-20,cl1s,0,0.5151159642694049,12
2021-01-20,rb1s,0,0.41855072368828034,12
2021-01-21,cl1s,0,0.5141001719066384,12
2021-01-21,rb1s,0,0.4129144146206414,12
2021-01-22,rb1s,0,0.40755783736677115,12
2021-01-25,rb1s,0,0.4013569685668648,12
2021-01-26,rb1s,0,0.40399738194679746,12
2021-01-27,rb1s,0,0.4251049355711492,12
2021-01-28,rb1s,0,0.4272938229903978,12
2021-01-29,rb1s,0,0.44782526485032065,12
2021-02-01,rb1s,0,0.45430263210054717,12
2021-02-02,rb1s,0,0.44294377226202747,12
2021-02-03,rb1s,0,0.4124833957177876,12
2021-02-04,rb1s,0,0.42303656478667445,12
2021-02-04,cl1s,0,0.5754503100490002,12
2021-02-05,cl1s,0,0.5444509338290185,12
2021-02-05,rb1s,0,0.3974419814208958,12
2021-02-08,rb1s,0,0.39354847551706973,12
2021-02-08,cl1s,0,0.5360235327669662,12
2021-02-09,rb1s,0,0.38277877910501046,12
2021-02-09,cl1s,0,0.5278463060266118,12
2021-02-10,rb1s,0,0.4123551094914024,12
2021-02-10,cl1s,1,0.5353573615649251,12
2021-02-11,rb1s,0,0.40053751312030533,12
2021-02-11,cl1s,0,0.53222756305853,12
2021-02-12,cl1s,0,0.5330308257127276,12
2021-02-12,rb1s,0,0.3843522417919038,12
2021-02-16,ng1s,0,0.5353492878629522,12
2021-02-16,rb1s,0,0.3822889566582968,12
2021-02-16,cl1s,0,0.5372406058385141,12
2021-02-17,rb1s,0,0.40787133283428423,12
2021-02-17,cl1s,1,0.5234617960443494,12
2021-02-18,rb1s,0,0.4075127443494225,12
2021-02-18,cl1s,1,0.5389696196993672,12
2021-02-19,rb1s,0,0.389524834356405,12
2021-02-19,cl1s,0,0.5880647108805175,12
2021-02-22,cl1s,1,0.5108216884537347,12
2021-02-22,rb1s,0,0.3749391344382312,12
2021-02-23,cl1s,0,0.5553516153470207,12
2021-02-23,rb1s,0,0.3782637929580467,12
2021-02-24,rb1s,0,0.3876249372399085,12
2021-02-24,cl1s,0,0.5176924408988254,12
2021-02-25,cl1s,1,0.5458593060461215,12
2021-02-25,rb1s,0,0.39252514079075873,12
2021-02-26,rb1s,0,0.41186679014477384,12
2021-03-01,rb1s,0,0.43236430611003235,12
2021-03-02,rb1s,0,0.42310934383482945,12
2021-03-03,rb1s,0,0.42470854281165626,12
2021-03-04,rb1s,0,0.421509053510167,12
2021-03-05,rb1s,0,0.4162287943322988,12
2021-03-05,cl1s,1,0.5710574530008291,12
2021-03-08,cl1s,1,0.5996919384115791,12
2021-03-08,rb1s,0,0.43035764449454206,12
2021-03-09,rb1s,0,0.44169618163263114,12
2021-03-10,rb1s,0,0.42133653553205336,12
2021-03-11,rb1s,0,0.3748879686069744,12
2021-03-12,rb1s,1,0.3899185511953497,12
2021-03-15,rb1s,1,0.38596127064114716,12
2021-03-16,rb1s,1,0.39622804255982497,12
2021-03-17,rb1s,1,0.41718664725839016,12
2021-03-18,rb1s,0,0.48316395723179417,12
2021-03-19,rb1s,0,0.48763418571288913,12
2021-03-22,rb1s,0,0.45749851484077797,12
2021-03-23,rb1s,0,0.4955366629959096,12
2021-03-24,rb1s,0,0.4928745435449063,12
2021-03-25,rb1s,1,0.4970087228209738,12
2021-03-26,rb1s,0,0.46037999146110226,12
2021-03-29,rb1s,0,0.4669062825669671,12
2021-03-30,rb1s,0,0.46292230344741453,12
2021-03-31,rb1s,0,0.44975507009591176,12
2021-04-01,rb1s,0,0.4193877850039163,12
2021-04-05,rb1s,0,0.4422479926622588,12
2021-04-06,rb1s,0,0.42345127971886554,12
2021-04-07,rb1s,0,0.42739371576680746,12
2021-04-08,rb1s,0,0.4254931969753651,12
2021-04-09,rb1s,0,0.46326813054155375,12
2021-04-12,rb1s,0,0.4562746460926499,12
2021-04-13,rb1s,0,0.45807818492309166,12
2021-04-14,rb1s,0,0.41701264297391977,12
2021-04-15,rb1s,0,0.4075837148190488,12
2021-04-15,cl1s,0,0.5117312547172794,12
2021-04-16,rb1s,0,0.4158935443974871,12
2021-04-16,cl1s,1,0.5127644768364302,12
2021-04-19,cl1s,0,0.5206581173234829,12
2021-04-19,rb1s,0,0.42314849824300294,12
2021-04-20,rb1s,0,0.43515906720870123,12
2021-04-20,cl1s,0,0.551054771030353,12
2021-04-21,cl1s,1,0.5977777142179359,12
2021-04-21,rb1s,0,0.43319719522271394,12
2021-04-22,rb1s,0,0.4489659019410261,12
2021-04-22,cl1s,1,0.6028699337010149,12
2021-04-23,rb1s,0,0.4154235848087697,12
2021-04-23,cl1s,0,0.5822516740807901,12
2021-04-26,cl1s,1,0.5788922654150438,12
2021-04-26,rb1s,0,0.4048456797505329,12
2021-04-27,cl1s,1,0.545711378916352,12
2021-04-27,rb1s,0,0.3881308794759047,12
2021-04-28,cl1s,1,0.5428971261350026,12
2021-04-28,rb1s,0,0.35449699442809635,12
2021-04-29,rb1s,0,0.34947326927595984,12
2021-04-29,cl1s,0,0.5271720448656844,12
2021-04-30,cl1s,1,0.5739285361718636,12
2021-04-30,rb1s,0,0.37662359156628,12
2021-05-03,cl1s,1,0.565131635649842,12
2021-05-03,rb1s,0,0.38941307688752275,12
2021-05-04,cl1s,0,0.5707300365659584,12
2021-05-04,rb1s,0,0.3977443670406873,12
2021-05-05,rb1s,0,0.39956485988155677,12
2021-05-05,cl1s,0,0.5807675891094499,12
2021-05-06,rb1s,0,0.38401874866650787,12
2021-05-07,rb1s,0,0.38013281021421846,12
2021-05-10,rb1s,0,0.37248437696754666,12
2021-05-11,rb1s,0,0.399264245326268,12
2021-05-12,rb1s,1,0.4010468577141764,12
2021-05-12,cl1s,0,0.5618718750889196,12
2021-05-13,rb1s,0,0.4266841468002815,12
2021-05-14,rb1s,0,0.4189320424268241,12
2021-05-14,cl1s,1,0.5877099679962894,12
2021-05-17,cl1s,0,0.5252731742948767,12
2021-05-17,rb1s,0,0.40674498036700363,12
2021-05-18,rb1s,0,0.40423523555749863,12
2021-05-19,cl1s,0,0.5907497424454885,12
2021-05-19,rb1s,0,0.4563725998054724,12
2021-05-20,cl1s,1,0.590831439926125,12
2021-05-20,rb1s,1,0.4747669759951563,12
2021-05-21,cl1s,1,0.633594376616869,12
2021-05-21,rb1s,1,0.4327765705481459,12
2021-05-24,rb1s,0,0.45054595550338833,12
2021-05-24,cl1s,1,0.5536626876600966,12
2021-05-25,rb1s,0,0.4469355430647078,12
2021-05-25,cl1s,1,0.5814843022576444,12
2021-05-26,rb1s,0,0.4446832733073836,12
2021-05-26,cl1s,1,0.5382631756535491,12
2021-05-27,rb1s,0,0.4453583095244711,12
2021-05-27,cl1s,0,0.5638966194585026,12
2021-05-28,rb1s,0,0.4357594163704284,12
2021-05-28,cl1s,1,0.5793853953232718,12
2021-06-01,cl1s,1,0.5923862995818114,12
2021-06-01,rb1s,0,0.44963008272777016,12
2021-06-02,rb1s,0,0.4411009385180615,12
2021-06-02,cl1s,0,0.5730784446469364,12
2021-06-03,rb1s,0,0.45450165024066685,12
2021-06-03,cl1s,1,0.5749403160206678,12
2021-06-04,cl1s,0,0.5776276142922182,12
2021-06-04,rb1s,0,0.4401790700170941,12
2021-06-07,cl1s,1,0.5769894692177118,12
2021-06-07,rb1s,0,0.4400195380314066,12
2021-06-08,cl1s,0,0.5771126397282119,12
2021-06-08,rb1s,0,0.42855506729598936,12
2021-06-09,cl1s,1,0.5850735060900276,12
2021-06-09,rb1s,0,0.42662159795068244,12
2021-06-10,cl1s,1,0.5760445332383451,12
2021-06-10,rb1s,0,0.41242189741119956,12
2021-06-11,rb1s,0,0.429687017614547,12
2021-06-14,rb1s,0,0.42145832574971853,12
2021-06-15,cl1s,1,0.5673028803591379,12
2021-06-15,rb1s,0,0.42190472067691537,12
2021-06-16,rb1s,0,0.44820185579113586,12
2021-06-16,cl1s,0,0.5881739816877823,12
2021-06-17,rb1s,0,0.4784038699214388,12
2021-06-17,ho1s,1,0.5940356250121012,12
2021-06-17,cl1s,1,0.5802888213171797,12
2021-06-18,rb1s,0,0.4637495963777805,12
2021-06-18,cl1s,1,0.5838280406473362,12
2021-06-21,rb1s,0,0.462598407469459,12
2021-06-21,cl1s,0,0.5727635329334463,12
2021-06-22,rb1s,0,0.4522504233222087,12
2021-06-22,cl1s,1,0.5945930743863586,12
2021-06-23,rb1s,0,0.42477790995108966,12
2021-06-24,cl1s,1,0.5164607594944908,12
2021-06-24,rb1s,1,0.39889946465868337,12
2021-06-25,rb1s,0,0.3970861860906865,12
2021-06-25,cl1s,0,0.5526462508283114,12
2021-06-28,rb1s,0,0.41603075041871246,12
2021-06-28,ho1s,1,0.5327941358802845,12
2021-06-28,cl1s,1,0.5710724481296588,12
2021-06-29,ho1s,1,0.5442130538512551,12
2021-06-29,rb1s,0,0.4329757902265332,12
2021-06-29,cl1s,1,0.5751231342641296,12
2021-06-30,cl1s,1,0.5848971768814313,12
2021-06-30,rb1s,0,0.43934967603099295,12
2021-07-01,cl1s,0,0.5801043199632129,12
2020-11-11,rb1s,0,0.39467924130444604,13
2020-11-12,rb1s,0,0.41706567340573775,13
2020-11-12,cl1s,0,0.5815591219316254,13
2020-11-13,rb1s,1,0.41833933565499226,13
2020-11-13,cl1s,1,0.5860535222253711,13
2020-11-16,cl1s,1,0.5671443658255533,13
2020-11-16,rb1s,1,0.41020329268966427,13
2020-11-17,rb1s,1,0.4012577167701415,13
2020-11-17,cl1s,1,0.5126598147124806,13
2020-11-18,rb1s,1,0.38924935339773653,13
2020-11-18,cl1s,0,0.4983094502383686,13
2020-11-19,cl1s,1,0.5255110425873617,13
2020-11-19,rb1s,1,0.38148715784583037,13
2020-11-20,rb1s,1,0.3425925515998376,13
2020-11-20,cl1s,1,0.4971774452207286,13
2020-11-23,cl1s,1,0.5165082582337662,13
2020-11-23,rb1s,1,0.3103703987383079,13
2020-11-24,rb1s,0,0.3129576656301144,13
2020-11-24,cl1s,1,0.4949953764669463,13
2020-11-25,rb1s,0,0.30621238338694345,13
2020-11-27,rb1s,0,0.3122796261447153,13
2020-11-30,rb1s,0,0.303066820136565,13
2020-12-01,cl1s,1,0.5687880857073976,13
2020-12-01,rb1s,1,0.323187807237401,13
2020-12-02,rb1s,1,0.31783129873037436,13
2020-12-02,cl1s,1,0.5345243652035401,13
2020-12-03,rb1s,1,0.29913438782183693,13
2020-12-03,cl1s,1,0.5226075356339149,13
2020-12-04,cl1s,0,0.5110601360213125,13
2020-12-04,rb1s,0,0.29724080966824296,13
2020-12-07,rb1s,1,0.30530110884448514,13
2020-12-07,cl1s,0,0.5509167398202706,13
2020-12-08,rb1s,1,0.3203346563830677,13
2020-12-08,cl1s,0,0.5616987442502869,13
2020-12-09,cl1s,1,0.5731327012731465,13
2020-12-09,rb1s,1,0.31307897883285124,13
2020-12-10,rb1s,0,0.32205147605650025,13
2020-12-11,cl1s,1,0.5671510243111095,13
2020-12-11,rb1s,1,0.3301322394024725,13
2020-12-14,rb1s,1,0.326659094839277,13
2020-12-15,rb1s,1,0.32146768756343214,13
2020-12-16,rb1s,0,0.31126324558616625,13
2020-12-17,rb1s,0,0.3033038700788782,13
2020-12-18,ho1s,1,0.4291157439603801,13
2020-12-18,rb1s,0,0.31283477232465884,13
2020-12-21,rb1s,0,0.37952850846122227,13
2020-12-21,ho1s,1,0.5146017072763921,13
2020-12-22,rb1s,1,0.4074249848528464,13
2020-12-23,rb1s,0,0.36666231862765974,13
2020-12-24,rb1s,0,0.3546142555794578,13
2020-12-28,rb1s,1,0.3521836117141098,13
2020-12-29,rb1s,1,0.32755511927478714,13
2020-12-30,rb1s,0,0.30882563865115037,13
2020-12-31,rb1s,0,0.31216287258804526,13
2021-01-04,ho1s,1,0.5871680423803464,13
2021-01-04,cl1s,1,0.6652928404869973,13
2021-01-04,rb1s,1,0.3862995597248414,13
2021-01-05,cl1s,1,0.594377050693456,13
2021-01-05,rb1s,1,0.378650527021971,13
2021-01-06,rb1s,0,0.3563161298577021,13
2021-01-06,cl1s,1,0.5798858989000069,13
2021-01-07,cl1s,1,0.5727004905069684,13
2021-01-07,rb1s,0,0.3221240970259233,13
2021-01-08,rb1s,0,0.3181630879029316,13
2021-01-08,cl1s,1,0.5739128996011091,13
2021-01-11,cl1s,1,0.5818064036416933,13
2021-01-11,rb1s,0,0.32431698046851787,13
2021-01-12,rb1s,0,0.31164149569159255,13
2021-01-13,rb1s,0,0.32571872679833586,13
2021-01-14,rb1s,0,0.3186695885838167,13
2021-01-15,cl1s,1,0.6234521501219268,13
2021-01-15,rb1s,0,0.35296663496307873,13
2021-01-19,rb1s,0,0.346021429963415,13
2021-01-19,cl1s,1,0.5833229919777227,13
2021-01-20,cl1s,0,0.5955068876789443,13
2021-01-20,rb1s,0,0.34184563768590986,13
2021-01-21,cl1s,0,0.52611528745407,13
2021-01-21,rb1s,0,0.33372462493286026,13
2021-01-22,rb1s,0,0.32463546546148914,13
2021-01-25,rb1s,0,0.31900822548101154,13
2021-01-26,rb1s,0,0.31506351005285005,13
2021-01-27,rb1s,0,0.32717204903960256,13
2021-01-28,rb1s,0,0.34311977330697063,13
2021-01-29,rb1s,0,0.38087697904698053,13
2021-02-01,rb1s,0,0.3722546624103071,13
2021-02-02,rb1s,0,0.36184251759923036,13
2021-02-03,rb1s,0,0.32841199940518917,13
2021-02-04,rb1s,0,0.3361793198721383,13
2021-02-04,cl1s,0,0.5916621969306666,13
2021-02-05,cl1s,0,0.5461479826961269,13
2021-02-05,rb1s,0,0.3111169260516063,13
2021-02-08,rb1s,0,0.32367145215251,13
2021-02-08,cl1s,0,0.5128496829768145,13
2021-02-09,rb1s,0,0.3219860518226765,13
2021-02-09,cl1s,0,0.5585024342598837,13
2021-02-10,rb1s,0,0.34075360700974744,13
2021-02-10,cl1s,1,0.5109960374106723,13
2021-02-11,rb1s,0,0.3237341682964733,13
2021-02-11,cl1s,0,0.5233109161585252,13
2021-02-12,cl1s,0,0.5674180018197812,13
2021-02-12,rb1s,0,0.3126502012353858,13
2021-02-16,ng1s,0,0.5615144515574786,13
2021-02-16,rb1s,0,0.3438653859796901,13
2021-02-16,cl1s,0,0.5608013595172872,13
2021-02-17,rb1s,0,0.34081297257115944,13
2021-02-17,cl1s,1,0.5434825702120697,13
2021-02-18,rb1s,0,0.34777144784367575,13
2021-02-18,cl1s,1,0.5702614474955335,13
2021-02-19,rb1s,0,0.3242123614889547,13
2021-02-19,cl1s,0,0.6232107733811012,13
2021-02-22,cl1s,1,0.5119780361564034,13
2021-02-22,rb1s,0,0.30736019718427926,13
2021-02-23,cl1s,0,0.5327580693589735,13
2021-02-23,rb1s,0,0.3068312325873258,13
2021-02-24,rb1s,0,0.3004470609279138,13
2021-02-24,cl1s,0,0.5098378815116027,13
2021-02-25,cl1s,1,0.5325720551682002,13
2021-02-25,rb1s,0,0.31013499198660865,13
2021-02-26,rb1s,0,0.32547955911058996,13
2021-03-01,rb1s,0,0.35487050075822507,13
2021-03-02,rb1s,0,0.3491241638186413,13
2021-03-03,rb1s,0,0.3423632216793011,13
2021-03-04,rb1s,0,0.3361173965979703,13
2021-03-05,rb1s,0,0.3309637460940592,13
2021-03-05,cl1s,1,0.5219863824855513,13
2021-03-08,cl1s,1,0.557185055715206,13
2021-03-08,rb1s,0,0.34522391435663136,13
2021-03-09,rb1s,0,0.34103477578842595,13
2021-07-01,rb1s,0,0.3150561532295968,13
2021-07-02,rb1s,1,0.3316626081783193,13
2021-07-02,cl1s,0,0.6288046268941725,13
2021-07-06,cl1s,0,0.6966178258310196,13
2021-07-06,rb1s,0,0.35916026562035575,13
2021-07-07,rb1s,0,0.4035964122799335,13
2021-07-07,cl1s,1,0.7020924847436635,13
2021-07-07,ho1s,1,0.671299605871049,13
2021-07-08,rb1s,0,0.369846280202382,13
2021-07-08,cl1s,1,0.7029623644228691,13
2021-07-08,ho1s,1,0.6747562991633066,13
2021-07-09,rb1s,0,0.3666074633129947,13
2021-07-09,cl1s,0,0.6716476529987258,13
2021-07-12,rb1s,0,0.344024567784617,13
2021-07-12,cl1s,1,0.6854730229645541,13
2021-07-13,rb1s,1,0.3366416796735901,13
2021-07-13,cl1s,0,0.6345269672795619,13
2021-07-14,cl1s,0,0.6887412035636,13
2021-07-14,rb1s,1,0.32208680024945685,13
2021-07-15,cl1s,1,0.6428451583801115,13
2021-07-15,rb1s,1,0.3582884083939476,13
2021-07-16,rb1s,1,0.3581513969176277,13
2021-07-16,cl1s,0,0.64449243882286,13
2021-07-19,rb1s,1,0.4476997335341653,13
2021-07-19,cl1s,1,0.666711155311702,13
2021-07-20,rb1s,1,0.4399907259424676,13
2021-07-20,cl1s,1,0.7024964803748587,13
2021-07-21,rb1s,1,0.4111116667491382,13
2021-07-21,cl1s,1,0.659781991997015,13
2021-07-22,rb1s,1,0.4020912810782702,13
2021-07-22,cl1s,1,0.6228955688068473,13
2021-07-23,rb1s,0,0.3753120138300645,13
2021-07-23,cl1s,0,0.5862223659511989,13
2021-07-26,rb1s,0,0.36897949580004347,13
2021-07-26,cl1s,0,0.6063111425956813,13
2021-07-27,rb1s,0,0.35233599131122134,13
2021-07-27,cl1s,1,0.6040142994637714,13
2021-07-28,cl1s,1,0.5401951478874752,13
2021-07-28,rb1s,0,0.3613039995491946,13
2021-07-29,rb1s,0,0.34272277739488205,13
2021-07-29,cl1s,1,0.5285736102738436,13
2021-07-30,rb1s,0,0.3424191766346993,13
2021-07-30,cl1s,0,0.5067295745801181,13
2021-08-02,rb1s,0,0.34965585193172855,13
2021-08-02,cl1s,0,0.6063498501990859,13
2021-08-03,cl1s,0,0.653235245753653,13
2021-08-03,rb1s,0,0.3527135861604736,13
2021-08-04,rb1s,0,0.3650353520098527,13
2021-08-04,cl1s,1,0.6780065216957835,13
2021-08-05,cl1s,0,0.6709783691286362,13
2021-08-05,rb1s,0,0.3581662487162629,13
2021-08-06,cl1s,0,0.6783417057239236,13
2021-08-06,rb1s,0,0.39864204554612515,13
2021-08-09,cl1s,1,0.6846352456762536,13
2021-08-09,rb1s,0,0.40733247985474513,13
2021-08-10,rb1s,0,0.40006355595602294,13
2021-08-10,cl1s,1,0.6734832441712574,13
2021-08-11,cl1s,0,0.6602388324857331,13
2021-08-11,rb1s,0,0.40470503857290524,13
2021-08-12,cl1s,0,0.644894962488445,13
2021-08-12,rb1s,0,0.39567791718722173,13
2021-08-13,rb1s,0,0.3861903389385364,13
2021-08-13,cl1s,0,0.6515170957849221,13
2021-08-16,cl1s,0,0.6628383381853884,13
2021-08-16,rb1s,0,0.3960138113396813,13
2021-08-17,cl1s,0,0.6285290265105131,13
2021-08-17,rb1s,0,0.43055310368293076,13
2021-08-18,cl1s,0,0.6374784681785426,13
2021-08-18,rb1s,0,0.4313160533332972,13
2021-08-19,rb1s,0,0.4548852929473777,13
2021-08-19,cl1s,0,0.6437693527683473,13
2021-08-20,rb1s,1,0.46420264027676966,13
2021-08-20,cl1s,1,0.6531026007777704,13
2021-08-23,rb1s,1,0.43961220694156095,13
2021-08-23,cl1s,1,0.6712190599370048,13
2021-08-24,cl1s,1,0.6462926115269584,13
2021-08-24,rb1s,1,0.3982299090042136,13
2021-08-25,rb1s,0,0.3950495618666689,13
2021-08-25,cl1s,0,0.6025723796556397,13
2021-08-26,rb1s,1,0.39285893002415867,13
2021-08-26,cl1s,1,0.643030479823282,13
2021-08-27,rb1s,0,0.3622066505431577,13
2021-08-27,cl1s,1,0.58724814069617,13
2021-08-30,rb1s,0,0.3895805460535206,13
2021-08-30,cl1s,0,0.5780460817428291,13
2021-08-31,cl1s,1,0.6238635404285421,13
2021-08-31,rb1s,0,0.3845607621132019,13
2021-09-01,rb1s,1,0.38417951800478317,13
2021-09-01,cl1s,1,0.6333743616366175,13
2021-09-02,rb1s,0,0.3913975140353036,13
2021-09-02,cl1s,0,0.6062389440735467,13
2021-09-03,rb1s,0,0.37756528453578425,13
2021-09-03,cl1s,0,0.6287733837162345,13
2021-09-07,rb1s,0,0.38547370745089504,13
2021-09-07,cl1s,1,0.6488052166111675,13
2021-09-08,cl1s,0,0.6256799973676478,13
2021-09-08,rb1s,0,0.3870748203843954,13
2021-09-09,rb1s,1,0.38950565027893785,13
2021-09-09,cl1s,1,0.646904386275018,13
2021-09-10,cl1s,1,0.6250134894020006,13
2021-09-10,rb1s,0,0.38040070374146384,13
2021-09-13,rb1s,0,0.365582337644406,13
2021-09-13,cl1s,1,0.5944205567574592,13
2021-09-14,cl1s,1,0.6051192326550353,13
2021-09-14,rb1s,0,0.37747555628952656,13
2021-09-15,rb1s,0,0.3542407684136064,13
2021-09-15,cl1s,1,0.5706020179559637,13
2021-09-16,cl1s,0,0.5388128311156919,13
2021-09-16,rb1s,0,0.36540894894029063,13
2021-09-17,cl1s,0,0.5652108954834376,13
2021-09-17,rb1s,0,0.36926157836324675,13
2021-09-20,rb1s,1,0.37268682377134504,13
2021-09-20,cl1s,1,0.5979630177311831,13
2021-09-21,cl1s,1,0.6013777341903735,13
2021-09-21,rb1s,1,0.374835655554422,13
2021-09-22,cl1s,1,0.5550824902981265,13
2021-09-22,rb1s,1,0.40279004538684776,13
2021-09-23,cl1s,1,0.534945554791901,13
2021-09-23,rb1s,0,0.37848273071295163,13
2021-09-24,rb1s,1,0.3834381691682029,13
2021-09-24,cl1s,1,0.5654953173811647,13
2021-09-27,rb1s,0,0.35793811713758905,13
2021-09-27,cl1s,0,0.5137717560041202,13
2021-09-28,rb1s,1,0.3705454106509961,13
2021-09-28,cl1s,0,0.581693273932141,13
2021-09-29,rb1s,1,0.38206125013640874,13
2021-09-29,cl1s,1,0.6074947613199927,13
2021-09-30,cl1s,1,0.6323454479178672,13
2021-09-30,rb1s,1,0.4041012473166441,13
2021-10-01,rb1s,1,0.3878888456306604,13
2021-10-01,cl1s,1,0.5923252963719535,13
2021-10-04,cl1s,1,0.5774231314629243,13
2021-10-04,rb1s,0,0.3754474464108827,13
2021-03-10,rb1s,0,0.25551341885800555,14
2021-03-11,rb1s,0,0.24253643018201917,14
2021-03-12,rb1s,1,0.24581577568305818,14
2021-03-15,rb1s,1,0.2599169108020895,14
2021-03-16,rb1s,1,0.25819361252079465,14
2021-03-17,rb1s,1,0.3165454687578149,14
2021-03-18,rb1s,0,0.44716369239885095,14
2021-03-19,rb1s,0,0.4453453803515442,14
2021-03-22,rb1s,0,0.4339208706336288,14
2021-03-23,rb1s,0,0.41870755708974966,14
2021-03-24,rb1s,0,0.41113181212491623,14
2021-03-25,rb1s,1,0.4050702190486155,14
2021-03-26,rb1s,0,0.37915767830338765,14
2021-03-29,rb1s,0,0.388146086310368,14
2021-03-30,rb1s,0,0.3836213504242615,14
2021-03-31,rb1s,0,0.3768156432664528,14
2021-04-01,rb1s,0,0.3776088077950932,14
2021-04-05,rb1s,0,0.3922076619207492,14
2021-04-06,rb1s,0,0.38329752652596594,14
2021-04-07,rb1s,0,0.39126902403841857,14
2021-04-08,rb1s,0,0.38555585598676423,14
2021-04-09,rb1s,0,0.4065919816462836,14
2021-04-12,rb1s,0,0.38881828612566227,14
2021-04-13,rb1s,0,0.4004836172656273,14
2021-04-14,rb1s,0,0.3648895066913684,14
2021-04-15,rb1s,0,0.3573536945536851,14
2021-04-15,cl1s,0,0.5519004701899369,14
2021-04-16,rb1s,0,0.35763659969696776,14
2021-04-16,cl1s,1,0.520126171099337,14
2021-04-19,cl1s,0,0.5280789414552607,14
2021-04-19,rb1s,0,0.35429186235529286,14
2021-04-20,rb1s,0,0.3584623721400013,14
2021-04-20,cl1s,0,0.6225232201365345,14
2021-04-21,cl1s,1,0.6495544925046992,14
2021-04-21,rb1s,0,0.3506195292144507,14
2021-04-22,rb1s,0,0.35227292036093144,14
2021-04-22,cl1s,1,0.6122309071319504,14
2021-04-23,rb1s,0,0.3271963641159239,14
2021-04-23,cl1s,0,0.5619399505635733,14
2021-04-26,cl1s,1,0.5987585821461857,14
2021-04-26,rb1s,0,0.3256482724895514,14
2021-04-27,cl1s,1,0.5430657960574211,14
2021-04-27,rb1s,0,0.3149610094487939,14
2021-04-28,cl1s,1,0.5719631871617559,14
2021-04-28,rb1s,0,0.30229997326362856,14
2021-04-29,rb1s,0,0.28675976873325304,14
2021-04-29,cl1s,0,0.5612086808131369,14
2021-04-30,cl1s,1,0.5850532631742235,14
2021-04-30,rb1s,0,0.30951922145551675,14
2021-05-03,cl1s,1,0.5848239846624081,14
2021-05-03,rb1s,0,0.3140143188734519,14
2021-05-04,cl1s,0,0.5809288401974234,14
2021-05-04,rb1s,0,0.29294062496666745,14
2021-05-05,rb1s,0,0.29156557988912185,14
2021-05-05,cl1s,0,0.5969346154759375,14
2021-05-06,rb1s,0,0.3168566329785799,14
2021-05-07,rb1s,0,0.3236651273253497,14
2021-05-10,rb1s,0,0.3132488498815583,14
2021-05-11,rb1s,0,0.3122657440286753,14
2021-05-12,rb1s,1,0.2919298672400848,14
2021-05-12,cl1s,0,0.5787269648626717,14
2021-05-13,rb1s,0,0.34784711595237283,14
2021-05-14,rb1s,0,0.3626307077213887,14
2021-05-14,cl1s,1,0.6635895677705655,14
2021-05-17,cl1s,0,0.5615306553004983,14
2021-05-17,rb1s,0,0.34643032144488195,14
2021-05-18,rb1s,0,0.3508078045711434,14
2021-05-19,cl1s,0,0.6423086598451463,14
2021-05-19,rb1s,0,0.38934970159888493,14
2021-05-20,cl1s,1,0.646267324183924,14
2021-05-20,rb1s,1,0.4097190282374751,14
2021-05-21,cl1s,1,0.6721152033635125,14
2021-05-21,rb1s,1,0.38535274458485336,14
2021-05-24,rb1s,0,0.3855966162264595,14
2021-05-24,cl1s,1,0.6212230407892654,14
2021-05-25,rb1s,0,0.3864557992654215,14
2021-05-25,cl1s,1,0.6224309177476749,14
2021-05-26,rb1s,0,0.377279622861545,14
2021-05-26,cl1s,1,0.5936169613999173,14
2021-05-27,rb1s,0,0.37531826165198406,14
2021-05-27,cl1s,0,0.569851528824968,14
2021-05-28,rb1s,0,0.3849482753082791,14
2021-05-28,cl1s,1,0.5666047897233754,14
2021-06-01,cl1s,1,0.6357294825097758,14
2021-06-01,rb1s,0,0.37893048541725793,14
2021-06-02,rb1s,0,0.361519756989475,14
2021-06-02,cl1s,0,0.5197700338519436,14
2021-06-03,rb1s,0,0.3547050344284766,14
2021-06-03,cl1s,1,0.5217357212133867,14
2021-06-04,cl1s,0,0.5262007027548248,14
2021-06-04,rb1s,0,0.35438260982568776,14
2021-06-07,cl1s,1,0.5275958484162255,14
2021-06-07,rb1s,0,0.3796414483043924,14
2021-06-08,cl1s,0,0.555500333171372,14
2021-06-08,rb1s,0,0.3323160590648992,14
2021-06-09,cl1s,1,0.5285355495845168,14
2021-06-09,rb1s,0,0.35761626920175865,14
2021-06-10,cl1s,1,0.5814596204190469,14
2021-06-10,rb1s,0,0.3490532463159887,14
2021-06-11,rb1s,0,0.3831659024279571,14
2021-06-14,rb1s,0,0.3713586775324564,14
2021-06-15,cl1s,1,0.5226839492145956,14
2021-06-15,rb1s,0,0.3684890791307726,14
2021-06-16,rb1s,0,0.36396663522777967,14
2021-06-16,cl1s,0,0.5267611805959933,14
2021-06-17,rb1s,0,0.3469403457231945,14
2021-06-17,ho1s,1,0.6159231292170294,14
2021-06-17,cl1s,1,0.6314837773175269,14
2021-06-18,rb1s,0,0.346803792811688,14
2021-06-18,cl1s,1,0.6148021158315407,14
2021-06-21,rb1s,0,0.3540542016979226,14
2021-06-21,cl1s,0,0.5628596024977609,14
2021-06-22,rb1s,0,0.3268008019261947,14
2021-06-22,cl1s,1,0.5159035707278578,14
2021-06-23,rb1s,0,0.3039673941140881,14
2021-06-24,cl1s,1,0.47586370963867597,14
2021-06-24,rb1s,1,0.2957693580967018,14
2021-06-25,rb1s,0,0.3028943987830685,14
2021-06-25,cl1s,0,0.4876214364558459,14
2021-06-28,rb1s,0,0.3502602808440213,14
2021-06-28,ho1s,1,0.5300417328253949,14
2021-06-28,cl1s,1,0.5127396803809021,14
2021-06-29,ho1s,1,0.5414641399519946,14
2021-06-29,rb1s,0,0.34071370034884524,14
2021-06-29,cl1s,1,0.5673055007507819,14
2021-06-30,cl1s,1,0.5219262275962335,14
2021-06-30,rb1s,0,0.3450891375810042,14
2021-07-01,cl1s,0,0.5651511308361348,14
2021-07-01,rb1s,0,0.3033558045572876,14
2021-07-02,rb1s,1,0.28860999388295594,14
2021-07-02,cl1s,0,0.5103609284407221,14
2021-07-06,cl1s,0,0.6702538380079966,14
2021-07-06,rb1s,0,0.3477050138416576,14
2021-07-07,rb1s,0,0.3568246753740973,14
2021-07-07,cl1s,1,0.6666153314699717,14
2021-07-07,ho1s,1,0.614157709809529,14
2021-07-08,rb1s,0,0.35456990049086345,14
2021-07-08,cl1s,1,0.6770912799478104,14
2021-07-08,ho1s,1,0.6300363672878377,14
2021-07-09,rb1s,0,0.3123727411758645,14
2021-07-09,cl1s,0,0.631522547101461,14
2021-07-12,rb1s,0,0.3318592754436811,14
2021-07-12,cl1s,1,0.6491160993281188,14
2021-07-13,rb1s,1,0.3032985432655716,14
2021-07-13,cl1s,0,0.6092333182082194,14
2021-07-14,cl1s,0,0.6570054322705404,14
2021-07-14,rb1s,1,0.3266130339664251,14
2021-07-15,cl1s,1,0.5912225794057653,14
2021-07-15,rb1s,1,0.34815535466617153,14
2021-07-16,rb1s,1,0.35315665398443996,14
2021-07-16,cl1s,0,0.6117655368411454,14
2021-07-19,rb1s,1,0.38483448876316506,14
2021-07-19,cl1s,1,0.6469977143587133,14
2021-07-20,rb1s,1,0.3923781915744676,14
2021-07-20,cl1s,1,0.6645210867312947,14
2021-07-21,rb1s,1,0.3973885942014904,14
2021-07-21,cl1s,1,0.6453314111595414,14
2021-07-22,rb1s,1,0.3893073527800656,14
2021-07-22,cl1s,1,0.6032306355859777,14
2021-07-23,rb1s,0,0.36716315195413146,14
2021-07-23,cl1s,0,0.5798130526461598,14
2021-07-26,rb1s,0,0.3563288987751402,14
2021-07-26,cl1s,0,0.5619111763663159,14
2021-07-27,rb1s,0,0.34534665995500435,14
2021-07-27,cl1s,1,0.5347431965549584,14
2021-07-28,cl1s,1,0.5229695663163323,14
2021-07-28,rb1s,0,0.3529177593662995,14
2021-07-29,rb1s,0,0.33403747047589727,14
2021-07-29,cl1s,1,0.5222692953092057,14
2021-07-30,rb1s,0,0.3445533679259139,14
2021-07-30,cl1s,0,0.4884135066438386,14
2021-08-02,rb1s,0,0.3672711624813174,14
2021-08-02,cl1s,0,0.6061278604924434,14
2021-08-03,cl1s,0,0.6273276749957173,14
2021-08-03,rb1s,0,0.36140276864407295,14
2021-08-04,rb1s,0,0.35673579716997617,14
2021-08-04,cl1s,1,0.6443294503512806,14
2021-08-05,cl1s,0,0.635467660087122,14
2021-08-05,rb1s,0,0.3646517655258463,14
2021-08-06,cl1s,0,0.6508281539662628,14
2021-08-06,rb1s,0,0.38470861492932906,14
2021-08-09,cl1s,1,0.6613306094578774,14
2021-08-09,rb1s,0,0.37123348407480566,14
2021-08-10,rb1s,0,0.36538756480022017,14
2021-08-10,cl1s,1,0.6524173815044171,14
2021-08-11,cl1s,0,0.636393877189115,14
2021-08-11,rb1s,0,0.37133591310839154,14
2021-08-12,cl1s,0,0.6189194798828678,14
2021-08-12,rb1s,0,0.36152627586493713,14
2021-08-13,rb1s,0,0.3861898055984418,14
2021-08-13,cl1s,0,0.6245494141833666,14
2021-08-16,cl1s,0,0.6286441224917717,14
2021-08-16,rb1s,0,0.363518707594517,14
2021-08-17,cl1s,0,0.5900996163348724,14
2021-08-17,rb1s,0,0.3694112790188777,14
2021-08-18,cl1s,0,0.6149272069858605,14
2021-08-18,rb1s,0,0.37944133498692867,14
2021-08-19,rb1s,0,0.402133759639783,14
2021-08-19,cl1s,0,0.6309884554048916,14
2021-08-20,rb1s,1,0.41099508661148154,14
2021-08-20,cl1s,1,0.6348510249321424,14
2021-08-23,rb1s,1,0.4045177136402522,14
2021-08-23,cl1s,1,0.6467347996710965,14
2021-08-24,cl1s,1,0.621414493711247,14
2021-08-24,rb1s,1,0.3761275167808213,14
2021-08-25,rb1s,0,0.36403014085973434,14
2021-08-25,cl1s,0,0.5930097881905817,14
2021-08-26,rb1s,1,0.35788588602551036,14
2021-08-26,cl1s,1,0.6075177479061465,14
2021-08-27,rb1s,0,0.35966877435348776,14
2021-08-27,cl1s,1,0.5435569705184676,14
2021-08-30,rb1s,0,0.3600973444106301,14
2021-08-30,cl1s,0,0.5470880290616006,14
2021-08-31,cl1s,1,0.5308390180933755,14
2021-08-31,rb1s,0,0.3624966310494253,14
2021-09-01,rb1s,1,0.3661426344823248,14
2021-09-01,cl1s,1,0.5833313976594792,14
2021-09-02,rb1s,0,0.3681609690330804,14
2021-09-02,cl1s,0,0.6145956257092582,14
2021-09-03,rb1s,0,0.35613213069069954,14
2021-09-03,cl1s,0,0.5696659585090221,14
2021-09-07,rb1s,0,0.3655382820571584,14
2021-09-07,cl1s,1,0.5978341956280203,14
2021-09-08,cl1s,0,0.5302539460161697,14
2021-09-08,rb1s,0,0.35784727486415974,14
2021-09-09,rb1s,1,0.3707595791973654,14
2021-09-09,cl1s,1,0.5942810791949635,14
2021-09-10,cl1s,1,0.5823022052180328,14
2021-09-10,rb1s,0,0.37339657899688145,14
2021-09-13,rb1s,0,0.37472606716576545,14
2021-09-13,cl1s,1,0.5428893118761118,14
2021-09-14,cl1s,1,0.5334801168993624,14
2021-09-14,rb1s,0,0.35944868096447985,14
2021-09-15,rb1s,0,0.3613456992412218,14
2021-09-15,cl1s,1,0.5522936159195818,14
2021-09-16,cl1s,0,0.4968222516159295,14
2021-09-16,rb1s,0,0.37399537043689984,14
2021-09-17,cl1s,0,0.5005146017272957,14
2021-09-17,rb1s,0,0.3802528252140938,14
2021-09-20,rb1s,1,0.3777054097510313,14
2021-09-20,cl1s,1,0.5427351892247995,14
2021-09-21,cl1s,1,0.562219476375756,14
2021-09-21,rb1s,1,0.38222117925917165,14
2021-09-22,cl1s,1,0.4845437798499997,14
2021-09-22,rb1s,1,0.3816779956361969,14
2021-09-23,cl1s,1,0.4725296673646651,14
2021-09-23,rb1s,0,0.3725142934986147,14
2021-09-24,rb1s,1,0.36500590278825956,14
2021-09-24,cl1s,1,0.4831099680534219,14
2021-09-27,rb1s,0,0.3474413340122893,14
2021-09-27,cl1s,0,0.4518939551830703,14
2021-09-28,rb1s,1,0.36166978576428693,14
2021-09-28,cl1s,0,0.5316314237282729,14
2021-09-29,rb1s,1,0.3416752735006855,14
2021-09-29,cl1s,1,0.5713304924991792,14
2021-09-30,cl1s,1,0.6116958232070154,14
2021-09-30,rb1s,1,0.3526166835514209,14
2021-10-01,rb1s,1,0.33262120627159575,14
2021-10-01,cl1s,1,0.5922361206601704,14
2021-10-04,cl1s,1,0.5930339120638854,14
2021-10-04,rb1s,0,0.32660893561253074,14
