instrument,auc_mean,auc_std,logloss,brier,n_events
cl1s,0.5430411428571429,0.0978148696899203,0.6482945098820155,0.22793296260543164,2025
ho1s,0.6724878048780487,0.21895799013051498,0.6315299855803241,0.21942628852997642,305
ng1s,0.4552036199095022,0.16143219029396028,0.7034691340832065,0.255019112994261,600
rb1s,0.5469491977421218,0.090450612718476,0.7091802739558617,0.256294000549838,3000
