auc_mean,auc_std,logloss_mean,logloss_std,brier_mean,brier_std,n_folds
0.5407653010844847,0.053382327555323905,0.6941323582937805,0.012396361153955654,0.25049580036932156,0.006006952727707682,15
