instrument,auc_mean,auc_std,logloss,brier,n_events
pl1s,0.5073729396086133,0.0515722280128459,0.6941323582937806,0.25049580036932156,2670
