auc_mean,auc_std,logloss_mean,logloss_std,brier_mean,brier_std,n_folds
0.4897920198203896,0.12317697006330672,1.6783926864086505,1.006766089425304,0.3839010239559091,0.12020314808881541,15
