instrument,auc_mean,auc_std,logloss,brier,n_events
gc1s,0.4585905612244898,0.11900025864276503,1.6783926864086502,0.383901023955909,810
