auc_mean,auc_std,logloss_mean,logloss_std,brier_mean,brier_std,n_folds
0.5313241075377224,0.09289180563969864,0.7119260635072979,0.07329683185851808,0.2579541398289978,0.031782203441023775,15
