instrument,auc_mean,auc_std,logloss,brier,n_events
ng1s,0.49481334841628954,0.08974201014391185,0.711926063507298,0.2579541398289978,600
