method_pair,kendall_tau,agree
MDA-MDI,0.20000000000000004,False
MDA-SHAP,0.18095238095238098,False
MDI-SHAP,0.9428571428571428,True
