feature,mean_shap_mag,pc1_loading,cluster,pca_pc1_var_explained
f5_trailing_run_length,0.03422576540217944,0.49868242514320743,F5_signal,0.4447520122641986
f5_long_bias_20,0.008304940498826583,0.5438713719622172,F5_signal,0.4447520122641986
f5_signal,0.0030813300916035357,0.382398902769109,F5_signal,0.4447520122641986
f5_participation_20,0.0019951068073403096,0.48169562914579184,F5_signal,0.4447520122641986
f5_sign_agree_mr,0.0010810997264653545,-0.27795713632868824,F5_signal,0.4447520122641986
