auc_mean,auc_std,logloss_mean,logloss_std,brier_mean,brier_std,n_folds
0.4538137142655117,0.09338363591512593,0.6977109939044829,0.01765516298685503,0.2522422496639825,0.008780559744886887,15
