instrument,auc_mean,auc_std,logloss,brier,n_events
gc1s,0.46108099489795923,0.09021716333167179,0.697710993904483,0.2522422496639825,810
