date,instrument,calibrated_proba
2020-01-03,es1s,0.4087154702
2020-01-03,fesx1s,0.5203548518
2020-01-03,hg1s,0.4174876898
2020-01-03,nq1s,0.5383478024
2020-01-03,pl1s,0.5212023555
2020-01-03,rb1s,0.1713303159
2020-01-03,si1s,0.4227901088
2020-01-06,es1s,0.4084032012
2020-01-06,fesx1s,0.5252930247
2020-01-06,hg1s,0.4151842003
2020-01-06,nq1s,0.5378679221
2020-01-06,pl1s,0.4900132484
2020-01-06,rb1s,0.1990385426
2020-01-06,si1s,0.4209846797
2020-01-07,cl1s,0.5836342715
2020-01-07,es1s,0.4084016842
2020-01-07,fesx1s,0.5213611055
2020-01-07,hg1s,0.4110184850
2020-01-07,nq1s,0.5222609195
2020-01-07,pl1s,0.4955114450
2020-01-07,rb1s,0.2210520737
2020-01-07,si1s,0.4223613133
2020-01-08,es1s,0.4080783296
2020-01-08,fesx1s,0.5162287454
2020-01-08,hg1s,0.3980905036
2020-01-08,nq1s,0.5287911317
2020-01-08,pl1s,0.5428591750
2020-01-08,rb1s,0.2040902750
2020-01-08,si1s,0.4173956946
2020-01-09,es1s,0.4080129202
2020-01-09,fesx1s,0.5155721686
2020-01-09,hg1s,0.3748075178
2020-01-09,nq1s,0.5309777674
2020-01-09,pl1s,0.5457465855
2020-01-09,rb1s,0.2001920560
2020-01-09,si1s,0.4232145555
2020-01-10,es1s,0.4087792477
2020-01-10,fesx1s,0.5162710284
2020-01-10,hg1s,0.3812785399
2020-01-10,nq1s,0.5312903600
2020-01-10,pl1s,0.5815491553
2020-01-10,rb1s,0.1715414072
2020-01-10,si1s,0.4235923810
2020-01-13,es1s,0.4084749090
2020-01-13,fesx1s,0.5173210695
2020-01-13,hg1s,0.3957692068
2020-01-13,nq1s,0.5531797113
2020-01-13,rb1s,0.1837342089
2020-01-13,si1s,0.4236066073
2020-01-14,es1s,0.4090454864
2020-01-14,fesx1s,0.5173986466
2020-01-14,hg1s,0.3911994446
2020-01-14,nq1s,0.5097176829
2020-01-14,rb1s,0.1645289164
2020-01-14,si1s,0.4234113476
2020-01-15,es1s,0.4086150706
2020-01-15,fesx1s,0.5146480994
2020-01-15,hg1s,0.3858449902
2020-01-15,nq1s,0.5248920292
2020-01-15,pl1s,0.5385686946
2020-01-15,rb1s,0.1631454248
2020-01-16,es1s,0.4082913195
2020-01-16,fesx1s,0.5137517986
2020-01-16,hg1s,0.3889814060
2020-01-16,nq1s,0.5242690785
2020-01-16,rb1s,0.1761316731
2020-01-16,si1s,0.4236962000
2020-01-17,es1s,0.4084623513
2020-01-17,fesx1s,0.5140090338
2020-01-17,hg1s,0.3890631687
2020-01-17,nq1s,0.5206345180
2020-01-17,pl1s,0.5979691538
2020-01-17,rb1s,0.1803548324
2020-01-17,si1s,0.4247090807
2020-01-20,fesx1s,0.5145571637
2020-01-21,es1s,0.4085503583
2020-01-21,fesx1s,0.5140725505
2020-01-21,hg1s,0.3877328853
2020-01-21,ho1s,0.7036659549
2020-01-21,nq1s,0.5218685716
2020-01-21,pl1s,0.5287734853
2020-01-21,rb1s,0.1818387097
2020-01-21,si1s,0.4272165310
2020-01-22,cl1s,0.5944767895
2020-01-22,es1s,0.4079805447
2020-01-22,fesx1s,0.5139814133
2020-01-22,hg1s,0.3974852742
2020-01-22,nq1s,0.5270549112
2020-01-22,pl1s,0.5000450169
2020-01-22,rb1s,0.2548368079
2020-01-22,si1s,0.4239792662
2020-01-23,cl1s,0.5823161362
2020-01-23,es1s,0.4079765129
2020-01-23,fesx1s,0.5210898199
2020-01-23,hg1s,0.3999357814
2020-01-23,ho1s,0.6571613224
2020-01-23,nq1s,0.5328650583
2020-01-23,pl1s,0.5129079296
2020-01-23,rb1s,0.2613027332
2020-01-23,si1s,0.4233913175
2020-01-24,cl1s,0.5906094704
2020-01-24,es1s,0.4079899397
2020-01-24,fesx1s,0.5133910656
2020-01-24,hg1s,0.3934505078
2020-01-24,nq1s,0.5419783218
2020-01-24,pl1s,0.5462068561
2020-01-24,rb1s,0.2732172251
2020-01-24,si1s,0.4233391750
2020-01-27,cl1s,0.5853308337
2020-01-27,es1s,0.4086008937
2020-01-27,fesx1s,0.5136555053
2020-01-27,hg1s,0.3940285374
2020-01-27,nq1s,0.5490420894
2020-01-27,rb1s,0.2790850227
2020-01-27,si1s,0.4233391750
2020-01-28,cl1s,0.5923398430
2020-01-28,es1s,0.4082566878
2020-01-28,fesx1s,0.5140698652
2020-01-28,hg1s,0.4080984893
2020-01-28,nq1s,0.5455805450
2020-01-28,pl1s,0.4854244904
2020-01-28,rb1s,0.3095410665
2020-01-28,si1s,0.4239870442
2020-01-29,cl1s,0.5923036023
2020-01-29,es1s,0.4081738170
2020-01-29,fesx1s,0.5245218728
2020-01-29,hg1s,0.4119910184
2020-01-29,nq1s,0.5397250773
2020-01-29,pl1s,0.5450010168
2020-01-29,rb1s,0.3331037276
2020-01-29,si1s,0.4239964253
2020-01-30,cl1s,0.5909994122
2020-01-30,es1s,0.4080488397
2020-01-30,fesx1s,0.5134999084
2020-01-30,hg1s,0.4090131306
2020-01-30,nq1s,0.5536548847
2020-01-30,pl1s,0.5433485209
2020-01-30,rb1s,0.3202472254
2020-01-30,si1s,0.4210350893
2020-01-31,cl1s,0.5902201130
2020-01-31,es1s,0.4086079789
2020-01-31,fesx1s,0.5140805895
2020-01-31,hg1s,0.4155025285
2020-01-31,ho1s,0.7016667257
2020-01-31,nq1s,0.5438621812
2020-01-31,pl1s,0.5923272982
2020-01-31,rb1s,0.3229187019
2020-01-31,si1s,0.4192883053
2020-02-03,es1s,0.4086582053
2020-02-03,fesx1s,0.5140141750
2020-02-03,hg1s,0.4084818260
2020-02-03,ho1s,0.7130824324
2020-02-03,nq1s,0.5419719784
2020-02-03,pl1s,0.5423076644
2020-02-03,rb1s,0.3242575277
2020-02-03,si1s,0.4184598618
2020-02-04,es1s,0.4038688676
2020-02-04,fesx1s,0.5136515868
2020-02-04,hg1s,0.4078691491
2020-02-04,ho1s,0.6935581800
2020-02-04,nq1s,0.5212710123
2020-02-04,pl1s,0.5770258991
2020-02-04,rb1s,0.2985620422
2020-02-04,si1s,0.4051699013
2020-02-05,cl1s,0.5892445379
2020-02-05,es1s,0.3973012038
2020-02-05,fesx1s,0.5132916592
2020-02-05,hg1s,0.4133582187
2020-02-05,nq1s,0.5269025811
2020-02-05,pl1s,0.5475267503
2020-02-05,rb1s,0.3070117026
2020-02-05,si1s,0.4215059391
2020-02-06,cl1s,0.5900248029
2020-02-06,es1s,0.4068698630
2020-02-06,fesx1s,0.5134741587
2020-02-06,hg1s,0.4138223761
2020-02-06,nq1s,0.5194711910
2020-02-06,pl1s,0.5656241179
2020-02-06,rb1s,0.3045564671
2020-02-06,si1s,0.4187391888
2020-02-07,cl1s,0.5842488510
2020-02-07,es1s,0.4077517183
2020-02-07,fesx1s,0.5136042787
2020-02-07,hg1s,0.4119222987
2020-02-07,nq1s,0.5205906114
2020-02-07,pl1s,0.5041599541
2020-02-07,rb1s,0.2958030256
2020-02-07,si1s,0.4158125730
2020-02-10,cl1s,0.5829315805
2020-02-10,es1s,0.4073241885
2020-02-10,fesx1s,0.5136128144
2020-02-10,hg1s,0.4056581339
2020-02-10,nq1s,0.5296687117
2020-02-10,pl1s,0.5109383852
2020-02-10,rb1s,0.3070688868
2020-02-11,cl1s,0.5848755910
2020-02-11,es1s,0.4055592612
2020-02-11,fesx1s,0.5135676506
2020-02-11,hg1s,0.4114560831
2020-02-11,nq1s,0.5032410790
2020-02-11,pl1s,0.4836515001
2020-02-11,rb1s,0.2841005530
2020-02-11,si1s,0.4110149967
2020-02-12,cl1s,0.5880985632
2020-02-12,es1s,0.4054445086
2020-02-12,fesx1s,0.5136868856
2020-02-12,hg1s,0.4132493222
2020-02-12,nq1s,0.5268048262
2020-02-12,pl1s,0.4941902542
2020-02-12,rb1s,0.2782366894
2020-02-12,si1s,0.4196804587
2020-02-13,cl1s,0.5851995968
2020-02-13,es1s,0.4038579990
2020-02-13,fesx1s,0.5139436138
2020-02-13,hg1s,0.4201138312
2020-02-13,nq1s,0.5204073688
2020-02-13,pl1s,0.4565919476
2020-02-13,rb1s,0.2637433565
2020-02-13,si1s,0.4148330633
2020-02-14,cl1s,0.5769616857
2020-02-14,es1s,0.4028045283
2020-02-14,fesx1s,0.5139139542
2020-02-14,hg1s,0.4178625390
2020-02-14,nq1s,0.5267635368
2020-02-14,pl1s,0.5873294637
2020-02-14,rb1s,0.2741020740
2020-02-14,si1s,0.4134980195
2020-02-17,fesx1s,0.5138648759
2020-02-18,cl1s,0.5843990488
2020-02-18,es1s,0.4052529146
2020-02-18,fesx1s,0.5146532150
2020-02-18,hg1s,0.4191075866
2020-02-18,nq1s,0.5173267242
2020-02-18,pl1s,0.4542205296
2020-02-18,rb1s,0.2603031786
2020-02-19,cl1s,0.5824713288
2020-02-19,es1s,0.4018600036
2020-02-19,fesx1s,0.5141659686
2020-02-19,hg1s,0.4202136783
2020-02-19,nq1s,0.5245026250
2020-02-19,rb1s,0.2578409670
2020-02-19,si1s,0.3982604573
2020-02-20,cl1s,0.5799871139
2020-02-20,es1s,0.4001694457
2020-02-20,fesx1s,0.5146576826
2020-02-20,hg1s,0.4231630478
2020-02-20,nq1s,0.5226488593
2020-02-20,pl1s,0.5698349656
2020-02-20,rb1s,0.2397079452
2020-02-20,si1s,0.3943035032
2020-02-21,cl1s,0.5854483047
2020-02-21,es1s,0.4057416987
2020-02-21,fesx1s,0.5157139058
2020-02-21,hg1s,0.4247408879
2020-02-21,nq1s,0.5279994869
2020-02-21,pl1s,0.5722645751
2020-02-21,rb1s,0.2390987123
2020-02-21,si1s,0.3965539789
2020-02-24,cl1s,0.5929623445
2020-02-24,es1s,0.4187020761
2020-02-24,fesx1s,0.5219506239
2020-02-24,hg1s,0.4207520312
2020-02-24,nq1s,0.5283165898
2020-02-24,pl1s,0.4969788815
2020-02-24,rb1s,0.2497353355
2020-02-24,si1s,0.3834738673
2020-02-25,cl1s,0.5950080996
2020-02-25,es1s,0.4646646402
2020-02-25,fesx1s,0.5441892464
2020-02-25,hg1s,0.4253968925
2020-02-25,nq1s,0.5535757509
2020-02-25,pl1s,0.5858473028
2020-02-25,rb1s,0.2842905715
2020-02-25,si1s,0.3747415677
2020-02-26,cl1s,0.5940330076
2020-02-26,es1s,0.4530027796
2020-02-26,fesx1s,0.5452657013
2020-02-26,hg1s,0.4190763217
2020-02-26,nq1s,0.5693471312
2020-02-26,pl1s,0.5789853833
2020-02-26,rb1s,0.2844559147
2020-02-26,si1s,0.3758250991
2020-02-27,cl1s,0.5913660681
2020-02-27,es1s,0.4566999610
2020-02-27,fesx1s,0.5470925165
2020-02-27,hg1s,0.4356329907
2020-02-27,nq1s,0.5755401735
2020-02-27,pl1s,0.5910667293
2020-02-27,rb1s,0.3265604373
2020-02-27,si1s,0.3808385333
2020-02-28,cl1s,0.5914057926
2020-02-28,es1s,0.4842352810
2020-02-28,fesx1s,0.5580766638
2020-02-28,hg1s,0.4566166148
2020-02-28,nq1s,0.5921177378
2020-02-28,pl1s,0.6253312839
2020-02-28,rb1s,0.3406143790
2020-02-28,si1s,0.3793782649
2020-03-02,es1s,0.4692551118
2020-03-02,fesx1s,0.5584107309
2020-03-02,hg1s,0.4460903789
2020-03-02,nq1s,0.5850229520
2020-03-02,pl1s,0.5336945534
2020-03-02,rb1s,0.3169421179
2020-03-02,si1s,0.3896997848
2020-03-03,es1s,0.4663067670
2020-03-03,fesx1s,0.5511733682
2020-03-03,hg1s,0.4795488867
2020-03-03,pl1s,0.5788441260
2020-03-03,rb1s,0.3599720878
2020-03-03,si1s,0.3842341625
2020-03-04,es1s,0.4259453588
2020-03-04,fesx1s,0.5413277008
2020-03-04,hg1s,0.4651283104
2020-03-04,nq1s,0.5607802925
2020-03-04,pl1s,0.6222507140
2020-03-04,rb1s,0.3495217923
2020-03-04,si1s,0.3872236370
2020-03-05,es1s,0.4321019616
2020-03-05,fesx1s,0.5412152866
2020-03-05,hg1s,0.4211563537
2020-03-05,nq1s,0.5589659574
2020-03-05,pl1s,0.6161836688
2020-03-05,rb1s,0.3747568861
2020-03-05,si1s,0.3876286435
2020-03-06,es1s,0.4594143109
2020-03-06,fesx1s,0.5449639396
2020-03-06,hg1s,0.4274853600
2020-03-06,nq1s,0.5722393734
2020-03-06,pl1s,0.6271562585
2020-03-06,rb1s,0.3523213748
2020-03-06,si1s,0.3777426124
2020-03-09,es1s,0.4548825464
2020-03-09,fesx1s,0.5461437964
2020-03-09,hg1s,0.4159518387
2020-03-09,ho1s,0.7061506402
2020-03-09,nq1s,0.5695983250
2020-03-09,pl1s,0.6411345173
2020-03-09,rb1s,0.3639972628
2020-03-09,si1s,0.3757470714
2020-03-10,es1s,0.4859727947
2020-03-10,fesx1s,0.5568687851
2020-03-10,hg1s,0.4754787840
2020-03-10,nq1s,0.5714209121
2020-03-10,pl1s,0.6082179416
2020-03-10,rb1s,0.3481218570
2020-03-10,si1s,0.3747415677
2020-03-11,es1s,0.4796182701
2020-03-11,fesx1s,0.5547384972
2020-03-11,hg1s,0.4582622538
2020-03-11,nq1s,0.5803624587
2020-03-11,pl1s,0.6364894431
2020-03-11,rb1s,0.3314058860
2020-03-11,si1s,0.3797944293
2020-03-12,es1s,0.4974582713
2020-03-12,fesx1s,0.5476419177
2020-03-12,hg1s,0.5072187390
2020-03-12,nq1s,0.5785507186
2020-03-12,pl1s,0.6153099373
2020-03-12,rb1s,0.3199326912
2020-03-12,si1s,0.3774264150
2020-03-13,es1s,0.4878419392
2020-03-13,fesx1s,0.5532858989
2020-03-13,hg1s,0.5262804415
2020-03-13,nq1s,0.5812146588
2020-03-13,pl1s,0.6095180575
2020-03-13,rb1s,0.3386842577
2020-03-13,si1s,0.3747415677
2020-03-16,es1s,0.4949516945
2020-03-16,fesx1s,0.5544684295
2020-03-16,gc1s,0.6457262014
2020-03-16,hg1s,0.5329817392
2020-03-16,nq1s,0.5827214970
2020-03-16,pl1s,0.6350559113
2020-03-16,rb1s,0.3400272333
2020-03-16,si1s,0.3747415677
2020-03-17,es1s,0.4917018435
2020-03-17,fesx1s,0.5572865861
2020-03-17,hg1s,0.5297005603
2020-03-17,nq1s,0.5708676195
2020-03-17,pl1s,0.6283446775
2020-03-17,rb1s,0.3166529728
2020-03-17,si1s,0.3902738715
2020-03-18,cl1s,0.5953728306
2020-03-18,es1s,0.5324133500
2020-03-18,fesx1s,0.5573838963
2020-03-18,gc1s,0.5635342953
2020-03-18,hg1s,0.5330376358
2020-03-18,nq1s,0.5563939064
2020-03-18,pl1s,0.5859846090
2020-03-18,rb1s,0.3168960099
2020-03-18,si1s,0.3941734520
2020-03-19,es1s,0.5316318085
2020-03-19,fesx1s,0.5581964519
2020-03-19,gc1s,0.6270374905
2020-03-19,hg1s,0.4995782207
2020-03-19,nq1s,0.5488253423
2020-03-19,pl1s,0.6273544977
2020-03-19,rb1s,0.3163937337
2020-03-19,si1s,0.4074627702
2020-03-20,cl1s,0.5939275380
2020-03-20,es1s,0.5055386324
2020-03-20,fesx1s,0.5527145015
2020-03-20,gc1s,0.4848153237
2020-03-20,hg1s,0.4830100976
2020-03-20,nq1s,0.5496618001
2020-03-20,pl1s,0.5897995901
2020-03-20,rb1s,0.2896866809
2020-03-20,si1s,0.4130514551
2020-03-23,cl1s,0.5929661689
2020-03-23,es1s,0.5099378797
2020-03-23,fesx1s,0.5516559007
2020-03-23,hg1s,0.4849766407
2020-03-23,nq1s,0.5544019295
2020-03-23,pl1s,0.5813722785
2020-03-23,rb1s,0.2941704686
2020-03-23,si1s,0.4140684953
2020-03-24,cl1s,0.5928693252
2020-03-24,es1s,0.4303563841
2020-03-24,fesx1s,0.5565313492
2020-03-24,hg1s,0.4349557530
2020-03-24,nq1s,0.5422363980
2020-03-24,pl1s,0.6186495347
2020-03-24,rb1s,0.2891129594
2020-03-24,si1s,0.4233391750
2020-03-25,fesx1s,0.5553693998
2020-03-25,gc1s,0.5118526871
2020-03-25,hg1s,0.4363084360
2020-03-25,nq1s,0.5590770890
2020-03-25,pl1s,0.6084146065
2020-03-25,rb1s,0.3006884684
2020-03-26,cl1s,0.5947973711
2020-03-26,es1s,0.4200621313
2020-03-26,fesx1s,0.5548367080
2020-03-26,gc1s,0.5409430636
2020-03-26,hg1s,0.4015829827
2020-03-26,nq1s,0.5512281166
2020-03-26,pl1s,0.5360430644
2020-03-26,rb1s,0.3340463886
2020-03-26,si1s,0.4235202777
2020-03-27,cl1s,0.5949030358
2020-03-27,fesx1s,0.5560711979
2020-03-27,gc1s,0.4718162698
2020-03-27,hg1s,0.4079516725
2020-03-27,nq1s,0.5476128970
2020-03-27,pl1s,0.5657523837
2020-03-27,rb1s,0.3286288250
2020-03-27,si1s,0.4151376344
2020-03-30,cl1s,0.5968492569
2020-03-30,es1s,0.4153391808
2020-03-30,fesx1s,0.5536192382
2020-03-30,gc1s,0.4967566365
2020-03-30,hg1s,0.3904808750
2020-03-30,nq1s,0.5481324443
2020-03-30,pl1s,0.5374314197
2020-03-30,rb1s,0.3239767021
2020-03-30,si1s,0.4176198185
2020-03-31,fesx1s,0.5579937723
2020-03-31,gc1s,0.4446402138
2020-03-31,hg1s,0.4174422558
2020-03-31,nq1s,0.5417037474
2020-03-31,pl1s,0.5219579203
2020-03-31,rb1s,0.2861875688
2020-03-31,si1s,0.4296266185
2020-04-01,es1s,0.5178741207
2020-04-01,fesx1s,0.5586042006
2020-04-01,gc1s,0.3307874596
2020-04-01,hg1s,0.4109380504
2020-04-01,nq1s,0.5310126716
2020-04-01,rb1s,0.2853103572
2020-04-01,si1s,0.4398054709
2020-04-02,es1s,0.5089249488
2020-04-02,fesx1s,0.5592997503
2020-04-02,gc1s,0.4930312352
2020-04-02,hg1s,0.4149800181
2020-04-02,nq1s,0.5493058408
2020-04-02,pl1s,0.5632806505
2020-04-02,rb1s,0.3115771767
2020-04-02,si1s,0.4397279284
2020-04-03,es1s,0.5167793865
2020-04-03,fesx1s,0.5590001826
2020-04-03,gc1s,0.4107435705
2020-04-03,hg1s,0.4083380015
2020-04-03,nq1s,0.5388218993
2020-04-03,pl1s,0.5355005173
2020-04-03,rb1s,0.2872292791
2020-04-03,si1s,0.4393725708
2020-04-06,es1s,0.5194511043
2020-04-06,fesx1s,0.5585279765
2020-04-06,hg1s,0.4055432502
2020-04-06,nq1s,0.5338992691
2020-04-06,pl1s,0.4887294739
2020-04-06,rb1s,0.2907850932
2020-04-06,si1s,0.4397877317
2020-04-07,es1s,0.4773299047
2020-04-07,fesx1s,0.5559203030
2020-04-07,hg1s,0.3961648420
2020-04-07,nq1s,0.5267240010
2020-04-07,rb1s,0.2998061923
2020-04-07,si1s,0.4399254469
2020-04-08,es1s,0.5026542318
2020-04-08,fesx1s,0.5550311118
2020-04-08,hg1s,0.4066457225
2020-04-08,nq1s,0.5585624734
2020-04-08,pl1s,0.5155273486
2020-04-08,rb1s,0.2988311278
2020-04-08,si1s,0.4334122062
2020-04-09,es1s,0.4917031901
2020-04-09,fesx1s,0.5563686136
2020-04-09,hg1s,0.4121201831
2020-04-09,pl1s,0.5097195998
2020-04-09,rb1s,0.2728586547
2020-04-09,si1s,0.4233391750
2020-04-13,gc1s,0.4753868431
2020-04-13,hg1s,0.4146043243
2020-04-13,nq1s,0.5455939071
2020-04-13,pl1s,0.4901260614
2020-04-13,rb1s,0.2908588027
2020-04-13,si1s,0.4233391750
2020-04-14,es1s,0.4842442570
2020-04-14,fesx1s,0.5557682906
2020-04-14,hg1s,0.3995260139
2020-04-14,nq1s,0.5529206999
2020-04-14,rb1s,0.2685592938
2020-04-14,si1s,0.4233391750
2020-04-15,es1s,0.4904134231
2020-04-15,fesx1s,0.5547856460
2020-04-15,gc1s,0.4473316068
2020-04-15,hg1s,0.4223321218
2020-04-15,ho1s,0.6837905266
2020-04-15,pl1s,0.4260876311
2020-04-15,rb1s,0.2721326235
2020-04-15,si1s,0.4233391750
2020-04-16,es1s,0.4983847700
2020-04-16,fesx1s,0.5572947478
2020-04-16,gc1s,0.3331275808
2020-04-16,hg1s,0.4196061386
2020-04-16,ho1s,0.6368670286
2020-04-16,nq1s,0.5501738062
2020-04-16,pl1s,0.4517295122
2020-04-16,rb1s,0.2585203645
2020-04-16,si1s,0.4233391750
2020-04-17,es1s,0.5316571578
2020-04-17,fesx1s,0.5586218136
2020-04-17,gc1s,0.4295077033
2020-04-17,hg1s,0.4084275359
2020-04-17,nq1s,0.5451785365
2020-04-17,pl1s,0.5481376180
2020-04-17,rb1s,0.2650659664
2020-04-17,si1s,0.4233391750
2020-04-20,es1s,0.5203690351
2020-04-20,fesx1s,0.5587868176
2020-04-20,gc1s,0.4045331423
2020-04-20,hg1s,0.3999669116
2020-04-20,nq1s,0.5381859248
2020-04-20,rb1s,0.2655775331
2020-04-20,si1s,0.4399254469
2020-04-21,cl1s,0.5875077155
2020-04-21,es1s,0.5277521328
2020-04-21,fesx1s,0.5590756993
2020-04-21,hg1s,0.4162377649
2020-04-21,ho1s,0.6752959267
2020-04-21,nq1s,0.5528398428
2020-04-21,pl1s,0.4830189274
2020-04-21,rb1s,0.2753153030
2020-04-22,cl1s,0.5873536221
2020-04-22,es1s,0.5326682604
2020-04-22,fesx1s,0.5577017419
2020-04-22,hg1s,0.4602063022
2020-04-22,nq1s,0.5499856022
2020-04-22,pl1s,0.5397425270
2020-04-22,rb1s,0.2792771453
2020-04-22,si1s,0.4399254469
2020-04-23,cl1s,0.5808611707
2020-04-23,es1s,0.5205572093
2020-04-23,fesx1s,0.5566168993
2020-04-23,hg1s,0.4460962410
2020-04-23,nq1s,0.5274246966
2020-04-23,pl1s,0.5689911747
2020-04-23,rb1s,0.2678128653
2020-04-23,si1s,0.4366913727
2020-04-24,cl1s,0.5766106493
2020-04-24,es1s,0.4944293578
2020-04-24,fesx1s,0.5532229284
2020-04-24,hg1s,0.4291367375
2020-04-24,nq1s,0.5344226710
2020-04-24,rb1s,0.2603481365
2020-04-24,si1s,0.4374214373
2020-04-27,cl1s,0.5915060438
2020-04-27,fesx1s,0.5569763376
2020-04-27,gc1s,0.5546944108
2020-04-27,hg1s,0.4274005295
2020-04-27,nq1s,0.5224950895
2020-04-27,pl1s,0.5826388235
2020-04-27,rb1s,0.2731129014
2020-04-28,cl1s,0.5932473585
2020-04-28,fesx1s,0.5449107986
2020-04-28,gc1s,0.3751783331
2020-04-28,hg1s,0.4133814696
2020-04-28,nq1s,0.4958799759
2020-04-28,rb1s,0.2568229146
2020-04-29,cl1s,0.5897544774
2020-04-29,es1s,0.4288254044
2020-04-29,fesx1s,0.5412852207
2020-04-29,hg1s,0.4015260292
2020-04-29,nq1s,0.5195174675
2020-04-29,pl1s,0.4013956795
2020-04-29,rb1s,0.2350849763
2020-04-29,si1s,0.4387238160
2020-04-30,cl1s,0.5889250902
2020-04-30,es1s,0.4403820252
2020-04-30,fesx1s,0.5398902442
2020-04-30,hg1s,0.4124852993
2020-04-30,nq1s,0.5092134678
2020-04-30,pl1s,0.5150317248
2020-04-30,rb1s,0.2269138161
2020-04-30,si1s,0.4399254469
2020-05-01,cl1s,0.5880734029
2020-05-01,es1s,0.4440091283
2020-05-01,hg1s,0.4208165025
2020-05-01,nq1s,0.5082291451
2020-05-01,pl1s,0.4749362064
2020-05-01,rb1s,0.2585507790
2020-05-01,si1s,0.4366901227
2020-05-04,cl1s,0.5917463612
2020-05-04,es1s,0.4546195206
2020-05-04,fesx1s,0.5347302331
2020-05-04,hg1s,0.4247972448
2020-05-04,rb1s,0.2362369216
2020-05-04,si1s,0.4124720431
2020-05-05,cl1s,0.5896668367
2020-05-05,es1s,0.4820922727
2020-05-05,fesx1s,0.5402867160
2020-05-05,hg1s,0.4484968153
2020-05-05,ng1s,0.5635482150
2020-05-05,rb1s,0.2426487559
2020-05-05,si1s,0.4157829702
2020-05-06,cl1s,0.5907399087
2020-05-06,es1s,0.4969310516
2020-05-06,fesx1s,0.5464724943
2020-05-06,gc1s,0.5620133031
2020-05-06,hg1s,0.4765954431
2020-05-06,ng1s,0.5558948517
2020-05-06,rb1s,0.2708679068
2020-05-06,si1s,0.4226241891
2020-05-07,cl1s,0.5895955989
2020-05-07,es1s,0.4885877427
2020-05-07,fesx1s,0.5422860297
2020-05-07,gc1s,0.5328521203
2020-05-07,hg1s,0.4867152550
2020-05-07,ng1s,0.5711053848
2020-05-07,nq1s,0.5526178682
2020-05-07,rb1s,0.2295409204
2020-05-07,si1s,0.4082247738
2020-05-08,cl1s,0.5870007809
2020-05-08,fesx1s,0.5530276502
2020-05-08,hg1s,0.3700865900
2020-05-08,ng1s,0.5278176534
2020-05-08,nq1s,0.5431259488
2020-05-08,pl1s,0.4679389237
2020-05-08,rb1s,0.2339881265
2020-05-08,si1s,0.4178142499
2020-05-11,cl1s,0.5893712617
2020-05-11,es1s,0.5049179995
2020-05-11,fesx1s,0.5540603764
2020-05-11,hg1s,0.3799148223
2020-05-11,ng1s,0.5498920782
2020-05-11,nq1s,0.5402450790
2020-05-11,pl1s,0.4562220300
2020-05-11,rb1s,0.2386621110
2020-05-11,si1s,0.4025036215
2020-05-12,cl1s,0.5900599116
2020-05-12,es1s,0.4981585690
2020-05-12,fesx1s,0.5519545081
2020-05-12,hg1s,0.3874743066
2020-05-12,ng1s,0.5100586559
2020-05-12,nq1s,0.5352483185
2020-05-12,pl1s,0.4671279184
2020-05-12,rb1s,0.2503310711
2020-05-12,si1s,0.4216881474
2020-05-13,cl1s,0.5888014234
2020-05-13,es1s,0.4910296514
2020-05-13,fesx1s,0.5497474638
2020-05-13,hg1s,0.4007746921
2020-05-13,nq1s,0.5533688523
2020-05-13,pl1s,0.5819531168
2020-05-13,rb1s,0.2519828428
2020-05-13,si1s,0.3933708850
2020-05-14,cl1s,0.5875642313
2020-05-14,es1s,0.4825578352
2020-05-14,fesx1s,0.5520469019
2020-05-14,hg1s,0.4159323837
2020-05-14,ng1s,0.5304816330
2020-05-14,nq1s,0.5544974119
2020-05-14,pl1s,0.6198854160
2020-05-14,rb1s,0.2786270573
2020-05-14,si1s,0.4123888972
2020-05-15,es1s,0.4977808438
2020-05-15,fesx1s,0.5558989873
2020-05-15,hg1s,0.4061113125
2020-05-15,ng1s,0.5581322269
2020-05-15,nq1s,0.5441124698
2020-05-15,rb1s,0.2644673544
2020-05-15,si1s,0.4077267116
2020-05-18,es1s,0.4849081630
2020-05-18,fesx1s,0.5532317475
2020-05-18,hg1s,0.3772949506
2020-05-18,ho1s,0.6719557174
2020-05-18,ng1s,0.5732060683
2020-05-18,nq1s,0.5386254517
2020-05-18,pl1s,0.6358994858
2020-05-18,rb1s,0.2633858850
2020-05-18,si1s,0.4141747035
2020-05-19,cl1s,0.5910039758
2020-05-19,fesx1s,0.5454182483
2020-05-19,hg1s,0.4137879613
2020-05-19,ng1s,0.5192908027
2020-05-19,nq1s,0.5512306347
2020-05-19,pl1s,0.5636301128
2020-05-19,rb1s,0.2257638674
2020-05-19,si1s,0.4128197820
2020-05-20,es1s,0.4936472525
2020-05-20,fesx1s,0.5425404198
2020-05-20,gc1s,0.3266841341
2020-05-20,hg1s,0.3575535839
2020-05-20,ho1s,0.6916791961
2020-05-20,ng1s,0.5147855564
2020-05-20,nq1s,0.5366786410
2020-05-20,rb1s,0.2232209055
2020-05-20,si1s,0.4149678732
2020-05-21,es1s,0.4949567404
2020-05-21,fesx1s,0.5423701291
2020-05-21,gc1s,0.3522609023
2020-05-21,hg1s,0.3631266175
2020-05-21,ng1s,0.5396802615
2020-05-21,nq1s,0.5256331583
2020-05-21,rb1s,0.1927663696
2020-05-21,si1s,0.4096805243
2020-05-22,es1s,0.4896714842
2020-05-22,fesx1s,0.5437217269
2020-05-22,gc1s,0.3455459980
2020-05-22,hg1s,0.3781288178
2020-05-22,nq1s,0.5327911328
2020-05-22,pl1s,0.5525710854
2020-05-22,rb1s,0.1912383755
2020-05-22,si1s,0.4179831186
2020-05-25,fesx1s,0.5489002966
2020-05-26,es1s,0.4837136353
2020-05-26,fesx1s,0.5480346129
2020-05-26,gc1s,0.3105646189
2020-05-26,hg1s,0.3743757878
2020-05-26,nq1s,0.5242532116
2020-05-26,pl1s,0.4869619822
2020-05-26,rb1s,0.1753654226
2020-05-26,si1s,0.4131652116
2020-05-27,cl1s,0.5952482610
2020-05-27,es1s,0.4826637721
2020-05-27,fesx1s,0.5447042790
2020-05-27,gc1s,0.3645113024
2020-05-27,hg1s,0.3505484714
2020-05-27,ng1s,0.5063009831
2020-05-27,nq1s,0.5401710003
2020-05-27,pl1s,0.5014376222
2020-05-27,rb1s,0.2053545331
2020-05-27,si1s,0.4122966219
2020-05-28,cl1s,0.5874165168
2020-05-28,es1s,0.4737517198
2020-05-28,fesx1s,0.5434773180
2020-05-28,gc1s,0.3824925273
2020-05-28,hg1s,0.3571942927
2020-05-28,ng1s,0.5237609334
2020-05-28,nq1s,0.5227845635
2020-05-28,pl1s,0.5848449650
2020-05-28,rb1s,0.2116435682
2020-05-28,si1s,0.4069783892
2020-05-29,es1s,0.4742197697
2020-05-29,fesx1s,0.5437940304
2020-05-29,hg1s,0.3935014153
2020-05-29,ng1s,0.5286305553
2020-05-29,pl1s,0.5127166338
2020-05-29,rb1s,0.1901037928
2020-05-29,si1s,0.4042021950
2020-06-01,es1s,0.4869597505
2020-06-01,fesx1s,0.5459549052
2020-06-01,hg1s,0.4029297240
2020-06-01,ng1s,0.5173969933
2020-06-01,pl1s,0.5749298915
2020-06-01,rb1s,0.1860420076
2020-06-01,si1s,0.4054458778
2020-06-02,es1s,0.4981586277
2020-06-02,fesx1s,0.5488050570
2020-06-02,gc1s,0.4557923476
2020-06-02,hg1s,0.3868636590
2020-06-02,ng1s,0.5085055573
2020-06-02,nq1s,0.5290439375
2020-06-02,pl1s,0.5032988389
2020-06-02,rb1s,0.1827208021
2020-06-02,si1s,0.4019387006
2020-06-03,es1s,0.4898295691
2020-06-03,fesx1s,0.5408511777
2020-06-03,hg1s,0.3695341243
2020-06-03,nq1s,0.5247324667
2020-06-03,pl1s,0.5716398352
2020-06-03,rb1s,0.1863015440
2020-06-04,cl1s,0.5952846726
2020-06-04,es1s,0.4874945905
2020-06-04,fesx1s,0.5351385693
2020-06-04,hg1s,0.3829557129
2020-06-04,nq1s,0.5244784384
2020-06-04,pl1s,0.4823167696
2020-06-04,rb1s,0.1910811093
2020-06-04,si1s,0.4053756329
2020-06-05,cl1s,0.5955840890
2020-06-05,es1s,0.4668621647
2020-06-05,fesx1s,0.5266534270
2020-06-05,hg1s,0.3957820785
2020-06-05,nq1s,0.5233639998
2020-06-05,pl1s,0.5801253601
2020-06-05,rb1s,0.1849250485
2020-06-08,cl1s,0.5973284281
2020-06-08,es1s,0.4655539742
2020-06-08,fesx1s,0.5363286048
2020-06-08,hg1s,0.3521028601
2020-06-08,nq1s,0.5245898997
2020-06-08,pl1s,0.5847548163
2020-06-08,rb1s,0.1780686557
2020-06-09,cl1s,0.5955185695
2020-06-09,es1s,0.4811104830
2020-06-09,fesx1s,0.5365512868
2020-06-09,hg1s,0.3671574151
2020-06-09,pl1s,0.5662962623
2020-06-09,rb1s,0.1939816979
2020-06-09,si1s,0.4117600354
2020-06-10,cl1s,0.5944108153
2020-06-10,es1s,0.4900705960
2020-06-10,fesx1s,0.5442708739
2020-06-10,hg1s,0.3663012353
2020-06-10,nq1s,0.5251207322
2020-06-10,pl1s,0.4842658326
2020-06-10,rb1s,0.1761883820
2020-06-10,si1s,0.4138525025
2020-06-11,cl1s,0.5965296512
2020-06-11,es1s,0.5128764297
2020-06-11,fesx1s,0.5436332817
2020-06-11,hg1s,0.3655921847
2020-06-11,nq1s,0.5655807056
2020-06-11,pl1s,0.6040667420
2020-06-11,rb1s,0.1721951842
2020-06-11,si1s,0.4134902882
2020-06-12,cl1s,0.5937216261
2020-06-12,es1s,0.4715276584
2020-06-12,fesx1s,0.5298509348
2020-06-12,hg1s,0.3665406723
2020-06-12,nq1s,0.5263189870
2020-06-12,pl1s,0.5426418657
2020-06-12,rb1s,0.2420580030
2020-06-12,si1s,0.4232756047
2020-06-15,es1s,0.4532287950
2020-06-15,fesx1s,0.5253015684
2020-06-15,hg1s,0.3566645178
2020-06-15,nq1s,0.5497148065
2020-06-15,pl1s,0.5775780402
2020-06-15,rb1s,0.2162964824
2020-06-15,si1s,0.4103980290
2020-06-16,es1s,0.4549510271
2020-06-16,fesx1s,0.5310668283
2020-06-16,hg1s,0.3534274720
2020-06-16,nq1s,0.5321504764
2020-06-16,pl1s,0.5041306510
2020-06-16,rb1s,0.2517465171
2020-06-16,si1s,0.4060950435
2020-06-17,cl1s,0.5936110180
2020-06-17,es1s,0.4723761658
2020-06-17,fesx1s,0.5376601897
2020-06-17,hg1s,0.3574497014
2020-06-17,nq1s,0.5144949176
2020-06-17,pl1s,0.5085244530
2020-06-17,rb1s,0.2368244074
2020-06-17,si1s,0.4082456741
2020-06-18,cl1s,0.5940607541
2020-06-18,es1s,0.4696439047
2020-06-18,fesx1s,0.5317739173
2020-06-18,hg1s,0.3726113105
2020-06-18,nq1s,0.5217102871
2020-06-18,pl1s,0.5143435358
2020-06-18,rb1s,0.2287111510
2020-06-18,si1s,0.4070332904
2020-06-19,cl1s,0.5949760261
2020-06-19,es1s,0.4180381256
2020-06-19,fesx1s,0.5200588616
2020-06-19,gc1s,0.4031994940
2020-06-19,hg1s,0.3675422362
2020-06-19,nq1s,0.5174705098
2020-06-19,pl1s,0.6217770055
2020-06-19,rb1s,0.2273644620
2020-06-19,si1s,0.3921399765
2020-06-22,cl1s,0.5958971045
2020-06-22,es1s,0.4074859920
2020-06-22,fesx1s,0.5225640998
2020-06-22,gc1s,0.3857561050
2020-06-22,hg1s,0.3606443088
2020-06-22,nq1s,0.5237046499
2020-06-22,rb1s,0.2366826983
2020-06-22,si1s,0.3985919264
2020-06-23,cl1s,0.5964634657
2020-06-23,es1s,0.4485049076
2020-06-23,fesx1s,0.5394144909
2020-06-23,gc1s,0.3084927253
2020-06-23,hg1s,0.3506137217
2020-06-23,nq1s,0.5207445918
2020-06-23,rb1s,0.2341903893
2020-06-23,si1s,0.3880263041
2020-06-24,cl1s,0.5976039687
2020-06-24,es1s,0.4313964921
2020-06-24,fesx1s,0.5288804112
2020-06-24,hg1s,0.3590333450
2020-06-24,nq1s,0.5477942516
2020-06-24,pl1s,0.5271236820
2020-06-24,rb1s,0.1978141705
2020-06-24,si1s,0.3895471558
2020-06-25,cl1s,0.5947829907
2020-06-25,es1s,0.4109874995
2020-06-25,fesx1s,0.5272476362
2020-06-25,gc1s,0.4155989535
2020-06-25,hg1s,0.3495299847
2020-06-25,nq1s,0.5277495814
2020-06-25,pl1s,0.5478161676
2020-06-25,rb1s,0.2224301931
2020-06-25,si1s,0.3890620751
2020-06-26,cl1s,0.5934366114
2020-06-26,es1s,0.4558589954
2020-06-26,fesx1s,0.5415295544
2020-06-26,gc1s,0.3985448008
2020-06-26,hg1s,0.3625516261
2020-06-26,nq1s,0.5370344098
2020-06-26,pl1s,0.5878840331
2020-06-26,rb1s,0.2165181597
2020-06-26,si1s,0.3944958771
2020-06-29,cl1s,0.5965249160
2020-06-29,es1s,0.4403332541
2020-06-29,fesx1s,0.5342317455
2020-06-29,gc1s,0.4321350515
2020-06-29,hg1s,0.3673540474
2020-06-29,nq1s,0.5283260371
2020-06-29,pl1s,0.5054321828
2020-06-29,rb1s,0.2249278921
2020-06-29,si1s,0.3981719449
2020-06-30,cl1s,0.5958856685
2020-06-30,es1s,0.4412499928
2020-06-30,fesx1s,0.5398589194
2020-06-30,hg1s,0.3604847873
2020-06-30,nq1s,0.5180589456
2020-06-30,pl1s,0.5673728592
2020-06-30,rb1s,0.2232719231
2020-07-01,cl1s,0.5951348241
2020-07-01,es1s,0.4241451014
2020-07-01,fesx1s,0.5368975753
2020-07-01,hg1s,0.3725215622
2020-07-01,ho1s,0.7136879685
2020-07-01,nq1s,0.5216991869
2020-07-01,pl1s,0.5780780659
2020-07-01,rb1s,0.2326965962
2020-07-01,si1s,0.3922383864
2020-07-02,cl1s,0.5931547485
2020-07-02,es1s,0.4168862624
2020-07-02,fesx1s,0.5264939689
2020-07-02,gc1s,0.4192935714
2020-07-02,hg1s,0.3862702565
2020-07-02,nq1s,0.5186166035
2020-07-02,pl1s,0.6220381989
2020-07-02,rb1s,0.2198878355
2020-07-02,si1s,0.3925230967
2020-07-03,fesx1s,0.5290149965
2020-07-06,cl1s,0.5942270242
2020-07-06,fesx1s,0.5180578022
2020-07-06,gc1s,0.5005973281
2020-07-06,hg1s,0.3886135154
2020-07-06,nq1s,0.5145842433
2020-07-06,pl1s,0.5466048815
2020-07-06,rb1s,0.1992444482
2020-07-06,si1s,0.3947413845
2020-07-07,cl1s,0.5928550164
2020-07-07,fesx1s,0.5342279703
2020-07-07,gc1s,0.3773347677
2020-07-07,hg1s,0.3746412015
2020-07-07,nq1s,0.5217928313
2020-07-07,pl1s,0.5833578639
2020-07-07,rb1s,0.1979106830
2020-07-07,si1s,0.3985352332
2020-07-08,cl1s,0.5857823961
2020-07-08,es1s,0.4136048516
2020-07-08,fesx1s,0.5357374419
2020-07-08,gc1s,0.3449529198
2020-07-08,hg1s,0.3726312775
2020-07-08,nq1s,0.5168332075
2020-07-08,pl1s,0.5525873257
2020-07-08,rb1s,0.1969310110
2020-07-08,si1s,0.3959302924
2020-07-09,cl1s,0.5899122511
2020-07-09,fesx1s,0.5425777827
2020-07-09,gc1s,0.4051817465
2020-07-09,hg1s,0.3868171190
2020-07-09,nq1s,0.5251684586
2020-07-09,pl1s,0.5133138668
2020-07-09,rb1s,0.1721765073
2020-07-09,si1s,0.3923535249
2020-07-10,cl1s,0.5910301675
2020-07-10,es1s,0.4474259729
2020-07-10,fesx1s,0.5434188083
2020-07-10,gc1s,0.4051789763
2020-07-10,hg1s,0.3950901429
2020-07-10,ho1s,0.6920450470
2020-07-10,nq1s,0.5305907049
2020-07-10,pl1s,0.5797063846
2020-07-10,rb1s,0.1857965692
2020-07-10,si1s,0.3945805755
2020-07-13,cl1s,0.5930402181
2020-07-13,es1s,0.4831478714
2020-07-13,fesx1s,0.5437698495
2020-07-13,gc1s,0.3676093690
2020-07-13,hg1s,0.3892384514
2020-07-13,nq1s,0.5638125373
2020-07-13,pl1s,0.5487323797
2020-07-13,rb1s,0.2002311524
2020-07-13,si1s,0.3940221068
2020-07-14,cl1s,0.5899578020
2020-07-14,fesx1s,0.5516570329
2020-07-14,gc1s,0.3547921436
2020-07-14,hg1s,0.3993980104
2020-07-14,nq1s,0.5527327299
2020-07-14,pl1s,0.4833209027
2020-07-14,rb1s,0.2173854806
2020-07-14,si1s,0.3976531842
2020-07-15,cl1s,0.5897243068
2020-07-15,fesx1s,0.5458776019
2020-07-15,gc1s,0.3352201747
2020-07-15,hg1s,0.4065059497
2020-07-15,nq1s,0.5471349126
2020-07-15,pl1s,0.5537065498
2020-07-15,rb1s,0.2145934738
2020-07-15,si1s,0.4006678972
2020-07-16,cl1s,0.5881470888
2020-07-16,es1s,0.4664645972
2020-07-16,fesx1s,0.5439744342
2020-07-16,gc1s,0.4349355538
2020-07-16,hg1s,0.4182164049
2020-07-16,nq1s,0.5398696521
2020-07-16,pl1s,0.5756606593
2020-07-16,rb1s,0.1802798424
2020-07-17,cl1s,0.5916479176
2020-07-17,es1s,0.4586317350
2020-07-17,fesx1s,0.5431560538
2020-07-17,hg1s,0.4164534758
2020-07-17,nq1s,0.5447210710
2020-07-17,pl1s,0.5244877784
2020-07-17,rb1s,0.1779755220
2020-07-17,si1s,0.4046948549
2020-07-20,cl1s,0.5920541556
2020-07-20,es1s,0.4592199765
2020-07-20,fesx1s,0.5422784099
2020-07-20,hg1s,0.4010980988
2020-07-20,nq1s,0.5294683212
2020-07-20,pl1s,0.5726189791
2020-07-20,rb1s,0.1836464887
2020-07-20,si1s,0.3973786463
2020-07-21,cl1s,0.5925836222
2020-07-21,es1s,0.4400997543
2020-07-21,fesx1s,0.5378723048
2020-07-21,hg1s,0.3842884334
2020-07-21,nq1s,0.5205397176
2020-07-21,rb1s,0.1738345226
2020-07-21,si1s,0.3973209261
2020-07-22,cl1s,0.5908519288
2020-07-22,es1s,0.4567278149
2020-07-22,fesx1s,0.5481631566
2020-07-22,hg1s,0.3937752502
2020-07-22,nq1s,0.5191892480
2020-07-22,pl1s,0.5252901248
2020-07-22,rb1s,0.1871683900
2020-07-22,si1s,0.3872385461
2020-07-23,cl1s,0.5942049428
2020-07-23,es1s,0.4660439173
2020-07-23,fesx1s,0.5473547462
2020-07-23,hg1s,0.4032423255
2020-07-23,nq1s,0.5348032006
2020-07-23,pl1s,0.5814926422
2020-07-23,rb1s,0.1974387124
2020-07-23,si1s,0.3879467122
2020-07-24,cl1s,0.5901058929
2020-07-24,es1s,0.4668589622
2020-07-24,fesx1s,0.5498273794
2020-07-24,hg1s,0.4150721173
2020-07-24,nq1s,0.5383299357
2020-07-24,pl1s,0.5390004431
2020-07-24,rb1s,0.1781973489
2020-07-24,si1s,0.3944786647
2020-07-27,cl1s,0.5913266542
2020-07-27,fesx1s,0.5496531733
2020-07-27,hg1s,0.4077315681
2020-07-27,nq1s,0.5407022137
2020-07-27,pl1s,0.5380860837
2020-07-27,rb1s,0.1789874096
2020-07-27,si1s,0.3902617010
2020-07-28,cl1s,0.5864064674
2020-07-28,es1s,0.4760287524
2020-07-28,fesx1s,0.5515134828
2020-07-28,hg1s,0.4064777210
2020-07-28,nq1s,0.5484804172
2020-07-28,pl1s,0.5206121221
2020-07-28,rb1s,0.1846216002
2020-07-28,si1s,0.3918387893
2020-07-29,cl1s,0.5882393746
2020-07-29,es1s,0.4727827804
2020-07-29,fesx1s,0.5516965594
2020-07-29,hg1s,0.4028123515
2020-07-29,nq1s,0.5497945682
2020-07-29,pl1s,0.5190925865
2020-07-29,rb1s,0.1626740437
2020-07-29,si1s,0.3900093706
2020-07-30,cl1s,0.5895172971
2020-07-30,es1s,0.4602717950
2020-07-30,fesx1s,0.5526188647
2020-07-30,hg1s,0.4275538525
2020-07-30,nq1s,0.5275672894
2020-07-30,pl1s,0.5644665619
2020-07-30,rb1s,0.1497946853
2020-07-30,si1s,0.3879797151
2020-07-31,cl1s,0.5867670166
2020-07-31,es1s,0.4465675983
2020-07-31,fesx1s,0.5527965025
2020-07-31,hg1s,0.4463837669
2020-07-31,nq1s,0.5133583406
2020-07-31,pl1s,0.5840323164
2020-07-31,rb1s,0.1617924797
2020-07-31,si1s,0.3839887055
2020-08-03,cl1s,0.5899148048
2020-08-03,es1s,0.4530439933
2020-08-03,fesx1s,0.5479836764
2020-08-03,hg1s,0.4384170478
2020-08-03,ng1s,0.5464185175
2020-08-03,nq1s,0.5246145788
2020-08-03,pl1s,0.5675638140
2020-08-03,rb1s,0.1712363739
2020-08-03,si1s,0.3858938366
2020-08-04,cl1s,0.5880631331
2020-08-04,es1s,0.4665798517
2020-08-04,fesx1s,0.5510737385
2020-08-04,hg1s,0.4168860513
2020-08-04,nq1s,0.5264351264
2020-08-04,pl1s,0.5426480576
2020-08-04,rb1s,0.1755501525
2020-08-04,si1s,0.3801381376
2020-08-05,es1s,0.4568901619
2020-08-05,fesx1s,0.5491745114
2020-08-05,hg1s,0.4275669345
2020-08-05,nq1s,0.5247713655
2020-08-05,pl1s,0.5572352913
2020-08-05,rb1s,0.1801242294
2020-08-05,si1s,0.3825548579
2020-08-06,es1s,0.4461882200
2020-08-06,fesx1s,0.5507232935
2020-08-06,hg1s,0.4460567793
2020-08-06,ng1s,0.5284164503
2020-08-06,nq1s,0.5392666659
2020-08-06,pl1s,0.5685123965
2020-08-06,rb1s,0.1772856873
2020-08-06,si1s,0.3783863105
2020-08-07,es1s,0.4311662155
2020-08-07,fesx1s,0.5504136872
2020-08-07,hg1s,0.4655543057
2020-08-07,nq1s,0.5340657216
2020-08-07,pl1s,0.5268185353
2020-08-07,rb1s,0.1712667226
2020-08-07,si1s,0.3815771919
2020-08-10,fesx1s,0.5497486698
2020-08-10,hg1s,0.4316612414
2020-08-10,ng1s,0.5065320446
2020-08-10,nq1s,0.5376323163
2020-08-10,pl1s,0.5339983466
2020-08-10,rb1s,0.1759505702
2020-08-10,si1s,0.3803220842
2020-08-11,es1s,0.4475060947
2020-08-11,fesx1s,0.5465309924
2020-08-11,hg1s,0.4181100408
2020-08-11,nq1s,0.5227598198
2020-08-11,pl1s,0.4755779391
2020-08-11,rb1s,0.1747911488
2020-08-11,si1s,0.3880932693
2020-08-12,es1s,0.4598346829
2020-08-12,fesx1s,0.5425155147
2020-08-12,hg1s,0.4332224023
2020-08-12,nq1s,0.5393393486
2020-08-12,pl1s,0.4358144384
2020-08-12,rb1s,0.2021261749
2020-08-12,si1s,0.3869351584
2020-08-13,es1s,0.4475280183
2020-08-13,fesx1s,0.5389291336
2020-08-13,hg1s,0.4308359428
2020-08-13,nq1s,0.5352347225
2020-08-13,pl1s,0.4991024835
2020-08-13,rb1s,0.2124289804
2020-08-13,si1s,0.3826303343
2020-08-14,fesx1s,0.5397421650
2020-08-14,hg1s,0.4440194616
2020-08-14,nq1s,0.5382534915
2020-08-14,pl1s,0.5060453374
2020-08-14,rb1s,0.2195273855
2020-08-14,si1s,0.3869137240
2020-08-17,es1s,0.4422098515
2020-08-17,fesx1s,0.5434105556
2020-08-17,hg1s,0.4226855070
2020-08-17,nq1s,0.5420820278
2020-08-17,pl1s,0.5311905712
2020-08-17,rb1s,0.1966702532
2020-08-17,si1s,0.3854376128
2020-08-18,es1s,0.4436098502
2020-08-18,fesx1s,0.5485335124
2020-08-18,gc1s,0.5368766331
2020-08-18,hg1s,0.3915438205
2020-08-18,nq1s,0.5366484602
2020-08-18,pl1s,0.5201859115
2020-08-18,rb1s,0.2174812853
2020-08-18,si1s,0.3869323970
2020-08-19,es1s,0.4416405816
2020-08-19,fesx1s,0.5447264800
2020-08-19,gc1s,0.4745540445
2020-08-19,hg1s,0.3797807098
2020-08-19,nq1s,0.5335095548
2020-08-19,pl1s,0.5659971266
2020-08-19,rb1s,0.2043783391
2020-08-19,si1s,0.3874416958
2020-08-20,es1s,0.4450616537
2020-08-20,fesx1s,0.5482979375
2020-08-20,gc1s,0.5128334152
2020-08-20,hg1s,0.3814999274
2020-08-20,nq1s,0.5274702487
2020-08-20,pl1s,0.4986311636
2020-08-20,rb1s,0.2157096220
2020-08-20,si1s,0.3863109570
2020-08-21,cl1s,0.5920859972
2020-08-21,es1s,0.4408400404
2020-08-21,fesx1s,0.5453156570
2020-08-21,gc1s,0.5582234801
2020-08-21,hg1s,0.3835074176
2020-08-21,nq1s,0.5378252600
2020-08-21,pl1s,0.5953183151
2020-08-21,rb1s,0.2061697239
2020-08-21,si1s,0.3883075339
2020-08-24,cl1s,0.5922729062
2020-08-24,fesx1s,0.5419221854
2020-08-24,gc1s,0.5704419985
2020-08-24,hg1s,0.3715599685
2020-08-24,nq1s,0.5398648530
2020-08-24,pl1s,0.5898446363
2020-08-24,rb1s,0.1707306461
2020-08-25,cl1s,0.5894037226
2020-08-25,es1s,0.4453363734
2020-08-25,fesx1s,0.5408687253
2020-08-25,hg1s,0.3713084429
2020-08-25,nq1s,0.5285637969
2020-08-25,pl1s,0.5322523838
2020-08-25,rb1s,0.1911489412
2020-08-25,si1s,0.3893430887
2020-08-26,cl1s,0.5915788895
2020-08-26,es1s,0.4334856336
2020-08-26,fesx1s,0.5401634985
2020-08-26,hg1s,0.3657171281
2020-08-26,nq1s,0.5402601649
2020-08-26,pl1s,0.5341823630
2020-08-26,rb1s,0.1814329272
2020-08-27,es1s,0.4203143409
2020-08-27,fesx1s,0.5444722300
2020-08-27,hg1s,0.3668229675
2020-08-27,nq1s,0.5348844298
2020-08-27,pl1s,0.5572418072
2020-08-27,rb1s,0.1957207767
2020-08-27,si1s,0.3901695449
2020-08-28,es1s,0.4210307359
2020-08-28,fesx1s,0.5474072668
2020-08-28,hg1s,0.3704192158
2020-08-28,nq1s,0.5312462973
2020-08-28,pl1s,0.5454531493
2020-08-28,rb1s,0.2206194139
2020-08-28,si1s,0.3876896145
2020-08-31,es1s,0.4278176773
2020-08-31,fesx1s,0.5482933769
2020-08-31,hg1s,0.3528487230
2020-08-31,nq1s,0.5377413177
2020-08-31,pl1s,0.5675853951
2020-08-31,rb1s,0.2576372320
2020-08-31,si1s,0.4167143212
2020-09-01,cl1s,0.5921314161
2020-09-01,es1s,0.4386080040
2020-09-01,fesx1s,0.5470902925
2020-09-01,hg1s,0.3575744646
2020-09-01,pl1s,0.4592704006
2020-09-01,rb1s,0.2416788429
2020-09-01,si1s,0.4179657538
2020-09-02,cl1s,0.5912866783
2020-09-02,es1s,0.4210429031
2020-09-02,fesx1s,0.5421355912
2020-09-02,hg1s,0.4128579582
2020-09-02,nq1s,0.5279508328
2020-09-02,pl1s,0.4597990420
2020-09-02,rb1s,0.2551704927
2020-09-02,si1s,0.4179461798
2020-09-03,es1s,0.4394789677
2020-09-03,fesx1s,0.5478275480
2020-09-03,hg1s,0.4118968394
2020-09-03,nq1s,0.5284605352
2020-09-03,pl1s,0.5758606280
2020-09-03,rb1s,0.2456499088
2020-09-03,si1s,0.4214725200
2020-09-04,es1s,0.4412130997
2020-09-04,fesx1s,0.5408295605
2020-09-04,hg1s,0.3862372304
2020-09-04,nq1s,0.5434422418
2020-09-04,pl1s,0.5391280747
2020-09-04,rb1s,0.2891170689
2020-09-04,si1s,0.4248891914
2020-09-07,fesx1s,0.5392392359
2020-09-08,es1s,0.4662920171
2020-09-08,fesx1s,0.5453069836
2020-09-08,hg1s,0.4050837538
2020-09-08,ho1s,0.7056648077
2020-09-08,nq1s,0.5477600249
2020-09-08,pl1s,0.5484233709
2020-09-08,rb1s,0.2594185031
2020-09-08,si1s,0.4161960147
2020-09-09,es1s,0.4303997184
2020-09-09,fesx1s,0.5390076243
2020-09-09,hg1s,0.3845886659
2020-09-09,nq1s,0.5411169345
2020-09-09,pl1s,0.4802879642
2020-09-09,rb1s,0.3096972355
2020-09-10,es1s,0.4432059911
2020-09-10,fesx1s,0.5423575740
2020-09-10,hg1s,0.4029463822
2020-09-10,nq1s,0.5507791978
2020-09-10,rb1s,0.2985291540
2020-09-10,si1s,0.4277538478
2020-09-11,es1s,0.4336204591
2020-09-11,fesx1s,0.5362851362
2020-09-11,hg1s,0.3941546971
2020-09-11,nq1s,0.5407214050
2020-09-11,rb1s,0.3246375978
2020-09-11,si1s,0.4284758374
2020-09-14,es1s,0.4300581246
2020-09-14,fesx1s,0.5421385635
2020-09-14,hg1s,0.3755305771
2020-09-14,nq1s,0.5381163947
2020-09-14,pl1s,0.4696483654
2020-09-14,rb1s,0.3310384620
2020-09-14,si1s,0.4215616160
2020-09-15,es1s,0.4344689769
2020-09-15,fesx1s,0.5386697291
2020-09-15,hg1s,0.3820908260
2020-09-15,nq1s,0.5365900053
2020-09-15,pl1s,0.4994144154
2020-09-15,rb1s,0.3054965747
2020-09-15,si1s,0.4125187188
2020-09-16,cl1s,0.5920868084
2020-09-16,es1s,0.4404583603
2020-09-16,fesx1s,0.5383597393
2020-09-16,hg1s,0.3942269020
2020-09-16,nq1s,0.5395188544
2020-09-16,pl1s,0.4244309819
2020-09-16,rb1s,0.2788365410
2020-09-16,si1s,0.4092212237
2020-09-17,es1s,0.4427838895
2020-09-17,fesx1s,0.5354679305
2020-09-17,hg1s,0.4046523008
2020-09-17,nq1s,0.5560219326
2020-09-17,pl1s,0.5522252928
2020-09-17,rb1s,0.3055431637
2020-09-17,si1s,0.4072954232
2020-09-18,es1s,0.4349338861
2020-09-18,fesx1s,0.5375470944
2020-09-18,hg1s,0.3943614330
2020-09-18,nq1s,0.5669524476
2020-09-18,pl1s,0.5367901544
2020-09-18,rb1s,0.2804836403
2020-09-18,si1s,0.4134105660
2020-09-21,cl1s,0.5940757692
2020-09-21,es1s,0.4540354596
2020-09-21,fesx1s,0.5419818041
2020-09-21,hg1s,0.3917926464
2020-09-21,ho1s,0.7021904532
2020-09-21,nq1s,0.5585843438
2020-09-21,pl1s,0.4870477554
2020-09-21,rb1s,0.2788364809
2020-09-21,si1s,0.4246132975
2020-09-22,cl1s,0.5946537965
2020-09-22,es1s,0.4457198174
2020-09-22,fesx1s,0.5396563147
2020-09-22,hg1s,0.4142045725
2020-09-22,ho1s,0.7092550934
2020-09-22,nq1s,0.5682942092
2020-09-22,pl1s,0.5989373508
2020-09-22,rb1s,0.3616255276
2020-09-22,si1s,0.4115342846
2020-09-23,cl1s,0.5936419714
2020-09-23,es1s,0.4633145110
2020-09-23,fesx1s,0.5359531502
2020-09-23,gc1s,0.4900326979
2020-09-23,hg1s,0.4245208655
2020-09-23,ho1s,0.7092011193
2020-09-23,nq1s,0.5745609918
2020-09-23,rb1s,0.2991725916
2020-09-24,cl1s,0.5826037683
2020-09-24,es1s,0.4526037393
2020-09-24,fesx1s,0.5293826444
2020-09-24,gc1s,0.5420344152
2020-09-24,hg1s,0.4493782728
2020-09-24,ho1s,0.6972980398
2020-09-24,ng1s,0.5705453649
2020-09-24,nq1s,0.5778834087
2020-09-24,rb1s,0.3021818386
2020-09-24,si1s,0.4047310464
2020-09-25,cl1s,0.5810271389
2020-09-25,es1s,0.4543690894
2020-09-25,fesx1s,0.5427949462
2020-09-25,gc1s,0.5880341996
2020-09-25,hg1s,0.4472126549
2020-09-25,ho1s,0.7026253664
2020-09-25,nq1s,0.5740824303
2020-09-25,pl1s,0.6155197518
2020-09-25,rb1s,0.3004173080
2020-09-28,cl1s,0.5864467073
2020-09-28,es1s,0.4498334429
2020-09-28,fesx1s,0.5392647350
2020-09-28,gc1s,0.5113365888
2020-09-28,hg1s,0.4442421563
2020-09-28,nq1s,0.5700192105
2020-09-28,pl1s,0.5087541256
2020-09-28,rb1s,0.2858017454
2020-09-28,si1s,0.4144298222
2020-09-29,cl1s,0.5959871082
2020-09-29,es1s,0.4589241240
2020-09-29,fesx1s,0.5396203599
2020-09-29,gc1s,0.5169379244
2020-09-29,hg1s,0.4169036291
2020-09-29,ho1s,0.7134330668
2020-09-29,nq1s,0.5743302905
2020-09-29,rb1s,0.2702401226
2020-09-29,si1s,0.4150598212
2020-09-30,cl1s,0.5937351189
2020-09-30,es1s,0.4558335701
2020-09-30,fesx1s,0.5402320702
2020-09-30,gc1s,0.5931529103
2020-09-30,hg1s,0.4641369731
2020-09-30,ho1s,0.7036476870
2020-09-30,nq1s,0.5718893193
2020-09-30,pl1s,0.4304703276
2020-09-30,rb1s,0.2815796360
2020-09-30,si1s,0.4240630482
2020-10-01,cl1s,0.5952855865
2020-10-01,es1s,0.4501759706
2020-10-01,fesx1s,0.5406986799
2020-10-01,hg1s,0.4389168187
2020-10-01,ho1s,0.7113655131
2020-10-01,nq1s,0.5633900451
2020-10-01,pl1s,0.4282538246
2020-10-01,rb1s,0.3350696544
2020-10-02,cl1s,0.5932522646
2020-10-02,es1s,0.4543451134
2020-10-02,fesx1s,0.5182994833
2020-10-02,hg1s,0.4811735659
2020-10-02,ho1s,0.7072103588
2020-10-02,nq1s,0.5730876373
2020-10-02,pl1s,0.5361578057
2020-10-02,rb1s,0.3394805311
2020-10-02,si1s,0.4136146370
2020-10-05,cl1s,0.5900962278
2020-10-05,es1s,0.4595762816
2020-10-05,fesx1s,0.5155915094
2020-10-05,hg1s,0.4406118226
2020-10-05,nq1s,0.5743820454
2020-10-05,pl1s,0.4737847693
2020-10-05,rb1s,0.2538756944
2020-10-05,si1s,0.4062832990
2020-10-06,es1s,0.4887911946
2020-10-06,fesx1s,0.5401326979
2020-10-06,hg1s,0.4522632653
2020-10-06,nq1s,0.5796967542
2020-10-06,pl1s,0.5353161921
2020-10-06,rb1s,0.2535600026
2020-10-06,si1s,0.4165229541
2020-10-07,cl1s,0.5925135405
2020-10-07,es1s,0.4859546701
2020-10-07,fesx1s,0.5378472776
2020-10-07,hg1s,0.4595292712
2020-10-07,nq1s,0.5860108362
2020-10-07,pl1s,0.4887672964
2020-10-07,rb1s,0.2904138117
2020-10-07,si1s,0.4061946005
2020-10-08,cl1s,0.5925523935
2020-10-08,es1s,0.4866747745
2020-10-08,fesx1s,0.5414893741
2020-10-08,hg1s,0.4638550775
2020-10-08,nq1s,0.5774113254
2020-10-08,pl1s,0.6362204846
2020-10-08,rb1s,0.2981574263
2020-10-08,si1s,0.4219753357
2020-10-09,cl1s,0.5954632381
2020-10-09,es1s,0.4931234187
2020-10-09,fesx1s,0.5438188852
2020-10-09,hg1s,0.4652506763
2020-10-09,ng1s,0.5010727588
2020-10-09,nq1s,0.5679735674
2020-10-09,pl1s,0.6165668610
2020-10-09,rb1s,0.2875555474
2020-10-09,si1s,0.4112846544
2020-10-12,cl1s,0.5943785842
2020-10-12,es1s,0.4852968362
2020-10-12,fesx1s,0.5419869195
2020-10-12,hg1s,0.4525581127
2020-10-12,ng1s,0.5010012234
2020-10-12,nq1s,0.5542444550
2020-10-12,pl1s,0.6255636779
2020-10-12,rb1s,0.3083071099
2020-10-12,si1s,0.4128076520
2020-10-13,cl1s,0.5923472112
2020-10-13,es1s,0.5033245668
2020-10-13,fesx1s,0.5466528686
2020-10-13,hg1s,0.4490597658
2020-10-13,ng1s,0.4762792002
2020-10-13,nq1s,0.5376670707
2020-10-13,pl1s,0.5921716423
2020-10-13,rb1s,0.3393311253
2020-10-14,cl1s,0.5950082678
2020-10-14,es1s,0.4913875892
2020-10-14,fesx1s,0.5226015306
2020-10-14,hg1s,0.4477311439
2020-10-14,ng1s,0.5031032466
2020-10-14,nq1s,0.5444707451
2020-10-14,pl1s,0.4551346459
2020-10-14,rb1s,0.3877179699
2020-10-14,si1s,0.4115126921
2020-10-15,cl1s,0.5917010361
2020-10-15,es1s,0.4849865593
2020-10-15,fesx1s,0.5240659887
2020-10-15,hg1s,0.4395595744
2020-10-15,nq1s,0.5508271670
2020-10-15,pl1s,0.4984013847
2020-10-15,rb1s,0.3558860894
2020-10-16,cl1s,0.5911059863
2020-10-16,es1s,0.4835549294
2020-10-16,fesx1s,0.5429836138
2020-10-16,hg1s,0.4388988346
2020-10-16,pl1s,0.5963569589
2020-10-16,rb1s,0.3769925629
2020-10-16,si1s,0.4132046883
2020-10-19,cl1s,0.5931843006
2020-10-19,es1s,0.4966080889
2020-10-19,fesx1s,0.5454747731
2020-10-19,gc1s,0.5352060866
2020-10-19,hg1s,0.4363181456
2020-10-19,nq1s,0.5550049145
2020-10-19,pl1s,0.5783893880
2020-10-19,rb1s,0.3957949594
2020-10-19,si1s,0.3979556607
2020-10-20,cl1s,0.5933821783
2020-10-20,es1s,0.4986920344
2020-10-20,fesx1s,0.5470686795
2020-10-20,gc1s,0.5327285597
2020-10-20,hg1s,0.4328991474
2020-10-20,nq1s,0.5350632311
2020-10-20,pl1s,0.5053993166
2020-10-20,rb1s,0.3404730128
2020-10-20,si1s,0.3974578866
2020-10-21,cl1s,0.5906161773
2020-10-21,es1s,0.4971407858
2020-10-21,fesx1s,0.5534682150
2020-10-21,gc1s,0.5053116487
2020-10-21,hg1s,0.4431218702
2020-10-21,nq1s,0.5509284897
2020-10-21,pl1s,0.4584248570
2020-10-21,rb1s,0.2956247399
2020-10-21,si1s,0.4012254879
2020-10-22,cl1s,0.5897224519
2020-10-22,es1s,0.4929207088
2020-10-22,fesx1s,0.5486072522
2020-10-22,gc1s,0.5152567934
2020-10-22,hg1s,0.4481475174
2020-10-22,nq1s,0.5498214468
2020-10-22,pl1s,0.4574722270
2020-10-22,rb1s,0.3121770442
2020-10-22,si1s,0.4063324459
2020-10-23,cl1s,0.5888456617
2020-10-23,es1s,0.4788221850
2020-10-23,fesx1s,0.5409709553
2020-10-23,gc1s,0.5537416340
2020-10-23,hg1s,0.4649939607
2020-10-23,ho1s,0.6956730634
2020-10-23,nq1s,0.5472778924
2020-10-23,pl1s,0.5980991591
2020-10-23,rb1s,0.2671453914
2020-10-23,si1s,0.4053621935
2020-10-26,cl1s,0.5910634283
2020-10-26,es1s,0.4935041778
2020-10-26,fesx1s,0.5433684824
2020-10-26,gc1s,0.5357592822
2020-10-26,hg1s,0.4718246088
2020-10-26,ho1s,0.6940626400
2020-10-26,ng1s,0.4770691872
2020-10-26,nq1s,0.5675169146
2020-10-26,pl1s,0.5194688746
2020-10-26,rb1s,0.2718749503
2020-10-26,si1s,0.4015572875
2020-10-27,cl1s,0.5932634291
2020-10-27,es1s,0.4943089786
2020-10-27,fesx1s,0.5418095378
2020-10-27,gc1s,0.4742554334
2020-10-27,hg1s,0.4211181287
2020-10-27,ho1s,0.6936427700
2020-10-27,ng1s,0.4540693633
2020-10-27,nq1s,0.5489967684
2020-10-27,pl1s,0.4215079614
2020-10-27,rb1s,0.3343473696
2020-10-27,si1s,0.4047562056
2020-10-28,cl1s,0.5895492890
2020-10-28,es1s,0.5032305304
2020-10-28,fesx1s,0.5425791456
2020-10-28,gc1s,0.5244366915
2020-10-28,hg1s,0.4176822638
2020-10-28,nq1s,0.5751639761
2020-10-28,pl1s,0.4214631850
2020-10-28,rb1s,0.2674688330
2020-10-28,si1s,0.4071026261
2020-10-29,cl1s,0.5864144460
2020-10-29,es1s,0.4988298785
2020-10-29,fesx1s,0.5409488247
2020-10-29,gc1s,0.4738142474
2020-10-29,hg1s,0.4364028929
2020-10-29,ho1s,0.6889785173
2020-10-29,nq1s,0.5550100600
2020-10-29,pl1s,0.4788120585
2020-10-29,rb1s,0.3088343639
2020-10-29,si1s,0.4029142437
2020-10-30,cl1s,0.5866043268
2020-10-30,es1s,0.4976108443
2020-10-30,fesx1s,0.5408526521
2020-10-30,gc1s,0.3878705574
2020-10-30,hg1s,0.4277537777
2020-10-30,ho1s,0.6924193499
2020-10-30,nq1s,0.5788551519
2020-10-30,pl1s,0.5426933829
2020-10-30,rb1s,0.3225067454
2020-10-30,si1s,0.4021027813
2020-11-02,cl1s,0.5909830685
2020-11-02,es1s,0.4965598508
2020-11-02,fesx1s,0.5393460548
2020-11-02,hg1s,0.4275432803
2020-11-02,nq1s,0.5610626654
2020-11-02,pl1s,0.5197193070
2020-11-02,rb1s,0.3165380665
2020-11-02,si1s,0.4001630887
2020-11-03,cl1s,0.5877185010
2020-11-03,es1s,0.4868119086
2020-11-03,fesx1s,0.5378561730
2020-11-03,gc1s,0.3367961499
2020-11-03,hg1s,0.3966949049
2020-11-03,pl1s,0.5032427903
2020-11-03,rb1s,0.3544707937
2020-11-03,si1s,0.4127703148
2020-11-04,cl1s,0.5883297006
2020-11-04,es1s,0.4826660810
2020-11-04,fesx1s,0.5427681703
2020-11-04,gc1s,0.4527071266
2020-11-04,hg1s,0.4108885065
2020-11-04,nq1s,0.5520975183
2020-11-04,pl1s,0.4407922730
2020-11-04,rb1s,0.3435314749
2020-11-04,si1s,0.3908739330
2020-11-05,cl1s,0.5843704221
2020-11-05,es1s,0.4564490716
2020-11-05,fesx1s,0.5286409216
2020-11-05,hg1s,0.3763400472
2020-11-05,nq1s,0.5153355763
2020-11-05,pl1s,0.5698234863
2020-11-05,rb1s,0.2626798889
2020-11-05,si1s,0.4279429561
2020-11-06,cl1s,0.5866997161
2020-11-06,es1s,0.4705980669
2020-11-06,fesx1s,0.5337565725
2020-11-06,hg1s,0.3912722107
2020-11-06,nq1s,0.5365723861
2020-11-06,pl1s,0.4691190837
2020-11-06,rb1s,0.2399016775
2020-11-06,si1s,0.4201640747
2020-11-09,cl1s,0.5886127322
2020-11-09,es1s,0.4806594804
2020-11-09,fesx1s,0.5370535185
2020-11-09,hg1s,0.3963446756
2020-11-09,nq1s,0.5542579502
2020-11-09,pl1s,0.5664527634
2020-11-09,rb1s,0.2239875727
2020-11-09,si1s,0.4263237004
2020-11-10,cl1s,0.5886679565
2020-11-10,es1s,0.4938775947
2020-11-10,fesx1s,0.5345676084
2020-11-10,gc1s,0.3373115926
2020-11-10,hg1s,0.4203965649
2020-11-10,nq1s,0.5691707412
2020-11-10,pl1s,0.5241674706
2020-11-10,rb1s,0.2162896523
2020-11-10,si1s,0.4188959882
2020-11-11,cl1s,0.5892740303
2020-11-11,es1s,0.4790373910
2020-11-11,fesx1s,0.5367774941
2020-11-11,hg1s,0.3991246046
2020-11-11,nq1s,0.5484481067
2020-11-11,pl1s,0.4258488874
2020-11-11,rb1s,0.2113179606
2020-11-11,si1s,0.4208843526
2020-11-12,cl1s,0.5913867447
2020-11-12,es1s,0.4948778754
2020-11-12,fesx1s,0.5396789908
2020-11-12,gc1s,0.4228614838
2020-11-12,hg1s,0.4299420168
2020-11-12,nq1s,0.5458964260
2020-11-12,pl1s,0.5108296963
2020-11-12,rb1s,0.2222558015
2020-11-12,si1s,0.4133939274
2020-11-13,cl1s,0.5910359224
2020-11-13,es1s,0.4885174226
2020-11-13,fesx1s,0.5385541737
2020-11-13,hg1s,0.4151633065
2020-11-13,nq1s,0.5649553663
2020-11-13,pl1s,0.5353393055
2020-11-13,rb1s,0.2614105329
2020-11-13,si1s,0.4182836374
2020-11-16,cl1s,0.5902093551
2020-11-16,es1s,0.4893268662
2020-11-16,fesx1s,0.5422044969
2020-11-16,hg1s,0.4102799469
2020-11-16,nq1s,0.5601699338
2020-11-16,pl1s,0.5119018108
2020-11-16,rb1s,0.2644705533
2020-11-16,si1s,0.4129182432
2020-11-17,cl1s,0.5880518662
2020-11-17,es1s,0.4995898285
2020-11-17,fesx1s,0.5413281867
2020-11-17,hg1s,0.3851472909
2020-11-17,nq1s,0.5611850334
2020-11-17,pl1s,0.5153285611
2020-11-17,rb1s,0.2242650678
2020-11-17,si1s,0.4206975938
2020-11-18,cl1s,0.5876939632
2020-11-18,es1s,0.5071844634
2020-11-18,fesx1s,0.5371081271
2020-11-18,hg1s,0.3896555236
2020-11-18,nq1s,0.5685477747
2020-11-18,pl1s,0.4462782224
2020-11-18,rb1s,0.2213051352
2020-11-18,si1s,0.4225204842
2020-11-19,cl1s,0.5875707208
2020-11-19,es1s,0.5010818027
2020-11-19,fesx1s,0.5360661887
2020-11-19,gc1s,0.3500657078
2020-11-19,hg1s,0.4118412401
2020-11-19,nq1s,0.5484490841
2020-11-19,pl1s,0.4706767630
2020-11-19,rb1s,0.2101517400
2020-11-19,si1s,0.4224482929
2020-11-20,cl1s,0.5869196657
2020-11-20,es1s,0.5014550237
2020-11-20,fesx1s,0.5380117012
2020-11-20,hg1s,0.4017365411
2020-11-20,nq1s,0.5620848352
2020-11-20,pl1s,0.6208418070
2020-11-20,rb1s,0.2117443899
2020-11-20,si1s,0.4204938777
2020-11-23,cl1s,0.5842176689
2020-11-23,es1s,0.5033020756
2020-11-23,fesx1s,0.5383941204
2020-11-23,gc1s,0.4251617815
2020-11-23,hg1s,0.3920108571
2020-11-23,nq1s,0.5518637917
2020-11-23,pl1s,0.4482630990
2020-11-23,rb1s,0.2076018912
2020-11-23,si1s,0.4193393302
2020-11-24,cl1s,0.5845261953
2020-11-24,es1s,0.4964831646
2020-11-24,fesx1s,0.5372482457
2020-11-24,gc1s,0.4313337102
2020-11-24,hg1s,0.3914662308
2020-11-24,nq1s,0.5521490069
2020-11-24,pl1s,0.5364320475
2020-11-24,rb1s,0.1880275074
2020-11-24,si1s,0.4202491887
2020-11-25,es1s,0.5017123579
2020-11-25,fesx1s,0.5362608110
2020-11-25,gc1s,0.4758932339
2020-11-25,hg1s,0.3993210885
2020-11-25,nq1s,0.5450375284
2020-11-25,rb1s,0.1495994050
2020-11-25,si1s,0.4064413487
2020-11-26,fesx1s,0.5294458173
2020-11-27,es1s,0.4897870915
2020-11-27,fesx1s,0.5304606128
2020-11-27,gc1s,0.5708201405
2020-11-27,hg1s,0.4125797692
2020-11-27,nq1s,0.5430158588
2020-11-27,rb1s,0.1499394133
2020-11-27,si1s,0.4136992516
2020-11-30,es1s,0.5063150729
2020-11-30,fesx1s,0.5354784463
2020-11-30,gc1s,0.5984875134
2020-11-30,hg1s,0.3987154761
2020-11-30,nq1s,0.5248969848
2020-11-30,rb1s,0.1545030264
2020-11-30,si1s,0.4083587434
2020-12-01,cl1s,0.5937772372
2020-12-01,es1s,0.4941676305
2020-12-01,fesx1s,0.5307284858
2020-12-01,gc1s,0.4480004138
2020-12-01,hg1s,0.3813212558
2020-12-01,nq1s,0.5111248283
2020-12-01,pl1s,0.5930130740
2020-12-01,rb1s,0.1666541369
2020-12-02,cl1s,0.5888380390
2020-12-02,es1s,0.4897593185
2020-12-02,fesx1s,0.5330756991
2020-12-02,gc1s,0.4781438776
2020-12-02,hg1s,0.4023537600
2020-12-02,nq1s,0.5249911488
2020-12-02,pl1s,0.5592328287
2020-12-02,rb1s,0.1431943697
2020-12-03,cl1s,0.5850967710
2020-12-03,es1s,0.4855769991
2020-12-03,fesx1s,0.5311416062
2020-12-03,hg1s,0.3939443370
2020-12-03,nq1s,0.5120915740
2020-12-03,pl1s,0.6309961663
2020-12-03,rb1s,0.1491871889
2020-12-03,si1s,0.4237474982
2020-12-04,cl1s,0.5802913838
2020-12-04,es1s,0.4773839597
2020-12-04,fesx1s,0.5272294853
2020-12-04,hg1s,0.4251270262
2020-12-04,nq1s,0.5249822554
2020-12-04,pl1s,0.6284802026
2020-12-04,rb1s,0.1506705265
2020-12-04,si1s,0.4244937721
2020-12-07,cl1s,0.5833524824
2020-12-07,es1s,0.4820900680
2020-12-07,fesx1s,0.5265161343
2020-12-07,hg1s,0.4203853543
2020-12-07,nq1s,0.5269448546
2020-12-07,pl1s,0.5644219858
2020-12-07,rb1s,0.1628742515
2020-12-07,si1s,0.4118991004
2020-12-08,cl1s,0.5835825067
2020-12-08,es1s,0.4319452631
2020-12-08,fesx1s,0.5239938329
2020-12-08,hg1s,0.4258132821
2020-12-08,nq1s,0.5252884183
2020-12-08,pl1s,0.5479429057
2020-12-08,rb1s,0.1710361033
2020-12-08,si1s,0.4113328626
2020-12-09,cl1s,0.5882026242
2020-12-09,es1s,0.4465166201
2020-12-09,fesx1s,0.5235145251
2020-12-09,hg1s,0.3976931101
2020-12-09,nq1s,0.5322662995
2020-12-09,pl1s,0.5909785030
2020-12-09,rb1s,0.1897940676
2020-12-09,si1s,0.4155003288
2020-12-10,es1s,0.4375468792
2020-12-10,fesx1s,0.5322114788
2020-12-10,hg1s,0.3980994719
2020-12-10,nq1s,0.5163454920
2020-12-10,pl1s,0.5455291835
2020-12-10,rb1s,0.1674731508
2020-12-10,si1s,0.4233593996
2020-12-11,cl1s,0.5900635571
2020-12-11,es1s,0.4323012039
2020-12-11,fesx1s,0.5299227822
2020-12-11,hg1s,0.3955919391
2020-12-11,nq1s,0.4966661508
2020-12-11,pl1s,0.5852955380
2020-12-11,rb1s,0.1685922660
2020-12-11,si1s,0.4299123709
2020-12-14,es1s,0.4420462514
2020-12-14,fesx1s,0.5273407517
2020-12-14,gc1s,0.4809877025
2020-12-14,hg1s,0.3981541650
2020-12-14,nq1s,0.4919309120
2020-12-14,pl1s,0.5447211166
2020-12-14,rb1s,0.1669160627
2020-12-14,si1s,0.4221576806
2020-12-15,es1s,0.4289613019
2020-12-15,fesx1s,0.5193351607
2020-12-15,gc1s,0.3301186680
2020-12-15,hg1s,0.3730386669
2020-12-15,nq1s,0.4927589572
2020-12-15,pl1s,0.5510424065
2020-12-15,rb1s,0.1512342920
2020-12-15,si1s,0.4195080154
2020-12-16,es1s,0.4202619374
2020-12-16,fesx1s,0.5172329456
2020-12-16,gc1s,0.3606792893
2020-12-16,hg1s,0.3704165074
2020-12-16,nq1s,0.5001724469
2020-12-16,pl1s,0.5082211785
2020-12-16,rb1s,0.1418673687
2020-12-16,si1s,0.4158664962
2020-12-17,es1s,0.4100043379
2020-12-17,fesx1s,0.5128852058
2020-12-17,hg1s,0.3593452393
2020-12-17,nq1s,0.5150149054
2020-12-17,pl1s,0.5416114099
2020-12-17,rb1s,0.1528661233
2020-12-17,si1s,0.4208787974
2020-12-18,es1s,0.4083887224
2020-12-18,fesx1s,0.5144227785
2020-12-18,hg1s,0.3856177693
2020-12-18,ho1s,0.6730186068
2020-12-18,nq1s,0.5235402765
2020-12-18,pl1s,0.5745350653
2020-12-18,rb1s,0.1426931715
2020-12-18,si1s,0.4217486279
2020-12-21,es1s,0.4192695241
2020-12-21,fesx1s,0.5146469127
2020-12-21,hg1s,0.3871479198
2020-12-21,ho1s,0.6687916897
2020-12-21,nq1s,0.5308565555
2020-12-21,pl1s,0.5606316429
2020-12-21,rb1s,0.1602525489
2020-12-21,si1s,0.4051110675
2020-12-22,es1s,0.4177338228
2020-12-22,fesx1s,0.5212942878
2020-12-22,hg1s,0.3868239805
2020-12-22,nq1s,0.5131340701
2020-12-22,pl1s,0.4775654099
2020-12-22,rb1s,0.2244933176
2020-12-22,si1s,0.4129656699
2020-12-23,es1s,0.4142312030
2020-12-23,fesx1s,0.5125333420
2020-12-23,hg1s,0.3937392103
2020-12-23,nq1s,0.5073652308
2020-12-23,pl1s,0.4817337400
2020-12-23,rb1s,0.2174247516
2020-12-23,si1s,0.4034498991
2020-12-24,es1s,0.4098383315
2020-12-24,gc1s,0.5828879129
2020-12-24,hg1s,0.3946972853
2020-12-24,nq1s,0.5175638006
2020-12-24,pl1s,0.5815431033
2020-12-24,rb1s,0.2302973337
2020-12-24,si1s,0.4195760042
2020-12-28,es1s,0.4056318530
2020-12-28,fesx1s,0.5138330638
2020-12-28,gc1s,0.5557846629
2020-12-28,hg1s,0.3868773619
2020-12-28,nq1s,0.5064804768
2020-12-28,pl1s,0.5657193362
2020-12-28,rb1s,0.2149385402
2020-12-28,si1s,0.4228132386
2020-12-29,es1s,0.4202415324
2020-12-29,fesx1s,0.5164104679
2020-12-29,gc1s,0.5269014737
2020-12-29,hg1s,0.4488557865
2020-12-29,nq1s,0.4991194439
2020-12-29,pl1s,0.5194117437
2020-12-29,rb1s,0.2377953441
2020-12-29,si1s,0.4257085026
2020-12-30,es1s,0.3920781722
2020-12-30,fesx1s,0.5108944252
2020-12-30,gc1s,0.4773457968
2020-12-30,hg1s,0.4357816936
2020-12-30,nq1s,0.4918900269
2020-12-30,pl1s,0.4965115286
2020-12-30,rb1s,0.2341941115
2020-12-30,si1s,0.4252029774
2020-12-31,gc1s,0.5677392514
2020-12-31,hg1s,0.4494510544
2020-12-31,nq1s,0.5029050881
2020-12-31,pl1s,0.5757490742
2020-12-31,rb1s,0.2175859365
2020-12-31,si1s,0.4147215430
2021-01-04,cl1s,0.5960306031
2021-01-04,es1s,0.3999129533
2021-01-04,fesx1s,0.5106629044
2021-01-04,gc1s,0.5656188640
2021-01-04,hg1s,0.4414065490
2021-01-04,ho1s,0.7051869911
2021-01-04,nq1s,0.5220225723
2021-01-04,pl1s,0.5818999318
2021-01-04,rb1s,0.2446290106
2021-01-04,si1s,0.3965230253
2021-01-05,cl1s,0.5867621820
2021-01-05,es1s,0.3961039833
2021-01-05,fesx1s,0.5124402664
2021-01-05,hg1s,0.4058602847
2021-01-05,nq1s,0.5020505112
2021-01-05,pl1s,0.5632819967
2021-01-05,rb1s,0.2366006630
2021-01-05,si1s,0.4052855872
2021-01-06,cl1s,0.5881416662
2021-01-06,es1s,0.3920895249
2021-01-06,fesx1s,0.5124515092
2021-01-06,hg1s,0.4242989135
2021-01-06,nq1s,0.5461060510
2021-01-06,rb1s,0.2327495598
2021-01-07,cl1s,0.5828529194
2021-01-07,es1s,0.3902673808
2021-01-07,fesx1s,0.5099802459
2021-01-07,hg1s,0.4152069311
2021-01-07,nq1s,0.5201611924
2021-01-07,pl1s,0.5919385329
2021-01-07,rb1s,0.2273862224
2021-01-08,cl1s,0.5764146620
2021-01-08,es1s,0.3883603685
2021-01-08,fesx1s,0.5110825319
2021-01-08,hg1s,0.4704405582
2021-01-08,nq1s,0.5201056299
2021-01-08,pl1s,0.6012226641
2021-01-08,rb1s,0.2176208137
2021-01-08,si1s,0.3903802763
2021-01-11,cl1s,0.5820531051
2021-01-11,es1s,0.3952419242
2021-01-11,fesx1s,0.5153358684
2021-01-11,hg1s,0.4715985848
2021-01-11,nq1s,0.5339353271
2021-01-11,pl1s,0.5947291853
2021-01-11,rb1s,0.2285618884
2021-01-12,es1s,0.3895897573
2021-01-12,fesx1s,0.5118382662
2021-01-12,hg1s,0.4444805442
2021-01-12,nq1s,0.5059992092
2021-01-12,pl1s,0.5152260537
2021-01-12,rb1s,0.2559348865
2021-01-12,si1s,0.4019634078
2021-01-13,es1s,0.3880985666
2021-01-13,fesx1s,0.5121328540
2021-01-13,hg1s,0.4448331123
2021-01-13,nq1s,0.5032332656
2021-01-13,pl1s,0.5604302381
2021-01-13,rb1s,0.2309148360
2021-01-13,si1s,0.4214517274
2021-01-14,es1s,0.3879112795
2021-01-14,fesx1s,0.5105122322
2021-01-14,hg1s,0.4361434126
2021-01-14,nq1s,0.5151035186
2021-01-14,pl1s,0.5719575172
2021-01-14,rb1s,0.2087135602
2021-01-14,si1s,0.4033568893
2021-01-15,cl1s,0.5875008854
2021-01-15,es1s,0.3957953403
2021-01-15,fesx1s,0.5123982329
2021-01-15,hg1s,0.4518268546
2021-01-15,nq1s,0.5447608124
2021-01-15,pl1s,0.5107150044
2021-01-15,rb1s,0.2579586632
2021-01-15,si1s,0.4083772031
2021-01-18,fesx1s,0.5135639572
2021-01-19,cl1s,0.5877810423
2021-01-19,es1s,0.3892177445
2021-01-19,fesx1s,0.5153494139
2021-01-19,hg1s,0.4315416501
2021-01-19,nq1s,0.5311941770
2021-01-19,pl1s,0.4672237523
2021-01-19,rb1s,0.2549701533
2021-01-19,si1s,0.4025189791
2021-01-20,cl1s,0.5911836084
2021-01-20,es1s,0.3831739086
2021-01-20,fesx1s,0.5129975411
2021-01-20,gc1s,0.4067394666
2021-01-20,hg1s,0.4104089520
2021-01-20,nq1s,0.5106142252
2021-01-20,pl1s,0.5468717698
2021-01-20,rb1s,0.2629196174
2021-01-20,si1s,0.3971732232
2021-01-21,cl1s,0.5890346107
2021-01-21,es1s,0.3839146750
2021-01-21,fesx1s,0.5148196322
2021-01-21,gc1s,0.5851071246
2021-01-21,hg1s,0.4329694238
2021-01-21,nq1s,0.5173079668
2021-01-21,pl1s,0.6206239683
2021-01-21,rb1s,0.2170012894
2021-01-21,si1s,0.3999794722
2021-01-22,es1s,0.3912850543
2021-01-22,fesx1s,0.5207472743
2021-01-22,hg1s,0.4777369682
2021-01-22,nq1s,0.5338419855
2021-01-22,pl1s,0.5939958710
2021-01-22,rb1s,0.1611106996
2021-01-22,si1s,0.3889554848
2021-01-25,es1s,0.3883632526
2021-01-25,fesx1s,0.5267121335
2021-01-25,hg1s,0.4645303594
2021-01-25,nq1s,0.5452333115
2021-01-25,pl1s,0.5764685255
2021-01-25,rb1s,0.1702134133
2021-01-25,si1s,0.3937635701
2021-01-26,es1s,0.3807520636
2021-01-26,fesx1s,0.5202288750
2021-01-26,hg1s,0.4145449254
2021-01-26,nq1s,0.5057128931
2021-01-26,pl1s,0.5746398469
2021-01-26,rb1s,0.2041842531
2021-01-26,si1s,0.3925198195
2021-01-27,es1s,0.3947295093
2021-01-27,fesx1s,0.5266166174
2021-01-27,hg1s,0.4421906319
2021-01-27,rb1s,0.1979424021
2021-01-27,si1s,0.3999454265
2021-01-28,es1s,0.3883392018
2021-01-28,fesx1s,0.5137351014
2021-01-28,hg1s,0.4601263919
2021-01-28,nq1s,0.5328619272
2021-01-28,pl1s,0.4759773467
2021-01-28,rb1s,0.2497677507
2021-01-28,si1s,0.3886829488
2021-01-29,es1s,0.4062378312
2021-01-29,fesx1s,0.5291773351
2021-01-29,hg1s,0.4564629934
2021-01-29,nq1s,0.5424662636
2021-01-29,pl1s,0.4736823896
2021-01-29,rb1s,0.2388008983
2021-02-01,es1s,0.3928777175
2021-02-01,fesx1s,0.5218568312
2021-02-01,hg1s,0.4135869272
2021-02-01,nq1s,0.5199769234
2021-02-01,pl1s,0.5824938987
2021-02-01,rb1s,0.2620175186
2021-02-01,si1s,0.3894705462
2021-02-02,es1s,0.3922225403
2021-02-02,fesx1s,0.5244149666
2021-02-02,hg1s,0.4502373828
2021-02-02,nq1s,0.5084720460
2021-02-02,pl1s,0.4208343938
2021-02-02,rb1s,0.2608358145
2021-02-03,es1s,0.3923361507
2021-02-03,fesx1s,0.5191553203
2021-02-03,hg1s,0.4421414571
2021-02-03,nq1s,0.5215585922
2021-02-03,rb1s,0.2376074895
2021-02-03,si1s,0.3960800430
2021-02-04,cl1s,0.5833699264
2021-02-04,es1s,0.3852589383
2021-02-04,fesx1s,0.5131184479
2021-02-04,gc1s,0.5361936865
2021-02-04,hg1s,0.4158630191
2021-02-04,nq1s,0.5009950760
2021-02-04,pl1s,0.4844545797
2021-02-04,rb1s,0.2397265613
2021-02-04,si1s,0.4054331244
2021-02-05,cl1s,0.5855093727
2021-02-05,es1s,0.3805519553
2021-02-05,fesx1s,0.5105365232
2021-02-05,hg1s,0.4334209562
2021-02-05,nq1s,0.4784232511
2021-02-05,pl1s,0.5148946046
2021-02-05,rb1s,0.2275425614
2021-02-05,si1s,0.3965503917
2021-02-08,cl1s,0.5846444702
2021-02-08,fesx1s,0.5102018272
2021-02-08,hg1s,0.4128527915
2021-02-08,pl1s,0.5974493837
2021-02-08,rb1s,0.2517801929
2021-02-08,si1s,0.4014667871
2021-02-09,cl1s,0.5825640072
2021-02-09,fesx1s,0.5140537825
2021-02-09,hg1s,0.4322621393
2021-02-09,pl1s,0.5563781444
2021-02-09,rb1s,0.2020300663
2021-02-09,si1s,0.3972771424
2021-02-10,cl1s,0.5849642858
2021-02-10,fesx1s,0.5163887634
2021-02-10,hg1s,0.4347509347
2021-02-10,pl1s,0.5472063990
2021-02-10,rb1s,0.2078190595
2021-02-10,si1s,0.4076108588
2021-02-11,cl1s,0.5858204057
2021-02-11,es1s,0.3844206895
2021-02-11,fesx1s,0.5130429526
2021-02-11,hg1s,0.4305753483
2021-02-11,nq1s,0.4984048227
2021-02-11,pl1s,0.6164241061
2021-02-11,rb1s,0.2064718924
2021-02-11,si1s,0.4055314139
2021-02-12,cl1s,0.5876092906
2021-02-12,es1s,0.3835641944
2021-02-12,fesx1s,0.5149780561
2021-02-12,hg1s,0.4556061989
2021-02-12,pl1s,0.6081299706
2021-02-12,rb1s,0.1963110182
2021-02-12,si1s,0.3986777271
2021-02-15,fesx1s,0.5128051301
2021-02-16,cl1s,0.5898261149
2021-02-16,es1s,0.3892762937
2021-02-16,fesx1s,0.5154948720
2021-02-16,hg1s,0.4483481490
2021-02-16,ng1s,0.4984601953
2021-02-16,pl1s,0.5995405379
2021-02-16,rb1s,0.1656693893
2021-02-16,si1s,0.3891705789
2021-02-17,cl1s,0.5850959145
2021-02-17,es1s,0.3874173070
2021-02-17,fesx1s,0.5145943597
2021-02-17,hg1s,0.4342460071
2021-02-17,pl1s,0.5692189377
2021-02-17,rb1s,0.1846637142
2021-02-17,si1s,0.4060508163
2021-02-18,cl1s,0.5917746738
2021-02-18,es1s,0.3873651685
2021-02-18,fesx1s,0.5138508213
2021-02-18,hg1s,0.4453614830
2021-02-18,nq1s,0.5049227109
2021-02-18,pl1s,0.6177879502
2021-02-18,rb1s,0.1934896782
2021-02-18,si1s,0.4072771579
2021-02-19,cl1s,0.5903590857
2021-02-19,es1s,0.3864856460
2021-02-19,fesx1s,0.5104754943
2021-02-19,gc1s,0.6099676583
2021-02-19,hg1s,0.4499349959
2021-02-19,pl1s,0.5994708236
2021-02-19,rb1s,0.1678553672
2021-02-19,si1s,0.4086726051
2021-02-22,cl1s,0.5907500472
2021-02-22,es1s,0.3939898833
2021-02-22,fesx1s,0.5143027458
2021-02-22,hg1s,0.4185284421
2021-02-22,nq1s,0.5331548623
2021-02-22,pl1s,0.5751209939
2021-02-22,rb1s,0.1911388912
2021-02-22,si1s,0.4075968578
2021-02-23,cl1s,0.5920137014
2021-02-23,es1s,0.3928834105
2021-02-23,fesx1s,0.5129117645
2021-02-23,hg1s,0.3931943736
2021-02-23,nq1s,0.5326508139
2021-02-23,pl1s,0.4804275139
2021-02-23,rb1s,0.1803709903
2021-02-23,si1s,0.4140265547
2021-02-24,cl1s,0.5895327046
2021-02-24,es1s,0.3830394418
2021-02-24,fesx1s,0.5106195270
2021-02-24,hg1s,0.4090284093
2021-02-24,nq1s,0.5516767908
2021-02-24,pl1s,0.4858524095
2021-02-24,rb1s,0.1954235656
2021-02-24,si1s,0.4250365460
2021-02-25,cl1s,0.5837187467
2021-02-25,es1s,0.4150491789
2021-02-25,fesx1s,0.5185530371
2021-02-25,hg1s,0.4443530392
2021-02-25,nq1s,0.5887278612
2021-02-25,pl1s,0.5905365268
2021-02-25,rb1s,0.1717037832
2021-02-26,es1s,0.4254670841
2021-02-26,fesx1s,0.5194923926
2021-02-26,gc1s,0.5386959550
2021-02-26,hg1s,0.4237089494
2021-02-26,nq1s,0.5924335886
2021-02-26,pl1s,0.5118998095
2021-02-26,rb1s,0.1975399464
2021-02-26,si1s,0.4161514986
2021-03-01,es1s,0.4064715037
2021-03-01,fesx1s,0.5187648960
2021-03-01,gc1s,0.5575849776
2021-03-01,hg1s,0.4335816228
2021-03-01,nq1s,0.5654419314
2021-03-01,pl1s,0.5511414054
2021-03-01,rb1s,0.1980944529
2021-03-01,si1s,0.4174133191
2021-03-02,es1s,0.4032092764
2021-03-02,fesx1s,0.5124361820
2021-03-02,gc1s,0.4662272574
2021-03-02,hg1s,0.4113168364
2021-03-02,nq1s,0.5755362336
2021-03-02,pl1s,0.5021540416
2021-03-02,rb1s,0.1875012018
2021-03-02,si1s,0.4087682145
2021-03-03,es1s,0.4200160659
2021-03-03,fesx1s,0.5130841876
2021-03-03,gc1s,0.5561262377
2021-03-03,hg1s,0.4085570381
2021-03-03,nq1s,0.6060060198
2021-03-03,pl1s,0.4411048073
2021-03-03,rb1s,0.1991528483
2021-03-03,si1s,0.4154551508
2021-03-04,es1s,0.4246291271
2021-03-04,fesx1s,0.5136946159
2021-03-04,gc1s,0.5843998702
2021-03-04,hg1s,0.4356232853
2021-03-04,nq1s,0.6189701095
2021-03-04,pl1s,0.5259266119
2021-03-04,rb1s,0.2297998599
2021-03-04,si1s,0.4090332785
2021-03-05,cl1s,0.5923731145
2021-03-05,fesx1s,0.5128195782
2021-03-05,gc1s,0.5452259457
2021-03-05,hg1s,0.4296309521
2021-03-05,nq1s,0.6151542352
2021-03-05,pl1s,0.5499457754
2021-03-05,rb1s,0.2270103584
2021-03-05,si1s,0.4034690383
2021-03-08,cl1s,0.5945117685
2021-03-08,es1s,0.4220969155
2021-03-08,fesx1s,0.5130692064
2021-03-08,gc1s,0.6344905745
2021-03-08,hg1s,0.4240248040
2021-03-08,nq1s,0.6218199469
2021-03-08,pl1s,0.5787180241
2021-03-08,rb1s,0.2414160752
2021-03-08,si1s,0.4004617033
2021-03-09,es1s,0.4098601664
2021-03-09,fesx1s,0.5118075188
2021-03-09,gc1s,0.5147262094
2021-03-09,hg1s,0.4031536589
2021-03-09,nq1s,0.5946660795
2021-03-09,pl1s,0.4756082064
2021-03-09,rb1s,0.2426035845
2021-03-09,si1s,0.3983317209
2021-03-10,es1s,0.4062052419
2021-03-10,fesx1s,0.5100902560
2021-03-10,gc1s,0.4185188381
2021-03-10,hg1s,0.4091945297
2021-03-10,nq1s,0.5867720805
2021-03-10,pl1s,0.4296565430
2021-03-10,rb1s,0.2501325916
2021-03-10,si1s,0.4068382635
2021-03-11,es1s,0.4019685614
2021-03-11,fesx1s,0.5087059987
2021-03-11,gc1s,0.4763582956
2021-03-11,hg1s,0.4181877942
2021-03-11,nq1s,0.5601526507
2021-03-11,pl1s,0.4755834382
2021-03-11,rb1s,0.2368036036
2021-03-11,si1s,0.4014449048
2021-03-12,es1s,0.4014667086
2021-03-12,fesx1s,0.5118349776
2021-03-12,gc1s,0.4401366644
2021-03-12,hg1s,0.4128474719
2021-03-12,nq1s,0.5799759503
2021-03-12,pl1s,0.5836550498
2021-03-12,rb1s,0.2022755634
2021-03-12,si1s,0.4022176208
2021-03-15,es1s,0.4016675271
2021-03-15,fesx1s,0.5147162267
2021-03-15,gc1s,0.4921848993
2021-03-15,hg1s,0.4114173031
2021-03-15,nq1s,0.5758452693
2021-03-15,pl1s,0.5638926811
2021-03-15,rb1s,0.2114576596
2021-03-15,si1s,0.4034553036
2021-03-16,es1s,0.4061505908
2021-03-16,fesx1s,0.5149935347
2021-03-16,gc1s,0.3763196647
2021-03-16,hg1s,0.4041237689
2021-03-16,nq1s,0.5680467047
2021-03-16,pl1s,0.4770788335
2021-03-16,rb1s,0.2076309263
2021-03-16,si1s,0.4023082799
2021-03-17,es1s,0.4073806414
2021-03-17,fesx1s,0.5140520850
2021-03-17,gc1s,0.4953090286
2021-03-17,hg1s,0.4119870622
2021-03-17,nq1s,0.5622065342
2021-03-17,pl1s,0.4844558321
2021-03-17,rb1s,0.2178892296
2021-03-17,si1s,0.3991020829
2021-03-18,es1s,0.4165469044
2021-03-18,fesx1s,0.5125864636
2021-03-18,gc1s,0.4720396737
2021-03-18,hg1s,0.4368871098
2021-03-18,nq1s,0.6083809648
2021-03-18,pl1s,0.5800327287
2021-03-18,rb1s,0.2154683137
2021-03-18,si1s,0.3981211894
2021-03-19,es1s,0.4185771475
2021-03-19,fesx1s,0.5111439363
2021-03-19,gc1s,0.4490650996
2021-03-19,hg1s,0.4266578321
2021-03-19,nq1s,0.6121495873
2021-03-19,pl1s,0.5369568923
2021-03-19,rb1s,0.2526785022
2021-03-19,si1s,0.4092620064
2021-03-22,es1s,0.4090436304
2021-03-22,fesx1s,0.5117667996
2021-03-22,hg1s,0.4340166247
2021-03-22,nq1s,0.6022026242
2021-03-22,pl1s,0.5643043953
2021-03-22,rb1s,0.2539337052
2021-03-22,si1s,0.4108445807
2021-03-23,es1s,0.4264020228
2021-03-23,fesx1s,0.5055148146
2021-03-23,hg1s,0.4524237949
2021-03-23,nq1s,0.6039629871
2021-03-23,pl1s,0.5978409196
2021-03-23,rb1s,0.2448094027
2021-03-23,si1s,0.4035528604
2021-03-24,fesx1s,0.5104086938
2021-03-24,hg1s,0.4268252272
2021-03-24,nq1s,0.6084114694
2021-03-24,pl1s,0.4719333117
2021-03-24,rb1s,0.2249525484
2021-03-24,si1s,0.4081528634
2021-03-25,es1s,0.4337731816
2021-03-25,fesx1s,0.5173076064
2021-03-25,hg1s,0.4485997679
2021-03-25,nq1s,0.5914853590
2021-03-25,pl1s,0.5595291596
2021-03-25,rb1s,0.2288480061
2021-03-25,si1s,0.4008223181
2021-03-26,es1s,0.4196666057
2021-03-26,fesx1s,0.5168005829
2021-03-26,hg1s,0.4624254348
2021-03-26,nq1s,0.6011219008
2021-03-26,pl1s,0.5454893277
2021-03-26,rb1s,0.2010479320
2021-03-26,si1s,0.4063806812
2021-03-29,es1s,0.4227521532
2021-03-29,fesx1s,0.5133469099
2021-03-29,hg1s,0.4382752398
2021-03-29,nq1s,0.5979658466
2021-03-29,pl1s,0.5168746502
2021-03-29,rb1s,0.2132728785
2021-03-29,si1s,0.4034721495
2021-03-30,es1s,0.4224517892
2021-03-30,fesx1s,0.5095039828
2021-03-30,hg1s,0.4600913325
2021-03-30,nq1s,0.5958816592
2021-03-30,pl1s,0.5698839285
2021-03-30,rb1s,0.2458856347
2021-03-30,si1s,0.3970173062
2021-03-31,es1s,0.4128756489
2021-03-31,fesx1s,0.5086295961
2021-03-31,hg1s,0.4743401058
2021-03-31,nq1s,0.5857296590
2021-03-31,pl1s,0.5426313671
2021-03-31,rb1s,0.2082498484
2021-03-31,si1s,0.3825556040
2021-04-01,es1s,0.4052416211
2021-04-01,fesx1s,0.5062964752
2021-04-01,hg1s,0.4833332822
2021-04-01,nq1s,0.5811305382
2021-04-01,pl1s,0.5479710859
2021-04-01,rb1s,0.1988349770
2021-04-01,si1s,0.3845863058
2021-04-02,es1s,0.3974492341
2021-04-02,nq1s,0.5819027937
2021-04-05,hg1s,0.4869063626
2021-04-05,nq1s,0.5821695433
2021-04-05,pl1s,0.5737766992
2021-04-05,rb1s,0.2151772227
2021-04-05,si1s,0.3946572204
2021-04-06,fesx1s,0.5096769464
2021-04-06,gc1s,0.4369326307
2021-04-06,hg1s,0.4587916772
2021-04-06,nq1s,0.5508301680
2021-04-06,rb1s,0.2009430405
2021-04-06,si1s,0.3998440623
2021-04-07,fesx1s,0.5066961557
2021-04-07,gc1s,0.5554508975
2021-04-07,hg1s,0.4241850047
2021-04-07,nq1s,0.5586211985
2021-04-07,pl1s,0.5406143743
2021-04-07,rb1s,0.1986267553
2021-04-07,si1s,0.4203602528
2021-04-08,es1s,0.3998655565
2021-04-08,fesx1s,0.5075946301
2021-04-08,hg1s,0.4648848751
2021-04-08,nq1s,0.5583021913
2021-04-08,pl1s,0.5898986565
2021-04-08,rb1s,0.2001186361
2021-04-08,si1s,0.4073946065
2021-04-09,es1s,0.4011871405
2021-04-09,fesx1s,0.5078361244
2021-04-09,gc1s,0.4952823668
2021-04-09,hg1s,0.4609298530
2021-04-09,nq1s,0.5706012967
2021-04-09,pl1s,0.5007156381
2021-04-09,rb1s,0.2078563816
2021-04-09,si1s,0.4103134090
2021-04-12,es1s,0.4050818507
2021-04-12,fesx1s,0.5084706144
2021-04-12,hg1s,0.4813875325
2021-04-12,nq1s,0.5657382747
2021-04-12,pl1s,0.5919714421
2021-04-12,rb1s,0.2331005126
2021-04-12,si1s,0.4008667507
2021-04-13,fesx1s,0.5120759314
2021-04-13,hg1s,0.4588683927
2021-04-13,nq1s,0.5616840889
2021-04-13,pl1s,0.6184582159
2021-04-13,rb1s,0.2376489348
2021-04-13,si1s,0.3949368848
2021-04-14,es1s,0.4019159670
2021-04-14,fesx1s,0.5094459099
2021-04-14,hg1s,0.4583955109
2021-04-14,nq1s,0.5694997521
2021-04-14,pl1s,0.5374287457
2021-04-14,rb1s,0.1940908537
2021-04-14,si1s,0.4144784740
2021-04-15,cl1s,0.5825894839
2021-04-15,es1s,0.3988562553
2021-04-15,fesx1s,0.5092516288
2021-04-15,hg1s,0.4555608323
2021-04-15,nq1s,0.5680779399
2021-04-15,pl1s,0.4937667646
2021-04-15,rb1s,0.1845790157
2021-04-16,cl1s,0.5802250075
2021-04-16,fesx1s,0.5074574389
2021-04-16,hg1s,0.4566229255
2021-04-16,nq1s,0.5575581339
2021-04-16,pl1s,0.5117057317
2021-04-16,rb1s,0.1980546502
2021-04-16,si1s,0.4184535132
2021-04-19,cl1s,0.5830766711
2021-04-19,es1s,0.4135620007
2021-04-19,fesx1s,0.5091518964
2021-04-19,hg1s,0.4476234998
2021-04-19,nq1s,0.5568736946
2021-04-19,rb1s,0.2040913645
2021-04-20,cl1s,0.5942289246
2021-04-20,es1s,0.4325955298
2021-04-20,fesx1s,0.5174161949
2021-04-20,hg1s,0.4169882768
2021-04-20,nq1s,0.5577081833
2021-04-20,pl1s,0.5103452529
2021-04-20,rb1s,0.2024164912
2021-04-21,cl1s,0.5934044469
2021-04-21,es1s,0.4240847143
2021-04-21,fesx1s,0.5166166836
2021-04-21,hg1s,0.4059243738
2021-04-21,nq1s,0.5577569649
2021-04-21,pl1s,0.4644491099
2021-04-21,rb1s,0.2196721718
2021-04-21,si1s,0.4175430868
2021-04-22,cl1s,0.5844866177
2021-04-22,fesx1s,0.5091001907
2021-04-22,hg1s,0.4236952439
2021-04-22,nq1s,0.5802650899
2021-04-22,pl1s,0.5303526805
2021-04-22,rb1s,0.2308208120
2021-04-23,cl1s,0.5856722698
2021-04-23,es1s,0.4145605856
2021-04-23,fesx1s,0.5088574808
2021-04-23,hg1s,0.4434310961
2021-04-23,nq1s,0.5697001259
2021-04-23,pl1s,0.5615779415
2021-04-23,rb1s,0.2045664481
2021-04-26,cl1s,0.5880697754
2021-04-26,es1s,0.4209255046
2021-04-26,fesx1s,0.5105107113
2021-04-26,hg1s,0.4381847481
2021-04-26,nq1s,0.5487678712
2021-04-26,pl1s,0.5372652305
2021-04-26,rb1s,0.1984503532
2021-04-26,si1s,0.4278313550
2021-04-27,cl1s,0.5844043014
2021-04-27,es1s,0.4246799426
2021-04-27,fesx1s,0.5125101171
2021-04-27,hg1s,0.3812713459
2021-04-27,nq1s,0.5565328772
2021-04-27,pl1s,0.5678843543
2021-04-27,rb1s,0.2078191559
2021-04-27,si1s,0.4330227570
2021-04-28,cl1s,0.5823402507
2021-04-28,es1s,0.4197628211
2021-04-28,fesx1s,0.5127388066
2021-04-28,hg1s,0.3954928400
2021-04-28,nq1s,0.5522342814
2021-04-28,pl1s,0.4350259195
2021-04-28,rb1s,0.2159394447
2021-04-28,si1s,0.4302144895
2021-04-29,cl1s,0.5841907681
2021-04-29,es1s,0.4235904305
2021-04-29,fesx1s,0.5168133521
2021-04-29,hg1s,0.3993884742
2021-04-29,nq1s,0.5454769973
2021-04-29,pl1s,0.5826002681
2021-04-29,rb1s,0.2015707492
2021-04-29,si1s,0.4269989356
2021-04-30,cl1s,0.5890240160
2021-04-30,fesx1s,0.5174590569
2021-04-30,hg1s,0.3942706998
2021-04-30,nq1s,0.5542306180
2021-04-30,pl1s,0.5596530656
2021-04-30,rb1s,0.1955889479
2021-04-30,si1s,0.4360174330
2021-05-03,cl1s,0.5785705706
2021-05-03,es1s,0.4212134532
2021-05-03,fesx1s,0.5142111978
2021-05-03,hg1s,0.3735771580
2021-05-03,nq1s,0.5606559156
2021-05-03,pl1s,0.5745452280
2021-05-03,rb1s,0.1871669763
2021-05-03,si1s,0.4279935103
2021-05-04,cl1s,0.5893784948
2021-05-04,es1s,0.4319847282
2021-05-04,fesx1s,0.5193899428
2021-05-04,hg1s,0.3456721921
2021-05-04,nq1s,0.5842336808
2021-05-04,pl1s,0.5035471223
2021-05-04,rb1s,0.1732529892
2021-05-04,si1s,0.4277177481
2021-05-05,cl1s,0.5906076746
2021-05-05,es1s,0.4241308704
2021-05-05,fesx1s,0.5186161230
2021-05-05,hg1s,0.3648343830
2021-05-05,nq1s,0.5938209377
2021-05-05,pl1s,0.5240839569
2021-05-05,rb1s,0.1950630475
2021-05-05,si1s,0.4377348401
2021-05-06,es1s,0.4067890745
2021-05-06,fesx1s,0.5050781596
2021-05-06,hg1s,0.3494155001
2021-05-06,nq1s,0.5917046382
2021-05-06,pl1s,0.4985516369
2021-05-06,rb1s,0.2117826148
2021-05-06,si1s,0.4330042384
2021-05-07,es1s,0.3985816242
2021-05-07,fesx1s,0.5080122320
2021-05-07,gc1s,0.6149210440
2021-05-07,hg1s,0.3598900110
2021-05-07,nq1s,0.5762429693
2021-05-07,pl1s,0.4577338257
2021-05-07,rb1s,0.1829612724
2021-05-07,si1s,0.4316122682
2021-05-10,fesx1s,0.5133349416
2021-05-10,hg1s,0.3650478161
2021-05-10,nq1s,0.5628876916
2021-05-10,pl1s,0.5961701114
2021-05-10,rb1s,0.2144559851
2021-05-10,si1s,0.4308534418
2021-05-11,es1s,0.4304905805
2021-05-11,fesx1s,0.5217216885
2021-05-11,hg1s,0.3445124945
2021-05-11,nq1s,0.5774875467
2021-05-11,pl1s,0.4446346259
2021-05-11,rb1s,0.2344834782
2021-05-11,si1s,0.4169518039
2021-05-12,cl1s,0.5901330878
2021-05-12,es1s,0.4420918058
2021-05-12,fesx1s,0.5228032984
2021-05-12,gc1s,0.5959610442
2021-05-12,hg1s,0.3742518673
2021-05-12,nq1s,0.6059242338
2021-05-12,pl1s,0.4846751998
2021-05-12,rb1s,0.2211790264
2021-05-12,si1s,0.4227059756
2021-05-13,es1s,0.4285012531
2021-05-13,fesx1s,0.5192156095
2021-05-13,gc1s,0.4591627053
2021-05-13,hg1s,0.3876428320
2021-05-13,nq1s,0.6114707677
2021-05-13,pl1s,0.4913140918
2021-05-13,rb1s,0.2708455732
2021-05-13,si1s,0.4188167703
2021-05-14,cl1s,0.5852016841
2021-05-14,es1s,0.4196784709
2021-05-14,fesx1s,0.5181491079
2021-05-14,hg1s,0.4258492415
2021-05-14,nq1s,0.6060138184
2021-05-14,pl1s,0.5155394166
2021-05-14,rb1s,0.2884922469
2021-05-14,si1s,0.4148757885
2021-05-17,cl1s,0.5799868843
2021-05-17,es1s,0.4334006184
2021-05-17,fesx1s,0.5218293150
2021-05-17,gc1s,0.5693418613
2021-05-17,hg1s,0.4016100035
2021-05-17,nq1s,0.5963511528
2021-05-17,pl1s,0.5527826990
2021-05-17,rb1s,0.2843457153
2021-05-17,si1s,0.4111899431
2021-05-18,es1s,0.4375321258
2021-05-18,fesx1s,0.5214912327
2021-05-18,gc1s,0.5078209567
2021-05-18,hg1s,0.3757743984
2021-05-18,nq1s,0.5664938694
2021-05-18,pl1s,0.4554309011
2021-05-18,rb1s,0.2671975480
2021-05-18,si1s,0.4099349134
2021-05-19,cl1s,0.5896572793
2021-05-19,es1s,0.4221227850
2021-05-19,fesx1s,0.5203813656
2021-05-19,gc1s,0.5569216280
2021-05-19,hg1s,0.3725120555
2021-05-19,nq1s,0.5889251549
2021-05-19,pl1s,0.4594517340
2021-05-19,rb1s,0.2574265642
2021-05-19,si1s,0.4089273646
2021-05-20,cl1s,0.5946233923
2021-05-20,es1s,0.3853136406
2021-05-20,fesx1s,0.5136927506
2021-05-20,gc1s,0.4005878361
2021-05-20,hg1s,0.3482246605
2021-05-20,pl1s,0.4545925313
2021-05-20,rb1s,0.2556271595
2021-05-20,si1s,0.4211994599
2021-05-21,cl1s,0.5891235020
2021-05-21,es1s,0.3959578396
2021-05-21,fesx1s,0.5150898924
2021-05-21,hg1s,0.3696580422
2021-05-21,nq1s,0.5593695211
2021-05-21,pl1s,0.4660034692
2021-05-21,rb1s,0.1972382039
2021-05-21,si1s,0.4114028489
2021-05-24,cl1s,0.5884230215
2021-05-24,es1s,0.3953589397
2021-05-24,fesx1s,0.5148024964
2021-05-24,hg1s,0.3466776266
2021-05-24,nq1s,0.5630734981
2021-05-24,pl1s,0.5746536564
2021-05-24,rb1s,0.2416779185
2021-05-24,si1s,0.4228175234
2021-05-25,cl1s,0.5888243249
2021-05-25,es1s,0.4028557479
2021-05-25,fesx1s,0.5148021914
2021-05-25,hg1s,0.3476342390
2021-05-25,nq1s,0.5357681007
2021-05-25,pl1s,0.5613568763
2021-05-25,rb1s,0.2429597116
2021-05-25,si1s,0.4234768737
2021-05-26,cl1s,0.5844160796
2021-05-26,fesx1s,0.5146652663
2021-05-26,hg1s,0.3380383348
2021-05-26,nq1s,0.5125183118
2021-05-26,pl1s,0.4444100825
2021-05-26,rb1s,0.2394056381
2021-05-27,cl1s,0.5770822347
2021-05-27,fesx1s,0.5156899320
2021-05-27,hg1s,0.3341286962
2021-05-27,nq1s,0.4993107906
2021-05-27,pl1s,0.5006601761
2021-05-27,rb1s,0.1910801922
2021-05-28,cl1s,0.5868573668
2021-05-28,es1s,0.4031440569
2021-05-28,fesx1s,0.5139730471
2021-05-28,gc1s,0.4006011174
2021-05-28,hg1s,0.3352039162
2021-05-28,nq1s,0.5117648697
2021-05-28,pl1s,0.5843276590
2021-05-28,rb1s,0.1839527451
2021-05-28,si1s,0.4231617921
2021-05-31,fesx1s,0.5142818955
2021-06-01,cl1s,0.5833438802
2021-06-01,es1s,0.4104185730
2021-06-01,fesx1s,0.5132663678
2021-06-01,gc1s,0.3714420122
2021-06-01,hg1s,0.3310843285
2021-06-01,nq1s,0.4997233995
2021-06-01,pl1s,0.5198322681
2021-06-01,rb1s,0.1816190738
2021-06-01,si1s,0.4159336780
2021-06-02,cl1s,0.5792674190
2021-06-02,es1s,0.4121679802
2021-06-02,fesx1s,0.5103238096
2021-06-02,hg1s,0.3339491116
2021-06-02,nq1s,0.5137939208
2021-06-02,pl1s,0.4472962993
2021-06-02,rb1s,0.1922089317
2021-06-02,si1s,0.4167905431
2021-06-03,cl1s,0.5784997245
2021-06-03,es1s,0.4120349992
2021-06-03,fesx1s,0.5115121532
2021-06-03,hg1s,0.3585418875
2021-06-03,nq1s,0.5121283351
2021-06-03,pl1s,0.5892572545
2021-06-03,rb1s,0.1882124013
2021-06-03,si1s,0.4033835458
2021-06-04,cl1s,0.5835040509
2021-06-04,es1s,0.4083886243
2021-06-04,fesx1s,0.5094720019
2021-06-04,hg1s,0.3595559439
2021-06-04,nq1s,0.4998334707
2021-06-04,pl1s,0.4769660804
2021-06-04,rb1s,0.2268237619
2021-06-07,cl1s,0.5864874741
2021-06-07,es1s,0.4626982181
2021-06-07,fesx1s,0.5112130652
2021-06-07,hg1s,0.3475871285
2021-06-07,nq1s,0.5045124348
2021-06-07,pl1s,0.5700558927
2021-06-07,rb1s,0.2322014378
2021-06-08,cl1s,0.5865278069
2021-06-08,es1s,0.4225682182
2021-06-08,fesx1s,0.5060298821
2021-06-08,hg1s,0.3410051601
2021-06-08,nq1s,0.5157135453
2021-06-08,pl1s,0.5835267085
2021-06-08,rb1s,0.1888295958
2021-06-08,si1s,0.3983348625
2021-06-09,cl1s,0.5854275431
2021-06-09,es1s,0.4159406850
2021-06-09,fesx1s,0.5078229505
2021-06-09,hg1s,0.3269241620
2021-06-09,nq1s,0.5081966180
2021-06-09,pl1s,0.5666403766
2021-06-09,rb1s,0.1894324862
2021-06-09,si1s,0.4113841783
2021-06-10,cl1s,0.5856407371
2021-06-10,es1s,0.4156963226
2021-06-10,fesx1s,0.5125730594
2021-06-10,hg1s,0.3260325078
2021-06-10,nq1s,0.5152134536
2021-06-10,rb1s,0.2126885239
2021-06-10,si1s,0.4231693539
2021-06-11,es1s,0.4195845312
2021-06-11,fesx1s,0.5094411687
2021-06-11,hg1s,0.3335098296
2021-06-11,nq1s,0.5246339390
2021-06-11,pl1s,0.5860284701
2021-06-11,rb1s,0.1978913558
2021-06-11,si1s,0.4145760697
2021-06-14,es1s,0.4175887570
2021-06-14,fesx1s,0.5107975136
2021-06-14,hg1s,0.3299849001
2021-06-14,nq1s,0.5240619812
2021-06-14,pl1s,0.5358924114
2021-06-14,rb1s,0.1929357944
2021-06-14,si1s,0.4138526172
2021-06-15,cl1s,0.5904414447
2021-06-15,es1s,0.4305882380
2021-06-15,fesx1s,0.5137481896
2021-06-15,hg1s,0.3350486444
2021-06-15,nq1s,0.5188560433
2021-06-15,pl1s,0.5535761123
2021-06-15,rb1s,0.2027589679
2021-06-15,si1s,0.4065921392
2021-06-16,cl1s,0.5933447667
2021-06-16,es1s,0.4295088867
2021-06-16,fesx1s,0.5134177377
2021-06-16,hg1s,0.3353903218
2021-06-16,nq1s,0.5236783725
2021-06-16,pl1s,0.5532061159
2021-06-16,rb1s,0.1970762577
2021-06-16,si1s,0.3951635443
2021-06-17,cl1s,0.5925234554
2021-06-17,es1s,0.4235585038
2021-06-17,fesx1s,0.5086938919
2021-06-17,hg1s,0.3226063719
2021-06-17,ho1s,0.6921495142
2021-06-17,nq1s,0.5201881540
2021-06-17,pl1s,0.4906229071
2021-06-17,rb1s,0.2255279031
2021-06-17,si1s,0.4068920331
2021-06-18,cl1s,0.5921177269
2021-06-18,es1s,0.4248316677
2021-06-18,fesx1s,0.5091776591
2021-06-18,hg1s,0.3416991258
2021-06-18,nq1s,0.5588076105
2021-06-18,pl1s,0.5812948627
2021-06-18,rb1s,0.2504443128
2021-06-18,si1s,0.4093217436
2021-06-21,cl1s,0.5927266882
2021-06-21,es1s,0.4155969743
2021-06-21,fesx1s,0.5087638679
2021-06-21,hg1s,0.3379828848
2021-06-21,nq1s,0.5427715389
2021-06-21,pl1s,0.5415846491
2021-06-21,rb1s,0.2633152475
2021-06-21,si1s,0.4102543964
2021-06-22,cl1s,0.5945062261
2021-06-22,es1s,0.4153346381
2021-06-22,fesx1s,0.5093158424
2021-06-22,hg1s,0.3285957157
2021-06-22,nq1s,0.5405054934
2021-06-22,pl1s,0.5963513767
2021-06-22,rb1s,0.2660912615
2021-06-22,si1s,0.4147490990
2021-06-23,es1s,0.4167704504
2021-06-23,fesx1s,0.5127479420
2021-06-23,hg1s,0.3368697534
2021-06-23,nq1s,0.5320096000
2021-06-23,pl1s,0.6285828957
2021-06-23,rb1s,0.1848248309
2021-06-23,si1s,0.4096141698
2021-06-24,cl1s,0.5881711219
2021-06-24,es1s,0.4167091553
2021-06-24,fesx1s,0.5120221960
2021-06-24,hg1s,0.3407898302
2021-06-24,nq1s,0.5307313545
2021-06-24,rb1s,0.1840963840
2021-06-24,si1s,0.4057792617
2021-06-25,cl1s,0.5874031451
2021-06-25,es1s,0.4259555254
2021-06-25,fesx1s,0.5071209682
2021-06-25,hg1s,0.3413960679
2021-06-25,nq1s,0.5338353245
2021-06-25,rb1s,0.1811566858
2021-06-25,si1s,0.4080487138
2021-06-28,cl1s,0.5897787624
2021-06-28,es1s,0.4299240425
2021-06-28,fesx1s,0.5142962308
2021-06-28,hg1s,0.3371701219
2021-06-28,ho1s,0.7010342615
2021-06-28,nq1s,0.5320660464
2021-06-28,rb1s,0.2178717985
2021-06-28,si1s,0.4066601140
2021-06-29,cl1s,0.5892440558
2021-06-29,es1s,0.4316858737
2021-06-29,fesx1s,0.5167011859
2021-06-29,hg1s,0.3286128555
2021-06-29,ho1s,0.6965291987
2021-06-29,nq1s,0.5214397621
2021-06-29,pl1s,0.4567182926
2021-06-29,rb1s,0.2259455489
2021-06-29,si1s,0.4003879729
2021-06-30,cl1s,0.5888940359
2021-06-30,es1s,0.4238100903
2021-06-30,fesx1s,0.5187212319
2021-06-30,hg1s,0.3322631428
2021-06-30,nq1s,0.5221232817
2021-06-30,pl1s,0.4527806205
2021-06-30,rb1s,0.2187266201
2021-06-30,si1s,0.4095292245
2021-07-01,cl1s,0.5834441310
2021-07-01,es1s,0.4155708262
2021-07-01,fesx1s,0.5157267790
2021-07-01,hg1s,0.3398100783
2021-07-01,nq1s,0.5189776339
2021-07-01,pl1s,0.4784477530
2021-07-01,rb1s,0.2096393233
2021-07-01,si1s,0.4086645206
2021-07-02,cl1s,0.5851788083
2021-07-02,es1s,0.4090663169
2021-07-02,fesx1s,0.5169402297
2021-07-02,hg1s,0.3364906542
2021-07-02,nq1s,0.5264293837
2021-07-02,pl1s,0.6062879368
2021-07-02,rb1s,0.2347908076
2021-07-02,si1s,0.4165247919
2021-07-05,fesx1s,0.5174431020
2021-07-06,cl1s,0.5942162417
2021-07-06,es1s,0.4469705392
2021-07-06,fesx1s,0.5213015309
2021-07-06,hg1s,0.3472174792
2021-07-06,nq1s,0.5126328095
2021-07-06,pl1s,0.5842137489
2021-07-06,rb1s,0.2294326653
2021-07-06,si1s,0.4122854389
2021-07-07,cl1s,0.5836434665
2021-07-07,es1s,0.4263745252
2021-07-07,fesx1s,0.5163458719
2021-07-07,hg1s,0.3333027862
2021-07-07,ho1s,0.6846717136
2021-07-07,nq1s,0.5091754944
2021-07-07,pl1s,0.5704878588
2021-07-07,rb1s,0.2191606414
2021-07-08,cl1s,0.5802686571
2021-07-08,es1s,0.4258273807
2021-07-08,fesx1s,0.5202279742
2021-07-08,hg1s,0.3269041539
2021-07-08,ho1s,0.6717050526
2021-07-08,nq1s,0.5326105344
2021-07-08,pl1s,0.5894398460
2021-07-08,rb1s,0.2088098288
2021-07-08,si1s,0.4323296280
2021-07-09,cl1s,0.5796965347
2021-07-09,es1s,0.3990177159
2021-07-09,fesx1s,0.5118438324
2021-07-09,hg1s,0.3255915702
2021-07-09,nq1s,0.5344205860
2021-07-09,pl1s,0.5131762483
2021-07-09,rb1s,0.2865516918
2021-07-09,si1s,0.4370751558
2021-07-12,cl1s,0.5847101662
2021-07-12,es1s,0.4074866617
2021-07-12,fesx1s,0.5120619333
2021-07-12,hg1s,0.3213865415
2021-07-12,nq1s,0.5350008589
2021-07-12,pl1s,0.4841967505
2021-07-12,rb1s,0.2860411405
2021-07-12,si1s,0.4356079032
2021-07-13,cl1s,0.5874917409
2021-07-13,es1s,0.4286875822
2021-07-13,fesx1s,0.5173319079
2021-07-13,hg1s,0.3339138968
2021-07-13,nq1s,0.5178706860
2021-07-13,pl1s,0.4926808284
2021-07-13,rb1s,0.2594339138
2021-07-13,si1s,0.4271767441
2021-07-14,cl1s,0.5863469065
2021-07-14,es1s,0.4329013741
2021-07-14,fesx1s,0.5190593452
2021-07-14,hg1s,0.3391084490
2021-07-14,nq1s,0.5221324855
2021-07-14,pl1s,0.4344065687
2021-07-14,rb1s,0.2532350292
2021-07-15,cl1s,0.5836282351
2021-07-15,es1s,0.4365786456
2021-07-15,fesx1s,0.5219878483
2021-07-15,hg1s,0.3669155235
2021-07-15,nq1s,0.5236994545
2021-07-15,pl1s,0.5050991483
2021-07-15,rb1s,0.2493980372
2021-07-15,si1s,0.4260214586
2021-07-16,cl1s,0.5873472282
2021-07-16,es1s,0.4463611157
2021-07-16,fesx1s,0.5269756887
2021-07-16,hg1s,0.4492100506
2021-07-16,nq1s,0.5198297633
2021-07-16,pl1s,0.5748547929
2021-07-16,rb1s,0.2719512249
2021-07-16,si1s,0.4004644750
2021-07-19,cl1s,0.5963689924
2021-07-19,es1s,0.4622869209
2021-07-19,fesx1s,0.5390570615
2021-07-19,hg1s,0.4730954937
2021-07-19,nq1s,0.5304838854
2021-07-19,pl1s,0.4885257974
2021-07-19,rb1s,0.2673087138
2021-07-19,si1s,0.4005255976
2021-07-20,cl1s,0.5906595690
2021-07-20,es1s,0.4405344530
2021-07-20,fesx1s,0.5338887059
2021-07-20,hg1s,0.3606318051
2021-07-20,nq1s,0.5102245162
2021-07-20,pl1s,0.5554711070
2021-07-20,rb1s,0.2877070156
2021-07-20,si1s,0.4324377894
2021-07-21,cl1s,0.5873323233
2021-07-21,es1s,0.4306144832
2021-07-21,fesx1s,0.5283368607
2021-07-21,hg1s,0.3429578608
2021-07-21,nq1s,0.5038331939
2021-07-21,pl1s,0.4737818835
2021-07-21,rb1s,0.2530554353
2021-07-21,si1s,0.4348784699
2021-07-22,cl1s,0.5825995665
2021-07-22,es1s,0.4257009725
2021-07-22,fesx1s,0.5226593423
2021-07-22,hg1s,0.3567300555
2021-07-22,nq1s,0.5163098623
2021-07-22,pl1s,0.5768129053
2021-07-22,rb1s,0.2790596359
2021-07-22,si1s,0.4306153930
2021-07-23,cl1s,0.5850445584
2021-07-23,es1s,0.4268829085
2021-07-23,fesx1s,0.5261452932
2021-07-23,hg1s,0.3872443999
2021-07-23,pl1s,0.5821143734
2021-07-23,rb1s,0.2523734036
2021-07-23,si1s,0.4300266511
2021-07-26,cl1s,0.5939879482
2021-07-26,es1s,0.3989577348
2021-07-26,fesx1s,0.5284974152
2021-07-26,hg1s,0.3970401669
2021-07-26,pl1s,0.4960277935
2021-07-26,rb1s,0.2597713386
2021-07-26,si1s,0.4217359747
2021-07-27,cl1s,0.5903067151
2021-07-27,es1s,0.3947279477
2021-07-27,fesx1s,0.5258540317
2021-07-27,hg1s,0.3889150754
2021-07-27,nq1s,0.5182665088
2021-07-27,pl1s,0.4375824613
2021-07-27,rb1s,0.2140195152
2021-07-27,si1s,0.4084910792
2021-07-28,cl1s,0.5859268957
2021-07-28,es1s,0.3964172112
2021-07-28,fesx1s,0.5266302191
2021-07-28,hg1s,0.3899447812
2021-07-28,nq1s,0.5062840944
2021-07-28,pl1s,0.5644966835
2021-07-28,rb1s,0.2190289223
2021-07-28,si1s,0.4172180317
2021-07-29,cl1s,0.5760358969
2021-07-29,es1s,0.3916423295
2021-07-29,fesx1s,0.5229093007
2021-07-29,hg1s,0.3856760595
2021-07-29,nq1s,0.5064220464
2021-07-29,pl1s,0.5774020496
2021-07-29,rb1s,0.2223552571
2021-07-29,si1s,0.4091415314
2021-07-30,cl1s,0.5793468690
2021-07-30,es1s,0.3991695272
2021-07-30,fesx1s,0.5310931504
2021-07-30,hg1s,0.4400135061
2021-07-30,nq1s,0.5234566397
2021-07-30,pl1s,0.4706095677
2021-07-30,rb1s,0.2403509533
2021-07-30,si1s,0.4077273509
2021-08-02,cl1s,0.5934264216
2021-08-02,es1s,0.4102898742
2021-08-02,fesx1s,0.5348797674
2021-08-02,hg1s,0.4321275013
2021-08-02,nq1s,0.5155359648
2021-08-02,pl1s,0.5058222743
2021-08-02,rb1s,0.2312320434
2021-08-02,si1s,0.3975442163
2021-08-03,cl1s,0.5912276324
2021-08-03,fesx1s,0.5273959017
2021-08-03,gc1s,0.4852992678
2021-08-03,hg1s,0.3793078525
2021-08-03,nq1s,0.4889405495
2021-08-03,pl1s,0.5036940799
2021-08-03,rb1s,0.2349650661
2021-08-03,si1s,0.4099503460
2021-08-04,cl1s,0.5918489026
2021-08-04,es1s,0.3931441395
2021-08-04,fesx1s,0.5243960381
2021-08-04,gc1s,0.4304741797
2021-08-04,hg1s,0.3828210434
2021-08-04,nq1s,0.4994901014
2021-08-04,pl1s,0.4447723872
2021-08-04,rb1s,0.2445531759
2021-08-04,si1s,0.4037759573
2021-08-05,cl1s,0.5824358222
2021-08-05,fesx1s,0.5227919639
2021-08-05,hg1s,0.4002129188
2021-08-05,nq1s,0.4934228109
2021-08-05,rb1s,0.2513830948
2021-08-05,si1s,0.4156261991
2021-08-06,cl1s,0.5948634051
2021-08-06,es1s,0.3863583059
2021-08-06,fesx1s,0.5229646947
2021-08-06,hg1s,0.4662095875
2021-08-06,nq1s,0.5045781006
2021-08-06,rb1s,0.2034035679
2021-08-06,si1s,0.4093978497
2021-08-09,cl1s,0.5969837247
2021-08-09,es1s,0.3954919914
2021-08-09,fesx1s,0.5265114262
2021-08-09,gc1s,0.6148018483
2021-08-09,hg1s,0.4613630507
2021-08-09,nq1s,0.5109608539
2021-08-09,pl1s,0.6324263610
2021-08-09,rb1s,0.2030313772
2021-08-09,si1s,0.4087991707
2021-08-10,cl1s,0.5908133276
2021-08-10,es1s,0.4051602872
2021-08-10,fesx1s,0.5285917443
2021-08-10,gc1s,0.5698934078
2021-08-10,hg1s,0.4152011163
2021-08-10,nq1s,0.5078011275
2021-08-10,pl1s,0.5002516658
2021-08-10,rb1s,0.2077205177
2021-08-10,si1s,0.4014460035
2021-08-11,cl1s,0.5895326784
2021-08-11,fesx1s,0.5297868629
2021-08-11,gc1s,0.5516002124
2021-08-11,hg1s,0.4161833231
2021-08-11,nq1s,0.5103755244
2021-08-11,pl1s,0.5921184164
2021-08-11,rb1s,0.2320704740
2021-08-11,si1s,0.3977433080
2021-08-12,cl1s,0.5900298910
2021-08-12,es1s,0.3932406395
2021-08-12,fesx1s,0.5251887853
2021-08-12,gc1s,0.6133489468
2021-08-12,hg1s,0.4437099121
2021-08-12,nq1s,0.5046815345
2021-08-12,rb1s,0.2239389894
2021-08-12,si1s,0.4033725180
2021-08-13,cl1s,0.5877839923
2021-08-13,es1s,0.3935201311
2021-08-13,fesx1s,0.5244698504
2021-08-13,hg1s,0.4411157406
2021-08-13,nq1s,0.5030651562
2021-08-13,rb1s,0.2151841104
2021-08-13,si1s,0.4021435569
2021-08-16,cl1s,0.5936424110
2021-08-16,es1s,0.3993018549
2021-08-16,fesx1s,0.5318146475
2021-08-16,hg1s,0.4543531845
2021-08-16,nq1s,0.5099196857
2021-08-16,pl1s,0.6168405690
2021-08-16,rb1s,0.2105122072
2021-08-16,si1s,0.3949648280
2021-08-17,cl1s,0.5886455897
2021-08-17,es1s,0.4143634970
2021-08-17,fesx1s,0.5364836566
2021-08-17,hg1s,0.4313235418
2021-08-17,nq1s,0.5326622533
2021-08-17,pl1s,0.5510237153
2021-08-17,rb1s,0.2184307575
2021-08-17,si1s,0.3958909573
2021-08-18,cl1s,0.5944724710
2021-08-18,es1s,0.4064345993
2021-08-18,fesx1s,0.5273761510
2021-08-18,hg1s,0.4234013067
2021-08-18,nq1s,0.5302771534
2021-08-18,pl1s,0.5316302719
2021-08-18,rb1s,0.2358043661
2021-08-18,si1s,0.4096443883
2021-08-19,cl1s,0.5923969331
2021-08-19,es1s,0.4110646832
2021-08-19,fesx1s,0.5243715126
2021-08-19,hg1s,0.4373292364
2021-08-19,nq1s,0.5160594060
2021-08-19,pl1s,0.4951769757
2021-08-19,rb1s,0.2805190280
2021-08-19,si1s,0.4081739808
2021-08-20,cl1s,0.5926324608
2021-08-20,es1s,0.3913669362
2021-08-20,fesx1s,0.5226729030
2021-08-20,hg1s,0.4381601449
2021-08-20,nq1s,0.5219001105
2021-08-20,pl1s,0.5129729416
2021-08-20,rb1s,0.3205979239
2021-08-20,si1s,0.4163719260
2021-08-23,cl1s,0.5937440612
2021-08-23,es1s,0.3959114122
2021-08-23,fesx1s,0.5247495401
2021-08-23,hg1s,0.4157403500
2021-08-23,nq1s,0.5173243494
2021-08-23,pl1s,0.4990830146
2021-08-23,rb1s,0.2910833926
2021-08-23,si1s,0.4124772511
2021-08-24,cl1s,0.5895173289
2021-08-24,es1s,0.3923561001
2021-08-24,fesx1s,0.5229441112
2021-08-24,hg1s,0.3643952457
2021-08-24,nq1s,0.5105318998
2021-08-24,pl1s,0.5026749881
2021-08-24,rb1s,0.2375570201
2021-08-24,si1s,0.4074074469
2021-08-25,cl1s,0.5843901193
2021-08-25,fesx1s,0.5200081625
2021-08-25,hg1s,0.3584000825
2021-08-25,nq1s,0.5015256035
2021-08-25,pl1s,0.4502584050
2021-08-25,rb1s,0.2091870471
2021-08-25,si1s,0.3959835811
2021-08-26,cl1s,0.5884416326
2021-08-26,es1s,0.3786309542
2021-08-26,fesx1s,0.5130448661
2021-08-26,hg1s,0.3510777321
2021-08-26,nq1s,0.5125084356
2021-08-26,pl1s,0.5729466456
2021-08-26,rb1s,0.2027935709
2021-08-26,si1s,0.3977023173
2021-08-27,cl1s,0.5767809295
2021-08-27,fesx1s,0.5132279482
2021-08-27,hg1s,0.3530294125
2021-08-27,nq1s,0.4904649346
2021-08-27,pl1s,0.4792798014
2021-08-27,rb1s,0.2265980121
2021-08-27,si1s,0.4310627202
2021-08-30,cl1s,0.5867659169
2021-08-30,es1s,0.3843952152
2021-08-30,fesx1s,0.5145192563
2021-08-30,hg1s,0.3458914043
2021-08-30,nq1s,0.5001964145
2021-08-30,pl1s,0.4963468252
2021-08-30,rb1s,0.2285901333
2021-08-30,si1s,0.4309448987
2021-08-31,cl1s,0.5939724330
2021-08-31,es1s,0.3907111030
2021-08-31,fesx1s,0.5193468709
2021-08-31,hg1s,0.4185329300
2021-08-31,nq1s,0.5043208439
2021-08-31,pl1s,0.5264055366
2021-08-31,rb1s,0.2062214437
2021-08-31,si1s,0.4263249648
2021-09-01,cl1s,0.5934554427
2021-09-01,es1s,0.3923908809
2021-09-01,fesx1s,0.5171715316
2021-09-01,hg1s,0.4076971034
2021-09-01,nq1s,0.5085972945
2021-09-01,pl1s,0.4440086473
2021-09-01,rb1s,0.2054508591
2021-09-01,si1s,0.4102742603
2021-09-02,cl1s,0.5883044271
2021-09-02,es1s,0.3804978253
2021-09-02,fesx1s,0.5141340154
2021-09-02,hg1s,0.4394259353
2021-09-02,nq1s,0.5091129497
2021-09-02,pl1s,0.4800072524
2021-09-02,rb1s,0.2095565539
2021-09-02,si1s,0.4184150086
2021-09-03,cl1s,0.5889414043
2021-09-03,es1s,0.3824581495
2021-09-03,fesx1s,0.5210971455
2021-09-03,hg1s,0.4306789561
2021-09-03,nq1s,0.5058243370
2021-09-03,pl1s,0.5308671918
2021-09-03,rb1s,0.2056147340
2021-09-03,si1s,0.4003181308
2021-09-06,fesx1s,0.5140425609
2021-09-07,cl1s,0.5959125149
2021-09-07,es1s,0.3839087061
2021-09-07,fesx1s,0.5187111595
2021-09-07,hg1s,0.4040968137
2021-09-07,nq1s,0.4918885818
2021-09-07,pl1s,0.5399852517
2021-09-07,rb1s,0.2018655141
2021-09-07,si1s,0.4027846108
2021-09-08,cl1s,0.5886940591
2021-09-08,es1s,0.3908438599
2021-09-08,fesx1s,0.5282705569
2021-09-08,hg1s,0.3921876966
2021-09-08,nq1s,0.5290776673
2021-09-08,pl1s,0.4531870181
2021-09-08,rb1s,0.2365839782
2021-09-08,si1s,0.4243721239
2021-09-09,cl1s,0.5872439701
2021-09-09,es1s,0.3987500503
2021-09-09,fesx1s,0.5291416695
2021-09-09,hg1s,0.4035079938
2021-09-09,nq1s,0.5229112753
2021-09-09,pl1s,0.5166825741
2021-09-09,rb1s,0.2551253186
2021-09-09,si1s,0.4235594425
2021-09-10,cl1s,0.5879675300
2021-09-10,es1s,0.3988295471
2021-09-10,fesx1s,0.5281073794
2021-09-10,hg1s,0.4322157936
2021-09-10,nq1s,0.5493138342
2021-09-10,pl1s,0.5068506245
2021-09-10,rb1s,0.2467276292
2021-09-10,si1s,0.4306234993
2021-09-13,cl1s,0.5903374085
2021-09-13,es1s,0.3947328288
2021-09-13,fesx1s,0.5245529098
2021-09-13,hg1s,0.4084764137
2021-09-13,nq1s,0.5332777609
2021-09-13,pl1s,0.5070396726
2021-09-13,rb1s,0.2639072744
2021-09-13,si1s,0.4045785040
2021-09-14,cl1s,0.5922078151
2021-09-14,es1s,0.3992956081
2021-09-14,fesx1s,0.5220595188
2021-09-14,hg1s,0.4097424456
2021-09-14,nq1s,0.5217434676
2021-09-14,pl1s,0.4468659062
2021-09-14,rb1s,0.2547104552
2021-09-14,si1s,0.4100995263
2021-09-15,cl1s,0.5912457482
2021-09-15,es1s,0.3923180002
2021-09-15,fesx1s,0.5319072387
2021-09-15,hg1s,0.3884836085
2021-09-15,nq1s,0.5266152075
2021-09-15,pl1s,0.4670029872
2021-09-15,rb1s,0.2303948600
2021-09-15,si1s,0.4233547071
2021-09-16,cl1s,0.5822982457
2021-09-16,es1s,0.4008684187
2021-09-16,fesx1s,0.5384730752
2021-09-16,hg1s,0.3976103043
2021-09-16,nq1s,0.5335991007
2021-09-16,pl1s,0.5612085823
2021-09-16,rb1s,0.2462879506
2021-09-16,si1s,0.4150037067
2021-09-17,cl1s,0.5890419259
2021-09-17,es1s,0.4142005734
2021-09-17,fesx1s,0.5437222952
2021-09-17,hg1s,0.4189902736
2021-09-17,nq1s,0.5654545515
2021-09-17,pl1s,0.5297247082
2021-09-17,rb1s,0.2630305682
2021-09-17,si1s,0.4114274925
2021-09-20,cl1s,0.5958673781
2021-09-20,fesx1s,0.5415092525
2021-09-20,gc1s,0.5157269586
2021-09-20,hg1s,0.4208295731
2021-09-20,nq1s,0.5596646652
2021-09-20,pl1s,0.5605351065
2021-09-20,rb1s,0.2554776133
2021-09-20,si1s,0.4076736834
2021-09-21,cl1s,0.5945689578
2021-09-21,fesx1s,0.5418685651
2021-09-21,gc1s,0.6185092648
2021-09-21,hg1s,0.4092186398
2021-09-21,nq1s,0.5641563581
2021-09-21,pl1s,0.4818181081
2021-09-21,rb1s,0.2828807755
2021-09-21,si1s,0.4153798272
2021-09-22,cl1s,0.5844527940
2021-09-22,es1s,0.4057461128
2021-09-22,fesx1s,0.5370788060
2021-09-22,gc1s,0.4952149352
2021-09-22,hg1s,0.3909534895
2021-09-22,nq1s,0.5580487071
2021-09-22,pl1s,0.4697613103
2021-09-22,rb1s,0.2825548922
2021-09-22,si1s,0.4146923031
2021-09-23,cl1s,0.5822782800
2021-09-23,es1s,0.3935578004
2021-09-23,fesx1s,0.5322474202
2021-09-23,gc1s,0.4405349019
2021-09-23,hg1s,0.3780357914
2021-09-23,nq1s,0.5425718007
2021-09-23,pl1s,0.4742766080
2021-09-23,rb1s,0.2094441747
2021-09-23,si1s,0.4179119946
2021-09-24,cl1s,0.5797904625
2021-09-24,es1s,0.3979799030
2021-09-24,fesx1s,0.5364325602
2021-09-24,gc1s,0.4977528684
2021-09-24,hg1s,0.4275287796
2021-09-24,nq1s,0.5307516103
2021-09-24,rb1s,0.2314980150
2021-09-24,si1s,0.4014135692
2021-09-27,cl1s,0.5863813147
2021-09-27,es1s,0.4001642608
2021-09-27,fesx1s,0.5334252250
2021-09-27,gc1s,0.4982232227
2021-09-27,hg1s,0.4134672581
2021-09-27,nq1s,0.5407714461
2021-09-27,pl1s,0.5452881923
2021-09-27,rb1s,0.2206546705
2021-09-27,si1s,0.3952964562
2021-09-28,cl1s,0.5901353725
2021-09-28,es1s,0.4350408418
2021-09-28,fesx1s,0.5450085497
2021-09-28,gc1s,0.4967342529
2021-09-28,hg1s,0.3864439890
2021-09-28,nq1s,0.5907290723
2021-09-28,pl1s,0.4850374146
2021-09-28,rb1s,0.2147067724
2021-09-28,si1s,0.3931543927
2021-09-29,cl1s,0.5897895452
2021-09-29,es1s,0.4381491624
2021-09-29,fesx1s,0.5478528799
2021-09-29,gc1s,0.5670911081
2021-09-29,hg1s,0.3779101822
2021-09-29,nq1s,0.5839434979
2021-09-29,pl1s,0.4681302665
2021-09-29,rb1s,0.2329327252
2021-09-29,si1s,0.3952047805
2021-09-30,cl1s,0.5834963235
2021-09-30,es1s,0.4533244300
2021-09-30,fesx1s,0.5484143856
2021-09-30,gc1s,0.4888639950
2021-09-30,hg1s,0.3975192487
2021-09-30,nq1s,0.5942860693
2021-09-30,pl1s,0.4849549470
2021-09-30,rb1s,0.2382336909
2021-09-30,si1s,0.3878669064
2021-10-01,cl1s,0.5789613325
2021-10-01,es1s,0.4390961798
2021-10-01,fesx1s,0.5498202873
2021-10-01,gc1s,0.4728913188
2021-10-01,hg1s,0.4394627396
2021-10-01,nq1s,0.5895814282
2021-10-01,pl1s,0.4605924238
2021-10-01,rb1s,0.2530260987
2021-10-01,si1s,0.3964259821
2021-10-04,cl1s,0.5873840768
2021-10-04,es1s,0.4469923711
2021-10-04,fesx1s,0.5487901794
2021-10-04,hg1s,0.4145001562
2021-10-04,nq1s,0.6044683363
2021-10-04,pl1s,0.5071214560
2021-10-04,rb1s,0.2583983173
2021-10-04,si1s,0.3932031237
2021-10-05,es1s,0.4217423358
2021-10-05,fesx1s,0.5430402341
2021-10-05,gc1s,0.4319576762
2021-10-05,hg1s,0.3799329414
2021-10-05,ng1s,0.4309968983
2021-10-05,nq1s,0.5856786432
2021-10-05,pl1s,0.4987752958
2021-10-05,rb1s,0.2565560297
2021-10-05,si1s,0.3975382858
2021-10-06,es1s,0.4434690372
2021-10-06,fesx1s,0.5518381110
2021-10-06,gc1s,0.5022615602
2021-10-06,hg1s,0.3723143337
2021-10-06,ng1s,0.4278928344
2021-10-06,nq1s,0.5798298257
2021-10-06,rb1s,0.2502721139
2021-10-06,si1s,0.3979690062
2021-10-07,es1s,0.4266096673
2021-10-07,fesx1s,0.5493604656
2021-10-07,gc1s,0.4574012049
2021-10-07,hg1s,0.4018420562
2021-10-07,ng1s,0.4446254199
2021-10-07,nq1s,0.5721238769
2021-10-07,rb1s,0.2935461843
2021-10-07,si1s,0.4141424176
2021-10-08,es1s,0.4351406359
2021-10-08,fesx1s,0.5492271021
2021-10-08,hg1s,0.4142311156
2021-10-08,ng1s,0.4522717446
2021-10-08,nq1s,0.5656568418
2021-10-08,pl1s,0.4767493536
2021-10-08,rb1s,0.2737312866
2021-10-08,si1s,0.3981790873
2021-10-11,es1s,0.4484113597
2021-10-11,fesx1s,0.5478599468
2021-10-11,hg1s,0.5104747914
2021-10-11,ng1s,0.4495785591
2021-10-11,nq1s,0.5757799887
2021-10-11,pl1s,0.4749640453
2021-10-11,rb1s,0.2926441185
2021-10-11,si1s,0.4087509966
2021-10-12,es1s,0.4284892843
2021-10-12,fesx1s,0.5469892568
2021-10-12,hg1s,0.4123152759
2021-10-12,ng1s,0.4624817682
2021-10-12,nq1s,0.5586173405
2021-10-12,pl1s,0.4723591085
2021-10-12,rb1s,0.2729340541
2021-10-13,es1s,0.4080228827
2021-10-13,fesx1s,0.5431814431
2021-10-13,hg1s,0.3954039087
2021-10-13,ng1s,0.4571532252
2021-10-13,nq1s,0.5617034901
2021-10-13,pl1s,0.4559711479
2021-10-13,rb1s,0.2672184541
2021-10-13,si1s,0.3940602626
2021-10-14,es1s,0.4040599329
2021-10-14,fesx1s,0.5328514923
2021-10-14,hg1s,0.4078622353
2021-10-14,ng1s,0.5059508436
2021-10-14,nq1s,0.5475458515
2021-10-14,pl1s,0.5322772322
2021-10-14,rb1s,0.2479156447
2021-10-14,si1s,0.3976064258
2021-10-15,es1s,0.3959740756
2021-10-15,fesx1s,0.5304153532
2021-10-15,hg1s,0.4315146600
2021-10-15,ng1s,0.4986660655
2021-10-15,nq1s,0.5221717611
2021-10-15,pl1s,0.5491186033
2021-10-15,rb1s,0.2394937444
2021-10-15,si1s,0.3979817333
2021-10-18,es1s,0.3937474253
2021-10-18,fesx1s,0.5299286346
2021-10-18,hg1s,0.4266083069
2021-10-18,ng1s,0.4857334453
2021-10-18,nq1s,0.4937412704
2021-10-18,pl1s,0.5730427476
2021-10-18,rb1s,0.2398216273
2021-10-18,si1s,0.3966341135
2021-10-19,es1s,0.4046318355
2021-10-19,fesx1s,0.5296633178
2021-10-19,hg1s,0.3959869787
2021-10-19,ng1s,0.4434572105
2021-10-19,nq1s,0.5058709180
2021-10-19,pl1s,0.5399651330
2021-10-19,rb1s,0.2269928941
2021-10-19,si1s,0.3931902836
2021-10-20,es1s,0.4055522563
2021-10-20,fesx1s,0.5321014804
2021-10-20,hg1s,0.3992902612
2021-10-20,ng1s,0.4562570140
2021-10-20,nq1s,0.5079031818
2021-10-20,rb1s,0.2254060527
2021-10-20,si1s,0.3988460534
2021-10-21,es1s,0.4028422642
2021-10-21,fesx1s,0.5327862117
2021-10-21,hg1s,0.4349015265
2021-10-21,ng1s,0.4309807560
2021-10-21,nq1s,0.5009099174
2021-10-21,pl1s,0.5650308826
2021-10-21,rb1s,0.2486447936
2021-10-21,si1s,0.4092997125
2021-10-22,es1s,0.4060197044
2021-10-22,fesx1s,0.5289135282
2021-10-22,hg1s,0.4635232465
2021-10-22,ng1s,0.4774516542
2021-10-22,nq1s,0.5160897962
2021-10-22,pl1s,0.5640393382
2021-10-22,rb1s,0.2101835233
2021-10-22,si1s,0.3949045446
2021-10-25,es1s,0.4006929853
2021-10-25,fesx1s,0.5273151015
2021-10-25,hg1s,0.4543046550
2021-10-25,ng1s,0.4746201509
2021-10-25,nq1s,0.5116246892
2021-10-25,pl1s,0.5736618939
2021-10-25,rb1s,0.2054714485
2021-10-25,si1s,0.4060172971
2021-10-26,es1s,0.4022580234
2021-10-26,fesx1s,0.5243679258
2021-10-26,hg1s,0.4400161126
2021-10-26,ng1s,0.4589867730
2021-10-26,nq1s,0.5032870945
2021-10-26,pl1s,0.4694763955
2021-10-26,rb1s,0.1952138305
2021-10-26,si1s,0.4006520663
2021-10-27,es1s,0.4107778980
2021-10-27,fesx1s,0.5276946997
2021-10-27,hg1s,0.4375986266
2021-10-27,ng1s,0.4483550591
2021-10-27,nq1s,0.5061215207
2021-10-27,pl1s,0.5102574948
2021-10-27,rb1s,0.2075126925
2021-10-27,si1s,0.4061297655
2021-10-28,es1s,0.4036487986
2021-10-28,fesx1s,0.5244818370
2021-10-28,hg1s,0.4379236949
2021-10-28,ng1s,0.4897307097
2021-10-28,nq1s,0.4992068974
2021-10-28,pl1s,0.4751243912
2021-10-28,rb1s,0.2221445400
2021-10-28,si1s,0.4123477541
2021-10-29,es1s,0.4051854724
2021-10-29,fesx1s,0.5326761024
2021-10-29,hg1s,0.4006758672
2021-10-29,ng1s,0.4720015345
2021-10-29,nq1s,0.5073629181
2021-10-29,pl1s,0.4376778672
2021-10-29,rb1s,0.2149000564
2021-10-29,si1s,0.4070884212
2021-11-01,fesx1s,0.5290558320
2021-11-01,hg1s,0.4110328998
2021-11-01,ng1s,0.4750672960
2021-11-01,nq1s,0.5132916328
2021-11-01,rb1s,0.2272165443
2021-11-01,si1s,0.4058497589
2021-11-02,es1s,0.3803471114
2021-11-02,fesx1s,0.5168807682
2021-11-02,hg1s,0.4063359875
2021-11-02,ng1s,0.4721056120
2021-11-02,nq1s,0.5076201089
2021-11-02,pl1s,0.5170687851
2021-11-02,rb1s,0.2347866680
2021-11-02,si1s,0.4058544615
2021-11-03,cl1s,0.5960872524
2021-11-03,fesx1s,0.5162949091
2021-11-03,hg1s,0.4070991615
2021-11-03,ho1s,0.7035450974
2021-11-03,ng1s,0.4721704803
2021-11-03,nq1s,0.5050462736
2021-11-03,pl1s,0.5283445070
2021-11-03,rb1s,0.2466784361
2021-11-03,si1s,0.4039627111
2021-11-04,es1s,0.3867482263
2021-11-04,fesx1s,0.5170627370
2021-11-04,hg1s,0.4241511955
2021-11-04,ho1s,0.7065907975
2021-11-04,ng1s,0.4803234811
2021-11-04,nq1s,0.5202828062
2021-11-04,pl1s,0.5036404689
2021-11-04,rb1s,0.2897039097
2021-11-04,si1s,0.4066326356
2021-11-05,cl1s,0.5962341981
2021-11-05,es1s,0.3983589437
2021-11-05,fesx1s,0.5179673706
2021-11-05,hg1s,0.4372533041
2021-11-05,ho1s,0.7057469770
2021-11-05,ng1s,0.4987895567
2021-11-05,nq1s,0.5049874168
2021-11-05,pl1s,0.5361192489
2021-11-05,rb1s,0.3009787741
2021-11-05,si1s,0.4044631364
2021-11-08,cl1s,0.5933528310
2021-11-08,es1s,0.3821406389
2021-11-08,fesx1s,0.5134092666
2021-11-08,hg1s,0.4289996895
2021-11-08,ho1s,0.7114793687
2021-11-08,ng1s,0.4980897862
2021-11-08,nq1s,0.5126392164
2021-11-08,pl1s,0.6469932596
2021-11-08,rb1s,0.2976862124
2021-11-08,si1s,0.4096132265
2021-11-09,cl1s,0.5953412079
2021-11-09,es1s,0.4104148649
2021-11-09,fesx1s,0.5252057471
2021-11-09,hg1s,0.4060354615
2021-11-09,ng1s,0.5047716900
2021-11-09,nq1s,0.5384598273
2021-11-09,pl1s,0.6027857973
2021-11-09,rb1s,0.3140201731
2021-11-09,si1s,0.4107716100
2021-11-10,cl1s,0.5923759604
2021-11-10,es1s,0.4225179328
2021-11-10,fesx1s,0.5218019086
2021-11-10,gc1s,0.4586521121
2021-11-10,hg1s,0.3932610537
2021-11-10,ng1s,0.5198693675
2021-11-10,nq1s,0.5593897865
2021-11-10,pl1s,0.5844069288
2021-11-10,rb1s,0.2875413888
2021-11-10,si1s,0.3937624741
2021-11-11,cl1s,0.5908163020
2021-11-11,es1s,0.3974891991
2021-11-11,fesx1s,0.5176689161
2021-11-11,hg1s,0.3957951479
2021-11-11,ng1s,0.5237284943
2021-11-11,nq1s,0.5390456504
2021-11-11,rb1s,0.3206396445
2021-11-11,si1s,0.4091971993
2021-11-12,cl1s,0.5919540206
2021-11-12,es1s,0.4013448450
2021-11-12,fesx1s,0.5199548741
2021-11-12,hg1s,0.4286029413
2021-11-12,ho1s,0.7073437354
2021-11-12,ng1s,0.5170193672
2021-11-12,nq1s,0.5391426516
2021-11-12,rb1s,0.3300293158
2021-11-12,si1s,0.4079305413
2021-11-15,cl1s,0.5922336275
2021-11-15,es1s,0.4003463671
2021-11-15,fesx1s,0.5191565891
2021-11-15,hg1s,0.4147960351
2021-11-15,ho1s,0.7099153637
2021-11-15,ng1s,0.5137605138
2021-11-15,nq1s,0.5263102533
2021-11-15,pl1s,0.6228328346
2021-11-15,rb1s,0.3426576904
2021-11-15,si1s,0.4032155877
2021-11-16,cl1s,0.5938700170
2021-11-16,es1s,0.3973531319
2021-11-16,fesx1s,0.5185347764
2021-11-16,hg1s,0.4059192282
2021-11-16,ng1s,0.5037426834
2021-11-16,nq1s,0.5237491628
2021-11-16,pl1s,0.5894699586
2021-11-16,rb1s,0.3049065399
2021-11-16,si1s,0.3898032193
2021-11-17,cl1s,0.5958531193
2021-11-17,es1s,0.3929919923
2021-11-17,fesx1s,0.5145108709
2021-11-17,hg1s,0.4087686349
2021-11-17,ng1s,0.5024397117
2021-11-17,nq1s,0.5252792676
2021-11-17,pl1s,0.5875179934
2021-11-17,rb1s,0.2834454790
2021-11-17,si1s,0.3920880268
2021-11-18,cl1s,0.5893260689
2021-11-18,es1s,0.3961107580
2021-11-18,fesx1s,0.5199417332
2021-11-18,hg1s,0.3817073615
2021-11-18,ho1s,0.6614682352
2021-11-18,ng1s,0.5110118604
2021-11-18,nq1s,0.5138171340
2021-11-18,pl1s,0.5931469650
2021-11-18,rb1s,0.3068955795
2021-11-18,si1s,0.3945212449
2021-11-19,cl1s,0.5936438399
2021-11-19,es1s,0.4104707530
2021-11-19,fesx1s,0.5261363460
2021-11-19,hg1s,0.4000848012
2021-11-19,ng1s,0.4947297103
2021-11-19,nq1s,0.5078585065
2021-11-19,rb1s,0.2906313237
2021-11-19,si1s,0.3890371486
2021-11-22,cl1s,0.5899360254
2021-11-22,es1s,0.4197129504
2021-11-22,fesx1s,0.5196419811
2021-11-22,hg1s,0.3987345187
2021-11-22,ho1s,0.6933789674
2021-11-22,ng1s,0.5093524994
2021-11-22,nq1s,0.5429340195
2021-11-22,rb1s,0.2456524999
2021-11-22,si1s,0.3825981709
2021-11-23,cl1s,0.5958924994
2021-11-23,es1s,0.4003534256
2021-11-23,fesx1s,0.5163168858
2021-11-23,hg1s,0.3830977874
2021-11-23,ng1s,0.5096323103
2021-11-23,nq1s,0.5300207177
2021-11-23,pl1s,0.5722933329
2021-11-23,rb1s,0.2297490546
2021-11-23,si1s,0.3884571720
2021-11-24,cl1s,0.5868016947
2021-11-24,es1s,0.3884858791
2021-11-24,fesx1s,0.5196789846
2021-11-24,hg1s,0.3664755533
2021-11-24,ng1s,0.5102480204
2021-11-24,nq1s,0.5254594823
2021-11-24,pl1s,0.5617074366
2021-11-24,rb1s,0.2523676891
2021-11-24,si1s,0.3996837874
2021-11-25,fesx1s,0.5149338339
2021-11-26,cl1s,0.5955771480
2021-11-26,es1s,0.4002833822
2021-11-26,fesx1s,0.5309703934
2021-11-26,hg1s,0.4377066908
2021-11-26,ho1s,0.7021606081
2021-11-26,ng1s,0.5215217864
2021-11-26,nq1s,0.5486996845
2021-11-26,pl1s,0.5806843249
2021-11-26,rb1s,0.2563012172
2021-11-26,si1s,0.3922865238
2021-11-29,cl1s,0.5948764757
2021-11-29,es1s,0.4098513003
2021-11-29,fesx1s,0.5261269350
2021-11-29,hg1s,0.4561970612
2021-11-29,ho1s,0.7067004104
2021-11-29,ng1s,0.5122772021
2021-11-29,nq1s,0.5146822594
2021-11-29,pl1s,0.6294309151
2021-11-29,rb1s,0.2650343433
2021-11-29,si1s,0.3860677057
2021-11-30,cl1s,0.5929194465
2021-11-30,es1s,0.4126379988
2021-11-30,fesx1s,0.5320291797
2021-11-30,hg1s,0.3953044856
2021-11-30,ho1s,0.7110190586
2021-11-30,ng1s,0.5196352565
2021-11-30,nq1s,0.5549989229
2021-11-30,pl1s,0.5161024731
2021-11-30,rb1s,0.2801250078
2021-11-30,si1s,0.3847058843
2021-12-01,cl1s,0.5897674422
2021-12-01,es1s,0.4471454865
2021-12-01,fesx1s,0.5362140562
2021-12-01,hg1s,0.3969477463
2021-12-01,ho1s,0.6841463163
2021-12-01,nq1s,0.5622320746
2021-12-01,pl1s,0.5900797949
2021-12-01,rb1s,0.2907846678
2021-12-01,si1s,0.3912587813
2021-12-02,cl1s,0.5874858619
2021-12-02,es1s,0.4368219930
2021-12-02,fesx1s,0.5334048375
2021-12-02,hg1s,0.3716915692
2021-12-02,ho1s,0.6997799345
2021-12-02,nq1s,0.5547893996
2021-12-02,pl1s,0.5477719681
2021-12-02,rb1s,0.2759623445
2021-12-02,si1s,0.3993041835
2021-12-03,cl1s,0.5816828258
2021-12-03,es1s,0.4429624011
2021-12-03,fesx1s,0.5420280819
2021-12-03,hg1s,0.4077255433
2021-12-03,ho1s,0.6745816700
2021-12-03,nq1s,0.5878957452
2021-12-03,pl1s,0.6247918160
2021-12-03,rb1s,0.3195937038
2021-12-03,si1s,0.3883077988
2021-12-06,cl1s,0.5846361149
2021-12-06,fesx1s,0.5380363174
2021-12-06,hg1s,0.4061262191
2021-12-06,nq1s,0.5676291144
2021-12-06,pl1s,0.6312871977
2021-12-06,rb1s,0.3230294617
2021-12-06,si1s,0.3876356015
2021-12-07,cl1s,0.5864076178
2021-12-07,es1s,0.4179012468
2021-12-07,fesx1s,0.5300765563
2021-12-07,hg1s,0.3697979532
2021-12-07,nq1s,0.5437270164
2021-12-07,pl1s,0.6151235814
2021-12-07,rb1s,0.3491784906
2021-12-07,si1s,0.3871168401
2021-12-08,cl1s,0.5781926183
2021-12-08,fesx1s,0.5328740094
2021-12-08,hg1s,0.3483258575
2021-12-08,nq1s,0.5348238010
2021-12-08,pl1s,0.5697512043
2021-12-08,rb1s,0.3153124537
2021-12-08,si1s,0.3888931776
2021-12-09,cl1s,0.5732325557
2021-12-09,fesx1s,0.5407135136
2021-12-09,hg1s,0.3716621161
2021-12-09,nq1s,0.5605597849
2021-12-09,pl1s,0.5898150835
2021-12-09,rb1s,0.3269891440
2021-12-09,si1s,0.3792155452
2021-12-10,cl1s,0.5731808022
2021-12-10,es1s,0.4300126369
2021-12-10,fesx1s,0.5353775352
2021-12-10,hg1s,0.3607248800
2021-12-10,nq1s,0.5482589466
2021-12-10,pl1s,0.6006187263
2021-12-10,rb1s,0.3426185554
2021-12-10,si1s,0.3823232419
2021-12-13,cl1s,0.5772320295
2021-12-13,fesx1s,0.5365571671
2021-12-13,hg1s,0.3658667405
2021-12-13,nq1s,0.5755290297
2021-12-13,pl1s,0.6372145938
2021-12-13,rb1s,0.3551926898
2021-12-13,si1s,0.3858753838
2021-12-14,cl1s,0.5765254101
2021-12-14,es1s,0.4258235141
2021-12-14,fesx1s,0.5351465259
2021-12-14,hg1s,0.3640288529
2021-12-14,ho1s,0.6577541151
2021-12-14,nq1s,0.5524431523
2021-12-14,pl1s,0.6202188327
2021-12-14,rb1s,0.3714447425
2021-12-14,si1s,0.3844679727
2021-12-15,cl1s,0.5749117553
2021-12-15,fesx1s,0.5308240412
2021-12-15,hg1s,0.4178192911
2021-12-15,ho1s,0.6605688031
2021-12-15,nq1s,0.5498761994
2021-12-15,pl1s,0.6174614946
2021-12-15,rb1s,0.3235242132
2021-12-15,si1s,0.3805000953
2021-12-16,cl1s,0.5732906310
2021-12-16,es1s,0.4037624600
2021-12-16,fesx1s,0.5317136866
2021-12-16,hg1s,0.4413345059
2021-12-16,ho1s,0.6442384575
2021-12-16,nq1s,0.5689225921
2021-12-16,pl1s,0.6292136672
2021-12-16,rb1s,0.3162505268
2021-12-16,si1s,0.3900161737
2021-12-17,cl1s,0.5750397486
2021-12-17,es1s,0.4184913336
2021-12-17,fesx1s,0.5306876411
2021-12-17,hg1s,0.4399620272
2021-12-17,ho1s,0.6386760701
2021-12-17,nq1s,0.5676798794
2021-12-17,pl1s,0.6277495815
2021-12-17,rb1s,0.3103399815
2021-12-17,si1s,0.4006259653
2021-12-20,cl1s,0.5868926408
2021-12-20,es1s,0.4121022071
2021-12-20,fesx1s,0.5294582131
2021-12-20,hg1s,0.4403712195
2021-12-20,ho1s,0.6511657399
2021-12-20,nq1s,0.5771784911
2021-12-20,pl1s,0.6083448426
2021-12-20,rb1s,0.3123661054
2021-12-20,si1s,0.3945559206
2021-12-21,cl1s,0.5790793477
2021-12-21,es1s,0.3937124690
2021-12-21,fesx1s,0.5316651587
2021-12-21,hg1s,0.4200149421
2021-12-21,ho1s,0.6698949624
2021-12-21,nq1s,0.5648738549
2021-12-21,pl1s,0.5990442531
2021-12-21,rb1s,0.3311176591
2021-12-21,si1s,0.3924202719
2021-12-22,cl1s,0.5751659663
2021-12-22,fesx1s,0.5322598352
2021-12-22,hg1s,0.4071963229
2021-12-22,ho1s,0.6533849280
2021-12-22,nq1s,0.5560275610
2021-12-22,pl1s,0.5665697137
2021-12-22,rb1s,0.3355882122
2021-12-22,si1s,0.4006945604
2021-12-23,cl1s,0.5750863114
2021-12-23,es1s,0.3927298738
2021-12-23,fesx1s,0.5277214403
2021-12-23,hg1s,0.4205830458
2021-12-23,ho1s,0.6524724330
2021-12-23,nq1s,0.5585756118
2021-12-23,pl1s,0.5973028870
2021-12-23,rb1s,0.3098944000
2021-12-23,si1s,0.3900156032
2021-12-27,cl1s,0.5832678097
2021-12-27,es1s,0.3976162963
2021-12-27,fesx1s,0.5275776970
2021-12-27,hg1s,0.4206250520
2021-12-27,ho1s,0.6835273799
2021-12-27,nq1s,0.5058304913
2021-12-27,pl1s,0.5831881059
2021-12-27,rb1s,0.3375333593
2021-12-28,cl1s,0.5800952083
2021-12-28,es1s,0.3980059776
2021-12-28,fesx1s,0.5278426238
2021-12-28,hg1s,0.3883726618
2021-12-28,ho1s,0.6778358355
2021-12-28,nq1s,0.5048185711
2021-12-28,pl1s,0.4926858204
2021-12-28,rb1s,0.3350383918
2021-12-28,si1s,0.4131645966
2021-12-29,cl1s,0.5823549651
2021-12-29,es1s,0.4091461268
2021-12-29,fesx1s,0.5341166651
2021-12-29,hg1s,0.4138114275
2021-12-29,ho1s,0.6745245845
2021-12-29,nq1s,0.5041890268
2021-12-29,pl1s,0.4690069792
2021-12-29,rb1s,0.2734723584
2021-12-30,cl1s,0.5855804108
2021-12-30,es1s,0.4090890566
2021-12-30,fesx1s,0.5328305007
2021-12-30,hg1s,0.4464904968
2021-12-30,nq1s,0.5473813703
2021-12-30,pl1s,0.5540567871
2021-12-30,rb1s,0.2729410344
2021-12-30,si1s,0.4121060356
