auc_mean,auc_std,logloss_mean,logloss_std,brier_mean,brier_std,n_folds
0.5057798576538582,0.16204366797002268,1.0095851994100988,0.3879618447940851,0.31884867870905126,0.06427735369007423,15
