instrument,auc_mean,auc_std,logloss,brier,n_events
gc1s,0.4582780612244898,0.15654905612586859,1.0095851994100988,0.3188486787090512,810
