auc_mean,auc_std,logloss_mean,logloss_std,brier_mean,brier_std,n_folds
0.4474057558765869,0.06563912414523841,0.7203990132741275,0.0210385405300026,0.26312228552197586,0.010039616754478047,15
