instrument,auc_mean,auc_std,logloss,brier,n_events
fesx1s,0.4431831597222222,0.06341341848523664,0.7203705669295929,0.2631089099448407,3040
