auc_mean,auc_std,logloss_mean,logloss_std,brier_mean,brier_std,n_folds
0.4723535863227483,0.03922057699451157,1.1523904944699566,0.5579512443304857,0.3305940504022299,0.07202338268649384,15
