date,instrument,y_true,y_score,fold
2020-01-30,pl1s,0,0.5025483760441947,0
2020-01-30,si1s,1,0.5025483760441947,0
2020-01-31,si1s,1,0.5025483760441947,0
2020-01-31,pl1s,1,0.5025483760441947,0
2020-02-03,si1s,0,0.5025483760441947,0
2020-02-03,pl1s,1,0.5025483760441947,0
2020-02-04,si1s,0,0.5025483760441947,0
2020-02-04,pl1s,1,0.5025483760441947,0
2020-02-05,si1s,1,0.5025483760441947,0
2020-02-05,pl1s,0,0.5025483760441947,0
2020-02-06,si1s,1,0.5025483760441947,0
2020-02-06,pl1s,1,0.5025483760441947,0
2020-02-07,si1s,1,0.5025483760441947,0
2020-02-07,pl1s,1,0.5025483760441947,0
2020-02-10,pl1s,0,0.5025483760441947,0
2020-02-11,pl1s,0,0.5025483760441947,0
2020-02-11,si1s,1,0.5025483760441947,0
2020-02-12,pl1s,0,0.5025483760441947,0
2020-02-12,si1s,0,0.5025483760441947,0
2020-02-13,si1s,1,0.5025483760441947,0
2020-02-13,pl1s,0,0.5025483760441947,0
2020-02-14,si1s,1,0.5025483760441947,0
2020-02-14,pl1s,0,0.5025483760441947,0
2020-02-18,pl1s,0,0.5025483760441947,0
2020-02-19,si1s,1,0.5025483760441947,0
2020-02-20,si1s,1,0.5025483760441947,0
2020-02-20,pl1s,0,0.5025483760441947,0
2020-02-21,pl1s,0,0.5025483760441947,0
2020-02-21,si1s,1,0.5025483760441947,0
2020-02-24,pl1s,0,0.5025483760441947,0
2020-02-24,si1s,1,0.5025483760441947,0
2020-02-25,pl1s,0,0.5025483760441947,0
2020-02-25,si1s,1,0.5025483760441947,0
2020-02-26,si1s,1,0.5025483760441947,0
2020-02-26,pl1s,0,0.5025483760441947,0
2020-02-27,si1s,1,0.5025483760441947,0
2020-02-27,pl1s,0,0.5025483760441947,0
2020-02-28,si1s,0,0.5025483760441947,0
2020-02-28,pl1s,0,0.5025483760441947,0
2020-03-02,pl1s,0,0.5025483760441947,0
2020-03-02,si1s,0,0.5025483760441947,0
2020-03-03,si1s,0,0.5025483760441947,0
2020-03-03,pl1s,0,0.5025483760441947,0
2020-03-04,pl1s,0,0.5025483760441947,0
2020-03-04,si1s,0,0.5025483760441947,0
2020-03-05,si1s,0,0.5025483760441947,0
2020-03-05,pl1s,0,0.5025483760441947,0
2020-03-06,si1s,0,0.5025483760441947,0
2020-03-06,pl1s,0,0.5025483760441947,0
2020-03-09,pl1s,0,0.5025483760441947,0
2020-03-09,si1s,0,0.5025483760441947,0
2020-03-10,pl1s,0,0.5025483760441947,0
2020-03-10,si1s,0,0.5025483760441947,0
2020-03-11,pl1s,0,0.5025483760441947,0
2020-03-11,si1s,0,0.5025483760441947,0
2020-03-12,pl1s,0,0.5025483760441947,0
2020-03-12,si1s,0,0.5025483760441947,0
2020-03-13,pl1s,0,0.5025483760441947,0
2020-03-13,si1s,0,0.5025483760441947,0
2020-03-16,si1s,0,0.5025483760441947,0
2020-03-16,gc1s,1,0.5025483760441947,0
2020-03-16,pl1s,0,0.5025483760441947,0
2020-03-17,pl1s,0,0.5025483760441947,0
2020-03-17,si1s,0,0.5025483760441947,0
2020-03-18,pl1s,1,0.5025483760441947,0
2020-03-18,si1s,1,0.5025483760441947,0
2020-03-18,gc1s,1,0.5025483760441947,0
2020-03-19,pl1s,1,0.5025483760441947,0
2020-03-19,si1s,1,0.5025483760441947,0
2020-03-19,gc1s,1,0.5025483760441947,0
2020-03-20,pl1s,1,0.5025483760441947,0
2020-03-20,gc1s,1,0.5025483760441947,0
2020-03-20,si1s,1,0.5025483760441947,0
2020-03-23,si1s,1,0.5025483760441947,0
2020-03-23,pl1s,1,0.5025483760441947,0
2020-03-24,pl1s,0,0.5025483760441947,0
2020-03-24,si1s,1,0.5025483760441947,0
2020-03-25,pl1s,1,0.5025483760441947,0
2020-03-25,gc1s,0,0.5025483760441947,0
2020-03-26,pl1s,0,0.5025483760441947,0
2020-03-26,gc1s,0,0.5025483760441947,0
2020-03-26,si1s,1,0.5025483760441947,0
2020-03-27,si1s,1,0.5025483760441947,0
2020-03-27,pl1s,0,0.5025483760441947,0
2020-03-27,gc1s,0,0.5025483760441947,0
2020-03-30,pl1s,0,0.5025483760441947,0
2020-03-30,gc1s,0,0.5025483760441947,0
2020-03-30,si1s,0,0.5025483760441947,0
2020-03-31,si1s,0,0.5025483760441947,0
2020-03-31,gc1s,0,0.5025483760441947,0
2020-03-31,pl1s,0,0.5025483760441947,0
2020-04-01,gc1s,0,0.5025483760441947,0
2020-04-01,si1s,0,0.5025483760441947,0
2020-04-02,gc1s,0,0.5025483760441947,0
2020-04-02,pl1s,0,0.5025483760441947,0
2020-04-02,si1s,0,0.5025483760441947,0
2020-04-03,pl1s,1,0.5025483760441947,0
2020-04-03,si1s,0,0.5025483760441947,0
2020-04-03,gc1s,0,0.5025483760441947,0
2020-04-06,si1s,1,0.5025483760441947,0
2020-04-06,pl1s,1,0.5025483760441947,0
2020-04-07,si1s,1,0.5025483760441947,0
2020-04-08,pl1s,1,0.5025483760441947,0
2020-04-08,si1s,0,0.5025483760441947,0
2020-04-09,si1s,1,0.5025483760441947,0
2020-04-09,pl1s,1,0.5025483760441947,0
2020-04-13,pl1s,1,0.5025483760441947,0
2020-04-13,gc1s,1,0.5025483760441947,0
2020-04-13,si1s,1,0.5025483760441947,0
2020-04-14,si1s,1,0.5025483760441947,0
2020-04-15,pl1s,1,0.5025483760441947,0
2020-04-15,si1s,1,0.5025483760441947,0
2020-04-15,gc1s,1,0.5025483760441947,0
2020-04-16,si1s,1,0.5025483760441947,0
2020-04-16,gc1s,1,0.5025483760441947,0
2020-04-16,pl1s,0,0.5025483760441947,0
2020-04-17,si1s,1,0.5025483760441947,0
2020-04-17,pl1s,1,0.5025483760441947,0
2020-04-17,gc1s,0,0.5025483760441947,0
2020-04-20,si1s,1,0.5025483760441947,0
2020-04-20,gc1s,0,0.5025483760441947,0
2020-04-21,pl1s,0,0.5025483760441947,0
2020-04-22,si1s,0,0.5025483760441947,0
2020-04-22,pl1s,0,0.5025483760441947,0
2020-04-23,pl1s,1,0.5025483760441947,0
2020-04-23,si1s,1,0.5025483760441947,0
2020-04-24,si1s,0,0.5025483760441947,0
2020-04-27,pl1s,1,0.5025483760441947,0
2020-04-27,gc1s,0,0.5025483760441947,0
2020-04-28,gc1s,0,0.5025483760441947,0
2020-04-29,si1s,0,0.5025483760441947,0
2020-04-29,pl1s,1,0.5025483760441947,0
2020-04-30,si1s,1,0.5025483760441947,0
2020-04-30,pl1s,1,0.5025483760441947,0
2020-05-01,si1s,1,0.5025483760441947,0
2020-05-01,pl1s,0,0.5025483760441947,0
2020-05-04,si1s,1,0.5025483760441947,0
2020-05-05,si1s,1,0.5025483760441947,0
2020-05-06,gc1s,1,0.5025483760441947,0
2020-05-06,si1s,1,0.5025483760441947,0
2020-05-07,si1s,0,0.5025483760441947,0
2020-05-07,gc1s,0,0.5025483760441947,0
2020-05-08,si1s,1,0.5025483760441947,0
2020-05-08,pl1s,0,0.5025483760441947,0
2020-05-11,si1s,1,0.5025483760441947,0
2020-05-11,pl1s,0,0.5025483760441947,0
2020-05-12,pl1s,1,0.5025483760441947,0
2020-05-12,si1s,1,0.5025483760441947,0
2020-05-13,si1s,1,0.5025483760441947,0
2020-05-13,pl1s,1,0.5025483760441947,0
2020-05-14,si1s,1,0.5025483760441947,0
2020-05-14,pl1s,1,0.5025483760441947,0
2020-05-15,si1s,1,0.5025483760441947,0
2020-05-18,si1s,1,0.5025483760441947,0
2020-05-18,pl1s,0,0.5025483760441947,0
2020-05-19,pl1s,0,0.5025483760441947,0
2020-05-19,si1s,1,0.5025483760441947,0
2020-05-20,gc1s,1,0.5025483760441947,0
2020-05-20,si1s,1,0.5025483760441947,0
2020-05-21,gc1s,1,0.5025483760441947,0
2020-05-21,si1s,1,0.5025483760441947,0
2020-05-22,gc1s,1,0.5025483760441947,0
2020-05-22,pl1s,1,0.5025483760441947,0
2020-05-22,si1s,0,0.5025483760441947,0
2020-05-26,pl1s,1,0.5025483760441947,0
2020-05-26,gc1s,1,0.5025483760441947,0
2020-05-26,si1s,0,0.5025483760441947,0
2020-05-27,pl1s,1,0.5025483760441947,0
2020-05-27,si1s,0,0.5025483760441947,0
2020-05-27,gc1s,1,0.5025483760441947,0
2020-05-28,gc1s,0,0.5025483760441947,0
2020-05-28,pl1s,1,0.5025483760441947,0
2020-05-28,si1s,1,0.5025483760441947,0
2020-05-29,pl1s,1,0.5025483760441947,0
2020-05-29,si1s,1,0.5025483760441947,0
2020-06-01,si1s,1,0.5025483760441947,0
2020-06-01,pl1s,1,0.5025483760441947,0
2020-06-02,si1s,1,0.5025483760441947,0
2020-06-02,gc1s,0,0.5025483760441947,0
2020-06-02,pl1s,1,0.5025483760441947,0
2020-06-03,pl1s,1,0.5025483760441947,0
2020-06-04,si1s,1,0.5025483760441947,0
2020-06-04,pl1s,1,0.5025483760441947,0
2020-06-05,pl1s,0,0.5025483760441947,0
2020-06-08,pl1s,1,0.5025483760441947,0
2020-06-09,si1s,1,0.5025483760441947,0
2020-06-09,pl1s,1,0.5025483760441947,0
2020-06-10,pl1s,1,0.5025483760441947,0
2020-06-10,si1s,0,0.5025483760441947,0
2020-06-11,pl1s,1,0.5025483760441947,0
2020-06-11,si1s,0,0.5025483760441947,0
2020-06-12,pl1s,1,0.5025483760441947,0
2020-06-12,si1s,0,0.5025483760441947,0
2020-06-15,si1s,0,0.5025483760441947,0
2020-06-15,pl1s,0,0.5025483760441947,0
2020-06-16,pl1s,0,0.5025483760441947,0
2020-06-16,si1s,0,0.5025483760441947,0
2020-06-17,si1s,0,0.5025483760441947,0
2020-06-17,pl1s,0,0.5025483760441947,0
2020-06-18,si1s,0,0.5025483760441947,0
2020-06-18,pl1s,1,0.5025483760441947,0
2020-06-19,si1s,0,0.5025483760441947,0
2020-06-19,pl1s,1,0.5025483760441947,0
2020-06-19,gc1s,1,0.5025483760441947,0
2020-06-22,gc1s,1,0.5025483760441947,0
2020-06-22,si1s,0,0.5025483760441947,0
2020-06-23,gc1s,1,0.5025483760441947,0
2020-06-23,si1s,0,0.5025483760441947,0
2020-06-24,pl1s,1,0.5025483760441947,0
2020-06-24,si1s,0,0.5025483760441947,0
2020-06-25,gc1s,1,0.5025483760441947,0
2020-06-25,si1s,0,0.5025483760441947,0
2020-06-25,pl1s,1,0.5025483760441947,0
2020-06-26,pl1s,1,0.5025483760441947,0
2020-06-26,gc1s,1,0.5025483760441947,0
2020-06-26,si1s,1,0.5025483760441947,0
2020-06-29,gc1s,1,0.5025483760441947,0
2020-06-29,pl1s,1,0.5025483760441947,0
2020-06-29,si1s,1,0.5025483760441947,0
2020-06-30,pl1s,0,0.5025483760441947,0
2020-07-01,si1s,0,0.5025483760441947,0
2020-07-01,pl1s,1,0.5025483760441947,0
2020-07-02,si1s,0,0.5025483760441947,0
2020-07-02,gc1s,1,0.5025483760441947,0
2020-07-02,pl1s,1,0.5025483760441947,0
2020-07-06,si1s,1,0.5025483760441947,0
2020-07-06,gc1s,1,0.5025483760441947,0
2020-07-06,pl1s,1,0.5025483760441947,0
2020-07-07,si1s,1,0.5025483760441947,0
2020-07-07,pl1s,1,0.5025483760441947,0
2020-07-07,gc1s,1,0.5025483760441947,0
2020-07-08,si1s,0,0.5025483760441947,0
2020-07-08,pl1s,1,0.5025483760441947,0
2020-07-08,gc1s,1,0.5025483760441947,0
2020-07-09,pl1s,1,0.5025483760441947,0
2020-07-09,si1s,0,0.5025483760441947,0
2020-07-09,gc1s,1,0.5025483760441947,0
2020-07-10,gc1s,1,0.5025483760441947,0
2020-07-10,pl1s,1,0.5025483760441947,0
2020-07-10,si1s,0,0.5025483760441947,0
2020-07-13,gc1s,1,0.5025483760441947,0
2020-07-13,si1s,0,0.5025483760441947,0
2020-07-13,pl1s,1,0.5025483760441947,0
2020-07-14,gc1s,1,0.5025483760441947,0
2020-07-14,pl1s,1,0.5025483760441947,0
2020-07-14,si1s,0,0.5025483760441947,0
2020-07-15,pl1s,1,0.5025483760441947,0
2020-07-15,gc1s,1,0.5025483760441947,0
2020-07-15,si1s,1,0.5025483760441947,0
2020-07-16,pl1s,1,0.5025483760441947,0
2020-07-16,gc1s,1,0.5025483760441947,0
2020-07-17,pl1s,1,0.5025483760441947,0
2020-07-17,si1s,0,0.5025483760441947,0
2020-07-20,pl1s,1,0.5025483760441947,0
2020-07-20,si1s,0,0.5025483760441947,0
2020-07-21,si1s,0,0.5025483760441947,0
2020-07-22,pl1s,0,0.5025483760441947,0
2020-07-22,si1s,0,0.5025483760441947,0
2020-07-23,pl1s,0,0.5025483760441947,0
2020-07-23,si1s,0,0.5025483760441947,0
2020-07-24,pl1s,0,0.5025483760441947,0
2020-07-24,si1s,0,0.5025483760441947,0
2020-07-27,si1s,0,0.5025483760441947,0
2020-07-27,pl1s,0,0.5025483760441947,0
2020-07-28,si1s,0,0.5025483760441947,0
2020-07-28,pl1s,1,0.5025483760441947,0
2020-07-29,pl1s,0,0.5025483760441947,0
2020-07-29,si1s,0,0.5025483760441947,0
2020-07-30,pl1s,1,0.5025483760441947,0
2020-07-30,si1s,0,0.5025483760441947,0
2020-07-31,si1s,0,0.5025483760441947,0
2020-07-31,pl1s,1,0.5025483760441947,0
2020-08-03,pl1s,1,0.5025483760441947,0
2020-08-03,si1s,0,0.5025483760441947,0
2020-08-04,pl1s,0,0.5025483760441947,0
2020-08-04,si1s,0,0.5025483760441947,0
2020-08-05,si1s,0,0.5025483760441947,0
2020-08-05,pl1s,1,0.5025483760441947,0
2020-08-06,pl1s,1,0.5025483760441947,0
2020-08-06,si1s,1,0.5025483760441947,0
2020-08-07,si1s,1,0.5025483760441947,0
2020-08-07,pl1s,1,0.5025483760441947,0
2020-08-10,si1s,1,0.5025483760441947,0
2020-08-10,pl1s,1,0.5025483760441947,0
2020-08-11,pl1s,0,0.5025483760441947,0
2020-08-11,si1s,1,0.5025483760441947,0
2020-08-12,pl1s,1,0.5025483760441947,0
2020-08-12,si1s,1,0.5025483760441947,0
2020-08-13,pl1s,1,0.5025483760441947,0
2020-08-13,si1s,1,0.5025483760441947,0
2020-08-14,pl1s,1,0.5025483760441947,0
2020-08-14,si1s,0,0.5025483760441947,0
2020-08-17,pl1s,1,0.5025483760441947,0
2020-08-17,si1s,0,0.5025483760441947,0
2020-01-30,pl1s,0,0.9703935509993377,1
2020-01-30,si1s,1,0.7474681430515693,1
2020-01-31,si1s,1,0.6446743812310763,1
2020-01-31,pl1s,1,0.9576174779298162,1
2020-02-03,si1s,0,0.5442330132120184,1
2020-02-03,pl1s,1,0.9797706950749979,1
2020-02-04,si1s,0,0.440301736418461,1
2020-02-04,pl1s,1,0.7135461809509737,1
2020-02-05,si1s,1,0.8306197891275753,1
2020-02-05,pl1s,0,0.958442553683843,1
2020-02-06,si1s,1,0.7257182206948469,1
2020-02-06,pl1s,1,0.9348017657658106,1
2020-02-07,si1s,1,0.625454249935416,1
2020-02-07,pl1s,1,0.9271535209148221,1
2020-02-10,pl1s,0,0.8967087382423585,1
2020-02-11,pl1s,0,0.676924073881564,1
2020-02-11,si1s,1,0.6000316458282176,1
2020-02-12,pl1s,0,0.7079378943768878,1
2020-02-12,si1s,0,0.21397360547293845,1
2020-02-13,si1s,1,0.7334560217503879,1
2020-02-13,pl1s,0,0.7617701193896017,1
2020-02-14,si1s,1,0.6463953400134403,1
2020-02-14,pl1s,0,0.8141701625886433,1
2020-02-18,pl1s,0,0.8477720979207477,1
2020-02-19,si1s,1,0.8661952073997241,1
2020-02-20,si1s,1,0.85724900824455,1
2020-02-20,pl1s,0,0.8752920746916446,1
2020-02-21,pl1s,0,0.8571320629616013,1
2020-02-21,si1s,1,0.8464294873589862,1
2020-02-24,pl1s,0,0.9579361067431214,1
2020-02-24,si1s,1,0.8385194994309423,1
2020-02-25,pl1s,0,0.9909585019885581,1
2020-02-25,si1s,1,0.7434361969422075,1
2020-02-26,si1s,1,0.7494989561773198,1
2020-02-26,pl1s,0,0.9959509651653866,1
2020-02-27,si1s,1,0.9030457192594247,1
2020-02-27,pl1s,0,0.9990551219987136,1
2020-02-28,si1s,0,0.998760359369409,1
2020-02-28,pl1s,0,0.9997448538982108,1
2020-03-02,pl1s,0,0.9998887073702621,1
2020-03-02,si1s,0,0.9997677725028308,1
2020-03-03,si1s,0,0.9995028284363897,1
2020-03-03,pl1s,0,0.9997791666690358,1
2020-03-04,pl1s,0,0.9993248957928162,1
2020-03-04,si1s,0,0.9954572640746062,1
2020-03-05,si1s,0,0.9931164929089275,1
2020-03-05,pl1s,0,0.9994060753372611,1
2020-03-06,si1s,0,0.9955901354873887,1
2020-03-06,pl1s,0,0.999439907605572,1
2020-03-09,pl1s,0,0.999601991020301,1
2020-03-09,si1s,0,0.9995026172646928,1
2020-03-10,pl1s,0,0.9996062215340888,1
2020-03-10,si1s,0,0.9996930930202258,1
2020-03-11,pl1s,0,0.9997963895385349,1
2020-03-11,si1s,0,0.9998682514039601,1
2020-03-12,pl1s,0,0.9999983888388578,1
2020-03-12,si1s,0,0.9999967356560114,1
2020-03-13,pl1s,0,0.9999983507326253,1
2020-03-13,si1s,0,0.9999996044731488,1
2020-03-16,si1s,0,0.9999999928768579,1
2020-03-16,gc1s,1,0.9999996727834528,1
2020-03-16,pl1s,0,0.9999999578816905,1
2020-03-17,pl1s,0,0.9999999920373174,1
2020-03-17,si1s,0,0.9999999999017675,1
2020-03-18,pl1s,1,0.9999999997756581,1
2020-03-18,si1s,1,0.9999999999961269,1
2020-03-18,gc1s,1,0.9999998551680002,1
2020-03-19,pl1s,1,0.9999999971135425,1
2020-03-19,si1s,1,0.9999999999927383,1
2020-03-19,gc1s,1,0.9999998186734644,1
2020-03-20,pl1s,1,0.9999999473790583,1
2020-03-20,gc1s,1,0.9999966024106284,1
2020-03-20,si1s,1,0.9999999996736031,1
2020-03-23,si1s,1,0.9999999869383425,1
2020-03-23,pl1s,1,0.9999941063111251,1
2020-03-24,pl1s,0,0.999994172350033,1
2020-03-24,si1s,1,0.9999996915658392,1
2020-03-25,pl1s,1,0.9990602843827173,1
2020-03-25,gc1s,0,0.9982860109283331,1
2020-03-26,pl1s,0,0.9837484887349941,1
2020-03-26,gc1s,0,0.9878160308137096,1
2020-03-26,si1s,1,0.9999041369719326,1
2020-03-27,si1s,1,0.9998592711324416,1
2020-03-27,pl1s,0,0.9843967279795364,1
2020-03-27,gc1s,0,0.9938917835699455,1
2020-03-30,pl1s,0,0.9554329507502821,1
2020-03-30,gc1s,0,0.9743893175064013,1
2020-03-30,si1s,0,0.9998409919618629,1
2020-03-31,si1s,0,0.9986375215912783,1
2020-03-31,gc1s,0,0.837461408938414,1
2020-03-31,pl1s,0,0.4991969524080098,1
2020-04-01,gc1s,0,0.9550668891950864,1
2020-04-01,si1s,0,0.9998982812230836,1
2020-04-02,gc1s,0,0.9895524926148304,1
2020-04-02,pl1s,0,0.9842839469624077,1
2020-04-02,si1s,0,0.9997971866265092,1
2020-04-03,pl1s,1,0.9957724475079344,1
2020-04-03,si1s,0,0.9998971767361646,1
2020-04-03,gc1s,0,0.9851710211575716,1
2020-04-06,si1s,1,0.9996995088162612,1
2020-04-06,pl1s,1,0.9892563656583764,1
2020-04-07,si1s,1,0.9996572796311382,1
2020-04-08,pl1s,1,0.9992842840431004,1
2020-04-08,si1s,0,0.9997499305847616,1
2020-04-09,si1s,1,0.9950723796615526,1
2020-04-09,pl1s,1,0.9932777205607367,1
2020-04-13,pl1s,1,0.9140679541283873,1
2020-04-13,gc1s,1,0.8539411037434289,1
2020-04-13,si1s,1,0.9452532467495571,1
2020-04-14,si1s,1,0.30968302810802095,1
2020-04-15,pl1s,1,0.050174750658070755,1
2020-04-15,si1s,1,0.06967727634046171,1
2020-04-15,gc1s,1,0.5326140977872528,1
2020-04-16,si1s,1,0.04100879740342232,1
2020-04-16,gc1s,1,0.8465788865666644,1
2020-04-16,pl1s,0,0.5322296765472109,1
2020-04-17,si1s,1,0.0433135137390787,1
2020-04-17,pl1s,1,0.3074485790466673,1
2020-04-17,gc1s,0,0.5458180008920764,1
2020-04-20,si1s,1,0.0672949418516355,1
2020-04-20,gc1s,0,0.5991236814156767,1
2020-04-21,pl1s,0,0.10858163158426165,1
2020-04-22,si1s,0,0.46568738225762957,1
2020-04-22,pl1s,0,0.06650836468428818,1
2020-04-23,pl1s,1,0.11764618026623198,1
2020-04-23,si1s,1,0.4327407872519221,1
2020-04-24,si1s,0,0.27288403894992946,1
2020-04-27,pl1s,1,0.12094922654593566,1
2020-04-27,gc1s,0,0.6991410653323342,1
2020-04-28,gc1s,0,0.7558456990915036,1
2020-04-29,si1s,0,0.05496886236897785,1
2020-04-29,pl1s,1,0.2446755395194824,1
2020-04-30,si1s,1,0.04454002327675645,1
2020-04-30,pl1s,1,0.21509447199237983,1
2020-05-01,si1s,1,0.24782497181271435,1
2020-05-01,pl1s,0,0.2224403739806649,1
2020-05-04,si1s,1,0.22778132624030398,1
2020-05-05,si1s,1,0.34649922958613816,1
2020-05-06,gc1s,1,0.9212004659626292,1
2020-05-06,si1s,1,0.9001694793807741,1
2020-05-07,si1s,0,0.8233964770510087,1
2020-05-07,gc1s,0,0.944380942002053,1
2020-05-08,si1s,1,0.7989114614422524,1
2020-05-08,pl1s,0,0.576957130631915,1
2020-05-11,si1s,1,0.7788205570347966,1
2020-05-11,pl1s,0,0.5112070629390054,1
2020-05-12,pl1s,1,0.5466709947781175,1
2020-08-18,si1s,0,0.05883915635532854,1
2020-08-18,pl1s,1,0.26178008553077187,1
2020-08-18,gc1s,1,0.626358507992975,1
2020-08-19,gc1s,1,0.49996048090390866,1
2020-08-19,si1s,1,0.05464541155813018,1
2020-08-19,pl1s,0,0.7269287780301208,1
2020-08-20,pl1s,0,0.9059070282937347,1
2020-08-20,gc1s,1,0.6225313917704332,1
2020-08-20,si1s,1,0.3666081085538105,1
2020-08-21,pl1s,0,0.7998479376585926,1
2020-08-21,gc1s,1,0.3294836935275079,1
2020-08-21,si1s,1,0.08481811128491588,1
2020-08-24,pl1s,0,0.8749219715123129,1
2020-08-24,gc1s,0,0.3601747056070717,1
2020-08-25,pl1s,0,0.8858753624883076,1
2020-08-25,si1s,1,0.923735504802588,1
2020-08-26,pl1s,1,0.8664643397354845,1
2020-08-27,pl1s,1,0.6479966136321663,1
2020-08-27,si1s,1,0.696229787888403,1
2020-08-28,pl1s,0,0.4108440647024762,1
2020-08-28,si1s,1,0.798166643203441,1
2020-08-31,pl1s,1,0.516193028849697,1
2020-08-31,si1s,1,0.7384842554837345,1
2020-09-01,si1s,1,0.6362876759054545,1
2020-09-01,pl1s,1,0.4908945026301768,1
2020-09-02,pl1s,1,0.6476666762907745,1
2020-09-02,si1s,1,0.7934571920979641,1
2020-09-03,pl1s,1,0.9187990023556257,1
2020-09-03,si1s,1,0.9946824289409936,1
2020-09-04,pl1s,0,0.8354949201115326,1
2020-09-04,si1s,0,0.9977531963961889,1
2020-09-08,pl1s,0,0.8307002196302444,1
2020-09-08,si1s,0,0.9988209697910164,1
2020-09-09,pl1s,0,0.6920350947191274,1
2020-09-10,si1s,0,0.9775963906621223,1
2020-09-11,si1s,0,0.9798418178597089,1
2020-09-14,si1s,0,0.9347968255522096,1
2020-09-14,pl1s,1,0.5897266202111366,1
2020-09-15,si1s,0,0.9149763663023918,1
2020-09-15,pl1s,1,0.6882091903417252,1
2020-09-16,si1s,0,0.9093575017046909,1
2020-09-16,pl1s,0,0.5042645278196699,1
2020-09-17,pl1s,0,0.4026618957432615,1
2020-09-17,si1s,0,0.8835317040760917,1
2020-09-18,si1s,0,0.911318275054638,1
2020-09-18,pl1s,0,0.44466424488725687,1
2020-09-21,pl1s,1,0.5515623935533172,1
2020-09-21,si1s,0,0.9141858242608955,1
2020-09-22,pl1s,1,0.8400504247172881,1
2020-09-22,si1s,1,0.987329803891108,1
2020-09-23,gc1s,1,0.869967121690082,1
2020-09-24,gc1s,1,0.9559059418900315,1
2020-09-24,si1s,1,0.9994546401155217,1
2020-09-25,gc1s,1,0.9215319085159661,1
2020-09-25,pl1s,1,0.9783457242797605,1
2020-09-28,si1s,0,0.9982444209571396,1
2020-09-28,gc1s,1,0.7837361246530622,1
2020-09-28,pl1s,0,0.9884606817434609,1
2020-09-29,gc1s,0,0.5661023521292105,1
2020-09-29,si1s,1,0.990028140797687,1
2020-09-30,gc1s,1,0.39824451300945096,1
2020-09-30,si1s,1,0.9973901093007335,1
2020-09-30,pl1s,0,0.869075956051215,1
2020-10-01,pl1s,0,0.5500743922796762,1
2020-10-02,pl1s,0,0.3413841548240131,1
2020-10-02,si1s,1,0.9914180577474175,1
2020-10-05,si1s,0,0.9547773182061315,1
2020-10-05,pl1s,0,0.14679499199024024,1
2020-10-06,pl1s,1,0.7213957111779021,1
2020-10-06,si1s,1,0.9682426194253816,1
2020-10-07,si1s,1,0.9869736266147835,1
2020-10-07,pl1s,1,0.6859293167710013,1
2020-10-08,pl1s,1,0.6531964303286265,1
2020-10-08,si1s,1,0.9734949030492446,1
2020-10-09,si1s,1,0.9334805791111276,1
2020-10-09,pl1s,1,0.24063211684651728,1
2020-10-12,pl1s,1,0.32890894109965924,1
2020-10-12,si1s,1,0.8450093949860378,1
2020-10-13,pl1s,1,0.36735591908036597,1
2020-10-14,pl1s,1,0.6435616385981031,1
2020-10-14,si1s,1,0.9427982180817814,1
2020-10-15,pl1s,0,0.45352885570969703,1
2020-10-16,pl1s,0,0.48737401335418323,1
2020-10-16,si1s,1,0.9767284848859192,1
2020-10-19,gc1s,0,0.09872198699935694,1
2020-10-19,pl1s,0,0.18479645310709072,1
2020-10-19,si1s,1,0.8398995991664632,1
2020-10-20,si1s,1,0.6068163102740798,1
2020-10-20,pl1s,0,0.06948723622380457,1
2020-10-20,gc1s,0,0.09931275741883855,1
2020-10-21,gc1s,0,0.10226041305209395,1
2020-10-21,pl1s,0,0.02653892110043969,1
2020-10-21,si1s,0,0.20184716506004483,1
2020-10-22,si1s,1,0.26430743525464356,1
2020-10-22,gc1s,1,0.2113396019673652,1
2020-10-22,pl1s,1,0.07223524893972402,1
2020-10-23,pl1s,0,0.2948041878256457,1
2020-10-23,si1s,1,0.47049618400558113,1
2020-10-23,gc1s,1,0.1578797058958785,1
2020-10-26,gc1s,0,0.23739771341525764,1
2020-10-26,pl1s,0,0.11841603130901146,1
2020-10-26,si1s,0,0.6599710783268274,1
2020-10-27,si1s,0,0.6302740435927311,1
2020-10-27,gc1s,0,0.16188705259556446,1
2020-10-27,pl1s,1,0.051893288445721046,1
2020-10-28,si1s,1,0.47783438408871914,1
2020-10-28,gc1s,0,0.17899323534512887,1
2020-10-28,pl1s,0,0.056135667526544954,1
2020-10-29,si1s,1,0.6070604834722906,1
2020-10-29,pl1s,1,0.14589933594445384,1
2020-10-29,gc1s,1,0.12624753343444398,1
2020-10-30,gc1s,1,0.2532530071790192,1
2020-10-30,pl1s,1,0.19346782176771263,1
2020-10-30,si1s,1,0.6597628372988766,1
2020-11-02,si1s,1,0.5163741468621112,1
2020-11-02,pl1s,1,0.0730191469811133,1
2020-11-03,gc1s,0,0.18169196170083682,1
2020-11-03,si1s,0,0.5481558319627696,1
2020-11-03,pl1s,1,0.027552224518138768,1
2020-11-04,gc1s,0,0.07344716213026216,1
2020-11-04,si1s,1,0.021752604443133896,1
2020-11-04,pl1s,1,0.010420881987997092,1
2020-11-05,si1s,1,0.6473310905014434,1
2020-11-05,pl1s,1,0.027591268366133778,1
2020-11-06,si1s,1,0.25790321910417974,1
2020-11-06,pl1s,1,0.014867384966670292,1
2020-11-09,pl1s,1,0.010046552561801468,1
2020-11-09,si1s,0,0.13800194984477704,1
2020-11-10,gc1s,0,0.4572931114864638,1
2020-11-10,si1s,0,0.2780223660606681,1
2020-11-10,pl1s,1,0.03200053436679682,1
2020-11-11,si1s,0,0.3934260274328672,1
2020-11-11,pl1s,1,0.03265481924492372,1
2020-11-12,gc1s,0,0.44140106278733054,1
2020-11-12,si1s,0,0.3219722421433611,1
2020-11-12,pl1s,1,0.02732458166847188,1
2020-11-13,pl1s,1,0.049976555443767966,1
2020-11-13,si1s,0,0.4598329926684587,1
2020-11-16,si1s,0,0.21224132131086526,1
2020-11-16,pl1s,1,0.0395205938096913,1
2020-11-17,pl1s,1,0.016025081250263046,1
2020-11-17,si1s,1,0.3199862037001742,1
2020-11-18,pl1s,1,0.05288898803141678,1
2020-11-18,si1s,0,0.24433877949010285,1
2020-11-19,gc1s,0,0.17849986926946074,1
2020-11-19,pl1s,1,0.05695280123570949,1
2020-11-19,si1s,1,0.4953587806066174,1
2020-01-30,pl1s,0,0.8046361000249003,2
2020-01-30,si1s,1,0.2543029029526813,2
2020-01-31,si1s,1,0.08015456927942513,2
2020-01-31,pl1s,1,0.5264899002928976,2
2020-02-03,si1s,0,0.07209365375551975,2
2020-02-03,pl1s,1,0.541615371362984,2
2020-02-04,si1s,0,0.04826993748753831,2
2020-02-04,pl1s,1,0.44196322343445,2
2020-02-05,si1s,1,0.0618461699603029,2
2020-02-05,pl1s,0,0.38136803335383057,2
2020-02-06,si1s,1,0.04078085510730465,2
2020-02-06,pl1s,1,0.34145772576162864,2
2020-02-07,si1s,1,0.015407274690927118,2
2020-02-07,pl1s,1,0.31109264409846576,2
2020-02-10,pl1s,0,0.20145065916867172,2
2020-02-11,pl1s,0,0.05351937884489862,2
2020-02-11,si1s,1,0.009058637293955703,2
2020-02-12,pl1s,0,0.04654904599578235,2
2020-02-12,si1s,0,0.0031729146550702127,2
2020-02-13,si1s,1,0.008700102703665237,2
2020-02-13,pl1s,0,0.0673724423892292,2
2020-02-14,si1s,1,0.022718996650508114,2
2020-02-14,pl1s,0,0.23689091095066686,2
2020-02-18,pl1s,0,0.2520198882992721,2
2020-02-19,si1s,1,0.04193206781312534,2
2020-02-20,si1s,1,0.06906054236116851,2
2020-02-20,pl1s,0,0.40642223838248326,2
2020-02-21,pl1s,0,0.60083302530975,2
2020-02-21,si1s,1,0.10471746176348763,2
2020-02-24,pl1s,0,0.7747665360280801,2
2020-02-24,si1s,1,0.035798364181976815,2
2020-02-25,pl1s,0,0.9785952962801963,2
2020-02-25,si1s,1,0.2024148954435432,2
2020-02-26,si1s,1,0.6116611547891897,2
2020-02-26,pl1s,0,0.9966804152354694,2
2020-02-27,si1s,1,0.9120571027175841,2
2020-02-27,pl1s,0,0.9986690145963057,2
2020-02-28,si1s,0,0.9997355092915947,2
2020-02-28,pl1s,0,0.9997255003129257,2
2020-03-02,pl1s,0,0.9993791814935392,2
2020-03-02,si1s,0,0.9994005072557884,2
2020-03-03,si1s,0,0.9991605298227803,2
2020-03-03,pl1s,0,0.9995486666468535,2
2020-03-04,pl1s,0,0.9980787970702724,2
2020-03-04,si1s,0,0.9911323973423775,2
2020-03-05,si1s,0,0.9936534794034971,2
2020-03-05,pl1s,0,0.9994631974020218,2
2020-03-06,si1s,0,0.9887533817107806,2
2020-03-06,pl1s,0,0.9921010928956867,2
2020-03-09,pl1s,0,0.991513091736091,2
2020-03-09,si1s,0,0.9971222287345903,2
2020-03-10,pl1s,0,0.9762334322953503,2
2020-03-10,si1s,0,0.9892487850004203,2
2020-03-11,pl1s,0,0.9784995524470402,2
2020-03-11,si1s,0,0.9925848050535044,2
2020-03-12,pl1s,0,0.999987025619333,2
2020-03-12,si1s,0,0.9998783397765759,2
2020-03-13,pl1s,0,0.9999948657188292,2
2020-03-13,si1s,0,0.9999975446291808,2
2020-03-16,si1s,0,0.9999999999000884,2
2020-03-16,gc1s,1,0.9999999804903951,2
2020-03-16,pl1s,0,0.9999999996020554,2
2020-03-17,pl1s,0,0.9999999987319328,2
2020-03-17,si1s,0,0.9999999996444937,2
2020-03-18,pl1s,1,0.9999999995337874,2
2020-03-18,si1s,1,0.9999999999267513,2
2020-03-18,gc1s,1,0.9999998382873452,2
2020-03-19,pl1s,1,0.9999999990758113,2
2020-03-19,si1s,1,0.9999999998705449,2
2020-03-19,gc1s,1,0.9999999112676882,2
2020-03-20,pl1s,1,0.9999999319854562,2
2020-03-20,gc1s,1,0.9999962477072296,2
2020-03-20,si1s,1,0.9999999930346419,2
2020-03-23,si1s,1,0.9999995073540258,2
2020-03-23,pl1s,1,0.9999953012503726,2
2020-03-24,pl1s,0,0.9999971710995412,2
2020-03-24,si1s,1,0.9999997101951055,2
2020-03-25,pl1s,1,0.9998291640760875,2
2020-03-25,gc1s,0,0.9998479178580506,2
2020-03-26,pl1s,0,0.9988020283703017,2
2020-03-26,gc1s,0,0.9842281396156776,2
2020-03-26,si1s,1,0.9999295508507269,2
2020-03-27,si1s,1,0.9984371324942378,2
2020-03-27,pl1s,0,0.9715200428148455,2
2020-03-27,gc1s,0,0.9233390348425895,2
2020-03-30,pl1s,0,0.9811718330523431,2
2020-03-30,gc1s,0,0.9003963393896881,2
2020-03-30,si1s,0,0.9996357854019089,2
2020-03-31,si1s,0,0.9991799418737785,2
2020-03-31,gc1s,0,0.9549404159104833,2
2020-03-31,pl1s,0,0.9219170452343437,2
2020-04-01,gc1s,0,0.9615034891526677,2
2020-04-01,si1s,0,0.9997912662610516,2
2020-04-02,gc1s,0,0.9878552702911093,2
2020-04-02,pl1s,0,0.9980753077722564,2
2020-04-02,si1s,0,0.9998661105533209,2
2020-04-03,pl1s,1,0.9986777798369881,2
2020-04-03,si1s,0,0.9997375593249651,2
2020-04-03,gc1s,0,0.9627433790656421,2
2020-04-06,si1s,1,0.9998532447180403,2
2020-04-06,pl1s,1,0.9961612109207665,2
2020-04-07,si1s,1,0.9998772927656039,2
2020-04-08,pl1s,1,0.9997607723019916,2
2020-04-08,si1s,0,0.9998772119016778,2
2020-04-09,si1s,1,0.9988606348635526,2
2020-04-09,pl1s,1,0.9983023335971948,2
2020-04-13,pl1s,1,0.9947439540054913,2
2020-04-13,gc1s,1,0.662948195558014,2
2020-04-13,si1s,1,0.9935333936749284,2
2020-04-14,si1s,1,0.8995003400234086,2
2020-04-15,pl1s,1,0.32808384602210405,2
2020-04-15,si1s,1,0.6900725474730693,2
2020-04-15,gc1s,1,0.3985428070304755,2
2020-04-16,si1s,1,0.4169499808439119,2
2020-04-16,gc1s,1,0.6120879007634621,2
2020-04-16,pl1s,0,0.9091418273393843,2
2020-04-17,si1s,1,0.5732011814086696,2
2020-04-17,pl1s,1,0.891111440169132,2
2020-04-17,gc1s,0,0.6705976140643689,2
2020-04-20,si1s,1,0.5451099001622111,2
2020-04-20,gc1s,0,0.7337303356402903,2
2020-04-21,pl1s,0,0.724481945724843,2
2020-04-22,si1s,0,0.6125232559980953,2
2020-04-22,pl1s,0,0.6090646282219658,2
2020-04-23,pl1s,1,0.4788068302831474,2
2020-04-23,si1s,1,0.38000189042354504,2
2020-04-24,si1s,0,0.43715541997915125,2
2020-04-27,pl1s,1,0.2464909504668169,2
2020-04-27,gc1s,0,0.5670103049333939,2
2020-04-28,gc1s,0,0.7880643022604517,2
2020-04-29,si1s,0,0.11203095918068157,2
2020-04-29,pl1s,1,0.7381392903468986,2
2020-04-30,si1s,1,0.015410133595980695,2
2020-04-30,pl1s,1,0.3136057893764236,2
2020-05-01,si1s,1,0.03060976752669783,2
2020-05-01,pl1s,0,0.30394066992710705,2
2020-05-04,si1s,1,0.014079850573255503,2
2020-05-05,si1s,1,0.013467248435230271,2
2020-05-06,gc1s,1,0.3067963894462417,2
2020-05-06,si1s,1,0.1570006453655078,2
2020-05-07,si1s,0,0.7266547215066584,2
2020-05-07,gc1s,0,0.7378916730268855,2
2020-05-08,si1s,1,0.3085467976713761,2
2020-05-08,pl1s,0,0.7623608035489191,2
2020-05-11,si1s,1,0.2824035214397314,2
2020-05-11,pl1s,0,0.6471893204829053,2
2020-05-12,pl1s,1,0.5242855583633623,2
2020-11-20,si1s,1,0.1184186929467304,2
2020-11-20,pl1s,1,0.4254092470556924,2
2020-11-23,gc1s,1,0.29271930795633627,2
2020-11-23,pl1s,1,0.6653291495132714,2
2020-11-23,si1s,1,0.27583352800308214,2
2020-11-24,gc1s,1,0.2662788372479169,2
2020-11-24,si1s,1,0.23135889525924347,2
2020-11-24,pl1s,1,0.8306036895287965,2
2020-11-25,si1s,1,0.2607831196836715,2
2020-11-25,gc1s,1,0.5276217576105475,2
2020-11-27,si1s,1,0.7951498445958087,2
2020-11-27,gc1s,1,0.8181718374778554,2
2020-11-30,si1s,1,0.9520751820189766,2
2020-11-30,gc1s,1,0.8810141800284116,2
2020-12-01,gc1s,1,0.4979027699393524,2
2020-12-01,pl1s,0,0.9038379686278555,2
2020-12-02,gc1s,1,0.48865969407182863,2
2020-12-02,pl1s,0,0.898152586213233,2
2020-12-03,pl1s,0,0.7906424474418343,2
2020-12-03,si1s,1,0.675202196516118,2
2020-12-04,pl1s,1,0.034820825738684495,2
2020-12-04,si1s,1,0.042571825797499505,2
2020-12-07,pl1s,1,0.0450218884688741,2
2020-12-07,si1s,1,0.03764953071045339,2
2020-12-08,pl1s,1,0.0485456861308447,2
2020-12-08,si1s,1,0.0306609651395125,2
2020-12-09,si1s,1,0.0738626651282101,2
2020-12-09,pl1s,1,0.10495450857109805,2
2020-12-10,si1s,1,0.12069031927948345,2
2020-12-10,pl1s,0,0.17314037471299046,2
2020-12-11,pl1s,0,0.7969301993182907,2
2020-12-11,si1s,1,0.7234287437481987,2
2020-12-14,gc1s,1,0.49407408014201304,2
2020-12-14,si1s,1,0.9016122169632276,2
2020-12-14,pl1s,0,0.9067009860576908,2
2020-12-15,si1s,1,0.9137595002700063,2
2020-12-15,pl1s,0,0.9186470488581501,2
2020-12-15,gc1s,1,0.4406895368553652,2
2020-12-16,si1s,1,0.9710044364834158,2
2020-12-16,pl1s,0,0.9513789775027321,2
2020-12-16,gc1s,1,0.5349686972997987,2
2020-12-17,si1s,1,0.7291410121280875,2
2020-12-17,pl1s,0,0.948820224694711,2
2020-12-18,si1s,1,0.7386171122676511,2
2020-12-18,pl1s,0,0.9439252904081931,2
2020-12-21,pl1s,0,0.9896434460691392,2
2020-12-21,si1s,1,0.9493997416058885,2
2020-12-22,si1s,1,0.978061242926225,2
2020-12-22,pl1s,0,0.9621420855324873,2
2020-12-23,pl1s,0,0.8588786052023737,2
2020-12-23,si1s,0,0.9768616660592035,2
2020-12-24,si1s,0,0.9548909384863944,2
2020-12-24,gc1s,0,0.7478457089104859,2
2020-12-24,pl1s,0,0.6383469210379369,2
2020-12-28,si1s,1,0.9630099081010944,2
2020-12-28,pl1s,0,0.6308707380728443,2
2020-12-28,gc1s,0,0.7674479093606864,2
2020-12-29,gc1s,0,0.7545368196152148,2
2020-12-29,si1s,0,0.964532706112501,2
2020-12-29,pl1s,0,0.4400342804584823,2
2020-12-30,si1s,0,0.8227579160120123,2
2020-12-30,pl1s,0,0.4339535127813417,2
2020-12-30,gc1s,0,0.6890737268141314,2
2020-12-31,si1s,0,0.8055385107989811,2
2020-12-31,pl1s,0,0.5258354634344045,2
2020-12-31,gc1s,0,0.8832980984757103,2
2021-01-04,si1s,1,0.8938533052629384,2
2021-01-04,gc1s,0,0.7371678254547326,2
2021-01-04,pl1s,1,0.9297109851214093,2
2021-01-05,si1s,1,0.893862486757881,2
2021-01-05,pl1s,0,0.8089516923094167,2
2021-01-07,pl1s,1,0.9558009563683364,2
2021-01-08,pl1s,1,0.9550558456140849,2
2021-01-08,si1s,0,0.984905672478163,2
2021-01-11,pl1s,1,0.9952651519892227,2
2021-01-12,pl1s,0,0.99451308602564,2
2021-01-12,si1s,1,0.9949673645131419,2
2021-01-13,si1s,0,0.9757459570850675,2
2021-01-13,pl1s,1,0.9216964737141874,2
2021-01-14,pl1s,1,0.8851596166476563,2
2021-01-14,si1s,0,0.9653668412024847,2
2021-01-15,pl1s,0,0.9022266923002198,2
2021-01-15,si1s,0,0.9649171164499983,2
2021-01-19,pl1s,0,0.9390410991212688,2
2021-01-19,si1s,0,0.9706292182635647,2
2021-01-20,pl1s,1,0.9341027292327564,2
2021-01-20,gc1s,1,0.9124989669945244,2
2021-01-20,si1s,0,0.9456451530320297,2
2021-01-21,si1s,0,0.872618329487206,2
2021-01-21,gc1s,1,0.8809392222386522,2
2021-01-21,pl1s,1,0.9493318416523271,2
2021-01-22,si1s,0,0.9054572359816845,2
2021-01-22,pl1s,0,0.9374764660675652,2
2021-01-25,si1s,0,0.912504406121527,2
2021-01-25,pl1s,0,0.9407412201746318,2
2021-01-26,si1s,0,0.9416498320871571,2
2021-01-26,pl1s,0,0.967020125222609,2
2021-01-27,si1s,0,0.9447554890777164,2
2021-01-28,si1s,0,0.8614774719103729,2
2021-01-28,pl1s,1,0.9190417914534192,2
2021-01-29,pl1s,1,0.9362305067041187,2
2021-02-01,si1s,1,0.09467060354380465,2
2021-02-01,pl1s,0,0.9203339378750675,2
2021-02-02,pl1s,1,0.7944613064457339,2
2021-02-03,si1s,1,0.9083786653487245,2
2021-02-04,si1s,1,0.9227291672023709,2
2021-02-04,pl1s,1,0.9471560488956796,2
2021-02-04,gc1s,0,0.9898625305213488,2
2021-02-05,si1s,1,0.8164146744110322,2
2021-02-05,pl1s,1,0.9149292151245878,2
2021-02-08,pl1s,1,0.5540582651408288,2
2021-02-08,si1s,0,0.35371432737868186,2
2021-02-09,si1s,0,0.28752467655839276,2
2021-02-09,pl1s,0,0.15260927797271526,2
2021-02-10,pl1s,1,0.10571216678255911,2
2021-02-10,si1s,0,0.440284148201952,2
2021-02-11,pl1s,1,0.0621958054363839,2
2021-02-11,si1s,1,0.2287463402002578,2
2021-02-12,pl1s,1,0.21733497261161974,2
2021-02-12,si1s,1,0.11856879426249048,2
2021-02-16,si1s,1,0.7463578778445683,2
2021-02-16,pl1s,1,0.46581627256346775,2
2021-02-17,si1s,1,0.9602645033934266,2
2021-02-17,pl1s,1,0.9149854163055651,2
2021-02-18,pl1s,1,0.9799012804283018,2
2021-02-18,si1s,1,0.9645414411077758,2
2021-02-19,gc1s,0,0.9833369325362625,2
2021-02-19,pl1s,1,0.9882288480888911,2
2021-02-19,si1s,1,0.9915500765231587,2
2021-02-22,si1s,1,0.9059356757756727,2
2021-02-22,pl1s,1,0.920976881470127,2
2021-02-23,si1s,1,0.9290618050017857,2
2021-02-23,pl1s,1,0.9747004827791951,2
2021-02-24,si1s,0,0.9151918526544225,2
2021-02-24,pl1s,1,0.9242136537958167,2
2021-02-25,pl1s,1,0.9869323156363298,2
2021-02-26,gc1s,0,0.9806422962508639,2
2021-02-26,pl1s,0,0.9630772177488092,2
2021-02-26,si1s,1,0.8793614138301746,2
2021-03-01,pl1s,0,0.8617573275316338,2
2021-03-01,si1s,1,0.6984225499403431,2
2021-03-01,gc1s,1,0.9675569156636159,2
2021-03-02,gc1s,0,0.7650323887799889,2
2021-03-02,si1s,0,0.5136781374387117,2
2021-03-02,pl1s,0,0.5585430041177081,2
2021-03-03,gc1s,1,0.9414768846598339,2
2021-03-03,si1s,0,0.7941591405782992,2
2020-01-30,pl1s,0,0.4994382375681599,3
2020-01-30,si1s,1,0.4994382375681599,3
2020-01-31,si1s,1,0.4994382375681599,3
2020-01-31,pl1s,1,0.4994382375681599,3
2020-02-03,si1s,0,0.4994382375681599,3
2020-02-03,pl1s,1,0.4994382375681599,3
2020-02-04,si1s,0,0.4994382375681599,3
2020-02-04,pl1s,1,0.4994382375681599,3
2020-02-05,si1s,1,0.4994382375681599,3
2020-02-05,pl1s,0,0.4994382375681599,3
2020-02-06,si1s,1,0.4994382375681599,3
2020-02-06,pl1s,1,0.4994382375681599,3
2020-02-07,si1s,1,0.4994382375681599,3
2020-02-07,pl1s,1,0.4994382375681599,3
2020-02-10,pl1s,0,0.4994382375681599,3
2020-02-11,pl1s,0,0.4994382375681599,3
2020-02-11,si1s,1,0.4994382375681599,3
2020-02-12,pl1s,0,0.4994382375681599,3
2020-02-12,si1s,0,0.4994382375681599,3
2020-02-13,si1s,1,0.4994382375681599,3
2020-02-13,pl1s,0,0.4994382375681599,3
2020-02-14,si1s,1,0.4994382375681599,3
2020-02-14,pl1s,0,0.4994382375681599,3
2020-02-18,pl1s,0,0.4994382375681599,3
2020-02-19,si1s,1,0.4994382375681599,3
2020-02-20,si1s,1,0.4994382375681599,3
2020-02-20,pl1s,0,0.4994382375681599,3
2020-02-21,pl1s,0,0.4994382375681599,3
2020-02-21,si1s,1,0.4994382375681599,3
2020-02-24,pl1s,0,0.4994382375681599,3
2020-02-24,si1s,1,0.4994382375681599,3
2020-02-25,pl1s,0,0.4994382375681599,3
2020-02-25,si1s,1,0.4994382375681599,3
2020-02-26,si1s,1,0.4994382375681599,3
2020-02-26,pl1s,0,0.4994382375681599,3
2020-02-27,si1s,1,0.4994382375681599,3
2020-02-27,pl1s,0,0.4994382375681599,3
2020-02-28,si1s,0,0.4994382375681599,3
2020-02-28,pl1s,0,0.4994382375681599,3
2020-03-02,pl1s,0,0.4994382375681599,3
2020-03-02,si1s,0,0.4994382375681599,3
2020-03-03,si1s,0,0.4994382375681599,3
2020-03-03,pl1s,0,0.4994382375681599,3
2020-03-04,pl1s,0,0.4994382375681599,3
2020-03-04,si1s,0,0.4994382375681599,3
2020-03-05,si1s,0,0.4994382375681599,3
2020-03-05,pl1s,0,0.4994382375681599,3
2020-03-06,si1s,0,0.4994382375681599,3
2020-03-06,pl1s,0,0.4994382375681599,3
2020-03-09,pl1s,0,0.4994382375681599,3
2020-03-09,si1s,0,0.4994382375681599,3
2020-03-10,pl1s,0,0.4994382375681599,3
2020-03-10,si1s,0,0.4994382375681599,3
2020-03-11,pl1s,0,0.4994382375681599,3
2020-03-11,si1s,0,0.4994382375681599,3
2020-03-12,pl1s,0,0.4994382375681599,3
2020-03-12,si1s,0,0.4994382375681599,3
2020-03-13,pl1s,0,0.4994382375681599,3
2020-03-13,si1s,0,0.4994382375681599,3
2020-03-16,si1s,0,0.4994382375681599,3
2020-03-16,gc1s,1,0.4994382375681599,3
2020-03-16,pl1s,0,0.4994382375681599,3
2020-03-17,pl1s,0,0.4994382375681599,3
2020-03-17,si1s,0,0.4994382375681599,3
2020-03-18,pl1s,1,0.4994382375681599,3
2020-03-18,si1s,1,0.4994382375681599,3
2020-03-18,gc1s,1,0.4994382375681599,3
2020-03-19,pl1s,1,0.4994382375681599,3
2020-03-19,si1s,1,0.4994382375681599,3
2020-03-19,gc1s,1,0.4994382375681599,3
2020-03-20,pl1s,1,0.4994382375681599,3
2020-03-20,gc1s,1,0.4994382375681599,3
2020-03-20,si1s,1,0.4994382375681599,3
2020-03-23,si1s,1,0.4994382375681599,3
2020-03-23,pl1s,1,0.4994382375681599,3
2020-03-24,pl1s,0,0.4994382375681599,3
2020-03-24,si1s,1,0.4994382375681599,3
2020-03-25,pl1s,1,0.4994382375681599,3
2020-03-25,gc1s,0,0.4994382375681599,3
2020-03-26,pl1s,0,0.4994382375681599,3
2020-03-26,gc1s,0,0.4994382375681599,3
2020-03-26,si1s,1,0.4994382375681599,3
2020-03-27,si1s,1,0.4994382375681599,3
2020-03-27,pl1s,0,0.4994382375681599,3
2020-03-27,gc1s,0,0.4994382375681599,3
2020-03-30,pl1s,0,0.4994382375681599,3
2020-03-30,gc1s,0,0.4994382375681599,3
2020-03-30,si1s,0,0.4994382375681599,3
2020-03-31,si1s,0,0.4994382375681599,3
2020-03-31,gc1s,0,0.4994382375681599,3
2020-03-31,pl1s,0,0.4994382375681599,3
2020-04-01,gc1s,0,0.4994382375681599,3
2020-04-01,si1s,0,0.4994382375681599,3
2020-04-02,gc1s,0,0.4994382375681599,3
2020-04-02,pl1s,0,0.4994382375681599,3
2020-04-02,si1s,0,0.4994382375681599,3
2020-04-03,pl1s,1,0.4994382375681599,3
2020-04-03,si1s,0,0.4994382375681599,3
2020-04-03,gc1s,0,0.4994382375681599,3
2020-04-06,si1s,1,0.4994382375681599,3
2020-04-06,pl1s,1,0.4994382375681599,3
2020-04-07,si1s,1,0.4994382375681599,3
2020-04-08,pl1s,1,0.4994382375681599,3
2020-04-08,si1s,0,0.4994382375681599,3
2020-04-09,si1s,1,0.4994382375681599,3
2020-04-09,pl1s,1,0.4994382375681599,3
2020-04-13,pl1s,1,0.4994382375681599,3
2020-04-13,gc1s,1,0.4994382375681599,3
2020-04-13,si1s,1,0.4994382375681599,3
2020-04-14,si1s,1,0.4994382375681599,3
2020-04-15,pl1s,1,0.4994382375681599,3
2020-04-15,si1s,1,0.4994382375681599,3
2020-04-15,gc1s,1,0.4994382375681599,3
2020-04-16,si1s,1,0.4994382375681599,3
2020-04-16,gc1s,1,0.4994382375681599,3
2020-04-16,pl1s,0,0.4994382375681599,3
2020-04-17,si1s,1,0.4994382375681599,3
2020-04-17,pl1s,1,0.4994382375681599,3
2020-04-17,gc1s,0,0.4994382375681599,3
2020-04-20,si1s,1,0.4994382375681599,3
2020-04-20,gc1s,0,0.4994382375681599,3
2020-04-21,pl1s,0,0.4994382375681599,3
2020-04-22,si1s,0,0.4994382375681599,3
2020-04-22,pl1s,0,0.4994382375681599,3
2020-04-23,pl1s,1,0.4994382375681599,3
2020-04-23,si1s,1,0.4994382375681599,3
2020-04-24,si1s,0,0.4994382375681599,3
2020-04-27,pl1s,1,0.4994382375681599,3
2020-04-27,gc1s,0,0.4994382375681599,3
2020-04-28,gc1s,0,0.4994382375681599,3
2020-04-29,si1s,0,0.4994382375681599,3
2020-04-29,pl1s,1,0.4994382375681599,3
2020-04-30,si1s,1,0.4994382375681599,3
2020-04-30,pl1s,1,0.4994382375681599,3
2020-05-01,si1s,1,0.4994382375681599,3
2020-05-01,pl1s,0,0.4994382375681599,3
2020-05-04,si1s,1,0.4994382375681599,3
2020-05-05,si1s,1,0.4994382375681599,3
2020-05-06,gc1s,1,0.4994382375681599,3
2020-05-06,si1s,1,0.4994382375681599,3
2020-05-07,si1s,0,0.4994382375681599,3
2020-05-07,gc1s,0,0.4994382375681599,3
2020-05-08,si1s,1,0.4994382375681599,3
2020-05-08,pl1s,0,0.4994382375681599,3
2020-05-11,si1s,1,0.4994382375681599,3
2020-05-11,pl1s,0,0.4994382375681599,3
2020-05-12,pl1s,1,0.4994382375681599,3
2021-03-03,pl1s,1,0.4994382375681599,3
2021-03-04,gc1s,1,0.4994382375681599,3
2021-03-04,si1s,0,0.4994382375681599,3
2021-03-04,pl1s,1,0.4994382375681599,3
2021-03-05,pl1s,1,0.4994382375681599,3
2021-03-05,si1s,0,0.4994382375681599,3
2021-03-05,gc1s,1,0.4994382375681599,3
2021-03-08,gc1s,1,0.4994382375681599,3
2021-03-08,si1s,0,0.4994382375681599,3
2021-03-08,pl1s,1,0.4994382375681599,3
2021-03-09,pl1s,0,0.4994382375681599,3
2021-03-09,gc1s,1,0.4994382375681599,3
2021-03-09,si1s,1,0.4994382375681599,3
2021-03-10,gc1s,1,0.4994382375681599,3
2021-03-10,si1s,1,0.4994382375681599,3
2021-03-10,pl1s,0,0.4994382375681599,3
2021-03-11,pl1s,0,0.4994382375681599,3
2021-03-11,gc1s,1,0.4994382375681599,3
2021-03-11,si1s,1,0.4994382375681599,3
2021-03-12,si1s,0,0.4994382375681599,3
2021-03-12,gc1s,1,0.4994382375681599,3
2021-03-12,pl1s,0,0.4994382375681599,3
2021-03-15,gc1s,0,0.4994382375681599,3
2021-03-15,pl1s,0,0.4994382375681599,3
2021-03-15,si1s,1,0.4994382375681599,3
2021-03-16,gc1s,0,0.4994382375681599,3
2021-03-16,pl1s,0,0.4994382375681599,3
2021-03-16,si1s,0,0.4994382375681599,3
2021-03-17,gc1s,0,0.4994382375681599,3
2021-03-17,pl1s,0,0.4994382375681599,3
2021-03-17,si1s,0,0.4994382375681599,3
2021-03-18,gc1s,0,0.4994382375681599,3
2021-03-18,pl1s,0,0.4994382375681599,3
2021-03-18,si1s,1,0.4994382375681599,3
2021-03-19,si1s,1,0.4994382375681599,3
2021-03-19,gc1s,0,0.4994382375681599,3
2021-03-19,pl1s,1,0.4994382375681599,3
2021-03-22,pl1s,1,0.4994382375681599,3
2021-03-22,si1s,0,0.4994382375681599,3
2021-03-23,pl1s,1,0.4994382375681599,3
2021-03-23,si1s,1,0.4994382375681599,3
2021-03-24,pl1s,1,0.4994382375681599,3
2021-03-24,si1s,1,0.4994382375681599,3
2021-03-25,si1s,1,0.4994382375681599,3
2021-03-25,pl1s,1,0.4994382375681599,3
2021-03-26,si1s,0,0.4994382375681599,3
2021-03-26,pl1s,0,0.4994382375681599,3
2021-03-29,pl1s,0,0.4994382375681599,3
2021-03-29,si1s,1,0.4994382375681599,3
2021-03-30,si1s,1,0.4994382375681599,3
2021-03-30,pl1s,1,0.4994382375681599,3
2021-03-31,si1s,1,0.4994382375681599,3
2021-03-31,pl1s,1,0.4994382375681599,3
2021-04-01,si1s,1,0.4994382375681599,3
2021-04-01,pl1s,1,0.4994382375681599,3
2021-04-05,si1s,1,0.4994382375681599,3
2021-04-05,pl1s,0,0.4994382375681599,3
2021-04-06,si1s,0,0.4994382375681599,3
2021-04-06,gc1s,0,0.4994382375681599,3
2021-04-07,gc1s,0,0.4994382375681599,3
2021-04-07,si1s,0,0.4994382375681599,3
2021-04-07,pl1s,0,0.4994382375681599,3
2021-04-08,pl1s,0,0.4994382375681599,3
2021-04-08,si1s,1,0.4994382375681599,3
2021-04-09,pl1s,1,0.4994382375681599,3
2021-04-09,gc1s,0,0.4994382375681599,3
2021-04-09,si1s,1,0.4994382375681599,3
2021-04-12,pl1s,1,0.4994382375681599,3
2021-04-12,si1s,1,0.4994382375681599,3
2021-04-13,pl1s,1,0.4994382375681599,3
2021-04-13,si1s,1,0.4994382375681599,3
2021-04-14,si1s,1,0.4994382375681599,3
2021-04-14,pl1s,1,0.4994382375681599,3
2021-04-15,pl1s,0,0.4994382375681599,3
2021-04-16,pl1s,0,0.4994382375681599,3
2021-04-16,si1s,1,0.4994382375681599,3
2021-04-20,pl1s,1,0.4994382375681599,3
2021-04-21,si1s,1,0.4994382375681599,3
2021-04-21,pl1s,1,0.4994382375681599,3
2021-04-22,pl1s,1,0.4994382375681599,3
2021-04-23,pl1s,1,0.4994382375681599,3
2021-04-26,pl1s,1,0.4994382375681599,3
2021-04-26,si1s,0,0.4994382375681599,3
2021-04-27,si1s,0,0.4994382375681599,3
2021-04-27,pl1s,0,0.4994382375681599,3
2021-04-28,pl1s,1,0.4994382375681599,3
2021-04-28,si1s,0,0.4994382375681599,3
2021-04-29,pl1s,1,0.4994382375681599,3
2021-04-29,si1s,0,0.4994382375681599,3
2021-04-30,pl1s,1,0.4994382375681599,3
2021-04-30,si1s,1,0.4994382375681599,3
2021-05-03,pl1s,1,0.4994382375681599,3
2021-05-03,si1s,0,0.4994382375681599,3
2021-05-04,pl1s,0,0.4994382375681599,3
2021-05-04,si1s,1,0.4994382375681599,3
2021-05-05,pl1s,0,0.4994382375681599,3
2021-05-05,si1s,1,0.4994382375681599,3
2021-05-06,pl1s,0,0.4994382375681599,3
2021-05-06,si1s,0,0.4994382375681599,3
2021-05-07,pl1s,0,0.4994382375681599,3
2021-05-07,si1s,0,0.4994382375681599,3
2021-05-07,gc1s,1,0.4994382375681599,3
2021-05-10,pl1s,0,0.4994382375681599,3
2021-05-10,si1s,0,0.4994382375681599,3
2021-05-11,pl1s,0,0.4994382375681599,3
2021-05-11,si1s,0,0.4994382375681599,3
2021-05-12,gc1s,1,0.4994382375681599,3
2021-05-12,si1s,1,0.4994382375681599,3
2021-05-12,pl1s,0,0.4994382375681599,3
2021-05-13,pl1s,0,0.4994382375681599,3
2021-05-13,gc1s,1,0.4994382375681599,3
2021-05-13,si1s,0,0.4994382375681599,3
2021-05-14,pl1s,0,0.4994382375681599,3
2021-05-14,si1s,0,0.4994382375681599,3
2021-05-17,si1s,1,0.4994382375681599,3
2021-05-17,gc1s,1,0.4994382375681599,3
2021-05-17,pl1s,0,0.4994382375681599,3
2021-05-18,si1s,1,0.4994382375681599,3
2021-05-18,pl1s,0,0.4994382375681599,3
2021-05-18,gc1s,1,0.4994382375681599,3
2021-05-19,pl1s,0,0.4994382375681599,3
2021-05-19,si1s,1,0.4994382375681599,3
2021-05-19,gc1s,0,0.4994382375681599,3
2021-05-20,pl1s,0,0.4994382375681599,3
2021-05-20,si1s,1,0.4994382375681599,3
2021-05-20,gc1s,1,0.4994382375681599,3
2021-05-21,si1s,0,0.4994382375681599,3
2021-05-21,pl1s,1,0.4994382375681599,3
2021-05-24,si1s,0,0.4994382375681599,3
2021-05-24,pl1s,0,0.4994382375681599,3
2021-05-25,pl1s,0,0.4994382375681599,3
2021-05-25,si1s,0,0.4994382375681599,3
2021-05-26,pl1s,0,0.4994382375681599,3
2021-05-27,pl1s,0,0.4994382375681599,3
2021-05-28,gc1s,0,0.4994382375681599,3
2021-05-28,si1s,1,0.4994382375681599,3
2021-05-28,pl1s,0,0.4994382375681599,3
2021-06-01,gc1s,0,0.4994382375681599,3
2021-06-01,si1s,1,0.4994382375681599,3
2021-06-01,pl1s,0,0.4994382375681599,3
2021-06-02,si1s,1,0.4994382375681599,3
2021-06-02,pl1s,0,0.4994382375681599,3
2021-06-03,si1s,0,0.4994382375681599,3
2021-06-03,pl1s,0,0.4994382375681599,3
2021-06-04,pl1s,0,0.4994382375681599,3
2021-06-07,pl1s,0,0.4994382375681599,3
2021-06-08,pl1s,0,0.4994382375681599,3
2020-01-30,pl1s,0,0.4995012197454963,4
2020-01-30,si1s,1,0.4995012197454963,4
2020-01-31,si1s,1,0.4995012197454963,4
2020-01-31,pl1s,1,0.4995012197454963,4
2020-02-03,si1s,0,0.4995012197454963,4
2020-02-03,pl1s,1,0.4995012197454963,4
2020-02-04,si1s,0,0.4995012197454963,4
2020-02-04,pl1s,1,0.4995012197454963,4
2020-02-05,si1s,1,0.4995012197454963,4
2020-02-05,pl1s,0,0.4995012197454963,4
2020-02-06,si1s,1,0.4995012197454963,4
2020-02-06,pl1s,1,0.4995012197454963,4
2020-02-07,si1s,1,0.4995012197454963,4
2020-02-07,pl1s,1,0.4995012197454963,4
2020-02-10,pl1s,0,0.4995012197454963,4
2020-02-11,pl1s,0,0.4995012197454963,4
2020-02-11,si1s,1,0.4995012197454963,4
2020-02-12,pl1s,0,0.4995012197454963,4
2020-02-12,si1s,0,0.4995012197454963,4
2020-02-13,si1s,1,0.4995012197454963,4
2020-02-13,pl1s,0,0.4995012197454963,4
2020-02-14,si1s,1,0.4995012197454963,4
2020-02-14,pl1s,0,0.4995012197454963,4
2020-02-18,pl1s,0,0.4995012197454963,4
2020-02-19,si1s,1,0.4995012197454963,4
2020-02-20,si1s,1,0.4995012197454963,4
2020-02-20,pl1s,0,0.4995012197454963,4
2020-02-21,pl1s,0,0.4995012197454963,4
2020-02-21,si1s,1,0.4995012197454963,4
2020-02-24,pl1s,0,0.4995012197454963,4
2020-02-24,si1s,1,0.4995012197454963,4
2020-02-25,pl1s,0,0.4995012197454963,4
2020-02-25,si1s,1,0.4995012197454963,4
2020-02-26,si1s,1,0.4995012197454963,4
2020-02-26,pl1s,0,0.4995012197454963,4
2020-02-27,si1s,1,0.4995012197454963,4
2020-02-27,pl1s,0,0.4995012197454963,4
2020-02-28,si1s,0,0.4995012197454963,4
2020-02-28,pl1s,0,0.4995012197454963,4
2020-03-02,pl1s,0,0.4995012197454963,4
2020-03-02,si1s,0,0.4995012197454963,4
2020-03-03,si1s,0,0.4995012197454963,4
2020-03-03,pl1s,0,0.4995012197454963,4
2020-03-04,pl1s,0,0.4995012197454963,4
2020-03-04,si1s,0,0.4995012197454963,4
2020-03-05,si1s,0,0.4995012197454963,4
2020-03-05,pl1s,0,0.4995012197454963,4
2020-03-06,si1s,0,0.4995012197454963,4
2020-03-06,pl1s,0,0.4995012197454963,4
2020-03-09,pl1s,0,0.4995012197454963,4
2020-03-09,si1s,0,0.4995012197454963,4
2020-03-10,pl1s,0,0.4995012197454963,4
2020-03-10,si1s,0,0.4995012197454963,4
2020-03-11,pl1s,0,0.4995012197454963,4
2020-03-11,si1s,0,0.4995012197454963,4
2020-03-12,pl1s,0,0.4995012197454963,4
2020-03-12,si1s,0,0.4995012197454963,4
2020-03-13,pl1s,0,0.4995012197454963,4
2020-03-13,si1s,0,0.4995012197454963,4
2020-03-16,si1s,0,0.4995012197454963,4
2020-03-16,gc1s,1,0.4995012197454963,4
2020-03-16,pl1s,0,0.4995012197454963,4
2020-03-17,pl1s,0,0.4995012197454963,4
2020-03-17,si1s,0,0.4995012197454963,4
2020-03-18,pl1s,1,0.4995012197454963,4
2020-03-18,si1s,1,0.4995012197454963,4
2020-03-18,gc1s,1,0.4995012197454963,4
2020-03-19,pl1s,1,0.4995012197454963,4
2020-03-19,si1s,1,0.4995012197454963,4
2020-03-19,gc1s,1,0.4995012197454963,4
2020-03-20,pl1s,1,0.4995012197454963,4
2020-03-20,gc1s,1,0.4995012197454963,4
2020-03-20,si1s,1,0.4995012197454963,4
2020-03-23,si1s,1,0.4995012197454963,4
2020-03-23,pl1s,1,0.4995012197454963,4
2020-03-24,pl1s,0,0.4995012197454963,4
2020-03-24,si1s,1,0.4995012197454963,4
2020-03-25,pl1s,1,0.4995012197454963,4
2020-03-25,gc1s,0,0.4995012197454963,4
2020-03-26,pl1s,0,0.4995012197454963,4
2020-03-26,gc1s,0,0.4995012197454963,4
2020-03-26,si1s,1,0.4995012197454963,4
2020-03-27,si1s,1,0.4995012197454963,4
2020-03-27,pl1s,0,0.4995012197454963,4
2020-03-27,gc1s,0,0.4995012197454963,4
2020-03-30,pl1s,0,0.4995012197454963,4
2020-03-30,gc1s,0,0.4995012197454963,4
2020-03-30,si1s,0,0.4995012197454963,4
2020-03-31,si1s,0,0.4995012197454963,4
2020-03-31,gc1s,0,0.4995012197454963,4
2020-03-31,pl1s,0,0.4995012197454963,4
2020-04-01,gc1s,0,0.4995012197454963,4
2020-04-01,si1s,0,0.4995012197454963,4
2020-04-02,gc1s,0,0.4995012197454963,4
2020-04-02,pl1s,0,0.4995012197454963,4
2020-04-02,si1s,0,0.4995012197454963,4
2020-04-03,pl1s,1,0.4995012197454963,4
2020-04-03,si1s,0,0.4995012197454963,4
2020-04-03,gc1s,0,0.4995012197454963,4
2020-04-06,si1s,1,0.4995012197454963,4
2020-04-06,pl1s,1,0.4995012197454963,4
2020-04-07,si1s,1,0.4995012197454963,4
2020-04-08,pl1s,1,0.4995012197454963,4
2020-04-08,si1s,0,0.4995012197454963,4
2020-04-09,si1s,1,0.4995012197454963,4
2020-04-09,pl1s,1,0.4995012197454963,4
2020-04-13,pl1s,1,0.4995012197454963,4
2020-04-13,gc1s,1,0.4995012197454963,4
2020-04-13,si1s,1,0.4995012197454963,4
2020-04-14,si1s,1,0.4995012197454963,4
2020-04-15,pl1s,1,0.4995012197454963,4
2020-04-15,si1s,1,0.4995012197454963,4
2020-04-15,gc1s,1,0.4995012197454963,4
2020-04-16,si1s,1,0.4995012197454963,4
2020-04-16,gc1s,1,0.4995012197454963,4
2020-04-16,pl1s,0,0.4995012197454963,4
2020-04-17,si1s,1,0.4995012197454963,4
2020-04-17,pl1s,1,0.4995012197454963,4
2020-04-17,gc1s,0,0.4995012197454963,4
2020-04-20,si1s,1,0.4995012197454963,4
2020-04-20,gc1s,0,0.4995012197454963,4
2020-04-21,pl1s,0,0.4995012197454963,4
2020-04-22,si1s,0,0.4995012197454963,4
2020-04-22,pl1s,0,0.4995012197454963,4
2020-04-23,pl1s,1,0.4995012197454963,4
2020-04-23,si1s,1,0.4995012197454963,4
2020-04-24,si1s,0,0.4995012197454963,4
2020-04-27,pl1s,1,0.4995012197454963,4
2020-04-27,gc1s,0,0.4995012197454963,4
2020-04-28,gc1s,0,0.4995012197454963,4
2020-04-29,si1s,0,0.4995012197454963,4
2020-04-29,pl1s,1,0.4995012197454963,4
2020-04-30,si1s,1,0.4995012197454963,4
2020-04-30,pl1s,1,0.4995012197454963,4
2020-05-01,si1s,1,0.4995012197454963,4
2020-05-01,pl1s,0,0.4995012197454963,4
2020-05-04,si1s,1,0.4995012197454963,4
2020-05-05,si1s,1,0.4995012197454963,4
2020-05-06,gc1s,1,0.4995012197454963,4
2020-05-06,si1s,1,0.4995012197454963,4
2020-05-07,si1s,0,0.4995012197454963,4
2020-05-07,gc1s,0,0.4995012197454963,4
2020-05-08,si1s,1,0.4995012197454963,4
2020-05-08,pl1s,0,0.4995012197454963,4
2020-05-11,si1s,1,0.4995012197454963,4
2020-05-11,pl1s,0,0.4995012197454963,4
2020-05-12,pl1s,1,0.4995012197454963,4
2021-06-08,si1s,1,0.4995012197454963,4
2021-06-09,pl1s,0,0.4995012197454963,4
2021-06-09,si1s,1,0.4995012197454963,4
2021-06-10,si1s,1,0.4995012197454963,4
2021-06-11,pl1s,0,0.4995012197454963,4
2021-06-11,si1s,1,0.4995012197454963,4
2021-06-14,pl1s,0,0.4995012197454963,4
2021-06-14,si1s,1,0.4995012197454963,4
2021-06-15,si1s,1,0.4995012197454963,4
2021-06-15,pl1s,0,0.4995012197454963,4
2021-06-16,pl1s,0,0.4995012197454963,4
2021-06-16,si1s,1,0.4995012197454963,4
2021-06-17,si1s,1,0.4995012197454963,4
2021-06-17,pl1s,1,0.4995012197454963,4
2021-06-18,si1s,1,0.4995012197454963,4
2021-06-18,pl1s,1,0.4995012197454963,4
2021-06-21,si1s,1,0.4995012197454963,4
2021-06-21,pl1s,1,0.4995012197454963,4
2021-06-22,si1s,1,0.4995012197454963,4
2021-06-22,pl1s,1,0.4995012197454963,4
2021-06-23,si1s,0,0.4995012197454963,4
2021-06-23,pl1s,0,0.4995012197454963,4
2021-06-24,si1s,1,0.4995012197454963,4
2021-06-25,si1s,1,0.4995012197454963,4
2021-06-28,si1s,0,0.4995012197454963,4
2021-06-29,si1s,1,0.4995012197454963,4
2021-06-29,pl1s,1,0.4995012197454963,4
2021-06-30,si1s,1,0.4995012197454963,4
2021-06-30,pl1s,1,0.4995012197454963,4
2021-07-01,pl1s,1,0.4995012197454963,4
2021-07-01,si1s,0,0.4995012197454963,4
2021-07-02,si1s,1,0.4995012197454963,4
2021-07-02,pl1s,0,0.4995012197454963,4
2021-07-06,pl1s,0,0.4995012197454963,4
2021-07-06,si1s,0,0.4995012197454963,4
2021-07-07,pl1s,0,0.4995012197454963,4
2021-07-08,pl1s,1,0.4995012197454963,4
2021-07-08,si1s,0,0.4995012197454963,4
2021-07-09,si1s,1,0.4995012197454963,4
2021-07-09,pl1s,0,0.4995012197454963,4
2021-07-12,pl1s,0,0.4995012197454963,4
2021-07-12,si1s,1,0.4995012197454963,4
2021-07-13,si1s,1,0.4995012197454963,4
2021-07-13,pl1s,0,0.4995012197454963,4
2021-07-14,pl1s,0,0.4995012197454963,4
2021-07-15,pl1s,0,0.4995012197454963,4
2021-07-15,si1s,1,0.4995012197454963,4
2021-07-16,si1s,1,0.4995012197454963,4
2021-07-16,pl1s,0,0.4995012197454963,4
2021-07-19,pl1s,0,0.4995012197454963,4
2021-07-19,si1s,0,0.4995012197454963,4
2021-07-20,pl1s,0,0.4995012197454963,4
2021-07-20,si1s,1,0.4995012197454963,4
2021-07-21,pl1s,0,0.4995012197454963,4
2021-07-21,si1s,1,0.4995012197454963,4
2021-07-22,si1s,0,0.4995012197454963,4
2021-07-22,pl1s,0,0.4995012197454963,4
2021-07-23,pl1s,0,0.4995012197454963,4
2021-07-23,si1s,0,0.4995012197454963,4
2021-07-26,si1s,0,0.4995012197454963,4
2021-07-26,pl1s,0,0.4995012197454963,4
2021-07-27,si1s,0,0.4995012197454963,4
2021-07-27,pl1s,0,0.4995012197454963,4
2021-07-28,pl1s,0,0.4995012197454963,4
2021-07-28,si1s,0,0.4995012197454963,4
2021-07-29,si1s,0,0.4995012197454963,4
2021-07-29,pl1s,0,0.4995012197454963,4
2021-07-30,si1s,0,0.4995012197454963,4
2021-07-30,pl1s,0,0.4995012197454963,4
2021-08-02,si1s,0,0.4995012197454963,4
2021-08-02,pl1s,0,0.4995012197454963,4
2021-08-03,pl1s,0,0.4995012197454963,4
2021-08-03,si1s,0,0.4995012197454963,4
2021-08-03,gc1s,1,0.4995012197454963,4
2021-08-04,si1s,0,0.4995012197454963,4
2021-08-04,gc1s,1,0.4995012197454963,4
2021-08-04,pl1s,0,0.4995012197454963,4
2021-08-05,si1s,0,0.4995012197454963,4
2021-08-06,si1s,0,0.4995012197454963,4
2021-08-09,si1s,1,0.4995012197454963,4
2021-08-09,pl1s,1,0.4995012197454963,4
2021-08-09,gc1s,1,0.4995012197454963,4
2021-08-10,gc1s,1,0.4995012197454963,4
2021-08-10,pl1s,1,0.4995012197454963,4
2021-08-10,si1s,1,0.4995012197454963,4
2021-08-11,gc1s,1,0.4995012197454963,4
2021-08-11,pl1s,0,0.4995012197454963,4
2021-08-11,si1s,1,0.4995012197454963,4
2021-08-12,gc1s,1,0.4995012197454963,4
2021-08-12,si1s,1,0.4995012197454963,4
2021-08-13,si1s,1,0.4995012197454963,4
2021-08-16,si1s,1,0.4995012197454963,4
2021-08-16,pl1s,0,0.4995012197454963,4
2021-08-17,si1s,1,0.4995012197454963,4
2021-08-17,pl1s,1,0.4995012197454963,4
2021-08-18,pl1s,1,0.4995012197454963,4
2021-08-18,si1s,1,0.4995012197454963,4
2021-08-19,pl1s,1,0.4995012197454963,4
2021-08-19,si1s,1,0.4995012197454963,4
2021-08-20,pl1s,1,0.4995012197454963,4
2021-08-20,si1s,1,0.4995012197454963,4
2021-08-23,pl1s,0,0.4995012197454963,4
2021-08-23,si1s,1,0.4995012197454963,4
2021-08-24,pl1s,1,0.4995012197454963,4
2021-08-24,si1s,1,0.4995012197454963,4
2021-08-25,pl1s,0,0.4995012197454963,4
2021-08-25,si1s,1,0.4995012197454963,4
2021-08-26,si1s,1,0.4995012197454963,4
2021-08-26,pl1s,0,0.4995012197454963,4
2021-08-27,si1s,1,0.4995012197454963,4
2021-08-27,pl1s,0,0.4995012197454963,4
2021-08-30,si1s,1,0.4995012197454963,4
2021-08-30,pl1s,0,0.4995012197454963,4
2021-08-31,pl1s,0,0.4995012197454963,4
2021-08-31,si1s,1,0.4995012197454963,4
2021-09-01,si1s,1,0.4995012197454963,4
2021-09-01,pl1s,0,0.4995012197454963,4
2021-09-02,pl1s,0,0.4995012197454963,4
2021-09-02,si1s,1,0.4995012197454963,4
2021-09-03,pl1s,0,0.4995012197454963,4
2021-09-03,si1s,1,0.4995012197454963,4
2021-09-07,pl1s,0,0.4995012197454963,4
2021-09-07,si1s,1,0.4995012197454963,4
2021-09-08,si1s,1,0.4995012197454963,4
2021-09-08,pl1s,0,0.4995012197454963,4
2021-09-09,si1s,1,0.4995012197454963,4
2021-09-09,pl1s,0,0.4995012197454963,4
2021-09-10,si1s,0,0.4995012197454963,4
2021-09-10,pl1s,0,0.4995012197454963,4
2021-09-13,pl1s,0,0.4995012197454963,4
2021-09-13,si1s,0,0.4995012197454963,4
2021-09-14,pl1s,1,0.4995012197454963,4
2021-09-14,si1s,0,0.4995012197454963,4
2021-09-15,si1s,0,0.4995012197454963,4
2021-09-15,pl1s,1,0.4995012197454963,4
2021-09-16,si1s,0,0.4995012197454963,4
2021-09-16,pl1s,1,0.4995012197454963,4
2021-09-17,si1s,1,0.4995012197454963,4
2021-09-17,pl1s,1,0.4995012197454963,4
2021-09-20,si1s,1,0.4995012197454963,4
2021-09-20,pl1s,1,0.4995012197454963,4
2021-09-20,gc1s,1,0.4995012197454963,4
2021-09-21,pl1s,1,0.4995012197454963,4
2021-09-21,gc1s,0,0.4995012197454963,4
2021-09-21,si1s,0,0.4995012197454963,4
2021-09-22,si1s,0,0.4995012197454963,4
2021-09-22,gc1s,0,0.4995012197454963,4
2020-05-12,si1s,1,0.5095623600296146,5
2020-05-13,si1s,1,0.4982757369108975,5
2020-05-13,pl1s,1,0.48811413263115927,5
2020-05-14,si1s,1,0.5031319811998961,5
2020-05-14,pl1s,1,0.4929686486382278,5
2020-05-15,si1s,1,0.5010228167673827,5
2020-05-18,si1s,1,0.5093807191927712,5
2020-05-18,pl1s,0,0.4992179836208121,5
2020-05-19,pl1s,0,0.4997973544144618,5
2020-05-19,si1s,1,0.5099598738292807,5
2020-05-20,gc1s,1,0.5116307081185508,5
2020-05-20,si1s,1,0.5116307081185508,5
2020-05-21,gc1s,1,0.5133327684041467,5
2020-05-21,si1s,1,0.5133327684041467,5
2020-05-22,gc1s,1,0.5093797330332505,5
2020-05-22,pl1s,1,0.4992169971165022,5
2020-05-22,si1s,0,0.5093797330332505,5
2020-05-26,pl1s,1,0.49783238279960573,5
2020-05-26,gc1s,1,0.5079955246804758,5
2020-05-26,si1s,0,0.5079955246804758,5
2020-05-27,pl1s,1,0.498181300555645,5
2020-05-27,si1s,0,0.5083443548215351,5
2020-05-27,gc1s,1,0.5083443548215351,5
2020-05-28,gc1s,0,0.5113585074259209,5
2020-05-28,pl1s,1,0.5011966225606306,5
2020-05-28,si1s,1,0.5113585074259209,5
2020-05-29,pl1s,1,0.4964836230112281,5
2020-05-29,si1s,1,0.5066470105043056,5
2020-06-01,si1s,1,0.5102742006678692,5
2020-06-01,pl1s,1,0.500111809994172,5
2020-06-02,si1s,1,0.5046625516503275,5
2020-06-02,gc1s,0,0.5046625516503275,5
2020-06-02,pl1s,1,0.49449907168038565,5
2020-06-03,pl1s,1,0.5053519063777501,5
2020-06-04,si1s,1,0.5253280546536738,5
2020-06-04,pl1s,1,0.5151812475781009,5
2020-06-05,pl1s,0,0.5311303000256129,5
2020-06-08,pl1s,1,0.5233745547965782,5
2020-06-09,si1s,1,0.5264545419261623,5
2020-06-09,pl1s,1,0.516309643465207,5
2020-06-10,pl1s,1,0.49410078041797817,5
2020-06-10,si1s,0,0.5042642403609195,5
2020-06-11,pl1s,1,0.4727265992814065,5
2020-06-11,si1s,0,0.48287004540937273,5
2020-06-12,pl1s,1,0.4648432591516231,5
2020-06-12,si1s,0,0.4749699257248272,5
2020-06-15,si1s,0,0.4811008457732162,5
2020-06-15,pl1s,0,0.4709607177118947,5
2020-06-16,pl1s,0,0.48037909295805137,5
2020-06-16,si1s,0,0.4905339803736406,5
2020-06-17,si1s,0,0.5029927945715588,5
2020-06-17,pl1s,0,0.4928294848624275,5
2020-06-18,si1s,0,0.5098493340674181,5
2020-06-18,pl1s,1,0.499686771288676,5
2020-06-19,si1s,0,0.5053987373647297,5
2020-06-19,pl1s,1,0.4952352543359742,5
2020-06-19,gc1s,1,0.5053987373647297,5
2020-06-22,gc1s,1,0.5040833790155452,5
2020-06-22,si1s,0,0.5040833790155452,5
2020-06-23,gc1s,1,0.5016739839219391,5
2020-06-23,si1s,0,0.5016739839219391,5
2020-06-24,pl1s,1,0.4857798083994013,5
2020-06-24,si1s,0,0.49593989883962275,5
2020-06-25,gc1s,1,0.49919576460608833,5
2020-06-25,si1s,0,0.49919576460608833,5
2020-06-25,pl1s,1,0.4890336857460401,5
2020-06-26,pl1s,1,0.48544217094151293,5
2020-06-26,gc1s,1,0.4956020057016076,5
2020-06-26,si1s,1,0.4956020057016076,5
2020-06-29,gc1s,1,0.49401981122960903,5
2020-06-29,pl1s,1,0.4838612970677161,5
2020-06-29,si1s,1,0.49401981122960903,5
2020-06-30,pl1s,0,0.486254667264625,5
2020-07-01,si1s,0,0.507290165390299,5
2020-07-01,pl1s,1,0.497126876588713,5
2020-07-02,si1s,0,0.5055685848925836,5
2020-07-02,gc1s,1,0.5055685848925836,5
2020-07-02,pl1s,1,0.49540510741499916,5
2020-07-06,si1s,1,0.5130819332174501,5
2020-07-06,gc1s,1,0.5130819332174501,5
2020-07-06,pl1s,1,0.5029210491946925,5
2020-07-07,si1s,1,0.5047174223543686,5
2020-07-07,pl1s,1,0.4945539406364969,5
2020-07-07,gc1s,1,0.5047174223543686,5
2020-07-08,si1s,0,0.5013467067398071,5
2020-07-08,pl1s,1,0.4911837867408388,5
2020-07-08,gc1s,1,0.5013467067398071,5
2020-07-09,pl1s,1,0.4868594047486633,5
2020-07-09,si1s,0,0.4970202504504023,5
2020-07-09,gc1s,1,0.4970202504504023,5
2020-07-10,gc1s,1,0.5005661165862624,5
2020-07-10,pl1s,1,0.4904034583754382,5
2020-07-10,si1s,0,0.5005661165862624,5
2020-07-13,gc1s,1,0.49957791972514887,5
2020-07-13,si1s,0,0.49957791972514887,5
2020-07-13,pl1s,1,0.4894156639550091,5
2020-07-14,gc1s,1,0.502308838380659,5
2020-07-14,pl1s,1,0.49214566385170155,5
2020-07-14,si1s,0,0.502308838380659,5
2020-07-15,pl1s,1,0.4909381563274885,5
2020-07-15,gc1s,1,0.5011009992638567,5
2020-07-15,si1s,1,0.5011009992638567,5
2020-07-16,pl1s,1,0.4952096075028873,5
2020-07-16,gc1s,1,0.5053730911659886,5
2020-07-17,pl1s,1,0.4939747999157042,5
2020-07-17,si1s,0,0.5041382508384279,5
2020-07-20,pl1s,1,0.4916478744517331,5
2020-07-20,si1s,0,0.5018109266531561,5
2020-07-21,si1s,0,0.5018735389735708,5
2020-07-22,pl1s,0,0.4887734618429526,5
2020-07-22,si1s,0,0.49893541338293607,5
2020-07-23,pl1s,0,0.48972711887056575,5
2020-07-23,si1s,0,0.49988951010151916,5
2020-07-24,pl1s,0,0.4907430735252627,5
2020-07-24,si1s,0,0.5009058517602347,5
2020-07-27,si1s,0,0.5039248360442831,5
2020-07-27,pl1s,0,0.4937614033456667,5
2020-07-28,si1s,0,0.5000780616752147,5
2020-07-28,pl1s,1,0.4899155923050629,5
2020-07-29,pl1s,0,0.49197947497942096,5
2020-07-29,si1s,0,0.5021426109102893,5
2020-07-30,pl1s,1,0.48810966587079374,5
2020-07-30,si1s,0,0.4982712676772976,5
2020-07-31,si1s,0,0.4941955138117765,5
2020-07-31,pl1s,1,0.48403684296276167,5
2020-08-03,pl1s,1,0.4864774264035977,5
2020-08-03,si1s,0,0.49663801572748983,5
2020-08-04,pl1s,0,0.4845071983521446,5
2020-08-04,si1s,0,0.49466627665826324,5
2020-08-05,si1s,0,0.5017684130062964,5
2020-08-05,pl1s,1,0.49160537218345984,5
2020-08-06,pl1s,1,0.49447410321738244,5
2020-08-06,si1s,1,0.5046375823108651,5
2020-08-07,si1s,1,0.5099012298278074,5
2020-08-07,pl1s,1,0.49973868728357385,5
2020-08-10,si1s,1,0.5072868377329589,5
2020-08-10,pl1s,1,0.4971235483341597,5
2020-08-11,pl1s,0,0.5139699553614262,5
2020-08-11,si1s,1,0.5241186963227078,5
2020-08-12,pl1s,1,0.5122384287862286,5
2020-08-12,si1s,1,0.5223897275120757,5
2020-08-13,pl1s,1,0.5219272378380797,5
2020-08-13,si1s,1,0.532061097974448,5
2020-08-14,pl1s,1,0.5158851052469935,5
2020-08-14,si1s,0,0.5260307339074909,5
2020-08-17,pl1s,1,0.5115612194594351,5
2020-08-17,si1s,0,0.5217134523611477,5
2020-08-18,si1s,0,0.5089550515500922,5
2020-08-18,pl1s,1,0.4987921745062937,5
2020-08-18,gc1s,1,0.5089550515500922,5
2020-08-19,gc1s,1,0.5043159381378906,5
2020-08-19,si1s,1,0.5043159381378906,5
2020-08-19,pl1s,0,0.4941524748670968,5
2020-08-20,pl1s,0,0.482566796760451,5
2020-08-20,gc1s,1,0.49272407800988266,5
2020-08-20,si1s,1,0.49272407800988266,5
2020-08-21,pl1s,0,0.4812128664358038,5
2020-08-21,gc1s,1,0.4913687121584093,5
2020-08-21,si1s,1,0.4913687121584093,5
2020-08-24,pl1s,0,0.4889773876943727,5
2020-08-24,gc1s,0,0.4991394394765271,5
2020-08-25,pl1s,0,0.49837971484983346,5
2020-08-25,si1s,1,0.5085427148792254,5
2020-08-26,pl1s,1,0.4990647323111515,5
2020-08-27,pl1s,1,0.5110910084475155,5
2020-08-27,si1s,1,0.5212438680898107,5
2020-08-28,pl1s,0,0.5106708525108171,5
2020-08-28,si1s,1,0.5208242569957446,5
2020-08-31,pl1s,1,0.5057926144490156,5
2020-08-31,si1s,1,0.5159512957945291,5
2020-09-01,si1s,1,0.5041313457635895,5
2020-09-01,pl1s,1,0.49396789537254027,5
2020-09-02,pl1s,1,0.4872326799828942,5
2020-09-02,si1s,1,0.49739376474756913,5
2020-09-03,pl1s,1,0.47750412322786356,5
2020-09-03,si1s,1,0.48765527194005726,5
2020-09-04,pl1s,0,0.4910890174840051,5
2020-09-04,si1s,0,0.5012519083322023,5
2020-09-08,pl1s,0,0.4918473776539606,5
2020-09-08,si1s,0,0.5020104813020326,5
2020-09-09,pl1s,0,0.501341612490089,5
2020-09-10,si1s,0,0.5128777352392652,5
2020-09-11,si1s,0,0.4988728605262546,5
2020-09-14,si1s,0,0.49914011715008555,5
2020-09-14,pl1s,1,0.48897806504061236,5
2020-09-15,si1s,0,0.5060291102875677,5
2020-09-15,pl1s,1,0.4958656596654674,5
2020-09-16,si1s,0,0.5035375205692839,5
2020-09-16,pl1s,0,0.4933741304032739,5
2020-09-17,pl1s,0,0.49297549281961695,5
2020-09-17,si1s,0,0.5031388264645508,5
2020-09-18,si1s,0,0.5079680639075139,5
2020-09-18,pl1s,0,0.4978049155496608,5
2020-09-21,pl1s,1,0.49144291971297055,5
2020-09-21,si1s,0,0.50160591569021,5
2020-09-22,pl1s,1,0.49261092118259814,5
2020-09-22,si1s,1,0.502774191820948,5
2020-09-23,gc1s,1,0.5012493176726344,5
2020-09-24,gc1s,1,0.502052591564878,5
2020-09-24,si1s,1,0.502052591564878,5
2020-09-25,gc1s,1,0.49833206154843007,5
2020-09-25,pl1s,1,0.48817042623824036,5
2020-09-28,si1s,0,0.5038033141711316,5
2020-09-28,gc1s,1,0.5038033141711316,5
2020-09-28,pl1s,0,0.4936398935042658,5
2020-09-29,gc1s,0,0.5005371990952526,5
2020-09-29,si1s,1,0.5005371990952526,5
2020-09-30,gc1s,1,0.505446332906834,5
2020-09-30,si1s,1,0.505446332906834,5
2020-09-30,pl1s,0,0.4952828511970694,5
2020-10-01,pl1s,0,0.4942636607630441,5
2020-10-02,pl1s,0,0.49963994224706815,5
2020-10-02,si1s,1,0.5098025230897548,5
2020-10-05,si1s,0,0.5203059751828254,5
2020-10-05,pl1s,0,0.5101519175381516,5
2020-10-06,pl1s,1,0.5065296892538418,5
2020-10-06,si1s,1,0.51668769720493,5
2020-10-07,si1s,1,0.5180529167975222,5
2020-10-07,pl1s,1,0.5078962740805415,5
2020-10-08,pl1s,1,0.5075503928464816,5
2020-10-08,si1s,1,0.5177073954351727,5
2020-10-09,si1s,1,0.5136792512672451,5
2020-10-09,pl1s,1,0.5035187705378004,5
2020-10-12,pl1s,1,0.49211789412627266,5
2020-10-12,si1s,1,0.5022810623619288,5
2020-10-13,pl1s,1,0.4913228760007364,5
2020-10-14,pl1s,1,0.4832993973417962,5
2020-10-14,si1s,1,0.49345739309791453,5
2020-10-15,pl1s,0,0.48425689572733904,5
2020-10-16,pl1s,0,0.48654729747476333,5
2020-10-16,si1s,1,0.496707934582558,5
2020-10-19,gc1s,0,0.4999554860240065,5
2020-10-19,pl1s,0,0.48979306712283255,5
2020-10-19,si1s,1,0.4999554860240065,5
2020-10-20,si1s,1,0.5087589183035303,5
2020-10-20,pl1s,0,0.4985959810351829,5
2020-10-20,gc1s,0,0.5087589183035303,5
2020-10-21,gc1s,0,0.5154009545964244,5
2020-10-21,pl1s,0,0.505241798827654,5
2020-10-21,si1s,0,0.5154009545964244,5
2020-10-22,si1s,1,0.5212215276258344,5
2020-10-22,gc1s,1,0.5212215276258344,5
2020-10-22,pl1s,1,0.5110686386140826,5
2020-10-23,pl1s,0,0.508355136037529,5
2020-10-23,si1s,1,0.5185112863422804,5
2020-10-23,gc1s,1,0.5185112863422804,5
2020-10-26,gc1s,0,0.5113308994577528,5
2020-10-26,pl1s,0,0.5011690005268846,5
2020-10-26,si1s,0,0.5113308994577528,5
2020-10-27,si1s,0,0.5026258769179553,5
2020-10-27,gc1s,0,0.5026258769179553,5
2020-10-27,pl1s,1,0.49246263499984233,5
2020-10-28,si1s,1,0.49737045806948105,5
2020-10-28,gc1s,0,0.49737045806948105,5
2020-10-28,pl1s,0,0.4872093878903977,5
2020-10-29,si1s,1,0.49754701258658773,5
2020-10-29,pl1s,1,0.48738583301667,5
2020-10-29,gc1s,1,0.49754701258658773,5
2020-10-30,gc1s,1,0.5055428788786444,5
2020-10-30,pl1s,1,0.4953794004102451,5
2020-10-30,si1s,1,0.5055428788786444,5
2020-11-02,si1s,1,0.5064273315079807,5
2020-11-02,pl1s,1,0.4962639180135884,5
2020-11-03,gc1s,0,0.5193273044625663,5
2020-11-03,si1s,0,0.5193273044625663,5
2020-11-03,pl1s,1,0.5091720731321632,5
2020-11-04,gc1s,0,0.5035023769133721,5
2020-11-04,si1s,1,0.5035023769133721,5
2020-11-04,pl1s,1,0.49333899121015906,5
2020-11-05,si1s,1,0.4984515220281911,5
2020-11-05,pl1s,1,0.4882898217577552,5
2020-11-06,si1s,1,0.4993829260617141,5
2020-11-06,pl1s,1,0.4892207590766914,5
2020-11-09,pl1s,1,0.5111104201780468,5
2020-11-09,si1s,0,0.5212632543016811,5
2020-11-10,gc1s,0,0.519300365815843,5
2020-11-10,si1s,0,0.519300365815843,5
2020-11-10,pl1s,1,0.5091451032822367,5
2020-11-11,si1s,0,0.5357757696100364,5
2020-11-11,pl1s,1,0.5256506353448192,5
2020-11-12,gc1s,0,0.5238148655173269,5
2020-11-12,si1s,0,0.5238148655173269,5
2020-11-12,pl1s,1,0.5136656574368906,5
2020-11-13,pl1s,1,0.5076655730307673,5
2020-11-13,si1s,0,0.5178224568590682,5
2020-11-16,si1s,0,0.5011904964636842,5
2020-11-16,pl1s,1,0.4910276248896639,5
2020-11-17,pl1s,1,0.47931967815968823,5
2020-11-17,si1s,1,0.489473266232413,5
2020-11-18,pl1s,1,0.48075673136838554,5
2020-11-18,si1s,0,0.49091205984259334,5
2020-11-19,gc1s,0,0.49741645379114674,5
2020-11-19,pl1s,1,0.4872553548697942,5
2020-11-19,si1s,1,0.49741645379114674,5
2020-05-12,si1s,1,0.3405765690773737,6
2020-05-13,si1s,1,0.2954350580001216,6
2020-05-13,pl1s,1,0.27822318473387225,6
2020-05-14,si1s,1,0.2616624723530662,6
2020-05-14,pl1s,1,0.28726659264023646,6
2020-05-15,si1s,1,0.33308704487330903,6
2020-05-18,si1s,1,0.38540519982242577,6
2020-05-18,pl1s,0,0.3203500187369354,6
2020-05-19,pl1s,0,0.3111410107943737,6
2020-05-19,si1s,1,0.33517862179354646,6
2020-05-20,gc1s,1,0.388678731657916,6
2020-05-20,si1s,1,0.3218750008409975,6
2020-05-21,gc1s,1,0.3919165574294978,6
2020-05-21,si1s,1,0.38416586535033614,6
2020-05-22,gc1s,1,0.6274837325318116,6
2020-05-22,pl1s,1,0.4590674512526985,6
2020-05-22,si1s,0,0.45761569893210097,6
2020-05-26,pl1s,1,0.5010899009825736,6
2020-05-26,gc1s,1,0.2414940086852143,6
2020-05-26,si1s,0,0.49058973042483167,6
2020-05-27,pl1s,1,0.5006960241723585,6
2020-05-27,si1s,0,0.48877639484541757,6
2020-05-27,gc1s,1,0.35259278309040504,6
2020-05-28,gc1s,0,0.35952325199747814,6
2020-05-28,pl1s,1,0.5423307038603645,6
2020-05-28,si1s,1,0.4585736461108216,6
2020-05-29,pl1s,1,0.5913014505294092,6
2020-05-29,si1s,1,0.5200583761387778,6
2020-06-01,si1s,1,0.5319407672930798,6
2020-06-01,pl1s,1,0.5448685007166264,6
2020-06-02,si1s,1,0.5495263985215662,6
2020-06-02,gc1s,0,0.3956871078875996,6
2020-06-02,pl1s,1,0.5929512841128973,6
2020-06-03,pl1s,1,0.6034453003945089,6
2020-06-04,si1s,1,0.6177137045348101,6
2020-06-04,pl1s,1,0.6679120090580173,6
2020-06-05,pl1s,0,0.7252420441246468,6
2020-06-08,pl1s,1,0.611305340019022,6
2020-06-09,si1s,1,0.5781705056184415,6
2020-06-09,pl1s,1,0.6279632903418547,6
2020-06-10,pl1s,1,0.5979833129722752,6
2020-06-10,si1s,0,0.5548580627024317,6
2020-06-11,pl1s,1,0.58782768917507,6
2020-06-11,si1s,0,0.5975249323420309,6
2020-06-12,pl1s,1,0.5195554260763414,6
2020-06-12,si1s,0,0.4515227949852118,6
2020-06-15,si1s,0,0.46258658541324316,6
2020-06-15,pl1s,0,0.4896913063374131,6
2020-06-16,pl1s,0,0.4507420964057737,6
2020-06-16,si1s,0,0.5011579074726407,6
2020-06-17,si1s,0,0.5471421228291028,6
2020-06-17,pl1s,0,0.4768852144841097,6
2020-06-18,si1s,0,0.6556729354027113,6
2020-06-18,pl1s,1,0.6283989413445623,6
2020-06-19,si1s,0,0.5873954236669239,6
2020-06-19,pl1s,1,0.45660226738142073,6
2020-06-19,gc1s,1,0.4385339050345624,6
2020-06-22,gc1s,1,0.33569042939208693,6
2020-06-22,si1s,0,0.5728082777992114,6
2020-06-23,gc1s,1,0.2895365309385178,6
2020-06-23,si1s,0,0.5083862926654138,6
2020-06-24,pl1s,1,0.32062768861646035,6
2020-06-24,si1s,0,0.4891139219254282,6
2020-06-25,gc1s,1,0.2493742370286776,6
2020-06-25,si1s,0,0.36063030017634706,6
2020-06-25,pl1s,1,0.3765065515497923,6
2020-06-26,pl1s,1,0.3798731302751265,6
2020-06-26,gc1s,1,0.2810145705153365,6
2020-06-26,si1s,1,0.38952670607418194,6
2020-06-29,gc1s,1,0.19658910065837243,6
2020-06-29,pl1s,1,0.24677258700615853,6
2020-06-29,si1s,1,0.36896594678772826,6
2020-06-30,pl1s,0,0.39292911439275385,6
2020-07-01,si1s,0,0.6477612898215134,6
2020-07-01,pl1s,1,0.5156092688078993,6
2020-07-02,si1s,0,0.6149849827752419,6
2020-07-02,gc1s,1,0.4746333795100688,6
2020-07-02,pl1s,1,0.47910797142009415,6
2020-07-06,si1s,1,0.3704818467432693,6
2020-07-06,gc1s,1,0.33264872333965934,6
2020-07-06,pl1s,1,0.3599888953947149,6
2020-07-07,si1s,1,0.4133680261154624,6
2020-07-07,pl1s,1,0.35049385856793086,6
2020-07-07,gc1s,1,0.3859149002167571,6
2020-07-08,si1s,0,0.5069789857528376,6
2020-07-08,pl1s,1,0.2978914756306042,6
2020-07-08,gc1s,1,0.3614269330939016,6
2020-07-09,pl1s,1,0.4110033677251109,6
2020-07-09,si1s,0,0.5612726636221899,6
2020-07-09,gc1s,1,0.36235676376892517,6
2020-07-10,gc1s,1,0.4026516264073606,6
2020-07-10,pl1s,1,0.3254970581381166,6
2020-07-10,si1s,0,0.5388897282469938,6
2020-07-13,gc1s,1,0.39077424602490335,6
2020-07-13,si1s,0,0.5429217395457981,6
2020-07-13,pl1s,1,0.26750119897413643,6
2020-07-14,gc1s,1,0.45373910150841257,6
2020-07-14,pl1s,1,0.37126492021612295,6
2020-07-14,si1s,0,0.6375719042235592,6
2020-07-15,pl1s,1,0.45163641347049144,6
2020-07-15,gc1s,1,0.4927480358053256,6
2020-07-15,si1s,1,0.6195125781069075,6
2020-07-16,pl1s,1,0.433324583238797,6
2020-07-16,gc1s,1,0.518526078129861,6
2020-07-17,pl1s,1,0.3368531886925736,6
2020-07-17,si1s,0,0.6512224203405438,6
2020-07-20,pl1s,1,0.3048405192560205,6
2020-07-20,si1s,0,0.5979671584353285,6
2020-07-21,si1s,0,0.5402034261066798,6
2020-07-22,pl1s,0,0.38322035266449556,6
2020-07-22,si1s,0,0.57060306942653,6
2020-07-23,pl1s,0,0.2961805583907146,6
2020-07-23,si1s,0,0.6095864793699111,6
2020-07-24,pl1s,0,0.29801932129319586,6
2020-07-24,si1s,0,0.5912710570014065,6
2020-07-27,si1s,0,0.6762374857877342,6
2020-07-27,pl1s,0,0.3435934571574731,6
2020-07-28,si1s,0,0.6438235057895896,6
2020-07-28,pl1s,1,0.30860754771145393,6
2020-07-29,pl1s,0,0.30095110189030516,6
2020-07-29,si1s,0,0.6900455352089488,6
2020-07-30,pl1s,1,0.2840479743748081,6
2020-07-30,si1s,0,0.6708632928738557,6
2020-07-31,si1s,0,0.756074436738932,6
2020-07-31,pl1s,1,0.3787393499774457,6
2020-08-03,pl1s,1,0.3095766967390219,6
2020-08-03,si1s,0,0.6868173969320654,6
2020-08-04,pl1s,0,0.39313437972906895,6
2020-08-04,si1s,0,0.7306458991750051,6
2020-08-05,si1s,0,0.8259911933054715,6
2020-08-05,pl1s,1,0.4504188954173444,6
2020-08-06,pl1s,1,0.5689129303150781,6
2020-08-06,si1s,1,0.8647820605658516,6
2020-08-07,si1s,1,0.8338103667900938,6
2020-08-07,pl1s,1,0.4565192865757145,6
2020-08-10,si1s,1,0.8474003111748909,6
2020-08-10,pl1s,1,0.4409189022490364,6
2020-08-11,pl1s,0,0.5201946548756834,6
2020-08-11,si1s,1,0.849545799594958,6
2020-08-12,pl1s,1,0.6028008279994204,6
2020-08-12,si1s,1,0.8277795517936767,6
2020-08-13,pl1s,1,0.5523430033380131,6
2020-08-13,si1s,1,0.8571604257465607,6
2020-08-14,pl1s,1,0.5083659829481529,6
2020-08-14,si1s,0,0.8665183943586448,6
2020-08-17,pl1s,1,0.38218245495223346,6
2020-08-17,si1s,0,0.7399686163917085,6
2020-11-20,si1s,1,0.4808665126609291,6
2020-11-20,pl1s,1,0.4447676400331299,6
2020-11-23,gc1s,1,0.5985117691461662,6
2020-11-23,pl1s,1,0.5495697098724929,6
2020-11-23,si1s,1,0.6123727330756876,6
2020-11-24,gc1s,1,0.41984600192235394,6
2020-11-24,si1s,1,0.4613265550380417,6
2020-11-24,pl1s,1,0.5311805069472472,6
2020-11-25,si1s,1,0.509864073265065,6
2020-11-25,gc1s,1,0.5371714502437948,6
2020-11-27,si1s,1,0.6121314297615974,6
2020-11-27,gc1s,1,0.5892891869830195,6
2020-11-30,si1s,1,0.6285754871854439,6
2020-11-30,gc1s,1,0.573575866415293,6
2020-12-01,gc1s,1,0.5052816022057619,6
2020-12-01,pl1s,0,0.5421036947078608,6
2020-12-02,gc1s,1,0.5692792651896909,6
2020-12-02,pl1s,0,0.555817721753343,6
2020-12-03,pl1s,0,0.5157240420661999,6
2020-12-03,si1s,1,0.4727411073517345,6
2020-12-04,pl1s,1,0.3892844872822835,6
2020-12-04,si1s,1,0.3382523267101552,6
2020-12-07,pl1s,1,0.40598112956828586,6
2020-12-07,si1s,1,0.29035278527040825,6
2020-12-08,pl1s,1,0.3303775353442853,6
2020-12-08,si1s,1,0.253225237049661,6
2020-12-09,si1s,1,0.3240361470857908,6
2020-12-09,pl1s,1,0.4306153177268039,6
2020-12-10,si1s,1,0.30404096776876294,6
2020-12-10,pl1s,0,0.38863969380897556,6
2020-12-11,pl1s,0,0.4798969545624304,6
2020-12-11,si1s,1,0.32794087685596285,6
2020-12-14,gc1s,1,0.3424570487956025,6
2020-12-14,si1s,1,0.36552489843619035,6
2020-12-14,pl1s,0,0.4501580542409761,6
2020-12-15,si1s,1,0.32702653184131125,6
2020-12-15,pl1s,0,0.4984409429280477,6
2020-12-15,gc1s,1,0.3039679853856721,6
2020-12-16,si1s,1,0.4119099378216631,6
2020-12-16,pl1s,0,0.5629097685149771,6
2020-12-16,gc1s,1,0.32584247726431936,6
2020-12-17,si1s,1,0.3464555993160257,6
2020-12-17,pl1s,0,0.5365305731703123,6
2020-12-18,si1s,1,0.3488382310141205,6
2020-12-18,pl1s,0,0.5269471828730954,6
2020-12-21,pl1s,0,0.44878412715184557,6
2020-12-21,si1s,1,0.36674975027541984,6
2020-12-22,si1s,1,0.4770565247232691,6
2020-12-22,pl1s,0,0.44046340438734854,6
2020-12-23,pl1s,0,0.39314278574060346,6
2020-12-23,si1s,0,0.38989389491617377,6
2020-12-24,si1s,0,0.4214320468992358,6
2020-12-24,gc1s,0,0.3034783931059528,6
2020-12-24,pl1s,0,0.3462948483581204,6
2020-12-28,si1s,1,0.48160202239249206,6
2020-12-28,pl1s,0,0.3533364044778901,6
2020-12-28,gc1s,0,0.3101911243691338,6
2020-12-29,gc1s,0,0.31110072855358567,6
2020-12-29,si1s,0,0.4380131404443945,6
2020-12-29,pl1s,0,0.3256240865405323,6
2020-12-30,si1s,0,0.28629853030488805,6
2020-12-30,pl1s,0,0.29613436979663266,6
2020-12-30,gc1s,0,0.2990229203099012,6
2020-12-31,si1s,0,0.40166609727560143,6
2020-12-31,pl1s,0,0.3631595847605993,6
2020-12-31,gc1s,0,0.47036929625738516,6
2021-01-04,si1s,1,0.4430825342251916,6
2021-01-04,gc1s,0,0.42662171590323195,6
2021-01-04,pl1s,1,0.45149407440704137,6
2021-01-05,si1s,1,0.5000315430476052,6
2021-01-05,pl1s,0,0.35083414802238616,6
2021-01-07,pl1s,1,0.5840460886920209,6
2021-01-08,pl1s,1,0.739061674254514,6
2021-01-08,si1s,0,0.8538311682207058,6
2021-01-11,pl1s,1,0.716575289933337,6
2021-01-12,pl1s,0,0.7549676466938613,6
2021-01-12,si1s,1,0.8476772542154473,6
2021-01-13,si1s,0,0.850029252884811,6
2021-01-13,pl1s,1,0.7061994439182429,6
2021-01-14,pl1s,1,0.695228227825508,6
2021-01-14,si1s,0,0.8182657655013194,6
2021-01-15,pl1s,0,0.5397197914836862,6
2021-01-15,si1s,0,0.8055958024788311,6
2021-01-19,pl1s,0,0.5174612418290677,6
2021-01-19,si1s,0,0.7368861403903745,6
2021-01-20,pl1s,1,0.5752326646366019,6
2021-01-20,gc1s,1,0.7361007669816179,6
2021-01-20,si1s,0,0.785479924698444,6
2021-01-21,si1s,0,0.7150363416476918,6
2021-01-21,gc1s,1,0.6784255119506561,6
2021-01-21,pl1s,1,0.6462906131833351,6
2021-01-22,si1s,0,0.7845712478379321,6
2021-01-22,pl1s,0,0.49466241314798964,6
2021-01-25,si1s,0,0.6078139792726914,6
2021-01-25,pl1s,0,0.4141594209850025,6
2021-01-26,si1s,0,0.6358815208185952,6
2021-01-26,pl1s,0,0.45028296375464655,6
2021-01-27,si1s,0,0.659114099653856,6
2021-01-28,si1s,0,0.6917623162462075,6
2021-01-28,pl1s,1,0.4068860520464094,6
2021-01-29,pl1s,1,0.4943298997849878,6
2021-02-01,si1s,1,0.7579699144302081,6
2021-02-01,pl1s,0,0.44049609794247085,6
2021-02-02,pl1s,1,0.5517290694203991,6
2021-02-03,si1s,1,0.7071867542010137,6
2021-02-04,si1s,1,0.8254938748987901,6
2021-02-04,pl1s,1,0.5523423701384466,6
2021-02-04,gc1s,0,0.7453954529395592,6
2021-02-05,si1s,1,0.7495105084228498,6
2021-02-05,pl1s,1,0.43451067432938417,6
2021-02-08,pl1s,1,0.4365746979648621,6
2021-02-08,si1s,0,0.8016452694845376,6
2021-02-09,si1s,0,0.7152774030839127,6
2021-02-09,pl1s,0,0.3439965914728577,6
2021-02-10,pl1s,1,0.3730678448934788,6
2021-02-10,si1s,0,0.7173447910519299,6
2021-02-11,pl1s,1,0.3759891048217224,6
2021-02-11,si1s,1,0.6640214322033019,6
2021-02-12,pl1s,1,0.4245736916901582,6
2021-02-12,si1s,1,0.6727008977769131,6
2021-02-16,si1s,1,0.8209810455520892,6
2021-02-16,pl1s,1,0.5493586610967612,6
2021-02-17,si1s,1,0.8505097249552783,6
2021-02-17,pl1s,1,0.6307834501948442,6
2021-02-18,pl1s,1,0.6203683274535846,6
2021-02-18,si1s,1,0.8069009628120398,6
2021-02-19,gc1s,0,0.7469017132126922,6
2021-02-19,pl1s,1,0.6768279590463202,6
2021-02-19,si1s,1,0.8516703101939873,6
2021-02-22,si1s,1,0.7806305045176553,6
2021-02-22,pl1s,1,0.5423390819658822,6
2021-02-23,si1s,1,0.6930143708642299,6
2021-02-23,pl1s,1,0.5571856775972833,6
2021-02-24,si1s,0,0.5804472830485811,6
2021-02-24,pl1s,1,0.6006349420076693,6
2021-02-25,pl1s,1,0.7292696301206179,6
2021-02-26,gc1s,0,0.7421060748700173,6
2021-02-26,pl1s,0,0.5676921619233356,6
2021-02-26,si1s,1,0.7243142694776532,6
2021-03-01,pl1s,0,0.5991646371425073,6
2021-03-01,si1s,1,0.649750701247039,6
2021-03-01,gc1s,1,0.6858185671283265,6
2021-03-02,gc1s,0,0.5480351495140694,6
2021-03-02,si1s,0,0.5168556788516548,6
2021-03-02,pl1s,0,0.5399517645076978,6
2021-03-03,gc1s,1,0.7277100190543669,6
2021-03-03,si1s,0,0.7048422137730056,6
2020-05-12,si1s,1,0.5134984925720021,7
2020-05-13,si1s,1,0.45898993639407626,7
2020-05-13,pl1s,1,0.3195770938325457,7
2020-05-14,si1s,1,0.4993797901110649,7
2020-05-14,pl1s,1,0.39199876752661755,7
2020-05-15,si1s,1,0.6194631602381858,7
2020-05-18,si1s,1,0.6736177682288401,7
2020-05-18,pl1s,0,0.47683775989181765,7
2020-05-19,pl1s,0,0.38117097838798075,7
2020-05-19,si1s,1,0.5202001766293168,7
2020-05-20,gc1s,1,0.42920338752326714,7
2020-05-20,si1s,1,0.47216287010240066,7
2020-05-21,gc1s,1,0.30104389998597414,7
2020-05-21,si1s,1,0.5303554032600897,7
2020-05-22,gc1s,1,0.6976805660884741,7
2020-05-22,pl1s,1,0.4859478468063169,7
2020-05-22,si1s,0,0.6876790107494578,7
2020-05-26,pl1s,1,0.5183368164566009,7
2020-05-26,gc1s,1,0.4334376956971194,7
2020-05-26,si1s,0,0.7040738276639344,7
2020-05-27,pl1s,1,0.5164862211805739,7
2020-05-27,si1s,0,0.6836632742164638,7
2020-05-27,gc1s,1,0.4032175317451165,7
2020-05-28,gc1s,0,0.38272104709136895,7
2020-05-28,pl1s,1,0.5543684584909059,7
2020-05-28,si1s,1,0.67829642091792,7
2020-05-29,pl1s,1,0.5695204227989803,7
2020-05-29,si1s,1,0.6925442130301838,7
2020-06-01,si1s,1,0.698913546261068,7
2020-06-01,pl1s,1,0.5349611957204298,7
2020-06-02,si1s,1,0.6621665874579741,7
2020-06-02,gc1s,0,0.4026016598627406,7
2020-06-02,pl1s,1,0.4395418557584205,7
2020-06-03,pl1s,1,0.40056830971240126,7
2020-06-04,si1s,1,0.58940564355159,7
2020-06-04,pl1s,1,0.49017120558876665,7
2020-06-05,pl1s,0,0.7049164820820486,7
2020-06-08,pl1s,1,0.4785007581807909,7
2020-06-09,si1s,1,0.5419115759113633,7
2020-06-09,pl1s,1,0.44471892129668916,7
2020-06-10,pl1s,1,0.3923593333274755,7
2020-06-10,si1s,0,0.5222588445876494,7
2020-06-11,pl1s,1,0.35767827142609293,7
2020-06-11,si1s,0,0.39986064171810565,7
2020-06-12,pl1s,1,0.30373341198729137,7
2020-06-12,si1s,0,0.27284030585508934,7
2020-06-15,si1s,0,0.29060481063150806,7
2020-06-15,pl1s,0,0.30111694703909414,7
2020-06-16,pl1s,0,0.29499148041614454,7
2020-06-16,si1s,0,0.3445100648552266,7
2020-06-17,si1s,0,0.43341546038953904,7
2020-06-17,pl1s,0,0.43821708004049975,7
2020-06-18,si1s,0,0.5198993521263945,7
2020-06-18,pl1s,1,0.5649102775181096,7
2020-06-19,si1s,0,0.43903738319672186,7
2020-06-19,pl1s,1,0.45280113879109096,7
2020-06-19,gc1s,1,0.5549143478717028,7
2020-06-22,gc1s,1,0.5201602580024617,7
2020-06-22,si1s,0,0.4442323963307202,7
2020-06-23,gc1s,1,0.43723721289164963,7
2020-06-23,si1s,0,0.3366866634754992,7
2020-06-24,pl1s,1,0.34017425932365547,7
2020-06-24,si1s,0,0.3110995309139654,7
2020-06-25,gc1s,1,0.3129096519468065,7
2020-06-25,si1s,0,0.4372969781989897,7
2020-06-25,pl1s,1,0.38584894661880825,7
2020-06-26,pl1s,1,0.46081966179133177,7
2020-06-26,gc1s,1,0.3850090096307215,7
2020-06-26,si1s,1,0.5075893263129614,7
2020-06-29,gc1s,1,0.2872532797029056,7
2020-06-29,pl1s,1,0.269755149460892,7
2020-06-29,si1s,1,0.47472856976815836,7
2020-06-30,pl1s,0,0.39304202167666297,7
2020-07-01,si1s,0,0.6134743372559077,7
2020-07-01,pl1s,1,0.4512405002646089,7
2020-07-02,si1s,0,0.6020589863579783,7
2020-07-02,gc1s,1,0.4630886305839165,7
2020-07-02,pl1s,1,0.4322878112293187,7
2020-07-06,si1s,1,0.32818869172839343,7
2020-07-06,gc1s,1,0.25833905602105595,7
2020-07-06,pl1s,1,0.32470281943777907,7
2020-07-07,si1s,1,0.3516984154268957,7
2020-07-07,pl1s,1,0.32361385797235015,7
2020-07-07,gc1s,1,0.33515892131999964,7
2020-07-08,si1s,0,0.526363060702785,7
2020-07-08,pl1s,1,0.33171815089446693,7
2020-07-08,gc1s,1,0.29202240409296865,7
2020-07-09,pl1s,1,0.3717118998317134,7
2020-07-09,si1s,0,0.5523339896128978,7
2020-07-09,gc1s,1,0.2415411169758207,7
2020-07-10,gc1s,1,0.31693238883768754,7
2020-07-10,pl1s,1,0.29903135706272593,7
2020-07-10,si1s,0,0.531690429174714,7
2020-07-13,gc1s,1,0.2226078985539191,7
2020-07-13,si1s,0,0.53679533231944,7
2020-07-13,pl1s,1,0.24880726717336607,7
2020-07-14,gc1s,1,0.32254683230608394,7
2020-07-14,pl1s,1,0.29458129962827984,7
2020-07-14,si1s,0,0.5921930162417908,7
2020-07-15,pl1s,1,0.38799489046630137,7
2020-07-15,gc1s,1,0.36873556245120753,7
2020-07-15,si1s,1,0.5571668991923091,7
2020-07-16,pl1s,1,0.35174073166624575,7
2020-07-16,gc1s,1,0.34433434916011624,7
2020-07-17,pl1s,1,0.33422687940223134,7
2020-07-17,si1s,0,0.6384508114155883,7
2020-07-20,pl1s,1,0.3433153732819757,7
2020-07-20,si1s,0,0.6313177034958581,7
2020-07-21,si1s,0,0.5456157018163271,7
2020-07-22,pl1s,0,0.5139578220435739,7
2020-07-22,si1s,0,0.6098635084597298,7
2020-07-23,pl1s,0,0.40001346377482405,7
2020-07-23,si1s,0,0.5934899578745643,7
2020-07-24,pl1s,0,0.3647460659454834,7
2020-07-24,si1s,0,0.535343434842267,7
2020-07-27,si1s,0,0.6344385448250827,7
2020-07-27,pl1s,0,0.43252956431482903,7
2020-07-28,si1s,0,0.5258406604864957,7
2020-07-28,pl1s,1,0.3819883702756765,7
2020-07-29,pl1s,0,0.4030623517360015,7
2020-07-29,si1s,0,0.586972770202559,7
2020-07-30,pl1s,1,0.38680559794826974,7
2020-07-30,si1s,0,0.5757887097390724,7
2020-07-31,si1s,0,0.7034618143089807,7
2020-07-31,pl1s,1,0.4863777691792888,7
2020-08-03,pl1s,1,0.41974750478121114,7
2020-08-03,si1s,0,0.6492405840159925,7
2020-08-04,pl1s,0,0.4550566772858922,7
2020-08-04,si1s,0,0.7295383032492556,7
2020-08-05,si1s,0,0.7980992874712344,7
2020-08-05,pl1s,1,0.5526839189348901,7
2020-08-06,pl1s,1,0.6637630876437262,7
2020-08-06,si1s,1,0.8470205623885884,7
2020-08-07,si1s,1,0.7748594775803239,7
2020-08-07,pl1s,1,0.4222939261143026,7
2020-08-10,si1s,1,0.7953680482813931,7
2020-08-10,pl1s,1,0.5130126351552763,7
2020-08-11,pl1s,0,0.5542685314345472,7
2020-08-11,si1s,1,0.7054402402874624,7
2020-08-12,pl1s,1,0.4557274434242556,7
2020-08-12,si1s,1,0.6321645519521789,7
2020-08-13,pl1s,1,0.43167773918048413,7
2020-08-13,si1s,1,0.6017640194707641,7
2020-08-14,pl1s,1,0.35780130435066254,7
2020-08-14,si1s,0,0.5806846094105336,7
2020-08-17,pl1s,1,0.2511694502144648,7
2020-08-17,si1s,0,0.4194937643129772,7
2021-03-03,pl1s,1,0.48500309438762973,7
2021-03-04,gc1s,1,0.716479371250204,7
2021-03-04,si1s,0,0.4037634200612505,7
2021-03-04,pl1s,1,0.41293971276588354,7
2021-03-05,pl1s,1,0.4584805796607635,7
2021-03-05,si1s,0,0.4600579385373988,7
2021-03-05,gc1s,1,0.6956965586814028,7
2021-03-08,gc1s,1,0.7005646596220044,7
2021-03-08,si1s,0,0.4233384074940605,7
2021-03-08,pl1s,1,0.48649252009456695,7
2021-03-09,pl1s,0,0.7037613496749529,7
2021-03-09,gc1s,1,0.6934550292757455,7
2021-03-09,si1s,1,0.4404748299429522,7
2021-03-10,gc1s,1,0.5534530014880956,7
2021-03-10,si1s,1,0.40839086636933347,7
2021-03-10,pl1s,0,0.4226296431503068,7
2021-03-11,pl1s,0,0.4395448665185105,7
2021-03-11,gc1s,1,0.49437569529886854,7
2021-03-11,si1s,1,0.3854270170903104,7
2021-03-12,si1s,0,0.5460499626100299,7
2021-03-12,gc1s,1,0.6157983875405094,7
2021-03-12,pl1s,0,0.542424545578237,7
2021-03-15,gc1s,0,0.5830204697764597,7
2021-03-15,pl1s,0,0.5382476618006635,7
2021-03-15,si1s,1,0.3969060528145898,7
2021-03-16,gc1s,0,0.549991865571567,7
2021-03-16,pl1s,0,0.5382730997918744,7
2021-03-16,si1s,0,0.4907394323489629,7
2021-03-17,gc1s,0,0.5574742894178382,7
2021-03-17,pl1s,0,0.5378611584749053,7
2021-03-17,si1s,0,0.5222045174702038,7
2021-03-18,gc1s,0,0.6795367831039149,7
2021-03-18,pl1s,0,0.5342878610013704,7
2021-03-18,si1s,1,0.6278126480003435,7
2021-03-19,si1s,1,0.6268026911712477,7
2021-03-19,gc1s,0,0.6834409995966914,7
2021-03-19,pl1s,1,0.6055808872008084,7
2021-03-22,pl1s,1,0.456471344884188,7
2021-03-22,si1s,0,0.5366991973792705,7
2021-03-23,pl1s,1,0.516078872834353,7
2021-03-23,si1s,1,0.5020207449708115,7
2021-03-24,pl1s,1,0.3902228368728667,7
2021-03-24,si1s,1,0.427917152718834,7
2021-03-25,si1s,1,0.51649415884528,7
2021-03-25,pl1s,1,0.5833639366685451,7
2021-03-26,si1s,0,0.37045945386619916,7
2021-03-26,pl1s,0,0.43369963983792603,7
2021-03-29,pl1s,0,0.5214049624599167,7
2021-03-29,si1s,1,0.5357982697396119,7
2021-03-30,si1s,1,0.482774878364747,7
2021-03-30,pl1s,1,0.5791791560071667,7
2021-03-31,si1s,1,0.5833450152396937,7
2021-03-31,pl1s,1,0.524150221077848,7
2021-04-01,si1s,1,0.38176761784380714,7
2021-04-01,pl1s,1,0.44407774281847906,7
2021-04-05,si1s,1,0.3639974896548037,7
2021-04-05,pl1s,0,0.34686335787053874,7
2021-04-06,si1s,0,0.43839387891884013,7
2021-04-06,gc1s,0,0.5369197698071504,7
2021-04-07,gc1s,0,0.6381673192283457,7
2021-04-07,si1s,0,0.5539828217162814,7
2021-04-07,pl1s,0,0.40922642252246033,7
2021-04-08,pl1s,0,0.29147840023345684,7
2021-04-08,si1s,1,0.3886380686473928,7
2021-04-09,pl1s,1,0.4489627804162061,7
2021-04-09,gc1s,0,0.606438964526659,7
2021-04-09,si1s,1,0.4615563162411175,7
2021-04-12,pl1s,1,0.5217548795470163,7
2021-04-12,si1s,1,0.3709301692868996,7
2021-04-13,pl1s,1,0.5273544941200838,7
2021-04-13,si1s,1,0.4433143684487778,7
2021-04-14,si1s,1,0.4230469298566375,7
2021-04-14,pl1s,1,0.48617973782016566,7
2021-04-15,pl1s,0,0.4862167324379528,7
2021-04-16,pl1s,0,0.39174137440889367,7
2021-04-16,si1s,1,0.5459481820338444,7
2021-04-20,pl1s,1,0.29342348487482356,7
2021-04-21,si1s,1,0.616326411441007,7
2021-04-21,pl1s,1,0.3771695145272335,7
2021-04-22,pl1s,1,0.3313434718947126,7
2021-04-23,pl1s,1,0.43716667765335654,7
2021-04-26,pl1s,1,0.3482445511239649,7
2021-04-26,si1s,0,0.46849594949957096,7
2021-04-27,si1s,0,0.6705840329270287,7
2021-04-27,pl1s,0,0.4475754832506043,7
2021-04-28,pl1s,1,0.46695453783849955,7
2021-04-28,si1s,0,0.43004739637900086,7
2021-04-29,pl1s,1,0.5949813751187788,7
2021-04-29,si1s,0,0.6303427288907608,7
2021-04-30,pl1s,1,0.6492131710947886,7
2021-04-30,si1s,1,0.603008890572659,7
2021-05-03,pl1s,1,0.49113864863303563,7
2021-05-03,si1s,0,0.6305574237394086,7
2021-05-04,pl1s,0,0.4516693044833708,7
2021-05-04,si1s,1,0.3400544436493942,7
2021-05-05,pl1s,0,0.4455371204263183,7
2021-05-05,si1s,1,0.49443013955630133,7
2021-05-06,pl1s,0,0.45824847075096153,7
2021-05-06,si1s,0,0.5914591601571823,7
2021-05-07,pl1s,0,0.4995389001176072,7
2021-05-07,si1s,0,0.5944699867455486,7
2021-05-07,gc1s,1,0.48151352331752667,7
2021-05-10,pl1s,0,0.3949695736106598,7
2021-05-10,si1s,0,0.454358633864707,7
2021-05-11,pl1s,0,0.3235414499689517,7
2021-05-11,si1s,0,0.47154608181634716,7
2021-05-12,gc1s,1,0.3103412125190713,7
2021-05-12,si1s,1,0.5064858595880979,7
2021-05-12,pl1s,0,0.4310849185175979,7
2021-05-13,pl1s,0,0.42455517796644127,7
2021-05-13,gc1s,1,0.4725187777983089,7
2021-05-13,si1s,0,0.38023205189825987,7
2021-05-14,pl1s,0,0.3557466322979432,7
2021-05-14,si1s,0,0.3334006171517982,7
2021-05-17,si1s,1,0.47785218654363554,7
2021-05-17,gc1s,1,0.2475137861336721,7
2021-05-17,pl1s,0,0.3001311429228116,7
2021-05-18,si1s,1,0.39836475233762897,7
2021-05-18,pl1s,0,0.3015485992462936,7
2021-05-18,gc1s,1,0.20772549420244363,7
2021-05-19,pl1s,0,0.3320041436243253,7
2021-05-19,si1s,1,0.3811981774321707,7
2021-05-19,gc1s,0,0.28816196790328164,7
2021-05-20,pl1s,0,0.3209626987615424,7
2021-05-20,si1s,1,0.355271653969626,7
2021-05-20,gc1s,1,0.23971156538592425,7
2021-05-21,si1s,0,0.26964285945057814,7
2021-05-21,pl1s,1,0.4531246583550565,7
2021-05-24,si1s,0,0.3798288823896919,7
2021-05-24,pl1s,0,0.33715574291915396,7
2021-05-25,pl1s,0,0.2970905727770155,7
2021-05-25,si1s,0,0.34302567905908865,7
2021-05-26,pl1s,0,0.30699920252550084,7
2021-05-27,pl1s,0,0.351448981274188,7
2021-05-28,gc1s,0,0.3961606829147319,7
2021-05-28,si1s,1,0.5351088005900825,7
2021-05-28,pl1s,0,0.3918842476487044,7
2021-06-01,gc1s,0,0.5063273625258774,7
2021-06-01,si1s,1,0.32330159248988777,7
2021-06-01,pl1s,0,0.333570876243124,7
2021-06-02,si1s,1,0.3347181334001172,7
2021-06-02,pl1s,0,0.3358148182779825,7
2021-06-03,si1s,0,0.4212086461284883,7
2021-06-03,pl1s,0,0.4496533742169524,7
2021-06-04,pl1s,0,0.5086368500270737,7
2021-06-07,pl1s,0,0.41464464503246884,7
2021-06-08,pl1s,0,0.4205770782839068,7
2020-05-12,si1s,1,0.49670770438058814,8
2020-05-13,si1s,1,0.49670770438058814,8
2020-05-13,pl1s,1,0.49670770438058814,8
2020-05-14,si1s,1,0.49670770438058814,8
2020-05-14,pl1s,1,0.49670770438058814,8
2020-05-15,si1s,1,0.49670770438058814,8
2020-05-18,si1s,1,0.49670770438058814,8
2020-05-18,pl1s,0,0.49670770438058814,8
2020-05-19,pl1s,0,0.49670770438058814,8
2020-05-19,si1s,1,0.49670770438058814,8
2020-05-20,gc1s,1,0.49670770438058814,8
2020-05-20,si1s,1,0.49670770438058814,8
2020-05-21,gc1s,1,0.49670770438058814,8
2020-05-21,si1s,1,0.49670770438058814,8
2020-05-22,gc1s,1,0.49670770438058814,8
2020-05-22,pl1s,1,0.49670770438058814,8
2020-05-22,si1s,0,0.49670770438058814,8
2020-05-26,pl1s,1,0.49670770438058814,8
2020-05-26,gc1s,1,0.49670770438058814,8
2020-05-26,si1s,0,0.49670770438058814,8
2020-05-27,pl1s,1,0.49670770438058814,8
2020-05-27,si1s,0,0.49670770438058814,8
2020-05-27,gc1s,1,0.49670770438058814,8
2020-05-28,gc1s,0,0.49670770438058814,8
2020-05-28,pl1s,1,0.49670770438058814,8
2020-05-28,si1s,1,0.49670770438058814,8
2020-05-29,pl1s,1,0.49670770438058814,8
2020-05-29,si1s,1,0.49670770438058814,8
2020-06-01,si1s,1,0.49670770438058814,8
2020-06-01,pl1s,1,0.49670770438058814,8
2020-06-02,si1s,1,0.49670770438058814,8
2020-06-02,gc1s,0,0.49670770438058814,8
2020-06-02,pl1s,1,0.49670770438058814,8
2020-06-03,pl1s,1,0.49670770438058814,8
2020-06-04,si1s,1,0.49670770438058814,8
2020-06-04,pl1s,1,0.49670770438058814,8
2020-06-05,pl1s,0,0.49670770438058814,8
2020-06-08,pl1s,1,0.49670770438058814,8
2020-06-09,si1s,1,0.49670770438058814,8
2020-06-09,pl1s,1,0.49670770438058814,8
2020-06-10,pl1s,1,0.49670770438058814,8
2020-06-10,si1s,0,0.49670770438058814,8
2020-06-11,pl1s,1,0.49670770438058814,8
2020-06-11,si1s,0,0.49670770438058814,8
2020-06-12,pl1s,1,0.49670770438058814,8
2020-06-12,si1s,0,0.49670770438058814,8
2020-06-15,si1s,0,0.49670770438058814,8
2020-06-15,pl1s,0,0.49670770438058814,8
2020-06-16,pl1s,0,0.49670770438058814,8
2020-06-16,si1s,0,0.49670770438058814,8
2020-06-17,si1s,0,0.49670770438058814,8
2020-06-17,pl1s,0,0.49670770438058814,8
2020-06-18,si1s,0,0.49670770438058814,8
2020-06-18,pl1s,1,0.49670770438058814,8
2020-06-19,si1s,0,0.49670770438058814,8
2020-06-19,pl1s,1,0.49670770438058814,8
2020-06-19,gc1s,1,0.49670770438058814,8
2020-06-22,gc1s,1,0.49670770438058814,8
2020-06-22,si1s,0,0.49670770438058814,8
2020-06-23,gc1s,1,0.49670770438058814,8
2020-06-23,si1s,0,0.49670770438058814,8
2020-06-24,pl1s,1,0.49670770438058814,8
2020-06-24,si1s,0,0.49670770438058814,8
2020-06-25,gc1s,1,0.49670770438058814,8
2020-06-25,si1s,0,0.49670770438058814,8
2020-06-25,pl1s,1,0.49670770438058814,8
2020-06-26,pl1s,1,0.49670770438058814,8
2020-06-26,gc1s,1,0.49670770438058814,8
2020-06-26,si1s,1,0.49670770438058814,8
2020-06-29,gc1s,1,0.49670770438058814,8
2020-06-29,pl1s,1,0.49670770438058814,8
2020-06-29,si1s,1,0.49670770438058814,8
2020-06-30,pl1s,0,0.49670770438058814,8
2020-07-01,si1s,0,0.49670770438058814,8
2020-07-01,pl1s,1,0.49670770438058814,8
2020-07-02,si1s,0,0.49670770438058814,8
2020-07-02,gc1s,1,0.49670770438058814,8
2020-07-02,pl1s,1,0.49670770438058814,8
2020-07-06,si1s,1,0.49670770438058814,8
2020-07-06,gc1s,1,0.49670770438058814,8
2020-07-06,pl1s,1,0.49670770438058814,8
2020-07-07,si1s,1,0.49670770438058814,8
2020-07-07,pl1s,1,0.49670770438058814,8
2020-07-07,gc1s,1,0.49670770438058814,8
2020-07-08,si1s,0,0.49670770438058814,8
2020-07-08,pl1s,1,0.49670770438058814,8
2020-07-08,gc1s,1,0.49670770438058814,8
2020-07-09,pl1s,1,0.49670770438058814,8
2020-07-09,si1s,0,0.49670770438058814,8
2020-07-09,gc1s,1,0.49670770438058814,8
2020-07-10,gc1s,1,0.49670770438058814,8
2020-07-10,pl1s,1,0.49670770438058814,8
2020-07-10,si1s,0,0.49670770438058814,8
2020-07-13,gc1s,1,0.49670770438058814,8
2020-07-13,si1s,0,0.49670770438058814,8
2020-07-13,pl1s,1,0.49670770438058814,8
2020-07-14,gc1s,1,0.49670770438058814,8
2020-07-14,pl1s,1,0.49670770438058814,8
2020-07-14,si1s,0,0.49670770438058814,8
2020-07-15,pl1s,1,0.49670770438058814,8
2020-07-15,gc1s,1,0.49670770438058814,8
2020-07-15,si1s,1,0.49670770438058814,8
2020-07-16,pl1s,1,0.49670770438058814,8
2020-07-16,gc1s,1,0.49670770438058814,8
2020-07-17,pl1s,1,0.49670770438058814,8
2020-07-17,si1s,0,0.49670770438058814,8
2020-07-20,pl1s,1,0.49670770438058814,8
2020-07-20,si1s,0,0.49670770438058814,8
2020-07-21,si1s,0,0.49670770438058814,8
2020-07-22,pl1s,0,0.49670770438058814,8
2020-07-22,si1s,0,0.49670770438058814,8
2020-07-23,pl1s,0,0.49670770438058814,8
2020-07-23,si1s,0,0.49670770438058814,8
2020-07-24,pl1s,0,0.49670770438058814,8
2020-07-24,si1s,0,0.49670770438058814,8
2020-07-27,si1s,0,0.49670770438058814,8
2020-07-27,pl1s,0,0.49670770438058814,8
2020-07-28,si1s,0,0.49670770438058814,8
2020-07-28,pl1s,1,0.49670770438058814,8
2020-07-29,pl1s,0,0.49670770438058814,8
2020-07-29,si1s,0,0.49670770438058814,8
2020-07-30,pl1s,1,0.49670770438058814,8
2020-07-30,si1s,0,0.49670770438058814,8
2020-07-31,si1s,0,0.49670770438058814,8
2020-07-31,pl1s,1,0.49670770438058814,8
2020-08-03,pl1s,1,0.49670770438058814,8
2020-08-03,si1s,0,0.49670770438058814,8
2020-08-04,pl1s,0,0.49670770438058814,8
2020-08-04,si1s,0,0.49670770438058814,8
2020-08-05,si1s,0,0.49670770438058814,8
2020-08-05,pl1s,1,0.49670770438058814,8
2020-08-06,pl1s,1,0.49670770438058814,8
2020-08-06,si1s,1,0.49670770438058814,8
2020-08-07,si1s,1,0.49670770438058814,8
2020-08-07,pl1s,1,0.49670770438058814,8
2020-08-10,si1s,1,0.49670770438058814,8
2020-08-10,pl1s,1,0.49670770438058814,8
2020-08-11,pl1s,0,0.49670770438058814,8
2020-08-11,si1s,1,0.49670770438058814,8
2020-08-12,pl1s,1,0.49670770438058814,8
2020-08-12,si1s,1,0.49670770438058814,8
2020-08-13,pl1s,1,0.49670770438058814,8
2020-08-13,si1s,1,0.49670770438058814,8
2020-08-14,pl1s,1,0.49670770438058814,8
2020-08-14,si1s,0,0.49670770438058814,8
2020-08-17,pl1s,1,0.49670770438058814,8
2020-08-17,si1s,0,0.49670770438058814,8
2021-06-08,si1s,1,0.49670770438058814,8
2021-06-09,pl1s,0,0.49670770438058814,8
2021-06-09,si1s,1,0.49670770438058814,8
2021-06-10,si1s,1,0.49670770438058814,8
2021-06-11,pl1s,0,0.49670770438058814,8
2021-06-11,si1s,1,0.49670770438058814,8
2021-06-14,pl1s,0,0.49670770438058814,8
2021-06-14,si1s,1,0.49670770438058814,8
2021-06-15,si1s,1,0.49670770438058814,8
2021-06-15,pl1s,0,0.49670770438058814,8
2021-06-16,pl1s,0,0.49670770438058814,8
2021-06-16,si1s,1,0.49670770438058814,8
2021-06-17,si1s,1,0.49670770438058814,8
2021-06-17,pl1s,1,0.49670770438058814,8
2021-06-18,si1s,1,0.49670770438058814,8
2021-06-18,pl1s,1,0.49670770438058814,8
2021-06-21,si1s,1,0.49670770438058814,8
2021-06-21,pl1s,1,0.49670770438058814,8
2021-06-22,si1s,1,0.49670770438058814,8
2021-06-22,pl1s,1,0.49670770438058814,8
2021-06-23,si1s,0,0.49670770438058814,8
2021-06-23,pl1s,0,0.49670770438058814,8
2021-06-24,si1s,1,0.49670770438058814,8
2021-06-25,si1s,1,0.49670770438058814,8
2021-06-28,si1s,0,0.49670770438058814,8
2021-06-29,si1s,1,0.49670770438058814,8
2021-06-29,pl1s,1,0.49670770438058814,8
2021-06-30,si1s,1,0.49670770438058814,8
2021-06-30,pl1s,1,0.49670770438058814,8
2021-07-01,pl1s,1,0.49670770438058814,8
2021-07-01,si1s,0,0.49670770438058814,8
2021-07-02,si1s,1,0.49670770438058814,8
2021-07-02,pl1s,0,0.49670770438058814,8
2021-07-06,pl1s,0,0.49670770438058814,8
2021-07-06,si1s,0,0.49670770438058814,8
2021-07-07,pl1s,0,0.49670770438058814,8
2021-07-08,pl1s,1,0.49670770438058814,8
2021-07-08,si1s,0,0.49670770438058814,8
2021-07-09,si1s,1,0.49670770438058814,8
2021-07-09,pl1s,0,0.49670770438058814,8
2021-07-12,pl1s,0,0.49670770438058814,8
2021-07-12,si1s,1,0.49670770438058814,8
2021-07-13,si1s,1,0.49670770438058814,8
2021-07-13,pl1s,0,0.49670770438058814,8
2021-07-14,pl1s,0,0.49670770438058814,8
2021-07-15,pl1s,0,0.49670770438058814,8
2021-07-15,si1s,1,0.49670770438058814,8
2021-07-16,si1s,1,0.49670770438058814,8
2021-07-16,pl1s,0,0.49670770438058814,8
2021-07-19,pl1s,0,0.49670770438058814,8
2021-07-19,si1s,0,0.49670770438058814,8
2021-07-20,pl1s,0,0.49670770438058814,8
2021-07-20,si1s,1,0.49670770438058814,8
2021-07-21,pl1s,0,0.49670770438058814,8
2021-07-21,si1s,1,0.49670770438058814,8
2021-07-22,si1s,0,0.49670770438058814,8
2021-07-22,pl1s,0,0.49670770438058814,8
2021-07-23,pl1s,0,0.49670770438058814,8
2021-07-23,si1s,0,0.49670770438058814,8
2021-07-26,si1s,0,0.49670770438058814,8
2021-07-26,pl1s,0,0.49670770438058814,8
2021-07-27,si1s,0,0.49670770438058814,8
2021-07-27,pl1s,0,0.49670770438058814,8
2021-07-28,pl1s,0,0.49670770438058814,8
2021-07-28,si1s,0,0.49670770438058814,8
2021-07-29,si1s,0,0.49670770438058814,8
2021-07-29,pl1s,0,0.49670770438058814,8
2021-07-30,si1s,0,0.49670770438058814,8
2021-07-30,pl1s,0,0.49670770438058814,8
2021-08-02,si1s,0,0.49670770438058814,8
2021-08-02,pl1s,0,0.49670770438058814,8
2021-08-03,pl1s,0,0.49670770438058814,8
2021-08-03,si1s,0,0.49670770438058814,8
2021-08-03,gc1s,1,0.49670770438058814,8
2021-08-04,si1s,0,0.49670770438058814,8
2021-08-04,gc1s,1,0.49670770438058814,8
2021-08-04,pl1s,0,0.49670770438058814,8
2021-08-05,si1s,0,0.49670770438058814,8
2021-08-06,si1s,0,0.49670770438058814,8
2021-08-09,si1s,1,0.49670770438058814,8
2021-08-09,pl1s,1,0.49670770438058814,8
2021-08-09,gc1s,1,0.49670770438058814,8
2021-08-10,gc1s,1,0.49670770438058814,8
2021-08-10,pl1s,1,0.49670770438058814,8
2021-08-10,si1s,1,0.49670770438058814,8
2021-08-11,gc1s,1,0.49670770438058814,8
2021-08-11,pl1s,0,0.49670770438058814,8
2021-08-11,si1s,1,0.49670770438058814,8
2021-08-12,gc1s,1,0.49670770438058814,8
2021-08-12,si1s,1,0.49670770438058814,8
2021-08-13,si1s,1,0.49670770438058814,8
2021-08-16,si1s,1,0.49670770438058814,8
2021-08-16,pl1s,0,0.49670770438058814,8
2021-08-17,si1s,1,0.49670770438058814,8
2021-08-17,pl1s,1,0.49670770438058814,8
2021-08-18,pl1s,1,0.49670770438058814,8
2021-08-18,si1s,1,0.49670770438058814,8
2021-08-19,pl1s,1,0.49670770438058814,8
2021-08-19,si1s,1,0.49670770438058814,8
2021-08-20,pl1s,1,0.49670770438058814,8
2021-08-20,si1s,1,0.49670770438058814,8
2021-08-23,pl1s,0,0.49670770438058814,8
2021-08-23,si1s,1,0.49670770438058814,8
2021-08-24,pl1s,1,0.49670770438058814,8
2021-08-24,si1s,1,0.49670770438058814,8
2021-08-25,pl1s,0,0.49670770438058814,8
2021-08-25,si1s,1,0.49670770438058814,8
2021-08-26,si1s,1,0.49670770438058814,8
2021-08-26,pl1s,0,0.49670770438058814,8
2021-08-27,si1s,1,0.49670770438058814,8
2021-08-27,pl1s,0,0.49670770438058814,8
2021-08-30,si1s,1,0.49670770438058814,8
2021-08-30,pl1s,0,0.49670770438058814,8
2021-08-31,pl1s,0,0.49670770438058814,8
2021-08-31,si1s,1,0.49670770438058814,8
2021-09-01,si1s,1,0.49670770438058814,8
2021-09-01,pl1s,0,0.49670770438058814,8
2021-09-02,pl1s,0,0.49670770438058814,8
2021-09-02,si1s,1,0.49670770438058814,8
2021-09-03,pl1s,0,0.49670770438058814,8
2021-09-03,si1s,1,0.49670770438058814,8
2021-09-07,pl1s,0,0.49670770438058814,8
2021-09-07,si1s,1,0.49670770438058814,8
2021-09-08,si1s,1,0.49670770438058814,8
2021-09-08,pl1s,0,0.49670770438058814,8
2021-09-09,si1s,1,0.49670770438058814,8
2021-09-09,pl1s,0,0.49670770438058814,8
2021-09-10,si1s,0,0.49670770438058814,8
2021-09-10,pl1s,0,0.49670770438058814,8
2021-09-13,pl1s,0,0.49670770438058814,8
2021-09-13,si1s,0,0.49670770438058814,8
2021-09-14,pl1s,1,0.49670770438058814,8
2021-09-14,si1s,0,0.49670770438058814,8
2021-09-15,si1s,0,0.49670770438058814,8
2021-09-15,pl1s,1,0.49670770438058814,8
2021-09-16,si1s,0,0.49670770438058814,8
2021-09-16,pl1s,1,0.49670770438058814,8
2021-09-17,si1s,1,0.49670770438058814,8
2021-09-17,pl1s,1,0.49670770438058814,8
2021-09-20,si1s,1,0.49670770438058814,8
2021-09-20,pl1s,1,0.49670770438058814,8
2021-09-20,gc1s,1,0.49670770438058814,8
2021-09-21,pl1s,1,0.49670770438058814,8
2021-09-21,gc1s,0,0.49670770438058814,8
2021-09-21,si1s,0,0.49670770438058814,8
2021-09-22,si1s,0,0.49670770438058814,8
2021-09-22,gc1s,0,0.49670770438058814,8
2020-08-18,si1s,0,0.5027958222956183,9
2020-08-18,pl1s,1,0.5027958222956183,9
2020-08-18,gc1s,1,0.5027958222956183,9
2020-08-19,gc1s,1,0.49865873595416577,9
2020-08-19,si1s,1,0.49865873595416577,9
2020-08-19,pl1s,0,0.49865873595416577,9
2020-08-20,pl1s,0,0.49150903565244897,9
2020-08-20,gc1s,1,0.49150903565244897,9
2020-08-20,si1s,1,0.49150903565244897,9
2020-08-21,pl1s,0,0.4910542529561208,9
2020-08-21,gc1s,1,0.4910542529561208,9
2020-08-21,si1s,1,0.4910542529561208,9
2020-08-24,pl1s,0,0.49634872652007517,9
2020-08-24,gc1s,0,0.49634872652007517,9
2020-08-25,pl1s,0,0.5040276606695765,9
2020-08-25,si1s,1,0.5040276606695765,9
2020-08-26,pl1s,1,0.5061241778851908,9
2020-08-27,pl1s,1,0.5112680984951948,9
2020-08-27,si1s,1,0.5112680984951948,9
2020-08-28,pl1s,0,0.5118753625706027,9
2020-08-28,si1s,1,0.5118753625706027,9
2020-08-31,pl1s,1,0.510487578875558,9
2020-08-31,si1s,1,0.510487578875558,9
2020-09-01,si1s,1,0.5014195167970021,9
2020-09-01,pl1s,1,0.5014195167970021,9
2020-09-02,pl1s,1,0.4945627340014602,9
2020-09-02,si1s,1,0.4945627340014602,9
2020-09-03,pl1s,1,0.49062337485608026,9
2020-09-03,si1s,1,0.49062337485608026,9
2020-09-04,pl1s,0,0.4950252918177889,9
2020-09-04,si1s,0,0.4950252918177889,9
2020-09-08,pl1s,0,0.49425899383911637,9
2020-09-08,si1s,0,0.49425899383911637,9
2020-09-09,pl1s,0,0.5030473342146873,9
2020-09-10,si1s,0,0.5067746296432584,9
2020-09-11,si1s,0,0.49870225327066475,9
2020-09-14,si1s,0,0.498138692909077,9
2020-09-14,pl1s,1,0.498138692909077,9
2020-09-15,si1s,0,0.5022275937655124,9
2020-09-15,pl1s,1,0.5022275937655124,9
2020-09-16,si1s,0,0.4987203469194465,9
2020-09-16,pl1s,0,0.4987203469194465,9
2020-09-17,pl1s,0,0.4958308825469873,9
2020-09-17,si1s,0,0.4958308825469873,9
2020-09-18,si1s,0,0.5010993137522928,9
2020-09-18,pl1s,0,0.5010993137522928,9
2020-09-21,pl1s,1,0.4961150228330113,9
2020-09-21,si1s,0,0.4961150228330113,9
2020-09-22,pl1s,1,0.498240553612988,9
2020-09-22,si1s,1,0.498240553612988,9
2020-09-23,gc1s,1,0.4982930263002908,9
2020-09-24,gc1s,1,0.4993263751585673,9
2020-09-24,si1s,1,0.4993263751585673,9
2020-09-25,gc1s,1,0.49585923999036013,9
2020-09-25,pl1s,1,0.49585923999036013,9
2020-09-28,si1s,0,0.500646715900501,9
2020-09-28,gc1s,1,0.500646715900501,9
2020-09-28,pl1s,0,0.500646715900501,9
2020-09-29,gc1s,0,0.49665727428174655,9
2020-09-29,si1s,1,0.49665727428174655,9
2020-09-30,gc1s,1,0.49953086178515904,9
2020-09-30,si1s,1,0.49953086178515904,9
2020-09-30,pl1s,0,0.49953086178515904,9
2020-10-01,pl1s,0,0.4979050874543424,9
2020-10-02,pl1s,0,0.5012709457682659,9
2020-10-02,si1s,1,0.5012709457682659,9
2020-10-05,si1s,0,0.5055371170835582,9
2020-10-05,pl1s,0,0.5055371170835582,9
2020-10-06,pl1s,1,0.5062935708119934,9
2020-10-06,si1s,1,0.5062935708119934,9
2020-10-07,si1s,1,0.5058949885503286,9
2020-10-07,pl1s,1,0.5058949885503286,9
2020-10-08,pl1s,1,0.5045736317462757,9
2020-10-08,si1s,1,0.5045736317462757,9
2020-10-09,si1s,1,0.503372310632234,9
2020-10-09,pl1s,1,0.503372310632234,9
2020-10-12,pl1s,1,0.4974313201664591,9
2020-10-12,si1s,1,0.4974313201664591,9
2020-10-13,pl1s,1,0.49616633220431255,9
2020-10-14,pl1s,1,0.49135971124024835,9
2020-10-14,si1s,1,0.49135971124024835,9
2020-10-15,pl1s,0,0.49164904373367563,9
2020-10-16,pl1s,0,0.49153256235594517,9
2020-10-16,si1s,1,0.49153256235594517,9
2020-10-19,gc1s,0,0.49318294624478604,9
2020-10-19,pl1s,0,0.49318294624478604,9
2020-10-19,si1s,1,0.49318294624478604,9
2020-10-20,si1s,1,0.4976942197527045,9
2020-10-20,pl1s,0,0.4976942197527045,9
2020-10-20,gc1s,0,0.4976942197527045,9
2020-10-21,gc1s,0,0.5025076085705107,9
2020-10-21,pl1s,0,0.5025076085705107,9
2020-10-21,si1s,0,0.5025076085705107,9
2020-10-22,si1s,1,0.50776251663714,9
2020-10-22,gc1s,1,0.50776251663714,9
2020-10-22,pl1s,1,0.50776251663714,9
2020-10-23,pl1s,0,0.5074746185572112,9
2020-10-23,si1s,1,0.5074746185572112,9
2020-10-23,gc1s,1,0.5074746185572112,9
2020-10-26,gc1s,0,0.5058883555520806,9
2020-10-26,pl1s,0,0.5058883555520806,9
2020-10-26,si1s,0,0.5058883555520806,9
2020-10-27,si1s,0,0.49953075393531987,9
2020-10-27,gc1s,0,0.49953075393531987,9
2020-10-27,pl1s,1,0.49953075393531987,9
2020-10-28,si1s,1,0.4961916800520286,9
2020-10-28,gc1s,0,0.4961916800520286,9
2020-10-28,pl1s,0,0.4961916800520286,9
2020-10-29,si1s,1,0.4936628433025685,9
2020-10-29,pl1s,1,0.4936628433025685,9
2020-10-29,gc1s,1,0.4936628433025685,9
2020-10-30,gc1s,1,0.4967506824858612,9
2020-10-30,pl1s,1,0.4967506824858612,9
2020-10-30,si1s,1,0.4967506824858612,9
2020-11-02,si1s,1,0.4964012304054243,9
2020-11-02,pl1s,1,0.4964012304054243,9
2020-11-03,gc1s,0,0.5035310250872929,9
2020-11-03,si1s,0,0.5035310250872929,9
2020-11-03,pl1s,1,0.5035310250872929,9
2020-11-04,gc1s,0,0.49941297099256704,9
2020-11-04,si1s,1,0.49941297099256704,9
2020-11-04,pl1s,1,0.49941297099256704,9
2020-11-05,si1s,1,0.49923180220237084,9
2020-11-05,pl1s,1,0.49923180220237084,9
2020-11-06,si1s,1,0.49998215884316183,9
2020-11-06,pl1s,1,0.49998215884316183,9
2020-11-09,pl1s,1,0.5145386584481838,9
2020-11-09,si1s,0,0.5145386584481838,9
2020-11-10,gc1s,0,0.5144160111768641,9
2020-11-10,si1s,0,0.5144160111768641,9
2020-11-10,pl1s,1,0.5144160111768641,9
2020-11-11,si1s,0,0.5177496952029064,9
2020-11-11,pl1s,1,0.5177496952029064,9
2020-11-12,gc1s,0,0.5127697928260299,9
2020-11-12,si1s,0,0.5127697928260299,9
2020-11-12,pl1s,1,0.5127697928260299,9
2020-11-13,pl1s,1,0.5093451581539384,9
2020-11-13,si1s,0,0.5093451581539384,9
2020-11-16,si1s,0,0.49711275805724703,9
2020-11-16,pl1s,1,0.49711275805724703,9
2020-11-17,pl1s,1,0.4912581701120141,9
2020-11-17,si1s,1,0.4912581701120141,9
2020-11-18,pl1s,1,0.49398775022769487,9
2020-11-18,si1s,0,0.49398775022769487,9
2020-11-19,gc1s,0,0.4963574660535166,9
2020-11-19,pl1s,1,0.4963574660535166,9
2020-11-19,si1s,1,0.4963574660535166,9
2020-11-20,si1s,1,0.4957862483697909,9
2020-11-20,pl1s,1,0.4957862483697909,9
2020-11-23,gc1s,1,0.4962624254826854,9
2020-11-23,pl1s,1,0.4962624254826854,9
2020-11-23,si1s,1,0.4962624254826854,9
2020-11-24,gc1s,1,0.5013385768433798,9
2020-11-24,si1s,1,0.5013385768433798,9
2020-11-24,pl1s,1,0.5013385768433798,9
2020-11-25,si1s,1,0.4997989914999396,9
2020-11-25,gc1s,1,0.4997989914999396,9
2020-11-27,si1s,1,0.5006471139721345,9
2020-11-27,gc1s,1,0.5006471139721345,9
2020-11-30,si1s,1,0.5013244717650535,9
2020-11-30,gc1s,1,0.5013244717650535,9
2020-12-01,gc1s,1,0.5050586084852206,9
2020-12-01,pl1s,0,0.5050586084852206,9
2020-12-02,gc1s,1,0.5065226810989264,9
2020-12-02,pl1s,0,0.5065226810989264,9
2020-12-03,pl1s,0,0.5042681773682878,9
2020-12-03,si1s,1,0.5042681773682878,9
2020-12-04,pl1s,1,0.5076037575909408,9
2020-12-04,si1s,1,0.5076037575909408,9
2020-12-07,pl1s,1,0.5018285941011786,9
2020-12-07,si1s,1,0.5018285941011786,9
2020-12-08,pl1s,1,0.49346103520177786,9
2020-12-08,si1s,1,0.49346103520177786,9
2020-12-09,si1s,1,0.49302903822568894,9
2020-12-09,pl1s,1,0.49302903822568894,9
2020-12-10,si1s,1,0.4965434850588312,9
2020-12-10,pl1s,0,0.4965434850588312,9
2020-12-11,pl1s,0,0.49106795568117645,9
2020-12-11,si1s,1,0.49106795568117645,9
2020-12-14,gc1s,1,0.4966335595054082,9
2020-12-14,si1s,1,0.4966335595054082,9
2020-12-14,pl1s,0,0.4966335595054082,9
2020-12-15,si1s,1,0.5001809158069261,9
2020-12-15,pl1s,0,0.5001809158069261,9
2020-12-15,gc1s,1,0.5001809158069261,9
2020-12-16,si1s,1,0.5037281460518224,9
2020-12-16,pl1s,0,0.5037281460518224,9
2020-12-16,gc1s,1,0.5037281460518224,9
2020-12-17,si1s,1,0.5044045165503229,9
2020-12-17,pl1s,0,0.5044045165503229,9
2020-12-18,si1s,1,0.5078536260929145,9
2020-12-18,pl1s,0,0.5078536260929145,9
2020-12-21,pl1s,0,0.5053977409123042,9
2020-12-21,si1s,1,0.5053977409123042,9
2020-12-22,si1s,1,0.5024292485848848,9
2020-12-22,pl1s,0,0.5024292485848848,9
2020-12-23,pl1s,0,0.5032345906171851,9
2020-12-23,si1s,0,0.5032345906171851,9
2020-12-24,si1s,0,0.502528172641909,9
2020-12-24,gc1s,0,0.502528172641909,9
2020-12-24,pl1s,0,0.502528172641909,9
2020-12-28,si1s,1,0.5018555765473128,9
2020-12-28,pl1s,0,0.5018555765473128,9
2020-12-28,gc1s,0,0.5018555765473128,9
2020-12-29,gc1s,0,0.5034325426421761,9
2020-12-29,si1s,0,0.5034325426421761,9
2020-12-29,pl1s,0,0.5034325426421761,9
2020-12-30,si1s,0,0.4983146024893502,9
2020-12-30,pl1s,0,0.4983146024893502,9
2020-12-30,gc1s,0,0.4983146024893502,9
2020-12-31,si1s,0,0.4986477487790451,9
2020-12-31,pl1s,0,0.4986477487790451,9
2020-12-31,gc1s,0,0.4986477487790451,9
2021-01-04,si1s,1,0.4970244237878304,9
2021-01-04,gc1s,0,0.4970244237878304,9
2021-01-04,pl1s,1,0.4970244237878304,9
2021-01-05,si1s,1,0.5006905569914737,9
2021-01-05,pl1s,0,0.5006905569914737,9
2021-01-07,pl1s,1,0.5090604409530277,9
2021-01-08,pl1s,1,0.510200384007963,9
2021-01-08,si1s,0,0.510200384007963,9
2021-01-11,pl1s,1,0.5161728681413288,9
2021-01-12,pl1s,0,0.5148405755903479,9
2021-01-12,si1s,1,0.5148405755903479,9
2021-01-13,si1s,0,0.5017607477397547,9
2021-01-13,pl1s,1,0.5017607477397547,9
2021-01-14,pl1s,1,0.49946449905587176,9
2021-01-14,si1s,0,0.49946449905587176,9
2021-01-15,pl1s,0,0.49784511063334397,9
2021-01-15,si1s,0,0.49784511063334397,9
2021-01-19,pl1s,0,0.49456759268505857,9
2021-01-19,si1s,0,0.49456759268505857,9
2021-01-20,pl1s,1,0.5000780007350003,9
2021-01-20,gc1s,1,0.5000780007350003,9
2021-01-20,si1s,0,0.5000780007350003,9
2021-01-21,si1s,0,0.5050835571744633,9
2021-01-21,gc1s,1,0.5050835571744633,9
2021-01-21,pl1s,1,0.5050835571744633,9
2021-01-22,si1s,0,0.5036265052105221,9
2021-01-22,pl1s,0,0.5036265052105221,9
2021-01-25,si1s,0,0.49739592972009217,9
2021-01-25,pl1s,0,0.49739592972009217,9
2021-01-26,si1s,0,0.49884132172033346,9
2021-01-26,pl1s,0,0.49884132172033346,9
2021-01-27,si1s,0,0.4976916490012073,9
2021-01-28,si1s,0,0.4954246596920275,9
2021-01-28,pl1s,1,0.4954246596920275,9
2021-01-29,pl1s,1,0.49975515033928086,9
2021-02-01,si1s,1,0.5050558889122447,9
2021-02-01,pl1s,0,0.5050558889122447,9
2021-02-02,pl1s,1,0.506246726936818,9
2021-02-03,si1s,1,0.5111227917233383,9
2021-02-04,si1s,1,0.5107375356127829,9
2021-02-04,pl1s,1,0.5107375356127829,9
2021-02-04,gc1s,0,0.5107375356127829,9
2021-02-05,si1s,1,0.5094751511617818,9
2021-02-05,pl1s,1,0.5094751511617818,9
2021-02-08,pl1s,1,0.5094025783903776,9
2021-02-08,si1s,0,0.5094025783903776,9
2021-02-09,si1s,0,0.5061298324382894,9
2021-02-09,pl1s,0,0.5061298324382894,9
2021-02-10,pl1s,1,0.5028551845319738,9
2021-02-10,si1s,0,0.5028551845319738,9
2021-02-11,pl1s,1,0.5010045586464772,9
2021-02-11,si1s,1,0.5010045586464772,9
2021-02-12,pl1s,1,0.5036719029233373,9
2021-02-12,si1s,1,0.5036719029233373,9
2021-02-16,si1s,1,0.5134390396002371,9
2021-02-16,pl1s,1,0.5134390396002371,9
2021-02-17,si1s,1,0.510594468343958,9
2021-02-17,pl1s,1,0.510594468343958,9
2021-02-18,pl1s,1,0.5140961741719088,9
2021-02-18,si1s,1,0.5140961741719088,9
2021-02-19,gc1s,0,0.5149854282020474,9
2021-02-19,pl1s,1,0.5149854282020474,9
2021-02-19,si1s,1,0.5149854282020474,9
2021-02-22,si1s,1,0.5083861880443977,9
2021-02-22,pl1s,1,0.5083861880443977,9
2021-02-23,si1s,1,0.504426381504787,9
2021-02-23,pl1s,1,0.504426381504787,9
2021-02-24,si1s,0,0.5091115208083548,9
2021-02-24,pl1s,1,0.5091115208083548,9
2021-02-25,pl1s,1,0.5165071112697543,9
2021-02-26,gc1s,0,0.5065045158907525,9
2021-02-26,pl1s,0,0.5065045158907525,9
2021-02-26,si1s,1,0.5065045158907525,9
2021-03-01,pl1s,0,0.5024892250381845,9
2021-03-01,si1s,1,0.5024892250381845,9
2021-03-01,gc1s,1,0.5024892250381845,9
2021-03-02,gc1s,0,0.49865525331090416,9
2021-03-02,si1s,0,0.49865525331090416,9
2021-03-02,pl1s,0,0.49865525331090416,9
2021-03-03,gc1s,1,0.5047810027149882,9
2021-03-03,si1s,0,0.5047810027149882,9
2020-08-18,si1s,0,0.5082906828251031,10
2020-08-18,pl1s,1,0.5082906828251031,10
2020-08-18,gc1s,1,0.5082906828251031,10
2020-08-19,gc1s,1,0.5045694075505468,10
2020-08-19,si1s,1,0.5045694075505468,10
2020-08-19,pl1s,0,0.5045694075505468,10
2020-08-20,pl1s,0,0.49171434504384015,10
2020-08-20,gc1s,1,0.49171434504384015,10
2020-08-20,si1s,1,0.49171434504384015,10
2020-08-21,pl1s,0,0.48978576182459965,10
2020-08-21,gc1s,1,0.48978576182459965,10
2020-08-21,si1s,1,0.48978576182459965,10
2020-08-24,pl1s,0,0.4978427969905833,10
2020-08-24,gc1s,0,0.4978427969905833,10
2020-08-25,pl1s,0,0.5061740803493974,10
2020-08-25,si1s,1,0.5061740803493974,10
2020-08-26,pl1s,1,0.5050644777596479,10
2020-08-27,pl1s,1,0.5209302770961254,10
2020-08-27,si1s,1,0.5209302770961254,10
2020-08-28,pl1s,0,0.5194984924575539,10
2020-08-28,si1s,1,0.5194984924575539,10
2020-08-31,pl1s,1,0.5122840459216753,10
2020-08-31,si1s,1,0.5122840459216753,10
2020-09-01,si1s,1,0.5011549382143239,10
2020-09-01,pl1s,1,0.5011549382143239,10
2020-09-02,pl1s,1,0.49669894241224727,10
2020-09-02,si1s,1,0.49669894241224727,10
2020-09-03,pl1s,1,0.48359274445340544,10
2020-09-03,si1s,1,0.48359274445340544,10
2020-09-04,pl1s,0,0.5031182916750071,10
2020-09-04,si1s,0,0.5031182916750071,10
2020-09-08,pl1s,0,0.5053376157549677,10
2020-09-08,si1s,0,0.5053376157549677,10
2020-09-09,pl1s,0,0.5125911692584586,10
2020-09-10,si1s,0,0.5109018794676762,10
2020-09-11,si1s,0,0.4947356971443644,10
2020-09-14,si1s,0,0.49584534144756914,10
2020-09-14,pl1s,1,0.49584534144756914,10
2020-09-15,si1s,0,0.5036646016046857,10
2020-09-15,pl1s,1,0.5036646016046857,10
2020-09-16,si1s,0,0.5031012193629424,10
2020-09-16,pl1s,0,0.5031012193629424,10
2020-09-17,pl1s,0,0.5056107505642861,10
2020-09-17,si1s,0,0.5056107505642861,10
2020-09-18,si1s,0,0.5084101602982185,10
2020-09-18,pl1s,0,0.5084101602982185,10
2020-09-21,pl1s,1,0.502537829246181,10
2020-09-21,si1s,0,0.502537829246181,10
2020-09-22,pl1s,1,0.5022646679934916,10
2020-09-22,si1s,1,0.5022646679934916,10
2020-09-23,gc1s,1,0.49946471619654015,10
2020-09-24,gc1s,1,0.4997549565439637,10
2020-09-24,si1s,1,0.4997549565439637,10
2020-09-25,gc1s,1,0.49693795434476756,10
2020-09-25,pl1s,1,0.49693795434476756,10
2020-09-28,si1s,0,0.5014281039447416,10
2020-09-28,gc1s,1,0.5014281039447416,10
2020-09-28,pl1s,0,0.5014281039447416,10
2020-09-29,gc1s,0,0.5000110511116702,10
2020-09-29,si1s,1,0.5000110511116702,10
2020-09-30,gc1s,1,0.5056278213803627,10
2020-09-30,si1s,1,0.5056278213803627,10
2020-09-30,pl1s,0,0.5056278213803627,10
2020-10-01,pl1s,0,0.5056107505642861,10
2020-10-02,pl1s,0,0.5115161975065843,10
2020-10-02,si1s,1,0.5115161975065843,10
2020-10-05,si1s,0,0.525632166267508,10
2020-10-05,pl1s,0,0.525632166267508,10
2020-10-06,pl1s,1,0.5182880427853479,10
2020-10-06,si1s,1,0.5182880427853479,10
2020-10-07,si1s,1,0.5211859174239543,10
2020-10-07,pl1s,1,0.5211859174239543,10
2020-10-08,pl1s,1,0.5220379709646593,10
2020-10-08,si1s,1,0.5220379709646593,10
2020-10-09,si1s,1,0.5161394012789284,10
2020-10-09,pl1s,1,0.5161394012789284,10
2020-10-12,pl1s,1,0.5022817406130828,10
2020-10-12,si1s,1,0.5022817406130828,10
2020-10-13,pl1s,1,0.5022646679934916,10
2020-10-14,pl1s,1,0.4931993544973982,10
2020-10-14,si1s,1,0.4931993544973982,10
2020-10-15,pl1s,0,0.494599128901156,10
2020-10-16,pl1s,0,0.4988500910098147,10
2020-10-16,si1s,1,0.4988500910098147,10
2020-10-19,gc1s,0,0.5028451338364928,10
2020-10-19,pl1s,0,0.5028451338364928,10
2020-10-19,si1s,1,0.5028451338364928,10
2020-10-20,si1s,1,0.5136319040496539,10
2020-10-20,pl1s,0,0.5136319040496539,10
2020-10-20,gc1s,0,0.5136319040496539,10
2020-10-21,gc1s,0,0.5201973811940305,10
2020-10-21,pl1s,0,0.5201973811940305,10
2020-10-21,si1s,0,0.5201973811940305,10
2020-10-22,si1s,1,0.5247977183685553,10
2020-10-22,gc1s,1,0.5247977183685553,10
2020-10-22,pl1s,1,0.5247977183685553,10
2020-10-23,pl1s,0,0.5202485163239284,10
2020-10-23,si1s,1,0.5202485163239284,10
2020-10-23,gc1s,1,0.5202485163239284,10
2020-10-26,gc1s,0,0.5091099371906698,10
2020-10-26,pl1s,0,0.5091099371906698,10
2020-10-26,si1s,0,0.5091099371906698,10
2020-10-27,si1s,0,0.5005573860004118,10
2020-10-27,gc1s,0,0.5005573860004118,10
2020-10-27,pl1s,1,0.5005573860004118,10
2020-10-28,si1s,1,0.49483812384341047,10
2020-10-28,gc1s,0,0.49483812384341047,10
2020-10-28,pl1s,0,0.49483812384341047,10
2020-10-29,si1s,1,0.4979793783856785,10
2020-10-29,pl1s,1,0.4979793783856785,10
2020-10-29,gc1s,1,0.4979793783856785,10
2020-10-30,gc1s,1,0.5089051280145539,10
2020-10-30,pl1s,1,0.5089051280145539,10
2020-10-30,si1s,1,0.5089051280145539,10
2020-11-02,si1s,1,0.5108848145990471,10
2020-11-02,pl1s,1,0.5108848145990471,10
2020-11-03,gc1s,0,0.5261089296714416,10
2020-11-03,si1s,0,0.5261089296714416,10
2020-11-03,pl1s,1,0.5261089296714416,10
2020-11-04,gc1s,0,0.5022646679934916,10
2020-11-04,si1s,1,0.5022646679934916,10
2020-11-04,pl1s,1,0.5022646679934916,10
2020-11-05,si1s,1,0.4933871234026178,10
2020-11-05,pl1s,1,0.4933871234026178,10
2020-11-06,si1s,1,0.4942235704492294,10
2020-11-06,pl1s,1,0.4942235704492294,10
2020-11-09,pl1s,1,0.5173161172930911,10
2020-11-09,si1s,0,0.5173161172930911,10
2020-11-10,gc1s,0,0.5139219242192791,10
2020-11-10,si1s,0,0.5139219242192791,10
2020-11-10,pl1s,1,0.5139219242192791,10
2020-11-11,si1s,0,0.5398260409106885,10
2020-11-11,pl1s,1,0.5398260409106885,10
2020-11-12,gc1s,0,0.5238779624904777,10
2020-11-12,si1s,0,0.5238779624904777,10
2020-11-12,pl1s,1,0.5238779624904777,10
2020-11-13,pl1s,1,0.5169238993138552,10
2020-11-13,si1s,0,0.5169238993138552,10
2020-11-16,si1s,0,0.5006768966251929,10
2020-11-16,pl1s,1,0.5006768966251929,10
2020-11-17,pl1s,1,0.48615134037574453,10
2020-11-17,si1s,1,0.48615134037574453,10
2020-11-18,pl1s,1,0.4856907356401395,10
2020-11-18,si1s,0,0.4856907356401395,10
2020-11-19,gc1s,0,0.4947356971443644,10
2020-11-19,pl1s,1,0.4947356971443644,10
2020-11-19,si1s,1,0.4947356971443644,10
2021-03-03,pl1s,1,0.5215949188137807,10
2021-03-04,gc1s,1,0.5111749138829726,10
2021-03-04,si1s,0,0.5111749138829726,10
2021-03-04,pl1s,1,0.5111749138829726,10
2021-03-05,pl1s,1,0.531128913170202,10
2021-03-05,si1s,0,0.531128913170202,10
2021-03-05,gc1s,1,0.531128913170202,10
2021-03-08,gc1s,1,0.5332541851394813,10
2021-03-08,si1s,0,0.5332541851394813,10
2021-03-08,pl1s,1,0.5332541851394813,10
2021-03-09,pl1s,0,0.5266537437942324,10
2021-03-09,gc1s,1,0.5266537437942324,10
2021-03-09,si1s,1,0.5266537437942324,10
2021-03-10,gc1s,1,0.5099632750609512,10
2021-03-10,si1s,1,0.5099632750609512,10
2021-03-10,pl1s,0,0.5099632750609512,10
2021-03-11,pl1s,0,0.49903789286726485,10
2021-03-11,gc1s,1,0.49903789286726485,10
2021-03-11,si1s,1,0.49903789286726485,10
2021-03-12,si1s,0,0.5136489643156529,10
2021-03-12,gc1s,1,0.5136489643156529,10
2021-03-12,pl1s,0,0.5136489643156529,10
2021-03-15,gc1s,0,0.5061740803493974,10
2021-03-15,pl1s,0,0.5061740803493974,10
2021-03-15,si1s,1,0.5061740803493974,10
2021-03-16,gc1s,0,0.51927687752515,10
2021-03-16,pl1s,0,0.51927687752515,10
2021-03-16,si1s,0,0.51927687752515,10
2021-03-17,gc1s,0,0.5249509948293439,10
2021-03-17,pl1s,0,0.5249509948293439,10
2021-03-17,si1s,0,0.5249509948293439,10
2021-03-18,gc1s,0,0.5328292248024712,10
2021-03-18,pl1s,0,0.5328292248024712,10
2021-03-18,si1s,1,0.5328292248024712,10
2021-03-19,si1s,1,0.5200780642470378,10
2021-03-19,gc1s,0,0.5200780642470378,10
2021-03-19,pl1s,1,0.5200780642470378,10
2021-03-22,pl1s,1,0.5188506737177738,10
2021-03-22,si1s,0,0.5188506737177738,10
2021-03-23,pl1s,1,0.5041084720396534,10
2021-03-23,si1s,1,0.5041084720396534,10
2021-03-24,pl1s,1,0.4977915790493273,10
2021-03-24,si1s,1,0.4977915790493273,10
2021-03-25,si1s,1,0.49084388855386774,10
2021-03-25,pl1s,1,0.49084388855386774,10
2021-03-26,si1s,0,0.4959648442384638,10
2021-03-26,pl1s,0,0.4959648442384638,10
2021-03-29,pl1s,0,0.5059521643473107,10
2021-03-29,si1s,1,0.5059521643473107,10
2021-03-30,si1s,1,0.5176912623594732,10
2021-03-30,pl1s,1,0.5176912623594732,10
2021-03-31,si1s,1,0.5261600086566327,10
2021-03-31,pl1s,1,0.5261600086566327,10
2021-04-01,si1s,1,0.5099120763765188,10
2021-04-01,pl1s,1,0.5099120763765188,10
2021-04-05,si1s,1,0.5023158858362637,10
2021-04-05,pl1s,0,0.5023158858362637,10
2021-04-06,si1s,0,0.4956404806322628,10
2021-04-06,gc1s,0,0.4956404806322628,10
2021-04-07,gc1s,0,0.4922946776076148,10
2021-04-07,si1s,0,0.4922946776076148,10
2021-04-07,pl1s,0,0.4922946776076148,10
2021-04-08,pl1s,0,0.49499176470170003,10
2021-04-08,si1s,1,0.49499176470170003,10
2021-04-09,pl1s,1,0.4928750309374147,10
2021-04-09,gc1s,0,0.4928750309374147,10
2021-04-09,si1s,1,0.4928750309374147,10
2021-04-12,pl1s,1,0.4977403611544186,10
2021-04-12,si1s,1,0.4977403611544186,10
2021-04-13,pl1s,1,0.4965623648354557,10
2021-04-13,si1s,1,0.4965623648354557,10
2021-04-14,si1s,1,0.4965452926740099,10
2021-04-14,pl1s,1,0.4965452926740099,10
2021-04-15,pl1s,0,0.496255067194422,10
2021-04-16,pl1s,0,0.49021241535002374,10
2021-04-16,si1s,1,0.49021241535002374,10
2021-04-20,pl1s,1,0.4941552877822654,10
2021-04-21,si1s,1,0.4905366815991758,10
2021-04-21,pl1s,1,0.4905366815991758,10
2021-04-22,pl1s,1,0.49717696767674513,10
2021-04-23,pl1s,1,0.49987446733440183,10
2021-04-26,pl1s,1,0.4971598952518077,10
2021-04-26,si1s,0,0.4971598952518077,10
2021-04-27,si1s,0,0.5143484073825675,10
2021-04-27,pl1s,0,0.5143484073825675,10
2021-04-28,pl1s,1,0.5128470981199773,10
2021-04-28,si1s,0,0.5128470981199773,10
2021-04-29,pl1s,1,0.5200780642470378,10
2021-04-29,si1s,0,0.5200780642470378,10
2021-04-30,pl1s,1,0.5152865959199318,10
2021-04-30,si1s,1,0.5152865959199318,10
2021-05-03,pl1s,1,0.5089221955610201,10
2021-05-03,si1s,0,0.5089221955610201,10
2021-05-04,pl1s,0,0.49866228947681973,10
2021-05-04,si1s,1,0.49866228947681973,10
2021-05-05,pl1s,0,0.49623799518406725,10
2021-05-05,si1s,1,0.49623799518406725,10
2021-05-06,pl1s,0,0.4926019210006048,10
2021-05-06,si1s,0,0.4926019210006048,10
2021-05-07,pl1s,0,0.4953161206956804,10
2021-05-07,si1s,0,0.4953161206956804,10
2021-05-07,gc1s,1,0.4953161206956804,10
2021-05-10,pl1s,0,0.504398691558567,10
2021-05-10,si1s,0,0.504398691558567,10
2021-05-11,pl1s,0,0.5086491123487229,10
2021-05-11,si1s,0,0.5086491123487229,10
2021-05-12,gc1s,1,0.5250702066057391,10
2021-05-12,si1s,1,0.5250702066057391,10
2021-05-12,pl1s,0,0.5250702066057391,10
2021-05-13,pl1s,0,0.5186290368567072,10
2021-05-13,gc1s,1,0.5186290368567072,10
2021-05-13,si1s,0,0.5186290368567072,10
2021-05-14,pl1s,0,0.5124034838897797,10
2021-05-14,si1s,0,0.5124034838897797,10
2021-05-17,si1s,1,0.5116356442547116,10
2021-05-17,gc1s,1,0.5116356442547116,10
2021-05-17,pl1s,0,0.5116356442547116,10
2021-05-18,si1s,1,0.5062423617108186,10
2021-05-18,pl1s,0,0.5062423617108186,10
2021-05-18,gc1s,1,0.5062423617108186,10
2021-05-19,pl1s,0,0.5001305619161238,10
2021-05-19,si1s,1,0.5001305619161238,10
2021-05-19,gc1s,0,0.5001305619161238,10
2021-05-20,pl1s,0,0.4981159600823285,10
2021-05-20,si1s,1,0.4981159600823285,10
2021-05-20,gc1s,1,0.4981159600823285,10
2021-05-21,si1s,0,0.5024866116217822,10
2021-05-21,pl1s,1,0.5024866116217822,10
2021-05-24,si1s,0,0.4955209791615722,10
2021-05-24,pl1s,0,0.4955209791615722,10
2021-05-25,pl1s,0,0.49031481434131796,10
2021-05-25,si1s,0,0.49031481434131796,10
2021-05-26,pl1s,0,0.48737973255448064,10
2021-05-27,pl1s,0,0.5004378753119424,10
2021-05-28,gc1s,0,0.49898667414971776,10
2021-05-28,si1s,1,0.49898667414971776,10
2021-05-28,pl1s,0,0.49898667414971776,10
2021-06-01,gc1s,0,0.5117380261245785,10
2021-06-01,si1s,1,0.5117380261245785,10
2021-06-01,pl1s,0,0.5117380261245785,10
2021-06-02,si1s,1,0.5056619629731104,10
2021-06-02,pl1s,0,0.5056619629731104,10
2021-06-03,si1s,0,0.506856883179,10
2021-06-03,pl1s,0,0.506856883179,10
2021-06-04,pl1s,0,0.496664797971069,10
2021-06-07,pl1s,0,0.4992769137987597,10
2021-06-08,pl1s,0,0.4911681700593168,10
2020-08-18,si1s,0,0.321449689906327,11
2020-08-18,pl1s,1,0.36037538310683714,11
2020-08-18,gc1s,1,0.3585708264459914,11
2020-08-19,gc1s,1,0.30541641593124425,11
2020-08-19,si1s,1,0.27411293347935867,11
2020-08-19,pl1s,0,0.6752323784190828,11
2020-08-20,pl1s,0,0.5935413842206663,11
2020-08-20,gc1s,1,0.24382429575477546,11
2020-08-20,si1s,1,0.2152236848148867,11
2020-08-21,pl1s,0,0.5870962091254104,11
2020-08-21,gc1s,1,0.24374122565291054,11
2020-08-21,si1s,1,0.21657012529457512,11
2020-08-24,pl1s,0,0.6179040812442911,11
2020-08-24,gc1s,0,0.29733522716918104,11
2020-08-25,pl1s,0,0.6069101071148921,11
2020-08-25,si1s,1,0.6182165389437022,11
2020-08-26,pl1s,1,0.588219176648207,11
2020-08-27,pl1s,1,0.6551943652577601,11
2020-08-27,si1s,1,0.35405714559901663,11
2020-08-28,pl1s,0,0.463577204219891,11
2020-08-28,si1s,1,0.3285773139968878,11
2020-08-31,pl1s,1,0.6831905917985592,11
2020-08-31,si1s,1,0.28911858128261314,11
2020-09-01,si1s,1,0.2416603634134405,11
2020-09-01,pl1s,1,0.5541528775776049,11
2020-09-02,pl1s,1,0.5503883136602735,11
2020-09-02,si1s,1,0.2373912265291121,11
2020-09-03,pl1s,1,0.4694518321889857,11
2020-09-03,si1s,1,0.5156265530139598,11
2020-09-04,pl1s,0,0.5167632522474828,11
2020-09-04,si1s,0,0.5707910923684927,11
2020-09-08,pl1s,0,0.5696796038349167,11
2020-09-08,si1s,0,0.580427865793338,11
2020-09-09,pl1s,0,0.6206150430969208,11
2020-09-10,si1s,0,0.6264617534631407,11
2020-09-11,si1s,0,0.6290620798359463,11
2020-09-14,si1s,0,0.5712576558887662,11
2020-09-14,pl1s,1,0.4239254878135024,11
2020-09-15,si1s,0,0.6335271208998018,11
2020-09-15,pl1s,1,0.5310190779736768,11
2020-09-16,si1s,0,0.5761341590631082,11
2020-09-16,pl1s,0,0.7115447640550163,11
2020-09-17,pl1s,0,0.6602492687300969,11
2020-09-17,si1s,0,0.5632360190744211,11
2020-09-18,si1s,0,0.6022500327091487,11
2020-09-18,pl1s,0,0.7244300847713834,11
2020-09-21,pl1s,1,0.5994575970893468,11
2020-09-21,si1s,0,0.3452772124859598,11
2020-09-22,pl1s,1,0.5941068750810152,11
2020-09-22,si1s,1,0.385824455571392,11
2020-09-23,gc1s,1,0.6192208289436523,11
2020-09-24,gc1s,1,0.6135322539767616,11
2020-09-24,si1s,1,0.6222720798426579,11
2020-09-25,gc1s,1,0.5842544589068537,11
2020-09-25,pl1s,1,0.6184177875842743,11
2020-09-28,si1s,0,0.43637372657592255,11
2020-09-28,gc1s,1,0.5982981839613197,11
2020-09-28,pl1s,0,0.6942175717089084,11
2020-09-29,gc1s,0,0.5719578044473407,11
2020-09-29,si1s,1,0.426725440948592,11
2020-09-30,gc1s,1,0.5814400683449706,11
2020-09-30,si1s,1,0.7122258496773468,11
2020-09-30,pl1s,0,0.7035270852242715,11
2020-10-01,pl1s,0,0.6897485658358524,11
2020-10-02,pl1s,0,0.6871203335071181,11
2020-10-02,si1s,1,0.7385143389198067,11
2020-10-05,si1s,0,0.5472459181914823,11
2020-10-05,pl1s,0,0.70338833493915,11
2020-10-06,pl1s,1,0.6965160225807762,11
2020-10-06,si1s,1,0.7760458059307209,11
2020-10-07,si1s,1,0.7742389212907349,11
2020-10-07,pl1s,1,0.6919144527504834,11
2020-10-08,pl1s,1,0.7109152503359594,11
2020-10-08,si1s,1,0.8024829018275893,11
2020-10-09,si1s,1,0.5932227954167129,11
2020-10-09,pl1s,1,0.6961247618006307,11
2020-10-12,pl1s,1,0.6784070072795144,11
2020-10-12,si1s,1,0.5738661488091106,11
2020-10-13,pl1s,1,0.6522378815782427,11
2020-10-14,pl1s,1,0.6060893001992884,11
2020-10-14,si1s,1,0.5605328773776367,11
2020-10-15,pl1s,0,0.5903875995056008,11
2020-10-16,pl1s,0,0.5996878140249821,11
2020-10-16,si1s,1,0.6071393837206809,11
2020-10-19,gc1s,0,0.629427055562905,11
2020-10-19,pl1s,0,0.567781962930293,11
2020-10-19,si1s,1,0.6151688716725363,11
2020-10-20,si1s,1,0.6172799208943439,11
2020-10-20,pl1s,0,0.5090950623202721,11
2020-10-20,gc1s,0,0.6314560542155612,11
2020-10-21,gc1s,0,0.6403239908920523,11
2020-10-21,pl1s,0,0.5453042557183831,11
2020-10-21,si1s,0,0.8433394772887858,11
2020-10-22,si1s,1,0.8685787763838478,11
2020-10-22,gc1s,1,0.6876025787554597,11
2020-10-22,pl1s,1,0.5765819378955418,11
2020-10-23,pl1s,0,0.5640447693973152,11
2020-10-23,si1s,1,0.8513557399451287,11
2020-10-23,gc1s,1,0.6555218084185346,11
2020-10-26,gc1s,0,0.5965845827904193,11
2020-10-26,pl1s,0,0.5640893362341614,11
2020-10-26,si1s,0,0.823315996293848,11
2020-10-27,si1s,0,0.7795619160095258,11
2020-10-27,gc1s,0,0.596404088762863,11
2020-10-27,pl1s,1,0.5004557520629963,11
2020-10-28,si1s,1,0.6708172588540545,11
2020-10-28,gc1s,0,0.45300951828560354,11
2020-10-28,pl1s,0,0.4101290133989593,11
2020-10-29,si1s,1,0.631757122038656,11
2020-10-29,pl1s,1,0.4242560417710771,11
2020-10-29,gc1s,1,0.41588051910180157,11
2020-10-30,gc1s,1,0.4445933111431203,11
2020-10-30,pl1s,1,0.3882593432684881,11
2020-10-30,si1s,1,0.6561793329209072,11
2020-11-02,si1s,1,0.6258409924570459,11
2020-11-02,pl1s,1,0.36777641084785756,11
2020-11-03,gc1s,0,0.6523542124103595,11
2020-11-03,si1s,0,0.5618950950084965,11
2020-11-03,pl1s,1,0.4728705851852412,11
2020-11-04,gc1s,0,0.5745428151755219,11
2020-11-04,si1s,1,0.6684525079446979,11
2020-11-04,pl1s,1,0.4168484259755362,11
2020-11-05,si1s,1,0.49484563756431654,11
2020-11-05,pl1s,1,0.3808689423574602,11
2020-11-06,si1s,1,0.5515993727851796,11
2020-11-06,pl1s,1,0.43457525972928307,11
2020-11-09,pl1s,1,0.42805648514002853,11
2020-11-09,si1s,0,0.7701331902162433,11
2020-11-10,gc1s,0,0.6716075032640342,11
2020-11-10,si1s,0,0.8038119814709401,11
2020-11-10,pl1s,1,0.4897128097194951,11
2020-11-11,si1s,0,0.808485615704238,11
2020-11-11,pl1s,1,0.5145116499111775,11
2020-11-12,gc1s,0,0.6853543921949219,11
2020-11-12,si1s,0,0.8049363608569979,11
2020-11-12,pl1s,1,0.4596112297643306,11
2020-11-13,pl1s,1,0.4587607835595264,11
2020-11-13,si1s,0,0.7920034928905025,11
2020-11-16,si1s,0,0.7274002991647148,11
2020-11-16,pl1s,1,0.3424944904813423,11
2020-11-17,pl1s,1,0.3058472509064453,11
2020-11-17,si1s,1,0.4452210021090631,11
2020-11-18,pl1s,1,0.33739083355761446,11
2020-11-18,si1s,0,0.7022833460523907,11
2020-11-19,gc1s,0,0.5797912971697977,11
2020-11-19,pl1s,1,0.3546969860543935,11
2020-11-19,si1s,1,0.6928733425983172,11
2021-06-08,si1s,1,0.27942644661346383,11
2021-06-09,pl1s,0,0.4456905268497766,11
2021-06-09,si1s,1,0.24667480713805967,11
2021-06-10,si1s,1,0.2056957274107353,11
2021-06-11,pl1s,0,0.5205111828012214,11
2021-06-11,si1s,1,0.23291331020517028,11
2021-06-14,pl1s,0,0.5274035978590187,11
2021-06-14,si1s,1,0.2351650769659822,11
2021-06-15,si1s,1,0.22915906749711393,11
2021-06-15,pl1s,0,0.5646145539141544,11
2021-06-16,pl1s,0,0.5873958997576804,11
2021-06-16,si1s,1,0.23961448940313002,11
2021-06-17,si1s,1,0.5667556990986244,11
2021-06-17,pl1s,1,0.5280011258417254,11
2021-06-18,si1s,1,0.5493387654590687,11
2021-06-18,pl1s,1,0.4927799739518546,11
2021-06-21,si1s,1,0.5787342767155645,11
2021-06-21,pl1s,1,0.5215151308150706,11
2021-06-22,si1s,1,0.5703565258535044,11
2021-06-22,pl1s,1,0.5204038774851534,11
2021-06-23,si1s,0,0.5332196759251681,11
2021-06-23,pl1s,0,0.5058580627515467,11
2021-06-24,si1s,1,0.5186962801162915,11
2021-06-25,si1s,1,0.5623105256538224,11
2021-06-28,si1s,0,0.48612397215581593,11
2021-06-29,si1s,1,0.4880497057348009,11
2021-06-29,pl1s,1,0.6044370449128302,11
2021-06-30,si1s,1,0.4582288321762564,11
2021-06-30,pl1s,1,0.5880968335267953,11
2021-07-01,pl1s,1,0.5964060292348329,11
2021-07-01,si1s,0,0.4704352952792054,11
2021-07-02,si1s,1,0.27990819857411753,11
2021-07-02,pl1s,0,0.5508950498805919,11
2021-07-06,pl1s,0,0.6145269641905095,11
2021-07-06,si1s,0,0.516736504748535,11
2021-07-07,pl1s,0,0.6201794051271704,11
2021-07-08,pl1s,1,0.6007776839439247,11
2021-07-08,si1s,0,0.5760633255549956,11
2021-07-09,si1s,1,0.39444975470384874,11
2021-07-09,pl1s,0,0.6173337043799844,11
2021-07-12,pl1s,0,0.6101089671318753,11
2021-07-12,si1s,1,0.3952969709002211,11
2021-07-13,si1s,1,0.47381048848059587,11
2021-07-13,pl1s,0,0.686120518518041,11
2021-07-14,pl1s,0,0.6512528812341911,11
2021-07-15,pl1s,0,0.6523896804343059,11
2021-07-15,si1s,1,0.5103778407546792,11
2021-07-16,si1s,1,0.42112725407427753,11
2021-07-16,pl1s,0,0.5233320480720363,11
2021-07-19,pl1s,0,0.42891306836785514,11
2021-07-19,si1s,0,0.2933956399785905,11
2021-07-20,pl1s,0,0.39335246647058963,11
2021-07-20,si1s,1,0.5365858399172986,11
2021-07-21,pl1s,0,0.45792645755627104,11
2021-07-21,si1s,1,0.5964592130593398,11
2021-07-22,si1s,0,0.5985091071683204,11
2021-07-22,pl1s,0,0.45761764408091604,11
2021-07-23,pl1s,0,0.4834192239296216,11
2021-07-23,si1s,0,0.5949804720559024,11
2021-07-26,si1s,0,0.6289884419387359,11
2021-07-26,pl1s,0,0.5066572168782552,11
2021-07-27,si1s,0,0.4947975838467017,11
2021-07-27,pl1s,0,0.45595412291562687,11
2021-07-28,pl1s,0,0.39740659524170957,11
2021-07-28,si1s,0,0.45183742909989405,11
2021-07-29,si1s,0,0.5060130873206491,11
2021-07-29,pl1s,0,0.39989903740996785,11
2021-07-30,si1s,0,0.49821535951629053,11
2021-07-30,pl1s,0,0.34803236558687345,11
2021-08-02,si1s,0,0.4653796354879003,11
2021-08-02,pl1s,0,0.2995931302548658,11
2021-08-03,pl1s,0,0.33251594806445567,11
2021-08-03,si1s,0,0.48888956957284724,11
2021-08-03,gc1s,1,0.26685828132249784,11
2021-08-04,si1s,0,0.44771777161891707,11
2021-08-04,gc1s,1,0.2413952313399828,11
2021-08-04,pl1s,0,0.3235071550020198,11
2021-08-05,si1s,0,0.4448881101349587,11
2021-08-06,si1s,0,0.47181411053364664,11
2021-08-09,si1s,1,0.43772113259653833,11
2021-08-09,pl1s,1,0.6419239402617282,11
2021-08-09,gc1s,1,0.595611304318564,11
2021-08-10,gc1s,1,0.6219317411799179,11
2021-08-10,pl1s,1,0.6493534244609459,11
2021-08-10,si1s,1,0.4836541250915571,11
2021-08-11,gc1s,1,0.6258048074720014,11
2021-08-11,pl1s,0,0.6558391825640677,11
2021-08-11,si1s,1,0.49059543520089155,11
2021-08-12,gc1s,1,0.6251300759747536,11
2021-08-12,si1s,1,0.48247691103073514,11
2021-08-13,si1s,1,0.41480159244417963,11
2021-08-16,si1s,1,0.39782569748766883,11
2021-08-16,pl1s,0,0.6292261105263554,11
2021-08-17,si1s,1,0.3617700865968964,11
2021-08-17,pl1s,1,0.5810388309435576,11
2021-08-18,pl1s,1,0.5700628766464425,11
2021-08-18,si1s,1,0.324332255130417,11
2021-08-19,pl1s,1,0.5472759563529087,11
2021-08-19,si1s,1,0.3030179146071124,11
2021-08-20,pl1s,1,0.6105922773578568,11
2021-08-20,si1s,1,0.3405504253563466,11
2021-08-23,pl1s,0,0.6457391000013658,11
2021-08-23,si1s,1,0.34813401936414634,11
2021-08-24,pl1s,1,0.477154326796643,11
2021-08-24,si1s,1,0.3792367347893521,11
2021-08-25,pl1s,0,0.7573183351618065,11
2021-08-25,si1s,1,0.4286895140312909,11
2021-08-26,si1s,1,0.4791129046287132,11
2021-08-26,pl1s,0,0.7545227987670137,11
2021-08-27,si1s,1,0.48936514186941904,11
2021-08-27,pl1s,0,0.675977865097088,11
2021-08-30,si1s,1,0.5015942478124297,11
2021-08-30,pl1s,0,0.666918487745909,11
2021-08-31,pl1s,0,0.6681045842190607,11
2021-08-31,si1s,1,0.5139025897951999,11
2021-09-01,si1s,1,0.4516045770837656,11
2021-09-01,pl1s,0,0.6275900108908825,11
2021-09-02,pl1s,0,0.5932828492726183,11
2021-09-02,si1s,1,0.4488297916528317,11
2021-09-03,pl1s,0,0.6501912082255894,11
2021-09-03,si1s,1,0.3794559664632682,11
2021-09-07,pl1s,0,0.7466680327717943,11
2021-09-07,si1s,1,0.49351149668860606,11
2021-09-08,si1s,1,0.46776082546218417,11
2021-09-08,pl1s,0,0.6606836599574671,11
2021-09-09,si1s,1,0.4203012900696523,11
2021-09-09,pl1s,0,0.6210917406781493,11
2021-09-10,si1s,0,0.7072252754196345,11
2021-09-10,pl1s,0,0.5965283372639278,11
2021-09-13,pl1s,0,0.5798489396132762,11
2021-09-13,si1s,0,0.7137979458991548,11
2021-09-14,pl1s,1,0.49573629934466074,11
2021-09-14,si1s,0,0.5994282191948851,11
2021-09-15,si1s,0,0.6364738885712121,11
2021-09-15,pl1s,1,0.4961055934775797,11
2021-09-16,si1s,0,0.6516707927521848,11
2021-09-16,pl1s,1,0.5297905469439387,11
2021-09-17,si1s,1,0.599223706190648,11
2021-09-17,pl1s,1,0.493606657129786,11
2021-09-20,si1s,1,0.529435408878394,11
2021-09-20,pl1s,1,0.41592269662308473,11
2021-09-20,gc1s,1,0.5049172437281959,11
2021-09-21,pl1s,1,0.4485129581238863,11
2021-09-21,gc1s,0,0.5244815738132824,11
2021-09-21,si1s,0,0.5658884476967664,11
2021-09-22,si1s,0,0.5417953183817789,11
2021-09-22,gc1s,0,0.5027429301089095,11
2020-11-20,si1s,1,0.49201136431724213,12
2020-11-20,pl1s,1,0.49201136431724213,12
2020-11-23,gc1s,1,0.4949461838120522,12
2020-11-23,pl1s,1,0.4949461838120522,12
2020-11-23,si1s,1,0.4949461838120522,12
2020-11-24,gc1s,1,0.5065776897257168,12
2020-11-24,si1s,1,0.5065776897257168,12
2020-11-24,pl1s,1,0.5065776897257168,12
2020-11-25,si1s,1,0.5047325864624077,12
2020-11-25,gc1s,1,0.5047325864624077,12
2020-11-27,si1s,1,0.5050459512493266,12
2020-11-27,gc1s,1,0.5050459512493266,12
2020-11-30,si1s,1,0.5010306694107596,12
2020-11-30,gc1s,1,0.5010306694107596,12
2020-12-01,gc1s,1,0.510396187758943,12
2020-12-01,pl1s,0,0.510396187758943,12
2020-12-02,gc1s,1,0.5117765883739491,12
2020-12-02,pl1s,0,0.5117765883739491,12
2020-12-03,pl1s,0,0.5071627140478371,12
2020-12-03,si1s,1,0.5071627140478371,12
2020-12-04,pl1s,1,0.5227963707552978,12
2020-12-04,si1s,1,0.5227963707552978,12
2020-12-07,pl1s,1,0.5155999865006268,12
2020-12-07,si1s,1,0.5155999865006268,12
2020-12-08,pl1s,1,0.5011564091351738,12
2020-12-08,si1s,1,0.5011564091351738,12
2020-12-09,si1s,1,0.5023154100939039,12
2020-12-09,pl1s,1,0.5023154100939039,12
2020-12-10,si1s,1,0.5026850182912885,12
2020-12-10,pl1s,0,0.5026850182912885,12
2020-12-11,pl1s,0,0.4918631539905135,12
2020-12-11,si1s,1,0.4918631539905135,12
2020-12-14,gc1s,1,0.49832588338667794,12
2020-12-14,si1s,1,0.49832588338667794,12
2020-12-14,pl1s,0,0.49832588338667794,12
2020-12-15,si1s,1,0.5016264376982217,12
2020-12-15,pl1s,0,0.5016264376982217,12
2020-12-15,gc1s,1,0.5016264376982217,12
2020-12-16,si1s,1,0.500557981161943,12
2020-12-16,pl1s,0,0.500557981161943,12
2020-12-16,gc1s,1,0.500557981161943,12
2020-12-17,si1s,1,0.5074570595165966,12
2020-12-17,pl1s,0,0.5074570595165966,12
2020-12-18,si1s,1,0.5112457485966239,12
2020-12-18,pl1s,0,0.5112457485966239,12
2020-12-21,pl1s,0,0.5097568511562596,12
2020-12-21,si1s,1,0.5097568511562596,12
2020-12-22,si1s,1,0.5045641813217235,12
2020-12-22,pl1s,0,0.5045641813217235,12
2020-12-23,pl1s,0,0.5073438626077796,12
2020-12-23,si1s,0,0.5073438626077796,12
2020-12-24,si1s,0,0.5018978062242085,12
2020-12-24,gc1s,0,0.5018978062242085,12
2020-12-24,pl1s,0,0.5018978062242085,12
2020-12-28,si1s,1,0.5015741858034936,12
2020-12-28,pl1s,0,0.5015741858034936,12
2020-12-28,gc1s,0,0.5015741858034936,12
2020-12-29,gc1s,0,0.5063800872835783,12
2020-12-29,si1s,0,0.5063800872835783,12
2020-12-29,pl1s,0,0.5063800872835783,12
2020-12-30,si1s,0,0.4999513227487181,12
2020-12-30,pl1s,0,0.4999513227487181,12
2020-12-30,gc1s,0,0.4999513227487181,12
2020-12-31,si1s,0,0.5014587959246122,12
2020-12-31,pl1s,0,0.5014587959246122,12
2020-12-31,gc1s,0,0.5014587959246122,12
2021-01-04,si1s,1,0.5012812925135157,12
2021-01-04,gc1s,0,0.5012812925135157,12
2021-01-04,pl1s,1,0.5012812925135157,12
2021-01-05,si1s,1,0.5058596816713704,12
2021-01-05,pl1s,0,0.5058596816713704,12
2021-01-07,pl1s,1,0.5284864846447137,12
2021-01-08,pl1s,1,0.5338565280777847,12
2021-01-08,si1s,0,0.5338565280777847,12
2021-01-11,pl1s,1,0.5389986823726235,12
2021-01-12,pl1s,0,0.5302748082476954,12
2021-01-12,si1s,1,0.5302748082476954,12
2021-01-13,si1s,0,0.5102709889432625,12
2021-01-13,pl1s,1,0.5102709889432625,12
2021-01-14,pl1s,1,0.510314098112513,12
2021-01-14,si1s,0,0.510314098112513,12
2021-01-15,pl1s,0,0.4981494454796007,12
2021-01-15,si1s,0,0.4981494454796007,12
2021-01-19,pl1s,0,0.49651128103696557,12
2021-01-19,si1s,0,0.49651128103696557,12
2021-01-20,pl1s,1,0.5026301900485974,12
2021-01-20,gc1s,1,0.5026301900485974,12
2021-01-20,si1s,0,0.5026301900485974,12
2021-01-21,si1s,0,0.5001766216437858,12
2021-01-21,gc1s,1,0.5001766216437858,12
2021-01-21,pl1s,1,0.5001766216437858,12
2021-01-22,si1s,0,0.5037536839983738,12
2021-01-22,pl1s,0,0.5037536839983738,12
2021-01-25,si1s,0,0.49483477476943255,12
2021-01-25,pl1s,0,0.49483477476943255,12
2021-01-26,si1s,0,0.49500751509825364,12
2021-01-26,pl1s,0,0.49500751509825364,12
2021-01-27,si1s,0,0.49338155375677195,12
2021-01-28,si1s,0,0.4936043573684383,12
2021-01-28,pl1s,1,0.4936043573684383,12
2021-01-29,pl1s,1,0.5000941285842079,12
2021-02-01,si1s,1,0.5109252274610107,12
2021-02-01,pl1s,0,0.5109252274610107,12
2021-02-02,pl1s,1,0.5128049428529214,12
2021-02-03,si1s,1,0.5221088168307711,12
2021-02-04,si1s,1,0.5181013495745496,12
2021-02-04,pl1s,1,0.5181013495745496,12
2021-02-04,gc1s,0,0.5181013495745496,12
2021-02-05,si1s,1,0.5185070024547691,12
2021-02-05,pl1s,1,0.5185070024547691,12
2021-02-08,pl1s,1,0.5175147506632238,12
2021-02-08,si1s,0,0.5175147506632238,12
2021-02-09,si1s,0,0.5126304566850489,12
2021-02-09,pl1s,0,0.5126304566850489,12
2021-02-10,pl1s,1,0.5011833358727421,12
2021-02-10,si1s,0,0.5011833358727421,12
2021-02-11,pl1s,1,0.5067029598809796,12
2021-02-11,si1s,1,0.5067029598809796,12
2021-02-12,pl1s,1,0.5100387502446275,12
2021-02-12,si1s,1,0.5100387502446275,12
2021-02-16,si1s,1,0.5276442226791564,12
2021-02-16,pl1s,1,0.5276442226791564,12
2021-02-17,si1s,1,0.5259404155964766,12
2021-02-17,pl1s,1,0.5259404155964766,12
2021-02-18,pl1s,1,0.5240628347321629,12
2021-02-18,si1s,1,0.5240628347321629,12
2021-02-19,gc1s,0,0.5235434909016798,12
2021-02-19,pl1s,1,0.5235434909016798,12
2021-02-19,si1s,1,0.5235434909016798,12
2021-02-22,si1s,1,0.5270637759122277,12
2021-02-22,pl1s,1,0.5270637759122277,12
2021-02-23,si1s,1,0.5075918144257613,12
2021-02-23,pl1s,1,0.5075918144257613,12
2021-02-24,si1s,0,0.5195395965806847,12
2021-02-24,pl1s,1,0.5195395965806847,12
2021-02-25,pl1s,1,0.5377920352592535,12
2021-02-26,gc1s,0,0.5138474178006833,12
2021-02-26,pl1s,0,0.5138474178006833,12
2021-02-26,si1s,1,0.5138474178006833,12
2021-03-01,pl1s,0,0.5109387643069114,12
2021-03-01,si1s,1,0.5109387643069114,12
2021-03-01,gc1s,1,0.5109387643069114,12
2021-03-02,gc1s,0,0.5102403530685897,12
2021-03-02,si1s,0,0.5102403530685897,12
2021-03-02,pl1s,0,0.5102403530685897,12
2021-03-03,gc1s,1,0.5190520017354968,12
2021-03-03,si1s,0,0.5190520017354968,12
2021-03-03,pl1s,1,0.5190520017354968,12
2021-03-04,gc1s,1,0.5089730029415127,12
2021-03-04,si1s,0,0.5089730029415127,12
2021-03-04,pl1s,1,0.5089730029415127,12
2021-03-05,pl1s,1,0.5268500659733862,12
2021-03-05,si1s,0,0.5268500659733862,12
2021-03-05,gc1s,1,0.5268500659733862,12
2021-03-08,gc1s,1,0.5296892491175643,12
2021-03-08,si1s,0,0.5296892491175643,12
2021-03-08,pl1s,1,0.5296892491175643,12
2021-03-09,pl1s,0,0.5238362159922088,12
2021-03-09,gc1s,1,0.5238362159922088,12
2021-03-09,si1s,1,0.5238362159922088,12
2021-03-10,gc1s,1,0.5084423708976522,12
2021-03-10,si1s,1,0.5084423708976522,12
2021-03-10,pl1s,0,0.5084423708976522,12
2021-03-11,pl1s,0,0.49887815593851353,12
2021-03-11,gc1s,1,0.49887815593851353,12
2021-03-11,si1s,1,0.49887815593851353,12
2021-03-12,si1s,0,0.511882874677074,12
2021-03-12,gc1s,1,0.511882874677074,12
2021-03-12,pl1s,0,0.511882874677074,12
2021-03-15,gc1s,0,0.5048027542275715,12
2021-03-15,pl1s,0,0.5048027542275715,12
2021-03-15,si1s,1,0.5048027542275715,12
2021-03-16,gc1s,0,0.5165155322483838,12
2021-03-16,pl1s,0,0.5165155322483838,12
2021-03-16,si1s,0,0.5165155322483838,12
2021-03-17,gc1s,0,0.5220563785679337,12
2021-03-17,pl1s,0,0.5220563785679337,12
2021-03-17,si1s,0,0.5220563785679337,12
2021-03-18,gc1s,0,0.5294439039255637,12
2021-03-18,pl1s,0,0.5294439039255637,12
2021-03-18,si1s,1,0.5294439039255637,12
2021-03-19,si1s,1,0.5176815306614218,12
2021-03-19,gc1s,0,0.5176815306614218,12
2021-03-19,pl1s,1,0.5176815306614218,12
2021-03-22,pl1s,1,0.5167128698701703,12
2021-03-22,si1s,0,0.5167128698701703,12
2021-03-23,pl1s,1,0.5035035208041151,12
2021-03-23,si1s,1,0.5035035208041151,12
2021-03-24,pl1s,1,0.49740032423002717,12
2021-03-24,si1s,1,0.49740032423002717,12
2021-03-25,si1s,1,0.4907341051283879,12
2021-03-25,pl1s,1,0.4907341051283879,12
2021-03-26,si1s,0,0.4958965576249917,12
2021-03-26,pl1s,0,0.4958965576249917,12
2021-03-29,pl1s,0,0.505101103617556,12
2021-03-29,si1s,1,0.505101103617556,12
2021-03-30,si1s,1,0.5160108077404755,12
2021-03-30,pl1s,1,0.5160108077404755,12
2021-03-31,si1s,1,0.5235012733675105,12
2021-03-31,pl1s,1,0.5235012733675105,12
2021-04-01,si1s,1,0.509195979103009,12
2021-04-01,pl1s,1,0.509195979103009,12
2021-04-05,si1s,1,0.501881765649146,12
2021-04-05,pl1s,0,0.501881765649146,12
2021-04-06,si1s,0,0.4958289654692557,12
2021-04-06,gc1s,0,0.4958289654692557,12
2021-04-07,gc1s,0,0.49287430119207687,12
2021-04-07,si1s,0,0.49287430119207687,12
2021-04-07,pl1s,0,0.49287430119207687,12
2021-04-08,pl1s,0,0.49547684828927496,12
2021-04-08,si1s,1,0.49547684828927496,12
2021-04-09,pl1s,1,0.4939454024588873,12
2021-04-09,gc1s,0,0.4939454024588873,12
2021-04-09,si1s,1,0.4939454024588873,12
2021-04-12,pl1s,1,0.4983119320909985,12
2021-04-12,si1s,1,0.4983119320909985,12
2021-04-13,pl1s,1,0.49717012577270703,12
2021-04-13,si1s,1,0.49717012577270703,12
2021-04-14,si1s,1,0.49756931628472467,12
2021-04-14,pl1s,1,0.49756931628472467,12
2021-04-15,pl1s,0,0.4971175068652464,12
2021-04-16,pl1s,0,0.49176735172238606,12
2021-04-16,si1s,1,0.49176735172238606,12
2021-04-20,pl1s,1,0.4951177805010287,12
2021-04-21,si1s,1,0.49160818089090447,12
2021-04-21,pl1s,1,0.49160818089090447,12
2021-04-22,pl1s,1,0.4978473098422686,12
2021-04-23,pl1s,1,0.49988810436202985,12
2021-04-26,pl1s,1,0.4972801102239258,12
2021-04-26,si1s,0,0.4972801102239258,12
2021-04-27,si1s,0,0.5126640694295171,12
2021-04-27,pl1s,0,0.5126640694295171,12
2021-04-28,pl1s,1,0.5115243398651087,12
2021-04-28,si1s,0,0.5115243398651087,12
2021-04-29,pl1s,1,0.518144420359942,12
2021-04-29,si1s,0,0.518144420359942,12
2021-04-30,pl1s,1,0.5139010617335328,12
2021-04-30,si1s,1,0.5139010617335328,12
2021-05-03,pl1s,1,0.5082586181753911,12
2021-05-03,si1s,0,0.5082586181753911,12
2021-05-04,pl1s,0,0.4988839671443285,12
2021-05-04,si1s,1,0.4988839671443285,12
2021-05-05,pl1s,0,0.4966785085168096,12
2021-05-05,si1s,1,0.4966785085168096,12
2021-05-06,pl1s,0,0.49314381935564106,12
2021-05-06,si1s,0,0.49314381935564106,12
2021-05-07,pl1s,0,0.4957120701769355,12
2021-05-07,si1s,0,0.4957120701769355,12
2021-05-07,gc1s,1,0.4957120701769355,12
2021-05-10,pl1s,0,0.5037285196173377,12
2021-05-10,si1s,0,0.5037285196173377,12
2021-05-11,pl1s,0,0.5082951081162386,12
2021-05-11,si1s,0,0.5082951081162386,12
2021-05-12,gc1s,1,0.5229778329437489,12
2021-05-12,si1s,1,0.5229778329437489,12
2021-05-12,pl1s,0,0.5229778329437489,12
2021-05-13,pl1s,0,0.5173261011052983,12
2021-05-13,gc1s,1,0.5173261011052983,12
2021-05-13,si1s,0,0.5173261011052983,12
2021-05-14,pl1s,0,0.5116772529715827,12
2021-05-14,si1s,0,0.5116772529715827,12
2021-05-17,si1s,1,0.5111120946510075,12
2021-05-17,gc1s,1,0.5111120946510075,12
2021-05-17,pl1s,0,0.5111120946510075,12
2021-05-18,si1s,1,0.5059965771485506,12
2021-05-18,pl1s,0,0.5059965771485506,12
2021-05-18,gc1s,1,0.5059965771485506,12
2021-05-19,pl1s,0,0.5001916377399435,12
2021-05-19,si1s,1,0.5001916377399435,12
2021-05-19,gc1s,0,0.5001916377399435,12
2021-05-20,pl1s,0,0.49840473360297727,12
2021-05-20,si1s,1,0.49840473360297727,12
2021-05-20,gc1s,1,0.49840473360297727,12
2021-05-21,si1s,0,0.5021202757914004,12
2021-05-21,pl1s,1,0.5021202757914004,12
2021-05-24,si1s,0,0.4957734431429587,12
2021-05-24,pl1s,0,0.4957734431429587,12
2021-05-25,pl1s,0,0.4908220512458663,12
2021-05-25,si1s,0,0.4908220512458663,12
2021-05-26,pl1s,0,0.48793190109189843,12
2021-05-27,pl1s,0,0.49971174416879877,12
2021-05-28,gc1s,0,0.49853738850682583,12
2021-05-28,si1s,1,0.49853738850682583,12
2021-05-28,pl1s,0,0.49853738850682583,12
2021-06-01,gc1s,0,0.5101373637711913,12
2021-06-01,si1s,1,0.5101373637711913,12
2021-06-01,pl1s,0,0.5101373637711913,12
2021-06-02,si1s,1,0.5049944404016897,12
2021-06-02,pl1s,0,0.5049944404016897,12
2021-06-03,si1s,0,0.505855303876682,12
2021-06-03,pl1s,0,0.505855303876682,12
2021-06-04,pl1s,0,0.49672748500519387,12
2021-06-07,pl1s,0,0.4992061574518284,12
2021-06-08,pl1s,0,0.49174808228269706,12
2020-11-20,si1s,1,0.5011824704358987,13
2020-11-20,pl1s,1,0.5011824704358987,13
2020-11-23,gc1s,1,0.5011824704358987,13
2020-11-23,pl1s,1,0.5011824704358987,13
2020-11-23,si1s,1,0.5011824704358987,13
2020-11-24,gc1s,1,0.5011824704358987,13
2020-11-24,si1s,1,0.5011824704358987,13
2020-11-24,pl1s,1,0.5011824704358987,13
2020-11-25,si1s,1,0.5011824704358987,13
2020-11-25,gc1s,1,0.5011824704358987,13
2020-11-27,si1s,1,0.5011824704358987,13
2020-11-27,gc1s,1,0.5011824704358987,13
2020-11-30,si1s,1,0.5011824704358987,13
2020-11-30,gc1s,1,0.5011824704358987,13
2020-12-01,gc1s,1,0.5011824704358987,13
2020-12-01,pl1s,0,0.5011824704358987,13
2020-12-02,gc1s,1,0.5011824704358987,13
2020-12-02,pl1s,0,0.5011824704358987,13
2020-12-03,pl1s,0,0.5011824704358987,13
2020-12-03,si1s,1,0.5011824704358987,13
2020-12-04,pl1s,1,0.5011824704358987,13
2020-12-04,si1s,1,0.5011824704358987,13
2020-12-07,pl1s,1,0.5011824704358987,13
2020-12-07,si1s,1,0.5011824704358987,13
2020-12-08,pl1s,1,0.5011824704358987,13
2020-12-08,si1s,1,0.5011824704358987,13
2020-12-09,si1s,1,0.5011824704358987,13
2020-12-09,pl1s,1,0.5011824704358987,13
2020-12-10,si1s,1,0.5011824704358987,13
2020-12-10,pl1s,0,0.5011824704358987,13
2020-12-11,pl1s,0,0.5011824704358987,13
2020-12-11,si1s,1,0.5011824704358987,13
2020-12-14,gc1s,1,0.5011824704358987,13
2020-12-14,si1s,1,0.5011824704358987,13
2020-12-14,pl1s,0,0.5011824704358987,13
2020-12-15,si1s,1,0.5011824704358987,13
2020-12-15,pl1s,0,0.5011824704358987,13
2020-12-15,gc1s,1,0.5011824704358987,13
2020-12-16,si1s,1,0.5011824704358987,13
2020-12-16,pl1s,0,0.5011824704358987,13
2020-12-16,gc1s,1,0.5011824704358987,13
2020-12-17,si1s,1,0.5011824704358987,13
2020-12-17,pl1s,0,0.5011824704358987,13
2020-12-18,si1s,1,0.5011824704358987,13
2020-12-18,pl1s,0,0.5011824704358987,13
2020-12-21,pl1s,0,0.5011824704358987,13
2020-12-21,si1s,1,0.5011824704358987,13
2020-12-22,si1s,1,0.5011824704358987,13
2020-12-22,pl1s,0,0.5011824704358987,13
2020-12-23,pl1s,0,0.5011824704358987,13
2020-12-23,si1s,0,0.5011824704358987,13
2020-12-24,si1s,0,0.5011824704358987,13
2020-12-24,gc1s,0,0.5011824704358987,13
2020-12-24,pl1s,0,0.5011824704358987,13
2020-12-28,si1s,1,0.5011824704358987,13
2020-12-28,pl1s,0,0.5011824704358987,13
2020-12-28,gc1s,0,0.5011824704358987,13
2020-12-29,gc1s,0,0.5011824704358987,13
2020-12-29,si1s,0,0.5011824704358987,13
2020-12-29,pl1s,0,0.5011824704358987,13
2020-12-30,si1s,0,0.5011824704358987,13
2020-12-30,pl1s,0,0.5011824704358987,13
2020-12-30,gc1s,0,0.5011824704358987,13
2020-12-31,si1s,0,0.5011824704358987,13
2020-12-31,pl1s,0,0.5011824704358987,13
2020-12-31,gc1s,0,0.5011824704358987,13
2021-01-04,si1s,1,0.5011824704358987,13
2021-01-04,gc1s,0,0.5011824704358987,13
2021-01-04,pl1s,1,0.5011824704358987,13
2021-01-05,si1s,1,0.5011824704358987,13
2021-01-05,pl1s,0,0.5011824704358987,13
2021-01-07,pl1s,1,0.5011824704358987,13
2021-01-08,pl1s,1,0.5011824704358987,13
2021-01-08,si1s,0,0.5011824704358987,13
2021-01-11,pl1s,1,0.5011824704358987,13
2021-01-12,pl1s,0,0.5011824704358987,13
2021-01-12,si1s,1,0.5011824704358987,13
2021-01-13,si1s,0,0.5011824704358987,13
2021-01-13,pl1s,1,0.5011824704358987,13
2021-01-14,pl1s,1,0.5011824704358987,13
2021-01-14,si1s,0,0.5011824704358987,13
2021-01-15,pl1s,0,0.5011824704358987,13
2021-01-15,si1s,0,0.5011824704358987,13
2021-01-19,pl1s,0,0.5011824704358987,13
2021-01-19,si1s,0,0.5011824704358987,13
2021-01-20,pl1s,1,0.5011824704358987,13
2021-01-20,gc1s,1,0.5011824704358987,13
2021-01-20,si1s,0,0.5011824704358987,13
2021-01-21,si1s,0,0.5011824704358987,13
2021-01-21,gc1s,1,0.5011824704358987,13
2021-01-21,pl1s,1,0.5011824704358987,13
2021-01-22,si1s,0,0.5011824704358987,13
2021-01-22,pl1s,0,0.5011824704358987,13
2021-01-25,si1s,0,0.5011824704358987,13
2021-01-25,pl1s,0,0.5011824704358987,13
2021-01-26,si1s,0,0.5011824704358987,13
2021-01-26,pl1s,0,0.5011824704358987,13
2021-01-27,si1s,0,0.5011824704358987,13
2021-01-28,si1s,0,0.5011824704358987,13
2021-01-28,pl1s,1,0.5011824704358987,13
2021-01-29,pl1s,1,0.5011824704358987,13
2021-02-01,si1s,1,0.5011824704358987,13
2021-02-01,pl1s,0,0.5011824704358987,13
2021-02-02,pl1s,1,0.5011824704358987,13
2021-02-03,si1s,1,0.5011824704358987,13
2021-02-04,si1s,1,0.5011824704358987,13
2021-02-04,pl1s,1,0.5011824704358987,13
2021-02-04,gc1s,0,0.5011824704358987,13
2021-02-05,si1s,1,0.5011824704358987,13
2021-02-05,pl1s,1,0.5011824704358987,13
2021-02-08,pl1s,1,0.5011824704358987,13
2021-02-08,si1s,0,0.5011824704358987,13
2021-02-09,si1s,0,0.5011824704358987,13
2021-02-09,pl1s,0,0.5011824704358987,13
2021-02-10,pl1s,1,0.5011824704358987,13
2021-02-10,si1s,0,0.5011824704358987,13
2021-02-11,pl1s,1,0.5011824704358987,13
2021-02-11,si1s,1,0.5011824704358987,13
2021-02-12,pl1s,1,0.5011824704358987,13
2021-02-12,si1s,1,0.5011824704358987,13
2021-02-16,si1s,1,0.5011824704358987,13
2021-02-16,pl1s,1,0.5011824704358987,13
2021-02-17,si1s,1,0.5011824704358987,13
2021-02-17,pl1s,1,0.5011824704358987,13
2021-02-18,pl1s,1,0.5011824704358987,13
2021-02-18,si1s,1,0.5011824704358987,13
2021-02-19,gc1s,0,0.5011824704358987,13
2021-02-19,pl1s,1,0.5011824704358987,13
2021-02-19,si1s,1,0.5011824704358987,13
2021-02-22,si1s,1,0.5011824704358987,13
2021-02-22,pl1s,1,0.5011824704358987,13
2021-02-23,si1s,1,0.5011824704358987,13
2021-02-23,pl1s,1,0.5011824704358987,13
2021-02-24,si1s,0,0.5011824704358987,13
2021-02-24,pl1s,1,0.5011824704358987,13
2021-02-25,pl1s,1,0.5011824704358987,13
2021-02-26,gc1s,0,0.5011824704358987,13
2021-02-26,pl1s,0,0.5011824704358987,13
2021-02-26,si1s,1,0.5011824704358987,13
2021-03-01,pl1s,0,0.5011824704358987,13
2021-03-01,si1s,1,0.5011824704358987,13
2021-03-01,gc1s,1,0.5011824704358987,13
2021-03-02,gc1s,0,0.5011824704358987,13
2021-03-02,si1s,0,0.5011824704358987,13
2021-03-02,pl1s,0,0.5011824704358987,13
2021-03-03,gc1s,1,0.5011824704358987,13
2021-03-03,si1s,0,0.5011824704358987,13
2021-06-08,si1s,1,0.5011824704358987,13
2021-06-09,pl1s,0,0.5011824704358987,13
2021-06-09,si1s,1,0.5011824704358987,13
2021-06-10,si1s,1,0.5011824704358987,13
2021-06-11,pl1s,0,0.5011824704358987,13
2021-06-11,si1s,1,0.5011824704358987,13
2021-06-14,pl1s,0,0.5011824704358987,13
2021-06-14,si1s,1,0.5011824704358987,13
2021-06-15,si1s,1,0.5011824704358987,13
2021-06-15,pl1s,0,0.5011824704358987,13
2021-06-16,pl1s,0,0.5011824704358987,13
2021-06-16,si1s,1,0.5011824704358987,13
2021-06-17,si1s,1,0.5011824704358987,13
2021-06-17,pl1s,1,0.5011824704358987,13
2021-06-18,si1s,1,0.5011824704358987,13
2021-06-18,pl1s,1,0.5011824704358987,13
2021-06-21,si1s,1,0.5011824704358987,13
2021-06-21,pl1s,1,0.5011824704358987,13
2021-06-22,si1s,1,0.5011824704358987,13
2021-06-22,pl1s,1,0.5011824704358987,13
2021-06-23,si1s,0,0.5011824704358987,13
2021-06-23,pl1s,0,0.5011824704358987,13
2021-06-24,si1s,1,0.5011824704358987,13
2021-06-25,si1s,1,0.5011824704358987,13
2021-06-28,si1s,0,0.5011824704358987,13
2021-06-29,si1s,1,0.5011824704358987,13
2021-06-29,pl1s,1,0.5011824704358987,13
2021-06-30,si1s,1,0.5011824704358987,13
2021-06-30,pl1s,1,0.5011824704358987,13
2021-07-01,pl1s,1,0.5011824704358987,13
2021-07-01,si1s,0,0.5011824704358987,13
2021-07-02,si1s,1,0.5011824704358987,13
2021-07-02,pl1s,0,0.5011824704358987,13
2021-07-06,pl1s,0,0.5011824704358987,13
2021-07-06,si1s,0,0.5011824704358987,13
2021-07-07,pl1s,0,0.5011824704358987,13
2021-07-08,pl1s,1,0.5011824704358987,13
2021-07-08,si1s,0,0.5011824704358987,13
2021-07-09,si1s,1,0.5011824704358987,13
2021-07-09,pl1s,0,0.5011824704358987,13
2021-07-12,pl1s,0,0.5011824704358987,13
2021-07-12,si1s,1,0.5011824704358987,13
2021-07-13,si1s,1,0.5011824704358987,13
2021-07-13,pl1s,0,0.5011824704358987,13
2021-07-14,pl1s,0,0.5011824704358987,13
2021-07-15,pl1s,0,0.5011824704358987,13
2021-07-15,si1s,1,0.5011824704358987,13
2021-07-16,si1s,1,0.5011824704358987,13
2021-07-16,pl1s,0,0.5011824704358987,13
2021-07-19,pl1s,0,0.5011824704358987,13
2021-07-19,si1s,0,0.5011824704358987,13
2021-07-20,pl1s,0,0.5011824704358987,13
2021-07-20,si1s,1,0.5011824704358987,13
2021-07-21,pl1s,0,0.5011824704358987,13
2021-07-21,si1s,1,0.5011824704358987,13
2021-07-22,si1s,0,0.5011824704358987,13
2021-07-22,pl1s,0,0.5011824704358987,13
2021-07-23,pl1s,0,0.5011824704358987,13
2021-07-23,si1s,0,0.5011824704358987,13
2021-07-26,si1s,0,0.5011824704358987,13
2021-07-26,pl1s,0,0.5011824704358987,13
2021-07-27,si1s,0,0.5011824704358987,13
2021-07-27,pl1s,0,0.5011824704358987,13
2021-07-28,pl1s,0,0.5011824704358987,13
2021-07-28,si1s,0,0.5011824704358987,13
2021-07-29,si1s,0,0.5011824704358987,13
2021-07-29,pl1s,0,0.5011824704358987,13
2021-07-30,si1s,0,0.5011824704358987,13
2021-07-30,pl1s,0,0.5011824704358987,13
2021-08-02,si1s,0,0.5011824704358987,13
2021-08-02,pl1s,0,0.5011824704358987,13
2021-08-03,pl1s,0,0.5011824704358987,13
2021-08-03,si1s,0,0.5011824704358987,13
2021-08-03,gc1s,1,0.5011824704358987,13
2021-08-04,si1s,0,0.5011824704358987,13
2021-08-04,gc1s,1,0.5011824704358987,13
2021-08-04,pl1s,0,0.5011824704358987,13
2021-08-05,si1s,0,0.5011824704358987,13
2021-08-06,si1s,0,0.5011824704358987,13
2021-08-09,si1s,1,0.5011824704358987,13
2021-08-09,pl1s,1,0.5011824704358987,13
2021-08-09,gc1s,1,0.5011824704358987,13
2021-08-10,gc1s,1,0.5011824704358987,13
2021-08-10,pl1s,1,0.5011824704358987,13
2021-08-10,si1s,1,0.5011824704358987,13
2021-08-11,gc1s,1,0.5011824704358987,13
2021-08-11,pl1s,0,0.5011824704358987,13
2021-08-11,si1s,1,0.5011824704358987,13
2021-08-12,gc1s,1,0.5011824704358987,13
2021-08-12,si1s,1,0.5011824704358987,13
2021-08-13,si1s,1,0.5011824704358987,13
2021-08-16,si1s,1,0.5011824704358987,13
2021-08-16,pl1s,0,0.5011824704358987,13
2021-08-17,si1s,1,0.5011824704358987,13
2021-08-17,pl1s,1,0.5011824704358987,13
2021-08-18,pl1s,1,0.5011824704358987,13
2021-08-18,si1s,1,0.5011824704358987,13
2021-08-19,pl1s,1,0.5011824704358987,13
2021-08-19,si1s,1,0.5011824704358987,13
2021-08-20,pl1s,1,0.5011824704358987,13
2021-08-20,si1s,1,0.5011824704358987,13
2021-08-23,pl1s,0,0.5011824704358987,13
2021-08-23,si1s,1,0.5011824704358987,13
2021-08-24,pl1s,1,0.5011824704358987,13
2021-08-24,si1s,1,0.5011824704358987,13
2021-08-25,pl1s,0,0.5011824704358987,13
2021-08-25,si1s,1,0.5011824704358987,13
2021-08-26,si1s,1,0.5011824704358987,13
2021-08-26,pl1s,0,0.5011824704358987,13
2021-08-27,si1s,1,0.5011824704358987,13
2021-08-27,pl1s,0,0.5011824704358987,13
2021-08-30,si1s,1,0.5011824704358987,13
2021-08-30,pl1s,0,0.5011824704358987,13
2021-08-31,pl1s,0,0.5011824704358987,13
2021-08-31,si1s,1,0.5011824704358987,13
2021-09-01,si1s,1,0.5011824704358987,13
2021-09-01,pl1s,0,0.5011824704358987,13
2021-09-02,pl1s,0,0.5011824704358987,13
2021-09-02,si1s,1,0.5011824704358987,13
2021-09-03,pl1s,0,0.5011824704358987,13
2021-09-03,si1s,1,0.5011824704358987,13
2021-09-07,pl1s,0,0.5011824704358987,13
2021-09-07,si1s,1,0.5011824704358987,13
2021-09-08,si1s,1,0.5011824704358987,13
2021-09-08,pl1s,0,0.5011824704358987,13
2021-09-09,si1s,1,0.5011824704358987,13
2021-09-09,pl1s,0,0.5011824704358987,13
2021-09-10,si1s,0,0.5011824704358987,13
2021-09-10,pl1s,0,0.5011824704358987,13
2021-09-13,pl1s,0,0.5011824704358987,13
2021-09-13,si1s,0,0.5011824704358987,13
2021-09-14,pl1s,1,0.5011824704358987,13
2021-09-14,si1s,0,0.5011824704358987,13
2021-09-15,si1s,0,0.5011824704358987,13
2021-09-15,pl1s,1,0.5011824704358987,13
2021-09-16,si1s,0,0.5011824704358987,13
2021-09-16,pl1s,1,0.5011824704358987,13
2021-09-17,si1s,1,0.5011824704358987,13
2021-09-17,pl1s,1,0.5011824704358987,13
2021-09-20,si1s,1,0.5011824704358987,13
2021-09-20,pl1s,1,0.5011824704358987,13
2021-09-20,gc1s,1,0.5011824704358987,13
2021-09-21,pl1s,1,0.5011824704358987,13
2021-09-21,gc1s,0,0.5011824704358987,13
2021-09-21,si1s,0,0.5011824704358987,13
2021-09-22,si1s,0,0.5011824704358987,13
2021-09-22,gc1s,0,0.5011824704358987,13
2021-03-03,pl1s,1,0.5073804704976572,14
2021-03-04,gc1s,1,0.5073804704976572,14
2021-03-04,si1s,0,0.5073804704976572,14
2021-03-04,pl1s,1,0.5073804704976572,14
2021-03-05,pl1s,1,0.5073804704976572,14
2021-03-05,si1s,0,0.5073804704976572,14
2021-03-05,gc1s,1,0.5073804704976572,14
2021-03-08,gc1s,1,0.5073804704976572,14
2021-03-08,si1s,0,0.5073804704976572,14
2021-03-08,pl1s,1,0.5073804704976572,14
2021-03-09,pl1s,0,0.5073804704976572,14
2021-03-09,gc1s,1,0.5073804704976572,14
2021-03-09,si1s,1,0.5073804704976572,14
2021-03-10,gc1s,1,0.5073804704976572,14
2021-03-10,si1s,1,0.5073804704976572,14
2021-03-10,pl1s,0,0.5073804704976572,14
2021-03-11,pl1s,0,0.5073804704976572,14
2021-03-11,gc1s,1,0.5073804704976572,14
2021-03-11,si1s,1,0.5073804704976572,14
2021-03-12,si1s,0,0.5073804704976572,14
2021-03-12,gc1s,1,0.5073804704976572,14
2021-03-12,pl1s,0,0.5073804704976572,14
2021-03-15,gc1s,0,0.5073804704976572,14
2021-03-15,pl1s,0,0.5073804704976572,14
2021-03-15,si1s,1,0.5073804704976572,14
2021-03-16,gc1s,0,0.5073804704976572,14
2021-03-16,pl1s,0,0.5073804704976572,14
2021-03-16,si1s,0,0.5073804704976572,14
2021-03-17,gc1s,0,0.5073804704976572,14
2021-03-17,pl1s,0,0.5073804704976572,14
2021-03-17,si1s,0,0.5073804704976572,14
2021-03-18,gc1s,0,0.5073804704976572,14
2021-03-18,pl1s,0,0.5073804704976572,14
2021-03-18,si1s,1,0.5073804704976572,14
2021-03-19,si1s,1,0.5073804704976572,14
2021-03-19,gc1s,0,0.5073804704976572,14
2021-03-19,pl1s,1,0.5073804704976572,14
2021-03-22,pl1s,1,0.5073804704976572,14
2021-03-22,si1s,0,0.5073804704976572,14
2021-03-23,pl1s,1,0.5073804704976572,14
2021-03-23,si1s,1,0.5073804704976572,14
2021-03-24,pl1s,1,0.5073804704976572,14
2021-03-24,si1s,1,0.5073804704976572,14
2021-03-25,si1s,1,0.5073804704976572,14
2021-03-25,pl1s,1,0.5073804704976572,14
2021-03-26,si1s,0,0.5073804704976572,14
2021-03-26,pl1s,0,0.5073804704976572,14
2021-03-29,pl1s,0,0.5073804704976572,14
2021-03-29,si1s,1,0.5073804704976572,14
2021-03-30,si1s,1,0.5073804704976572,14
2021-03-30,pl1s,1,0.5073804704976572,14
2021-03-31,si1s,1,0.5073804704976572,14
2021-03-31,pl1s,1,0.5073804704976572,14
2021-04-01,si1s,1,0.5073804704976572,14
2021-04-01,pl1s,1,0.5073804704976572,14
2021-04-05,si1s,1,0.5073804704976572,14
2021-04-05,pl1s,0,0.5073804704976572,14
2021-04-06,si1s,0,0.5073804704976572,14
2021-04-06,gc1s,0,0.5073804704976572,14
2021-04-07,gc1s,0,0.5073804704976572,14
2021-04-07,si1s,0,0.5073804704976572,14
2021-04-07,pl1s,0,0.5073804704976572,14
2021-04-08,pl1s,0,0.5073804704976572,14
2021-04-08,si1s,1,0.5073804704976572,14
2021-04-09,pl1s,1,0.5073804704976572,14
2021-04-09,gc1s,0,0.5073804704976572,14
2021-04-09,si1s,1,0.5073804704976572,14
2021-04-12,pl1s,1,0.5073804704976572,14
2021-04-12,si1s,1,0.5073804704976572,14
2021-04-13,pl1s,1,0.5073804704976572,14
2021-04-13,si1s,1,0.5073804704976572,14
2021-04-14,si1s,1,0.5073804704976572,14
2021-04-14,pl1s,1,0.5073804704976572,14
2021-04-15,pl1s,0,0.5073804704976572,14
2021-04-16,pl1s,0,0.5073804704976572,14
2021-04-16,si1s,1,0.5073804704976572,14
2021-04-20,pl1s,1,0.5073804704976572,14
2021-04-21,si1s,1,0.5073804704976572,14
2021-04-21,pl1s,1,0.5073804704976572,14
2021-04-22,pl1s,1,0.5073804704976572,14
2021-04-23,pl1s,1,0.5073804704976572,14
2021-04-26,pl1s,1,0.5073804704976572,14
2021-04-26,si1s,0,0.5073804704976572,14
2021-04-27,si1s,0,0.5073804704976572,14
2021-04-27,pl1s,0,0.5073804704976572,14
2021-04-28,pl1s,1,0.5073804704976572,14
2021-04-28,si1s,0,0.5073804704976572,14
2021-04-29,pl1s,1,0.5073804704976572,14
2021-04-29,si1s,0,0.5073804704976572,14
2021-04-30,pl1s,1,0.5073804704976572,14
2021-04-30,si1s,1,0.5073804704976572,14
2021-05-03,pl1s,1,0.5073804704976572,14
2021-05-03,si1s,0,0.5073804704976572,14
2021-05-04,pl1s,0,0.5073804704976572,14
2021-05-04,si1s,1,0.5073804704976572,14
2021-05-05,pl1s,0,0.5073804704976572,14
2021-05-05,si1s,1,0.5073804704976572,14
2021-05-06,pl1s,0,0.5073804704976572,14
2021-05-06,si1s,0,0.5073804704976572,14
2021-05-07,pl1s,0,0.5073804704976572,14
2021-05-07,si1s,0,0.5073804704976572,14
2021-05-07,gc1s,1,0.5073804704976572,14
2021-05-10,pl1s,0,0.5073804704976572,14
2021-05-10,si1s,0,0.5073804704976572,14
2021-05-11,pl1s,0,0.5073804704976572,14
2021-05-11,si1s,0,0.5073804704976572,14
2021-05-12,gc1s,1,0.5073804704976572,14
2021-05-12,si1s,1,0.5073804704976572,14
2021-05-12,pl1s,0,0.5073804704976572,14
2021-05-13,pl1s,0,0.5073804704976572,14
2021-05-13,gc1s,1,0.5073804704976572,14
2021-05-13,si1s,0,0.5073804704976572,14
2021-05-14,pl1s,0,0.5073804704976572,14
2021-05-14,si1s,0,0.5073804704976572,14
2021-05-17,si1s,1,0.5073804704976572,14
2021-05-17,gc1s,1,0.5073804704976572,14
2021-05-17,pl1s,0,0.5073804704976572,14
2021-05-18,si1s,1,0.5073804704976572,14
2021-05-18,pl1s,0,0.5073804704976572,14
2021-05-18,gc1s,1,0.5073804704976572,14
2021-05-19,pl1s,0,0.5073804704976572,14
2021-05-19,si1s,1,0.5073804704976572,14
2021-05-19,gc1s,0,0.5073804704976572,14
2021-05-20,pl1s,0,0.5073804704976572,14
2021-05-20,si1s,1,0.5073804704976572,14
2021-05-20,gc1s,1,0.5073804704976572,14
2021-05-21,si1s,0,0.5073804704976572,14
2021-05-21,pl1s,1,0.5073804704976572,14
2021-05-24,si1s,0,0.5073804704976572,14
2021-05-24,pl1s,0,0.5073804704976572,14
2021-05-25,pl1s,0,0.5073804704976572,14
2021-05-25,si1s,0,0.5073804704976572,14
2021-05-26,pl1s,0,0.5073804704976572,14
2021-05-27,pl1s,0,0.5073804704976572,14
2021-05-28,gc1s,0,0.5073804704976572,14
2021-05-28,si1s,1,0.5073804704976572,14
2021-05-28,pl1s,0,0.5073804704976572,14
2021-06-01,gc1s,0,0.5073804704976572,14
2021-06-01,si1s,1,0.5073804704976572,14
2021-06-01,pl1s,0,0.5073804704976572,14
2021-06-02,si1s,1,0.5073804704976572,14
2021-06-02,pl1s,0,0.5073804704976572,14
2021-06-03,si1s,0,0.5073804704976572,14
2021-06-03,pl1s,0,0.5073804704976572,14
2021-06-04,pl1s,0,0.5073804704976572,14
2021-06-07,pl1s,0,0.5073804704976572,14
2021-06-08,pl1s,0,0.5073804704976572,14
2021-06-08,si1s,1,0.5073804704976572,14
2021-06-09,pl1s,0,0.5073804704976572,14
2021-06-09,si1s,1,0.5073804704976572,14
2021-06-10,si1s,1,0.5073804704976572,14
2021-06-11,pl1s,0,0.5073804704976572,14
2021-06-11,si1s,1,0.5073804704976572,14
2021-06-14,pl1s,0,0.5073804704976572,14
2021-06-14,si1s,1,0.5073804704976572,14
2021-06-15,si1s,1,0.5073804704976572,14
2021-06-15,pl1s,0,0.5073804704976572,14
2021-06-16,pl1s,0,0.5073804704976572,14
2021-06-16,si1s,1,0.5073804704976572,14
2021-06-17,si1s,1,0.5073804704976572,14
2021-06-17,pl1s,1,0.5073804704976572,14
2021-06-18,si1s,1,0.5073804704976572,14
2021-06-18,pl1s,1,0.5073804704976572,14
2021-06-21,si1s,1,0.5073804704976572,14
2021-06-21,pl1s,1,0.5073804704976572,14
2021-06-22,si1s,1,0.5073804704976572,14
2021-06-22,pl1s,1,0.5073804704976572,14
2021-06-23,si1s,0,0.5073804704976572,14
2021-06-23,pl1s,0,0.5073804704976572,14
2021-06-24,si1s,1,0.5073804704976572,14
2021-06-25,si1s,1,0.5073804704976572,14
2021-06-28,si1s,0,0.5073804704976572,14
2021-06-29,si1s,1,0.5073804704976572,14
2021-06-29,pl1s,1,0.5073804704976572,14
2021-06-30,si1s,1,0.5073804704976572,14
2021-06-30,pl1s,1,0.5073804704976572,14
2021-07-01,pl1s,1,0.5073804704976572,14
2021-07-01,si1s,0,0.5073804704976572,14
2021-07-02,si1s,1,0.5073804704976572,14
2021-07-02,pl1s,0,0.5073804704976572,14
2021-07-06,pl1s,0,0.5073804704976572,14
2021-07-06,si1s,0,0.5073804704976572,14
2021-07-07,pl1s,0,0.5073804704976572,14
2021-07-08,pl1s,1,0.5073804704976572,14
2021-07-08,si1s,0,0.5073804704976572,14
2021-07-09,si1s,1,0.5073804704976572,14
2021-07-09,pl1s,0,0.5073804704976572,14
2021-07-12,pl1s,0,0.5073804704976572,14
2021-07-12,si1s,1,0.5073804704976572,14
2021-07-13,si1s,1,0.5073804704976572,14
2021-07-13,pl1s,0,0.5073804704976572,14
2021-07-14,pl1s,0,0.5073804704976572,14
2021-07-15,pl1s,0,0.5073804704976572,14
2021-07-15,si1s,1,0.5073804704976572,14
2021-07-16,si1s,1,0.5073804704976572,14
2021-07-16,pl1s,0,0.5073804704976572,14
2021-07-19,pl1s,0,0.5073804704976572,14
2021-07-19,si1s,0,0.5073804704976572,14
2021-07-20,pl1s,0,0.5073804704976572,14
2021-07-20,si1s,1,0.5073804704976572,14
2021-07-21,pl1s,0,0.5073804704976572,14
2021-07-21,si1s,1,0.5073804704976572,14
2021-07-22,si1s,0,0.5073804704976572,14
2021-07-22,pl1s,0,0.5073804704976572,14
2021-07-23,pl1s,0,0.5073804704976572,14
2021-07-23,si1s,0,0.5073804704976572,14
2021-07-26,si1s,0,0.5073804704976572,14
2021-07-26,pl1s,0,0.5073804704976572,14
2021-07-27,si1s,0,0.5073804704976572,14
2021-07-27,pl1s,0,0.5073804704976572,14
2021-07-28,pl1s,0,0.5073804704976572,14
2021-07-28,si1s,0,0.5073804704976572,14
2021-07-29,si1s,0,0.5073804704976572,14
2021-07-29,pl1s,0,0.5073804704976572,14
2021-07-30,si1s,0,0.5073804704976572,14
2021-07-30,pl1s,0,0.5073804704976572,14
2021-08-02,si1s,0,0.5073804704976572,14
2021-08-02,pl1s,0,0.5073804704976572,14
2021-08-03,pl1s,0,0.5073804704976572,14
2021-08-03,si1s,0,0.5073804704976572,14
2021-08-03,gc1s,1,0.5073804704976572,14
2021-08-04,si1s,0,0.5073804704976572,14
2021-08-04,gc1s,1,0.5073804704976572,14
2021-08-04,pl1s,0,0.5073804704976572,14
2021-08-05,si1s,0,0.5073804704976572,14
2021-08-06,si1s,0,0.5073804704976572,14
2021-08-09,si1s,1,0.5073804704976572,14
2021-08-09,pl1s,1,0.5073804704976572,14
2021-08-09,gc1s,1,0.5073804704976572,14
2021-08-10,gc1s,1,0.5073804704976572,14
2021-08-10,pl1s,1,0.5073804704976572,14
2021-08-10,si1s,1,0.5073804704976572,14
2021-08-11,gc1s,1,0.5073804704976572,14
2021-08-11,pl1s,0,0.5073804704976572,14
2021-08-11,si1s,1,0.5073804704976572,14
2021-08-12,gc1s,1,0.5073804704976572,14
2021-08-12,si1s,1,0.5073804704976572,14
2021-08-13,si1s,1,0.5073804704976572,14
2021-08-16,si1s,1,0.5073804704976572,14
2021-08-16,pl1s,0,0.5073804704976572,14
2021-08-17,si1s,1,0.5073804704976572,14
2021-08-17,pl1s,1,0.5073804704976572,14
2021-08-18,pl1s,1,0.5073804704976572,14
2021-08-18,si1s,1,0.5073804704976572,14
2021-08-19,pl1s,1,0.5073804704976572,14
2021-08-19,si1s,1,0.5073804704976572,14
2021-08-20,pl1s,1,0.5073804704976572,14
2021-08-20,si1s,1,0.5073804704976572,14
2021-08-23,pl1s,0,0.5073804704976572,14
2021-08-23,si1s,1,0.5073804704976572,14
2021-08-24,pl1s,1,0.5073804704976572,14
2021-08-24,si1s,1,0.5073804704976572,14
2021-08-25,pl1s,0,0.5073804704976572,14
2021-08-25,si1s,1,0.5073804704976572,14
2021-08-26,si1s,1,0.5073804704976572,14
2021-08-26,pl1s,0,0.5073804704976572,14
2021-08-27,si1s,1,0.5073804704976572,14
2021-08-27,pl1s,0,0.5073804704976572,14
2021-08-30,si1s,1,0.5073804704976572,14
2021-08-30,pl1s,0,0.5073804704976572,14
2021-08-31,pl1s,0,0.5073804704976572,14
2021-08-31,si1s,1,0.5073804704976572,14
2021-09-01,si1s,1,0.5073804704976572,14
2021-09-01,pl1s,0,0.5073804704976572,14
2021-09-02,pl1s,0,0.5073804704976572,14
2021-09-02,si1s,1,0.5073804704976572,14
2021-09-03,pl1s,0,0.5073804704976572,14
2021-09-03,si1s,1,0.5073804704976572,14
2021-09-07,pl1s,0,0.5073804704976572,14
2021-09-07,si1s,1,0.5073804704976572,14
2021-09-08,si1s,1,0.5073804704976572,14
2021-09-08,pl1s,0,0.5073804704976572,14
2021-09-09,si1s,1,0.5073804704976572,14
2021-09-09,pl1s,0,0.5073804704976572,14
2021-09-10,si1s,0,0.5073804704976572,14
2021-09-10,pl1s,0,0.5073804704976572,14
2021-09-13,pl1s,0,0.5073804704976572,14
2021-09-13,si1s,0,0.5073804704976572,14
2021-09-14,pl1s,1,0.5073804704976572,14
2021-09-14,si1s,0,0.5073804704976572,14
2021-09-15,si1s,0,0.5073804704976572,14
2021-09-15,pl1s,1,0.5073804704976572,14
2021-09-16,si1s,0,0.5073804704976572,14
2021-09-16,pl1s,1,0.5073804704976572,14
2021-09-17,si1s,1,0.5073804704976572,14
2021-09-17,pl1s,1,0.5073804704976572,14
2021-09-20,si1s,1,0.5073804704976572,14
2021-09-20,pl1s,1,0.5073804704976572,14
2021-09-20,gc1s,1,0.5073804704976572,14
2021-09-21,pl1s,1,0.5073804704976572,14
2021-09-21,gc1s,0,0.5073804704976572,14
2021-09-21,si1s,0,0.5073804704976572,14
2021-09-22,si1s,0,0.5073804704976572,14
2021-09-22,gc1s,0,0.5073804704976572,14
