auc_mean,auc_std,logloss_mean,logloss_std,brier_mean,brier_std,n_folds
0.6466420702950075,0.09527715866996302,1.0355384994729397,0.6367204420708747,0.27601476333438063,0.06763268451216627,15
