date,instrument,y_true,y_score,fold
2020-01-30,rb1s,0,0.38742465989162095,0
2020-01-30,cl1s,1,0.38450992783683324,0
2020-01-31,rb1s,0,0.3861032830293227,0
2020-01-31,ho1s,1,0.5193597129251885,0
2020-01-31,cl1s,0,0.38466674582167487,0
2020-02-03,ho1s,1,0.52861256700255,0
2020-02-03,rb1s,0,0.3931925768536889,0
2020-02-04,ho1s,1,0.5506708380605381,0
2020-02-04,rb1s,1,0.5380850171096221,0
2020-02-05,rb1s,1,0.5575576244365728,0
2020-02-05,cl1s,1,0.5602840772850446,0
2020-02-06,cl1s,1,0.5766846297629785,0
2020-02-06,rb1s,1,0.5731239401325965,0
2020-02-07,rb1s,1,0.543833048029607,0
2020-02-07,cl1s,1,0.5523317120750671,0
2020-02-10,rb1s,1,0.5290024768289248,0
2020-02-10,cl1s,1,0.5387247720390427,0
2020-02-11,cl1s,0,0.5586109432321372,0
2020-02-11,rb1s,1,0.551627420110059,0
2020-02-12,rb1s,0,0.5492520781113835,0
2020-02-12,cl1s,0,0.5593851095868311,0
2020-02-13,cl1s,0,0.5616581990680686,0
2020-02-13,rb1s,0,0.5514500325621893,0
2020-02-14,rb1s,0,0.5556448756866527,0
2020-02-14,cl1s,0,0.563906746212007,0
2020-02-18,rb1s,0,0.5242761209282861,0
2020-02-18,cl1s,0,0.5325739284936148,0
2020-02-19,rb1s,1,0.40197365017142295,0
2020-02-19,cl1s,0,0.5323142627413996,0
2020-02-20,cl1s,0,0.5300846567834269,0
2020-02-20,rb1s,1,0.39999012604269296,0
2020-02-21,rb1s,0,0.499636398247473,0
2020-02-21,cl1s,0,0.508341827350851,0
2020-02-24,cl1s,0,0.48040405119123053,0
2020-02-24,rb1s,0,0.4701408254960341,0
2020-02-25,rb1s,0,0.4921728872806371,0
2020-02-25,cl1s,0,0.5001826337456553,0
2020-02-26,cl1s,0,0.5136211416392749,0
2020-02-26,rb1s,0,0.5070098651796242,0
2020-02-27,cl1s,0,0.5254468124551993,0
2020-02-27,rb1s,0,0.518096195175008,0
2020-02-28,cl1s,0,0.5046727125941578,0
2020-02-28,rb1s,0,0.4916458713846264,0
2020-03-02,rb1s,0,0.495816717211952,0
2020-03-03,rb1s,0,0.5183819533370229,0
2020-03-04,rb1s,0,0.5457043962654076,0
2020-03-05,rb1s,0,0.5473139302160491,0
2020-03-06,rb1s,0,0.5038338930169217,0
2020-03-09,rb1s,0,0.4934005575769523,0
2020-03-09,ho1s,0,0.5036419716324907,0
2020-03-10,rb1s,0,0.5496566567175691,0
2020-03-11,rb1s,1,0.43719523780733,0
2020-03-12,rb1s,0,0.5774692874286048,0
2020-03-13,rb1s,0,0.5668291458605487,0
2020-03-16,rb1s,0,0.613930407335823,0
2020-03-17,rb1s,1,0.49370178030820305,0
2020-03-18,rb1s,0,0.45263872691885404,0
2020-03-18,cl1s,1,0.5748128044257752,0
2020-03-19,rb1s,1,0.4288639784282957,0
2020-03-20,cl1s,1,0.5489055396774531,0
2020-03-20,rb1s,1,0.4360098737269426,0
2020-03-23,cl1s,0,0.567344357644603,0
2020-03-23,rb1s,0,0.4577862584175742,0
2020-03-24,cl1s,0,0.6130214085531402,0
2020-03-24,rb1s,0,0.5050367986998173,0
2020-03-25,rb1s,0,0.5273485496809651,0
2020-03-26,rb1s,0,0.5310426423881129,0
2020-03-26,cl1s,1,0.6459103636409221,0
2020-03-27,cl1s,1,0.6422378262891072,0
2020-03-27,rb1s,0,0.52435168776965,0
2020-03-30,rb1s,0,0.5055821857316237,0
2020-03-30,cl1s,1,0.6268091790352316,0
2020-03-31,rb1s,0,0.5133260019208321,0
2020-04-01,rb1s,0,0.5197320965508279,0
2020-04-02,rb1s,0,0.5153445350606882,0
2020-04-03,rb1s,1,0.5144593995947471,0
2020-04-06,rb1s,1,0.513816152354859,0
2020-04-07,rb1s,1,0.51423669292355,0
2020-04-08,rb1s,1,0.5029315537072663,0
2020-04-09,rb1s,1,0.5022214840788756,0
2020-04-13,rb1s,1,0.501028608895944,0
2020-04-14,rb1s,1,0.509575289651313,0
2020-04-15,ho1s,1,0.5197162237394689,0
2020-04-15,rb1s,1,0.5098361403831557,0
2020-04-16,rb1s,0,0.5088273084049354,0
2020-04-16,ho1s,1,0.5150600624521703,0
2020-04-17,rb1s,0,0.5079879494886395,0
2020-04-20,rb1s,0,0.5167306320665116,0
2020-04-21,rb1s,1,0.6331759578413324,0
2020-04-21,ho1s,1,0.6393755106812429,0
2020-04-21,cl1s,1,0.6377931043798488,0
2020-04-22,cl1s,1,0.6309525984002928,0
2020-04-22,rb1s,1,0.6238788427587316,0
2020-04-23,rb1s,1,0.628331219604912,0
2020-04-23,cl1s,1,0.6307995913617368,0
2020-04-24,cl1s,1,0.6219813768989054,0
2020-04-24,rb1s,1,0.6198646481204829,0
2020-04-27,cl1s,1,0.6287462589663753,0
2020-04-27,rb1s,1,0.6230064516264505,0
2020-04-28,cl1s,1,0.6343422223754374,0
2020-04-28,rb1s,1,0.6275381200860947,0
2020-04-29,cl1s,1,0.6301312723089928,0
2020-04-29,rb1s,1,0.6260275322579277,0
2020-04-30,cl1s,1,0.6339482612404252,0
2020-04-30,rb1s,0,0.5139116864768057,0
2020-05-01,rb1s,0,0.5216781136355261,0
2020-05-01,cl1s,1,0.6395160627347353,0
2020-05-04,cl1s,1,0.6358541084840967,0
2020-05-04,rb1s,1,0.6358173087263476,0
2020-05-05,ng1s,1,0.48827982551351634,0
2020-05-05,rb1s,0,0.5097371097119837,0
2020-05-05,cl1s,1,0.627552604435717,0
2020-05-06,rb1s,0,0.5091627152785536,0
2020-05-06,ng1s,1,0.489497089771781,0
2020-05-06,cl1s,1,0.6265978523647255,0
2020-05-07,cl1s,1,0.618529593523661,0
2020-05-07,rb1s,0,0.49852847723071303,0
2020-05-07,ng1s,1,0.4825607390141448,0
2020-05-08,rb1s,0,0.4912567938136642,0
2020-05-08,ng1s,1,0.47855095356696997,0
2020-05-08,cl1s,1,0.6107104261314524,0
2020-05-11,rb1s,0,0.490323148339296,0
2020-05-11,ng1s,1,0.4763212726076611,0
2020-05-11,cl1s,1,0.609675740667499,0
2020-05-12,cl1s,1,0.6153031926242805,0
2020-05-12,ng1s,0,0.4866775527356869,0
2020-05-12,rb1s,0,0.49742519239685856,0
2020-05-13,rb1s,1,0.623649611736008,0
2020-05-13,cl1s,1,0.6194449569822906,0
2020-05-14,rb1s,0,0.4959688971143524,0
2020-05-14,ng1s,0,0.4887764996620271,0
2020-05-14,cl1s,1,0.6121356602406566,0
2020-05-15,rb1s,0,0.4956372268947197,0
2020-05-15,ng1s,1,0.48995073963712593,0
2020-05-18,ng1s,1,0.48220383142416373,0
2020-05-18,ho1s,0,0.49590143090346245,0
2020-05-18,rb1s,0,0.4912543706364966,0
2020-05-19,rb1s,0,0.4886307313273355,0
2020-05-19,ng1s,1,0.4772363919778648,0
2020-05-19,cl1s,1,0.6060102849638654,0
2020-05-20,rb1s,0,0.48489929851914787,0
2020-05-20,ho1s,0,0.48938904882913664,0
2020-05-20,ng1s,1,0.47634893185470095,0
2020-05-21,ng1s,1,0.4814597270360224,0
2020-05-21,rb1s,0,0.4876495831864286,0
2020-05-22,rb1s,0,0.4883594351575508,0
2020-05-26,rb1s,0,0.48688299241986305,0
2020-05-27,rb1s,0,0.48814116280756326,0
2020-05-27,cl1s,1,0.6049608265616682,0
2020-05-27,ng1s,1,0.4781104169331283,0
2020-05-28,cl1s,1,0.6060765025252721,0
2020-05-28,rb1s,0,0.4893124794432659,0
2020-05-28,ng1s,1,0.4825718513286645,0
2020-05-29,rb1s,0,0.48580675992190153,0
2020-05-29,ng1s,1,0.4800398385567703,0
2020-06-01,rb1s,0,0.4815327031120962,0
2020-06-01,ng1s,1,0.47655754661073846,0
2020-06-02,rb1s,0,0.4755178207399823,0
2020-06-02,ng1s,1,0.47166606287514445,0
2020-06-03,rb1s,0,0.46222268773586456,0
2020-06-04,cl1s,1,0.5814488134733028,0
2020-06-04,rb1s,0,0.4622452986403152,0
2020-06-05,rb1s,0,0.4585831723100969,0
2020-06-05,cl1s,1,0.5783497390816199,0
2020-06-08,cl1s,1,0.5786007926769975,0
2020-06-08,rb1s,0,0.45442476478254096,0
2020-06-09,cl1s,1,0.577910201218619,0
2020-06-09,rb1s,0,0.45367859553701395,0
2020-06-10,cl1s,0,0.5799886776390799,0
2020-06-10,rb1s,1,0.4509552394685755,0
2020-06-11,rb1s,0,0.46978196285131246,0
2020-06-11,cl1s,1,0.596008629566602,0
2020-06-12,rb1s,1,0.5804787439333893,0
2020-06-12,cl1s,1,0.5831940219636628,0
2020-06-15,rb1s,1,0.5766742020748239,0
2020-06-16,rb1s,0,0.5644069532997203,0
2020-06-17,rb1s,0,0.43229542046075137,0
2020-06-17,cl1s,1,0.577642375468363,0
2020-06-18,rb1s,0,0.44164987213928575,0
2020-06-18,cl1s,1,0.5870878355414484,0
2020-06-19,cl1s,1,0.5950726328102233,0
2020-06-19,rb1s,1,0.4540866349863303,0
2020-06-22,cl1s,0,0.589780437913383,0
2020-06-22,rb1s,1,0.4496833016314736,0
2020-06-23,cl1s,1,0.5893640262667388,0
2020-06-23,rb1s,1,0.4507519958869304,0
2020-06-24,rb1s,1,0.5726636137423848,0
2020-06-24,cl1s,1,0.5858775761022285,0
2020-06-25,rb1s,1,0.5833379515567156,0
2020-06-25,cl1s,1,0.5978595926682617,0
2020-06-26,rb1s,1,0.5849659898331147,0
2020-06-26,cl1s,1,0.6013115287587609,0
2020-06-29,rb1s,1,0.576456371982637,0
2020-06-29,cl1s,1,0.5919989945438744,0
2020-06-30,cl1s,1,0.5886519610419332,0
2020-06-30,rb1s,1,0.5717256709910626,0
2020-07-01,ho1s,0,0.4661912905216349,0
2020-07-01,rb1s,0,0.4489059743653552,0
2020-07-01,cl1s,1,0.5858287140565999,0
2020-07-02,cl1s,0,0.5928354724984591,0
2020-07-02,rb1s,0,0.5757783698171958,0
2020-07-06,cl1s,1,0.5884561929397707,0
2020-07-06,rb1s,0,0.5723838869922349,0
2020-07-07,cl1s,1,0.5926013577115563,0
2020-07-07,rb1s,1,0.5775302674975858,0
2020-07-08,cl1s,1,0.5956505353802315,0
2020-07-08,rb1s,0,0.5819995069028466,0
2020-07-09,rb1s,1,0.5831989353014633,0
2020-07-09,cl1s,1,0.5930549953684258,0
2020-07-10,ho1s,0,0.4715547199255686,0
2020-07-10,cl1s,1,0.5927337709267236,0
2020-07-10,rb1s,0,0.5826556089049538,0
2020-07-13,rb1s,0,0.5852375349246507,0
2020-07-13,cl1s,1,0.5956735857046441,0
2020-07-14,rb1s,1,0.576380782828102,0
2020-07-14,cl1s,1,0.5852441944259047,0
2020-07-15,rb1s,0,0.5959502772179972,0
2020-07-15,cl1s,0,0.602702360034404,0
2020-07-16,rb1s,0,0.5825919604558167,0
2020-07-16,cl1s,0,0.5836610276576862,0
2020-07-17,rb1s,0,0.5861498343692962,0
2020-07-17,cl1s,0,0.5873313306599579,0
2020-07-20,rb1s,1,0.5753654908599591,0
2020-07-20,cl1s,1,0.581577690481713,0
2020-07-21,rb1s,0,0.5749052608323745,0
2020-07-21,cl1s,0,0.5819468529444309,0
2020-07-22,rb1s,0,0.5778650394314726,0
2020-07-22,cl1s,1,0.5674881357689603,0
2020-07-23,rb1s,0,0.5893840199695979,0
2020-07-23,cl1s,1,0.5751641913796934,0
2020-07-24,rb1s,0,0.596417467667116,0
2020-07-24,cl1s,0,0.5830519202133653,0
2020-07-27,cl1s,1,0.5789787864330834,0
2020-07-27,rb1s,0,0.5931745137597713,0
2020-07-28,rb1s,0,0.5990335593963683,0
2020-07-28,cl1s,1,0.5894552430432342,0
2020-07-29,rb1s,1,0.5961320763442552,0
2020-07-29,cl1s,1,0.5828483574302258,0
2020-07-30,rb1s,1,0.6046008079441648,0
2020-07-30,cl1s,1,0.5917280895433862,0
2020-07-31,cl1s,1,0.5776392875912989,0
2020-07-31,rb1s,1,0.5924120574812912,0
2020-08-03,cl1s,1,0.5658976030430708,0
2020-08-03,rb1s,1,0.5850773175760835,0
2020-08-03,ng1s,0,0.48563101919075985,0
2020-08-04,cl1s,1,0.5609890949115173,0
2020-08-04,rb1s,1,0.5798383105225201,0
2020-08-05,rb1s,1,0.5864625243614124,0
2020-08-06,rb1s,1,0.5794143793739734,0
2020-08-06,ng1s,0,0.4749005867673223,0
2020-08-07,rb1s,1,0.5755189060368243,0
2020-08-10,ng1s,0,0.4703768635664259,0
2020-01-30,rb1s,0,0.4651508595021055,1
2020-01-30,cl1s,1,0.46337873026628384,1
2020-01-31,rb1s,0,0.49412973544019706,1
2020-01-31,ho1s,1,0.6666032449237966,1
2020-01-31,cl1s,0,0.493250464627348,1
2020-02-03,ho1s,1,0.6638973983246919,1
2020-02-03,rb1s,0,0.49003754734589466,1
2020-02-04,ho1s,1,0.6510894006394299,1
2020-02-04,rb1s,1,0.644389811989939,1
2020-02-05,rb1s,1,0.6362686297838032,1
2020-02-05,cl1s,1,0.6377481372706623,1
2020-02-06,cl1s,1,0.6381782940456198,1
2020-02-06,rb1s,1,0.6362298150662076,1
2020-02-07,rb1s,1,0.6362009970020208,1
2020-02-07,cl1s,1,0.6407826566183408,1
2020-02-10,rb1s,1,0.6310484072888909,1
2020-02-10,cl1s,1,0.6362958993845194,1
2020-02-11,cl1s,0,0.6387792929664462,1
2020-02-11,rb1s,1,0.6349986820840402,1
2020-02-12,rb1s,0,0.6174577845234013,1
2020-02-12,cl1s,0,0.6230472020906981,1
2020-02-13,cl1s,0,0.6257834164378396,1
2020-02-13,rb1s,0,0.62016228978679,1
2020-02-14,rb1s,0,0.6134584653785846,1
2020-02-14,cl1s,0,0.6180470876263806,1
2020-02-18,rb1s,0,0.6226970974090135,1
2020-02-18,cl1s,0,0.627210272092717,1
2020-02-19,rb1s,1,0.45012908064058704,1
2020-02-19,cl1s,0,0.6242907470434906,1
2020-02-20,cl1s,0,0.6340416448577328,1
2020-02-20,rb1s,1,0.4605989983161791,1
2020-02-21,rb1s,0,0.6393569744473805,1
2020-02-21,cl1s,0,0.6439833961478659,1
2020-02-24,cl1s,0,0.715500462545191,1
2020-02-24,rb1s,0,0.7106303807304034,1
2020-02-25,rb1s,0,0.7293005228412889,1
2020-02-25,cl1s,0,0.7329450020917354,1
2020-02-26,cl1s,0,0.7317065704195616,1
2020-02-26,rb1s,0,0.7286907913901856,1
2020-02-27,cl1s,0,0.8129734387730431,1
2020-02-27,rb1s,0,0.8103680559168941,1
2020-02-28,cl1s,0,0.8285080881678107,1
2020-02-28,rb1s,0,0.8241820827559835,1
2020-03-02,rb1s,0,0.7568803755142837,1
2020-03-03,rb1s,0,0.773082819138409,1
2020-03-04,rb1s,0,0.7378667533886701,1
2020-03-05,rb1s,0,0.7806501683907277,1
2020-03-06,rb1s,0,0.7749584695603656,1
2020-03-09,rb1s,0,0.8426889278866807,1
2020-03-09,ho1s,0,0.8458057826877496,1
2020-03-10,rb1s,0,0.7962541913254493,1
2020-03-11,rb1s,1,0.6958842942551233,1
2020-03-12,rb1s,0,0.9079165625910639,1
2020-03-13,rb1s,0,0.8217278914434147,1
2020-03-16,rb1s,0,0.8824478509868561,1
2020-03-17,rb1s,1,0.7202019191185272,1
2020-03-18,rb1s,0,0.5816660649702706,1
2020-03-18,cl1s,1,0.7344324045145385,1
2020-03-19,rb1s,1,0.5594070327251017,1
2020-03-20,cl1s,1,0.6751580957794457,1
2020-03-20,rb1s,1,0.5164765870433258,1
2020-03-23,cl1s,0,0.7544118906273252,1
2020-03-23,rb1s,0,0.6140391785491779,1
2020-03-24,cl1s,0,0.8209702860319164,1
2020-03-24,rb1s,0,0.7037472913860238,1
2020-03-25,rb1s,0,0.7099297629054091,1
2020-03-26,rb1s,0,0.7294691738208902,1
2020-03-26,cl1s,1,0.8417102910548768,1
2020-03-27,cl1s,1,0.824920881351744,1
2020-03-27,rb1s,0,0.7036432481168191,1
2020-03-30,rb1s,0,0.6267924998555755,1
2020-03-30,cl1s,1,0.7700880434791061,1
2020-03-31,rb1s,0,0.6155645673144805,1
2020-04-01,rb1s,0,0.630545514314129,1
2020-04-02,rb1s,0,0.5785497648599325,1
2020-04-03,rb1s,1,0.5416829520733663,1
2020-04-06,rb1s,1,0.545595685746913,1
2020-04-07,rb1s,1,0.5711324795501296,1
2020-04-08,rb1s,1,0.537580192842208,1
2020-04-09,rb1s,1,0.5223533781661268,1
2020-04-13,rb1s,1,0.5245859584339441,1
2020-04-14,rb1s,1,0.5265502283361428,1
2020-04-15,ho1s,1,0.5377498248821735,1
2020-04-15,rb1s,1,0.5320558832153867,1
2020-04-16,rb1s,0,0.5179926849844535,1
2020-04-16,ho1s,1,0.5215954463843488,1
2020-04-17,rb1s,0,0.5166604206097798,1
2020-04-20,rb1s,0,0.5605088254563421,1
2020-04-21,rb1s,1,0.7060130839644101,1
2020-04-21,ho1s,1,0.7092199661146392,1
2020-04-21,cl1s,1,0.7084011549966123,1
2020-04-22,cl1s,1,0.68621468383762,1
2020-04-22,rb1s,1,0.6824323081406949,1
2020-04-23,rb1s,1,0.6724111699604627,1
2020-04-23,cl1s,1,0.6737587313360484,1
2020-04-24,cl1s,1,0.6258293181473369,1
2020-04-24,rb1s,1,0.6246100622942405,1
2020-04-27,cl1s,1,0.6246463268957424,1
2020-04-27,rb1s,1,0.6213149715502153,1
2020-04-28,cl1s,1,0.629793363551429,1
2020-04-28,rb1s,1,0.6258427364896346,1
2020-04-29,cl1s,1,0.6208460559209648,1
2020-04-29,rb1s,1,0.6184503538796411,1
2020-04-30,cl1s,1,0.6424538262703529,1
2020-04-30,rb1s,0,0.4743375885112872,1
2020-05-01,rb1s,0,0.4776747643114498,1
2020-05-01,cl1s,1,0.6445894579105887,1
2020-05-04,cl1s,1,0.6393100179436242,1
2020-05-04,rb1s,1,0.6392888129244164,1
2020-05-05,ng1s,1,0.43886254228102994,1
2020-05-05,rb1s,0,0.45112893042160207,1
2020-05-05,cl1s,1,0.6192669730513145,1
2020-05-06,rb1s,0,0.4590441307555188,1
2020-05-06,ng1s,1,0.44776328493520523,1
2020-05-06,cl1s,1,0.6265219744337043,1
2020-05-07,cl1s,1,0.6059354374209382,1
2020-05-07,rb1s,0,0.4363462223646423,1
2020-05-07,ng1s,1,0.42727525640433744,1
2020-05-08,rb1s,0,0.4134004871088214,1
2020-05-08,ng1s,1,0.4062810924241504,1
2020-05-08,cl1s,1,0.5827488612640295,1
2020-05-11,rb1s,0,0.43166502062798223,1
2020-05-11,ng1s,1,0.42372367629246677,1
2020-05-11,cl1s,1,0.6007466307255438,1
2020-05-12,cl1s,1,0.6331886119829658,1
2020-05-12,ng1s,0,0.4601152934206985,1
2020-08-10,rb1s,1,0.5094721524880395,1
2020-08-11,rb1s,1,0.5299585651465046,1
2020-08-12,rb1s,1,0.5156541678823693,1
2020-08-13,rb1s,1,0.512581001473828,1
2020-08-14,rb1s,1,0.5060118193078575,1
2020-08-17,rb1s,1,0.5101007432189251,1
2020-08-18,rb1s,1,0.5147721980774285,1
2020-08-19,rb1s,0,0.5209686650871244,1
2020-08-20,rb1s,0,0.5215639171477522,1
2020-08-21,rb1s,0,0.517713471145741,1
2020-08-21,cl1s,0,0.5183622980287156,1
2020-08-24,cl1s,0,0.5183754124033901,1
2020-08-24,rb1s,0,0.5160067203882442,1
2020-08-25,cl1s,0,0.5140559457939019,1
2020-08-25,rb1s,0,0.5117686076875066,1
2020-08-26,rb1s,0,0.5239937271106081,1
2020-08-26,cl1s,0,0.5258481226093742,1
2020-08-27,rb1s,0,0.5255121317936542,1
2020-08-28,rb1s,0,0.49950896684669577,1
2020-08-31,rb1s,0,0.5302581435024611,1
2020-09-01,rb1s,0,0.517169349479923,1
2020-09-01,cl1s,0,0.5165013573439579,1
2020-09-02,cl1s,0,0.5170982460705837,1
2020-09-02,rb1s,0,0.5162693749097829,1
2020-09-03,rb1s,0,0.5609811463654703,1
2020-09-04,rb1s,0,0.5580853479576623,1
2020-09-08,ho1s,1,0.5935629549770786,1
2020-09-08,rb1s,1,0.5868992534835366,1
2020-09-09,rb1s,1,0.5782483929121792,1
2020-09-10,rb1s,1,0.5833526823705516,1
2020-09-11,rb1s,1,0.5614381018772504,1
2020-09-14,rb1s,1,0.5548360217120215,1
2020-09-15,rb1s,1,0.5527754973687086,1
2020-09-16,rb1s,1,0.5544077813531846,1
2020-09-16,cl1s,0,0.555617107593993,1
2020-09-17,rb1s,0,0.5583098437836149,1
2020-09-18,rb1s,0,0.5455173829698708,1
2020-09-21,rb1s,1,0.5651096263006905,1
2020-09-21,cl1s,0,0.5682399527034198,1
2020-09-21,ho1s,1,0.573606385485429,1
2020-09-22,rb1s,1,0.5432068004660264,1
2020-09-22,ho1s,1,0.5528243605615687,1
2020-09-22,cl1s,1,0.5470018992437446,1
2020-09-23,rb1s,1,0.5463865942192005,1
2020-09-23,ho1s,1,0.5562901529226781,1
2020-09-23,cl1s,1,0.5511519259232177,1
2020-09-24,cl1s,1,0.5530724613698023,1
2020-09-24,ho1s,1,0.5595150966777913,1
2020-09-24,ng1s,1,0.3818717271682839,1
2020-09-24,rb1s,1,0.5495283155994967,1
2020-09-25,rb1s,1,0.5255951915083654,1
2020-09-25,cl1s,1,0.5302471982386467,1
2020-09-25,ho1s,1,0.5360911957597809,1
2020-09-28,rb1s,0,0.5286008919329931,1
2020-09-28,cl1s,0,0.5332119501403189,1
2020-09-29,ho1s,1,0.5575208805360495,1
2020-09-29,cl1s,1,0.5510722237936909,1
2020-09-29,rb1s,1,0.5457120933537006,1
2020-09-30,rb1s,1,0.5370278296253236,1
2020-09-30,cl1s,1,0.5397984198760915,1
2020-09-30,ho1s,1,0.5454750760718893,1
2020-10-01,cl1s,1,0.547944932539095,1
2020-10-01,ho1s,1,0.5519180782191988,1
2020-10-01,rb1s,1,0.5446647096510236,1
2020-10-02,ho1s,1,0.5591212999408106,1
2020-10-02,cl1s,1,0.55423092289666,1
2020-10-02,rb1s,1,0.5499140239795783,1
2020-10-05,rb1s,0,0.5787858620890759,1
2020-10-05,cl1s,1,0.5828716491375309,1
2020-10-06,rb1s,0,0.5960106811182564,1
2020-10-07,cl1s,0,0.5957864570037388,1
2020-10-07,rb1s,0,0.5913786489826025,1
2020-10-08,cl1s,0,0.584984638652441,1
2020-10-08,rb1s,0,0.5803979605660178,1
2020-10-09,ng1s,0,0.409575780441828,1
2020-10-09,rb1s,0,0.577140571988116,1
2020-10-09,cl1s,0,0.581968107881308,1
2020-10-12,rb1s,0,0.58585397584181,1
2020-10-12,ng1s,0,0.4159126365215639,1
2020-10-12,cl1s,0,0.5911321489810017,1
2020-10-13,cl1s,0,0.6035278402937316,1
2020-10-13,rb1s,0,0.5989861297838308,1
2020-10-13,ng1s,0,0.42823589068773776,1
2020-10-14,cl1s,0,0.6128651697746564,1
2020-10-14,rb1s,0,0.6096493136277698,1
2020-10-14,ng1s,0,0.4406087110649193,1
2020-10-15,cl1s,0,0.6148296036838536,1
2020-10-15,rb1s,0,0.612416511638116,1
2020-10-16,cl1s,0,0.6128967932768126,1
2020-10-16,rb1s,0,0.6108692435485177,1
2020-10-19,rb1s,0,0.623962317927342,1
2020-10-19,cl1s,0,0.6251927005183137,1
2020-10-20,rb1s,0,0.6317220264134196,1
2020-10-20,cl1s,0,0.6341319066462208,1
2020-10-21,rb1s,0,0.6293896995934214,1
2020-10-21,cl1s,0,0.6314479396691723,1
2020-10-22,rb1s,0,0.6229711542607121,1
2020-10-22,cl1s,0,0.6262702683642594,1
2020-10-23,ho1s,0,0.6242161463342887,1
2020-10-23,cl1s,0,0.6204608921806906,1
2020-10-23,rb1s,0,0.617695603605905,1
2020-10-26,ng1s,1,0.4865379365839389,1
2020-10-26,ho1s,1,0.6624002945297044,1
2020-10-26,cl1s,1,0.6593051819194939,1
2020-10-26,rb1s,1,0.6551573113334312,1
2020-10-27,rb1s,0,0.6601915083628956,1
2020-10-27,ng1s,1,0.4959240681326234,1
2020-10-27,ho1s,1,0.6663027087391693,1
2020-10-27,cl1s,0,0.6636084736602981,1
2020-10-28,rb1s,1,0.6990473956860397,1
2020-10-28,cl1s,1,0.7026829180131544,1
2020-10-29,cl1s,1,0.6902029458491853,1
2020-10-29,rb1s,1,0.6863380882389031,1
2020-10-29,ho1s,1,0.6915539489015897,1
2020-10-30,ho1s,1,0.6910927266360847,1
2020-10-30,rb1s,1,0.6863492532694643,1
2020-10-30,cl1s,1,0.6904127379941936,1
2020-11-02,cl1s,1,0.6942957762900918,1
2020-11-02,rb1s,1,0.6907437419630259,1
2020-11-03,cl1s,1,0.6932971114622446,1
2020-11-03,rb1s,1,0.689744880816967,1
2020-11-04,cl1s,1,0.6440048184643448,1
2020-11-04,rb1s,1,0.6401319050113953,1
2020-11-05,rb1s,1,0.6197835681912564,1
2020-11-05,cl1s,1,0.6241889579374114,1
2020-11-06,cl1s,1,0.6041439566684561,1
2020-01-30,rb1s,0,0.46806753007476276,2
2020-01-30,cl1s,1,0.3673980403851432,2
2020-01-31,rb1s,0,0.5413261952184707,2
2020-01-31,ho1s,1,0.7014955397891084,2
2020-01-31,cl1s,0,0.40671107239300974,2
2020-02-03,ho1s,1,0.6947838174516702,2
2020-02-03,rb1s,0,0.5999297164980386,2
2020-02-04,ho1s,1,0.7498107747752426,2
2020-02-04,rb1s,1,0.7838345774175534,2
2020-02-05,rb1s,1,0.7122015401639858,2
2020-02-05,cl1s,1,0.676850915386234,2
2020-02-06,cl1s,1,0.7498829985814914,2
2020-02-06,rb1s,1,0.7645866169802228,2
2020-02-07,rb1s,1,0.6774124348804152,2
2020-02-07,cl1s,1,0.6502635828515376,2
2020-02-10,rb1s,1,0.5899311251889524,2
2020-02-10,cl1s,1,0.5515876193141708,2
2020-02-11,cl1s,0,0.6597426025758257,2
2020-02-11,rb1s,1,0.6445510363828302,2
2020-02-12,rb1s,0,0.5862189156424721,2
2020-02-12,cl1s,0,0.6923778113393863,2
2020-02-13,cl1s,0,0.7244382099659543,2
2020-02-13,rb1s,0,0.6191811059572906,2
2020-02-14,rb1s,0,0.62538688790148,2
2020-02-14,cl1s,0,0.7943752689179951,2
2020-02-18,rb1s,0,0.4216554561642581,2
2020-02-18,cl1s,0,0.6774355817228379,2
2020-02-19,rb1s,1,0.2600290872476689,2
2020-02-19,cl1s,0,0.6816783858794079,2
2020-02-20,cl1s,0,0.7895109337697542,2
2020-02-20,rb1s,1,0.3422426215027977,2
2020-02-21,rb1s,0,0.4636372112116723,2
2020-02-21,cl1s,0,0.7590484880289607,2
2020-02-24,cl1s,0,0.7410619021346515,2
2020-02-24,rb1s,0,0.5942962844824895,2
2020-02-25,rb1s,0,0.7022909946087968,2
2020-02-25,cl1s,0,0.7794351277510293,2
2020-02-26,cl1s,0,0.7809819213895013,2
2020-02-26,rb1s,0,0.8313976433943516,2
2020-02-27,cl1s,0,0.8983331302095898,2
2020-02-27,rb1s,0,0.9078502847872798,2
2020-02-28,cl1s,0,0.8600106098538185,2
2020-02-28,rb1s,0,0.872008120432667,2
2020-03-02,rb1s,0,0.9999083681278187,2
2020-03-03,rb1s,0,0.9999019345248561,2
2020-03-04,rb1s,0,0.9999324289544089,2
2020-03-05,rb1s,0,0.9999406435316706,2
2020-03-06,rb1s,0,0.9999251236362459,2
2020-03-09,rb1s,0,0.9999895628496581,2
2020-03-09,ho1s,0,0.9999934931461774,2
2020-03-10,rb1s,0,0.9999918720629938,2
2020-03-11,rb1s,1,0.9999895811804131,2
2020-03-12,rb1s,0,0.999998562500852,2
2020-03-13,rb1s,0,0.9999976010889532,2
2020-03-16,rb1s,0,0.9999996341914931,2
2020-03-17,rb1s,1,0.9999996261304936,2
2020-03-18,rb1s,0,0.9999998480282957,2
2020-03-18,cl1s,1,0.9999997649862497,2
2020-03-19,rb1s,1,0.9999997297507923,2
2020-03-20,cl1s,1,0.9999995713148829,2
2020-03-20,rb1s,1,0.9999998108557011,2
2020-03-23,cl1s,0,0.9999985265695229,2
2020-03-23,rb1s,0,0.9999999083168032,2
2020-03-24,cl1s,0,0.9999993570873617,2
2020-03-24,rb1s,0,0.9999999157487716,2
2020-03-25,rb1s,0,0.9999995381146249,2
2020-03-26,rb1s,0,0.9999943016882102,2
2020-03-26,cl1s,1,0.9999948050427387,2
2020-03-27,cl1s,1,0.9999933461124294,2
2020-03-27,rb1s,0,0.9999882479520209,2
2020-03-30,rb1s,0,0.9998610002000011,2
2020-03-30,cl1s,1,0.9999766353331097,2
2020-03-31,rb1s,0,0.5713789820935987,2
2020-04-01,rb1s,0,0.7889023362835199,2
2020-04-02,rb1s,0,0.8931237967447894,2
2020-04-03,rb1s,1,0.9094256816436773,2
2020-04-06,rb1s,1,0.6464602857165439,2
2020-04-07,rb1s,1,0.6848290463527941,2
2020-04-08,rb1s,1,0.6859176775963867,2
2020-04-09,rb1s,1,0.40521496199048906,2
2020-04-13,rb1s,1,0.26777361619294837,2
2020-04-14,rb1s,1,0.31111903852347,2
2020-04-15,ho1s,1,0.6769863020316433,2
2020-04-15,rb1s,1,0.3575965443289654,2
2020-04-16,rb1s,0,0.5010108581108182,2
2020-04-16,ho1s,1,0.7729501090403014,2
2020-04-17,rb1s,0,0.6192935995010433,2
2020-04-20,rb1s,0,0.8240877313203436,2
2020-04-21,rb1s,1,0.9844769899501784,2
2020-04-21,ho1s,1,0.9905043762360308,2
2020-04-21,cl1s,1,0.9993316508920084,2
2020-04-22,cl1s,1,0.9944338345083837,2
2020-04-22,rb1s,1,0.9191431766983437,2
2020-04-23,rb1s,1,0.9485720728341888,2
2020-04-23,cl1s,1,0.9931316832435878,2
2020-04-24,cl1s,1,0.9934483822128998,2
2020-04-24,rb1s,1,0.9524409774927238,2
2020-04-27,cl1s,1,0.997537091551264,2
2020-04-27,rb1s,1,0.9416157982571605,2
2020-04-28,cl1s,1,0.9944202074776644,2
2020-04-28,rb1s,1,0.9271174549073087,2
2020-04-29,cl1s,1,0.9868887110568731,2
2020-04-29,rb1s,1,0.8661611124674509,2
2020-04-30,cl1s,1,0.9873311331716736,2
2020-04-30,rb1s,0,0.8590622087903875,2
2020-05-01,rb1s,0,0.840598271531067,2
2020-05-01,cl1s,1,0.9865409376603925,2
2020-05-04,cl1s,1,0.9674074643789532,2
2020-05-04,rb1s,1,0.8257623852207342,2
2020-05-05,ng1s,1,0.5253645341712421,2
2020-05-05,rb1s,0,0.25487986676852903,2
2020-05-05,cl1s,1,0.49697742676362555,2
2020-05-06,rb1s,0,0.5114222400624495,2
2020-05-06,ng1s,1,0.6822891243148933,2
2020-05-06,cl1s,1,0.7533248674917941,2
2020-05-07,cl1s,1,0.8899580168329407,2
2020-05-07,rb1s,0,0.39004310341869275,2
2020-05-07,ng1s,1,0.6754831169270172,2
2020-05-08,rb1s,0,0.26843264911413856,2
2020-05-08,ng1s,1,0.6062435689926663,2
2020-05-08,cl1s,1,0.8374069496828993,2
2020-05-11,rb1s,0,0.19734182671854297,2
2020-05-11,ng1s,1,0.6076262657383718,2
2020-05-11,cl1s,1,0.5053534188760315,2
2020-05-12,cl1s,1,0.3860803423967,2
2020-05-12,ng1s,0,0.7466657199011039,2
2020-11-06,rb1s,1,0.27525010384996274,2
2020-11-09,cl1s,1,0.17909129060153925,2
2020-11-09,rb1s,1,0.14297957230685054,2
2020-11-10,cl1s,1,0.20567532501009958,2
2020-11-10,rb1s,1,0.11491597386074133,2
2020-11-11,rb1s,1,0.1400730197774307,2
2020-11-11,cl1s,1,0.19059323676782902,2
2020-11-12,rb1s,1,0.18002986397937357,2
2020-11-12,cl1s,1,0.287343420384905,2
2020-11-13,cl1s,1,0.2143563162944524,2
2020-11-13,rb1s,1,0.2145407764269602,2
2020-11-16,rb1s,1,0.2563548184927372,2
2020-11-16,cl1s,1,0.323280693348893,2
2020-11-17,rb1s,1,0.24436503688091518,2
2020-11-17,cl1s,1,0.23124389272698836,2
2020-11-18,rb1s,1,0.23515714609037486,2
2020-11-18,cl1s,1,0.24354485887101693,2
2020-11-19,rb1s,1,0.23742757616815896,2
2020-11-19,cl1s,1,0.19181077762799756,2
2020-11-20,rb1s,1,0.2555754879566782,2
2020-11-20,cl1s,1,0.2169062612617804,2
2020-11-23,rb1s,1,0.24235202746351855,2
2020-11-23,cl1s,1,0.30970278358125225,2
2020-11-24,cl1s,1,0.26970548107928405,2
2020-11-24,rb1s,1,0.2408318023451169,2
2020-11-25,rb1s,1,0.3717768598446273,2
2020-11-27,rb1s,1,0.3213343145659543,2
2020-11-30,rb1s,1,0.24434474274569504,2
2020-12-01,rb1s,1,0.3563739876713086,2
2020-12-01,cl1s,1,0.27905707129568885,2
2020-12-02,rb1s,1,0.2978726629410027,2
2020-12-02,cl1s,1,0.24234642801789996,2
2020-12-03,rb1s,1,0.27476149932687527,2
2020-12-03,cl1s,1,0.20282026842845594,2
2020-12-04,rb1s,1,0.2141675510460317,2
2020-12-04,cl1s,1,0.18311388646169258,2
2020-12-07,rb1s,1,0.16054293235246234,2
2020-12-07,cl1s,1,0.1799182392938162,2
2020-12-08,cl1s,1,0.22771039168804608,2
2020-12-08,rb1s,1,0.1863949201573008,2
2020-12-09,cl1s,1,0.28828187108188724,2
2020-12-09,rb1s,1,0.2385953591110822,2
2020-12-10,rb1s,1,0.24586556625903053,2
2020-12-11,rb1s,1,0.2708668968900687,2
2020-12-11,cl1s,1,0.41044103323396314,2
2020-12-14,rb1s,1,0.2882316395926979,2
2020-12-15,rb1s,1,0.24154145329986002,2
2020-12-16,rb1s,1,0.26184505428362975,2
2020-12-17,rb1s,0,0.2805259871257344,2
2020-12-18,rb1s,1,0.22222257257603012,2
2020-12-18,ho1s,0,0.3518883913933513,2
2020-12-21,ho1s,0,0.26304455044530434,2
2020-12-21,rb1s,1,0.3539524048092545,2
2020-12-22,rb1s,1,0.43009633042573286,2
2020-12-23,rb1s,1,0.4144951657609458,2
2020-12-24,rb1s,1,0.4312068237582466,2
2020-12-28,rb1s,1,0.31186805755863706,2
2020-12-29,rb1s,1,0.26070728726253156,2
2020-12-30,rb1s,1,0.25881776902338555,2
2020-12-31,rb1s,1,0.26086891218820296,2
2021-01-04,ho1s,1,0.5475689252601076,2
2021-01-04,rb1s,1,0.5209958212578931,2
2021-01-04,cl1s,1,0.4300938187287841,2
2021-01-05,rb1s,1,0.510854851285594,2
2021-01-05,cl1s,1,0.4194793197590724,2
2021-01-06,rb1s,0,0.38912893698640855,2
2021-01-06,cl1s,1,0.48212774136001363,2
2021-01-07,rb1s,0,0.2274230760868439,2
2021-01-07,cl1s,1,0.5083748219612146,2
2021-01-08,rb1s,0,0.3691428701016364,2
2021-01-08,cl1s,1,0.5658259502556412,2
2021-01-11,rb1s,0,0.4558941316650485,2
2021-01-11,cl1s,1,0.6960986036094028,2
2021-01-12,rb1s,0,0.3974084409629337,2
2021-01-13,rb1s,0,0.5222894116692384,2
2021-01-14,rb1s,1,0.43944471598355483,2
2021-01-15,rb1s,0,0.5181587125772207,2
2021-01-15,cl1s,1,0.6950717748777506,2
2021-01-19,cl1s,1,0.5854968887237901,2
2021-01-19,rb1s,0,0.3722040400656834,2
2021-01-20,cl1s,1,0.6674798709262505,2
2021-01-20,rb1s,0,0.39502704053151505,2
2021-01-21,cl1s,1,0.6576553174398231,2
2021-01-21,rb1s,0,0.31273667892522433,2
2021-01-22,rb1s,0,0.44201536068013814,2
2021-01-25,rb1s,0,0.5251391406516399,2
2021-01-26,rb1s,0,0.4706301715582522,2
2021-01-27,rb1s,0,0.7011445550411743,2
2021-01-28,rb1s,0,0.4902286653613587,2
2021-01-29,rb1s,0,0.5362320859299098,2
2021-02-01,rb1s,0,0.5394590527952731,2
2021-02-02,rb1s,0,0.49489679212768806,2
2021-02-03,rb1s,0,0.2927559830677923,2
2021-02-04,rb1s,0,0.2945659256957991,2
2021-02-04,cl1s,0,0.30279779698857,2
2021-02-05,rb1s,0,0.19903435531728378,2
2021-02-05,cl1s,0,0.251662963618116,2
2021-02-08,rb1s,0,0.08242009246925279,2
2021-02-08,cl1s,0,0.22257793232159448,2
2021-02-09,rb1s,0,0.1732923252114523,2
2021-02-09,cl1s,0,0.3325051554297423,2
2021-02-10,cl1s,0,0.39462290164525415,2
2021-02-10,rb1s,0,0.23840608247772913,2
2021-02-11,cl1s,0,0.3796273677493017,2
2021-02-11,rb1s,0,0.22679302916259703,2
2021-02-12,rb1s,0,0.2788776361569718,2
2021-02-12,cl1s,0,0.39664990000820205,2
2021-02-16,cl1s,0,0.17037922683212287,2
2021-02-16,ng1s,1,0.06441822904008589,2
2021-02-16,rb1s,0,0.15215054809700096,2
2021-02-17,rb1s,0,0.2673375220481177,2
2021-02-17,cl1s,0,0.27941288532617553,2
2021-02-18,rb1s,0,0.3318812562958723,2
2021-02-18,cl1s,0,0.23235570273029388,2
2021-02-19,cl1s,0,0.2051248570284072,2
2021-02-19,rb1s,0,0.22697966453689541,2
2021-02-22,cl1s,0,0.16258403855072046,2
2021-02-22,rb1s,0,0.2875383760590123,2
2021-02-23,rb1s,0,0.3741558478789797,2
2021-02-23,cl1s,0,0.23918148542356998,2
2021-02-24,cl1s,0,0.1711767336725101,2
2021-02-24,rb1s,0,0.2757728504509578,2
2021-02-25,cl1s,0,0.1780607980296112,2
2021-02-25,rb1s,0,0.19661789284938902,2
2021-02-26,rb1s,0,0.2118426151751893,2
2021-03-01,rb1s,0,0.47117898234572836,2
2020-01-30,rb1s,0,0.8977141357387363,3
2020-01-30,cl1s,1,0.7587764592373539,3
2020-01-31,rb1s,0,0.9680964335326018,3
2020-01-31,ho1s,1,0.9999795942882745,3
2020-01-31,cl1s,0,0.9168042263745569,3
2020-02-03,ho1s,1,0.9999980498977352,3
2020-02-03,rb1s,0,0.9992631138087564,3
2020-02-04,ho1s,1,0.9999969719068886,3
2020-02-04,rb1s,1,0.9999860612611909,3
2020-02-05,rb1s,1,0.9997294096190243,3
2020-02-05,cl1s,1,0.9992661746168486,3
2020-02-06,cl1s,1,0.9997513500080337,3
2020-02-06,rb1s,1,0.9999431795061646,3
2020-02-07,rb1s,1,0.9996888367779718,3
2020-02-07,cl1s,1,0.999719845231737,3
2020-02-10,rb1s,1,0.9995254418324339,3
2020-02-10,cl1s,1,0.9997132255878795,3
2020-02-11,cl1s,0,0.9998866128567847,3
2020-02-11,rb1s,1,0.9999094644006616,3
2020-02-12,rb1s,0,0.994813815388944,3
2020-02-12,cl1s,0,0.9998209760924359,3
2020-02-13,cl1s,0,0.9997359196761927,3
2020-02-13,rb1s,0,0.9938727230935094,3
2020-02-14,rb1s,0,0.9915362492552854,3
2020-02-14,cl1s,0,0.9997597139760338,3
2020-02-18,rb1s,0,0.809796457941243,3
2020-02-18,cl1s,0,0.9992152457119661,3
2020-02-19,rb1s,1,0.0028949667523169393,3
2020-02-19,cl1s,0,0.9843789183046523,3
2020-02-20,cl1s,0,0.9876907185988648,3
2020-02-20,rb1s,1,0.022480722769690355,3
2020-02-21,rb1s,0,0.3806265933641861,3
2020-02-21,cl1s,0,0.9488277030106954,3
2020-02-24,cl1s,0,0.9976821953069633,3
2020-02-24,rb1s,0,0.984803130931804,3
2020-02-25,rb1s,0,0.9970381109980166,3
2020-02-25,cl1s,0,0.9996071349051427,3
2020-02-26,cl1s,0,0.9997207205387038,3
2020-02-26,rb1s,0,0.9996390093380524,3
2020-02-27,cl1s,0,0.9999916219462607,3
2020-02-27,rb1s,0,0.9999910793486139,3
2020-02-28,cl1s,0,0.9999791894903128,3
2020-02-28,rb1s,0,0.9999871678792962,3
2020-03-02,rb1s,0,0.14534132736176186,3
2020-03-03,rb1s,0,0.2890352581031885,3
2020-03-04,rb1s,0,0.17798118349790668,3
2020-03-05,rb1s,0,0.37998825842036427,3
2020-03-06,rb1s,0,0.4086948730036947,3
2020-03-09,rb1s,0,0.9997096005702394,3
2020-03-09,ho1s,0,0.9999386893326473,3
2020-03-10,rb1s,0,0.9715379580829342,3
2020-03-11,rb1s,1,0.8204515499788381,3
2020-03-12,rb1s,0,0.9999961782083786,3
2020-03-13,rb1s,0,0.9999580160873528,3
2020-03-16,rb1s,0,0.999999870586087,3
2020-03-17,rb1s,1,0.9999998292988319,3
2020-03-18,rb1s,0,0.9999964824592523,3
2020-03-18,cl1s,1,0.5974682590088006,3
2020-03-19,rb1s,1,0.9999868868240381,3
2020-03-20,cl1s,1,0.00019510605777859052,3
2020-03-20,rb1s,1,0.9999363617733181,3
2020-03-23,cl1s,0,0.0008531309608870124,3
2020-03-23,rb1s,0,0.9999973338545298,3
2020-03-24,cl1s,0,0.0367136322349913,3
2020-03-24,rb1s,0,0.9999999950599157,3
2020-03-25,rb1s,0,0.9997063012786066,3
2020-03-26,rb1s,0,0.8138821556455039,3
2020-03-26,cl1s,1,6.886168759111548e-05,3
2020-03-27,cl1s,1,4.8706424834238024e-05,3
2020-03-27,rb1s,0,0.8807176181938806,3
2020-03-30,rb1s,0,0.0019775210223424,3
2020-03-30,cl1s,1,1.6251264590732693e-06,3
2020-03-31,rb1s,0,0.9278702341511733,3
2020-04-01,rb1s,0,0.9996031973968215,3
2020-04-02,rb1s,0,0.9973443429003822,3
2020-04-03,rb1s,1,0.9975670754823159,3
2020-04-06,rb1s,1,0.9822898938242657,3
2020-04-07,rb1s,1,0.9832983362754684,3
2020-04-08,rb1s,1,0.8999159470096297,3
2020-04-09,rb1s,1,0.06672776934011,3
2020-04-13,rb1s,1,0.05962467344039358,3
2020-04-14,rb1s,1,0.2627142733625171,3
2020-04-15,ho1s,1,0.9995356472554203,3
2020-04-15,rb1s,1,0.38353907644681196,3
2020-04-16,rb1s,0,0.8165711705790895,3
2020-04-16,ho1s,1,0.9991318749723088,3
2020-04-17,rb1s,0,0.9789651064921878,3
2020-04-20,rb1s,0,0.9999444546456234,3
2020-04-21,rb1s,1,0.999999999961539,3
2020-04-21,ho1s,1,0.9999999974755924,3
2020-04-21,cl1s,1,0.9996847258456716,3
2020-04-22,cl1s,1,0.99872407810428,3
2020-04-22,rb1s,1,0.9999989164932588,3
2020-04-23,rb1s,1,0.9999961726839347,3
2020-04-23,cl1s,1,0.3972741307018299,3
2020-04-24,cl1s,1,0.13309675707374488,3
2020-04-24,rb1s,1,0.9999964812782134,3
2020-04-27,cl1s,1,0.7235285205403301,3
2020-04-27,rb1s,1,0.9999957327403356,3
2020-04-28,cl1s,1,0.8108172778728132,3
2020-04-28,rb1s,1,0.9999572458288495,3
2020-04-29,cl1s,1,0.014455667080662244,3
2020-04-29,rb1s,1,0.9956892650085609,3
2020-04-30,cl1s,1,6.833913641153354e-05,3
2020-04-30,rb1s,0,0.1225206155558406,3
2020-05-01,rb1s,0,0.6850898226988077,3
2020-05-01,cl1s,1,0.0010873047276244048,3
2020-05-04,cl1s,1,0.002764249123706409,3
2020-05-04,rb1s,1,0.9682942082338205,3
2020-05-05,ng1s,1,0.00019543529058832067,3
2020-05-05,rb1s,0,0.00013711087347441006,3
2020-05-05,cl1s,1,3.0733690963072077e-08,3
2020-05-06,rb1s,0,0.004469287103579758,3
2020-05-06,ng1s,1,0.0009353626528312232,3
2020-05-06,cl1s,1,3.0484302733925913e-07,3
2020-05-07,cl1s,1,0.00014429827233372985,3
2020-05-07,rb1s,0,0.007820906196545525,3
2020-05-07,ng1s,1,0.002828387361793509,3
2020-05-08,rb1s,0,0.0005104488440586089,3
2020-05-08,ng1s,1,0.0006877519052188161,3
2020-05-08,cl1s,1,1.3113340438038254e-05,3
2020-05-11,rb1s,0,0.0032962251490540263,3
2020-05-11,ng1s,1,0.0008426985008919196,3
2020-05-11,cl1s,1,1.1056281439655726e-06,3
2020-05-12,cl1s,1,5.594386968804169e-06,3
2020-05-12,ng1s,0,0.4063970468672642,3
2021-03-02,rb1s,0,7.764992655026041e-05,3
2021-03-03,rb1s,0,6.451512405704774e-05,3
2021-03-04,rb1s,0,1.8110323107191574e-05,3
2021-03-05,cl1s,1,2.213491986750613e-05,3
2021-03-05,rb1s,1,8.515587981927323e-06,3
2021-03-08,rb1s,1,2.3294707333912946e-05,3
2021-03-08,cl1s,1,8.897278588200272e-05,3
2021-03-09,rb1s,1,0.0001617804488430899,3
2021-03-10,rb1s,1,2.04873040724591e-05,3
2021-03-11,rb1s,1,5.377787020305571e-06,3
2021-03-12,rb1s,1,7.932261854016671e-07,3
2021-03-15,rb1s,1,4.913002914497293e-06,3
2021-03-16,rb1s,1,1.790299810466731e-05,3
2021-03-17,rb1s,1,7.491199011016713e-05,3
2021-03-18,rb1s,1,0.03317549107990702,3
2021-03-19,rb1s,1,0.5615916235220269,3
2021-03-22,rb1s,1,0.6670168913428155,3
2021-03-23,rb1s,0,0.3679275792419167,3
2021-03-24,rb1s,0,0.08823179797126973,3
2021-03-25,rb1s,1,0.3275955867060468,3
2021-03-26,rb1s,1,0.004496119809341288,3
2021-03-29,rb1s,1,0.006422353266643157,3
2021-03-30,rb1s,0,0.00583409644204207,3
2021-03-31,rb1s,0,0.07466507065420697,3
2021-04-01,rb1s,0,0.011418659885226399,3
2021-04-05,rb1s,0,0.7368349007581355,3
2021-04-06,rb1s,0,0.8557634767774056,3
2021-04-07,rb1s,0,0.8137960339602717,3
2021-04-08,rb1s,0,0.9202807844910268,3
2021-04-09,rb1s,0,0.8228831282320911,3
2021-04-12,rb1s,0,0.9495188320354528,3
2021-04-13,rb1s,0,0.9486489173458548,3
2021-04-14,rb1s,0,0.7090609451228338,3
2021-04-15,cl1s,1,0.5956137355869551,3
2021-04-15,rb1s,0,0.3417038638363082,3
2021-04-16,cl1s,1,0.8883706462237048,3
2021-04-16,rb1s,0,0.9364125196714058,3
2021-04-19,cl1s,1,0.9552657215190921,3
2021-04-19,rb1s,0,0.991173025092672,3
2021-04-20,rb1s,0,0.990617745791433,3
2021-04-20,cl1s,1,0.9413757575035203,3
2021-04-21,rb1s,0,0.9984463656095669,3
2021-04-21,cl1s,1,0.9969546625818434,3
2021-04-22,rb1s,0,0.9998680472816326,3
2021-04-22,cl1s,1,0.9984001458885247,3
2021-04-23,rb1s,0,0.999378722401108,3
2021-04-23,cl1s,1,0.9945748240113734,3
2021-04-26,cl1s,1,0.9988411291825601,3
2021-04-26,rb1s,0,0.9998549700129202,3
2021-04-27,cl1s,1,0.9964757717692534,3
2021-04-27,rb1s,0,0.9992495162483405,3
2021-04-28,cl1s,1,0.988320965048782,3
2021-04-28,rb1s,0,0.9908037612959836,3
2021-04-29,rb1s,1,0.9854958350400645,3
2021-04-29,cl1s,0,0.9881390879584552,3
2021-04-30,cl1s,1,0.9925810321364557,3
2021-04-30,rb1s,0,0.9944588745506623,3
2021-05-03,cl1s,1,0.9985253696075397,3
2021-05-03,rb1s,1,0.9999779767776186,3
2021-05-04,cl1s,0,0.9927879054384681,3
2021-05-04,rb1s,0,0.9141450816686688,3
2021-05-05,rb1s,1,0.9360124864149036,3
2021-05-05,cl1s,0,0.9910446120042171,3
2021-05-06,rb1s,1,0.7464177891690298,3
2021-05-07,rb1s,1,0.9384861975294888,3
2021-05-10,rb1s,1,0.9858533396625276,3
2021-05-11,rb1s,1,0.9903134961059773,3
2021-05-12,rb1s,1,0.9873733702904297,3
2021-05-12,cl1s,1,0.9986168036033093,3
2021-05-13,rb1s,1,0.999786832356167,3
2021-05-14,rb1s,1,0.9977424644329138,3
2021-05-14,cl1s,1,0.9790065546903746,3
2021-05-17,cl1s,1,0.9548024151278687,3
2021-05-17,rb1s,1,0.9960195380135667,3
2021-05-18,rb1s,1,0.9925553256514505,3
2021-05-19,rb1s,1,0.9660709801849466,3
2021-05-19,cl1s,1,0.5209954745098468,3
2021-05-20,cl1s,1,0.9262901506797779,3
2021-05-20,rb1s,1,0.9957656206203769,3
2021-05-21,cl1s,1,0.8430292776994628,3
2021-05-21,rb1s,1,0.9838856096990267,3
2021-05-24,cl1s,1,0.5598431713143212,3
2021-05-24,rb1s,0,0.4624905113117622,3
2021-05-25,cl1s,1,0.6922713618843297,3
2021-05-25,rb1s,0,0.33917814382808464,3
2021-05-26,rb1s,0,0.026386939133214934,3
2021-05-26,cl1s,1,0.3971154382192607,3
2021-05-27,cl1s,1,0.24471304012695597,3
2021-05-27,rb1s,0,0.009770198367372758,3
2021-05-28,cl1s,1,0.6612175242375532,3
2021-05-28,rb1s,0,0.13707920246273048,3
2021-06-01,cl1s,1,0.5980228207891816,3
2021-06-01,rb1s,0,0.030770327074693536,3
2021-06-02,cl1s,1,0.5806997977834195,3
2021-06-02,rb1s,1,0.04300905401309526,3
2021-06-03,cl1s,1,0.5799526572689003,3
2021-06-03,rb1s,1,0.06737434659664385,3
2021-06-04,rb1s,1,0.6726986850178274,3
2021-06-04,cl1s,1,0.9646053641630907,3
2021-06-07,cl1s,1,0.9942177354600867,3
2021-06-07,rb1s,0,0.9633576821636065,3
2021-06-08,rb1s,0,0.9029625295860984,3
2021-06-08,cl1s,1,0.9936501196070757,3
2021-06-09,rb1s,0,0.8304775345728538,3
2021-06-09,cl1s,1,0.9921253831578716,3
2021-06-10,rb1s,0,0.9837626439054061,3
2021-06-10,cl1s,1,0.999113767921517,3
2021-06-11,rb1s,0,0.9683647752703171,3
2021-06-14,rb1s,0,0.9848260709461631,3
2021-06-15,rb1s,0,0.9975151312687307,3
2021-06-15,cl1s,1,0.9996617933988099,3
2021-06-16,rb1s,0,0.9994203385361943,3
2021-06-16,cl1s,1,0.9992630923014054,3
2021-06-17,rb1s,0,0.9985106718168036,3
2021-06-17,cl1s,1,0.997404160462542,3
2021-06-17,ho1s,1,0.9225613442452039,3
2021-06-18,cl1s,1,0.92691508064089,3
2021-06-18,rb1s,0,0.9416380339965699,3
2021-06-21,rb1s,0,0.8740913362405556,3
2021-06-21,cl1s,1,0.8870289812166161,3
2021-06-22,rb1s,1,0.8022356001466999,3
2021-06-22,cl1s,0,0.9038002258111849,3
2021-06-23,rb1s,1,0.7692996986707389,3
2021-06-24,rb1s,0,0.5962713237982011,3
2021-06-24,cl1s,1,0.6941384588107464,3
2021-06-25,rb1s,0,0.691196014520169,3
2020-01-30,rb1s,0,0.36448722954569046,4
2020-01-30,cl1s,1,0.36448722954569046,4
2020-01-31,rb1s,0,0.3634969795919841,4
2020-01-31,ho1s,1,0.5446759521172748,4
2020-01-31,cl1s,0,0.3634969795919841,4
2020-02-03,ho1s,1,0.5460798117644138,4
2020-02-03,rb1s,0,0.3648080071245487,4
2020-02-04,ho1s,1,0.5535310563615298,4
2020-02-04,rb1s,1,0.5535310563615298,4
2020-02-05,rb1s,1,0.5601881980262163,4
2020-02-05,cl1s,1,0.5601881980262163,4
2020-02-06,cl1s,1,0.5647713822781844,4
2020-02-06,rb1s,1,0.5647713822781844,4
2020-02-07,rb1s,1,0.5579854624144676,4
2020-02-07,cl1s,1,0.5579854624144676,4
2020-02-10,rb1s,1,0.5540806326354599,4
2020-02-10,cl1s,1,0.5540806326354599,4
2020-02-11,cl1s,0,0.5594578373704949,4
2020-02-11,rb1s,1,0.5594578373704949,4
2020-02-12,rb1s,0,0.5615907273863597,4
2020-02-12,cl1s,0,0.5615907273863597,4
2020-02-13,cl1s,0,0.5616669915651638,4
2020-02-13,rb1s,0,0.5616669915651638,4
2020-02-14,rb1s,0,0.5627360696366256,4
2020-02-14,cl1s,0,0.5627360696366256,4
2020-02-18,rb1s,0,0.5545753358225702,4
2020-02-18,cl1s,0,0.5545753358225702,4
2020-02-19,rb1s,1,0.3726527022161748,4
2020-02-19,cl1s,0,0.5544201815778901,4
2020-02-20,cl1s,0,0.552544504774438,4
2020-02-20,rb1s,1,0.37088011825372713,4
2020-02-21,rb1s,0,0.5460268837408027,4
2020-02-21,cl1s,0,0.5460268837408027,4
2020-02-24,cl1s,0,0.532794324508553,4
2020-02-24,rb1s,0,0.532794324508553,4
2020-02-25,rb1s,0,0.5359514491546665,4
2020-02-25,cl1s,0,0.5359514491546665,4
2020-02-26,cl1s,0,0.5391851894692895,4
2020-02-26,rb1s,0,0.5391851894692895,4
2020-02-27,cl1s,0,0.5366385128807954,4
2020-02-27,rb1s,0,0.5366385128807954,4
2020-02-28,cl1s,0,0.5277398145133625,4
2020-02-28,rb1s,0,0.5277398145133625,4
2020-03-02,rb1s,0,0.535661367031956,4
2020-03-03,rb1s,0,0.5397069838196968,4
2020-03-04,rb1s,0,0.5498676336171086,4
2020-03-05,rb1s,0,0.5461559150054257,4
2020-03-06,rb1s,0,0.5334544292754474,4
2020-03-09,rb1s,0,0.523534089154665,4
2020-03-09,ho1s,0,0.523534089154665,4
2020-03-10,rb1s,0,0.5437297918539498,4
2020-03-11,rb1s,1,0.36262886419863627,4
2020-03-12,rb1s,0,0.5371360741920361,4
2020-03-13,rb1s,0,0.5440495862645267,4
2020-03-16,rb1s,0,0.5498548441262612,4
2020-03-17,rb1s,1,0.3735466034515064,4
2020-03-18,rb1s,0,0.369600608031944,4
2020-03-18,cl1s,1,0.5511873581626532,4
2020-03-19,rb1s,1,0.3654152408947726,4
2020-03-20,cl1s,1,0.549861460659968,4
2020-03-20,rb1s,1,0.3683530188250504,4
2020-03-23,cl1s,0,0.5500437848909658,4
2020-03-23,rb1s,0,0.3685244309901371,4
2020-03-24,cl1s,0,0.5578241012027257,4
2020-03-24,rb1s,0,0.37588205982438894,4
2020-03-25,rb1s,0,0.3830213432083295,4
2020-03-26,rb1s,0,0.3827703781597314,4
2020-03-26,cl1s,1,0.5650280950255061,4
2020-03-27,cl1s,1,0.5657975168171997,4
2020-03-27,rb1s,0,0.3835104368902484,4
2020-03-30,rb1s,0,0.38293515341412104,4
2020-03-30,cl1s,1,0.5651994840304507,4
2020-03-31,rb1s,0,0.3850863959009334,4
2020-04-01,rb1s,0,0.3854249381695644,4
2020-04-02,rb1s,0,0.3888968830889055,4
2020-04-03,rb1s,1,0.3910495677538438,4
2020-04-06,rb1s,1,0.3907633240960755,4
2020-04-07,rb1s,1,0.3890681291790062,4
2020-04-08,rb1s,1,0.3881441303140442,4
2020-04-09,rb1s,1,0.38873239486639044,4
2020-04-13,rb1s,1,0.3885480471809515,4
2020-04-14,rb1s,1,0.39077220640716853,4
2020-04-15,ho1s,1,0.39062128397356743,4
2020-04-15,rb1s,1,0.39062128397356743,4
2020-04-16,rb1s,0,0.3909476219599189,4
2020-04-16,ho1s,1,0.3909476219599189,4
2020-04-17,rb1s,0,0.39083657562242186,4
2020-04-20,rb1s,0,0.3906104507412159,4
2020-04-21,rb1s,1,0.5720679645073428,4
2020-04-21,ho1s,1,0.5720679645073428,4
2020-04-21,cl1s,1,0.5720679645073428,4
2020-04-22,cl1s,1,0.5726630217103245,4
2020-04-22,rb1s,1,0.5726630217103245,4
2020-04-23,rb1s,1,0.5744072575256013,4
2020-04-23,cl1s,1,0.5744072575256013,4
2020-04-24,cl1s,1,0.5745875636822225,4
2020-04-24,rb1s,1,0.5745875636822225,4
2020-04-27,cl1s,1,0.5756742306355298,4
2020-04-27,rb1s,1,0.5756742306355298,4
2020-04-28,cl1s,1,0.5768952646720894,4
2020-04-28,rb1s,1,0.5768952646720894,4
2020-04-29,cl1s,1,0.5774114819442338,4
2020-04-29,rb1s,1,0.5774114819442338,4
2020-04-30,cl1s,1,0.5785325872144756,4
2020-04-30,rb1s,0,0.3958834153676675,4
2020-05-01,rb1s,0,0.3973753862156996,4
2020-05-01,cl1s,1,0.5800519781440772,4
2020-05-04,cl1s,1,0.579404344897273,4
2020-05-04,rb1s,1,0.579404344897273,4
2020-05-05,ng1s,1,0.39640271702785207,4
2020-05-05,rb1s,0,0.39640271702785207,4
2020-05-05,cl1s,1,0.5790618255152892,4
2020-05-06,rb1s,0,0.3957077696337468,4
2020-05-06,ng1s,1,0.3957077696337468,4
2020-05-06,cl1s,1,0.5783534855472662,4
2020-05-07,cl1s,1,0.5770626306891928,4
2020-05-07,rb1s,0,0.39444321543325084,4
2020-05-07,ng1s,1,0.39444321543325084,4
2020-05-08,rb1s,0,0.3934863364751189,4
2020-05-08,ng1s,1,0.3934863364751189,4
2020-05-08,cl1s,1,0.5760841900331529,4
2020-05-11,rb1s,0,0.3921376712912193,4
2020-05-11,ng1s,1,0.3921376712912193,4
2020-05-11,cl1s,1,0.5747026997236703,4
2020-05-12,cl1s,1,0.5747549363541793,4
2020-05-12,ng1s,0,0.39218861611125205,4
2021-06-25,cl1s,1,0.5690399283007924,4
2021-06-28,rb1s,0,0.3847261637915553,4
2021-06-28,ho1s,1,0.5670595755533878,4
2021-06-28,cl1s,1,0.5670595755533878,4
2021-06-29,rb1s,0,0.38350120394581594,4
2021-06-29,cl1s,1,0.5657879229492321,4
2021-06-29,ho1s,1,0.5657879229492321,4
2021-06-30,cl1s,0,0.5644098008756734,4
2021-06-30,rb1s,0,0.3821762913825072,4
2021-07-01,cl1s,0,0.5636725044599737,4
2021-07-01,rb1s,1,0.38146857294965647,4
2021-07-02,rb1s,1,0.3934554891314555,4
2021-07-02,cl1s,0,0.5760526237573184,4
2021-07-06,rb1s,1,0.3828225438157263,4
2021-07-06,cl1s,0,0.565082359220444,4
2021-07-07,rb1s,0,0.3727416869724175,4
2021-07-07,ho1s,0,0.5545142053792096,4
2021-07-07,cl1s,0,0.5545142053792096,4
2021-07-08,rb1s,0,0.37050295493188784,4
2021-07-08,ho1s,0,0.5521447375828182,4
2021-07-08,cl1s,0,0.5521447375828182,4
2021-07-09,cl1s,0,0.5563638756478335,4
2021-07-09,rb1s,1,0.37449473443053993,4
2021-07-12,cl1s,0,0.5536823960325818,4
2021-07-12,rb1s,1,0.37195488414515077,4
2021-07-13,cl1s,0,0.5530709288071177,4
2021-07-13,rb1s,1,0.37137711503825616,4
2021-07-14,rb1s,1,0.3802015808404586,4
2021-07-14,cl1s,0,0.5623505456504448,4
2021-07-15,rb1s,0,0.3809515390665291,4
2021-07-15,cl1s,0,0.5631333523206029,4
2021-07-16,cl1s,0,0.5596666966308104,4
2021-07-16,rb1s,0,0.3776369364509628,4
2021-07-19,rb1s,1,0.5355507099017749,4
2021-07-19,cl1s,1,0.5355507099017749,4
2021-07-20,rb1s,1,0.5345372571411107,4
2021-07-20,cl1s,1,0.5345372571411107,4
2021-07-21,rb1s,1,0.5452595930362586,4
2021-07-21,cl1s,0,0.5452595930362586,4
2021-07-22,rb1s,1,0.5468936677489088,4
2021-07-22,cl1s,0,0.5468936677489088,4
2021-07-23,cl1s,0,0.5470675255644506,4
2021-07-23,rb1s,0,0.5470675255644506,4
2021-07-26,rb1s,0,0.5409840510816317,4
2021-07-26,cl1s,0,0.5409840510816317,4
2021-07-27,rb1s,0,0.5409218074987222,4
2021-07-27,cl1s,0,0.5409218074987222,4
2021-07-28,cl1s,0,0.5558953998065174,4
2021-07-28,rb1s,1,0.5558953998065174,4
2021-07-29,cl1s,0,0.556714051132066,4
2021-07-29,rb1s,0,0.556714051132066,4
2021-07-30,cl1s,0,0.5588723235253403,4
2021-07-30,rb1s,0,0.5588723235253403,4
2021-08-02,rb1s,0,0.5535372341974876,4
2021-08-02,cl1s,0,0.5535372341974876,4
2021-08-03,cl1s,0,0.5519706844877159,4
2021-08-03,rb1s,0,0.5519706844877159,4
2021-08-04,cl1s,0,0.55714031804275,4
2021-08-04,rb1s,0,0.55714031804275,4
2021-08-05,rb1s,0,0.5558438463384037,4
2021-08-05,cl1s,0,0.5558438463384037,4
2021-08-06,rb1s,0,0.5578293897934467,4
2021-08-06,cl1s,0,0.5578293897934467,4
2021-08-09,cl1s,0,0.5528430471120097,4
2021-08-09,rb1s,0,0.5528430471120097,4
2021-08-10,rb1s,0,0.5519679539302939,4
2021-08-10,cl1s,0,0.5519679539302939,4
2021-08-11,cl1s,0,0.5620717899469135,4
2021-08-11,rb1s,0,0.5620717899469135,4
2021-08-12,cl1s,0,0.5676649819967355,4
2021-08-12,rb1s,0,0.5676649819967355,4
2021-08-13,rb1s,0,0.5705463418023589,4
2021-08-13,cl1s,1,0.5705463418023589,4
2021-08-16,rb1s,0,0.5639759128796701,4
2021-08-16,cl1s,1,0.5639759128796701,4
2021-08-17,cl1s,1,0.5626477659611957,4
2021-08-17,rb1s,1,0.5626477659611957,4
2021-08-18,cl1s,1,0.5666172369363072,4
2021-08-18,rb1s,1,0.5666172369363072,4
2021-08-19,cl1s,1,0.5644832500528195,4
2021-08-19,rb1s,1,0.5644832500528195,4
2021-08-20,cl1s,1,0.5634014411342543,4
2021-08-20,rb1s,1,0.5634014411342543,4
2021-08-23,cl1s,1,0.5596175675803874,4
2021-08-23,rb1s,1,0.5596175675803874,4
2021-08-24,rb1s,1,0.5584299769042352,4
2021-08-24,cl1s,1,0.5584299769042352,4
2021-08-25,rb1s,0,0.5561034990692785,4
2021-08-25,cl1s,0,0.5561034990692785,4
2021-08-26,cl1s,1,0.5583146720949207,4
2021-08-26,rb1s,1,0.5583146720949207,4
2021-08-27,cl1s,1,0.567855448942164,4
2021-08-27,rb1s,1,0.567855448942164,4
2021-08-30,rb1s,1,0.5641980973911227,4
2021-08-30,cl1s,1,0.5641980973911227,4
2021-08-31,cl1s,1,0.5656575191042348,4
2021-08-31,rb1s,1,0.5656575191042348,4
2021-09-01,rb1s,1,0.568733557774215,4
2021-09-01,cl1s,1,0.568733557774215,4
2021-09-02,rb1s,1,0.5739648625505782,4
2021-09-02,cl1s,1,0.5739648625505782,4
2021-09-03,cl1s,1,0.5802389291844338,4
2021-09-03,rb1s,0,0.5802389291844338,4
2021-09-07,rb1s,0,0.5724244066977808,4
2021-09-07,cl1s,1,0.5724244066977808,4
2021-09-08,rb1s,0,0.5726664224785687,4
2021-09-08,cl1s,1,0.5726664224785687,4
2021-09-09,rb1s,1,0.58194591110743,4
2021-09-09,cl1s,1,0.58194591110743,4
2021-09-10,rb1s,1,0.5828888368018873,4
2021-09-10,cl1s,1,0.5828888368018873,4
2021-09-13,cl1s,1,0.5794930540678472,4
2021-09-13,rb1s,1,0.5794930540678472,4
2021-09-14,rb1s,1,0.5816343004267438,4
2021-09-14,cl1s,1,0.5816343004267438,4
2021-09-15,rb1s,1,0.5771330693202156,4
2021-09-15,cl1s,1,0.5771330693202156,4
2021-09-16,rb1s,1,0.5774942703453695,4
2021-09-16,cl1s,1,0.5774942703453695,4
2021-09-17,cl1s,1,0.5729736504861604,4
2021-09-17,rb1s,1,0.5729736504861604,4
2021-09-20,cl1s,1,0.5661145790502276,4
2021-09-20,rb1s,1,0.5661145790502276,4
2021-09-21,rb1s,1,0.566955126029123,4
2021-09-21,cl1s,1,0.566955126029123,4
2021-09-22,cl1s,1,0.5734257704279113,4
2021-09-22,rb1s,1,0.5734257704279113,4
2021-09-23,rb1s,0,0.3891828561260289,4
2021-09-24,rb1s,1,0.5689879262772741,4
2021-09-27,rb1s,1,0.5650958259332095,4
2021-09-28,rb1s,1,0.5606944760134859,4
2020-05-12,rb1s,0,0.530668967109327,5
2020-05-13,rb1s,1,0.8226797370973744,5
2020-05-13,cl1s,1,0.8944521116777914,5
2020-05-14,rb1s,0,0.5340361756849943,5
2020-05-14,ng1s,0,0.4970302398690989,5
2020-05-14,cl1s,1,0.8863127266241542,5
2020-05-15,rb1s,0,0.5245902861907659,5
2020-05-15,ng1s,1,0.5472978284498723,5
2020-05-18,ng1s,1,0.4417234394193516,5
2020-05-18,ho1s,0,0.6698732518681989,5
2020-05-18,rb1s,0,0.5859095224485852,5
2020-05-19,rb1s,0,0.5235437928430831,5
2020-05-19,ng1s,1,0.4151659935853279,5
2020-05-19,cl1s,1,0.8623068487264104,5
2020-05-20,rb1s,0,0.5592720636954757,5
2020-05-20,ho1s,0,0.6922680404409494,5
2020-05-20,ng1s,1,0.5129657402842248,5
2020-05-21,ng1s,1,0.5230375500496504,5
2020-05-21,rb1s,0,0.43938123977452576,5
2020-05-22,rb1s,0,0.49971910118013496,5
2020-05-26,rb1s,0,0.46426827970024276,5
2020-05-27,rb1s,0,0.4374915872611372,5
2020-05-27,cl1s,1,0.8781891804078995,5
2020-05-27,ng1s,1,0.4805533294344456,5
2020-05-28,cl1s,1,0.8775574371909771,5
2020-05-28,rb1s,0,0.4484368638573707,5
2020-05-28,ng1s,1,0.49684242694020925,5
2020-05-29,rb1s,0,0.43889084578379545,5
2020-05-29,ng1s,1,0.4263735599493233,5
2020-06-01,rb1s,0,0.4180512848909696,5
2020-06-01,ng1s,1,0.4291892942387079,5
2020-06-02,rb1s,0,0.36294628629247633,5
2020-06-02,ng1s,1,0.44413825974974747,5
2020-06-03,rb1s,0,0.3065757061997088,5
2020-06-04,cl1s,1,0.8935055729098427,5
2020-06-04,rb1s,0,0.3739859854337459,5
2020-06-05,rb1s,0,0.4065840104589038,5
2020-06-05,cl1s,1,0.8660566711866021,5
2020-06-08,cl1s,1,0.8866469627468049,5
2020-06-08,rb1s,0,0.36005225278981223,5
2020-06-09,cl1s,1,0.8923692895263388,5
2020-06-09,rb1s,0,0.4395743220381117,5
2020-06-10,cl1s,0,0.8902226820949034,5
2020-06-10,rb1s,1,0.34259033569063746,5
2020-06-11,rb1s,0,0.27025824546447513,5
2020-06-11,cl1s,1,0.8620426133268827,5
2020-06-12,rb1s,1,0.7511646584730072,5
2020-06-12,cl1s,1,0.8964462095225905,5
2020-06-15,rb1s,1,0.7630226604142577,5
2020-06-16,rb1s,0,0.7909173790182853,5
2020-06-17,rb1s,0,0.24629273129200008,5
2020-06-17,cl1s,1,0.9040162256168631,5
2020-06-18,rb1s,0,0.2943870448252078,5
2020-06-18,cl1s,1,0.8879360618846065,5
2020-06-19,cl1s,1,0.839460498795753,5
2020-06-19,rb1s,1,0.40970908974668574,5
2020-06-22,cl1s,0,0.8616122617145294,5
2020-06-22,rb1s,1,0.4136145830606769,5
2020-06-23,cl1s,1,0.8499798921392041,5
2020-06-23,rb1s,1,0.2984737662316587,5
2020-06-24,rb1s,1,0.6626418011103502,5
2020-06-24,cl1s,1,0.7983508300478999,5
2020-06-25,rb1s,1,0.7404535648185857,5
2020-06-25,cl1s,1,0.8416156397356173,5
2020-06-26,rb1s,1,0.7386038947459187,5
2020-06-26,cl1s,1,0.8634876696236068,5
2020-06-29,rb1s,1,0.740945915502948,5
2020-06-29,cl1s,1,0.8558496284256782,5
2020-06-30,cl1s,1,0.8408342819864287,5
2020-06-30,rb1s,1,0.71579303108025,5
2020-07-01,ho1s,0,0.5178928056349676,5
2020-07-01,rb1s,0,0.2711426686631386,5
2020-07-01,cl1s,1,0.836523110731178,5
2020-07-02,cl1s,0,0.8506254997234582,5
2020-07-02,rb1s,0,0.7201064822647846,5
2020-07-06,cl1s,1,0.8207648866325726,5
2020-07-06,rb1s,0,0.6970455334315249,5
2020-07-07,cl1s,1,0.8507039166022661,5
2020-07-07,rb1s,1,0.6992670184993854,5
2020-07-08,cl1s,1,0.8062535379455784,5
2020-07-08,rb1s,0,0.6923159374239889,5
2020-07-09,rb1s,1,0.7658972076934109,5
2020-07-09,cl1s,1,0.8104976976012452,5
2020-07-10,ho1s,0,0.49099024414714426,5
2020-07-10,cl1s,1,0.8476987462376989,5
2020-07-10,rb1s,0,0.757011688474876,5
2020-07-13,rb1s,0,0.8041724970261951,5
2020-07-13,cl1s,1,0.8505521857457439,5
2020-07-14,rb1s,1,0.7969072413853937,5
2020-07-14,cl1s,1,0.8064439996986823,5
2020-07-15,rb1s,0,0.8732362497178138,5
2020-07-15,cl1s,0,0.8286968076385476,5
2020-07-16,rb1s,0,0.8435179850284609,5
2020-07-16,cl1s,0,0.836443469252527,5
2020-07-17,rb1s,0,0.8604887626176855,5
2020-07-17,cl1s,0,0.8445817439682533,5
2020-07-20,rb1s,1,0.8699535697120916,5
2020-07-20,cl1s,1,0.8215809936855119,5
2020-07-21,rb1s,0,0.8563864208149029,5
2020-07-21,cl1s,0,0.7465258187489459,5
2020-07-22,rb1s,0,0.842253692771411,5
2020-07-22,cl1s,1,0.7766727811870828,5
2020-07-23,rb1s,0,0.8953351132396735,5
2020-07-23,cl1s,1,0.7836319505786837,5
2020-07-24,rb1s,0,0.852215558074516,5
2020-07-24,cl1s,0,0.8444942184644223,5
2020-07-27,cl1s,1,0.8193281603005095,5
2020-07-27,rb1s,0,0.8772245457118396,5
2020-07-28,rb1s,0,0.8826919617916374,5
2020-07-28,cl1s,1,0.8885292810985205,5
2020-07-29,rb1s,1,0.8712878764743849,5
2020-07-29,cl1s,1,0.8744044646900285,5
2020-07-30,rb1s,1,0.8514159743632438,5
2020-07-30,cl1s,1,0.7707877151923215,5
2020-07-31,cl1s,1,0.8249447632743875,5
2020-07-31,rb1s,1,0.8277898565563446,5
2020-08-03,cl1s,1,0.7663899486477699,5
2020-08-03,rb1s,1,0.8006665989597671,5
2020-08-03,ng1s,0,0.5610643695957453,5
2020-08-04,cl1s,1,0.6933999796085979,5
2020-08-04,rb1s,1,0.8321434493201165,5
2020-08-05,rb1s,1,0.8496718805475131,5
2020-08-06,rb1s,1,0.8653064642390524,5
2020-08-06,ng1s,0,0.6532948236585624,5
2020-08-07,rb1s,1,0.8473725293734898,5
2020-08-10,ng1s,0,0.690656435295177,5
2020-08-10,rb1s,1,0.835403435621699,5
2020-08-11,rb1s,1,0.8540017782092274,5
2020-08-12,rb1s,1,0.8368432201041369,5
2020-08-13,rb1s,1,0.8520699547231347,5
2020-08-14,rb1s,1,0.8767475757702018,5
2020-08-17,rb1s,1,0.8260597894334287,5
2020-08-18,rb1s,1,0.8599227063384725,5
2020-08-19,rb1s,0,0.8909268642383802,5
2020-08-20,rb1s,0,0.8920970879805709,5
2020-08-21,rb1s,0,0.8921866788862797,5
2020-08-21,cl1s,0,0.8571495423461919,5
2020-08-24,cl1s,0,0.8802530022622871,5
2020-08-24,rb1s,0,0.7881181982589647,5
2020-08-25,cl1s,0,0.8494616605921966,5
2020-08-25,rb1s,0,0.7761603761672161,5
2020-08-26,rb1s,0,0.815516462406382,5
2020-08-26,cl1s,0,0.8733909877151913,5
2020-08-27,rb1s,0,0.8177713305319366,5
2020-08-28,rb1s,0,0.8453826356371595,5
2020-08-31,rb1s,0,0.9093307154774134,5
2020-09-01,rb1s,0,0.9199810806087247,5
2020-09-01,cl1s,0,0.9171279925739252,5
2020-09-02,cl1s,0,0.8567730322023244,5
2020-09-02,rb1s,0,0.9125877615904874,5
2020-09-03,rb1s,0,0.9322324242168147,5
2020-09-04,rb1s,0,0.920001995581376,5
2020-09-08,ho1s,1,0.7816704999616169,5
2020-09-08,rb1s,1,0.7649781271790187,5
2020-09-09,rb1s,1,0.8263613500599756,5
2020-09-10,rb1s,1,0.8731664519006131,5
2020-09-11,rb1s,1,0.8978981202287741,5
2020-09-14,rb1s,1,0.8842694348879384,5
2020-09-15,rb1s,1,0.9017877318838406,5
2020-09-16,rb1s,1,0.9056522939818455,5
2020-09-16,cl1s,0,0.8595216983486634,5
2020-09-17,rb1s,0,0.9523200752136003,5
2020-09-18,rb1s,0,0.9559996492898253,5
2020-09-21,rb1s,1,0.9162486617406163,5
2020-09-21,cl1s,0,0.7629687031831515,5
2020-09-21,ho1s,1,0.9242278233721566,5
2020-09-22,rb1s,1,0.9185245512762756,5
2020-09-22,ho1s,1,0.9194525981713575,5
2020-09-22,cl1s,1,0.7812408135922678,5
2020-09-23,rb1s,1,0.9089072193239403,5
2020-09-23,ho1s,1,0.9210835666408657,5
2020-09-23,cl1s,1,0.8309178145353842,5
2020-09-24,cl1s,1,0.8378423988180885,5
2020-09-24,ho1s,1,0.9175783445215513,5
2020-09-24,ng1s,1,0.6604092584934762,5
2020-09-24,rb1s,1,0.9227410814867862,5
2020-09-25,rb1s,1,0.9156580497784379,5
2020-09-25,cl1s,1,0.8282859635406387,5
2020-09-25,ho1s,1,0.9055158831628325,5
2020-09-28,rb1s,0,0.892251265071145,5
2020-09-28,cl1s,0,0.7943759157318461,5
2020-09-29,ho1s,1,0.8854798277944377,5
2020-09-29,cl1s,1,0.8382551971859261,5
2020-09-29,rb1s,1,0.8966201563338787,5
2020-09-30,rb1s,1,0.9016582707831183,5
2020-09-30,cl1s,1,0.8282508150206818,5
2020-09-30,ho1s,1,0.8777188873214739,5
2020-10-01,cl1s,1,0.8572515014858136,5
2020-10-01,ho1s,1,0.9226015733617102,5
2020-10-01,rb1s,1,0.9130540749213033,5
2020-10-02,ho1s,1,0.9224176523345298,5
2020-10-02,cl1s,1,0.865109135510314,5
2020-10-02,rb1s,1,0.9130615786581686,5
2020-10-05,rb1s,0,0.814804239810891,5
2020-10-05,cl1s,1,0.7696681225896367,5
2020-10-06,rb1s,0,0.5187050630104203,5
2020-10-07,cl1s,0,0.4652112532519981,5
2020-10-07,rb1s,0,0.6527263323172999,5
2020-10-08,cl1s,0,0.4238924175459592,5
2020-10-08,rb1s,0,0.673302193708123,5
2020-10-09,ng1s,0,0.22066183631785644,5
2020-10-09,rb1s,0,0.7330812252806229,5
2020-10-09,cl1s,0,0.5173375113952217,5
2020-10-12,rb1s,0,0.8307520516530422,5
2020-10-12,ng1s,0,0.24382645258410254,5
2020-10-12,cl1s,0,0.6251745335694993,5
2020-10-13,cl1s,0,0.6670738133730076,5
2020-10-13,rb1s,0,0.851741025541541,5
2020-10-13,ng1s,0,0.2605986171749284,5
2020-10-14,cl1s,0,0.7327232910801591,5
2020-10-14,rb1s,0,0.8954525978921059,5
2020-10-14,ng1s,0,0.3109727540468208,5
2020-10-15,cl1s,0,0.8056399582399555,5
2020-10-15,rb1s,0,0.8909531344785023,5
2020-10-16,cl1s,0,0.7706093045606544,5
2020-10-16,rb1s,0,0.8968514633166421,5
2020-10-19,rb1s,0,0.8798201661298096,5
2020-10-19,cl1s,0,0.7133587760982382,5
2020-10-20,rb1s,0,0.8977320372227923,5
2020-10-20,cl1s,0,0.6885040846762517,5
2020-10-21,rb1s,0,0.9142257076645115,5
2020-10-21,cl1s,0,0.8232469130123745,5
2020-10-22,rb1s,0,0.9307983661389998,5
2020-10-22,cl1s,0,0.8463053417672114,5
2020-10-23,ho1s,0,0.9095598059534264,5
2020-10-23,cl1s,0,0.8819136833453713,5
2020-10-23,rb1s,0,0.9183052293764754,5
2020-10-26,ng1s,1,0.4275757638348871,5
2020-10-26,ho1s,1,0.8679393886726945,5
2020-10-26,cl1s,1,0.7983648672069518,5
2020-10-26,rb1s,1,0.8869478357398943,5
2020-10-27,rb1s,0,0.8842081920717755,5
2020-10-27,ng1s,1,0.4049185655309971,5
2020-10-27,ho1s,1,0.8559644226261129,5
2020-10-27,cl1s,0,0.8202421127124037,5
2020-10-28,rb1s,1,0.8159302058465836,5
2020-10-28,cl1s,1,0.5707719773971165,5
2020-10-29,cl1s,1,0.6685218325340928,5
2020-10-29,rb1s,1,0.7728508960108841,5
2020-10-29,ho1s,1,0.8550210753480791,5
2020-10-30,ho1s,1,0.884600693063591,5
2020-10-30,rb1s,1,0.8404954949970513,5
2020-10-30,cl1s,1,0.7692092054202546,5
2020-11-02,cl1s,1,0.6776815582170138,5
2020-11-02,rb1s,1,0.7981841823819216,5
2020-11-03,cl1s,1,0.6973719093166403,5
2020-11-03,rb1s,1,0.7918430676259204,5
2020-11-04,cl1s,1,0.7404256763791999,5
2020-11-04,rb1s,1,0.8371118835436848,5
2020-11-05,rb1s,1,0.8483858560922838,5
2020-11-05,cl1s,1,0.8304356113254868,5
2020-11-06,cl1s,1,0.8703988591997623,5
2020-05-12,rb1s,0,0.5447730608889463,6
2020-05-13,rb1s,1,0.549390817596955,6
2020-05-13,cl1s,1,0.549390817596955,6
2020-05-14,rb1s,0,0.5469546612968782,6
2020-05-14,ng1s,0,0.5469546612968782,6
2020-05-14,cl1s,1,0.5469546612968782,6
2020-05-15,rb1s,0,0.5496645451731621,6
2020-05-15,ng1s,1,0.5496645451731621,6
2020-05-18,ng1s,1,0.5458668605785416,6
2020-05-18,ho1s,0,0.5458668605785416,6
2020-05-18,rb1s,0,0.5458668605785416,6
2020-05-19,rb1s,0,0.5432061881737966,6
2020-05-19,ng1s,1,0.5432061881737966,6
2020-05-19,cl1s,1,0.5432061881737966,6
2020-05-20,rb1s,0,0.5440152497309044,6
2020-05-20,ho1s,0,0.5440152497309044,6
2020-05-20,ng1s,1,0.5440152497309044,6
2020-05-21,ng1s,1,0.547201269003797,6
2020-05-21,rb1s,0,0.547201269003797,6
2020-05-22,rb1s,0,0.5509901217847594,6
2020-05-26,rb1s,0,0.547735802241994,6
2020-05-27,rb1s,0,0.5457371615088633,6
2020-05-27,cl1s,1,0.5457371615088633,6
2020-05-27,ng1s,1,0.5457371615088633,6
2020-05-28,cl1s,1,0.5476470931956342,6
2020-05-28,rb1s,0,0.5476470931956342,6
2020-05-28,ng1s,1,0.5476470931956342,6
2020-05-29,rb1s,0,0.5452727481147726,6
2020-05-29,ng1s,1,0.5452727481147726,6
2020-06-01,rb1s,0,0.5403879833303431,6
2020-06-01,ng1s,1,0.5403879833303431,6
2020-06-02,rb1s,0,0.5389937259460998,6
2020-06-02,ng1s,1,0.5389937259460998,6
2020-06-03,rb1s,0,0.5295899778459688,6
2020-06-04,cl1s,1,0.5288486401319095,6
2020-06-04,rb1s,0,0.5288486401319095,6
2020-06-05,rb1s,0,0.5265694249798546,6
2020-06-05,cl1s,1,0.5265694249798546,6
2020-06-08,cl1s,1,0.5240846156675854,6
2020-06-08,rb1s,0,0.5240846156675854,6
2020-06-09,cl1s,1,0.5227224418519105,6
2020-06-09,rb1s,0,0.5227224418519105,6
2020-06-10,cl1s,0,0.5270811552300443,6
2020-06-10,rb1s,1,0.5270811552300443,6
2020-06-11,rb1s,0,0.5340374750703808,6
2020-06-11,cl1s,1,0.5340374750703808,6
2020-06-12,rb1s,1,0.5358641087142075,6
2020-06-12,cl1s,1,0.5358641087142075,6
2020-06-15,rb1s,1,0.5307493117968117,6
2020-06-16,rb1s,0,0.522046085073096,6
2020-06-17,rb1s,0,0.5294687879084405,6
2020-06-17,cl1s,1,0.5294687879084405,6
2020-06-18,rb1s,0,0.5400935388963307,6
2020-06-18,cl1s,1,0.5400935388963307,6
2020-06-19,cl1s,1,0.5463828838034337,6
2020-06-19,rb1s,1,0.5463828838034337,6
2020-06-22,cl1s,0,0.5445047428785232,6
2020-06-22,rb1s,1,0.5445047428785232,6
2020-06-23,cl1s,1,0.543565414781098,6
2020-06-23,rb1s,1,0.543565414781098,6
2020-06-24,rb1s,1,0.5390245929827987,6
2020-06-24,cl1s,1,0.5390245929827987,6
2020-06-25,rb1s,1,0.5545033895025834,6
2020-06-25,cl1s,1,0.5545033895025834,6
2020-06-26,rb1s,1,0.5548215099175872,6
2020-06-26,cl1s,1,0.5548215099175872,6
2020-06-29,rb1s,1,0.5448057061813636,6
2020-06-29,cl1s,1,0.5448057061813636,6
2020-06-30,cl1s,1,0.5378564400178748,6
2020-06-30,rb1s,1,0.5378564400178748,6
2020-07-01,ho1s,0,0.5414463551231283,6
2020-07-01,rb1s,0,0.5414463551231283,6
2020-07-01,cl1s,1,0.5414463551231283,6
2020-07-02,cl1s,0,0.5530492670854114,6
2020-07-02,rb1s,0,0.5530492670854114,6
2020-07-06,cl1s,1,0.5458283463044766,6
2020-07-06,rb1s,0,0.5458283463044766,6
2020-07-07,cl1s,1,0.5511066501505884,6
2020-07-07,rb1s,1,0.5511066501505884,6
2020-07-08,cl1s,1,0.5574128141861816,6
2020-07-08,rb1s,0,0.5574128141861816,6
2020-07-09,rb1s,1,0.5548140493035594,6
2020-07-09,cl1s,1,0.5548140493035594,6
2020-07-10,ho1s,0,0.5596639740088787,6
2020-07-10,cl1s,1,0.5596639740088787,6
2020-07-10,rb1s,0,0.5596639740088787,6
2020-07-13,rb1s,0,0.5567915208385497,6
2020-07-13,cl1s,1,0.5567915208385497,6
2020-07-14,rb1s,1,0.5485144883971772,6
2020-07-14,cl1s,1,0.5485144883971772,6
2020-07-15,rb1s,0,0.5782541816730413,6
2020-07-15,cl1s,0,0.5782541816730413,6
2020-07-16,rb1s,0,0.5825625823167491,6
2020-07-16,cl1s,0,0.5825625823167491,6
2020-07-17,rb1s,0,0.5872269701415089,6
2020-07-17,cl1s,0,0.5872269701415089,6
2020-07-20,rb1s,1,0.5756035632884606,6
2020-07-20,cl1s,1,0.5756035632884606,6
2020-07-21,rb1s,0,0.5758957765162187,6
2020-07-21,cl1s,0,0.5758957765162187,6
2020-07-22,rb1s,0,0.5817486327374596,6
2020-07-22,cl1s,1,0.5817486327374596,6
2020-07-23,rb1s,0,0.5887679467759838,6
2020-07-23,cl1s,1,0.5887679467759838,6
2020-07-24,rb1s,0,0.5964266030516053,6
2020-07-24,cl1s,0,0.5964266030516053,6
2020-07-27,cl1s,1,0.5919522353263712,6
2020-07-27,rb1s,0,0.5919522353263712,6
2020-07-28,rb1s,0,0.597108333181662,6
2020-07-28,cl1s,1,0.597108333181662,6
2020-07-29,rb1s,1,0.5905360244713348,6
2020-07-29,cl1s,1,0.5905360244713348,6
2020-07-30,rb1s,1,0.5922059578740667,6
2020-07-30,cl1s,1,0.5922059578740667,6
2020-07-31,cl1s,1,0.5803405023588877,6
2020-07-31,rb1s,1,0.5803405023588877,6
2020-08-03,cl1s,1,0.5709194163864902,6
2020-08-03,rb1s,1,0.5709194163864902,6
2020-08-03,ng1s,0,0.5709194163864902,6
2020-08-04,cl1s,1,0.5629871891242316,6
2020-08-04,rb1s,1,0.5629871891242316,6
2020-08-05,rb1s,1,0.5751815288769309,6
2020-08-06,rb1s,1,0.5677299553383882,6
2020-08-06,ng1s,0,0.5677299553383882,6
2020-08-07,rb1s,1,0.5721947012288832,6
2020-08-10,ng1s,0,0.5656042138797728,6
2020-11-06,rb1s,1,0.5520064315064034,6
2020-11-09,cl1s,1,0.5281363213400186,6
2020-11-09,rb1s,1,0.5281363213400186,6
2020-11-10,cl1s,1,0.5222508648988254,6
2020-11-10,rb1s,1,0.5222508648988254,6
2020-11-11,rb1s,1,0.5223915079229956,6
2020-11-11,cl1s,1,0.5223915079229956,6
2020-11-12,rb1s,1,0.5318879222972952,6
2020-11-12,cl1s,1,0.5318879222972952,6
2020-11-13,cl1s,1,0.5373956693564024,6
2020-11-13,rb1s,1,0.5373956693564024,6
2020-11-16,rb1s,1,0.5391400681255129,6
2020-11-16,cl1s,1,0.5391400681255129,6
2020-11-17,rb1s,1,0.5359139204167268,6
2020-11-17,cl1s,1,0.5359139204167268,6
2020-11-18,rb1s,1,0.532991663636869,6
2020-11-18,cl1s,1,0.532991663636869,6
2020-11-19,rb1s,1,0.5329015402153404,6
2020-11-19,cl1s,1,0.5329015402153404,6
2020-11-20,rb1s,1,0.537984935758881,6
2020-11-20,cl1s,1,0.537984935758881,6
2020-11-23,rb1s,1,0.5342375342344343,6
2020-11-23,cl1s,1,0.5342375342344343,6
2020-11-24,cl1s,1,0.5370693242462959,6
2020-11-24,rb1s,1,0.5370693242462959,6
2020-11-25,rb1s,1,0.5490346146615007,6
2020-11-27,rb1s,1,0.5473550917986882,6
2020-11-30,rb1s,1,0.5413539483004434,6
2020-12-01,rb1s,1,0.5375096578597949,6
2020-12-01,cl1s,1,0.5375096578597949,6
2020-12-02,rb1s,1,0.5264752368173852,6
2020-12-02,cl1s,1,0.5264752368173852,6
2020-12-03,rb1s,1,0.5324193532044844,6
2020-12-03,cl1s,1,0.5324193532044844,6
2020-12-04,rb1s,1,0.5264436062079056,6
2020-12-04,cl1s,1,0.5264436062079056,6
2020-12-07,rb1s,1,0.5010757987502122,6
2020-12-07,cl1s,1,0.5010757987502122,6
2020-12-08,cl1s,1,0.5040573509529972,6
2020-12-08,rb1s,1,0.5040573509529972,6
2020-12-09,cl1s,1,0.5072726879390882,6
2020-12-09,rb1s,1,0.5072726879390882,6
2020-12-10,rb1s,1,0.5139240304086884,6
2020-12-11,rb1s,1,0.5130586355431567,6
2020-12-11,cl1s,1,0.5130586355431567,6
2020-12-14,rb1s,1,0.5060155987914472,6
2020-12-15,rb1s,1,0.5117206353654514,6
2020-12-16,rb1s,1,0.5179857670016471,6
2020-12-17,rb1s,0,0.532125745218035,6
2020-12-18,rb1s,1,0.5307081884693338,6
2020-12-18,ho1s,0,0.5307081884693338,6
2020-12-21,ho1s,0,0.5218084668750628,6
2020-12-21,rb1s,1,0.5218084668750628,6
2020-12-22,rb1s,1,0.5381582819348162,6
2020-12-23,rb1s,1,0.542887393733872,6
2020-12-24,rb1s,1,0.5466823838424755,6
2020-12-28,rb1s,1,0.5315623285275454,6
2020-12-29,rb1s,1,0.5263269185779516,6
2020-12-30,rb1s,1,0.5198130493921808,6
2020-12-31,rb1s,1,0.5095352037323234,6
2021-01-04,ho1s,1,0.5046219897042765,6
2021-01-04,rb1s,1,0.5046219897042765,6
2021-01-04,cl1s,1,0.5046219897042765,6
2021-01-05,rb1s,1,0.5075230295317403,6
2021-01-05,cl1s,1,0.5075230295317403,6
2021-01-06,rb1s,0,0.5307413129043512,6
2021-01-06,cl1s,1,0.5307413129043512,6
2021-01-07,rb1s,0,0.5267856332226184,6
2021-01-07,cl1s,1,0.5267856332226184,6
2021-01-08,rb1s,0,0.528046420926009,6
2021-01-08,cl1s,1,0.528046420926009,6
2021-01-11,rb1s,0,0.5098779382565677,6
2021-01-11,cl1s,1,0.5098779382565677,6
2021-01-12,rb1s,0,0.4944935274703384,6
2021-01-13,rb1s,0,0.5209507366701612,6
2021-01-14,rb1s,1,0.515783793839264,6
2021-01-15,rb1s,0,0.5217606590165832,6
2021-01-15,cl1s,1,0.5217606590165832,6
2021-01-19,cl1s,1,0.518800934807168,6
2021-01-19,rb1s,0,0.518800934807168,6
2021-01-20,cl1s,1,0.5372806237047354,6
2021-01-20,rb1s,0,0.5372806237047354,6
2021-01-21,cl1s,1,0.533089769513954,6
2021-01-21,rb1s,0,0.533089769513954,6
2021-01-22,rb1s,0,0.532012366697295,6
2021-01-25,rb1s,0,0.5324704802936114,6
2021-01-26,rb1s,0,0.5343493908851487,6
2021-01-27,rb1s,0,0.519184998441015,6
2021-01-28,rb1s,0,0.5000293496685155,6
2021-01-29,rb1s,0,0.4741989145720245,6
2021-02-01,rb1s,0,0.49105132951079233,6
2021-02-02,rb1s,0,0.49636555286701173,6
2021-02-03,rb1s,0,0.4817549481460752,6
2021-02-04,rb1s,0,0.47802308506681723,6
2021-02-04,cl1s,0,0.47802308506681723,6
2021-02-05,rb1s,0,0.47977815109108785,6
2021-02-05,cl1s,0,0.47977815109108785,6
2021-02-08,rb1s,0,0.4634091933396859,6
2021-02-08,cl1s,0,0.4634091933396859,6
2021-02-09,rb1s,0,0.4886491576560874,6
2021-02-09,cl1s,0,0.4886491576560874,6
2021-02-10,cl1s,0,0.49618543639572305,6
2021-02-10,rb1s,0,0.49618543639572305,6
2021-02-11,cl1s,0,0.5013677055734602,6
2021-02-11,rb1s,0,0.5013677055734602,6
2021-02-12,rb1s,0,0.48694683978910974,6
2021-02-12,cl1s,0,0.48694683978910974,6
2021-02-16,cl1s,0,0.3695960035389073,6
2021-02-16,ng1s,1,0.3695960035389073,6
2021-02-16,rb1s,0,0.3695960035389073,6
2021-02-17,rb1s,0,0.3895652953004298,6
2021-02-17,cl1s,0,0.3895652953004298,6
2021-02-18,rb1s,0,0.3962505953766141,6
2021-02-18,cl1s,0,0.3962505953766141,6
2021-02-19,cl1s,0,0.3673547516075151,6
2021-02-19,rb1s,0,0.3673547516075151,6
2021-02-22,cl1s,0,0.3679054583540532,6
2021-02-22,rb1s,0,0.3679054583540532,6
2021-02-23,rb1s,0,0.3871224159517425,6
2021-02-23,cl1s,0,0.3871224159517425,6
2021-02-24,cl1s,0,0.396732345529012,6
2021-02-24,rb1s,0,0.396732345529012,6
2021-02-25,cl1s,0,0.34347468285692784,6
2021-02-25,rb1s,0,0.34347468285692784,6
2021-02-26,rb1s,0,0.3604360575801742,6
2021-03-01,rb1s,0,0.4062858668559995,6
2020-05-12,rb1s,0,0.5454608514962626,7
2020-05-13,rb1s,1,0.5786734029831839,7
2020-05-13,cl1s,1,0.5770573798110851,7
2020-05-14,rb1s,0,0.5486784469002457,7
2020-05-14,ng1s,0,0.5460361023295348,7
2020-05-14,cl1s,1,0.5735549791112079,7
2020-05-15,rb1s,0,0.5593024595347569,7
2020-05-15,ng1s,1,0.5572231335390875,7
2020-05-18,ng1s,1,0.5505003273795562,7
2020-05-18,ho1s,0,0.5555224664302996,7
2020-05-18,rb1s,0,0.5538204979939422,7
2020-05-19,rb1s,0,0.5500080226083339,7
2020-05-19,ng1s,1,0.5458188592172057,7
2020-05-19,cl1s,1,0.5751971724984998,7
2020-05-20,rb1s,0,0.5507100369873125,7
2020-05-20,ho1s,0,0.5523574259051609,7
2020-05-20,ng1s,1,0.5475669689261746,7
2020-05-21,ng1s,1,0.5520962572492147,7
2020-05-21,rb1s,0,0.5543665260572156,7
2020-05-22,rb1s,0,0.5595166097771237,7
2020-05-26,rb1s,0,0.5550202603202068,7
2020-05-27,rb1s,0,0.5531450580542364,7
2020-05-27,cl1s,1,0.5780732382047825,7
2020-05-27,ng1s,1,0.5494623601719938,7
2020-05-28,cl1s,1,0.5803818755576812,7
2020-05-28,rb1s,0,0.5554867581324934,7
2020-05-28,ng1s,1,0.5530160164742145,7
2020-05-29,rb1s,0,0.5590608416823956,7
2020-05-29,ng1s,1,0.5569498241963456,7
2020-06-01,rb1s,0,0.5527025315634094,7
2020-06-01,ng1s,1,0.5508752295696151,7
2020-06-02,rb1s,0,0.5497701364969987,7
2020-06-02,ng1s,1,0.5483523808125738,7
2020-06-03,rb1s,0,0.5360657666146033,7
2020-06-04,cl1s,1,0.5607555378428427,7
2020-06-04,rb1s,0,0.5350357480198862,7
2020-06-05,rb1s,0,0.5358528470833076,7
2020-06-05,cl1s,1,0.5617488193869051,7
2020-06-08,cl1s,1,0.558509680738944,7
2020-06-08,rb1s,0,0.5309397694111256,7
2020-06-09,cl1s,1,0.5566911004711336,7
2020-06-09,rb1s,0,0.5290874617623443,7
2020-06-10,cl1s,0,0.5614704288133882,7
2020-06-10,rb1s,1,0.532114977968696,7
2020-06-11,rb1s,0,0.5421396344971969,7
2020-06-11,cl1s,1,0.5704971183655398,7
2020-06-12,rb1s,1,0.5637444719227003,7
2020-06-12,cl1s,1,0.5647614072616957,7
2020-06-15,rb1s,1,0.5575471595461157,7
2020-06-16,rb1s,0,0.5447852483022031,7
2020-06-17,rb1s,0,0.5215157193217278,7
2020-06-17,cl1s,1,0.5570249935930126,7
2020-06-18,rb1s,0,0.535209203255268,7
2020-06-18,cl1s,1,0.5706129774197859,7
2020-06-19,cl1s,1,0.5716463834707531,7
2020-06-19,rb1s,1,0.5378490167278982,7
2020-06-22,cl1s,0,0.5685063286320184,7
2020-06-22,rb1s,1,0.5350449117092214,7
2020-06-23,cl1s,1,0.5670109192970931,7
2020-06-23,rb1s,1,0.5340854735901569,7
2020-06-24,rb1s,1,0.5561954456483277,7
2020-06-24,cl1s,1,0.5611501064537759,7
2020-06-25,rb1s,1,0.5754616304893796,7
2020-06-25,cl1s,1,0.5808906162773857,7
2020-06-26,rb1s,1,0.5793304784746842,7
2020-06-26,cl1s,1,0.5854363184505625,7
2020-06-29,rb1s,1,0.5682359609188656,7
2020-06-29,cl1s,1,0.5740449667173765,7
2020-06-30,cl1s,1,0.5661136442590611,7
2020-06-30,rb1s,1,0.5597763557505395,7
2020-07-01,ho1s,0,0.544136667482191,7
2020-07-01,rb1s,0,0.5377266262609748,7
2020-07-01,cl1s,1,0.5699542987204982,7
2020-07-02,cl1s,0,0.5837905930005037,7
2020-07-02,rb1s,0,0.5774526140423079,7
2020-07-06,cl1s,1,0.5552087494739177,7
2020-07-06,rb1s,0,0.5491601158863819,7
2020-07-07,cl1s,1,0.561228911590715,7
2020-07-07,rb1s,1,0.5555549531888713,7
2020-07-08,cl1s,1,0.5691479313599866,7
2020-07-08,rb1s,0,0.5640171312687317,7
2020-07-09,rb1s,1,0.5614940040517648,7
2020-07-09,cl1s,1,0.5652023901994285,7
2020-07-10,ho1s,0,0.5517957400466935,7
2020-07-10,cl1s,1,0.5781484785491433,7
2020-07-10,rb1s,0,0.5743844975015377,7
2020-07-13,rb1s,0,0.5704978668310068,7
2020-07-13,cl1s,1,0.5744123833757906,7
2020-07-14,rb1s,1,0.5603094461406252,7
2020-07-14,cl1s,1,0.5636303278148648,7
2020-07-15,rb1s,0,0.5971618008023744,7
2020-07-15,cl1s,0,0.599664656612442,7
2020-07-16,rb1s,0,0.5959695656103483,7
2020-07-16,cl1s,0,0.5963608158839987,7
2020-07-17,rb1s,0,0.6073509893925871,7
2020-07-17,cl1s,0,0.6077819285589433,7
2020-07-20,rb1s,1,0.5922846954515472,7
2020-07-20,cl1s,1,0.5945621531845652,7
2020-07-21,rb1s,0,0.5923790460935042,7
2020-07-21,cl1s,0,0.5949603309878311,7
2020-07-22,rb1s,0,0.599186954380377,7
2020-07-22,cl1s,1,0.5954049349161045,7
2020-07-23,rb1s,0,0.6092203871496813,7
2020-07-23,cl1s,1,0.604048623290273,7
2020-07-24,rb1s,0,0.6241195817730392,7
2020-07-24,cl1s,0,0.6193019409628484,7
2020-07-27,cl1s,1,0.6144024488769392,7
2020-07-27,rb1s,0,0.6195284611300389,7
2020-07-28,rb1s,0,0.6256160174645231,7
2020-07-28,cl1s,1,0.6221604840771711,7
2020-07-29,rb1s,1,0.6191685673934332,7
2020-07-29,cl1s,1,0.6143591665565664,7
2020-07-30,rb1s,1,0.6235322612726637,7
2020-07-30,cl1s,1,0.6188615909400003,7
2020-07-31,cl1s,1,0.605034672400095,7
2020-07-31,rb1s,1,0.6104110009642969,7
2020-08-03,cl1s,1,0.5920240347636228,7
2020-08-03,rb1s,1,0.5990333623093663,7
2020-08-03,ng1s,0,0.5809850148701715,7
2020-08-04,cl1s,1,0.5826066233909344,7
2020-08-04,rb1s,1,0.5895236304498028,7
2020-08-05,rb1s,1,0.6039094773447038,7
2020-08-06,rb1s,1,0.5941940228146881,7
2020-08-06,ng1s,0,0.5742965222768927,7
2020-08-07,rb1s,1,0.5972638768035454,7
2020-08-10,ng1s,0,0.5706487831749492,7
2021-03-02,rb1s,0,0.41406255922650576,7
2021-03-03,rb1s,0,0.3679747556292163,7
2021-03-04,rb1s,0,0.36045970916734255,7
2021-03-05,cl1s,1,0.3580818469687418,7
2021-03-05,rb1s,1,0.3534396203651483,7
2021-03-08,rb1s,1,0.3492820619842951,7
2021-03-08,cl1s,1,0.3541585900776431,7
2021-03-09,rb1s,1,0.3761192851010564,7
2021-03-10,rb1s,1,0.40106699911757554,7
2021-03-11,rb1s,1,0.3982049166505142,7
2021-03-12,rb1s,1,0.37844153536738434,7
2021-03-15,rb1s,1,0.3849827840305055,7
2021-03-16,rb1s,1,0.3898779953150213,7
2021-03-17,rb1s,1,0.4144407843638607,7
2021-03-18,rb1s,1,0.43005890780812883,7
2021-03-19,rb1s,1,0.4419201931917427,7
2021-03-22,rb1s,1,0.44852419839827096,7
2021-03-23,rb1s,0,0.4586052102735893,7
2021-03-24,rb1s,0,0.48506662425674857,7
2021-03-25,rb1s,1,0.49307780459533174,7
2021-03-26,rb1s,1,0.45817671280969846,7
2021-03-29,rb1s,1,0.4385509994888365,7
2021-03-30,rb1s,0,0.43379229493867283,7
2021-03-31,rb1s,0,0.41812491679270153,7
2021-04-01,rb1s,0,0.4490813992571645,7
2021-04-05,rb1s,0,0.4731857394615314,7
2021-04-06,rb1s,0,0.48123019801051475,7
2021-04-07,rb1s,0,0.4734111498181805,7
2021-04-08,rb1s,0,0.48545332814434816,7
2021-04-09,rb1s,0,0.49021529876670467,7
2021-04-12,rb1s,0,0.47977238686266005,7
2021-04-13,rb1s,0,0.49246911935936116,7
2021-04-14,rb1s,0,0.49747994392655054,7
2021-04-15,cl1s,1,0.535728353244909,7
2021-04-15,rb1s,0,0.5041903533279577,7
2021-04-16,cl1s,1,0.5154839793083865,7
2021-04-16,rb1s,0,0.48396095254757027,7
2021-04-19,cl1s,1,0.50894004068169,7
2021-04-19,rb1s,0,0.47768821567448533,7
2021-04-20,rb1s,0,0.47740622332201504,7
2021-04-20,cl1s,1,0.507897172522513,7
2021-04-21,rb1s,0,0.4920860500454096,7
2021-04-21,cl1s,1,0.5224624102019497,7
2021-04-22,rb1s,0,0.5101524904918178,7
2021-04-22,cl1s,1,0.5396354325942404,7
2021-04-23,rb1s,0,0.5071413742723934,7
2021-04-23,cl1s,1,0.5370230807066592,7
2021-04-26,cl1s,1,0.5321491486652891,7
2021-04-26,rb1s,0,0.5029186587376543,7
2021-04-27,cl1s,1,0.5386691488475523,7
2021-04-27,rb1s,0,0.508604538434587,7
2021-04-28,cl1s,1,0.5397447995110287,7
2021-04-28,rb1s,0,0.5093980019932185,7
2021-04-29,rb1s,1,0.5204201299900525,7
2021-04-29,cl1s,0,0.550747837365229,7
2021-04-30,cl1s,1,0.5611845624420336,7
2021-04-30,rb1s,0,0.5310618775464464,7
2021-05-03,cl1s,1,0.569068213287864,7
2021-05-03,rb1s,1,0.5652165053694697,7
2021-05-04,cl1s,0,0.5628446731398487,7
2021-05-04,rb1s,0,0.5316760172058991,7
2021-05-05,rb1s,1,0.548731990372679,7
2021-05-05,cl1s,0,0.5796948193648387,7
2021-05-06,rb1s,1,0.5471710910092915,7
2021-05-07,rb1s,1,0.5907884577756738,7
2021-05-10,rb1s,1,0.5840264818621,7
2021-05-11,rb1s,1,0.5603840508929685,7
2021-05-12,rb1s,1,0.5580008276056427,7
2021-05-12,cl1s,1,0.5878272536779988,7
2021-05-13,rb1s,1,0.6055549375705294,7
2021-05-14,rb1s,1,0.5965012739944517,7
2021-05-14,cl1s,1,0.5991956917342285,7
2021-05-17,cl1s,1,0.5619095383863915,7
2021-05-17,rb1s,1,0.5597338304103133,7
2021-05-18,rb1s,1,0.5731151898615368,7
2021-05-19,rb1s,1,0.5721844636909402,7
2021-05-19,cl1s,1,0.5747054875221907,7
2021-05-20,cl1s,1,0.5965245378084687,7
2021-05-20,rb1s,1,0.5944334183202847,7
2021-05-21,cl1s,1,0.5922269245462364,7
2021-05-21,rb1s,1,0.5902881640351725,7
2021-05-24,cl1s,1,0.5839098406034781,7
2021-05-24,rb1s,0,0.5562534600852397,7
2021-05-25,cl1s,1,0.5936451849381474,7
2021-05-25,rb1s,0,0.566442571844577,7
2021-05-26,rb1s,0,0.570696505060921,7
2021-05-26,cl1s,1,0.5979562677072193,7
2021-05-27,cl1s,1,0.5892615192273152,7
2021-05-27,rb1s,0,0.5616006883284321,7
2021-05-28,cl1s,1,0.615787450411225,7
2021-05-28,rb1s,0,0.5884206561704212,7
2021-06-01,cl1s,1,0.5840425383257741,7
2021-06-01,rb1s,0,0.5562976652740048,7
2021-06-02,cl1s,1,0.5791337294343096,7
2021-06-02,rb1s,1,0.5515959791448516,7
2021-06-03,cl1s,1,0.588518507369616,7
2021-06-03,rb1s,1,0.5615648028995118,7
2021-06-04,rb1s,1,0.6218610094922761,7
2021-06-04,cl1s,1,0.6468801890474509,7
2021-06-07,cl1s,1,0.6472336136078838,7
2021-06-07,rb1s,0,0.6227748607681352,7
2021-06-08,rb1s,0,0.6168598445823008,7
2021-06-08,cl1s,1,0.6411529163117946,7
2021-06-09,rb1s,0,0.586206598861625,7
2021-06-09,cl1s,1,0.611776097281205,7
2021-06-10,rb1s,0,0.6276011201088646,7
2021-06-10,cl1s,1,0.6519372555725926,7
2021-06-11,rb1s,0,0.590141481491609,7
2021-06-14,rb1s,0,0.5540103047506446,7
2021-06-15,rb1s,0,0.5639596073046175,7
2021-06-15,cl1s,1,0.589582712397509,7
2021-06-16,rb1s,0,0.5492543929341278,7
2021-06-16,cl1s,1,0.5743891744937747,7
2021-06-17,rb1s,0,0.5404067149410061,7
2021-06-17,cl1s,1,0.5645160585769132,7
2021-06-17,ho1s,1,0.5646947482389878,7
2021-06-18,cl1s,1,0.4999043400305581,7
2021-06-18,rb1s,0,0.4752136294610698,7
2021-06-21,rb1s,0,0.4557082313365295,7
2021-06-21,cl1s,1,0.47980922974942675,7
2021-06-22,rb1s,1,0.48907138459436283,7
2021-06-22,cl1s,0,0.5143579668981504,7
2021-06-23,rb1s,1,0.5218954414561654,7
2021-06-24,rb1s,0,0.5296407401483078,7
2021-06-24,cl1s,1,0.5545374865559987,7
2021-06-25,rb1s,0,0.5186465580220923,7
2020-05-12,rb1s,0,0.47977613009284664,8
2020-05-13,rb1s,1,0.5882946324768793,8
2020-05-13,cl1s,1,0.5882946324768793,8
2020-05-14,rb1s,0,0.48186811337490015,8
2020-05-14,ng1s,0,0.48186811337490015,8
2020-05-14,cl1s,1,0.586024211247791,8
2020-05-15,rb1s,0,0.4844699763965718,8
2020-05-15,ng1s,1,0.4844699763965718,8
2020-05-18,ng1s,1,0.480824702858488,8
2020-05-18,ho1s,0,0.480824702858488,8
2020-05-18,rb1s,0,0.480824702858488,8
2020-05-19,rb1s,0,0.4782750763766698,8
2020-05-19,ng1s,1,0.4782750763766698,8
2020-05-19,cl1s,1,0.5825276982922101,8
2020-05-20,rb1s,0,0.4790500005547237,8
2020-05-20,ho1s,0,0.4790500005547237,8
2020-05-20,ng1s,1,0.4790500005547237,8
2020-05-21,ng1s,1,0.48210473946648064,8
2020-05-21,rb1s,0,0.48210473946648064,8
2020-05-22,rb1s,0,0.48574405003551424,8
2020-05-26,rb1s,0,0.4826177410147928,8
2020-05-27,rb1s,0,0.4807003356550975,8
2020-05-27,cl1s,1,0.5848889552576366,8
2020-05-27,ng1s,1,0.4807003356550975,8
2020-05-28,cl1s,1,0.5866696943567365,8
2020-05-28,rb1s,0,0.48253259543657334,8
2020-05-28,ng1s,1,0.48253259543657334,8
2020-05-29,rb1s,0,0.4802550824773709,8
2020-05-29,ng1s,1,0.4802550824773709,8
2020-06-01,rb1s,0,0.47557829917056205,8
2020-06-01,ng1s,1,0.47557829917056205,8
2020-06-02,rb1s,0,0.47424555662847995,8
2020-06-02,ng1s,1,0.47424555662847995,8
2020-06-03,rb1s,0,0.4652813583815672,8
2020-06-04,cl1s,1,0.5691002460028052,8
2020-06-04,rb1s,0,0.4645764826995294,8
2020-06-05,rb1s,0,0.4624110105668067,8
2020-06-05,cl1s,1,0.5669634733519725,8
2020-06-08,cl1s,1,0.5646322986159991,8
2020-06-08,rb1s,0,0.46005301585415576,8
2020-06-09,cl1s,1,0.5633536094974888,8
2020-06-09,rb1s,0,0.45876160075315214,8
2020-06-10,cl1s,0,0.5674433485734969,8
2020-06-10,rb1s,1,0.46289698789076494,8
2020-06-11,rb1s,0,0.4695156439693343,8
2020-06-11,cl1s,1,0.5739594276771007,8
2020-06-12,rb1s,1,0.5756682534148194,8
2020-06-12,cl1s,1,0.5756682534148194,8
2020-06-15,rb1s,1,0.5708810281168221,8
2020-06-16,rb1s,0,0.562718510164864,8
2020-06-17,rb1s,0,0.4651661111000374,8
2020-06-17,cl1s,1,0.5696813865255879,8
2020-06-18,rb1s,0,0.47529676642021157,8
2020-06-18,cl1s,1,0.579621431024224,8
2020-06-19,cl1s,1,0.5854911067722031,8
2020-06-19,rb1s,1,0.48131959529559387,8
2020-06-22,cl1s,0,0.5837393895411805,8
2020-06-22,rb1s,1,0.4795189971107132,8
2020-06-23,cl1s,1,0.582862940192934,8
2020-06-23,rb1s,1,0.47861910596881097,8
2020-06-24,rb1s,1,0.5786227615181416,8
2020-06-24,cl1s,1,0.5786227615181416,8
2020-06-25,rb1s,1,0.5930543650699902,8
2020-06-25,cl1s,1,0.5930543650699902,8
2020-06-26,rb1s,1,0.5933503076610848,8
2020-06-26,cl1s,1,0.5933503076610848,8
2020-06-29,rb1s,1,0.5840201568114524,8
2020-06-29,cl1s,1,0.5840201568114524,8
2020-06-30,cl1s,1,0.5775310549090757,8
2020-06-30,rb1s,1,0.5775310549090757,8
2020-07-01,ho1s,0,0.47659061132681396,8
2020-07-01,rb1s,0,0.47659061132681396,8
2020-07-01,cl1s,1,0.5808848681316899,8
2020-07-02,cl1s,0,0.5917012856395414,8
2020-07-02,rb1s,0,0.5917012856395414,8
2020-07-06,cl1s,1,0.5849739939362844,8
2020-07-06,rb1s,0,0.5849739939362844,8
2020-07-07,cl1s,1,0.589892803877348,8
2020-07-07,rb1s,1,0.589892803877348,8
2020-07-08,cl1s,1,0.5957599935537095,8
2020-07-08,rb1s,0,0.5957599935537095,8
2020-07-09,rb1s,1,0.5933433674626692,8
2020-07-09,cl1s,1,0.5933433674626692,8
2020-07-10,ho1s,0,0.4941027783622903,8
2020-07-10,cl1s,1,0.5978519870832845,8
2020-07-10,rb1s,0,0.5978519870832845,8
2020-07-13,rb1s,0,0.5951824014856583,8
2020-07-13,cl1s,1,0.5951824014856583,8
2020-07-14,rb1s,1,0.5874781002193508,8
2020-07-14,cl1s,1,0.5874781002193508,8
2020-07-15,rb1s,0,0.6150796987726764,8
2020-07-15,cl1s,0,0.6150796987726764,8
2020-07-16,rb1s,0,0.6190604237296441,8
2020-07-16,cl1s,0,0.6190604237296441,8
2020-07-17,rb1s,0,0.6233651662514851,8
2020-07-17,cl1s,0,0.6233651662514851,8
2020-07-20,rb1s,1,0.61262848679443,8
2020-07-20,cl1s,1,0.61262848679443,8
2020-07-21,rb1s,0,0.6128987990957573,8
2020-07-21,cl1s,0,0.6128987990957573,8
2020-07-22,rb1s,0,0.6183087139228755,8
2020-07-22,cl1s,1,0.6183087139228755,8
2020-07-23,rb1s,0,0.6247862219512444,8
2020-07-23,cl1s,1,0.6247862219512444,8
2020-07-24,rb1s,0,0.6318408646160117,8
2020-07-24,cl1s,0,0.6318408646160117,8
2020-07-27,cl1s,1,0.6277209857436226,8
2020-07-27,rb1s,0,0.6277209857436226,8
2020-07-28,rb1s,0,0.6324681904376577,8
2020-07-28,cl1s,1,0.6324681904376577,8
2020-07-29,rb1s,1,0.626416035847256,8
2020-07-29,cl1s,1,0.626416035847256,8
2020-07-30,rb1s,1,0.6279547272168553,8
2020-07-30,cl1s,1,0.6279547272168553,8
2020-07-31,cl1s,1,0.6170078907639381,8
2020-07-31,rb1s,1,0.6170078907639381,8
2020-08-03,cl1s,1,0.6082926018778243,8
2020-08-03,rb1s,1,0.6082926018778243,8
2020-08-03,ng1s,0,0.505006810952167,8
2020-08-04,cl1s,1,0.6009378993343826,8
2020-08-04,rb1s,1,0.6009378993343826,8
2020-08-05,rb1s,1,0.6122380470734989,8
2020-08-06,rb1s,1,0.6053372217976888,8
2020-08-06,ng1s,0,0.5019102511083672,8
2020-08-07,rb1s,1,0.6094735962589272,8
2020-08-10,ng1s,0,0.4998493732664092,8
2021-06-25,cl1s,1,0.5650732381350878,8
2021-06-28,rb1s,0,0.45261898124560407,8
2021-06-28,ho1s,1,0.5572524259118118,8
2021-06-28,cl1s,1,0.5572524259118118,8
2021-06-29,rb1s,0,0.44757589688291516,8
2021-06-29,cl1s,1,0.5522196469885586,8
2021-06-29,ho1s,1,0.5522196469885586,8
2021-06-30,cl1s,0,0.5467573037450996,8
2021-06-30,rb1s,0,0.4421266228835043,8
2021-07-01,cl1s,0,0.5438318585987223,8
2021-07-01,rb1s,1,0.4392184999585224,8
2021-07-02,rb1s,1,0.4884630849918706,8
2021-07-02,cl1s,0,0.5924148124041261,8
2021-07-06,rb1s,1,0.44464150176841055,8
2021-07-06,cl1s,0,0.5492813488340461,8
2021-07-07,rb1s,0,0.4034502952291415,8
2021-07-07,ho1s,0,0.5072504189849779,8
2021-07-07,cl1s,0,0.5072504189849779,8
2021-07-08,rb1s,0,0.394404786827771,8
2021-07-08,ho1s,0,0.4978197488586826,8
2021-07-08,cl1s,0,0.4978197488586826,8
2021-07-09,cl1s,0,0.5146567220701591,8
2021-07-09,rb1s,1,0.41060393906491627,8
2021-07-12,cl1s,0,0.5039798087899386,8
2021-07-12,rb1s,1,0.4003052470492874,8
2021-07-13,cl1s,0,0.5015460199477542,8
2021-07-13,rb1s,1,0.3979704249264018,8
2021-07-14,rb1s,1,0.43391621932655133,8
2021-07-14,cl1s,0,0.5384793527021402,8
2021-07-15,rb1s,0,0.43699368964768104,8
2021-07-15,cl1s,0,0.54158891237735,8
2021-07-16,cl1s,0,0.5267864624444355,8
2021-07-16,rb1s,0,0.42241571433912095,8
2021-07-19,rb1s,1,0.4314619574660289,8
2021-07-19,cl1s,1,0.4314619574660289,8
2021-07-20,rb1s,1,0.42753402353811704,8
2021-07-20,cl1s,1,0.42753402353811704,8
2021-07-21,rb1s,1,0.46952255289193534,8
2021-07-21,cl1s,0,0.46952255289193534,8
2021-07-22,rb1s,1,0.4759883891015086,8
2021-07-22,cl1s,0,0.4759883891015086,8
2021-07-23,cl1s,0,0.4768652801665919,8
2021-07-23,rb1s,0,0.4768652801665919,8
2021-07-26,rb1s,0,0.452863241874314,8
2021-07-26,cl1s,0,0.452863241874314,8
2021-07-27,rb1s,0,0.45261886132191226,8
2021-07-27,cl1s,0,0.45261886132191226,8
2021-07-28,cl1s,0,0.5119574320267668,8
2021-07-28,rb1s,1,0.5119574320267668,8
2021-07-29,cl1s,0,0.5152177890499575,8
2021-07-29,rb1s,0,0.5152177890499575,8
2021-07-30,cl1s,0,0.5227994717112502,8
2021-07-30,rb1s,0,0.5227994717112502,8
2021-08-02,rb1s,0,0.5015527667534506,8
2021-08-02,cl1s,0,0.5015527667534506,8
2021-08-03,cl1s,0,0.4953191178240676,8
2021-08-03,rb1s,0,0.4953191178240676,8
2021-08-04,cl1s,0,0.5159014798576383,8
2021-08-04,rb1s,0,0.5159014798576383,8
2021-08-05,rb1s,0,0.5107375922125492,8
2021-08-05,cl1s,0,0.5107375922125492,8
2021-08-06,rb1s,0,0.5183661359381349,8
2021-08-06,cl1s,0,0.5183661359381349,8
2021-08-09,cl1s,0,0.49850960637376346,8
2021-08-09,rb1s,0,0.49850960637376346,8
2021-08-10,rb1s,0,0.4950280148600716,8
2021-08-10,cl1s,0,0.4950280148600716,8
2021-08-11,cl1s,0,0.535253310929299,8
2021-08-11,rb1s,0,0.535253310929299,8
2021-08-12,cl1s,0,0.5574434731477995,8
2021-08-12,rb1s,0,0.5574434731477995,8
2021-08-13,rb1s,0,0.5705017409918275,8
2021-08-13,cl1s,1,0.5705017409918275,8
2021-08-16,rb1s,0,0.5445247548901327,8
2021-08-16,cl1s,1,0.5445247548901327,8
2021-08-17,cl1s,1,0.5392506447900853,8
2021-08-17,rb1s,1,0.5392506447900853,8
2021-08-18,cl1s,1,0.5549936313412733,8
2021-08-18,rb1s,1,0.5549936313412733,8
2021-08-19,cl1s,1,0.5465377938917584,8
2021-08-19,rb1s,1,0.5465377938917584,8
2021-08-20,cl1s,1,0.543407479290489,8
2021-08-20,rb1s,1,0.543407479290489,8
2021-08-23,cl1s,1,0.5283680682242624,8
2021-08-23,rb1s,1,0.5283680682242624,8
2021-08-24,rb1s,1,0.5236416959453718,8
2021-08-24,cl1s,1,0.5236416959453718,8
2021-08-25,rb1s,0,0.5143789502659246,8
2021-08-25,cl1s,0,0.5143789502659246,8
2021-08-26,cl1s,1,0.523182709345947,8
2021-08-26,rb1s,1,0.523182709345947,8
2021-08-27,cl1s,1,0.5627945875045927,8
2021-08-27,rb1s,1,0.5627945875045927,8
2021-08-30,rb1s,1,0.5483293208705692,8
2021-08-30,cl1s,1,0.5483293208705692,8
2021-08-31,cl1s,1,0.5541093012836604,8
2021-08-31,rb1s,1,0.5541093012836604,8
2021-09-01,rb1s,1,0.5662569919275265,8
2021-09-01,cl1s,1,0.5662569919275265,8
2021-09-02,rb1s,1,0.5867749966812481,8
2021-09-02,cl1s,1,0.5867749966812481,8
2021-09-03,cl1s,1,0.6085411508960658,8
2021-09-03,rb1s,0,0.6085411508960658,8
2021-09-07,rb1s,0,0.5781650454574754,8
2021-09-07,cl1s,1,0.5781650454574754,8
2021-09-08,rb1s,0,0.5791137949651723,8
2021-09-08,cl1s,1,0.5791137949651723,8
2021-09-09,rb1s,1,0.6150944771036787,8
2021-09-09,cl1s,1,0.6150944771036787,8
2021-09-10,rb1s,1,0.61904474087117,8
2021-09-10,cl1s,1,0.61904474087117,8
2021-09-13,cl1s,1,0.6060164724467737,8
2021-09-13,rb1s,1,0.6060164724467737,8
2021-09-14,rb1s,1,0.6142469797574756,8
2021-09-14,cl1s,1,0.6142469797574756,8
2021-09-15,rb1s,1,0.5968885983187951,8
2021-09-15,cl1s,1,0.5968885983187951,8
2021-09-16,rb1s,1,0.5982892723862353,8
2021-09-16,cl1s,1,0.5982892723862353,8
2021-09-17,cl1s,1,0.5802709348518407,8
2021-09-17,rb1s,1,0.5802709348518407,8
2021-09-20,cl1s,1,0.5532453260359623,8
2021-09-20,rb1s,1,0.5532453260359623,8
2021-09-21,rb1s,1,0.5565718929220185,8
2021-09-21,cl1s,1,0.5565718929220185,8
2021-09-22,cl1s,1,0.5820410990323359,8
2021-09-22,rb1s,1,0.5820410990323359,8
2021-09-23,rb1s,0,0.470721017003825,8
2021-09-24,rb1s,1,0.563114077127845,8
2021-09-27,rb1s,1,0.5477109889888944,8
2021-09-28,rb1s,1,0.530221768935563,8
2020-08-10,rb1s,1,0.5710187748022643,9
2020-08-11,rb1s,1,0.5984563123410823,9
2020-08-12,rb1s,1,0.5656540762652785,9
2020-08-13,rb1s,1,0.6028216219677245,9
2020-08-14,rb1s,1,0.5364260148996166,9
2020-08-17,rb1s,1,0.4632234349220164,9
2020-08-18,rb1s,1,0.4996125969801301,9
2020-08-19,rb1s,0,0.5491851800600817,9
2020-08-20,rb1s,0,0.5449373216634285,9
2020-08-21,rb1s,0,0.5647335491942335,9
2020-08-21,cl1s,0,0.5603434001637966,9
2020-08-24,cl1s,0,0.6209751344076953,9
2020-08-24,rb1s,0,0.41610275660718454,9
2020-08-25,cl1s,0,0.6471916654578345,9
2020-08-25,rb1s,0,0.4216939187357066,9
2020-08-26,rb1s,0,0.4745089286694759,9
2020-08-26,cl1s,0,0.6931847269293357,9
2020-08-27,rb1s,0,0.4753092671729173,9
2020-08-28,rb1s,0,0.5520955004657448,9
2020-08-31,rb1s,0,0.6403416565325817,9
2020-09-01,rb1s,0,0.6322560811304909,9
2020-09-01,cl1s,0,0.746061926276375,9
2020-09-02,cl1s,0,0.572350785887051,9
2020-09-02,rb1s,0,0.5699603631494738,9
2020-09-03,rb1s,0,0.6696922069992578,9
2020-09-04,rb1s,0,0.6244676527283621,9
2020-09-08,ho1s,1,0.6059279891853107,9
2020-09-08,rb1s,1,0.4336060315625174,9
2020-09-09,rb1s,1,0.49156543673792535,9
2020-09-10,rb1s,1,0.5668575815492451,9
2020-09-11,rb1s,1,0.5851088128704688,9
2020-09-14,rb1s,1,0.5793187902683111,9
2020-09-15,rb1s,1,0.6309718039736695,9
2020-09-16,rb1s,1,0.6603594270958081,9
2020-09-16,cl1s,0,0.6619304963253402,9
2020-09-17,rb1s,0,0.7519234215480328,9
2020-09-18,rb1s,0,0.7893074549222955,9
2020-09-21,rb1s,1,0.6649088834625368,9
2020-09-21,cl1s,0,0.6187890725348099,9
2020-09-21,ho1s,1,0.8014593932516909,9
2020-09-22,rb1s,1,0.6972689447396181,9
2020-09-22,ho1s,1,0.7923524100189573,9
2020-09-22,cl1s,1,0.6631899524476338,9
2020-09-23,rb1s,1,0.7342105078804547,9
2020-09-23,ho1s,1,0.8411554051579078,9
2020-09-23,cl1s,1,0.7270835784731066,9
2020-09-24,cl1s,1,0.7634971034278647,9
2020-09-24,ho1s,1,0.8261154581151521,9
2020-09-24,ng1s,1,0.9215419598680404,9
2020-09-24,rb1s,1,0.7903575321372633,9
2020-09-25,rb1s,1,0.7661465175203671,9
2020-09-25,cl1s,1,0.7069756445466939,9
2020-09-25,ho1s,1,0.7865474570061676,9
2020-09-28,rb1s,0,0.7400891552341081,9
2020-09-28,cl1s,0,0.6533012713258263,9
2020-09-29,ho1s,1,0.7637243392939955,9
2020-09-29,cl1s,1,0.7553843213721438,9
2020-09-29,rb1s,1,0.7327454729100994,9
2020-09-30,rb1s,1,0.7666763343381687,9
2020-09-30,cl1s,1,0.7938749908198973,9
2020-09-30,ho1s,1,0.7803577397706238,9
2020-10-01,cl1s,1,0.8447125037540558,9
2020-10-01,ho1s,1,0.8989421429325398,9
2020-10-01,rb1s,1,0.8071806479064477,9
2020-10-02,ho1s,1,0.9222722902162702,9
2020-10-02,cl1s,1,0.8638583272712286,9
2020-10-02,rb1s,1,0.8206551311960203,9
2020-10-05,rb1s,0,0.7430334353064413,9
2020-10-05,cl1s,1,0.8412891526531375,9
2020-10-06,rb1s,0,0.6072496822464615,9
2020-10-07,cl1s,0,0.6198727621907477,9
2020-10-07,rb1s,0,0.6431442883462076,9
2020-10-08,cl1s,0,0.522424526344992,9
2020-10-08,rb1s,0,0.6073055892740405,9
2020-10-09,ng1s,0,0.7309657163581122,9
2020-10-09,rb1s,0,0.5735766698413272,9
2020-10-09,cl1s,0,0.46841646458732566,9
2020-10-12,rb1s,0,0.6042216829025254,9
2020-10-12,ng1s,0,0.7086867914383197,9
2020-10-12,cl1s,0,0.44040663953818804,9
2020-10-13,cl1s,0,0.4941604487753913,9
2020-10-13,rb1s,0,0.604003778353906,9
2020-10-13,ng1s,0,0.6663462653904015,9
2020-10-14,cl1s,0,0.49375718188881723,9
2020-10-14,rb1s,0,0.6355041261153418,9
2020-10-14,ng1s,0,0.6608214621823316,9
2020-10-15,cl1s,0,0.6167471980993366,9
2020-10-15,rb1s,0,0.6239924155086257,9
2020-10-16,cl1s,0,0.5771392909522576,9
2020-10-16,rb1s,0,0.6714713744400426,9
2020-10-19,rb1s,0,0.616717720622513,9
2020-10-19,cl1s,0,0.5071015699490845,9
2020-10-20,rb1s,0,0.645807320841715,9
2020-10-20,cl1s,0,0.4825024635116019,9
2020-10-21,rb1s,0,0.6473067919554402,9
2020-10-21,cl1s,0,0.5471120675810788,9
2020-10-22,rb1s,0,0.7274322148254778,9
2020-10-22,cl1s,0,0.5714910671271507,9
2020-10-23,ho1s,0,0.7093847289356366,9
2020-10-23,cl1s,0,0.5994645733431107,9
2020-10-23,rb1s,0,0.6922865451031088,9
2020-10-26,ng1s,1,0.7702461953202667,9
2020-10-26,ho1s,1,0.6918077951290933,9
2020-10-26,cl1s,1,0.5878784563027116,9
2020-10-26,rb1s,1,0.7007239542704661,9
2020-10-27,rb1s,0,0.6830024694079501,9
2020-10-27,ng1s,1,0.7870994914978118,9
2020-10-27,ho1s,1,0.7060288264464407,9
2020-10-27,cl1s,0,0.6099303896415142,9
2020-10-28,rb1s,1,0.6780287771265978,9
2020-10-28,cl1s,1,0.5130864674541211,9
2020-10-29,cl1s,1,0.593206065309372,9
2020-10-29,rb1s,1,0.47701708640151597,9
2020-10-29,ho1s,1,0.7662293776617454,9
2020-10-30,ho1s,1,0.8150740165925237,9
2020-10-30,rb1s,1,0.6212802878241722,9
2020-10-30,cl1s,1,0.6806422060167793,9
2020-11-02,cl1s,1,0.5846489409091469,9
2020-11-02,rb1s,1,0.5091752060830792,9
2020-11-03,cl1s,1,0.5949993351387076,9
2020-11-03,rb1s,1,0.49499416671296,9
2020-11-04,cl1s,1,0.5758124448228813,9
2020-11-04,rb1s,1,0.4876248302730302,9
2020-11-05,rb1s,1,0.42163272511965355,9
2020-11-05,cl1s,1,0.5733916921833978,9
2020-11-06,cl1s,1,0.46733318633518994,9
2020-11-06,rb1s,1,0.4166689804874087,9
2020-11-09,cl1s,1,0.7114646665573243,9
2020-11-09,rb1s,1,0.6413239986822701,9
2020-11-10,cl1s,1,0.7094364288477799,9
2020-11-10,rb1s,1,0.5977875382102503,9
2020-11-11,rb1s,1,0.5799436410679351,9
2020-11-11,cl1s,1,0.6718307792354895,9
2020-11-12,rb1s,1,0.46520393442541846,9
2020-11-12,cl1s,1,0.6474101096417141,9
2020-11-13,cl1s,1,0.5523106015838382,9
2020-11-13,rb1s,1,0.49621096716598617,9
2020-11-16,rb1s,1,0.49927216896900084,9
2020-11-16,cl1s,1,0.6006303324459299,9
2020-11-17,rb1s,1,0.5297005382512078,9
2020-11-17,cl1s,1,0.5303394028135485,9
2020-11-18,rb1s,1,0.5801211031291691,9
2020-11-18,cl1s,1,0.5454336415320757,9
2020-11-19,rb1s,1,0.6174949663652496,9
2020-11-19,cl1s,1,0.5045086703813947,9
2020-11-20,rb1s,1,0.620805096535605,9
2020-11-20,cl1s,1,0.6228670288590471,9
2020-11-23,rb1s,1,0.6016862730062886,9
2020-11-23,cl1s,1,0.66852284819699,9
2020-11-24,cl1s,1,0.5884783039850623,9
2020-11-24,rb1s,1,0.6208602873420969,9
2020-11-25,rb1s,1,0.6640517777937436,9
2020-11-27,rb1s,1,0.7000170360529445,9
2020-11-30,rb1s,1,0.6429216377028634,9
2020-12-01,rb1s,1,0.7496342900939639,9
2020-12-01,cl1s,1,0.6625506811813882,9
2020-12-02,rb1s,1,0.7455598847597197,9
2020-12-02,cl1s,1,0.6778764692218234,9
2020-12-03,rb1s,1,0.7547089743985471,9
2020-12-03,cl1s,1,0.6367589248952713,9
2020-12-04,rb1s,1,0.7498574078446256,9
2020-12-04,cl1s,1,0.676129039064287,9
2020-12-07,rb1s,1,0.6679860803510067,9
2020-12-07,cl1s,1,0.6384520968227733,9
2020-12-08,cl1s,1,0.6630862843815047,9
2020-12-08,rb1s,1,0.6300241753515575,9
2020-12-09,cl1s,1,0.6563456455314767,9
2020-12-09,rb1s,1,0.6479457094437163,9
2020-12-10,rb1s,1,0.6513880641495525,9
2020-12-11,rb1s,1,0.6291266272905565,9
2020-12-11,cl1s,1,0.6945044128268547,9
2020-12-14,rb1s,1,0.6611103049207663,9
2020-12-15,rb1s,1,0.654188318396766,9
2020-12-16,rb1s,1,0.6457264891262514,9
2020-12-17,rb1s,0,0.6357533790444726,9
2020-12-18,rb1s,1,0.5964199491555393,9
2020-12-18,ho1s,0,0.6337370384673471,9
2020-12-21,ho1s,0,0.5296660463736222,9
2020-12-21,rb1s,1,0.7213523385616369,9
2020-12-22,rb1s,1,0.7410309762109424,9
2020-12-23,rb1s,1,0.7126680186046399,9
2020-12-24,rb1s,1,0.7324821634996888,9
2020-12-28,rb1s,1,0.6970322729099435,9
2020-12-29,rb1s,1,0.6516133625178577,9
2020-12-30,rb1s,1,0.6078844091968829,9
2020-12-31,rb1s,1,0.5478078344359595,9
2021-01-04,ho1s,1,0.7112220961540147,9
2021-01-04,rb1s,1,0.6605172128344332,9
2021-01-04,cl1s,1,0.6482098506515346,9
2021-01-05,rb1s,1,0.6777671433247136,9
2021-01-05,cl1s,1,0.6006170541985045,9
2021-01-06,rb1s,0,0.48992295607348557,9
2021-01-06,cl1s,1,0.7209139174004917,9
2021-01-07,rb1s,0,0.4097057103093256,9
2021-01-07,cl1s,1,0.8111289149309359,9
2021-01-08,rb1s,0,0.6127025816938447,9
2021-01-08,cl1s,1,0.8720251385249453,9
2021-01-11,rb1s,0,0.7413341452255929,9
2021-01-11,cl1s,1,0.9368601232729385,9
2021-01-12,rb1s,0,0.6973022651344921,9
2021-01-13,rb1s,0,0.6795137833069227,9
2021-01-14,rb1s,1,0.6563960134675512,9
2021-01-15,rb1s,0,0.6058087056424909,9
2021-01-15,cl1s,1,0.861101931731264,9
2021-01-19,cl1s,1,0.8278925149111128,9
2021-01-19,rb1s,0,0.5912074013188506,9
2021-01-20,cl1s,1,0.860873660274467,9
2021-01-20,rb1s,0,0.5945213793248092,9
2021-01-21,cl1s,1,0.8301596828733543,9
2021-01-21,rb1s,0,0.4501957465074307,9
2021-01-22,rb1s,0,0.4345201666507779,9
2021-01-25,rb1s,0,0.48239211967855594,9
2021-01-26,rb1s,0,0.48450870328406254,9
2021-01-27,rb1s,0,0.7338784920179638,9
2021-01-28,rb1s,0,0.5655873802304984,9
2021-01-29,rb1s,0,0.5812609129611492,9
2021-02-01,rb1s,0,0.5641660914414424,9
2021-02-02,rb1s,0,0.4933043904277244,9
2021-02-03,rb1s,0,0.3953354477566609,9
2021-02-04,rb1s,0,0.3846019344100982,9
2021-02-04,cl1s,0,0.47519934908153516,9
2021-02-05,rb1s,0,0.2856395589764423,9
2021-02-05,cl1s,0,0.458707839111419,9
2021-02-08,rb1s,0,0.15336573318571114,9
2021-02-08,cl1s,0,0.41192876584121424,9
2021-02-09,rb1s,0,0.18783558383625013,9
2021-02-09,cl1s,0,0.43351165973345734,9
2021-02-10,cl1s,0,0.4334716791918471,9
2021-02-10,rb1s,0,0.18856727629598646,9
2021-02-11,cl1s,0,0.4144015547198404,9
2021-02-11,rb1s,0,0.19457748277981968,9
2021-02-12,rb1s,0,0.2925199412171145,9
2021-02-12,cl1s,0,0.4410690410283487,9
2021-02-16,cl1s,0,0.4036741368899542,9
2021-02-16,ng1s,1,0.6809514340226952,9
2021-02-16,rb1s,0,0.33837433415234164,9
2021-02-17,rb1s,0,0.5618485499297243,9
2021-02-17,cl1s,0,0.5263963625379128,9
2021-02-18,rb1s,0,0.6154162307249351,9
2021-02-18,cl1s,0,0.4470941950727711,9
2021-02-19,cl1s,0,0.4975550791423075,9
2021-02-19,rb1s,0,0.42998652281768446,9
2021-02-22,cl1s,0,0.5009296225588666,9
2021-02-22,rb1s,0,0.5936231883422788,9
2021-02-23,rb1s,0,0.5940252201679738,9
2021-02-23,cl1s,0,0.47811199935859877,9
2021-02-24,cl1s,0,0.43891716470781256,9
2021-02-24,rb1s,0,0.5718594609383855,9
2021-02-25,cl1s,0,0.6000671699711019,9
2021-02-25,rb1s,0,0.6389246887499018,9
2021-02-26,rb1s,0,0.4048859533202088,9
2021-03-01,rb1s,0,0.4206918823462489,9
2020-08-10,rb1s,1,0.77590675044501,10
2020-08-11,rb1s,1,0.8100840171319115,10
2020-08-12,rb1s,1,0.7143007226466788,10
2020-08-13,rb1s,1,0.721235129846542,10
2020-08-14,rb1s,1,0.6005490688532477,10
2020-08-17,rb1s,1,0.5338936171983358,10
2020-08-18,rb1s,1,0.5352484544109496,10
2020-08-19,rb1s,0,0.5392974539085151,10
2020-08-20,rb1s,0,0.5009961146384063,10
2020-08-21,rb1s,0,0.5966079366412289,10
2020-08-21,cl1s,0,0.5514728297797599,10
2020-08-24,cl1s,0,0.6386976996439302,10
2020-08-24,rb1s,0,0.4507626450217377,10
2020-08-25,cl1s,0,0.621222130721147,10
2020-08-25,rb1s,0,0.4398674961010579,10
2020-08-26,rb1s,0,0.45952460525935995,10
2020-08-26,cl1s,0,0.6405100017938803,10
2020-08-27,rb1s,0,0.5831172202002958,10
2020-08-28,rb1s,0,0.5891293240338841,10
2020-08-31,rb1s,0,0.726263135673958,10
2020-09-01,rb1s,0,0.726503710451431,10
2020-09-01,cl1s,0,0.7812030630773201,10
2020-09-02,cl1s,0,0.7206123920447178,10
2020-09-02,rb1s,0,0.7115911770644795,10
2020-09-03,rb1s,0,0.7294406952165001,10
2020-09-04,rb1s,0,0.7424519251533067,10
2020-09-08,ho1s,1,0.8131556134349531,10
2020-09-08,rb1s,1,0.7602298040562228,10
2020-09-09,rb1s,1,0.7214863807373841,10
2020-09-10,rb1s,1,0.7378123939564819,10
2020-09-11,rb1s,1,0.770967439667519,10
2020-09-14,rb1s,1,0.7960011969761694,10
2020-09-15,rb1s,1,0.7742348198126076,10
2020-09-16,rb1s,1,0.7771660375168888,10
2020-09-16,cl1s,0,0.7485395137144122,10
2020-09-17,rb1s,0,0.6966613317907177,10
2020-09-18,rb1s,0,0.7257345604376969,10
2020-09-21,rb1s,1,0.6950187520989486,10
2020-09-21,cl1s,0,0.7193822022167335,10
2020-09-21,ho1s,1,0.8111076979957544,10
2020-09-22,rb1s,1,0.7497988019688115,10
2020-09-22,ho1s,1,0.7848043624916662,10
2020-09-22,cl1s,1,0.7805534271854718,10
2020-09-23,rb1s,1,0.7153463964012962,10
2020-09-23,ho1s,1,0.8034684500531842,10
2020-09-23,cl1s,1,0.7217469448993945,10
2020-09-24,cl1s,1,0.7382525399867679,10
2020-09-24,ho1s,1,0.7765456662040163,10
2020-09-24,ng1s,1,0.8792408054050219,10
2020-09-24,rb1s,1,0.7110673475708283,10
2020-09-25,rb1s,1,0.6821265709384879,10
2020-09-25,cl1s,1,0.7158076301408521,10
2020-09-25,ho1s,1,0.7196616532984338,10
2020-09-28,rb1s,0,0.6679376321085714,10
2020-09-28,cl1s,0,0.7291662249107134,10
2020-09-29,ho1s,1,0.7589104495581063,10
2020-09-29,cl1s,1,0.8091636192453041,10
2020-09-29,rb1s,1,0.6837929615225148,10
2020-09-30,rb1s,1,0.7051740003023619,10
2020-09-30,cl1s,1,0.7642608469650634,10
2020-09-30,ho1s,1,0.6623070886105569,10
2020-10-01,cl1s,1,0.7987780184337552,10
2020-10-01,ho1s,1,0.7666402965673081,10
2020-10-01,rb1s,1,0.7170298620909377,10
2020-10-02,ho1s,1,0.8584017694320373,10
2020-10-02,cl1s,1,0.852533968848349,10
2020-10-02,rb1s,1,0.7516594033652119,10
2020-10-05,rb1s,0,0.7320745270327383,10
2020-10-05,cl1s,1,0.8247335445049818,10
2020-10-06,rb1s,0,0.564085335030861,10
2020-10-07,cl1s,0,0.636245601076968,10
2020-10-07,rb1s,0,0.6327566093488941,10
2020-10-08,cl1s,0,0.608576857196921,10
2020-10-08,rb1s,0,0.5929378115046986,10
2020-10-09,ng1s,0,0.6633490984620524,10
2020-10-09,rb1s,0,0.5526165381595224,10
2020-10-09,cl1s,0,0.6269661411027743,10
2020-10-12,rb1s,0,0.7017783391135798,10
2020-10-12,ng1s,0,0.670556946900597,10
2020-10-12,cl1s,0,0.6641331584883535,10
2020-10-13,cl1s,0,0.6282842702736696,10
2020-10-13,rb1s,0,0.6566603902936324,10
2020-10-13,ng1s,0,0.5868288580830565,10
2020-10-14,cl1s,0,0.5809584302763537,10
2020-10-14,rb1s,0,0.6662784774789777,10
2020-10-14,ng1s,0,0.7038159974431328,10
2020-10-15,cl1s,0,0.6761715600037849,10
2020-10-15,rb1s,0,0.6962111485721864,10
2020-10-16,cl1s,0,0.7452250307055162,10
2020-10-16,rb1s,0,0.7859984091733131,10
2020-10-19,rb1s,0,0.7782268575161918,10
2020-10-19,cl1s,0,0.6978473248574492,10
2020-10-20,rb1s,0,0.7598815010948575,10
2020-10-20,cl1s,0,0.6541724849902372,10
2020-10-21,rb1s,0,0.8142529654616341,10
2020-10-21,cl1s,0,0.7956630525348699,10
2020-10-22,rb1s,0,0.8321790727210604,10
2020-10-22,cl1s,0,0.7885077294062353,10
2020-10-23,ho1s,0,0.773992430962636,10
2020-10-23,cl1s,0,0.8237599010616956,10
2020-10-23,rb1s,0,0.870642671410353,10
2020-10-26,ng1s,1,0.7475454508285911,10
2020-10-26,ho1s,1,0.7723188728799268,10
2020-10-26,cl1s,1,0.8582303469064272,10
2020-10-26,rb1s,1,0.8974631906077908,10
2020-10-27,rb1s,0,0.8207100577915534,10
2020-10-27,ng1s,1,0.7074223967270922,10
2020-10-27,ho1s,1,0.7282264356582526,10
2020-10-27,cl1s,0,0.8565181557903084,10
2020-10-28,rb1s,1,0.8753512400986255,10
2020-10-28,cl1s,1,0.822955450635525,10
2020-10-29,cl1s,1,0.8241739861832169,10
2020-10-29,rb1s,1,0.8061532660592813,10
2020-10-29,ho1s,1,0.818528246779921,10
2020-10-30,ho1s,1,0.8369644588868858,10
2020-10-30,rb1s,1,0.842422112411099,10
2020-10-30,cl1s,1,0.8705724857898421,10
2020-11-02,cl1s,1,0.8158232515231517,10
2020-11-02,rb1s,1,0.8195621476660983,10
2020-11-03,cl1s,1,0.8287808220704732,10
2020-11-03,rb1s,1,0.8132544660115515,10
2020-11-04,cl1s,1,0.7976091194132353,10
2020-11-04,rb1s,1,0.7945456817493809,10
2020-11-05,rb1s,1,0.7692301938738962,10
2020-11-05,cl1s,1,0.8528788068128035,10
2020-11-06,cl1s,1,0.8251379126443922,10
2021-03-02,rb1s,0,0.15608243300800118,10
2021-03-03,rb1s,0,0.1696109942076175,10
2021-03-04,rb1s,0,0.1586207617191386,10
2021-03-05,cl1s,1,0.22051901867399368,10
2021-03-05,rb1s,1,0.10873597709173825,10
2021-03-08,rb1s,1,0.1400190239391708,10
2021-03-08,cl1s,1,0.26908884285607826,10
2021-03-09,rb1s,1,0.17060940446959025,10
2021-03-10,rb1s,1,0.10019016525528911,10
2021-03-11,rb1s,1,0.06577954513741192,10
2021-03-12,rb1s,1,0.059880128795859196,10
2021-03-15,rb1s,1,0.11894745841617278,10
2021-03-16,rb1s,1,0.15326241681161795,10
2021-03-17,rb1s,1,0.19508800510872698,10
2021-03-18,rb1s,1,0.3840185915036013,10
2021-03-19,rb1s,1,0.5044155757777813,10
2021-03-22,rb1s,1,0.54974211845641,10
2021-03-23,rb1s,0,0.3754679791289542,10
2021-03-24,rb1s,0,0.3603825779436224,10
2021-03-25,rb1s,1,0.43227996116011774,10
2021-03-26,rb1s,1,0.22169533839615538,10
2021-03-29,rb1s,1,0.2872424102420094,10
2021-03-30,rb1s,0,0.2334643141373301,10
2021-03-31,rb1s,0,0.3213113927383443,10
2021-04-01,rb1s,0,0.2035219706610961,10
2021-04-05,rb1s,0,0.4867814047334716,10
2021-04-06,rb1s,0,0.4400265399766686,10
2021-04-07,rb1s,0,0.4546943784520597,10
2021-04-08,rb1s,0,0.4259850609488614,10
2021-04-09,rb1s,0,0.35980982509682496,10
2021-04-12,rb1s,0,0.42104925621936656,10
2021-04-13,rb1s,0,0.31060113201913997,10
2021-04-14,rb1s,0,0.25442669907857235,10
2021-04-15,cl1s,1,0.7384826994920306,10
2021-04-15,rb1s,0,0.1850455756866086,10
2021-04-16,cl1s,1,0.6650588984872337,10
2021-04-16,rb1s,0,0.18235997131728376,10
2021-04-19,cl1s,1,0.7057496506841242,10
2021-04-19,rb1s,0,0.26255331211541805,10
2021-04-20,rb1s,0,0.2647796958731067,10
2021-04-20,cl1s,1,0.6536346308692448,10
2021-04-21,rb1s,0,0.37301644555222296,10
2021-04-21,cl1s,1,0.760332405260048,10
2021-04-22,rb1s,0,0.4172878139731196,10
2021-04-22,cl1s,1,0.7624700658209554,10
2021-04-23,rb1s,0,0.36259974686609103,10
2021-04-23,cl1s,1,0.7346918085846624,10
2021-04-26,cl1s,1,0.7867122370579641,10
2021-04-26,rb1s,0,0.5039620859084235,10
2021-04-27,cl1s,1,0.766587826242644,10
2021-04-27,rb1s,0,0.42591615225202106,10
2021-04-28,cl1s,1,0.6962953997981008,10
2021-04-28,rb1s,0,0.31951427145387656,10
2021-04-29,rb1s,1,0.3165632112409742,10
2021-04-29,cl1s,0,0.6945473806879398,10
2021-04-30,cl1s,1,0.7740077609801723,10
2021-04-30,rb1s,0,0.41750353089676107,10
2021-05-03,cl1s,1,0.7639013194693295,10
2021-05-03,rb1s,1,0.5716096497529121,10
2021-05-04,cl1s,0,0.7066654074541685,10
2021-05-04,rb1s,0,0.3057686583999738,10
2021-05-05,rb1s,1,0.35519354992360996,10
2021-05-05,cl1s,0,0.6791530322974402,10
2021-05-06,rb1s,1,0.316219859824593,10
2021-05-07,rb1s,1,0.32507387350285577,10
2021-05-10,rb1s,1,0.4783308441720628,10
2021-05-11,rb1s,1,0.42282459184384047,10
2021-05-12,rb1s,1,0.3968649764398988,10
2021-05-12,cl1s,1,0.6739595788040261,10
2021-05-13,rb1s,1,0.6444863049411417,10
2021-05-14,rb1s,1,0.4498379082924324,10
2021-05-14,cl1s,1,0.5876523664734273,10
2021-05-17,cl1s,1,0.6060293050904645,10
2021-05-17,rb1s,1,0.4221102888394643,10
2021-05-18,rb1s,1,0.42582922867589407,10
2021-05-19,rb1s,1,0.47423614692773836,10
2021-05-19,cl1s,1,0.514662224502887,10
2021-05-20,cl1s,1,0.5867748297231397,10
2021-05-20,rb1s,1,0.5625052781180652,10
2021-05-21,cl1s,1,0.5655300084986096,10
2021-05-21,rb1s,1,0.5200392471398853,10
2021-05-24,cl1s,1,0.5203186872267506,10
2021-05-24,rb1s,0,0.3893340419321344,10
2021-05-25,cl1s,1,0.5192948096836193,10
2021-05-25,rb1s,0,0.34162951698469,10
2021-05-26,rb1s,0,0.22256847776138547,10
2021-05-26,cl1s,1,0.5190945355147709,10
2021-05-27,cl1s,1,0.5477960013568018,10
2021-05-27,rb1s,0,0.19760877192467552,10
2021-05-28,cl1s,1,0.6022513433575939,10
2021-05-28,rb1s,0,0.2693542257058053,10
2021-06-01,cl1s,1,0.5511700989891963,10
2021-06-01,rb1s,0,0.2552813019907914,10
2021-06-02,cl1s,1,0.5656022276395589,10
2021-06-02,rb1s,1,0.20850364547534223,10
2021-06-03,cl1s,1,0.5546690195555671,10
2021-06-03,rb1s,1,0.2190031213764965,10
2021-06-04,rb1s,1,0.2945405091486297,10
2021-06-04,cl1s,1,0.6256370560723109,10
2021-06-07,cl1s,1,0.6753896308118935,10
2021-06-07,rb1s,0,0.39406573610283163,10
2021-06-08,rb1s,0,0.29246004648193175,10
2021-06-08,cl1s,1,0.6124992338982461,10
2021-06-09,rb1s,0,0.2621911537568685,10
2021-06-09,cl1s,1,0.5889955524574376,10
2021-06-10,rb1s,0,0.2617844481507035,10
2021-06-10,cl1s,1,0.5737621880127224,10
2021-06-11,rb1s,0,0.32651842897946454,10
2021-06-14,rb1s,0,0.4611991608906588,10
2021-06-15,rb1s,0,0.4520033660960115,10
2021-06-15,cl1s,1,0.7243401621500157,10
2021-06-16,rb1s,0,0.6186351124526438,10
2021-06-16,cl1s,1,0.7445008134189514,10
2021-06-17,rb1s,0,0.5536894456552216,10
2021-06-17,cl1s,1,0.7405302185256482,10
2021-06-17,ho1s,1,0.6447809636486935,10
2021-06-18,cl1s,1,0.5409183655683019,10
2021-06-18,rb1s,0,0.35366940481270454,10
2021-06-21,rb1s,0,0.40992577480571696,10
2021-06-21,cl1s,1,0.4911348457048712,10
2021-06-22,rb1s,1,0.27013583674312125,10
2021-06-22,cl1s,0,0.4998900328854848,10
2021-06-23,rb1s,1,0.20383040714554065,10
2021-06-24,rb1s,0,0.16415842607882164,10
2021-06-24,cl1s,1,0.4328969926882657,10
2021-06-25,rb1s,0,0.2686792837488122,10
2020-08-10,rb1s,1,0.553211637403747,11
2020-08-11,rb1s,1,0.5690516832942819,11
2020-08-12,rb1s,1,0.5057413760323917,11
2020-08-13,rb1s,1,0.54702045403261,11
2020-08-14,rb1s,1,0.5180305547225933,11
2020-08-17,rb1s,1,0.46994033723199957,11
2020-08-18,rb1s,1,0.44602598386649567,11
2020-08-19,rb1s,0,0.47805680440683634,11
2020-08-20,rb1s,0,0.49108751064126577,11
2020-08-21,rb1s,0,0.5672480367452631,11
2020-08-21,cl1s,0,0.5905892291309919,11
2020-08-24,cl1s,0,0.59671567809036,11
2020-08-24,rb1s,0,0.4812632941765864,11
2020-08-25,cl1s,0,0.598534738919018,11
2020-08-25,rb1s,0,0.471132087497823,11
2020-08-26,rb1s,0,0.518983645335853,11
2020-08-26,cl1s,0,0.5972872335098265,11
2020-08-27,rb1s,0,0.5961726341242477,11
2020-08-28,rb1s,0,0.559755400124847,11
2020-08-31,rb1s,0,0.589590830126817,11
2020-09-01,rb1s,0,0.5874018865111096,11
2020-09-01,cl1s,0,0.651454211623017,11
2020-09-02,cl1s,0,0.5659726642839692,11
2020-09-02,rb1s,0,0.5627863614846661,11
2020-09-03,rb1s,0,0.6489003360304809,11
2020-09-04,rb1s,0,0.7285799183558466,11
2020-09-08,ho1s,1,0.7018722314411217,11
2020-09-08,rb1s,1,0.6040556831141668,11
2020-09-09,rb1s,1,0.6090383361081932,11
2020-09-10,rb1s,1,0.617624956641808,11
2020-09-11,rb1s,1,0.6606614591515566,11
2020-09-14,rb1s,1,0.5956148191686176,11
2020-09-15,rb1s,1,0.5946091110884862,11
2020-09-16,rb1s,1,0.7395103091181746,11
2020-09-16,cl1s,0,0.5704543410734616,11
2020-09-17,rb1s,0,0.7839953286436011,11
2020-09-18,rb1s,0,0.8405276641442752,11
2020-09-21,rb1s,1,0.540176873052159,11
2020-09-21,cl1s,0,0.38799741810618943,11
2020-09-21,ho1s,1,0.7072066662799159,11
2020-09-22,rb1s,1,0.579005687804939,11
2020-09-22,ho1s,1,0.6417454072522554,11
2020-09-22,cl1s,1,0.42985612611422375,11
2020-09-23,rb1s,1,0.6087348099826286,11
2020-09-23,ho1s,1,0.7925598021037927,11
2020-09-23,cl1s,1,0.46940949487842065,11
2020-09-24,cl1s,1,0.5202618633857337,11
2020-09-24,ho1s,1,0.7939974990888753,11
2020-09-24,ng1s,1,0.6831658582136793,11
2020-09-24,rb1s,1,0.6581581471378832,11
2020-09-25,rb1s,1,0.6706932396945571,11
2020-09-25,cl1s,1,0.5168007015042565,11
2020-09-25,ho1s,1,0.7212061995353154,11
2020-09-28,rb1s,0,0.637508631782799,11
2020-09-28,cl1s,0,0.4900128690205194,11
2020-09-29,ho1s,1,0.7704812911762723,11
2020-09-29,cl1s,1,0.6823878016678704,11
2020-09-29,rb1s,1,0.6670231439673832,11
2020-09-30,rb1s,1,0.6931301176260899,11
2020-09-30,cl1s,1,0.6512716462148463,11
2020-09-30,ho1s,1,0.7784659155594251,11
2020-10-01,cl1s,1,0.7383313868647203,11
2020-10-01,ho1s,1,0.8711090998783351,11
2020-10-01,rb1s,1,0.6873733814531979,11
2020-10-02,ho1s,1,0.8961858887959648,11
2020-10-02,cl1s,1,0.7509926114288847,11
2020-10-02,rb1s,1,0.7052647125885695,11
2020-10-05,rb1s,0,0.6240026444105454,11
2020-10-05,cl1s,1,0.5455172866386807,11
2020-10-06,rb1s,0,0.4319446511849866,11
2020-10-07,cl1s,0,0.45840893782661424,11
2020-10-07,rb1s,0,0.56531980840466,11
2020-10-08,cl1s,0,0.4891848260626036,11
2020-10-08,rb1s,0,0.5708160554213485,11
2020-10-09,ng1s,0,0.3707502445649423,11
2020-10-09,rb1s,0,0.6456403587226922,11
2020-10-09,cl1s,0,0.5865789147691769,11
2020-10-12,rb1s,0,0.7379587551076918,11
2020-10-12,ng1s,0,0.3548102196846456,11
2020-10-12,cl1s,0,0.6148244627581051,11
2020-10-13,cl1s,0,0.7082901242204322,11
2020-10-13,rb1s,0,0.7528435965106218,11
2020-10-13,ng1s,0,0.3688415103921096,11
2020-10-14,cl1s,0,0.7217317141539981,11
2020-10-14,rb1s,0,0.7698831937205022,11
2020-10-14,ng1s,0,0.4672204493778657,11
2020-10-15,cl1s,0,0.8140065296082013,11
2020-10-15,rb1s,0,0.7974328999252163,11
2020-10-16,cl1s,0,0.8211782863252494,11
2020-10-16,rb1s,0,0.8015524419921461,11
2020-10-19,rb1s,0,0.7267876057204765,11
2020-10-19,cl1s,0,0.7316955054194232,11
2020-10-20,rb1s,0,0.7216885105504963,11
2020-10-20,cl1s,0,0.6925793762143204,11
2020-10-21,rb1s,0,0.7980918677731788,11
2020-10-21,cl1s,0,0.8719440712420211,11
2020-10-22,rb1s,0,0.8083330737696852,11
2020-10-22,cl1s,0,0.8691196110645782,11
2020-10-23,ho1s,0,0.9469592879790458,11
2020-10-23,cl1s,0,0.9258159172565459,11
2020-10-23,rb1s,0,0.8870393347588311,11
2020-10-26,ng1s,1,0.6092626500595867,11
2020-10-26,ho1s,1,0.8928988496012513,11
2020-10-26,cl1s,1,0.8664847814739386,11
2020-10-26,rb1s,1,0.8524810942232468,11
2020-10-27,rb1s,0,0.8033563027793952,11
2020-10-27,ng1s,1,0.6020964688973137,11
2020-10-27,ho1s,1,0.896178581285337,11
2020-10-27,cl1s,0,0.8268651470960493,11
2020-10-28,rb1s,1,0.7138169348256771,11
2020-10-28,cl1s,1,0.6487757587970595,11
2020-10-29,cl1s,1,0.7377885377721507,11
2020-10-29,rb1s,1,0.6964826394034515,11
2020-10-29,ho1s,1,0.900924559992826,11
2020-10-30,ho1s,1,0.8363754644424747,11
2020-10-30,rb1s,1,0.6070875058166164,11
2020-10-30,cl1s,1,0.6500154472655093,11
2020-11-02,cl1s,1,0.556595679883608,11
2020-11-02,rb1s,1,0.644678909838371,11
2020-11-03,cl1s,1,0.5013852694164093,11
2020-11-03,rb1s,1,0.5957662434298103,11
2020-11-04,cl1s,1,0.5179858658741839,11
2020-11-04,rb1s,1,0.593820515028937,11
2020-11-05,rb1s,1,0.5258857065607176,11
2020-11-05,cl1s,1,0.6064314358956888,11
2020-11-06,cl1s,1,0.7376215322457538,11
2021-06-25,cl1s,1,0.6440283449966128,11
2021-06-28,rb1s,0,0.1794668913151053,11
2021-06-28,ho1s,1,0.6735158416658297,11
2021-06-28,cl1s,1,0.6852025272143226,11
2021-06-29,rb1s,0,0.18067164481299386,11
2021-06-29,cl1s,1,0.6686386828382482,11
2021-06-29,ho1s,1,0.7026414095370482,11
2021-06-30,cl1s,0,0.643392586889845,11
2021-06-30,rb1s,0,0.19281264146440788,11
2021-07-01,cl1s,0,0.6218408344314903,11
2021-07-01,rb1s,1,0.1824762620684863,11
2021-07-02,rb1s,1,0.15772646376723434,11
2021-07-02,cl1s,0,0.6778453853258489,11
2021-07-06,rb1s,1,0.10630569908114475,11
2021-07-06,cl1s,0,0.5887877829092361,11
2021-07-07,rb1s,0,0.07489989703091822,11
2021-07-07,ho1s,0,0.4834965468557263,11
2021-07-07,cl1s,0,0.6431373937014435,11
2021-07-08,rb1s,0,0.1474260454492636,11
2021-07-08,ho1s,0,0.6145946033546079,11
2021-07-08,cl1s,0,0.7038334194639068,11
2021-07-09,cl1s,0,0.5583189901411688,11
2021-07-09,rb1s,1,0.1159569332536788,11
2021-07-12,cl1s,0,0.5392433221509985,11
2021-07-12,rb1s,1,0.11450213553681901,11
2021-07-13,cl1s,0,0.6124659425429371,11
2021-07-13,rb1s,1,0.15397020461034816,11
2021-07-14,rb1s,1,0.18928484835760512,11
2021-07-14,cl1s,0,0.7021808244746978,11
2021-07-15,rb1s,0,0.12500440172826227,11
2021-07-15,cl1s,0,0.6401043988963088,11
2021-07-16,cl1s,0,0.6310387414689849,11
2021-07-16,rb1s,0,0.1564202282669224,11
2021-07-19,rb1s,1,0.14669408701744419,11
2021-07-19,cl1s,1,0.2517570563055029,11
2021-07-20,rb1s,1,0.1560424676015126,11
2021-07-20,cl1s,1,0.24072197524355518,11
2021-07-21,rb1s,1,0.1663471186005654,11
2021-07-21,cl1s,0,0.30998330159707377,11
2021-07-22,rb1s,1,0.16975320967285076,11
2021-07-22,cl1s,0,0.27815760478119395,11
2021-07-23,cl1s,0,0.21720012494345114,11
2021-07-23,rb1s,0,0.17577214375614078,11
2021-07-26,rb1s,0,0.19878976390939018,11
2021-07-26,cl1s,0,0.2615037735521868,11
2021-07-27,rb1s,0,0.2007611167451649,11
2021-07-27,cl1s,0,0.24736860961527443,11
2021-07-28,cl1s,0,0.28488624180860467,11
2021-07-28,rb1s,1,0.23669317661768763,11
2021-07-29,cl1s,0,0.2494312632818483,11
2021-07-29,rb1s,0,0.23306963015009252,11
2021-07-30,cl1s,0,0.3308480954281274,11
2021-07-30,rb1s,0,0.2863705298140334,11
2021-08-02,rb1s,0,0.26560235556742795,11
2021-08-02,cl1s,0,0.38275806991372635,11
2021-08-03,cl1s,0,0.41028103254803716,11
2021-08-03,rb1s,0,0.26039667330836674,11
2021-08-04,cl1s,0,0.44030994209219015,11
2021-08-04,rb1s,0,0.29769354084698263,11
2021-08-05,rb1s,0,0.33395994689648384,11
2021-08-05,cl1s,0,0.4466926020590414,11
2021-08-06,rb1s,0,0.4505333002181212,11
2021-08-06,cl1s,0,0.5289750118806404,11
2021-08-09,cl1s,0,0.4640029041854877,11
2021-08-09,rb1s,0,0.4211401939726928,11
2021-08-10,rb1s,0,0.3985724727877026,11
2021-08-10,cl1s,0,0.4717091156502075,11
2021-08-11,cl1s,0,0.5734858446861848,11
2021-08-11,rb1s,0,0.405982828505916,11
2021-08-12,cl1s,0,0.5091541882158883,11
2021-08-12,rb1s,0,0.4054752291270982,11
2021-08-13,rb1s,0,0.333643948289507,11
2021-08-13,cl1s,1,0.45754735588992634,11
2021-08-16,rb1s,0,0.3288565930414066,11
2021-08-16,cl1s,1,0.46780142987897405,11
2021-08-17,cl1s,1,0.38451107551383845,11
2021-08-17,rb1s,1,0.3529997743355503,11
2021-08-18,cl1s,1,0.4231695347283094,11
2021-08-18,rb1s,1,0.41892089064721694,11
2021-08-19,cl1s,1,0.44124953803606387,11
2021-08-19,rb1s,1,0.3693194060988946,11
2021-08-20,cl1s,1,0.429384386912848,11
2021-08-20,rb1s,1,0.3575209505226926,11
2021-08-23,cl1s,1,0.35935810408397717,11
2021-08-23,rb1s,1,0.24076533114936113,11
2021-08-24,rb1s,1,0.2859900616649457,11
2021-08-24,cl1s,1,0.35073074372403884,11
2021-08-25,rb1s,0,0.38899221575686865,11
2021-08-25,cl1s,0,0.34119100917932865,11
2021-08-26,cl1s,1,0.3769186294053929,11
2021-08-26,rb1s,1,0.3596796182327563,11
2021-08-27,cl1s,1,0.2999747635108276,11
2021-08-27,rb1s,1,0.3194193574442585,11
2021-08-30,rb1s,1,0.35891358953174074,11
2021-08-30,cl1s,1,0.28811548348553245,11
2021-08-31,cl1s,1,0.32653470409965074,11
2021-08-31,rb1s,1,0.32162323354964073,11
2021-09-01,rb1s,1,0.3552460682446687,11
2021-09-01,cl1s,1,0.3582342675804022,11
2021-09-02,rb1s,1,0.39203184691866766,11
2021-09-02,cl1s,1,0.3705369457216537,11
2021-09-03,cl1s,1,0.5322345310819294,11
2021-09-03,rb1s,0,0.4337234101069272,11
2021-09-07,rb1s,0,0.4045545605200971,11
2021-09-07,cl1s,1,0.4334317656626034,11
2021-09-08,rb1s,0,0.4380707240609747,11
2021-09-08,cl1s,1,0.44236234555551085,11
2021-09-09,rb1s,1,0.4862918398938971,11
2021-09-09,cl1s,1,0.5763249959132059,11
2021-09-10,rb1s,1,0.6564862153026304,11
2021-09-10,cl1s,1,0.5990313091205651,11
2021-09-13,cl1s,1,0.5909774218907407,11
2021-09-13,rb1s,1,0.622521307955737,11
2021-09-14,rb1s,1,0.6105009650916571,11
2021-09-14,cl1s,1,0.6179366195500039,11
2021-09-15,rb1s,1,0.5418153602967328,11
2021-09-15,cl1s,1,0.609532429146495,11
2021-09-16,rb1s,1,0.5040546484843521,11
2021-09-16,cl1s,1,0.5858919697984222,11
2021-09-17,cl1s,1,0.6073633096153458,11
2021-09-17,rb1s,1,0.535228757387044,11
2021-09-20,cl1s,1,0.5685043014055366,11
2021-09-20,rb1s,1,0.4859700711679315,11
2021-09-21,rb1s,1,0.5909832882164275,11
2021-09-21,cl1s,1,0.5638644981730209,11
2021-09-22,cl1s,1,0.5115588855747717,11
2021-09-22,rb1s,1,0.5485396230661083,11
2021-09-23,rb1s,0,0.10507968064588888,11
2021-09-24,rb1s,1,0.596656445480768,11
2021-09-27,rb1s,1,0.49554908680630333,11
2021-09-28,rb1s,1,0.5058504792670848,11
2020-11-06,rb1s,1,0.5381553654902795,12
2020-11-09,cl1s,1,0.5143149562909919,12
2020-11-09,rb1s,1,0.5143149562909919,12
2020-11-10,cl1s,1,0.508760718903273,12
2020-11-10,rb1s,1,0.508760718903273,12
2020-11-11,rb1s,1,0.508358330629055,12
2020-11-11,cl1s,1,0.508358330629055,12
2020-11-12,rb1s,1,0.5182905133981939,12
2020-11-12,cl1s,1,0.5182905133981939,12
2020-11-13,cl1s,1,0.5253450902120806,12
2020-11-13,rb1s,1,0.5253450902120806,12
2020-11-16,rb1s,1,0.526699076799749,12
2020-11-16,cl1s,1,0.526699076799749,12
2020-11-17,rb1s,1,0.5236593381488721,12
2020-11-17,cl1s,1,0.5236593381488721,12
2020-11-18,rb1s,1,0.522394451190925,12
2020-11-18,cl1s,1,0.522394451190925,12
2020-11-19,rb1s,1,0.5232812993026221,12
2020-11-19,cl1s,1,0.5232812993026221,12
2020-11-20,rb1s,1,0.5299814085257734,12
2020-11-20,cl1s,1,0.5299814085257734,12
2020-11-23,rb1s,1,0.5268807030149532,12
2020-11-23,cl1s,1,0.5268807030149532,12
2020-11-24,cl1s,1,0.5299529650313887,12
2020-11-24,rb1s,1,0.5299529650313887,12
2020-11-25,rb1s,1,0.5424543197615904,12
2020-11-27,rb1s,1,0.5409341697687555,12
2020-11-30,rb1s,1,0.5342316099080986,12
2020-12-01,rb1s,1,0.529676767988758,12
2020-12-01,cl1s,1,0.529676767988758,12
2020-12-02,rb1s,1,0.5177637414573982,12
2020-12-02,cl1s,1,0.5177637414573982,12
2020-12-03,rb1s,1,0.5228330339985133,12
2020-12-03,cl1s,1,0.5228330339985133,12
2020-12-04,rb1s,1,0.516415234654262,12
2020-12-04,cl1s,1,0.516415234654262,12
2020-12-07,rb1s,1,0.48999645021321,12
2020-12-07,cl1s,1,0.48999645021321,12
2020-12-08,cl1s,1,0.49231603546805636,12
2020-12-08,rb1s,1,0.49231603546805636,12
2020-12-09,cl1s,1,0.4958512597875317,12
2020-12-09,rb1s,1,0.4958512597875317,12
2020-12-10,rb1s,1,0.503936169673704,12
2020-12-11,rb1s,1,0.5034111434171353,12
2020-12-11,cl1s,1,0.5034111434171353,12
2020-12-14,rb1s,1,0.49792615875207624,12
2020-12-15,rb1s,1,0.5058194320826757,12
2020-12-16,rb1s,1,0.5127266101711607,12
2020-12-17,rb1s,0,0.5260476959989787,12
2020-12-18,rb1s,1,0.5234303899080152,12
2020-12-18,ho1s,0,0.5234303899080152,12
2020-12-21,ho1s,0,0.5137547421113906,12
2020-12-21,rb1s,1,0.5137547421113906,12
2020-12-22,rb1s,1,0.5293959434570563,12
2020-12-23,rb1s,1,0.5344112447048383,12
2020-12-24,rb1s,1,0.5382140427009514,12
2020-12-28,rb1s,1,0.5219726276902109,12
2020-12-29,rb1s,1,0.5165035772396932,12
2020-12-30,rb1s,1,0.5090679911970257,12
2020-12-31,rb1s,1,0.4986071854595994,12
2021-01-04,ho1s,1,0.4950366097945399,12
2021-01-04,rb1s,1,0.4950366097945399,12
2021-01-04,cl1s,1,0.4950366097945399,12
2021-01-05,rb1s,1,0.4991540329402098,12
2021-01-05,cl1s,1,0.4991540329402098,12
2021-01-06,rb1s,0,0.5227343115623555,12
2021-01-06,cl1s,1,0.5227343115623555,12
2021-01-07,rb1s,0,0.5193720312330136,12
2021-01-07,cl1s,1,0.5193720312330136,12
2021-01-08,rb1s,0,0.5262805701555275,12
2021-01-08,cl1s,1,0.5262805701555275,12
2021-01-11,rb1s,0,0.5119901758423365,12
2021-01-11,cl1s,1,0.5119901758423365,12
2021-01-12,rb1s,0,0.4977055883402592,12
2021-01-13,rb1s,0,0.5243255430595193,12
2021-01-14,rb1s,1,0.5167635313722027,12
2021-01-15,rb1s,0,0.5157506042970845,12
2021-01-15,cl1s,1,0.5157506042970845,12
2021-01-19,cl1s,1,0.5064848210333097,12
2021-01-19,rb1s,0,0.5064848210333097,12
2021-01-20,cl1s,1,0.5266157659047392,12
2021-01-20,rb1s,0,0.5266157659047392,12
2021-01-21,cl1s,1,0.5243697336789372,12
2021-01-21,rb1s,0,0.5243697336789372,12
2021-01-22,rb1s,0,0.5236268676679751,12
2021-01-25,rb1s,0,0.5232469608866248,12
2021-01-26,rb1s,0,0.5215571913243452,12
2021-01-27,rb1s,0,0.5013378077447018,12
2021-01-28,rb1s,0,0.47991073305788995,12
2021-01-29,rb1s,0,0.4545445912768214,12
2021-02-01,rb1s,0,0.4724361719688104,12
2021-02-02,rb1s,0,0.4789129593865485,12
2021-02-03,rb1s,0,0.46603687344097977,12
2021-02-04,rb1s,0,0.46418921678881647,12
2021-02-04,cl1s,0,0.46418921678881647,12
2021-02-05,rb1s,0,0.4669005243640767,12
2021-02-05,cl1s,0,0.4669005243640767,12
2021-02-08,rb1s,0,0.4502706561557794,12
2021-02-08,cl1s,0,0.4502706561557794,12
2021-02-09,rb1s,0,0.4770299254236201,12
2021-02-09,cl1s,0,0.4770299254236201,12
2021-02-10,cl1s,0,0.48596468657335223,12
2021-02-10,rb1s,0,0.48596468657335223,12
2021-02-11,cl1s,0,0.4914495272205952,12
2021-02-11,rb1s,0,0.4914495272205952,12
2021-02-12,rb1s,0,0.4769172838411939,12
2021-02-12,cl1s,0,0.4769172838411939,12
2021-02-16,cl1s,0,0.36417605597042213,12
2021-02-16,ng1s,1,0.36417605597042213,12
2021-02-16,rb1s,0,0.36417605597042213,12
2021-02-17,rb1s,0,0.3909811221845677,12
2021-02-17,cl1s,0,0.3909811221845677,12
2021-02-18,rb1s,0,0.39782219251877926,12
2021-02-18,cl1s,0,0.39782219251877926,12
2021-02-19,cl1s,0,0.3658799410928341,12
2021-02-19,rb1s,0,0.3658799410928341,12
2021-02-22,cl1s,0,0.3660794687896365,12
2021-02-22,rb1s,0,0.3660794687896365,12
2021-02-23,rb1s,0,0.3824734875945852,12
2021-02-23,cl1s,0,0.3824734875945852,12
2021-02-24,cl1s,0,0.3848877418308127,12
2021-02-24,rb1s,0,0.3848877418308127,12
2021-02-25,cl1s,0,0.33146413924871226,12
2021-02-25,rb1s,0,0.33146413924871226,12
2021-02-26,rb1s,0,0.3473208491032463,12
2021-03-01,rb1s,0,0.3919142407735529,12
2021-03-02,rb1s,0,0.4509098964997421,12
2021-03-03,rb1s,0,0.41637002011477997,12
2021-03-04,rb1s,0,0.4114603204113876,12
2021-03-05,cl1s,1,0.41267954150319663,12
2021-03-05,rb1s,1,0.41267954150319663,12
2021-03-08,rb1s,1,0.410098873460796,12
2021-03-08,cl1s,1,0.410098873460796,12
2021-03-09,rb1s,1,0.4323039645781147,12
2021-03-10,rb1s,1,0.451814288075778,12
2021-03-11,rb1s,1,0.45007078880110496,12
2021-03-12,rb1s,1,0.42538569783177327,12
2021-03-15,rb1s,1,0.4291778535613125,12
2021-03-16,rb1s,1,0.4319762198916214,12
2021-03-17,rb1s,1,0.44959713867816425,12
2021-03-18,rb1s,1,0.44131481466852324,12
2021-03-19,rb1s,1,0.4520472232737682,12
2021-03-22,rb1s,1,0.4586257406428148,12
2021-03-23,rb1s,0,0.48274513119939866,12
2021-03-24,rb1s,0,0.479290990777517,12
2021-03-25,rb1s,1,0.4807244316049837,12
2021-03-26,rb1s,1,0.4726784500535451,12
2021-03-29,rb1s,1,0.45577703460417,12
2021-03-30,rb1s,0,0.45144686778297016,12
2021-03-31,rb1s,0,0.4400003094480643,12
2021-04-01,rb1s,0,0.465254983360657,12
2021-04-05,rb1s,0,0.47969220932960077,12
2021-04-06,rb1s,0,0.4880354347916261,12
2021-04-07,rb1s,0,0.48300340450893914,12
2021-04-08,rb1s,0,0.49131862646543506,12
2021-04-09,rb1s,0,0.4888818157714429,12
2021-04-12,rb1s,0,0.4826099915524613,12
2021-04-13,rb1s,0,0.49182315481599115,12
2021-04-14,rb1s,0,0.49740924510507345,12
2021-04-15,cl1s,1,0.5077082620135785,12
2021-04-15,rb1s,0,0.5077082620135785,12
2021-04-16,cl1s,1,0.49543832677996513,12
2021-04-16,rb1s,0,0.49543832677996513,12
2021-04-19,cl1s,1,0.4901724166283966,12
2021-04-19,rb1s,0,0.4901724166283966,12
2021-04-20,rb1s,0,0.4907076616022945,12
2021-04-20,cl1s,1,0.4907076616022945,12
2021-04-21,rb1s,0,0.5066645350718741,12
2021-04-21,cl1s,1,0.5066645350718741,12
2021-04-22,rb1s,0,0.5173695029645986,12
2021-04-22,cl1s,1,0.5173695029645986,12
2021-04-23,rb1s,0,0.5159033246738775,12
2021-04-23,cl1s,1,0.5159033246738775,12
2021-04-26,cl1s,1,0.5115179461614846,12
2021-04-26,rb1s,0,0.5115179461614846,12
2021-04-27,cl1s,1,0.5182438903341413,12
2021-04-27,rb1s,0,0.5182438903341413,12
2021-04-28,cl1s,1,0.5141950286177966,12
2021-04-28,rb1s,0,0.5141950286177966,12
2021-04-29,rb1s,1,0.5229994091835377,12
2021-04-29,cl1s,0,0.5229994091835377,12
2021-04-30,cl1s,1,0.5300489485313328,12
2021-04-30,rb1s,0,0.5300489485313328,12
2021-05-03,cl1s,1,0.5358540973028274,12
2021-05-03,rb1s,1,0.5358540973028274,12
2021-05-04,cl1s,0,0.5317476149784428,12
2021-05-04,rb1s,0,0.5317476149784428,12
2021-05-05,rb1s,1,0.5456669277576476,12
2021-05-05,cl1s,0,0.5456669277576476,12
2021-05-06,rb1s,1,0.5410000152941312,12
2021-05-07,rb1s,1,0.5690056829873755,12
2021-05-10,rb1s,1,0.5653580583575066,12
2021-05-11,rb1s,1,0.5436346763059658,12
2021-05-12,rb1s,1,0.5346656321880031,12
2021-05-12,cl1s,1,0.5346656321880031,12
2021-05-13,rb1s,1,0.549522152075552,12
2021-05-14,rb1s,1,0.55440752554631,12
2021-05-14,cl1s,1,0.55440752554631,12
2021-05-17,cl1s,1,0.5218592642616348,12
2021-05-17,rb1s,1,0.5218592642616348,12
2021-05-18,rb1s,1,0.5297238449611164,12
2021-05-19,rb1s,1,0.531008311680538,12
2021-05-19,cl1s,1,0.531008311680538,12
2021-05-20,cl1s,1,0.5494824782445762,12
2021-05-20,rb1s,1,0.5494824782445762,12
2021-05-21,cl1s,1,0.5566014368372433,12
2021-05-21,rb1s,1,0.5566014368372433,12
2021-05-24,cl1s,1,0.5543697944116788,12
2021-05-24,rb1s,0,0.5543697944116788,12
2021-05-25,cl1s,1,0.5621897093830277,12
2021-05-25,rb1s,0,0.5621897093830277,12
2021-05-26,rb1s,0,0.5644386819430213,12
2021-05-26,cl1s,1,0.5644386819430213,12
2021-05-27,cl1s,1,0.5547278415139665,12
2021-05-27,rb1s,0,0.5547278415139665,12
2021-05-28,cl1s,1,0.5613063621925619,12
2021-05-28,rb1s,0,0.5613063621925619,12
2021-06-01,cl1s,1,0.5362450780122886,12
2021-06-01,rb1s,0,0.5362450780122886,12
2021-06-02,cl1s,1,0.5336676163877523,12
2021-06-02,rb1s,1,0.5336676163877523,12
2021-06-03,cl1s,1,0.5418149885290194,12
2021-06-03,rb1s,1,0.5418149885290194,12
2021-06-04,rb1s,1,0.5757395234336221,12
2021-06-04,cl1s,1,0.5757395234336221,12
2021-06-07,cl1s,1,0.5749745500090472,12
2021-06-07,rb1s,0,0.5749745500090472,12
2021-06-08,rb1s,0,0.5709298618938865,12
2021-06-08,cl1s,1,0.5709298618938865,12
2021-06-09,rb1s,0,0.5495053865429691,12
2021-06-09,cl1s,1,0.5495053865429691,12
2021-06-10,rb1s,0,0.5894748231646564,12
2021-06-10,cl1s,1,0.5894748231646564,12
2021-06-11,rb1s,0,0.5725606769497923,12
2021-06-14,rb1s,0,0.5487318591246771,12
2021-06-15,rb1s,0,0.5589143617243585,12
2021-06-15,cl1s,1,0.5589143617243585,12
2021-06-16,rb1s,0,0.5492489139339509,12
2021-06-16,cl1s,1,0.5492489139339509,12
2021-06-17,rb1s,0,0.5407754250537132,12
2021-06-17,cl1s,1,0.5407754250537132,12
2021-06-17,ho1s,1,0.5407754250537132,12
2021-06-18,cl1s,1,0.4874543349022565,12
2021-06-18,rb1s,0,0.4874543349022565,12
2021-06-21,rb1s,0,0.4714393018461755,12
2021-06-21,cl1s,1,0.4714393018461755,12
2021-06-22,rb1s,1,0.49285735489697385,12
2021-06-22,cl1s,0,0.49285735489697385,12
2021-06-23,rb1s,1,0.5152294538347976,12
2021-06-24,rb1s,0,0.5198844365557733,12
2021-06-24,cl1s,1,0.5198844365557733,12
2021-06-25,rb1s,0,0.5150689392344364,12
2020-11-06,rb1s,1,0.4983739122659731,13
2020-11-09,cl1s,1,0.5872309997453667,13
2020-11-09,rb1s,1,0.44373396194839887,13
2020-11-10,cl1s,1,0.5312615248978414,13
2020-11-10,rb1s,1,0.3277306153980123,13
2020-11-11,rb1s,1,0.49453629522430953,13
2020-11-11,cl1s,1,0.6020737980085809,13
2020-11-12,rb1s,1,0.4463700462708106,13
2020-11-12,cl1s,1,0.5539050583365167,13
2020-11-13,cl1s,1,0.602109120355847,13
2020-11-13,rb1s,1,0.5535010163519594,13
2020-11-16,rb1s,1,0.48657660024271526,13
2020-11-16,cl1s,1,0.5994361214686993,13
2020-11-17,rb1s,1,0.4205491091385441,13
2020-11-17,cl1s,1,0.445206841928897,13
2020-11-18,rb1s,1,0.35473735938511514,13
2020-11-18,cl1s,1,0.4330349731548247,13
2020-11-19,rb1s,1,0.41327144977220714,13
2020-11-19,cl1s,1,0.487821491355522,13
2020-11-20,rb1s,1,0.4619705755575756,13
2020-11-20,cl1s,1,0.5392663220764908,13
2020-11-23,rb1s,1,0.4224253863405453,13
2020-11-23,cl1s,1,0.561669655079837,13
2020-11-24,cl1s,1,0.5347962363003961,13
2020-11-24,rb1s,1,0.44607597814947864,13
2020-11-25,rb1s,1,0.5865267642484877,13
2020-11-27,rb1s,1,0.5521434017495824,13
2020-11-30,rb1s,1,0.5714072999172639,13
2020-12-01,rb1s,1,0.7348519656630194,13
2020-12-01,cl1s,1,0.7136532296413857,13
2020-12-02,rb1s,1,0.7096220368149972,13
2020-12-02,cl1s,1,0.7083780682184747,13
2020-12-03,rb1s,1,0.7013274446747754,13
2020-12-03,cl1s,1,0.6967233400475348,13
2020-12-04,rb1s,1,0.809744492006122,13
2020-12-04,cl1s,1,0.8180581529951941,13
2020-12-07,rb1s,1,0.7379912086706055,13
2020-12-07,cl1s,1,0.7716555893143865,13
2020-12-08,cl1s,1,0.7799782768341635,13
2020-12-08,rb1s,1,0.7063314406946483,13
2020-12-09,cl1s,1,0.8081247112597147,13
2020-12-09,rb1s,1,0.7029603162222838,13
2020-12-10,rb1s,1,0.5896698779794809,13
2020-12-11,rb1s,1,0.45271326720558397,13
2020-12-11,cl1s,1,0.750091698610255,13
2020-12-14,rb1s,1,0.4695752117387018,13
2020-12-15,rb1s,1,0.5245665272111898,13
2020-12-16,rb1s,1,0.5150932501981751,13
2020-12-17,rb1s,0,0.5677701463188407,13
2020-12-18,rb1s,1,0.5715420220997178,13
2020-12-18,ho1s,0,0.6142870945741811,13
2020-12-21,ho1s,0,0.6203253667758255,13
2020-12-21,rb1s,1,0.7036263798266695,13
2020-12-22,rb1s,1,0.7749317273311206,13
2020-12-23,rb1s,1,0.7342694940930585,13
2020-12-24,rb1s,1,0.7485066736379264,13
2020-12-28,rb1s,1,0.6988899699810658,13
2020-12-29,rb1s,1,0.6438599152625882,13
2020-12-30,rb1s,1,0.57587379101832,13
2020-12-31,rb1s,1,0.534486748132453,13
2021-01-04,ho1s,1,0.8347556919575654,13
2021-01-04,rb1s,1,0.670447399624306,13
2021-01-04,cl1s,1,0.769083095785217,13
2021-01-05,rb1s,1,0.5492584614934607,13
2021-01-05,cl1s,1,0.6749272072034819,13
2021-01-06,rb1s,0,0.3841925992720152,13
2021-01-06,cl1s,1,0.7939885391698777,13
2021-01-07,rb1s,0,0.30464395531614746,13
2021-01-07,cl1s,1,0.8255796792477319,13
2021-01-08,rb1s,0,0.44929000213657466,13
2021-01-08,cl1s,1,0.8536346213849441,13
2021-01-11,rb1s,0,0.5685961637243535,13
2021-01-11,cl1s,1,0.8968897794399968,13
2021-01-12,rb1s,0,0.5197301565980724,13
2021-01-13,rb1s,0,0.5590636851462942,13
2021-01-14,rb1s,1,0.5217661531154968,13
2021-01-15,rb1s,0,0.5164589847405101,13
2021-01-15,cl1s,1,0.8329148185157759,13
2021-01-19,cl1s,1,0.8109325962350123,13
2021-01-19,rb1s,0,0.4847569612397451,13
2021-01-20,cl1s,1,0.844194258774375,13
2021-01-20,rb1s,0,0.46042187651292393,13
2021-01-21,cl1s,1,0.8701559550400942,13
2021-01-21,rb1s,0,0.4656158421318127,13
2021-01-22,rb1s,0,0.46522862999264125,13
2021-01-25,rb1s,0,0.488857454388137,13
2021-01-26,rb1s,0,0.4155870115142728,13
2021-01-27,rb1s,0,0.3209521212040275,13
2021-01-28,rb1s,0,0.2585205326823515,13
2021-01-29,rb1s,0,0.35536468105454105,13
2021-02-01,rb1s,0,0.30035504624985804,13
2021-02-02,rb1s,0,0.37878659415785537,13
2021-02-03,rb1s,0,0.336365236691132,13
2021-02-04,rb1s,0,0.40823354749645996,13
2021-02-04,cl1s,0,0.4307218189429586,13
2021-02-05,rb1s,0,0.3729810451262224,13
2021-02-05,cl1s,0,0.4106844694270312,13
2021-02-08,rb1s,0,0.25760662970305254,13
2021-02-08,cl1s,0,0.38722757149155373,13
2021-02-09,rb1s,0,0.34434879716760725,13
2021-02-09,cl1s,0,0.4473557407867676,13
2021-02-10,cl1s,0,0.4798321499201989,13
2021-02-10,rb1s,0,0.505410139670748,13
2021-02-11,cl1s,0,0.5701637773677249,13
2021-02-11,rb1s,0,0.5521633441885426,13
2021-02-12,rb1s,0,0.4842877809896401,13
2021-02-12,cl1s,0,0.5565344472274335,13
2021-02-16,cl1s,0,0.2722109381587912,13
2021-02-16,ng1s,1,0.14264970874562574,13
2021-02-16,rb1s,0,0.19010926032778905,13
2021-02-17,rb1s,0,0.2973313590441399,13
2021-02-17,cl1s,0,0.2749198030978224,13
2021-02-18,rb1s,0,0.37357343349960764,13
2021-02-18,cl1s,0,0.32051651577226453,13
2021-02-19,cl1s,0,0.42864385529691396,13
2021-02-19,rb1s,0,0.2584423418075711,13
2021-02-22,cl1s,0,0.3164584957019147,13
2021-02-22,rb1s,0,0.33238912638813845,13
2021-02-23,rb1s,0,0.3323834115514497,13
2021-02-23,cl1s,0,0.3274834811250333,13
2021-02-24,cl1s,0,0.23593162244832347,13
2021-02-24,rb1s,0,0.31244083286928015,13
2021-02-25,cl1s,0,0.20326251172304263,13
2021-02-25,rb1s,0,0.21166241522816467,13
2021-02-26,rb1s,0,0.21031663328824862,13
2021-03-01,rb1s,0,0.4171570059518102,13
2021-06-25,cl1s,1,0.7873951252953356,13
2021-06-28,rb1s,0,0.31153965605148487,13
2021-06-28,ho1s,1,0.8406190819248596,13
2021-06-28,cl1s,1,0.855068423071621,13
2021-06-29,rb1s,0,0.2550346257576751,13
2021-06-29,cl1s,1,0.8651252643165456,13
2021-06-29,ho1s,1,0.8270293274190063,13
2021-06-30,cl1s,0,0.8286853833989244,13
2021-06-30,rb1s,0,0.2490631660482398,13
2021-07-01,cl1s,0,0.6915139125838112,13
2021-07-01,rb1s,1,0.18067855300911476,13
2021-07-02,rb1s,1,0.20705012557308927,13
2021-07-02,cl1s,0,0.8123939861445514,13
2021-07-06,rb1s,1,0.1630865598740389,13
2021-07-06,cl1s,0,0.6947055894046743,13
2021-07-07,rb1s,0,0.10495065487617512,13
2021-07-07,ho1s,0,0.4169928953613308,13
2021-07-07,cl1s,0,0.5909945571567193,13
2021-07-08,rb1s,0,0.0739997125438658,13
2021-07-08,ho1s,0,0.29579828777002876,13
2021-07-08,cl1s,0,0.48081913851057356,13
2021-07-09,cl1s,0,0.574017081313885,13
2021-07-09,rb1s,1,0.12310662596394766,13
2021-07-12,cl1s,0,0.5399895264954012,13
2021-07-12,rb1s,1,0.09038041454280499,13
2021-07-13,cl1s,0,0.5876931290173025,13
2021-07-13,rb1s,1,0.10244943611075244,13
2021-07-14,rb1s,1,0.13418130783327192,13
2021-07-14,cl1s,0,0.6614383445688209,13
2021-07-15,rb1s,0,0.13675596204601465,13
2021-07-15,cl1s,0,0.7345753768242107,13
2021-07-16,cl1s,0,0.5280792723522986,13
2021-07-16,rb1s,0,0.08052891967387218,13
2021-07-19,rb1s,1,0.187809577939082,13
2021-07-19,cl1s,1,0.2743766260061987,13
2021-07-20,rb1s,1,0.1327791813694836,13
2021-07-20,cl1s,1,0.2302831486489468,13
2021-07-21,rb1s,1,0.2820639205217801,13
2021-07-21,cl1s,0,0.4320765773833063,13
2021-07-22,rb1s,1,0.2719840333485667,13
2021-07-22,cl1s,0,0.43384472783918737,13
2021-07-23,cl1s,0,0.4359847108861201,13
2021-07-23,rb1s,0,0.2807469461776375,13
2021-07-26,rb1s,0,0.22808259953547916,13
2021-07-26,cl1s,0,0.4045636754525792,13
2021-07-27,rb1s,0,0.19984194214052128,13
2021-07-27,cl1s,0,0.39155762593821275,13
2021-07-28,cl1s,0,0.46768538926219977,13
2021-07-28,rb1s,1,0.231695560683949,13
2021-07-29,cl1s,0,0.3403795499276493,13
2021-07-29,rb1s,0,0.24897584146463558,13
2021-07-30,cl1s,0,0.36266986933949286,13
2021-07-30,rb1s,0,0.1585126135983459,13
2021-08-02,rb1s,0,0.1408098724319407,13
2021-08-02,cl1s,0,0.4022606460577053,13
2021-08-03,cl1s,0,0.45746398913925945,13
2021-08-03,rb1s,0,0.17201549567127108,13
2021-08-04,cl1s,0,0.6022959823022144,13
2021-08-04,rb1s,0,0.2955930287135019,13
2021-08-05,rb1s,0,0.2141359197649752,13
2021-08-05,cl1s,0,0.5481789611960863,13
2021-08-06,rb1s,0,0.4754975422244845,13
2021-08-06,cl1s,0,0.6758473561480169,13
2021-08-09,cl1s,0,0.6325837288151619,13
2021-08-09,rb1s,0,0.44256396022917244,13
2021-08-10,rb1s,0,0.402462968475183,13
2021-08-10,cl1s,0,0.590172495294612,13
2021-08-11,cl1s,0,0.6838126310605617,13
2021-08-11,rb1s,0,0.3956915462393846,13
2021-08-12,cl1s,0,0.7262575712273518,13
2021-08-12,rb1s,0,0.5389970708367156,13
2021-08-13,rb1s,0,0.4704762605381933,13
2021-08-13,cl1s,1,0.7590049048534232,13
2021-08-16,rb1s,0,0.5195339224966149,13
2021-08-16,cl1s,1,0.7410924656991749,13
2021-08-17,cl1s,1,0.6885040147087741,13
2021-08-17,rb1s,1,0.5277084704845546,13
2021-08-18,cl1s,1,0.7751552857452086,13
2021-08-18,rb1s,1,0.713715128243623,13
2021-08-19,cl1s,1,0.7549239476032108,13
2021-08-19,rb1s,1,0.684542076217533,13
2021-08-20,cl1s,1,0.8026316670715982,13
2021-08-20,rb1s,1,0.6627179629069123,13
2021-08-23,cl1s,1,0.6913785167559232,13
2021-08-23,rb1s,1,0.533187274629468,13
2021-08-24,rb1s,1,0.5516447230794409,13
2021-08-24,cl1s,1,0.6674831663849293,13
2021-08-25,rb1s,0,0.5153008121467701,13
2021-08-25,cl1s,0,0.5906369820819269,13
2021-08-26,cl1s,1,0.632862075382281,13
2021-08-26,rb1s,1,0.4351497974831858,13
2021-08-27,cl1s,1,0.676590048119537,13
2021-08-27,rb1s,1,0.4803659281056163,13
2021-08-30,rb1s,1,0.4996772261040482,13
2021-08-30,cl1s,1,0.5996901606114541,13
2021-08-31,cl1s,1,0.5608891687365939,13
2021-08-31,rb1s,1,0.4554480614248037,13
2021-09-01,rb1s,1,0.453858457208531,13
2021-09-01,cl1s,1,0.6105292114881851,13
2021-09-02,rb1s,1,0.4811939765774593,13
2021-09-02,cl1s,1,0.6124287263038715,13
2021-09-03,cl1s,1,0.6682217821161365,13
2021-09-03,rb1s,0,0.4530759178535729,13
2021-09-07,rb1s,0,0.35658210043119837,13
2021-09-07,cl1s,1,0.511906673003122,13
2021-09-08,rb1s,0,0.35172738638229806,13
2021-09-08,cl1s,1,0.4632786365407481,13
2021-09-09,rb1s,1,0.46963022802339804,13
2021-09-09,cl1s,1,0.674512701212181,13
2021-09-10,rb1s,1,0.6727997346791516,13
2021-09-10,cl1s,1,0.7265113562857268,13
2021-09-13,cl1s,1,0.7198441439902922,13
2021-09-13,rb1s,1,0.659294148469347,13
2021-09-14,rb1s,1,0.6069978119048721,13
2021-09-14,cl1s,1,0.7277724835229219,13
2021-09-15,rb1s,1,0.6170734467747645,13
2021-09-15,cl1s,1,0.7442220171814545,13
2021-09-16,rb1s,1,0.6737508583388407,13
2021-09-16,cl1s,1,0.7608012237391428,13
2021-09-17,cl1s,1,0.7126843456851997,13
2021-09-17,rb1s,1,0.5750814182412846,13
2021-09-20,cl1s,1,0.5924563708772543,13
2021-09-20,rb1s,1,0.47070452545817043,13
2021-09-21,rb1s,1,0.6447708886303882,13
2021-09-21,cl1s,1,0.6189595916615742,13
2021-09-22,cl1s,1,0.6734152472798298,13
2021-09-22,rb1s,1,0.736763597522634,13
2021-09-23,rb1s,0,0.3955857495282255,13
2021-09-24,rb1s,1,0.6735861820886688,13
2021-09-27,rb1s,1,0.4981199140398733,13
2021-09-28,rb1s,1,0.6087562985599105,13
2021-03-02,rb1s,0,0.08358683835991773,14
2021-03-03,rb1s,0,0.07671695130188165,14
2021-03-04,rb1s,0,0.052941346459721914,14
2021-03-05,cl1s,1,0.1179953554941822,14
2021-03-05,rb1s,1,0.04288736758212198,14
2021-03-08,rb1s,1,0.05238635478165711,14
2021-03-08,cl1s,1,0.15086309149865848,14
2021-03-09,rb1s,1,0.08189328066294868,14
2021-03-10,rb1s,1,0.04255441272078557,14
2021-03-11,rb1s,1,0.02482363004429337,14
2021-03-12,rb1s,1,0.02188443045340496,14
2021-03-15,rb1s,1,0.06255317977932157,14
2021-03-16,rb1s,1,0.0786401267765222,14
2021-03-17,rb1s,1,0.1768941417103526,14
2021-03-18,rb1s,1,0.4441643807014434,14
2021-03-19,rb1s,1,0.5248134203742979,14
2021-03-22,rb1s,1,0.4806627209187679,14
2021-03-23,rb1s,0,0.3169000763645136,14
2021-03-24,rb1s,0,0.3140129369997917,14
2021-03-25,rb1s,1,0.4266084295247966,14
2021-03-26,rb1s,1,0.2021818059244475,14
2021-03-29,rb1s,1,0.20642510626581356,14
2021-03-30,rb1s,0,0.17737317035368858,14
2021-03-31,rb1s,0,0.2504624816869506,14
2021-04-01,rb1s,0,0.1538203457131898,14
2021-04-05,rb1s,0,0.36855290934135215,14
2021-04-06,rb1s,0,0.3461659109284685,14
2021-04-07,rb1s,0,0.3796134136197442,14
2021-04-08,rb1s,0,0.36518167561254283,14
2021-04-09,rb1s,0,0.23646710290225248,14
2021-04-12,rb1s,0,0.24329009534783294,14
2021-04-13,rb1s,0,0.15488734380701477,14
2021-04-14,rb1s,0,0.1099093567983633,14
2021-04-15,cl1s,1,0.46151730365012616,14
2021-04-15,rb1s,0,0.05217171641102741,14
2021-04-16,cl1s,1,0.3599991664471996,14
2021-04-16,rb1s,0,0.03373344967390949,14
2021-04-19,cl1s,1,0.40644133169020014,14
2021-04-19,rb1s,0,0.03802186787646414,14
2021-04-20,rb1s,0,0.0665041092384756,14
2021-04-20,cl1s,1,0.46048475757249213,14
2021-04-21,rb1s,0,0.1313860047680758,14
2021-04-21,cl1s,1,0.6363848030198159,14
2021-04-22,rb1s,0,0.14357151595450618,14
2021-04-22,cl1s,1,0.5920626436083284,14
2021-04-23,rb1s,0,0.13008503184408396,14
2021-04-23,cl1s,1,0.5273689540789909,14
2021-04-26,cl1s,1,0.5723973370547384,14
2021-04-26,rb1s,0,0.2275723726663658,14
2021-04-27,cl1s,1,0.5858286121588876,14
2021-04-27,rb1s,0,0.15136942813416157,14
2021-04-28,cl1s,1,0.4786178994428201,14
2021-04-28,rb1s,0,0.07883602293880328,14
2021-04-29,rb1s,1,0.07241738196199451,14
2021-04-29,cl1s,0,0.4744716958677919,14
2021-04-30,cl1s,1,0.5612609823281689,14
2021-04-30,rb1s,0,0.10150047890330646,14
2021-05-03,cl1s,1,0.4493714864542219,14
2021-05-03,rb1s,1,0.20983182182598353,14
2021-05-04,cl1s,0,0.39459027222398885,14
2021-05-04,rb1s,0,0.08498268941633104,14
2021-05-05,rb1s,1,0.1143373177184503,14
2021-05-05,cl1s,0,0.43601039792898594,14
2021-05-06,rb1s,1,0.07947152435063375,14
2021-05-07,rb1s,1,0.1298666921227123,14
2021-05-10,rb1s,1,0.16805166943230923,14
2021-05-11,rb1s,1,0.15582698764523847,14
2021-05-12,rb1s,1,0.11773759085125506,14
2021-05-12,cl1s,1,0.38894666117041615,14
2021-05-13,rb1s,1,0.38857941857421935,14
2021-05-14,rb1s,1,0.19447540274819333,14
2021-05-14,cl1s,1,0.36647848604864014,14
2021-05-17,cl1s,1,0.26644722912873925,14
2021-05-17,rb1s,1,0.13819168763063253,14
2021-05-18,rb1s,1,0.12416784664431577,14
2021-05-19,rb1s,1,0.1930366600405851,14
2021-05-19,cl1s,1,0.48976460295232693,14
2021-05-20,cl1s,1,0.5936561288293233,14
2021-05-20,rb1s,1,0.3240196444937353,14
2021-05-21,cl1s,1,0.5093408802666706,14
2021-05-21,rb1s,1,0.3566936609094141,14
2021-05-24,cl1s,1,0.36991781618262193,14
2021-05-24,rb1s,0,0.21440002278193188,14
2021-05-25,cl1s,1,0.3558066197314741,14
2021-05-25,rb1s,0,0.17130987457397032,14
2021-05-26,rb1s,0,0.09110102253519214,14
2021-05-26,cl1s,1,0.3088543220743494,14
2021-05-27,cl1s,1,0.31057524910339074,14
2021-05-27,rb1s,0,0.05320465026793405,14
2021-05-28,cl1s,1,0.35525931148554485,14
2021-05-28,rb1s,0,0.07237111367326954,14
2021-06-01,cl1s,1,0.33474444908348205,14
2021-06-01,rb1s,0,0.07805382611475585,14
2021-06-02,cl1s,1,0.27122333920684927,14
2021-06-02,rb1s,1,0.029904054261653625,14
2021-06-03,cl1s,1,0.26623795033007086,14
2021-06-03,rb1s,1,0.027250009610619057,14
2021-06-04,rb1s,1,0.05534449438098676,14
2021-06-04,cl1s,1,0.4164223650040415,14
2021-06-07,cl1s,1,0.48051463638332886,14
2021-06-07,rb1s,0,0.0881392296946818,14
2021-06-08,rb1s,0,0.06969534961915345,14
2021-06-08,cl1s,1,0.4479644179275044,14
2021-06-09,rb1s,0,0.0631200581395106,14
2021-06-09,cl1s,1,0.4048506759716461,14
2021-06-10,rb1s,0,0.08428385959625842,14
2021-06-10,cl1s,1,0.49198277605173113,14
2021-06-11,rb1s,0,0.16496175067292382,14
2021-06-14,rb1s,0,0.2647950775601585,14
2021-06-15,rb1s,0,0.1982351196911813,14
2021-06-15,cl1s,1,0.5968921458057771,14
2021-06-16,rb1s,0,0.3422860958892574,14
2021-06-16,cl1s,1,0.6608910642123531,14
2021-06-17,rb1s,0,0.3738443505218827,14
2021-06-17,cl1s,1,0.6707857849286382,14
2021-06-17,ho1s,1,0.6626331751235676,14
2021-06-18,cl1s,1,0.31220989057086795,14
2021-06-18,rb1s,0,0.10470748833384651,14
2021-06-21,rb1s,0,0.1290629009951567,14
2021-06-21,cl1s,1,0.31762039497842004,14
2021-06-22,rb1s,1,0.06892624103600209,14
2021-06-22,cl1s,0,0.3323273027093479,14
2021-06-23,rb1s,1,0.06949628391175663,14
2021-06-24,rb1s,0,0.04811974300394524,14
2021-06-24,cl1s,1,0.21961313448709718,14
2021-06-25,rb1s,0,0.1207447984450998,14
2021-06-25,cl1s,1,0.2699017951116942,14
2021-06-28,rb1s,0,0.21419483563617253,14
2021-06-28,ho1s,1,0.5457435578922583,14
2021-06-28,cl1s,1,0.40261958853619023,14
2021-06-29,rb1s,0,0.14850560517954262,14
2021-06-29,cl1s,1,0.44135909167739035,14
2021-06-29,ho1s,1,0.5697554560430406,14
2021-06-30,cl1s,0,0.39110017327405444,14
2021-06-30,rb1s,0,0.17389852908828404,14
2021-07-01,cl1s,0,0.27239118564756176,14
2021-07-01,rb1s,1,0.08603137534152369,14
2021-07-02,rb1s,1,0.050536187376296456,14
2021-07-02,cl1s,0,0.23070892729269205,14
2021-07-06,rb1s,1,0.10002633656743903,14
2021-07-06,cl1s,0,0.270921000224251,14
2021-07-07,rb1s,0,0.09600865400041925,14
2021-07-07,ho1s,0,0.3622535275787074,14
2021-07-07,cl1s,0,0.36596774207033317,14
2021-07-08,rb1s,0,0.04273434054386099,14
2021-07-08,ho1s,0,0.20900871229518808,14
2021-07-08,cl1s,0,0.2608285685428328,14
2021-07-09,cl1s,0,0.2602475316194322,14
2021-07-09,rb1s,1,0.06215220844300899,14
2021-07-12,cl1s,0,0.28954795063552285,14
2021-07-12,rb1s,1,0.06131577046453394,14
2021-07-13,cl1s,0,0.2867893670657026,14
2021-07-13,rb1s,1,0.061436053378602015,14
2021-07-14,rb1s,1,0.0697848568783148,14
2021-07-14,cl1s,0,0.40243844175952903,14
2021-07-15,rb1s,0,0.08593799941496262,14
2021-07-15,cl1s,0,0.47981174353691064,14
2021-07-16,cl1s,0,0.25940472792173597,14
2021-07-16,rb1s,0,0.046772617715816464,14
2021-07-19,rb1s,1,0.20700939371493626,14
2021-07-19,cl1s,1,0.4578964472365708,14
2021-07-20,rb1s,1,0.14632651897213836,14
2021-07-20,cl1s,1,0.35267825163874716,14
2021-07-21,rb1s,1,0.1693749167866023,14
2021-07-21,cl1s,0,0.4310597578498715,14
2021-07-22,rb1s,1,0.1386323429324742,14
2021-07-22,cl1s,0,0.3581380133054587,14
2021-07-23,cl1s,0,0.2973763849065143,14
2021-07-23,rb1s,0,0.17490200261062808,14
2021-07-26,rb1s,0,0.16527513071368094,14
2021-07-26,cl1s,0,0.3416890444291325,14
2021-07-27,rb1s,0,0.1608892464413686,14
2021-07-27,cl1s,0,0.3232914312303627,14
2021-07-28,cl1s,0,0.3271527461417092,14
2021-07-28,rb1s,1,0.11026850406570868,14
2021-07-29,cl1s,0,0.18506506918580273,14
2021-07-29,rb1s,0,0.08435212090344622,14
2021-07-30,cl1s,0,0.1875360195343965,14
2021-07-30,rb1s,0,0.04040867405237877,14
2021-08-02,rb1s,0,0.08747802852118082,14
2021-08-02,cl1s,0,0.37557891204617083,14
2021-08-03,cl1s,0,0.4763235612150663,14
2021-08-03,rb1s,0,0.14083466908637055,14
2021-08-04,cl1s,0,0.6154596484695167,14
2021-08-04,rb1s,0,0.2288682017146824,14
2021-08-05,rb1s,0,0.18080300575868002,14
2021-08-05,cl1s,0,0.49428509917056984,14
2021-08-06,rb1s,0,0.39060227520923735,14
2021-08-06,cl1s,0,0.6077873256036864,14
2021-08-09,cl1s,0,0.617827924492638,14
2021-08-09,rb1s,0,0.3962104354646291,14
2021-08-10,rb1s,0,0.4075549018318123,14
2021-08-10,cl1s,0,0.5664387849522572,14
2021-08-11,cl1s,0,0.6765196209747275,14
2021-08-11,rb1s,0,0.3277284088745809,14
2021-08-12,cl1s,0,0.6165278268124254,14
2021-08-12,rb1s,0,0.4185065697712568,14
2021-08-13,rb1s,0,0.286769220358126,14
2021-08-13,cl1s,1,0.5586256045357312,14
2021-08-16,rb1s,0,0.4390502541923942,14
2021-08-16,cl1s,1,0.6360490708455371,14
2021-08-17,cl1s,1,0.5520146709314953,14
2021-08-17,rb1s,1,0.5239324080752089,14
2021-08-18,cl1s,1,0.6278114371717514,14
2021-08-18,rb1s,1,0.6549982122587318,14
2021-08-19,cl1s,1,0.6468358248868118,14
2021-08-19,rb1s,1,0.6149203537769953,14
2021-08-20,cl1s,1,0.6857767464120424,14
2021-08-20,rb1s,1,0.6091294748266518,14
2021-08-23,cl1s,1,0.6530880054872108,14
2021-08-23,rb1s,1,0.49035524187200275,14
2021-08-24,rb1s,1,0.5345703237871628,14
2021-08-24,cl1s,1,0.6429339999185536,14
2021-08-25,rb1s,0,0.5270861475791772,14
2021-08-25,cl1s,0,0.5465311559402636,14
2021-08-26,cl1s,1,0.5227674639719233,14
2021-08-26,rb1s,1,0.43593726937490296,14
2021-08-27,cl1s,1,0.4254460124439582,14
2021-08-27,rb1s,1,0.3671682966975493,14
2021-08-30,rb1s,1,0.38569968455696735,14
2021-08-30,cl1s,1,0.3863903241628791,14
2021-08-31,cl1s,1,0.3841478216658051,14
2021-08-31,rb1s,1,0.32090939756543024,14
2021-09-01,rb1s,1,0.3573101185143421,14
2021-09-01,cl1s,1,0.4216680646304238,14
2021-09-02,rb1s,1,0.2675469675246056,14
2021-09-02,cl1s,1,0.32526548402631605,14
2021-09-03,cl1s,1,0.30724454884313085,14
2021-09-03,rb1s,0,0.15332233205459836,14
2021-09-07,rb1s,0,0.11259619498739659,14
2021-09-07,cl1s,1,0.17754732486295288,14
2021-09-08,rb1s,0,0.1321925297015522,14
2021-09-08,cl1s,1,0.14854587298866975,14
2021-09-09,rb1s,1,0.17649793237802608,14
2021-09-09,cl1s,1,0.2910458946341266,14
2021-09-10,rb1s,1,0.3400344645576716,14
2021-09-10,cl1s,1,0.31111376190757073,14
2021-09-13,cl1s,1,0.38646639747505496,14
2021-09-13,rb1s,1,0.3998348707860224,14
2021-09-14,rb1s,1,0.38260459204568,14
2021-09-14,cl1s,1,0.4596472739634213,14
2021-09-15,rb1s,1,0.40015488581380176,14
2021-09-15,cl1s,1,0.509259003524572,14
2021-09-16,rb1s,1,0.3712427240452139,14
2021-09-16,cl1s,1,0.4387416119206787,14
2021-09-17,cl1s,1,0.395004317676428,14
2021-09-17,rb1s,1,0.29422309287726145,14
2021-09-20,cl1s,1,0.32214943339612756,14
2021-09-20,rb1s,1,0.26558569948070576,14
2021-09-21,rb1s,1,0.4858824705190135,14
2021-09-21,cl1s,1,0.36584289483807025,14
2021-09-22,cl1s,1,0.39472241803096514,14
2021-09-22,rb1s,1,0.5369467221766656,14
2021-09-23,rb1s,0,0.35713434005127115,14
2021-09-24,rb1s,1,0.4816497666570476,14
2021-09-27,rb1s,1,0.3480855902184585,14
2021-09-28,rb1s,1,0.4428288905989485,14
