instrument,auc_mean,auc_std,logloss,brier,n_events
cl1s,0.6176291428571429,0.12809009287452022,0.85264532995507,0.2567771356826606,2025
ho1s,0.7347073170731707,0.18377582184577146,0.6666891066145272,0.20175028839395825,305
ng1s,0.5645701357466063,0.1396073896232084,1.1937257609993397,0.3256565888773008,600
rb1s,0.5984065958487044,0.118318990000102,1.168345109500033,0.28699055134481516,3000
