instrument,t_signal,t_start,t_end,side,ret,label,raw_proba,calibrated_proba,weight
cl1s,2021-11-03,2021-11-04,2021-11-05,1,0.0307370525,1,0.4443571157,0.3602376050,0.0000000000
cl1s,2021-11-05,2021-11-08,2021-11-17,1,-0.0422318828,0,0.2592260857,0.1972039482,0.0000000000
cl1s,2021-11-08,2021-11-09,2021-11-10,1,-0.0339630200,0,0.3564942900,0.2752741433,0.0000000000
cl1s,2021-11-09,2021-11-10,2021-11-17,1,-0.0350045595,0,0.3622528740,0.2804515077,0.0000000000
cl1s,2021-11-10,2021-11-11,2021-11-19,1,-0.0590526988,0,0.3939203808,0.3099552893,0.0000000000
cl1s,2021-11-11,2021-11-12,2021-11-19,1,-0.0491991892,0,0.3835205907,0.3000778061,0.0000000000
cl1s,2021-11-12,2021-11-15,2021-11-19,1,-0.0503125684,0,0.4771602670,0.3947593740,0.0000000000
cl1s,2021-11-15,2021-11-16,2021-11-19,1,-0.0488277867,0,0.4608814387,0.3774721999,0.0000000000
cl1s,2021-11-16,2021-11-17,2021-11-26,1,-0.1292117316,0,0.1850567433,0.1497965213,0.0000000000
cl1s,2021-11-17,2021-11-18,2021-11-26,1,-0.1402403123,0,0.1700016182,0.1414065584,0.0000000000
cl1s,2021-11-18,2021-11-19,2021-11-23,1,0.0331550700,1,0.1475664379,0.1296357482,0.0000000000
cl1s,2021-11-19,2021-11-22,2021-11-26,1,-0.1188422286,0,0.5115724023,0.4321322430,0.0000000000
cl1s,2021-11-22,2021-11-23,2021-11-26,1,-0.1413874669,0,0.1943017034,0.1551491308,0.0000000000
cl1s,2021-11-23,2021-11-24,2021-11-26,1,-0.1399852100,0,0.1332463548,0.1225664176,0.0000000000
cl1s,2021-11-24,2021-11-26,2021-12-01,1,-0.0385928836,0,0.1366334755,0.1242079725,0.0000000000
cl1s,2021-11-26,2021-11-29,2021-12-13,1,0.0189753642,1,0.6060087972,0.5374275273,0.0000000000
cl1s,2021-11-29,2021-11-30,2021-12-07,1,0.0849820202,1,0.5255058679,0.4475130084,0.0000000000
cl1s,2021-11-30,2021-12-01,2021-12-07,1,0.0942420481,1,0.7617029323,0.7000676427,0.0119344544
cl1s,2021-12-01,2021-12-02,2021-12-07,1,0.0801583748,1,0.5943597272,0.5244290074,0.0000000000
cl1s,2021-12-02,2021-12-03,2021-12-07,1,0.0837739259,1,0.7333290920,0.6727134541,0.0110901166
cl1s,2021-12-03,2021-12-06,2021-12-20,1,-0.0097769898,0,0.4296282398,0.3451720142,0.0000000000
cl1s,2021-12-06,2021-12-07,2021-12-21,1,-0.0100241605,0,0.4576341921,0.3740592475,0.0000000000
cl1s,2021-12-07,2021-12-08,2021-12-22,1,0.0084802644,1,0.4735665774,0.3909186877,0.0000000000
cl1s,2021-12-08,2021-12-09,2021-12-23,1,0.0423563423,1,0.6057733911,0.5371652945,0.0000000000
cl1s,2021-12-09,2021-12-10,2021-12-27,1,0.0559546997,1,0.9607843525,0.8506435775,0.0243950588
cl1s,2021-12-10,2021-12-13,2021-12-27,1,0.0612708845,1,0.9881466403,0.8655603536,0.0266594686
cl1s,2021-12-13,2021-12-14,2021-12-27,1,0.0691571387,1,0.9794567358,0.8609645370,0.0275680050
cl1s,2021-12-14,2021-12-15,2021-12-27,1,0.0671797372,1,0.9900000000,0.8665237788,0.0293350285
cl1s,2021-12-15,2021-12-16,2021-12-20,1,-0.0503089885,0,0.9831259079,0.8629209114,0.0297290264
cl1s,2021-12-16,2021-12-17,2021-12-27,1,0.0663309608,1,0.9590720739,0.8496661912,0.0294440422
cl1s,2021-12-17,2021-12-20,2021-12-22,1,0.0587280571,1,0.9894487971,0.8662378608,0.0310210795
cl1s,2021-12-20,2021-12-21,2021-12-27,1,0.0606907878,1,0.9900000000,0.8665237788,0.0300441221
cl1s,2021-12-21,2021-12-22,2021-12-29,1,0.0509083932,1,0.9096234420,0.8191230706,0.0267045815
cl1s,2021-12-22,2021-12-23,2022-01-05,1,0.0535606775,1,0.9568413153,0.8483849616,0.0303252049
cl1s,2021-12-23,2021-12-27,2022-01-06,1,0.0501943714,1,0.8865363315,0.8032875145,0.0270054403
cl1s,2021-12-27,2021-12-28,2022-01-06,1,0.0447836026,1,0.9303940742,0.8325050207,0.0310507871
cl1s,2021-12-28,2021-12-29,2022-01-11,1,0.0590867751,1,0.7906832993,0.7266067736,0.0221816248
cl1s,2021-12-29,2021-12-30,2022-01-11,1,0.0534859790,1,0.8552588938,0.7801983369,0.0287651979
cl1s,2021-12-30,2021-12-31,2022-01-06,1,0.0549695495,1,0.7249407797,0.6643850396,0.0166690108
cl1s,2021-12-31,2022-01-03,2022-01-06,1,0.0434683323,1,0.7817141443,0.7185510333,0.0230956182
cl1s,2022-01-03,2022-01-04,2022-01-11,1,0.0534859790,1,0.8722870569,0.7930028527,0.0322717196
cl1s,2022-01-04,2022-01-05,2022-01-11,1,0.0423776238,1,0.3035038617,0.2305046651,0.0000000000
cl1s,2022-01-05,2022-01-06,2022-01-12,1,0.0392400745,1,0.5048210579,0.4247245523,0.0000000000
cl1s,2022-01-06,2022-01-07,2022-01-12,1,0.0463125970,1,0.9900000000,0.8665237788,0.0444545064
cl1s,2022-01-07,2022-01-10,2022-01-11,1,0.0375083165,1,0.9709128916,0.8563182489,0.0444490667
cl1s,2022-01-10,2022-01-11,2022-01-14,1,0.0313942894,1,0.9777637681,0.8600539935,0.0418372283
cl1s,2022-01-11,2022-01-12,2022-01-19,1,0.0436324436,1,0.9676298630,0.8544988059,0.0427195175
cl1s,2022-01-12,2022-01-13,2022-01-18,1,0.0385749240,1,0.9445209980,0.8411467536,0.0422200315
cl1s,2022-01-13,2022-01-14,2022-01-26,1,0.0474744871,1,0.9668415560,0.8540590926,0.0449623227
cl1s,2022-01-14,2022-01-18,2022-01-31,1,0.0383906550,1,0.9900000000,0.8665237788,0.0481778773
cl1s,2022-01-18,2022-01-19,2022-02-02,1,0.0282679973,1,0.9778932623,0.8601238165,0.0495997609
cl1s,2022-01-19,2022-01-20,2022-02-03,1,0.0537041790,1,0.7947508227,0.7302122925,0.0326109669
cl1s,2022-01-20,2022-01-21,2022-01-31,1,0.0347429483,1,0.9762398376,0.8592300997,0.0521303804
cl1s,2022-01-21,2022-01-24,2022-01-26,1,0.0473544465,1,0.9836778920,0.8632132131,0.0493355879
cl1s,2022-01-24,2022-01-25,2022-02-01,1,0.0299216800,1,0.9824901352,0.8625835888,0.0482313548
cl1s,2022-01-25,2022-01-26,2022-02-03,1,0.0328821428,1,0.9218035770,0.8270687706,0.0444783724
cl1s,2022-01-26,2022-01-27,2022-02-03,1,0.0413898970,1,0.8865148008,0.8032722695,0.0417975660
cl1s,2022-01-27,2022-01-28,2022-02-03,1,0.0389681693,1,0.8057509054,0.7398114396,0.0346006946
cl1s,2022-01-28,2022-01-31,2022-02-04,1,0.0461125691,1,0.7581338987,0.6966990470,0.0293527028
cl1s,2022-01-31,2022-02-01,2022-02-04,1,0.0455455149,1,0.7645744581,0.7027623154,0.0315456109
cl1s,2022-02-01,2022-02-02,2022-02-04,1,0.0448654743,1,0.8680104955,0.7898397144,0.0470514105
cl1s,2022-02-02,2022-02-03,2022-02-11,1,0.0308690049,1,0.7981071334,0.7331647033,0.0376056403
cl1s,2022-02-10,2022-02-11,2022-02-28,1,0.0481619506,1,0.9150628708,0.8227061129,0.0461757528
cl1s,2022-02-15,2022-02-16,2022-02-28,1,0.0414882214,1,0.8204881607,0.7523197746,0.0306835120
cl1s,2022-02-16,2022-02-17,2022-02-28,1,0.0611732471,1,0.8144002500,0.7472019313,0.0295034516
cl1s,2022-02-17,2022-02-18,2022-02-28,1,0.0592869776,1,0.7343139724,0.6736843276,0.0217363453
cl1s,2022-02-18,2022-02-22,2022-02-28,1,0.0406174256,1,0.9265569904,0.8300938857,0.0421500045
cl1s,2022-02-22,2022-02-23,2022-02-28,1,0.0385523198,1,0.8903530361,0.8059758699,0.0409458317
cl1s,2022-02-23,2022-02-24,2022-03-01,1,0.1081472766,1,0.9343679601,0.8349732268,0.0469439005
cl1s,2022-02-24,2022-02-25,2022-02-28,1,0.0441051675,1,0.9535572149,0.8464824451,0.0486813116
cl1s,2022-02-25,2022-02-28,2022-03-01,1,0.0772744061,1,0.8524231264,0.7780115715,0.0334393938
cl1s,2022-02-28,2022-03-01,2022-03-02,1,0.0672184199,1,0.7258552603,0.6652980907,0.0144530438
cl1s,2022-03-03,2022-03-04,2022-03-08,1,0.0670315209,1,0.7813519493,0.7182227065,0.0153558252
cl1s,2022-03-14,2022-03-15,2022-03-21,-1,-0.1466608633,0,0.2969476270,0.2253353033,-0.0000000000
cl1s,2022-03-18,2022-03-21,2022-03-31,-1,0.0922413278,1,0.7737035865,0.7112355034,-0.0099223573
cl1s,2022-03-21,2022-03-22,2022-04-01,-1,0.0959784730,1,0.7399468272,0.6792083164,-0.0087946184
cl1s,2022-03-22,2022-03-23,2022-03-28,-1,0.0812615831,1,0.8468045647,0.7736331128,-0.0136358269
cl1s,2022-03-23,2022-03-24,2022-03-31,-1,0.1135637136,1,0.6826355975,0.6208923693,-0.0061844756
cl1s,2022-03-24,2022-03-25,2022-03-29,-1,0.0886249378,1,0.5867650477,0.5159355753,-0.0000000000
cl1s,2022-03-25,2022-03-28,2022-04-06,-1,0.0963205051,1,0.5095180827,0.4298748349,-0.0000000000
cl1s,2022-03-28,2022-03-29,2022-04-06,-1,0.0799547736,1,0.5559430646,0.4814229897,-0.0000000000
cl1s,2022-04-13,2022-04-14,2022-04-25,-1,0.0765550322,1,0.4289644444,0.3445000452,-0.0000000000
cl1s,2022-04-14,2022-04-18,2022-04-25,-1,0.0880510233,1,0.8756253676,0.7954474707,-0.0179791468
cl1s,2022-04-27,2022-04-28,2022-05-10,1,-0.0546157562,0,0.5091067237,0.4294231563,0.0000000000
cl1s,2022-04-28,2022-04-29,2022-05-13,1,0.0539214167,1,0.3492268779,0.2688255232,0.0000000000
cl1s,2022-04-29,2022-05-02,2022-05-10,1,-0.0528107871,0,0.6118739772,0.5439540457,0.0000000000
cl1s,2022-05-02,2022-05-03,2022-05-04,1,0.0513860546,1,0.5710797195,0.4983704004,0.0000000000
cl1s,2022-05-03,2022-05-04,2022-05-09,1,-0.0447680257,0,0.1934331424,0.1546396836,0.0000000000
cl1s,2022-05-04,2022-05-05,2022-05-10,1,-0.0817684400,0,0.5749990365,0.5027607542,0.0000000000
cl1s,2022-05-05,2022-05-06,2022-05-09,1,-0.0627848747,0,0.8527286141,0.7782478898,0.0226342503
cl1s,2022-05-06,2022-05-09,2022-05-13,1,0.0693226260,1,0.6432071011,0.5785119187,0.0055409363
cl1s,2022-05-09,2022-05-10,2022-05-11,1,0.0579321945,1,0.8656857037,0.7881053696,0.0205536840
cl1s,2022-05-10,2022-05-11,2022-05-16,1,0.0772518013,1,0.7997499346,0.7346022951,0.0154467400
cl1s,2022-05-11,2022-05-12,2022-05-16,1,0.0732865393,1,0.7994574705,0.7343467263,0.0161806268
cl1s,2022-05-12,2022-05-13,2022-05-27,1,0.0616764815,1,0.7516401806,0.6905156544,0.0131257877
cl1s,2022-05-13,2022-05-16,2022-05-31,1,0.0251680026,1,0.7568765924,0.6955072757,0.0137600414
cl1s,2022-05-16,2022-05-17,2022-06-01,1,0.0500793863,1,0.7319184670,0.6713203127,0.0122977458
cl1s,2022-05-17,2022-05-18,2022-05-26,1,0.0637850144,1,0.8879349946,0.8042759365,0.0221778759
cl1s,2022-05-18,2022-05-19,2022-06-02,1,0.0615823403,1,0.9362069107,0.8361054967,0.0251462932
cl1s,2022-05-19,2022-05-20,2022-06-02,1,0.0580396198,1,0.9254003952,0.8293617144,0.0258423591
cl1s,2022-05-20,2022-05-23,2022-06-02,1,0.0579489455,1,0.9785320955,0.8604678469,0.0296329060
cl1s,2022-05-23,2022-05-24,2022-05-27,1,0.0471533712,1,0.9514282121,0.8452386775,0.0296415164
cl1s,2022-05-24,2022-05-25,2022-05-27,1,0.0420647641,1,0.9057292751,0.8165234299,0.0284988023
cl1s,2022-05-25,2022-05-26,2022-06-03,1,0.0410428484,1,0.8679779087,0.7898154760,0.0259955669
cl1s,2022-05-26,2022-05-27,2022-06-08,1,0.0593816390,1,0.9384355219,0.8374693054,0.0317385602
cl1s,2022-05-27,2022-05-31,2022-06-07,1,0.0405045115,1,0.9704920182,0.8560860648,0.0348889837
cl1s,2022-05-31,2022-06-01,2022-06-07,1,0.0353725037,1,0.9456310042,0.8418102042,0.0351240963
cl1s,2022-06-01,2022-06-02,2022-06-08,1,0.0438600720,1,0.9201868714,0.8260302222,0.0349500185
cl1s,2022-06-02,2022-06-03,2022-06-17,1,-0.0732858064,0,0.9474606181,0.8428988506,0.0381846079
cl1s,2022-06-03,2022-06-06,2022-06-17,1,-0.0701683078,0,0.9688741570,0.8551906286,0.0410670286
cl1s,2022-06-06,2022-06-07,2022-06-15,1,-0.0316729653,0,0.9618364032,0.8512414968,0.0425858282
cl1s,2022-06-07,2022-06-08,2022-06-15,1,-0.0540322935,0,0.7915918308,0.7274147126,0.0281474472
cl1s,2022-06-08,2022-06-09,2022-06-15,1,-0.0491065796,0,0.7428577907,0.6820435916,0.0231929786
cl1s,2022-06-09,2022-06-10,2022-06-15,1,-0.0421695627,0,0.8537494841,0.7790363058,0.0364579094
cl1s,2022-06-10,2022-06-13,2022-06-15,1,-0.0443218815,0,0.8583048237,0.7825298830,0.0386594993
cl1s,2022-06-13,2022-06-14,2022-06-15,1,-0.0276451003,0,0.8999286587,0.8125975332,0.0421086897
cl1s,2022-06-14,2022-06-15,2022-06-17,1,-0.0461453317,0,0.5754482226,0.5032639106,0.0000000000
es1s,2021-10-21,2021-10-22,2021-10-29,1,0.0132481272,1,0.4002427541,0.4356229621,0.0000000000
es1s,2021-10-22,2021-10-25,2021-11-01,1,0.0104215921,1,0.3952852239,0.4320140151,0.0000000000
es1s,2021-10-25,2021-10-26,2021-11-02,1,0.0126787170,1,0.4077815845,0.4411239993,0.0000000000
es1s,2021-10-26,2021-10-27,2021-10-28,1,0.0094175028,1,0.4119088393,0.4441418542,0.0000000000
es1s,2021-10-27,2021-10-28,2021-11-03,1,0.0140157602,1,0.4105021976,0.4431128412,0.0000000000
es1s,2021-10-28,2021-10-29,2021-11-03,1,0.0119470567,1,0.3892736852,0.4276474763,0.0000000000
es1s,2021-10-29,2021-11-01,2021-11-04,-1,-0.0145492382,0,0.3277477576,0.3837152536,-0.0000000000
es1s,2021-11-02,2021-11-03,2021-11-16,1,0.0093601090,1,0.3606326944,0.4070092330,0.0000000000
es1s,2021-11-04,2021-11-05,2021-11-10,1,-0.0103405781,0,0.3606597677,0.4070285994,0.0000000000
es1s,2021-11-05,2021-11-08,2021-11-10,1,-0.0111397896,0,0.3899001229,0.4281019817,0.0000000000
es1s,2021-11-08,2021-11-09,2021-11-23,1,0.0021885935,1,0.4012311327,0.4363433037,0.0000000000
es1s,2021-11-09,2021-11-10,2021-11-16,1,0.0115657747,1,0.4202903968,0.4502829311,0.0000000000
es1s,2021-11-10,2021-11-11,2021-11-16,1,0.0113503735,1,0.4363960573,0.4621244101,0.0000000000
es1s,2021-11-11,2021-11-12,2021-11-26,1,-0.0177921450,0,0.4977982183,0.5075475485,0.0000000000
es1s,2021-11-12,2021-11-15,2021-11-26,1,-0.0179524485,0,0.4865998856,0.4992506307,0.0000000000
es1s,2021-11-15,2021-11-16,2021-11-26,1,-0.0215791191,0,0.5001696472,0.5093041764,0.0000000000
es1s,2021-11-16,2021-11-17,2021-11-26,1,-0.0195007257,0,0.4887541112,0.5008468196,0.0000000000
es1s,2021-11-17,2021-11-18,2021-11-26,1,-0.0227496434,0,0.4762050989,0.4915493369,0.0000000000
es1s,2021-11-18,2021-11-19,2021-11-26,1,-0.0212596473,0,0.4437134469,0.4675193949,0.0000000000
es1s,2021-11-19,2021-11-22,2021-11-26,1,-0.0181127263,0,0.4764542999,0.4917339327,0.0000000000
es1s,2021-11-22,2021-11-23,2021-11-26,1,-0.0199807385,0,0.5255049955,0.5280481975,0.0000000000
es1s,2021-11-23,2021-11-24,2021-11-26,1,-0.0222177567,0,0.5314823978,0.5324609548,0.0000000000
es1s,2021-11-24,2021-11-26,2021-11-29,1,0.0119502869,1,0.4862987984,0.4990275385,0.0000000000
es1s,2021-11-26,2021-11-29,2021-12-01,1,-0.0311177463,0,0.5724329109,0.5625203475,0.0185106372
es1s,2021-11-29,2021-11-30,2021-12-07,1,0.0256736166,1,0.5938024019,0.5780400305,0.0200875157
es1s,2021-11-30,2021-12-01,2021-12-07,1,0.0384014117,1,0.6472419613,0.6161215977,0.0295456943
es1s,2021-12-01,2021-12-02,2021-12-07,1,0.0235952960,1,0.7049621944,0.6557003445,0.0365550749
es1s,2021-12-02,2021-12-03,2021-12-07,1,0.0319897161,1,0.6790524710,0.6381629023,0.0332633135
es1s,2021-12-03,2021-12-06,2021-12-07,1,0.0204858916,1,0.7567897212,0.6895035888,0.0446209691
es1s,2021-12-07,2021-12-08,2021-12-20,1,-0.0283728744,0,0.6473137492,0.6161719192,0.0257401393
es1s,2021-12-10,2021-12-13,2021-12-20,1,-0.0219145242,0,0.4937841226,0.5045737189,0.0000000000
es1s,2021-12-14,2021-12-15,2021-12-17,-1,0.0194410290,1,0.5915038287,0.5763774977,-0.0173685427
es1s,2021-12-16,2021-12-17,2021-12-23,-1,-0.0226801132,0,0.5085368450,0.5155000227,-0.0000000000
es1s,2021-12-17,2021-12-20,2021-12-21,1,0.0178823691,1,0.5466935555,0.5436659798,0.0000000000
es1s,2021-12-20,2021-12-21,2021-12-27,1,0.0300351559,1,0.5672881677,0.5587644041,0.0124634951
es1s,2021-12-21,2021-12-22,2021-12-29,1,0.0208021862,1,0.5604338939,0.5537500155,0.0116106482
es1s,2021-12-23,2021-12-27,2022-01-05,1,-0.0189456576,0,0.3808664655,0.4215598123,0.0000000000
es1s,2021-12-27,2021-12-28,2022-01-06,1,-0.0192272984,0,0.3628604556,0.4086037877,0.0000000000
es1s,2021-12-28,2021-12-29,2022-01-05,1,-0.0194160368,0,0.3260305571,0.3825124158,0.0000000000
es1s,2021-12-29,2021-12-30,2022-01-05,1,-0.0168524023,0,0.3091336393,0.3707554109,0.0000000000
es1s,2021-12-30,2021-12-31,2022-01-05,1,-0.0139670031,0,0.3184939111,0.3772504373,0.0000000000
es1s,2021-12-31,2022-01-03,2022-01-05,1,-0.0197295000,0,0.4081239449,0.4413741715,0.0000000000
es1s,2022-01-03,2022-01-04,2022-01-05,-1,0.0193637833,1,0.3509875266,0.4001285272,-0.0000000000
es1s,2022-01-04,2022-01-05,2022-01-18,-1,0.0261787990,1,0.3684481989,0.4126117049,-0.0000000000
es1s,2022-01-05,2022-01-06,2022-01-18,1,-0.0251127008,0,0.5478603954,0.5445238344,0.0000000000
es1s,2022-01-06,2022-01-07,2022-01-18,1,-0.0208904664,0,0.4261094061,0.4545554991,0.0000000000
es1s,2022-01-07,2022-01-10,2022-01-18,1,-0.0197114737,0,0.4034214206,0.4379405637,0.0000000000
es1s,2022-01-10,2022-01-11,2022-01-18,1,-0.0288390826,0,0.4566794244,0.4770968705,0.0000000000
es1s,2022-01-11,2022-01-12,2022-01-13,1,-0.0137167576,0,0.4282745157,0.4561469601,0.0000000000
es1s,2022-01-12,2022-01-13,2022-01-18,1,-0.0175105442,0,0.4847576583,0.4978856301,0.0000000000
es1s,2022-01-13,2022-01-14,2022-01-18,1,-0.0181015131,0,0.5231917796,0.5263392738,0.0000000000
es1s,2022-01-14,2022-01-18,2022-01-20,1,-0.0213362062,0,0.4867720590,0.4993782037,0.0000000000
es1s,2022-01-18,2022-01-19,2022-01-21,1,-0.0301225905,0,0.5995224972,0.5821695668,0.0212709674
es1s,2022-01-19,2022-01-20,2022-01-21,1,-0.0191212572,0,0.6378023878,0.6094833915,0.0288300310
es1s,2022-01-20,2022-01-21,2022-01-31,1,0.0256921684,1,0.6349498917,0.6074692987,0.0266071193
es1s,2022-01-21,2022-01-24,2022-01-31,1,0.0225649448,1,0.6549474087,0.6215085409,0.0305886517
es1s,2022-01-24,2022-01-25,2022-01-31,1,0.0350754619,1,0.6921036264,0.6470462847,0.0376742600
es1s,2022-01-25,2022-01-26,2022-01-31,1,0.0368014850,1,0.7008841824,0.6529666077,0.0408643986
es1s,2022-01-26,2022-01-27,2022-01-28,1,0.0241402868,1,0.7053320991,0.6559478080,0.0436851825
es1s,2022-01-27,2022-01-28,2022-01-31,1,0.0181466755,1,0.7053367135,0.6559508945,0.0324281858
es1s,2022-01-28,2022-01-31,2022-02-14,-1,0.0247814215,1,0.7040100630,0.6550629873,-0.0299938818
es1s,2022-01-31,2022-02-01,2022-02-11,-1,0.0280637792,1,0.6691014439,0.6313252391,-0.0262593439
es1s,2022-02-01,2022-02-02,2022-02-03,-1,0.0239337112,1,0.6090974187,0.5890560523,-0.0182341753
es1s,2022-02-02,2022-02-03,2022-02-09,-1,-0.0240429411,0,0.5182960303,0.5227204773,-0.0000000000
es1s,2022-02-03,2022-02-04,2022-02-17,-1,0.0266171121,1,0.5544738424,0.5493808683,-0.0000000000
es1s,2022-02-07,2022-02-08,2022-02-11,1,-0.0230900193,0,0.4995835793,0.5088700683,0.0000000000
es1s,2022-02-08,2022-02-09,2022-02-11,1,-0.0374463067,0,0.5015145962,0.5103003435,0.0000000000
es1s,2022-02-09,2022-02-10,2022-02-11,-1,0.0197603825,1,0.4754811922,0.4910131158,-0.0000000000
es1s,2022-02-10,2022-02-11,2022-02-22,-1,0.0251462816,1,0.5260920975,0.5284818251,-0.0000000000
es1s,2022-02-11,2022-02-14,2022-02-23,1,-0.0399310245,0,0.5200471082,0.5240151174,0.0000000000
es1s,2022-02-14,2022-02-15,2022-02-18,1,-0.0274767513,0,0.5256212085,0.5281340346,0.0000000000
es1s,2022-02-15,2022-02-16,2022-02-18,1,-0.0287079339,0,0.5279333028,0.5298414389,0.0000000000
es1s,2022-02-16,2022-02-17,2022-02-23,1,-0.0354832781,0,0.4501380609,0.4722624642,0.0000000000
es1s,2022-02-17,2022-02-18,2022-02-23,1,-0.0283715253,0,0.4655525918,0.4836612935,0.0000000000
es1s,2022-02-18,2022-02-22,2022-03-07,1,-0.0238877041,0,0.4804557148,0.4946982577,0.0000000000
es1s,2022-02-22,2022-02-23,2022-02-25,1,0.0367397750,1,0.5194549156,0.5235773216,0.0000000000
es1s,2022-02-23,2022-02-24,2022-03-02,1,0.0225610354,1,0.5768345742,0.5657281390,0.0120893693
es1s,2022-02-24,2022-02-25,2022-03-07,1,-0.0423214057,0,0.5988843851,0.5817094508,0.0136963958
es1s,2022-02-25,2022-02-28,2022-03-07,1,-0.0395779198,0,0.5815115903,0.5691305700,0.0121437786
es1s,2022-02-28,2022-03-01,2022-03-07,1,-0.0247594170,0,0.5819509399,0.5694498576,0.0122618873
es1s,2022-03-01,2022-03-02,2022-03-07,1,-0.0427208693,0,0.6385234557,0.6099919363,0.0186621408
es1s,2022-03-02,2022-03-03,2022-03-07,1,-0.0375727056,0,0.6360118725,0.6082195743,0.0191642811
es1s,2022-03-03,2022-03-04,2022-03-07,1,-0.0302049177,0,0.6535677943,0.6205461986,0.0221668509
es1s,2022-03-04,2022-03-07,2022-03-16,1,0.0373730478,1,0.6458641559,0.6151553091,0.0186302681
es1s,2022-03-07,2022-03-08,2022-03-16,1,0.0444841357,1,0.6910595753,0.6463392747,0.0247849644
es1s,2022-03-08,2022-03-09,2022-03-17,1,0.0312558733,1,0.6843031567,0.6417485910,0.0214614353
es1s,2022-03-09,2022-03-10,2022-03-17,1,0.0354750416,1,0.6971713834,0.6504688840,0.0238662069
es1s,2022-03-10,2022-03-11,2022-03-16,1,0.0366587620,1,0.7245881602,0.6687107116,0.0274101099
es1s,2022-03-11,2022-03-14,2022-03-16,1,0.0437048293,1,0.6997618487,0.6522124566,0.0258485655
es1s,2022-03-14,2022-03-15,2022-03-16,1,0.0222599491,1,0.7180035162,0.6643731079,0.0260304139
es1s,2022-03-15,2022-03-16,2022-03-22,1,0.0351269951,1,0.7056974699,0.6561921553,0.0236379314
es1s,2022-03-16,2022-03-17,2022-03-25,1,0.0300968065,1,0.6457003524,0.6150403691,0.0178968777
es1s,2022-03-17,2022-03-18,2022-03-29,-1,-0.0378941693,0,0.4847042338,0.4978460456,-0.0000000000
es1s,2022-03-18,2022-03-21,2022-03-28,-1,-0.0256658860,0,0.4792206908,0.4937832788,-0.0000000000
es1s,2022-03-21,2022-03-22,2022-03-29,-1,-0.0263965822,0,0.4468327904,0.4698216181,-0.0000000000
es1s,2022-03-22,2022-03-23,2022-03-28,-1,-0.0267333318,0,0.4588800690,0.4787242713,-0.0000000000
es1s,2022-03-23,2022-03-24,2022-03-29,1,0.0247331496,1,0.4634112840,0.4820765387,0.0000000000
es1s,2022-03-24,2022-03-25,2022-04-08,1,-0.0117517982,0,0.4745980308,0.4903589577,0.0000000000
es1s,2022-03-25,2022-03-28,2022-04-06,1,-0.0204015369,0,0.4176209804,0.4483253425,0.0000000000
es1s,2022-03-28,2022-03-29,2022-03-31,1,-0.0206969845,0,0.4279647913,0.4559192419,0.0000000000
es1s,2022-03-29,2022-03-30,2022-04-06,1,-0.0265124245,0,0.4398136602,0.4646431234,0.0000000000
es1s,2022-03-30,2022-03-31,2022-04-11,1,-0.0272395823,0,0.4196998074,0.4498496938,0.0000000000
es1s,2022-03-31,2022-04-01,2022-04-11,1,-0.0291138938,0,0.4877032991,0.5000682130,0.0000000000
es1s,2022-04-01,2022-04-04,2022-04-06,1,-0.0225336756,0,0.4516111719,0.4733507482,0.0000000000
es1s,2022-04-04,2022-04-05,2022-04-11,1,-0.0249193957,0,0.4616681089,0.4807867016,0.0000000000
es1s,2022-04-05,2022-04-06,2022-04-12,1,-0.0186615705,0,0.5010446974,0.5099523112,0.0000000000
es1s,2022-04-06,2022-04-07,2022-04-11,-1,0.0195958097,1,0.4660651199,0.4840406590,-0.0000000000
es1s,2022-04-07,2022-04-08,2022-04-11,1,-0.0167560850,0,0.4473900253,0.4702330219,0.0000000000
es1s,2022-04-08,2022-04-11,2022-04-22,1,-0.0326783147,0,0.4321444812,0.4589937842,0.0000000000
es1s,2022-04-11,2022-04-12,2022-04-22,1,-0.0290427733,0,0.4687847958,0.4860540190,0.0000000000
es1s,2022-04-12,2022-04-13,2022-04-22,1,-0.0401914132,0,0.4450353929,0.4684948905,0.0000000000
es1s,2022-04-13,2022-04-14,2022-04-22,-1,0.0277899971,1,0.4867131767,0.4993345745,-0.0000000000
es1s,2022-04-14,2022-04-18,2022-04-22,1,-0.0276190423,0,0.5367327724,0.5363328297,0.0000000000
es1s,2022-04-18,2022-04-19,2022-04-21,1,-0.0155374746,0,0.5445479098,0.5420878394,0.0000000000
es1s,2022-04-19,2022-04-20,2022-04-22,-1,0.0431696964,1,0.5516606935,0.5473159368,-0.0000000000
es1s,2022-04-20,2022-04-21,2022-04-22,-1,0.0284735242,1,0.5023840303,0.5109442666,-0.0000000000
es1s,2022-04-21,2022-04-22,2022-04-26,-1,0.0229336590,1,0.6046639970,0.5858716058,-0.0159561460
es1s,2022-04-22,2022-04-25,2022-04-26,1,-0.0288916205,0,0.6094584989,0.5893150852,0.0170007138
es1s,2022-04-25,2022-04-26,2022-04-28,1,0.0267344997,1,0.6129413824,0.5918110854,0.0156557530
es1s,2022-04-26,2022-04-27,2022-05-09,1,-0.0472065853,0,0.6509674045,0.6187297360,0.0209768959
es1s,2022-04-27,2022-04-28,2022-04-29,1,-0.0370985356,0,0.6486978400,0.6171416455,0.0183992509
es1s,2022-04-28,2022-04-29,2022-05-04,1,0.0398378641,1,0.6795197323,0.6384826259,0.0188778459
es1s,2022-04-29,2022-05-02,2022-05-09,1,-0.0401848010,0,0.7035719397,0.6547695198,0.0217791517
es1s,2022-05-02,2022-05-03,2022-05-09,1,-0.0445716954,0,0.7233972812,0.6679283186,0.0245230928
es1s,2022-05-03,2022-05-04,2022-05-05,1,-0.0360292569,0,0.7198789586,0.6656114147,0.0218212328
es1s,2022-05-04,2022-05-05,2022-05-09,-1,0.0383160359,1,0.6509645782,0.6187277599,-0.0142112827
es1s,2022-05-05,2022-05-06,2022-05-11,1,-0.0470287597,0,0.6900584641,0.6456607409,0.0182766300
es1s,2022-05-06,2022-05-09,2022-05-23,1,-0.0039576645,0,0.6745041776,0.6350443746,0.0162474030
es1s,2022-05-09,2022-05-10,2022-05-24,1,-0.0141739121,0,0.6826423389,0.6406161111,0.0175992714
es1s,2022-05-10,2022-05-11,2022-05-17,1,0.0385574898,1,0.7078160353,0.6576073462,0.0203901909
es1s,2022-05-11,2022-05-12,2022-05-17,1,0.0393210915,1,0.7051244736,0.6558089185,0.0210511902
es1s,2022-05-12,2022-05-13,2022-05-19,1,-0.0308202481,0,0.7174933706,0.6640358794,0.0209038038
es1s,2022-05-13,2022-05-16,2022-05-27,1,0.0370117608,1,0.7162932394,0.6632418810,0.0218176783
es1s,2022-05-16,2022-05-17,2022-05-18,1,-0.0404675885,0,0.7333613055,0.6744456542,0.0228549482
es1s,2022-05-17,2022-05-18,2022-05-26,1,0.0333426889,1,0.7318251127,0.6734451614,0.0201759474
es1s,2022-05-18,2022-05-19,2022-05-26,1,0.0397361637,1,0.7260281377,0.6696555154,0.0206935707
es1s,2022-05-19,2022-05-20,2022-05-26,1,0.0392872875,1,0.6936809016,0.6481131629,0.0188846533
es1s,2022-05-20,2022-05-23,2022-05-27,1,0.0452861138,1,0.7049581703,0.6556976520,0.0196040101
es1s,2022-05-23,2022-05-24,2022-05-27,1,0.0531852986,1,0.7140715269,0.6617695792,0.0212873261
es1s,2022-05-24,2022-05-25,2022-05-27,1,0.0440280146,1,0.6739154020,0.6346398456,0.0182379291
es1s,2022-05-25,2022-05-26,2022-05-27,1,0.0243572901,1,0.6583811267,0.6238995477,0.0165761129
es1s,2022-05-27,2022-05-31,2022-06-10,1,-0.0578599146,0,0.4832157853,0.4967432008,0.0000000000
es1s,2022-05-31,2022-06-01,2022-06-10,-1,0.0500229315,1,0.5111625999,0.5174434824,-0.0000000000
es1s,2022-06-02,2022-06-03,2022-06-10,-1,0.0519727250,1,0.4712772302,0.4878995527,-0.0000000000
es1s,2022-06-03,2022-06-06,2022-06-09,1,-0.0256258838,0,0.4672176814,0.4848938340,0.0000000000
es1s,2022-06-08,2022-06-09,2022-06-10,-1,0.0296285214,1,0.3907265245,0.4287017544,-0.0000000000
es1s,2022-06-09,2022-06-10,2022-06-13,1,-0.0388309456,0,0.4317194477,0.4586809867,0.0000000000
es1s,2022-06-10,2022-06-13,2022-06-24,-1,-0.0424458253,0,0.4557183550,0.4763862997,-0.0000000000
es1s,2022-06-14,2022-06-15,2022-06-30,1,-0.0010549915,0,0.4894274929,0.5013457646,0.0000000000
fesx1s,2021-10-21,2021-10-22,2021-11-01,1,0.0227094325,1,0.4759409864,0.4936352290,0.0000000000
fesx1s,2021-10-22,2021-10-25,2021-11-01,-1,-0.0215138321,0,0.4233982341,0.4487770090,-0.0000000000
fesx1s,2021-10-25,2021-10-26,2021-11-02,-1,-0.0161018934,0,0.4306634473,0.4549467454,-0.0000000000
fesx1s,2021-10-26,2021-10-27,2021-11-01,-1,-0.0160324075,0,0.4559457179,0.4765127860,-0.0000000000
fesx1s,2021-10-27,2021-10-28,2021-11-02,-1,-0.0165759394,0,0.4632543320,0.4827670602,-0.0000000000
fesx1s,2021-10-28,2021-10-29,2021-11-03,-1,-0.0148758234,0,0.4470373443,0.4688996747,-0.0000000000
fesx1s,2021-10-29,2021-11-01,2021-11-05,-1,-0.0172747905,0,0.4705644968,0.4890280668,-0.0000000000
fesx1s,2021-11-01,2021-11-02,2021-11-05,1,0.0142388237,1,0.4387824461,0.4618578461,0.0000000000
fesx1s,2021-11-02,2021-11-03,2021-11-12,1,0.0150014353,1,0.4620033408,0.4816960994,0.0000000000
fesx1s,2021-11-03,2021-11-04,2021-11-16,1,0.0166297771,1,0.4477714009,0.4695265022,0.0000000000
fesx1s,2021-11-04,2021-11-05,2021-11-19,-1,-0.0011487652,0,0.4270782601,0.4519002977,-0.0000000000
fesx1s,2021-11-05,2021-11-08,2021-11-22,-1,0.0014960587,1,0.4128763454,0.4398700159,-0.0000000000
fesx1s,2021-11-08,2021-11-09,2021-11-16,-1,-0.0139734263,0,0.4148126590,0.4415064141,-0.0000000000
fesx1s,2021-11-09,2021-11-10,2021-11-16,-1,-0.0127054877,0,0.3685987742,0.4028741410,-0.0000000000
fesx1s,2021-11-10,2021-11-11,2021-11-23,-1,0.0140089122,1,0.3654088692,0.4002458352,-0.0000000000
fesx1s,2021-11-11,2021-11-12,2021-11-23,-1,0.0177957088,1,0.4348417212,0.4585014022,-0.0000000000
fesx1s,2021-11-12,2021-11-15,2021-11-23,-1,0.0195122510,1,0.4252160189,0.4503192987,-0.0000000000
fesx1s,2021-11-15,2021-11-16,2021-11-22,-1,0.0124751260,1,0.4070040675,0.4349154231,-0.0000000000
fesx1s,2021-11-16,2021-11-17,2021-11-22,-1,0.0123613798,1,0.4428773816,0.4653492992,-0.0000000000
fesx1s,2021-11-17,2021-11-18,2021-11-23,-1,0.0206549777,1,0.4660080412,0.4851250267,-0.0000000000
fesx1s,2021-11-18,2021-11-19,2021-11-23,-1,0.0153875889,1,0.4338050234,0.4576190256,-0.0000000000
fesx1s,2021-11-19,2021-11-22,2021-11-23,1,-0.0122828891,0,0.4598461406,0.4798497427,0.0000000000
fesx1s,2021-11-22,2021-11-23,2021-11-26,1,-0.0488601211,0,0.3807580749,0.4129427888,0.0000000000
fesx1s,2021-11-23,2021-11-24,2021-11-26,1,-0.0461749289,0,0.4302762091,0.4546175301,0.0000000000
fesx1s,2021-11-24,2021-11-25,2021-11-26,1,-0.0489767052,0,0.3935838355,0.4236426302,0.0000000000
fesx1s,2021-11-25,2021-11-26,2021-12-01,1,0.0225163852,1,0.3904239653,0.4209994567,0.0000000000
fesx1s,2021-11-26,2021-11-29,2021-12-07,1,0.0398668381,1,0.5447350229,0.5524100304,0.0088480763
fesx1s,2021-11-29,2021-11-30,2021-12-07,1,0.0469547328,1,0.5682040091,0.5722117798,0.0127572590
fesx1s,2021-11-30,2021-12-01,2021-12-03,1,-0.0264418073,0,0.6413747672,0.6322219303,0.0208739523
fesx1s,2021-12-01,2021-12-02,2021-12-07,1,0.0384066285,1,0.6004783445,0.5990575140,0.0158204338
fesx1s,2021-12-02,2021-12-03,2021-12-07,1,0.0491646785,1,0.5837601063,0.5852147487,0.0141052448
fesx1s,2021-12-03,2021-12-06,2021-12-07,1,0.0307753154,1,0.6653673801,0.6511332021,0.0239672584
fesx1s,2021-12-06,2021-12-07,2021-12-14,1,-0.0288774925,0,0.6673554769,0.6526800459,0.0214975744
fesx1s,2021-12-07,2021-12-08,2021-12-20,-1,0.0301670740,1,0.4973437275,0.5119784375,-0.0000000000
fesx1s,2021-12-08,2021-12-09,2021-12-23,1,0.0142513035,1,0.5272885295,0.5375776051,0.0000000000
fesx1s,2021-12-09,2021-12-10,2021-12-27,1,0.0228362140,1,0.5693533087,0.5731761040,0.0116050336
fesx1s,2021-12-10,2021-12-13,2021-12-27,1,0.0274898827,1,0.5854796128,0.5866451283,0.0143612151
fesx1s,2021-12-13,2021-12-14,2021-12-23,1,0.0275624439,1,0.6178565361,0.6132808013,0.0195347381
fesx1s,2021-12-14,2021-12-15,2021-12-23,1,0.0250251382,1,0.6252659668,0.6192883447,0.0215042005
fesx1s,2021-12-15,2021-12-16,2021-12-20,1,-0.0245136950,0,0.5911211832,0.5913277176,0.0166469064
fesx1s,2021-12-16,2021-12-17,2021-12-23,-1,-0.0245425709,0,0.5738034228,0.5769046817,-0.0142605605
fesx1s,2021-12-17,2021-12-20,2021-12-22,1,0.0245136950,1,0.5651386022,0.5696370729,0.0130160397
fesx1s,2021-12-20,2021-12-21,2021-12-23,1,0.0223738953,1,0.5751266997,0.5780117364,0.0141792385
fesx1s,2021-12-21,2021-12-22,2021-12-28,1,0.0257888887,1,0.5729510882,0.5761912080,0.0142252794
fesx1s,2021-12-22,2021-12-23,2022-01-04,1,0.0228049441,1,0.5390603574,0.5475945474,0.0000000000
fesx1s,2021-12-23,2021-12-27,2022-01-05,-1,-0.0234489520,0,0.4695581617,0.4881659128,-0.0000000000
fesx1s,2021-12-27,2021-12-28,2022-01-12,1,0.0004649001,1,0.4209574581,0.4467076993,0.0000000000
fesx1s,2021-12-28,2021-12-29,2022-01-04,-1,-0.0186943035,0,0.3943523444,0.4242861410,-0.0000000000
fesx1s,2021-12-29,2021-12-30,2022-01-05,1,0.0212307501,1,0.4099732237,0.4374190160,0.0000000000
fesx1s,2021-12-30,2022-01-03,2022-01-10,-1,0.0197332575,1,0.4036111992,0.4320586221,-0.0000000000
fesx1s,2022-01-03,2022-01-04,2022-01-10,1,-0.0248076543,0,0.4081780625,0.4359049465,0.0000000000
fesx1s,2022-01-04,2022-01-05,2022-01-06,1,-0.0161126745,0,0.4376207646,0.4608680308,0.0000000000
fesx1s,2022-01-05,2022-01-06,2022-01-10,-1,0.0162586189,1,0.4088393666,0.4364625641,-0.0000000000
fesx1s,2022-01-06,2022-01-07,2022-01-21,-1,0.0172914971,1,0.4261191521,0.4510859143,-0.0000000000
fesx1s,2022-01-07,2022-01-10,2022-01-24,-1,0.0441194850,1,0.4248337848,0.4499949139,-0.0000000000
fesx1s,2022-01-10,2022-01-11,2022-01-24,-1,0.0511700430,1,0.4439946875,0.4663025491,-0.0000000000
fesx1s,2022-01-11,2022-01-12,2022-01-21,-1,0.0209001385,1,0.4701081342,0.4886370804,-0.0000000000
fesx1s,2022-01-12,2022-01-13,2022-01-21,-1,0.0209001385,1,0.4196006065,0.4455581429,-0.0000000000
fesx1s,2022-01-13,2022-01-14,2022-01-24,-1,0.0481209026,1,0.4501211462,0.4715336400,-0.0000000000
fesx1s,2022-01-14,2022-01-17,2022-01-21,1,-0.0185734739,0,0.4348485766,0.4585072379,0.0000000000
fesx1s,2022-01-17,2022-01-18,2022-01-24,-1,0.0470632611,1,0.4282540041,0.4528989789,-0.0000000000
fesx1s,2022-01-18,2022-01-19,2022-01-24,-1,0.0462398769,1,0.4742305569,0.4921693920,-0.0000000000
fesx1s,2022-01-19,2022-01-20,2022-01-21,-1,0.0170582338,1,0.5193797519,0.5308302460,-0.0000000000
fesx1s,2022-01-20,2022-01-21,2022-01-24,-1,0.0379685312,1,0.5038110829,0.5175171979,-0.0000000000
fesx1s,2022-01-21,2022-01-24,2022-01-26,-1,-0.0236279412,0,0.4990839332,0.5134691272,-0.0000000000
fesx1s,2022-01-24,2022-01-25,2022-02-01,1,0.0316527995,1,0.5724813284,0.5757978445,0.0133967790
fesx1s,2022-01-25,2022-01-26,2022-02-09,1,0.0082709492,1,0.6543561167,0.6425088157,0.0235925950
fesx1s,2022-01-26,2022-01-27,2022-02-10,-1,-0.0062260738,0,0.5895738369,0.5900450069,-0.0155901725
fesx1s,2022-01-27,2022-01-28,2022-02-11,-1,-0.0043520378,0,0.5563645332,0.5622471416,-0.0111641509
fesx1s,2022-01-28,2022-01-31,2022-02-14,-1,0.0222095767,1,0.6631911287,0.6494363075,-0.0278861678
fesx1s,2022-01-31,2022-02-01,2022-02-04,1,-0.0321438984,0,0.6750274900,0.6586188915,0.0291280305
fesx1s,2022-02-01,2022-02-02,2022-02-04,1,-0.0352310535,0,0.6310675347,0.6239669799,0.0238215640
fesx1s,2022-02-02,2022-02-03,2022-02-17,1,-0.0068002691,0,0.6274295053,0.6210357590,0.0218713125
fesx1s,2022-02-03,2022-02-04,2022-02-09,-1,-0.0283311927,0,0.6299322270,0.6230532064,-0.0223990170
fesx1s,2022-02-04,2022-02-07,2022-02-21,1,-0.0344840446,0,0.6571649514,0.6447178372,0.0264562538
fesx1s,2022-02-07,2022-02-08,2022-02-21,1,-0.0349698943,0,0.6154480016,0.6113204212,0.0213227738
fesx1s,2022-02-08,2022-02-09,2022-02-14,1,-0.0331320882,0,0.6064638360,0.6039765674,0.0191704334
fesx1s,2022-02-09,2022-02-10,2022-02-14,-1,0.0332514556,1,0.5882801952,0.5889716691,-0.0172043701
fesx1s,2022-02-10,2022-02-11,2022-02-14,-1,0.0226922022,1,0.5627610631,0.5676375183,-0.0132821171
fesx1s,2022-02-11,2022-02-14,2022-02-16,-1,-0.0199139193,0,0.6028542582,0.6010125595,-0.0183788934
fesx1s,2022-02-14,2022-02-15,2022-02-21,-1,0.0367897310,1,0.6520518945,0.6406921122,-0.0244113065
fesx1s,2022-02-15,2022-02-16,2022-02-21,-1,0.0388482169,1,0.6485149450,0.6378956459,-0.0250476213
fesx1s,2022-02-16,2022-02-17,2022-02-21,-1,0.0315639793,1,0.6106969917,0.6074429061,-0.0202416389
fesx1s,2022-02-17,2022-02-18,2022-02-21,-1,0.0227522713,1,0.5960236804,0.5953834816,-0.0185586302
fesx1s,2022-02-18,2022-02-21,2022-02-24,-1,0.0391100553,1,0.6249215726,0.6190099030,-0.0217334209
fesx1s,2022-02-21,2022-02-22,2022-02-24,-1,0.0384810849,1,0.5899853775,0.5903862839,-0.0172697492
fesx1s,2022-02-22,2022-02-23,2022-02-24,-1,0.0362135102,1,0.5268269404,0.5371841550,-0.0000000000
fesx1s,2022-02-23,2022-02-24,2022-02-25,-1,-0.0354565079,0,0.6225757995,0.6171112782,-0.0191469798
fesx1s,2022-02-24,2022-02-25,2022-03-01,1,-0.0495477400,0,0.6582146586,0.6455418101,0.0191286135
fesx1s,2022-02-25,2022-02-28,2022-03-01,1,-0.0408007741,0,0.6400324448,0.6311511407,0.0179889218
fesx1s,2022-02-28,2022-03-01,2022-03-04,-1,0.0577358937,1,0.6123517082,0.6087949611,-0.0132186745
fesx1s,2022-03-01,2022-03-02,2022-03-04,-1,0.0731339738,1,0.6194636147,0.6145868171,-0.0138797917
fesx1s,2022-03-02,2022-03-03,2022-03-04,1,-0.0492116013,0,0.6613896089,0.6480287358,0.0180719108
fesx1s,2022-03-03,2022-03-04,2022-03-09,1,0.0500138476,1,0.6770587867,0.6601830979,0.0172570833
fesx1s,2022-03-04,2022-03-07,2022-03-09,1,0.0614603091,1,0.6175325095,0.6130172782,0.0127683083
fesx1s,2022-03-07,2022-03-08,2022-03-09,1,0.0606079152,1,0.5913307072,0.5915013125,0.0107145892
fesx1s,2022-03-08,2022-03-09,2022-03-16,1,0.0408417647,1,0.6034444481,0.6014977071,0.0087978023
fesx1s,2022-03-09,2022-03-10,2022-03-16,-1,-0.0680736852,0,0.5429539418,0.5508996318,-0.0044804669
fesx1s,2022-03-10,2022-03-11,2022-03-16,-1,-0.0542972960,0,0.6346559226,0.6268493378,-0.0114739422
fesx1s,2022-03-11,2022-03-14,2022-03-22,-1,-0.0457993397,0,0.5909556914,0.5911905882,-0.0084892474
fesx1s,2022-03-14,2022-03-15,2022-03-22,-1,-0.0468929830,0,0.5480814636,0.5552452552,-0.0053938068
fesx1s,2022-03-15,2022-03-16,2022-03-30,-1,-0.0140773962,0,0.6009618263,0.5994556099,-0.0090596744
fesx1s,2022-03-16,2022-03-17,2022-03-31,-1,-0.0053767096,0,0.4904781886,0.5060954756,-0.0000000000
fesx1s,2022-03-17,2022-03-18,2022-04-01,-1,-0.0081120424,0,0.4589682718,0.4790985258,-0.0000000000
fesx1s,2022-03-18,2022-03-21,2022-04-04,-1,-0.0184973360,0,0.4485580144,0.4701983161,-0.0000000000
fesx1s,2022-03-21,2022-03-22,2022-04-05,-1,0.0010446593,1,0.4171031055,0.4434437324,-0.0000000000
fesx1s,2022-03-22,2022-03-23,2022-03-29,-1,-0.0340602273,0,0.3915839125,0.4219692137,-0.0000000000
fesx1s,2022-03-23,2022-03-24,2022-03-29,-1,-0.0327386994,0,0.4957793530,0.5106381851,-0.0000000000
fesx1s,2022-03-24,2022-03-25,2022-03-29,-1,-0.0327386994,0,0.4430765006,0.4655191629,-0.0000000000
fesx1s,2022-03-25,2022-03-28,2022-04-07,-1,0.0262858623,1,0.4927535456,0.5080454569,-0.0000000000
fesx1s,2022-03-28,2022-03-29,2022-04-06,1,-0.0449631407,0,0.4123608444,0.4394345795,0.0000000000
fesx1s,2022-03-29,2022-03-30,2022-04-06,-1,0.0323584723,1,0.3891988562,0.4199758836,-0.0000000000
fesx1s,2022-03-30,2022-03-31,2022-04-07,-1,0.0281185634,1,0.4309312040,0.4551744050,-0.0000000000
fesx1s,2022-03-31,2022-04-01,2022-04-06,1,-0.0256051998,0,0.4423055131,0.4648614967,0.0000000000
fesx1s,2022-04-01,2022-04-04,2022-04-06,1,-0.0352019536,0,0.4327198821,0.4566957015,0.0000000000
fesx1s,2022-04-04,2022-04-05,2022-04-06,-1,0.0229955950,1,0.4445559821,0.4667815211,-0.0000000000
fesx1s,2022-04-05,2022-04-06,2022-04-20,1,0.0216882344,1,0.5089022221,0.5218743839,0.0000000000
fesx1s,2022-04-06,2022-04-07,2022-04-20,1,0.0278569545,1,0.5990692733,0.5978965497,0.0145397140
fesx1s,2022-04-07,2022-04-08,2022-04-21,1,0.0230618187,1,0.5540064417,0.5602561865,0.0089820987
fesx1s,2022-04-08,2022-04-11,2022-04-21,1,0.0278452453,1,0.5278034366,0.5380164472,0.0000000000
fesx1s,2022-04-11,2022-04-12,2022-04-21,1,0.0278452453,1,0.5362782032,0.5452303140,0.0000000000
fesx1s,2022-04-12,2022-04-13,2022-04-20,1,0.0203522288,1,0.5281452921,0.5383077694,0.0000000000
fesx1s,2022-04-13,2022-04-14,2022-04-21,1,0.0217371397,1,0.5523098667,0.5588225508,0.0103683443
fesx1s,2022-04-14,2022-04-19,2022-04-21,1,0.0265142189,1,0.4711479520,0.4895279586,0.0000000000
fesx1s,2022-04-19,2022-04-20,2022-04-25,-1,0.0365033202,1,0.4747862594,0.4926456151,-0.0000000000
fesx1s,2022-04-20,2022-04-21,2022-04-22,-1,0.0238574692,1,0.4627000047,0.4822924861,-0.0000000000
fesx1s,2022-04-21,2022-04-22,2022-04-25,-1,0.0225391886,1,0.4478060008,0.4695560503,-0.0000000000
fesx1s,2022-04-22,2022-04-25,2022-05-09,-1,0.0512218837,1,0.4965003638,0.5112559195,-0.0000000000
fesx1s,2022-04-25,2022-04-26,2022-05-09,1,-0.0433210116,0,0.5440080658,0.5517936689,0.0086540181
fesx1s,2022-04-26,2022-04-27,2022-05-09,1,-0.0438679080,0,0.6039397624,0.6019047114,0.0178117963
fesx1s,2022-04-27,2022-04-28,2022-05-06,1,-0.0265151518,0,0.5963239305,0.5956314574,0.0165880682
fesx1s,2022-04-28,2022-04-29,2022-05-05,-1,0.0235623629,1,0.6390952396,0.6304027516,-0.0233011940
fesx1s,2022-04-29,2022-05-02,2022-05-09,1,-0.0463252471,0,0.5549552293,0.5610574921,0.0106240092
fesx1s,2022-05-02,2022-05-03,2022-05-06,1,-0.0265151518,0,0.5867656895,0.5877140037,0.0154341188
fesx1s,2022-05-03,2022-05-04,2022-05-09,1,-0.0501358124,0,0.5877641305,0.5885432519,0.0161976568
fesx1s,2022-05-04,2022-05-05,2022-05-09,-1,0.0414045155,1,0.6173649515,0.6128809813,-0.0213731013
fesx1s,2022-05-05,2022-05-06,2022-05-09,-1,0.0306591304,1,0.6222597506,0.6168551993,-0.0227511870
fesx1s,2022-05-06,2022-05-09,2022-05-11,-1,-0.0320432136,0,0.6201132578,0.6151142921,-0.0195901950
fesx1s,2022-05-09,2022-05-10,2022-05-13,1,0.0424533163,1,0.6561295584,0.6439042589,0.0247775308
fesx1s,2022-05-10,2022-05-11,2022-05-17,1,0.0291693026,1,0.6480587398,0.6375342647,0.0212660876
fesx1s,2022-05-11,2022-05-12,2022-05-17,1,0.0344390416,1,0.5537472364,0.5600372179,0.0097130455
fesx1s,2022-05-12,2022-05-13,2022-05-27,-1,-0.0328686903,0,0.5607423928,0.5659380446,-0.0099986859
fesx1s,2022-05-13,2022-05-16,2022-05-27,1,0.0385899973,1,0.5075278581,0.5206984524,0.0000000000
fesx1s,2022-05-16,2022-05-17,2022-05-19,-1,0.0286162053,1,0.5253357954,0.5359128165,-0.0000000000
fesx1s,2022-05-17,2022-05-18,2022-05-27,1,0.0364065903,1,0.4352867657,0.4588802782,0.0000000000
fesx1s,2022-05-18,2022-05-19,2022-05-26,-1,-0.0345096056,0,0.5796548732,0.5817940192,-0.0130724295
fesx1s,2022-05-19,2022-05-20,2022-05-26,-1,-0.0278961894,0,0.5614982638,0.5665745795,-0.0110252679
fesx1s,2022-05-20,2022-05-23,2022-05-27,-1,-0.0296140088,0,0.5479828787,0.5551617810,-0.0091744277
fesx1s,2022-05-23,2022-05-24,2022-05-26,-1,-0.0273470406,0,0.4719723149,0.4902342904,-0.0000000000
fesx1s,2022-05-24,2022-05-25,2022-05-27,-1,-0.0328686903,0,0.4614290005,0.4812044682,-0.0000000000
fesx1s,2022-05-25,2022-05-26,2022-05-30,-1,-0.0253178080,0,0.4420127966,0.4646118361,-0.0000000000
fesx1s,2022-05-26,2022-05-27,2022-06-10,-1,0.0565091535,1,0.3809080263,0.4130674321,-0.0000000000
fesx1s,2022-05-27,2022-05-30,2022-06-01,-1,0.0229168464,1,0.3646615472,0.3996309062,-0.0000000000
fesx1s,2022-05-30,2022-05-31,2022-06-10,-1,0.0512376600,1,0.3761961882,0.4091562423,-0.0000000000
fesx1s,2022-05-31,2022-06-01,2022-06-06,-1,-0.0229168464,0,0.3983700675,0.4276545139,-0.0000000000
fesx1s,2022-06-01,2022-06-02,2022-06-10,1,-0.0541404197,0,0.4522035016,0.4733131467,0.0000000000
fesx1s,2022-06-02,2022-06-03,2022-06-10,-1,0.0496507779,1,0.4112261093,0.4384764141,-0.0000000000
fesx1s,2022-06-03,2022-06-06,2022-06-09,1,-0.0309425717,0,0.4360249019,0.4595087742,0.0000000000
fesx1s,2022-06-06,2022-06-07,2022-06-09,-1,0.0212604341,1,0.4122568786,0.4393467723,-0.0000000000
fesx1s,2022-06-07,2022-06-08,2022-06-10,1,-0.0509733545,0,0.4526525469,0.4736969753,0.0000000000
fesx1s,2022-06-08,2022-06-09,2022-06-10,1,-0.0349858037,0,0.5157899462,0.5277637369,0.0000000000
fesx1s,2022-06-09,2022-06-10,2022-06-13,1,-0.0253534707,0,0.5670793548,0.5712676029,0.0110619526
fesx1s,2022-06-10,2022-06-13,2022-06-27,-1,-0.0133847933,0,0.5783577758,0.5807115446,-0.0121440564
fesx1s,2022-06-13,2022-06-14,2022-06-28,1,0.0214447103,1,0.5724408967,0.5757639838,0.0119439700
fesx1s,2022-06-14,2022-06-15,2022-06-29,1,-0.0045623119,0,0.6178292895,0.6132586448,0.0172788256
fesx1s,2022-06-15,2022-06-16,2022-06-24,-1,-0.0305059627,0,0.5796677447,0.5818047569,-0.0120290300
gc1s,2021-11-10,2021-11-11,2021-11-22,1,-0.0313905126,0,0.7424333695,0.5954737572,0.0278987077
gc1s,2022-01-24,2022-01-25,2022-01-27,1,-0.0328796741,0,0.9839038661,0.5601296169,0.0191504524
gc1s,2022-01-25,2022-01-26,2022-01-27,1,-0.0204032443,0,0.9861709856,0.5597942771,0.0174786014
gc1s,2022-02-16,2022-02-17,2022-03-01,1,0.0217388560,1,0.6691498935,0.6060246043,0.0315454628
gc1s,2022-02-22,2022-02-23,2022-03-01,1,0.0173321759,1,0.7745451836,0.5908219402,0.0306764388
gc1s,2022-02-24,2022-02-25,2022-03-01,1,0.0293386392,1,0.5855232242,0.6179444318,0.0301624952
gc1s,2022-02-25,2022-02-28,2022-03-01,1,0.0224225807,1,0.9073890627,0.5714131917,0.0188609729
gc1s,2022-03-03,2022-03-04,2022-03-08,1,0.0382599846,1,0.8951726654,0.5732081931,0.0166997286
gc1s,2022-03-22,2022-03-23,2022-04-06,1,-0.0102183085,0,0.5418715975,0.6241114236,0.0249966154
gc1s,2022-04-25,2022-04-26,2022-05-02,1,-0.0214993550,0,0.9435190791,0.5660936372,0.0169729227
gc1s,2022-04-27,2022-04-28,2022-05-09,1,-0.0174409072,0,0.9425518838,0.5662362452,0.0182234217
gc1s,2022-04-28,2022-04-29,2022-05-02,1,-0.0254827976,0,0.9654873217,0.5628516305,0.0166305672
gc1s,2022-05-02,2022-05-03,2022-05-12,1,-0.0248984501,0,0.9898127787,0.5592554891,0.0132769968
gc1s,2022-05-09,2022-05-10,2022-05-13,1,-0.0179770269,0,0.9401292897,0.5665933959,0.0169200010
gc1s,2022-05-10,2022-05-11,2022-05-13,1,-0.0248517664,0,0.9763177824,0.5612513077,0.0155918296
gc1s,2022-05-12,2022-05-13,2022-05-19,1,0.0180856576,1,0.9892980480,0.5593316499,0.0150675731
gc1s,2022-05-13,2022-05-16,2022-05-23,1,0.0184613906,1,0.9834621140,0.5601949520,0.0156531368
gc1s,2022-05-17,2022-05-18,2022-05-23,1,0.0174145297,1,0.9746961577,0.5614910030,0.0172686279
gc1s,2022-05-18,2022-05-19,2022-06-03,1,0.0016649018,1,0.9662337339,0.5627413812,0.0160760441
gc1s,2022-05-31,2022-06-01,2022-06-14,1,-0.0192240096,0,0.8116442707,0.5854273880,0.0277432755
gc1s,2022-06-01,2022-06-02,2022-06-06,1,-0.0149123918,0,0.7914776683,0.5883624284,0.0267982069
gc1s,2022-06-03,2022-06-06,2022-06-10,1,0.0171008684,1,0.9296662189,0.5681351144,0.0206632195
gc1s,2022-06-07,2022-06-08,2022-06-14,1,-0.0234343149,0,0.9448051184,0.5659040004,0.0214455309
gc1s,2022-06-14,2022-06-15,2022-06-16,1,0.0165148868,1,0.9864022264,0.5597600702,0.0151361485
hg1s,2021-10-21,2021-10-22,2021-10-29,1,-0.0293276147,0,0.5153646880,0.5081396747,0.0000000000
hg1s,2021-10-22,2021-10-25,2021-10-27,1,-0.0310650147,0,0.5534356697,0.5110196233,0.0000000000
hg1s,2021-10-25,2021-10-26,2021-10-29,1,-0.0266561964,0,0.5515437940,0.5108765246,0.0000000000
hg1s,2021-10-26,2021-10-27,2021-11-10,1,-0.0152657194,0,0.4899925433,0.5062200409,0.0000000000
hg1s,2021-10-27,2021-10-28,2021-11-03,1,-0.0268296256,0,0.4900603582,0.5062251720,0.0000000000
hg1s,2021-10-28,2021-10-29,2021-11-12,1,0.0184864922,1,0.4758374434,0.5051489953,0.0000000000
hg1s,2021-10-29,2021-11-01,2021-11-15,-1,-0.0014783660,0,0.4600526619,0.5039545846,-0.0000000000
hg1s,2021-11-01,2021-11-02,2021-11-16,-1,0.0033266439,1,0.4643867368,0.5042825427,-0.0000000000
hg1s,2021-11-02,2021-11-03,2021-11-12,-1,-0.0293048741,0,0.4492775837,0.5031392239,-0.0000000000
hg1s,2021-11-03,2021-11-04,2021-11-12,-1,-0.0294205944,0,0.4577988938,0.5037840414,-0.0000000000
hg1s,2021-11-04,2021-11-05,2021-11-19,-1,-0.0147422829,0,0.4812246946,0.5055566278,-0.0000000000
hg1s,2021-11-05,2021-11-08,2021-11-17,-1,0.0307006236,1,0.4983906962,0.5068554607,-0.0000000000
hg1s,2021-11-08,2021-11-09,2021-11-17,-1,0.0247726534,1,0.5087738970,0.5076410422,-0.0000000000
hg1s,2021-11-09,2021-11-10,2021-11-12,-1,-0.0288421249,0,0.4610733690,0.5040318215,-0.0000000000
hg1s,2021-11-10,2021-11-11,2021-11-17,1,-0.0308142790,0,0.4848376530,0.5058300023,0.0000000000
hg1s,2021-11-11,2021-11-12,2021-11-17,-1,0.0421151114,1,0.5556235364,0.5111851081,-0.0000000000
hg1s,2021-11-12,2021-11-15,2021-11-17,-1,0.0309279215,1,0.5306979048,0.5092996595,-0.0000000000
hg1s,2021-11-15,2021-11-16,2021-11-24,-1,-0.0268666193,0,0.5336822967,0.5095254227,-0.0000000000
hg1s,2021-11-16,2021-11-17,2021-11-19,1,0.0326310161,1,0.5693412992,0.5122226279,0.0000000000
hg1s,2021-11-17,2021-11-18,2021-11-19,1,0.0236466482,1,0.6382925670,0.5174358644,0.0000000000
hg1s,2021-11-18,2021-11-19,2021-11-26,1,-0.0269008562,0,0.5321618930,0.5094104077,0.0000000000
hg1s,2021-11-19,2021-11-22,2021-11-26,-1,0.0244019910,1,0.4998099132,0.5069628392,-0.0000000000
hg1s,2021-11-22,2021-11-23,2021-11-26,-1,0.0305244587,1,0.5116649500,0.5078597695,-0.0000000000
hg1s,2021-11-23,2021-11-24,2021-11-26,-1,0.0409804538,1,0.5355536802,0.5096669872,-0.0000000000
hg1s,2021-11-24,2021-11-26,2021-12-08,-1,-0.0236063693,0,0.4669061536,0.5044731844,-0.0000000000
hg1s,2021-11-26,2021-11-29,2021-12-13,-1,0.0132175848,1,0.4943968651,0.5065532827,-0.0000000000
hg1s,2021-11-29,2021-11-30,2021-12-08,-1,-0.0261731656,0,0.5197529458,0.5084716636,-0.0000000000
hg1s,2021-11-30,2021-12-01,2021-12-08,1,0.0337956014,1,0.4764516610,0.5051954712,0.0000000000
hg1s,2021-12-01,2021-12-02,2021-12-15,1,-0.0274732843,0,0.4772911972,0.5052589960,0.0000000000
hg1s,2021-12-02,2021-12-03,2021-12-08,1,0.0292151705,1,0.4637779337,0.5042364749,0.0000000000
hg1s,2021-12-03,2021-12-06,2021-12-15,1,-0.0363889917,0,0.4675024665,0.5045183066,0.0000000000
hg1s,2021-12-06,2021-12-07,2021-12-15,1,-0.0368499802,0,0.4638203028,0.5042396810,0.0000000000
hg1s,2021-12-07,2021-12-08,2021-12-10,1,-0.0246556263,0,0.4561206273,0.5036570459,0.0000000000
hg1s,2021-12-08,2021-12-09,2021-12-15,-1,0.0353509891,1,0.4596187852,0.5039217532,-0.0000000000
hg1s,2021-12-09,2021-12-10,2021-12-15,-1,0.0245613953,1,0.4819850094,0.5056141573,-0.0000000000
hg1s,2021-12-10,2021-12-13,2021-12-15,1,-0.0239779983,0,0.4819454201,0.5056111617,0.0000000000
hg1s,2021-12-13,2021-12-14,2021-12-22,1,0.0309887212,1,0.4984713110,0.5068615601,0.0000000000
hg1s,2021-12-14,2021-12-15,2021-12-16,1,0.0287518339,1,0.4716662702,0.5048333741,0.0000000000
hg1s,2021-12-15,2021-12-16,2021-12-27,1,0.0381747477,1,0.4665811965,0.5044485953,0.0000000000
hg1s,2021-12-16,2021-12-17,2021-12-27,-1,-0.0403841805,0,0.4525212985,0.5033846810,-0.0000000000
hg1s,2021-12-17,2021-12-20,2021-12-23,-1,-0.0227962890,0,0.4328093070,0.5018930225,-0.0000000000
hg1s,2021-12-20,2021-12-21,2021-12-27,-1,-0.0285798539,0,0.4414051726,0.5025435001,-0.0000000000
hg1s,2021-12-21,2021-12-22,2022-01-06,-1,0.0084610602,1,0.4555357482,0.5036127877,-0.0000000000
hg1s,2021-12-22,2021-12-23,2022-01-07,-1,-0.0039761480,0,0.4528908599,0.5034126461,-0.0000000000
hg1s,2021-12-23,2021-12-27,2022-01-06,-1,0.0266259412,1,0.4284084292,0.5015599909,-0.0000000000
hg1s,2021-12-27,2021-12-28,2022-01-11,-1,0.0009027320,1,0.4553922727,0.5036019308,-0.0000000000
hg1s,2021-12-28,2021-12-29,2022-01-12,-1,-0.0363797832,0,0.4325322791,0.5018720588,-0.0000000000
hg1s,2021-12-29,2021-12-30,2022-01-12,-1,-0.0410359735,0,0.4300833347,0.5016867377,-0.0000000000
hg1s,2021-12-30,2021-12-31,2022-01-06,-1,0.0247234176,1,0.4611421245,0.5040370243,-0.0000000000
hg1s,2021-12-31,2022-01-03,2022-01-12,-1,-0.0344555091,0,0.4255129060,0.5013408746,-0.0000000000
hg1s,2022-01-03,2022-01-04,2022-01-06,-1,0.0272965585,1,0.4208452565,0.5009876531,-0.0000000000
hg1s,2022-01-04,2022-01-05,2022-01-12,-1,-0.0362664891,0,0.4512701640,0.5032900058,-0.0000000000
hg1s,2022-01-05,2022-01-06,2022-01-12,-1,-0.0497247202,0,0.4729032205,0.5049269712,-0.0000000000
hg1s,2022-01-06,2022-01-07,2022-01-12,-1,-0.0370598254,0,0.4477360274,0.5030225714,-0.0000000000
hg1s,2022-01-07,2022-01-10,2022-01-12,-1,-0.0502990043,0,0.5064530561,0.5074654531,-0.0000000000
hg1s,2022-01-10,2022-01-11,2022-01-12,-1,-0.0327606896,0,0.5105643987,0.5077765058,-0.0000000000
hg1s,2022-01-11,2022-01-12,2022-01-14,-1,0.0346817021,1,0.4465251369,0.5029309407,-0.0000000000
hg1s,2022-01-12,2022-01-13,2022-01-14,-1,0.0279949145,1,0.4055157709,0.4998275985,-0.0000000000
hg1s,2022-01-13,2022-01-14,2022-01-20,-1,-0.0359918898,0,0.4154969370,0.5005829211,-0.0000000000
hg1s,2022-01-14,2022-01-18,2022-01-20,-1,-0.0446253645,0,0.4528507703,0.5034096125,-0.0000000000
hg1s,2022-01-18,2022-01-19,2022-01-20,-1,-0.0248562935,0,0.4461759704,0.5029045185,-0.0000000000
hg1s,2022-01-19,2022-01-20,2022-01-24,-1,0.0378032798,1,0.4752917927,0.5051077077,-0.0000000000
hg1s,2022-01-20,2022-01-21,2022-01-24,-1,0.0249551357,1,0.4640620729,0.5042579756,-0.0000000000
hg1s,2022-01-21,2022-01-24,2022-02-07,-1,-0.0112677253,0,0.4879704188,0.5060670401,-0.0000000000
hg1s,2022-01-24,2022-01-25,2022-01-28,1,-0.0319661913,0,0.5246283538,0.5088404986,0.0000000000
hg1s,2022-01-25,2022-01-26,2022-01-28,1,-0.0464672834,0,0.5155602700,0.5081544714,0.0000000000
hg1s,2022-01-26,2022-01-27,2022-01-28,-1,0.0259933331,1,0.5057965844,0.5074157857,-0.0000000000
hg1s,2022-01-27,2022-01-28,2022-02-01,-1,-0.0283642073,0,0.5102503406,0.5077527453,-0.0000000000
hg1s,2022-01-28,2022-01-31,2022-02-01,1,0.0250055844,1,0.5798196033,0.5130150663,0.0000000000
hg1s,2022-01-31,2022-02-01,2022-02-09,1,0.0372975217,1,0.5652414627,0.5119125543,0.0000000000
hg1s,2022-02-01,2022-02-02,2022-02-10,1,0.0357200333,1,0.5239886683,0.5087921056,0.0000000000
hg1s,2022-02-02,2022-02-03,2022-02-09,1,0.0289875367,1,0.4896464136,0.5061938516,0.0000000000
hg1s,2022-02-03,2022-02-04,2022-02-09,1,0.0253038803,1,0.4716019551,0.5048285075,0.0000000000
hg1s,2022-02-04,2022-02-07,2022-02-09,1,0.0308904863,1,0.4709038635,0.5047756844,0.0000000000
hg1s,2022-02-07,2022-02-08,2022-02-09,1,0.0312266779,1,0.4601905805,0.5039650210,0.0000000000
hg1s,2022-02-08,2022-02-09,2022-02-23,1,-0.0266317952,0,0.4644679772,0.5042886901,0.0000000000
hg1s,2022-02-09,2022-02-10,2022-02-11,-1,0.0334983038,1,0.5216736761,0.5086169721,-0.0000000000
hg1s,2022-02-10,2022-02-11,2022-02-28,1,-0.0130457529,0,0.4798457882,0.5054522920,0.0000000000
hg1s,2022-02-11,2022-02-14,2022-03-01,1,0.0180017369,1,0.5146873206,0.5080884286,0.0000000000
hg1s,2022-02-14,2022-02-15,2022-03-02,1,0.0275912672,1,0.5182063721,0.5083546601,0.0000000000
hg1s,2022-02-15,2022-02-16,2022-03-02,1,0.0264884890,1,0.5071311436,0.5075167557,0.0000000000
hg1s,2022-02-16,2022-02-17,2022-03-02,1,0.0294687885,1,0.4705587345,0.5047495692,0.0000000000
hg1s,2022-02-17,2022-02-18,2022-03-02,1,0.0302429111,1,0.4703609124,0.5047346004,0.0000000000
hg1s,2022-02-18,2022-02-22,2022-03-02,1,0.0322362656,1,0.4615496514,0.5040678617,0.0000000000
hg1s,2022-02-22,2022-02-23,2022-03-01,1,0.0237765742,1,0.4600673369,0.5039556951,0.0000000000
hg1s,2022-02-23,2022-02-24,2022-03-01,1,0.0299221868,1,0.4357901628,0.5021185946,0.0000000000
hg1s,2022-02-24,2022-02-25,2022-03-01,1,0.0245566479,1,0.4593915004,0.5039045545,0.0000000000
hg1s,2022-02-25,2022-02-28,2022-03-01,1,0.0313803227,1,0.5047849296,0.5073392456,0.0000000000
hg1s,2022-02-28,2022-03-01,2022-03-03,1,0.0394591611,1,0.4997827768,0.5069607861,0.0000000000
hg1s,2022-03-01,2022-03-02,2022-03-03,1,0.0245592951,1,0.4774797537,0.5052732634,0.0000000000
hg1s,2022-03-02,2022-03-03,2022-03-04,1,0.0321048248,1,0.5155597849,0.5081544347,0.0000000000
hg1s,2022-03-03,2022-03-04,2022-03-07,1,-0.0427225330,0,0.5336749544,0.5095248673,0.0000000000
hg1s,2022-03-04,2022-03-07,2022-03-09,1,-0.0340764955,0,0.4713940895,0.5048127788,0.0000000000
hg1s,2022-03-07,2022-03-08,2022-03-09,-1,0.0296278073,1,0.5229385403,0.5087126617,-0.0000000000
hg1s,2022-03-08,2022-03-09,2022-03-17,-1,-0.0279278495,0,0.5614976821,0.5116294015,-0.0000000000
hg1s,2022-03-09,2022-03-10,2022-03-14,1,-0.0282292197,0,0.5562351399,0.5112313678,0.0000000000
hg1s,2022-03-10,2022-03-11,2022-03-23,1,0.0321235869,1,0.5068449991,0.5074951066,0.0000000000
hg1s,2022-03-11,2022-03-14,2022-03-17,1,0.0388124604,1,0.5299518883,0.5092432243,0.0000000000
hg1s,2022-03-14,2022-03-15,2022-03-17,1,0.0410258299,1,0.5380698679,0.5098573266,0.0000000000
hg1s,2022-03-15,2022-03-16,2022-03-18,1,0.0297666531,1,0.5976213417,0.5143611989,0.0000000000
hg1s,2022-03-16,2022-03-17,2022-03-31,1,0.0103671713,1,0.5674998513,0.5120833590,0.0000000000
hg1s,2022-03-17,2022-03-18,2022-04-01,1,-0.0108189440,0,0.5939805541,0.5140859060,0.0000000000
hg1s,2022-03-18,2022-03-21,2022-04-04,-1,-0.0149602460,0,0.5777745271,0.5128604092,-0.0000000000
hg1s,2022-03-21,2022-03-22,2022-04-05,-1,-0.0200111999,0,0.5854297783,0.5134393181,-0.0000000000
hg1s,2022-03-22,2022-03-23,2022-04-06,-1,0.0080929553,1,0.5349897280,0.5096243261,-0.0000000000
hg1s,2022-03-23,2022-03-24,2022-04-07,-1,0.0091083039,1,0.5741829886,0.5125887962,-0.0000000000
hg1s,2022-03-24,2022-03-25,2022-04-08,-1,-0.0056242526,0,0.5187345477,0.5083946185,-0.0000000000
hg1s,2022-03-25,2022-03-28,2022-04-11,1,-0.0195529489,0,0.5839239868,0.5133254492,0.0000000000
hg1s,2022-03-28,2022-03-29,2022-04-12,1,-0.0045548519,0,0.5761095736,0.5127344967,0.0000000000
hg1s,2022-03-29,2022-03-30,2022-04-11,1,-0.0248294505,0,0.5266445289,0.5089930237,0.0000000000
hg1s,2022-03-30,2022-03-31,2022-04-11,1,-0.0249346961,0,0.4861389081,0.5059284609,0.0000000000
hg1s,2022-03-31,2022-04-01,2022-04-18,1,0.0239197968,1,0.4769577291,0.5052337636,0.0000000000
hg1s,2022-04-01,2022-04-04,2022-04-11,1,-0.0313338791,0,0.4681699824,0.5045688166,0.0000000000
hg1s,2022-04-04,2022-04-05,2022-04-11,1,-0.0341532833,0,0.4631813208,0.5041913296,0.0000000000
hg1s,2022-04-05,2022-04-06,2022-04-21,1,-0.0072018946,0,0.4661014771,0.5044122955,0.0000000000
hg1s,2022-04-06,2022-04-07,2022-04-22,1,-0.0254296646,0,0.5294377188,0.5092043278,0.0000000000
hg1s,2022-04-07,2022-04-08,2022-04-22,1,-0.0308411059,0,0.5863858202,0.5135116138,0.0000000000
hg1s,2022-04-08,2022-04-11,2022-04-18,1,0.0356120727,1,0.5829946722,0.5132551732,0.0000000000
hg1s,2022-04-11,2022-04-12,2022-04-22,1,-0.0275552896,0,0.5786448663,0.5129262281,0.0000000000
hg1s,2022-04-12,2022-04-13,2022-04-22,-1,0.0280859916,1,0.5706632771,0.5123226081,-0.0000000000
hg1s,2022-04-13,2022-04-14,2022-04-22,-1,0.0305235943,1,0.5753287639,0.5126754472,-0.0000000000
hg1s,2022-04-14,2022-04-18,2022-04-20,-1,0.0317352643,1,0.5036801928,0.5072556626,-0.0000000000
hg1s,2022-04-18,2022-04-19,2022-04-22,-1,0.0293585261,1,0.5306160031,0.5092934638,-0.0000000000
hg1s,2022-04-19,2022-04-20,2022-04-25,-1,0.0446178813,1,0.5870626895,0.5135627982,-0.0000000000
hg1s,2022-04-20,2022-04-21,2022-04-22,-1,0.0263867559,1,0.5570194035,0.5112906867,-0.0000000000
hg1s,2022-04-21,2022-04-22,2022-04-25,-1,0.0293471023,1,0.5052238689,0.5073724550,-0.0000000000
hg1s,2022-04-22,2022-04-25,2022-05-02,1,-0.0466904028,0,0.5630544509,0.5117471453,0.0000000000
hg1s,2022-04-25,2022-04-26,2022-05-02,1,-0.0448998912,0,0.5353446012,0.5096511711,0.0000000000
hg1s,2022-04-26,2022-04-27,2022-05-02,1,-0.0473610173,0,0.5416081486,0.5101249784,0.0000000000
hg1s,2022-04-27,2022-04-28,2022-05-02,1,-0.0380440059,0,0.5315586983,0.5093647772,0.0000000000
hg1s,2022-04-28,2022-04-29,2022-05-02,1,-0.0323891622,0,0.5611754888,0.5116050327,0.0000000000
hg1s,2022-04-29,2022-05-02,2022-05-10,1,-0.0269532504,0,0.5770377052,0.5128046871,0.0000000000
hg1s,2022-05-02,2022-05-03,2022-05-10,1,-0.0304616144,0,0.5984653798,0.5144250184,0.0000000000
hg1s,2022-05-03,2022-05-04,2022-05-09,1,-0.0338777045,0,0.5601781625,0.5115296007,0.0000000000
hg1s,2022-05-04,2022-05-05,2022-05-10,1,-0.0324442392,0,0.5892053081,0.5137248197,0.0000000000
hg1s,2022-05-05,2022-05-06,2022-05-10,1,-0.0267189203,0,0.4883245673,0.5060938363,0.0000000000
hg1s,2022-05-06,2022-05-09,2022-05-23,1,0.0356051194,1,0.5380019112,0.5098521860,0.0000000000
hg1s,2022-05-09,2022-05-10,2022-05-19,1,0.0304616144,1,0.5447909114,0.5103657322,0.0000000000
hg1s,2022-05-10,2022-05-11,2022-05-12,1,-0.0261161731,0,0.4804247621,0.5054961004,0.0000000000
hg1s,2022-05-11,2022-05-12,2022-05-17,1,0.0332184753,1,0.4710198062,0.5047844576,0.0000000000
hg1s,2022-05-12,2022-05-13,2022-05-19,1,0.0255393407,1,0.5349889816,0.5096242696,0.0000000000
hg1s,2022-05-13,2022-05-16,2022-05-23,1,0.0360821635,1,0.5281425003,0.5091063453,0.0000000000
hg1s,2022-05-16,2022-05-17,2022-05-23,1,0.0248134356,1,0.5288289888,0.5091582778,0.0000000000
hg1s,2022-05-17,2022-05-18,2022-05-19,-1,-0.0247013675,0,0.4788251360,0.5053750634,-0.0000000000
hg1s,2022-05-18,2022-05-19,2022-06-02,1,0.0610228344,1,0.5052222332,0.5073723313,0.0000000000
hg1s,2022-05-19,2022-05-20,2022-06-02,1,0.0628924295,1,0.4954032100,0.5066294244,0.0000000000
hg1s,2022-05-20,2022-05-23,2022-06-02,1,0.0465357047,1,0.4848065474,0.5058276487,0.0000000000
hg1s,2022-05-23,2022-05-24,2022-06-02,-1,-0.0558993943,0,0.4656738368,0.5043799364,-0.0000000000
hg1s,2022-05-24,2022-05-25,2022-06-02,-1,-0.0676992871,0,0.4531104587,0.5034292635,-0.0000000000
hg1s,2022-05-25,2022-05-26,2022-06-02,1,0.0666421406,1,0.4028662526,0.4996270968,0.0000000000
hg1s,2022-05-26,2022-05-27,2022-06-02,1,0.0555510237,1,0.4037282263,0.4996923265,0.0000000000
hg1s,2022-05-27,2022-05-31,2022-06-02,-1,-0.0579921747,0,0.4293496569,0.5016312174,-0.0000000000
hg1s,2022-05-31,2022-06-01,2022-06-02,-1,-0.0504554705,0,0.3989837086,0.4993332864,-0.0000000000
hg1s,2022-06-01,2022-06-02,2022-06-06,-1,0.0261489173,1,0.4399055883,0.5024300221,-0.0000000000
hg1s,2022-06-02,2022-06-03,2022-06-10,-1,0.0405006033,1,0.4682601590,0.5045756401,-0.0000000000
hg1s,2022-06-03,2022-06-06,2022-06-10,-1,0.0321924817,1,0.4930050202,0.5064479729,-0.0000000000
hg1s,2022-06-06,2022-06-07,2022-06-10,-1,0.0323052153,1,0.4737159916,0.5049884714,-0.0000000000
hg1s,2022-06-07,2022-06-08,2022-06-10,-1,0.0365796877,1,0.5692418307,0.5122151052,-0.0000000000
hg1s,2022-06-08,2022-06-09,2022-06-13,-1,0.0394581290,1,0.4609015866,0.5040188228,-0.0000000000
hg1s,2022-06-09,2022-06-10,2022-06-14,-1,0.0326617602,1,0.4552152005,0.5035885315,-0.0000000000
hg1s,2022-06-10,2022-06-13,2022-06-16,1,-0.0248825872,0,0.5454192810,0.5104132634,0.0000000000
hg1s,2022-06-13,2022-06-14,2022-06-17,1,-0.0350096957,0,0.5442275803,0.5103231205,0.0000000000
hg1s,2022-06-14,2022-06-15,2022-06-17,1,-0.0366923884,0,0.6266542379,0.5165561540,0.0000000000
ho1s,2021-11-03,2021-11-04,2021-11-08,1,0.0248284101,1,0.3018723609,0.5522179088,0.0092106508
ho1s,2021-11-04,2021-11-05,2021-11-17,1,-0.0378468424,0,0.6222069913,0.6187370969,0.0197211598
ho1s,2021-11-05,2021-11-08,2021-11-12,1,-0.0260341554,0,0.8891934607,0.6710686639,0.0296381266
ho1s,2021-11-08,2021-11-09,2021-11-11,1,-0.0246218431,0,0.8728306530,0.6679655911,0.0288069130
ho1s,2021-11-12,2021-11-15,2021-11-19,1,-0.0446413219,0,0.8898065377,0.6711846415,0.0298795944
ho1s,2021-11-15,2021-11-16,2021-11-17,1,-0.0277372699,0,0.9075467655,0.6745315351,0.0302383719
ho1s,2021-11-18,2021-11-19,2021-11-23,1,0.0406506049,1,0.3865327465,0.5700848878,0.0096278603
ho1s,2021-11-22,2021-11-23,2021-11-26,1,-0.1305674684,0,0.7747842715,0.6490722304,0.0191577507
ho1s,2021-11-26,2021-11-29,2021-12-13,1,0.0386261196,1,0.9306420615,0.6788621409,0.0108523767
ho1s,2021-11-29,2021-11-30,2021-12-07,1,0.0767255256,1,0.6336521660,0.6210484697,0.0074852726
ho1s,2021-11-30,2021-12-01,2021-12-07,1,0.0686044350,1,0.8941123284,0.6719985923,0.0110262973
ho1s,2021-12-01,2021-12-02,2021-12-08,1,0.0723847841,1,0.9166208665,0.6762366333,0.0116630535
ho1s,2021-12-02,2021-12-03,2021-12-08,1,0.0747647194,1,0.9470590951,0.6819219539,0.0126129814
ho1s,2021-12-03,2021-12-06,2021-12-20,1,0.0008286896,1,0.8955751617,0.6722748861,0.0118054804
ho1s,2021-12-14,2021-12-15,2021-12-23,1,0.0481829124,1,0.6174622312,0.6177772985,0.0107725743
ho1s,2021-12-15,2021-12-16,2021-12-20,1,-0.0420398446,0,0.3769234399,0.5680651803,0.0063457193
ho1s,2021-12-16,2021-12-17,2021-12-23,1,0.0484081250,1,0.3271639340,0.5575718135,0.0054667385
ho1s,2021-12-17,2021-12-20,2021-12-22,1,0.0592911813,1,0.5268878496,0.5992867963,0.0096250598
ho1s,2021-12-20,2021-12-21,2021-12-27,1,0.0406905121,1,0.7053685985,0.6354033181,0.0123603529
ho1s,2021-12-21,2021-12-22,2022-01-04,1,0.0468580176,1,0.1584524572,0.5216645287,0.0000000000
ho1s,2021-12-22,2021-12-23,2022-01-05,1,0.0514632905,1,0.1238871335,0.5142678380,0.0000000000
ho1s,2021-12-23,2021-12-27,2022-01-05,1,0.0422521652,1,0.0788153673,0.5046139535,0.0000000000
ho1s,2021-12-27,2021-12-28,2022-01-06,1,0.0482454561,1,0.0849803549,0.5059347914,0.0000000000
ho1s,2021-12-28,2021-12-29,2022-01-06,1,0.0456228928,1,0.0100000000,0.4898702482,0.0000000000
ho1s,2021-12-29,2021-12-30,2022-01-06,1,0.0375866629,1,0.0100000000,0.4898702482,0.0000000000
ho1s,2022-05-31,2022-06-01,2022-06-06,-1,-0.0510024223,0,0.6177406892,0.6178336521,-0.0112804153
ho1s,2022-06-02,2022-06-03,2022-06-15,-1,-0.0604445760,0,0.0100000000,0.4898702482,-0.0000000000
ng1s,2021-10-21,2021-10-22,2021-10-25,-1,-0.1034189505,0,0.1156700476,0.1063685181,-0.0000000000
ng1s,2021-10-22,2021-10-25,2021-10-29,-1,0.1098467923,1,0.6642026193,0.6120761489,-0.0053847309
ng1s,2021-10-25,2021-10-26,2021-10-29,-1,0.1010567832,1,0.6618508478,0.6094419724,-0.0054884577
ng1s,2021-10-26,2021-10-27,2021-10-29,-1,0.1330236778,1,0.7963632747,0.7462530894,-0.0127944979
ng1s,2021-10-27,2021-10-28,2021-11-01,-1,0.1087869324,1,0.6980568613,0.6492065081,-0.0072783547
ng1s,2021-10-28,2021-10-29,2021-11-09,-1,0.0859730865,1,0.7713544986,0.7233014990,-0.0106453693
ng1s,2021-10-29,2021-11-01,2021-11-03,-1,-0.0892251505,0,0.6593342031,0.6066160432,-0.0051846701
ng1s,2021-11-01,2021-11-02,2021-11-09,-1,0.1071254305,1,0.7685559504,0.7206548531,-0.0102859760
ng1s,2021-11-02,2021-11-03,2021-11-09,-1,0.1299582737,1,0.8727414584,0.8082356027,-0.0149286496
ng1s,2021-11-03,2021-11-04,2021-11-09,-1,0.1380379795,1,0.8749969627,0.8098772804,-0.0157264017
ng1s,2021-11-04,2021-11-05,2021-11-09,-1,0.1024223502,1,0.9490516486,0.8579204614,-0.0185612306
ng1s,2021-11-05,2021-11-08,2021-11-09,-1,0.0861559836,1,0.8860410375,0.8177604687,-0.0172105016
ng1s,2021-11-08,2021-11-09,2021-11-23,-1,0.0044860309,1,0.9408559826,0.8531483029,-0.0175678037
ng1s,2021-11-09,2021-11-10,2021-11-24,-1,-0.0311625407,0,0.8864482094,0.8180461911,-0.0165666496
ng1s,2021-11-10,2021-11-11,2021-11-26,-1,-0.0460867817,0,0.9133773331,0.8361755986,-0.0169546369
ng1s,2021-11-11,2021-11-12,2021-11-16,-1,-0.0774880737,0,0.7464651957,0.6992293546,-0.0097474708
ng1s,2021-11-12,2021-11-15,2021-11-30,-1,0.1096487194,1,0.5933168990,0.5304789018,-0.0000000000
ng1s,2021-11-15,2021-11-16,2021-11-29,-1,0.0800941226,1,0.6395374306,0.5841508533,-0.0041752221
ng1s,2021-11-16,2021-11-17,2021-11-26,-1,-0.1129436124,0,0.4542979854,0.3698347522,-0.0000000000
ng1s,2021-11-17,2021-11-18,2021-11-26,-1,-0.0952432465,0,0.4382209917,0.3523619314,-0.0000000000
ng1s,2021-11-18,2021-11-19,2021-11-30,-1,0.1191672312,1,0.4615619163,0.3778458662,-0.0000000000
ng1s,2021-11-19,2021-11-22,2021-11-26,-1,-0.1193149402,0,0.2373740536,0.1743694737,-0.0000000000
ng1s,2021-11-22,2021-11-23,2021-11-26,-1,-0.0841436546,0,0.9736479637,0.8714690712,-0.0189710060
ng1s,2021-11-23,2021-11-24,2021-11-30,-1,0.1131243985,1,0.9886526041,0.8791819020,-0.0201568947
ng1s,2021-11-24,2021-11-26,2021-11-29,-1,0.1207564608,1,0.9900000000,0.8798546043,-0.0192225224
ng1s,2021-11-26,2021-11-29,2021-12-01,-1,0.1310017529,1,0.9900000000,0.8798546043,-0.0159383817
ng1s,2021-11-29,2021-11-30,2021-12-02,-1,0.1186578914,1,0.9709107630,0.8700176002,-0.0156958551
ng1s,2021-11-30,2021-12-01,2021-12-06,-1,0.1521551948,1,0.9900000000,0.8798546043,-0.0161815407
ng1s,2022-01-13,2022-01-14,2022-01-20,-1,0.1142105846,1,0.4920419986,0.4121478126,-0.0000000000
ng1s,2022-01-14,2022-01-18,2022-01-20,-1,0.1191254590,1,0.3387533511,0.2540137811,-0.0000000000
ng1s,2022-01-18,2022-01-19,2022-01-27,-1,-0.1164292716,0,0.3658369405,0.2789424887,-0.0000000000
ng1s,2022-01-25,2022-01-26,2022-01-28,-1,-0.1392440114,0,0.8246264118,0.7706332385,-0.0125767961
ng1s,2022-01-26,2022-01-27,2022-01-31,-1,-0.1292607890,0,0.8670263101,0.8040274717,-0.0141518177
ng1s,2022-01-27,2022-01-28,2022-02-02,-1,-0.1704295908,0,0.8521679452,0.7927616806,-0.0132729147
ng1s,2022-01-28,2022-01-31,2022-02-02,-1,-0.1210144127,0,0.9493806268,0.8581092899,-0.0167453560
ng1s,2022-01-31,2022-02-01,2022-02-02,-1,-0.1465762618,0,0.9673821983,0.8681259404,-0.0174862300
ng1s,2022-02-01,2022-02-02,2022-02-03,-1,0.1181456430,1,0.5904795183,0.5271479071,-0.0000000000
ng1s,2022-02-02,2022-02-03,2022-02-07,-1,0.1441112414,1,0.5142958254,0.4377635037,-0.0000000000
ng1s,2022-02-03,2022-02-04,2022-02-09,-1,0.1314112408,1,0.3915107977,0.3039094523,-0.0000000000
ng1s,2022-02-04,2022-02-07,2022-02-22,-1,-0.0652622895,0,0.3232166617,0.2403940627,-0.0000000000
ng1s,2022-02-08,2022-02-09,2022-02-16,-1,-0.1626312205,0,0.0994199328,0.0993071397,-0.0000000000
ng1s,2022-02-09,2022-02-10,2022-02-16,-1,-0.1751819985,0,0.0250202853,0.0720589596,-0.0000000000
ng1s,2022-02-10,2022-02-11,2022-02-16,-1,-0.1797367280,0,0.0338017850,0.0748749749,-0.0000000000
ng1s,2022-02-11,2022-02-14,2022-02-16,-1,-0.1172787475,0,0.0100000000,0.0674678677,-0.0000000000
ng1s,2022-02-14,2022-02-15,2022-03-02,-1,-0.1132223132,0,0.0100000000,0.0674678677,-0.0000000000
ng1s,2022-02-15,2022-02-16,2022-03-03,-1,-0.0136219004,0,0.0100000000,0.0674678677,-0.0000000000
ng1s,2022-02-16,2022-02-17,2022-03-04,-1,-0.1242325237,0,0.0100000000,0.0674678677,-0.0000000000
ng1s,2022-02-17,2022-02-18,2022-03-04,-1,-0.1362686524,0,0.0100000000,0.0674678677,-0.0000000000
ng1s,2022-02-18,2022-02-22,2022-03-04,-1,-0.1172600767,0,0.0288120365,0.0732626981,-0.0000000000
ng1s,2022-02-22,2022-02-23,2022-03-09,-1,0.0146936301,1,0.0492699118,0.0800822142,-0.0000000000
ng1s,2022-02-23,2022-02-24,2022-03-10,-1,0.0021545513,1,0.0197001720,0.0704007646,-0.0000000000
ng1s,2022-02-24,2022-02-25,2022-03-04,-1,-0.1152465695,0,0.0100000000,0.0674678677,-0.0000000000
ng1s,2022-02-25,2022-02-28,2022-03-04,-1,-0.1305741047,0,0.0100000000,0.0674678677,-0.0000000000
ng1s,2022-02-28,2022-03-01,2022-03-04,-1,-0.0924634260,0,0.0121583175,0.0681104805,-0.0000000000
ng1s,2022-03-01,2022-03-02,2022-03-16,-1,0.0029464780,1,0.0100000000,0.0674678677,-0.0000000000
ng1s,2022-03-02,2022-03-03,2022-03-17,-1,-0.0552023129,0,0.0100000000,0.0674678677,-0.0000000000
ng1s,2022-03-03,2022-03-04,2022-03-08,-1,0.1025741890,1,0.0100000000,0.0674678677,-0.0000000000
ng1s,2022-03-04,2022-03-07,2022-03-21,-1,-0.0137666592,0,0.0100000000,0.0674678677,-0.0000000000
ng1s,2022-03-07,2022-03-08,2022-03-17,-1,-0.0973752995,0,0.0100000000,0.0674678677,-0.0000000000
ng1s,2022-03-08,2022-03-09,2022-03-17,-1,-0.0975955994,0,0.0100000000,0.0674678677,-0.0000000000
ng1s,2022-03-09,2022-03-10,2022-03-17,-1,-0.0746604960,0,0.0100000000,0.0674678677,-0.0000000000
ng1s,2022-03-10,2022-03-11,2022-03-22,-1,-0.0932872224,0,0.0100000000,0.0674678677,-0.0000000000
ng1s,2022-03-11,2022-03-14,2022-03-22,-1,-0.1075709528,0,0.0100000000,0.0674678677,-0.0000000000
ng1s,2022-03-14,2022-03-15,2022-03-17,-1,-0.0883590681,0,0.0100000000,0.0674678677,-0.0000000000
ng1s,2022-03-15,2022-03-16,2022-03-22,-1,-0.0884344366,0,0.0100000000,0.0674678677,-0.0000000000
ng1s,2022-03-16,2022-03-17,2022-03-24,-1,-0.0794512188,0,0.0100000000,0.0674678677,-0.0000000000
ng1s,2022-03-17,2022-03-18,2022-03-23,-1,-0.0731366581,0,0.0100000000,0.0674678677,-0.0000000000
ng1s,2022-05-04,2022-05-05,2022-05-06,-1,0.0880150875,1,0.0100000000,0.0674678677,-0.0000000000
ng1s,2022-05-05,2022-05-06,2022-05-09,-1,0.1351853733,1,0.0100000000,0.0674678677,-0.0000000000
ng1s,2022-05-06,2022-05-09,2022-05-11,-1,-0.0837805886,0,0.0100000000,0.0674678677,-0.0000000000
ng1s,2022-05-17,2022-05-18,2022-06-02,-1,-0.0022009569,0,0.0100000000,0.0674678677,-0.0000000000
ng1s,2022-05-18,2022-05-19,2022-06-03,-1,-0.0138650260,0,0.0100000000,0.0674678677,-0.0000000000
ng1s,2022-05-19,2022-05-20,2022-05-24,-1,-0.0773858765,0,0.0100000000,0.0674678677,-0.0000000000
ng1s,2022-05-25,2022-05-26,2022-05-31,-1,0.0880855551,1,0.4901509092,0.4099907978,-0.0000000000
ng1s,2022-06-01,2022-06-02,2022-06-06,-1,-0.0940774322,0,0.4037380319,0.3162323625,-0.0000000000
ng1s,2022-06-02,2022-06-03,2022-06-06,-1,-0.0896088552,0,0.2359074582,0.1733769263,-0.0000000000
ng1s,2022-06-03,2022-06-06,2022-06-13,-1,0.0795697369,1,0.1426924097,0.1190909425,-0.0000000000
ng1s,2022-06-06,2022-06-07,2022-06-14,-1,0.2567103180,1,0.0706389211,0.0878198743,-0.0000000000
ng1s,2022-06-07,2022-06-08,2022-06-14,-1,0.1906561541,1,0.1795746873,0.1385608601,-0.0000000000
ng1s,2022-06-08,2022-06-09,2022-06-14,-1,0.2205530154,1,0.0544470274,0.0818976675,-0.0000000000
nq1s,2021-10-21,2021-10-22,2021-10-27,1,0.0159242895,1,0.4424094582,0.5130826632,0.0000000000
nq1s,2021-10-22,2021-10-25,2021-10-28,1,0.0172106422,1,0.4285069327,0.5055597219,0.0000000000
nq1s,2021-10-25,2021-10-26,2021-10-29,1,0.0187046414,1,0.4311460950,0.5069881243,0.0000000000
nq1s,2021-10-26,2021-10-27,2021-10-29,1,0.0159904125,1,0.4311051411,0.5069659595,0.0000000000
nq1s,2021-10-27,2021-10-28,2021-11-03,1,0.0228889580,1,0.4482089072,0.5162193084,0.0000000000
nq1s,2021-10-28,2021-10-29,2021-11-03,1,0.0182217080,1,0.4537290060,0.5192036834,0.0000000000
nq1s,2021-10-29,2021-11-01,2021-11-03,1,0.0147079843,1,0.4425600262,0.5131641123,0.0000000000
nq1s,2021-11-01,2021-11-02,2021-11-04,1,0.0228859239,1,0.4188947334,0.5003566865,0.0000000000
nq1s,2021-11-02,2021-11-03,2021-11-05,1,0.0136695323,1,0.4135996293,0.4974903680,0.0000000000
nq1s,2021-11-03,2021-11-04,2021-11-10,1,-0.0216806047,0,0.4231933465,0.5026835810,0.0000000000
nq1s,2021-11-04,2021-11-05,2021-11-10,1,-0.0229656963,0,0.4300092935,0.5063728621,0.0000000000
nq1s,2021-11-05,2021-11-08,2021-11-10,1,-0.0214968853,0,0.4182571730,0.5000115630,0.0000000000
nq1s,2021-11-08,2021-11-09,2021-11-10,1,-0.0144287408,0,0.4354289874,0.5093059149,0.0000000000
nq1s,2021-11-09,2021-11-10,2021-11-12,1,0.0131943822,1,0.3937005538,0.4867217254,0.0000000000
nq1s,2021-11-10,2021-11-11,2021-11-16,1,0.0172015317,1,0.4933816793,0.5405883647,0.0000000000
nq1s,2021-11-11,2021-11-12,2021-11-18,1,0.0176597599,1,0.4561417660,0.5205076955,0.0000000000
nq1s,2021-11-12,2021-11-15,2021-11-18,1,0.0179685878,1,0.4469895408,0.5155599091,0.0000000000
nq1s,2021-11-15,2021-11-16,2021-11-19,1,0.0166844170,1,0.4687090288,0.5272949409,0.0000000000
nq1s,2021-11-16,2021-11-17,2021-11-19,1,0.0160251556,1,0.5172281098,0.5533821690,0.0179174477
nq1s,2021-11-17,2021-11-18,2021-11-26,1,-0.0264522182,0,0.5456822441,0.5685546572,0.0229256299
nq1s,2021-11-18,2021-11-19,2021-11-23,1,-0.0159945028,0,0.5710871990,0.5819942402,0.0285984777
nq1s,2021-11-19,2021-11-22,2021-11-26,1,-0.0204120182,0,0.5275865312,0.5589186024,0.0181282010
nq1s,2021-11-22,2021-11-23,2021-11-26,1,-0.0161298803,0,0.6118850679,0.6033166814,0.0324532260
nq1s,2021-11-23,2021-11-24,2021-11-26,1,-0.0194348592,0,0.6109782090,0.6028466465,0.0337906289
nq1s,2021-11-24,2021-11-26,2021-11-29,1,0.0209459984,1,0.5521358908,0.5719791277,0.0189363175
nq1s,2021-11-26,2021-11-29,2021-12-01,1,-0.0323023699,0,0.5695609453,0.5811900512,0.0184664680
nq1s,2021-11-29,2021-11-30,2021-12-03,1,-0.0271603620,0,0.5510945628,0.5714270297,0.0155021036
nq1s,2021-11-30,2021-12-01,2021-12-07,1,0.0278540116,1,0.6435054538,0.6195811496,0.0246401241
nq1s,2021-12-01,2021-12-02,2021-12-08,1,0.0249389483,1,0.6560608232,0.6259677041,0.0265519371
nq1s,2021-12-02,2021-12-03,2021-12-07,1,0.0374781460,1,0.6316607198,0.6135178535,0.0231071731
nq1s,2021-12-03,2021-12-06,2021-12-07,1,0.0295568106,1,0.7458154475,0.6702464907,0.0352440590
nq1s,2021-12-06,2021-12-07,2021-12-14,1,-0.0245201998,0,0.7130904755,0.6544010821,0.0264057222
nq1s,2021-12-07,2021-12-08,2021-12-14,-1,0.0290600689,1,0.4866365211,0.5369590573,-0.0000000000
nq1s,2021-12-08,2021-12-09,2021-12-20,1,-0.0331793893,0,0.4389798044,0.5112272263,0.0000000000
nq1s,2021-12-09,2021-12-10,2021-12-14,-1,0.0252400044,1,0.4915239375,0.5395891991,-0.0000000000
nq1s,2021-12-10,2021-12-13,2021-12-20,1,-0.0290373762,0,0.4683050645,0.5270769138,0.0000000000
nq1s,2021-12-13,2021-12-14,2021-12-23,-1,-0.0233862541,0,0.5669296062,0.5798025772,-0.0145124701
nq1s,2021-12-14,2021-12-15,2021-12-16,-1,0.0260954689,1,0.5367797576,0.5638200573,-0.0107604608
nq1s,2021-12-15,2021-12-16,2021-12-23,-1,-0.0268780316,0,0.5129927201,0.5511145122,-0.0078829420
nq1s,2021-12-16,2021-12-17,2021-12-23,1,0.0318535984,1,0.5917159078,0.5928192060,0.0149796295
nq1s,2021-12-17,2021-12-20,2021-12-22,1,0.0345100459,1,0.6173375981,0.6061387400,0.0176946949
nq1s,2021-12-20,2021-12-21,2021-12-27,1,0.0356522086,1,0.6310672819,0.6132131283,0.0175890999
nq1s,2021-12-21,2021-12-22,2022-01-06,1,-0.0257305821,0,0.6603591392,0.6281442133,0.0203503150
nq1s,2021-12-22,2021-12-23,2022-01-05,-1,0.0332163203,1,0.5238808888,0.5569395970,-0.0093939068
nq1s,2021-12-23,2021-12-27,2022-01-05,1,-0.0491027130,0,0.4500817659,0.5172319873,0.0000000000
nq1s,2021-12-27,2021-12-28,2022-01-05,-1,0.0447454076,1,0.4174790638,0.4995903580,-0.0000000000
nq1s,2021-12-28,2021-12-29,2022-01-05,1,-0.0448970216,0,0.4111889025,0.4961854491,0.0000000000
nq1s,2021-12-29,2021-12-30,2022-01-05,1,-0.0412367121,0,0.3767504686,0.4775582902,0.0000000000
nq1s,2021-12-30,2021-12-31,2022-01-05,1,-0.0345498684,0,0.4099890574,0.4955359950,0.0000000000
nq1s,2021-12-31,2022-01-03,2022-01-05,1,-0.0445937707,0,0.4435024945,0.5136739206,0.0000000000
nq1s,2022-01-03,2022-01-04,2022-01-05,-1,0.0317888340,1,0.4008519175,0.4905908813,-0.0000000000
nq1s,2022-01-04,2022-01-05,2022-01-13,-1,0.0176766422,1,0.5095446232,0.5492668024,-0.0000000000
nq1s,2022-01-05,2022-01-06,2022-01-18,-1,0.0357215438,1,0.5833161560,0.5884216545,-0.0151135255
nq1s,2022-01-06,2022-01-07,2022-01-18,-1,0.0243621364,1,0.5972536512,0.5957103333,-0.0168669272
nq1s,2022-01-07,2022-01-10,2022-01-18,1,-0.0260935165,0,0.5724815579,0.5827285526,0.0152022891
nq1s,2022-01-10,2022-01-11,2022-01-13,1,-0.0217592493,0,0.5788780428,0.5860923916,0.0154947667
nq1s,2022-01-11,2022-01-12,2022-01-13,-1,0.0253061070,1,0.5233136140,0.5566364816,-0.0106310111
nq1s,2022-01-12,2022-01-13,2022-01-19,-1,0.0299297495,1,0.4280971223,0.5053379102,-0.0000000000
nq1s,2022-01-13,2022-01-14,2022-01-18,-1,0.0253083544,1,0.5706608881,0.5817696591,-0.0144047471
nq1s,2022-01-14,2022-01-18,2022-01-20,-1,0.0242964659,1,0.5425167599,0.5668725499,-0.0110511041
nq1s,2022-01-18,2022-01-19,2022-01-21,-1,0.0412142511,1,0.6007372854,0.5975256733,-0.0167290060
nq1s,2022-01-19,2022-01-20,2022-01-21,-1,0.0283268278,1,0.6661271039,0.6310567372,-0.0232533337
nq1s,2022-01-20,2022-01-21,2022-01-27,1,-0.0309563402,0,0.6347008037,0.6150775114,0.0192030573
nq1s,2022-01-21,2022-01-24,2022-01-27,1,-0.0361071597,0,0.6511567486,0.6234782253,0.0208999902
nq1s,2022-01-24,2022-01-25,2022-01-31,1,0.0526360270,1,0.6637796118,0.6298725136,0.0215048575
nq1s,2022-01-25,2022-01-26,2022-01-31,1,0.0513815767,1,0.6346568478,0.6150549774,0.0196209750
nq1s,2022-01-26,2022-01-27,2022-01-28,1,0.0314067985,1,0.6092699114,0.6019607020,0.0181439360
nq1s,2022-01-27,2022-01-28,2022-01-31,1,0.0321794757,1,0.6661604646,0.6310735551,0.0185882478
nq1s,2022-01-28,2022-01-31,2022-02-11,-1,0.0456067094,1,0.6831605626,0.6396015156,-0.0175422044
nq1s,2022-01-31,2022-02-01,2022-02-11,-1,0.0516101221,1,0.6826778570,0.6393605522,-0.0182627774
nq1s,2022-02-01,2022-02-02,2022-02-03,-1,0.0420405242,1,0.6412799695,0.6184447073,-0.0161381315
nq1s,2022-02-02,2022-02-03,2022-02-09,-1,-0.0369829316,0,0.5888435036,0.5913170410,-0.0106407623
nq1s,2022-02-03,2022-02-04,2022-02-18,-1,0.0480890379,1,0.5997239310,0.5969978822,-0.0115322691
nq1s,2022-02-04,2022-02-07,2022-02-18,-1,0.0394892978,1,0.5910954662,0.5924948830,-0.0114789792
nq1s,2022-02-08,2022-02-09,2022-02-11,-1,0.0545069376,1,0.5729169220,0.5829577537,-0.0104829339
nq1s,2022-02-09,2022-02-10,2022-02-11,-1,0.0318255010,1,0.5798867803,0.5866221514,-0.0107900473
nq1s,2022-02-10,2022-02-11,2022-02-23,1,-0.0528449310,0,0.5792516844,0.5862886407,0.0102209666
nq1s,2022-02-11,2022-02-14,2022-02-23,1,-0.0537223241,0,0.6306244629,0.6129856868,0.0139994787
nq1s,2022-02-14,2022-02-15,2022-02-18,1,-0.0429004275,0,0.6191808842,0.6070911778,0.0127794538
nq1s,2022-02-15,2022-02-16,2022-02-18,1,-0.0422499542,0,0.6465801546,0.6211490880,0.0151623267
nq1s,2022-02-16,2022-02-17,2022-02-23,1,-0.0475113973,0,0.5676655960,0.5801907839,0.0096052886
nq1s,2022-02-17,2022-02-18,2022-02-23,1,-0.0355264878,0,0.5857996141,0.5897233328,0.0111893478
nq1s,2022-02-18,2022-02-22,2022-03-07,1,-0.0398824169,0,0.5979515840,0.5960742413,0.0125280818
nq1s,2022-02-22,2022-02-23,2022-02-24,1,0.0334165183,1,0.6000791720,0.5971829300,0.0125978955
nq1s,2022-02-23,2022-02-24,2022-03-07,1,-0.0473386352,0,0.5685959755,0.5806813820,0.0092397504
nq1s,2022-02-24,2022-02-25,2022-03-07,1,-0.0625448116,0,0.5732504692,0.5831333282,0.0096682284
nq1s,2022-02-25,2022-02-28,2022-03-07,1,-0.0658888843,0,0.5205135316,0.5551396829,0.0067095782
nq1s,2022-02-28,2022-03-01,2022-03-07,1,-0.0501271398,0,0.5186363639,0.5541356709,0.0067486369
nq1s,2022-03-01,2022-03-02,2022-03-07,1,-0.0666792662,0,0.6578722381,0.6268855654,0.0159344650
nq1s,2022-03-02,2022-03-03,2022-03-07,-1,0.0519105616,1,0.6501624409,0.6229726793,-0.0158286458
nq1s,2022-03-03,2022-03-04,2022-03-07,-1,0.0382219166,1,0.6695131105,0.6327620729,-0.0176234300
nq1s,2022-03-04,2022-03-07,2022-03-09,1,0.0306061479,1,0.6337309602,0.6145802066,0.0138419873
nq1s,2022-03-07,2022-03-08,2022-03-16,1,0.0502968268,1,0.6221985146,0.6086486473,0.0137588634
nq1s,2022-03-08,2022-03-09,2022-03-11,1,-0.0327667672,0,0.6387662419,0.6171595133,0.0131563114
nq1s,2022-03-09,2022-03-10,2022-03-14,1,-0.0405966041,0,0.6096648405,0.6021655768,0.0119498465
nq1s,2022-03-10,2022-03-11,2022-03-16,1,0.0484142253,1,0.6504589287,0.6231234537,0.0145849326
nq1s,2022-03-11,2022-03-14,2022-03-16,1,0.0671333290,1,0.6329153473,0.6141618009,0.0139027179
nq1s,2022-03-14,2022-03-15,2022-03-16,1,0.0365196563,1,0.6312097010,0.6132862673,0.0126896872
nq1s,2022-03-15,2022-03-16,2022-03-22,1,0.0492517488,1,0.5916441135,0.5927816811,0.0095941046
nq1s,2022-03-16,2022-03-17,2022-03-24,1,0.0454505602,1,0.5221483486,0.5560137062,0.0060223206
nq1s,2022-03-17,2022-03-18,2022-03-28,1,0.0389011166,1,0.4369345591,0.5101206015,0.0000000000
nq1s,2022-03-18,2022-03-21,2022-03-28,1,0.0418888898,1,0.3761079769,0.4772112088,0.0000000000
nq1s,2022-03-21,2022-03-22,2022-03-29,1,0.0390625658,1,0.3861998058,0.4826652567,0.0000000000
nq1s,2022-03-22,2022-03-23,2022-03-28,1,0.0365796034,1,0.4055116881,0.4931126277,0.0000000000
nq1s,2022-03-23,2022-03-24,2022-03-29,1,0.0316010496,1,0.4581126569,0.5215726862,0.0000000000
nq1s,2022-03-24,2022-03-25,2022-03-29,-1,-0.0321430642,0,0.3932758205,0.4864919742,-0.0000000000
nq1s,2022-03-25,2022-03-28,2022-04-06,-1,0.0325557311,1,0.4096229183,0.4953378135,-0.0000000000
nq1s,2022-03-28,2022-03-29,2022-04-05,-1,0.0272586163,1,0.3994571029,0.4898361313,-0.0000000000
nq1s,2022-03-29,2022-03-30,2022-04-06,1,-0.0382948903,0,0.4211335766,0.5015686094,0.0000000000
nq1s,2022-03-30,2022-03-31,2022-04-08,1,-0.0371158262,0,0.4258605843,0.5041273391,0.0000000000
nq1s,2022-03-31,2022-04-01,2022-04-06,1,-0.0244147099,0,0.4656509105,0.5256441648,0.0000000000
nq1s,2022-04-01,2022-04-04,2022-04-05,1,-0.0224233986,0,0.4362212237,0.5097346119,0.0000000000
nq1s,2022-04-04,2022-04-05,2022-04-08,1,-0.0343714164,0,0.4411536175,0.5124032946,0.0000000000
nq1s,2022-04-05,2022-04-06,2022-04-11,1,-0.0354533232,0,0.4982423226,0.5432010438,0.0000000000
nq1s,2022-04-06,2022-04-07,2022-04-11,1,-0.0375710015,0,0.5354842728,0.5631300890,0.0087268448
nq1s,2022-04-07,2022-04-08,2022-04-12,1,-0.0270248478,0,0.5131971792,0.5512240306,0.0072166296
nq1s,2022-04-08,2022-04-11,2022-04-22,1,-0.0472788068,0,0.5247100369,0.5573825644,0.0079421497
nq1s,2022-04-11,2022-04-12,2022-04-22,1,-0.0433424983,0,0.5172975918,0.5534193520,0.0077541861
nq1s,2022-04-12,2022-04-13,2022-04-21,1,-0.0352991505,0,0.5233877219,0.5566760825,0.0079804049
nq1s,2022-04-13,2022-04-14,2022-04-22,-1,0.0396605760,1,0.4985624297,0.5433730251,-0.0000000000
nq1s,2022-04-14,2022-04-18,2022-04-22,-1,0.0406677159,1,0.4917884963,0.5397315086,-0.0000000000
nq1s,2022-04-18,2022-04-19,2022-04-21,-1,0.0350002625,1,0.5413281055,0.5662405102,-0.0091773159
nq1s,2022-04-19,2022-04-20,2022-04-22,-1,0.0476180350,1,0.4660602133,0.5258651402,-0.0000000000
nq1s,2022-04-20,2022-04-21,2022-04-22,-1,0.0276772308,1,0.5621035478,0.5772545879,-0.0109232731
nq1s,2022-04-21,2022-04-22,2022-04-29,-1,0.0382790815,1,0.5890572106,0.5914288613,-0.0125143946
nq1s,2022-04-22,2022-04-25,2022-04-26,1,-0.0391549635,0,0.6122581985,0.6035100237,0.0141314502
nq1s,2022-04-25,2022-04-26,2022-04-28,-1,-0.0331528336,0,0.6099419955,0.6023093333,-0.0126304481
nq1s,2022-04-26,2022-04-27,2022-05-04,1,0.0393603996,1,0.6338032583,0.6146172870,0.0147646321
nq1s,2022-04-27,2022-04-28,2022-04-29,1,-0.0458327623,0,0.6638122760,0.6298890022,0.0148011033
nq1s,2022-04-28,2022-04-29,2022-05-04,-1,-0.0515023839,0,0.6630320947,0.6294950896,-0.0132774966
nq1s,2022-04-29,2022-05-02,2022-05-09,1,-0.0696255092,0,0.6853284544,0.6406828447,0.0144879414
nq1s,2022-05-02,2022-05-03,2022-05-09,-1,0.0707340508,1,0.6924430310,0.6442214691,-0.0155356640
nq1s,2022-05-03,2022-05-04,2022-05-05,-1,0.0510356395,1,0.6854914054,0.6407640660,-0.0142503559
nq1s,2022-05-04,2022-05-05,2022-05-09,-1,0.0530426603,1,0.6302779595,0.6128076807,-0.0101609528
nq1s,2022-05-05,2022-05-06,2022-05-11,-1,0.0588846580,1,0.6451580725,0.6204242121,-0.0113388995
nq1s,2022-05-06,2022-05-09,2022-05-23,-1,0.0130836816,1,0.6695254551,0.6327682841,-0.0121880688
nq1s,2022-05-09,2022-05-10,2022-05-24,-1,0.0479362087,1,0.6590505965,0.6274821610,-0.0119213045
nq1s,2022-05-10,2022-05-11,2022-05-17,1,0.0481544315,1,0.6539392800,0.6248915446,0.0118082495
nq1s,2022-05-11,2022-05-12,2022-05-17,1,0.0500359389,1,0.6474333150,0.6215837090,0.0120119278
nq1s,2022-05-12,2022-05-13,2022-05-19,1,-0.0415953784,0,0.6533787694,0.6246070171,0.0113680715
nq1s,2022-05-13,2022-05-16,2022-05-31,1,0.0322832233,1,0.6405366460,0.6180648399,0.0112662989
nq1s,2022-05-16,2022-05-17,2022-05-18,1,-0.0510199128,0,0.6668509566,0.6314215769,0.0123810025
nq1s,2022-05-17,2022-05-18,2022-05-27,1,0.0603313360,1,0.6492323058,0.6224995189,0.0105544478
nq1s,2022-05-18,2022-05-19,2022-05-27,1,0.0651394918,1,0.6547690514,0.6253125964,0.0113211925
nq1s,2022-05-19,2022-05-20,2022-05-27,1,0.0683015164,1,0.6592303756,0.6275731479,0.0120789211
nq1s,2022-05-20,2022-05-23,2022-05-27,1,0.0520086447,1,0.6552775845,0.6255705483,0.0120603255
nq1s,2022-05-23,2022-05-24,2022-05-26,1,0.0422719665,1,0.6468810154,0.6213023762,0.0119556984
nq1s,2022-05-24,2022-05-25,2022-05-27,1,0.0597659560,1,0.6372454825,0.6163811970,0.0116823307
nq1s,2022-05-25,2022-05-26,2022-06-02,1,0.0488318519,1,0.6369279255,0.6162185976,0.0113896280
nq1s,2022-05-26,2022-05-27,2022-06-10,1,-0.0683648590,0,0.6155772162,0.6052283854,0.0100502130
nq1s,2022-05-27,2022-05-31,2022-06-10,1,-0.0658968676,0,0.4883013439,0.5378552128,0.0000000000
nq1s,2022-05-31,2022-06-01,2022-06-10,1,-0.0583167142,0,0.4855587228,0.5363787628,0.0000000000
nq1s,2022-06-02,2022-06-03,2022-06-10,1,-0.0583167142,0,0.5222057784,0.5560444037,0.0056944390
nq1s,2022-06-03,2022-06-06,2022-06-10,1,-0.0626099312,0,0.4716423309,0.5288777809,0.0000000000
nq1s,2022-06-06,2022-06-07,2022-06-09,1,-0.0349424219,0,0.4408252173,0.5122256332,0.0000000000
nq1s,2022-06-07,2022-06-08,2022-06-10,1,-0.0634624039,0,0.4737190746,0.5299980641,0.0000000000
nq1s,2022-06-08,2022-06-09,2022-06-10,1,-0.0360810442,0,0.5026895852,0.5455894469,0.0000000000
nq1s,2022-06-09,2022-06-10,2022-06-13,1,-0.0469906862,0,0.5495996589,0.5706341415,0.0075554015
nq1s,2022-06-10,2022-06-13,2022-06-24,-1,-0.0693135734,0,0.5211546522,0.5554824866,-0.0054547104
nq1s,2022-06-13,2022-06-14,2022-06-24,1,0.0676376446,1,0.5805123980,0.5869506071,0.0088938292
nq1s,2022-06-14,2022-06-15,2022-06-16,1,-0.0414124675,0,0.6029062672,0.5986545958,0.0097995981
pl1s,2021-10-21,2021-10-22,2021-10-27,1,-0.0316720496,0,0.4578287084,0.4783522768,0.0000000000
pl1s,2021-10-22,2021-10-25,2021-10-27,1,-0.0427312861,0,0.4480129948,0.4661185688,0.0000000000
pl1s,2021-10-25,2021-10-26,2021-11-01,-1,-0.0327617149,0,0.4278562788,0.4411396644,-0.0000000000
pl1s,2021-10-26,2021-10-27,2021-11-01,1,0.0460159777,1,0.4571004353,0.4774435274,0.0000000000
pl1s,2021-10-27,2021-10-28,2021-11-01,1,0.0415132293,1,0.4075777977,0.4163072023,0.0000000000
pl1s,2021-10-28,2021-10-29,2021-11-01,1,0.0446434285,1,0.4042469301,0.4122651680,0.0000000000
pl1s,2021-10-29,2021-11-01,2021-11-03,1,-0.0428814860,0,0.4148781058,0.4252049389,0.0000000000
pl1s,2021-11-02,2021-11-03,2021-11-08,1,0.0360182992,1,0.5242332558,0.5610553053,0.0072344376
pl1s,2021-11-03,2021-11-04,2021-11-10,1,0.0453004386,1,0.5324642691,0.5711659054,0.0087986019
pl1s,2021-11-04,2021-11-05,2021-11-10,1,0.0390053232,1,0.5272870991,0.5648128871,0.0083693324
pl1s,2021-11-05,2021-11-08,2021-11-11,1,0.0320287299,1,0.5050286114,0.5372814436,0.0000000000
pl1s,2021-11-08,2021-11-09,2021-11-15,1,0.0328992280,1,0.5306501852,0.5689423605,0.0092322714
pl1s,2021-11-09,2021-11-10,2021-11-19,1,-0.0388122543,0,0.4470866598,0.4649659125,0.0000000000
pl1s,2021-11-10,2021-11-11,2021-11-18,1,-0.0354307365,0,0.4438590716,0.4609527646,0.0000000000
pl1s,2021-11-15,2021-11-16,2021-11-19,-1,0.0364882933,1,0.3884562313,0.3932720525,-0.0000000000
pl1s,2021-11-16,2021-11-17,2021-11-19,1,-0.0314500292,0,0.4674065149,0.4903146709,0.0000000000
pl1s,2021-11-17,2021-11-18,2021-11-22,1,-0.0398797716,0,0.4103092212,0.4196302515,0.0000000000
pl1s,2021-11-18,2021-11-19,2021-11-23,1,-0.0718236808,0,0.4481008878,0.4662279547,0.0000000000
pl1s,2021-11-23,2021-11-24,2021-11-30,1,-0.0504679782,0,0.5194641147,0.5551732736,0.0065735072
pl1s,2021-11-24,2021-11-26,2021-12-10,1,-0.0212875394,0,0.5415027411,0.5822000211,0.0100081249
pl1s,2021-11-26,2021-11-29,2021-11-30,1,-0.0393326945,0,0.5447008413,0.5860852114,0.0106150694
pl1s,2021-11-29,2021-11-30,2021-12-14,1,-0.0178440161,0,0.5315020096,0.5699868040,0.0080707864
pl1s,2021-11-30,2021-12-01,2021-12-15,1,-0.0448309464,0,0.4658215992,0.4883340241,0.0000000000
pl1s,2021-12-01,2021-12-02,2021-12-15,1,-0.0425829124,0,0.4736883955,0.4981674354,0.0000000000
pl1s,2021-12-02,2021-12-03,2021-12-15,1,-0.0351607302,0,0.4493073280,0.4677297355,0.0000000000
pl1s,2021-12-03,2021-12-06,2021-12-15,1,-0.0461132718,0,0.4656024124,0.4880601369,0.0000000000
pl1s,2021-12-06,2021-12-07,2021-12-14,1,-0.0420288628,0,0.4227271194,0.4348256431,0.0000000000
pl1s,2021-12-07,2021-12-08,2021-12-13,1,-0.0332920935,0,0.4175648280,0.4284921202,0.0000000000
pl1s,2021-12-08,2021-12-09,2021-12-15,1,-0.0475006046,0,0.3908458687,0.3961271941,0.0000000000
pl1s,2021-12-09,2021-12-10,2021-12-15,1,-0.0437610843,0,0.4381250804,0.4538359775,0.0000000000
pl1s,2021-12-10,2021-12-13,2021-12-15,1,-0.0334317478,0,0.4067110054,0.4152542359,0.0000000000
pl1s,2021-12-13,2021-12-14,2021-12-22,1,0.0580605340,1,0.4446590459,0.4619469926,0.0000000000
pl1s,2021-12-14,2021-12-15,2021-12-16,1,0.0380716266,1,0.3977184831,0.4043775352,0.0000000000
pl1s,2021-12-15,2021-12-16,2021-12-22,1,0.0384925654,1,0.4030962707,0.4108715496,0.0000000000
pl1s,2021-12-16,2021-12-17,2021-12-22,1,0.0324820289,1,0.4287376135,0.4422265696,0.0000000000
pl1s,2021-12-17,2021-12-20,2021-12-22,1,0.0435842717,1,0.3770355853,0.3797301230,0.0000000000
pl1s,2021-12-20,2021-12-21,2021-12-22,1,0.0416351645,1,0.3801150105,0.3833640934,0.0000000000
pl1s,2021-12-21,2021-12-22,2022-01-05,1,0.0388734334,1,0.3316637631,0.3279217633,0.0000000000
pl1s,2021-12-22,2021-12-23,2022-01-07,1,-0.0162807557,0,0.3035548028,0.2977211053,0.0000000000
pl1s,2021-12-23,2021-12-27,2022-01-05,1,0.0313270080,1,0.3160105916,0.3109071559,0.0000000000
pl1s,2021-12-27,2021-12-28,2022-01-10,1,-0.0483003882,0,0.3568427858,0.3562497840,0.0000000000
pl1s,2021-12-28,2021-12-29,2022-01-05,1,0.0323574048,1,0.3167089702,0.3116559205,0.0000000000
pl1s,2021-12-29,2021-12-30,2022-01-05,1,0.0379399686,1,0.2967848432,0.2906910390,0.0000000000
pl1s,2021-12-30,2021-12-31,2022-01-05,1,0.0362826241,1,0.2920022169,0.2857841797,0.0000000000
pl1s,2021-12-31,2022-01-03,2022-01-05,1,0.0489898048,1,0.2909768239,0.2847386420,0.0000000000
pl1s,2022-01-03,2022-01-04,2022-01-05,1,0.0311210560,1,0.3863168875,0.3907221279,0.0000000000
pl1s,2022-01-04,2022-01-05,2022-01-06,1,-0.0419912908,0,0.3510177933,0.3495973377,0.0000000000
pl1s,2022-01-05,2022-01-06,2022-01-19,-1,-0.0680972900,0,0.4268901876,0.4399488813,-0.0000000000
pl1s,2022-01-06,2022-01-07,2022-01-19,1,0.0724786865,1,0.5482515408,0.5903862200,0.0108592718
pl1s,2022-01-07,2022-01-10,2022-01-11,1,0.0415415299,1,0.5321731731,0.5708092965,0.0084233457
pl1s,2022-01-10,2022-01-11,2022-01-19,1,0.0551698645,1,0.5940984156,0.6444757654,0.0151481791
pl1s,2022-01-11,2022-01-12,2022-01-19,1,0.0481048681,1,0.5897891713,0.6395227029,0.0153015411
pl1s,2022-01-12,2022-01-13,2022-01-19,1,0.0561979308,1,0.5899891266,0.6397532002,0.0159327191
pl1s,2022-01-13,2022-01-14,2022-01-19,1,0.0640459678,1,0.5503622720,0.5929364827,0.0110292082
pl1s,2022-01-14,2022-01-18,2022-01-19,1,0.0487172380,1,0.5028094046,0.5345211756,0.0000000000
pl1s,2022-01-18,2022-01-19,2022-02-02,1,0.0147678954,1,0.5305856579,0.5688632168,0.0071809191
pl1s,2022-01-19,2022-01-20,2022-01-28,1,-0.0429734635,0,0.5443110104,0.5856121907,0.0091795964
pl1s,2022-01-20,2022-01-21,2022-02-04,-1,0.0105862204,1,0.6175980124,0.6709237450,-0.0184444892
pl1s,2022-01-21,2022-01-24,2022-02-07,1,-0.0002940744,0,0.5718604576,0.6186049417,0.0129923924
pl1s,2022-01-24,2022-01-25,2022-02-08,1,0.0104763787,1,0.6023718452,0.6538983673,0.0176771114
pl1s,2022-01-25,2022-01-26,2022-01-28,1,-0.0382994434,0,0.5715343958,0.6182201446,0.0138890098
pl1s,2022-01-26,2022-01-27,2022-02-10,1,0.0200558968,1,0.5507684371,0.5934266567,0.0106564464
pl1s,2022-01-27,2022-01-28,2022-02-02,1,0.0361937765,1,0.5804556491,0.6286934839,0.0149558470
pl1s,2022-01-28,2022-01-31,2022-02-14,1,0.0070285334,1,0.5946611633,0.6451203384,0.0173868464
pl1s,2022-01-31,2022-02-01,2022-02-15,1,-0.0027402640,0,0.6016854077,0.6531210408,0.0192406807
pl1s,2022-02-01,2022-02-02,2022-02-16,1,0.0189813044,1,0.5765994417,0.6241805700,0.0157872553
pl1s,2022-02-02,2022-02-03,2022-02-16,-1,-0.0319033743,0,0.5506708231,0.5933088698,-0.0120429325
pl1s,2022-02-04,2022-02-07,2022-02-16,1,0.0419507690,1,0.4904165987,0.5190727287,0.0000000000
pl1s,2022-02-07,2022-02-08,2022-02-17,1,0.0529950204,1,0.4722782794,0.4964044809,0.0000000000
pl1s,2022-02-08,2022-02-09,2022-02-17,1,0.0519341147,1,0.4900269653,0.5185862777,0.0000000000
pl1s,2022-02-09,2022-02-10,2022-02-17,1,0.0470300229,1,0.4275234180,0.4407293102,0.0000000000
pl1s,2022-02-11,2022-02-14,2022-02-16,1,0.0341382292,1,0.5018854119,0.5333712723,0.0000000000
pl1s,2022-02-14,2022-02-15,2022-02-16,1,0.0415586890,1,0.5115385310,0.5453647437,0.0000000000
pl1s,2022-02-15,2022-02-16,2022-03-03,1,0.0159481114,1,0.4353433328,0.4503899928,0.0000000000
pl1s,2022-02-16,2022-02-17,2022-02-25,1,-0.0397662999,0,0.4238605549,0.4362191629,0.0000000000
pl1s,2022-02-17,2022-02-18,2022-02-28,-1,0.0360237486,1,0.4144701307,0.4247063553,-0.0000000000
pl1s,2022-02-22,2022-02-23,2022-02-25,-1,0.0388507166,1,0.4056259248,0.4139371872,-0.0000000000
pl1s,2022-02-23,2022-02-24,2022-03-04,-1,-0.0502193727,0,0.3823589611,0.3860203940,-0.0000000000
pl1s,2022-02-24,2022-02-25,2022-03-04,1,0.0615820553,1,0.4350357780,0.4500092847,0.0000000000
pl1s,2022-02-25,2022-02-28,2022-03-03,1,0.0397315764,1,0.4251747318,0.4378361586,0.0000000000
pl1s,2022-02-28,2022-03-01,2022-03-04,1,0.0598694003,1,0.4306742611,0.4446168693,0.0000000000
pl1s,2022-03-01,2022-03-02,2022-03-04,1,0.0446797125,1,0.4324201638,0.4467739451,0.0000000000
pl1s,2022-03-02,2022-03-03,2022-03-04,1,0.0327659454,1,0.3877826247,0.3924685333,0.0000000000
pl1s,2022-03-03,2022-03-04,2022-03-08,-1,-0.0320732338,0,0.4290903706,0.4426617627,-0.0000000000
pl1s,2022-03-04,2022-03-07,2022-03-08,-1,-0.0322523329,0,0.4365523573,0.4518871481,-0.0000000000
pl1s,2022-03-07,2022-03-08,2022-03-09,-1,0.0403451745,1,0.4290845836,0.4426546226,-0.0000000000
pl1s,2022-03-08,2022-03-09,2022-03-14,-1,0.0512172675,1,0.4399236994,0.4560664562,-0.0000000000
pl1s,2022-03-09,2022-03-10,2022-03-14,1,-0.0399587502,0,0.4692899259,0.4926687332,0.0000000000
pl1s,2022-03-10,2022-03-11,2022-03-14,1,-0.0339142223,0,0.4596707096,0.4806513778,0.0000000000
pl1s,2022-03-11,2022-03-14,2022-03-15,1,-0.0484813646,0,0.4682092960,0.4913180150,0.0000000000
pl1s,2022-03-14,2022-03-15,2022-03-18,1,0.0327737339,1,0.5342902559,0.5734011419,0.0072132758
pl1s,2022-03-15,2022-03-16,2022-03-21,1,0.0356623918,1,0.5540944184,0.5974334859,0.0099419393
pl1s,2022-03-16,2022-03-17,2022-03-28,1,-0.0376136049,0,0.5403002730,0.5807365401,0.0081566266
pl1s,2022-03-17,2022-03-18,2022-03-28,1,-0.0420640766,0,0.4967231982,0.5269407435,0.0000000000
pl1s,2022-03-18,2022-03-21,2022-03-28,1,-0.0505232254,0,0.4603273529,0.4814711730,0.0000000000
pl1s,2022-03-24,2022-03-25,2022-03-29,1,-0.0320711075,0,0.4965373300,0.5267090292,0.0000000000
pl1s,2022-03-25,2022-03-28,2022-04-06,1,-0.0418161492,0,0.5127627809,0.5468823452,0.0000000000
pl1s,2022-03-28,2022-03-29,2022-04-12,1,-0.0065600891,0,0.5181654156,0.5535687669,0.0069269985
pl1s,2022-03-29,2022-03-30,2022-04-06,1,-0.0492347296,0,0.5461843206,0.5878838064,0.0108801273
pl1s,2022-04-04,2022-04-05,2022-04-18,1,0.0475611304,1,0.4859910623,0.5135456126,0.0000000000
pl1s,2022-04-05,2022-04-06,2022-04-13,1,0.0375809911,1,0.5298351806,0.5679424882,0.0098427638
pl1s,2022-04-06,2022-04-07,2022-04-13,1,0.0324530431,1,0.5496111618,0.5920295302,0.0137213101
pl1s,2022-04-07,2022-04-08,2022-04-18,1,0.0449953159,1,0.5376070374,0.5774535778,0.0111562182
pl1s,2022-04-08,2022-04-11,2022-04-18,1,0.0427428321,1,0.5199779407,0.5558077758,0.0083972266
pl1s,2022-04-11,2022-04-12,2022-04-18,-1,-0.0482807398,0,0.5063833976,0.5389654263,-0.0000000000
pl1s,2022-04-12,2022-04-13,2022-04-18,-1,-0.0307471612,0,0.4462031409,0.4638668816,-0.0000000000
pl1s,2022-04-13,2022-04-14,2022-04-22,-1,0.0695534217,1,0.4369162178,0.4523378945,-0.0000000000
pl1s,2022-04-14,2022-04-18,2022-04-19,1,-0.0316570333,0,0.3989493390,0.4058610062,0.0000000000
pl1s,2022-04-18,2022-04-19,2022-04-22,1,-0.0640059769,0,0.4129891768,0.4228977857,0.0000000000
pl1s,2022-04-19,2022-04-20,2022-04-22,1,-0.0622850675,0,0.4442748063,0.4614694118,0.0000000000
pl1s,2022-04-20,2022-04-21,2022-04-22,1,-0.0426404824,0,0.3751453410,0.3775061148,0.0000000000
pl1s,2022-04-21,2022-04-22,2022-05-03,1,0.0330889148,1,0.4225835810,0.4346492406,0.0000000000
pl1s,2022-04-22,2022-04-25,2022-04-29,1,0.0375193091,1,0.4499716339,0.4685569171,0.0000000000
pl1s,2022-04-27,2022-04-28,2022-04-29,1,0.0308015921,1,0.4017935350,0.4092954698,0.0000000000
pl1s,2022-04-28,2022-04-29,2022-05-04,1,0.0416900723,1,0.3885100199,0.3933362399,0.0000000000
pl1s,2022-04-29,2022-05-02,2022-05-04,-1,-0.0489535095,0,0.4009828854,0.4083156650,-0.0000000000
pl1s,2022-05-02,2022-05-03,2022-05-11,-1,-0.0320290158,0,0.4128431660,0.4227195856,-0.0000000000
pl1s,2022-05-05,2022-05-06,2022-05-11,1,0.0347449895,1,0.3710487033,0.3727038910,0.0000000000
pl1s,2022-05-06,2022-05-09,2022-05-11,1,0.0532200465,1,0.4402495991,0.4564707977,0.0000000000
pl1s,2022-05-09,2022-05-10,2022-05-11,1,0.0439926384,1,0.4538975890,0.4734488232,0.0000000000
pl1s,2022-05-10,2022-05-11,2022-05-12,1,-0.0608140720,0,0.4075003116,0.4162130421,0.0000000000
pl1s,2022-05-11,2022-05-12,2022-05-26,1,0.0064212549,1,0.4237066553,0.4360298891,0.0000000000
pl1s,2022-05-12,2022-05-13,2022-05-27,1,0.0131292914,1,0.5853753959,0.6344185293,0.0124475915
pl1s,2022-05-13,2022-05-16,2022-05-31,1,0.0454239474,1,0.5651405040,0.6106450411,0.0107390855
pl1s,2022-05-16,2022-05-17,2022-06-01,1,0.0546584125,1,0.5169452874,0.5520603143,0.0051225552
pl1s,2022-05-17,2022-05-18,2022-05-31,1,0.0463970782,1,0.4461034723,0.4637429232,0.0000000000
pl1s,2022-05-18,2022-05-19,2022-06-01,1,0.0437996268,1,0.5044699256,0.5365867540,0.0000000000
pl1s,2022-05-20,2022-05-23,2022-06-01,1,0.0473710592,1,0.4897796491,0.5182774890,0.0000000000
pl1s,2022-05-24,2022-05-25,2022-05-31,1,0.0411103421,1,0.4556445330,0.4756272855,0.0000000000
pl1s,2022-05-25,2022-05-26,2022-06-01,1,0.0610386979,1,0.5374099747,0.5772130925,0.0090247865
pl1s,2022-05-26,2022-05-27,2022-06-01,1,0.0550825008,1,0.5531033289,0.5962408485,0.0117413564
pl1s,2022-05-27,2022-05-31,2022-06-02,1,0.0602175188,1,0.5113277775,0.5451034041,0.0000000000
pl1s,2022-05-31,2022-06-01,2022-06-06,1,0.0331652978,1,0.5903804080,0.6402040608,0.0163010963
pl1s,2022-06-01,2022-06-02,2022-06-09,1,-0.0523993532,0,0.5868488700,0.6361259087,0.0154879982
pl1s,2022-06-03,2022-06-06,2022-06-09,1,-0.0539539591,0,0.5523153172,0.5952917739,0.0114648290
pl1s,2022-06-09,2022-06-10,2022-06-13,1,-0.0406718170,0,0.5579891515,0.6021089770,0.0119945727
pl1s,2022-06-10,2022-06-13,2022-06-27,1,-0.0355714248,0,0.5597240477,0.6041857302,0.0111129384
pl1s,2022-06-13,2022-06-14,2022-06-16,1,0.0434056749,1,0.5854132767,0.6344624659,0.0145871135
pl1s,2022-06-14,2022-06-15,2022-06-30,1,-0.0328471686,0,0.5555184215,0.5991450554,0.0108615337
rb1s,2021-10-21,2021-10-22,2021-11-03,1,-0.0324380046,0,0.4602000897,0.4784153483,0.0000000000
rb1s,2021-10-22,2021-10-25,2021-10-27,1,-0.0263396895,0,0.3984136006,0.4716767920,0.0000000000
rb1s,2021-10-25,2021-10-26,2021-10-27,1,-0.0281802179,0,0.3852376823,0.4702410510,0.0000000000
rb1s,2021-10-26,2021-10-27,2021-11-02,1,0.0293645435,1,0.3847676983,0.4701898472,0.0000000000
rb1s,2021-10-27,2021-10-28,2021-11-02,1,0.0379334304,1,0.4409995739,0.4763203454,0.0000000000
rb1s,2021-10-28,2021-10-29,2021-11-02,1,0.0333654744,1,0.3869921590,0.4704322032,0.0000000000
rb1s,2021-10-29,2021-11-01,2021-11-03,1,-0.0298265497,0,0.4070815395,0.4726215688,0.0000000000
rb1s,2021-11-01,2021-11-02,2021-11-03,1,-0.0466191410,0,0.4333281747,0.4754835340,0.0000000000
rb1s,2021-11-02,2021-11-03,2021-11-17,1,-0.0252026845,0,0.4271046177,0.4748047571,0.0000000000
rb1s,2021-11-03,2021-11-04,2021-11-09,1,0.0353951003,1,0.4568650862,0.4780514035,0.0000000000
rb1s,2021-11-04,2021-11-05,2021-11-19,1,-0.0481031672,0,0.4919678423,0.4818832179,0.0000000000
rb1s,2021-11-05,2021-11-08,2021-11-19,1,-0.0486631373,0,0.4950737788,0.4822223709,0.0000000000
rb1s,2021-11-08,2021-11-09,2021-11-10,1,-0.0333906543,0,0.5111755348,0.4839808595,0.0000000000
rb1s,2021-11-09,2021-11-10,2021-11-19,-1,0.0378391159,1,0.5219000928,0.4851523218,-0.0000000000
rb1s,2021-11-10,2021-11-11,2021-11-19,-1,0.0467665853,1,0.5020589002,0.4829851714,-0.0000000000
rb1s,2021-11-11,2021-11-12,2021-11-19,-1,0.0440015268,1,0.4958500346,0.4823071368,-0.0000000000
rb1s,2021-11-12,2021-11-15,2021-11-19,-1,0.0515012396,1,0.5141579708,0.4843066191,-0.0000000000
rb1s,2021-11-15,2021-11-16,2021-11-19,1,-0.0604357868,0,0.5323565558,0.4862946568,0.0000000000
rb1s,2021-11-16,2021-11-17,2021-11-19,1,-0.0304551398,0,0.5212001494,0.4850758606,0.0000000000
rb1s,2021-11-17,2021-11-18,2021-11-19,1,-0.0365759126,0,0.5155236671,0.4844557931,0.0000000000
rb1s,2021-11-18,2021-11-19,2021-11-23,1,0.0547575463,1,0.5441275909,0.4875807753,0.0000000000
rb1s,2021-11-19,2021-11-22,2021-11-26,1,-0.1063039902,0,0.6149873972,0.4953258827,0.0000000000
rb1s,2021-11-22,2021-11-23,2021-11-26,1,-0.1397773056,0,0.5304844184,0.4860901209,0.0000000000
rb1s,2021-11-23,2021-11-24,2021-11-26,1,-0.1343197852,0,0.4532949508,0.4776618249,0.0000000000
rb1s,2021-11-24,2021-11-26,2021-12-07,1,0.0582850993,1,0.4854860546,0.4811754925,0.0000000000
rb1s,2021-11-26,2021-11-29,2021-12-13,1,0.0402512473,1,0.4907684708,0.4817522568,0.0000000000
rb1s,2021-11-29,2021-11-30,2021-12-07,1,0.0791978271,1,0.4935900678,0.4820603549,0.0000000000
rb1s,2021-11-30,2021-12-01,2021-12-07,1,0.0735440286,1,0.4433334935,0.4765749606,0.0000000000
rb1s,2021-12-01,2021-12-02,2021-12-08,1,0.0879045772,1,0.4551192450,0.4778608913,0.0000000000
rb1s,2021-12-02,2021-12-03,2021-12-07,1,0.0726218985,1,0.4812584724,0.4807139371,0.0000000000
rb1s,2021-12-03,2021-12-06,2021-12-16,1,0.0637490452,1,0.5027830382,0.4830642544,0.0000000000
rb1s,2021-12-06,2021-12-07,2021-12-21,1,0.0245532291,1,0.5297175368,0.4860063385,0.0000000000
rb1s,2021-12-07,2021-12-08,2021-12-22,1,0.0110947035,1,0.5148699753,0.4843843905,0.0000000000
rb1s,2021-12-08,2021-12-09,2021-12-23,1,0.0380299802,1,0.5322272935,0.4862805344,0.0000000000
rb1s,2021-12-09,2021-12-10,2021-12-27,1,0.0461286463,1,0.5988568759,0.4935624560,0.0000000000
rb1s,2021-12-10,2021-12-13,2021-12-27,1,0.0558614266,1,0.6181928149,0.4956763218,0.0000000000
rb1s,2021-12-13,2021-12-14,2021-12-27,1,0.0585581847,1,0.6188961018,0.4957532107,0.0000000000
rb1s,2021-12-14,2021-12-15,2021-12-27,1,0.0506776273,1,0.6145061210,0.4952732666,0.0000000000
rb1s,2021-12-15,2021-12-16,2021-12-30,1,0.0542920588,1,0.5875148804,0.4923226155,0.0000000000
rb1s,2021-12-16,2021-12-17,2021-12-27,1,0.0534075536,1,0.5814516651,0.4916598581,0.0000000000
rb1s,2021-12-17,2021-12-20,2021-12-23,1,0.0562364380,1,0.6082100388,0.4945849492,0.0000000000
rb1s,2021-12-20,2021-12-21,2021-12-28,1,0.0461045492,1,0.6142985156,0.4952505699,0.0000000000
rb1s,2021-12-21,2021-12-22,2021-12-29,1,0.0458605500,1,0.5904599289,0.4926445425,0.0000000000
rb1s,2021-12-22,2021-12-23,2022-01-06,1,0.0448207058,1,0.5790163338,0.4913936653,0.0000000000
rb1s,2021-12-23,2021-12-27,2022-01-10,1,0.0199749204,1,0.5504388395,0.4882704194,0.0000000000
rb1s,2021-12-27,2021-12-28,2022-01-11,1,0.0484084606,1,0.5780926148,0.4912926999,0.0000000000
rb1s,2021-12-28,2021-12-29,2022-01-11,1,0.0392784057,1,0.5818321591,0.4917014483,0.0000000000
rb1s,2021-12-29,2021-12-30,2022-01-12,1,0.0424650528,1,0.5645840303,0.4898162537,0.0000000000
rb1s,2021-12-30,2021-12-31,2022-01-06,-1,-0.0351998179,0,0.5009397944,0.4828629556,-0.0000000000
rb1s,2021-12-31,2022-01-03,2022-01-11,1,0.0437443763,1,0.5723275168,0.4906625726,0.0000000000
rb1s,2022-01-03,2022-01-04,2022-01-11,1,0.0350079991,1,0.4766736722,0.4802134188,0.0000000000
rb1s,2022-01-04,2022-01-05,2022-01-12,1,0.0421596090,1,0.4664877602,0.4791015761,0.0000000000
rb1s,2022-01-05,2022-01-06,2022-01-12,1,0.0368510953,1,0.5178155914,0.4847061446,0.0000000000
rb1s,2022-01-06,2022-01-07,2022-01-12,1,0.0391972902,1,0.5348742584,0.4865697296,0.0000000000
rb1s,2022-01-07,2022-01-10,2022-01-11,1,0.0354034557,1,0.5249738634,0.4854881058,0.0000000000
rb1s,2022-01-10,2022-01-11,2022-01-18,1,0.0310724064,1,0.5215003572,0.4851086549,0.0000000000
rb1s,2022-01-11,2022-01-12,2022-01-26,1,0.0522226306,1,0.5167426086,0.4845889396,0.0000000000
rb1s,2022-01-12,2022-01-13,2022-01-20,1,0.0322335638,1,0.4543304629,0.4777748188,0.0000000000
rb1s,2022-01-13,2022-01-14,2022-01-26,1,0.0404964364,1,0.4588685985,0.4782700416,0.0000000000
rb1s,2022-01-14,2022-01-18,2022-01-26,-1,-0.0352189446,0,0.4629904340,0.4787198728,-0.0000000000
rb1s,2022-01-18,2022-01-19,2022-01-28,-1,-0.0307186046,0,0.3910672919,0.4708762270,-0.0000000000
rb1s,2022-01-19,2022-01-20,2022-01-28,1,0.0286044387,1,0.3878538081,0.4705260841,0.0000000000
rb1s,2022-01-20,2022-01-21,2022-01-26,1,0.0308695059,1,0.4183735234,0.4738526511,0.0000000000
rb1s,2022-01-21,2022-01-24,2022-01-26,-1,-0.0491845829,0,0.4561976813,0.4779785732,-0.0000000000
rb1s,2022-01-24,2022-01-25,2022-01-28,1,0.0301192643,1,0.5021208196,0.4829919335,0.0000000000
rb1s,2022-01-25,2022-01-26,2022-02-02,1,0.0326721971,1,0.5053762405,0.4833474649,0.0000000000
rb1s,2022-01-26,2022-01-27,2022-02-02,1,0.0335444857,1,0.4328011084,0.4754260456,0.0000000000
rb1s,2022-01-27,2022-01-28,2022-02-03,1,0.0404641546,1,0.4150374099,0.4734889053,0.0000000000
rb1s,2022-01-28,2022-01-31,2022-02-03,1,0.0339837594,1,0.4186598026,0.4738838662,0.0000000000
rb1s,2022-01-31,2022-02-01,2022-02-04,1,0.0393297344,1,0.4138776609,0.4733624612,0.0000000000
rb1s,2022-02-01,2022-02-02,2022-02-04,1,0.0270568013,1,0.4076735628,0.4726861046,0.0000000000
rb1s,2022-02-02,2022-02-03,2022-02-11,1,0.0356457193,1,0.4154591966,0.4735348923,0.0000000000
rb1s,2022-02-03,2022-02-04,2022-02-14,1,0.0369781415,1,0.3692019252,0.4684943483,0.0000000000
rb1s,2022-02-04,2022-02-07,2022-02-14,1,0.0344426239,1,0.3636625171,0.4678911428,0.0000000000
rb1s,2022-02-07,2022-02-08,2022-02-11,1,0.0423278506,1,0.3661219683,0.4681589495,0.0000000000
rb1s,2022-02-08,2022-02-09,2022-02-11,-1,-0.0316050036,0,0.3993984253,0.4717841245,-0.0000000000
rb1s,2022-02-09,2022-02-10,2022-02-11,1,0.0270927004,1,0.3970083820,0.4715236467,0.0000000000
rb1s,2022-02-10,2022-02-11,2022-02-15,1,-0.0257055042,0,0.4253998331,0.4746188396,0.0000000000
rb1s,2022-02-11,2022-02-14,2022-02-15,1,-0.0404937408,0,0.3582572473,0.4673026345,0.0000000000
rb1s,2022-02-14,2022-02-15,2022-02-24,-1,-0.0344843044,0,0.3510878951,0.4665221992,-0.0000000000
rb1s,2022-02-15,2022-02-16,2022-02-28,1,0.0369625566,1,0.4596943063,0.4783601513,0.0000000000
rb1s,2022-02-16,2022-02-17,2022-02-24,1,0.0421944425,1,0.4424512434,0.4764787115,0.0000000000
rb1s,2022-02-17,2022-02-18,2022-02-24,1,0.0365238560,1,0.4442837393,0.4766786296,0.0000000000
rb1s,2022-02-18,2022-02-22,2022-03-01,1,0.0789236618,1,0.4645952335,0.4788950199,0.0000000000
rb1s,2022-02-22,2022-02-23,2022-03-01,1,0.0713498512,1,0.5009483493,0.4828638898,0.0000000000
rb1s,2022-02-23,2022-02-24,2022-03-01,1,0.0573660236,1,0.4098368661,0.4729219317,0.0000000000
rb1s,2022-02-24,2022-02-25,2022-03-01,1,0.0720107092,1,0.4113179415,0.4730833944,0.0000000000
rb1s,2022-02-25,2022-02-28,2022-03-01,1,0.0518949891,1,0.4413799845,0.4763618449,0.0000000000
rb1s,2022-02-28,2022-03-01,2022-03-02,1,0.0686841721,1,0.4384994553,0.4760476127,0.0000000000
rb1s,2022-03-01,2022-03-02,2022-03-04,1,0.0688215703,1,0.3736099167,0.4689744158,0.0000000000
rb1s,2022-03-02,2022-03-03,2022-03-04,-1,-0.0760720464,0,0.3099464336,0.4620469396,-0.0000000000
rb1s,2022-03-03,2022-03-04,2022-03-09,-1,0.0732141197,1,0.3245643603,0.4636363763,-0.0000000000
rb1s,2022-03-04,2022-03-07,2022-03-09,-1,0.0811117448,1,0.2478856581,0.4553079159,-0.0000000000
rb1s,2022-03-07,2022-03-08,2022-03-09,-1,0.1115771113,1,0.2728232202,0.4580139968,-0.0000000000
rb1s,2022-03-08,2022-03-09,2022-03-15,-1,0.0940631579,1,0.3063477885,0.4616557687,-0.0000000000
rb1s,2022-03-09,2022-03-10,2022-03-23,-1,-0.0855663153,0,0.3846621638,0.4701783495,-0.0000000000
rb1s,2022-03-10,2022-03-11,2022-03-15,-1,0.0996036741,1,0.4289257643,0.4750033723,-0.0000000000
rb1s,2022-03-11,2022-03-14,2022-03-23,-1,-0.0817089687,0,0.4358002548,0.4757531786,-0.0000000000
rb1s,2022-03-14,2022-03-15,2022-03-18,-1,-0.0772241357,0,0.4437170252,0.4766168025,-0.0000000000
rb1s,2022-03-15,2022-03-16,2022-03-18,1,0.0807659732,1,0.4574587568,0.4781161884,0.0000000000
rb1s,2022-03-16,2022-03-17,2022-03-31,1,-0.0150376234,0,0.4607263278,0.4784727782,0.0000000000
rb1s,2022-03-17,2022-03-18,2022-04-01,-1,0.0210907928,1,0.4136063592,0.4733328824,-0.0000000000
rb1s,2022-03-18,2022-03-21,2022-04-04,-1,0.0472313737,1,0.3960289013,0.4714169029,-0.0000000000
rb1s,2022-03-21,2022-03-22,2022-04-05,-1,0.0454618814,1,0.3939926881,0.4711950047,-0.0000000000
rb1s,2022-03-22,2022-03-23,2022-03-29,-1,0.0736514194,1,0.4201164483,0.4740426981,-0.0000000000
rb1s,2022-03-23,2022-03-24,2022-03-31,-1,0.0668981552,1,0.4058816598,0.4724907740,-0.0000000000
rb1s,2022-03-24,2022-03-25,2022-03-28,-1,0.0724327074,1,0.4081776139,0.4727410514,-0.0000000000
rb1s,2022-03-25,2022-03-28,2022-04-11,-1,0.0623175155,1,0.4257614932,0.4746582803,-0.0000000000
rb1s,2022-03-28,2022-03-29,2022-04-12,-1,0.0072348469,1,0.4255102477,0.4746308808,-0.0000000000
rb1s,2022-03-29,2022-03-30,2022-04-06,-1,0.0758978281,1,0.3794658178,0.4696122616,-0.0000000000
rb1s,2022-03-30,2022-03-31,2022-04-14,-1,-0.0706016987,0,0.4042422922,0.4723120783,-0.0000000000
rb1s,2022-03-31,2022-04-01,2022-04-14,1,0.0697768786,1,0.4124401054,0.4732057334,0.0000000000
rb1s,2022-04-01,2022-04-04,2022-04-11,1,-0.0629117950,0,0.3927253089,0.4710568967,0.0000000000
rb1s,2022-04-04,2022-04-05,2022-04-14,1,0.0661683659,1,0.3837595789,0.4700800167,0.0000000000
rb1s,2022-04-05,2022-04-06,2022-04-13,1,0.0773877112,1,0.3931985500,0.4711084659,0.0000000000
rb1s,2022-04-06,2022-04-07,2022-04-13,1,0.0794908994,1,0.4258276544,0.4746654955,0.0000000000
rb1s,2022-04-07,2022-04-08,2022-04-14,1,0.0767457698,1,0.4127725478,0.4732419771,0.0000000000
rb1s,2022-04-08,2022-04-11,2022-04-13,1,0.0916375348,1,0.4545474919,0.4777985010,0.0000000000
rb1s,2022-04-11,2022-04-12,2022-04-14,1,0.0696817502,1,0.4719306828,0.4796956730,0.0000000000
rb1s,2022-04-12,2022-04-13,2022-04-28,1,0.0609108853,1,0.4125217092,0.4732146300,0.0000000000
rb1s,2022-04-13,2022-04-14,2022-04-29,1,0.0242191473,1,0.4152566644,0.4735128104,0.0000000000
rb1s,2022-04-14,2022-04-18,2022-05-02,-1,-0.0446711767,0,0.4796824680,0.4805418818,-0.0000000000
rb1s,2022-04-18,2022-04-19,2022-04-27,-1,-0.0562235518,0,0.4819209944,0.4807862672,-0.0000000000
rb1s,2022-04-19,2022-04-20,2022-04-28,-1,-0.0628877415,0,0.5204730204,0.4849964305,-0.0000000000
rb1s,2022-04-20,2022-04-21,2022-05-02,-1,-0.0564330403,0,0.4763769001,0.4801810218,-0.0000000000
rb1s,2022-04-21,2022-04-22,2022-04-28,-1,-0.0561824190,0,0.4922068594,0.4819093168,-0.0000000000
rb1s,2022-04-22,2022-04-25,2022-04-27,-1,-0.0581704793,0,0.4667729672,0.4791327051,-0.0000000000
rb1s,2022-04-25,2022-04-26,2022-04-28,1,0.0486031795,1,0.4886637420,0.4815224446,0.0000000000
rb1s,2022-04-26,2022-04-27,2022-05-04,-1,-0.0676189484,0,0.4510892517,0.4774211492,-0.0000000000
rb1s,2022-04-27,2022-04-28,2022-05-04,-1,-0.0495036672,0,0.4677663880,0.4792411335,-0.0000000000
rb1s,2022-04-28,2022-04-29,2022-05-04,-1,-0.0591882033,0,0.4693917049,0.4794185354,-0.0000000000
rb1s,2022-04-29,2022-05-02,2022-05-05,-1,-0.0414633651,0,0.4709136728,0.4795846616,-0.0000000000
rb1s,2022-05-02,2022-05-03,2022-05-04,-1,-0.0422513384,0,0.4830923729,0.4809141531,-0.0000000000
rb1s,2022-05-03,2022-05-04,2022-05-13,-1,-0.0803312092,0,0.3954190191,0.4713504392,-0.0000000000
rb1s,2022-05-04,2022-05-05,2022-05-13,-1,-0.0785804223,0,0.4444433244,0.4766960401,-0.0000000000
rb1s,2022-05-05,2022-05-06,2022-05-10,-1,0.0596025988,1,0.4327649659,0.4754221035,-0.0000000000
rb1s,2022-05-06,2022-05-09,2022-05-12,-1,-0.0403089438,0,0.4068218119,0.4725932565,-0.0000000000
rb1s,2022-05-09,2022-05-10,2022-05-12,-1,-0.0682641013,0,0.4186751557,0.4738855402,-0.0000000000
rb1s,2022-05-10,2022-05-11,2022-05-13,1,0.0712821131,1,0.4421890894,0.4764501122,0.0000000000
rb1s,2022-05-11,2022-05-12,2022-05-16,1,0.0591885686,1,0.4840831286,0.4810223214,0.0000000000
rb1s,2022-05-12,2022-05-13,2022-05-18,-1,0.0618033699,1,0.4814682427,0.4807368384,-0.0000000000
rb1s,2022-05-13,2022-05-16,2022-05-18,-1,0.0781180909,1,0.4752526674,0.4800582971,-0.0000000000
rb1s,2022-05-16,2022-05-17,2022-05-18,-1,0.0577271573,1,0.4802299866,0.4806016549,-0.0000000000
rb1s,2022-05-17,2022-05-18,2022-05-26,-1,-0.0582597766,0,0.4949346608,0.4822071796,-0.0000000000
rb1s,2022-05-18,2022-05-19,2022-05-27,-1,-0.0598602780,0,0.4290935069,0.4750216668,-0.0000000000
rb1s,2022-05-19,2022-05-20,2022-05-27,-1,-0.0584780359,0,0.4681328158,0.4792811283,-0.0000000000
rb1s,2022-05-20,2022-05-23,2022-05-27,-1,-0.0610560906,0,0.4438361686,0.4766298007,-0.0000000000
rb1s,2022-05-23,2022-05-24,2022-05-27,-1,-0.0584780359,0,0.4266819248,0.4747586591,-0.0000000000
rb1s,2022-05-24,2022-05-25,2022-05-27,-1,-0.0488758038,0,0.4281329096,0.4749169021,-0.0000000000
rb1s,2022-05-25,2022-05-26,2022-06-01,1,0.0710369783,1,0.4152846251,0.4735158589,0.0000000000
rb1s,2022-05-26,2022-05-27,2022-06-01,1,0.0400128531,1,0.4119602502,0.4731534189,0.0000000000
rb1s,2022-05-27,2022-05-31,2022-06-02,-1,-0.0677937121,0,0.4086353461,0.4727909495,-0.0000000000
rb1s,2022-05-31,2022-06-01,2022-06-03,-1,-0.0434004535,0,0.4306004170,0.4751860178,-0.0000000000
rb1s,2022-06-01,2022-06-02,2022-06-14,-1,0.0481723497,1,0.4152815808,0.4735155270,-0.0000000000
rb1s,2022-06-02,2022-06-03,2022-06-13,-1,0.0523558478,1,0.4562166465,0.4779806428,-0.0000000000
rb1s,2022-06-03,2022-06-06,2022-06-14,-1,0.0486733103,1,0.3873232946,0.4704682818,-0.0000000000
rb1s,2022-06-06,2022-06-07,2022-06-14,-1,0.0402188782,1,0.3934320610,0.4711339119,-0.0000000000
rb1s,2022-06-07,2022-06-08,2022-06-13,-1,0.0452046151,1,0.4128258607,0.4732477894,-0.0000000000
rb1s,2022-06-08,2022-06-09,2022-06-13,-1,0.0579841164,1,0.4348873517,0.4756536012,-0.0000000000
rb1s,2022-06-09,2022-06-10,2022-06-14,-1,0.0437003166,1,0.4315308254,0.4752874954,-0.0000000000
rb1s,2022-06-10,2022-06-13,2022-06-15,-1,0.0355923820,1,0.4908118861,0.4817569974,-0.0000000000
rb1s,2022-06-13,2022-06-14,2022-06-17,1,-0.0515858957,0,0.5325181111,0.4863123073,0.0000000000
rb1s,2022-06-14,2022-06-15,2022-06-30,1,-0.0688271702,0,0.4662970983,0.4790807663,0.0000000000
si1s,2021-10-21,2021-10-22,2021-11-02,-1,0.0392910669,1,0.6570820391,0.5352296898,-0.0000000000
si1s,2021-10-22,2021-10-25,2021-11-02,-1,0.0451229383,1,0.6468310102,0.5341356176,-0.0000000000
si1s,2021-10-25,2021-10-26,2021-11-03,-1,0.0362261985,1,0.6888585191,0.5386189312,-0.0000000000
si1s,2021-10-26,2021-10-27,2021-11-02,-1,0.0286824145,1,0.6565818542,0.5351763138,-0.0000000000
si1s,2021-10-27,2021-10-28,2021-11-03,-1,0.0375537794,1,0.6596166187,0.5355001487,-0.0000000000
si1s,2021-10-28,2021-10-29,2021-11-03,-1,0.0304389761,1,0.7751667278,0.5478055734,-0.0000000000
si1s,2021-10-29,2021-11-01,2021-11-03,-1,0.0356032875,1,0.7974297241,0.5501702247,-0.0090419989
si1s,2021-11-01,2021-11-02,2021-11-05,-1,-0.0272759446,0,0.6504958554,0.5345267976,-0.0000000000
si1s,2021-11-02,2021-11-03,2021-11-04,1,0.0288510116,1,0.4430424972,0.5123311860,0.0000000000
si1s,2021-11-03,2021-11-04,2021-11-08,1,0.0260473311,1,0.1795436596,0.4840803757,0.0000000000
si1s,2021-11-04,2021-11-05,2021-11-11,1,0.0462697268,1,0.1511902375,0.4810433467,0.0000000000
si1s,2021-11-05,2021-11-08,2021-11-11,1,0.0304579844,1,0.2789807091,0.4947392234,0.0000000000
si1s,2021-11-08,2021-11-09,2021-11-11,-1,-0.0396271034,0,0.2648460580,0.4932235863,-0.0000000000
si1s,2021-11-09,2021-11-10,2021-11-23,-1,0.0554833510,1,0.4488582294,0.5129544901,-0.0000000000
si1s,2021-11-10,2021-11-11,2021-11-22,1,-0.0404910337,0,0.3309512128,0.5003125587,0.0000000000
si1s,2021-11-11,2021-11-12,2021-11-22,-1,0.0422680405,1,0.4611939702,0.5142764436,-0.0000000000
si1s,2021-11-12,2021-11-15,2021-11-22,-1,0.0327141430,1,0.4913442962,0.5175066104,-0.0000000000
si1s,2021-11-15,2021-11-16,2021-11-22,-1,0.0262804261,1,0.4766308415,0.5159304448,-0.0000000000
si1s,2021-11-16,2021-11-17,2021-11-22,-1,0.0351807256,1,0.3418987332,0.5014866113,-0.0000000000
si1s,2021-11-17,2021-11-18,2021-11-23,-1,0.0606371723,1,0.2920752116,0.4961434138,-0.0000000000
si1s,2021-11-18,2021-11-19,2021-11-23,-1,0.0558465983,1,0.1366144623,0.4794826178,-0.0000000000
si1s,2021-11-19,2021-11-22,2021-11-23,-1,0.0361222547,1,0.1325995672,0.4790527844,-0.0000000000
si1s,2021-11-22,2021-11-23,2021-11-29,-1,0.0276212971,1,0.1743368217,0.4835225592,-0.0000000000
si1s,2021-11-23,2021-11-24,2021-11-29,1,-0.0294925234,0,0.1825199762,0.4843992509,0.0000000000
si1s,2021-11-24,2021-11-26,2021-12-01,-1,0.0350125932,1,0.0633269098,0.4716418986,-0.0000000000
si1s,2021-11-26,2021-11-29,2021-12-06,1,-0.0261125338,0,0.3618347628,0.5036245736,0.0000000000
si1s,2021-11-29,2021-11-30,2021-12-09,1,-0.0357850266,0,0.4108383237,0.5088790461,0.0000000000
si1s,2021-11-30,2021-12-01,2021-12-15,1,-0.0361902589,0,0.2722082244,0.4940130064,0.0000000000
si1s,2021-12-01,2021-12-02,2021-12-15,1,-0.0351601393,0,0.1615011105,0.4821476282,0.0000000000
si1s,2021-12-02,2021-12-03,2021-12-15,1,-0.0425267381,0,0.1126641588,0.4769189772,0.0000000000
si1s,2021-12-03,2021-12-06,2021-12-15,1,-0.0327823365,0,0.1081373388,0.4764345589,0.0000000000
si1s,2021-12-06,2021-12-07,2021-12-14,1,-0.0269550820,0,0.3321774704,0.5004440676,0.0000000000
si1s,2021-12-07,2021-12-08,2021-12-15,1,-0.0403447405,0,0.3906416027,0.5067135970,0.0000000000
si1s,2021-12-08,2021-12-09,2021-12-22,1,0.0359603345,1,0.5720021673,0.5261399955,0.0000000000
si1s,2021-12-09,2021-12-10,2021-12-15,1,-0.0297232683,0,0.6259858541,0.5319098528,0.0000000000
si1s,2021-12-10,2021-12-13,2021-12-15,1,-0.0356977256,0,0.6740846728,0.5370435952,0.0000000000
si1s,2021-12-13,2021-12-14,2021-12-16,1,0.0252664922,1,0.7225425422,0.5422077281,0.0000000000
si1s,2021-12-14,2021-12-15,2021-12-16,1,0.0427046490,1,0.8681079797,0.5576617654,0.0109540158
si1s,2021-12-15,2021-12-16,2021-12-28,1,0.0278928756,1,0.8799495679,0.5589144466,0.0078033956
si1s,2021-12-16,2021-12-17,2021-12-31,1,0.0357017327,1,0.8246349578,0.5530567275,0.0073600588
si1s,2021-12-17,2021-12-20,2021-12-23,1,0.0286991029,1,0.9013656503,0.5611780666,0.0087762409
si1s,2021-12-20,2021-12-21,2021-12-31,1,0.0358792659,1,0.9610594179,0.5674738221,0.0099194277
si1s,2021-12-21,2021-12-22,2022-01-06,1,-0.0279517846,0,0.9683986090,0.5682464087,0.0102275816
si1s,2021-12-22,2021-12-23,2022-01-06,1,-0.0332403747,0,0.9424029425,0.5655084107,0.0102582222
si1s,2021-12-23,2021-12-27,2022-01-06,1,-0.0353741041,0,0.9073108022,0.5618060055,0.0101484997
si1s,2021-12-28,2021-12-29,2022-01-06,-1,0.0296594289,1,0.5977182775,0.5288895378,-0.0000000000
si1s,2021-12-30,2021-12-31,2022-01-06,-1,0.0510408963,1,0.5695662449,0.5258794642,-0.0000000000
si1s,2021-12-31,2022-01-03,2022-01-06,-1,0.0275572996,1,0.7802694813,0.5483477540,-0.0000000000
si1s,2022-01-03,2022-01-04,2022-01-06,1,-0.0382843026,0,0.7640820951,0.5466274135,0.0000000000
si1s,2022-01-04,2022-01-05,2022-01-06,1,-0.0432166014,0,0.7867289168,0.5490339209,0.0000000000
si1s,2022-01-05,2022-01-06,2022-01-11,1,0.0276449760,1,0.7742030656,0.5477031690,0.0000000000
si1s,2022-01-06,2022-01-07,2022-01-12,1,0.0349912935,1,0.8361285994,0.5542751520,0.0074580125
si1s,2022-01-07,2022-01-10,2022-01-12,1,0.0326289657,1,0.5443158346,0.5231780305,0.0000000000
si1s,2022-01-10,2022-01-11,2022-01-18,1,0.0293732248,1,0.5569449895,0.5245293493,0.0000000000
si1s,2022-01-11,2022-01-12,2022-01-19,1,0.0431788478,1,0.5674963124,0.5256580657,0.0000000000
si1s,2022-01-12,2022-01-13,2022-01-19,1,0.0451198008,1,0.6111510558,0.5303250717,0.0000000000
si1s,2022-01-13,2022-01-14,2022-01-19,1,0.0557101782,1,0.7481334430,0.5449313547,0.0000000000
si1s,2022-01-14,2022-01-18,2022-01-19,1,0.0309728677,1,0.5955806279,0.5286610468,0.0000000000
si1s,2022-01-18,2022-01-19,2022-01-27,1,-0.0663257097,0,0.7326048707,0.5432789668,0.0000000000
si1s,2022-01-19,2022-01-20,2022-01-24,-1,0.0377652263,1,0.7727421696,0.5475479180,-0.0000000000
si1s,2022-01-20,2022-01-21,2022-01-27,-1,0.0699919610,1,0.7534416510,0.5454959736,-0.0000000000
si1s,2022-01-21,2022-01-24,2022-01-27,-1,0.0483784845,1,0.8606944980,0.5568771439,-0.0074964643
si1s,2022-01-24,2022-01-25,2022-01-27,1,-0.0524039850,0,0.7227164235,0.5422262429,0.0000000000
si1s,2022-01-25,2022-01-26,2022-01-27,1,-0.0486725586,0,0.6125743197,0.5304771441,0.0000000000
si1s,2022-01-26,2022-01-27,2022-02-09,-1,-0.0289043751,0,0.5121642999,0.5197363321,-0.0000000000
si1s,2022-01-27,2022-01-28,2022-02-07,-1,-0.0341615962,0,0.7064133120,0.5404897948,-0.0000000000
si1s,2022-01-28,2022-01-31,2022-02-07,1,0.0300447065,1,0.5063123590,0.5191096931,0.0000000000
si1s,2022-01-31,2022-02-01,2022-02-09,1,0.0324828279,1,0.5510050829,0.5238938232,0.0000000000
si1s,2022-02-02,2022-02-03,2022-02-07,-1,-0.0308488531,0,0.1475017161,0.4806483550,-0.0000000000
si1s,2022-02-03,2022-02-04,2022-02-08,1,0.0317486979,1,0.2374500531,0.4902863340,0.0000000000
si1s,2022-02-04,2022-02-07,2022-02-14,-1,-0.0329072393,0,0.1169882319,0.4773817400,-0.0000000000
si1s,2022-02-07,2022-02-08,2022-02-17,-1,-0.0286796078,0,0.0890287775,0.4743902370,-0.0000000000
si1s,2022-02-08,2022-02-09,2022-02-22,-1,-0.0407174512,0,0.1474943530,0.4806475666,-0.0000000000
si1s,2022-02-09,2022-02-10,2022-02-22,-1,-0.0329927691,0,0.0946731357,0.4749940102,-0.0000000000
si1s,2022-02-10,2022-02-11,2022-02-22,-1,-0.0395185643,0,0.1149093953,0.4771592578,-0.0000000000
si1s,2022-02-11,2022-02-14,2022-02-23,-1,-0.0291154799,0,0.2570716738,0.4923900023,-0.0000000000
si1s,2022-02-14,2022-02-15,2022-02-18,-1,-0.0274661282,0,0.1830761860,0.4844588433,-0.0000000000
si1s,2022-02-15,2022-02-16,2022-02-22,-1,-0.0294703687,0,0.2577209840,0.4924596210,-0.0000000000
si1s,2022-02-16,2022-02-17,2022-02-23,-1,-0.0279839502,0,0.1913334988,0.4853435836,-0.0000000000
si1s,2022-02-17,2022-02-18,2022-02-24,-1,-0.0276382756,0,0.3550872837,0.5029009773,-0.0000000000
si1s,2022-02-18,2022-02-22,2022-03-01,-1,-0.0475067792,0,0.4215119440,0.5100233193,-0.0000000000
si1s,2022-02-22,2022-02-23,2022-03-01,-1,-0.0376198653,0,0.3613609579,0.5035737635,-0.0000000000
si1s,2022-02-23,2022-02-24,2022-02-25,-1,0.0284461071,1,0.3184995189,0.4989771896,-0.0000000000
si1s,2022-02-24,2022-02-25,2022-03-01,-1,-0.0615230913,0,0.3712486121,0.5046340842,-0.0000000000
si1s,2022-02-25,2022-02-28,2022-03-01,1,0.0470962865,1,0.3614891702,0.5035875128,0.0000000000
si1s,2022-02-28,2022-03-01,2022-03-08,-1,-0.0516553912,0,0.2123348681,0.4875942031,-0.0000000000
si1s,2022-03-01,2022-03-02,2022-03-08,-1,-0.0654933049,0,0.2063403357,0.4869517415,-0.0000000000
si1s,2022-03-02,2022-03-03,2022-03-08,-1,-0.0646203236,0,0.4133983813,0.5091535078,-0.0000000000
si1s,2022-03-03,2022-03-04,2022-03-08,-1,-0.0419923510,0,0.1927078966,0.4854908542,-0.0000000000
si1s,2022-03-04,2022-03-07,2022-03-08,-1,-0.0446714967,0,0.2941536549,0.4963663020,-0.0000000000
si1s,2022-03-07,2022-03-08,2022-03-09,-1,0.0409459410,1,0.5017631319,0.5186225101,-0.0000000000
si1s,2022-03-09,2022-03-10,2022-03-14,-1,0.0371691933,1,0.3366244946,0.5009209837,-0.0000000000
si1s,2022-03-11,2022-03-14,2022-03-28,-1,0.0040400901,1,0.1442094460,0.4802958171,-0.0000000000
si1s,2022-03-15,2022-03-16,2022-03-17,-1,-0.0360091361,0,0.0242605894,0.4674678247,-0.0000000000
si1s,2022-03-17,2022-03-18,2022-04-01,-1,0.0174106253,1,0.0104461040,0.4659928633,-0.0000000000
si1s,2022-03-18,2022-03-21,2022-04-04,-1,0.0289782419,1,0.0581124386,0.4710845118,-0.0000000000
si1s,2022-03-22,2022-03-23,2022-04-06,-1,0.0294500301,1,0.0440859639,0.4695855514,-0.0000000000
si1s,2022-03-23,2022-03-24,2022-03-29,-1,0.0467551992,1,0.0899715882,0.4744910837,-0.0000000000
si1s,2022-03-24,2022-03-25,2022-03-29,-1,0.0349184440,1,0.1982085299,0.4860802878,-0.0000000000
si1s,2022-03-25,2022-03-28,2022-04-11,-1,0.0083295618,1,0.4123039081,0.5090361709,-0.0000000000
si1s,2022-03-28,2022-03-29,2022-04-12,-1,-0.0395922601,0,0.3674432168,0.5042260100,-0.0000000000
si1s,2022-03-29,2022-03-30,2022-04-13,-1,-0.0358640785,0,0.5587356468,0.5247209209,-0.0000000000
si1s,2022-03-30,2022-03-31,2022-04-13,-1,-0.0350679953,0,0.3315872669,0.5003807718,-0.0000000000
si1s,2022-03-31,2022-04-01,2022-04-12,-1,-0.0429127741,0,0.1813622752,0.4842752162,-0.0000000000
si1s,2022-04-01,2022-04-04,2022-04-12,1,0.0455120768,1,0.3921411275,0.5068743825,0.0000000000
si1s,2022-04-04,2022-04-05,2022-04-12,1,0.0477920217,1,0.3765236703,0.5051997482,0.0000000000
si1s,2022-04-05,2022-04-06,2022-04-12,1,0.0508945720,1,0.6265657398,0.5319717883,0.0000000000
si1s,2022-04-06,2022-04-07,2022-04-12,1,0.0396326885,1,0.8049809387,0.5509717634,0.0075907039
si1s,2022-04-07,2022-04-08,2022-04-12,1,0.0360812906,1,0.5451036136,0.5232623329,0.0000000000
si1s,2022-04-11,2022-04-12,2022-04-21,-1,0.0442521959,1,0.5861621943,0.5276541791,-0.0000000000
si1s,2022-04-12,2022-04-13,2022-04-20,1,-0.0295922257,0,0.5882947140,0.5278821739,0.0000000000
si1s,2022-04-13,2022-04-14,2022-04-21,-1,0.0428912546,1,0.5781143200,0.5267936510,-0.0000000000
si1s,2022-04-14,2022-04-18,2022-04-19,1,-0.0294544099,0,0.4766842041,0.5159361618,0.0000000000
si1s,2022-04-18,2022-04-19,2022-04-21,1,-0.0307950431,0,0.4533768497,0.5134387478,0.0000000000
si1s,2022-04-19,2022-04-20,2022-04-22,-1,0.0408698114,1,0.5087828331,0.5193742445,-0.0000000000
si1s,2022-04-21,2022-04-22,2022-04-26,-1,0.0304964356,1,0.1772804093,0.4838379053,-0.0000000000
si1s,2022-04-22,2022-04-25,2022-05-02,1,-0.0494983799,0,0.3379566714,0.5010638512,0.0000000000
si1s,2022-04-25,2022-04-26,2022-05-02,1,-0.0435812026,0,0.3440665878,0.5017190985,0.0000000000
si1s,2022-04-26,2022-04-27,2022-05-02,1,-0.0399714728,0,0.3093904962,0.4980003099,0.0000000000
si1s,2022-04-27,2022-04-28,2022-05-04,1,-0.0341827376,0,0.2180913261,0.4882111877,0.0000000000
si1s,2022-04-28,2022-04-29,2022-05-04,1,-0.0300328152,0,0.5535927694,0.5241706962,0.0000000000
si1s,2022-04-29,2022-05-02,2022-05-09,1,-0.0344147104,0,0.6831377183,0.5380090117,0.0000000000
si1s,2022-05-02,2022-05-03,2022-05-09,1,-0.0379949039,0,0.8977954399,0.5608008795,0.0102394970
si1s,2022-05-03,2022-05-04,2022-05-10,1,-0.0446384515,0,0.8549967392,0.5562739164,0.0098798565
si1s,2022-05-04,2022-05-05,2022-05-09,1,-0.0281517808,0,0.8303618569,0.5536639085,0.0097145692
si1s,2022-05-05,2022-05-06,2022-05-10,1,-0.0430748698,0,0.6071421242,0.5298966967,0.0000000000
si1s,2022-05-06,2022-05-09,2022-05-12,1,-0.0491729140,0,0.8073065562,0.5512185676,0.0093167211
si1s,2022-05-09,2022-05-10,2022-05-12,1,-0.0308577224,0,0.9425945763,0.5655286094,0.0121540421
si1s,2022-05-10,2022-05-11,2022-05-12,1,-0.0378811706,0,0.9880040195,0.5703086060,0.0128970922
si1s,2022-05-11,2022-05-12,2022-05-16,1,0.0367681520,1,0.9840406065,0.5698919083,0.0110540787
si1s,2022-05-12,2022-05-13,2022-05-17,1,0.0350437024,1,0.9900000000,0.5705184179,0.0108480159
si1s,2022-05-13,2022-05-16,2022-05-31,1,0.0063368938,1,0.9900000000,0.5705184179,0.0095897021
si1s,2022-05-16,2022-05-17,2022-06-01,1,0.0075575760,1,0.9761868133,0.5690658993,0.0095887692
si1s,2022-05-17,2022-05-18,2022-06-02,1,0.0333676180,1,0.9714538200,0.5685679290,0.0099346294
si1s,2022-05-18,2022-05-19,2022-06-03,1,0.0000000000,0,0.9748627289,0.5689266030,0.0098176163
si1s,2022-05-19,2022-05-20,2022-06-06,1,0.0191021664,1,0.9646676251,0.5678536944,0.0100274094
si1s,2022-05-20,2022-05-23,2022-06-07,1,0.0207291998,1,0.9726198555,0.5686906235,0.0105978550
si1s,2022-05-23,2022-05-24,2022-06-08,1,0.0014040811,1,0.9685975889,0.5682673505,0.0104517360
si1s,2022-05-24,2022-05-25,2022-06-09,1,-0.0024263520,0,0.9592430352,0.5672825631,0.0106876360
si1s,2022-05-25,2022-05-26,2022-06-10,1,-0.0015491159,0,0.9806464712,0.5695349835,0.0115071956
si1s,2022-05-26,2022-05-27,2022-06-13,1,-0.0388044353,0,0.9237941175,0.5635459651,0.0109187518
si1s,2022-05-27,2022-05-31,2022-06-02,-1,-0.0267058616,0,0.6148995417,0.5307255763,-0.0000000000
si1s,2022-05-31,2022-06-01,2022-06-13,1,-0.0305791722,0,0.6988310266,0.5396818663,0.0000000000
si1s,2022-06-01,2022-06-02,2022-06-13,-1,0.0468728126,1,0.5444670838,0.5231942162,-0.0000000000
si1s,2022-06-02,2022-06-03,2022-06-13,-1,0.0302597063,1,0.4979401324,0.5182130723,-0.0000000000
si1s,2022-06-03,2022-06-06,2022-06-13,-1,0.0386233913,1,0.4799701780,0.5162881972,-0.0000000000
si1s,2022-06-06,2022-06-07,2022-06-13,-1,0.0425086451,1,0.4266341798,0.5105724158,-0.0000000000
si1s,2022-06-07,2022-06-08,2022-06-13,-1,0.0387139174,1,0.5034772736,0.5188060841,-0.0000000000
si1s,2022-06-08,2022-06-09,2022-06-13,-1,0.0260973217,1,0.5255723928,0.5211718635,-0.0000000000
si1s,2022-06-09,2022-06-10,2022-06-13,1,-0.0313090000,0,0.4587663442,0.5140163035,0.0000000000
si1s,2022-06-10,2022-06-13,2022-06-16,1,0.0292093089,1,0.6665968615,0.5362448851,0.0000000000
si1s,2022-06-13,2022-06-14,2022-06-16,1,0.0434719110,1,0.4573884657,0.5138686491,0.0000000000
si1s,2022-06-14,2022-06-15,2022-06-28,1,-0.0275246914,0,0.5917245143,0.5282488408,0.0000000000
