auc_mean,auc_std,logloss_mean,logloss_std,brier_mean,brier_std,n_folds
0.5299850992014732,0.07955813504997233,1.0448575770530149,0.797590101568323,0.30460390118607633,0.08484249547072711,15
