instrument,auc_mean,auc_std,logloss,brier,n_events
hg1s,0.5085435677223117,0.0768604605488912,1.044857577053015,0.30460390118607633,3000
