date,y_true,p_hat_oof,instrument,ret,side
2020-01-30,1,0.5640621361453361,cl1s,0.0111238973491324,-1.0
2020-01-31,1,0.5499973520495879,cl1s,0.0281225755428984,-1.0
2020-02-05,1,0.5543997626748682,cl1s,0.0039408864996626,1.0
2020-02-06,0,0.5687359431336405,cl1s,-0.0123650637691031,1.0
2020-02-07,0,0.5804240429609694,cl1s,-0.0149046103529418,1.0
2020-02-10,1,0.5746130364090323,cl1s,0.0074641920469222,1.0
2020-02-11,1,0.5595180380875908,cl1s,0.0246295553308537,1.0
2020-02-12,1,0.5661264308905041,cl1s,0.0048856753152421,1.0
2020-02-13,1,0.5757519506339148,cl1s,0.0127758420168124,1.0
2020-02-14,0,0.5775092423968857,cl1s,-0.0005733944511078,1.0
2020-02-18,1,0.5622651839963793,cl1s,0.0229489382602785,1.0
2020-02-19,1,0.5634970646814177,cl1s,0.0072910828114676,1.0
2020-02-20,0,0.5664967874392709,cl1s,-0.0092798815739472,1.0
2020-02-21,0,0.5651395843556131,cl1s,-0.0365305357570812,1.0
2020-02-24,0,0.5578602470967857,cl1s,-0.0297491737546495,1.0
2020-02-25,0,0.5446757577463452,cl1s,-0.0234468934762105,1.0
2020-02-26,0,0.5663222125541406,cl1s,-0.0336548328684591,1.0
2020-02-27,0,0.533409411480642,cl1s,-0.0494797197345852,1.0
2020-02-28,1,0.5595538230581707,cl1s,0.0444593389650116,1.0
2020-03-18,1,0.7462767044521431,cl1s,0.2438790202528529,1.0
2020-03-20,1,0.7632112617502996,cl1s,0.0322580641588965,1.0
2020-03-23,1,0.7556009858375662,cl1s,0.0278253429608277,1.0
2020-03-24,1,0.7475196220138001,cl1s,0.0199916694557964,1.0
2020-03-26,0,0.7173782631347556,cl1s,-0.0482300887036148,1.0
2020-03-27,0,0.7045085671714728,cl1s,-0.0660158063128826,1.0
2020-03-30,1,0.7169447231065228,cl1s,0.0194126424441194,1.0
2020-04-21,1,0.7430768204636247,cl1s,0.1910112349982182,1.0
2020-04-22,1,0.7574440884816571,cl1s,0.1973875204287472,1.0
2020-04-23,1,0.750832316518214,cl1s,0.0266666667197459,1.0
2020-04-24,0,0.7604193778825508,cl1s,-0.2455726098613345,1.0
2020-04-27,0,0.755986845500037,cl1s,-0.0344287950886958,1.0
2020-04-28,1,0.7602313217736285,cl1s,0.2204213935133332,1.0
2020-04-29,1,0.7594075816402033,cl1s,0.250996016335923,1.0
2020-04-30,1,0.7655066306434062,cl1s,0.0498938425543686,1.0
2020-05-01,1,0.7644640919115497,cl1s,0.0308392311919354,1.0
2020-05-04,1,0.7661161976796461,cl1s,0.20451201729127,1.0
2020-05-05,0,0.7184600505889454,cl1s,-0.0232084689845918,1.0
2020-05-06,0,0.7263133150359444,cl1s,-0.0183409754452243,1.0
2020-05-07,1,0.7224887629263207,cl1s,0.0505307844037232,1.0
2020-05-08,0,0.7248757847100473,cl1s,-0.024252222234009,1.0
2020-05-11,1,0.6799866102509162,cl1s,0.067937033509752,1.0
2020-05-12,0,0.6742019283521885,cl1s,-0.0190069825569867,1.0
2020-05-13,1,0.6605846541280946,cl1s,0.0856697828478003,1.0
2020-05-14,1,0.6411170829983213,cl1s,0.0588235287081335,1.0
2020-05-19,1,0.5928069470304997,cl1s,0.0478723405143377,1.0
2020-05-27,1,0.5986579148404146,cl1s,0.0274306611972279,1.0
2020-05-28,1,0.5743166250947298,cl1s,0.0528033229422368,1.0
2020-06-04,1,0.5333101072484155,cl1s,0.0572039563551862,1.0
2020-06-05,0,0.5405962724637339,cl1s,-0.0343868523379732,1.0
2020-06-08,1,0.549789973481863,cl1s,0.0196386490228486,1.0
2020-06-09,1,0.5417978643694356,cl1s,0.0169491525423728,1.0
2020-06-10,0,0.545912663671398,cl1s,-0.082323232068034,1.0
2020-06-11,0,0.5814958142819655,cl1s,-0.0022014314856755,1.0
2020-06-12,1,0.5803294699269629,cl1s,0.0237175956265756,1.0
2020-06-17,1,0.5992425301310725,cl1s,0.0219837743410051,1.0
2020-06-18,1,0.5869309653735089,cl1s,0.0199743915384511,1.0
2020-06-19,1,0.570928232111702,cl1s,0.0225960334285419,1.0
2020-06-22,0,0.5765651804155929,cl1s,-0.0088386937826041,1.0
2020-06-23,0,0.5573740844884152,cl1s,-0.0584592516460821,1.0
2020-06-24,1,0.5657990805940554,cl1s,0.0186792945300078,1.0
2020-06-25,0,0.5568940060321756,cl1s,-0.0059400826320837,1.0
2020-06-26,1,0.5567260403322882,cl1s,0.0314367365962264,1.0
2020-06-29,0,0.565688134646535,cl1s,-0.0108312343097717,1.0
2020-06-30,1,0.5718064859109027,cl1s,0.0140056028469661,1.0
2020-07-01,1,0.5562229541271992,cl1s,0.0208437964123038,1.0
2020-07-02,0,0.5589292405180546,cl1s,-0.0004920045958807,1.0
2020-07-06,0,0.5441671167993778,cl1s,-0.0002461238050697,1.0
2020-07-07,1,0.5536310231620682,cl1s,0.006893156499228,1.0
2020-07-08,0,0.5400707717799011,cl1s,-0.0312958434135747,1.0
2020-07-09,1,0.5532928384892892,cl1s,0.0234729927917576,1.0
2020-07-10,0,0.5389324781667288,cl1s,-0.0110974103325477,1.0
2020-07-13,1,0.550331965126676,cl1s,0.0047381544217386,1.0
2020-07-14,1,0.5299265442334712,cl1s,0.0225862502278666,1.0
2020-07-15,0,0.5498612017443323,cl1s,-0.0113526570042402,1.0
2020-07-16,0,0.5365953757815196,cl1s,-0.0043977529088018,1.0
2020-07-17,1,0.5379576430959698,cl1s,0.0041717791612236,1.0
2020-07-20,1,0.5329887054811604,cl1s,0.0244379281691984,1.0
2020-07-21,0,0.5411815760564179,cl1s,-0.0004770996648905,1.0
2020-07-22,0,0.5441341744368928,cl1s,-0.0198090688798638,1.0
2020-07-23,1,0.5019890044794695,cl1s,0.0053567079379672,1.0
2020-07-24,1,0.5408984148118743,cl1s,0.0075078709487867,1.0
2020-07-27,0,0.49881665865275726,cl1s,-0.0134615383819761,1.0
2020-07-28,1,0.5541278078500109,cl1s,0.0056042890087513,1.0
2020-07-29,0,0.5168401026345254,cl1s,-0.0327114129761313,1.0
2020-07-30,1,0.5413524279347761,cl1s,0.0087675349104698,1.0
2020-07-31,1,0.55590733193839,cl1s,0.0183759628328805,1.0
2020-08-03,1,0.5726651052605579,cl1s,0.0168251644687915,1.0
2020-08-04,1,0.5698173466441805,cl1s,0.0117505991411677,1.0
2020-08-21,1,0.5955022087683324,cl1s,0.0066131324913851,1.0
2020-08-24,1,0.5826541101405178,cl1s,0.0171281082521728,1.0
2020-08-25,1,0.6065634444590199,cl1s,0.0009227223517414,1.0
2020-08-26,0,0.570163144346979,cl1s,-0.0080663746134512,1.0
2020-09-01,0,0.5521516707294609,cl1s,-0.029232928410432,1.0
2020-09-02,0,0.577705597836618,cl1s,-0.00337268122915,1.0
2020-09-16,1,0.5783905064357013,cl1s,0.0200445432394709,1.0
2020-09-21,1,0.6149092587656781,cl1s,0.0065756189077605,1.0
2020-09-22,1,0.6104728925392298,cl1s,0.0032663317336407,1.0
2020-09-23,1,0.6195873973822892,cl1s,0.0095166542976894,1.0
2020-09-24,0,0.6073724187298748,cl1s,-0.0014884639780549,1.0
2020-09-25,1,0.6305167602457865,cl1s,0.0086956521074166,1.0
2020-09-28,0,0.5948622573521144,cl1s,-0.0322660098001402,1.0
2020-09-29,1,0.58693428257767,cl1s,0.0236701448694918,1.0
2020-09-30,0,0.5645641422443151,cl1s,-0.0372948786216469,1.0
2020-10-01,0,0.5852027964849945,cl1s,-0.0431301652664449,1.0
2020-10-02,1,0.5637347979761522,cl1s,0.058569500819265,1.0
2020-10-05,1,0.5841904744894656,cl1s,0.0369709333076255,1.0
2020-10-07,1,0.6003974788441991,cl1s,0.0310387988122602,1.0
2020-10-08,0,0.5735983292274469,cl1s,-0.0143238649555096,1.0
2020-10-09,0,0.5854100166522624,cl1s,-0.0288177346380952,1.0
2020-10-12,1,0.5704627402867788,cl1s,0.0195282783463333,1.0
2020-10-13,1,0.6051978144986188,cl1s,0.0208955224058362,1.0
2020-10-14,0,0.569746692403493,cl1s,-0.0024189647939832,1.0
2020-10-15,0,0.6085136126873321,cl1s,-0.0029097964479449,1.0
2020-10-16,0,0.5892006723243877,cl1s,-0.0014591440361059,1.0
2020-10-19,1,0.608321656770995,cl1s,0.0155869458130404,1.0
2020-10-20,0,0.5533875407443036,cl1s,-0.0400479610050575,1.0
2020-10-21,1,0.5813992426244046,cl1s,0.0152385709061564,1.0
2020-10-22,0,0.5532040184750858,cl1s,-0.0194389764200861,1.0
2020-10-23,0,0.5819151061878639,cl1s,-0.0323713924769247,1.0
2020-10-26,1,0.5629515028420962,cl1s,0.0261929454647311,1.0
2020-10-27,0,0.6041538235297683,cl1s,-0.0550922415274249,1.0
2020-10-28,0,0.5998586248458346,cl1s,-0.0326290448596875,1.0
2020-10-29,0,0.6231603956967777,cl1s,-0.0105059446329106,1.0
2020-10-30,1,0.6062322400810763,cl1s,0.0284995812427137,1.0
2020-11-02,1,0.6244534141108596,cl1s,0.0230915513319649,1.0
2020-11-03,1,0.594011319595398,cl1s,0.0395645246747187,1.0
2020-11-04,0,0.6037401111291627,cl1s,-0.0091954027196015,1.0
2020-11-05,0,0.54766410835172,cl1s,-0.0425367355723306,1.0
2020-11-06,1,0.5583920805787728,cl1s,0.0848142156952358,1.0
2020-11-09,1,0.566322676995027,cl1s,0.0265574587975832,1.0
2020-11-10,1,0.5787056255853866,cl1s,0.0021760155735721,1.0
2020-11-11,0,0.5788144190727837,cl1s,-0.0079613996401601,1.0
2020-11-12,0,0.5945095769798157,cl1s,-0.0240758749201873,1.0
2020-11-13,1,0.5990337607566134,cl1s,0.0301520056355155,1.0
2020-11-16,1,0.5880183042216273,cl1s,0.001924464491023,1.0
2020-11-17,1,0.5774580685418821,cl1s,0.0086434574326765,1.0
2020-11-18,0,0.5746204924550584,cl1s,-0.0026184241309358,1.0
2020-11-19,1,0.5761672830397379,cl1s,0.0124105015390167,1.0
2020-11-20,1,0.583980635316273,cl1s,0.0150872225436831,1.0
2020-11-23,1,0.5761487317911725,cl1s,0.0429633075963762,1.0
2020-11-24,1,0.5772265261066915,cl1s,0.0178134044225835,1.0
2020-12-01,1,0.5330481419235417,cl1s,0.0163860824259736,1.0
2020-12-02,1,0.5289831743905493,cl1s,0.0079505300819682,1.0
2020-12-03,1,0.5223065310251562,cl1s,0.0135845751398191,1.0
2020-12-04,0,0.5209047317313752,cl1s,-0.0108084740290026,1.0
2020-12-07,0,0.536395727885579,cl1s,-0.0034965030121175,1.0
2020-12-08,0,0.5611336728487288,cl1s,-0.0017543864806912,1.0
2020-12-09,1,0.5573789547388899,cl1s,0.0276801411395417,1.0
2020-12-11,1,0.552994247423339,cl1s,0.0090186812291239,1.0
2021-01-04,1,0.5486694267328807,cl1s,0.0485090301142696,1.0
2021-01-05,1,0.5594632495258101,cl1s,0.0140196273698176,1.0
2021-01-06,1,0.5471669239400279,cl1s,0.0039502273040916,1.0
2021-01-07,1,0.5765296594567882,cl1s,0.0277395234227524,1.0
2021-01-08,1,0.5430503013488213,cl1s,0.0001914246034888,1.0
2021-01-11,1,0.5887157980533756,cl1s,0.0183732055802547,1.0
2021-01-15,1,0.6102323100906228,cl1s,0.0106829456162227,1.0
2021-01-19,1,0.5588536860520581,cl1s,0.0062287657553052,1.0
2021-01-20,0,0.5912266067768484,cl1s,-0.0033764774262792,1.0
2021-01-21,0,0.5334656649902716,cl1s,-0.0161867119388801,1.0
2021-02-04,0,0.5678629340736026,cl1s,-0.0110261426520468,-1.0
2021-02-05,0,0.5976462356835099,cl1s,-0.0197009671641232,-1.0
2021-02-08,0,0.5428330938713379,cl1s,-0.0067276177688342,-1.0
2021-02-09,0,0.5617928301717174,cl1s,-0.005483207766417,-1.0
2021-02-10,1,0.5281241606522753,cl1s,0.0074982956675966,-1.0
2021-02-11,0,0.5074454568393314,cl1s,-0.0211195054617725,-1.0
2021-02-12,0,0.5597962480796722,cl1s,-0.0097528162649025,-1.0
2021-02-16,0,0.5461859113947461,cl1s,-0.0179760323189588,-1.0
2021-02-17,1,0.5921327891671979,cl1s,0.0103008506222249,-1.0
2021-02-18,1,0.5549511480927503,cl1s,0.0209813315678902,-1.0
2021-02-19,0,0.5603694636388863,cl1s,-0.0411744853217099,-1.0
2021-02-22,1,0.5681016689367538,cl1s,0.0004862235472663,-1.0
2021-02-23,0,0.5580223008804467,cl1s,-0.0251337769725106,-1.0
2021-02-24,0,0.5456106576738202,cl1s,-0.0049035112964077,-1.0
2021-02-25,1,0.5612714509068745,cl1s,0.0319534080881559,-1.0
2021-03-05,1,0.6189257288104985,cl1s,0.0157361175318804,-1.0
2021-03-08,1,0.613254395878486,cl1s,0.0159877018878523,-1.0
2021-04-15,0,0.585638087851083,cl1s,-0.0050385765880957,1.0
2021-04-16,1,0.5860132531424188,cl1s,0.0037980690280543,1.0
2021-04-19,0,0.558687607118675,cl1s,-0.0119817122310532,1.0
2021-04-20,0,0.5869033422153761,cl1s,-0.0210627092405844,1.0
2021-04-21,1,0.576136572505107,cl1s,0.0013039937610226,1.0
2021-04-22,1,0.5889895617263635,cl1s,0.0115578704654537,1.0
2021-04-23,0,0.5652299591935469,cl1s,-0.003701319345625,1.0
2021-04-26,1,0.6002175570215936,cl1s,0.0166370534937103,1.0
2021-04-27,1,0.5784199589523997,cl1s,0.0146170957477642,1.0
2021-04-28,1,0.5726676134981152,cl1s,0.0180081426619855,1.0
2021-04-29,0,0.5566981519039181,cl1s,-0.0219966158834493,1.0
2021-04-30,1,0.6274404838496889,cl1s,0.014312677077606,1.0
2021-05-03,1,0.5979990361876849,cl1s,0.018607535731864,1.0
2021-05-04,0,0.6130883246022194,cl1s,-0.0009133808307781,1.0
2021-05-05,0,0.6168591126352715,cl1s,-0.0140179796795559,1.0
2021-05-12,0,0.5893404263357798,cl1s,-0.034200968366701,1.0
2021-05-14,1,0.6057486721396304,cl1s,0.0140758874654205,1.0
2021-05-17,0,0.5927487356899226,cl1s,-0.0117682558294903,1.0
2021-05-19,0,0.5793455735395675,cl1s,-0.0222573004152087,1.0
2021-05-20,1,0.5676134403967966,cl1s,0.0264772357437024,1.0
2021-05-21,1,0.5856703861140458,cl1s,0.0388486944663832,1.0
2021-05-24,1,0.5913795473477739,cl1s,0.0003028010018066,1.0
2021-05-25,1,0.596885526312857,cl1s,0.0021189648597681,1.0
2021-05-26,1,0.5888103359123621,cl1s,0.0096662133809788,1.0
2021-05-27,0,0.6033440608437709,cl1s,-0.0079281972928973,1.0
2021-05-28,1,0.598798628363294,cl1s,0.0211097710030108,1.0
2021-06-01,1,0.6093895050620806,cl1s,0.016391021752605,1.0
2021-06-02,0,0.5937223930984056,cl1s,-0.0002905710615057,1.0
2021-06-03,1,0.6175462571216408,cl1s,0.0117715449132507,1.0
2021-06-04,0,0.6058666807324897,cl1s,-0.0056018387752001,1.0
2021-06-07,1,0.6136751141043945,cl1s,0.0118445761762644,1.0
2021-06-08,0,0.6051694078427338,cl1s,-0.0012847964719225,1.0
2021-06-09,1,0.6141869426743496,cl1s,0.0047169810897349,1.0
2021-06-10,1,0.5888059388846167,cl1s,0.0088206001106074,1.0
2021-06-15,1,0.6198990483092764,cl1s,0.0004159730221426,1.0
2021-06-16,0,0.6296369553815978,cl1s,-0.0162612923768463,1.0
2021-06-17,1,0.659994060350014,cl1s,0.0072054254542222,1.0
2021-06-18,1,0.6466489923784379,cl1s,0.0256697993178951,1.0
2021-06-21,0,0.636733047741268,cl1s,-0.0036925600216164,1.0
2021-06-22,1,0.6407385498508932,cl1s,0.0031571719809255,1.0
2021-06-24,1,0.5797662830017352,cl1s,0.0102319236521437,1.0
2021-06-25,0,0.5650204257746096,cl1s,-0.0153950032070104,1.0
2021-06-28,1,0.5796792278679316,cl1s,0.0009600874213293,1.0
2021-06-29,1,0.6014085667911448,cl1s,0.0067141686235001,1.0
2021-06-30,1,0.5877680372973935,cl1s,0.0239553557185687,1.0
2021-07-01,0,0.6012223578947099,cl1s,-0.0009304799773254,1.0
2021-07-02,0,0.5813377740220819,cl1s,-0.0238158592863966,1.0
2021-07-06,0,0.5869416645818771,cl1s,-0.0159465724539261,1.0
2021-07-07,1,0.5610185000796033,cl1s,0.0102493078592433,1.0
2021-07-08,1,0.5663114892033987,cl1s,0.0222100356745089,1.0
2021-07-09,0,0.5523911357615369,cl1s,-0.0061695282619749,1.0
2021-07-12,1,0.5761648636337793,cl1s,0.0155195681359403,1.0
2021-07-13,0,0.5580946058301388,cl1s,-0.028172757082053,1.0
2021-07-14,0,0.5628956097089647,cl1s,-0.0173458153064834,1.0
2021-07-15,1,0.5616455777864882,cl1s,0.0025217149529663,1.0
2021-07-16,0,0.5911071147774434,cl1s,-0.0728060367755057,1.0
2021-07-19,1,0.5888547077831141,cl1s,0.0128108514777218,1.0
2021-07-20,1,0.5937434055639403,cl1s,0.0461309524750783,1.0
2021-07-21,1,0.5862377223930043,cl1s,0.0229018487501204,1.0
2021-07-22,1,0.5831610175916376,cl1s,0.0022250037485616,1.0
2021-07-23,0,0.557034652775152,cl1s,-0.0022200640976222,1.0
2021-07-26,0,0.5498196520185417,cl1s,-0.0036156304907042,1.0
2021-07-27,1,0.5522846538829134,cl1s,0.0103279834276104,1.0
2021-07-28,1,0.5609579811587398,cl1s,0.0169912968846863,1.0
2021-07-29,1,0.5253725560290831,cl1s,0.0044824778418248,1.0
2021-07-30,0,0.5366481093123323,cl1s,-0.0363759298525849,1.0
2021-08-02,0,0.5419384497949759,cl1s,-0.0098231825768607,1.0
2021-08-03,0,0.553089437014681,cl1s,-0.0341553287392563,1.0
2021-08-04,1,0.5448798635962733,cl1s,0.0137931032279581,1.0
2021-08-05,0,0.5566531026151816,cl1s,-0.0117238385901429,1.0
2021-08-06,0,0.5764517639452532,cl1s,-0.0263620385967228,1.0
2021-08-09,1,0.5928330759668674,cl1s,0.0272262335956663,1.0
2021-08-10,1,0.5776034482717524,cl1s,0.0140576953209217,1.0
2021-08-11,0,0.5653851699797421,cl1s,-0.0023104695955514,1.0
2021-08-12,0,0.584456443833993,cl1s,-0.0094080183623662,1.0
2021-08-13,0,0.5513467329288039,cl1s,-0.0168030392507561,1.0
2021-08-16,0,0.5323960531994337,cl1s,-0.0105891127862837,1.0
2021-08-17,0,0.552277012185769,cl1s,-0.0170334637677718,1.0
2021-08-18,0,0.5637495191722462,cl1s,-0.0262229718483114,1.0
2021-08-19,0,0.57099940331057,cl1s,-0.0214173228143211,1.0
2021-08-20,1,0.5610964437779645,cl1s,0.0563244285162105,1.0
2021-08-23,1,0.5636377253641744,cl1s,0.0289457646236492,1.0
2021-08-24,1,0.5528082865118924,cl1s,0.0121409536287531,1.0
2021-08-25,0,0.5510575494208634,cl1s,-0.0137507312855644,1.0
2021-08-26,1,0.5275157146981315,cl1s,0.0195787597389951,1.0
2021-08-27,1,0.5351282284129648,cl1s,0.0068373583447565,1.0
2021-08-30,0,0.5454026438990933,cl1s,-0.0102586333237801,1.0
2021-08-31,1,0.5521508050710835,cl1s,0.0013138689264944,1.0
2021-09-01,1,0.5259041018726212,cl1s,0.0204111383797207,1.0
2021-09-02,0,0.5306900625337357,cl1s,-0.0100014286457764,1.0
2021-09-03,0,0.5438059236912648,cl1s,-0.0135661710294751,1.0
2021-09-07,1,0.5551722195464196,cl1s,0.0138990486844361,1.0
2021-09-08,0,0.5433865392565291,cl1s,-0.0167388164799765,1.0
2021-09-09,1,0.561640330694411,cl1s,0.0231875548869113,1.0
2021-09-10,1,0.5711649327373548,cl1s,0.0104704535424642,1.0
2021-09-13,1,0.5741585390766448,cl1s,0.0001419444581514,1.0
2021-09-14,1,0.5462362416987802,cl1s,0.0305137668332968,1.0
2021-09-15,1,0.5540249231911719,cl1s,0.0005530207085591,1.0
2021-09-16,0,0.5696713916555731,cl1s,-0.0075998340111588,1.0
2021-09-17,0,0.5796224227455984,cl1s,-0.02339181292415,1.0
2021-09-20,1,0.5579299131235995,cl1s,0.0049900196672396,1.0
2021-09-21,1,0.5722142801316934,cl1s,0.0246843526869073,1.0
2021-09-22,1,0.5762953585397783,cl1s,0.0148137892968542,1.0
2021-09-23,1,0.567910927821683,cl1s,0.0092769440557802,1.0
2021-09-24,1,0.5423186417557004,cl1s,0.0198702349599162,1.0
2021-09-27,0,0.5609348698598048,cl1s,-0.0021206094863814,1.0
2021-09-28,0,0.566174019452031,cl1s,-0.00610970909186,1.0
2021-09-29,1,0.5862691555651475,cl1s,0.0026727249480957,1.0
2021-09-30,1,0.5692341457793952,cl1s,0.0113288017998127,1.0
2021-10-01,1,0.5804754817521163,cl1s,0.0229309434099935,1.0
2021-10-04,1,0.5651010617483465,cl1s,0.0168770934908057,1.0
2020-01-30,0,0.4313137485089976,es1s,-0.0199863211481985,1.0
2020-01-31,1,0.4582539720626773,es1s,0.0234181141419151,1.0
2020-02-03,1,0.43502864458767593,es1s,0.0166384224305877,1.0
2020-02-04,0,0.43347642216296134,es1s,-0.0107592059406829,-1.0
2020-02-05,0,0.43280717164482657,es1s,-0.0028485757131335,1.0
2020-02-06,0,0.3916164953538291,es1s,-0.0059038935831337,1.0
2020-02-07,1,0.38230482815077654,es1s,0.00962261314257,1.0
2020-02-10,1,0.4244013776632244,es1s,0.0102147330752004,1.0
2020-02-11,0,0.3811087340041679,es1s,-0.0054355919595461,1.0
2020-02-12,0,0.3699640495862915,es1s,-0.00332791007281,1.0
2020-02-13,0,0.37549620172157133,es1s,-0.0024426350860584,1.0
2020-02-14,0,0.3690715209077332,es1s,-0.0034753031644063,1.0
2020-02-18,0,0.37344691728032253,es1s,-0.0089040587676889,1.0
2020-02-19,0,0.3599120447252596,es1s,-0.0053140453168466,1.0
2020-02-20,0,0.4159333671458607,es1s,-0.0089040587676889,1.0
2020-02-21,0,0.3884668732387814,es1s,-0.0338399341162015,1.0
2020-02-24,0,0.4637461473351955,es1s,-0.0290585044549627,1.0
2020-02-25,0,0.4868404505607936,es1s,-0.0071029529122326,1.0
2020-02-26,0,0.4891710413045085,es1s,-0.0492725665158629,1.0
2020-02-27,1,0.4859385923194762,es1s,0.0365235035498785,1.0
2020-02-28,1,0.4864535575732381,es1s,0.0386309725492288,1.0
2020-03-02,0,0.48858844847626487,es1s,-0.0221859706339256,1.0
2020-03-03,1,0.4941735967972208,es1s,0.0392892892870049,1.0
2020-03-04,1,0.46505204618200835,es1s,0.0318645156099791,-1.0
2020-03-05,1,0.4628446012600108,es1s,0.0887912452319034,-1.0
2020-03-06,1,0.46306788807315413,es1s,0.0729588394056868,-1.0
2020-03-09,1,0.48216199082283256,es1s,0.0429442270941033,1.0
2020-03-10,0,0.472424410224758,es1s,-0.0437930733660193,1.0
2020-03-11,0,0.4781565924919865,es1s,-0.0989873186767356,1.0
2020-03-12,1,0.47820672067918685,es1s,0.0919400567039978,1.0
2020-03-13,0,0.46617716699282863,es1s,-0.1037648367953739,1.0
2020-03-16,0,0.5000997444760907,es1s,-0.0485396528406828,1.0
2020-03-17,0,0.500606946444518,es1s,-0.0337960168959792,1.0
2020-03-18,0,0.5014370480737563,es1s,-0.0470539246299928,1.0
2020-03-19,0,0.4742620662873918,es1s,-0.0420678107967247,1.0
2020-03-20,0,0.47998293724122965,es1s,-0.029713786323477,1.0
2020-03-23,1,0.4819054407335959,es1s,0.0979509119550832,1.0
2020-03-24,1,0.5059283626310039,es1s,0.069729286299319,1.0
2020-03-26,1,0.49040844680252754,es1s,0.061349693248936,-1.0
2020-03-30,1,0.4800892775860122,es1s,0.0625179511711767,-1.0
2020-04-01,1,0.500661657212295,es1s,0.0802696078433,1.0
2020-04-02,1,0.505016412025401,es1s,0.0868269421841518,1.0
2020-04-03,1,0.5021356285966608,es1s,0.0651495317709367,1.0
2020-04-06,0,0.4891281815937741,es1s,-0.0342219701267088,-1.0
2020-04-07,0,0.4881095295021279,es1s,-0.0352006056023013,-1.0
2020-04-08,0,0.47451985819560205,es1s,-0.0163619744019547,-1.0
2020-04-09,0,0.4685578334069847,es1s,-0.0227538447728961,-1.0
2020-04-14,1,0.4619801992967242,es1s,0.0390432641585419,-1.0
2020-04-15,0,0.4708259809994776,es1s,-0.0342342342333963,-1.0
2020-04-16,0,0.4669020383106016,es1s,-0.0295964125573664,-1.0
2020-04-17,1,0.4651249590448245,es1s,0.0480836236930946,-1.0
2020-04-20,0,0.4766494153347775,es1s,-0.0222697309837704,-1.0
2020-04-21,1,0.4939079057715022,es1s,0.0501464128846997,1.0
2020-04-22,1,0.48315582229581616,es1s,0.0546889008389179,1.0
2020-04-23,1,0.49139287211978705,es1s,0.0317360424330044,1.0
2020-04-24,0,0.46850204094124825,es1s,-0.0139600636162318,-1.0
2020-04-29,1,0.4669821287618824,es1s,0.0405474328447562,-1.0
2020-04-30,1,0.4728064575774953,es1s,0.0278208441012243,-1.0
2020-05-01,1,0.4949594931886538,es1s,0.0378311331627809,1.0
2020-05-04,1,0.4896426054692098,es1s,0.0365454384577634,1.0
2020-05-05,0,0.46518961857686525,es1s,-0.0086591445826388,1.0
2020-05-06,1,0.468755575357312,es1s,0.0335274395615388,1.0
2020-05-07,0,0.45435516342556975,es1s,-0.0095486111115069,1.0
2020-05-11,1,0.4092258378807285,es1s,0.0240355829251264,-1.0
2020-05-12,0,0.5383464808237894,es1s,-0.0138475021917883,1.0
2020-05-13,1,0.5370408922407266,es1s,0.0479914681851028,1.0
2020-05-14,1,0.5362489172944431,es1s,0.0354759395890336,1.0
2020-05-15,1,0.5350062174158394,es1s,0.0356578254006665,1.0
2020-05-18,0,0.5417021209941506,es1s,-0.009921981004334,1.0
2020-05-20,0,0.5282174258584185,es1s,-0.0087586323091835,-1.0
2020-05-21,0,0.49497730419829866,es1s,-0.0054477357825963,-1.0
2020-05-22,0,0.5219349457159492,es1s,-0.0140535049136725,-1.0
2020-05-26,0,0.5337919703761458,es1s,-0.0136917682395825,-1.0
2020-05-27,0,0.5343720812138782,es1s,-0.0060945478525087,-1.0
2020-05-28,0,0.5141919372960215,es1s,-0.0052666227798288,-1.0
2020-05-29,0,0.5335066244015008,es1s,-0.0039447731758439,-1.0
2020-06-01,0,0.5297592374190672,es1s,-0.0075311067426535,-1.0
2020-06-02,0,0.47986889639536007,es1s,-0.0132434189173009,-1.0
2020-06-03,0,0.4930075927486923,es1s,-0.022131344719567,-1.0
2020-06-04,0,0.44883916833437587,es1s,-0.0245137437731697,-1.0
2020-06-05,0,0.512988099221894,es1s,-0.0127873225062544,-1.0
2020-06-08,1,0.4685922705860482,es1s,0.0673121611153541,-1.0
2020-06-09,1,0.44100976580883017,es1s,0.0609109343299245,-1.0
2020-06-10,1,0.4427408727414447,es1s,0.0551632140619451,-1.0
2020-06-11,1,0.5335862698981193,es1s,0.020845444731306,1.0
2020-06-12,1,0.5310581040522173,es1s,0.0312058897157823,1.0
2020-06-15,1,0.5314311650608686,es1s,0.0183703461788047,1.0
2020-06-16,0,0.5253717141688233,es1s,-0.0064940270995161,1.0
2020-06-17,0,0.5195448774432798,es1s,-0.0152880592213451,1.0
2020-06-18,0,0.5195575236477132,es1s,-0.0124273724998185,1.0
2020-06-19,1,0.5268752195067522,es1s,0.0192841967657886,1.0
2020-06-22,0,0.5260772408644382,es1s,-0.0198505183632554,1.0
2020-06-23,0,0.5249549905952954,es1s,-0.022286355618589,1.0
2020-06-24,0,0.5209857722379316,es1s,-0.013775008199944,1.0
2020-06-25,0,0.5198527282524271,es1s,-0.020760400553685,1.0
2020-06-26,1,0.5242759195855978,es1s,0.0276854007315461,1.0
2020-06-29,1,0.5168092861998701,es1s,0.0266590107488555,1.0
2020-06-30,1,0.5074811628648124,es1s,0.0264541703721947,1.0
2020-07-01,1,0.5129475123240937,es1s,0.0222365452756228,1.0
2020-07-02,1,0.5213222308985553,es1s,0.0289229785846985,1.0
2020-07-08,0,0.44879190251539497,es1s,-0.0047415836857351,-1.0
2020-07-10,0,0.5103291602498703,es1s,-0.0095170677993484,1.0
2020-07-13,1,0.5044806679623145,es1s,0.0226316207420376,1.0
2020-07-16,1,0.4376641256472472,es1s,0.0158866802318471,1.0
2020-07-17,1,0.4250780140143588,es1s,0.0160236465476633,1.0
2020-07-20,0,0.4682774462330482,es1s,-0.0054695323920009,1.0
2020-07-21,0,0.42582618086032253,es1s,-0.0073048827375045,1.0
2020-07-22,0,0.4498299472465364,es1s,-0.0116368090639128,1.0
2020-07-23,0,0.47986993523319177,es1s,-0.0077459333845086,-1.0
2020-07-24,1,0.4598964779416221,es1s,0.0151373283400562,1.0
2020-07-28,1,0.4152666823296616,es1s,0.0122938064131217,1.0
2020-07-29,1,0.45784365472747196,es1s,0.0110684089151327,1.0
2020-07-30,1,0.4788185215208431,es1s,0.0122354751835911,1.0
2020-07-31,1,0.47871811041660395,es1s,0.0111843113230325,1.0
2020-08-03,1,0.43007346301935734,es1s,0.0169530180948662,1.0
2020-08-04,1,0.42792680033663355,es1s,0.0134090909093085,1.0
2020-08-05,1,0.4181832967678666,es1s,0.0085193003614025,1.0
2020-08-06,0,0.42571471944237543,es1s,-0.0042610450767354,1.0
2020-08-07,0,0.404160475350224,es1s,-0.0044098961036066,1.0
2020-08-11,1,0.4592158565632968,es1s,0.0120120120119806,1.0
2020-08-12,0,0.4581775063746937,es1s,-0.0028931750741121,-1.0
2020-08-13,0,0.39216454120161687,es1s,-0.0035632098613112,-1.0
2020-08-17,0,0.3748123438949874,es1s,-0.0020711591111954,1.0
2020-08-18,0,0.3768229302124884,es1s,-0.0042072630640387,1.0
2020-08-19,0,0.3945009012717001,es1s,-0.0023719516701092,-1.0
2020-08-20,0,0.4031477901568957,es1s,-0.0034755601572218,-1.0
2020-08-21,0,0.3979089849451588,es1s,-0.0103168754627109,-1.0
2020-08-25,0,0.38102826096454556,es1s,-0.0108190531531424,-1.0
2020-08-26,0,0.34951126041794783,es1s,-0.0014366783974566,-1.0
2020-08-27,0,0.3384228276768569,es1s,-0.0055232766665904,-1.0
2020-08-28,0,0.3339653982007008,es1s,-0.0064203167362382,-1.0
2020-08-31,0,0.3712706761529033,es1s,-0.0080022863678534,-1.0
2020-09-01,0,0.3819546451841226,es1s,-0.014814289763559,-1.0
2020-09-02,1,0.4028295826619298,es1s,0.0328979534821168,-1.0
2020-09-03,1,0.4594148140955099,es1s,0.0127112523482473,-1.0
2020-09-04,0,0.48920497840230387,es1s,-0.0239941477659713,1.0
2020-09-08,1,0.49970782729161856,es1s,0.0194123819520555,1.0
2020-09-09,0,0.49615244684461485,es1s,-0.0175722373379348,1.0
2020-09-10,1,0.5039174585832465,es1s,0.0194040260261483,1.0
2020-09-11,1,0.5095545810068488,es1s,0.0146231721031471,1.0
2020-09-14,0,0.48545052133149,es1s,-0.0063014307957965,1.0
2020-09-15,0,0.4755847989842904,es1s,-0.0045655375557869,1.0
2020-09-16,0,0.4820009472465097,es1s,-0.0084332001780262,1.0
2020-09-17,0,0.494516967478759,es1s,-0.01037003879478,1.0
2020-09-18,0,0.5000388686393807,es1s,-0.0124387485851251,1.0
2020-09-21,0,0.5164870788107047,es1s,-0.0133587786252005,1.0
2020-09-22,0,0.5085712345751301,es1s,-0.0206107448666116,1.0
2020-09-23,1,0.5171087268820646,es1s,0.0173307543491818,1.0
2020-09-24,1,0.5146132061902282,es1s,0.0152100061737852,1.0
2020-09-25,1,0.5167763598488705,es1s,0.0178720815303556,1.0
2020-09-28,1,0.5122113738640064,es1s,0.0181560071729407,1.0
2020-09-29,1,0.506718912952174,es1s,0.0177727784025336,1.0
2020-09-30,0,0.5173107095164224,es1s,-0.0038036992821441,1.0
2020-10-01,0,0.5014580635665069,es1s,-0.0084626234103274,1.0
2020-10-02,1,0.5210395872543467,es1s,0.0160964288371932,1.0
2020-10-05,0,0.5179414994758911,es1s,-0.0117152961963101,1.0
2020-10-06,1,0.5065205228081787,es1s,0.0159546708417641,1.0
2020-10-07,1,0.5043891391435199,es1s,0.0195200704483318,1.0
2020-10-08,1,0.4753479744178685,es1s,0.0277090909079116,1.0
2020-10-09,1,0.4705529128532248,es1s,0.0171309292431569,1.0
2020-10-12,0,0.48394887388400915,es1s,-0.0079258368130222,1.0
2020-10-13,0,0.47109345635227273,es1s,-0.0067765175842208,1.0
2020-10-14,0,0.485435851152057,es1s,-0.0053863832229171,1.0
2020-10-15,0,0.49193386650289506,es1s,-0.0038124010950124,1.0
2020-10-16,0,0.4758611712673371,es1s,-0.0114087659757894,1.0
2020-10-19,0,0.49422384811167125,es1s,-0.008545759987303,1.0
2020-10-20,0,0.4898498219641615,es1s,-0.0112899701375778,1.0
2020-10-21,0,0.47564825002021094,es1s,-0.0113619810631341,1.0
2020-10-22,0,0.49878637427771483,es1s,-0.0161629339701296,1.0
2020-10-23,0,0.446856754555947,es1s,-0.0168754979354254,1.0
2020-10-26,0,0.5193942505796023,es1s,-0.0030941505812771,1.0
2020-10-27,0,0.49393538775831847,es1s,-0.0353236772094823,1.0
2020-10-28,1,0.5050801140172942,es1s,0.0300291098491118,1.0
2020-10-29,0,0.5109355300411165,es1s,-0.0113558937082123,1.0
2020-10-30,1,0.515289337578657,es1s,0.0296347346649532,1.0
2020-11-02,1,0.5216794369015256,es1s,0.018482048173062,1.0
2020-11-03,1,0.5187309400733614,es1s,0.0218652387345357,1.0
2020-11-04,1,0.5212047237978268,es1s,0.0203056768550173,1.0
2020-11-05,1,0.5081868285635615,es1s,0.018046936301576,1.0
2020-11-06,1,0.5135506865238781,es1s,0.0192101692513,1.0
2020-11-09,1,0.4998611180164277,es1s,0.0222911963880318,1.0
2020-11-10,1,0.5060779681565588,es1s,0.0231573001982055,1.0
2020-11-11,0,0.4589962083943018,es1s,-0.0099495515684272,1.0
2020-11-12,1,0.4899401530810727,es1s,0.0140127388525663,1.0
2020-11-13,0,0.4815565666563658,es1s,-0.0047459519830248,1.0
2020-11-16,0,0.45984890506621035,es1s,-0.0044852332344228,1.0
2020-11-17,0,0.4538965485218115,es1s,-0.0115755181245927,1.0
2020-11-18,1,0.48001610081558005,es1s,0.0190042075755536,1.0
2020-11-19,0,0.42928450830810505,es1s,-0.0071927374315701,1.0
2020-11-20,1,0.45024109281640434,es1s,0.0220862347922867,1.0
2020-11-23,1,0.4223633898471843,es1s,0.0158696868033778,1.0
2020-11-24,1,0.45017353955838957,es1s,0.0179615993374189,1.0
2020-11-25,1,0.4262390897021395,es1s,0.011027638017798,1.0
2020-11-27,0,0.40388246293944274,es1s,-0.0036436133660697,1.0
2020-11-30,1,0.4243044107197522,es1s,0.0102808252269321,1.0
2020-12-01,1,0.4092146009544342,es1s,0.0102445021166204,1.0
2020-12-02,0,0.3896558633822247,es1s,-0.0056581907425672,1.0
2020-12-03,1,0.39144371806302736,es1s,0.0091417655872254,1.0
2020-12-04,0,0.38591595774969056,es1s,-0.0068956192533914,1.0
2020-12-07,0,0.3900339412795828,es1s,-0.0049447944180788,1.0
2020-12-08,1,0.3802335836307952,es1s,0.0079686655868412,-1.0
2020-12-09,0,0.4119382837096312,es1s,-0.003063308374129,1.0
2020-12-10,0,0.390364137481059,es1s,-0.0019762845851233,1.0
2020-12-11,0,0.39680050814913814,es1s,-0.0040286787287117,1.0
2020-12-14,1,0.41027951469585533,es1s,0.0129120879129431,1.0
2020-12-15,0,0.3895594764870568,es1s,-0.0026444263629697,1.0
2020-12-16,0,0.37366250899690706,es1s,-0.00216582064352,1.0
2020-12-17,0,0.3653806613245645,es1s,-0.0017507238570311,1.0
2020-12-18,0,0.37644200565491936,es1s,-0.0055311973013013,1.0
2020-12-21,0,0.4240017091370876,es1s,-0.0023061792023135,1.0
2020-12-22,1,0.4293876776103297,es1s,0.0136651029958909,1.0
2020-12-23,1,0.42877579733019433,es1s,0.0124949069656972,1.0
2020-12-24,1,0.3947433573297442,es1s,0.0087956698212057,1.0
2020-12-28,0,0.4161663182357941,es1s,-0.0020120724339544,1.0
2020-12-29,0,0.36817899460359543,es1s,-0.0077419354839549,-1.0
2020-12-30,0,0.360179722493801,es1s,-0.006591931262097,-1.0
2021-01-04,1,0.4516177644381359,es1s,0.0070417766946322,1.0
2021-01-05,1,0.4336152826513782,es1s,0.0207759026427329,1.0
2021-01-06,1,0.45511329804941497,es1s,0.0147039165900786,1.0
2021-01-07,0,0.420577535754585,es1s,-0.0087603741277393,1.0
2021-01-08,0,0.40313844679194916,es1s,-0.0066797642426443,1.0
2021-01-11,0,0.3948917164740052,es1s,-0.0078454641364067,1.0
2021-01-12,0,0.3964270158288878,es1s,-0.0084991434983379,1.0
2021-01-13,0,0.392711322385226,es1s,-0.0032862306923241,1.0
2021-01-14,0,0.3811518022784681,es1s,-0.0076491922200735,1.0
2021-01-15,1,0.43414823115118073,es1s,0.007508804572657,1.0
2021-01-19,1,0.4052889776441522,es1s,0.0143780503893002,1.0
2021-01-20,1,0.3914865059277125,es1s,0.0262028608589884,-1.0
2021-01-21,1,0.364137931477111,es1s,0.0264560582423943,-1.0
2021-01-22,0,0.3588673032165318,es1s,-0.0037165025739538,-1.0
2021-01-25,1,0.3962209442891573,es1s,0.0270884760294803,-1.0
2021-01-26,1,0.3633645606976059,es1s,0.0255692908272237,-1.0
2021-01-27,0,0.4506945331798497,es1s,-0.0104159711560706,1.0
2021-01-28,0,0.4594074316146359,es1s,-0.0195806046176439,1.0
2021-01-29,1,0.46180474332930466,es1s,0.0163281829826413,1.0
2021-02-01,1,0.4749339795517809,es1s,0.0139414459287001,1.0
2021-02-02,1,0.4561663053386245,es1s,0.012112878937261,1.0
2021-02-03,1,0.3988893689429286,es1s,0.0148424218656879,1.0
2021-02-04,1,0.3943754514756573,es1s,0.0112563074123435,1.0
2021-02-05,1,0.37715127226712136,es1s,0.0130790541836587,1.0
2021-02-11,0,0.3622637085275816,es1s,-0.0098415132915835,1.0
2021-02-12,0,0.3613974424478857,es1s,-0.0054693462211448,1.0
2021-02-16,0,0.3556673924714441,es1s,-0.0046464260696895,1.0
2021-02-17,0,0.3421812145891701,es1s,-0.0047097759682214,1.0
2021-02-18,0,0.36278917220283774,es1s,-0.0092083386615889,1.0
2021-02-19,0,0.35430436374790175,es1s,-0.0075582884953362,1.0
2021-02-22,1,0.368825682975163,es1s,0.012650058086439,1.0
2021-02-23,1,0.39854966808133374,es1s,0.0114749871077806,1.0
2021-02-24,0,0.39916663288222043,es1s,-0.0240917782024588,1.0
2021-02-25,0,0.4331724087952463,es1s,-0.0048981191221637,1.0
2021-02-26,1,0.42394513776512266,es1s,0.0234954387348551,1.0
2021-03-01,0,0.4238081053193311,es1s,-0.0080153895497482,1.0
2021-03-02,0,0.4180229279801739,es1s,-0.0131221719447169,1.0
2021-03-03,0,0.44917379799656637,es1s,-0.0134276544181802,1.0
2021-03-04,1,0.45568118999322627,es1s,0.0195193201425598,1.0
2021-03-08,1,0.44963791123584895,es1s,0.0141389016158268,1.0
2021-03-09,1,0.45833247758997747,es1s,0.0163945007423045,1.0
2021-03-10,1,0.45732780572105025,es1s,0.0117413062999525,1.0
2021-03-11,0,0.443503630199543,es1s,-0.005492373800837,1.0
2021-03-12,0,0.43205086569713724,es1s,-0.0068798535260956,1.0
2021-03-15,0,0.4195978101079076,es1s,-0.0132002778987029,1.0
2021-03-16,0,0.4119426436322926,es1s,-0.0117647058816341,1.0
2021-03-17,0,0.4127292560444083,es1s,-0.014507379840842,1.0
2021-03-18,0,0.45791302566131353,es1s,-0.0064644137222051,1.0
2021-03-19,0,0.4238773823012504,es1s,-0.0048721071843215,1.0
2021-03-22,0,0.4603617224186641,es1s,-0.0076972010177901,1.0
2021-03-23,0,0.41891433079772195,es1s,-0.0048721071843215,1.0
2021-03-25,1,0.44202623858686146,es1s,0.0164722471464386,1.0
2021-03-26,0,0.4436108464243637,es1s,-0.0114130777483361,-1.0
2021-03-29,0,0.3958145942340039,es1s,-0.012882040918914,-1.0
2021-03-30,1,0.37368404895008817,es1s,0.0157684757155205,1.0
2021-03-31,1,0.37978414975480246,es1s,0.010712035285793,1.0
2021-04-01,1,0.36840260097366767,es1s,0.0144014962577343,1.0
2021-04-02,1,0.360985007813584,es1s,0.0144014962577343,1.0
2021-04-08,0,0.33017841045447077,es1s,-0.0074590364377993,-1.0
2021-04-09,0,0.3073397290793093,es1s,-0.0032164097576716,-1.0
2021-04-12,0,0.31596065763168196,es1s,-0.0030337964907032,-1.0
2021-04-14,0,0.3058539975066167,es1s,-0.0108062166092341,-1.0
2021-04-15,0,0.3013900266037578,es1s,-0.0033033033053051,-1.0
2021-04-19,1,0.3043658601979341,es1s,0.0069787029251298,-1.0
2021-04-20,1,0.31462355442500917,es1s,0.0092693565979382,1.0
2021-04-21,1,0.3020769142068471,es1s,0.0088840866787673,-1.0
2021-04-23,0,0.3463533816817814,es1s,-0.0019177753809178,-1.0
2021-04-26,0,0.3031797655937437,es1s,-0.0057423136749588,-1.0
2021-04-27,0,0.30360573575865357,es1s,-0.005862646567261,-1.0
2021-04-28,0,0.3065755841007168,es1s,-0.0065249925170463,-1.0
2021-04-29,1,0.29517775077810365,es1s,0.0068990127287724,-1.0
2021-05-03,0,0.3284895454747014,es1s,-0.0065699098142746,1.0
2021-05-04,1,0.3565923051775268,es1s,0.0086574881248651,1.0
2021-05-05,1,0.31987976264430884,es1s,0.0082331730770885,1.0
2021-05-06,1,0.314980790072645,es1s,0.0073910711106448,1.0
2021-05-07,1,0.3107795780249565,es1s,0.0098810721263911,-1.0
2021-05-11,0,0.43857067386624016,es1s,-0.0211034066911984,1.0
2021-05-12,1,0.4413490726070042,es1s,0.0118878965178206,1.0
2021-05-13,1,0.43752521433085717,es1s,0.0150961772583715,1.0
2021-05-14,0,0.42798322225871865,es1s,-0.0026984888453729,1.0
2021-05-17,0,0.3973413694071291,es1s,-0.0083578858759516,1.0
2021-05-18,0,0.43123261460487194,es1s,-0.0027892311428933,1.0
2021-05-19,1,0.4354224647174504,es1s,0.0103976650862851,1.0
2021-05-20,0,0.4316994953050555,es1s,-0.0095083348368252,-1.0
2021-05-21,0,0.4021515876103825,es1s,-0.0101162160525929,-1.0
2021-05-24,0,0.43276340023082405,es1s,-0.0029806259320053,-1.0
2021-05-25,0,0.37297577303618556,es1s,-0.0032254210972457,-1.0
2021-05-28,0,0.32788499544219885,es1s,-0.0026769779911582,1.0
2021-06-01,1,0.3249240027301453,es1s,0.009408121947328,1.0
2021-06-02,0,0.32572931463085336,es1s,-0.003566121843164,1.0
2021-06-03,1,0.3245505767964883,es1s,0.0088279153013905,1.0
2021-06-04,0,0.3274312775008523,es1s,-0.0023059185232818,1.0
2021-06-07,0,0.33125379463581633,es1s,-0.0149557563572599,1.0
2021-06-08,0,0.32924850746654866,es1s,-0.015014032655342,1.0
2021-06-09,1,0.3273206952261031,es1s,0.0085931018109446,1.0
2021-06-10,0,0.3375220174678457,es1s,-0.0037917466645164,1.0
2021-06-11,0,0.33886083570072134,es1s,-0.0056101801498866,1.0
2021-06-14,0,0.3478921066805321,es1s,-0.0021786492349936,1.0
2021-06-15,0,0.3477592154919449,es1s,-0.0055470317499252,1.0
2021-06-16,0,0.35166247167817194,es1s,-0.0141229527651486,1.0
2021-06-17,0,0.34861185942496975,es1s,-0.0139474152765334,1.0
2021-06-18,1,0.42631909611242114,es1s,0.0145058384496381,1.0
2021-06-21,1,0.4777880446463295,es1s,0.0100266983089523,1.0
2021-06-22,1,0.4254808896480565,es1s,0.0082620241934621,1.0
2021-06-23,1,0.36059873709177975,es1s,0.0057899090153521,1.0
2021-06-24,1,0.35777810511902236,es1s,0.0057565789470093,1.0
2021-06-25,1,0.358450066662113,es1s,0.0092478782574563,1.0
2021-06-28,1,0.35883919800201447,es1s,0.0070669314346929,1.0
2021-06-29,1,0.3600047985410115,es1s,0.0067141522662714,1.0
2021-06-30,1,0.36129881586910156,es1s,0.012650110762276,1.0
2021-07-01,1,0.36237622043139367,es1s,0.0074233022089036,1.0
2021-07-02,0,0.3608710723698882,es1s,-0.0020148523401692,1.0
2021-07-06,0,0.36562367477998287,es1s,-0.0048454083972692,1.0
2021-07-07,0,0.358293677737063,es1s,-0.0084487614212247,1.0
2021-07-08,1,0.39325331579382256,es1s,0.0108972872696901,1.0
2021-07-09,0,0.39199443418906943,es1s,-0.0018348623851521,1.0
2021-07-12,0,0.35812616590003254,es1s,-0.0034845195927161,1.0
2021-07-13,0,0.3470731660510208,es1s,-0.0021209515622671,1.0
2021-07-14,0,0.3467894053767956,es1s,-0.0036059756163229,1.0
2021-07-15,0,0.35384865711976954,es1s,-0.0076976102939015,1.0
2021-07-16,0,0.3620800323739727,es1s,-0.0155725367600881,1.0
2021-07-19,1,0.4189456709137092,es1s,0.0151132019980926,1.0
2021-07-20,1,0.41776055907095555,es1s,0.0081103000813576,1.0
2021-07-21,1,0.38235345083348216,es1s,0.0120675784396353,1.0
2021-07-22,1,0.3650092038482354,es1s,0.0099782085103841,1.0
2021-07-23,0,0.36773622368530046,es1s,-0.0019305019304868,1.0
2021-07-26,1,0.3585522532387172,es1s,0.0078155972136551,-1.0
2021-07-27,0,0.36352037749278787,es1s,-0.0039253612470593,-1.0
2021-07-28,0,0.35025111265389536,es1s,-0.0040967283075306,-1.0
2021-07-29,0,0.3606469523696072,es1s,-0.0022100073670563,-1.0
2021-07-30,0,0.3473830894859882,es1s,-0.0058093176898899,-1.0
2021-08-02,1,0.36703394854571075,es1s,0.0080484045896194,1.0
2021-08-04,1,0.3542546316419889,es1s,0.0079071619547725,1.0
2021-08-06,0,0.34625470146956505,es1s,-0.0024833502660088,-1.0
2021-08-09,0,0.35104179692857607,es1s,-0.003332768459207,-1.0
2021-08-10,0,0.3552727071863801,es1s,-0.002370203160861,-1.0
2021-08-12,0,0.3411987791070974,es1s,-0.0024694129539316,1.0
2021-08-13,0,0.3381937401726529,es1s,-0.0042577030818048,1.0
2021-08-16,1,0.3463450046293735,es1s,0.0068171658485668,-1.0
2021-08-17,0,0.3831920505916833,es1s,-0.0110273433097669,1.0
2021-08-18,1,0.4187415189770543,es1s,0.00967117988387,1.0
2021-08-19,1,0.4162395577785188,es1s,0.0080654322394102,1.0
2021-08-20,1,0.4114057745839905,es1s,0.0086770340333055,1.0
2021-08-23,0,0.37552233973058835,es1s,-0.0020109484975071,1.0
2021-08-24,0,0.34995243157327216,es1s,-0.0035694366979392,1.0
2021-08-26,1,0.3592196948077172,es1s,0.0087316690909944,1.0
2021-08-30,0,0.3493924231829668,es1s,-0.0022098226621598,-1.0
2021-08-31,0,0.3509367857104036,es1s,-0.003262913396379,-1.0
2021-09-01,0,0.34623014500548505,es1s,-0.0030964888044948,-1.0
2021-09-02,1,0.3391278233247268,es1s,0.00501626150875,-1.0
2021-09-03,1,0.33847927835997693,es1s,0.0093174550665544,-1.0
2021-09-07,0,0.35377149089067966,es1s,-0.0014936106649536,1.0
2021-09-08,0,0.35232113948550137,es1s,-0.004487534624435,1.0
2021-09-09,0,0.3713546708592417,es1s,-0.0075685903499795,1.0
2021-09-10,0,0.3987217592528236,es1s,-0.0031520718953003,1.0
2021-09-13,0,0.3817465177489502,es1s,-0.0055499495454766,1.0
2021-09-14,1,0.37793608132075296,es1s,0.0083995715670817,1.0
2021-09-15,0,0.364895960336516,es1s,-0.0017330053678279,1.0
2021-09-16,0,0.3720641242191154,es1s,-0.0095200761618725,1.0
2021-09-17,1,0.4113056018401579,es1s,0.0166223780157449,-1.0
2021-09-22,0,0.44547521386812655,es1s,-0.0123175182462329,-1.0
2021-09-23,0,0.44248322333186485,es1s,-0.0212933753935852,1.0
2021-09-24,0,0.41317290732536405,es1s,-0.0028679075535669,1.0
2021-09-27,0,0.41167581329013,es1s,-0.0201894879303894,1.0
2021-09-28,0,0.4501816040431409,es1s,-0.0105329803162551,1.0
2021-09-29,0,0.40595789772406904,es1s,-0.0119547100413766,1.0
2021-09-30,1,0.44826318510194374,es1s,0.0107032749696696,1.0
2021-10-01,0,0.45785224596858304,es1s,-0.0120863309345394,1.0
2021-10-04,1,0.4571867943893377,es1s,0.0099621322465126,1.0
2020-01-30,1,0.5554062750088367,fesx1s,0.0108725197065112,-1.0
2020-01-31,1,0.5808555390701724,fesx1s,0.0041220115419045,1.0
2020-02-03,1,0.5803917596762163,fesx1s,0.0186097427472013,1.0
2020-02-04,1,0.5514767990746655,fesx1s,0.0128962923164288,1.0
2020-02-05,1,0.5404355736026841,fesx1s,0.0076923076923076,1.0
2020-02-06,1,0.5217523975843334,fesx1s,0.0015793629896113,-1.0
2020-02-07,1,0.5297215719776387,fesx1s,0.0010545742158547,-1.0
2020-02-10,0,0.5268406238632267,fesx1s,-0.0095011876483215,-1.0
2020-02-11,1,0.5395984016971689,fesx1s,0.0057516339870551,1.0
2020-02-12,0,0.5344996995150831,fesx1s,-0.0028593709384563,1.0
2020-02-13,1,0.5427685532367585,fesx1s,0.0002606882174067,1.0
2020-02-14,1,0.5375797707546767,fesx1s,0.0031274433138017,1.0
2020-02-17,0,0.5362672977557584,fesx1s,-0.0051961548445195,1.0
2020-02-18,1,0.5443905343645008,fesx1s,0.0078349438500802,1.0
2020-02-19,0,0.54336140893947,fesx1s,-0.0062192277803613,1.0
2020-02-20,0,0.5494800240544638,fesx1s,-0.010691003911923,1.0
2020-02-21,0,0.5691856151856632,fesx1s,-0.0392725355808368,1.0
2020-02-24,0,0.5779087536555478,fesx1s,-0.0203017832655374,1.0
2020-02-25,1,0.5810650419581426,fesx1s,0.000840100811752,1.0
2020-02-26,0,0.5749674298047497,fesx1s,-0.0327364297711216,1.0
2020-02-27,0,0.5888789525365146,fesx1s,-0.0413653456743293,1.0
2020-02-28,1,0.5875734246236604,fesx1s,0.0075437537716505,1.0
2020-03-02,1,0.5884603027314402,fesx1s,0.0044923629832234,1.0
2020-03-03,1,0.579253638100776,fesx1s,0.0169946332731061,1.0
2020-03-04,0,0.5760819927528021,fesx1s,-0.0128994429788888,1.0
2020-03-05,0,0.5668577262213081,fesx1s,-0.039798039797981,1.0
2020-03-06,0,0.5931973363485123,fesx1s,-0.0798020414479776,1.0
2020-03-09,0,0.60961867432884,fesx1s,-0.0205042016802731,1.0
2020-03-10,0,0.609744562404477,fesx1s,-0.0068634179809727,1.0
2020-03-11,0,0.6027872723031094,fesx1s,-0.1129923980653769,1.0
2020-03-12,0,0.6284609729872542,fesx1s,-0.0062329567600127,1.0
2020-03-13,0,0.6186209157556339,fesx1s,-0.0517444139537083,1.0
2020-03-16,1,0.6265660858567963,fesx1s,0.03121045971966,1.0
2020-03-17,0,0.6107750363228834,fesx1s,-0.0535787321058001,1.0
2020-03-18,1,0.6267582218874578,fesx1s,0.0289541918758333,1.0
2020-03-19,1,0.6138668809840497,fesx1s,0.0327593448136898,1.0
2020-03-20,0,0.6052243276692473,fesx1s,-0.0231801545356421,1.0
2020-03-23,1,0.5962314274375862,fesx1s,0.0974188176537715,1.0
2020-03-24,1,0.5824385664947077,fesx1s,0.0333839150223058,1.0
2020-03-25,1,0.5711902252969735,fesx1s,0.017621145375152,1.0
2020-03-26,0,0.5726079515986604,fesx1s,-0.0425685425704216,1.0
2020-03-27,1,0.5739997956627899,fesx1s,0.0226073850813766,1.0
2020-03-30,1,0.5762693752413204,fesx1s,0.012159174648177,1.0
2020-03-31,0,0.5699123582024934,fesx1s,-0.0422278849650099,1.0
2020-04-01,1,0.5865293945804646,fesx1s,0.0053211706588691,1.0
2020-04-02,0,0.5808346243133122,fesx1s,-0.0045368620052825,1.0
2020-04-03,1,0.5886760906039415,fesx1s,0.051652107862071,1.0
2020-04-06,0,0.5621443610694848,fesx1s,-0.0195016251355788,-1.0
2020-04-07,1,0.5637042051689394,fesx1s,0.0046050301098932,-1.0
2020-04-08,1,0.5715482958351149,fesx1s,0.0160142348751519,1.0
2020-04-09,0,0.5550085457847926,fesx1s,-0.0105078809104939,-1.0
2020-04-14,1,0.5469056230851412,fesx1s,0.0402079722699715,-1.0
2020-04-15,1,0.586865068162617,fesx1s,0.006139400505317,1.0
2020-04-16,1,0.5756428713501468,fesx1s,0.0204594400585722,1.0
2020-04-17,0,0.5607791488347902,fesx1s,-0.0084417868452144,-1.0
2020-04-20,1,0.5503568681476368,fesx1s,0.038716428323493,-1.0
2020-04-21,1,0.5967091722269122,fesx1s,0.0159651669096299,1.0
2020-04-22,1,0.5795045229714979,fesx1s,0.0085714285717646,1.0
2020-04-23,0,0.5805075325411486,fesx1s,-0.0180594900866188,1.0
2020-04-24,0,0.560585474074777,fesx1s,-0.0248827984133319,-1.0
2020-04-27,1,0.573920035974157,fesx1s,0.017945109077299,1.0
2020-04-28,0,0.5303585631858931,fesx1s,-0.0252333218134208,-1.0
2020-04-29,1,0.5285674656477962,fesx1s,0.0266351989226422,-1.0
2020-04-30,1,0.5337846349706348,fesx1s,0.0349844128850544,-1.0
2020-05-04,1,0.5825662580556482,fesx1s,0.0236898779628222,1.0
2020-05-05,1,0.5433340809885604,fesx1s,0.0112201963555113,-1.0
2020-05-06,0,0.5521121664215023,fesx1s,-0.014539007092277,-1.0
2020-05-07,0,0.5307331865763909,fesx1s,-0.0104858441102675,-1.0
2020-05-08,1,0.5290720982604571,fesx1s,0.0083016257329564,-1.0
2020-05-11,1,0.5499922864804812,fesx1s,0.001743983256097,1.0
2020-05-12,0,0.5423969032337033,fesx1s,-0.0282033426173962,1.0
2020-05-13,0,0.5425525091147595,fesx1s,-0.0197061984964677,1.0
2020-05-14,1,0.5577311122139097,fesx1s,0.0062134502921185,1.0
2020-05-15,0,0.5187213944990786,fesx1s,-0.0548492553580395,-1.0
2020-05-18,1,0.504703263842107,fesx1s,0.0030991735517343,-1.0
2020-05-19,0,0.4904814781460064,fesx1s,-0.0138169257329496,-1.0
2020-05-20,0,0.5353079897469885,fesx1s,-0.0146507666097718,1.0
2020-05-21,1,0.5219102124319702,fesx1s,0.0017289073313431,1.0
2020-05-22,1,0.5433329344762294,fesx1s,0.0207110804276313,1.0
2020-05-25,1,0.5276072239363849,fesx1s,0.0125126817724632,1.0
2020-05-26,0,0.5066650078368811,fesx1s,-0.0146960587828604,-1.0
2020-05-27,0,0.4861998572209167,fesx1s,-0.0177748518763787,-1.0
2020-05-28,1,0.4931884489661223,fesx1s,0.0148771022000141,-1.0
2020-05-29,0,0.4762276614897704,fesx1s,-0.0167432698636673,-1.0
2020-06-01,0,0.4803866972165845,fesx1s,-0.0154988698746869,-1.0
2020-06-02,1,0.5069481772224694,fesx1s,0.0368839427658804,1.0
2020-06-03,0,0.5069134827595265,fesx1s,-0.002453235205455,1.0
2020-06-04,1,0.5036470064957855,fesx1s,0.0393482938834663,1.0
2020-06-05,1,0.4743462930647618,fesx1s,0.0044365572315073,-1.0
2020-06-08,0,0.5030019759227747,fesx1s,-0.0139631610215898,1.0
2020-06-09,1,0.49063167620898473,fesx1s,0.0063272069895163,-1.0
2020-06-10,0,0.5274420342419746,fesx1s,-0.0442692540949455,1.0
2020-06-11,0,0.5388655650830235,fesx1s,-0.0041243654823089,1.0
2020-06-12,0,0.53596554762621,fesx1s,-0.0012742911752134,1.0
2020-06-15,1,0.5408333141802742,fesx1s,0.0337729173365672,1.0
2020-06-16,1,0.527841287516843,fesx1s,0.0068450528940049,1.0
2020-06-17,0,0.5257938344773591,fesx1s,-0.0052533992586594,1.0
2020-06-18,0,0.504708971882693,fesx1s,-0.0083876980433774,-1.0
2020-06-19,1,0.5011945906513015,fesx1s,0.0095502156506033,-1.0
2020-06-22,0,0.4967441165158165,fesx1s,-0.0208398133760669,-1.0
2020-06-23,1,0.49580992983285155,fesx1s,0.031687995124685,-1.0
2020-06-24,1,0.538059819208265,fesx1s,0.0094398993061108,1.0
2020-06-25,0,0.5383252734845317,fesx1s,-0.0081047381529384,1.0
2020-06-26,1,0.5488807960854226,fesx1s,0.0125707102436856,1.0
2020-06-29,0,0.5055306442323948,fesx1s,-0.0003103662321726,-1.0
2020-06-30,1,0.5106004501390644,fesx1s,0.0055848588275166,-1.0
2020-07-01,1,0.5355183012781082,fesx1s,0.029953198129744,1.0
2020-07-02,1,0.503525631830916,fesx1s,0.0090881551050496,-1.0
2020-07-03,1,0.5263953301524863,fesx1s,0.0207887496169658,1.0
2020-07-06,1,0.5004783093052098,fesx1s,0.0080862533697604,-1.0
2020-07-07,1,0.4892150020522316,fesx1s,0.0114734299502904,-1.0
2020-07-08,1,0.5072872926320416,fesx1s,0.0073304825905397,-1.0
2020-07-09,1,0.5314910052751884,fesx1s,0.0107692307698756,1.0
2020-07-10,0,0.5102052016840932,fesx1s,-0.0176560121754902,-1.0
2020-07-13,1,0.4880939903901793,fesx1s,0.0116661681110979,-1.0
2020-07-14,0,0.5091398920593831,fesx1s,-0.0214891041153848,-1.0
2020-07-15,1,0.479230929948854,fesx1s,0.0050370370373379,-1.0
2020-07-16,0,0.4965941821532568,fesx1s,-0.0002977963073436,-1.0
2020-07-17,0,0.476547212473217,fesx1s,-0.0074426912776124,-1.0
2020-07-20,0,0.4912960371923867,fesx1s,-0.0041371158394898,-1.0
2020-07-21,1,0.468338881882456,fesx1s,0.010594467334354,-1.0
2020-07-22,0,0.49517895143705354,fesx1s,-0.0011897679953123,-1.0
2020-07-23,1,0.4774386678120523,fesx1s,0.0190136660715632,-1.0
2020-07-24,1,0.5066981872114152,fesx1s,0.0009085402786725,-1.0
2020-07-27,0,0.48638371819670195,fesx1s,-0.0006062443164953,-1.0
2020-07-28,1,0.5084664211550679,fesx1s,0.0009088155105049,-1.0
2020-07-29,1,0.4904344841691546,fesx1s,0.0321406913299743,-1.0
2020-07-30,0,0.5642002938136895,fesx1s,-0.0028195488701747,1.0
2020-07-31,1,0.554118080557332,fesx1s,0.0204209864897522,1.0
2020-08-03,1,0.53111309603844,fesx1s,0.0006157635468349,-1.0
2020-08-04,0,0.5144420120260942,fesx1s,-0.0046210720890016,-1.0
2020-08-05,1,0.5208310327983587,fesx1s,0.0073597056122147,-1.0
2020-08-06,0,0.5055724464083705,fesx1s,-0.0015446400989498,-1.0
2020-08-07,0,0.5167598821760999,fesx1s,-0.0033929673043369,-1.0
2020-08-10,0,0.5004535422640932,fesx1s,-0.0224408238541091,-1.0
2020-08-11,0,0.5029373876771657,fesx1s,-0.010823812387908,-1.0
2020-08-12,1,0.49194670372711286,fesx1s,0.0053539559789052,-1.0
2020-08-13,1,0.4974206675560519,fesx1s,0.0119617224866807,-1.0
2020-08-14,1,0.5391344633284201,fesx1s,0.000605326874445,1.0
2020-08-17,0,0.5496329295720578,fesx1s,-0.0087719298229936,1.0
2020-08-18,1,0.5429180876982738,fesx1s,0.0106805004562489,1.0
2020-08-19,0,0.5424985374519317,fesx1s,-0.0123792270517948,1.0
2020-08-20,0,0.542537788103822,fesx1s,-0.0064200550294251,1.0
2020-08-21,1,0.5466090918533295,fesx1s,0.0239999999992985,1.0
2020-08-24,1,0.5399535709662231,fesx1s,0.000300480769249,1.0
2020-08-25,1,0.5414240009627469,fesx1s,0.0069089816765974,1.0
2020-08-26,1,0.5066255514510182,fesx1s,0.0083532219575429,-1.0
2020-08-27,1,0.5110207767358055,fesx1s,0.0033092659448457,-1.0
2020-08-28,1,0.5052830759512099,fesx1s,0.0144883791113702,-1.0
2020-08-31,1,0.5626814811714915,fesx1s,0.001837672281886,1.0
2020-09-01,1,0.5582494215706613,fesx1s,0.0174258636491717,1.0
2020-09-02,1,0.5182121868962961,fesx1s,0.0105168269216253,-1.0
2020-09-03,0,0.5618408661489831,fesx1s,-0.0139690252058058,1.0
2020-09-04,0,0.5285539426900021,fesx1s,-0.0190945488132938,-1.0
2020-09-07,1,0.5262615940854803,fesx1s,0.01239045028575,-1.0
2020-09-08,0,0.5228376943342321,fesx1s,-0.0186658506721792,-1.0
2020-09-09,1,0.5223342886102136,fesx1s,0.004205467107494,-1.0
2020-09-10,0,0.522439198684301,fesx1s,-0.0018099547512413,-1.0
2020-09-11,1,0.5059719643246607,fesx1s,0.0006022282445412,-1.0
2020-09-14,0,0.5040931853568879,fesx1s,-0.0048382219547873,-1.0
2020-09-15,1,0.4966466074010104,fesx1s,0.00060186578514,-1.0
2020-09-16,1,0.5102032154205705,fesx1s,0.0039144835877693,-1.0
2020-09-17,1,0.5124711698573352,fesx1s,0.0084643288999005,-1.0
2020-09-18,1,0.5185293528201174,fesx1s,0.0423780487801581,-1.0
2020-09-21,0,0.5118127651809323,fesx1s,-0.0070041388079387,-1.0
2020-09-22,1,0.5793173096924977,fesx1s,0.0022130888408755,1.0
2020-09-23,0,0.573136130366198,fesx1s,-0.0072555205051143,1.0
2020-09-24,1,0.5394925028369437,fesx1s,0.0088973625678058,-1.0
2020-09-25,0,0.532257912797027,fesx1s,-0.0317409426103469,-1.0
2020-09-28,1,0.5321894553633036,fesx1s,0.0046612802980068,-1.0
2020-09-29,0,0.5690808642509062,fesx1s,-0.0028098657511002,1.0
2020-09-30,0,0.5730245223127287,fesx1s,-0.0050093926125417,1.0
2020-10-01,0,0.5296988539834342,fesx1s,-0.0,-1.0
2020-10-02,0,0.5335787624350841,fesx1s,-0.0113278791702817,-1.0
2020-10-05,1,0.5666681744798103,fesx1s,0.0040448039831664,1.0
2020-10-06,1,0.5345446920170323,fesx1s,0.0012395413700385,-1.0
2020-10-07,0,0.527164579730285,fesx1s,-0.0089978281102789,-1.0
2020-10-08,0,0.5283714043812157,fesx1s,-0.0033825338246846,-1.0
2020-10-09,0,0.517698071601227,fesx1s,-0.0095004597007277,-1.0
2020-10-12,1,0.5161624707226932,fesx1s,0.0081967213121821,-1.0
2020-10-13,0,0.5616170002709181,fesx1s,0.0,1.0
2020-10-14,0,0.5626166068450644,fesx1s,-0.0263238445055952,1.0
2020-10-15,0,0.5209281993795081,fesx1s,-0.0188619930848481,-1.0
2020-10-16,1,0.5264634194686602,fesx1s,0.0015427337261911,-1.0
2020-10-19,1,0.5143027182592114,fesx1s,0.0030902348576455,-1.0
2020-10-20,1,0.5209184534972182,fesx1s,0.0170489770602488,-1.0
2020-10-21,1,0.5122508548578686,fesx1s,0.0028382213815135,-1.0
2020-10-22,0,0.5206250629094507,fesx1s,-0.0069576217592286,-1.0
2020-10-23,1,0.5146655932056514,fesx1s,0.0273241206046409,-1.0
2020-10-26,1,0.5259994079826293,fesx1s,0.0093639005487458,-1.0
2020-10-27,0,0.5774967763425016,fesx1s,-0.0397653194250515,1.0
2020-10-28,1,0.5877183367272522,fesx1s,0.0010183299374206,1.0
2020-10-29,1,0.5869942334973157,fesx1s,0.0033909799929932,1.0
2020-10-30,1,0.5854544969593363,fesx1s,0.0182494085855853,1.0
2020-11-02,1,0.5732711149559554,fesx1s,0.027215399933161,1.0
2020-11-03,1,0.5673997953464807,fesx1s,0.0190630048456943,1.0
2020-11-04,0,0.5278336363021067,fesx1s,-0.0180722891567455,-1.0
2020-11-05,1,0.526722570002567,fesx1s,0.0040485829943882,-1.0
2020-11-06,0,0.5183791528176563,fesx1s,-0.065040650405113,-1.0
2020-11-09,0,0.5155659831904398,fesx1s,-0.0132119788619862,-1.0
2020-11-10,0,0.5009758750017669,fesx1s,-0.0049261083732472,-1.0
2020-11-11,1,0.5053044367735925,fesx1s,0.0103806228362782,-1.0
2020-11-12,0,0.49378323719552686,fesx1s,-0.0017482517477294,-1.0
2020-11-13,0,0.49651804207853323,fesx1s,-0.0093077370570107,-1.0
2020-11-16,1,0.48097618161179634,fesx1s,0.0008645533148607,-1.0
2020-11-17,0,0.48752886054651634,fesx1s,-0.0037496394582918,-1.0
2020-11-18,0,0.5387284414156996,fesx1s,-0.0089080459780007,1.0
2020-11-19,1,0.5484822617144773,fesx1s,0.0040591475791391,1.0
2020-11-20,1,0.5339502679146744,fesx1s,0.0020213687564796,1.0
2020-11-23,1,0.5433309792007275,fesx1s,0.0100864553307273,1.0
2020-11-24,0,0.4961758327507056,fesx1s,-0.0019971469320283,-1.0
2020-11-25,0,0.5046404895572264,fesx1s,-0.0002847380425612,-1.0
2020-11-26,0,0.4906699313272207,fesx1s,-0.0054084827782796,-1.0
2020-11-27,1,0.5004577243524255,fesx1s,0.0076443941116433,-1.0
2020-11-30,0,0.4860488670881754,fesx1s,-0.0065620542086233,-1.0
2020-12-01,1,0.49879670831766665,fesx1s,0.0031179138335594,-1.0
2020-12-02,1,0.4774507350312436,fesx1s,0.0002843332381428,-1.0
2020-12-03,0,0.4990140761718653,fesx1s,-0.0048350398188348,-1.0
2020-12-04,1,0.47103462084152703,fesx1s,0.0019813189934003,-1.0
2020-12-07,0,0.495469717603269,fesx1s,-0.0,-1.0
2020-12-08,0,0.4715934078396041,fesx1s,-0.0017016449248845,-1.0
2020-12-09,1,0.49252632965103216,fesx1s,0.0025481313705476,-1.0
2020-12-10,1,0.4696515191410005,fesx1s,0.0107862617088279,-1.0
2020-12-11,1,0.5498574931590673,fesx1s,0.0063127690088213,1.0
2020-12-14,0,0.4891815172075784,fesx1s,-0.0054394503289132,-1.0
2020-12-15,0,0.4975945849426088,fesx1s,-0.0042710706160276,-1.0
2020-12-16,0,0.47422762182356104,fesx1s,-0.0053870144595637,-1.0
2020-12-17,1,0.49832063201541954,fesx1s,0.0053581500278869,-1.0
2020-12-18,1,0.4801455032045195,fesx1s,0.0272185993762847,-1.0
2020-12-21,0,0.5139991132906022,fesx1s,-0.0145730107833821,-1.0
2020-12-22,0,0.49085320519933956,fesx1s,-0.0132145935083038,-1.0
2020-12-23,0,0.4903893003338373,fesx1s,-0.0102069747661068,-1.0
2020-12-28,0,0.4820105387044061,fesx1s,-0.0011226494533553,-1.0
2020-12-29,1,0.49329706817131136,fesx1s,0.0047659097283895,-1.0
2020-12-30,0,0.4831750765623363,fesx1s,-0.0002816901405215,-1.0
2021-01-04,1,0.5074443078811873,fesx1s,0.006758659532537,-1.0
2021-01-05,0,0.5004306076493604,fesx1s,-0.0223986390697417,-1.0
2021-01-06,0,0.5013702708799126,fesx1s,-0.0024958402671841,-1.0
2021-01-07,0,0.4864337744855017,fesx1s,-0.0019363762099187,-1.0
2021-01-08,1,0.5024027607802595,fesx1s,0.0038652678091154,-1.0
2021-01-11,1,0.49012249787961115,fesx1s,0.0022172948995901,-1.0
2021-01-12,0,0.5073916171536642,fesx1s,-0.0016666666666698,-1.0
2021-01-13,0,0.4910346816818031,fesx1s,-0.0063782584584564,-1.0
2021-01-14,1,0.4995902183149489,fesx1s,0.0121245522176275,-1.0
2021-01-15,1,0.5418450528202632,fesx1s,0.0016736401673655,1.0
2021-01-18,0,0.5543355845517788,fesx1s,-0.0011138958513793,1.0
2021-01-19,1,0.5393881570473305,fesx1s,0.0069696124892359,1.0
2021-01-20,1,0.5468209828433164,fesx1s,0.0013842746404095,1.0
2021-01-21,0,0.5339016123733031,fesx1s,-0.0080176942220613,1.0
2021-01-22,0,0.5463677508088611,fesx1s,-0.0133779264214305,1.0
2021-01-25,1,0.5369156950193632,fesx1s,0.0138418079093067,1.0
2021-01-26,0,0.5384532361228521,fesx1s,-0.0158818612417604,1.0
2021-01-27,1,0.5325305681771484,fesx1s,0.004530011323732,1.0
2021-01-28,1,0.5261533103381046,fesx1s,0.0197294250269397,-1.0
2021-01-29,1,0.5455699215153547,fesx1s,0.0135135135138619,1.0
2021-02-01,1,0.5518680694951295,fesx1s,0.0158865248220583,1.0
2021-02-02,1,0.5245929413951561,fesx1s,0.004468025691797,1.0
2021-02-03,0,0.5097235747033504,fesx1s,-0.0100083402835793,-1.0
2021-02-04,0,0.4889072521043589,fesx1s,-0.0038535645465767,-1.0
2021-02-05,0,0.5069310889410494,fesx1s,-0.0057581573886986,-1.0
2021-02-08,1,0.4948239147453618,fesx1s,0.0038167938925123,-1.0
2021-02-09,1,0.5081300667782711,fesx1s,0.0035577449367474,-1.0
2021-02-10,0,0.491227072037325,fesx1s,-0.0057676462500919,-1.0
2021-02-11,0,0.5023378353282052,fesx1s,-0.0073730202084971,-1.0
2021-02-12,0,0.49802121437552616,fesx1s,-0.0116562754130977,-1.0
2021-02-15,1,0.4846277865484295,fesx1s,0.0032154340836071,-1.0
2021-02-16,1,0.48977238445692955,fesx1s,0.0061827956992454,-1.0
2021-02-17,1,0.49549291471138057,fesx1s,0.0059507708940894,-1.0
2021-02-18,1,0.548326696433681,fesx1s,0.0106122448970304,1.0
2021-02-19,0,0.5408158148618117,fesx1s,-0.0037695207317518,1.0
2021-02-22,0,0.5435959976966317,fesx1s,-0.0054054054066552,1.0
2021-02-23,1,0.547777888044445,fesx1s,0.005978260870205,1.0
2021-02-24,1,0.5144759517283204,fesx1s,0.0037817395996021,-1.0
2021-02-25,0,0.5476477762923067,fesx1s,-0.0165401301515526,1.0
2021-02-26,1,0.5534815492189509,fesx1s,0.0204025365309541,1.0
2021-03-01,1,0.5489530578187871,fesx1s,0.0010807889765753,1.0
2021-03-02,1,0.5392274411352675,fesx1s,0.0013495276637669,1.0
2021-03-03,0,0.5446224809491256,fesx1s,-0.0018867924525249,1.0
2021-03-04,0,0.5361969869702765,fesx1s,-0.0099918984604188,1.0
2021-03-05,1,0.5456205119065798,fesx1s,0.027004909984625,1.0
2021-03-08,1,0.531681995286896,fesx1s,0.0066401062414005,1.0
2021-03-09,1,0.5254785328215956,fesx1s,0.0073878627956294,1.0
2021-03-10,1,0.5210439763635846,fesx1s,0.0068098480892251,1.0
2021-03-11,0,0.5169303125484133,fesx1s,-0.0031217481789839,1.0
2021-03-12,0,0.545786461338366,fesx1s,-0.0007828810029888,1.0
2021-03-15,1,0.5448334788839965,fesx1s,0.0055717697014041,1.0
2021-03-16,1,0.5460354674876742,fesx1s,0.0005277044847498,1.0
2021-03-17,1,0.5469235748251624,fesx1s,0.004746835443562,1.0
2021-03-18,0,0.5481539443421694,fesx1s,-0.0073490813652409,1.0
2021-03-19,0,0.5509015574061535,fesx1s,-0.0023796932842392,1.0
2021-03-22,0,0.5507242394931554,fesx1s,0.0,1.0
2021-03-23,0,0.5457776152041877,fesx1s,-0.000265041080997,1.0
2021-03-24,0,0.5438765690393252,fesx1s,-0.00053022269459,1.0
2021-03-25,1,0.5465241222937085,fesx1s,0.0103448275861572,1.0
2021-03-26,0,0.5215572568893304,fesx1s,-0.005513258074193,-1.0
2021-03-29,0,0.5259627370393318,fesx1s,-0.0109660574400967,-1.0
2021-03-30,1,0.5152899172981614,fesx1s,0.0015495867764473,-1.0
2021-03-31,0,0.525480572373446,fesx1s,-0.0069839627529728,-1.0
2021-04-01,0,0.5161820546956146,fesx1s,-0.0069355253008429,-1.0
2021-04-06,1,0.5285752490241798,fesx1s,0.0028061224485212,-1.0
2021-04-07,0,0.5189570141166987,fesx1s,-0.0040931184441026,-1.0
2021-04-08,0,0.525805952730398,fesx1s,-0.0002547770714376,-1.0
2021-04-09,1,0.5196487216379844,fesx1s,0.0028018339289301,-1.0
2021-04-12,0,0.5336438386987183,fesx1s,-0.0005108556842896,-1.0
2021-04-13,0,0.5278181927737677,fesx1s,-0.0028082716359949,-1.0
2021-04-14,0,0.5348066121260959,fesx1s,-0.0035641547863523,-1.0
2021-04-15,0,0.5260075325778315,fesx1s,-0.0104008117699074,-1.0
2021-04-16,1,0.5241416206020316,fesx1s,0.0015064022089887,-1.0
2021-04-19,1,0.5151863953209309,fesx1s,0.0211214483273758,-1.0
2021-04-20,1,0.5483424941027633,fesx1s,0.0097611096843475,1.0
2021-04-21,1,0.5427184948128562,fesx1s,0.0094123632652665,1.0
2021-04-22,1,0.5273821112210954,fesx1s,0.0002520161286798,-1.0
2021-04-23,0,0.5263129774019811,fesx1s,-0.0022687169147959,-1.0
2021-04-26,1,0.5283123834346481,fesx1s,0.0040241448687102,-1.0
2021-04-27,0,0.5286773661411192,fesx1s,-0.0032828282816643,-1.0
2021-04-28,1,0.5220998184287904,fesx1s,0.0042788824557271,-1.0
2021-04-29,0,0.540797382715401,fesx1s,-0.0040444893844232,1.0
2021-04-30,1,0.534317504527584,fesx1s,0.005329949239746,1.0
2021-05-03,0,0.5315514619404007,fesx1s,-0.0191870739718078,1.0
2021-05-04,1,0.5393472531437468,fesx1s,0.0216216216211018,1.0
2021-05-05,0,0.5351127019119826,fesx1s,-0.0,-1.0
2021-05-06,0,0.5249068504922295,fesx1s,-0.0103300579500642,-1.0
2021-05-07,0,0.5278612197044058,fesx1s,-0.0002493765582547,-1.0
2021-05-10,1,0.5162523363915366,fesx1s,0.022188980303608,-1.0
2021-05-11,1,0.5501615321704236,fesx1s,0.0035696073433926,1.0
2021-05-12,1,0.5430091129641917,fesx1s,0.0010162601611798,1.0
2021-05-13,1,0.5518481756345734,fesx1s,0.0167512690362476,1.0
2021-05-14,1,0.5151342019287275,fesx1s,0.0014977533695456,-1.0
2021-05-17,0,0.531155983729368,fesx1s,-0.0012499999999491,-1.0
2021-05-18,1,0.5187029290172172,fesx1s,0.018726591761233,-1.0
2021-05-19,1,0.5524960943981255,fesx1s,0.0139949109426473,1.0
2021-05-20,0,0.5258910709423119,fesx1s,-0.0080301129224529,-1.0
2021-05-21,0,0.5277172596127552,fesx1s,-0.0064724919104792,-1.0
2021-05-24,1,0.5212990911657329,fesx1s,0.0017313875844143,-1.0
2021-05-25,1,0.5277527654674176,fesx1s,0.001982160553916,-1.0
2021-05-26,1,0.5521972178029656,fesx1s,0.0024826216483586,1.0
2021-05-27,1,0.5560582873918881,fesx1s,0.0069341258035604,1.0
2021-05-28,1,0.5201071549262624,fesx1s,0.0076242006880004,-1.0
2021-05-31,0,0.5273831987056865,fesx1s,-0.008674101610554,-1.0
2021-06-01,0,0.514310210504751,fesx1s,-0.0034398034399993,-1.0
2021-06-02,0,0.5259964795960528,fesx1s,-0.0004897159657182,-1.0
2021-06-03,0,0.5114243720766918,fesx1s,-0.0007342143895747,-1.0
2021-06-04,0,0.524153836392401,fesx1s,-0.002445585717681,-1.0
2021-06-07,0,0.5083473757524762,fesx1s,-0.0,-1.0
2021-06-08,0,0.5207943631833238,fesx1s,-0.0002439619415959,-1.0
2021-06-09,1,0.5141440032106885,fesx1s,0.0007317073160504,-1.0
2021-06-10,0,0.5310901242275274,fesx1s,-0.0073224310468089,-1.0
2021-06-11,0,0.5143270231203976,fesx1s,-0.0024230676034882,-1.0
2021-06-14,0,0.5181931443178851,fesx1s,-0.0016982047553866,-1.0
2021-06-15,0,0.5100213174017196,fesx1s,-0.0019375151361373,-1.0
2021-06-16,0,0.5177725224148642,fesx1s,-0.0009668842160845,-1.0
2021-06-17,1,0.5139692542864305,fesx1s,0.0190775175085203,-1.0
2021-06-18,1,0.5471840673205265,fesx1s,0.0078778926642062,1.0
2021-06-21,0,0.5310480293096057,fesx1s,-0.0042745481185866,-1.0
2021-06-22,1,0.5324635235432298,fesx1s,0.0105800802626737,-1.0
2021-06-23,0,0.5213220036931092,fesx1s,-0.0099557522124427,-1.0
2021-06-24,0,0.5205609819735901,fesx1s,-0.0,-1.0
2021-06-25,1,0.5172222157417752,fesx1s,0.0079104295962832,-1.0
2021-06-28,0,0.5206452032706343,fesx1s,-0.0052747791951488,-1.0
2021-06-29,1,0.5151628478172772,fesx1s,0.0102501525328733,-1.0
2021-06-30,1,0.5861691210198845,fesx1s,0.0020959191234062,1.0
2021-07-01,1,0.5810827479864991,fesx1s,0.0008612204726501,1.0
2021-07-02,1,0.5843738089809551,fesx1s,0.0024585125985725,1.0
2021-07-05,0,0.5809158173811293,fesx1s,-0.0109135499682132,1.0
2021-07-06,0,0.5351213160263855,fesx1s,-0.0078105628566531,-1.0
2021-07-07,1,0.5337672846403342,fesx1s,0.0207897650390368,-1.0
2021-07-08,1,0.5901527054672163,fesx1s,0.0180904522615712,1.0
2021-07-09,0,0.5463995569800184,fesx1s,-0.0091312931883786,-1.0
2021-07-12,1,0.5390639617777371,fesx1s,0.0020787478613262,-1.0
2021-07-13,0,0.5454093575132679,fesx1s,-0.0026957480709839,-1.0
2021-07-14,1,0.5313059314859143,fesx1s,0.0112428204811478,-1.0
2021-07-15,1,0.5340978778728093,fesx1s,0.0059325176133628,-1.0
2021-07-16,0,0.5876942349629435,fesx1s,-0.026482655724245,1.0
2021-07-19,1,0.5949801782708901,fesx1s,0.0088122605365619,1.0
2021-07-20,1,0.5924557750840994,fesx1s,0.0175971641968835,1.0
2021-07-21,0,0.5481415645320066,fesx1s,-0.0077133615326747,-1.0
2021-07-22,1,0.5803473782845879,fesx1s,0.013703703703463,1.0
2021-07-23,1,0.5451829799319381,fesx1s,0.0029229082935234,-1.0
2021-07-26,1,0.5350047171750738,fesx1s,0.0081837058748008,-1.0
2021-07-27,1,0.5847477106758365,fesx1s,0.0089901477828198,1.0
2021-07-28,0,0.5388974909333915,fesx1s,-0.0039057732212866,-1.0
2021-07-29,1,0.5339699096751988,fesx1s,0.0059574468083161,-1.0
2021-07-30,0,0.5343229141813095,fesx1s,-0.006360078278488,-1.0
2021-08-02,1,0.5281974191337347,fesx1s,0.0002430724361146,-1.0
2021-08-03,0,0.5267655482064266,fesx1s,-0.0060782883540679,-1.0
2021-08-04,0,0.5224236993599365,fesx1s,-0.0044707588206056,-1.0
2021-08-05,0,0.5166116110717055,fesx1s,-0.003488511968658,-1.0
2021-08-06,0,0.5184947893042203,fesx1s,-0.0013186286258548,-1.0
2021-08-09,0,0.5118193317962685,fesx1s,-0.0022746318688822,-1.0
2021-08-10,0,0.5167482854753781,fesx1s,-0.003463927378047,-1.0
2021-08-11,0,0.5126306631203488,fesx1s,-0.0054755386253835,-1.0
2021-08-12,0,0.5181851902398351,fesx1s,-0.0004735409031262,-1.0
2021-08-13,1,0.5090742726677051,fesx1s,0.0073364098922726,-1.0
2021-08-16,1,0.5088593348214094,fesx1s,0.0003576111582461,-1.0
2021-08-17,1,0.498804333894525,fesx1s,0.0016694490822097,-1.0
2021-08-18,1,0.4928332283977278,fesx1s,0.0160057333963261,-1.0
2021-08-19,1,0.5795986176413029,fesx1s,0.0053411022094005,1.0
2021-08-20,1,0.5777062077639771,fesx1s,0.0092972711911609,1.0
2021-08-23,1,0.5227859939919487,fesx1s,0.001076683814577,-1.0
2021-08-24,0,0.5213158827370012,fesx1s,-0.0004790419155897,-1.0
2021-08-25,1,0.5200747753477335,fesx1s,0.0021546564518304,-1.0
2021-08-26,0,0.5182694304419933,fesx1s,-0.0043186180418877,-1.0
2021-08-27,1,0.5762350159875159,fesx1s,0.0028666985202647,1.0
2021-08-30,0,0.5731503188174869,fesx1s,-0.0039304430686208,1.0
2021-08-31,1,0.5711378458097828,fesx1s,0.0100442424959181,1.0
2021-09-01,1,0.5694172767989316,fesx1s,0.0021309340592625,1.0
2021-09-02,0,0.5642778065750745,fesx1s,-0.0079149438862403,1.0
2021-09-03,1,0.5664474483234125,fesx1s,0.0104786854015386,1.0
2021-09-06,1,0.5350445121693184,fesx1s,0.0043601225547188,-1.0
2021-09-07,1,0.5273532113465655,fesx1s,0.0102970765770997,-1.0
2021-09-08,0,0.5840314759864949,fesx1s,-0.0011958861510047,1.0
2021-09-09,0,0.5697186272865665,fesx1s,-0.002155172413622,1.0
2021-09-10,1,0.5618456678408228,fesx1s,0.0047996160297945,1.0
2021-09-13,1,0.5536426988127555,fesx1s,0.0001202645821545,1.0
2021-09-14,0,0.5527774918593327,fesx1s,-0.0087782587788013,1.0
2021-09-15,1,0.5599856101033485,fesx1s,0.0043673419881944,1.0
2021-09-16,0,0.5673929923041462,fesx1s,-0.0123203285431608,1.0
2021-09-17,0,0.5637387170159566,fesx1s,-0.0182218417509494,1.0
2021-09-20,1,0.5626725385549074,fesx1s,0.0127055306438599,1.0
2021-09-21,1,0.560726100044602,fesx1s,0.0142681426802593,1.0
2021-09-22,1,0.54991138837937,fesx1s,0.0123696337629046,1.0
2021-09-23,1,0.5219248554790862,fesx1s,0.0089841878301009,-1.0
2021-09-24,1,0.567364291022791,fesx1s,0.0025383778556091,1.0
2021-09-27,0,0.5643703343208288,fesx1s,-0.0244755244759719,1.0
2021-09-28,1,0.5677003405190664,fesx1s,0.0043257940931984,1.0
2021-09-29,0,0.5696338727172382,fesx1s,-0.0036918533109729,1.0
2021-09-30,0,0.566621663882492,fesx1s,-0.0097579051376934,1.0
2021-10-01,1,0.5254630639340023,fesx1s,0.0062367469132839,-1.0
2021-10-04,0,0.5210906510104201,fesx1s,-0.0166938621816277,-1.0
2020-03-16,1,0.5461742167655113,gc1s,0.0264379414695836,1.0
2020-03-18,1,0.5357605408782042,gc1s,0.060694228292726,1.0
2020-03-19,1,0.5341989573123582,gc1s,0.0596903941078548,1.0
2020-03-20,1,0.5221411514798271,gc1s,0.0559073150976856,1.0
2020-03-25,0,0.4912451625793087,gc1s,-0.0159089518532191,-1.0
2020-03-26,1,0.4739956479068644,gc1s,0.038366560269974,-1.0
2020-03-27,1,0.4713899832672023,gc1s,0.0347621062877877,-1.0
2020-03-30,1,0.46687945743545034,gc1s,0.0283592989284078,-1.0
2020-03-31,0,0.46807658444162675,gc1s,-0.0257422021894357,-1.0
2020-04-01,0,0.4686255750185545,gc1s,-0.0290938796113706,-1.0
2020-04-02,0,0.4782203990260195,gc1s,-0.0343164193643203,-1.0
2020-04-03,0,0.49493701098770976,gc1s,-0.0292884486856654,-1.0
2020-04-13,1,0.5312694292365164,gc1s,0.0355399114372888,-1.0
2020-04-15,1,0.4735087581153059,gc1s,0.0301114814344634,-1.0
2020-04-16,1,0.465669328265444,gc1s,0.0253508113464236,-1.0
2020-04-17,0,0.4668211497077312,gc1s,-0.0072992700799181,-1.0
2020-04-20,0,0.46755351900707315,gc1s,-0.0158368396450987,-1.0
2020-04-27,0,0.5501196272662351,gc1s,-0.006033182501371,1.0
2020-04-28,0,0.5479774662946436,gc1s,-0.0051097433473548,1.0
2020-05-06,1,0.5397805731875188,gc1s,0.0220906129785463,1.0
2020-05-07,0,0.5329354588434946,gc1s,-0.0068953528912253,1.0
2020-05-20,1,0.4019061548781531,gc1s,0.0172364591081886,-1.0
2020-05-21,0,0.5027537551203499,gc1s,-0.0078982519321113,-1.0
2020-05-22,1,0.3811038051088837,gc1s,0.0144282862936494,-1.0
2020-05-26,0,0.43885460292335843,gc1s,-0.0135979631988771,-1.0
2020-05-27,0,0.5484763193318938,gc1s,-0.0144197359208633,-1.0
2020-05-28,0,0.5579520701496401,gc1s,-0.0135393160834864,-1.0
2020-06-02,1,0.5376357161662229,gc1s,0.0168396770413364,-1.0
2020-06-19,1,0.5370000505025295,gc1s,0.0165430690315291,1.0
2020-06-22,1,0.5336652590657386,gc1s,0.0193048007223777,1.0
2020-06-23,0,0.5324309490802448,gc1s,-0.0038720538720193,1.0
2020-06-25,1,0.3915065111756414,gc1s,0.0168869309883019,1.0
2020-06-26,1,0.5237544918690744,gc1s,0.0113464022960183,1.0
2020-06-29,1,0.3637311252624094,gc1s,0.0108353918773194,1.0
2020-07-02,1,0.5445599908505555,gc1s,0.0111173184317352,1.0
2020-07-06,1,0.48047418542313797,gc1s,0.0091441315854585,1.0
2020-07-07,0,0.5363676971747878,gc1s,-0.003370351949242,1.0
2020-07-08,0,0.5175397391216376,gc1s,-0.0092277271240087,1.0
2020-07-09,0,0.44837400004148026,gc1s,-0.0019403481507583,1.0
2020-07-10,1,0.3991853721742107,gc1s,0.0067706310062467,1.0
2020-07-13,0,0.41283958909133966,gc1s,-0.0076070778897829,1.0
2020-07-14,0,0.42323197214737646,gc1s,-0.0072239991208821,1.0
2020-07-15,0,0.4285918483248038,gc1s,-0.0074429374711508,1.0
2020-07-16,1,0.4261845396422779,gc1s,0.0094984169263021,1.0
2020-08-18,1,0.5139037293444929,gc1s,0.0212607421442753,-1.0
2020-08-19,1,0.5080032603275816,gc1s,0.0239557427732967,-1.0
2020-08-20,0,0.45875659978832706,gc1s,-0.0145902902632852,-1.0
2020-08-21,0,0.4619321330991862,gc1s,-0.0143297380543481,-1.0
2020-08-24,0,0.48001581292552375,gc1s,-0.0068584983503723,-1.0
2020-09-23,1,0.49307189586054995,gc1s,0.0186255619888742,1.0
2020-09-24,0,0.49557218357122734,gc1s,-0.0056476104320847,1.0
2020-09-25,1,0.5061578510405592,gc1s,0.0197717408877802,1.0
2020-09-28,1,0.5082654836387939,gc1s,0.0111034372906257,1.0
2020-09-29,0,0.5305017854752585,gc1s,-0.0040458175768168,1.0
2020-09-30,1,0.5240228180979918,gc1s,0.0109733579588646,1.0
2020-10-19,0,0.37117081314690276,gc1s,-0.0037139718603895,1.0
2020-10-20,0,0.403629242642884,gc1s,-0.0056385089264249,1.0
2020-10-21,0,0.41521493621958605,gc1s,-0.0129048976457629,1.0
2020-10-22,0,0.4094742583110073,gc1s,-0.0133361335653541,1.0
2020-10-23,0,0.4107517967435295,gc1s,-0.0136468612193938,1.0
2020-10-26,0,0.4175913121229601,gc1s,-0.0139056514670193,1.0
2020-10-27,0,0.3927706420033313,gc1s,-0.017103404987815,1.0
2020-10-28,0,0.36444540013107096,gc1s,-0.0059599829725757,1.0
2020-10-29,1,0.37151037740425596,gc1s,0.013115631693257,1.0
2020-10-30,1,0.3831466635629079,gc1s,0.0162242672463663,1.0
2020-11-03,0,0.41004882688490263,gc1s,-0.007432998317896,1.0
2020-11-04,1,0.4302282357031838,gc1s,0.0266849488447435,1.0
2020-11-10,0,0.5151330889386847,gc1s,-0.0078874440381105,1.0
2020-11-12,0,0.5601924770419722,gc1s,-0.0062990444585809,1.0
2020-11-19,0,0.40411702337792627,gc1s,-0.0127316680196953,1.0
2020-11-23,0,0.4962492717121675,gc1s,-0.0180033620691055,1.0
2020-11-24,0,0.5379909038055468,gc1s,-0.0125904246539051,1.0
2020-11-25,0,0.42933399182387255,gc1s,-0.0127539752730199,1.0
2020-11-27,0,0.5551551390431211,gc1s,-0.0040266204295856,1.0
2020-11-30,1,0.557809787430519,gc1s,0.0213375259614851,1.0
2020-12-01,1,0.5593420557566915,gc1s,0.0258947715688888,1.0
2020-12-02,1,0.5549607671437417,gc1s,0.0195607037449814,1.0
2020-12-14,1,0.5213200309062718,gc1s,0.0126630642392653,1.0
2020-12-15,1,0.46585815855821827,gc1s,0.0189187732432076,1.0
2020-12-16,1,0.42912655594174753,gc1s,0.016836103496157,1.0
2020-12-24,1,0.3712700380422799,gc1s,0.0336661002511482,1.0
2020-12-28,1,0.42227161012379,gc1s,0.0352052754742366,1.0
2020-12-29,1,0.40179373741882635,gc1s,0.0338307929269268,1.0
2020-12-30,1,0.3961229872956283,gc1s,0.0280976022043684,1.0
2020-12-31,1,0.3958387050777222,gc1s,0.0271753469542324,1.0
2021-01-04,0,0.39268732210919904,gc1s,-0.0195212164849243,1.0
2021-01-20,1,0.537293505690278,gc1s,0.0155711839572759,-1.0
2021-01-21,1,0.549207903821589,gc1s,0.015254630386853,-1.0
2021-02-04,1,0.5782901172043582,gc1s,0.0240062527977837,1.0
2021-02-19,1,0.5215717210222426,gc1s,0.0174412062589601,1.0
2021-02-26,0,0.5558259182319215,gc1s,-0.0033549282686626,1.0
2021-03-01,0,0.5564894382451141,gc1s,-0.0041787579825778,1.0
2021-03-02,0,0.5442380572674091,gc1s,-0.0102676511291741,1.0
2021-03-03,0,0.5587219629803342,gc1s,-0.0088005594998391,1.0
2021-03-04,0,0.5328081843077874,gc1s,-0.0133474451660544,1.0
2021-03-05,0,0.5383880007254481,gc1s,-0.0120694730529821,1.0
2021-03-08,1,0.5563100300262427,gc1s,0.023182359946539,1.0
2021-03-09,1,0.5545688410167146,gc1s,0.0144446385863623,1.0
2021-03-10,1,0.5447226355859973,gc1s,0.0115576721991235,1.0
2021-03-11,0,0.5309942686094256,gc1s,-0.0059118915958444,1.0
2021-03-12,1,0.5456769065404773,gc1s,0.0127340388379881,1.0
2021-03-15,0,0.44649035545853016,gc1s,-0.0097061210122385,1.0
2021-03-16,0,0.35381564997407006,gc1s,-0.0033508579441596,1.0
2021-03-17,0,0.4435981208969597,gc1s,-0.0085020117302617,1.0
2021-03-18,0,0.5362404761613268,gc1s,-0.0042712842807602,1.0
2021-03-19,0,0.5274860716564206,gc1s,-0.0095309180667646,1.0
2021-04-06,0,0.37927680178419204,gc1s,-0.008720596673867,-1.0
2021-04-07,0,0.3756150424784458,gc1s,-0.0095314653229261,-1.0
2021-04-09,0,0.3648134781418753,gc1s,-0.0126088950063949,-1.0
2021-05-07,0,0.4001331729648383,gc1s,-0.0046415114975703,1.0
2021-05-12,1,0.40862223126026975,gc1s,0.0083936800581232,1.0
2021-05-13,1,0.39465628053676427,gc1s,0.0077302631693596,1.0
2021-05-17,1,0.3960657700360538,gc1s,0.0074427072211031,1.0
2021-05-18,1,0.40230362294939875,gc1s,0.0074411134936285,1.0
2021-05-19,0,0.3840125899374901,gc1s,-0.0025511559957609,1.0
2021-05-20,0,0.3890067210343574,gc1s,-0.0027631648922065,1.0
2021-05-28,0,0.3833541195965042,gc1s,-0.0167952553414891,1.0
2021-06-01,0,0.38376264106889557,gc1s,-0.0166404199475387,1.0
2021-08-03,1,0.3840256050727665,gc1s,0.0281131139480689,-1.0
2021-08-04,1,0.3858107823360093,gc1s,0.0283273629144505,-1.0
2021-08-09,1,0.5187585214811945,gc1s,0.0155227338597954,1.0
2021-08-10,1,0.5432735732182019,gc1s,0.0124732921406951,1.0
2021-08-11,1,0.5466838170781962,gc1s,0.0142017909095844,1.0
2021-08-12,1,0.5385511037210684,gc1s,0.0150702135027098,1.0
2021-09-20,0,0.40349920365805475,gc1s,-0.0079374078816135,1.0
2021-09-21,0,0.3966736411633861,gc1s,-0.0159712068459003,1.0
2021-09-22,0,0.38662425714738413,gc1s,-0.016303125712917,1.0
2021-09-23,0,0.44429040735265,gc1s,-0.0070293747855525,1.0
2021-09-24,0,0.3862416665876209,gc1s,-0.0081064109189596,1.0
2021-09-27,0,0.42845189836162306,gc1s,-0.0082762557129797,1.0
2021-09-28,0,0.41670863510268064,gc1s,-0.00840287769884,1.0
2021-09-29,1,0.4140325201893565,gc1s,0.0197922108130921,1.0
2020-01-30,0,0.5601420154739649,hg1s,-0.0071315351629215,-1.0
2020-01-31,0,0.5348908304420088,hg1s,-0.0099324574869592,-1.0
2020-02-03,0,0.5578544769623047,hg1s,-0.0139609076015394,-1.0
2020-02-04,0,0.5392325940089104,hg1s,-0.0127852091658191,-1.0
2020-02-05,0,0.5249236704588249,hg1s,-0.0071858614045801,-1.0
2020-02-06,1,0.5310335220478848,hg1s,0.0154261471263895,-1.0
2020-02-07,1,0.531276610534744,hg1s,0.018409714153929,1.0
2020-02-10,1,0.5317508512096657,hg1s,0.0127426001550603,1.0
2020-02-11,0,0.5347276777693329,hg1s,-0.0061846052602215,1.0
2020-02-12,0,0.5070167515813488,hg1s,-0.0049999996154446,-1.0
2020-02-13,1,0.487389974562474,hg1s,0.0137772666995413,-1.0
2020-02-14,0,0.5145341781655219,hg1s,-0.0032698597030536,-1.0
2020-02-18,1,0.5126972529178571,hg1s,0.0141992463866494,-1.0
2020-02-19,1,0.5103992114685878,hg1s,0.0149558074755911,-1.0
2020-02-20,0,0.5117499657246828,hg1s,-0.0077279751610066,-1.0
2020-02-21,1,0.4992591306598884,hg1s,0.0118865038588343,-1.0
2020-02-24,1,0.5015215677551315,hg1s,0.0168376229711502,-1.0
2020-02-25,1,0.5439015609157205,hg1s,0.0162664600432898,-1.0
2020-02-26,1,0.5438662363809124,hg1s,0.0130172924510391,-1.0
2020-02-27,1,0.5230295182070057,hg1s,0.0122496588802774,-1.0
2020-02-28,1,0.5145191278742237,hg1s,0.0216535412614202,1.0
2020-03-02,1,0.4497821116227228,hg1s,0.0132947961658602,-1.0
2020-03-03,0,0.43473797713804113,hg1s,-0.0050524692358404,-1.0
2020-03-04,1,0.4460407279996705,hg1s,0.0098607893989616,-1.0
2020-03-05,1,0.43696640743503157,hg1s,0.0242907107374277,-1.0
2020-03-06,1,0.4375838329438092,hg1s,0.0195274362878103,-1.0
2020-03-09,0,0.4845415323138065,hg1s,-0.0033857788027231,1.0
2020-03-10,0,0.4805106445074375,hg1s,-0.0077334906447618,1.0
2020-03-11,1,0.49088976992379385,hg1s,0.0117905682505013,-1.0
2020-03-12,1,0.4999335417838129,hg1s,0.0323559147890302,-1.0
2020-03-13,1,0.5364026347979644,hg1s,0.0290178577784889,-1.0
2020-03-16,1,0.5431005216976814,hg1s,0.0330198525012177,-1.0
2020-03-17,1,0.5620029887217367,hg1s,0.070239896116716,-1.0
2020-03-18,0,0.5623382277072857,hg1s,-0.0160390497163991,-1.0
2020-03-19,1,0.55749268290975,hg1s,0.0388927027671648,-1.0
2020-03-20,1,0.5630603871138522,hg1s,0.0326962950205684,-1.0
2020-03-23,0,0.5633380743524086,hg1s,-0.0378481325805453,-1.0
2020-03-24,0,0.5491078627083171,hg1s,-0.011009175366516,-1.0
2020-03-25,0,0.5116341832434849,hg1s,-0.0108892894378036,-1.0
2020-03-26,0,0.536050839286223,hg1s,-0.0229568375429454,-1.0
2020-03-27,0,0.5150710289769267,hg1s,-0.025782687399195,-1.0
2020-03-30,1,0.5311448067332982,hg1s,0.0336348853783556,1.0
2020-03-31,0,0.4556842130726212,hg1s,-0.0240125654478683,1.0
2020-04-01,1,0.5147200849162956,hg1s,0.0450678302298064,1.0
2020-04-02,0,0.4821911149760675,hg1s,-0.0243407712798611,-1.0
2020-04-03,1,0.49524910423626745,hg1s,0.03648802708365,1.0
2020-04-06,1,0.4831386860713781,hg1s,0.0383314513762338,1.0
2020-04-07,0,0.4441192863706641,hg1s,-0.0132013195739846,-1.0
2020-04-08,0,0.4774466614315826,hg1s,-0.0188053083076127,-1.0
2020-04-09,0,0.4651864691023663,hg1s,-0.0190307561992308,-1.0
2020-04-13,0,0.3950020565584137,hg1s,-0.0117263846011608,-1.0
2020-04-14,1,0.38860844515888976,hg1s,0.0429276638850821,-1.0
2020-04-15,0,0.4275987049652878,hg1s,-0.0211236903755158,-1.0
2020-04-16,0,0.4328335556880159,hg1s,-0.0233522460598902,-1.0
2020-04-17,1,0.3984789050749228,hg1s,0.0490509671238491,-1.0
2020-04-20,1,0.42559769511429135,hg1s,0.0390086177309207,-1.0
2020-04-21,1,0.5103521411520671,hg1s,0.0271361265797827,1.0
2020-04-22,0,0.4444685726219042,hg1s,-0.009606986004383,-1.0
2020-04-23,0,0.44170109425591403,hg1s,-0.0108131507469628,-1.0
2020-04-24,0,0.4238434027910647,hg1s,-0.0145516793245707,-1.0
2020-04-27,0,0.40560221989349055,hg1s,-0.0108742000255075,-1.0
2020-04-28,0,0.40463390278320066,hg1s,-0.0106587084066966,-1.0
2020-04-29,1,0.39218684354958155,hg1s,0.0246783382467041,-1.0
2020-04-30,0,0.41584536707076963,hg1s,-0.0155716721801515,-1.0
2020-05-01,0,0.41952635517995873,hg1s,-0.0088667844488634,-1.0
2020-05-04,0,0.4192582372516231,hg1s,-0.0086486517407513,-1.0
2020-05-05,0,0.41279444290059,hg1s,-0.0062165052341442,-1.0
2020-05-06,0,0.43077848942079466,hg1s,-0.0142735407774181,-1.0
2020-05-07,0,0.4058992530949836,hg1s,-0.0107120348799569,-1.0
2020-05-08,1,0.3453923907646316,hg1s,0.019534497785964,-1.0
2020-05-11,1,0.32460316918994164,hg1s,0.0207983169466686,-1.0
2020-05-12,0,0.3116460680417636,hg1s,-0.0190758793233689,-1.0
2020-05-13,0,0.32279405786486776,hg1s,-0.0247229336558312,-1.0
2020-05-14,0,0.35411820702030994,hg1s,-0.0247229336558312,-1.0
2020-05-15,1,0.3802874207914235,hg1s,0.0315382955303407,1.0
2020-05-18,0,0.3492055748388839,hg1s,-0.0058236272791831,-1.0
2020-05-19,0,0.3358054570520087,hg1s,-0.0173697270214359,-1.0
2020-05-20,1,0.34004503270243525,hg1s,0.011382113804578,-1.0
2020-05-21,1,0.3525320276445746,hg1s,0.0187088806929369,-1.0
2020-05-22,0,0.34420622360960074,hg1s,-0.0134087560632307,-1.0
2020-05-26,1,0.35518590822541773,hg1s,0.0150919990366885,-1.0
2020-05-27,0,0.36613288002068395,hg1s,-0.0132241804704578,-1.0
2020-05-28,0,0.3468837175556708,hg1s,-0.0049720347891879,-1.0
2020-05-29,0,0.34881085705819387,hg1s,-0.0185528754018866,-1.0
2020-06-01,0,0.32357828040407044,hg1s,-0.0082979142961512,-1.0
2020-06-02,0,0.3160390939043937,hg1s,-0.0258932154253359,-1.0
2020-06-03,0,0.28599497374163935,hg1s,-0.0273366824021372,-1.0
2020-06-04,0,0.2827807498866828,hg1s,-0.0265113456638552,-1.0
2020-06-05,0,0.3049976268302689,hg1s,-0.0039131299427153,-1.0
2020-06-08,0,0.31799999788574607,hg1s,-0.013057883537896,-1.0
2020-06-09,0,0.320006883830849,hg1s,-0.0221238920280639,-1.0
2020-06-10,1,0.32094896805585554,hg1s,0.0263504611123602,-1.0
2020-06-11,0,0.3393380256005532,hg1s,-0.007539145672731,1.0
2020-06-12,0,0.33595828455707577,hg1s,-0.0126923083631266,1.0
2020-06-15,1,0.33697525803838135,hg1s,0.0171406320044416,1.0
2020-06-16,1,0.34218553933813534,hg1s,0.018132190783634,1.0
2020-06-17,1,0.336127773722413,hg1s,0.0243290226450474,1.0
2020-06-18,1,0.3090994783607676,hg1s,0.0249227200746027,1.0
2020-06-19,0,0.31061158136208555,hg1s,-0.0158942939199266,-1.0
2020-06-22,0,0.2890916301322414,hg1s,-0.0069541956533045,-1.0
2020-06-23,0,0.28145025413861535,hg1s,-0.004681589310473,-1.0
2020-06-24,0,0.2930634255105156,hg1s,-0.0077140186268878,-1.0
2020-06-25,0,0.282245034901628,hg1s,-0.0054144860196221,-1.0
2020-06-26,0,0.2826234020984027,hg1s,-0.0050391911669711,-1.0
2020-06-29,0,0.2806971124474158,hg1s,-0.013370476103462,-1.0
2020-06-30,0,0.28335017728895806,hg1s,-0.007330034841847,-1.0
2020-07-01,0,0.2802230099569303,hg1s,-0.0053035852018024,-1.0
2020-07-02,0,0.28033860195392785,hg1s,-0.0094597031922234,-1.0
2020-07-06,0,0.2852224483384713,hg1s,-0.0081095712214287,-1.0
2020-07-07,0,0.28436644817482204,hg1s,-0.0096531979443319,-1.0
2020-07-08,0,0.28517128760513144,hg1s,-0.0051345616010569,-1.0
2020-07-09,0,0.28464123125685026,hg1s,-0.0207856261601038,-1.0
2020-07-10,0,0.2892120718330725,hg1s,-0.0198446948783483,-1.0
2020-07-13,1,0.3227856096282015,hg1s,0.0236886647832827,-1.0
2020-07-14,1,0.3105770612199115,hg1s,0.016197783191011,-1.0
2020-07-15,0,0.29470718020349895,hg1s,-0.0057192384073256,-1.0
2020-07-16,0,0.29587499950860535,hg1s,-0.0048250896245309,-1.0
2020-07-17,0,0.2961211895747816,hg1s,-0.0037872254337882,-1.0
2020-07-20,0,0.2952549186936071,hg1s,-0.0145772584704368,-1.0
2020-07-21,1,0.2781076124908761,hg1s,0.0113252174750351,-1.0
2020-07-22,0,0.30329691615988824,hg1s,-0.0047871422599117,-1.0
2020-07-23,1,0.3193844702520076,hg1s,0.0156542462883932,-1.0
2020-07-24,0,0.3700030393834243,hg1s,-0.00864304312153,-1.0
2020-07-27,0,0.3640504884515363,hg1s,-0.0069025021894459,-1.0
2020-07-28,1,0.31996854290869314,hg1s,0.0169665809842417,-1.0
2020-07-29,1,0.32199393641936636,hg1s,0.0174717357080897,-1.0
2020-07-30,1,0.33723988857498977,hg1s,0.015785862279969,-1.0
2020-07-31,0,0.41393384473169964,hg1s,-0.0153417021897495,-1.0
2020-08-03,1,0.35915722161434366,hg1s,0.0410370894431284,-1.0
2020-08-04,0,0.36044188428171475,hg1s,-0.0077733651231153,-1.0
2020-08-05,1,0.3567514406078683,hg1s,0.0426808386978552,-1.0
2020-08-06,1,0.3343893552763102,hg1s,0.0405428619938628,-1.0
2020-08-07,1,0.44056091830960975,hg1s,0.0247090435652372,1.0
2020-08-10,0,0.3336224000188465,hg1s,-0.0190459556565621,1.0
2020-08-11,0,0.33726270620569476,hg1s,-0.0238219439110013,1.0
2020-08-12,0,0.33188617155884836,hg1s,-0.0290556907739322,1.0
2020-08-13,1,0.4049333438229776,hg1s,0.0185251146799481,1.0
2020-08-14,1,0.32960342269598863,hg1s,0.0405736297289662,1.0
2020-08-17,1,0.32267523119292224,hg1s,0.0253317255790415,1.0
2020-08-18,0,0.328336200936534,hg1s,-0.0193277322158962,1.0
2020-08-19,0,0.38845644065820994,hg1s,-0.0160436651076836,1.0
2020-08-20,0,0.3986230484741486,hg1s,-0.0191628841919022,1.0
2020-08-21,1,0.37109564328824385,hg1s,0.0182538852166427,1.0
2020-08-24,1,0.38454975427028987,hg1s,0.0249664260361874,1.0
2020-08-25,1,0.3870993327731414,hg1s,0.0223463690658414,1.0
2020-08-26,1,0.4084593302584098,hg1s,0.0268321337488832,1.0
2020-08-27,1,0.4084245142071728,hg1s,0.0237418516617791,1.0
2020-08-28,0,0.40510724225759764,hg1s,-0.0147375417110507,1.0
2020-08-31,0,0.3678717578424817,hg1s,-0.0107790300532315,1.0
2020-09-01,0,0.38642522586216826,hg1s,-0.0176655131515678,1.0
2020-09-02,0,0.3780162954123938,hg1s,-0.0150637323085596,1.0
2020-09-03,1,0.37068939480200874,hg1s,0.0292436992865685,1.0
2020-09-04,0,0.3774151567665672,hg1s,-0.012083606180645,1.0
2020-09-08,0,0.3861022334318187,hg1s,-0.0087603305983169,1.0
2020-09-09,0,0.3910065536796526,hg1s,-0.0173685073304199,1.0
2020-09-10,1,0.40698376992553165,hg1s,0.0231782545214531,1.0
2020-09-11,1,0.40038269718538777,hg1s,0.0251686115060998,1.0
2020-09-14,0,0.3865119823781237,hg1s,-0.0156453723584477,-1.0
2020-09-15,0,0.3904811567444192,hg1s,-0.0173032974693441,-1.0
2020-09-16,0,0.40125803776882457,hg1s,-0.0179679846337088,-1.0
2020-09-17,0,0.3864562313619155,hg1s,-0.0146532064143569,-1.0
2020-09-18,0,0.27124123688715934,hg1s,-0.0269576379696527,1.0
2020-09-21,0,0.3831630982434971,hg1s,-0.0128627950330055,1.0
2020-09-22,0,0.38615217076265224,hg1s,-0.0222149603165258,1.0
2020-09-23,0,0.4277658813869144,hg1s,-0.0083528251747149,1.0
2020-09-24,1,0.44438482009654184,hg1s,0.0217318054022128,1.0
2020-09-25,1,0.4598778539992964,hg1s,0.0207000985883125,1.0
2020-09-28,0,0.41644566053851373,hg1s,-0.0416387950357807,1.0
2020-09-29,1,0.411314197682089,hg1s,0.0142140461698345,1.0
2020-09-30,1,0.3971598426444929,hg1s,0.0550700726503865,-1.0
2020-10-01,1,0.45580440716948223,hg1s,0.0390856753021309,1.0
2020-10-02,0,0.3815895163618726,hg1s,-0.0186397981307038,-1.0
2020-10-05,1,0.379413969216645,hg1s,0.0236247055994349,1.0
2020-10-06,1,0.38360253428137986,hg1s,0.0234520008919376,1.0
2020-10-07,0,0.3844273588845323,hg1s,-0.0163204736435478,-1.0
2020-10-08,0,0.3947567888522104,hg1s,-0.0133136085452003,-1.0
2020-10-09,0,0.40269640151562713,hg1s,-0.0212489871905079,-1.0
2020-10-12,0,0.39022226202354215,hg1s,-0.0070169692641803,-1.0
2020-10-13,0,0.39444809844181383,hg1s,-0.0134669059949756,-1.0
2020-10-14,0,0.4019532525820445,hg1s,-0.0114735265949832,-1.0
2020-10-15,0,0.41070355583441,hg1s,-0.0202560382727432,-1.0
2020-10-16,0,0.40272739078458314,hg1s,-0.0060309715735744,-1.0
2020-10-19,1,0.38737175367748927,hg1s,0.0200907321572714,1.0
2020-10-20,0,0.34298227362138944,hg1s,-0.0060355792140081,1.0
2020-10-21,0,0.30843857466654334,hg1s,-0.0140690965430598,1.0
2020-10-22,0,0.34627573612214496,hg1s,-0.0077691451626129,1.0
2020-10-23,0,0.37075514769686013,hg1s,-0.0126238418186611,1.0
2020-10-26,0,0.37967622673673734,hg1s,-0.0082537612749005,1.0
2020-10-27,0,0.37752065563939186,hg1s,-0.0095361231760219,1.0
2020-10-28,0,0.4349950091520024,hg1s,-0.0053851189538027,1.0
2020-10-29,1,0.4745820258558819,hg1s,0.0165221662892314,1.0
2020-10-30,1,0.4796951005555698,hg1s,0.0147662035677409,1.0
2020-11-02,0,0.4466916765911243,hg1s,-0.0050373740189093,-1.0
2020-11-03,0,0.4108348601538034,hg1s,-0.0046887615986415,-1.0
2020-11-04,0,0.4036826186710981,hg1s,-0.0151271315528584,-1.0
2020-11-05,0,0.39471618682198856,hg1s,-0.0141479102223156,-1.0
2020-11-06,0,0.3369418871837224,hg1s,-0.0076093852859611,-1.0
2020-11-09,0,0.33743675785649113,hg1s,-0.0069708492980329,-1.0
2020-11-10,0,0.34651219891929264,hg1s,-0.0071304067387292,-1.0
2020-11-11,1,0.4004418326522523,hg1s,0.0140395662969312,1.0
2020-11-12,1,0.4001967071558129,hg1s,0.0104928459710351,1.0
2020-11-13,0,0.34342045246263625,hg1s,-0.0138451858917114,-1.0
2020-11-16,0,0.3312481259692471,hg1s,-0.0074487899370672,1.0
2020-11-17,1,0.33175935138385226,hg1s,0.0290806752119752,1.0
2020-11-18,1,0.32766342641034496,hg1s,0.0290806752119752,1.0
2020-11-19,1,0.32594864689766034,hg1s,0.0277951273206897,1.0
2020-11-20,1,0.2786525867571251,hg1s,0.0100273474882885,-1.0
2020-11-23,0,0.30406235338202475,hg1s,-0.0128126920983173,-1.0
2020-11-24,1,0.2865874246408715,hg1s,0.0293674696563901,1.0
2020-11-25,1,0.2801822414743442,hg1s,0.02612220460001,1.0
2020-11-27,0,0.2960319075334041,hg1s,-0.0059985358925858,-1.0
2020-11-30,0,0.288286743427775,hg1s,-0.0136707400938425,-1.0
2020-12-01,0,0.290190952389677,hg1s,-0.0113342899643138,-1.0
2020-12-02,0,0.2964315330019832,hg1s,-0.0101748363883429,-1.0
2020-12-03,0,0.300815283605695,hg1s,-0.0097407257924182,-1.0
2020-12-04,0,0.30436403849117444,hg1s,-0.0146120011940902,-1.0
2020-12-07,0,0.29841930983791454,hg1s,-0.0169202330488997,-1.0
2020-12-08,0,0.29512344162622506,hg1s,-0.0041440416748326,-1.0
2020-12-09,0,0.27433691130192,hg1s,-0.0177885302653748,-1.0
2020-12-10,1,0.2656790810219819,hg1s,0.0134228185850311,-1.0
2020-12-11,0,0.2906732178068336,hg1s,-0.0046768707503432,-1.0
2020-12-14,0,0.33624950457753,hg1s,-0.0051042111960242,-1.0
2020-12-15,0,0.335171560846356,hg1s,-0.0040908454803914,-1.0
2020-12-16,0,0.3275887477323353,hg1s,-0.0119415571938357,-1.0
2020-12-17,0,0.29975859794768256,hg1s,-0.0086075227817068,-1.0
2020-12-18,1,0.3009540474106168,hg1s,0.0151410866453529,-1.0
2020-12-21,1,0.3589135997091878,hg1s,0.0160726768161396,-1.0
2020-12-22,1,0.41841657882262207,hg1s,0.0120738642301312,1.0
2020-12-23,0,0.3719168807538423,hg1s,-0.0104049483733101,1.0
2020-12-24,0,0.37076693835796065,hg1s,-0.0037894732522031,1.0
2020-12-28,0,0.3708660934481157,hg1s,-0.0043405199294418,1.0
2020-12-29,0,0.3822867267523195,hg1s,-0.010265785110067,1.0
2020-12-30,0,0.3795676160673512,hg1s,-0.0084530849398519,1.0
2020-12-31,1,0.4412223525122947,hg1s,0.0100880919601633,1.0
2021-01-04,1,0.39340211461466074,hg1s,0.0239133504462019,1.0
2021-01-05,0,0.3303139887951628,hg1s,-0.0030223916307121,-1.0
2021-01-06,0,0.3434196202790045,hg1s,-0.0124640470189625,-1.0
2021-01-07,1,0.3356802334739747,hg1s,0.0355790050243272,-1.0
2021-01-08,1,0.3636879294834991,hg1s,0.0296719748407575,-1.0
2021-01-11,1,0.42262262941934664,hg1s,0.0147285738756626,1.0
2021-01-12,0,0.42442859689215046,hg1s,-0.0031895715604186,-1.0
2021-01-13,0,0.4197159016036746,hg1s,-0.0131324306918549,-1.0
2021-01-14,1,0.4110051986065234,hg1s,0.0170555330917768,-1.0
2021-01-15,0,0.42481023648621774,hg1s,-0.0123542477124281,1.0
2021-01-19,0,0.42124321128096165,hg1s,-0.0038530354679545,1.0
2021-01-20,0,0.4238060109718208,hg1s,-0.0042564891222662,1.0
2021-01-21,0,0.4168919948857058,hg1s,-0.0058944481900768,1.0
2021-01-22,0,0.4178377851235339,hg1s,-0.0188913391404829,1.0
2021-01-25,0,0.3940589613381516,hg1s,-0.0198374417193656,1.0
2021-01-26,0,0.38564286791989244,hg1s,-0.0171294364441523,1.0
2021-01-27,0,0.49256681586049733,hg1s,-0.0032326072406613,1.0
2021-01-28,0,0.43952968816543586,hg1s,-0.0061486856339793,1.0
2021-01-29,0,0.5168990074990079,hg1s,-0.0088582675029269,1.0
2021-02-01,0,0.5256643553804707,hg1s,-0.0060631696975982,1.0
2021-02-02,1,0.5266272732658261,hg1s,0.0287984098867781,1.0
2021-02-03,0,0.44698270432614506,hg1s,-0.0035058206689596,1.0
2021-02-04,1,0.48582836327797585,hg1s,0.0205460168877429,1.0
2021-02-05,0,0.3863250357487752,hg1s,-0.0110314413895884,-1.0
2021-02-08,0,0.37765330879346315,hg1s,-0.0147299492115373,-1.0
2021-02-09,1,0.34890694687277135,hg1s,0.014112903657858,1.0
2021-02-10,1,0.32131637728579465,hg1s,0.0163021862789536,1.0
2021-02-11,1,0.35081497288507363,hg1s,0.0165716538547477,1.0
2021-02-12,1,0.35119568985248834,hg1s,0.0121436094303815,1.0
2021-02-16,0,0.3319800325246788,hg1s,-0.0174752225965566,-1.0
2021-02-17,0,0.35439792843607176,hg1s,-0.0210705409972944,-1.0
2021-02-18,0,0.3046132642013898,hg1s,-0.044347603531436,-1.0
2021-02-19,0,0.31008787952241673,hg1s,-0.0164457523006511,-1.0
2021-02-22,0,0.2974478925516904,hg1s,-0.0092793444921626,-1.0
2021-02-23,0,0.3136919320415771,hg1s,-0.0278208972641926,-1.0
2021-02-24,1,0.3134936207580975,hg1s,0.049140335481399,-1.0
2021-02-25,1,0.3325527989097453,hg1s,0.0401078924706435,-1.0
2021-02-26,1,0.37651143400762954,hg1s,0.0316432491228098,1.0
2021-03-01,0,0.35239464866360215,hg1s,-0.0265013355307259,-1.0
2021-03-02,1,0.3347948567881348,hg1s,0.0189483643582448,-1.0
2021-03-03,1,0.3862081247134828,hg1s,0.0394736847773736,-1.0
2021-03-04,1,0.4654574016944103,hg1s,0.02438104843944,1.0
2021-03-05,0,0.42203002209408036,hg1s,-0.0164397017327183,1.0
2021-03-08,0,0.421417044406486,hg1s,-0.0206450051397577,1.0
2021-03-09,1,0.44885871993498017,hg1s,0.0325558197672035,1.0
2021-03-10,1,0.4383541421513966,hg1s,0.0264104160368778,1.0
2021-03-11,1,0.43751270926401525,hg1s,0.0388982854341574,-1.0
2021-03-12,1,0.4401237596989242,hg1s,0.0391304351217073,-1.0
2021-03-15,1,0.44997932062497903,hg1s,0.0392464689003708,-1.0
2021-03-16,0,0.4583626078859789,hg1s,-0.0229645104402353,1.0
2021-03-17,1,0.4596338824178233,hg1s,0.0342316102810845,-1.0
2021-03-18,0,0.4584801301078687,hg1s,-0.0076679665088432,-1.0
2021-03-19,0,0.4568050028312459,hg1s,-0.0064429856132983,-1.0
2021-03-22,1,0.4358160361236599,hg1s,0.0390143752845987,-1.0
2021-03-23,1,0.41429242893232293,hg1s,0.0248805011702437,-1.0
2021-03-24,1,0.48386403848225906,hg1s,0.021161419076161,-1.0
2021-03-25,1,0.5518584237020133,hg1s,0.0226244362545355,1.0
2021-03-26,1,0.46551861480227147,hg1s,0.0220009842805429,-1.0
2021-03-29,0,0.47702946175575145,hg1s,-0.0138802830342834,1.0
2021-03-30,1,0.5533228196076868,hg1s,0.0399648106328975,1.0
2021-03-31,1,0.517314601691582,hg1s,0.0355399826546072,1.0
2021-04-01,1,0.5265798673298662,hg1s,0.0368374887042954,1.0
2021-04-05,1,0.43568056187396714,hg1s,0.0200604221156763,-1.0
2021-04-06,1,0.45508471429077824,hg1s,0.0185837476775253,-1.0
2021-04-07,0,0.4738950248928028,hg1s,-0.0088790236074892,1.0
2021-04-08,0,0.4623200762413965,hg1s,-0.0133105387133021,1.0
2021-04-09,0,0.46943893333798775,hg1s,-0.0053217826202109,1.0
2021-04-12,1,0.4793302703468478,hg1s,0.0273733979101744,1.0
2021-04-13,1,0.45411517953073705,hg1s,0.0240605236818818,1.0
2021-04-14,1,0.40430452140250395,hg1s,0.0217996848324979,1.0
2021-04-15,0,0.3426503080102469,hg1s,-0.0119710799288392,1.0
2021-04-16,1,0.40688199419089033,hg1s,0.0167946252824966,1.0
2021-04-19,0,0.41726036325941057,hg1s,-0.009674374543251,-1.0
2021-04-20,1,0.43256718766634733,hg1s,0.0291953472362882,1.0
2021-04-21,0,0.4239144348046569,hg1s,-0.0133208693350841,-1.0
2021-04-22,0,0.4202848956425946,hg1s,-0.0147437387756237,-1.0
2021-04-23,0,0.4103630989942687,hg1s,-0.0242158675229446,-1.0
2021-04-26,0,0.3708295034049931,hg1s,-0.0092248860243331,-1.0
2021-04-27,0,0.37519812615134107,hg1s,-0.0095864443678765,-1.0
2021-04-28,0,0.3688577578485004,hg1s,-0.0068927188994454,-1.0
2021-04-29,0,0.3847166459450573,hg1s,-0.0093614178294352,-1.0
2021-04-30,1,0.4038548419999467,hg1s,0.0301029534636223,1.0
2021-05-03,1,0.3896426250705522,hg1s,0.0163409516343342,1.0
2021-05-04,1,0.39263877582128076,hg1s,0.0179144088597997,1.0
2021-05-05,1,0.3756396786594042,hg1s,0.0173519017024106,1.0
2021-05-06,1,0.3263473333675665,hg1s,0.0317218903057263,1.0
2021-05-07,0,0.31443220398985383,hg1s,-0.0068442657640231,1.0
2021-05-10,0,0.3284429740653638,hg1s,-0.0054071255898323,1.0
2021-05-11,0,0.3417039653540096,hg1s,-0.0054598911951863,1.0
2021-05-12,0,0.3797906313504231,hg1s,-0.0096072637599488,1.0
2021-05-13,0,0.3862299234220803,hg1s,-0.0076750871065088,1.0
2021-05-14,1,0.40523508313093226,hg1s,0.0122462126047664,1.0
2021-05-17,0,0.38826160349421845,hg1s,-0.0286532956099021,1.0
2021-05-18,0,0.3841888521680002,hg1s,-0.0315310554683425,1.0
2021-05-19,0,0.44782267812336113,hg1s,-0.0208674746313509,1.0
2021-05-20,0,0.4485972822670489,hg1s,-0.0190455333274005,1.0
2021-05-21,1,0.46490709972653177,hg1s,0.0406159330916393,1.0
2021-05-24,0,0.4478868120022662,hg1s,-0.0303833827771351,-1.0
2021-05-25,0,0.47030194423967675,hg1s,-0.0051037389006074,-1.0
2021-05-26,1,0.4602959015907725,hg1s,0.0294734501371962,1.0
2021-05-27,1,0.38904616187640795,hg1s,0.0153334751471246,-1.0
2021-05-28,1,0.3851184398178116,hg1s,0.0183858901019207,-1.0
2021-06-01,0,0.3944438315650638,hg1s,-0.0133233046003833,1.0
2021-06-02,0,0.4058824708917072,hg1s,-0.0279864967046495,1.0
2021-06-03,1,0.5108308066632666,hg1s,0.0208380015996927,1.0
2021-06-04,0,0.4505946490359268,hg1s,-0.0097151688986075,1.0
2021-06-07,0,0.4412754197427898,hg1s,-0.0091682322959789,1.0
2021-06-08,0,0.4215671609688802,hg1s,-0.0054872710054325,1.0
2021-06-09,0,0.44172442149699326,hg1s,-0.0101522839972058,1.0
2021-06-10,0,0.5045108878380173,hg1s,-0.0338907461994785,1.0
2021-06-11,0,0.44900448027150686,hg1s,-0.0450688700874649,1.0
2021-06-14,0,0.4531114272475471,hg1s,-0.0428539866933674,1.0
2021-06-15,0,0.5329893938657657,hg1s,-0.0357719822513864,1.0
2021-06-16,0,0.4914436351610753,hg1s,-0.0472063841669151,1.0
2021-06-17,0,0.5374188814363939,hg1s,-0.0050263285139378,1.0
2021-06-18,1,0.5176301391668747,hg1s,0.0417368281675594,1.0
2021-06-21,1,0.4869037833593538,hg1s,0.0350143398073938,1.0
2021-06-22,1,0.46731092719866185,hg1s,0.0237588650143987,1.0
2021-06-23,0,0.4673319055067835,hg1s,-0.0080871956055549,1.0
2021-06-24,0,0.4680288695938765,hg1s,-0.006155632443759,1.0
2021-06-25,0,0.5018484463170306,hg1s,-0.0058281839537328,1.0
2021-06-28,0,0.517525557456296,hg1s,-0.0099333884888875,1.0
2021-06-29,0,0.516808597899357,hg1s,-0.0066830828337625,1.0
2021-06-30,0,0.5193103676490544,hg1s,-0.0123571937024022,1.0
2021-07-01,1,0.5187594491444321,hg1s,0.0204202096186667,1.0
2021-07-02,0,0.522208210765142,hg1s,-0.0108746501130827,-1.0
2021-07-06,1,0.5225102261789578,hg1s,0.0222300639719363,1.0
2021-07-07,0,0.474123288656899,hg1s,-0.0053209935020692,-1.0
2021-07-08,1,0.5277381556592712,hg1s,0.018994019341239,1.0
2021-07-09,1,0.4379866737965403,hg1s,0.0331377292588956,-1.0
2021-07-12,1,0.4893867082334591,hg1s,0.0265291936351855,-1.0
2021-07-13,1,0.46256803027420335,hg1s,0.0244950083874703,-1.0
2021-07-14,0,0.4620655100222669,hg1s,-0.0130052729819751,-1.0
2021-07-15,1,0.3966267986817435,hg1s,0.0281054836882822,-1.0
2021-07-16,1,0.4088661131767588,hg1s,0.0281054836882822,-1.0
2021-07-19,1,0.5284421822815906,hg1s,0.0146376304593192,1.0
2021-07-20,0,0.5143647578175875,hg1s,-0.0174759548736878,-1.0
2021-07-21,0,0.5140034910254211,hg1s,-0.0153323963222939,-1.0
2021-07-22,0,0.4272599405956366,hg1s,-0.0144092220035747,-1.0
2021-07-23,0,0.3917001222470546,hg1s,-0.0420454551463833,-1.0
2021-07-26,1,0.3778506299643122,hg1s,0.0224645588707894,-1.0
2021-07-27,1,0.4093191419654684,hg1s,0.0245351511739433,-1.0
2021-07-28,0,0.41464285021407354,hg1s,-0.0092592607328998,-1.0
2021-07-29,1,0.4165223510356183,hg1s,0.0200066321568062,-1.0
2021-07-30,1,0.418348598287366,hg1s,0.0215281656282676,-1.0
2021-08-02,0,0.41226936394380614,hg1s,-0.010602301351824,1.0
2021-08-03,0,0.42749586247187593,hg1s,-0.0121979028308502,1.0
2021-08-04,0,0.49371446626022736,hg1s,-0.0099249857320393,1.0
2021-08-05,0,0.4769422204884046,hg1s,-0.0134544616315201,1.0
2021-08-06,0,0.5267236492807235,hg1s,-0.0134544616315201,1.0
2021-08-09,1,0.5566807352252376,hg1s,0.0181839372615559,1.0
2021-08-10,0,0.48453803990611855,hg1s,-0.0086127691413315,-1.0
2021-08-11,0,0.47148117566506764,hg1s,-0.0054951342894911,-1.0
2021-08-12,0,0.46738009032325945,hg1s,-0.0072247694851983,-1.0
2021-08-13,1,0.4107052556871504,hg1s,0.0422406904720596,-1.0
2021-08-16,1,0.45652451092252644,hg1s,0.0279639471747105,-1.0
2021-08-17,1,0.5296384765629727,hg1s,0.0204469808045412,-1.0
2021-08-18,1,0.5514629552972558,hg1s,0.0191747580965101,-1.0
2021-08-19,0,0.5363495775322792,hg1s,-0.0237564970260808,-1.0
2021-08-20,0,0.5343866211339979,hg1s,-0.0241721046967238,-1.0
2021-08-23,1,0.4911894403035026,hg1s,0.0203891145324091,1.0
2021-08-24,1,0.4919739311000108,hg1s,0.0153566641474056,1.0
2021-08-25,0,0.488325331825464,hg1s,-0.0038587460076003,1.0
2021-08-26,1,0.5104701183478092,hg1s,0.0170207762125673,1.0
2021-08-27,0,0.4190053461431395,hg1s,-0.0100415523109271,-1.0
2021-08-30,1,0.4025550886403195,hg1s,0.0222831678306505,-1.0
2021-08-31,1,0.4023759709138469,hg1s,0.0221714272222339,-1.0
2021-09-01,0,0.4733200841339233,hg1s,-0.0060776066770553,-1.0
2021-09-02,0,0.4413630792452835,hg1s,-0.0069702595221063,-1.0
2021-09-03,1,0.41742761787240257,hg1s,0.0233041066310122,-1.0
2021-09-07,0,0.46395064572832057,hg1s,-0.0398224930862103,-1.0
2021-09-08,1,0.5034666023810053,hg1s,0.0517363574313902,1.0
2021-09-09,0,0.4394773363306851,hg1s,-0.0388519425616868,-1.0
2021-09-10,0,0.38900504800973795,hg1s,-0.0190925442619976,1.0
2021-09-13,0,0.42160327168709194,hg1s,-0.0090451111722145,-1.0
2021-09-14,1,0.40865624210328316,hg1s,0.0197870856296795,1.0
2021-09-15,1,0.346303974867917,hg1s,0.0283671842842659,-1.0
2021-09-16,1,0.4431924357198878,hg1s,0.0390050212306861,-1.0
2021-09-17,1,0.5010721926994888,hg1s,0.0309703254740678,-1.0
2021-09-20,1,0.5081113922617846,hg1s,0.0334183982802087,1.0
2021-09-21,1,0.5349495080675802,hg1s,0.030538052062238,1.0
2021-09-22,0,0.5090404802861703,hg1s,-0.0078786459902575,-1.0
2021-09-23,0,0.5173808987389465,hg1s,-0.0075632236055078,1.0
2021-09-24,1,0.4773300675049203,hg1s,0.0201843430686698,-1.0
2021-09-27,1,0.44829778526591113,hg1s,0.0210980295931874,-1.0
2021-09-28,0,0.4484542585977347,hg1s,-0.0111856823759308,1.0
2021-09-29,0,0.46614021074059675,hg1s,-0.0261967142599196,1.0
2021-09-30,1,0.5112691573100523,hg1s,0.0243335786326182,1.0
2021-10-04,0,0.46138599896661436,hg1s,-0.0108528972600844,1.0
2020-01-31,0,0.7395563136416876,ho1s,-0.0310120413022692,1.0
2020-02-03,1,0.7461794420699553,ho1s,0.0038025237440959,1.0
2020-02-04,1,0.7370633125055436,ho1s,0.0388282106793687,1.0
2020-03-09,1,0.8428351729232656,ho1s,0.0748129620840136,1.0
2020-04-15,0,0.7379605791074166,ho1s,-0.0355657689104402,-1.0
2020-04-16,0,0.7210897243300949,ho1s,-0.0105674768866088,-1.0
2020-04-21,1,0.7821281664989553,ho1s,0.0057779662698913,1.0
2020-05-18,1,0.723518927166068,ho1s,0.0325914184071024,-1.0
2020-05-20,1,0.6934658776981217,ho1s,0.0052078331274952,-1.0
2020-07-01,0,0.6844469801536992,ho1s,-0.0262587588823279,-1.0
2020-07-10,1,0.6963647005691815,ho1s,0.0142603920537558,-1.0
2020-09-08,1,0.7056242606985533,ho1s,0.027210251899203,1.0
2020-09-21,0,0.685575121058752,ho1s,-0.0101146985202994,1.0
2020-09-22,1,0.6808084604749308,ho1s,0.0079350774969613,1.0
2020-09-23,1,0.6838997003159384,ho1s,0.0076936843008053,1.0
2020-09-24,1,0.6875322704367759,ho1s,0.0061257175800402,1.0
2020-09-25,1,0.6793484605858556,ho1s,0.011206211722915,1.0
2020-09-29,1,0.6841118076472964,ho1s,0.0327148824090135,1.0
2020-09-30,0,0.6743825074187799,ho1s,-0.023607005723312,1.0
2020-10-01,0,0.6809487691479207,ho1s,-0.0355555601224539,1.0
2020-10-02,1,0.6977382806795586,ho1s,0.04451613333824,1.0
2020-10-23,0,0.6967096284476036,ho1s,-0.0263294178356452,1.0
2020-10-26,1,0.697672328583916,ho1s,0.0275733671409676,1.0
2020-10-27,0,0.6955828395025258,ho1s,-0.0394305430352083,1.0
2020-10-29,0,0.6933700337396673,ho1s,-0.0009200405106353,1.0
2020-10-30,1,0.6937016318123174,ho1s,0.0243116267242606,1.0
2020-12-18,1,0.700929005266501,ho1s,0.0235294132279009,-1.0
2020-12-21,1,0.6969029308637292,ho1s,0.010694466789525,-1.0
2021-01-04,1,0.6895929401524958,ho1s,0.0389192909639115,1.0
2021-06-17,1,0.6924793530452863,ho1s,0.0127733679130024,1.0
2021-06-28,1,0.6853339461899349,ho1s,0.0017446230418403,1.0
2021-06-29,1,0.693333633490788,ho1s,0.0017886577292838,1.0
2021-07-07,1,0.6957322985869226,ho1s,0.0149825319566008,1.0
2021-07-08,1,0.7011750972776298,ho1s,0.0164119995150024,1.0
2020-05-05,1,0.5425801505195922,ng1s,0.0890345913691725,-1.0
2020-05-06,1,0.5395304673569778,ng1s,0.0257231095338826,-1.0
2020-05-07,1,0.5379979962383363,ng1s,0.0374856775999892,-1.0
2020-05-08,0,0.5388570735473188,ng1s,-0.0016443483053949,-1.0
2020-05-11,1,0.5218796005247015,ng1s,0.0580496286636516,-1.0
2020-05-12,1,0.5222376553532655,ng1s,0.0604635407205943,-1.0
2020-05-14,1,0.4828483624959793,ng1s,0.0208212985055883,-1.0
2020-05-15,0,0.4839395216757903,ng1s,-0.0832298773918842,-1.0
2020-05-18,0,0.4816340720358207,ng1s,-0.0263599079344933,-1.0
2020-05-19,1,0.4753281416157307,ng1s,0.0322397563676634,-1.0
2020-05-20,1,0.4725166495659767,ng1s,0.0298570086729318,-1.0
2020-05-21,0,0.6147975410159728,ng1s,-0.0156582510529756,-1.0
2020-05-27,1,0.42430259664097303,ng1s,0.0312828779089409,-1.0
2020-05-28,0,0.41385726035585224,ng1s,-0.0120414100954544,-1.0
2020-05-29,1,0.4134190508296259,ng1s,0.0405629587330967,-1.0
2020-06-01,0,0.42180553311989166,ng1s,-0.0016931673003217,-1.0
2020-06-02,0,0.41905220301775925,ng1s,-0.0247604120247297,-1.0
2020-08-03,0,0.4190847137389676,ng1s,-0.0437907311014666,-1.0
2020-08-06,0,0.4274565961453849,ng1s,-0.0337161326435722,-1.0
2020-08-10,0,0.470477392451759,ng1s,-0.0083614013745016,-1.0
2020-09-24,1,0.5588322058231193,ng1s,0.0317355985609848,-1.0
2020-10-09,0,0.5730078242093832,ng1s,-0.0510769949214873,-1.0
2020-10-12,1,0.5641199246396271,ng1s,0.0090272939323255,-1.0
2020-10-13,1,0.5599909222434003,ng1s,0.076707527078939,-1.0
2020-10-14,0,0.5435034360025501,ng1s,-0.0527309046363024,-1.0
2020-10-26,0,0.5472633223238152,ng1s,-0.0178322069606426,-1.0
2020-10-27,1,0.5491630611000361,ng1s,0.0060422960725075,-1.0
2021-02-16,0,0.4806170385177257,ng1s,-0.0287652060445342,-1.0
2020-01-30,1,0.5338791211129316,nq1s,0.0237081242369634,-1.0
2020-01-31,1,0.5997769733697084,nq1s,0.0129476813652966,1.0
2020-02-03,1,0.6076740684205427,nq1s,0.0264146803079143,1.0
2020-02-04,0,0.532096855437206,nq1s,-0.0028327097804692,-1.0
2020-02-05,0,0.474316486613341,nq1s,-0.007887864414515,-1.0
2020-02-06,0,0.5987527691580847,nq1s,-0.0048648934484546,1.0
2020-02-07,0,0.6030154463562275,nq1s,-0.0125405175618087,-1.0
2020-02-10,1,0.5955259192628766,nq1s,2.623983148009046e-05,-1.0
2020-02-11,0,0.524026417500534,nq1s,-0.0103387651216841,-1.0
2020-02-12,1,0.5166938484256346,nq1s,0.0013245721122282,-1.0
2020-02-13,0,0.5312344356356238,nq1s,-0.0020024966189338,-1.0
2020-02-14,0,0.5585691750665785,nq1s,-0.0003893171387576,-1.0
2020-02-18,0,0.5699958737449997,nq1s,-0.0101183063513008,-1.0
2020-02-19,1,0.5366617779787122,nq1s,0.0112241228752263,-1.0
2020-02-20,1,0.5394189212550143,nq1s,0.0172740733047123,-1.0
2020-02-21,1,0.5589694672368468,nq1s,0.0388031296254232,-1.0
2020-02-24,0,0.5886993963867951,nq1s,-0.0260422395782183,1.0
2020-02-25,0,0.5886993963867951,nq1s,-0.0004517604529895,1.0
2020-02-26,0,0.5886993963867951,nq1s,-0.0528233665713366,1.0
2020-02-27,1,0.5886993963867951,nq1s,0.0084995973874064,1.0
2020-02-28,1,0.5836654321439536,nq1s,0.0398923586459745,1.0
2020-03-02,0,0.5836654321439536,nq1s,-0.0237452011946832,1.0
2020-03-04,1,0.555986389575075,nq1s,0.0278480301242646,-1.0
2020-03-05,1,0.5194491651924643,nq1s,0.0168232403524782,-1.0
2020-03-06,1,0.5251331353528259,nq1s,0.064886954987934,-1.0
2020-03-09,1,0.5836654321439536,nq1s,0.0477897252091903,1.0
2020-03-10,0,0.5836654321439536,nq1s,-0.0393686611053614,1.0
2020-03-11,0,0.5836654321439536,nq1s,-0.0984881614292375,1.0
2020-03-12,1,0.5836654321439536,nq1s,0.0970860330541198,1.0
2020-03-13,0,0.5831047848321498,nq1s,-0.1084230805672173,1.0
2020-03-16,1,0.5831047848321498,nq1s,0.0499609402748306,1.0
2020-03-17,1,0.5542232184731294,nq1s,0.0252629443002383,-1.0
2020-03-18,1,0.5831047848321498,nq1s,0.0094372354447307,1.0
2020-03-19,1,0.5917426990200477,nq1s,0.0418643019166341,-1.0
2020-03-20,1,0.6342062496243881,nq1s,0.0022241354555756,1.0
2020-03-23,1,0.6348511378932082,nq1s,0.0816450712300833,1.0
2020-03-24,0,0.6348511378932082,nq1s,-0.0115159336834916,1.0
2020-03-25,1,0.6348511378932082,nq1s,0.0503833149204473,1.0
2020-03-26,1,0.6137681836918871,nq1s,0.0351223865370117,-1.0
2020-03-27,1,0.6350370913332478,nq1s,0.0378212327405012,1.0
2020-03-30,1,0.6137681836918871,nq1s,0.0087208377096753,-1.0
2020-03-31,1,0.6137681836918871,nq1s,0.0446299566549804,-1.0
2020-04-01,1,0.6348511378932082,nq1s,0.0253402789448633,1.0
2020-04-02,0,0.6348511378932082,nq1s,-0.0137008751512976,1.0
2020-04-03,1,0.6351624348114777,nq1s,0.0673955667805799,1.0
2020-04-06,1,0.6138037768954092,nq1s,0.0022105295935629,-1.0
2020-04-07,0,0.6138037768954092,nq1s,-0.022185471792415,-1.0
2020-04-08,0,0.6138037768954092,nq1s,-0.004609420313016,-1.0
2020-04-13,0,0.5943598206209089,nq1s,-0.0438620192735379,-1.0
2020-04-14,1,0.5943598206209089,nq1s,0.0113316077078383,-1.0
2020-04-16,0,0.48529212824650053,nq1s,-0.0085582620143707,-1.0
2020-04-17,0,0.6150772749433662,nq1s,-0.0132818708134387,1.0
2020-04-20,0,0.6270216977010382,nq1s,-0.0299413253575561,1.0
2020-04-21,1,0.62761213278638,nq1s,0.0244611142414108,1.0
2020-04-22,0,0.593188460479601,nq1s,-0.0045438758977208,1.0
2020-04-23,1,0.5927477273558855,nq1s,0.0197993894469978,1.0
2020-04-24,1,0.5918528781963905,nq1s,0.0063006044015871,1.0
2020-04-27,1,0.5943598206209089,nq1s,0.0118423662064973,-1.0
2020-04-28,1,0.6150772749433662,nq1s,0.036325582728848,1.0
2020-04-29,1,0.6084550226460695,nq1s,0.0053117910701794,-1.0
2020-04-30,1,0.5943598206209089,nq1s,0.0300940090120994,-1.0
2020-05-01,1,0.5929857420430714,nq1s,0.0088896535906033,1.0
2020-05-07,0,0.59369016356242,nq1s,-0.0121325244992964,-1.0
2020-05-08,0,0.6207034630597823,nq1s,-0.0065901879415071,-1.0
2020-05-11,1,0.6207034630597823,nq1s,0.0216348744474031,-1.0
2020-05-12,0,0.6532085997035957,nq1s,-0.0094731914193227,1.0
2020-05-13,1,0.6285941496946347,nq1s,0.0097027996341587,1.0
2020-05-14,1,0.5763172893233186,nq1s,0.0018723497989134,1.0
2020-05-15,1,0.6152776379483574,nq1s,0.0251745176716198,1.0
2020-05-18,1,0.6150471662290941,nq1s,0.0026540131904457,-1.0
2020-05-19,0,0.5465532223550001,nq1s,-0.019863989463686,-1.0
2020-05-20,1,0.5789411918781895,nq1s,0.0136787728633176,-1.0
2020-05-21,1,0.5562895682952266,nq1s,0.0053977500461843,1.0
2020-05-22,1,0.5856629324942239,nq1s,2.6578073255123513e-05,1.0
2020-05-26,1,0.5532060866814402,nq1s,0.0027640461385181,1.0
2020-05-27,1,0.6048435558083736,nq1s,0.0029419560031314,1.0
2020-05-28,0,0.5559801554349434,nq1s,-0.0105705451754758,-1.0
2020-06-02,0,0.42204636618882285,nq1s,-0.0038350910838114,-1.0
2020-06-03,1,0.41983897499556877,nq1s,0.0060404243789907,-1.0
2020-06-04,1,0.4359558033351039,nq1s,0.0189326061552645,1.0
2020-06-05,0,0.4544673055201443,nq1s,-0.0077738696023901,-1.0
2020-06-08,0,0.45273848193901844,nq1s,-0.0067022433546055,-1.0
2020-06-10,1,0.5057122854209544,nq1s,0.0466430394803062,-1.0
2020-06-11,1,0.5307061954672594,nq1s,0.002937582862124,1.0
2020-06-12,1,0.5294771952705877,nq1s,0.0161223431839119,1.0
2020-06-15,0,0.4868379634363129,nq1s,-0.0176738008878147,-1.0
2020-06-16,1,0.5027130427352569,nq1s,0.0021583094924737,1.0
2020-06-17,0,0.5011753551290524,nq1s,0.0,1.0
2020-06-18,0,0.5207542218534247,nq1s,-0.0059601322255208,1.0
2020-06-19,0,0.45576223630309654,nq1s,-0.0202801430953509,-1.0
2020-06-22,0,0.44258577920141084,nq1s,-0.0070372107948162,-1.0
2020-06-23,1,0.44037453658229236,nq1s,0.0181688897609423,-1.0
2020-06-24,0,0.4349442857807154,nq1s,-0.0077416776968508,-1.0
2020-06-25,1,0.4369341212296143,nq1s,0.0220801427405776,-1.0
2020-06-26,1,0.4876970452912115,nq1s,0.0109725812184078,1.0
2020-06-29,0,0.4546626415277745,nq1s,-0.0173956636158301,-1.0
2020-06-30,0,0.45319788405096634,nq1s,-0.0119736874527687,-1.0
2020-07-01,0,0.513524027443865,nq1s,-0.0084723067552792,-1.0
2020-07-02,0,0.513524027443865,nq1s,-0.0234410834564933,-1.0
2020-07-06,1,0.4650946642622637,nq1s,0.0062508845592341,-1.0
2020-07-07,0,0.4584239849511372,nq1s,-0.0123430416101544,-1.0
2020-07-08,0,0.47010985988239007,nq1s,-0.0061197214476265,-1.0
2020-07-09,0,0.4915171492702412,nq1s,-0.0102307154513459,-1.0
2020-07-10,1,0.4792049621488451,nq1s,0.0218920851691318,-1.0
2020-07-13,0,0.5221404346066507,nq1s,-0.0043632075470934,-1.0
2020-07-14,0,0.47574148777577585,nq1s,-0.0034754021370919,-1.0
2020-07-15,1,0.4504084368438061,nq1s,0.0160531673422869,-1.0
2020-07-16,0,0.4315721224847919,nq1s,-0.010535828953357,-1.0
2020-07-17,0,0.42487136971065215,nq1s,-0.0309249235122901,-1.0
2020-07-20,1,0.49018030326843076,nq1s,0.009131586157339,-1.0
2020-07-21,1,0.5010457031405599,nq1s,0.0043083586763686,-1.0
2020-07-22,1,0.4279655596527004,nq1s,0.0236943795265113,-1.0
2020-07-23,0,0.4379911779121989,nq1s,-0.0084611191434067,1.0
2020-07-24,1,0.43566287001119,nq1s,0.0206759728464891,1.0
2020-07-27,1,0.4161850857589717,nq1s,0.0126694925175538,-1.0
2020-07-28,1,0.42750331467350583,nq1s,0.012737191651033,1.0
2020-07-29,0,0.424474676662382,nq1s,-0.0112185867851988,-1.0
2020-07-30,0,0.43323793494532464,nq1s,-0.0089401519371397,-1.0
2020-07-31,0,0.49265460507279074,nq1s,-0.0141178090989679,-1.0
2020-08-03,0,0.46096656832135247,nq1s,-0.0037802476404895,-1.0
2020-08-04,0,0.4931702074429197,nq1s,-0.0005186721989474,-1.0
2020-08-05,0,0.4826638650637773,nq1s,-0.0152816282375771,-1.0
2020-08-06,1,0.4903384801150862,nq1s,0.0122988122992792,-1.0
2020-08-07,1,0.545696578442565,nq1s,0.0045627205497732,-1.0
2020-08-10,1,0.5122115799755819,nq1s,0.0174765173413661,-1.0
2020-08-11,1,0.5777985158518666,nq1s,0.0227512984332336,1.0
2020-08-12,0,0.5307823673495182,nq1s,-0.0044265683984185,-1.0
2020-08-13,1,0.5789515114315774,nq1s,0.003713563454757,-1.0
2020-08-14,0,0.5874447920575142,nq1s,-0.0137420006725996,-1.0
2020-08-17,0,0.5316003897140965,nq1s,-0.0108534343368298,-1.0
2020-08-18,1,0.48576318866980894,nq1s,0.0067708219206408,-1.0
2020-08-19,0,0.41807301432897,nq1s,-0.0128176844333682,-1.0
2020-08-20,0,0.4614023582945198,nq1s,-0.0073841730387262,-1.0
2020-08-21,0,0.5381658673066044,nq1s,-0.0064218993250653,-1.0
2020-08-24,0,0.4915493359577744,nq1s,-0.0077344505313023,-1.0
2020-08-25,0,0.4851102487186164,nq1s,-0.022598870056856,-1.0
2020-08-26,1,0.4753807771060411,nq1s,0.0032106744498016,-1.0
2020-08-27,0,0.4557760324664635,nq1s,-0.0032628474613976,-1.0
2020-08-28,0,0.4083896043379669,nq1s,-0.0101945087243726,-1.0
2020-08-31,0,0.4775711260963771,nq1s,-0.0163859996706963,-1.0
2020-09-02,1,0.4718331061460043,nq1s,0.0492285380492368,-1.0
2020-09-03,1,0.5903482781000307,nq1s,0.0213338417871365,-1.0
2020-09-04,0,0.5208525844248427,nq1s,-0.0422773027376666,1.0
2020-09-08,1,0.5930003917905002,nq1s,0.0300393291443512,1.0
2020-09-09,0,0.4978734099642913,nq1s,-0.0188277632706246,1.0
2020-09-10,0,0.6235892793394846,nq1s,-0.0104443897751052,1.0
2020-09-11,1,0.5737501336521272,nq1s,0.0197983998551065,1.0
2020-09-14,1,0.5941920993881487,nq1s,0.016309412860725,1.0
2020-09-15,0,0.5927857873430125,nq1s,-0.0170520294314374,1.0
2020-09-16,0,0.5293730989460378,nq1s,-0.0159706796977521,1.0
2020-09-17,0,0.53406906094621,nq1s,-0.0133857023540838,1.0
2020-09-18,1,0.40517626324229983,nq1s,0.0056740184859749,1.0
2020-09-21,1,0.5823039669438331,nq1s,0.0146055146052208,1.0
2020-09-22,0,0.491158457668566,nq1s,-0.0287456836621075,1.0
2020-09-23,1,0.6385740999895708,nq1s,0.0057946255419751,1.0
2020-09-24,1,0.6054332340722743,nq1s,0.0224711364104923,1.0
2020-09-25,1,0.5692176269112882,nq1s,0.0231895119651126,1.0
2020-09-28,0,0.5091698312988016,nq1s,-0.0050023036918888,1.0
2020-09-29,1,0.5424155636494092,nq1s,0.0061299640582059,1.0
2020-09-30,1,0.6067693984920782,nq1s,0.0146836441735207,1.0
2020-10-01,0,0.5181699049305951,nq1s,-0.0295038769743508,1.0
2020-10-02,1,0.5777131055577616,nq1s,0.0210090579313091,1.0
2020-10-05,0,0.5657356633939489,nq1s,-0.0170455783948668,1.0
2020-10-06,1,0.5817299110392342,nq1s,0.0174076948666799,1.0
2020-10-07,1,0.6016886806030454,nq1s,0.0060156931122921,1.0
2020-10-08,1,0.5919935060691308,nq1s,0.0160975821134645,1.0
2020-10-09,1,0.4798156421426891,nq1s,0.0318556898867459,1.0
2020-10-12,0,0.5824180073016604,nq1s,-0.0003512904763344,1.0
2020-10-13,0,0.6292300430559842,nq1s,-0.0099016041012487,1.0
2020-10-14,1,0.4744805637162141,nq1s,0.0083721318655426,-1.0
2020-10-15,1,0.5124004298377873,nq1s,0.0064005389938466,-1.0
2020-10-19,0,0.5648748640431261,nq1s,-0.00090126821278,-1.0
2020-10-20,0,0.46090614383536793,nq1s,-0.0026156122040565,-1.0
2020-10-21,1,0.4440668029784807,nq1s,0.0035496632102927,-1.0
2020-10-22,0,0.42363132641698453,nq1s,-0.0011802828394256,-1.0
2020-10-23,1,0.4001481147293761,nq1s,0.0146825566940221,-1.0
2020-10-26,1,0.6134225014866143,nq1s,0.0083317017982342,1.0
2020-10-27,0,0.610174991357242,nq1s,-0.0392863306869661,1.0
2020-10-28,1,0.6361890319941285,nq1s,0.0188632637948256,1.0
2020-10-29,0,0.6381944571844166,nq1s,-0.0261400454040873,1.0
2020-10-30,1,0.6238414067903126,nq1s,0.0015389838175572,1.0
2020-11-02,1,0.6401614329323134,nq1s,0.0183038438078477,1.0
2020-11-04,1,0.6475959037370973,nq1s,0.0266513644480248,1.0
2020-11-05,0,0.6389901703954572,nq1s,-0.0001242081725355,1.0
2020-11-06,0,0.5386814546228571,nq1s,-0.0210766045557138,1.0
2020-11-09,0,0.5560492643273812,nq1s,-0.0171101053254116,1.0
2020-11-10,1,0.5554586570390873,nq1s,0.0230456394037652,1.0
2020-11-11,1,0.6192724243111899,nq1s,0.0055527511352396,-1.0
2020-11-12,0,0.438342373865319,nq1s,-0.0096023688660349,-1.0
2020-11-13,1,0.4151045184267348,nq1s,0.0059915364310163,1.0
2020-11-16,0,0.47380876364803787,nq1s,-0.0024989587676358,1.0
2020-11-17,0,0.45172533684211047,nq1s,-0.0065135699372295,1.0
2020-11-18,1,0.4362871050051364,nq1s,0.007585946036648,1.0
2020-11-19,0,0.46243318501789626,nq1s,-0.006798890487188,1.0
2020-11-20,0,0.45038563719517954,nq1s,-4.199651453873354e-05,1.0
2020-11-23,1,0.4477002929425601,nq1s,0.0143424119609283,1.0
2020-11-24,0,0.33786101871268615,nq1s,-0.0063141768804104,-1.0
2020-11-25,1,0.4714037595736592,nq1s,0.0086609475606602,1.0
2020-11-27,1,0.47755590993804453,nq1s,0.0015908627367942,1.0
2020-11-30,1,0.4609547592694764,nq1s,0.0142746599330501,1.0
2020-12-01,1,0.40116541011454876,nq1s,0.0001606135446905,1.0
2020-12-02,1,0.4959856610548026,nq1s,0.0006423510042252,1.0
2020-12-03,1,0.49476895890240363,nq1s,0.0051154486549387,1.0
2020-12-04,1,0.47726361950813667,nq1s,0.0055883761778634,1.0
2020-12-07,1,0.4927566264971298,nq1s,0.0032946967286484,1.0
2020-12-08,0,0.4795809191813875,nq1s,-0.0214045499504765,1.0
2020-12-09,1,0.4904419467509749,nq1s,0.0028301123955141,1.0
2020-12-10,0,0.49420638024597413,nq1s,-0.0027414933066761,1.0
2020-12-11,1,0.5403575895020596,nq1s,0.0071555627420922,1.0
2020-12-14,0,0.4656549946260496,nq1s,-0.0107121364097415,-1.0
2020-12-15,0,0.46178931238916315,nq1s,-0.005934423625785,-1.0
2020-12-16,0,0.4349119080934291,nq1s,-0.0063334846005174,-1.0
2020-12-17,1,0.375036070530378,nq1s,0.0030193710298175,-1.0
2020-12-18,1,0.3592949393107325,nq1s,0.0022812192723191,-1.0
2020-12-21,0,0.3949600307171014,nq1s,-0.0020893286556364,-1.0
2020-12-22,1,0.4026386555060103,nq1s,0.0046223446107542,-1.0
2020-12-23,0,0.40288717415874825,nq1s,-0.0042090702503247,-1.0
2020-12-24,0,0.3767113248814953,nq1s,-0.0100948482814522,-1.0
2020-12-28,0,0.4892442942836096,nq1s,-0.0006428863652807,-1.0
2020-12-29,0,0.34233824109426636,nq1s,-3.893777798369413e-05,-1.0
2020-12-30,0,0.38037683853716253,nq1s,-0.0034263909978937,-1.0
2020-12-31,1,0.47256955436565884,nq1s,0.0155213224171332,-1.0
2021-01-04,1,0.5775458453905166,nq1s,0.0085136573255717,1.0
2021-01-05,0,0.5406749113078335,nq1s,-0.0138156094893375,1.0
2021-01-06,1,0.5403498431727036,nq1s,0.0246695860658141,1.0
2021-01-07,1,0.5297187095280554,nq1s,0.0130917388615299,1.0
2021-01-08,0,0.439202711766589,nq1s,-0.015289469163601,1.0
2021-01-11,0,0.585900439825531,nq1s,-0.0005233775293533,1.0
2021-01-12,1,0.5576010284782038,nq1s,0.0063613971805718,1.0
2021-01-13,0,0.5678173171957555,nq1s,-0.0054924935926446,1.0
2021-01-14,0,0.5404913289795324,nq1s,-0.0076544453917209,1.0
2021-01-15,1,0.6056618296842302,nq1s,0.0143138901365802,1.0
2021-01-19,1,0.5760493504994761,nq1s,0.0237765199645951,1.0
2021-01-20,1,0.5251755221768549,nq1s,0.0076160746182871,1.0
2021-01-21,0,0.5567245425009444,nq1s,-0.0025381658012425,1.0
2021-01-22,1,0.5558080210992449,nq1s,0.0085319761999449,1.0
2021-01-25,1,0.5016683653152463,nq1s,0.0007420874917924,1.0
2021-01-26,0,0.5488661966599293,nq1s,-0.0281784138514932,1.0
2021-01-28,1,0.5817772430927696,nq1s,0.020836493250147,-1.0
2021-01-29,1,0.644017773090374,nq1s,0.0251912092163795,1.0
2021-02-01,1,0.641026845954613,nq1s,0.0160540928491135,1.0
2021-02-02,0,0.6435313157101796,nq1s,-0.0040709346419157,1.0
2021-02-03,1,0.6344261140353835,nq1s,0.0114414767531454,1.0
2021-02-04,1,0.6265001460215307,nq1s,0.0037276250229667,1.0
2021-02-05,1,0.6506433580874148,nq1s,0.0062509192525574,1.0
2021-02-11,0,0.41034509472624536,nq1s,-0.0055175176636774,-1.0
2021-02-18,0,0.4706254803950344,nq1s,-0.0041810313208973,1.0
2021-02-22,0,0.4847208732523359,nq1s,-0.0024387016276098,1.0
2021-02-23,1,0.4707401963439753,nq1s,0.008338386900544,1.0
2021-02-24,0,0.45956309945109053,nq1s,-0.0353518267933528,1.0
2021-02-25,1,0.47688481403161037,nq1s,0.0061760866601301,1.0
2021-02-26,1,0.47688481403161037,nq1s,0.0285609170475502,1.0
2021-03-01,1,0.4120277924019968,nq1s,0.0169054387315127,-1.0
2021-03-02,0,0.4715368422430667,nq1s,-0.0286091802144755,1.0
2021-03-03,0,0.4766828882628381,nq1s,-0.0178800244450967,1.0
2021-03-04,1,0.4711611999302859,nq1s,0.016760337214285,1.0
2021-03-05,0,0.47426240294208927,nq1s,-0.028940874543638,1.0
2021-03-08,1,0.4786664784741693,nq1s,0.0399682855918357,1.0
2021-03-09,0,0.5250665979922358,nq1s,-0.0030886521347919,1.0
2021-03-10,1,0.5117349751211658,nq1s,0.0234523599418086,1.0
2021-03-11,0,0.4956287265232796,nq1s,-0.0087942827581972,1.0
2021-03-12,1,0.5238254010724699,nq1s,0.0112111957327938,1.0
2021-03-15,1,0.5288106869526233,nq1s,0.0055091149065407,1.0
2021-03-16,1,0.5973226198045142,nq1s,0.0036335964994946,1.0
2021-03-17,0,0.5292218120825309,nq1s,-0.0310296459172535,1.0
2021-03-18,1,0.5270249825854976,nq1s,0.0050666092849231,1.0
2021-03-19,1,0.5193067858345217,nq1s,0.0176923975236376,1.0
2021-03-22,0,0.4461328792318887,nq1s,-0.0050108057449647,1.0
2021-03-23,0,0.5807112084589128,nq1s,-0.0163190773665321,1.0
2021-03-24,0,0.6083269779117153,nq1s,-0.0018367984997351,1.0
2021-03-25,1,0.5632560836999214,nq1s,0.01536744841652,1.0
2021-03-26,0,0.5587533533725881,nq1s,-0.0017159272748088,1.0
2021-03-29,0,0.6451500151769058,nq1s,-0.0051180037862401,1.0
2021-03-30,1,0.5646799600373942,nq1s,0.0164230388453983,1.0
2021-03-31,1,0.5464672823375374,nq1s,0.0172845165103177,1.0
2021-04-01,0,0.5810222309640984,nq1s,0.0,1.0
2021-04-02,1,0.5392154926003538,nq1s,0.0202388104533781,1.0
2021-04-05,1,0.5493878022672936,nq1s,0.0011409223064789,-1.0
2021-04-06,0,0.4712470350599274,nq1s,-0.0025607958728415,-1.0
2021-04-07,0,0.5507850120968839,nq1s,-0.0105110347496217,-1.0
2021-04-08,1,0.5790582693026234,nq1s,0.0059464275966891,1.0
2021-04-09,0,0.5654655861126011,nq1s,-0.0015004157780003,1.0
2021-04-12,1,0.5532449336231137,nq1s,0.0120937811172583,1.0
2021-04-13,0,0.5489803054654121,nq1s,-0.0126647943762101,1.0
2021-04-14,1,0.5887217892787127,nq1s,0.0155992390616994,1.0
2021-04-15,1,0.525287364043528,nq1s,0.0011060368208892,1.0
2021-04-16,0,0.5305354195375731,nq1s,-0.0094265654519672,1.0
2021-04-19,0,0.5184887904010107,nq1s,-0.0074115382536089,1.0
2021-04-20,1,0.5792838280615992,nq1s,0.0090617467421922,1.0
2021-04-21,0,0.5182554540435836,nq1s,-0.0121414587715298,1.0
2021-04-22,1,0.5419087118250285,nq1s,0.0128543117400061,1.0
2021-04-23,1,0.49432222009556437,nq1s,0.0060673511890185,1.0
2021-04-26,0,0.5131803168818047,nq1s,-0.0041751418477954,1.0
2021-04-27,0,0.4727168233388525,nq1s,-0.0043539023868317,1.0
2021-04-28,1,0.5060312372033421,nq1s,0.0044089330375489,1.0
2021-04-29,0,0.4727168233388525,nq1s,-0.0074174938184446,1.0
2021-04-30,0,0.5182616920622849,nq1s,-0.0043321299640776,1.0
2021-05-03,0,0.5085065812465319,nq1s,-0.0184191443066913,1.0
2021-05-04,0,0.5210600059824078,nq1s,-0.0033244680857318,1.0
2021-05-05,1,0.5190642026112114,nq1s,0.0079126825290998,1.0
2021-05-06,1,0.5156499997845916,nq1s,0.0082366568003731,1.0
2021-05-07,0,0.4759208866360357,nq1s,-0.0257480989810224,1.0
2021-05-10,0,0.5258379219310234,nq1s,-0.0008048365059941,1.0
2021-05-11,0,0.5231940740692502,nq1s,-0.026037764123911,1.0
2021-05-12,1,0.5148278412502884,nq1s,0.0078278262871269,1.0
2021-05-13,1,0.5138206410980929,nq1s,0.0218888952506701,1.0
2021-05-14,0,0.5259541577669691,nq1s,-0.0062373944877917,1.0
2021-05-17,0,0.5278815929338221,nq1s,-0.0068778892766955,1.0
2021-05-18,1,0.5132034835317854,nq1s,0.0016273085076348,1.0
2021-05-19,1,0.5584184680746501,nq1s,0.0191181471266879,1.0
2021-05-21,0,0.5789662102030186,nq1s,-0.0171764267061931,-1.0
2021-05-24,1,0.4906432467812218,nq1s,0.0015401257770994,1.0
2021-05-25,1,0.5434819619531595,nq1s,0.0032219679639082,1.0
2021-05-26,1,0.5548886115534797,nq1s,0.0025364500653434,-1.0
2021-05-27,0,0.47917101809599216,nq1s,-0.0015367165491342,-1.0
2021-05-28,1,0.45685272180236886,nq1s,0.002758192379247,-1.0
2021-06-01,0,0.43374654930012885,nq1s,-0.0018316695663989,-1.0
2021-06-02,1,0.4898441989868948,nq1s,0.0105676935733561,-1.0
2021-06-03,1,0.6506089807463703,nq1s,0.0175545577180173,1.0
2021-06-04,1,0.5904669614224538,nq1s,0.0027239544553514,1.0
2021-06-07,1,0.5907004611062584,nq1s,0.0005252005720446,1.0
2021-06-08,1,0.5440334058655952,nq1s,0.0001991094380597,1.0
2021-06-09,1,0.6192102071691622,nq1s,0.0105326022042442,1.0
2021-06-10,1,0.5558457083581992,nq1s,0.0024713909628832,1.0
2021-06-11,1,0.5535561357339052,nq1s,0.0093252585887815,1.0
2021-06-14,0,0.6026337622948956,nq1s,-0.0067647735930967,1.0
2021-06-15,0,0.5922927050165427,nq1s,-0.0034945709344021,1.0
2021-06-16,1,0.6054796742229491,nq1s,0.013132704728807,1.0
2021-06-17,0,0.5828742717588483,nq1s,-0.0085651214120626,1.0
2021-06-18,1,0.5513587097042773,nq1s,0.006768792304254,1.0
2021-06-21,1,0.5586728021816587,nq1s,0.0090764331210755,1.0
2021-06-22,1,0.5243952206728354,nq1s,0.0003331404626445,1.0
2021-06-23,1,0.4744303982097791,nq1s,0.0063976722986787,1.0
2021-06-24,0,0.4748278822652551,nq1s,-0.0010624031209254,1.0
2021-06-25,1,0.5527799726387869,nq1s,0.0120998674946681,1.0
2021-06-28,1,0.5161912158494646,nq1s,0.003479758828397,1.0
2021-06-29,0,0.5112670660222725,nq1s,-0.0009613403828914,1.0
2021-06-30,0,0.5444247181055669,nq1s,-3.436662338651697e-05,1.0
2021-07-01,1,0.5392689510523486,nq1s,0.0113585593020237,1.0
2021-07-02,1,0.512206524517165,nq1s,0.0041967547357386,1.0
2021-07-06,1,0.5687125589539829,nq1s,0.0018104294272869,1.0
2021-07-07,0,0.5827925063915605,nq1s,-0.0060801567333895,1.0
2021-07-08,1,0.5867869350714541,nq1s,0.0066781083795732,1.0
2021-07-09,1,0.5829767567130931,nq1s,0.0039667803246095,1.0
2021-07-12,0,0.5773003134667096,nq1s,-0.0002858247724567,1.0
2021-07-13,1,0.5789864718013932,nq1s,0.0017995290953833,1.0
2021-07-14,0,0.5765229904359986,nq1s,-0.0070005204222495,1.0
2021-07-15,0,0.5100034117397673,nq1s,-0.0079120879124151,1.0
2021-07-16,0,0.5850483191711046,nq1s,-0.008844279335976,1.0
2021-07-19,1,0.6605210050778779,nq1s,0.0125165483212126,1.0
2021-07-20,0,0.5223391720649565,nq1s,-0.0071318198024739,-1.0
2021-07-21,0,0.5160761293234466,nq1s,-0.0067946923841473,-1.0
2021-07-22,0,0.5000307367232038,nq1s,-0.0113541213118086,-1.0
2021-07-27,1,0.6594028833011579,nq1s,0.0042648559143898,1.0
2021-07-28,1,0.6707331171792132,nq1s,0.0017486593611053,1.0
2021-07-29,0,0.6691045115016163,nq1s,-0.0054529434249309,1.0
2021-07-30,0,0.6545997857319155,nq1s,-0.0002005917462267,1.0
2021-08-02,1,0.664772269945161,nq1s,0.0062530303794181,1.0
2021-08-03,0,0.4497859583437416,nq1s,-0.0018110824951897,-1.0
2021-08-04,0,0.5106676338019509,nq1s,-0.0062526951275212,-1.0
2021-08-05,1,0.49633086066844545,nq1s,0.0047633960213804,-1.0
2021-08-06,0,0.46851920480081005,nq1s,-0.0019707859957098,-1.0
2021-08-09,1,0.47674352080429305,nq1s,0.0053387547312622,-1.0
2021-08-10,0,0.4961012077167532,nq1s,-0.0016617368471358,1.0
2021-08-11,1,0.5109035493649076,nq1s,0.003928226638225,1.0
2021-08-12,1,0.48924920289859986,nq1s,0.0031336008227997,1.0
2021-08-13,1,0.6164846670085756,nq1s,0.0005454274994967,1.0
2021-08-16,0,0.5432659291755264,nq1s,-0.0090194264570682,1.0
2021-08-17,0,0.5923132633169501,nq1s,-0.0098849808301922,1.0
2021-08-18,1,0.6777855005893825,nq1s,0.0053032981462148,1.0
2021-08-19,1,0.6777855005893825,nq1s,0.0106343783492683,1.0
2021-08-20,0,0.6349794909730894,nq1s,-0.0144331946909717,-1.0
2021-08-23,1,0.5843494719556365,nq1s,0.0033323532294931,1.0
2021-08-24,1,0.5583951849407155,nq1s,0.0005698284005186,1.0
2021-08-25,0,0.5956126474157555,nq1s,-0.0058252111234294,1.0
2021-08-26,1,0.5279465659224697,nq1s,0.0099346961488611,1.0
2021-08-27,1,0.5928789726827015,nq1s,0.011084821573333,1.0
2021-08-30,0,0.5611792166248478,nq1s,-0.0009616925791536,1.0
2021-08-31,1,0.5835723962347543,nq1s,0.0017166693407912,1.0
2021-09-01,0,0.5405983784474969,nq1s,-0.0005285327610561,1.0
2021-09-02,1,0.5912951357811203,nq1s,0.0032369719887903,1.0
2021-09-03,1,0.6238136115817853,nq1s,0.0014854806251074,1.0
2021-09-07,0,0.5774682341107205,nq1s,-0.00349287867398,1.0
2021-09-08,0,0.5460980514388453,nq1s,-0.0039212548017023,1.0
2021-09-09,0,0.6304329188040697,nq1s,-0.007535952438342,1.0
2021-09-10,0,0.4758900839731198,nq1s,-0.0003076126024998,1.0
2021-09-13,0,0.5655381570686215,nq1s,-0.003256642903313,1.0
2021-09-14,1,0.6255903190075156,nq1s,0.0075911507008112,1.0
2021-09-15,1,0.5148450777317226,nq1s,0.0008388991063126,1.0
2021-09-16,0,0.5645475627231589,nq1s,-0.0118314581386541,1.0
2021-09-17,0,0.5340760428141422,nq1s,-0.0206511809996212,1.0
2021-09-20,1,0.6239224911114671,nq1s,0.00096605483208,1.0
2021-09-21,1,0.6242167055784675,nq1s,0.0092851437699139,1.0
2021-09-22,1,0.5519645620865603,nq1s,0.009232696937278,1.0
2021-09-23,0,0.5276070874006568,nq1s,-0.0009965040678707,-1.0
2021-09-24,1,0.590619530722318,nq1s,0.0080946552430903,-1.0
2021-09-27,1,0.6467561791153639,nq1s,0.0282992480953788,-1.0
2021-09-28,0,0.5027896936655653,nq1s,-0.001693222031985,1.0
2021-09-29,0,0.6060016454823618,nq1s,-0.0038840550218152,1.0
2021-09-30,1,0.6790508716671114,nq1s,0.0053975821557858,1.0
2021-10-01,0,0.6039447783371396,nq1s,-0.0202889223841954,1.0
2021-10-04,1,0.604797808888069,nq1s,0.0133450880744141,1.0
2020-01-30,0,0.35290643655469134,pl1s,-0.0189699133191676,1.0
2020-01-31,1,0.34992865198871465,pl1s,0.0091485601498122,1.0
2020-02-03,0,0.36552313354738064,pl1s,-0.0047388482523647,1.0
2020-02-04,1,0.537428442603183,pl1s,0.0217368802356749,1.0
2020-02-05,0,0.4881059063341042,pl1s,-0.0199574511248843,1.0
2020-02-06,1,0.5726113722353368,pl1s,0.0018606574349759,1.0
2020-02-07,0,0.3902849530728526,pl1s,-0.0023730912031983,1.0
2020-02-10,1,0.500485879489438,pl1s,0.0068259385621098,1.0
2020-02-11,0,0.36478083160372365,pl1s,-0.0063687724666712,1.0
2020-02-12,1,0.3653595466334757,pl1s,0.0076501602342213,1.0
2020-02-13,0,0.39672401978278493,pl1s,-0.0060531445566046,1.0
2020-02-14,1,0.39000832823205367,pl1s,0.025908340217662,1.0
2020-02-18,1,0.36299627745193097,pl1s,0.0106650568470858,1.0
2020-02-20,0,0.32018864682374665,pl1s,-0.0029622063313975,1.0
2020-02-21,0,0.32459641425595687,pl1s,-0.0019465218779036,1.0
2020-02-24,0,0.33708898133642656,pl1s,-0.0430096489423537,1.0
2020-02-25,0,0.5456482166737517,pl1s,-0.0187707819297662,1.0
2020-02-26,0,0.5441086251120265,pl1s,-0.0101661565364845,1.0
2020-02-27,0,0.54632865424852,pl1s,-0.0450579790209226,1.0
2020-02-28,0,0.5301084967284513,pl1s,-0.006129293390779,1.0
2020-03-02,1,0.5257856938440557,pl1s,0.0115196648749535,1.0
2020-03-03,1,0.5448420360091226,pl1s,0.0067870700555821,1.0
2020-03-04,0,0.5467731778576688,pl1s,-0.0108546617849487,1.0
2020-03-05,1,0.5486349430396414,pl1s,0.0354626313904273,1.0
2020-03-06,0,0.5212012157759187,pl1s,-0.0374832663914717,1.0
2020-03-09,1,0.5210979582083096,pl1s,0.0076495132077978,1.0
2020-03-10,0,0.5276823274755381,pl1s,-0.0013802622478537,1.0
2020-03-11,0,0.5181029329818312,pl1s,-0.0995162404976797,1.0
2020-03-12,0,0.5290025645255535,pl1s,-0.0484778715848771,1.0
2020-03-13,0,0.5768881978872328,pl1s,-0.1158757897510536,1.0
2020-03-16,1,0.5694783999028615,pl1s,0.0115554204035859,1.0
2020-03-17,0,0.5679812957035912,pl1s,-0.0906358034029939,1.0
2020-03-18,0,0.5681442180625262,pl1s,-0.0135537189974912,1.0
2020-03-19,1,0.5681442180625262,pl1s,0.0440462234035485,1.0
2020-03-20,1,0.5182532950039607,pl1s,0.0067372473564115,1.0
2020-03-23,1,0.5639066681581009,pl1s,0.1183875079680583,1.0
2020-03-24,0,0.5182532950039608,pl1s,-0.0626869924413415,-1.0
2020-03-25,1,0.47783371540387287,pl1s,0.0117978281201911,-1.0
2020-03-26,0,0.4588668619767874,pl1s,-0.0061050061088705,-1.0
2020-03-27,1,0.455347198071032,pl1s,0.0240021574978662,-1.0
2020-03-30,0,0.449087999929498,pl1s,-0.008427742466412,-1.0
2020-03-31,1,0.46762944818041047,pl1s,0.0165776133777981,-1.0
2020-04-02,1,0.4699407543158344,pl1s,0.0163013698683075,-1.0
2020-04-03,1,0.4749505582664061,pl1s,0.0193566355653405,1.0
2020-04-06,1,0.473882710845093,pl1s,0.0177595628513165,1.0
2020-04-08,1,0.5062403826054402,pl1s,0.0204471101453265,1.0
2020-04-09,1,0.5181174002670871,pl1s,0.0016029922431011,1.0
2020-04-13,1,0.5319542360048406,pl1s,0.0932248599744534,1.0
2020-04-15,1,0.4626052945881279,pl1s,0.0140442455904624,-1.0
2020-04-16,1,0.464543082559595,pl1s,0.01008445733364,-1.0
2020-04-17,0,0.4802830023750292,pl1s,-0.0136253661026319,-1.0
2020-04-21,0,0.4656109106673094,pl1s,-0.0090981012652251,-1.0
2020-04-22,0,0.5150700981308138,pl1s,-0.0296615706317866,-1.0
2020-04-23,1,0.5060767173312758,pl1s,0.0180203045687706,-1.0
2020-04-27,1,0.5274217022465424,pl1s,0.0239382239284782,1.0
2020-04-29,0,0.5101930334473359,pl1s,-0.0167583791870664,-1.0
2020-04-30,1,0.510527395644117,pl1s,0.0480934809235041,-1.0
2020-05-01,0,0.5104654233456777,pl1s,-0.0059439203938389,-1.0
2020-05-08,1,0.584159035356236,pl1s,0.0101355631607638,-1.0
2020-05-11,1,0.5867785700488171,pl1s,0.004991680520663,-1.0
2020-05-12,0,0.5964580315557072,pl1s,-0.009776177002259,1.0
2020-05-13,1,0.5614175391792278,pl1s,0.0067550012919666,1.0
2020-05-14,1,0.4713704584994421,pl1s,0.0543225806445082,1.0
2020-05-18,1,0.5385039697545702,pl1s,0.0233521224064505,1.0
2020-05-19,1,0.5210421593517854,pl1s,0.0504721222988973,1.0
2020-05-22,1,0.5270811913227385,pl1s,0.0146677197416628,-1.0
2020-05-26,0,0.5267466947563365,pl1s,-0.0054963929963907,-1.0
2020-05-27,1,0.5314835118787737,pl1s,0.0113882245738567,-1.0
2020-05-28,0,0.5164282915727805,pl1s,-0.0074876166321489,-1.0
2020-05-29,0,0.5100383292027149,pl1s,-0.0302995655099318,-1.0
2020-06-01,1,0.5099333931309806,pl1s,0.0359560537030198,-1.0
2020-06-02,1,0.5154148009997522,pl1s,0.0094393921990614,-1.0
2020-06-03,0,0.5326295307193352,pl1s,-0.0052295177255652,-1.0
2020-06-04,1,0.5402267429868818,pl1s,0.0399999999976132,-1.0
2020-06-05,1,0.5574922080370118,pl1s,0.0370905587633325,1.0
2020-06-08,1,0.5546683028107131,pl1s,0.0006967022779317,-1.0
2020-06-09,1,0.5613330876983393,pl1s,0.0169649082052513,-1.0
2020-06-10,1,0.5499714630603535,pl1s,0.0260047281353298,-1.0
2020-06-11,1,0.5339514529659758,pl1s,0.0060679611577816,-1.0
2020-06-12,0,0.5278794195062424,pl1s,-0.0032967032937394,-1.0
2020-06-15,0,0.5331174115794944,pl1s,-0.0270171595509858,-1.0
2020-06-16,1,0.5534943516628302,pl1s,0.006754354788886,-1.0
2020-06-17,0,0.5737576581389734,pl1s,-0.0310188499088829,1.0
2020-06-18,1,0.5701138243866585,pl1s,0.0180235409481215,1.0
2020-06-19,1,0.5513481937923145,pl1s,0.0227628568035391,1.0
2020-06-24,0,0.5142073063012937,pl1s,-0.0113719735902595,1.0
2020-06-25,1,0.5610289902649204,pl1s,0.0133580705019313,1.0
2020-06-26,1,0.5559838816310441,pl1s,0.0108629317740553,1.0
2020-06-29,1,0.39146649484353435,pl1s,0.0277710697902595,1.0
2020-06-30,0,0.5182559296343963,pl1s,-0.019736842112073,1.0
2020-07-01,0,0.5132583740264112,pl1s,-0.0033557046950267,1.0
2020-07-02,1,0.5276294785876205,pl1s,0.0073352573412304,1.0
2020-07-06,1,0.526469855270894,pl1s,0.0304404918204759,1.0
2020-07-07,1,0.5125007119721371,pl1s,0.0240963855447728,1.0
2020-07-08,0,0.5156405994080548,pl1s,-0.0419683258013579,1.0
2020-07-09,0,0.5001832286942453,pl1s,-0.0011807769501933,1.0
2020-07-10,1,0.5146334543371821,pl1s,0.0202151554624001,1.0
2020-07-13,0,0.5048704438821288,pl1s,-0.0303592120600343,1.0
2020-07-14,1,0.5158986514591911,pl1s,0.007648183562066,1.0
2020-07-15,0,0.5267501975420179,pl1s,-0.0073529411822556,1.0
2020-07-16,1,0.5375105491840324,pl1s,0.0150537634523921,1.0
2020-07-17,1,0.5425763533812386,pl1s,0.0097693031928056,1.0
2020-07-20,1,0.5360485455966255,pl1s,0.0711038582562355,1.0
2020-07-22,0,0.5177213792760119,pl1s,-0.0066847712495488,-1.0
2020-07-23,1,0.5244420649000368,pl1s,0.00809296533837,-1.0
2020-07-24,0,0.5214476466870103,pl1s,-0.011087866109771,-1.0
2020-07-27,0,0.5249621229208223,pl1s,-0.0202772604933996,-1.0
2020-07-28,1,0.5249617315132322,pl1s,0.0280876090004816,-1.0
2020-07-29,1,0.5225707135452445,pl1s,0.047887323944454,-1.0
2020-07-30,1,0.5184294094672823,pl1s,0.0069033530510831,1.0
2020-07-31,1,0.504343913578628,pl1s,0.0132767439438423,1.0
2020-08-03,1,0.5108029110943768,pl1s,0.0258833637625039,1.0
2020-08-04,0,0.4986922599963332,pl1s,-0.0354899497388665,-1.0
2020-08-05,0,0.5124286431019577,pl1s,-0.0250732989680166,-1.0
2020-08-06,1,0.517092926507103,pl1s,0.0429036394149043,-1.0
2020-08-07,0,0.5246390770808903,pl1s,-0.0332852432012158,-1.0
2020-08-10,1,0.519849772015235,pl1s,0.0312157175658419,-1.0
2020-08-11,0,0.5271680089786969,pl1s,-0.0125591929169862,1.0
2020-08-12,0,0.532336611935605,pl1s,-0.024812343619309,-1.0
2020-08-13,1,0.5361963636150022,pl1s,0.0243133265509271,-1.0
2020-08-14,0,0.554767428759782,pl1s,-0.0088624752401549,-1.0
2020-08-17,0,0.5669005371633359,pl1s,-0.0080611822995706,-1.0
2020-08-18,1,0.5439896463456428,pl1s,0.0195817100610194,-1.0
2020-08-19,0,0.5426464977476793,pl1s,-0.0307434905416349,1.0
2020-08-20,0,0.5419285263703956,pl1s,-0.0008630920264248,1.0
2020-08-21,0,0.5388302119921801,pl1s,-0.0017276751955352,1.0
2020-08-24,1,0.5653218185925435,pl1s,0.0102758247722563,1.0
2020-08-25,1,0.5899935222156296,pl1s,0.006209850101553,1.0
2020-08-26,0,0.5839038240178602,pl1s,-0.0124494573313918,1.0
2020-08-27,1,0.5702313531680472,pl1s,0.0128218941922917,1.0
2020-08-28,1,0.6000274922234261,pl1s,0.0022340425512207,-1.0
2020-08-31,1,0.6517029801600518,pl1s,0.0157799338919715,1.0
2020-09-01,0,0.6307840688792249,pl1s,-0.0510129106734872,1.0
2020-09-02,0,0.6179334552581326,pl1s,-0.0160380488857037,1.0
2020-09-03,1,0.5961902394736412,pl1s,0.0096672661901413,1.0
2020-09-04,1,0.6395312753817766,pl1s,0.0134713872184517,1.0
2020-09-08,1,0.6348112211569484,pl1s,0.0160386685679425,1.0
2020-09-09,1,0.6498849470672322,pl1s,0.0174072872700952,1.0
2020-09-14,0,0.5988044764657454,pl1s,-0.0245123604880528,-1.0
2020-09-15,1,0.5892304710371806,pl1s,0.0088576664657433,-1.0
2020-09-16,0,0.558652697725835,pl1s,-0.0437596301935783,1.0
2020-09-17,1,0.5996027725033877,pl1s,0.0081641422206788,1.0
2020-09-18,0,0.6097497158916092,pl1s,-0.0648980023219373,1.0
2020-09-21,0,0.5831199080073854,pl1s,-0.020911043293168,1.0
2020-09-22,0,0.5763903425715968,pl1s,-0.0177788039684387,1.0
2020-09-25,1,0.5536937691069319,pl1s,0.0496938294779421,1.0
2020-09-28,1,0.5739920874429094,pl1s,0.0070675342152262,1.0
2020-09-30,0,0.5390784525745291,pl1s,-0.0035195776456355,1.0
2020-10-01,0,0.5404893001594535,pl1s,-0.0161147902911819,1.0
2020-10-02,1,0.5478989105050399,pl1s,0.0149203500125267,1.0
2020-10-05,0,0.545371442784892,pl1s,-0.0380236542474078,1.0
2020-10-06,0,0.5127953930882009,pl1s,-0.0040216017474927,1.0
2020-10-07,0,0.5524214284749214,pl1s,-0.0032302722641752,1.0
2020-10-08,1,0.5588251417016636,pl1s,0.0350694444400812,1.0
2020-10-09,0,0.5396136504011009,pl1s,-0.0201274740052621,1.0
2020-10-12,0,0.5400415996206018,pl1s,-0.0034234850984665,1.0
2020-10-13,0,0.5380729680096753,pl1s,-0.0113363105485634,1.0
2020-10-14,0,0.499225417863587,pl1s,-0.0024322446221626,1.0
2020-10-15,1,0.49630710414149937,pl1s,0.0092882851613287,1.0
2020-10-16,0,0.5102910381964285,pl1s,-0.0066720349715648,1.0
2020-10-19,1,0.5095121950751279,pl1s,0.0159814707582044,1.0
2020-10-20,1,0.512686149623725,pl1s,0.0189216915516849,1.0
2020-10-21,0,0.5190937626611198,pl1s,-0.0110750643272016,1.0
2020-10-22,1,0.5030604511518131,pl1s,0.0256787330369054,1.0
2020-10-23,0,0.4906646768593553,pl1s,-0.0323149884183461,1.0
2020-10-26,1,0.5484524043448182,pl1s,0.0107134716126862,1.0
2020-10-27,0,0.5669279683538264,pl1s,-0.0133062697280413,1.0
2020-10-28,0,0.5639902375347223,pl1s,-0.0291428571464057,1.0
2020-10-29,0,0.5660392016363807,pl1s,-0.0012948793396968,1.0
2020-10-30,1,0.5963254826894538,pl1s,0.0130834512057733,1.0
2020-11-02,1,0.5483641961732907,pl1s,0.0180337405459101,1.0
2020-11-03,0,0.5848089837975998,pl1s,-0.0056000000061143,1.0
2020-11-04,1,0.5760506373269297,pl1s,0.0342489369012148,1.0
2020-11-05,0,0.5374014439831407,pl1s,-0.0005556172892887,1.0
2020-11-06,0,0.5564310415437487,pl1s,-0.0355792750677439,1.0
2020-11-09,1,0.5677958872370465,pl1s,0.0291676273916718,1.0
2020-11-10,0,0.5947637997390371,pl1s,-0.0275568500025654,1.0
2020-11-11,1,0.5904615047147798,pl1s,0.0183158622232835,1.0
2020-11-12,1,0.6066504582502535,pl1s,0.013574660631719,1.0
2020-11-13,1,0.5385829894354262,pl1s,0.0351562499969477,1.0
2020-11-16,1,0.5959194987907874,pl1s,0.0103504043203843,1.0
2020-11-17,1,0.5749488014799627,pl1s,0.0147262832138856,1.0
2020-11-18,1,0.5340984042768018,pl1s,0.0006309811761939,1.0
2020-11-19,1,0.5144898414258575,pl1s,0.0059905412495846,1.0
2020-11-20,0,0.49486768516919016,pl1s,-0.0266402005883438,1.0
2020-11-23,1,0.49357342356647543,pl1s,0.0285499624367542,1.0
2020-11-24,1,0.5160212978992046,pl1s,0.0120004174056123,1.0
2020-12-01,0,0.5507606495431293,pl1s,-0.0081681442296175,-1.0
2020-12-02,0,0.559239487726492,pl1s,-0.0261831834804737,-1.0
2020-12-03,0,0.5611114425464546,pl1s,-0.0329289428120198,-1.0
2020-12-04,1,0.5519114157870896,pl1s,0.0218120805335788,-1.0
2020-12-07,1,0.5508835167677248,pl1s,0.0118162759726071,-1.0
2020-12-08,1,0.5610467584648251,pl1s,0.0178399228558744,-1.0
2020-12-09,0,0.5474628944162496,pl1s,-0.0090328915069974,-1.0
2020-12-10,1,0.5308231575280994,pl1s,0.0057409749851106,-1.0
2020-12-11,1,0.4836949018776854,pl1s,0.0060677236328521,-1.0
2020-12-14,0,0.5384449585980968,pl1s,-0.0233359590409256,-1.0
2020-12-15,1,0.5516936742637867,pl1s,0.0037525257362363,-1.0
2020-12-16,0,0.5536082592371835,pl1s,-0.0141974116237251,-1.0
2020-12-17,1,0.5534978384920095,pl1s,0.0066660317981904,-1.0
2020-12-18,1,0.555200598094187,pl1s,0.026024785517553,-1.0
2020-12-21,1,0.5337705624330817,pl1s,0.0057746892389197,-1.0
2020-12-22,0,0.5947670074936309,pl1s,-0.0079740106278711,-1.0
2020-12-23,0,0.5899570999688194,pl1s,-0.0108409024376938,-1.0
2020-12-24,0,0.36083708773003853,pl1s,-0.013623188400953,-1.0
2020-12-28,0,0.3452485727915011,pl1s,-0.0128681727228452,-1.0
2020-12-29,0,0.5327570440969127,pl1s,-0.0149632975730067,-1.0
2020-12-30,0,0.32148870473222413,pl1s,-0.0006490496016264,-1.0
2020-12-31,1,0.3292182034147829,pl1s,0.007134914753032,-1.0
2021-01-04,1,0.5225254214438217,pl1s,0.0448903406517104,1.0
2021-01-05,0,0.539507499396275,pl1s,-0.0083958556659978,1.0
2021-01-07,1,0.5484524752400951,pl1s,0.0473946291995494,-1.0
2021-01-08,0,0.5245230309458606,pl1s,-0.0249229907547074,1.0
2021-01-11,1,0.5353767475390148,pl1s,0.0222094581635265,1.0
2021-01-12,0,0.5732961807196917,pl1s,-0.0401760629308405,-1.0
2021-01-13,0,0.5591512721430106,pl1s,-0.0141352300386599,-1.0
2021-01-14,1,0.547104221199824,pl1s,0.0324041193216836,-1.0
2021-01-15,0,0.545567487589405,pl1s,-0.0019267822704633,-1.0
2021-01-19,0,0.5448856138926069,pl1s,-0.022344322346018,-1.0
2021-01-20,0,0.5528473376278309,pl1s,-0.0103905410284252,-1.0
2021-01-21,1,0.5186737400082184,pl1s,0.0145390070915443,-1.0
2021-01-22,1,0.548844474355099,pl1s,0.0062072688037496,-1.0
2021-01-25,0,0.5305939308940768,pl1s,-0.0024441024699926,-1.0
2021-01-26,1,0.5351227761668227,pl1s,0.0256456564906735,-1.0
2021-01-28,1,0.5393495893211544,pl1s,0.0063409175666022,1.0
2021-01-29,1,0.5936674092036853,pl1s,0.0552260934006869,1.0
2021-02-01,1,0.600292660827795,pl1s,0.0375834211397332,-1.0
2021-02-02,1,0.6028497856640869,pl1s,0.0168795620399857,1.0
2021-02-04,1,0.5858217055473549,pl1s,0.0271985494167703,1.0
2021-02-05,1,0.5919141912885216,pl1s,0.0372462488893092,1.0
2021-02-08,1,0.57590151526567,pl1s,0.0163376446577505,1.0
2021-02-09,0,0.5528060305420082,pl1s,-0.0439551239103919,-1.0
2021-02-10,0,0.5486391160949893,pl1s,-8.019889633525956e-05,-1.0
2021-02-11,0,0.5769578004209224,pl1s,-0.0096230954277862,-1.0
2021-02-12,0,0.5779032282907577,pl1s,-0.0163621922184018,-1.0
2021-02-16,1,0.5546109452324737,pl1s,0.0171147233512808,-1.0
2021-02-17,0,0.5785012400941743,pl1s,-0.0135167369017188,-1.0
2021-02-18,0,0.5803012725085769,pl1s,-0.0144347689672017,-1.0
2021-02-19,1,0.5627152482626319,pl1s,0.0083520222758246,-1.0
2021-02-22,1,0.5880749239569734,pl1s,0.0332215550156728,-1.0
2021-02-23,0,0.5342088857291444,pl1s,-0.0146809711985125,-1.0
2021-02-24,1,0.5535059159393074,pl1s,0.02098735988117,-1.0
2021-02-25,1,0.5645863105845226,pl1s,0.0375152253334087,-1.0
2021-02-26,0,0.5685597720906156,pl1s,-0.0050620096171407,-1.0
2021-03-01,0,0.5684271109615194,pl1s,-0.0193905817122221,-1.0
2021-03-02,1,0.6026208744866859,pl1s,0.0268445322804919,-1.0
2021-03-03,0,0.5967574457305059,pl1s,-0.0393467591803649,1.0
2021-03-04,0,0.5693994210598146,pl1s,-0.0061657711579363,1.0
2021-03-05,1,0.603308080786702,pl1s,0.0212709385773715,1.0
2021-03-08,1,0.6054420353243875,pl1s,0.0200468627999528,1.0
2021-03-09,1,0.6048606934158811,pl1s,0.0224604389947293,1.0
2021-03-10,1,0.5295858103077247,pl1s,0.000416042601252,1.0
2021-03-11,0,0.5220538992683494,pl1s,-0.0016634783271579,1.0
2021-03-12,1,0.5309204297304755,pl1s,0.007664750475699,1.0
2021-03-15,1,0.5357326883242763,pl1s,0.0079371641181185,1.0
2021-03-16,0,0.5384299526316859,pl1s,-0.0162414896265599,1.0
2021-03-17,1,0.5410185619268552,pl1s,0.015175519057287,1.0
2021-03-18,0,0.5431720629410923,pl1s,-0.0142915811138636,1.0
2021-03-19,0,0.5288692651093474,pl1s,-0.013287932891646,1.0
2021-03-22,0,0.5950024884888723,pl1s,-0.0078276239380885,1.0
2021-03-23,1,0.6154254928446247,pl1s,0.0050899219584574,1.0
2021-03-24,0,0.6035458222202201,pl1s,-0.0221978392976081,1.0
2021-03-25,1,0.5831244376541822,pl1s,0.020025895551158,1.0
2021-03-26,1,0.5930166751887576,pl1s,0.002030972331352,1.0
2021-03-29,0,0.61499072846117,pl1s,-0.0198462967658683,1.0
2021-03-30,1,0.6273424834941077,pl1s,0.0266241599122933,1.0
2021-03-31,1,0.6318418818832541,pl1s,0.0143516575749582,1.0
2021-04-01,1,0.6139182247333268,pl1s,0.0009928843262529,1.0
2021-04-05,1,0.6074113592144947,pl1s,0.0253760952240076,1.0
2021-04-07,1,0.5812582593715515,pl1s,0.0028411397022449,1.0
2021-04-08,0,0.5596733431803339,pl1s,-0.0211267605609761,1.0
2021-04-09,0,0.5731919154631646,pl1s,-0.0285289010129992,1.0
2021-04-12,0,0.5875154380025729,pl1s,-0.0150663942788872,1.0
2021-04-13,1,0.5977313901057889,pl1s,0.0175438596449661,1.0
2021-04-14,1,0.6039119003175524,pl1s,0.0193647018861189,1.0
2021-04-15,1,0.6009524058934398,pl1s,0.007082152974106,1.0
2021-04-16,0,0.4195913704719693,pl1s,-0.0018201373384575,1.0
2021-04-20,1,0.587131824758342,pl1s,0.0153807573429236,1.0
2021-04-21,0,0.5811729167762697,pl1s,-0.005104140946381,1.0
2021-04-22,1,0.4767245579042525,pl1s,0.020355812996589,1.0
2021-04-23,1,0.6026262059307227,pl1s,0.0098126672615033,1.0
2021-04-26,1,0.58879844162478,pl1s,0.0034532605207935,1.0
2021-04-27,0,0.6206080041550057,pl1s,-0.0298519407801066,1.0
2021-04-28,0,0.44543130675163256,pl1s,-0.0120442171218456,1.0
2021-04-29,1,0.602748933274231,pl1s,0.0063460253813434,1.0
2021-04-30,1,0.6136719609553631,pl1s,0.0206604712912426,1.0
2021-05-03,1,0.5986397126983858,pl1s,0.0013820014580743,1.0
2021-05-04,0,0.5673421373844689,pl1s,-0.0024354602953262,1.0
2021-05-05,1,0.5804596824571866,pl1s,0.0234374999957096,1.0
2021-05-06,0,0.5725628597143906,pl1s,-0.0024650127172856,1.0
2021-05-07,1,0.5822082135731514,pl1s,0.0087684336344247,1.0
2021-05-10,0,0.6076297414432469,pl1s,-0.0192018964850979,1.0
2021-05-11,0,0.6060227216181838,pl1s,-0.0123267805309104,1.0
2021-05-12,0,0.6132390369991664,pl1s,-0.0158251080862863,1.0
2021-05-13,1,0.6268388850604377,pl1s,0.0135101533354557,1.0
2021-05-14,1,0.6261378526252553,pl1s,0.0177461563669596,1.0
2021-05-17,0,0.43745759631298897,pl1s,-0.0154278826837984,1.0
2021-05-18,0,0.6254280550179643,pl1s,-0.0193422019125469,1.0
2021-05-19,1,0.61419815632879,pl1s,0.0028295605839723,1.0
2021-05-20,0,0.6046971867171467,pl1s,-0.0295435684653984,1.0
2021-05-21,1,0.6247435255410256,pl1s,0.0070121429841292,1.0
2021-05-24,1,0.6062788922196789,pl1s,0.0163892663056068,1.0
2021-05-25,1,0.5966394825610244,pl1s,0.002757122563461,1.0
2021-05-26,0,0.5934489386376776,pl1s,-0.0175804032632733,1.0
2021-05-27,1,0.623799851582057,pl1s,0.0027987448021435,1.0
2021-05-28,1,0.4256833871998179,pl1s,0.0146312584603334,1.0
2021-06-01,0,0.6234234104951907,pl1s,-0.0058347920387524,1.0
2021-06-02,0,0.4339152046338972,pl1s,-0.0253207009261365,1.0
2021-06-03,1,0.6174914861484104,pl1s,0.0016344085991779,1.0
2021-06-04,1,0.5918126464217233,pl1s,0.0089316386178657,1.0
2021-06-07,0,0.4470686206824787,pl1s,-0.0104698672140987,1.0
2021-06-08,0,0.41218401716619335,pl1s,-0.0092043010757135,1.0
2021-06-09,0,0.4400122092042705,pl1s,-0.0050355964591617,1.0
2021-06-11,1,0.44448712174098776,pl1s,0.0123360264092651,1.0
2021-06-14,0,0.4089593114234894,pl1s,-0.0143310735386664,1.0
2021-06-15,0,0.435343951305581,pl1s,-0.0058331882330093,1.0
2021-06-16,0,0.5987597438946561,pl1s,-0.0759260880982038,1.0
2021-06-17,0,0.5338414525675116,pl1s,-0.0134571645182791,1.0
2021-06-18,1,0.5158694680941497,pl1s,0.0085151167179611,1.0
2021-06-21,1,0.5360855361844424,pl1s,0.0178351200112603,1.0
2021-06-22,1,0.5319731815939034,pl1s,0.0154720850025071,1.0
2021-06-23,1,0.4986822776339362,pl1s,0.0060578246932117,1.0
2021-06-29,1,0.5147749603394811,pl1s,0.0021483280412608,1.0
2021-06-30,1,0.5137481955883463,pl1s,0.007456426512463,1.0
2021-07-01,1,0.4864692202963319,pl1s,0.006291053747744,1.0
2021-07-02,0,0.4619530301868937,pl1s,-0.0034016732581964,1.0
2021-07-06,0,0.457160904568934,pl1s,-0.0019372693705432,1.0
2021-07-07,0,0.45916901942733485,pl1s,-0.0068398188328849,1.0
2021-07-08,1,0.46131270039243033,pl1s,0.0197301070176298,1.0
2021-07-09,1,0.4625287784367472,pl1s,0.0249155790832473,1.0
2021-07-12,0,0.48425273340322417,pl1s,-0.0105075690062054,1.0
2021-07-13,1,0.5357622588400462,pl1s,0.0152087832962617,1.0
2021-07-14,1,0.5358526983320508,pl1s,0.0085098838754507,1.0
2021-07-15,0,0.4968492647301509,pl1s,-0.0256658169954434,1.0
2021-07-16,0,0.48450683591556576,pl1s,-0.0334686513346141,1.0
2021-07-19,0,0.46218043750874005,pl1s,-0.0057868209787442,1.0
2021-07-20,1,0.4543417752547881,pl1s,0.0094817874504817,1.0
2021-07-21,1,0.465534552087344,pl1s,0.0142285873748737,1.0
2021-07-22,0,0.3302812465340618,pl1s,-0.0267742527010168,1.0
2021-07-23,1,0.4994524691745762,pl1s,0.0081025061182606,1.0
2021-07-26,0,0.5159897549221634,pl1s,-0.0191588784998693,1.0
2021-07-27,1,0.49582577574094017,pl1s,0.0081943782695841,1.0
2021-07-28,1,0.46441199609011585,pl1s,0.0089783574365038,1.0
2021-07-29,0,0.49029318476403266,pl1s,-0.0179842637690013,1.0
2021-07-30,1,0.48102040144950237,pl1s,0.0075352918716675,1.0
2021-08-02,0,0.44672491406679227,pl1s,-0.0088989870269814,1.0
2021-08-03,0,0.2949321303212263,pl1s,-0.0244531473872082,1.0
2021-08-04,0,0.48653574246748565,pl1s,-0.0152746499596226,1.0
2021-08-09,1,0.5396569825723725,pl1s,0.0165825522781479,1.0
2021-08-10,1,0.5422414491083515,pl1s,0.0289766970580827,1.0
2021-08-11,1,0.5311171465504146,pl1s,0.0020677432036875,1.0
2021-08-16,0,0.34882624000888046,pl1s,-0.0267358730794045,1.0
2021-08-17,1,0.46152000298529916,pl1s,0.0026162205681616,1.0
2021-08-18,0,0.4578177273425631,pl1s,-0.0252910477757282,1.0
2021-08-19,1,0.4517475374507101,pl1s,0.0236820428327975,1.0
2021-08-20,1,0.5130988604271696,pl1s,0.020016093347609,1.0
2021-08-23,0,0.5145403491406537,pl1s,-0.0039443841855866,1.0
2021-08-24,1,0.49258915069099823,pl1s,0.0164340164332269,-1.0
2021-08-25,0,0.5006029408867608,pl1s,-0.0181177654767604,1.0
2021-08-26,1,0.3342502607994531,pl1s,0.0317785750941976,1.0
2021-08-27,0,0.33053128782521257,pl1s,-0.0043715846980856,1.0
2021-08-30,1,0.3371126101057107,pl1s,0.0119748528062977,1.0
2021-08-31,0,0.3487530523073942,pl1s,-0.0142983926649226,1.0
2021-09-01,0,0.30630604314419335,pl1s,-0.0054021608689289,1.0
2021-09-02,1,0.29590523403440727,pl1s,0.0275598471217801,1.0
2021-09-03,0,0.5054892435960328,pl1s,-0.0251566170777352,1.0
2021-09-07,0,0.5124049648448326,pl1s,-0.0198815142074639,1.0
2021-09-08,0,0.509874594449758,pl1s,-0.0016391763084679,1.0
2021-09-09,0,0.5113694305252258,pl1s,-0.018471010775882,1.0
2021-09-10,1,0.5041454872573606,pl1s,0.001045478301471,1.0
2021-09-13,0,0.5124233288928122,pl1s,-0.0196344647449192,1.0
2021-09-14,0,0.46892931464306037,pl1s,-0.0087354852545953,1.0
2021-09-15,0,0.5047363580447355,pl1s,-0.0077377753810069,1.0
2021-09-16,1,0.5302493650843236,pl1s,0.0079064226133549,1.0
2021-09-17,0,0.5279393027727586,pl1s,-0.0337416720398474,1.0
2021-09-20,1,0.5235930547529899,pl1s,0.0571492105883424,1.0
2021-09-21,1,0.5096643916669141,pl1s,0.0515355490016979,1.0
2021-09-22,0,0.4986061093250661,pl1s,-0.0044008801701498,1.0
2021-09-23,0,0.5149682119697382,pl1s,-0.0191882660235614,1.0
2021-09-27,0,0.5368294544419893,pl1s,-0.0162609940695681,1.0
2021-09-28,0,0.522481508570118,pl1s,-0.0154901756936277,1.0
2021-09-29,1,0.5155714962991792,pl1s,0.0162618796203457,1.0
2021-09-30,1,0.5132801702408567,pl1s,0.0116375727351771,1.0
2021-10-01,0,0.5120508911193702,pl1s,-0.0123253903121585,1.0
2021-10-04,0,0.502951469944835,pl1s,-0.0018718801981648,1.0
2020-01-30,0,0.2385823156845664,rb1s,-0.0122218526185795,-1.0
2020-01-31,0,0.22233128836009267,rb1s,-0.0131640183671488,-1.0
2020-02-03,0,0.15978473972166746,rb1s,-0.0085499076443333,-1.0
2020-02-04,1,0.27873235908025873,rb1s,0.0559174063840735,1.0
2020-02-05,1,0.252346671028552,rb1s,0.0637152665364719,1.0
2020-02-06,1,0.22170517834493858,rb1s,0.0554072098418001,1.0
2020-02-07,0,0.20290682090639253,rb1s,-0.0063652472744483,1.0
2020-02-10,0,0.2236590200901832,rb1s,-0.0046670619019505,1.0
2020-02-11,1,0.23362365939503954,rb1s,0.0441157052596203,1.0
2020-02-12,1,0.24599731624735086,rb1s,0.0520556618631651,1.0
2020-02-13,1,0.2439044977230024,rb1s,0.0525882800314401,1.0
2020-02-14,1,0.2544862732829664,rb1s,0.0505273807381341,1.0
2020-02-18,0,0.252346671028552,rb1s,-0.007315547347437,1.0
2020-02-19,1,0.15978473972166746,rb1s,0.0763700439362136,-1.0
2020-02-20,1,0.17534030221653357,rb1s,0.0799103392381009,-1.0
2020-02-21,0,0.3111847130603828,rb1s,-0.0272541449172221,1.0
2020-02-24,0,0.39610546580601463,rb1s,-0.0416180248616058,1.0
2020-02-25,0,0.45773492456466547,rb1s,-0.0471405081314477,1.0
2020-02-26,0,0.46906667056461354,rb1s,-0.0280600821877683,1.0
2020-02-27,0,0.5339003582542607,rb1s,-0.0248586095721907,1.0
2020-02-28,0,0.58483519608632,rb1s,-0.063258699516961,1.0
2020-03-02,0,0.4953402371136658,rb1s,-0.011561445998357,1.0
2020-03-03,0,0.42023835897017764,rb1s,-0.0929275784415463,1.0
2020-03-04,0,0.36925873980923835,rb1s,-0.0216650596583869,1.0
2020-03-05,0,0.3545964927343074,rb1s,-0.0872650803728114,1.0
2020-03-06,0,0.39610546580601463,rb1s,-0.1814974798420524,1.0
2020-03-09,0,0.6059727882094736,rb1s,-0.0233969573896085,1.0
2020-03-10,0,0.5971820249143388,rb1s,-0.0404459415406718,1.0
2020-03-11,1,0.5483648139902693,rb1s,0.1916599121646031,-1.0
2020-03-12,0,0.6880256143313501,rb1s,-0.2313091909652589,1.0
2020-03-13,0,0.6349267808257573,rb1s,-0.2327624563658131,1.0
2020-03-16,0,0.6442532174586549,rb1s,-0.0756631382929088,1.0
2020-03-17,1,0.6077511534878723,rb1s,0.4211414130791882,-1.0
2020-03-18,0,0.6528455647380784,rb1s,-0.0741728086721307,-1.0
2020-03-19,1,0.6444217170979386,rb1s,0.3988321194941117,-1.0
2020-03-20,1,0.6784024297709921,rb1s,0.3197885719310644,-1.0
2020-03-23,0,0.6672578880437793,rb1s,-0.0319385474327293,-1.0
2020-03-24,0,0.6246722768780983,rb1s,-0.1858961868364237,-1.0
2020-03-25,0,0.42204141609344514,rb1s,-0.0948133412205498,-1.0
2020-03-26,0,0.13906254690263328,rb1s,-0.1083612043164585,-1.0
2020-03-27,0,0.07407763679636567,rb1s,-0.0801825268652667,-1.0
2020-03-30,0,0.04131140042186599,rb1s,-0.0745784652880927,-1.0
2020-03-31,0,0.041152871385254336,rb1s,-0.1182723099439688,-1.0
2020-04-01,0,0.06279670395062067,rb1s,-0.2128087779667407,-1.0
2020-04-02,0,0.11296596002229382,rb1s,-0.0434520238105746,-1.0
2020-04-03,0,0.19767477935883124,rb1s,-0.0410642013989395,-1.0
2020-04-06,1,0.20316344344658294,rb1s,0.0682417314397058,-1.0
2020-04-07,0,0.16738583008345106,rb1s,-0.0459734624415251,-1.0
2020-04-08,0,0.11498262304293339,rb1s,-0.0373156335895505,-1.0
2020-04-09,0,0.056212323137939,rb1s,-0.0383877158307466,-1.0
2020-04-13,0,0.044678539418911214,rb1s,-0.0347356335411619,-1.0
2020-04-14,0,0.04742782474816386,rb1s,-0.0594860592475592,-1.0
2020-04-15,0,0.057215235330107875,rb1s,-0.0588977832371342,-1.0
2020-04-16,0,0.09838859461699676,rb1s,-0.0320941295294643,-1.0
2020-04-17,0,0.08105438888052463,rb1s,-0.0733501690690312,-1.0
2020-04-20,0,0.12691312811855834,rb1s,-0.0483540091390268,-1.0
2020-04-21,1,0.39853479332768005,rb1s,0.2510288070910493,1.0
2020-04-22,1,0.3255035143721736,rb1s,0.3109818137511755,1.0
2020-04-23,1,0.3545964927343074,rb1s,0.3213605011508593,1.0
2020-04-24,1,0.4438749840034011,rb1s,0.2873875140415474,1.0
2020-04-27,1,0.4058041759141787,rb1s,0.3159585350770322,1.0
2020-04-28,1,0.2878429511505144,rb1s,0.2802556797677753,1.0
2020-04-29,1,0.26977138678287327,rb1s,0.262027834336926,1.0
2020-04-30,0,0.13778926481368858,rb1s,-0.0482327427493503,-1.0
2020-05-01,0,0.12351487623790218,rb1s,-0.072034454285444,-1.0
2020-05-04,1,0.23160499740628243,rb1s,0.2486914198814853,1.0
2020-05-05,0,0.11704509409447725,rb1s,-0.0333962079797862,-1.0
2020-05-06,0,0.13282706270310343,rb1s,-0.0621507565131229,-1.0
2020-05-07,0,0.14973084969948047,rb1s,-0.0416577205417894,-1.0
2020-05-08,0,0.13528212644869114,rb1s,-0.0772946859474277,-1.0
2020-05-11,0,0.149124214177745,rb1s,-0.049772780061676,-1.0
2020-05-12,0,0.1533567776613518,rb1s,-0.0562874258279211,-1.0
2020-05-13,1,0.2723684040509983,rb1s,0.2307184381718068,1.0
2020-05-14,0,0.17021004846238977,rb1s,-0.0609076024921784,-1.0
2020-05-15,0,0.17907650696226884,rb1s,-0.0573077722134807,-1.0
2020-05-18,0,0.16099357594780925,rb1s,-0.0259296868003535,-1.0
2020-05-19,0,0.16052860758944673,rb1s,-0.0198422478472999,-1.0
2020-05-20,0,0.14389714774302698,rb1s,-0.0212101133822952,-1.0
2020-05-21,0,0.13466398291184836,rb1s,-0.0157280123741885,-1.0
2020-05-22,0,0.13192101334524584,rb1s,-0.0123597630967369,-1.0
2020-05-26,0,0.13642870563207035,rb1s,-0.012866267660647,-1.0
2020-05-27,0,0.14234925982944996,rb1s,-0.0597425588021305,-1.0
2020-05-28,0,0.14158569714398092,rb1s,-0.0511695904725588,-1.0
2020-05-29,0,0.14428848979422768,rb1s,-0.0369031048850936,-1.0
2020-06-01,0,0.14045315571170852,rb1s,-0.048373486884494,-1.0
2020-06-02,0,0.14428848979422768,rb1s,-0.0274523818548946,-1.0
2020-06-03,0,0.1305856229907966,rb1s,-0.0265344394216722,-1.0
2020-06-04,0,0.13678641266391328,rb1s,-0.056222803934244,-1.0
2020-06-05,0,0.12424916464851106,rb1s,-0.0363381662289303,-1.0
2020-06-08,0,0.12734830089965937,rb1s,-0.0128033488405014,-1.0
2020-06-09,0,0.1435075613041652,rb1s,-0.0391638418711055,-1.0
2020-06-10,0,0.16870625095216263,rb1s,-0.0395073964313104,-1.0
2020-06-11,0,0.19024557749463403,rb1s,-0.0419199120111735,-1.0
2020-06-12,1,0.32875478336575387,rb1s,0.118651605254167,1.0
2020-06-15,1,0.32120316504733937,rb1s,0.0908467027184023,1.0
2020-06-16,0,0.2688408133504402,rb1s,-0.0410777011511721,1.0
2020-06-17,0,0.15688015470416133,rb1s,-0.0348885043254862,-1.0
2020-06-18,0,0.14428848979422765,rb1s,-0.0110519203421561,-1.0
2020-06-19,0,0.14830009630215704,rb1s,-0.015492293918587,-1.0
2020-06-22,1,0.15121697938297404,rb1s,0.1034562915413827,-1.0
2020-06-23,1,0.17379002821591197,rb1s,0.1089116512069262,-1.0
2020-06-24,0,0.297143081056897,rb1s,-0.0352735154350946,1.0
2020-06-25,0,0.29342969205778285,rb1s,-0.033661876585823,1.0
2020-06-26,1,0.30012642287813096,rb1s,0.1020831519953708,1.0
2020-06-29,1,0.3136513910387101,rb1s,0.0773699288125124,1.0
2020-06-30,1,0.3106354068088732,rb1s,0.0676654180646083,1.0
2020-07-01,0,0.1727570199964769,rb1s,-0.0347604566878969,-1.0
2020-07-02,0,0.26954349834912184,rb1s,-0.0146124535976367,1.0
2020-07-06,0,0.24590264008225104,rb1s,-0.0131366846370716,1.0
2020-07-07,0,0.2478461282580715,rb1s,-0.0192156884589276,1.0
2020-07-08,0,0.25578198540210856,rb1s,-0.0312959957403863,1.0
2020-07-09,0,0.27095315086246996,rb1s,-0.0132746871965893,1.0
2020-07-10,0,0.27095315086246996,rb1s,-0.0075598152411875,1.0
2020-07-13,0,0.2674398059717908,rb1s,-0.0204177803441028,1.0
2020-07-14,0,0.27024761626652105,rb1s,-0.0108225082257212,1.0
2020-07-15,0,0.2551110145086836,rb1s,-0.0241992880275915,1.0
2020-07-16,0,0.24654862994240614,rb1s,-0.0076181221226258,1.0
2020-07-17,0,0.24525849998490687,rb1s,-0.0099801668958611,1.0
2020-07-20,0,0.23829696626621866,rb1s,-0.0132036730284711,1.0
2020-07-21,0,0.22220212132019396,rb1s,-0.0164882401405143,1.0
2020-07-22,0,0.23156763956425172,rb1s,-0.0188649832257378,1.0
2020-07-23,0,0.23705600962985263,rb1s,-0.0186847841061854,1.0
2020-07-24,0,0.2382969662662188,rb1s,-0.008996815914418,1.0
2020-07-27,0,0.25377424332789733,rb1s,-0.0076323624656272,1.0
2020-07-28,0,0.2723684040509984,rb1s,-0.0178108789460857,1.0
2020-07-29,0,0.2688408133504402,rb1s,-0.0184635676407212,1.0
2020-07-30,0,0.2639634575851694,rb1s,-0.0165435013568734,1.0
2020-07-31,1,0.261896186749483,rb1s,0.0496968666216901,1.0
2020-08-03,0,0.25178217341019804,rb1s,-0.0070892735615474,1.0
2020-08-04,0,0.25645466498218294,rb1s,-0.0055175821173236,1.0
2020-08-05,0,0.257805104129529,rb1s,-0.0124304901261264,1.0
2020-08-06,0,0.2625836988204308,rb1s,-0.0166924537767451,1.0
2020-08-07,1,0.2667415149659654,rb1s,0.0516727417979903,1.0
2020-08-10,0,0.28169449289968873,rb1s,-0.0201740822135266,1.0
2020-08-11,1,0.2688408133504402,rb1s,0.0543794106566966,1.0
2020-08-12,0,0.27880267716761775,rb1s,-0.0072358903125662,1.0
2020-08-13,1,0.2802462489919829,rb1s,0.0499676063872769,1.0
2020-08-14,1,0.2867978970959805,rb1s,0.0715436140807475,1.0
2020-08-17,1,0.2875310773247915,rb1s,0.0501127391059095,1.0
2020-08-18,1,0.29194980188667013,rb1s,0.0466509221233699,1.0
2020-08-19,0,0.30640267467703675,rb1s,-0.0049593181598371,1.0
2020-08-20,0,0.30316549553813266,rb1s,-0.009564212668256,1.0
2020-08-21,1,0.2893141977100821,rb1s,0.0457543276281053,1.0
2020-08-24,0,0.27485956294632086,rb1s,-0.0330211140976373,1.0
2020-08-25,0,0.2639521130202262,rb1s,-0.0396531340102374,1.0
2020-08-26,0,0.2668827999823302,rb1s,-0.0357764775862313,1.0
2020-08-27,0,0.2610563730245405,rb1s,-0.0132983077950408,1.0
2020-08-28,0,0.2600990769799981,rb1s,-0.0263136768692973,1.0
2020-08-31,0,0.27084270885293416,rb1s,-0.009639945268743,1.0
2020-09-01,0,0.28201551179328316,rb1s,-0.0185351524129037,1.0
2020-09-02,0,0.27688827959453666,rb1s,-0.0206322788926366,1.0
2020-09-03,0,0.2893141977100822,rb1s,-0.0229894593304356,1.0
2020-09-04,0,0.29994122294401954,rb1s,-0.0632008168583037,1.0
2020-09-08,0,0.311820733227102,rb1s,-0.0071635824309479,1.0
2020-09-09,0,0.31073522434849316,rb1s,-0.0192977736776605,1.0
2020-09-10,1,0.29994122294401954,rb1s,0.0830828075924903,1.0
2020-09-11,1,0.2946019456379173,rb1s,0.0858525873937783,1.0
2020-09-14,1,0.2924801316429909,rb1s,0.0741778097997534,1.0
2020-09-15,1,0.27688827959453666,rb1s,0.0758281344415414,1.0
2020-09-16,0,0.2768882795945365,rb1s,-0.0099251391381282,1.0
2020-09-17,0,0.28098397496692823,rb1s,-0.038631166145529,1.0
2020-09-18,0,0.27995542038536686,rb1s,-0.0481158005144837,1.0
2020-09-21,0,0.3085668897424316,rb1s,-0.0108741829484323,1.0
2020-09-22,0,0.3150816506597998,rb1s,-0.0177478587366125,1.0
2020-09-23,0,0.3227056977433041,rb1s,-0.0296251530110396,1.0
2020-09-24,0,0.33467477500406756,rb1s,-0.0177292869557498,1.0
2020-09-25,0,0.33684288659310424,rb1s,-0.0157169269164766,1.0
2020-09-28,0,0.29994122294401954,rb1s,-0.0347016136229435,1.0
2020-09-29,0,0.2935399694002799,rb1s,-0.0159678931257442,1.0
2020-09-30,0,0.2840872721899748,rb1s,-0.0247122534958529,1.0
2020-10-01,0,0.26298292912092913,rb1s,-0.0250781001586941,1.0
2020-10-02,1,0.2591458172174224,rb1s,0.0993324450501631,1.0
2020-10-05,0,0.25075328569897415,rb1s,-0.0154090976930085,1.0
2020-10-06,0,0.2444660738960624,rb1s,-0.0276900662907542,1.0
2020-10-07,0,0.24893510998649368,rb1s,-0.0209842632103643,1.0
2020-10-08,0,0.25075328569897415,rb1s,-0.0230594349965718,1.0
2020-10-09,0,0.24624051384907358,rb1s,-0.0228557182703368,1.0
2020-10-12,0,0.26298292912092924,rb1s,-0.0113974632523554,1.0
2020-10-13,0,0.2649251809034484,rb1s,-0.0117527691662585,1.0
2020-10-14,0,0.27184171256936696,rb1s,-0.0142845229102168,1.0
2020-10-15,0,0.28721562559480696,rb1s,-0.0094915256991712,1.0
2020-10-16,0,0.28826365835284495,rb1s,-0.0243839814587366,1.0
2020-10-19,0,0.2851273629619379,rb1s,-0.0189279870571179,1.0
2020-10-20,0,0.2924801316429909,rb1s,-0.0400707117043535,1.0
2020-10-21,0,0.28826365835284495,rb1s,-0.0272244785188076,1.0
2020-10-22,0,0.27995542038536686,rb1s,-0.0158924203527519,1.0
2020-10-23,0,0.2830499661503761,rb1s,-0.0267080761909984,1.0
2020-10-26,0,0.30208919703353415,rb1s,-0.0303582819508495,1.0
2020-10-27,0,0.30965058274276946,rb1s,-0.057760454167049,1.0
2020-10-28,0,0.33250330004346224,rb1s,-0.0334712309031457,1.0
2020-10-29,1,0.3270636896165439,rb1s,0.0779182896920025,1.0
2020-10-30,1,0.3303290346082406,rb1s,0.081088936552554,1.0
2020-11-02,1,0.30532231492558415,rb1s,0.1033269926625317,1.0
2020-11-03,1,0.28201551179328316,rb1s,0.0778159511305049,1.0
2020-11-04,0,0.23586025503091684,rb1s,-0.0213879605454027,1.0
2020-11-05,0,0.22148787926438834,rb1s,-0.0282283359318172,1.0
2020-11-06,1,0.2245591230451744,rb1s,0.0703614870601583,1.0
2020-11-09,0,0.20118058070389924,rb1s,-0.0304126798494505,1.0
2020-11-10,0,0.2207307975204884,rb1s,-0.0152416044089569,1.0
2020-11-11,0,0.2427093144005425,rb1s,-0.0159877537242841,1.0
2020-11-12,0,0.2851273629619379,rb1s,-0.0273960753336436,1.0
2020-11-13,1,0.2789299115974434,rb1s,0.1143847328288298,1.0
2020-11-16,1,0.3139940275882511,rb1s,0.0935896206951731,1.0
2020-11-17,1,0.2988697064649517,rb1s,0.0875204458532463,1.0
2020-11-18,1,0.2914225075971924,rb1s,0.078449205076402,1.0
2020-11-19,1,0.27284422522992824,rb1s,0.0788202818537464,1.0
2020-11-20,1,0.27284422522992824,rb1s,0.086046310890959,1.0
2020-11-23,1,0.27688827959453666,rb1s,0.0998245747152593,1.0
2020-11-24,0,0.26786726318024956,rb1s,-0.0075139891440338,1.0
2020-11-25,0,0.27790751095702565,rb1s,-0.0231313913562277,1.0
2020-11-27,0,0.24528182487507727,rb1s,-0.0192733008761299,1.0
2020-11-30,0,0.251271959002341,rb1s,-0.0170747413881774,1.0
2020-12-01,1,0.2482577298108079,rb1s,0.0788266132723283,1.0
2020-12-02,1,0.24041007414361687,rb1s,0.0618598288498912,1.0
2020-12-03,1,0.23378142017911535,rb1s,0.0722834266953857,1.0
2020-12-04,0,0.22559906320228315,rb1s,-0.0100118236129577,1.0
2020-12-07,1,0.22208754309368722,rb1s,0.0773212284180948,1.0
2020-12-08,1,0.23754137712672763,rb1s,0.048331871838392,1.0
2020-12-09,1,0.24331972813541722,rb1s,0.0603495564236116,1.0
2020-12-10,0,0.251271959002341,rb1s,-0.0067598357166084,1.0
2020-12-11,1,0.264743728180555,rb1s,0.0614819901520116,1.0
2020-12-14,1,0.264743728180555,rb1s,0.052308391406753,1.0
2020-12-15,1,0.25948746637905556,rb1s,0.0462013871043234,1.0
2020-12-16,0,0.25844702163497263,rb1s,-0.0099046481517476,1.0
2020-12-17,0,0.25637742832123145,rb1s,-0.0199553350422994,1.0
2020-12-18,0,0.24925827280984825,rb1s,-0.0252221292475837,1.0
2020-12-21,0,0.2605315970573821,rb1s,-0.0153631268259727,1.0
2020-12-22,1,0.2636854828309686,rb1s,0.0492699369581921,1.0
2020-12-23,0,0.25637742832123145,rb1s,-0.0112628964439978,1.0
2020-12-24,0,0.2553483951360668,rb1s,-0.0083807030921088,1.0
2020-12-28,1,0.2337814201791153,rb1s,0.0671713073487865,1.0
2020-12-29,1,0.23192968586980847,rb1s,0.0535442205869078,1.0
2020-12-30,0,0.23754137712672768,rb1s,-0.0202668954377328,1.0
2020-12-31,0,0.24137544846394032,rb1s,-0.0263811076962535,1.0
2021-01-04,1,0.2615793522115094,rb1s,0.0576881041495282,1.0
2021-01-05,1,0.2605315970573821,rb1s,0.0621169343641263,1.0
2021-01-06,0,0.16692821590309154,rb1s,-0.0052203389437617,-1.0
2021-01-07,0,0.16406424370190553,rb1s,-0.0401969386240292,-1.0
2021-01-08,0,0.16266141753665103,rb1s,-0.0069376903417608,-1.0
2021-01-11,0,0.16266141753665103,rb1s,-0.0211730652311608,-1.0
2021-01-12,0,0.16692821590309154,rb1s,-0.0144961283650868,-1.0
2021-01-13,0,0.17289197199710893,rb1s,-0.0063306030409395,-1.0
2021-01-14,0,0.16912762440966028,rb1s,-0.0139085450581135,-1.0
2021-01-15,0,0.17289197199710893,rb1s,-0.0063465077272741,-1.0
2021-01-19,0,0.16548647253046755,rb1s,-0.0063714952012106,-1.0
2021-01-20,0,0.16477292541305863,rb1s,-0.009524475869143,-1.0
2021-01-21,0,0.16838956910999278,rb1s,-0.0069157187407311,-1.0
2021-01-22,0,0.16987060990371566,rb1s,-0.0083495146844509,-1.0
2021-01-25,0,0.17137139756639827,rb1s,-0.010847936843114,-1.0
2021-01-26,0,0.1744323528251553,rb1s,-0.0097155207542571,-1.0
2021-01-27,0,0.18492535907828897,rb1s,-0.0117714427872153,-1.0
2021-01-28,0,0.18079157651891703,rb1s,-0.009330963968805,-1.0
2021-01-29,0,0.182430516829641,rb1s,-0.0240870757715387,-1.0
2021-02-01,0,0.17599253855545474,rb1s,-0.0162882833070505,-1.0
2021-02-02,0,0.16987060990371566,rb1s,-0.0201732665236189,-1.0
2021-02-03,0,0.1572413748364813,rb1s,-0.015892272252411,-1.0
2021-02-04,0,0.15991344846086872,rb1s,-0.0182392989294128,-1.0
2021-02-05,0,0.15149919779274368,rb1s,-0.0154611044888286,-1.0
2021-02-08,0,0.15149919779274368,rb1s,-0.0105684261733363,-1.0
2021-02-09,0,0.15593337011843983,rb1s,-0.0112930205429364,-1.0
2021-02-10,0,0.16059327530421136,rb1s,-0.0236482401198234,-1.0
2021-02-11,0,0.16196724118874534,rb1s,-0.0256332551077824,-1.0
2021-02-12,0,0.16406424370190553,rb1s,-0.0475036930973666,-1.0
2021-02-16,0,0.1619672411887454,rb1s,-0.0212081902216061,-1.0
2021-02-17,0,0.16548647253046755,rb1s,-0.0140009973983326,-1.0
2021-02-18,0,0.16765643599566996,rb1s,-0.0231559974306472,-1.0
2021-02-19,0,0.16838956910999278,rb1s,-0.0222351616659184,-1.0
2021-02-22,0,0.16838956910999278,rb1s,-0.0060075630489964,-1.0
2021-02-23,0,0.17678005181375359,rb1s,-0.0181209776764923,-1.0
2021-02-24,0,0.16987060990371566,rb1s,-0.0102138852410991,-1.0
2021-02-25,0,0.16987060990371566,rb1s,-0.0108783654527815,-1.0
2021-02-26,0,0.1767800518137535,rb1s,-0.0243014631748381,-1.0
2021-03-01,0,0.17212920972365903,rb1s,-0.0045807813075757,-1.0
2021-03-02,0,0.17137139756639827,rb1s,-0.0079529018473436,-1.0
2021-03-03,0,0.1744323528251553,rb1s,-0.0236192249579123,-1.0
2021-03-04,0,0.1767800518137535,rb1s,-0.0334351063634847,-1.0
2021-03-05,0,0.17365968620003613,rb1s,-0.0071681105750116,-1.0
2021-03-08,0,0.17917220826714803,rb1s,-0.0150339231013085,-1.0
2021-03-09,0,0.18079157651891703,rb1s,-0.0142912872902392,-1.0
2021-03-10,0,0.18160860697990522,rb1s,-0.0281317625989847,-1.0
2021-03-11,0,0.1608970780849483,rb1s,-0.0056127222972004,-1.0
2021-03-12,1,0.1590716721460991,rb1s,0.047860464224722,-1.0
2021-03-15,1,0.15847034219491132,rb1s,0.0762615216945725,-1.0
2021-03-16,1,0.15668762770021236,rb1s,0.0747667997365605,-1.0
2021-03-17,1,0.15967656515449322,rb1s,0.0503150799693792,-1.0
2021-03-18,0,0.2715422658972412,rb1s,-0.0245357761656469,1.0
2021-03-19,0,0.2715422658972412,rb1s,-0.0240337607205214,1.0
2021-03-22,0,0.2650342412532205,rb1s,-0.0323502399418861,1.0
2021-03-23,0,0.16275479265995632,rb1s,-0.0483147857169448,-1.0
2021-03-24,0,0.25595722980886926,rb1s,-0.0341635222145148,1.0
2021-03-25,1,0.25417578151619963,rb1s,0.0688685142501916,1.0
2021-03-26,0,0.15378666762693102,rb1s,-0.01522147203816,-1.0
2021-03-29,0,0.1549365903774942,rb1s,-0.0106951877579624,-1.0
2021-03-30,0,0.1543598940930845,rb1s,-0.0129733531834534,-1.0
2021-03-31,0,0.15152818336507745,rb1s,-0.0319436664939376,-1.0
2021-04-01,0,0.14717331117895122,rb1s,-0.0065272210747375,-1.0
2021-04-05,0,0.14664383451597407,rb1s,-0.0074448032069445,-1.0
2021-04-06,0,0.14611760817577515,rb1s,-0.0351930024702542,-1.0
2021-04-07,0,0.14932406731290107,rb1s,-0.0093247261011109,-1.0
2021-04-08,0,0.1532168974294193,rb1s,-0.008370338392718,-1.0
2021-04-09,0,0.1549365903774942,rb1s,-0.0069313507583623,-1.0
2021-04-12,0,0.1590716721460991,rb1s,-0.033248730875711,-1.0
2021-04-13,0,0.165923304835691,rb1s,-0.0302677523895478,-1.0
2021-04-14,0,0.16401131929581275,rb1s,-0.0080078604467876,-1.0
2021-04-15,0,0.16338124655414638,rb1s,-0.0077000273427518,-1.0
2021-04-16,0,0.1615127155923996,rb1s,-0.0135785651037474,-1.0
2021-04-19,0,0.16338124655414638,rb1s,-0.011298076742132,-1.0
2021-04-20,0,0.1615127155923996,rb1s,-0.0248829763199458,-1.0
2021-04-21,0,0.16275479265995632,rb1s,-0.0076749357939212,-1.0
2021-04-22,0,0.16401131929581275,rb1s,-0.0121144810464559,-1.0
2021-04-23,0,0.16401131929581275,rb1s,-0.0118198594121177,-1.0
2021-04-26,0,0.15787256524242618,rb1s,-0.0193950355972554,-1.0
2021-04-27,0,0.15551676963922964,rb1s,-0.0224270511955095,-1.0
2021-04-28,0,0.15847034219491132,rb1s,-0.0142216637466219,-1.0
2021-04-29,0,0.1561004446338232,rb1s,-0.0225306589236635,-1.0
2021-04-30,0,0.15668762770021236,rb1s,-0.0121369743016248,-1.0
2021-05-03,0,0.25685235420511293,rb1s,-0.025838687513399,1.0
2021-05-04,0,0.16028503078284878,rb1s,-0.0045555969386967,-1.0
2021-05-05,0,0.15847034219491132,rb1s,-0.0045089012903869,-1.0
2021-05-06,0,0.15967656515449322,rb1s,-0.0062449725728586,-1.0
2021-05-07,0,0.15967656515449322,rb1s,-0.0061121825229712,-1.0
2021-05-10,0,0.16213195130146787,rb1s,-0.012937094954901,-1.0
2021-05-11,0,0.16592330483569107,rb1s,-0.0098602738054713,-1.0
2021-05-12,1,0.16852355985252127,rb1s,0.0526608052153281,-1.0
2021-05-13,0,0.27436609016001,rb1s,-0.0229561407202724,1.0
2021-05-14,0,0.27436609016001,rb1s,-0.0115677603169424,1.0
2021-05-17,0,0.2724813489318453,rb1s,-0.0260853437297512,1.0
2021-05-18,0,0.26411440566249517,rb1s,-0.0272571602425421,1.0
2021-05-19,0,0.2668815344240792,rb1s,-0.0260704099406029,1.0
2021-05-20,1,0.26688153442407925,rb1s,0.051314631528391,1.0
2021-05-21,1,0.2650342412532205,rb1s,0.0480467431557609,1.0
2021-05-24,0,0.16275479265995632,rb1s,-0.0139039435577497,-1.0
2021-05-25,0,0.16213195130146787,rb1s,-0.0133308211377547,-1.0
2021-05-26,0,0.15787256524242615,rb1s,-0.008925252350284,-1.0
2021-05-27,0,0.15551676963922964,rb1s,-0.0070527108510858,-1.0
2021-05-28,0,0.1543598940930845,rb1s,-0.015676915874861,-1.0
2021-06-01,0,0.15847034219491132,rb1s,-0.0109196448788648,-1.0
2021-06-02,0,0.15787256524242618,rb1s,-0.007930360271108,-1.0
2021-06-03,0,0.15668762770021236,rb1s,-0.0044054863321221,-1.0
2021-06-04,0,0.1615127155923996,rb1s,-0.0057879251624401,-1.0
2021-06-07,0,0.15847034219491132,rb1s,-0.0118097680718427,-1.0
2021-06-08,0,0.15551676963922964,rb1s,-0.0202778234130358,-1.0
2021-06-09,0,0.15668762770021236,rb1s,-0.004404086179832,-1.0
2021-06-10,0,0.15847034219491132,rb1s,-0.0054696671374057,-1.0
2021-06-11,0,0.15668762770021233,rb1s,-0.0049403048019938,-1.0
2021-06-14,0,0.15610044463382317,rb1s,-0.0118367729845805,-1.0
2021-06-15,0,0.1572783307476262,rb1s,-0.0121630962231411,-1.0
2021-06-16,0,0.1543598940930845,rb1s,-0.0056117251143847,-1.0
2021-06-17,0,0.15668762770021233,rb1s,-0.0159778839686666,-1.0
2021-06-18,0,0.15847034219491132,rb1s,-0.0131900573745971,-1.0
2021-06-21,0,0.15330681667093002,rb1s,-0.0124721181725726,-1.0
2021-06-22,0,0.15441691919785613,rb1s,-0.0178467349108535,-1.0
2021-06-23,0,0.15497621882207807,rb1s,-0.0044495346629822,-1.0
2021-06-24,1,0.1516627984282813,rb1s,0.0273245619795299,-1.0
2021-06-25,0,0.14897861337750562,rb1s,-0.0028303552963033,-1.0
2021-06-28,0,0.15004395978819063,rb1s,-0.0107318388073229,-1.0
2021-06-29,0,0.14792428891490877,rb1s,-0.0116439898912561,-1.0
2021-06-30,0,0.14845007792361092,rb1s,-0.011508609828239,-1.0
2021-07-01,0,0.14792428891490877,rb1s,-0.0142000338874301,-1.0
2021-07-02,1,0.15058078832387603,rb1s,0.0311331405561308,-1.0
2021-07-06,0,0.14950990436832362,rb1s,-0.0121174026431871,-1.0
2021-07-07,0,0.15220799629159232,rb1s,-0.0223028089893477,-1.0
2021-07-08,0,0.15839189089040637,rb1s,-0.0163178439388382,-1.0
2021-07-09,0,0.15610334766520276,rb1s,-0.0114746942079981,-1.0
2021-07-12,0,0.15441691919785613,rb1s,-0.0180484808324834,-1.0
2021-07-13,1,0.15781545550978793,rb1s,0.0896777815500772,-1.0
2021-07-14,1,0.16191102430022905,rb1s,0.0798343155113684,-1.0
2021-07-15,1,0.16131727725022854,rb1s,0.0621694892588994,-1.0
2021-07-16,1,0.16250766908420988,rb1s,0.0635427765936321,-1.0
2021-07-19,1,0.3134257523292054,rb1s,0.0771417756841885,1.0
2021-07-20,1,0.3096837894544259,rb1s,0.0664790055316595,1.0
2021-07-21,1,0.29485579197867634,rb1s,0.060942838278462,1.0
2021-07-22,1,0.28755652665507025,rb1s,0.0124588403576737,1.0
2021-07-23,0,0.28484395124338063,rb1s,-0.0116752161518234,1.0
2021-07-26,0,0.2654534569488229,rb1s,-0.0111628728353913,1.0
2021-07-27,0,0.2741493931736755,rb1s,-0.0137202473171728,1.0
2021-07-28,0,0.2794639256034322,rb1s,-0.0140227877009855,1.0
2021-07-29,0,0.28394300048672305,rb1s,-0.0216764857141339,1.0
2021-07-30,0,0.2830437215381414,rb1s,-0.0256992330224192,1.0
2021-08-02,0,0.28665074538778,rb1s,-0.0108585762858623,1.0
2021-08-03,0,0.28755652665507025,rb1s,-0.0091597674871741,1.0
2021-08-04,0,0.2921080080540119,rb1s,-0.0067555543266901,1.0
2021-08-05,0,0.28394300048672305,rb1s,-0.0161726239550644,1.0
2021-08-06,0,0.28484395124338063,rb1s,-0.0097921921646906,1.0
2021-08-09,0,0.28125030004999635,rb1s,-0.0151691431751836,1.0
2021-08-10,0,0.2776848318139016,rb1s,-0.0295427491543974,1.0
2021-08-11,0,0.2785734542357952,rb1s,-0.011641038808978,1.0
2021-08-12,0,0.28125030004999635,rb1s,-0.0056253848190872,1.0
2021-08-13,0,0.2857465431830758,rb1s,-0.0272695123643096,1.0
2021-08-16,0,0.28214614472125304,rb1s,-0.0160388931239322,1.0
2021-08-17,0,0.28214614472125304,rb1s,-0.0082656069524735,1.0
2021-08-18,0,0.2785734542357952,rb1s,-0.0308236733452654,1.0
2021-08-19,0,0.28484395124338063,rb1s,-0.0278164782015398,1.0
2021-08-20,1,0.28125030004999635,rb1s,0.0492192130661706,1.0
2021-08-23,1,0.2803562172205495,rb1s,0.0797342203593425,1.0
2021-08-24,1,0.2723934873800561,rb1s,0.0557931576188679,1.0
2021-08-25,0,0.26803986054555995,rb1s,-0.0245687650717699,1.0
2021-08-26,1,0.2628871568360672,rb1s,0.0377574926465182,1.0
2021-08-27,0,0.2628871568360672,rb1s,-0.0093885642496688,1.0
2021-08-30,0,0.26203629437817433,rb1s,-0.0199182840200883,1.0
2021-08-31,0,0.2663133880474877,rb1s,-0.0144731314378364,1.0
2021-09-01,1,0.2697749896504984,rb1s,0.0266322461703114,1.0
2021-09-02,0,0.2671755303303988,rb1s,-0.0154841697210376,1.0
2021-09-03,0,0.2654534569488229,rb1s,-0.0111420625265471,1.0
2021-09-07,0,0.2706457399356762,rb1s,-0.0142253518074494,1.0
2021-09-08,0,0.2741493931736754,rb1s,-0.015196286260412,1.0
2021-09-09,1,0.2767980866858063,rb1s,0.0650702360030048,1.0
2021-09-10,0,0.2785734542357952,rb1s,-0.0180129999539628,1.0
2021-09-13,0,0.27591324684423657,rb1s,-0.0211485954274655,1.0
2021-09-14,0,0.2785734542357952,rb1s,-0.0263303265279846,1.0
2021-09-15,0,0.2741493931736755,rb1s,-0.0115109221020683,1.0
2021-09-16,0,0.273270433492334,rb1s,-0.0302585728201559,1.0
2021-09-17,0,0.2741493931736755,rb1s,-0.0258370571068985,1.0
2021-09-20,1,0.2911948088424883,rb1s,0.0572654947151851,1.0
2021-09-21,1,0.2857465431830758,rb1s,0.0506673731518048,1.0
2021-09-22,1,0.28125030004999635,rb1s,0.0438162874081689,1.0
2021-09-23,0,0.15497621882207807,rb1s,-0.0054559998996139,-1.0
2021-09-24,1,0.28125030004999635,rb1s,0.052533096160092,1.0
2021-09-27,0,0.2663133880474877,rb1s,-0.0103686635437308,1.0
2021-09-28,1,0.2767980866858063,rb1s,0.0477299184640651,1.0
2021-09-29,1,0.27946392560343225,rb1s,0.0613793108914613,1.0
2021-09-30,1,0.2911948088424883,rb1s,0.052187785288958,1.0
2021-10-01,1,0.2930225936421399,rb1s,0.0479555543911376,1.0
2021-10-04,0,0.1649232742102354,rb1s,-0.0213991762719498,-1.0
2020-01-30,1,0.3327931315364749,si1s,0.0178968428537001,-1.0
2020-01-31,1,0.3325870175247657,si1s,0.01898734122617,-1.0
2020-02-03,0,0.33007379623375144,si1s,-0.0083757770557277,-1.0
2020-02-04,0,0.32565184652681667,si1s,-0.01463470083332,-1.0
2020-02-05,1,0.35135279596020286,si1s,0.0122713320975804,1.0
2020-02-06,0,0.35262755551828345,si1s,-0.0070715008764243,1.0
2020-02-07,0,0.3547814040045633,si1s,-0.0053696580837723,1.0
2020-02-11,0,0.3481796845581758,si1s,-0.0056827866371933,1.0
2020-02-12,0,0.34328383513456606,si1s,-0.0069726240989196,-1.0
2020-02-13,1,0.3423820426273304,si1s,0.0301379189426211,1.0
2020-02-14,1,0.35036327678718304,si1s,0.0234577653137673,1.0
2020-02-19,0,0.32448652305067605,si1s,-0.0119600228912741,-1.0
2020-02-20,0,0.32886446665155705,si1s,-0.0115180949739523,-1.0
2020-02-21,0,0.32840891721501164,si1s,-0.0186724240872662,-1.0
2020-02-24,1,0.3325870175247657,si1s,0.0364978913999248,-1.0
2020-02-25,1,0.32975138106821167,si1s,0.0193781471502082,-1.0
2020-02-26,1,0.3299602476991542,si1s,0.0813330349385897,-1.0
2020-02-27,1,0.33733065138660173,si1s,0.0720608957263652,-1.0
2020-02-28,1,0.3739395639527071,si1s,0.0171355653155809,1.0
2020-03-02,1,0.42710934535053163,si1s,0.026823585157931,1.0
2020-03-03,0,0.4101133182244043,si1s,-0.0077961367876236,1.0
2020-03-04,0,0.31773955009208976,si1s,-0.0111330158995445,1.0
2020-03-05,0,0.3171570874207772,si1s,-0.0074742721640284,1.0
2020-03-06,0,0.30188326048656194,si1s,-0.0121068177433485,1.0
2020-03-09,0,0.40745744384205357,si1s,-0.0058050904749079,1.0
2020-03-10,0,0.4284545629080735,si1s,-0.0105573561192163,1.0
2020-03-11,0,0.4239979622879317,si1s,-0.0459585121266414,1.0
2020-03-12,0,0.39632697028772695,si1s,-0.0940331159685124,1.0
2020-03-13,0,0.44867962181944077,si1s,-0.1161379307745316,1.0
2020-03-16,0,0.46016613577525617,si1s,-0.0250468162836212,1.0
2020-03-17,0,0.444481006237449,si1s,-0.0578631448382452,1.0
2020-03-18,1,0.444481006237449,si1s,0.0307509333811324,1.0
2020-03-19,1,0.4354864318611747,si1s,0.0928795132519495,1.0
2020-03-20,1,0.41195730342818165,si1s,0.0707307241225849,1.0
2020-03-23,1,0.4561671164516043,si1s,0.0751074569270722,1.0
2020-03-24,1,0.41098211951187064,si1s,0.0432068468500168,1.0
2020-03-26,0,0.4138836896515909,si1s,-0.0370673202976469,1.0
2020-03-27,0,0.42084696330888727,si1s,-0.0276592815044934,1.0
2020-03-30,0,0.4125661350748084,si1s,-0.0369374466508665,-1.0
2020-03-31,0,0.42007806786547547,si1s,-0.0351794298191987,-1.0
2020-04-01,0,0.4412092648537529,si1s,-0.0479118989912454,-1.0
2020-04-02,0,0.43733822029300784,si1s,-0.0351439887238296,-1.0
2020-04-03,0,0.43298547474252286,si1s,-0.0465709962290532,-1.0
2020-04-06,0,0.41610494691812133,si1s,-0.0205023389941736,-1.0
2020-04-07,0,0.4565456683074743,si1s,-0.0370155041421433,-1.0
2020-04-08,0,0.4884156044586869,si1s,-0.0557711270706542,-1.0
2020-04-09,1,0.4790708429444378,si1s,0.0472185872614145,-1.0
2020-04-13,0,0.47227867677986624,si1s,-0.0381669568372984,-1.0
2020-04-14,1,0.4792532082450734,si1s,0.0387476746448822,-1.0
2020-04-15,1,0.44155570248101556,si1s,0.040567559136776,-1.0
2020-04-16,1,0.44043950344445115,si1s,0.0477531686757031,-1.0
2020-04-17,0,0.43688197144323776,si1s,-0.0208564894131262,-1.0
2020-04-20,1,0.4369158204606999,si1s,0.0472652750657822,-1.0
2020-04-22,0,0.46114386498621684,si1s,-0.0113970968444853,1.0
2020-04-23,0,0.45264074422968725,si1s,-0.0128133428129615,1.0
2020-04-24,1,0.45162185258102916,si1s,0.0305600509121599,-1.0
2020-04-29,1,0.4083221852247861,si1s,0.0223310483317605,-1.0
2020-04-30,0,0.45404802408572414,si1s,-0.0118212796893911,1.0
2020-05-01,0,0.47859775525211345,si1s,-0.0095059590898524,1.0
2020-05-04,1,0.4571126218040262,si1s,0.0212219532634576,1.0
2020-05-05,1,0.4636243503150941,si1s,0.0317670410481805,1.0
2020-05-06,1,0.4655837223129846,si1s,0.0382950380908291,1.0
2020-05-07,0,0.47294035262068224,si1s,-0.0120590129530855,-1.0
2020-05-08,0,0.47050945166242925,si1s,-0.0062111815788168,1.0
2020-05-11,1,0.4618148749165769,si1s,0.0303571440381238,1.0
2020-05-12,1,0.4506012516563245,si1s,0.0284550269109298,1.0
2020-05-13,1,0.2978415597463918,si1s,0.0309488869992426,1.0
2020-05-14,1,0.4040582340322915,si1s,0.0565734083733466,1.0
2020-05-15,1,0.45209351017443256,si1s,0.0233157589980028,1.0
2020-05-18,1,0.42419209366993177,si1s,0.024788184676262,1.0
2020-05-19,0,0.44932880609460585,si1s,-0.0299983244563198,1.0
2020-05-20,0,0.46702209553802376,si1s,-0.036991846676286,1.0
2020-05-21,1,0.4651211526767985,si1s,0.0189472479493553,1.0
2020-05-22,0,0.45856827395886146,si1s,-0.0154863504463436,-1.0
2020-05-26,0,0.4279136157015298,si1s,-0.0092071610109698,-1.0
2020-05-27,0,0.42491862475195685,si1s,-0.0118263233599944,-1.0
2020-05-28,0,0.46053757097381354,si1s,-0.0296098396132138,-1.0
2020-05-29,0,0.45792237041552236,si1s,-0.0177306880340213,-1.0
2020-06-01,1,0.46405916938370917,si1s,0.0301163219146769,-1.0
2020-06-02,1,0.4574288471674136,si1s,0.0165388835510837,-1.0
2020-06-04,1,0.4493553157374926,si1s,0.0322241301993492,-1.0
2020-06-09,0,0.3577531920767012,si1s,-0.0175339996318816,1.0
2020-06-10,0,0.3444370050347473,si1s,-0.0176444139418492,1.0
2020-06-11,1,0.4404541943745757,si1s,0.0227514112488461,-1.0
2020-06-12,0,0.3008034001675121,si1s,-0.009724287963138,-1.0
2020-06-15,0,0.4439827288884956,si1s,-0.0145410657037892,-1.0
2020-06-16,0,0.30625800114267926,si1s,-0.0069680484783605,-1.0
2020-06-17,1,0.37258895023664956,si1s,0.0150210975984362,-1.0
2020-06-18,0,0.3617894061738256,si1s,-0.0193625781933806,-1.0
2020-06-19,0,0.36307441344397445,si1s,-0.0121028742710147,-1.0
2020-06-22,0,0.3821646399216846,si1s,-0.0089934092465997,-1.0
2020-06-23,1,0.3823158179716565,si1s,0.0217571841881246,-1.0
2020-06-24,0,0.3140081238782403,si1s,-0.0134748202242618,-1.0
2020-06-25,0,0.3829968006114516,si1s,-0.006481634253362,-1.0
2020-06-26,0,0.3335265097800935,si1s,-0.0057243504481455,1.0
2020-06-29,1,0.3600777281856291,si1s,0.0317205499691355,1.0
2020-07-01,0,0.3437938165299826,si1s,-0.0057086397475976,-1.0
2020-07-02,0,0.3638007096799528,si1s,-0.0141905912202755,-1.0
2020-07-06,1,0.35779633050787385,si1s,0.0311591856099398,1.0
2020-07-07,1,0.3583652580922904,si1s,0.0247072023518628,1.0
2020-07-08,0,0.3794601220862524,si1s,-0.0327227185432632,-1.0
2020-07-09,0,0.32983045284265866,si1s,-0.0047990711790311,-1.0
2020-07-10,0,0.38823077115921867,si1s,-0.0385766021337334,-1.0
2020-07-13,1,0.36229836423096123,si1s,0.0130382050362256,-1.0
2020-07-14,0,0.38068804881976864,si1s,-0.011827957172811,-1.0
2020-07-15,0,0.3823967999871096,si1s,-0.0095136890007965,1.0
2020-07-17,0,0.3846775528004049,si1s,-0.0216555353874812,-1.0
2020-07-20,0,0.38099192276700894,si1s,-0.0676010299725828,-1.0
2020-07-21,0,0.35778054671651127,si1s,-0.0736187786740705,-1.0
2020-07-22,0,0.45956009528354286,si1s,-0.0586329075761218,-1.0
2020-07-23,0,0.42420536275361426,si1s,-0.0658169491548812,-1.0
2020-07-24,0,0.45020743789578976,si1s,-0.072253829334089,-1.0
2020-07-27,1,0.42774461375153405,si1s,0.0464878992640064,-1.0
2020-07-28,1,0.44737573505884615,si1s,0.0386008230950155,-1.0
2020-07-29,1,0.4490620581279625,si1s,0.0394309442984515,-1.0
2020-07-30,0,0.4405320905013954,si1s,-0.0365550903932407,-1.0
2020-07-31,0,0.424107191890129,si1s,-0.008300296884764,-1.0
2020-08-03,0,0.4239539191776863,si1s,-0.06597862112852,-1.0
2020-08-04,0,0.4350988047188478,si1s,-0.0331181806275187,-1.0
2020-08-05,0,0.4522004843913667,si1s,-0.0561547047157822,-1.0
2020-08-06,1,0.4639649169647206,si1s,0.0302816909854543,-1.0
2020-08-07,0,0.46970142588672503,si1s,-0.0624909231994419,-1.0
2020-08-10,1,0.4573463293782759,si1s,0.1097706851721039,-1.0
2020-08-11,1,0.4763699011001686,si1s,0.0640715578413508,1.0
2020-08-12,1,0.4763845473459985,si1s,0.0669386813449026,1.0
2020-08-13,1,0.47160599445017154,si1s,0.0587704740883261,-1.0
2020-08-14,0,0.46733823577635925,si1s,-0.0604852616751052,-1.0
2020-08-17,0,0.46409107544050804,si1s,-0.0147468107111088,-1.0
2020-08-18,1,0.4572810876357357,si1s,0.0478361530255889,-1.0
2020-08-19,1,0.45575603754427946,si1s,0.0390270671732948,-1.0
2020-08-20,0,0.38689558533567325,si1s,-0.0177589708466083,-1.0
2020-08-21,0,0.39087757652481214,si1s,-0.026641466142429,-1.0
2020-08-25,1,0.4753889905553496,si1s,0.0445773110998859,1.0
2020-08-27,0,0.4404262837555957,si1s,-0.0217663065620223,-1.0
2020-08-28,0,0.4422236693106473,si1s,-0.0289312706395659,-1.0
2020-08-31,1,0.4944890747952998,si1s,0.0419318743034397,-1.0
2020-09-01,1,0.4262653683319638,si1s,0.0436376334913228,-1.0
2020-09-02,1,0.4022423901169419,si1s,0.1098010586531115,-1.0
2020-09-03,0,0.38592888107550705,si1s,-0.0925767447146357,1.0
2020-09-04,0,0.4502487660934196,si1s,-0.0870395331834459,1.0
2020-09-08,0,0.41738690504200093,si1s,-0.096476603820056,1.0
2020-09-10,0,0.4575368839272593,si1s,-0.0159026782560681,1.0
2020-09-11,1,0.4646697552384527,si1s,0.0226011832311348,1.0
2020-09-14,0,0.3123891380784053,si1s,-0.0093218796304042,1.0
2020-09-15,0,0.3360746216246242,si1s,-0.0132537139369496,1.0
2020-09-16,0,0.33937586695084426,si1s,-0.0136846705392518,1.0
2020-09-17,0,0.45343571033685165,si1s,-0.1001107010162216,1.0
2020-09-18,0,0.4549062394791081,si1s,-0.1010726530363395,1.0
2020-09-21,1,0.452503211593071,si1s,0.0525689910078361,-1.0
2020-09-22,1,0.41509487579608334,si1s,0.0578232670262135,-1.0
2020-09-24,1,0.45790424753716985,si1s,0.0538454911941477,1.0
2020-09-28,0,0.4190710065648404,si1s,-0.0356295544676952,-1.0
2020-09-29,1,0.41514440854459095,si1s,0.0389036618507718,-1.0
2020-09-30,1,0.4115029573321958,si1s,0.0323486848123966,1.0
2020-10-02,1,0.45964866406141097,si1s,0.0449040738783492,1.0
2020-10-05,1,0.45357624928666607,si1s,0.0260179157244571,-1.0
2020-10-06,1,0.41994210416470257,si1s,0.0496216715841724,1.0
2020-10-07,1,0.41607898857190284,si1s,0.0507197866357289,1.0
2020-10-08,1,0.4635648404371092,si1s,0.0515999336067363,1.0
2020-10-09,1,0.41743709817161595,si1s,0.0389915562014707,-1.0
2020-10-12,1,0.41382778500825096,si1s,0.045190138779949,-1.0
2020-10-14,0,0.3703370166347727,si1s,-0.0124205775751775,-1.0
2020-10-16,0,0.45688075142873624,si1s,-0.0120057368754389,-1.0
2020-10-19,0,0.45187147095640096,si1s,-0.0114179285057938,-1.0
2020-10-20,0,0.43036526212369147,si1s,-0.0104483589439885,-1.0
2020-10-21,0,0.3523181765365461,si1s,-0.0210768192398056,1.0
2020-10-22,0,0.3411120265731358,si1s,-0.0116961437345384,1.0
2020-10-23,0,0.3611557002022625,si1s,-0.0103343472034572,1.0
2020-10-26,0,0.37543990143049066,si1s,-0.043447993234353,1.0
2020-10-27,0,0.3747444816751731,si1s,-0.049287748990682,1.0
2020-10-28,1,0.41674634121192533,si1s,0.0288539752099188,1.0
2020-10-29,1,0.4093014997779175,si1s,0.0288099318839318,1.0
2020-10-30,1,0.43833494183273397,si1s,0.0290958306636204,1.0
2020-11-02,0,0.43930541905598874,si1s,-0.0058253241797295,1.0
2020-11-03,1,0.455947273975312,si1s,0.0181227915577335,-1.0
2020-11-04,1,0.3835360300202327,si1s,0.0543255353071485,1.0
2020-11-05,0,0.36164658435771974,si1s,-0.0186971531523794,-1.0
2020-11-06,1,0.36039002745236426,si1s,0.0764164906056289,-1.0
2020-11-09,1,0.4292355699681199,si1s,0.0321083498033676,1.0
2020-11-10,0,0.43177106951161476,si1s,-0.0079715479562592,1.0
2020-11-11,1,0.44582279941490216,si1s,0.0220464000082227,1.0
2020-11-12,0,0.35418316420983975,si1s,-0.0106146622959661,1.0
2020-11-13,0,0.3529073114915772,si1s,-0.0131987893641135,1.0
2020-11-16,0,0.44957232183386714,si1s,-0.0142730419976814,1.0
2020-11-17,1,0.3092216940893137,si1s,0.0244614817142546,-1.0
2020-11-18,0,0.3132817760479205,si1s,-0.0163612562994568,1.0
2020-11-19,0,0.2929810952428303,si1s,-0.0172571522248096,1.0
2020-11-20,0,0.30313408510649575,si1s,-0.0299634689890516,1.0
2020-11-23,0,0.4209334847993834,si1s,-0.0146062224593035,1.0
2020-11-24,0,0.45041216554515995,si1s,-0.0329346422071524,1.0
2020-11-25,0,0.30298450918051545,si1s,-0.0344195165922657,1.0
2020-11-27,1,0.4561597865277937,si1s,0.0640929369844238,1.0
2020-11-30,1,0.4563594223837816,si1s,0.0662594615766263,1.0
2020-12-03,1,0.45575655588144875,si1s,0.0272196221917118,1.0
2020-12-04,1,0.46429619707905356,si1s,0.0223065198088507,1.0
2020-12-07,0,0.42981564621083634,si1s,-0.0324272006326745,1.0
2020-12-08,0,0.4675586581270328,si1s,-0.0301584740649422,1.0
2020-12-09,1,0.4536473612468413,si1s,0.0272613596110862,1.0
2020-12-10,1,0.4740122938102006,si1s,0.0228272600937604,1.0
2020-12-11,1,0.41702516236818205,si1s,0.0229121707405675,1.0
2020-12-14,1,0.4081724237770964,si1s,0.0248263820841367,1.0
2020-12-15,1,0.29942931932119776,si1s,0.01655575385924,1.0
2020-12-16,1,0.4761517482774754,si1s,0.04506626189769,1.0
2020-12-17,0,0.4790783331906459,si1s,-0.0246743820794835,1.0
2020-12-18,0,0.31961533393886493,si1s,-0.0191295656984855,1.0
2020-12-21,0,0.462908544174706,si1s,-0.0319951472565976,1.0
2020-12-22,1,0.4484137545005984,si1s,0.0393185818148602,1.0
2020-12-23,1,0.4833978995350477,si1s,0.0238416729619181,1.0
2020-12-24,1,0.4566308120140983,si1s,0.0243554118529507,1.0
2020-12-28,0,0.4864406615686816,si1s,-0.0310863260672138,-1.0
2020-12-29,1,0.4934714724287669,si1s,0.0437502389864876,1.0
2020-12-30,0,0.29811032028180773,si1s,-0.0060587810429163,1.0
2020-12-31,1,0.3204086817293201,si1s,0.0360442221671559,1.0
2021-01-04,0,0.2929620756868824,si1s,-0.0100862444630682,-1.0
2021-01-05,1,0.3149985084042858,si1s,0.0216353111872371,-1.0
2021-01-08,0,0.4737612136028419,si1s,-0.0262613150621295,-1.0
2021-01-12,0,0.48959441536310744,si1s,-0.0144289365213403,-1.0
2021-01-13,0,0.49208741173486237,si1s,-0.008994211610529,-1.0
2021-01-14,1,0.47438905795776326,si1s,0.0362762571726269,-1.0
2021-01-15,0,0.4159136749989096,si1s,-0.0182578614170911,-1.0
2021-01-19,0,0.41684402794501485,si1s,-0.0176145348908829,-1.0
2021-01-20,0,0.44061595737878767,si1s,-0.0445548399295456,-1.0
2021-01-21,0,0.4688905497101937,si1s,-0.0409994585871336,-1.0
2021-01-22,0,0.46365274848020127,si1s,-0.0143214904203987,-1.0
2021-01-25,0,0.4716585791539002,si1s,-0.0171872548824763,-1.0
2021-01-26,0,0.28725438394353286,si1s,-0.0150364163223601,-1.0
2021-01-27,0,0.4255969889923028,si1s,-0.0209933437638594,-1.0
2021-01-28,0,0.37773230669018065,si1s,-0.038268652211779,-1.0
2021-02-01,1,0.5190919888808805,si1s,0.1025222648330297,-1.0
2021-02-03,0,0.49790137596118617,si1s,-0.0243594037766852,1.0
2021-02-04,1,0.48787067016658614,si1s,0.051154989863873,1.0
2021-02-05,1,0.489313130783236,si1s,0.0394537181396492,1.0
2021-02-08,0,0.5029147959858468,si1s,-0.018458079743973,-1.0
2021-02-09,0,0.49992339550322307,si1s,-0.024925187973751,-1.0
2021-02-10,0,0.4952128909318028,si1s,-0.0371888614467752,-1.0
2021-02-11,0,0.3184249551822788,si1s,-0.0103893215176089,-1.0
2021-02-12,0,0.3095465690107,si1s,-0.0277005272210955,-1.0
2021-02-16,0,0.47360162095476144,si1s,-0.0278133581540318,-1.0
2021-02-17,0,0.3538274642708522,si1s,-0.028189639881339,-1.0
2021-02-18,0,0.3057925341181985,si1s,-0.0371888614467752,-1.0
2021-02-19,0,0.45353472196090827,si1s,-0.0304909365114023,-1.0
2021-02-22,1,0.4556892351389957,si1s,0.0601116204404958,-1.0
2021-02-23,1,0.44618014913539283,si1s,0.0469324493877429,-1.0
2021-02-24,0,0.46545788130177695,si1s,-0.0532798619160704,1.0
2021-02-26,0,0.45255403988408743,si1s,-0.0166036307114656,-1.0
2021-03-01,1,0.4634631647920429,si1s,0.0456181120262479,-1.0
2021-03-02,0,0.4510314579705885,si1s,-0.0183042523350165,1.0
2021-03-03,0,0.44920658763746346,si1s,-0.035093038327303,1.0
2021-03-04,0,0.45250475632279236,si1s,-0.0283570953427183,-1.0
2021-03-05,0,0.46623763169575705,si1s,-0.0354332260786147,-1.0
2021-03-08,0,0.45658213657626884,si1s,-0.0361708027804199,-1.0
2021-03-09,0,0.4605154117937886,si1s,-0.0064163772449583,-1.0
2021-03-10,0,0.4545703038391579,si1s,-0.0060466892695045,-1.0
2021-03-11,0,0.4430790941003659,si1s,-0.0060321467991957,-1.0
2021-03-12,1,0.45717322703870966,si1s,0.014549804931355,1.0
2021-03-15,1,0.326060085517094,si1s,0.0197428481827908,-1.0
2021-03-16,0,0.3133277287622116,si1s,-0.0089989621123905,1.0
2021-03-17,0,0.2999805142062997,si1s,-0.0110906434508418,1.0
2021-03-18,1,0.4326332880771407,si1s,0.0220864487083171,-1.0
2021-03-19,1,0.3044169129027133,si1s,0.0209718474302037,-1.0
2021-03-22,0,0.29061199247597663,si1s,-0.0210330246319156,1.0
2021-03-23,0,0.3001216952107478,si1s,-0.0071352119899266,1.0
2021-03-24,0,0.3319882572988173,si1s,-0.0072926161766143,1.0
2021-03-25,0,0.2987075131534073,si1s,-0.0110192830640252,1.0
2021-03-26,0,0.34599925454508834,si1s,-0.0136577198282812,1.0
2021-03-29,0,0.34909558093469606,si1s,-0.0255944449381081,1.0
2021-03-30,1,0.3182279242257649,si1s,0.016364916580378,1.0
2021-03-31,1,0.30473062145967644,si1s,0.0169574436458244,1.0
2021-04-01,0,0.31207172135742217,si1s,-0.0067340069474909,1.0
2021-04-05,1,0.3502353931673133,si1s,0.0180387400052002,1.0
2021-04-06,0,0.3470222481681188,si1s,-0.0141911449318863,-1.0
2021-04-07,0,0.3341382809739211,si1s,-0.0133877297896596,-1.0
2021-04-08,0,0.3365725149773107,si1s,-0.0101622040088658,1.0
2021-04-09,0,0.3319474550415265,si1s,-0.0180848966953838,1.0
2021-04-12,1,0.335709509268447,si1s,0.0224795910735231,1.0
2021-04-13,1,0.337693074481712,si1s,0.021159443323516,1.0
2021-04-14,1,0.33942826556109107,si1s,0.0172386778330106,1.0
2021-04-16,0,0.33758339534505,si1s,-0.017812679715965,-1.0
2021-04-21,1,0.33564618905925436,si1s,0.0146782084817036,-1.0
2021-04-26,0,0.33992607420730636,si1s,-0.0077342171220475,-1.0
2021-04-27,1,0.344039472574304,si1s,0.012551985174535,-1.0
2021-04-28,0,0.3432087680291504,si1s,-0.032238302925045,-1.0
2021-04-29,0,0.338753380072436,si1s,-0.0335441819542867,-1.0
2021-04-30,1,0.3419015237327899,si1s,0.0420129088966396,1.0
2021-05-03,1,0.3530761784795838,si1s,0.0149109794865002,-1.0
2021-05-04,1,0.3138514087325363,si1s,0.0346035102591957,1.0
2021-05-05,1,0.34693175037102963,si1s,0.0360078436549371,1.0
2021-05-06,0,0.34868966697971226,si1s,-0.0069148731986334,-1.0
2021-05-07,0,0.32691239012303563,si1s,-0.0069148731986334,-1.0
2021-05-10,0,0.33383489599633387,si1s,-0.0063654880472856,-1.0
2021-05-11,1,0.3584873064469236,si1s,0.015288971566763,-1.0
2021-05-12,0,0.3510994221256055,si1s,-0.0067904863514832,1.0
2021-05-13,0,0.349841216451649,si1s,-0.0113086214058411,-1.0
2021-05-14,0,0.35404477249064537,si1s,-0.0332176142030895,-1.0
2021-05-17,1,0.35433626133286655,si1s,0.0278701282238159,-1.0
2021-05-18,1,0.3619692728243542,si1s,0.0298944699535386,-1.0
2021-05-19,1,0.31595994674321526,si1s,0.019232828614677,-1.0
2021-05-20,1,0.34300182681967306,si1s,0.0207004674983016,-1.0
2021-05-21,0,0.3165155392126703,si1s,-0.0152441250021586,-1.0
2021-05-24,0,0.35716436623415315,si1s,-0.0153377530052062,1.0
2021-05-25,0,0.35428125361728136,si1s,-0.0063800963866204,1.0
2021-05-28,0,0.34737275586081007,si1s,-0.0191689863325702,1.0
2021-06-01,0,0.34637461370937395,si1s,-0.0036296343795065,-1.0
2021-06-02,1,0.35489401263437126,si1s,0.0257764850568132,-1.0
2021-06-03,1,0.34497350529722015,si1s,0.0152491170437698,1.0
2021-06-08,0,0.3388656041707798,si1s,-0.00977245745626,-1.0
2021-06-09,0,0.343648671389262,si1s,-0.0051424892759837,-1.0
2021-06-10,0,0.3534989248162466,si1s,-0.0041026000067363,-1.0
2021-06-11,1,0.34628767082727363,si1s,0.0160946487778672,-1.0
2021-06-14,1,0.3404619688536414,si1s,0.0123399553328648,-1.0
2021-06-15,0,0.34432226429853935,si1s,-0.0042971147274983,-1.0
2021-06-16,1,0.3185751520442571,si1s,0.0703293547108675,-1.0
2021-06-17,1,0.3778921051191581,si1s,0.0234136804574633,1.0
2021-06-18,1,0.4312468880726444,si1s,0.0189604574376578,1.0
2021-06-21,0,0.3153718832146398,si1s,-0.0064553313149507,1.0
2021-06-22,1,0.3622082502471922,si1s,0.0233741005325371,1.0
2021-06-23,0,0.34751251335646816,si1s,-0.0095254473085194,1.0
2021-06-24,0,0.36237586785647197,si1s,-0.0072061022741878,1.0
2021-06-25,0,0.3685448528700367,si1s,-0.0086121104954973,1.0
2021-06-28,0,0.36378066530059233,si1s,-0.0134455704793668,1.0
2021-06-29,1,0.3674500182980117,si1s,0.0231651286354437,1.0
2021-06-30,0,0.3631656259889412,si1s,-0.0079025732573961,1.0
2021-07-01,1,0.35598765000933846,si1s,0.0153639852415128,1.0
2021-07-02,1,0.34970560009615265,si1s,0.01403720648414,-1.0
2021-07-06,0,0.3533314310984782,si1s,-0.007144495538003,1.0
2021-07-08,1,0.35135882678054564,si1s,0.0156616778912825,1.0
2021-07-09,0,0.34402910297746325,si1s,-0.0060989556763915,-1.0
2021-07-12,0,0.3463165681641601,si1s,-0.00590723736405,-1.0
2021-07-13,0,0.37571251209320516,si1s,-0.0050114765753519,-1.0
2021-07-15,1,0.37498351450715484,si1s,0.0226945525775787,-1.0
2021-07-16,1,0.35089463707919066,si1s,0.0252374488587044,-1.0
2021-07-19,0,0.3569088050816722,si1s,-0.0044145716549102,-1.0
2021-07-20,1,0.35405380049437574,si1s,0.0104020797109121,1.0
2021-07-21,0,0.3460158575251471,si1s,-0.0239952474876314,1.0
2021-07-22,0,0.3678075897651295,si1s,-0.0058311341819203,1.0
2021-07-23,0,0.3695362197900546,si1s,-0.0231442945562053,1.0
2021-07-26,0,0.3787118967072255,si1s,-0.0264238876725224,1.0
2021-07-27,1,0.3778233034853772,si1s,0.0092498676522314,1.0
2021-07-28,1,0.3514946107683024,si1s,0.0363789845033872,1.0
2021-07-29,0,0.37303867127023366,si1s,-0.0091148864677318,1.0
2021-07-30,0,0.3524831659787423,si1s,-0.009981601771954,1.0
2021-08-02,0,0.3551019288048166,si1s,-0.0044574771733971,1.0
2021-08-03,0,0.35100663053698133,si1s,-0.0047298879546752,1.0
2021-08-04,0,0.3496754526088951,si1s,-0.006637602634595,1.0
2021-08-05,0,0.34882458723591847,si1s,-0.0381938963924886,1.0
2021-08-06,0,0.3672951965928667,si1s,-0.04345145029352,1.0
2021-08-09,0,0.4633979790270038,si1s,-0.0065752726250757,1.0
2021-08-10,0,0.33756268908209824,si1s,-0.0117989066904397,1.0
2021-08-11,0,0.3515270701466081,si1s,-0.0158378750493909,1.0
2021-08-12,1,0.3795607938189171,si1s,0.0286814332253542,1.0
2021-08-13,0,0.3706468459928073,si1s,-0.0050464690358283,1.0
2021-08-16,0,0.34409634853306875,si1s,-0.0055483167640886,1.0
2021-08-17,0,0.3443994142670876,si1s,-0.0100173302246648,1.0
2021-08-18,0,0.33817232107407535,si1s,-0.0081974211363644,1.0
2021-08-19,0,0.34375867849718605,si1s,-0.0050796386013653,1.0
2021-08-20,1,0.35852795308567337,si1s,0.0235375562076269,1.0
2021-08-23,1,0.3564457861898135,si1s,0.0171809175602857,1.0
2021-08-24,0,0.3654240438178265,si1s,-0.0049803302557305,1.0
2021-08-25,0,0.36663272092832355,si1s,-0.0094870288333256,1.0
2021-08-26,1,0.36627061173951075,si1s,0.0217833526677204,1.0
2021-08-27,0,0.368919520669336,si1s,-0.0046038997539357,-1.0
2021-08-30,0,0.3680837091877983,si1s,-0.0089560947437243,-1.0
2021-08-31,0,0.3664325825340865,si1s,-0.0089560947437243,-1.0
2021-09-01,0,0.34069158018473233,si1s,-0.023987448469116,-1.0
2021-09-02,0,0.3376515496993441,si1s,-0.0369596126688147,-1.0
2021-09-03,1,0.364828621432926,si1s,0.0172969919326532,-1.0
2021-09-07,1,0.36161388268146966,si1s,0.0130061955870561,-1.0
2021-09-08,0,0.36429572964151036,si1s,-0.0050299296026319,-1.0
2021-09-09,1,0.3656641909206003,si1s,0.0157587784180538,-1.0
2021-09-10,0,0.3622558654321095,si1s,-0.0043514639102471,1.0
2021-09-13,0,0.35919103375522365,si1s,-0.0421079178282497,1.0
2021-09-14,0,0.3377794006136923,si1s,-0.0035168515510183,1.0
2021-09-15,0,0.35287077351936247,si1s,-0.0423091464716063,1.0
2021-09-16,0,0.3683748238000869,si1s,-0.0200491350217819,1.0
2021-09-17,0,0.35420695705902877,si1s,-0.00595424649018,1.0
2021-09-20,1,0.36055502900904457,si1s,0.0183300298340489,1.0
2021-09-21,1,0.3601347421227525,si1s,0.0130909743401144,1.0
2021-09-22,0,0.3552484363116733,si1s,-0.0099532891042152,1.0
2021-09-23,0,0.35797717621795855,si1s,-0.011199789269978,1.0
2021-09-24,0,0.3572707406975295,si1s,-0.0419175025536374,1.0
2021-09-27,0,0.3609889533502696,si1s,-0.0100026437532191,1.0
2021-09-28,0,0.35898469775369934,si1s,-0.0437085500697581,1.0
2021-09-29,1,0.35925046845049907,si1s,0.0261577844032654,1.0
2021-09-30,1,0.356896628821535,si1s,0.0221798879275636,1.0
