instrument,date,t1,partition,side,sigma,pt,sl,h,ret,label,touch
cl1s,2020-01-07,2020-01-08,train,-1.0,0.009756523529109662,0.25,0.25,1,0.04928229671059314,1,pt
cl1s,2020-01-22,2020-01-23,train,-1.0,0.016239904694456127,0.25,0.25,1,0.020267888575167148,1,pt
cl1s,2020-01-23,2020-01-24,train,-1.0,0.016647881557833574,0.25,0.25,1,0.025184385302462364,1,pt
cl1s,2020-01-24,2020-01-27,train,-1.0,0.016951020367699493,0.25,0.25,1,0.019376268955035747,1,pt
cl1s,2020-01-27,2020-01-28,train,-1.0,0.016805740530172676,0.25,0.25,1,-0.006398193361042415,0,sl
cl1s,2020-01-28,2020-01-29,train,-1.0,0.016999260252895568,0.25,0.25,1,0.002804786810479243,1,vert
cl1s,2020-01-29,2020-01-30,train,-1.0,0.01696232223016401,0.25,0.25,1,0.022313894536648782,1,pt
cl1s,2020-01-30,2020-01-31,train,-1.0,0.017296431222037056,0.25,0.25,1,0.011123897349132439,1,pt
cl1s,2020-01-31,2020-02-03,train,-1.0,0.017150194175581383,0.25,0.25,1,0.02812257554289843,1,pt
cl1s,2020-02-05,2020-02-06,train,1.0,0.01661335686735026,0.25,0.25,1,0.003940886499662621,1,vert
cl1s,2020-02-06,2020-02-07,train,1.0,0.013976826750913846,0.25,0.25,1,-0.01236506376910318,0,sl
cl1s,2020-02-07,2020-02-10,train,1.0,0.013910074694196448,0.25,0.25,1,-0.014904610352941883,0,sl
cl1s,2020-02-10,2020-02-11,train,1.0,0.013987442382664327,0.25,0.25,1,0.00746419204692228,1,pt
cl1s,2020-02-11,2020-02-12,train,1.0,0.014314738620807217,0.25,0.25,1,0.02462955533085376,1,pt
cl1s,2020-02-12,2020-02-13,train,1.0,0.015868851140288028,0.25,0.25,1,0.0048856753152421994,1,pt
cl1s,2020-02-13,2020-02-14,train,1.0,0.016068589059082854,0.25,0.25,1,0.012775842016812478,1,pt
cl1s,2020-02-14,2020-02-18,train,1.0,0.01611818411788619,0.25,0.25,1,-0.0005733944511078226,0,vert
cl1s,2020-02-18,2020-02-19,train,1.0,0.01609011482033813,0.25,0.25,1,0.02294893826027855,1,pt
cl1s,2020-02-19,2020-02-20,train,1.0,0.01731551007296798,0.25,0.25,1,0.00729108281146762,1,pt
cl1s,2020-02-20,2020-02-21,train,1.0,0.016548350188345835,0.25,0.25,1,-0.009279881573947213,0,sl
cl1s,2020-02-21,2020-02-24,train,1.0,0.01610396884768102,0.25,0.25,1,-0.036530535757081206,0,sl
cl1s,2020-02-24,2020-02-25,train,1.0,0.017170864353423822,0.25,0.25,1,-0.029749173754649583,0,sl
cl1s,2020-02-25,2020-02-26,train,1.0,0.017866420360961165,0.25,0.25,1,-0.02344689347621054,0,sl
cl1s,2020-02-26,2020-02-27,train,1.0,0.0182648824360148,0.25,0.25,1,-0.03365483286845916,0,sl
cl1s,2020-02-27,2020-02-28,train,1.0,0.019393833526767813,0.25,0.25,1,-0.049479719734585204,0,sl
cl1s,2020-02-28,2020-03-02,train,1.0,0.021531732851168415,0.25,0.25,1,0.04445933896501164,1,pt
cl1s,2020-03-18,2020-03-19,train,1.0,0.0904760346864588,0.25,0.25,1,0.2438790202528529,1,pt
cl1s,2020-03-20,2020-03-23,train,1.0,0.10980310290953234,0.25,0.25,1,0.03225806415889654,1,pt
cl1s,2020-03-23,2020-03-24,train,1.0,0.1110838535291566,0.25,0.25,1,0.027825342960827726,1,pt
cl1s,2020-03-24,2020-03-25,train,1.0,0.11209422182912515,0.25,0.25,1,0.019991669455796446,1,vert
cl1s,2020-03-26,2020-03-27,train,1.0,0.11324270672814253,0.25,0.25,1,-0.04823008870361489,0,sl
cl1s,2020-03-27,2020-03-30,train,1.0,0.11323483174562435,0.25,0.25,1,-0.06601580631288262,0,sl
cl1s,2020-03-30,2020-03-31,train,1.0,0.11179376165345198,0.25,0.25,1,0.019412642444119443,1,vert
cl1s,2020-04-21,2020-04-22,train,1.0,0.1515305132831126,0.25,0.25,1,0.19101123499821826,1,pt
cl1s,2020-04-22,2020-04-23,train,1.0,0.15883189238628795,0.25,0.25,1,0.1973875204287472,1,pt
cl1s,2020-04-23,2020-04-24,train,1.0,0.16596403028545723,0.25,0.25,1,0.026666666719745935,1,vert
cl1s,2020-04-24,2020-04-27,train,1.0,0.1660857813337614,0.25,0.25,1,-0.24557260986133456,0,sl
cl1s,2020-04-27,2020-04-28,train,1.0,0.17552764328986356,0.25,0.25,1,-0.034428795088695896,0,vert
cl1s,2020-04-28,2020-04-29,train,1.0,0.17539850335357576,0.25,0.25,1,0.22042139351333323,1,pt
cl1s,2020-04-29,2020-04-30,train,1.0,0.18293745727870922,0.25,0.25,1,0.25099601633592306,1,pt
cl1s,2020-04-30,2020-05-01,train,1.0,0.19148447526857246,0.25,0.25,1,0.049893842554368684,1,pt
cl1s,2020-05-01,2020-05-04,train,1.0,0.18396316335899773,0.25,0.25,1,0.030839231191935434,1,vert
cl1s,2020-05-04,2020-05-05,train,1.0,0.1816062097933004,0.25,0.25,1,0.20451201729127,1,pt
cl1s,2020-05-05,2020-05-06,train,1.0,0.1873459011974307,0.25,0.25,1,-0.023208468984591835,0,vert
cl1s,2020-05-06,2020-05-07,train,1.0,0.18636299191825068,0.25,0.25,1,-0.018340975445224394,0,vert
cl1s,2020-05-07,2020-05-08,train,1.0,0.18557584641637723,0.25,0.25,1,0.05053078440372327,1,pt
cl1s,2020-05-08,2020-05-11,train,1.0,0.18511470250928058,0.25,0.25,1,-0.024252222234009024,0,vert
cl1s,2020-05-11,2020-05-12,train,1.0,0.18514159446284742,0.25,0.25,1,0.067937033509752,1,pt
cl1s,2020-05-12,2020-05-13,train,1.0,0.18435691974370352,0.25,0.25,1,-0.01900698255698674,0,vert
cl1s,2020-05-13,2020-05-14,train,1.0,0.18438627864268883,0.25,0.25,1,0.08566978284780036,1,pt
cl1s,2020-05-14,2020-05-15,train,1.0,0.18526096670360465,0.25,0.25,1,0.058823528708133566,1,pt
cl1s,2020-05-19,2020-05-20,train,1.0,0.11369226266914255,0.25,0.25,1,0.04787234051433775,1,pt
cl1s,2020-05-27,2020-05-28,train,1.0,0.07640448099326073,0.25,0.25,1,0.027430661197227924,1,pt
cl1s,2020-05-28,2020-05-29,train,1.0,0.0676898292043402,0.25,0.25,1,0.052803322942236885,1,pt
cl1s,2020-06-04,2020-06-05,train,1.0,0.03608755921169253,0.25,0.25,1,0.05720395635518627,1,pt
cl1s,2020-06-05,2020-06-08,train,1.0,0.0355707785458785,0.25,0.25,1,-0.03438685233797323,0,sl
cl1s,2020-06-08,2020-06-09,train,1.0,0.03750109340034953,0.25,0.25,1,0.01963864902284862,1,pt
cl1s,2020-06-09,2020-06-10,train,1.0,0.03595031346014921,0.25,0.25,1,0.016949152542372836,1,pt
cl1s,2020-06-10,2020-06-11,train,1.0,0.034536743946421276,0.25,0.25,1,-0.08232323206803405,0,sl
cl1s,2020-06-11,2020-06-12,train,1.0,0.04117637030456509,0.25,0.25,1,-0.0022014314856755313,0,vert
cl1s,2020-06-12,2020-06-15,train,1.0,0.03841405264161621,0.25,0.25,1,0.023717595626575605,1,pt
cl1s,2020-06-17,2020-06-18,train,1.0,0.03524122361209383,0.25,0.25,1,0.02198377434100518,1,pt
cl1s,2020-06-18,2020-06-19,train,1.0,0.03424457960562223,0.25,0.25,1,0.019974391538451153,1,pt
cl1s,2020-06-19,2020-06-22,train,1.0,0.03433898975105459,0.25,0.25,1,0.022596033428541995,1,pt
cl1s,2020-06-22,2020-06-23,train,1.0,0.03384665349736013,0.25,0.25,1,-0.008838693782604157,0,sl
cl1s,2020-06-23,2020-06-24,train,1.0,0.03364797289396241,0.25,0.25,1,-0.05845925164608212,0,sl
cl1s,2020-06-24,2020-06-25,train,1.0,0.03497955499459997,0.25,0.25,1,0.01867929453000783,1,pt
cl1s,2020-06-25,2020-06-26,train,1.0,0.034773104610858814,0.25,0.25,1,-0.005940082632083787,0,vert
cl1s,2020-06-26,2020-06-29,train,1.0,0.03320780698489643,0.25,0.25,1,0.03143673659622648,1,pt
cl1s,2020-06-29,2020-06-30,train,1.0,0.03372973066889403,0.25,0.25,1,-0.010831234309771731,0,sl
cl1s,2020-06-30,2020-07-01,train,1.0,0.03300477536870705,0.25,0.25,1,0.01400560284696617,1,pt
cl1s,2020-07-01,2020-07-02,train,1.0,0.03302076162327027,0.25,0.25,1,0.020843796412303828,1,pt
cl1s,2020-07-02,2020-07-06,train,1.0,0.03325737821818646,0.25,0.25,1,-0.000492004595880724,0,vert
cl1s,2020-07-06,2020-07-07,train,1.0,0.030941490067233537,0.25,0.25,1,-0.0002461238050697201,0,vert
cl1s,2020-07-07,2020-07-08,train,1.0,0.029767649943915352,0.25,0.25,1,0.006893156499228059,1,vert
cl1s,2020-07-08,2020-07-09,train,1.0,0.029527833168249553,0.25,0.25,1,-0.03129584341357472,0,sl
cl1s,2020-07-09,2020-07-10,train,1.0,0.030245459538173695,0.25,0.25,1,0.02347299279175763,1,pt
cl1s,2020-07-10,2020-07-13,train,1.0,0.022958158442952945,0.25,0.25,1,-0.011097410332547741,0,sl
cl1s,2020-07-13,2020-07-14,train,1.0,0.02319484964360845,0.25,0.25,1,0.004738154421738638,1,vert
cl1s,2020-07-14,2020-07-15,train,1.0,0.022771916135670252,0.25,0.25,1,0.022586250227866644,1,pt
cl1s,2020-07-15,2020-07-16,train,1.0,0.022140582661195427,0.25,0.25,1,-0.011352657004240263,0,sl
cl1s,2020-07-16,2020-07-17,train,1.0,0.022139472484582076,0.25,0.25,1,-0.004397752908801844,0,vert
cl1s,2020-07-17,2020-07-20,train,1.0,0.021755220310172615,0.25,0.25,1,0.004171779161223688,1,vert
cl1s,2020-07-20,2020-07-21,train,1.0,0.02135596721767525,0.25,0.25,1,0.02443792816919843,1,pt
cl1s,2020-07-21,2020-07-22,train,1.0,0.021453720183331332,0.25,0.25,1,-0.00047709966489051236,0,vert
cl1s,2020-07-22,2020-07-23,train,1.0,0.021327935784584404,0.25,0.25,1,-0.01980906887986389,0,sl
cl1s,2020-07-23,2020-07-24,train,1.0,0.016548791142495828,0.25,0.25,1,0.0053567079379672755,1,pt
cl1s,2020-07-24,2020-07-27,train,1.0,0.016183668556991077,0.25,0.25,1,0.007507870948786799,1,pt
cl1s,2020-07-27,2020-07-28,train,1.0,0.01607202069427879,0.25,0.25,1,-0.013461538381976168,0,sl
cl1s,2020-07-28,2020-07-29,train,1.0,0.015146174874847674,0.25,0.25,1,0.0056042890087513175,1,pt
cl1s,2020-07-29,2020-07-30,train,1.0,0.014887398917122922,0.25,0.25,1,-0.03271141297613134,0,sl
cl1s,2020-07-30,2020-07-31,train,1.0,0.01658147193822626,0.25,0.25,1,0.008767534910469887,1,pt
cl1s,2020-07-31,2020-08-03,train,1.0,0.01600118991602074,0.25,0.25,1,0.018375962832880566,1,pt
cl1s,2020-08-03,2020-08-04,train,1.0,0.016551655645469513,0.25,0.25,1,0.016825164468791565,1,pt
cl1s,2020-08-04,2020-08-05,train,1.0,0.016954471005881728,0.25,0.25,1,0.011750599141167717,1,pt
cl1s,2020-08-21,2020-08-24,train,1.0,0.014921825981435786,0.25,0.25,1,0.006613132491385176,1,pt
cl1s,2020-08-24,2020-08-25,train,1.0,0.014902515829393004,0.25,0.25,1,0.017128108252172813,1,pt
cl1s,2020-08-25,2020-08-26,train,1.0,0.014912894413427606,0.25,0.25,1,0.0009227223517414007,1,vert
cl1s,2020-08-26,2020-08-27,train,1.0,0.014896582343487496,0.25,0.25,1,-0.008066374613451277,0,sl
cl1s,2020-09-01,2020-09-02,train,1.0,0.011813279478375452,0.25,0.25,1,-0.029232928410432013,0,sl
cl1s,2020-09-02,2020-09-03,train,1.0,0.013345922887533097,0.25,0.25,1,-0.0033726812291500208,0,sl
cl1s,2020-09-16,2020-09-17,train,1.0,0.026816658158421325,0.25,0.25,1,0.020044543239470913,1,pt
cl1s,2020-09-21,2020-09-22,train,1.0,0.028840747183548534,0.25,0.25,1,0.006575618907760594,1,vert
cl1s,2020-09-22,2020-09-23,train,1.0,0.028840046335398852,0.25,0.25,1,0.0032663317336407705,1,vert
cl1s,2020-09-23,2020-09-24,train,1.0,0.028482274565984875,0.25,0.25,1,0.009516654297689442,1,pt
cl1s,2020-09-24,2020-09-25,train,1.0,0.028630430576727137,0.25,0.25,1,-0.0014884639780549103,0,vert
cl1s,2020-09-25,2020-09-28,train,1.0,0.028618669019484275,0.25,0.25,1,0.00869565210741663,1,pt
cl1s,2020-09-28,2020-09-29,train,1.0,0.02874925829419752,0.25,0.25,1,-0.03226600980014027,0,sl
cl1s,2020-09-29,2020-09-30,train,1.0,0.029491833835662413,0.25,0.25,1,0.023670144869491816,1,pt
cl1s,2020-09-30,2020-10-01,train,1.0,0.0301001713742898,0.25,0.25,1,-0.03729487862164693,0,sl
cl1s,2020-10-01,2020-10-02,train,1.0,0.030538197165789493,0.25,0.25,1,-0.043130165266444975,0,sl
cl1s,2020-10-02,2020-10-05,train,1.0,0.03183840997817039,0.25,0.25,1,0.05856950081926504,1,pt
cl1s,2020-10-05,2020-10-06,train,1.0,0.0337188268344302,0.25,0.25,1,0.036970933307625575,1,pt
cl1s,2020-10-07,2020-10-08,train,1.0,0.028823787808339243,0.25,0.25,1,0.031038798812260238,1,pt
cl1s,2020-10-08,2020-10-09,train,1.0,0.02900218285716507,0.25,0.25,1,-0.014323864955509635,0,sl
cl1s,2020-10-09,2020-10-12,train,1.0,0.029306867436864396,0.25,0.25,1,-0.028817734638095227,0,sl
cl1s,2020-10-12,2020-10-13,train,1.0,0.030214875138082964,0.25,0.25,1,0.019528278346333305,1,pt
cl1s,2020-10-13,2020-10-14,train,1.0,0.02993518189849519,0.25,0.25,1,0.020895522405836253,1,pt
cl1s,2020-10-14,2020-10-15,train,1.0,0.028316428150068976,0.25,0.25,1,-0.0024189647939832915,0,vert
cl1s,2020-10-15,2020-10-16,train,1.0,0.0279625945313127,0.25,0.25,1,-0.002909796447944979,0,vert
cl1s,2020-10-16,2020-10-19,train,1.0,0.02796030548421718,0.25,0.25,1,-0.0014591440361059194,0,vert
cl1s,2020-10-19,2020-10-20,train,1.0,0.02603437845084371,0.25,0.25,1,0.015586945813040431,1,pt
cl1s,2020-10-20,2020-10-21,train,1.0,0.026200794843127737,0.25,0.25,1,-0.040047961005057586,0,sl
cl1s,2020-10-21,2020-10-22,train,1.0,0.027890118032212415,0.25,0.25,1,0.015238570906156435,1,pt
cl1s,2020-10-22,2020-10-23,train,1.0,0.028022014372097406,0.25,0.25,1,-0.019438976420086185,0,sl
cl1s,2020-10-23,2020-10-26,train,1.0,0.028365740775899557,0.25,0.25,1,-0.032371392476924776,0,sl
cl1s,2020-10-26,2020-10-27,train,1.0,0.02914340669381432,0.25,0.25,1,0.026192945464731165,1,pt
cl1s,2020-10-27,2020-10-28,train,1.0,0.028931240962146575,0.25,0.25,1,-0.05509224152742498,0,sl
cl1s,2020-10-28,2020-10-29,train,1.0,0.03098838765214655,0.25,0.25,1,-0.03262904485968754,0,sl
cl1s,2020-10-29,2020-10-30,train,1.0,0.030726979658724115,0.25,0.25,1,-0.010505944632910658,0,sl
cl1s,2020-10-30,2020-11-02,train,1.0,0.029292733329935428,0.25,0.25,1,0.02849958124271379,1,pt
cl1s,2020-11-02,2020-11-03,train,1.0,0.02684355922177076,0.25,0.25,1,0.023091551331964943,1,pt
cl1s,2020-11-03,2020-11-04,train,1.0,0.02594508225810365,0.25,0.25,1,0.039564524674718715,1,pt
cl1s,2020-11-04,2020-11-05,train,1.0,0.027427190649100996,0.25,0.25,1,-0.009195402719601509,0,sl
cl1s,2020-11-05,2020-11-06,train,1.0,0.026412758753385283,0.25,0.25,1,-0.04253673557233062,0,sl
cl1s,2020-11-06,2020-11-09,train,1.0,0.027813944419902065,0.25,0.25,1,0.08481421569523584,1,pt
cl1s,2020-11-09,2020-11-10,train,1.0,0.033186120000890953,0.25,0.25,1,0.0265574587975832,1,pt
cl1s,2020-11-10,2020-11-11,train,1.0,0.03342379164555544,0.25,0.25,1,0.0021760155735721654,1,vert
cl1s,2020-11-11,2020-11-12,train,1.0,0.033106640617603995,0.25,0.25,1,-0.007961399640160183,0,vert
cl1s,2020-11-12,2020-11-13,train,1.0,0.03315267595536369,0.25,0.25,1,-0.024075874920187368,0,sl
cl1s,2020-11-13,2020-11-16,train,1.0,0.03359123770169317,0.25,0.25,1,0.030152005635515566,1,pt
cl1s,2020-11-16,2020-11-17,train,1.0,0.0342949869526854,0.25,0.25,1,0.0019244644910230146,1,vert
cl1s,2020-11-17,2020-11-18,train,1.0,0.03411380814200585,0.25,0.25,1,0.008643457432676582,1,pt
cl1s,2020-11-18,2020-11-19,train,1.0,0.0327878515269993,0.25,0.25,1,-0.002618424130935826,0,vert
cl1s,2020-11-19,2020-11-20,train,1.0,0.03265775704501943,0.25,0.25,1,0.012410501539016794,1,pt
cl1s,2020-11-20,2020-11-23,train,1.0,0.032362975545423035,0.25,0.25,1,0.01508722254368311,1,pt
cl1s,2020-11-23,2020-11-24,train,1.0,0.03133346822974377,0.25,0.25,1,0.04296330759637623,1,pt
cl1s,2020-11-24,2020-11-25,train,1.0,0.03209516544245604,0.25,0.25,1,0.0178134044225835,1,pt
cl1s,2020-12-01,2020-12-02,train,1.0,0.027172531377394043,0.25,0.25,1,0.016386082425973614,1,pt
cl1s,2020-12-02,2020-12-03,train,1.0,0.02703922268592902,0.25,0.25,1,0.007950530081968221,1,pt
cl1s,2020-12-03,2020-12-04,train,1.0,0.026109730494214462,0.25,0.25,1,0.013584575139819144,1,pt
cl1s,2020-12-04,2020-12-07,train,1.0,0.025841099039012966,0.25,0.25,1,-0.010808474029002646,0,sl
cl1s,2020-12-07,2020-12-08,train,1.0,0.023290979385804315,0.25,0.25,1,-0.003496503012117569,0,vert
cl1s,2020-12-08,2020-12-09,train,1.0,0.016313437459256085,0.25,0.25,1,-0.0017543864806912612,0,vert
cl1s,2020-12-09,2020-12-10,train,1.0,0.015667810088699375,0.25,0.25,1,0.02768014113954176,1,pt
cl1s,2020-12-11,2020-12-14,train,1.0,0.016322155599704655,0.25,0.25,1,0.00901868122912397,1,pt
cl1s,2021-01-04,2021-01-05,train,1.0,0.014300671172649507,0.25,0.25,1,0.04850903011426966,1,pt
cl1s,2021-01-05,2021-01-06,train,1.0,0.017409815510931386,0.25,0.25,1,0.014019627369817655,1,pt
cl1s,2021-01-06,2021-01-07,train,1.0,0.01720464409242697,0.25,0.25,1,0.003950227304091669,1,vert
cl1s,2021-01-07,2021-01-08,train,1.0,0.017094167917650952,0.25,0.25,1,0.027739523422752432,1,pt
cl1s,2021-01-08,2021-01-11,train,1.0,0.01769622914600373,0.25,0.25,1,0.00019142460348886559,1,vert
cl1s,2021-01-11,2021-01-12,train,1.0,0.017061643553932526,0.25,0.25,1,0.018373205580254792,1,pt
cl1s,2021-01-15,2021-01-19,train,1.0,0.018432162192489603,0.25,0.25,1,0.010682945616222739,1,pt
cl1s,2021-01-19,2021-01-20,train,1.0,0.01842164678702996,0.25,0.25,1,0.006228765755305288,1,pt
cl1s,2021-01-20,2021-01-21,train,1.0,0.01827890957479551,0.25,0.25,1,-0.003376477426279223,0,vert
cl1s,2021-01-21,2021-01-22,train,1.0,0.016971341156297746,0.25,0.25,1,-0.016186711938880105,0,sl
cl1s,2021-02-04,2021-02-05,train,-1.0,0.013439762952376429,0.25,0.25,1,-0.011026142652046822,0,sl
cl1s,2021-02-05,2021-02-08,train,-1.0,0.013496863041973792,0.25,0.25,1,-0.019700967164123284,0,sl
cl1s,2021-02-08,2021-02-09,train,-1.0,0.01293131415345419,0.25,0.25,1,-0.0067276177688342376,0,sl
cl1s,2021-02-09,2021-02-10,train,-1.0,0.012881610118733063,0.25,0.25,1,-0.005483207766417086,0,sl
cl1s,2021-02-10,2021-02-11,train,-1.0,0.012529470414042232,0.25,0.25,1,0.007498295667596633,1,pt
cl1s,2021-02-11,2021-02-12,train,-1.0,0.012618736133269495,0.25,0.25,1,-0.021119505461772548,0,sl
cl1s,2021-02-12,2021-02-16,train,-1.0,0.013026844582180636,0.25,0.25,1,-0.009752816264902542,0,sl
cl1s,2021-02-16,2021-02-17,train,-1.0,0.011283454752090749,0.25,0.25,1,-0.017976032318958834,0,sl
cl1s,2021-02-17,2021-02-18,train,-1.0,0.011523946215482223,0.25,0.25,1,0.010300850622224966,1,pt
cl1s,2021-02-18,2021-02-19,train,-1.0,0.01217234573883187,0.25,0.25,1,0.020981331567890282,1,pt
cl1s,2021-02-19,2021-02-22,train,-1.0,0.013500385426169976,0.25,0.25,1,-0.041174485321709975,0,sl
cl1s,2021-02-22,2021-02-23,train,-1.0,0.014596666699441875,0.25,0.25,1,0.0004862235472663512,1,vert
cl1s,2021-02-23,2021-02-24,train,-1.0,0.014722443545369585,0.25,0.25,1,-0.025133776972510624,0,sl
cl1s,2021-02-24,2021-02-25,train,-1.0,0.014962406196929996,0.25,0.25,1,-0.004903511296407759,0,sl
cl1s,2021-02-25,2021-02-26,train,-1.0,0.014957085349007646,0.25,0.25,1,0.03195340808815594,1,pt
cl1s,2021-03-05,2021-03-08,train,-1.0,0.020510049800797115,0.25,0.25,1,0.015736117531880423,1,pt
cl1s,2021-03-08,2021-03-09,train,-1.0,0.021175983431806367,0.25,0.25,1,0.015987701887852368,1,pt
cl1s,2021-04-15,2021-04-16,train,1.0,0.03552517589983759,0.25,0.25,1,-0.0050385765880957,0,vert
cl1s,2021-04-16,2021-04-19,train,1.0,0.031220837883444076,0.25,0.25,1,0.0037980690280543516,1,vert
cl1s,2021-04-19,2021-04-20,train,1.0,0.030860060208676793,0.25,0.25,1,-0.011981712231053265,0,sl
cl1s,2021-04-20,2021-04-21,train,1.0,0.031008742775000226,0.25,0.25,1,-0.0210627092405844,0,sl
cl1s,2021-04-21,2021-04-22,train,1.0,0.027626868143928885,0.25,0.25,1,0.001303993761022637,1,vert
cl1s,2021-04-22,2021-04-23,train,1.0,0.024461651143095963,0.25,0.25,1,0.011557870465453757,1,pt
cl1s,2021-04-23,2021-04-26,train,1.0,0.022262023753551807,0.25,0.25,1,-0.0037013193456250093,0,vert
cl1s,2021-04-26,2021-04-27,train,1.0,0.020472137109463925,0.25,0.25,1,0.016637053493710363,1,pt
cl1s,2021-04-27,2021-04-28,train,1.0,0.02068620440723618,0.25,0.25,1,0.014617095747764264,1,pt
cl1s,2021-04-28,2021-04-29,train,1.0,0.020460167799650028,0.25,0.25,1,0.018008142661985582,1,pt
cl1s,2021-04-29,2021-04-30,train,1.0,0.019781117016779152,0.25,0.25,1,-0.021996615883449366,0,sl
cl1s,2021-04-30,2021-05-03,train,1.0,0.019010777239918314,0.25,0.25,1,0.014312677077606084,1,pt
cl1s,2021-05-03,2021-05-04,train,1.0,0.01540349072556872,0.25,0.25,1,0.018607535731864022,1,pt
cl1s,2021-05-04,2021-05-05,train,1.0,0.015640537397010934,0.25,0.25,1,-0.0009133808307781877,0,vert
cl1s,2021-05-05,2021-05-06,train,1.0,0.015684928719288813,0.25,0.25,1,-0.01401797967955598,0,sl
cl1s,2021-05-12,2021-05-13,train,1.0,0.012427990197187296,0.25,0.25,1,-0.03420096836670106,0,sl
cl1s,2021-05-14,2021-05-17,train,1.0,0.015753694029361442,0.25,0.25,1,0.014075887465420545,1,pt
cl1s,2021-05-17,2021-05-18,train,1.0,0.015987931935601104,0.25,0.25,1,-0.01176825582949037,0,sl
cl1s,2021-05-19,2021-05-20,train,1.0,0.017102718260569468,0.25,0.25,1,-0.02225730041520879,0,sl
cl1s,2021-05-20,2021-05-21,train,1.0,0.017933947786950524,0.25,0.25,1,0.02647723574370242,1,pt
cl1s,2021-05-21,2021-05-24,train,1.0,0.018692415364696558,0.25,0.25,1,0.03884869446638328,1,pt
cl1s,2021-05-24,2021-05-25,train,1.0,0.02038275596290684,0.25,0.25,1,0.0003028010018066851,1,vert
cl1s,2021-05-25,2021-05-26,train,1.0,0.02014877608388011,0.25,0.25,1,0.0021189648597681465,1,vert
cl1s,2021-05-26,2021-05-27,train,1.0,0.019947372846489123,0.25,0.25,1,0.009666213380978839,1,pt
cl1s,2021-05-27,2021-05-28,train,1.0,0.019682378079540555,0.25,0.25,1,-0.007928197292897399,0,sl
cl1s,2021-05-28,2021-06-01,train,1.0,0.019027527318929212,0.25,0.25,1,0.021109771003010813,1,pt
cl1s,2021-06-01,2021-06-02,train,1.0,0.01930750094301636,0.25,0.25,1,0.016391021752605095,1,pt
cl1s,2021-06-02,2021-06-03,train,1.0,0.019218515945675512,0.25,0.25,1,-0.0002905710615057622,0,vert
cl1s,2021-06-03,2021-06-04,train,1.0,0.019213463465089477,0.25,0.25,1,0.01177154491325072,1,pt
cl1s,2021-06-04,2021-06-07,train,1.0,0.018912191851459172,0.25,0.25,1,-0.005601838775200152,0,sl
cl1s,2021-06-07,2021-06-08,train,1.0,0.01902590202677492,0.25,0.25,1,0.011844576176264443,1,pt
cl1s,2021-06-08,2021-06-09,train,1.0,0.01910560497895376,0.25,0.25,1,-0.001284796471922589,0,vert
cl1s,2021-06-09,2021-06-10,train,1.0,0.019134080366902628,0.25,0.25,1,0.004716981089734951,1,vert
cl1s,2021-06-10,2021-06-11,train,1.0,0.019027685402715124,0.25,0.25,1,0.00882060011060748,1,pt
cl1s,2021-06-15,2021-06-16,train,1.0,0.01639962545045782,0.25,0.25,1,0.0004159730221426905,1,vert
cl1s,2021-06-16,2021-06-17,train,1.0,0.015991866361913742,0.25,0.25,1,-0.01626129237684637,0,sl
cl1s,2021-06-17,2021-06-18,train,1.0,0.014207732079830171,0.25,0.25,1,0.007205425454222203,1,pt
cl1s,2021-06-18,2021-06-21,train,1.0,0.012562848023595006,0.25,0.25,1,0.025669799317895148,1,pt
cl1s,2021-06-21,2021-06-22,train,1.0,0.012501408568181384,0.25,0.25,1,-0.0036925600216164423,0,sl
cl1s,2021-06-22,2021-06-23,train,1.0,0.010359946286004064,0.25,0.25,1,0.003157171980925577,1,pt
cl1s,2021-06-24,2021-06-25,train,1.0,0.01029887420808746,0.25,0.25,1,0.01023192365214376,1,pt
cl1s,2021-06-25,2021-06-28,train,1.0,0.01031220675708901,0.25,0.25,1,-0.015395003207010483,0,sl
cl1s,2021-06-28,2021-06-29,train,1.0,0.010940897546023879,0.25,0.25,1,0.0009600874213293586,1,vert
cl1s,2021-06-29,2021-06-30,train,1.0,0.010294017448878366,0.25,0.25,1,0.006714168623500161,1,pt
cl1s,2021-06-30,2021-07-01,train,1.0,0.00990337900185144,0.25,0.25,1,0.02395535571856877,1,pt
cl1s,2021-07-01,2021-07-02,train,1.0,0.010838741180457209,0.25,0.25,1,-0.0009304799773254269,0,vert
cl1s,2021-07-02,2021-07-06,val,1.0,0.010770865592366431,0.25,0.25,1,-0.023815859286396623,0,sl
cl1s,2021-07-06,2021-07-07,val,1.0,0.012318699480434629,0.25,0.25,1,-0.015946572453926167,0,sl
cl1s,2021-07-07,2021-07-08,val,1.0,0.012842610136811542,0.25,0.25,1,0.010249307859243384,1,pt
cl1s,2021-07-08,2021-07-09,val,1.0,0.012960578871077868,0.25,0.25,1,0.022210035674508966,1,pt
cl1s,2021-07-09,2021-07-12,val,1.0,0.013688773140787577,0.25,0.25,1,-0.0061695282619749214,0,sl
cl1s,2021-07-12,2021-07-13,val,1.0,0.01377007201167743,0.25,0.25,1,0.015519568135940354,1,pt
cl1s,2021-07-13,2021-07-14,val,1.0,0.014054655705978993,0.25,0.25,1,-0.028172757082053024,0,sl
cl1s,2021-07-14,2021-07-15,val,1.0,0.015305746642172343,0.25,0.25,1,-0.017345815306483492,0,sl
cl1s,2021-07-15,2021-07-16,val,1.0,0.01584613509872544,0.25,0.25,1,0.0025217149529663807,1,vert
cl1s,2021-07-16,2021-07-19,val,1.0,0.01537751287291854,0.25,0.25,1,-0.07280603677550579,0,sl
cl1s,2021-07-19,2021-07-20,val,1.0,0.02289492249701572,0.25,0.25,1,0.012810851477721874,1,pt
cl1s,2021-07-20,2021-07-21,val,1.0,0.022229569374439855,0.25,0.25,1,0.04613095247507837,1,pt
cl1s,2021-07-21,2021-07-22,val,1.0,0.02478246536428104,0.25,0.25,1,0.022901848750120468,1,pt
cl1s,2021-07-22,2021-07-23,val,1.0,0.025349539794230824,0.25,0.25,1,0.0022250037485616048,1,vert
cl1s,2021-07-23,2021-07-26,val,1.0,0.025344489926443094,0.25,0.25,1,-0.0022200640976222097,0,vert
cl1s,2021-07-26,2021-07-27,val,1.0,0.025220592614307424,0.25,0.25,1,-0.003615630490704236,0,vert
cl1s,2021-07-27,2021-07-28,val,1.0,0.025002851324454393,0.25,0.25,1,0.010327983427610432,1,pt
cl1s,2021-07-28,2021-07-29,val,1.0,0.02511866744366211,0.25,0.25,1,0.01699129688468637,1,pt
cl1s,2021-07-29,2021-07-30,val,1.0,0.025364038436197417,0.25,0.25,1,0.004482477841824872,1,vert
cl1s,2021-07-30,2021-08-02,val,1.0,0.02479531090241177,0.25,0.25,1,-0.036375929852584976,0,sl
cl1s,2021-08-02,2021-08-03,val,1.0,0.026107597980841994,0.25,0.25,1,-0.009823182576860767,0,sl
cl1s,2021-08-03,2021-08-04,val,1.0,0.025673160815431407,0.25,0.25,1,-0.03415532873925631,0,sl
cl1s,2021-08-04,2021-08-05,val,1.0,0.026551440059936492,0.25,0.25,1,0.013793103227958126,1,pt
cl1s,2021-08-05,2021-08-06,val,1.0,0.026651280962055886,0.25,0.25,1,-0.011723838590142921,0,sl
cl1s,2021-08-06,2021-08-09,val,1.0,0.026091631781674725,0.25,0.25,1,-0.026362038596722814,0,sl
cl1s,2021-08-09,2021-08-10,val,1.0,0.026578823544973335,0.25,0.25,1,0.027226233595666338,1,pt
cl1s,2021-08-10,2021-08-11,val,1.0,0.027161071378796354,0.25,0.25,1,0.014057695320921715,1,pt
cl1s,2021-08-11,2021-08-12,val,1.0,0.026841381949774958,0.25,0.25,1,-0.0023104695955514787,0,vert
cl1s,2021-08-12,2021-08-13,val,1.0,0.026605252137186203,0.25,0.25,1,-0.009408018362366266,0,sl
cl1s,2021-08-13,2021-08-16,val,1.0,0.026641634159600296,0.25,0.25,1,-0.016803039250756102,0,sl
cl1s,2021-08-16,2021-08-17,val,1.0,0.020708706314284165,0.25,0.25,1,-0.010589112786283716,0,sl
cl1s,2021-08-17,2021-08-18,val,1.0,0.02065380347689896,0.25,0.25,1,-0.017033463767771817,0,sl
cl1s,2021-08-18,2021-08-19,val,1.0,0.017939072629386727,0.25,0.25,1,-0.02622297184831146,0,sl
cl1s,2021-08-19,2021-08-20,val,1.0,0.017523447564392083,0.25,0.25,1,-0.021417322814321182,0,sl
cl1s,2021-08-20,2021-08-23,val,1.0,0.017742685917630143,0.25,0.25,1,0.056324428516210556,1,pt
cl1s,2021-08-23,2021-08-24,val,1.0,0.022526243453161,0.25,0.25,1,0.028945764623649284,1,pt
cl1s,2021-08-24,2021-08-25,val,1.0,0.02370041932527782,0.25,0.25,1,0.012140953628753115,1,pt
cl1s,2021-08-25,2021-08-26,val,1.0,0.02375570190350316,0.25,0.25,1,-0.013750731285564477,0,sl
cl1s,2021-08-26,2021-08-27,val,1.0,0.02341638513849633,0.25,0.25,1,0.019578759738995144,1,pt
cl1s,2021-08-27,2021-08-30,val,1.0,0.023939555730324594,0.25,0.25,1,0.006837358344756517,1,pt
cl1s,2021-08-30,2021-08-31,val,1.0,0.022677338020759198,0.25,0.25,1,-0.010258633323780186,0,sl
cl1s,2021-08-31,2021-09-01,val,1.0,0.02268631985915284,0.25,0.25,1,0.0013138689264944325,1,vert
cl1s,2021-09-01,2021-09-02,val,1.0,0.021277189079595943,0.25,0.25,1,0.02041113837972075,1,pt
cl1s,2021-09-02,2021-09-03,val,1.0,0.021537771347588747,0.25,0.25,1,-0.010001428645776467,0,sl
cl1s,2021-09-03,2021-09-07,val,1.0,0.02148753587216538,0.25,0.25,1,-0.013566171029475105,0,sl
cl1s,2021-09-07,2021-09-08,val,1.0,0.020790998296334188,0.25,0.25,1,0.013899048684436144,1,pt
cl1s,2021-09-08,2021-09-09,val,1.0,0.020149920395586884,0.25,0.25,1,-0.016738816479976548,0,sl
cl1s,2021-09-09,2021-09-10,val,1.0,0.020278564050564288,0.25,0.25,1,0.023187554886911377,1,pt
cl1s,2021-09-10,2021-09-13,val,1.0,0.020942535552497865,0.25,0.25,1,0.010470453542464231,1,pt
cl1s,2021-09-13,2021-09-14,val,1.0,0.020910179517616624,0.25,0.25,1,0.00014194445815141066,1,vert
cl1s,2021-09-14,2021-09-15,val,1.0,0.020455560642168236,0.25,0.25,1,0.030513766833296874,1,pt
cl1s,2021-09-15,2021-09-16,val,1.0,0.02109569959668974,0.25,0.25,1,0.0005530207085591154,1,vert
cl1s,2021-09-16,2021-09-17,val,1.0,0.020500088376878393,0.25,0.25,1,-0.007599834011158824,0,sl
cl1s,2021-09-17,2021-09-20,val,1.0,0.019350339754156703,0.25,0.25,1,-0.023391812924150046,0,sl
cl1s,2021-09-20,2021-09-21,val,1.0,0.019508777527732217,0.25,0.25,1,0.004990019667239665,1,pt
cl1s,2021-09-21,2021-09-22,val,1.0,0.015814662845843548,0.25,0.25,1,0.024684352686907385,1,pt
cl1s,2021-09-22,2021-09-23,val,1.0,0.01549647168992709,0.25,0.25,1,0.014813789296854285,1,pt
cl1s,2021-09-23,2021-09-24,val,1.0,0.015583743127078276,0.25,0.25,1,0.009276944055780278,1,pt
cl1s,2021-09-24,2021-09-27,val,1.0,0.015063325665886985,0.25,0.25,1,0.019870234959916244,1,pt
cl1s,2021-09-27,2021-09-28,val,1.0,0.01507798924217355,0.25,0.25,1,-0.002120609486381486,0,vert
cl1s,2021-09-28,2021-09-29,val,1.0,0.01514898195979183,0.25,0.25,1,-0.006109709091860038,0,sl
cl1s,2021-09-29,2021-09-30,val,1.0,0.014962858664713759,0.25,0.25,1,0.0026727249480957838,1,vert
cl1s,2021-09-30,2021-10-01,val,1.0,0.014950187059179415,0.25,0.25,1,0.011328801799812771,1,pt
cl1s,2021-10-01,2021-10-04,val,1.0,0.014590877264662305,0.25,0.25,1,0.022930943409993576,1,pt
cl1s,2021-10-04,2021-10-05,val,1.0,0.014738714907521629,0.25,0.25,1,0.016877093490805795,1,pt
cl1s,2021-11-03,2021-11-04,val,1.0,0.013381470257855901,0.25,0.25,1,-0.025352461014491512,0,sl
cl1s,2021-11-05,2021-11-08,val,1.0,0.01586527149040038,0.25,0.25,1,0.008121077697846202,1,pt
cl1s,2021-11-08,2021-11-09,val,1.0,0.01564655789004141,0.25,0.25,1,0.027096301921691657,1,pt
cl1s,2021-11-09,2021-11-10,val,1.0,0.016656816955095143,0.25,0.25,1,-0.03339275093043681,0,sl
cl1s,2021-11-10,2021-11-11,val,1.0,0.01853078839419164,0.25,0.25,1,0.0030735182122527682,1,vert
cl1s,2021-11-11,2021-11-12,val,1.0,0.018394549128094198,0.25,0.25,1,-0.009805122809707911,0,sl
cl1s,2021-11-12,2021-11-15,val,1.0,0.018331343808248256,0.25,0.25,1,0.0011139992310231772,1,vert
cl1s,2021-11-15,2021-11-16,val,1.0,0.018335256364970774,0.25,0.25,1,-0.0014836799115064414,0,vert
cl1s,2021-11-16,2021-11-17,val,1.0,0.018194708629937488,0.25,0.25,1,-0.0274642585588476,0,sl
cl1s,2021-11-17,2021-11-18,val,1.0,0.018869986593821473,0.25,0.25,1,0.011089619665262118,1,pt
cl1s,2021-11-18,2021-11-19,val,1.0,0.019019256315600606,0.25,0.25,1,-0.03150108398854701,0,sl
cl1s,2021-11-19,2021-11-22,val,1.0,0.01970382697528007,0.25,0.25,1,0.01066631550133712,1,pt
cl1s,2021-11-22,2021-11-23,val,1.0,0.019965784907753803,0.25,0.25,1,0.022801302930168132,1,pt
cl1s,2021-11-23,2021-11-24,val,1.0,0.020587258457670014,0.25,0.25,1,-0.001401274132614927,0,vert
cl1s,2021-11-24,2021-11-26,val,1.0,0.020005588965129432,0.25,0.25,1,-0.13062890673341798,0,sl
cl1s,2021-11-26,2021-11-29,val,1.0,0.036720584647641254,0.25,0.25,1,0.026412325841116635,1,pt
cl1s,2021-11-29,2021-11-30,val,1.0,0.037353120355779236,0.25,0.25,1,-0.05389563990377344,0,sl
cl1s,2021-11-30,2021-12-01,val,1.0,0.038627653814686976,0.25,0.25,1,-0.009217285831300548,0,vert
cl1s,2021-12-01,2021-12-02,val,1.0,0.03856509001091363,0.25,0.25,1,0.014183315430623011,1,pt
cl1s,2021-12-02,2021-12-03,val,1.0,0.038491582075401744,0.25,0.25,1,-0.0036090228715034423,0,vert
cl1s,2021-12-03,2021-12-06,val,1.0,0.03830836048325182,0.25,0.25,1,0.04874735924700735,1,pt
cl1s,2021-12-06,2021-12-07,val,1.0,0.039377075307467944,0.25,0.25,1,0.03683983305752303,1,pt
cl1s,2021-12-07,2021-12-08,val,1.0,0.04043749117514969,0.25,0.25,1,0.004302567317084227,1,vert
cl1s,2021-12-08,2021-12-09,val,1.0,0.039793681987077716,0.25,0.25,1,-0.01962410138004589,0,sl
cl1s,2021-12-09,2021-12-10,val,1.0,0.039411484381257286,0.25,0.25,1,0.010290386290563003,1,pt
cl1s,2021-12-10,2021-12-13,val,1.0,0.03953268096474821,0.25,0.25,1,-0.005302078927157283,0,vert
cl1s,2021-12-13,2021-12-14,val,1.0,0.03952149145039458,0.25,0.25,1,-0.007855239219782706,0,vert
cl1s,2021-12-14,2021-12-15,val,1.0,0.039492022694664945,0.25,0.25,1,0.001979357779866575,1,vert
cl1s,2021-12-15,2021-12-16,val,1.0,0.03952075380285825,0.25,0.25,1,0.021086895253385807,1,pt
cl1s,2021-12-16,2021-12-17,val,1.0,0.03959774669553731,0.25,0.25,1,-0.019819820009136624,0,sl
cl1s,2021-12-17,2021-12-20,val,1.0,0.03960841503502624,0.25,0.25,1,-0.029835972673749267,0,sl
cl1s,2021-12-20,2021-12-21,val,1.0,0.03954861324685175,0.25,0.25,1,0.036583588327504524,1,pt
cl1s,2021-12-21,2021-12-22,val,1.0,0.040466767787628345,0.25,0.25,1,0.023059617730311732,1,pt
cl1s,2021-12-22,2021-12-23,val,1.0,0.04047541329233511,0.25,0.25,1,0.014156129356379,1,pt
cl1s,2021-12-23,2021-12-27,val,1.0,0.0406677161095012,0.25,0.25,1,0.02412250999878207,1,pt
cl1s,2021-12-27,2021-12-28,val,1.0,0.025126935775959394,0.25,0.25,1,0.005425433416144543,1,vert
cl1s,2021-12-28,2021-12-29,val,1.0,0.024648952810767084,0.25,0.25,1,0.007633587631236116,1,pt
cl1s,2021-12-29,2021-12-30,val,1.0,0.02025372936856278,0.25,0.25,1,0.005616509843874518,1,pt
cl1s,2021-12-30,2021-12-31,val,1.0,0.01987819373056567,0.25,0.25,1,-0.02311988543069443,0,sl
cl1s,2021-12-31,2022-01-03,test,1.0,0.02102517903929185,0.25,0.25,1,0.01156761045470378,1,pt
cl1s,2022-01-03,2022-01-04,test,1.0,0.020921329173556106,0.25,0.25,1,0.011961093542756762,1,pt
cl1s,2022-01-04,2022-01-05,test,1.0,0.018683791624172618,0.25,0.25,1,0.011170282126363063,1,pt
cl1s,2022-01-05,2022-01-06,test,1.0,0.017290308141026015,0.25,0.25,1,0.020680796324415107,1,pt
cl1s,2022-01-06,2022-01-07,test,1.0,0.017677808889887722,0.25,0.25,1,-0.007047571078607651,0,sl
cl1s,2022-01-07,2022-01-10,test,1.0,0.016957528030478345,0.25,0.25,1,-0.008491761873928194,0,sl
cl1s,2022-01-10,2022-01-11,test,1.0,0.017197064544112222,0.25,0.25,1,0.038220631455681664,1,pt
cl1s,2022-01-11,2022-01-12,test,1.0,0.01852194586532258,0.25,0.25,1,0.01748337871028305,1,pt
cl1s,2022-01-12,2022-01-13,test,1.0,0.018336412580285292,0.25,0.25,1,-0.006292352579594818,0,sl
cl1s,2022-01-13,2022-01-14,test,1.0,0.0185702384836291,0.25,0.25,1,0.02058319066565728,1,pt
cl1s,2022-01-14,2022-01-18,test,1.0,0.01855188421095482,0.25,0.25,1,0.018367346839942567,1,pt
cl1s,2022-01-18,2022-01-19,test,1.0,0.01750817523643432,0.25,0.25,1,0.01143463379268117,1,pt
cl1s,2022-01-19,2022-01-20,test,1.0,0.014807302033731623,0.25,0.25,1,-0.0029137528480852604,0,vert
cl1s,2022-01-20,2022-01-21,test,1.0,0.013955258565192523,0.25,0.25,1,-0.004792518730531992,0,sl
cl1s,2022-01-21,2022-01-24,test,1.0,0.01394016408640076,0.25,0.25,1,-0.02149401007941787,0,sl
cl1s,2022-01-24,2022-01-25,test,1.0,0.015367229883387293,0.25,0.25,1,0.02748769649268512,1,pt
cl1s,2022-01-25,2022-01-26,test,1.0,0.015579484764213954,0.25,0.25,1,0.020443925161300225,1,pt
cl1s,2022-01-26,2022-01-27,test,1.0,0.015873093701685423,0.25,0.25,1,-0.008471665674548268,0,sl
cl1s,2022-01-27,2022-01-28,test,1.0,0.016259815148282557,0.25,0.25,1,0.002424662455450921,1,vert
cl1s,2022-01-28,2022-01-31,test,1.0,0.016284304760128644,0.25,0.25,1,0.015319050868882966,1,pt
cl1s,2022-01-31,2022-02-01,test,1.0,0.014797876708438316,0.25,0.25,1,0.0005672149616038347,1,vert
cl1s,2022-02-01,2022-02-02,test,1.0,0.014872963042349101,0.25,0.25,1,0.000680271942215871,1,vert
cl1s,2022-02-02,2022-02-03,test,1.0,0.014917766055487123,0.25,0.25,1,0.022773623477126748,1,pt
cl1s,2022-02-10,2022-02-11,test,1.0,0.014652404001519058,0.25,0.25,1,0.035825545179428486,1,pt
cl1s,2022-02-15,2022-02-16,test,1.0,0.018547788187884877,0.25,0.25,1,0.01795809799007042,1,pt
cl1s,2022-02-16,2022-02-17,test,1.0,0.018735264881877822,0.25,0.25,1,-0.01949254062548378,0,sl
cl1s,2022-02-17,2022-02-18,test,1.0,0.019442523840930506,0.25,0.25,1,0.0018880496036408623,1,vert
cl1s,2022-02-18,2022-02-22,test,1.0,0.019348040865492976,0.25,0.25,1,0.01884491771095842,1,pt
cl1s,2022-02-22,2022-02-23,test,1.0,0.018625527017419312,0.25,0.25,1,0.002067239649703012,1,vert
cl1s,2022-02-23,2022-02-24,test,1.0,0.017956237406879228,0.25,0.25,1,0.00770901186451689,1,pt
cl1s,2022-02-24,2022-02-25,test,1.0,0.017599593875321503,0.25,0.25,1,-0.01314513505408077,0,sl
cl1s,2022-02-25,2022-02-28,test,1.0,0.01780752639128514,0.25,0.25,1,0.045092258865481405,1,pt
cl1s,2022-02-28,2022-03-01,test,1.0,0.019946596438122154,0.25,0.25,1,0.08033848716297243,1,pt
cl1s,2022-03-03,2022-03-04,test,1.0,0.02976397789063392,0.25,0.25,1,0.0743939818028736,1,pt
cl1s,2022-03-14,2022-03-15,test,-1.0,0.04859734933844866,0.25,0.25,1,0.0637802154344943,1,pt
cl1s,2022-03-18,2022-03-21,test,-1.0,0.05302278152963522,0.25,0.25,1,-0.06673780168637733,0,sl
cl1s,2022-03-21,2022-03-22,test,-1.0,0.05450502958802734,0.25,0.25,1,0.00636537220708111,1,vert
cl1s,2022-03-22,2022-03-23,test,-1.0,0.05459939627997176,0.25,0.25,1,-0.05179829776247491,0,sl
cl1s,2022-03-23,2022-03-24,test,-1.0,0.05532541716014222,0.25,0.25,1,0.022535456497393747,1,pt
cl1s,2022-03-24,2022-03-25,test,-1.0,0.05586304967711695,0.25,0.25,1,-0.013886416477038921,0,vert
cl1s,2022-03-25,2022-03-28,test,-1.0,0.055589607675238906,0.25,0.25,1,0.0697102723461035,1,pt
cl1s,2022-03-28,2022-03-29,test,-1.0,0.058051071077306275,0.25,0.25,1,0.016232540527144623,1,pt
cl1s,2022-04-13,2022-04-14,test,-1.0,0.045120195062228426,0.25,0.25,1,-0.02495423428364396,0,sl
cl1s,2022-04-14,2022-04-18,test,-1.0,0.04162542519421245,0.25,0.25,1,-0.011562323954508624,0,sl
cl1s,2022-04-27,2022-04-28,test,1.0,0.03669426885576372,0.25,0.25,1,0.03273867875950054,1,pt
cl1s,2022-04-28,2022-04-29,test,1.0,0.036618709847823054,0.25,0.25,1,-0.006359149683647591,0,vert
cl1s,2022-04-29,2022-05-02,test,1.0,0.032579741083518986,0.25,0.25,1,0.0045849650534020014,1,vert
cl1s,2022-05-02,2022-05-03,test,1.0,0.03244854310870773,0.25,0.25,1,-0.026243225245287327,0,sl
cl1s,2022-05-03,2022-05-04,test,1.0,0.03190169916183456,0.25,0.25,1,0.052729225819610814,1,pt
cl1s,2022-05-04,2022-05-05,test,1.0,0.03374147499819007,0.25,0.25,1,0.004174009645959931,1,vert
cl1s,2022-05-05,2022-05-06,test,1.0,0.03055420904332254,0.25,0.25,1,0.01394790330623863,1,pt
cl1s,2022-05-06,2022-05-09,test,1.0,0.030537089176210657,0.25,0.25,1,-0.06085451411417808,0,sl
cl1s,2022-05-09,2022-05-10,test,1.0,0.03398887971582632,0.25,0.25,1,-0.0323018720838002,0,sl
cl1s,2022-05-10,2022-05-11,test,1.0,0.03346584529028634,0.25,0.25,1,0.059643143675510935,1,pt
cl1s,2022-05-11,2022-05-12,test,1.0,0.03283021849272105,0.25,0.25,1,0.003973134050646365,1,vert
cl1s,2022-05-12,2022-05-13,test,1.0,0.03190855786345248,0.25,0.25,1,0.04108169208240464,1,pt
cl1s,2022-05-13,2022-05-16,test,1.0,0.0326958365353498,0.25,0.25,1,0.03357769933618493,1,pt
cl1s,2022-05-16,2022-05-17,test,1.0,0.03337594516239418,0.25,0.25,1,-0.019585047404098832,0,sl
cl1s,2022-05-17,2022-05-18,test,1.0,0.031194519073618466,0.25,0.25,1,-0.023624920165338126,0,sl
cl1s,2022-05-18,2022-05-19,test,1.0,0.031839240930856695,0.25,0.25,1,0.026625560703069207,1,pt
cl1s,2022-05-19,2022-05-20,test,1.0,0.03214436471048229,0.25,0.25,1,0.003549003393197081,1,vert
cl1s,2022-05-20,2022-05-23,test,1.0,0.03177752462273359,0.25,0.25,1,9.067840075749345e-05,1,vert
cl1s,2022-05-23,2022-05-24,test,1.0,0.030381842108292933,0.25,0.25,1,-0.004714842764928506,0,vert
cl1s,2022-05-24,2022-05-25,test,1.0,0.02989760626533808,0.25,0.25,1,0.005101576040888123,1,vert
cl1s,2022-05-25,2022-05-26,test,1.0,0.029894848229138595,0.25,0.25,1,0.034079579524480375,1,pt
cl1s,2022-05-26,2022-05-27,test,1.0,0.02995842919994984,0.25,0.25,1,0.008589709839428084,1,pt
cl1s,2022-05-27,2022-05-31,test,1.0,0.029844889846015653,0.25,0.25,1,-0.003476144928578284,0,vert
cl1s,2022-05-31,2022-06-01,test,1.0,0.0299163038141327,0.25,0.25,1,0.005145199104796383,1,vert
cl1s,2022-06-01,2022-06-02,test,1.0,0.02895761175931532,0.25,0.25,1,0.01396841924325809,1,pt
cl1s,2022-06-02,2022-06-03,test,1.0,0.027083016053917917,0.25,0.25,1,0.017113031712602922,1,pt
cl1s,2022-06-03,2022-06-06,test,1.0,0.027211073747426193,0.25,0.25,1,-0.0031126442124804754,0,vert
cl1s,2022-06-06,2022-06-07,test,1.0,0.027208990799768212,0.25,0.25,1,0.007679325087992961,1,pt
cl1s,2022-06-07,2022-06-08,test,1.0,0.02206143717671144,0.25,0.25,1,0.022611171550102505,1,pt
cl1s,2022-06-08,2022-06-09,test,1.0,0.019986210825222873,0.25,0.25,1,-0.004913602451767085,0,vert
cl1s,2022-06-09,2022-06-10,test,1.0,0.016956879635916477,0.25,0.25,1,-0.006913011427816307,0,sl
cl1s,2022-06-10,2022-06-13,test,1.0,0.01726642952030055,0.25,0.25,1,0.002154636777833341,1,vert
cl1s,2022-06-13,2022-06-14,test,1.0,0.015466670437612857,0.25,0.25,1,-0.01653849347455094,0,sl
cl1s,2022-06-14,2022-06-15,test,1.0,0.014801195632334181,0.25,0.25,1,-0.027266471648743074,0,sl
cl1s,2022-06-15,2022-06-16,test,1.0,0.015527318562095768,0.25,0.25,1,0.019099831902168907,1,pt
cl1s,2022-06-16,2022-06-17,test,1.0,0.014591197724094373,0.25,0.25,1,-0.0629934924193023,0,sl
cl1s,2022-06-17,2022-06-21,test,1.0,0.020587917768322944,0.25,0.25,1,0.014167978746845833,1,pt
cl1s,2022-06-21,2022-06-22,test,1.0,0.020809507921930395,0.25,0.25,1,-0.030405405596415025,0,sl
cl1s,2022-06-22,2022-06-23,test,1.0,0.02198327366059093,0.25,0.25,1,-0.018080798516708074,0,sl
cl1s,2022-06-23,2022-06-24,test,1.0,0.022317037255931007,0.25,0.25,1,0.03212812895074846,1,pt
cl1s,2022-06-24,2022-06-27,test,1.0,0.023483482319712975,0.25,0.25,1,0.018119308691520786,1,pt
cl1s,2022-06-27,2022-06-28,test,1.0,0.02255048597709592,0.25,0.25,1,0.01998722275082465,1,pt
cl1s,2022-06-28,2022-06-29,test,1.0,0.02293475178628227,0.25,0.25,1,-0.01771653550920127,0,sl
cl1s,2022-06-29,2022-06-30,test,1.0,0.023262540743143763,0.25,0.25,1,-0.036618691937198244,0,sl
es1s,2020-01-03,2020-01-08,train,1.0,0.004425505219996839,1.0,0.25,10,0.0076495132121305875,1,pt
es1s,2020-01-06,2020-01-07,train,1.0,0.004426997692438488,1.0,0.25,10,-0.002543548633112902,0,sl
es1s,2020-01-07,2020-01-08,train,1.0,0.004198994150760358,1.0,0.25,10,0.0077273780977709094,1,pt
es1s,2020-01-08,2020-01-09,train,1.0,0.00425578404898201,1.0,0.25,10,0.004830917875607188,1,pt
es1s,2020-01-09,2020-01-10,train,1.0,0.004290009788942483,1.0,0.25,10,-0.0034340659344134217,0,sl
es1s,2020-01-10,2020-01-13,train,1.0,0.004465909639860194,1.0,0.25,10,0.007657554177973536,1,pt
es1s,2020-01-13,2020-01-16,train,1.0,0.004445225677248415,1.0,0.25,10,0.008131316969484326,1,pt
es1s,2020-01-14,2020-01-16,train,1.0,0.004475060527334221,1.0,0.25,10,0.008667883211126437,1,pt
es1s,2020-01-15,2020-01-16,train,1.0,0.004300849691844248,1.0,0.25,10,0.006907020874993508,1,pt
es1s,2020-01-16,2020-01-24,train,1.0,0.0044244321521356355,1.0,0.25,10,-0.006935021860389079,0,sl
es1s,2020-01-17,2020-01-21,train,1.0,0.0044239909612763684,1.0,0.25,10,-0.0016541353378120016,0,sl
es1s,2020-01-21,2020-01-24,train,1.0,0.004467838514755244,1.0,0.25,10,-0.007832504894701886,0,sl
es1s,2020-01-22,2020-01-24,train,1.0,0.004434007708284269,1.0,0.25,10,-0.00790722193015192,0,sl
es1s,2020-01-23,2020-01-24,train,1.0,0.0044289843569708465,1.0,0.25,10,-0.009771497295021248,0,sl
es1s,2020-01-24,2020-01-27,train,1.0,0.005092455995727886,1.0,0.25,10,-0.01639593137951456,0,sl
es1s,2020-01-27,2020-01-28,train,1.0,0.0062992152467694984,1.0,0.25,10,0.01196172248563232,1,pt
es1s,2020-01-28,2020-01-29,train,1.0,0.006816941613935076,1.0,0.25,10,-0.001753984592769986,0,sl
es1s,2020-01-29,2020-01-31,train,1.0,0.006742195690489299,1.0,0.25,10,-0.014820473644056475,0,sl
es1s,2020-01-30,2020-01-31,train,1.0,0.006809707226907775,1.0,0.25,10,-0.019986321148198538,0,sl
es1s,2020-01-31,2020-02-04,train,1.0,0.008028264173745017,1.0,0.25,10,0.02341811414191519,1,pt
es1s,2020-02-03,2020-02-04,train,1.0,0.00801894103569946,1.0,0.25,10,0.016638422430587774,1,pt
es1s,2020-02-04,2020-02-05,train,-1.0,0.008807268203387005,1.0,0.25,10,-0.010759205940682914,0,sl
es1s,2020-02-05,2020-02-07,train,1.0,0.009033206609704223,1.0,0.25,10,-0.002848575713133572,0,sl
es1s,2020-02-06,2020-02-07,train,1.0,0.00892520294675869,1.0,0.25,10,-0.005903893583133701,0,sl
es1s,2020-02-07,2020-02-11,train,1.0,0.009024057938638926,1.0,0.25,10,0.009622613142570069,1,pt
es1s,2020-02-10,2020-02-19,train,1.0,0.009115927227453123,1.0,0.25,10,0.010214733075200488,1,pt
es1s,2020-02-11,2020-02-21,train,1.0,0.008995033532598904,1.0,0.25,10,-0.005435591959546127,0,sl
es1s,2020-02-12,2020-02-18,train,1.0,0.009078363842598738,1.0,0.25,10,-0.0033279100728100808,0,sl
es1s,2020-02-13,2020-02-18,train,1.0,0.00909197482049053,1.0,0.25,10,-0.0024426350860584645,0,sl
es1s,2020-02-14,2020-02-18,train,1.0,0.008994976095791151,1.0,0.25,10,-0.0034753031644063626,0,sl
es1s,2020-02-18,2020-02-21,train,1.0,0.009039857611175699,1.0,0.25,10,-0.00890405876768896,0,sl
es1s,2020-02-19,2020-02-20,train,1.0,0.009080456823991874,1.0,0.25,10,-0.0053140453168466495,0,sl
es1s,2020-02-20,2020-02-21,train,1.0,0.009189470300723271,1.0,0.25,10,-0.00890405876768896,0,sl
es1s,2020-02-21,2020-02-24,train,1.0,0.009434259481794853,1.0,0.25,10,-0.033839934116201564,0,sl
es1s,2020-02-24,2020-02-25,train,1.0,0.012051029330468624,1.0,0.25,10,-0.02905850445496272,0,sl
es1s,2020-02-25,2020-02-26,train,1.0,0.013219794887493795,1.0,0.25,10,-0.0071029529122326185,0,sl
es1s,2020-02-26,2020-02-27,train,1.0,0.012871741306252609,1.0,0.25,10,-0.04927256651586298,0,sl
es1s,2020-02-27,2020-03-02,train,1.0,0.016737012836427437,1.0,0.25,10,0.036523503549878544,1,pt
es1s,2020-02-28,2020-03-02,train,1.0,0.016578940286056134,1.0,0.25,10,0.03863097254922887,1,pt
es1s,2020-03-02,2020-03-03,train,1.0,0.01879808202962149,1.0,0.25,10,-0.02218597063392569,0,sl
es1s,2020-03-03,2020-03-04,train,1.0,0.019172077818696173,1.0,0.25,10,0.039289289287004925,1,pt
es1s,2020-03-04,2020-03-05,train,-1.0,0.020960944742733925,1.0,0.25,10,0.03186451560997916,1,pt
es1s,2020-03-05,2020-03-09,train,-1.0,0.021692746305138982,1.0,0.25,10,0.0887912452319034,1,pt
es1s,2020-03-06,2020-03-09,train,-1.0,0.02176824101949149,1.0,0.25,10,0.07295883940568682,1,pt
es1s,2020-03-09,2020-03-10,train,1.0,0.026772430901567983,1.0,0.25,10,0.04294422709410339,1,pt
es1s,2020-03-10,2020-03-11,train,1.0,0.028934396665564164,1.0,0.25,10,-0.04379307336601934,0,sl
es1s,2020-03-11,2020-03-12,train,1.0,0.02998220858420146,1.0,0.25,10,-0.0989873186767356,0,sl
es1s,2020-03-12,2020-03-13,train,1.0,0.03629215127053621,1.0,0.25,10,0.09194005670399785,1,pt
es1s,2020-03-13,2020-03-16,train,1.0,0.043016309888945864,1.0,0.25,10,-0.10376483679537396,0,sl
es1s,2020-03-16,2020-03-20,train,1.0,0.048152468829703324,1.0,0.25,10,-0.048539652840682845,0,sl
es1s,2020-03-17,2020-03-18,train,1.0,0.04935011821464094,1.0,0.25,10,-0.03379601689597922,0,sl
es1s,2020-03-18,2020-03-20,train,1.0,0.04928870211106801,1.0,0.25,10,-0.047053924629992805,0,sl
es1s,2020-03-19,2020-03-20,train,1.0,0.04929006970282277,1.0,0.25,10,-0.042067810796724725,0,sl
es1s,2020-03-20,2020-03-23,train,1.0,0.04958528393685148,1.0,0.25,10,-0.029713786323477098,0,sl
es1s,2020-03-23,2020-03-24,train,1.0,0.049523106422875586,1.0,0.25,10,0.09795091195508321,1,pt
es1s,2020-03-24,2020-03-26,train,1.0,0.055365606858117145,1.0,0.25,10,0.06972928629931907,1,pt
es1s,2020-03-26,2020-04-01,train,-1.0,0.056736909397654064,1.0,0.25,10,0.06134969324893602,1,pt
es1s,2020-03-30,2020-04-01,train,-1.0,0.056879080523178395,1.0,0.25,10,0.06251795117117676,1,pt
es1s,2020-04-01,2020-04-06,train,1.0,0.05643469256297723,1.0,0.25,10,0.08026960784330006,1,pt
es1s,2020-04-02,2020-04-08,train,1.0,0.05687619299627091,1.0,0.25,10,0.08682694218415188,1,pt
es1s,2020-04-03,2020-04-06,train,1.0,0.05685330644501711,1.0,0.25,10,0.06514953177093674,1,pt
es1s,2020-04-06,2020-04-08,train,-1.0,0.056703674596478425,1.0,0.25,10,-0.0342219701267088,0,sl
es1s,2020-04-07,2020-04-08,train,-1.0,0.05576560040861853,1.0,0.25,10,-0.035200605602301316,0,sl
es1s,2020-04-08,2020-04-09,train,-1.0,0.055522291109199796,1.0,0.25,10,-0.01636197440195475,0,sl
es1s,2020-04-09,2020-04-14,train,-1.0,0.0498484942346567,1.0,0.25,10,-0.022753844772896104,0,sl
es1s,2020-04-14,2020-04-21,train,-1.0,0.03823979697458489,1.0,0.25,10,0.03904326415854198,1,pt
es1s,2020-04-15,2020-04-17,train,-1.0,0.03844560853795022,1.0,0.25,10,-0.03423423423339633,0,sl
es1s,2020-04-16,2020-04-17,train,-1.0,0.03728803553327525,1.0,0.25,10,-0.029596412557366447,0,sl
es1s,2020-04-17,2020-04-21,train,-1.0,0.037465343044242067,1.0,0.25,10,0.0480836236930946,1,pt
es1s,2020-04-20,2020-04-27,train,-1.0,0.036218383779324084,1.0,0.25,10,-0.022269730983770497,0,sl
es1s,2020-04-21,2020-04-27,train,1.0,0.03603402298550063,1.0,0.25,10,0.05014641288469979,1,pt
es1s,2020-04-22,2020-04-29,train,1.0,0.030438912232038182,1.0,0.25,10,0.054688900838917975,1,pt
es1s,2020-04-23,2020-04-27,train,1.0,0.030485106637366574,1.0,0.25,10,0.03173604243300443,1,pt
es1s,2020-04-24,2020-04-27,train,-1.0,0.028335100386917087,1.0,0.25,10,-0.01396006361623181,0,sl
es1s,2020-04-29,2020-05-01,train,-1.0,0.02618820341257796,1.0,0.25,10,0.04054743284475626,1,pt
es1s,2020-04-30,2020-05-01,train,-1.0,0.023293012031881975,1.0,0.25,10,0.027820844101224318,1,pt
es1s,2020-05-01,2020-05-08,train,1.0,0.02421171200069485,1.0,0.25,10,0.03783113316278097,1,pt
es1s,2020-05-04,2020-05-08,train,1.0,0.023816752972863665,1.0,0.25,10,0.03654543845776348,1,pt
es1s,2020-05-05,2020-05-06,train,1.0,0.01981730398378342,1.0,0.25,10,-0.008659144582638834,0,sl
es1s,2020-05-06,2020-05-08,train,1.0,0.019991799573682644,1.0,0.25,10,0.03352743956153881,1,pt
es1s,2020-05-07,2020-05-12,train,1.0,0.018880932725365715,1.0,0.25,10,-0.009548611111506955,0,sl
es1s,2020-05-11,2020-05-12,train,-1.0,0.018786343178816233,1.0,0.25,10,0.02403558292512642,1,pt
es1s,2020-05-12,2020-05-13,train,1.0,0.018593413128347717,1.0,0.25,10,-0.013847502191788319,0,sl
es1s,2020-05-13,2020-05-18,train,1.0,0.018017908534751277,1.0,0.25,10,0.047991468185102804,1,pt
es1s,2020-05-14,2020-05-18,train,1.0,0.01817943287589617,1.0,0.25,10,0.03547593958903361,1,pt
es1s,2020-05-15,2020-05-18,train,1.0,0.01693267039200855,1.0,0.25,10,0.03565782540066653,1,pt
es1s,2020-05-18,2020-05-19,train,1.0,0.01785464940771082,1.0,0.25,10,-0.009921981004334057,0,sl
es1s,2020-05-20,2020-05-26,train,-1.0,0.016582408166372475,1.0,0.25,10,-0.0087586323091835,0,sl
es1s,2020-05-21,2020-05-22,train,-1.0,0.016822331893554122,1.0,0.25,10,-0.005447735782596386,0,sl
es1s,2020-05-22,2020-05-26,train,-1.0,0.01648360312540938,1.0,0.25,10,-0.014053504913672521,0,sl
es1s,2020-05-26,2020-05-27,train,-1.0,0.016487066247470383,1.0,0.25,10,-0.013691768239582514,0,sl
es1s,2020-05-27,2020-06-01,train,-1.0,0.016667447009243254,1.0,0.25,10,-0.006094547852508736,0,sl
es1s,2020-05-28,2020-06-01,train,-1.0,0.015801248087156664,1.0,0.25,10,-0.005266622779828811,0,sl
es1s,2020-05-29,2020-06-01,train,-1.0,0.015414397899304766,1.0,0.25,10,-0.003944773175843963,0,sl
es1s,2020-06-01,2020-06-02,train,-1.0,0.01363288241447031,1.0,0.25,10,-0.007531106742653559,0,sl
es1s,2020-06-02,2020-06-03,train,-1.0,0.013639165744563843,1.0,0.25,10,-0.013243418917300964,0,sl
es1s,2020-06-03,2020-06-05,train,-1.0,0.013687204687171693,1.0,0.25,10,-0.022131344719567014,0,sl
es1s,2020-06-04,2020-06-05,train,-1.0,0.01343965636432615,1.0,0.25,10,-0.024513743773169727,0,sl
es1s,2020-06-05,2020-06-08,train,-1.0,0.013909869570233671,1.0,0.25,10,-0.012787322506254473,0,sl
es1s,2020-06-08,2020-06-11,train,-1.0,0.013761858702972809,1.0,0.25,10,0.0673121611153541,1,pt
es1s,2020-06-09,2020-06-11,train,-1.0,0.013931232014377353,1.0,0.25,10,0.06091093432992456,1,pt
es1s,2020-06-10,2020-06-11,train,-1.0,0.012456033128759094,1.0,0.25,10,0.05516321406194513,1,pt
es1s,2020-06-11,2020-06-15,train,1.0,0.018288446255848023,1.0,0.25,10,0.020845444731306007,1,pt
es1s,2020-06-12,2020-06-16,train,1.0,0.018212148761580164,1.0,0.25,10,0.03120588971578231,1,pt
es1s,2020-06-15,2020-06-16,train,1.0,0.018309672498601697,1.0,0.25,10,0.01837034617880473,1,pt
es1s,2020-06-16,2020-06-18,train,1.0,0.0171497230368977,1.0,0.25,10,-0.006494027099516186,0,sl
es1s,2020-06-17,2020-06-19,train,1.0,0.01695471658543197,1.0,0.25,10,-0.01528805922134513,0,sl
es1s,2020-06-18,2020-06-19,train,1.0,0.016695112519976893,1.0,0.25,10,-0.012427372499818512,0,sl
es1s,2020-06-19,2020-06-23,train,1.0,0.016775162584993022,1.0,0.25,10,0.01928419676578863,1,pt
es1s,2020-06-22,2020-06-24,train,1.0,0.017071411432103827,1.0,0.25,10,-0.019850518363255465,0,sl
es1s,2020-06-23,2020-06-24,train,1.0,0.016867713629560164,1.0,0.25,10,-0.02228635561858905,0,sl
es1s,2020-06-24,2020-06-26,train,1.0,0.017506717035152525,1.0,0.25,10,-0.013775008199944039,0,sl
es1s,2020-06-25,2020-06-26,train,1.0,0.01757098120053513,1.0,0.25,10,-0.020760400553685,0,sl
es1s,2020-06-26,2020-06-30,train,1.0,0.01822589222740305,1.0,0.25,10,0.027685400731546128,1,pt
es1s,2020-06-29,2020-07-02,train,1.0,0.01846795418512352,1.0,0.25,10,0.02665901074885557,1,pt
es1s,2020-06-30,2020-07-06,train,1.0,0.01865579742876022,1.0,0.25,10,0.026454170372194774,1,pt
es1s,2020-07-01,2020-07-06,train,1.0,0.018438570233972006,1.0,0.25,10,0.0222365452756228,1,pt
es1s,2020-07-02,2020-07-15,train,1.0,0.018523639704419188,1.0,0.25,10,0.0289229785846985,1,pt
es1s,2020-07-08,2020-07-10,train,-1.0,0.017934059529703016,1.0,0.25,10,-0.0047415836857351845,0,sl
es1s,2020-07-10,2020-07-13,train,1.0,0.012316746684614747,1.0,0.25,10,-0.009517067799348466,0,sl
es1s,2020-07-13,2020-07-15,train,1.0,0.012554933432296064,1.0,0.25,10,0.022631620742037617,1,pt
es1s,2020-07-16,2020-07-20,train,1.0,0.012241921859238102,1.0,0.25,10,0.01588668023184714,1,pt
es1s,2020-07-17,2020-07-22,train,1.0,0.012241113840889037,1.0,0.25,10,0.016023646547663306,1,pt
es1s,2020-07-20,2020-07-23,train,1.0,0.011872481628475437,1.0,0.25,10,-0.005469532392000986,0,sl
es1s,2020-07-21,2020-07-23,train,1.0,0.01142879371241784,1.0,0.25,10,-0.0073048827375045144,0,sl
es1s,2020-07-22,2020-07-23,train,1.0,0.011438988635032182,1.0,0.25,10,-0.011636809063912845,0,sl
es1s,2020-07-23,2020-07-29,train,-1.0,0.0104110709636049,1.0,0.25,10,-0.007745933384508685,0,sl
es1s,2020-07-24,2020-07-29,train,1.0,0.010597723779454263,1.0,0.25,10,0.01513732834005621,1,pt
es1s,2020-07-28,2020-07-29,train,1.0,0.009108065356252365,1.0,0.25,10,0.012293806413121722,1,pt
es1s,2020-07-29,2020-08-03,train,1.0,0.009009276824406984,1.0,0.25,10,0.011068408915132721,1,pt
es1s,2020-07-30,2020-08-03,train,1.0,0.009038327378990536,1.0,0.25,10,0.012235475183591138,1,pt
es1s,2020-07-31,2020-08-04,train,1.0,0.008943719943502307,1.0,0.25,10,0.011184311323032547,1,pt
es1s,2020-08-03,2020-08-06,train,1.0,0.00863064800117894,1.0,0.25,10,0.016953018094866268,1,pt
es1s,2020-08-04,2020-08-06,train,1.0,0.008067908602624168,1.0,0.25,10,0.01340909090930853,1,pt
es1s,2020-08-05,2020-08-06,train,1.0,0.007963523401317106,1.0,0.25,10,0.008519300361402582,1,pt
es1s,2020-08-06,2020-08-11,train,1.0,0.007746674931170678,1.0,0.25,10,-0.004261045076735415,0,sl
es1s,2020-08-07,2020-08-11,train,1.0,0.007490304524029348,1.0,0.25,10,-0.0044098961036066475,0,sl
es1s,2020-08-11,2020-08-12,train,1.0,0.007001440328719361,1.0,0.25,10,0.012012012011980655,1,pt
es1s,2020-08-12,2020-08-17,train,-1.0,0.007050035264192587,1.0,0.25,10,-0.002893175074112131,0,sl
es1s,2020-08-13,2020-08-17,train,-1.0,0.006684347703227826,1.0,0.25,10,-0.0035632098613112007,0,sl
es1s,2020-08-17,2020-08-19,train,1.0,0.006521401292665281,1.0,0.25,10,-0.0020711591111954863,0,sl
es1s,2020-08-18,2020-08-19,train,1.0,0.006521298991023926,1.0,0.25,10,-0.004207263064038735,0,sl
es1s,2020-08-19,2020-08-20,train,-1.0,0.006641636836542358,1.0,0.25,10,-0.0023719516701092846,0,sl
es1s,2020-08-20,2020-08-21,train,-1.0,0.005854977766177691,1.0,0.25,10,-0.0034755601572218353,0,sl
es1s,2020-08-21,2020-08-24,train,-1.0,0.005400607400751124,1.0,0.25,10,-0.010316875462710984,0,sl
es1s,2020-08-25,2020-08-26,train,-1.0,0.005086257458753156,1.0,0.25,10,-0.010819053153142466,0,sl
es1s,2020-08-26,2020-08-27,train,-1.0,0.004963028158126286,1.0,0.25,10,-0.0014366783974566477,0,sl
es1s,2020-08-27,2020-08-28,train,-1.0,0.004871356106755659,1.0,0.25,10,-0.005523276666590471,0,sl
es1s,2020-08-28,2020-09-01,train,-1.0,0.004886983363977591,1.0,0.25,10,-0.0064203167362382185,0,sl
es1s,2020-08-31,2020-09-01,train,-1.0,0.004916821925566594,1.0,0.25,10,-0.008002286367853495,0,sl
es1s,2020-09-01,2020-09-02,train,-1.0,0.005036039560062607,1.0,0.25,10,-0.01481428976355903,0,sl
es1s,2020-09-02,2020-09-03,train,-1.0,0.0056391998093899744,1.0,0.25,10,0.03289795348211688,1,pt
es1s,2020-09-03,2020-09-04,train,-1.0,0.009956912894626743,1.0,0.25,10,0.012711252348247326,1,pt
es1s,2020-09-04,2020-09-08,train,1.0,0.010471809536052588,1.0,0.25,10,-0.023994147765971308,0,sl
es1s,2020-09-08,2020-09-09,train,1.0,0.011897529635052776,1.0,0.25,10,0.019412381952055524,1,pt
es1s,2020-09-09,2020-09-10,train,1.0,0.012549497297546494,1.0,0.25,10,-0.017572237337934893,0,sl
es1s,2020-09-10,2020-09-15,train,1.0,0.01294107814271489,1.0,0.25,10,0.019404026026148324,1,pt
es1s,2020-09-11,2020-09-14,train,1.0,0.01294588097429137,1.0,0.25,10,0.01462317210314712,1,pt
es1s,2020-09-14,2020-09-17,train,1.0,0.013366948143854149,1.0,0.25,10,-0.006301430795796592,0,sl
es1s,2020-09-15,2020-09-16,train,1.0,0.013396425634143515,1.0,0.25,10,-0.004565537555786925,0,sl
es1s,2020-09-16,2020-09-17,train,1.0,0.01343400034858572,1.0,0.25,10,-0.00843320017802629,0,sl
es1s,2020-09-17,2020-09-18,train,1.0,0.013538183842812846,1.0,0.25,10,-0.010370038794780045,0,sl
es1s,2020-09-18,2020-09-21,train,1.0,0.013712919647133816,1.0,0.25,10,-0.01243874858512517,0,sl
es1s,2020-09-21,2020-09-23,train,1.0,0.01391468360921928,1.0,0.25,10,-0.013358778625200518,0,sl
es1s,2020-09-22,2020-09-23,train,1.0,0.013799520231472481,1.0,0.25,10,-0.02061074486661163,0,sl
es1s,2020-09-23,2020-09-25,train,1.0,0.014346163852419205,1.0,0.25,10,0.017330754349181854,1,pt
es1s,2020-09-24,2020-09-25,train,1.0,0.014035302778600893,1.0,0.25,10,0.015210006173785207,1,pt
es1s,2020-09-25,2020-09-28,train,1.0,0.0146065879845115,1.0,0.25,10,0.017872081530355688,1,pt
es1s,2020-09-28,2020-10-07,train,1.0,0.015213203554204455,1.0,0.25,10,0.018156007172940747,1,pt
es1s,2020-09-29,2020-10-05,train,1.0,0.015216137535713742,1.0,0.25,10,0.017772778402533662,1,pt
es1s,2020-09-30,2020-10-02,train,1.0,0.015137373571835143,1.0,0.25,10,-0.0038036992821441906,0,sl
es1s,2020-10-01,2020-10-02,train,1.0,0.014701272586719447,1.0,0.25,10,-0.008462623410327441,0,sl
es1s,2020-10-02,2020-10-05,train,1.0,0.012922723390595511,1.0,0.25,10,0.0160964288371932,1,pt
es1s,2020-10-05,2020-10-06,train,1.0,0.01321401569012759,1.0,0.25,10,-0.011715296196310176,0,sl
es1s,2020-10-06,2020-10-07,train,1.0,0.012277513484455868,1.0,0.25,10,0.015954670841764163,1,pt
es1s,2020-10-07,2020-10-09,train,1.0,0.012024453810908872,1.0,0.25,10,0.019520070448331817,1,pt
es1s,2020-10-08,2020-10-12,train,1.0,0.011389550007123822,1.0,0.25,10,0.027709090907911627,1,pt
es1s,2020-10-09,2020-10-12,train,1.0,0.011518546036909256,1.0,0.25,10,0.017130929243156956,1,pt
es1s,2020-10-12,2020-10-13,train,1.0,0.011669698569745927,1.0,0.25,10,-0.00792583681302228,0,sl
es1s,2020-10-13,2020-10-14,train,1.0,0.01183895017598214,1.0,0.25,10,-0.00677651758422082,0,sl
es1s,2020-10-14,2020-10-16,train,1.0,0.011910137080437021,1.0,0.25,10,-0.005386383222917179,0,sl
es1s,2020-10-15,2020-10-16,train,1.0,0.011705147314582859,1.0,0.25,10,-0.003812401095012463,0,sl
es1s,2020-10-16,2020-10-19,train,1.0,0.011431377786120205,1.0,0.25,10,-0.011408765975789437,0,sl
es1s,2020-10-19,2020-10-26,train,1.0,0.011363138656396822,1.0,0.25,10,-0.008545759987303003,0,sl
es1s,2020-10-20,2020-10-26,train,1.0,0.01129931889516392,1.0,0.25,10,-0.01128997013757782,0,sl
es1s,2020-10-21,2020-10-26,train,1.0,0.009967481986276018,1.0,0.25,10,-0.01136198106313413,0,sl
es1s,2020-10-22,2020-10-26,train,1.0,0.009973161546140892,1.0,0.25,10,-0.01616293397012969,0,sl
es1s,2020-10-23,2020-10-26,train,1.0,0.00957784097887067,1.0,0.25,10,-0.01687549793542542,0,sl
es1s,2020-10-26,2020-10-27,train,1.0,0.009809012955525146,1.0,0.25,10,-0.0030941505812771553,0,sl
es1s,2020-10-27,2020-10-28,train,1.0,0.009796483217076664,1.0,0.25,10,-0.035323677209482374,0,sl
es1s,2020-10-28,2020-11-03,train,1.0,0.012694620661080647,1.0,0.25,10,0.03002910984911189,1,pt
es1s,2020-10-29,2020-10-30,train,1.0,0.012969151234322601,1.0,0.25,10,-0.011355893708212328,0,sl
es1s,2020-10-30,2020-11-03,train,1.0,0.013074325324363442,1.0,0.25,10,0.029634734664953255,1,pt
es1s,2020-11-02,2020-11-03,train,1.0,0.012770649490047952,1.0,0.25,10,0.018482048173062093,1,pt
es1s,2020-11-03,2020-11-04,train,1.0,0.013244865602368368,1.0,0.25,10,0.02186523873453572,1,pt
es1s,2020-11-04,2020-11-05,train,1.0,0.013663795173276245,1.0,0.25,10,0.020305676855017385,1,pt
es1s,2020-11-05,2020-11-11,train,1.0,0.014244640203015612,1.0,0.25,10,0.018046936301576055,1,pt
es1s,2020-11-06,2020-11-11,train,1.0,0.014077236586961419,1.0,0.25,10,0.019210169251300035,1,pt
es1s,2020-11-09,2020-11-16,train,1.0,0.013822288409932873,1.0,0.25,10,0.022291196388031898,1,pt
es1s,2020-11-10,2020-11-16,train,1.0,0.013693381956766865,1.0,0.25,10,0.0231573001982055,1,pt
es1s,2020-11-11,2020-11-12,train,1.0,0.013667010289415221,1.0,0.25,10,-0.00994955156842725,0,sl
es1s,2020-11-12,2020-11-13,train,1.0,0.013886155274944426,1.0,0.25,10,0.014012738852566375,1,pt
es1s,2020-11-13,2020-11-18,train,1.0,0.014138699569460313,1.0,0.25,10,-0.004745951983024854,0,sl
es1s,2020-11-16,2020-11-17,train,1.0,0.01394007769382374,1.0,0.25,10,-0.004485233234422847,0,sl
es1s,2020-11-17,2020-11-18,train,1.0,0.014036406749423455,1.0,0.25,10,-0.011575518124592787,0,sl
es1s,2020-11-18,2020-11-24,train,1.0,0.014382346144698127,1.0,0.25,10,0.019004207575553655,1,pt
es1s,2020-11-19,2020-11-20,train,1.0,0.01437583947562142,1.0,0.25,10,-0.007192737431570118,0,sl
es1s,2020-11-20,2020-11-24,train,1.0,0.014517891837467175,1.0,0.25,10,0.022086234792286774,1,pt
es1s,2020-11-23,2020-11-24,train,1.0,0.013874980533405003,1.0,0.25,10,0.015869686803377858,1,pt
es1s,2020-11-24,2020-12-04,train,1.0,0.014104170909115777,1.0,0.25,10,0.01796159933741892,1,pt
es1s,2020-11-25,2020-12-02,train,1.0,0.010721148971464884,1.0,0.25,10,0.011027638017798047,1,pt
es1s,2020-11-27,2020-11-30,train,1.0,0.010624232096958605,1.0,0.25,10,-0.0036436133660697756,0,sl
es1s,2020-11-30,2020-12-01,train,1.0,0.010129578370625681,1.0,0.25,10,0.010280825226932189,1,pt
es1s,2020-12-01,2020-12-04,train,1.0,0.010111089537750384,1.0,0.25,10,0.010244502116620424,1,pt
es1s,2020-12-02,2020-12-14,train,1.0,0.009644789455969282,1.0,0.25,10,-0.005658190742567237,0,sl
es1s,2020-12-03,2020-12-04,train,1.0,0.008795702933083524,1.0,0.25,10,0.009141765587225459,1,pt
es1s,2020-12-04,2020-12-09,train,1.0,0.00799256215725067,1.0,0.25,10,-0.0068956192533914384,0,sl
es1s,2020-12-07,2020-12-09,train,1.0,0.008015305016388747,1.0,0.25,10,-0.004944794418078824,0,sl
es1s,2020-12-08,2020-12-09,train,-1.0,0.007690381700690617,1.0,0.25,10,0.007968665586841284,1,pt
es1s,2020-12-09,2020-12-11,train,1.0,0.007998793917698498,1.0,0.25,10,-0.003063308374129048,0,sl
es1s,2020-12-10,2020-12-11,train,1.0,0.007904097650173612,1.0,0.25,10,-0.0019762845851233335,0,sl
es1s,2020-12-11,2020-12-14,train,1.0,0.007488406882918615,1.0,0.25,10,-0.00402867872871171,0,sl
es1s,2020-12-14,2020-12-15,train,1.0,0.007019735009769647,1.0,0.25,10,0.012912087912943182,1,pt
es1s,2020-12-15,2020-12-22,train,1.0,0.007140072653392836,1.0,0.25,10,-0.0026444263629697984,0,sl
es1s,2020-12-16,2020-12-21,train,1.0,0.007024644587103556,1.0,0.25,10,-0.00216582064352,0,sl
es1s,2020-12-17,2020-12-18,train,1.0,0.006371356523478439,1.0,0.25,10,-0.0017507238570311223,0,sl
es1s,2020-12-18,2020-12-21,train,1.0,0.006408003831250367,1.0,0.25,10,-0.0055311973013013604,0,sl
es1s,2020-12-21,2020-12-22,train,1.0,0.006293724395411016,1.0,0.25,10,-0.002306179202313574,0,sl
es1s,2020-12-22,2020-12-28,train,1.0,0.0062796076041946505,1.0,0.25,10,0.013665102995890965,1,pt
es1s,2020-12-23,2020-12-28,train,1.0,0.005308176564605958,1.0,0.25,10,0.012494906965697217,1,pt
es1s,2020-12-24,2020-12-28,train,1.0,0.00531778711037497,1.0,0.25,10,0.00879566982120572,1,pt
es1s,2020-12-28,2020-12-29,train,1.0,0.0055865033507366815,1.0,0.25,10,-0.002012072433954404,0,sl
es1s,2020-12-29,2020-12-31,train,-1.0,0.005521411840663554,1.0,0.25,10,-0.007741935483954965,0,sl
es1s,2020-12-30,2020-12-31,train,-1.0,0.005116313375374161,1.0,0.25,10,-0.006591931262097006,0,sl
es1s,2021-01-04,2021-01-05,train,1.0,0.00641296110296553,1.0,0.25,10,0.00704177669463224,1,pt
es1s,2021-01-05,2021-01-07,train,1.0,0.006280910956361239,1.0,0.25,10,0.02077590264273299,1,pt
es1s,2021-01-06,2021-01-07,train,1.0,0.0063759557967903975,1.0,0.25,10,0.014703916590078636,1,pt
es1s,2021-01-07,2021-01-15,train,1.0,0.007078522294085211,1.0,0.25,10,-0.008760374127739334,0,sl
es1s,2021-01-08,2021-01-11,train,1.0,0.0067864937846869545,1.0,0.25,10,-0.0066797642426443815,0,sl
es1s,2021-01-11,2021-01-15,train,1.0,0.007033619810442283,1.0,0.25,10,-0.007845464136406743,0,sl
es1s,2021-01-12,2021-01-15,train,1.0,0.00698470009424886,1.0,0.25,10,-0.008499143498337913,0,sl
es1s,2021-01-13,2021-01-14,train,1.0,0.006844835057698706,1.0,0.25,10,-0.0032862306923241436,0,sl
es1s,2021-01-14,2021-01-15,train,1.0,0.0064659770793823795,1.0,0.25,10,-0.007649192220073542,0,sl
es1s,2021-01-15,2021-01-19,train,1.0,0.006774463614837153,1.0,0.25,10,0.007508804572657013,1,pt
es1s,2021-01-19,2021-01-20,train,1.0,0.006871058754834882,1.0,0.25,10,0.01437805038930029,1,pt
es1s,2021-01-20,2021-01-27,train,-1.0,0.00743986070840369,1.0,0.25,10,0.026202860858988486,1,pt
es1s,2021-01-21,2021-01-27,train,-1.0,0.007247342876762373,1.0,0.25,10,0.026456058242394387,1,pt
es1s,2021-01-22,2021-01-25,train,-1.0,0.007273437809641892,1.0,0.25,10,-0.0037165025739538393,0,sl
es1s,2021-01-25,2021-01-27,train,-1.0,0.007278575802206325,1.0,0.25,10,0.02708847602948039,1,pt
es1s,2021-01-26,2021-01-27,train,-1.0,0.00731764175661796,1.0,0.25,10,0.0255692908272237,1,pt
es1s,2021-01-27,2021-01-29,train,1.0,0.009423458544256873,1.0,0.25,10,-0.010415971156070625,0,sl
es1s,2021-01-28,2021-01-29,train,1.0,0.00961977779187469,1.0,0.25,10,-0.019580604617643993,0,sl
es1s,2021-01-29,2021-02-01,train,1.0,0.010660255911244684,1.0,0.25,10,0.01632818298264138,1,pt
es1s,2021-02-01,2021-02-02,train,1.0,0.011188862436104683,1.0,0.25,10,0.013941445928700169,1,pt
es1s,2021-02-02,2021-02-04,train,1.0,0.010964043190888922,1.0,0.25,10,0.012112878937261096,1,pt
es1s,2021-02-03,2021-02-05,train,1.0,0.010891780256860757,1.0,0.25,10,0.01484242186568796,1,pt
es1s,2021-02-04,2021-02-08,train,1.0,0.011045202138666955,1.0,0.25,10,0.011256307412343514,1,pt
es1s,2021-02-05,2021-02-12,train,1.0,0.010638075154598846,1.0,0.25,10,0.013079054183658734,1,pt
es1s,2021-02-11,2021-02-22,train,1.0,0.010531749775066743,1.0,0.25,10,-0.009841513291583559,0,sl
es1s,2021-02-12,2021-02-18,train,1.0,0.010497955325952412,1.0,0.25,10,-0.005469346221144811,0,sl
es1s,2021-02-16,2021-02-18,train,1.0,0.01028158616397142,1.0,0.25,10,-0.004646426069689569,0,sl
es1s,2021-02-17,2021-02-18,train,1.0,0.010212817753146213,1.0,0.25,10,-0.004709775968221419,0,sl
es1s,2021-02-18,2021-02-22,train,1.0,0.009867195782152775,1.0,0.25,10,-0.009208338661588988,0,sl
es1s,2021-02-19,2021-02-22,train,1.0,0.009882431234395837,1.0,0.25,10,-0.007558288495336241,0,sl
es1s,2021-02-22,2021-02-24,train,1.0,0.010024764647807395,1.0,0.25,10,0.012650058086439042,1,pt
es1s,2021-02-23,2021-02-24,train,1.0,0.00999810484764641,1.0,0.25,10,0.01147498710778061,1,pt
es1s,2021-02-24,2021-02-25,train,1.0,0.010282101679644166,1.0,0.25,10,-0.02409177820245889,0,sl
es1s,2021-02-25,2021-02-26,train,1.0,0.010076757581731387,1.0,0.25,10,-0.004898119122163758,0,sl
es1s,2021-02-26,2021-03-01,train,1.0,0.00996879827226728,1.0,0.25,10,0.023495438734855156,1,pt
es1s,2021-03-01,2021-03-02,train,1.0,0.010026320026627516,1.0,0.25,10,-0.00801538954974823,0,sl
es1s,2021-03-02,2021-03-03,train,1.0,0.009750804604557118,1.0,0.25,10,-0.013122171944716987,0,sl
es1s,2021-03-03,2021-03-04,train,1.0,0.009800131758932268,1.0,0.25,10,-0.01342765441818028,0,sl
es1s,2021-03-04,2021-03-05,train,1.0,0.0102443809561129,1.0,0.25,10,0.01951932014255986,1,pt
es1s,2021-03-08,2021-03-09,train,1.0,0.010913827767397351,1.0,0.25,10,0.014138901615826871,1,pt
es1s,2021-03-09,2021-03-11,train,1.0,0.011281149821585694,1.0,0.25,10,0.01639450074230453,1,pt
es1s,2021-03-10,2021-03-12,train,1.0,0.011372064393445224,1.0,0.25,10,0.011741306299952514,1,pt
es1s,2021-03-11,2021-03-18,train,1.0,0.011605160243816378,1.0,0.25,10,-0.005492373800837003,0,sl
es1s,2021-03-12,2021-03-18,train,1.0,0.011599226761517813,1.0,0.25,10,-0.006879853526095658,0,sl
es1s,2021-03-15,2021-03-18,train,1.0,0.011635432171071715,1.0,0.25,10,-0.013200277898702928,0,sl
es1s,2021-03-16,2021-03-18,train,1.0,0.011639929137904173,1.0,0.25,10,-0.011764705881634141,0,sl
es1s,2021-03-17,2021-03-18,train,1.0,0.011651253672364179,1.0,0.25,10,-0.01450737984084205,0,sl
es1s,2021-03-18,2021-03-24,train,1.0,0.012089296065546616,1.0,0.25,10,-0.006464413722205187,0,sl
es1s,2021-03-19,2021-03-24,train,1.0,0.012088830942606876,1.0,0.25,10,-0.004872107184321517,0,sl
es1s,2021-03-22,2021-03-23,train,1.0,0.01206293972523032,1.0,0.25,10,-0.007697201017790145,0,sl
es1s,2021-03-23,2021-03-24,train,1.0,0.01221330024519938,1.0,0.25,10,-0.004872107184321517,0,sl
es1s,2021-03-25,2021-03-26,train,1.0,0.01061217789216047,1.0,0.25,10,0.01647224714643869,1,pt
es1s,2021-03-26,2021-04-01,train,-1.0,0.011038616226052959,1.0,0.25,10,-0.011413077748336109,0,sl
es1s,2021-03-29,2021-04-01,train,-1.0,0.009872823133124983,1.0,0.25,10,-0.012882040918914095,0,sl
es1s,2021-03-30,2021-04-01,train,1.0,0.009692014839955822,1.0,0.25,10,0.015768475715520536,1,pt
es1s,2021-03-31,2021-04-01,train,1.0,0.009110454782757004,1.0,0.25,10,0.010712035285793009,1,pt
es1s,2021-04-01,2021-04-05,train,1.0,0.008520200269378235,1.0,0.25,10,0.014401496257734347,1,pt
es1s,2021-04-02,2021-04-05,train,1.0,0.0076537786418193424,1.0,0.25,10,0.014401496257734347,1,pt
es1s,2021-04-08,2021-04-09,train,-1.0,0.00725958823161935,1.0,0.25,10,-0.007459036437799327,0,sl
es1s,2021-04-09,2021-04-13,train,-1.0,0.007357331122734724,1.0,0.25,10,-0.003216409757671679,0,sl
es1s,2021-04-12,2021-04-13,train,-1.0,0.007307349326295698,1.0,0.25,10,-0.0030337964907032333,0,sl
es1s,2021-04-14,2021-04-15,train,-1.0,0.007377080270039946,1.0,0.25,10,-0.010806216609234198,0,sl
es1s,2021-04-15,2021-04-16,train,-1.0,0.006516480295184026,1.0,0.25,10,-0.0033033033053051497,0,sl
es1s,2021-04-19,2021-04-20,train,-1.0,0.006596877489248201,1.0,0.25,10,0.006978702925129809,1,pt
es1s,2021-04-20,2021-04-21,train,1.0,0.0065378681259845,1.0,0.25,10,0.00926935659793826,1,pt
es1s,2021-04-21,2021-04-22,train,-1.0,0.006422424818061201,1.0,0.25,10,0.008884086678767389,1,pt
es1s,2021-04-23,2021-04-26,train,-1.0,0.006497007822113893,1.0,0.25,10,-0.0019177753809178633,0,sl
es1s,2021-04-26,2021-04-29,train,-1.0,0.006431386095023204,1.0,0.25,10,-0.00574231367495881,0,sl
es1s,2021-04-27,2021-04-29,train,-1.0,0.006335620173028012,1.0,0.25,10,-0.005862646567261098,0,sl
es1s,2021-04-28,2021-04-29,train,-1.0,0.0063608641342026645,1.0,0.25,10,-0.006524992517046302,0,sl
es1s,2021-04-29,2021-04-30,train,-1.0,0.0061470797722887,1.0,0.25,10,0.006899012728772469,1,pt
es1s,2021-05-03,2021-05-04,train,1.0,0.005798448680862945,1.0,0.25,10,-0.006569909814274633,0,sl
es1s,2021-05-04,2021-05-06,train,1.0,0.006052495138268182,1.0,0.25,10,0.00865748812486511,1,pt
es1s,2021-05-05,2021-05-06,train,1.0,0.0060540716390073,1.0,0.25,10,0.008233173077088596,1,pt
es1s,2021-05-06,2021-05-07,train,1.0,0.006213520552647197,1.0,0.25,10,0.0073910711106448534,1,pt
es1s,2021-05-07,2021-05-10,train,-1.0,0.006210017332791007,1.0,0.25,10,0.00988107212639111,1,pt
es1s,2021-05-11,2021-05-12,train,1.0,0.00701016617847266,1.0,0.25,10,-0.02110340669119848,0,sl
es1s,2021-05-12,2021-05-13,train,1.0,0.008478735376863982,1.0,0.25,10,0.011887896517820629,1,pt
es1s,2021-05-13,2021-05-14,train,1.0,0.008557909026941025,1.0,0.25,10,0.015096177258371535,1,pt
es1s,2021-05-14,2021-05-17,train,1.0,0.009216694164191132,1.0,0.25,10,-0.002698488845372937,0,sl
es1s,2021-05-17,2021-05-18,train,1.0,0.009166958641186967,1.0,0.25,10,-0.008357885875951654,0,sl
es1s,2021-05-18,2021-05-19,train,1.0,0.009228121693013406,1.0,0.25,10,-0.0027892311428933114,0,sl
es1s,2021-05-19,2021-05-20,train,1.0,0.008980777709609835,1.0,0.25,10,0.010397665086285146,1,pt
es1s,2021-05-20,2021-05-24,train,-1.0,0.009078688294712194,1.0,0.25,10,-0.009508334836825227,0,sl
es1s,2021-05-21,2021-05-24,train,-1.0,0.008754407861296085,1.0,0.25,10,-0.010116216052592941,0,sl
es1s,2021-05-24,2021-06-02,train,-1.0,0.00904474717931628,1.0,0.25,10,-0.0029806259320053208,0,sl
es1s,2021-05-25,2021-05-27,train,-1.0,0.009057312554648318,1.0,0.25,10,-0.003225421097245773,0,sl
es1s,2021-05-28,2021-06-03,train,1.0,0.008801417839912675,1.0,0.25,10,-0.0026769779911582914,0,sl
es1s,2021-06-01,2021-06-10,train,1.0,0.008787759973821392,1.0,0.25,10,0.009408121947328096,1,pt
es1s,2021-06-02,2021-06-03,train,1.0,0.008648389045695896,1.0,0.25,10,-0.0035661218431640718,0,sl
es1s,2021-06-03,2021-06-04,train,1.0,0.008698062548669254,1.0,0.25,10,0.008827915301390599,1,pt
es1s,2021-06-04,2021-06-09,train,1.0,0.00872693720270668,1.0,0.25,10,-0.00230591852328188,0,sl
es1s,2021-06-07,2021-06-18,train,1.0,0.008573166937550374,1.0,0.25,10,-0.014955756357259986,0,sl
es1s,2021-06-08,2021-06-18,train,1.0,0.008248861170644866,1.0,0.25,10,-0.015014032655342069,0,sl
es1s,2021-06-09,2021-06-14,train,1.0,0.00796674832911304,1.0,0.25,10,0.008593101810944637,1,pt
es1s,2021-06-10,2021-06-16,train,1.0,0.0060427549894579114,1.0,0.25,10,-0.0037917466645164266,0,sl
es1s,2021-06-11,2021-06-16,train,1.0,0.005599090402542115,1.0,0.25,10,-0.005610180149886679,0,sl
es1s,2021-06-14,2021-06-15,train,1.0,0.004645882499302794,1.0,0.25,10,-0.002178649234993668,0,sl
es1s,2021-06-15,2021-06-16,train,1.0,0.004625336657354721,1.0,0.25,10,-0.005547031749925213,0,sl
es1s,2021-06-16,2021-06-18,train,1.0,0.0043568974165768435,1.0,0.25,10,-0.014122952765148633,0,sl
es1s,2021-06-17,2021-06-18,train,1.0,0.004269573993970899,1.0,0.25,10,-0.013947415276533426,0,sl
es1s,2021-06-18,2021-06-21,train,1.0,0.004979449935113452,1.0,0.25,10,0.014505838449638153,1,pt
es1s,2021-06-21,2021-06-24,train,1.0,0.005911570584026883,1.0,0.25,10,0.010026698308952309,1,pt
es1s,2021-06-22,2021-06-25,train,1.0,0.0056098665838181455,1.0,0.25,10,0.008262024193462114,1,pt
es1s,2021-06-23,2021-06-24,train,1.0,0.0055925372526865365,1.0,0.25,10,0.005789909015352146,1,pt
es1s,2021-06-24,2021-06-28,train,1.0,0.005704973604714187,1.0,0.25,10,0.0057565789470093165,1,pt
es1s,2021-06-25,2021-07-01,train,1.0,0.0057365387418699945,1.0,0.25,10,0.009247878257456321,1,pt
es1s,2021-06-28,2021-07-01,train,1.0,0.0057427117262587755,1.0,0.25,10,0.007066931434692947,1,pt
es1s,2021-06-29,2021-07-01,train,1.0,0.005726465396282861,1.0,0.25,10,0.006714152266271478,1,pt
es1s,2021-06-30,2021-07-02,train,1.0,0.005724665323981339,1.0,0.25,10,0.012650110762276068,1,pt
es1s,2021-07-01,2021-07-02,train,1.0,0.005684988980861086,1.0,0.25,10,0.007423302208903637,1,pt
es1s,2021-07-02,2021-07-06,val,1.0,0.005599000345822705,1.0,0.25,10,-0.002014852340169293,0,sl
es1s,2021-07-06,2021-07-08,val,1.0,0.005634099546070264,1.0,0.25,10,-0.004845408397269213,0,sl
es1s,2021-07-07,2021-07-08,val,1.0,0.005646771011182344,1.0,0.25,10,-0.008448761421224749,0,sl
es1s,2021-07-08,2021-07-09,val,1.0,0.006041919412418189,1.0,0.25,10,0.010897287269690192,1,pt
es1s,2021-07-09,2021-07-15,val,1.0,0.006377346124019042,1.0,0.25,10,-0.0018348623851521806,0,sl
es1s,2021-07-12,2021-07-13,val,1.0,0.006397088088722736,1.0,0.25,10,-0.0034845195927161177,0,sl
es1s,2021-07-13,2021-07-15,val,1.0,0.006496384825748672,1.0,0.25,10,-0.002120951562267104,0,sl
es1s,2021-07-14,2021-07-15,val,1.0,0.006443248760466268,1.0,0.25,10,-0.0036059756163229206,0,sl
es1s,2021-07-15,2021-07-16,val,1.0,0.006344342731056155,1.0,0.25,10,-0.007697610293901591,0,sl
es1s,2021-07-16,2021-07-19,val,1.0,0.006673197875158355,1.0,0.25,10,-0.015572536760088185,0,sl
es1s,2021-07-19,2021-07-20,val,1.0,0.00687914112307162,1.0,0.25,10,0.015113201998092629,1,pt
es1s,2021-07-20,2021-07-21,val,1.0,0.006940786803608587,1.0,0.25,10,0.008110300081357602,1,pt
es1s,2021-07-21,2021-07-23,val,1.0,0.007053395974372251,1.0,0.25,10,0.012067578439635351,1,pt
es1s,2021-07-22,2021-07-23,val,1.0,0.007031043853995208,1.0,0.25,10,0.009978208510384112,1,pt
es1s,2021-07-23,2021-07-27,val,1.0,0.0072230584101582755,1.0,0.25,10,-0.0019305019304868276,0,sl
es1s,2021-07-26,2021-08-02,val,-1.0,0.007212654097111798,1.0,0.25,10,0.007815597213655101,1,pt
es1s,2021-07-27,2021-07-29,val,-1.0,0.007339636128339345,1.0,0.25,10,-0.0039253612470593335,0,sl
es1s,2021-07-28,2021-07-29,val,-1.0,0.007344160700039581,1.0,0.25,10,-0.004096728307530606,0,sl
es1s,2021-07-29,2021-08-05,val,-1.0,0.0073708369201816075,1.0,0.25,10,-0.0022100073670563436,0,sl
es1s,2021-07-30,2021-08-03,val,-1.0,0.00745087637597805,1.0,0.25,10,-0.0058093176898899035,0,sl
es1s,2021-08-02,2021-08-03,val,1.0,0.007319149928181567,1.0,0.25,10,0.008048404589619418,1,pt
es1s,2021-08-04,2021-08-06,val,1.0,0.007554359018998655,1.0,0.25,10,0.00790716195477259,1,pt
es1s,2021-08-06,2021-08-11,val,-1.0,0.006987672038041482,1.0,0.25,10,-0.002483350266008877,0,sl
es1s,2021-08-09,2021-08-11,val,-1.0,0.006960101149892089,1.0,0.25,10,-0.0033327684592070472,0,sl
es1s,2021-08-10,2021-08-11,val,-1.0,0.006894633897041103,1.0,0.25,10,-0.0023702031608610064,0,sl
es1s,2021-08-12,2021-08-17,val,1.0,0.0068386073402431575,1.0,0.25,10,-0.00246941295393166,0,sl
es1s,2021-08-13,2021-08-17,val,1.0,0.006510608576016924,1.0,0.25,10,-0.004257703081804842,0,sl
es1s,2021-08-16,2021-08-17,val,-1.0,0.0050734116191739455,1.0,0.25,10,0.006817165848566842,1,pt
es1s,2021-08-17,2021-08-18,val,1.0,0.004579865338810925,1.0,0.25,10,-0.011027343309766957,0,sl
es1s,2021-08-18,2021-08-20,val,1.0,0.005098460506402035,1.0,0.25,10,0.009671179883870007,1,pt
es1s,2021-08-19,2021-08-20,val,1.0,0.005091896857591864,1.0,0.25,10,0.008065432239410253,1,pt
es1s,2021-08-20,2021-08-23,val,1.0,0.004921536795983995,1.0,0.25,10,0.008677034033305553,1,pt
es1s,2021-08-23,2021-08-26,val,1.0,0.005240550247709787,1.0,0.25,10,-0.002010948497507159,0,sl
es1s,2021-08-24,2021-08-26,val,1.0,0.005098902497109458,1.0,0.25,10,-0.003569436697939299,0,sl
es1s,2021-08-26,2021-08-27,val,1.0,0.005280306163716493,1.0,0.25,10,0.008731669090994432,1,pt
es1s,2021-08-30,2021-09-02,val,-1.0,0.005371259183172209,1.0,0.25,10,-0.002209822662159855,0,sl
es1s,2021-08-31,2021-09-02,val,-1.0,0.005183586687262425,1.0,0.25,10,-0.0032629133963790746,0,sl
es1s,2021-09-01,2021-09-02,val,-1.0,0.005010688436954602,1.0,0.25,10,-0.003096488804494868,0,sl
es1s,2021-09-02,2021-09-08,val,-1.0,0.004908482025616316,1.0,0.25,10,0.005016261508750008,1,pt
es1s,2021-09-03,2021-09-09,val,-1.0,0.0049169283609382065,1.0,0.25,10,0.009317455066554459,1,pt
es1s,2021-09-07,2021-09-08,val,1.0,0.005002993678323853,1.0,0.25,10,-0.0014936106649536818,0,sl
es1s,2021-09-08,2021-09-09,val,1.0,0.0050352036090987925,1.0,0.25,10,-0.0044875346244350744,0,sl
es1s,2021-09-09,2021-09-10,val,1.0,0.005163878140921863,1.0,0.25,10,-0.007568590349979587,0,sl
es1s,2021-09-10,2021-09-14,val,1.0,0.005434468709058487,1.0,0.25,10,-0.0031520718953003124,0,sl
es1s,2021-09-13,2021-09-14,val,1.0,0.005446609817941069,1.0,0.25,10,-0.005549949545476607,0,sl
es1s,2021-09-14,2021-09-15,val,1.0,0.005552940247269605,1.0,0.25,10,0.00839957156708171,1,pt
es1s,2021-09-15,2021-09-16,val,1.0,0.005655191987213971,1.0,0.25,10,-0.0017330053678279445,0,sl
es1s,2021-09-16,2021-09-17,val,1.0,0.0050018332018590935,1.0,0.25,10,-0.00952007616187256,0,sl
es1s,2021-09-17,2021-09-20,val,-1.0,0.005515706296805892,1.0,0.25,10,0.016622378015744954,1,pt
es1s,2021-09-22,2021-09-23,val,-1.0,0.006439991742697211,1.0,0.25,10,-0.01231751824623295,0,sl
es1s,2021-09-23,2021-09-28,val,1.0,0.007061340359464435,1.0,0.25,10,-0.021293375393585223,0,sl
es1s,2021-09-24,2021-09-27,val,1.0,0.006959694740322494,1.0,0.25,10,-0.0028679075535669174,0,sl
es1s,2021-09-27,2021-09-28,val,1.0,0.006662399609108794,1.0,0.25,10,-0.020189487930389438,0,sl
es1s,2021-09-28,2021-09-30,val,1.0,0.00786278081813218,1.0,0.25,10,-0.010532980316255158,0,sl
es1s,2021-09-29,2021-09-30,val,1.0,0.007897261584194522,1.0,0.25,10,-0.011954710041376604,0,sl
es1s,2021-09-30,2021-10-01,val,1.0,0.008200763266504665,1.0,0.25,10,0.010703274969669607,1,pt
es1s,2021-10-01,2021-10-04,val,1.0,0.008631105532325614,1.0,0.25,10,-0.01208633093453948,0,sl
es1s,2021-10-04,2021-10-05,val,1.0,0.008905565375281619,1.0,0.25,10,0.009962132246512656,1,pt
es1s,2021-10-05,2021-10-07,val,1.0,0.00933407057144024,1.0,0.25,10,0.012921089061384894,1,pt
es1s,2021-10-06,2021-10-12,val,1.0,0.00944988087192971,1.0,0.25,10,-0.0030431786864243415,0,sl
es1s,2021-10-07,2021-10-11,val,1.0,0.009676312155375162,1.0,0.25,10,-0.008883826879049539,0,sl
es1s,2021-10-08,2021-10-11,val,1.0,0.009555585546056481,1.0,0.25,10,-0.007131039992124388,0,sl
es1s,2021-10-11,2021-10-14,val,1.0,0.009628102196149652,1.0,0.25,10,0.017926913355432728,1,pt
es1s,2021-10-12,2021-10-14,val,1.0,0.009578705283566736,1.0,0.25,10,0.02033058803418175,1,pt
es1s,2021-10-13,2021-10-14,val,1.0,0.009380452755361614,1.0,0.25,10,0.016991963262547927,1,pt
es1s,2021-10-14,2021-10-18,val,1.0,0.010220599171249805,1.0,0.25,10,0.010950553171311661,1,pt
es1s,2021-10-15,2021-10-19,val,1.0,0.010128037036996683,1.0,0.25,10,0.010924369748904095,1,pt
es1s,2021-10-18,2021-10-20,val,1.0,0.009292236351263939,1.0,0.25,10,0.011278615297893868,1,pt
es1s,2021-10-19,2021-10-25,val,1.0,0.00936544351173393,1.0,0.25,10,0.01036298143616543,1,pt
es1s,2021-10-20,2021-10-28,val,1.0,0.009213359911123485,1.0,0.25,10,0.013140459363686796,1,pt
es1s,2021-10-21,2021-10-28,val,1.0,0.008878356315296921,1.0,0.25,10,0.010073209664151372,1,pt
es1s,2021-10-22,2021-10-28,val,1.0,0.008891913314379269,1.0,0.25,10,0.011242147027593852,1,pt
es1s,2021-10-25,2021-10-27,val,1.0,0.00887965490598435,1.0,0.25,10,-0.002961825364045767,0,sl
es1s,2021-10-26,2021-10-27,val,1.0,0.0072523658585442055,1.0,0.25,10,-0.004545205631322102,0,sl
es1s,2021-10-27,2021-10-28,val,1.0,0.007420001749669139,1.0,0.25,10,0.00946198701729295,1,pt
es1s,2021-10-28,2021-11-02,val,1.0,0.006779232088623415,1.0,0.25,10,0.007847411443751229,1,pt
es1s,2021-10-29,2021-11-01,val,-1.0,0.006555112844031523,1.0,0.25,10,-0.0019034152694679118,0,sl
es1s,2021-11-02,2021-11-03,val,1.0,0.0053321332190128315,1.0,0.25,10,0.0062182329427034055,1,pt
es1s,2021-11-04,2021-11-10,val,1.0,0.005249024660747914,1.0,0.25,10,-0.006686995130594675,0,sl
es1s,2021-11-05,2021-11-09,val,1.0,0.005121406705979527,1.0,0.25,10,-0.002558499014594262,0,sl
es1s,2021-11-08,2021-11-09,val,1.0,0.004533883775300289,1.0,0.25,10,-0.003355347250881602,0,sl
es1s,2021-11-09,2021-11-10,val,1.0,0.0046103745459282934,1.0,0.25,10,-0.007748623950276201,0,sl
es1s,2021-11-10,2021-11-12,val,1.0,0.005283028365557623,1.0,0.25,10,0.007809133992964901,1,pt
es1s,2021-11-11,2021-11-12,val,1.0,0.004222569182377304,1.0,0.25,10,0.007592074088967449,1,pt
es1s,2021-11-12,2021-11-18,val,1.0,0.004224384863839577,1.0,0.25,10,0.004969807086699918,1,pt
es1s,2021-11-15,2021-11-18,val,1.0,0.004245149572095057,1.0,0.25,10,0.0048087198119846075,1,pt
es1s,2021-11-16,2021-11-17,val,1.0,0.004074980370382383,1.0,0.25,10,-0.0020762350924248274,0,sl
es1s,2021-11-17,2021-11-22,val,1.0,0.004152568080864318,1.0,0.25,10,-0.001387036544670206,0,sl
es1s,2021-11-18,2021-11-19,val,1.0,0.004156462203408963,1.0,0.25,10,-0.0014888865259738981,0,sl
es1s,2021-11-19,2021-11-22,val,1.0,0.004169290309385356,1.0,0.25,10,-0.0031419746526366588,0,sl
es1s,2021-11-22,2021-11-26,val,1.0,0.004240683513568447,1.0,0.25,10,-0.017949676798900804,0,sl
es1s,2021-11-23,2021-11-26,val,1.0,0.004242079413867671,1.0,0.25,10,-0.01978244641244875,0,sl
es1s,2021-11-24,2021-11-26,val,1.0,0.004011552833306167,1.0,0.25,10,-0.021972760162143556,0,sl
es1s,2021-11-26,2021-11-29,val,1.0,0.006351218157666912,1.0,0.25,10,0.012021976826528835,1,pt
es1s,2021-11-29,2021-11-30,val,1.0,0.0068759440833893945,1.0,0.25,10,-0.018221887764191314,0,sl
es1s,2021-11-30,2021-12-01,val,1.0,0.00806544782059366,1.0,0.25,10,-0.01264713933901973,0,sl
es1s,2021-12-01,2021-12-02,val,1.0,0.008445390678203974,1.0,0.25,10,0.014916269269980242,1,pt
es1s,2021-12-02,2021-12-03,val,1.0,0.00904356893811145,1.0,0.25,10,-0.00835928536216013,0,sl
es1s,2021-12-03,2021-12-06,val,1.0,0.009102963535928762,1.0,0.25,10,0.0115702479331794,1,pt
es1s,2021-12-07,2021-12-09,val,1.0,0.010652071705258784,1.0,0.25,10,-0.00384204909387309,0,sl
es1s,2021-12-10,2021-12-13,val,1.0,0.010802725823960184,1.0,0.25,10,-0.008968371894923055,0,sl
es1s,2021-12-14,2021-12-15,val,-1.0,0.01098746141240876,1.0,0.25,10,-0.015665514260217117,0,sl
es1s,2021-12-16,2021-12-20,val,-1.0,0.011695500611185251,1.0,0.25,10,0.02162365187625348,1,pt
es1s,2021-12-17,2021-12-20,val,1.0,0.011890703039884456,1.0,0.25,10,-0.011171366595197574,0,sl
es1s,2021-12-20,2021-12-21,val,1.0,0.012114387730360677,1.0,0.25,10,0.018043215971655258,1,pt
es1s,2021-12-21,2021-12-23,val,1.0,0.012842825512210386,1.0,0.25,10,0.01616118084414575,1,pt
es1s,2021-12-23,2021-12-27,val,1.0,0.013098897732835783,1.0,0.25,10,0.014101680537591088,1,pt
es1s,2021-12-27,2021-12-31,val,1.0,0.0123049669557879,1.0,0.25,10,-0.00496628156235146,0,sl
es1s,2021-12-28,2021-12-31,val,1.0,0.012095481350764754,1.0,0.25,10,-0.004185413833568408,0,sl
es1s,2021-12-29,2021-12-31,val,1.0,0.01116096796869675,1.0,0.25,10,-0.005434214652484615,0,sl
es1s,2021-12-30,2021-12-31,val,1.0,0.010654169917882702,1.0,0.25,10,-0.002881240504940652,0,sl
es1s,2021-12-31,2022-01-05,test,1.0,0.010347288624288265,1.0,0.25,10,-0.013869916990828068,0,sl
es1s,2022-01-03,2022-01-05,test,-1.0,0.010075325907124281,1.0,0.25,10,0.019536147095752687,1,pt
es1s,2022-01-04,2022-01-05,test,-1.0,0.009881199782774337,1.0,0.25,10,0.019177509537075643,1,pt
es1s,2022-01-05,2022-01-07,test,1.0,0.01001074576397924,1.0,0.25,10,-0.005274374001439486,0,sl
es1s,2022-01-06,2022-01-07,test,1.0,0.009991970390080897,1.0,0.25,10,-0.004213333333509706,0,sl
es1s,2022-01-07,2022-01-12,test,1.0,0.009915073530823748,1.0,0.25,10,0.010390445075965982,1,pt
es1s,2022-01-10,2022-01-12,test,1.0,0.009673312612930935,1.0,0.25,10,0.011582390476400528,1,pt
es1s,2022-01-11,2022-01-13,test,1.0,0.009675968590667789,1.0,0.25,10,-0.01126461211444929,0,sl
es1s,2022-01-12,2022-01-13,test,1.0,0.009529550932770605,1.0,0.25,10,-0.013623111583011549,0,sl
es1s,2022-01-13,2022-01-18,test,1.0,0.009415628391824058,1.0,0.25,10,-0.01735812553757332,0,sl
es1s,2022-01-14,2022-01-18,test,1.0,0.009212162036516707,1.0,0.25,10,-0.01793866480685602,0,sl
es1s,2022-01-18,2022-01-19,test,1.0,0.009796986934246668,1.0,0.25,10,-0.010281651626438126,0,sl
es1s,2022-01-19,2022-01-20,test,1.0,0.009746682009586347,1.0,0.25,10,-0.010941039952148346,0,sl
es1s,2022-01-20,2022-01-21,test,1.0,0.009010846295439048,1.0,0.25,10,-0.018939605562353412,0,sl
es1s,2022-01-21,2022-01-25,test,1.0,0.009368595854016094,1.0,0.25,10,-0.009339407746600914,0,sl
es1s,2022-01-24,2022-01-25,test,1.0,0.009222305570425493,1.0,0.25,10,-0.01243258586597018,0,sl
es1s,2022-01-25,2022-01-27,test,1.0,0.008459664344214893,1.0,0.25,10,-0.007185559898197136,0,sl
es1s,2022-01-26,2022-01-27,test,1.0,0.008439039453993888,1.0,0.25,10,-0.0054704595189567495,0,sl
es1s,2022-01-27,2022-01-28,test,1.0,0.008318433643517434,1.0,0.25,10,0.024434022350176443,1,pt
es1s,2022-01-28,2022-01-31,test,-1.0,0.010586398098020757,1.0,0.25,10,-0.018312326907174326,0,sl
es1s,2022-01-31,2022-02-01,test,-1.0,0.011670808861550957,1.0,0.25,10,-0.00682688571968626,0,sl
es1s,2022-02-01,2022-02-02,test,-1.0,0.011713003796369813,1.0,0.25,10,-0.009316427783750303,0,sl
es1s,2022-02-02,2022-02-03,test,-1.0,0.01200840659167038,1.0,0.25,10,0.023649571249156898,1,pt
es1s,2022-02-03,2022-02-04,test,-1.0,0.01238939224379659,1.0,0.25,10,-0.00525844707958667,0,sl
es1s,2022-02-07,2022-02-09,test,1.0,0.012502214979364084,1.0,0.25,10,0.022789476625738603,1,pt
es1s,2022-02-08,2022-02-09,test,1.0,0.012711794322865821,1.0,0.25,10,0.014459833795805954,1,pt
es1s,2022-02-09,2022-02-10,test,-1.0,0.012995337944785733,1.0,0.25,10,0.017530446181268977,1,pt
es1s,2022-02-10,2022-02-11,test,-1.0,0.013456748468800734,1.0,0.25,10,0.01956642579067902,1,pt
es1s,2022-02-11,2022-02-14,test,1.0,0.013788614574964601,1.0,0.25,10,-0.0035151377700777253,0,sl
es1s,2022-02-14,2022-02-15,test,1.0,0.01376796690670861,1.0,0.25,10,0.01604460628035409,1,pt
es1s,2022-02-15,2022-02-17,test,1.0,0.013889647443610842,1.0,0.25,10,-0.020159032367627838,0,sl
es1s,2022-02-16,2022-02-17,test,1.0,0.013728325148587342,1.0,0.25,10,-0.021364653244000276,0,sl
es1s,2022-02-17,2022-02-18,test,1.0,0.014341407623839612,1.0,0.25,10,-0.007086524172902564,0,sl
es1s,2022-02-18,2022-02-22,test,1.0,0.013789389641090099,1.0,0.25,10,-0.010014964890607714,0,sl
es1s,2022-02-22,2022-02-23,test,1.0,0.013920036629840973,1.0,0.25,10,-0.01813953488443787,0,sl
es1s,2022-02-23,2022-02-24,test,1.0,0.014225039820811091,1.0,0.25,10,0.014684983420215847,1,pt
es1s,2022-02-24,2022-02-25,test,1.0,0.01467051764538028,1.0,0.25,10,0.022408963586951103,1,pt
es1s,2022-02-25,2022-03-01,test,1.0,0.015473144222917914,1.0,0.25,10,-0.017408675800354878,0,sl
es1s,2022-02-28,2022-03-01,test,1.0,0.01446604786123036,1.0,0.25,10,-0.01470924908501925,0,sl
es1s,2022-03-01,2022-03-02,test,1.0,0.014087283921532861,1.0,0.25,10,0.018123729306563474,1,pt
es1s,2022-03-02,2022-03-03,test,1.0,0.01467451265195495,1.0,0.25,10,-0.005134934671870206,0,sl
es1s,2022-03-03,2022-03-04,test,1.0,0.014458687460196068,1.0,0.25,10,-0.0073407122798498925,0,sl
es1s,2022-03-04,2022-03-07,test,1.0,0.013612297999725577,1.0,0.25,10,-0.029753307527492834,0,sl
es1s,2022-03-07,2022-03-08,test,1.0,0.014917902811974883,1.0,0.25,10,-0.007085863999688025,0,sl
es1s,2022-03-08,2022-03-09,test,1.0,0.014941165172111684,1.0,0.25,10,0.02554722638747431,1,pt
es1s,2022-03-09,2022-03-10,test,1.0,0.016087984404616573,1.0,0.25,10,-0.004210280101363928,0,sl
es1s,2022-03-10,2022-03-11,test,1.0,0.015579615419697239,1.0,0.25,10,-0.013095308003089556,0,sl
es1s,2022-03-11,2022-03-14,test,1.0,0.015397215175068408,1.0,0.25,10,-0.0070213019159306445,0,sl
es1s,2022-03-14,2022-03-15,test,1.0,0.014942101042179657,1.0,0.25,10,0.02167647412143059,1,pt
es1s,2022-03-15,2022-03-16,test,1.0,0.015888768228734147,1.0,0.25,10,0.022509550395412026,1,pt
es1s,2022-03-16,2022-03-18,test,1.0,0.0163127696382538,1.0,0.25,10,0.023910794343426023,1,pt
es1s,2022-03-17,2022-03-18,test,-1.0,0.016572911277031414,1.0,0.25,10,-0.011699227623053421,0,sl
es1s,2022-03-18,2022-03-22,test,-1.0,0.016020406097793552,1.0,0.25,10,-0.011563938477180846,0,sl
es1s,2022-03-21,2022-03-22,test,-1.0,0.015910876836127075,1.0,0.25,10,-0.011847942051313343,0,sl
es1s,2022-03-22,2022-03-25,test,-1.0,0.015836415470777247,1.0,0.25,10,-0.006992230854098835,0,sl
es1s,2022-03-23,2022-03-25,test,1.0,0.015503675912666184,1.0,0.25,10,0.02001124227166895,1,pt
es1s,2022-03-24,2022-03-29,test,1.0,0.015500901039767851,1.0,0.25,10,0.02504155124746732,1,pt
es1s,2022-03-25,2022-03-29,test,1.0,0.014830816479325746,1.0,0.25,10,0.01961864873871577,1,pt
es1s,2022-03-28,2022-03-31,test,1.0,0.014830445853191111,1.0,0.25,10,-0.008154553414438381,0,sl
es1s,2022-03-29,2022-03-30,test,1.0,0.014419519991545228,1.0,0.25,10,-0.006377688899012246,0,sl
es1s,2022-03-30,2022-03-31,test,1.0,0.014178887676920248,1.0,0.25,10,-0.014197127937375154,0,sl
es1s,2022-03-31,2022-04-06,test,1.0,0.014580256444135554,1.0,0.25,10,-0.012139270540799996,0,sl
es1s,2022-04-01,2022-04-05,test,1.0,0.014412172833092747,1.0,0.25,10,-0.004185713497945831,0,sl
es1s,2022-04-04,2022-04-05,test,1.0,0.012221760289841526,1.0,0.25,10,-0.012560755828531,0,sl
es1s,2022-04-05,2022-04-06,test,1.0,0.01255447671379706,1.0,0.25,10,-0.009844588243403396,0,sl
es1s,2022-04-06,2022-04-07,test,-1.0,0.011889808819785727,1.0,0.25,10,-0.004580237950358779,0,sl
es1s,2022-04-07,2022-04-11,test,1.0,0.011794577991908872,1.0,0.25,10,-0.019405059773314193,0,sl
es1s,2022-04-08,2022-04-11,test,1.0,0.011270565701648489,1.0,0.25,10,-0.016616482659888465,0,sl
es1s,2022-04-11,2022-04-12,test,1.0,0.01193171668073969,1.0,0.25,10,-0.0036289408021914493,0,sl
es1s,2022-04-12,2022-04-13,test,1.0,0.01116980102696052,1.0,0.25,10,0.011211017528639955,1,pt
es1s,2022-04-13,2022-04-14,test,-1.0,0.010333719774294228,1.0,0.25,10,0.012324835388527688,1,pt
es1s,2022-04-14,2022-04-19,test,1.0,0.010413773717637438,1.0,0.25,10,0.016353276354408752,1,pt
es1s,2022-04-18,2022-04-19,test,1.0,0.010037744186249125,1.0,0.25,10,0.01652704166192165,1,pt
es1s,2022-04-19,2022-04-21,test,-1.0,0.010746521864528319,1.0,0.25,10,0.01541739081823057,1,pt
es1s,2022-04-20,2022-04-21,test,-1.0,0.010387913171802385,1.0,0.25,10,0.014588710582916331,1,pt
es1s,2022-04-21,2022-04-22,test,-1.0,0.010510682719993638,1.0,0.25,10,0.028071973579696485,1,pt
es1s,2022-04-22,2022-04-26,test,1.0,0.011588153207759645,1.0,0.25,10,-0.022672681468857925,0,sl
es1s,2022-04-25,2022-04-26,test,1.0,0.011613084818071644,1.0,0.25,10,-0.028478248208800183,0,sl
es1s,2022-04-26,2022-04-28,test,1.0,0.012747244869471253,1.0,0.25,10,0.027095072534274678,1,pt
es1s,2022-04-27,2022-04-28,test,1.0,0.012222784031196803,1.0,0.25,10,0.024699479696832505,1,pt
es1s,2022-04-28,2022-04-29,test,1.0,0.013873894571182058,1.0,0.25,10,-0.03641881638860478,0,sl
es1s,2022-04-29,2022-05-04,test,1.0,0.015631480549955952,1.0,0.25,10,0.04064203512959508,1,pt
es1s,2022-05-02,2022-05-04,test,1.0,0.01573793155754344,1.0,0.25,10,0.03475066249193959,1,pt
es1s,2022-05-03,2022-05-04,test,1.0,0.015588060354892271,1.0,0.25,10,0.030221262817627714,1,pt
es1s,2022-05-04,2022-05-05,test,-1.0,0.017244307268332624,1.0,0.25,10,0.03538792852538031,1,pt
es1s,2022-05-05,2022-05-06,test,1.0,0.018754069755185343,1.0,0.25,10,-0.005732215049293998,0,sl
es1s,2022-05-06,2022-05-09,test,1.0,0.018651621557743588,1.0,0.25,10,-0.03204272363145322,0,sl
es1s,2022-05-09,2022-05-11,test,1.0,0.01967900981361687,1.0,0.25,10,-0.014357366770175517,0,sl
es1s,2022-05-10,2022-05-11,test,1.0,0.019585213190812235,1.0,0.25,10,-0.016638518796891155,0,sl
es1s,2022-05-11,2022-05-13,test,1.0,0.01975997439159704,1.0,0.25,10,0.022772088289320758,1,pt
es1s,2022-05-12,2022-05-13,test,1.0,0.019406017315991043,1.0,0.25,10,0.023553377044437607,1,pt
es1s,2022-05-13,2022-05-18,test,1.0,0.020416027049793076,1.0,0.25,10,-0.0241308539106333,0,sl
es1s,2022-05-16,2022-05-18,test,1.0,0.02039291608211403,1.0,0.25,10,-0.020475685124535126,0,sl
es1s,2022-05-17,2022-05-18,test,1.0,0.02058917050486735,1.0,0.25,10,-0.039659709898855144,0,sl
es1s,2022-05-18,2022-05-19,test,1.0,0.022082582641132793,1.0,0.25,10,-0.006373080107828333,0,sl
es1s,2022-05-19,2022-05-26,test,1.0,0.02199563687494283,1.0,0.25,10,0.040536206784933526,1,pt
es1s,2022-05-20,2022-05-26,test,1.0,0.021379146573665138,1.0,0.25,10,0.04006923964578579,1,pt
es1s,2022-05-23,2022-05-24,test,1.0,0.021872708782993945,1.0,0.25,10,-0.007868068231822511,0,sl
es1s,2022-05-24,2022-05-26,test,1.0,0.0210996189182991,1.0,0.25,10,0.029247557415933434,1,pt
es1s,2022-05-25,2022-05-27,test,1.0,0.021242288259600225,1.0,0.25,10,0.0450116300994754,1,pt
es1s,2022-05-27,2022-05-31,test,1.0,0.02013670413986029,1.0,0.25,10,-0.005895446070709576,0,sl
es1s,2022-05-31,2022-06-02,test,-1.0,0.02014182476957586,1.0,0.25,10,-0.010650529500746186,0,sl
es1s,2022-06-02,2022-06-09,test,-1.0,0.019418624399619517,1.0,0.25,10,0.038081552002775965,1,pt
es1s,2022-06-03,2022-06-09,test,1.0,0.01802686545877009,1.0,0.25,10,-0.02209642074521645,0,sl
es1s,2022-06-08,2022-06-09,test,-1.0,0.016623691009687386,1.0,0.25,10,0.02376033057884175,1,pt
es1s,2022-06-09,2022-06-10,test,1.0,0.01711527192477438,1.0,0.25,10,-0.029193899780378008,0,sl
es1s,2022-06-10,2022-06-13,test,-1.0,0.018444518481718127,1.0,0.25,10,0.038086688895576426,1,pt
es1s,2022-06-14,2022-06-16,test,1.0,0.019455583106053918,1.0,0.25,10,-0.01844796470844945,0,sl
es1s,2022-06-15,2022-06-16,test,1.0,0.0191392346662037,1.0,0.25,10,-0.0322261763527496,0,sl
fesx1s,2020-01-03,2020-01-06,train,-1.0,0.008847635577212262,0.25,0.25,1,0.00399573787795604,1,pt
fesx1s,2020-01-06,2020-01-07,train,1.0,0.007406429525196543,0.25,0.25,1,0.0029419630917992823,1,pt
fesx1s,2020-01-07,2020-01-08,train,1.0,0.007240963647423385,0.25,0.25,1,0.002933333333396293,1,pt
fesx1s,2020-01-08,2020-01-09,train,1.0,0.006782996874300537,0.25,0.25,1,0.005583621376894277,1,pt
fesx1s,2020-01-09,2020-01-10,train,-1.0,0.006807857161213782,0.25,0.25,1,0.0005288207308155046,1,vert
fesx1s,2020-01-10,2020-01-13,train,-1.0,0.006527724787149094,0.25,0.25,1,0.00423280423169714,1,pt
fesx1s,2020-01-13,2020-01-14,train,1.0,0.006451793189527119,0.25,0.25,1,-0.0005313496291031727,0,vert
fesx1s,2020-01-14,2020-01-15,train,1.0,0.00645156977795982,0.25,0.25,1,-0.0015948963310835618,0,vert
fesx1s,2020-01-15,2020-01-16,train,1.0,0.006393778929239538,0.25,0.25,1,0.0015974440888000263,1,vert
fesx1s,2020-01-16,2020-01-17,train,1.0,0.006314101444309208,0.25,0.25,1,0.008771929824761715,1,pt
fesx1s,2020-01-17,2020-01-20,train,1.0,0.006499815645387041,0.25,0.25,1,-0.001317523055484271,0,vert
fesx1s,2020-01-20,2020-01-21,train,1.0,0.005983362713038977,0.25,0.25,1,-0.0031662269135113164,0,sl
fesx1s,2020-01-21,2020-01-22,train,-1.0,0.005777327222203948,0.25,0.25,1,0.005029115934811701,1,pt
fesx1s,2020-01-22,2020-01-23,train,-1.0,0.0059107832241952095,0.25,0.25,1,0.008512902367323605,1,pt
fesx1s,2020-01-23,2020-01-24,train,-1.0,0.006235489633443157,0.25,0.25,1,-0.010732492621474687,0,sl
fesx1s,2020-01-24,2020-01-27,train,1.0,0.0063460260581715885,0.25,0.25,1,-0.02548447040175761,0,sl
fesx1s,2020-01-27,2020-01-28,train,1.0,0.008575662124167303,0.25,0.25,1,0.010351402888443273,1,pt
fesx1s,2020-01-28,2020-01-29,train,-1.0,0.008948850825706331,0.25,0.25,1,-0.00566190347762574,0,sl
fesx1s,2020-01-29,2020-01-30,train,1.0,0.008727340132436923,0.25,0.25,1,-0.013672922252143893,0,sl
fesx1s,2020-01-30,2020-01-31,train,-1.0,0.008582140700878989,0.25,0.25,1,0.010872519706511263,1,pt
fesx1s,2020-01-31,2020-02-03,train,1.0,0.008746185322623603,0.25,0.25,1,0.004122011541904502,1,pt
fesx1s,2020-02-03,2020-02-04,train,1.0,0.008814675118719091,0.25,0.25,1,0.018609742747201397,1,pt
fesx1s,2020-02-04,2020-02-05,train,1.0,0.009817436294157274,0.25,0.25,1,0.012896292316428859,1,pt
fesx1s,2020-02-05,2020-02-06,train,1.0,0.010232551868661885,0.25,0.25,1,0.007692307692307665,1,pt
fesx1s,2020-02-06,2020-02-07,train,-1.0,0.010301745220730765,0.25,0.25,1,0.001579362989611366,1,vert
fesx1s,2020-02-07,2020-02-10,train,-1.0,0.010308473845632155,0.25,0.25,1,0.0010545742158547533,1,vert
fesx1s,2020-02-10,2020-02-11,train,-1.0,0.010261185845812879,0.25,0.25,1,-0.00950118764832153,0,sl
fesx1s,2020-02-11,2020-02-12,train,1.0,0.010458154393841072,0.25,0.25,1,0.005751633987055138,1,pt
fesx1s,2020-02-12,2020-02-13,train,1.0,0.010497037291095171,0.25,0.25,1,-0.0028593709384563404,0,sl
fesx1s,2020-02-13,2020-02-14,train,1.0,0.01053540712853092,0.25,0.25,1,0.0002606882174067682,1,vert
fesx1s,2020-02-14,2020-02-17,train,1.0,0.010376104629549625,0.25,0.25,1,0.00312744331380177,1,pt
fesx1s,2020-02-17,2020-02-18,train,1.0,0.010381526215877686,0.25,0.25,1,-0.005196154844519518,0,sl
fesx1s,2020-02-18,2020-02-19,train,1.0,0.01043216411845052,0.25,0.25,1,0.007834943850080212,1,pt
fesx1s,2020-02-19,2020-02-20,train,1.0,0.010457390519435948,0.25,0.25,1,-0.006219227780361325,0,sl
fesx1s,2020-02-20,2020-02-21,train,1.0,0.010354960743421864,0.25,0.25,1,-0.010691003911923014,0,sl
fesx1s,2020-02-21,2020-02-24,train,1.0,0.010455666697580992,0.25,0.25,1,-0.039272535580836876,0,sl
fesx1s,2020-02-24,2020-02-25,train,1.0,0.012598834996570447,0.25,0.25,1,-0.020301783265537443,0,sl
fesx1s,2020-02-25,2020-02-26,train,1.0,0.013101146121902057,0.25,0.25,1,0.0008401008117520092,1,vert
fesx1s,2020-02-26,2020-02-27,train,1.0,0.012999212009555004,0.25,0.25,1,-0.03273642977112168,0,sl
fesx1s,2020-02-27,2020-02-28,train,1.0,0.014557485455849492,0.25,0.25,1,-0.04136534567432937,0,sl
fesx1s,2020-02-28,2020-03-02,train,1.0,0.016932869624905603,0.25,0.25,1,0.007543753771650508,1,pt
fesx1s,2020-03-02,2020-03-03,train,1.0,0.017042558548106556,0.25,0.25,1,0.004492362983223419,1,pt
fesx1s,2020-03-03,2020-03-04,train,1.0,0.016324142749779603,0.25,0.25,1,0.01699463327310613,1,pt
fesx1s,2020-03-04,2020-03-05,train,1.0,0.01658167715771961,0.25,0.25,1,-0.012899442978888898,0,sl
fesx1s,2020-03-05,2020-03-06,train,1.0,0.01639322265661148,0.25,0.25,1,-0.03979803979798102,0,sl
fesx1s,2020-03-06,2020-03-09,train,1.0,0.018072205049871642,0.25,0.25,1,-0.07980204144797765,0,sl
fesx1s,2020-03-09,2020-03-10,train,1.0,0.024572362105367642,0.25,0.25,1,-0.020504201680273115,0,sl
fesx1s,2020-03-10,2020-03-11,train,1.0,0.024101438148400364,0.25,0.25,1,-0.006863417980972786,0,sl
fesx1s,2020-03-11,2020-03-12,train,1.0,0.02373085487635658,0.25,0.25,1,-0.11299239806537698,0,sl
fesx1s,2020-03-12,2020-03-13,train,1.0,0.033286398352807334,0.25,0.25,1,-0.006232956760012787,0,vert
fesx1s,2020-03-13,2020-03-16,train,1.0,0.03310825898004984,0.25,0.25,1,-0.051744413953708324,0,sl
fesx1s,2020-03-16,2020-03-17,train,1.0,0.03339210494858525,0.25,0.25,1,0.031210459719660077,1,pt
fesx1s,2020-03-17,2020-03-18,train,1.0,0.035323935365964454,0.25,0.25,1,-0.05357873210580011,0,sl
fesx1s,2020-03-18,2020-03-19,train,1.0,0.03538327108989509,0.25,0.25,1,0.02895419187583337,1,pt
fesx1s,2020-03-19,2020-03-20,train,1.0,0.03714265373172658,0.25,0.25,1,0.032759344813689806,1,pt
fesx1s,2020-03-20,2020-03-23,train,1.0,0.03907194049803541,0.25,0.25,1,-0.02318015453564215,0,sl
fesx1s,2020-03-23,2020-03-24,train,1.0,0.03881391986216925,0.25,0.25,1,0.09741881765377158,1,pt
fesx1s,2020-03-24,2020-03-25,train,1.0,0.046286349430274654,0.25,0.25,1,0.033383915022305866,1,pt
fesx1s,2020-03-25,2020-03-26,train,1.0,0.04737303359047415,0.25,0.25,1,0.017621145375152025,1,pt
fesx1s,2020-03-26,2020-03-27,train,1.0,0.04756435816290621,0.25,0.25,1,-0.04256854257042164,0,sl
fesx1s,2020-03-27,2020-03-30,train,1.0,0.04760992171079255,0.25,0.25,1,0.022607385081376608,1,pt
fesx1s,2020-03-30,2020-03-31,train,1.0,0.04801288651018687,0.25,0.25,1,0.012159174648177062,1,pt
fesx1s,2020-03-31,2020-04-01,train,1.0,0.04815814764320049,0.25,0.25,1,-0.042227884965009954,0,sl
fesx1s,2020-04-01,2020-04-02,train,1.0,0.04833269188172276,0.25,0.25,1,0.005321170658869168,1,vert
fesx1s,2020-04-02,2020-04-03,train,1.0,0.048485505229929796,0.25,0.25,1,-0.0045368620052825825,0,vert
fesx1s,2020-04-03,2020-04-06,train,1.0,0.04799699385915944,0.25,0.25,1,0.051652107862071084,1,pt
fesx1s,2020-04-06,2020-04-07,train,-1.0,0.04643743454066109,0.25,0.25,1,-0.01950162513557885,0,sl
fesx1s,2020-04-07,2020-04-08,train,-1.0,0.04647749220457157,0.25,0.25,1,0.004605030109893216,1,vert
fesx1s,2020-04-08,2020-04-09,train,1.0,0.04646405336219704,0.25,0.25,1,0.016014234875151967,1,pt
fesx1s,2020-04-09,2020-04-14,train,-1.0,0.037064042542025825,0.25,0.25,1,-0.010507880910493927,0,sl
fesx1s,2020-04-14,2020-04-15,train,-1.0,0.03695389933446344,0.25,0.25,1,0.040207972269971526,1,pt
fesx1s,2020-04-15,2020-04-16,train,1.0,0.0360022915187679,0.25,0.25,1,0.0061394005053170275,1,vert
fesx1s,2020-04-16,2020-04-17,train,1.0,0.03559398016619694,0.25,0.25,1,0.020459440058572254,1,pt
fesx1s,2020-04-17,2020-04-20,train,-1.0,0.03259189024940944,0.25,0.25,1,-0.00844178684521446,0,sl
fesx1s,2020-04-20,2020-04-21,train,-1.0,0.03230827225693426,0.25,0.25,1,0.03871642832349309,1,pt
fesx1s,2020-04-21,2020-04-22,train,1.0,0.03358236720871587,0.25,0.25,1,0.015965166909629902,1,pt
fesx1s,2020-04-22,2020-04-23,train,1.0,0.03293002089265544,0.25,0.25,1,0.008571428571764628,1,pt
fesx1s,2020-04-23,2020-04-24,train,1.0,0.026129705418199013,0.25,0.25,1,-0.01805949008661889,0,sl
fesx1s,2020-04-24,2020-04-27,train,-1.0,0.025595670678008584,0.25,0.25,1,-0.024882798413331964,0,sl
fesx1s,2020-04-27,2020-04-28,train,1.0,0.025885775917457145,0.25,0.25,1,0.01794510907729907,1,pt
fesx1s,2020-04-28,2020-04-29,train,-1.0,0.023857843398606925,0.25,0.25,1,-0.02523332181342086,0,sl
fesx1s,2020-04-29,2020-04-30,train,-1.0,0.023966575483888874,0.25,0.25,1,0.02663519892264221,1,pt
fesx1s,2020-04-30,2020-05-04,train,-1.0,0.024885966755455142,0.25,0.25,1,0.034984412885054494,1,pt
fesx1s,2020-05-04,2020-05-05,train,1.0,0.024206615040221303,0.25,0.25,1,0.023689877962822292,1,pt
fesx1s,2020-05-05,2020-05-06,train,-1.0,0.024637623649768972,0.25,0.25,1,0.011220196355511303,1,pt
fesx1s,2020-05-06,2020-05-07,train,-1.0,0.02480276967285495,0.25,0.25,1,-0.014539007092277068,0,sl
fesx1s,2020-05-07,2020-05-08,train,-1.0,0.022410434979799974,0.25,0.25,1,-0.01048584411026754,0,sl
fesx1s,2020-05-08,2020-05-11,train,-1.0,0.022127853613083635,0.25,0.25,1,0.008301625732956452,1,pt
fesx1s,2020-05-11,2020-05-12,train,1.0,0.0221947707198704,0.25,0.25,1,0.001743983256097037,1,vert
fesx1s,2020-05-12,2020-05-13,train,1.0,0.021919203953075225,0.25,0.25,1,-0.02820334261739621,0,sl
fesx1s,2020-05-13,2020-05-14,train,1.0,0.022693227422642754,0.25,0.25,1,-0.01970619849646771,0,sl
fesx1s,2020-05-14,2020-05-15,train,1.0,0.02120613266520126,0.25,0.25,1,0.006213450292118505,1,pt
fesx1s,2020-05-15,2020-05-18,train,-1.0,0.02120736648179392,0.25,0.25,1,-0.05484925535803953,0,sl
fesx1s,2020-05-18,2020-05-19,train,-1.0,0.02402959890455808,0.25,0.25,1,0.003099173551734391,1,vert
fesx1s,2020-05-19,2020-05-20,train,-1.0,0.023982219282737145,0.25,0.25,1,-0.01381692573294968,0,sl
fesx1s,2020-05-20,2020-05-21,train,1.0,0.022199684066593898,0.25,0.25,1,-0.014650766609771826,0,sl
fesx1s,2020-05-21,2020-05-22,train,1.0,0.022332868342006176,0.25,0.25,1,0.0017289073313431214,1,vert
fesx1s,2020-05-22,2020-05-25,train,1.0,0.02227367258328156,0.25,0.25,1,0.020711080427631368,1,pt
fesx1s,2020-05-25,2020-05-26,train,1.0,0.02217217605937049,0.25,0.25,1,0.01251268177246323,1,pt
fesx1s,2020-05-26,2020-05-27,train,-1.0,0.02171790864027602,0.25,0.25,1,-0.0146960587828604,0,sl
fesx1s,2020-05-27,2020-05-28,train,-1.0,0.02161180198711805,0.25,0.25,1,-0.017774851876378728,0,sl
fesx1s,2020-05-28,2020-05-29,train,-1.0,0.021271149996646855,0.25,0.25,1,0.014877102200014147,1,pt
fesx1s,2020-05-29,2020-06-01,train,-1.0,0.02056501091319941,0.25,0.25,1,-0.016743269863667365,0,sl
fesx1s,2020-06-01,2020-06-02,train,-1.0,0.01867560167405975,0.25,0.25,1,-0.01549886987468696,0,sl
fesx1s,2020-06-02,2020-06-03,train,1.0,0.018348842818578282,0.25,0.25,1,0.03688394276588047,1,pt
fesx1s,2020-06-03,2020-06-04,train,1.0,0.019199925614996886,0.25,0.25,1,-0.00245323520545504,0,vert
fesx1s,2020-06-04,2020-06-05,train,1.0,0.01923940516089912,0.25,0.25,1,0.03934829388346639,1,pt
fesx1s,2020-06-05,2020-06-08,train,-1.0,0.02053537756724516,0.25,0.25,1,0.0044365572315073765,1,vert
fesx1s,2020-06-08,2020-06-09,train,1.0,0.020392143215079726,0.25,0.25,1,-0.013963161021589898,0,sl
fesx1s,2020-06-09,2020-06-10,train,-1.0,0.020946979810108075,0.25,0.25,1,0.006327206989516387,1,pt
fesx1s,2020-06-10,2020-06-11,train,1.0,0.01948248037401364,0.25,0.25,1,-0.04426925409494553,0,sl
fesx1s,2020-06-11,2020-06-12,train,1.0,0.02207309600436629,0.25,0.25,1,-0.004124365482308989,0,vert
fesx1s,2020-06-12,2020-06-15,train,1.0,0.022215167793047705,0.25,0.25,1,-0.0012742911752134933,0,vert
fesx1s,2020-06-15,2020-06-16,train,1.0,0.019324074542185654,0.25,0.25,1,0.03377291733656729,1,pt
fesx1s,2020-06-16,2020-06-17,train,1.0,0.020319354339854434,0.25,0.25,1,0.006845052894004944,1,pt
fesx1s,2020-06-17,2020-06-18,train,1.0,0.02023334821378211,0.25,0.25,1,-0.005253399258659419,0,sl
fesx1s,2020-06-18,2020-06-19,train,-1.0,0.01984573527599778,0.25,0.25,1,-0.008387698043377467,0,sl
fesx1s,2020-06-19,2020-06-22,train,-1.0,0.019829949052747563,0.25,0.25,1,0.009550215650603322,1,pt
fesx1s,2020-06-22,2020-06-23,train,-1.0,0.01982193512947106,0.25,0.25,1,-0.020839813376066996,0,sl
fesx1s,2020-06-23,2020-06-24,train,-1.0,0.02007534248220213,0.25,0.25,1,0.03168799512468501,1,pt
fesx1s,2020-06-24,2020-06-25,train,1.0,0.021570763929528062,0.25,0.25,1,0.009439899306110888,1,pt
fesx1s,2020-06-25,2020-06-26,train,1.0,0.02134803331313626,0.25,0.25,1,-0.00810473815293844,0,sl
fesx1s,2020-06-26,2020-06-29,train,1.0,0.021110366424306595,0.25,0.25,1,0.012570710243685612,1,pt
fesx1s,2020-06-29,2020-06-30,train,-1.0,0.02098644981264702,0.25,0.25,1,-0.0003103662321726208,0,vert
fesx1s,2020-06-30,2020-07-01,train,-1.0,0.020765059544882312,0.25,0.25,1,0.005584858827516692,1,pt
fesx1s,2020-07-01,2020-07-02,train,1.0,0.01914196069172824,0.25,0.25,1,0.029953198129744063,1,pt
fesx1s,2020-07-02,2020-07-03,train,-1.0,0.020267336746695553,0.25,0.25,1,0.009088155105049678,1,pt
fesx1s,2020-07-03,2020-07-06,train,1.0,0.018344897502826234,0.25,0.25,1,0.020788749616965863,1,pt
fesx1s,2020-07-06,2020-07-07,train,-1.0,0.018957534091447015,0.25,0.25,1,0.008086253369760432,1,pt
fesx1s,2020-07-07,2020-07-08,train,-1.0,0.018770971247273466,0.25,0.25,1,0.011473429950290437,1,pt
fesx1s,2020-07-08,2020-07-09,train,-1.0,0.018903349029177948,0.25,0.25,1,0.0073304825905397,1,pt
fesx1s,2020-07-09,2020-07-10,train,1.0,0.015757285538471024,0.25,0.25,1,0.010769230769875682,1,pt
fesx1s,2020-07-10,2020-07-13,train,-1.0,0.01580535591370961,0.25,0.25,1,-0.017656012175490288,0,sl
fesx1s,2020-07-13,2020-07-14,train,-1.0,0.01611216818622851,0.25,0.25,1,0.011666168111097996,1,pt
fesx1s,2020-07-14,2020-07-15,train,-1.0,0.014853781736228361,0.25,0.25,1,-0.02148910411538485,0,sl
fesx1s,2020-07-15,2020-07-16,train,-1.0,0.015470296596454347,0.25,0.25,1,0.0050370370373379325,1,pt
fesx1s,2020-07-16,2020-07-17,train,-1.0,0.015464918993073342,0.25,0.25,1,-0.00029779630734361184,0,vert
fesx1s,2020-07-17,2020-07-20,train,-1.0,0.01539863208771934,0.25,0.25,1,-0.007442691277612434,0,sl
fesx1s,2020-07-20,2020-07-21,train,-1.0,0.015209860077092836,0.25,0.25,1,-0.0041371158394898355,0,sl
fesx1s,2020-07-21,2020-07-22,train,-1.0,0.014614329574488431,0.25,0.25,1,0.010594467334354096,1,pt
fesx1s,2020-07-22,2020-07-23,train,-1.0,0.012641756948038398,0.25,0.25,1,-0.0011897679953123408,0,vert
fesx1s,2020-07-23,2020-07-24,train,-1.0,0.01254974294115643,0.25,0.25,1,0.019013666071563295,1,pt
fesx1s,2020-07-24,2020-07-27,train,-1.0,0.013262076292595688,0.25,0.25,1,0.0009085402786725982,1,vert
fesx1s,2020-07-27,2020-07-28,train,-1.0,0.013032687078301063,0.25,0.25,1,-0.0006062443164953635,0,vert
fesx1s,2020-07-28,2020-07-29,train,-1.0,0.013031815113255508,0.25,0.25,1,0.0009088155105049234,1,vert
fesx1s,2020-07-29,2020-07-30,train,-1.0,0.012944981249123435,0.25,0.25,1,0.032140691329974325,1,pt
fesx1s,2020-07-30,2020-07-31,train,1.0,0.01330731885846164,0.25,0.25,1,-0.0028195488701747706,0,vert
fesx1s,2020-07-31,2020-08-03,train,1.0,0.013195727240613627,0.25,0.25,1,0.020420986489752213,1,pt
fesx1s,2020-08-03,2020-08-04,train,-1.0,0.013164404588249088,0.25,0.25,1,0.0006157635468349021,1,vert
fesx1s,2020-08-04,2020-08-05,train,-1.0,0.013068859068299942,0.25,0.25,1,-0.004621072089001643,0,sl
fesx1s,2020-08-05,2020-08-06,train,-1.0,0.012881368463984397,0.25,0.25,1,0.007359705612214773,1,pt
fesx1s,2020-08-06,2020-08-07,train,-1.0,0.012882231183229127,0.25,0.25,1,-0.0015446400989498343,0,vert
fesx1s,2020-08-07,2020-08-10,train,-1.0,0.012634228683088783,0.25,0.25,1,-0.0033929673043369135,0,sl
fesx1s,2020-08-10,2020-08-11,train,-1.0,0.011941626928982239,0.25,0.25,1,-0.02244082385410917,0,sl
fesx1s,2020-08-11,2020-08-12,train,-1.0,0.012771879643772965,0.25,0.25,1,-0.010823812387908083,0,sl
fesx1s,2020-08-12,2020-08-13,train,-1.0,0.012062564996384606,0.25,0.25,1,0.0053539559789052005,1,pt
fesx1s,2020-08-13,2020-08-14,train,-1.0,0.012069524319373812,0.25,0.25,1,0.011961722486680704,1,pt
fesx1s,2020-08-14,2020-08-17,train,1.0,0.012353913057833054,0.25,0.25,1,0.0006053268744450335,1,vert
fesx1s,2020-08-17,2020-08-18,train,1.0,0.012207815667528129,0.25,0.25,1,-0.008771929822993685,0,sl
fesx1s,2020-08-18,2020-08-19,train,1.0,0.012255228392204713,0.25,0.25,1,0.01068050045624891,1,pt
fesx1s,2020-08-19,2020-08-20,train,1.0,0.01237049464574228,0.25,0.25,1,-0.012379227051794839,0,sl
fesx1s,2020-08-20,2020-08-21,train,1.0,0.012631513597362152,0.25,0.25,1,-0.006420055029425109,0,sl
fesx1s,2020-08-21,2020-08-24,train,1.0,0.011993198649407209,0.25,0.25,1,0.023999999999298582,1,pt
fesx1s,2020-08-24,2020-08-25,train,1.0,0.013185548454467129,0.25,0.25,1,0.0003004807692490452,1,vert
fesx1s,2020-08-25,2020-08-26,train,1.0,0.013185520051618972,0.25,0.25,1,0.006908981676597481,1,pt
fesx1s,2020-08-26,2020-08-27,train,-1.0,0.013259076714189742,0.25,0.25,1,0.008353221957542956,1,pt
fesx1s,2020-08-27,2020-08-28,train,-1.0,0.010941180355265546,0.25,0.25,1,0.0033092659448457074,1,pt
fesx1s,2020-08-28,2020-08-31,train,-1.0,0.01095318462160406,0.25,0.25,1,0.014488379111370242,1,pt
fesx1s,2020-08-31,2020-09-01,train,1.0,0.01066861659054283,0.25,0.25,1,0.001837672281886027,1,vert
fesx1s,2020-09-01,2020-09-02,train,1.0,0.010672096101694464,0.25,0.25,1,0.017425863649171758,1,pt
fesx1s,2020-09-02,2020-09-03,train,-1.0,0.011293774829452912,0.25,0.25,1,0.010516826921625366,1,pt
fesx1s,2020-09-03,2020-09-04,train,1.0,0.011440050955077267,0.25,0.25,1,-0.013969025205805896,0,sl
fesx1s,2020-09-04,2020-09-07,train,-1.0,0.011913557122438006,0.25,0.25,1,-0.019094548813293866,0,sl
fesx1s,2020-09-07,2020-09-08,train,-1.0,0.012625293457765769,0.25,0.25,1,0.012390450285750032,1,pt
fesx1s,2020-09-08,2020-09-09,train,-1.0,0.011899988467947042,0.25,0.25,1,-0.018665850672179296,0,sl
fesx1s,2020-09-09,2020-09-10,train,-1.0,0.012412461297286882,0.25,0.25,1,0.004205467107494032,1,pt
fesx1s,2020-09-10,2020-09-11,train,-1.0,0.012391270258514808,0.25,0.25,1,-0.0018099547512413494,0,vert
fesx1s,2020-09-11,2020-09-14,train,-1.0,0.012092322635118773,0.25,0.25,1,0.0006022282445412586,1,vert
fesx1s,2020-09-14,2020-09-15,train,-1.0,0.012093505398377247,0.25,0.25,1,-0.004838221954787336,0,sl
fesx1s,2020-09-15,2020-09-16,train,-1.0,0.011942455062444556,0.25,0.25,1,0.0006018657851400988,1,vert
fesx1s,2020-09-16,2020-09-17,train,-1.0,0.011722070763653137,0.25,0.25,1,0.003914483587769357,1,pt
fesx1s,2020-09-17,2020-09-18,train,-1.0,0.011383049011318713,0.25,0.25,1,0.008464328899900564,1,pt
fesx1s,2020-09-18,2020-09-21,train,-1.0,0.011460517096403286,0.25,0.25,1,0.04237804878015816,1,pt
fesx1s,2020-09-21,2020-09-22,train,-1.0,0.013897011510704278,0.25,0.25,1,-0.007004138807938709,0,sl
fesx1s,2020-09-22,2020-09-23,train,1.0,0.01405256018734142,0.25,0.25,1,0.0022130888408755656,1,vert
fesx1s,2020-09-23,2020-09-24,train,1.0,0.013928737397953167,0.25,0.25,1,-0.0072555205051143545,0,sl
fesx1s,2020-09-24,2020-09-25,train,-1.0,0.013906761812926823,0.25,0.25,1,0.008897362567805822,1,pt
fesx1s,2020-09-25,2020-09-28,train,-1.0,0.013979568686539576,0.25,0.25,1,-0.03174094261034699,0,sl
fesx1s,2020-09-28,2020-09-29,train,-1.0,0.015612909221324207,0.25,0.25,1,0.004661280298006831,1,pt
fesx1s,2020-09-29,2020-09-30,train,1.0,0.01562851142091538,0.25,0.25,1,-0.0028098657511002045,0,vert
fesx1s,2020-09-30,2020-10-01,train,1.0,0.015035248590586595,0.25,0.25,1,-0.005009392612541741,0,sl
fesx1s,2020-10-01,2020-10-02,train,-1.0,0.014916994650248453,0.25,0.25,1,-0.0,0,vert
fesx1s,2020-10-02,2020-10-05,train,-1.0,0.014626829291872357,0.25,0.25,1,-0.011327879170281774,0,sl
fesx1s,2020-10-05,2020-10-06,train,1.0,0.014174612679706353,0.25,0.25,1,0.004044803983166423,1,pt
fesx1s,2020-10-06,2020-10-07,train,-1.0,0.013967631036831967,0.25,0.25,1,0.001239541370038566,1,vert
fesx1s,2020-10-07,2020-10-08,train,-1.0,0.013236869129723647,0.25,0.25,1,-0.008997828110278938,0,sl
fesx1s,2020-10-08,2020-10-09,train,-1.0,0.01341784883313763,0.25,0.25,1,-0.003382533824684675,0,sl
fesx1s,2020-10-09,2020-10-12,train,-1.0,0.013438330955273333,0.25,0.25,1,-0.00950045970072777,0,sl
fesx1s,2020-10-12,2020-10-13,train,-1.0,0.013629016315214636,0.25,0.25,1,0.008196721312182187,1,pt
fesx1s,2020-10-13,2020-10-14,train,1.0,0.013688315914197644,0.25,0.25,1,0.0,0,vert
fesx1s,2020-10-14,2020-10-15,train,1.0,0.013689551347073238,0.25,0.25,1,-0.026323844505595217,0,sl
fesx1s,2020-10-15,2020-10-16,train,-1.0,0.014856745319129899,0.25,0.25,1,-0.01886199308484815,0,sl
fesx1s,2020-10-16,2020-10-19,train,-1.0,0.015458147259430337,0.25,0.25,1,0.001542733726191181,1,vert
fesx1s,2020-10-19,2020-10-20,train,-1.0,0.011765687195599965,0.25,0.25,1,0.0030902348576455907,1,pt
fesx1s,2020-10-20,2020-10-21,train,-1.0,0.011733899556439135,0.25,0.25,1,0.017048977060248882,1,pt
fesx1s,2020-10-21,2020-10-22,train,-1.0,0.012410228088248038,0.25,0.25,1,0.0028382213815135726,1,vert
fesx1s,2020-10-22,2020-10-23,train,-1.0,0.012312140387622305,0.25,0.25,1,-0.006957621759228649,0,sl
fesx1s,2020-10-23,2020-10-26,train,-1.0,0.012200619408141357,0.25,0.25,1,0.027324120604640956,1,pt
fesx1s,2020-10-26,2020-10-27,train,-1.0,0.01162391475427405,0.25,0.25,1,0.009363900548745807,1,pt
fesx1s,2020-10-27,2020-10-28,train,1.0,0.011730755750387406,0.25,0.25,1,-0.03976531942505157,0,sl
fesx1s,2020-10-28,2020-10-29,train,1.0,0.014544487111419474,0.25,0.25,1,0.0010183299374206811,1,vert
fesx1s,2020-10-29,2020-10-30,train,1.0,0.014585697319517931,0.25,0.25,1,0.003390979992993204,1,vert
fesx1s,2020-10-30,2020-11-02,train,1.0,0.01465087118271209,0.25,0.25,1,0.018249408585585325,1,pt
fesx1s,2020-11-02,2020-11-03,train,1.0,0.015087233257837007,0.25,0.25,1,0.027215399933161022,1,pt
fesx1s,2020-11-03,2020-11-04,train,1.0,0.016465109841139323,0.25,0.25,1,0.019063004845694342,1,pt
fesx1s,2020-11-04,2020-11-05,train,-1.0,0.017121465771696365,0.25,0.25,1,-0.018072289156745525,0,sl
fesx1s,2020-11-05,2020-11-06,train,-1.0,0.017510414966011155,0.25,0.25,1,0.004048582994388261,1,vert
fesx1s,2020-11-06,2020-11-09,train,-1.0,0.01749968139904411,0.25,0.25,1,-0.06504065040511309,0,sl
fesx1s,2020-11-09,2020-11-10,train,-1.0,0.02255298907945533,0.25,0.25,1,-0.013211978861986218,0,sl
fesx1s,2020-11-10,2020-11-11,train,-1.0,0.022565035956128274,0.25,0.25,1,-0.004926108373247251,0,vert
fesx1s,2020-11-11,2020-11-12,train,-1.0,0.02256038848619264,0.25,0.25,1,0.010380622836278275,1,pt
fesx1s,2020-11-12,2020-11-13,train,-1.0,0.02171288680893016,0.25,0.25,1,-0.0017482517477294124,0,vert
fesx1s,2020-11-13,2020-11-16,train,-1.0,0.02143007845965313,0.25,0.25,1,-0.009307737057010712,0,sl
fesx1s,2020-11-16,2020-11-17,train,-1.0,0.021447054723963188,0.25,0.25,1,0.0008645533148607942,1,vert
fesx1s,2020-11-17,2020-11-18,train,-1.0,0.021416788193098765,0.25,0.25,1,-0.0037496394582918757,0,vert
fesx1s,2020-11-18,2020-11-19,train,1.0,0.02085088142961335,0.25,0.25,1,-0.008908045978000767,0,sl
fesx1s,2020-11-19,2020-11-20,train,1.0,0.021010427880360887,0.25,0.25,1,0.004059147579139166,1,vert
fesx1s,2020-11-20,2020-11-23,train,1.0,0.021001614169956693,0.25,0.25,1,0.0020213687564796246,1,vert
fesx1s,2020-11-23,2020-11-24,train,1.0,0.019632128437660743,0.25,0.25,1,0.010086455330727384,1,pt
fesx1s,2020-11-24,2020-11-25,train,-1.0,0.019324346076558863,0.25,0.25,1,-0.0019971469320283486,0,vert
fesx1s,2020-11-25,2020-11-26,train,-1.0,0.015886237973651685,0.25,0.25,1,-0.0002847380425612389,0,vert
fesx1s,2020-11-26,2020-11-27,train,-1.0,0.01590594125639548,0.25,0.25,1,-0.005408482778279655,0,sl
fesx1s,2020-11-27,2020-11-30,train,-1.0,0.01587659734329156,0.25,0.25,1,0.0076443941116433045,1,pt
fesx1s,2020-11-30,2020-12-01,train,-1.0,0.016130830173687875,0.25,0.25,1,-0.006562054208623325,0,sl
fesx1s,2020-12-01,2020-12-02,train,-1.0,0.015478720214208014,0.25,0.25,1,0.003117913833559416,1,vert
fesx1s,2020-12-02,2020-12-03,train,-1.0,0.015337143394740821,0.25,0.25,1,0.00028433323814280875,1,vert
fesx1s,2020-12-03,2020-12-04,train,-1.0,0.015096655972567019,0.25,0.25,1,-0.004835039818834819,0,sl
fesx1s,2020-12-04,2020-12-07,train,-1.0,0.014960572287129683,0.25,0.25,1,0.0019813189934003717,1,vert
fesx1s,2020-12-07,2020-12-08,train,-1.0,0.006164983746257796,0.25,0.25,1,-0.0,0,vert
fesx1s,2020-12-08,2020-12-09,train,-1.0,0.005556832686423614,0.25,0.25,1,-0.00170164492488456,0,sl
fesx1s,2020-12-09,2020-12-10,train,-1.0,0.005485990874286272,0.25,0.25,1,0.002548131370547657,1,pt
fesx1s,2020-12-10,2020-12-11,train,-1.0,0.004877042392338495,0.25,0.25,1,0.010786261708827904,1,pt
fesx1s,2020-12-11,2020-12-14,train,1.0,0.005579613064045826,0.25,0.25,1,0.006312769008821384,1,pt
fesx1s,2020-12-14,2020-12-15,train,-1.0,0.005374744008527786,0.25,0.25,1,-0.005439450328913242,0,sl
fesx1s,2020-12-15,2020-12-16,train,-1.0,0.005471937815008512,0.25,0.25,1,-0.004271070616027606,0,sl
fesx1s,2020-12-16,2020-12-17,train,-1.0,0.005487623227990249,0.25,0.25,1,-0.005387014459563799,0,sl
fesx1s,2020-12-17,2020-12-18,train,-1.0,0.005056371615756916,0.25,0.25,1,0.0053581500278869765,1,pt
fesx1s,2020-12-18,2020-12-21,train,-1.0,0.00525001985879034,0.25,0.25,1,0.02721859937628479,1,pt
fesx1s,2020-12-21,2020-12-22,train,-1.0,0.00828242384990101,0.25,0.25,1,-0.014573010783382134,0,sl
fesx1s,2020-12-22,2020-12-23,train,-1.0,0.008627451674060628,0.25,0.25,1,-0.013214593508303896,0,sl
fesx1s,2020-12-23,2020-12-28,train,-1.0,0.009117910273888705,0.25,0.25,1,-0.01020697476610688,0,sl
fesx1s,2020-12-28,2020-12-29,train,-1.0,0.009374126836285102,0.25,0.25,1,-0.0011226494533553844,0,vert
fesx1s,2020-12-29,2020-12-30,train,-1.0,0.009314982424763243,0.25,0.25,1,0.004765909728389528,1,pt
fesx1s,2020-12-30,2021-01-04,train,-1.0,0.009199859555388209,0.25,0.25,1,-0.00028169014052159547,0,vert
fesx1s,2021-01-04,2021-01-05,train,-1.0,0.009101590438414069,0.25,0.25,1,0.00675865953253707,1,pt
fesx1s,2021-01-05,2021-01-06,train,-1.0,0.009214833856301709,0.25,0.25,1,-0.02239863906974171,0,sl
fesx1s,2021-01-06,2021-01-07,train,-1.0,0.01042124371335218,0.25,0.25,1,-0.0024958402671841906,0,vert
fesx1s,2021-01-07,2021-01-08,train,-1.0,0.010394695401260867,0.25,0.25,1,-0.001936376209918711,0,vert
fesx1s,2021-01-08,2021-01-11,train,-1.0,0.01036550278176257,0.25,0.25,1,0.003865267809115447,1,pt
fesx1s,2021-01-11,2021-01-12,train,-1.0,0.010431808288125035,0.25,0.25,1,0.0022172948995901054,1,vert
fesx1s,2021-01-12,2021-01-13,train,-1.0,0.01046165422603266,0.25,0.25,1,-0.0016666666666698138,0,vert
fesx1s,2021-01-13,2021-01-14,train,-1.0,0.01042548724310782,0.25,0.25,1,-0.0063782584584564095,0,sl
fesx1s,2021-01-14,2021-01-15,train,-1.0,0.010068714420268505,0.25,0.25,1,0.012124552217627538,1,pt
fesx1s,2021-01-15,2021-01-18,train,1.0,0.010514596014384496,0.25,0.25,1,0.0016736401673655976,1,vert
fesx1s,2021-01-18,2021-01-19,train,1.0,0.010470505449022513,0.25,0.25,1,-0.0011138958513793318,0,vert
fesx1s,2021-01-19,2021-01-20,train,1.0,0.010454388677835403,0.25,0.25,1,0.006969612489235999,1,pt
fesx1s,2021-01-20,2021-01-21,train,1.0,0.01049608554625211,0.25,0.25,1,0.0013842746404095774,1,vert
fesx1s,2021-01-21,2021-01-22,train,1.0,0.010391030396658694,0.25,0.25,1,-0.008017694222061333,0,sl
fesx1s,2021-01-22,2021-01-25,train,1.0,0.008228365489382045,0.25,0.25,1,-0.013377926421430542,0,sl
fesx1s,2021-01-25,2021-01-26,train,1.0,0.00841196502115819,0.25,0.25,1,0.01384180790930678,1,pt
fesx1s,2021-01-26,2021-01-27,train,1.0,0.008460540172712694,0.25,0.25,1,-0.015881861241760498,0,sl
fesx1s,2021-01-27,2021-01-28,train,1.0,0.008957704502750297,0.25,0.25,1,0.004530011323732097,1,pt
fesx1s,2021-01-28,2021-01-29,train,-1.0,0.009020824906275085,0.25,0.25,1,0.01972942502693975,1,pt
fesx1s,2021-01-29,2021-02-01,train,1.0,0.010002138971836768,0.25,0.25,1,0.013513513513861986,1,pt
fesx1s,2021-02-01,2021-02-02,train,1.0,0.010511154920043439,0.25,0.25,1,0.015886524822058323,1,pt
fesx1s,2021-02-02,2021-02-03,train,1.0,0.010985156273303317,0.25,0.25,1,0.004468025691797051,1,pt
fesx1s,2021-02-03,2021-02-04,train,-1.0,0.009822684433772528,0.25,0.25,1,-0.010008340283579331,0,sl
fesx1s,2021-02-04,2021-02-05,train,-1.0,0.010066243681157981,0.25,0.25,1,-0.0038535645465767043,0,sl
fesx1s,2021-02-05,2021-02-08,train,-1.0,0.010092139685809872,0.25,0.25,1,-0.00575815738869867,0,sl
fesx1s,2021-02-08,2021-02-09,train,-1.0,0.010109681254805167,0.25,0.25,1,0.003816793892512327,1,pt
fesx1s,2021-02-09,2021-02-10,train,-1.0,0.010141424104544302,0.25,0.25,1,0.003557744936747431,1,pt
fesx1s,2021-02-10,2021-02-11,train,-1.0,0.010183757028149483,0.25,0.25,1,-0.005767646250091962,0,sl
fesx1s,2021-02-11,2021-02-12,train,-1.0,0.010166217905316816,0.25,0.25,1,-0.007373020208497172,0,sl
fesx1s,2021-02-12,2021-02-15,train,-1.0,0.009819561172582264,0.25,0.25,1,-0.011656275413097772,0,sl
fesx1s,2021-02-15,2021-02-16,train,-1.0,0.01007937381753244,0.25,0.25,1,0.0032154340836071382,1,pt
fesx1s,2021-02-16,2021-02-17,train,-1.0,0.010123712441802359,0.25,0.25,1,0.0061827956992454025,1,pt
fesx1s,2021-02-17,2021-02-18,train,-1.0,0.010199976243286016,0.25,0.25,1,0.005950770894089463,1,pt
fesx1s,2021-02-18,2021-02-19,train,1.0,0.010323347977388769,0.25,0.25,1,0.010612244897030498,1,pt
fesx1s,2021-02-19,2021-02-22,train,1.0,0.010322645346579859,0.25,0.25,1,-0.003769520731751852,0,sl
fesx1s,2021-02-22,2021-02-23,train,1.0,0.009785346094111915,0.25,0.25,1,-0.005405405406655239,0,sl
fesx1s,2021-02-23,2021-02-24,train,1.0,0.009531300936195856,0.25,0.25,1,0.005978260870205032,1,pt
fesx1s,2021-02-24,2021-02-25,train,-1.0,0.008663755951496736,0.25,0.25,1,0.003781739599602152,1,pt
fesx1s,2021-02-25,2021-02-26,train,1.0,0.008753004371935852,0.25,0.25,1,-0.016540130151552646,0,sl
fesx1s,2021-02-26,2021-03-01,train,1.0,0.008346722266507,0.25,0.25,1,0.02040253653095414,1,pt
fesx1s,2021-03-01,2021-03-02,train,1.0,0.008946406929082077,0.25,0.25,1,0.0010807889765753753,1,vert
fesx1s,2021-03-02,2021-03-03,train,1.0,0.008379855045135921,0.25,0.25,1,0.0013495276637669473,1,vert
fesx1s,2021-03-03,2021-03-04,train,1.0,0.008354838828009449,0.25,0.25,1,-0.001886792452524988,0,vert
fesx1s,2021-03-04,2021-03-05,train,1.0,0.008144368652007211,0.25,0.25,1,-0.009991898460418813,0,sl
fesx1s,2021-03-05,2021-03-08,train,1.0,0.00847037226849585,0.25,0.25,1,0.027004909984625014,1,pt
fesx1s,2021-03-08,2021-03-09,train,1.0,0.010279166069256976,0.25,0.25,1,0.006640106241400545,1,pt
fesx1s,2021-03-09,2021-03-10,train,1.0,0.010270121364828256,0.25,0.25,1,0.0073878627956294185,1,pt
fesx1s,2021-03-10,2021-03-11,train,1.0,0.010258806442179068,0.25,0.25,1,0.0068098480892251345,1,pt
fesx1s,2021-03-11,2021-03-12,train,1.0,0.010279346970680281,0.25,0.25,1,-0.0031217481789839185,0,sl
fesx1s,2021-03-12,2021-03-15,train,1.0,0.010282226902569757,0.25,0.25,1,-0.0007828810029888444,0,vert
fesx1s,2021-03-15,2021-03-16,train,1.0,0.010038008112579098,0.25,0.25,1,0.005571769701404161,1,pt
fesx1s,2021-03-16,2021-03-17,train,1.0,0.010022600616267172,0.25,0.25,1,0.0005277044847498136,1,vert
fesx1s,2021-03-17,2021-03-18,train,1.0,0.009854128607375827,0.25,0.25,1,0.004746835443562025,1,pt
fesx1s,2021-03-18,2021-03-19,train,1.0,0.009684447783076054,0.25,0.25,1,-0.007349081365240928,0,sl
fesx1s,2021-03-19,2021-03-22,train,1.0,0.00973839900362681,0.25,0.25,1,-0.0023796932842392593,0,vert
fesx1s,2021-03-22,2021-03-23,train,1.0,0.009702080221181601,0.25,0.25,1,0.0,0,vert
fesx1s,2021-03-23,2021-03-24,train,1.0,0.009565510714336593,0.25,0.25,1,-0.0002650410809970083,0,vert
fesx1s,2021-03-24,2021-03-25,train,1.0,0.009532372253883883,0.25,0.25,1,-0.0005302226945900212,0,vert
fesx1s,2021-03-25,2021-03-26,train,1.0,0.009460723124271582,0.25,0.25,1,0.01034482758615729,1,pt
fesx1s,2021-03-26,2021-03-29,train,-1.0,0.008553465015161538,0.25,0.25,1,-0.005513258074193006,0,sl
fesx1s,2021-03-29,2021-03-30,train,-1.0,0.0075976332707360815,0.25,0.25,1,-0.01096605744009671,0,sl
fesx1s,2021-03-30,2021-03-31,train,-1.0,0.007815387520221281,0.25,0.25,1,0.0015495867764473426,1,vert
fesx1s,2021-03-31,2021-04-01,train,-1.0,0.007874186323915148,0.25,0.25,1,-0.006983962752972861,0,sl
fesx1s,2021-04-01,2021-04-06,train,-1.0,0.007842494800985615,0.25,0.25,1,-0.00693552530084296,0,sl
fesx1s,2021-04-06,2021-04-07,train,-1.0,0.0072167050602417885,0.25,0.25,1,0.0028061224485212977,1,pt
fesx1s,2021-04-07,2021-04-08,train,-1.0,0.005067212983662545,0.25,0.25,1,-0.00409311844410265,0,sl
fesx1s,2021-04-08,2021-04-09,train,-1.0,0.00499436885208439,0.25,0.25,1,-0.0002547770714376174,0,vert
fesx1s,2021-04-09,2021-04-12,train,-1.0,0.004884912736520799,0.25,0.25,1,0.0028018339289301863,1,pt
fesx1s,2021-04-12,2021-04-13,train,-1.0,0.004880166886118262,0.25,0.25,1,-0.0005108556842896572,0,vert
fesx1s,2021-04-13,2021-04-14,train,-1.0,0.004756857614342058,0.25,0.25,1,-0.0028082716359949522,0,sl
fesx1s,2021-04-14,2021-04-15,train,-1.0,0.00471836689090873,0.25,0.25,1,-0.0035641547863523027,0,sl
fesx1s,2021-04-15,2021-04-16,train,-1.0,0.004661378088097654,0.25,0.25,1,-0.010400811769907481,0,sl
fesx1s,2021-04-16,2021-04-19,train,-1.0,0.0050062635821253405,0.25,0.25,1,0.0015064022089887885,1,pt
fesx1s,2021-04-19,2021-04-20,train,-1.0,0.005051151926581089,0.25,0.25,1,0.021121448327375836,1,pt
fesx1s,2021-04-20,2021-04-21,train,1.0,0.007019745504584073,0.25,0.25,1,0.009761109684347513,1,pt
fesx1s,2021-04-21,2021-04-22,train,1.0,0.007191492075108219,0.25,0.25,1,0.00941236326526651,1,pt
fesx1s,2021-04-22,2021-04-23,train,-1.0,0.007354121764135543,0.25,0.25,1,0.0002520161286798661,1,vert
fesx1s,2021-04-23,2021-04-26,train,-1.0,0.007353862693501338,0.25,0.25,1,-0.0022687169147959096,0,sl
fesx1s,2021-04-26,2021-04-27,train,-1.0,0.007319311152739413,0.25,0.25,1,0.004024144868710278,1,pt
fesx1s,2021-04-27,2021-04-28,train,-1.0,0.0072335505806000715,0.25,0.25,1,-0.003282828281664374,0,sl
fesx1s,2021-04-28,2021-04-29,train,-1.0,0.007193052284103799,0.25,0.25,1,0.004278882455727162,1,pt
fesx1s,2021-04-29,2021-04-30,train,1.0,0.006983638292962289,0.25,0.25,1,-0.0040444893844232555,0,sl
fesx1s,2021-04-30,2021-05-03,train,1.0,0.0070551544951312824,0.25,0.25,1,0.005329949239746057,1,pt
fesx1s,2021-05-03,2021-05-04,train,1.0,0.006990712171250767,0.25,0.25,1,-0.019187073971807855,0,sl
fesx1s,2021-05-04,2021-05-05,train,1.0,0.008166252888044177,0.25,0.25,1,0.021621621621101816,1,pt
fesx1s,2021-05-05,2021-05-06,train,-1.0,0.009484538213773234,0.25,0.25,1,-0.0,0,vert
fesx1s,2021-05-06,2021-05-07,train,-1.0,0.009453140455540009,0.25,0.25,1,-0.010330057950064253,0,sl
fesx1s,2021-05-07,2021-05-10,train,-1.0,0.009698707432544694,0.25,0.25,1,-0.0002493765582547436,0,vert
fesx1s,2021-05-10,2021-05-11,train,-1.0,0.009658617743686685,0.25,0.25,1,0.022188980303608052,1,pt
fesx1s,2021-05-11,2021-05-12,train,1.0,0.011014326504906401,0.25,0.25,1,0.0035696073433926223,1,pt
fesx1s,2021-05-12,2021-05-13,train,1.0,0.011025566531904714,0.25,0.25,1,0.0010162601611798383,1,vert
fesx1s,2021-05-13,2021-05-14,train,1.0,0.010998246261208208,0.25,0.25,1,0.016751269036247685,1,pt
fesx1s,2021-05-14,2021-05-17,train,-1.0,0.011391445122597505,0.25,0.25,1,0.001497753369545607,1,vert
fesx1s,2021-05-17,2021-05-18,train,-1.0,0.011391373433543846,0.25,0.25,1,-0.0012499999999491251,0,vert
fesx1s,2021-05-18,2021-05-19,train,-1.0,0.010189723880014977,0.25,0.25,1,0.018726591761233036,1,pt
fesx1s,2021-05-19,2021-05-20,train,1.0,0.010944861253721008,0.25,0.25,1,0.013994910942647376,1,pt
fesx1s,2021-05-20,2021-05-21,train,-1.0,0.011193241775017121,0.25,0.25,1,-0.008030112922452926,0,sl
fesx1s,2021-05-21,2021-05-24,train,-1.0,0.011326400268361528,0.25,0.25,1,-0.006472491910479272,0,sl
fesx1s,2021-05-24,2021-05-25,train,-1.0,0.011396743217622877,0.25,0.25,1,0.001731387584414379,1,vert
fesx1s,2021-05-25,2021-05-26,train,-1.0,0.011356580150747479,0.25,0.25,1,0.0019821605539160903,1,vert
fesx1s,2021-05-26,2021-05-27,train,1.0,0.011360780892591231,0.25,0.25,1,0.0024826216483586627,1,vert
fesx1s,2021-05-27,2021-05-28,train,1.0,0.011305438130978134,0.25,0.25,1,0.006934125803560454,1,pt
fesx1s,2021-05-28,2021-05-31,train,-1.0,0.011312013592249029,0.25,0.25,1,0.007624200688000404,1,pt
fesx1s,2021-05-31,2021-06-01,train,-1.0,0.011457023081053978,0.25,0.25,1,-0.008674101610554041,0,sl
fesx1s,2021-06-01,2021-06-02,train,-1.0,0.010518624801892263,0.25,0.25,1,-0.0034398034399993893,0,sl
fesx1s,2021-06-02,2021-06-03,train,-1.0,0.009525065764236446,0.25,0.25,1,-0.0004897159657182293,0,vert
fesx1s,2021-06-03,2021-06-04,train,-1.0,0.00952183081033744,0.25,0.25,1,-0.0007342143895747721,0,vert
fesx1s,2021-06-04,2021-06-07,train,-1.0,0.009292702185192826,0.25,0.25,1,-0.0024455857176810536,0,sl
fesx1s,2021-06-07,2021-06-08,train,-1.0,0.009296622770243113,0.25,0.25,1,-0.0,0,vert
fesx1s,2021-06-08,2021-06-09,train,-1.0,0.007485921375648106,0.25,0.25,1,-0.0002439619415959271,0,vert
fesx1s,2021-06-09,2021-06-10,train,-1.0,0.00749106526542073,0.25,0.25,1,0.0007317073160504339,1,vert
fesx1s,2021-06-10,2021-06-11,train,-1.0,0.0075138152807422455,0.25,0.25,1,-0.007322431046808964,0,sl
fesx1s,2021-06-11,2021-06-14,train,-1.0,0.006813329934699349,0.25,0.25,1,-0.002423067603488205,0,sl
fesx1s,2021-06-14,2021-06-15,train,-1.0,0.0067791799008086505,0.25,0.25,1,-0.001698204755386623,0,sl
fesx1s,2021-06-15,2021-06-16,train,-1.0,0.006778408413629048,0.25,0.25,1,-0.00193751513613738,0,sl
fesx1s,2021-06-16,2021-06-17,train,-1.0,0.004738090412529863,0.25,0.25,1,-0.0009668842160845958,0,vert
fesx1s,2021-06-17,2021-06-18,train,-1.0,0.003953935024586438,0.25,0.25,1,0.01907751750852038,1,pt
fesx1s,2021-06-18,2021-06-21,train,1.0,0.005989082375598726,0.25,0.25,1,0.007877892664206243,1,pt
fesx1s,2021-06-21,2021-06-22,train,-1.0,0.00606676251156995,0.25,0.25,1,-0.00427454811858663,0,sl
fesx1s,2021-06-22,2021-06-23,train,-1.0,0.0060827649989892724,0.25,0.25,1,0.010580080262673763,1,pt
fesx1s,2021-06-23,2021-06-24,train,-1.0,0.006599974542383641,0.25,0.25,1,-0.009955752212442714,0,sl
fesx1s,2021-06-24,2021-06-25,train,-1.0,0.006908537319562773,0.25,0.25,1,-0.0,0,vert
fesx1s,2021-06-25,2021-06-28,train,-1.0,0.00677130979432889,0.25,0.25,1,0.007910429596283297,1,pt
fesx1s,2021-06-28,2021-06-29,train,-1.0,0.006790323766595668,0.25,0.25,1,-0.005274779195148849,0,sl
fesx1s,2021-06-29,2021-06-30,train,-1.0,0.00662219318994019,0.25,0.25,1,0.010250152532873313,1,pt
fesx1s,2021-06-30,2021-07-01,train,1.0,0.0070051922427513905,0.25,0.25,1,0.0020959191234062313,1,pt
fesx1s,2021-07-01,2021-07-02,train,1.0,0.007022286492255332,0.25,0.25,1,0.0008612204726501371,1,vert
fesx1s,2021-07-02,2021-07-05,val,1.0,0.007023125867985216,0.25,0.25,1,0.0024585125985725487,1,pt
fesx1s,2021-07-05,2021-07-06,val,1.0,0.007023370424396737,0.25,0.25,1,-0.010913549968213254,0,sl
fesx1s,2021-07-06,2021-07-07,val,-1.0,0.007433351650218026,0.25,0.25,1,-0.007810562856653158,0,sl
fesx1s,2021-07-07,2021-07-08,val,-1.0,0.007667319381447487,0.25,0.25,1,0.020789765039036845,1,pt
fesx1s,2021-07-08,2021-07-09,val,1.0,0.008964787960782341,0.25,0.25,1,0.018090452261571244,1,pt
fesx1s,2021-07-09,2021-07-12,val,-1.0,0.009777755533813305,0.25,0.25,1,-0.009131293188378686,0,sl
fesx1s,2021-07-12,2021-07-13,val,-1.0,0.01000220862063184,0.25,0.25,1,0.0020787478613262245,1,vert
fesx1s,2021-07-13,2021-07-14,val,-1.0,0.00999615846818426,0.25,0.25,1,-0.0026957480709839388,0,sl
fesx1s,2021-07-14,2021-07-15,val,-1.0,0.010007645846673711,0.25,0.25,1,0.011242820481147886,1,pt
fesx1s,2021-07-15,2021-07-16,val,-1.0,0.010282088034953443,0.25,0.25,1,0.0059325176133628865,1,pt
fesx1s,2021-07-16,2021-07-19,val,1.0,0.00944594167552083,0.25,0.25,1,-0.02648265572424502,0,sl
fesx1s,2021-07-19,2021-07-20,val,1.0,0.010904284199424642,0.25,0.25,1,0.008812260536561922,1,pt
fesx1s,2021-07-20,2021-07-21,val,1.0,0.01109074239005136,0.25,0.25,1,0.017597164196883508,1,pt
fesx1s,2021-07-21,2021-07-22,val,-1.0,0.011701788685011707,0.25,0.25,1,-0.007713361532674767,0,sl
fesx1s,2021-07-22,2021-07-23,val,1.0,0.011606862252725631,0.25,0.25,1,0.013703703703463077,1,pt
fesx1s,2021-07-23,2021-07-26,val,-1.0,0.01204197147834746,0.25,0.25,1,0.002922908293523485,1,vert
fesx1s,2021-07-26,2021-07-27,val,-1.0,0.011920297451875478,0.25,0.25,1,0.008183705874800884,1,pt
fesx1s,2021-07-27,2021-07-28,val,1.0,0.012000692009607485,0.25,0.25,1,0.008990147782819813,1,pt
fesx1s,2021-07-28,2021-07-29,val,-1.0,0.011941595302553011,0.25,0.25,1,-0.0039057732212866014,0,sl
fesx1s,2021-07-29,2021-07-30,val,-1.0,0.011961047295646354,0.25,0.25,1,0.005957446808316114,1,pt
fesx1s,2021-07-30,2021-08-02,val,-1.0,0.012050338365529914,0.25,0.25,1,-0.006360078278488057,0,sl
fesx1s,2021-08-02,2021-08-03,val,-1.0,0.012118842510474235,0.25,0.25,1,0.00024307243611465523,1,vert
fesx1s,2021-08-03,2021-08-04,val,-1.0,0.011820546923439602,0.25,0.25,1,-0.006078288354067984,0,sl
fesx1s,2021-08-04,2021-08-05,val,-1.0,0.01177464460212181,0.25,0.25,1,-0.004470758820605658,0,sl
fesx1s,2021-08-05,2021-08-06,val,-1.0,0.010599516656629874,0.25,0.25,1,-0.00348851196865807,0,sl
fesx1s,2021-08-06,2021-08-09,val,-1.0,0.009940830365015873,0.25,0.25,1,-0.0013186286258548563,0,vert
fesx1s,2021-08-09,2021-08-10,val,-1.0,0.009776904364033957,0.25,0.25,1,-0.0022746318688822154,0,vert
fesx1s,2021-08-10,2021-08-11,val,-1.0,0.009751753793815912,0.25,0.25,1,-0.003463927378047016,0,sl
fesx1s,2021-08-11,2021-08-12,val,-1.0,0.009759106461052077,0.25,0.25,1,-0.005475538625383525,0,sl
fesx1s,2021-08-12,2021-08-13,val,-1.0,0.009328517626380128,0.25,0.25,1,-0.000473540903126235,0,vert
fesx1s,2021-08-13,2021-08-16,val,-1.0,0.009143592597614762,0.25,0.25,1,0.007336409892272688,1,pt
fesx1s,2021-08-16,2021-08-17,val,-1.0,0.006517245722669948,0.25,0.25,1,0.00035761115824617384,1,vert
fesx1s,2021-08-17,2021-08-18,val,-1.0,0.0064439515311152775,0.25,0.25,1,0.001669449082209784,1,pt
fesx1s,2021-08-18,2021-08-19,val,-1.0,0.005541949220874758,0.25,0.25,1,0.01600573339632616,1,pt
fesx1s,2021-08-19,2021-08-20,val,1.0,0.006702165265529272,0.25,0.25,1,0.005341102209400539,1,pt
fesx1s,2021-08-20,2021-08-23,val,1.0,0.0061006915019486225,0.25,0.25,1,0.009297271191160972,1,pt
fesx1s,2021-08-23,2021-08-24,val,-1.0,0.006350784516269504,0.25,0.25,1,0.0010766838145770397,1,vert
fesx1s,2021-08-24,2021-08-25,val,-1.0,0.005993671129860186,0.25,0.25,1,-0.00047904191558978404,0,vert
fesx1s,2021-08-25,2021-08-26,val,-1.0,0.005725096839713467,0.25,0.25,1,0.002154656451830439,1,pt
fesx1s,2021-08-26,2021-08-27,val,-1.0,0.00572237112138998,0.25,0.25,1,-0.004318618041887712,0,sl
fesx1s,2021-08-27,2021-08-30,val,1.0,0.005553359579256079,0.25,0.25,1,0.0028666985202647766,1,pt
fesx1s,2021-08-30,2021-08-31,val,1.0,0.005436664232436707,0.25,0.25,1,-0.003930443068620892,0,sl
fesx1s,2021-08-31,2021-09-01,val,1.0,0.005543252167585752,0.25,0.25,1,0.010044242495918176,1,pt
fesx1s,2021-09-01,2021-09-02,val,1.0,0.005802510618743915,0.25,0.25,1,0.002130934059262568,1,pt
fesx1s,2021-09-02,2021-09-03,val,1.0,0.005753002074590701,0.25,0.25,1,-0.007914943886240366,0,sl
fesx1s,2021-09-03,2021-09-06,val,1.0,0.00604387282701434,0.25,0.25,1,0.010478685401538623,1,pt
fesx1s,2021-09-06,2021-09-07,val,-1.0,0.00645114123669114,0.25,0.25,1,0.004360122554718848,1,pt
fesx1s,2021-09-07,2021-09-08,val,-1.0,0.006541145919351233,0.25,0.25,1,0.010297076577099773,1,pt
fesx1s,2021-09-08,2021-09-09,val,1.0,0.006925271126833335,0.25,0.25,1,-0.0011958861510047436,0,vert
fesx1s,2021-09-09,2021-09-10,val,1.0,0.006796006219390217,0.25,0.25,1,-0.002155172413622064,0,sl
fesx1s,2021-09-10,2021-09-13,val,1.0,0.006800298843054236,0.25,0.25,1,0.004799616029794507,1,pt
fesx1s,2021-09-13,2021-09-14,val,1.0,0.006715656400113609,0.25,0.25,1,0.00012026458215452784,1,vert
fesx1s,2021-09-14,2021-09-15,val,1.0,0.0067155021744913015,0.25,0.25,1,-0.00877825877880134,0,sl
fesx1s,2021-09-15,2021-09-16,val,1.0,0.006989912578344748,0.25,0.25,1,0.00436734198819444,1,pt
fesx1s,2021-09-16,2021-09-17,val,1.0,0.005996924611393901,0.25,0.25,1,-0.012320328543160897,0,sl
fesx1s,2021-09-17,2021-09-20,val,1.0,0.006546310491216179,0.25,0.25,1,-0.01822184175094943,0,sl
fesx1s,2021-09-20,2021-09-21,val,1.0,0.007301188784506728,0.25,0.25,1,0.01270553064385993,1,pt
fesx1s,2021-09-21,2021-09-22,val,1.0,0.00797155876177866,0.25,0.25,1,0.014268142680259333,1,pt
fesx1s,2021-09-22,2021-09-23,val,1.0,0.008661330704599896,0.25,0.25,1,0.012369633762904675,1,pt
fesx1s,2021-09-23,2021-09-24,val,-1.0,0.00909014259835924,0.25,0.25,1,0.00898418783010091,1,pt
fesx1s,2021-09-24,2021-09-27,val,1.0,0.009277351843847452,0.25,0.25,1,0.002538377855609175,1,pt
fesx1s,2021-09-27,2021-09-28,val,1.0,0.009271873478024469,0.25,0.25,1,-0.0244755244759719,0,sl
fesx1s,2021-09-28,2021-09-29,val,1.0,0.0107592500920998,0.25,0.25,1,0.004325794093198443,1,pt
fesx1s,2021-09-29,2021-09-30,val,1.0,0.010517770472345804,0.25,0.25,1,-0.0036918533109729923,0,sl
fesx1s,2021-09-30,2021-10-01,val,1.0,0.010490198881114805,0.25,0.25,1,-0.009757905137693479,0,sl
fesx1s,2021-10-01,2021-10-04,val,-1.0,0.010554879448454407,0.25,0.25,1,0.006236746913283908,1,pt
fesx1s,2021-10-04,2021-10-05,val,-1.0,0.010176386350572188,0.25,0.25,1,-0.016693862181627717,0,sl
fesx1s,2021-10-05,2021-10-06,val,-1.0,0.011045357624167277,0.25,0.25,1,0.013086419752824208,1,pt
fesx1s,2021-10-06,2021-10-07,val,-1.0,0.011178176054292029,0.25,0.25,1,-0.020765574179928636,0,sl
fesx1s,2021-10-07,2021-10-08,val,1.0,0.012255884652873012,0.25,0.25,1,-0.003799019606883225,0,sl
fesx1s,2021-10-08,2021-10-11,val,1.0,0.012270966138991608,0.25,0.25,1,-0.001845245418772068,0,vert
fesx1s,2021-10-11,2021-10-12,val,1.0,0.012198804187140411,0.25,0.25,1,-0.0039438008371686095,0,sl
fesx1s,2021-10-12,2021-10-13,val,1.0,0.012209171322674447,0.25,0.25,1,0.007671368472868645,1,pt
fesx1s,2021-10-13,2021-10-14,val,-1.0,0.01223951268163269,0.25,0.25,1,-0.015839882121630122,0,sl
fesx1s,2021-10-14,2021-10-15,val,1.0,0.012735311601570456,0.25,0.25,1,0.00785688383894545,1,pt
fesx1s,2021-10-15,2021-10-18,val,1.0,0.012502967609707214,0.25,0.25,1,-0.006116574718690204,0,sl
fesx1s,2021-10-18,2021-10-19,val,1.0,0.011783599556287945,0.25,0.25,1,0.0036201279117893392,1,pt
fesx1s,2021-10-19,2021-10-20,val,1.0,0.011508396320548443,0.25,0.25,1,0.0008416496337979584,1,vert
fesx1s,2021-10-20,2021-10-21,val,1.0,0.011092531294226285,0.25,0.25,1,-0.004204709275352214,0,sl
fesx1s,2021-10-21,2021-10-22,val,1.0,0.010776131206314614,0.25,0.25,1,0.008444927012027481,1,pt
fesx1s,2021-10-22,2021-10-25,val,-1.0,0.010742966510114521,0.25,0.25,1,-0.0011963153494605194,0,vert
fesx1s,2021-10-25,2021-10-26,val,-1.0,0.010733894360882765,0.25,0.25,1,-0.00848368980640446,0,sl
fesx1s,2021-10-26,2021-10-27,val,-1.0,0.009065010350792182,0.25,0.25,1,0.002962085306693174,1,pt
fesx1s,2021-10-27,2021-10-28,val,-1.0,0.009117899628736595,0.25,0.25,1,-0.0024955436719475976,0,sl
fesx1s,2021-10-28,2021-10-29,val,-1.0,0.009027924854412315,0.25,0.25,1,-0.0045045045040812415,0,sl
fesx1s,2021-10-29,2021-11-01,val,-1.0,0.008594849111652482,0.25,0.25,1,-0.009086617889249915,0,sl
fesx1s,2021-11-01,2021-11-02,val,1.0,0.008428336958314343,0.25,0.25,1,0.003040580049413766,1,pt
fesx1s,2021-11-02,2021-11-03,val,1.0,0.007851638855061023,0.25,0.25,1,0.002798181182383397,1,pt
fesx1s,2021-11-03,2021-11-04,val,1.0,0.006888168684678535,0.25,0.25,1,0.005348215323958572,1,pt
fesx1s,2021-11-04,2021-11-05,val,-1.0,0.005653699354666451,0.25,0.25,1,-0.006129293397208135,0,sl
fesx1s,2021-11-05,2021-11-08,val,-1.0,0.005466502325508006,0.25,0.25,1,0.00045977011522435607,1,vert
fesx1s,2021-11-08,2021-11-09,val,-1.0,0.0054049597129154515,0.25,0.25,1,0.0029898804050727534,1,pt
fesx1s,2021-11-09,2021-11-10,val,-1.0,0.005339684787398532,0.25,0.25,1,-0.0012687427904631843,0,vert
fesx1s,2021-11-10,2021-11-11,val,-1.0,0.005269936319788185,0.25,0.25,1,-0.00195829973625683,0,sl
fesx1s,2021-11-11,2021-11-12,val,-1.0,0.004370415104324666,0.25,0.25,1,-0.003793975625817847,0,sl
fesx1s,2021-11-12,2021-11-15,val,-1.0,0.00420163256771115,0.25,0.25,1,-0.001718016263403399,0,sl
fesx1s,2021-11-15,2021-11-16,val,-1.0,0.003709722428509154,0.25,0.25,1,-0.005259547221746486,0,sl
fesx1s,2021-11-16,2021-11-17,val,-1.0,0.0037487315887552615,0.25,0.25,1,0.0001137397634912718,1,vert
fesx1s,2021-11-17,2021-11-18,val,-1.0,0.003780634149346741,0.25,0.25,1,0.003981344556322708,1,pt
fesx1s,2021-11-18,2021-11-19,val,-1.0,0.0037592283715482443,0.25,0.25,1,0.005253540429575376,1,pt
fesx1s,2021-11-19,2021-11-22,val,1.0,0.003914481964422666,0.25,0.25,1,-0.0030998851897979796,0,sl
fesx1s,2021-11-22,2021-11-23,val,1.0,0.004078916928498818,0.25,0.25,1,-0.012207762293900526,0,sl
fesx1s,2021-11-23,2021-11-24,val,1.0,0.004869263184913926,0.25,0.25,1,-0.0026815902997185947,0,sl
fesx1s,2021-11-24,2021-11-25,val,1.0,0.00485818960674318,0.25,0.25,1,0.0028057049335168394,1,pt
fesx1s,2021-11-25,2021-11-26,val,1.0,0.004864285813386188,0.25,0.25,1,-0.04779668920452984,0,sl
fesx1s,2021-11-26,2021-11-29,val,1.0,0.012083876212636619,0.25,0.25,1,0.005386875612160225,1,pt
fesx1s,2021-11-29,2021-11-30,val,1.0,0.011936757796979296,0.25,0.25,1,-0.007062834876852664,0,sl
fesx1s,2021-11-30,2021-12-01,val,1.0,0.011925605575565826,0.25,0.25,1,0.024527839097620907,1,pt
fesx1s,2021-12-01,2021-12-02,val,1.0,0.013312044067830505,0.25,0.25,1,-0.015561407708792663,0,sl
fesx1s,2021-12-02,2021-12-03,val,1.0,0.013574744754047022,0.25,0.25,1,-0.01070038910509652,0,sl
fesx1s,2021-12-03,2021-12-06,val,1.0,0.013535067845821612,0.25,0.25,1,0.01855948869207391,1,pt
fesx1s,2021-12-06,2021-12-07,val,1.0,0.014377049512060413,0.25,0.25,1,0.03125377096794457,1,pt
fesx1s,2021-12-07,2021-12-08,val,-1.0,0.016175211123824036,0.25,0.25,1,0.009127076995965155,1,pt
fesx1s,2021-12-08,2021-12-09,val,1.0,0.016275737372688358,0.25,0.25,1,-0.006376948511201075,0,sl
fesx1s,2021-12-09,2021-12-10,val,1.0,0.0162965120974709,0.25,0.25,1,-0.0016638935118356013,0,vert
fesx1s,2021-12-10,2021-12-13,val,1.0,0.016246130085410385,0.25,0.25,1,-0.004642857142509782,0,sl
fesx1s,2021-12-13,2021-12-14,val,1.0,0.01623326592094123,0.25,0.25,1,-0.006967803939693207,0,sl
fesx1s,2021-12-14,2021-12-15,val,1.0,0.016166323866952943,0.25,0.25,1,0.0025405274608465422,1,vert
fesx1s,2021-12-15,2021-12-16,val,1.0,0.01620088214088116,0.25,0.25,1,0.01158440931588256,1,pt
fesx1s,2021-12-16,2021-12-17,val,-1.0,0.016505664814909917,0.25,0.25,1,0.010974591434795955,1,pt
fesx1s,2021-12-17,2021-12-20,val,1.0,0.016616604263636557,0.25,0.25,1,-0.013388011095708752,0,sl
fesx1s,2021-12-20,2021-12-21,val,1.0,0.01680573952269013,0.25,0.25,1,0.0157701711491951,1,pt
fesx1s,2021-12-21,2021-12-22,val,1.0,0.01713025656542063,0.25,0.25,1,0.00890600553518306,1,pt
fesx1s,2021-12-22,2021-12-23,val,1.0,0.01727753273272075,0.25,0.25,1,0.013598950257269982,1,pt
fesx1s,2021-12-23,2021-12-27,val,-1.0,0.01755815389818215,0.25,0.25,1,-0.0069436271622951296,0,sl
fesx1s,2021-12-27,2021-12-28,val,1.0,0.013335097787058289,0.25,0.25,1,0.005376344085895379,1,pt
fesx1s,2021-12-28,2021-12-29,val,-1.0,0.013334980979900204,0.25,0.25,1,0.008137642409025592,1,pt
fesx1s,2021-12-29,2021-12-30,val,1.0,0.013378272538248026,0.25,0.25,1,0.005039849976579136,1,pt
fesx1s,2021-12-30,2022-01-03,val,-1.0,0.012387977569103552,0.25,0.25,1,-0.008629737609944232,0,sl
fesx1s,2022-01-03,2022-01-04,test,1.0,0.011787618040761519,0.25,0.25,1,0.00508729332764668,1,pt
fesx1s,2022-01-04,2022-01-05,test,1.0,0.01135710894103952,0.25,0.25,1,0.007592315656237414,1,pt
fesx1s,2022-01-05,2022-01-06,test,-1.0,0.010858814958204848,0.25,0.25,1,0.01598355976613819,1,pt
fesx1s,2022-01-06,2022-01-07,test,-1.0,0.009524104874958639,0.25,0.25,1,0.005105000580600816,1,pt
fesx1s,2022-01-07,2022-01-10,test,-1.0,0.00934576913652346,0.25,0.25,1,0.011078717200775023,1,pt
fesx1s,2022-01-10,2022-01-11,test,-1.0,0.00959617414815949,0.25,0.25,1,-0.0070754716983587596,0,sl
fesx1s,2022-01-11,2022-01-12,test,-1.0,0.009684789633260266,0.25,0.25,1,-0.007728337236486915,0,sl
fesx1s,2022-01-12,2022-01-13,test,-1.0,0.009695889607828108,0.25,0.25,1,-0.0,0,vert
fesx1s,2022-01-13,2022-01-14,test,-1.0,0.009491171082078066,0.25,0.25,1,0.010690216128029673,1,pt
fesx1s,2022-01-14,2022-01-17,test,1.0,0.009908440979454808,0.25,0.25,1,0.00845665961911135,1,pt
fesx1s,2022-01-17,2022-01-18,test,-1.0,0.009764356768227105,0.25,0.25,1,0.009433962264944529,1,pt
fesx1s,2022-01-18,2022-01-19,test,-1.0,0.00966745728235381,0.25,0.25,1,0.0008230452676760702,1,vert
fesx1s,2022-01-19,2022-01-20,test,-1.0,0.009045171237314966,0.25,0.25,1,-0.008825606026048094,0,sl
fesx1s,2022-01-20,2022-01-21,test,-1.0,0.008616616208649903,0.25,0.25,1,0.016913565846064627,1,pt
fesx1s,2022-01-21,2022-01-24,test,-1.0,0.009376697161911262,0.25,0.25,1,0.03725676317039195,1,pt
fesx1s,2022-01-24,2022-01-25,test,1.0,0.012193092510520106,0.25,0.25,1,0.004067044614221471,1,pt
fesx1s,2022-01-25,2022-01-26,test,1.0,0.01209555619073898,0.25,0.25,1,0.0197618755365363,1,pt
fesx1s,2022-01-26,2022-01-27,test,-1.0,0.01296441902032114,0.25,0.25,1,-0.0021665864218343156,0,vert
fesx1s,2022-01-27,2022-01-28,test,-1.0,0.012900362045575724,0.25,0.25,1,0.00864760989637492,1,pt
fesx1s,2022-01-28,2022-01-31,test,-1.0,0.01291513245966334,0.25,0.25,1,-0.0038769081668472705,0,sl
fesx1s,2022-01-31,2022-02-01,test,1.0,0.01275521270861329,0.25,0.25,1,0.014844315711983525,1,pt
fesx1s,2022-02-01,2022-02-02,test,1.0,0.01321750475930515,0.25,0.25,1,0.0030919253179031436,1,vert
fesx1s,2022-02-02,2022-02-03,test,1.0,0.013090368636780744,0.25,0.25,1,-0.020391227030324477,0,sl
fesx1s,2022-02-03,2022-02-04,test,-1.0,0.013382416684886524,0.25,0.25,1,0.014522570493878395,1,pt
fesx1s,2022-02-04,2022-02-07,test,1.0,0.01366105774526162,0.25,0.25,1,0.010806827949775943,1,pt
fesx1s,2022-02-07,2022-02-08,test,1.0,0.013815486511235592,0.25,0.25,1,0.00048596768349118413,1,vert
fesx1s,2022-02-08,2022-02-09,test,1.0,0.013679204034115832,0.25,0.25,1,0.01724347298113038,1,pt
fesx1s,2022-02-09,2022-02-10,test,-1.0,0.014175729510440091,0.25,0.25,1,-0.000119374478219747,0,vert
fesx1s,2022-02-10,2022-02-11,test,-1.0,0.014176352257349398,0.25,0.25,1,0.010503700168105201,1,pt
fesx1s,2022-02-11,2022-02-14,test,-1.0,0.014169830867336922,0.25,0.25,1,0.02243667068643551,1,pt
fesx1s,2022-02-14,2022-02-15,test,-1.0,0.014739069531020632,0.25,0.25,1,-0.018015794667936902,0,sl
fesx1s,2022-02-15,2022-02-16,test,-1.0,0.015350465548618615,0.25,0.25,1,-0.0020606060608416854,0,vert
fesx1s,2022-02-16,2022-02-17,test,-1.0,0.015370881409443931,0.25,0.25,1,0.007257771864294882,1,pt
fesx1s,2022-02-17,2022-02-18,test,-1.0,0.015230962074963382,0.25,0.25,1,0.008772998659342002,1,pt
fesx1s,2022-02-18,2022-02-21,test,-1.0,0.01491538296675655,0.25,0.25,1,0.02249539028786185,1,pt
fesx1s,2022-02-21,2022-02-22,test,-1.0,0.013268928757115385,0.25,0.25,1,0.0006287726366775992,1,vert
fesx1s,2022-02-22,2022-02-23,test,-1.0,0.013216006844688618,0.25,0.25,1,0.00226500566158383,1,vert
fesx1s,2022-02-23,2022-02-24,test,-1.0,0.012274634774597611,0.25,0.25,1,0.03556564510080795,1,pt
fesx1s,2022-02-24,2022-02-25,test,1.0,0.014357402206377021,0.25,0.25,1,0.03609258532673665,1,pt
fesx1s,2022-02-25,2022-02-28,test,1.0,0.016821639895650574,0.25,0.25,1,-0.008708822415555373,0,sl
fesx1s,2022-02-28,2022-03-01,test,-1.0,0.016824677821345214,0.25,0.25,1,0.03997962821497625,1,pt
fesx1s,2022-03-01,2022-03-02,test,-1.0,0.018316409174246023,0.25,0.25,1,-0.015517241380038405,0,sl
fesx1s,2022-03-02,2022-03-03,test,1.0,0.018818532987424714,0.25,0.25,1,-0.02363850071789597,0,sl
fesx1s,2022-03-03,2022-03-04,test,1.0,0.01897888264455531,0.25,0.25,1,-0.04802033172930986,0,sl
fesx1s,2022-03-04,2022-03-07,test,1.0,0.02133146977446402,0.25,0.25,1,-0.011381199942885112,0,sl
fesx1s,2022-03-07,2022-03-08,test,1.0,0.020947984425163407,0.25,0.25,1,0.000852757248085867,1,vert
fesx1s,2022-03-08,2022-03-09,test,1.0,0.020955814015647656,0.25,0.25,1,0.062482249361261344,1,pt
fesx1s,2022-03-09,2022-03-10,test,-1.0,0.025454916384598226,0.25,0.25,1,0.026864474739054733,1,pt
fesx1s,2022-03-10,2022-03-11,test,-1.0,0.02586017030915404,0.25,0.25,1,-0.013871720916647012,0,sl
fesx1s,2022-03-11,2022-03-14,test,-1.0,0.026254251295886027,0.25,0.25,1,-0.014359252235309095,0,sl
fesx1s,2022-03-14,2022-03-15,test,-1.0,0.026303019448636673,0.25,0.25,1,0.0010930454977158277,1,vert
fesx1s,2022-03-15,2022-03-16,test,-1.0,0.02581283862036347,0.25,0.25,1,-0.04199151962747649,0,sl
fesx1s,2022-03-16,2022-03-17,test,-1.0,0.027771735619402084,0.25,0.25,1,0.0017064846407361944,1,vert
fesx1s,2022-03-17,2022-03-18,test,-1.0,0.027753880592932663,0.25,0.25,1,-0.0009204470727477432,0,vert
fesx1s,2022-03-18,2022-03-21,test,-1.0,0.027725787894280745,0.25,0.25,1,0.0007882291108517459,1,vert
fesx1s,2022-03-21,2022-03-22,test,-1.0,0.027299809428889793,0.25,0.25,1,-0.007362608466674692,0,sl
fesx1s,2022-03-22,2022-03-23,test,-1.0,0.027364793252114016,0.25,0.25,1,0.013051422604857699,1,pt
fesx1s,2022-03-23,2022-03-24,test,-1.0,0.027505465576786788,0.25,0.25,1,-0.0013224014815871321,0,vert
fesx1s,2022-03-24,2022-03-25,test,-1.0,0.02624434201392603,0.25,0.25,1,-0.0,0,vert
fesx1s,2022-03-25,2022-03-28,test,-1.0,0.024934140378943776,0.25,0.25,1,-0.00792393026893734,0,sl
fesx1s,2022-03-28,2022-03-29,test,1.0,0.024944011917088546,0.25,0.25,1,0.02515723270427328,1,pt
fesx1s,2022-03-29,2022-03-30,test,-1.0,0.023616883887447804,0.25,0.25,1,0.012525562372891264,1,pt
fesx1s,2022-03-30,2022-03-31,test,-1.0,0.023672566197270522,0.25,0.25,1,0.010354646646510313,1,pt
fesx1s,2022-03-31,2022-04-01,test,1.0,0.02309177753276285,0.25,0.25,1,0.003662045512976553,1,vert
fesx1s,2022-04-01,2022-04-04,test,1.0,0.01965980791648953,0.25,0.25,1,0.00964295022141326,1,pt
fesx1s,2022-04-04,2022-04-05,test,-1.0,0.0192981953412296,0.25,0.25,1,0.012132163138048213,1,pt
fesx1s,2022-04-05,2022-04-06,test,1.0,0.01969693923320153,0.25,0.25,1,-0.02273321139240425,0,sl
fesx1s,2022-04-06,2022-04-07,test,1.0,0.01583631655097053,0.25,0.25,1,-0.006149732621233639,0,sl
fesx1s,2022-04-07,2022-04-08,test,1.0,0.014494576441287646,0.25,0.25,1,0.014796879203957003,1,pt
fesx1s,2022-04-08,2022-04-11,test,1.0,0.014534358693744216,0.25,0.25,1,-0.004772004242191374,0,sl
fesx1s,2022-04-11,2022-04-12,test,1.0,0.014326991820808694,0.25,0.25,1,0.0,0,vert
fesx1s,2022-04-12,2022-04-13,test,1.0,0.01431956161282451,0.25,0.25,1,-0.0023974427279638277,0,vert
fesx1s,2022-04-13,2022-04-14,test,1.0,0.010835397213160184,0.25,0.25,1,0.008544726302862626,1,pt
fesx1s,2022-04-14,2022-04-19,test,1.0,0.011031724780707729,0.25,0.25,1,-0.0047656870536237905,0,sl
fesx1s,2022-04-19,2022-04-20,test,-1.0,0.01107105724799821,0.25,0.25,1,-0.016759776536011683,0,sl
fesx1s,2022-04-20,2022-04-21,test,-1.0,0.01172246599208266,0.25,0.25,1,-0.009942438514532803,0,sl
fesx1s,2022-04-21,2022-04-22,test,-1.0,0.011817410841955778,0.25,0.25,1,0.023575129534751937,1,pt
fesx1s,2022-04-22,2022-04-25,test,-1.0,0.012674674761141268,0.25,0.25,1,0.022287078799780535,1,pt
fesx1s,2022-04-25,2022-04-26,test,1.0,0.01361600694014178,0.25,0.25,1,-0.007869742198576501,0,sl
fesx1s,2022-04-26,2022-04-27,test,1.0,0.0136891356473314,0.25,0.25,1,0.0005470459517082915,1,vert
fesx1s,2022-04-27,2022-04-28,test,1.0,0.013514312207475364,0.25,0.25,1,0.013395297977793819,1,pt
fesx1s,2022-04-28,2022-04-29,test,-1.0,0.01251184105641884,0.25,0.25,1,-0.007823037497100449,0,sl
fesx1s,2022-04-29,2022-05-02,test,1.0,0.012492548514461063,0.25,0.25,1,-0.01846895075045063,0,sl
fesx1s,2022-05-02,2022-05-03,test,1.0,0.012923808300551906,0.25,0.25,1,0.010908099264244742,1,pt
fesx1s,2022-05-03,2022-05-04,test,1.0,0.013189298033950693,0.25,0.25,1,-0.007013757755412908,0,sl
fesx1s,2022-05-04,2022-05-05,test,-1.0,0.012960388662062623,0.25,0.25,1,0.008693289868019649,1,pt
fesx1s,2022-05-05,2022-05-06,test,-1.0,0.012846988202682258,0.25,0.25,1,0.010687859687314671,1,pt
fesx1s,2022-05-06,2022-05-09,test,-1.0,0.012081662704301943,0.25,0.25,1,0.0301939058169578,1,pt
fesx1s,2022-05-09,2022-05-10,test,1.0,0.013685688411425742,0.25,0.25,1,0.007712082262873121,1,pt
fesx1s,2022-05-10,2022-05-11,test,1.0,0.013293320499579537,0.25,0.25,1,0.02465986394520958,1,pt
fesx1s,2022-05-11,2022-05-12,test,1.0,0.01465485112136393,0.25,0.25,1,-0.005255878284369131,0,sl
fesx1s,2022-05-12,2022-05-13,test,-1.0,0.014666516537093598,0.25,0.25,1,-0.023637374860744575,0,sl
fesx1s,2022-05-13,2022-05-16,test,1.0,0.015735742031537124,0.25,0.25,1,-0.005704971476220955,0,sl
fesx1s,2022-05-16,2022-05-17,test,-1.0,0.015610970681077413,0.25,0.25,1,-0.016939890711051175,0,sl
fesx1s,2022-05-17,2022-05-18,test,1.0,0.016115233517156394,0.25,0.25,1,-0.014508328854940689,0,sl
fesx1s,2022-05-18,2022-05-19,test,-1.0,0.015881082611779663,0.25,0.25,1,0.013904034896991102,1,pt
fesx1s,2022-05-19,2022-05-20,test,-1.0,0.01583352839608652,0.25,0.25,1,-0.006635333148985012,0,sl
fesx1s,2022-05-20,2022-05-23,test,-1.0,0.015199679699543287,0.25,0.25,1,-0.014281790716465181,0,sl
fesx1s,2022-05-23,2022-05-24,test,-1.0,0.01476501687691811,0.25,0.25,1,0.013539128079941176,1,pt
fesx1s,2022-05-24,2022-05-25,test,-1.0,0.014982633232574752,0.25,0.25,1,-0.010430963492324752,0,sl
fesx1s,2022-05-25,2022-05-26,test,-1.0,0.015167760989143611,0.25,0.25,1,-0.01711491442511104,0,sl
fesx1s,2022-05-26,2022-05-27,test,-1.0,0.015353922524735724,0.25,0.25,1,-0.016025641024683956,0,sl
fesx1s,2022-05-27,2022-05-30,test,-1.0,0.015660577992327417,0.25,0.25,1,-0.00946372239829496,0,sl
fesx1s,2022-05-30,2022-05-31,test,-1.0,0.015063105844439375,0.25,0.25,1,0.014583333332691462,1,pt
fesx1s,2022-05-31,2022-06-01,test,-1.0,0.015379894551022502,0.25,0.25,1,0.008192389006655199,1,pt
fesx1s,2022-06-01,2022-06-02,test,1.0,0.015414931756573007,0.25,0.25,1,0.01119104716264463,1,pt
fesx1s,2022-06-02,2022-06-03,test,-1.0,0.015396866238228193,0.25,0.25,1,0.004479578393959516,1,pt
fesx1s,2022-06-03,2022-06-06,test,1.0,0.015187254195236618,0.25,0.25,1,0.016410799365390805,1,pt
fesx1s,2022-06-06,2022-06-07,test,-1.0,0.013345066337719782,0.25,0.25,1,0.009635416666546659,1,pt
fesx1s,2022-06-07,2022-06-08,test,1.0,0.013695681312782149,0.25,0.25,1,-0.0052590060481158,0,sl
fesx1s,2022-06-08,2022-06-09,test,1.0,0.012930462577572,0.25,0.25,1,-0.015860428232347568,0,sl
fesx1s,2022-06-09,2022-06-10,test,1.0,0.013470268679816964,0.25,0.25,1,-0.034380875637197716,0,sl
fesx1s,2022-06-10,2022-06-13,test,-1.0,0.014793330350196377,0.25,0.25,1,0.025034770514934968,1,pt
fesx1s,2022-06-13,2022-06-14,test,1.0,0.01573195293431221,0.25,0.25,1,-0.008027522935170062,0,sl
fesx1s,2022-06-14,2022-06-15,test,1.0,0.015125299478200906,0.25,0.25,1,0.015895953757687264,1,pt
fesx1s,2022-06-15,2022-06-16,test,-1.0,0.01546253384083603,0.25,0.25,1,0.02645803698595095,1,pt
fesx1s,2022-06-16,2022-06-17,test,-1.0,0.016236903308020967,0.25,0.25,1,-0.00029222676815376936,0,vert
fesx1s,2022-06-17,2022-06-20,test,-1.0,0.01611062907482156,0.25,0.25,1,-0.00788781770486957,0,sl
fesx1s,2022-06-20,2022-06-21,test,-1.0,0.015818313899491336,0.25,0.25,1,-0.008115942028363632,0,sl
fesx1s,2022-06-21,2022-06-22,test,-1.0,0.01580697066009219,0.25,0.25,1,0.006900517539359607,1,pt
fesx1s,2022-06-22,2022-06-23,test,-1.0,0.015561196941876012,0.25,0.25,1,0.007527504341819258,1,pt
fesx1s,2022-06-23,2022-06-24,test,-1.0,0.014860244701355508,0.25,0.25,1,-0.029171528587223383,0,sl
fesx1s,2022-06-24,2022-06-27,test,-1.0,0.0160075466131467,0.25,0.25,1,-0.0019841269853597687,0,vert
fesx1s,2022-06-27,2022-06-28,test,-1.0,0.01577578028244964,0.25,0.25,1,-0.0,0,vert
fesx1s,2022-06-28,2022-06-29,test,-1.0,0.015587542250969037,0.25,0.25,1,0.010183875531205033,1,pt
fesx1s,2022-06-29,2022-06-30,test,-1.0,0.01562834812000606,0.25,0.25,1,0.016576164617600475,1,pt
gc1s,2020-03-16,2020-03-17,train,1.0,0.021061016159462504,1.0,0.25,15,0.02643794146958367,1,pt
gc1s,2020-03-18,2020-03-23,train,1.0,0.022733245533401017,1.0,0.25,15,0.06069422829272608,1,pt
gc1s,2020-03-19,2020-03-23,train,1.0,0.022654924399874616,1.0,0.25,15,0.059690394107854816,1,pt
gc1s,2020-03-20,2020-03-23,train,1.0,0.022159767744789474,1.0,0.25,15,0.05590731509768565,1,pt
gc1s,2020-03-25,2020-03-26,train,-1.0,0.028925735409509504,1.0,0.25,15,-0.015908951853219166,0,sl
gc1s,2020-03-26,2020-03-31,train,-1.0,0.029148242052196374,1.0,0.25,15,0.03836656026997409,1,pt
gc1s,2020-03-27,2020-03-31,train,-1.0,0.02693585534154409,1.0,0.25,15,0.03476210628778775,1,pt
gc1s,2020-03-30,2020-03-31,train,-1.0,0.02676827662385583,1.0,0.25,15,0.028359298928407828,1,pt
gc1s,2020-03-31,2020-04-02,train,-1.0,0.026657497065798466,1.0,0.25,15,-0.025742202189435792,0,sl
gc1s,2020-04-01,2020-04-02,train,-1.0,0.026659849061183283,1.0,0.25,15,-0.029093879611370665,0,sl
gc1s,2020-04-02,2020-04-06,train,-1.0,0.02727392399468245,1.0,0.25,15,-0.034316419364320394,0,sl
gc1s,2020-04-03,2020-04-06,train,-1.0,0.027293969219803843,1.0,0.25,15,-0.02928844868566549,0,sl
gc1s,2020-04-13,2020-04-17,train,-1.0,0.02518586813313284,1.0,0.25,15,0.03553991143728885,1,pt
gc1s,2020-04-15,2020-04-21,train,-1.0,0.02460814301422425,1.0,0.25,15,0.030111481434463405,1,pt
gc1s,2020-04-16,2020-04-21,train,-1.0,0.023081393147102613,1.0,0.25,15,0.025350811346423696,1,pt
gc1s,2020-04-17,2020-04-20,train,-1.0,0.023827146917055352,1.0,0.25,15,-0.007299270079918152,0,sl
gc1s,2020-04-20,2020-04-22,train,-1.0,0.023814422930207007,1.0,0.25,15,-0.015836839645098744,0,sl
gc1s,2020-04-27,2020-04-29,train,1.0,0.017785540104395984,1.0,0.25,15,-0.006033182501371082,0,sl
gc1s,2020-04-28,2020-04-29,train,1.0,0.017684759166734274,1.0,0.25,15,-0.0051097433473548115,0,sl
gc1s,2020-05-06,2020-05-07,train,1.0,0.014310313004823985,1.0,0.25,15,0.02209061297854631,1,pt
gc1s,2020-05-07,2020-05-08,train,1.0,0.0151118636699785,1.0,0.25,15,-0.006895352891225337,0,sl
gc1s,2020-05-20,2020-05-21,train,-1.0,0.009311119359776519,1.0,0.25,15,0.017236459108188606,1,pt
gc1s,2020-05-21,2020-05-22,train,-1.0,0.010070448133040427,1.0,0.25,15,-0.007898251932111355,0,sl
gc1s,2020-05-22,2020-05-26,train,-1.0,0.010172826727875388,1.0,0.25,15,0.01442828629364945,1,pt
gc1s,2020-05-26,2020-05-29,train,-1.0,0.010582764916609937,1.0,0.25,15,-0.013597963198877183,0,sl
gc1s,2020-05-27,2020-05-29,train,-1.0,0.010582480397997104,1.0,0.25,15,-0.014419735920863319,0,sl
gc1s,2020-05-28,2020-05-29,train,-1.0,0.010525878731287287,1.0,0.25,15,-0.013539316083486463,0,sl
gc1s,2020-06-02,2020-06-03,train,-1.0,0.01070856146336649,1.0,0.25,15,0.016839677041336487,1,pt
gc1s,2020-06-19,2020-06-23,train,1.0,0.011000548828817982,1.0,0.25,15,0.016543069031529134,1,pt
gc1s,2020-06-22,2020-06-30,train,1.0,0.010991652493027552,1.0,0.25,15,0.019304800722377724,1,pt
gc1s,2020-06-23,2020-06-24,train,1.0,0.010556370592405651,1.0,0.25,15,-0.0038720538720193876,0,sl
gc1s,2020-06-25,2020-06-30,train,1.0,0.010650279658321203,1.0,0.25,15,0.016886930988301962,1,pt
gc1s,2020-06-26,2020-06-30,train,1.0,0.010311587795155727,1.0,0.25,15,0.011346402296018354,1,pt
gc1s,2020-06-29,2020-06-30,train,1.0,0.010304995345513006,1.0,0.25,15,0.010835391877319411,1,pt
gc1s,2020-07-02,2020-07-07,train,1.0,0.009461259160037771,1.0,0.25,15,0.011117318431735246,1,pt
gc1s,2020-07-06,2020-07-07,train,1.0,0.006835376205108084,1.0,0.25,15,0.00914413158545857,1,pt
gc1s,2020-07-07,2020-07-09,train,1.0,0.006588211317400865,1.0,0.25,15,-0.0033703519492420675,0,sl
gc1s,2020-07-08,2020-07-09,train,1.0,0.006431255789574265,1.0,0.25,15,-0.009227727124008767,0,sl
gc1s,2020-07-09,2020-07-16,train,1.0,0.006941213745534808,1.0,0.25,15,-0.0019403481507583864,0,sl
gc1s,2020-07-10,2020-07-13,train,1.0,0.006666505030408872,1.0,0.25,15,0.006770631006246752,1,pt
gc1s,2020-07-13,2020-07-16,train,1.0,0.006711378898740468,1.0,0.25,15,-0.007607077889782987,0,sl
gc1s,2020-07-14,2020-07-16,train,1.0,0.006476388342025737,1.0,0.25,15,-0.007223999120882119,0,sl
gc1s,2020-07-15,2020-07-16,train,1.0,0.006455895935634871,1.0,0.25,15,-0.007442937471150879,0,sl
gc1s,2020-07-16,2020-07-20,train,1.0,0.006787370048530825,1.0,0.25,15,0.009498416926302156,1,pt
gc1s,2020-08-18,2020-08-19,train,-1.0,0.01564239023252937,1.0,0.25,15,0.021260742144275313,1,pt
gc1s,2020-08-19,2020-08-25,train,-1.0,0.016501413979274997,1.0,0.25,15,0.023955742773296707,1,pt
gc1s,2020-08-20,2020-08-28,train,-1.0,0.01657628524409677,1.0,0.25,15,-0.014590290263285288,0,sl
gc1s,2020-08-21,2020-08-28,train,-1.0,0.01656032917224923,1.0,0.25,15,-0.014329738054348118,0,sl
gc1s,2020-08-24,2020-08-26,train,-1.0,0.016101206579049395,1.0,0.25,15,-0.006858498350372333,0,sl
gc1s,2020-09-23,2020-09-29,train,1.0,0.01169368976846825,1.0,0.25,15,0.018625561988874217,1,pt
gc1s,2020-09-24,2020-09-25,train,1.0,0.011126493454009035,1.0,0.25,15,-0.0056476104320847265,0,sl
gc1s,2020-09-25,2020-09-29,train,1.0,0.010993653168823387,1.0,0.25,15,0.01977174088778022,1,pt
gc1s,2020-09-28,2020-09-29,train,1.0,0.009857004973181618,1.0,0.25,15,0.011103437290625795,1,pt
gc1s,2020-09-29,2020-09-30,train,1.0,0.01027084007699312,1.0,0.25,15,-0.004045817576816879,0,sl
gc1s,2020-09-30,2020-10-01,train,1.0,0.010268758524390593,1.0,0.25,15,0.010973357958864671,1,pt
gc1s,2020-10-19,2020-10-22,train,1.0,0.009328332229406641,1.0,0.25,15,-0.0037139718603895755,0,sl
gc1s,2020-10-20,2020-10-22,train,1.0,0.009329611142355318,1.0,0.25,15,-0.005638508926424923,0,sl
gc1s,2020-10-21,2020-10-22,train,1.0,0.008031267004013624,1.0,0.25,15,-0.01290489764576297,0,sl
gc1s,2020-10-22,2020-10-28,train,1.0,0.00862881624918496,1.0,0.25,15,-0.013336133565354125,0,sl
gc1s,2020-10-23,2020-10-28,train,1.0,0.008498140422041313,1.0,0.25,15,-0.013646861219393847,0,sl
gc1s,2020-10-26,2020-10-28,train,1.0,0.008312929080684527,1.0,0.25,15,-0.013905651467019386,0,sl
gc1s,2020-10-27,2020-10-28,train,1.0,0.00797430826705896,1.0,0.25,15,-0.01710340498781504,0,sl
gc1s,2020-10-28,2020-10-29,train,1.0,0.008845715839125466,1.0,0.25,15,-0.005959982972575717,0,sl
gc1s,2020-10-29,2020-11-02,train,1.0,0.008505294711109088,1.0,0.25,15,0.013115631693257024,1,pt
gc1s,2020-10-30,2020-11-03,train,1.0,0.008632760521667102,1.0,0.25,15,0.016224267246366386,1,pt
gc1s,2020-11-03,2020-11-04,train,1.0,0.008832885605242138,1.0,0.25,15,-0.007432998317896011,0,sl
gc1s,2020-11-04,2020-11-05,train,1.0,0.008729556436982276,1.0,0.25,15,0.026684948844743595,1,pt
gc1s,2020-11-10,2020-11-11,train,1.0,0.015050537317456309,1.0,0.25,15,-0.007887444038110591,0,sl
gc1s,2020-11-12,2020-11-19,train,1.0,0.015126510854481063,1.0,0.25,15,-0.006299044458580982,0,sl
gc1s,2020-11-19,2020-11-23,train,1.0,0.014925645606151722,1.0,0.25,15,-0.012731668019695386,0,sl
gc1s,2020-11-23,2020-11-24,train,1.0,0.015517250698799893,1.0,0.25,15,-0.018003362069105577,0,sl
gc1s,2020-11-24,2020-11-27,train,1.0,0.015884108542556948,1.0,0.25,15,-0.012590424653905141,0,sl
gc1s,2020-11-25,2020-11-27,train,1.0,0.015528466761034096,1.0,0.25,15,-0.012753975273019913,0,sl
gc1s,2020-11-27,2020-11-30,train,1.0,0.015695432541820657,1.0,0.25,15,-0.004026620429585681,0,sl
gc1s,2020-11-30,2020-12-01,train,1.0,0.0155634440488669,1.0,0.25,15,0.021337525961485193,1,pt
gc1s,2020-12-01,2020-12-07,train,1.0,0.016344865858275808,1.0,0.25,15,0.025894771568888864,1,pt
gc1s,2020-12-02,2020-12-07,train,1.0,0.016240426100905092,1.0,0.25,15,0.019560703744981423,1,pt
gc1s,2020-12-14,2020-12-15,train,1.0,0.010505782107170274,1.0,0.25,15,0.012663064239265331,1,pt
gc1s,2020-12-15,2020-12-17,train,1.0,0.010968775976410383,1.0,0.25,15,0.018918773243207676,1,pt
gc1s,2020-12-16,2020-12-17,train,1.0,0.010989777409442248,1.0,0.25,15,0.01683610349615705,1,pt
gc1s,2020-12-24,2021-01-04,train,1.0,0.009735916053027,1.0,0.25,15,0.033666100251148245,1,pt
gc1s,2020-12-28,2021-01-04,train,1.0,0.009141424379907576,1.0,0.25,15,0.035205275474236686,1,pt
gc1s,2020-12-29,2021-01-04,train,1.0,0.009016944769224981,1.0,0.25,15,0.03383079292692681,1,pt
gc1s,2020-12-30,2021-01-04,train,1.0,0.00796203664762037,1.0,0.25,15,0.02809760220436841,1,pt
gc1s,2020-12-31,2021-01-04,train,1.0,0.007903334227488049,1.0,0.25,15,0.027175346954232404,1,pt
gc1s,2021-01-04,2021-01-06,train,1.0,0.009667965996317205,1.0,0.25,15,-0.01952121648492433,0,sl
gc1s,2021-01-20,2021-01-28,train,-1.0,0.013844990006986942,1.0,0.25,15,0.01557118395727597,1,pt
gc1s,2021-01-21,2021-01-28,train,-1.0,0.01383109150107444,1.0,0.25,15,0.01525463038685304,1,pt
gc1s,2021-02-04,2021-02-08,train,1.0,0.012606349730246253,1.0,0.25,15,0.02400625279778379,1,pt
gc1s,2021-02-19,2021-02-22,train,1.0,0.009285144309738064,1.0,0.25,15,0.017441206258960174,1,pt
gc1s,2021-02-26,2021-03-01,train,1.0,0.011908445568336336,1.0,0.25,15,-0.0033549282686626825,0,sl
gc1s,2021-03-01,2021-03-03,train,1.0,0.011755705567345372,1.0,0.25,15,-0.00417875798257783,0,sl
gc1s,2021-03-02,2021-03-03,train,1.0,0.011700579967452605,1.0,0.25,15,-0.01026765112917416,0,sl
gc1s,2021-03-03,2021-03-04,train,1.0,0.011420979869116507,1.0,0.25,15,-0.008800559499839156,0,sl
gc1s,2021-03-04,2021-03-08,train,1.0,0.011438858508362931,1.0,0.25,15,-0.013347445166054461,0,sl
gc1s,2021-03-05,2021-03-08,train,1.0,0.010386108213475896,1.0,0.25,15,-0.012069473052982116,0,sl
gc1s,2021-03-08,2021-03-09,train,1.0,0.009980168411284546,1.0,0.25,15,0.023182359946539055,1,pt
gc1s,2021-03-09,2021-03-19,train,1.0,0.011153347190147534,1.0,0.25,15,0.014444638586362357,1,pt
gc1s,2021-03-10,2021-03-19,train,1.0,0.011181131751045176,1.0,0.25,15,0.011557672199123514,1,pt
gc1s,2021-03-11,2021-03-29,train,1.0,0.011125905947230735,1.0,0.25,15,-0.005911891595844487,0,sl
gc1s,2021-03-12,2021-03-19,train,1.0,0.011060695169668032,1.0,0.25,15,0.012734038837988182,1,pt
gc1s,2021-03-15,2021-03-29,train,1.0,0.011221015124000379,1.0,0.25,15,-0.009706121012238556,0,sl
gc1s,2021-03-16,2021-03-23,train,1.0,0.010955347843319072,1.0,0.25,15,-0.0033508579441596797,0,sl
gc1s,2021-03-17,2021-03-29,train,1.0,0.010538967160950728,1.0,0.25,15,-0.008502011730261771,0,sl
gc1s,2021-03-18,2021-03-23,train,1.0,0.010571239274591322,1.0,0.25,15,-0.00427128428076029,0,sl
gc1s,2021-03-19,2021-03-23,train,1.0,0.01065802732332958,1.0,0.25,15,-0.009530918066764649,0,sl
gc1s,2021-04-06,2021-04-08,train,-1.0,0.00891113438764469,1.0,0.25,15,-0.008720596673867043,0,sl
gc1s,2021-04-07,2021-04-08,train,-1.0,0.007409724000163347,1.0,0.25,15,-0.009531465322926147,0,sl
gc1s,2021-04-09,2021-04-15,train,-1.0,0.007897951867634742,1.0,0.25,15,-0.012608895006394949,0,sl
gc1s,2021-05-07,2021-05-12,train,1.0,0.008106318521098613,1.0,0.25,15,-0.004641511497570305,0,sl
gc1s,2021-05-12,2021-05-14,train,1.0,0.007776148696467318,1.0,0.25,15,0.008393680058123243,1,pt
gc1s,2021-05-13,2021-05-14,train,1.0,0.0069339923648836345,1.0,0.25,15,0.007730263169359652,1,pt
gc1s,2021-05-17,2021-05-19,train,1.0,0.007428686377102464,1.0,0.25,15,0.007442707221103184,1,pt
gc1s,2021-05-18,2021-05-20,train,1.0,0.007436306986627891,1.0,0.25,15,0.007441113493628526,1,pt
gc1s,2021-05-19,2021-05-21,train,1.0,0.007397649327584951,1.0,0.25,15,-0.0025511559957609453,0,sl
gc1s,2021-05-20,2021-05-21,train,1.0,0.007138836048131193,1.0,0.25,15,-0.0027631648922065155,0,sl
gc1s,2021-05-28,2021-06-03,train,1.0,0.0069616375717934465,1.0,0.25,15,-0.01679525534148918,0,sl
gc1s,2021-06-01,2021-06-03,train,1.0,0.0066061528834620116,1.0,0.25,15,-0.01664041994753873,0,sl
gc1s,2021-08-03,2021-08-06,val,-1.0,0.005885272351107429,1.0,0.25,15,0.028113113948068924,1,pt
gc1s,2021-08-04,2021-08-06,val,-1.0,0.005811050827549195,1.0,0.25,15,0.028327362914450593,1,pt
gc1s,2021-08-09,2021-08-11,val,1.0,0.00916807410112031,1.0,0.25,15,0.015522733859795412,1,pt
gc1s,2021-08-10,2021-08-11,val,1.0,0.009190654686279146,1.0,0.25,15,0.012473292140695147,1,pt
gc1s,2021-08-11,2021-08-13,val,1.0,0.009480456069843018,1.0,0.25,15,0.0142017909095844,1,pt
gc1s,2021-08-12,2021-08-13,val,1.0,0.009431921633952872,1.0,0.25,15,0.015070213502709873,1,pt
gc1s,2021-09-20,2021-09-23,val,1.0,0.009307351730022864,1.0,0.25,15,-0.007937407881613567,0,sl
gc1s,2021-09-21,2021-09-23,val,1.0,0.0090376297127302,1.0,0.25,15,-0.015971206845900365,0,sl
gc1s,2021-09-22,2021-09-23,val,1.0,0.009029513690456155,1.0,0.25,15,-0.016303125712917033,0,sl
gc1s,2021-09-23,2021-09-28,val,1.0,0.009490662105547904,1.0,0.25,15,-0.007029374785552545,0,sl
gc1s,2021-09-24,2021-09-28,val,1.0,0.009470362308201188,1.0,0.25,15,-0.008106410918959694,0,sl
gc1s,2021-09-27,2021-09-28,val,1.0,0.00883161128258615,1.0,0.25,15,-0.008276255712979741,0,sl
gc1s,2021-09-28,2021-09-29,val,1.0,0.008937547890760032,1.0,0.25,15,-0.008402877698840072,0,sl
gc1s,2021-09-29,2021-09-30,val,1.0,0.008951100854447239,1.0,0.25,15,0.019792210813092126,1,pt
gc1s,2021-09-30,2021-10-13,val,1.0,0.010247438169593902,1.0,0.25,15,0.02145702903462876,1,pt
gc1s,2021-10-01,2021-10-13,val,1.0,0.010259672474213208,1.0,0.25,15,0.020643767071907515,1,pt
gc1s,2021-10-05,2021-10-11,val,1.0,0.009001427016777433,1.0,0.25,15,-0.002953035384604341,0,sl
gc1s,2021-10-06,2021-10-08,val,1.0,0.008998296323642742,1.0,0.25,15,-0.002497445804780396,0,sl
gc1s,2021-10-07,2021-10-13,val,1.0,0.008935819119682943,1.0,0.25,15,0.02017962710561827,1,pt
gc1s,2021-11-10,2021-11-12,val,1.0,0.008666250160736544,1.0,0.25,15,0.010928961751501154,1,pt
gc1s,2022-01-24,2022-01-26,test,1.0,0.008447442612418454,1.0,0.25,15,-0.006607483680133419,0,sl
gc1s,2022-01-25,2022-01-26,test,1.0,0.008499038674396421,1.0,0.25,15,-0.012398921829594345,0,sl
gc1s,2022-02-16,2022-02-17,test,1.0,0.007926826153998466,1.0,0.25,15,0.016297087897956697,1,pt
gc1s,2022-02-22,2022-02-24,test,1.0,0.00846540943261247,1.0,0.25,15,0.009908776337987701,1,pt
gc1s,2022-02-24,2022-02-25,test,1.0,0.007859787321850161,1.0,0.25,15,-0.020090328603662666,0,sl
gc1s,2022-02-25,2022-03-01,test,1.0,0.007843181151582078,1.0,0.25,15,0.0297732570401954,1,pt
gc1s,2022-03-03,2022-03-04,test,1.0,0.009488567733776404,1.0,0.25,15,0.015858257146453836,1,pt
gc1s,2022-03-22,2022-03-24,test,1.0,0.014448603713994685,1.0,0.25,15,0.021181368723667715,1,pt
gc1s,2022-04-25,2022-04-27,test,1.0,0.009403743527189075,1.0,0.25,15,-0.003850210962855427,0,sl
gc1s,2022-04-27,2022-04-29,test,1.0,0.009050343745482789,1.0,0.25,15,0.01217768835794164,1,pt
gc1s,2022-04-28,2022-04-29,test,1.0,0.00864628888900369,1.0,0.25,15,0.010786231695929516,1,pt
gc1s,2022-05-02,2022-05-06,test,1.0,0.009899242700568262,1.0,0.25,15,0.010302640046864653,1,pt
gc1s,2022-05-09,2022-05-10,test,1.0,0.00999641024272093,1.0,0.25,15,-0.009469493178325794,0,sl
gc1s,2022-05-10,2022-05-12,test,1.0,0.010083490059384831,1.0,0.25,15,-0.00890820205395515,0,sl
gc1s,2022-05-12,2022-05-13,test,1.0,0.009773481098295726,1.0,0.25,15,-0.00898827140533276,0,sl
gc1s,2022-05-13,2022-05-19,test,1.0,0.009832218982485728,1.0,0.25,15,0.01825019356402202,1,pt
gc1s,2022-05-17,2022-05-19,test,1.0,0.009573018750153303,1.0,0.25,15,0.012260157244367909,1,pt
gc1s,2022-05-18,2022-05-19,test,1.0,0.00957397516222817,1.0,0.25,15,0.013932485275633733,1,pt
gc1s,2022-05-31,2022-06-02,test,1.0,0.007659726777723647,1.0,0.25,15,0.012443194105846711,1,pt
gc1s,2022-06-01,2022-06-02,test,1.0,0.007594993387098305,1.0,0.25,15,0.01227889868246601,1,pt
gc1s,2022-06-03,2022-06-06,test,1.0,0.008451659435512477,1.0,0.25,15,-0.0035131337147955577,0,sl
gc1s,2022-06-07,2022-06-10,test,1.0,0.008015206762236236,1.0,0.25,15,0.0126343069929995,1,pt
hg1s,2020-01-03,2020-01-08,train,1.0,0.008854856783722626,1.0,0.25,10,0.008970220258192718,1,pt
hg1s,2020-01-06,2020-01-13,train,1.0,0.00885752491137883,1.0,0.25,10,0.02544802926576173,1,pt
hg1s,2020-01-07,2020-01-13,train,1.0,0.0073992882184771855,1.0,0.25,10,0.024163235010182582,1,pt
hg1s,2020-01-08,2020-01-09,train,1.0,0.007059460363658538,1.0,0.25,10,-0.0035561877182435087,0,sl
hg1s,2020-01-09,2020-01-13,train,1.0,0.007119302757255809,1.0,0.25,10,0.021056387113973507,1,pt
hg1s,2020-01-10,2020-01-13,train,1.0,0.006920761332366693,1.0,0.25,10,0.01688288511709568,1,pt
hg1s,2020-01-13,2020-01-16,train,1.0,0.007819426338387706,1.0,0.25,10,-0.004893394439387522,0,sl
hg1s,2020-01-14,2020-01-15,train,1.0,0.007685619904907738,1.0,0.25,10,-0.002610056661925153,0,sl
hg1s,2020-01-15,2020-01-16,train,1.0,0.00741712655805579,1.0,0.25,10,-0.006629450651530866,0,sl
hg1s,2020-01-16,2020-01-21,train,1.0,0.0076103249681020195,1.0,0.25,10,-0.018791709030078763,0,sl
hg1s,2020-01-17,2020-01-21,train,1.0,0.007611545192215883,1.0,0.25,10,-0.01827446706564484,0,sl
hg1s,2020-01-21,2020-01-22,train,-1.0,0.0086334476405564,1.0,0.25,10,0.0102022552460449,1,pt
hg1s,2020-01-22,2020-01-23,train,-1.0,0.008779239686911784,1.0,0.25,10,0.014104881364028654,1,pt
hg1s,2020-01-23,2020-01-24,train,-1.0,0.009267399248821584,1.0,0.25,10,0.015407191629871364,1,pt
hg1s,2020-01-24,2020-01-27,train,-1.0,0.009559362799862062,1.0,0.25,10,0.03260059492404932,1,pt
hg1s,2020-01-27,2020-01-29,train,-1.0,0.011430321821600137,1.0,0.25,10,0.016368188513813275,1,pt
hg1s,2020-01-28,2020-01-30,train,-1.0,0.011427447654246938,1.0,0.25,10,0.02151579781739843,1,pt
hg1s,2020-01-29,2020-01-30,train,-1.0,0.011393539198707127,1.0,0.25,10,0.01174628018361168,1,pt
hg1s,2020-01-30,2020-02-04,train,-1.0,0.011355101427656453,1.0,0.25,10,-0.007131535162921532,0,sl
hg1s,2020-01-31,2020-02-04,train,-1.0,0.010807851361297336,1.0,0.25,10,-0.009932457486959256,0,sl
hg1s,2020-02-03,2020-02-04,train,-1.0,0.010656449060266148,1.0,0.25,10,-0.013960907601539452,0,sl
hg1s,2020-02-04,2020-02-05,train,-1.0,0.01141542597241196,1.0,0.25,10,-0.012785209165819156,0,sl
hg1s,2020-02-05,2020-02-06,train,-1.0,0.011999536093741207,1.0,0.25,10,-0.007185861404580107,0,sl
hg1s,2020-02-06,2020-02-07,train,-1.0,0.012026373143731386,1.0,0.25,10,0.015426147126389567,1,pt
hg1s,2020-02-07,2020-02-12,train,1.0,0.012296107988616514,1.0,0.25,10,0.018409714153929002,1,pt
hg1s,2020-02-10,2020-02-11,train,1.0,0.012157631772186055,1.0,0.25,10,0.012742600155060346,1,pt
hg1s,2020-02-11,2020-02-26,train,1.0,0.011804361304840885,1.0,0.25,10,-0.006184605260221576,0,sl
hg1s,2020-02-12,2020-02-13,train,-1.0,0.011907079873959413,1.0,0.25,10,-0.004999999615444617,0,sl
hg1s,2020-02-13,2020-02-24,train,-1.0,0.012106922468754625,1.0,0.25,10,0.01377726669954138,1,pt
hg1s,2020-02-14,2020-02-21,train,-1.0,0.012098400583233124,1.0,0.25,10,-0.0032698597030536014,0,sl
hg1s,2020-02-18,2020-02-26,train,-1.0,0.012148287672032132,1.0,0.25,10,0.014199246386649489,1,pt
hg1s,2020-02-19,2020-02-26,train,-1.0,0.011734776537762354,1.0,0.25,10,0.01495580747559111,1,pt
hg1s,2020-02-20,2020-02-21,train,-1.0,0.011656974851512132,1.0,0.25,10,-0.0077279751610066505,0,sl
hg1s,2020-02-21,2020-02-24,train,-1.0,0.01160808304950956,1.0,0.25,10,0.011886503858834385,1,pt
hg1s,2020-02-24,2020-02-28,train,-1.0,0.01141849378810673,1.0,0.25,10,0.016837622971150212,1,pt
hg1s,2020-02-25,2020-02-28,train,-1.0,0.008761572602438072,1.0,0.25,10,0.0162664600432898,1,pt
hg1s,2020-02-26,2020-02-28,train,-1.0,0.008670527660840694,1.0,0.25,10,0.013017292451039109,1,pt
hg1s,2020-02-27,2020-02-28,train,-1.0,0.00836827706468552,1.0,0.25,10,0.012249658880277403,1,pt
hg1s,2020-02-28,2020-03-02,train,1.0,0.00840751368571034,1.0,0.25,10,0.021653541261420273,1,pt
hg1s,2020-03-02,2020-03-06,train,-1.0,0.00961295739974087,1.0,0.25,10,0.013294796165860268,1,pt
hg1s,2020-03-03,2020-03-04,train,-1.0,0.009798161617504613,1.0,0.25,10,-0.005052469235840462,0,sl
hg1s,2020-03-04,2020-03-06,train,-1.0,0.00938663356891708,1.0,0.25,10,0.009860789398961622,1,pt
hg1s,2020-03-05,2020-03-09,train,-1.0,0.009027182165257634,1.0,0.25,10,0.024290710737427723,1,pt
hg1s,2020-03-06,2020-03-09,train,-1.0,0.008914184927171385,1.0,0.25,10,0.019527436287810396,1,pt
hg1s,2020-03-09,2020-03-11,train,1.0,0.009318393130689344,1.0,0.25,10,-0.0033857788027231717,0,sl
hg1s,2020-03-10,2020-03-11,train,1.0,0.009394487518472971,1.0,0.25,10,-0.007733490644761809,0,sl
hg1s,2020-03-11,2020-03-12,train,-1.0,0.008966170408532143,1.0,0.25,10,0.011790568250501399,1,pt
hg1s,2020-03-12,2020-03-16,train,-1.0,0.009016936280893346,1.0,0.25,10,0.032355914789030216,1,pt
hg1s,2020-03-13,2020-03-16,train,-1.0,0.008836852480444945,1.0,0.25,10,0.029017857778488976,1,pt
hg1s,2020-03-16,2020-03-17,train,-1.0,0.010627612618299712,1.0,0.25,10,0.03301985250121775,1,pt
hg1s,2020-03-17,2020-03-18,train,-1.0,0.01236765796752868,1.0,0.25,10,0.070239896116716,1,pt
hg1s,2020-03-18,2020-03-19,train,-1.0,0.01926236322968608,1.0,0.25,10,-0.016039049716399134,0,sl
hg1s,2020-03-19,2020-03-23,train,-1.0,0.020095640922788833,1.0,0.25,10,0.03889270276716483,1,pt
hg1s,2020-03-20,2020-03-23,train,-1.0,0.019738551528795858,1.0,0.25,10,0.03269629502056848,1,pt
hg1s,2020-03-23,2020-03-24,train,-1.0,0.020451237314201943,1.0,0.25,10,-0.03784813258054531,0,sl
hg1s,2020-03-24,2020-03-25,train,-1.0,0.02298314893991573,1.0,0.25,10,-0.011009175366516022,0,sl
hg1s,2020-03-25,2020-03-31,train,-1.0,0.023369169531833305,1.0,0.25,10,-0.010889289437803651,0,sl
hg1s,2020-03-26,2020-03-31,train,-1.0,0.02332655465043343,1.0,0.25,10,-0.02295683754294542,0,sl
hg1s,2020-03-27,2020-03-31,train,-1.0,0.023337840713261723,1.0,0.25,10,-0.025782687399195092,0,sl
hg1s,2020-03-30,2020-03-31,train,1.0,0.02230274177032932,1.0,0.25,10,0.03363488537835568,1,pt
hg1s,2020-03-31,2020-04-01,train,1.0,0.024233613102244537,1.0,0.25,10,-0.02401256544786834,0,sl
hg1s,2020-04-01,2020-04-07,train,1.0,0.024341773675004313,1.0,0.25,10,0.04506783022980643,1,pt
hg1s,2020-04-02,2020-04-07,train,-1.0,0.025169871384511273,1.0,0.25,10,-0.024340771279861118,0,sl
hg1s,2020-04-03,2020-04-07,train,1.0,0.025180638559789942,1.0,0.25,10,0.036488027083650065,1,pt
hg1s,2020-04-06,2020-04-13,train,1.0,0.02536112630457421,1.0,0.25,10,0.03833145137623384,1,pt
hg1s,2020-04-07,2020-04-13,train,-1.0,0.026188812531283828,1.0,0.25,10,-0.013201319573984627,0,sl
hg1s,2020-04-08,2020-04-13,train,-1.0,0.026182048317292976,1.0,0.25,10,-0.018805308307612734,0,sl
hg1s,2020-04-09,2020-04-13,train,-1.0,0.02615288681924299,1.0,0.25,10,-0.01903075619923089,0,sl
hg1s,2020-04-13,2020-04-14,train,-1.0,0.02667053464667127,1.0,0.25,10,-0.011726384601160822,0,sl
hg1s,2020-04-14,2020-04-21,train,-1.0,0.026135254505979227,1.0,0.25,10,0.04292766388508218,1,pt
hg1s,2020-04-15,2020-04-17,train,-1.0,0.025228519238573954,1.0,0.25,10,-0.02112369037551587,0,sl
hg1s,2020-04-16,2020-04-17,train,-1.0,0.018634863091114447,1.0,0.25,10,-0.02335224605989028,0,sl
hg1s,2020-04-17,2020-04-21,train,-1.0,0.018959491547185833,1.0,0.25,10,0.049050967123849154,1,pt
hg1s,2020-04-20,2020-04-21,train,-1.0,0.01909346790022209,1.0,0.25,10,0.03900861773092079,1,pt
hg1s,2020-04-21,2020-04-22,train,1.0,0.019796284459093434,1.0,0.25,10,0.027136126579782704,1,pt
hg1s,2020-04-22,2020-04-23,train,-1.0,0.018972568900289075,1.0,0.25,10,-0.009606986004383034,0,sl
hg1s,2020-04-23,2020-04-24,train,-1.0,0.018942404625387113,1.0,0.25,10,-0.010813150746962874,0,sl
hg1s,2020-04-24,2020-04-29,train,-1.0,0.018720267531162668,1.0,0.25,10,-0.014551679324570799,0,sl
hg1s,2020-04-27,2020-04-29,train,-1.0,0.01866185331076989,1.0,0.25,10,-0.010874200025507541,0,sl
hg1s,2020-04-28,2020-04-29,train,-1.0,0.018489840733574375,1.0,0.25,10,-0.010658708406696693,0,sl
hg1s,2020-04-29,2020-05-01,train,-1.0,0.01728817241962811,1.0,0.25,10,0.02467833824670418,1,pt
hg1s,2020-04-30,2020-05-07,train,-1.0,0.01642295899947461,1.0,0.25,10,-0.015571672180151541,0,sl
hg1s,2020-05-01,2020-05-05,train,-1.0,0.01639868575933276,1.0,0.25,10,-0.008866784448863463,0,sl
hg1s,2020-05-04,2020-05-05,train,-1.0,0.01608115750958343,1.0,0.25,10,-0.008648651740751356,0,sl
hg1s,2020-05-05,2020-05-06,train,-1.0,0.016015274965202587,1.0,0.25,10,-0.006216505234144298,0,sl
hg1s,2020-05-06,2020-05-07,train,-1.0,0.015196301179586202,1.0,0.25,10,-0.014273540777418159,0,sl
hg1s,2020-05-07,2020-05-08,train,-1.0,0.015346440828254065,1.0,0.25,10,-0.010712034879956978,0,sl
hg1s,2020-05-08,2020-05-12,train,-1.0,0.015433367533955352,1.0,0.25,10,0.019534497785964056,1,pt
hg1s,2020-05-11,2020-05-15,train,-1.0,0.01527194340227526,1.0,0.25,10,0.02079831694666867,1,pt
hg1s,2020-05-12,2020-05-18,train,-1.0,0.01525462029434586,1.0,0.25,10,-0.01907587932336896,0,sl
hg1s,2020-05-13,2020-05-18,train,-1.0,0.014914851563019214,1.0,0.25,10,-0.024722933655831225,0,sl
hg1s,2020-05-14,2020-05-18,train,-1.0,0.014897667661150629,1.0,0.25,10,-0.024722933655831225,0,sl
hg1s,2020-05-15,2020-05-18,train,1.0,0.014058026958297432,1.0,0.25,10,0.03153829553034071,1,pt
hg1s,2020-05-18,2020-05-19,train,-1.0,0.015468831127218377,1.0,0.25,10,-0.0058236272791831745,0,sl
hg1s,2020-05-19,2020-05-20,train,-1.0,0.011986387937315091,1.0,0.25,10,-0.01736972702143591,0,sl
hg1s,2020-05-20,2020-05-21,train,-1.0,0.011198346324720672,1.0,0.25,10,0.011382113804578098,1,pt
hg1s,2020-05-21,2020-05-22,train,-1.0,0.011587439406583671,1.0,0.25,10,0.01870888069293697,1,pt
hg1s,2020-05-22,2020-05-26,train,-1.0,0.01235188173903953,1.0,0.25,10,-0.013408756063230776,0,sl
hg1s,2020-05-26,2020-05-27,train,-1.0,0.012644595948238427,1.0,0.25,10,0.015091999036688564,1,pt
hg1s,2020-05-27,2020-05-28,train,-1.0,0.013188391885279142,1.0,0.25,10,-0.013224180470457814,0,sl
hg1s,2020-05-28,2020-05-29,train,-1.0,0.013299562512610327,1.0,0.25,10,-0.004972034789187951,0,sl
hg1s,2020-05-29,2020-06-01,train,-1.0,0.013011439527363885,1.0,0.25,10,-0.01855287540188666,0,sl
hg1s,2020-06-01,2020-06-02,train,-1.0,0.012986243239576544,1.0,0.25,10,-0.008297914296151232,0,sl
hg1s,2020-06-02,2020-06-05,train,-1.0,0.013009815409964102,1.0,0.25,10,-0.025893215425335958,0,sl
hg1s,2020-06-03,2020-06-05,train,-1.0,0.013004327177894928,1.0,0.25,10,-0.02733668240213727,0,sl
hg1s,2020-06-04,2020-06-05,train,-1.0,0.012995189772614825,1.0,0.25,10,-0.026511345663855268,0,sl
hg1s,2020-06-05,2020-06-08,train,-1.0,0.013792703965512531,1.0,0.25,10,-0.00391312994271531,0,sl
hg1s,2020-06-08,2020-06-09,train,-1.0,0.013691832443267361,1.0,0.25,10,-0.013057883537896053,0,sl
hg1s,2020-06-09,2020-06-10,train,-1.0,0.013437356842372003,1.0,0.25,10,-0.022123892028063974,0,sl
hg1s,2020-06-10,2020-06-11,train,-1.0,0.013597774952256893,1.0,0.25,10,0.02635046111236028,1,pt
hg1s,2020-06-11,2020-06-15,train,1.0,0.015260468776609313,1.0,0.25,10,-0.007539145672731062,0,sl
hg1s,2020-06-12,2020-06-15,train,1.0,0.015217192781825472,1.0,0.25,10,-0.012692308363126625,0,sl
hg1s,2020-06-15,2020-06-19,train,1.0,0.015526201842524718,1.0,0.25,10,0.017140632004441603,1,pt
hg1s,2020-06-16,2020-06-19,train,1.0,0.014281439940649024,1.0,0.25,10,0.01813219078363404,1,pt
hg1s,2020-06-17,2020-06-22,train,1.0,0.014344812067550967,1.0,0.25,10,0.024329022645047438,1,pt
hg1s,2020-06-18,2020-06-22,train,1.0,0.013991758348553313,1.0,0.25,10,0.024922720074602722,1,pt
hg1s,2020-06-19,2020-06-22,train,-1.0,0.013656151034077142,1.0,0.25,10,-0.015894293919926694,0,sl
hg1s,2020-06-22,2020-06-25,train,-1.0,0.01283321026700986,1.0,0.25,10,-0.0069541956533045735,0,sl
hg1s,2020-06-23,2020-06-25,train,-1.0,0.012706376977848386,1.0,0.25,10,-0.004681589310473022,0,sl
hg1s,2020-06-24,2020-06-25,train,-1.0,0.011970614929520703,1.0,0.25,10,-0.007714018626887809,0,sl
hg1s,2020-06-25,2020-06-29,train,-1.0,0.0118451177984818,1.0,0.25,10,-0.005414486019622133,0,sl
hg1s,2020-06-26,2020-06-29,train,-1.0,0.011891623370377169,1.0,0.25,10,-0.0050391911669711575,0,sl
hg1s,2020-06-29,2020-06-30,train,-1.0,0.011458086219133407,1.0,0.25,10,-0.013370476103462092,0,sl
hg1s,2020-06-30,2020-07-02,train,-1.0,0.01160641853582202,1.0,0.25,10,-0.007330034841847022,0,sl
hg1s,2020-07-01,2020-07-02,train,-1.0,0.011541053309031477,1.0,0.25,10,-0.005303585201802408,0,sl
hg1s,2020-07-02,2020-07-06,train,-1.0,0.011507084874949511,1.0,0.25,10,-0.009459703192223445,0,sl
hg1s,2020-07-06,2020-07-07,train,-1.0,0.010430659076168795,1.0,0.25,10,-0.008109571221428746,0,sl
hg1s,2020-07-07,2020-07-08,train,-1.0,0.010470734328406702,1.0,0.25,10,-0.009653197944331948,0,sl
hg1s,2020-07-08,2020-07-09,train,-1.0,0.010348412859397886,1.0,0.25,10,-0.005134561601056964,0,sl
hg1s,2020-07-09,2020-07-10,train,-1.0,0.009466773837142109,1.0,0.25,10,-0.02078562616010382,0,sl
hg1s,2020-07-10,2020-07-13,train,-1.0,0.007256008357363679,1.0,0.25,10,-0.01984469487834839,0,sl
hg1s,2020-07-13,2020-07-15,train,-1.0,0.007909853480599796,1.0,0.25,10,0.023688664783282798,1,pt
hg1s,2020-07-14,2020-07-15,train,-1.0,0.007321146410588966,1.0,0.25,10,0.01619778319101106,1,pt
hg1s,2020-07-15,2020-07-16,train,-1.0,0.008803982274254985,1.0,0.25,10,-0.0057192384073256886,0,sl
hg1s,2020-07-16,2020-07-20,train,-1.0,0.00875494375591019,1.0,0.25,10,-0.004825089624530987,0,sl
hg1s,2020-07-17,2020-07-20,train,-1.0,0.008702725255024479,1.0,0.25,10,-0.0037872254337882882,0,sl
hg1s,2020-07-20,2020-07-21,train,-1.0,0.008678055653666547,1.0,0.25,10,-0.014577258470436893,0,sl
hg1s,2020-07-21,2020-07-22,train,-1.0,0.008600846918222691,1.0,0.25,10,0.011325217475035121,1,pt
hg1s,2020-07-22,2020-07-23,train,-1.0,0.009364032041004612,1.0,0.25,10,-0.004787142259911725,0,sl
hg1s,2020-07-23,2020-07-24,train,-1.0,0.009189469832932397,1.0,0.25,10,0.015654246288393292,1,pt
hg1s,2020-07-24,2020-07-28,train,-1.0,0.010266662860773788,1.0,0.25,10,-0.00864304312153008,0,sl
hg1s,2020-07-27,2020-07-28,train,-1.0,0.010246960837307691,1.0,0.25,10,-0.0069025021894459915,0,sl
hg1s,2020-07-28,2020-07-31,train,-1.0,0.010265838896238279,1.0,0.25,10,0.016966580984241753,1,pt
hg1s,2020-07-29,2020-07-31,train,-1.0,0.01005390084851071,1.0,0.25,10,0.017471735708089797,1,pt
hg1s,2020-07-30,2020-07-31,train,-1.0,0.010114833464670422,1.0,0.25,10,0.015785862279969032,1,pt
hg1s,2020-07-31,2020-08-03,train,-1.0,0.010958773626735672,1.0,0.25,10,-0.015341702189749507,0,sl
hg1s,2020-08-03,2020-08-07,train,-1.0,0.011235622622276075,1.0,0.25,10,0.04103708944312845,1,pt
hg1s,2020-08-04,2020-08-05,train,-1.0,0.01130421321401637,1.0,0.25,10,-0.007773365123115328,0,sl
hg1s,2020-08-05,2020-08-07,train,-1.0,0.011243238136260323,1.0,0.25,10,0.04268083869785522,1,pt
hg1s,2020-08-06,2020-08-07,train,-1.0,0.011242926772038125,1.0,0.25,10,0.04054286199386281,1,pt
hg1s,2020-08-07,2020-08-10,train,1.0,0.013868978697579979,1.0,0.25,10,0.024709043565237288,1,pt
hg1s,2020-08-10,2020-08-13,train,1.0,0.014291519536279773,1.0,0.25,10,-0.019045955656562197,0,sl
hg1s,2020-08-11,2020-08-13,train,1.0,0.014287513915793151,1.0,0.25,10,-0.023821943911001342,0,sl
hg1s,2020-08-12,2020-08-13,train,1.0,0.013878788747822658,1.0,0.25,10,-0.02905569077393222,0,sl
hg1s,2020-08-13,2020-08-14,train,1.0,0.015290351733018384,1.0,0.25,10,0.018525114679948107,1,pt
hg1s,2020-08-14,2020-08-18,train,1.0,0.015927990052316113,1.0,0.25,10,0.040573629728966276,1,pt
hg1s,2020-08-17,2020-08-18,train,1.0,0.016278936645466216,1.0,0.25,10,0.02533172557904151,1,pt
hg1s,2020-08-18,2020-08-21,train,1.0,0.016937902914310337,1.0,0.25,10,-0.01932773221589623,0,sl
hg1s,2020-08-19,2020-08-20,train,1.0,0.017051295111752275,1.0,0.25,10,-0.016043665107683625,0,sl
hg1s,2020-08-20,2020-08-21,train,1.0,0.017487473988193353,1.0,0.25,10,-0.019162884191902263,0,sl
hg1s,2020-08-21,2020-08-27,train,1.0,0.017680743526465034,1.0,0.25,10,0.01825388521664273,1,pt
hg1s,2020-08-24,2020-08-28,train,1.0,0.017688553032014435,1.0,0.25,10,0.024966426036187483,1,pt
hg1s,2020-08-25,2020-08-28,train,1.0,0.01763282721786132,1.0,0.25,10,0.02234636906584142,1,pt
hg1s,2020-08-26,2020-08-31,train,1.0,0.017751457834497844,1.0,0.25,10,0.02683213374888327,1,pt
hg1s,2020-08-27,2020-08-31,train,1.0,0.017748703795265868,1.0,0.25,10,0.023741851661779112,1,pt
hg1s,2020-08-28,2020-09-03,train,1.0,0.017386144699852394,1.0,0.25,10,-0.014737541711050794,0,sl
hg1s,2020-08-31,2020-09-01,train,1.0,0.017333457186960784,1.0,0.25,10,-0.010779030053231553,0,sl
hg1s,2020-09-01,2020-09-03,train,1.0,0.017485907142526857,1.0,0.25,10,-0.017665513151567835,0,sl
hg1s,2020-09-02,2020-09-03,train,1.0,0.017458454193562338,1.0,0.25,10,-0.015063732308559619,0,sl
hg1s,2020-09-03,2020-09-04,train,1.0,0.01783660565392033,1.0,0.25,10,0.02924369928656856,1,pt
hg1s,2020-09-04,2020-09-08,train,1.0,0.01590890685462825,1.0,0.25,10,-0.012083606180645079,0,sl
hg1s,2020-09-08,2020-09-10,train,1.0,0.015570883214070515,1.0,0.25,10,-0.008760330598316934,0,sl
hg1s,2020-09-09,2020-09-10,train,1.0,0.015626079584732673,1.0,0.25,10,-0.017368507330419947,0,sl
hg1s,2020-09-10,2020-09-14,train,1.0,0.01624166890213605,1.0,0.25,10,0.023178254521453168,1,pt
hg1s,2020-09-11,2020-09-18,train,1.0,0.01469981015441895,1.0,0.25,10,0.025168611506099836,1,pt
hg1s,2020-09-14,2020-09-18,train,-1.0,0.014359171457665125,1.0,0.25,10,-0.015645372358447762,0,sl
hg1s,2020-09-15,2020-09-18,train,-1.0,0.014130571548041926,1.0,0.25,10,-0.017303297469344114,0,sl
hg1s,2020-09-16,2020-09-18,train,-1.0,0.013093787244735634,1.0,0.25,10,-0.017967984633708856,0,sl
hg1s,2020-09-17,2020-09-18,train,-1.0,0.012631850647157097,1.0,0.25,10,-0.014653206414356967,0,sl
hg1s,2020-09-18,2020-09-21,train,1.0,0.012368246920266703,1.0,0.25,10,-0.02695763796965278,0,sl
hg1s,2020-09-21,2020-09-23,train,1.0,0.013193961210664957,1.0,0.25,10,-0.01286279503300558,0,sl
hg1s,2020-09-22,2020-09-23,train,1.0,0.013310194831187408,1.0,0.25,10,-0.02221496031652581,0,sl
hg1s,2020-09-23,2020-09-24,train,1.0,0.014379751228939806,1.0,0.25,10,-0.008352825174714917,0,sl
hg1s,2020-09-24,2020-09-30,train,1.0,0.01435982869330763,1.0,0.25,10,0.021731805402212867,1,pt
hg1s,2020-09-25,2020-09-30,train,1.0,0.014343006450355154,1.0,0.25,10,0.020700098588312565,1,pt
hg1s,2020-09-28,2020-10-01,train,1.0,0.014241410912743863,1.0,0.25,10,-0.04163879503578072,0,sl
hg1s,2020-09-29,2020-09-30,train,1.0,0.013840473570274547,1.0,0.25,10,0.014214046169834571,1,pt
hg1s,2020-09-30,2020-10-01,train,-1.0,0.01404729394909781,1.0,0.25,10,0.05507007265038655,1,pt
hg1s,2020-10-01,2020-10-02,train,1.0,0.018934981484507264,1.0,0.25,10,0.03908567530213092,1,pt
hg1s,2020-10-02,2020-10-07,train,-1.0,0.02076246787762272,1.0,0.25,10,-0.018639798130703822,0,sl
hg1s,2020-10-05,2020-10-07,train,1.0,0.019640909812186604,1.0,0.25,10,0.02362470559943497,1,pt
hg1s,2020-10-06,2020-10-07,train,1.0,0.01948641396922707,1.0,0.25,10,0.023452000891937663,1,pt
hg1s,2020-10-07,2020-10-09,train,-1.0,0.02012490594751636,1.0,0.25,10,-0.016320473643547828,0,sl
hg1s,2020-10-08,2020-10-09,train,-1.0,0.019719735537444247,1.0,0.25,10,-0.013313608545200362,0,sl
hg1s,2020-10-09,2020-10-20,train,-1.0,0.019707702772435987,1.0,0.25,10,-0.02124898719050794,0,sl
hg1s,2020-10-12,2020-10-15,train,-1.0,0.019652767605057058,1.0,0.25,10,-0.007016969264180384,0,sl
hg1s,2020-10-13,2020-10-15,train,-1.0,0.0197013847182297,1.0,0.25,10,-0.013466905994975686,0,sl
hg1s,2020-10-14,2020-10-15,train,-1.0,0.019707654126834864,1.0,0.25,10,-0.011473526594983241,0,sl
hg1s,2020-10-15,2020-10-20,train,-1.0,0.019865907233807364,1.0,0.25,10,-0.02025603827274325,0,sl
hg1s,2020-10-16,2020-10-19,train,-1.0,0.01961451708312373,1.0,0.25,10,-0.006030971573574462,0,sl
hg1s,2020-10-19,2020-10-20,train,1.0,0.018632078039695847,1.0,0.25,10,0.020090732157271418,1,pt
hg1s,2020-10-20,2020-10-23,train,1.0,0.019025332312099904,1.0,0.25,10,-0.006035579214008102,0,sl
hg1s,2020-10-21,2020-10-22,train,1.0,0.018417194015460586,1.0,0.25,10,-0.014069096543059878,0,sl
hg1s,2020-10-22,2020-10-23,train,1.0,0.018654462074744107,1.0,0.25,10,-0.007769145162612956,0,sl
hg1s,2020-10-23,2020-10-26,train,1.0,0.018808074470245007,1.0,0.25,10,-0.012623841818661163,0,sl
hg1s,2020-10-26,2020-10-28,train,1.0,0.019087810278247467,1.0,0.25,10,-0.008253761274900517,0,sl
hg1s,2020-10-27,2020-10-28,train,1.0,0.019084163067688946,1.0,0.25,10,-0.009536123176021927,0,sl
hg1s,2020-10-28,2020-10-30,train,1.0,0.01900840572103813,1.0,0.25,10,-0.005385118953802781,0,sl
hg1s,2020-10-29,2020-11-04,train,1.0,0.01349390790176043,1.0,0.25,10,0.01652216628923142,1,pt
hg1s,2020-10-30,2020-11-03,train,1.0,0.010710220577299976,1.0,0.25,10,0.014766203567740943,1,pt
hg1s,2020-11-02,2020-11-03,train,-1.0,0.0107707600464376,1.0,0.25,10,-0.005037374018909357,0,sl
hg1s,2020-11-03,2020-11-04,train,-1.0,0.010784696282672413,1.0,0.25,10,-0.004688761598641511,0,sl
hg1s,2020-11-04,2020-11-06,train,-1.0,0.009613910975283723,1.0,0.25,10,-0.015127131552858497,0,sl
hg1s,2020-11-05,2020-11-06,train,-1.0,0.009605061766055547,1.0,0.25,10,-0.014147910222315652,0,sl
hg1s,2020-11-06,2020-11-13,train,-1.0,0.009661319154556735,1.0,0.25,10,-0.007609385285961112,0,sl
hg1s,2020-11-09,2020-11-13,train,-1.0,0.009515015997396297,1.0,0.25,10,-0.006970849298032933,0,sl
hg1s,2020-11-10,2020-11-13,train,-1.0,0.009344516396103137,1.0,0.25,10,-0.0071304067387292225,0,sl
hg1s,2020-11-11,2020-11-13,train,1.0,0.009541052157769347,1.0,0.25,10,0.01403956629693126,1,pt
hg1s,2020-11-12,2020-11-13,train,1.0,0.009262126116912578,1.0,0.25,10,0.01049284597103517,1,pt
hg1s,2020-11-13,2020-11-16,train,-1.0,0.009347944444260002,1.0,0.25,10,-0.013845185891711465,0,sl
hg1s,2020-11-16,2020-11-17,train,1.0,0.009686768067716393,1.0,0.25,10,-0.007448789937067213,0,sl
hg1s,2020-11-17,2020-11-20,train,1.0,0.00895497665792674,1.0,0.25,10,0.029080675211975215,1,pt
hg1s,2020-11-18,2020-11-20,train,1.0,0.008216736328109755,1.0,0.25,10,0.029080675211975215,1,pt
hg1s,2020-11-19,2020-11-20,train,1.0,0.007511170442563625,1.0,0.25,10,0.027795127320689783,1,pt
hg1s,2020-11-20,2020-11-23,train,-1.0,0.009310376544379342,1.0,0.25,10,0.010027347488288596,1,pt
hg1s,2020-11-23,2020-11-24,train,-1.0,0.009100451459375708,1.0,0.25,10,-0.012812692098317369,0,sl
hg1s,2020-11-24,2020-11-27,train,1.0,0.009365894880345883,1.0,0.25,10,0.029367469656390144,1,pt
hg1s,2020-11-25,2020-11-27,train,1.0,0.008868929024474432,1.0,0.25,10,0.026122204600010024,1,pt
hg1s,2020-11-27,2020-11-30,train,-1.0,0.009987790605736614,1.0,0.25,10,-0.00599853589258581,0,sl
hg1s,2020-11-30,2020-12-01,train,-1.0,0.009798563778472871,1.0,0.25,10,-0.013670740093842504,0,sl
hg1s,2020-12-01,2020-12-04,train,-1.0,0.009920374700102748,1.0,0.25,10,-0.011334289964313848,0,sl
hg1s,2020-12-02,2020-12-04,train,-1.0,0.009976517783759799,1.0,0.25,10,-0.010174836388342934,0,sl
hg1s,2020-12-03,2020-12-04,train,-1.0,0.010044987485612058,1.0,0.25,10,-0.009740725792418248,0,sl
hg1s,2020-12-04,2020-12-10,train,-1.0,0.010026574720216026,1.0,0.25,10,-0.01461200119409023,0,sl
hg1s,2020-12-07,2020-12-10,train,-1.0,0.009996852333281283,1.0,0.25,10,-0.01692023304889978,0,sl
hg1s,2020-12-08,2020-12-09,train,-1.0,0.010206922074225116,1.0,0.25,10,-0.004144041674832621,0,sl
hg1s,2020-12-09,2020-12-10,train,-1.0,0.010140917184503937,1.0,0.25,10,-0.017788530265374858,0,sl
hg1s,2020-12-10,2020-12-11,train,-1.0,0.010105125497919362,1.0,0.25,10,0.013422818585031138,1,pt
hg1s,2020-12-11,2020-12-15,train,-1.0,0.011026587782671614,1.0,0.25,10,-0.004676870750343287,0,sl
hg1s,2020-12-14,2020-12-15,train,-1.0,0.011034975380720805,1.0,0.25,10,-0.005104211196024222,0,sl
hg1s,2020-12-15,2020-12-16,train,-1.0,0.01083742781084415,1.0,0.25,10,-0.004090845480391403,0,sl
hg1s,2020-12-16,2020-12-17,train,-1.0,0.010469097741045118,1.0,0.25,10,-0.011941557193835717,0,sl
hg1s,2020-12-17,2020-12-18,train,-1.0,0.010504661697124829,1.0,0.25,10,-0.008607522781706844,0,sl
hg1s,2020-12-18,2020-12-21,train,-1.0,0.01047130744620627,1.0,0.25,10,0.015141086645352964,1,pt
hg1s,2020-12-21,2020-12-22,train,-1.0,0.010222767129113554,1.0,0.25,10,0.016072676816139664,1,pt
hg1s,2020-12-22,2020-12-24,train,1.0,0.01074116288810136,1.0,0.25,10,0.012073864230131237,1,pt
hg1s,2020-12-23,2020-12-31,train,1.0,0.010641055443451593,1.0,0.25,10,-0.010404948373310186,0,sl
hg1s,2020-12-24,2020-12-30,train,1.0,0.010647035568961629,1.0,0.25,10,-0.003789473252203135,0,sl
hg1s,2020-12-28,2020-12-29,train,1.0,0.00924736076889766,1.0,0.25,10,-0.004340519929441844,0,sl
hg1s,2020-12-29,2020-12-31,train,1.0,0.009313168896203828,1.0,0.25,10,-0.010265785110067038,0,sl
hg1s,2020-12-30,2020-12-31,train,1.0,0.008905524679126826,1.0,0.25,10,-0.008453084939851974,0,sl
hg1s,2020-12-31,2021-01-04,train,1.0,0.009149344065732793,1.0,0.25,10,0.010088091960163359,1,pt
hg1s,2021-01-04,2021-01-05,train,1.0,0.009398280313647152,1.0,0.25,10,0.02391335044620191,1,pt
hg1s,2021-01-05,2021-01-06,train,-1.0,0.010532376289617212,1.0,0.25,10,-0.0030223916307121623,0,sl
hg1s,2021-01-06,2021-01-07,train,-1.0,0.010496231048227004,1.0,0.25,10,-0.012464047018962532,0,sl
hg1s,2021-01-07,2021-01-11,train,-1.0,0.01061705648172076,1.0,0.25,10,0.035579005024327204,1,pt
hg1s,2021-01-08,2021-01-11,train,-1.0,0.010791696678830119,1.0,0.25,10,0.029671974840757565,1,pt
hg1s,2021-01-11,2021-01-13,train,1.0,0.012370971394226925,1.0,0.25,10,0.01472857387566262,1,pt
hg1s,2021-01-12,2021-01-13,train,-1.0,0.012210575790882049,1.0,0.25,10,-0.003189571560418658,0,sl
hg1s,2021-01-13,2021-01-14,train,-1.0,0.012213732469360581,1.0,0.25,10,-0.01313243069185499,0,sl
hg1s,2021-01-14,2021-01-15,train,-1.0,0.012471669926203502,1.0,0.25,10,0.017055533091776875,1,pt
hg1s,2021-01-15,2021-01-27,train,1.0,0.013144517665850003,1.0,0.25,10,-0.012354247712428101,0,sl
hg1s,2021-01-19,2021-01-26,train,1.0,0.01302019735023808,1.0,0.25,10,-0.0038530354679545686,0,sl
hg1s,2021-01-20,2021-01-22,train,1.0,0.012888125647309151,1.0,0.25,10,-0.004256489122266283,0,sl
hg1s,2021-01-21,2021-01-22,train,1.0,0.01237025511178359,1.0,0.25,10,-0.005894448190076895,0,sl
hg1s,2021-01-22,2021-01-27,train,1.0,0.011820162111249087,1.0,0.25,10,-0.01889133914048291,0,sl
hg1s,2021-01-25,2021-01-27,train,1.0,0.011641773881735474,1.0,0.25,10,-0.019837441719365634,0,sl
hg1s,2021-01-26,2021-01-27,train,1.0,0.01167023560985646,1.0,0.25,10,-0.017129436444152324,0,sl
hg1s,2021-01-27,2021-02-01,train,1.0,0.0123382567356574,1.0,0.25,10,-0.0032326072406613227,0,sl
hg1s,2021-01-28,2021-01-29,train,1.0,0.012365572151283071,1.0,0.25,10,-0.006148685633979301,0,sl
hg1s,2021-01-29,2021-02-02,train,1.0,0.012442980589627471,1.0,0.25,10,-0.008858267502926953,0,sl
hg1s,2021-02-01,2021-02-02,train,1.0,0.012300765375675635,1.0,0.25,10,-0.006063169697598236,0,sl
hg1s,2021-02-02,2021-02-05,train,1.0,0.012162129808227394,1.0,0.25,10,0.028798409886778176,1,pt
hg1s,2021-02-03,2021-02-04,train,1.0,0.011164376485252833,1.0,0.25,10,-0.0035058206689596583,0,sl
hg1s,2021-02-04,2021-02-05,train,1.0,0.011135301750347607,1.0,0.25,10,0.020546016887742935,1,pt
hg1s,2021-02-05,2021-02-08,train,-1.0,0.011775208806167753,1.0,0.25,10,-0.011031441389588448,0,sl
hg1s,2021-02-08,2021-02-09,train,-1.0,0.011999132326758843,1.0,0.25,10,-0.014729949211537363,0,sl
hg1s,2021-02-09,2021-02-10,train,1.0,0.010133807174564085,1.0,0.25,10,0.014112903657858,1,pt
hg1s,2021-02-10,2021-02-16,train,1.0,0.010273753441153041,1.0,0.25,10,0.016302186278953634,1,pt
hg1s,2021-02-11,2021-02-16,train,1.0,0.01028643307668216,1.0,0.25,10,0.016571653854747792,1,pt
hg1s,2021-02-12,2021-02-16,train,1.0,0.009978349506336366,1.0,0.25,10,0.012143609430381508,1,pt
hg1s,2021-02-16,2021-02-18,train,-1.0,0.009181420954141076,1.0,0.25,10,-0.01747522259655665,0,sl
hg1s,2021-02-17,2021-02-18,train,-1.0,0.009197202445731086,1.0,0.25,10,-0.02107054099729444,0,sl
hg1s,2021-02-18,2021-02-19,train,-1.0,0.010068537606427232,1.0,0.25,10,-0.044347603531436075,0,sl
hg1s,2021-02-19,2021-02-22,train,-1.0,0.013439567075510105,1.0,0.25,10,-0.01644575230065115,0,sl
hg1s,2021-02-22,2021-02-23,train,-1.0,0.01336234641495493,1.0,0.25,10,-0.009279344492162611,0,sl
hg1s,2021-02-23,2021-02-24,train,-1.0,0.013305322861174413,1.0,0.25,10,-0.02782089726419268,0,sl
hg1s,2021-02-24,2021-02-26,train,-1.0,0.013836134687945508,1.0,0.25,10,0.04914033548139907,1,pt
hg1s,2021-02-25,2021-02-26,train,-1.0,0.013161219918434264,1.0,0.25,10,0.0401078924706435,1,pt
hg1s,2021-02-26,2021-03-02,train,1.0,0.01726091988448518,1.0,0.25,10,0.0316432491228098,1,pt
hg1s,2021-03-01,2021-03-02,train,-1.0,0.017004181968189994,1.0,0.25,10,-0.026501335530725978,0,sl
hg1s,2021-03-02,2021-03-03,train,-1.0,0.01733865128920884,1.0,0.25,10,0.018948364358244874,1,pt
hg1s,2021-03-03,2021-03-04,train,-1.0,0.018147896161048317,1.0,0.25,10,0.039473684777373674,1,pt
hg1s,2021-03-04,2021-03-05,train,1.0,0.021074210937349645,1.0,0.25,10,0.02438104843944,1,pt
hg1s,2021-03-05,2021-03-09,train,1.0,0.02136276178345295,1.0,0.25,10,-0.01643970173271836,0,sl
hg1s,2021-03-08,2021-03-09,train,1.0,0.02112616692716696,1.0,0.25,10,-0.020645005139757755,0,sl
hg1s,2021-03-09,2021-03-11,train,1.0,0.021913270879726585,1.0,0.25,10,0.032555819767203564,1,pt
hg1s,2021-03-10,2021-03-11,train,1.0,0.021785226086878513,1.0,0.25,10,0.026410416036877882,1,pt
hg1s,2021-03-11,2021-03-25,train,-1.0,0.02224065276878542,1.0,0.25,10,0.03889828543415741,1,pt
hg1s,2021-03-12,2021-03-25,train,-1.0,0.022235179942909095,1.0,0.25,10,0.03913043512170733,1,pt
hg1s,2021-03-15,2021-03-25,train,-1.0,0.022257427913056606,1.0,0.25,10,0.03924646890037087,1,pt
hg1s,2021-03-16,2021-03-25,train,1.0,0.02266326733154173,1.0,0.25,10,-0.022964510440235397,0,sl
hg1s,2021-03-17,2021-03-25,train,-1.0,0.022689563079415137,1.0,0.25,10,0.03423161028108457,1,pt
hg1s,2021-03-18,2021-03-22,train,-1.0,0.02235907717082231,1.0,0.25,10,-0.007667966508843271,0,sl
hg1s,2021-03-19,2021-03-22,train,-1.0,0.02018102527726136,1.0,0.25,10,-0.006442985613298369,0,sl
hg1s,2021-03-22,2021-03-25,train,-1.0,0.019889153854846915,1.0,0.25,10,0.039014375284598724,1,pt
hg1s,2021-03-23,2021-03-25,train,-1.0,0.020013125345587784,1.0,0.25,10,0.024880501170243763,1,pt
hg1s,2021-03-24,2021-03-25,train,-1.0,0.018835850415356542,1.0,0.25,10,0.021161419076161092,1,pt
hg1s,2021-03-25,2021-03-26,train,1.0,0.019240149536950944,1.0,0.25,10,0.022624436254535585,1,pt
hg1s,2021-03-26,2021-03-30,train,-1.0,0.0179132103463583,1.0,0.25,10,0.02200098428054298,1,pt
hg1s,2021-03-29,2021-03-30,train,1.0,0.01795231386833704,1.0,0.25,10,-0.013880283034283458,0,sl
hg1s,2021-03-30,2021-04-05,train,1.0,0.01697796084646607,1.0,0.25,10,0.039964810632897585,1,pt
hg1s,2021-03-31,2021-04-05,train,1.0,0.01660785263975595,1.0,0.25,10,0.03553998265460723,1,pt
hg1s,2021-04-01,2021-04-05,train,1.0,0.013925663975953337,1.0,0.25,10,0.036837488704295485,1,pt
hg1s,2021-04-05,2021-04-07,train,-1.0,0.015221175936554103,1.0,0.25,10,0.02006042211567638,1,pt
hg1s,2021-04-06,2021-04-09,train,-1.0,0.01525104315864028,1.0,0.25,10,0.018583747677525353,1,pt
hg1s,2021-04-07,2021-04-12,train,1.0,0.014884722420507344,1.0,0.25,10,-0.008879023607489267,0,sl
hg1s,2021-04-08,2021-04-09,train,1.0,0.014982722675562655,1.0,0.25,10,-0.013310538713302122,0,sl
hg1s,2021-04-09,2021-04-12,train,1.0,0.014044153568754294,1.0,0.25,10,-0.005321782620210991,0,sl
hg1s,2021-04-12,2021-04-14,train,1.0,0.014069157611745818,1.0,0.25,10,0.027373397910174457,1,pt
hg1s,2021-04-13,2021-04-14,train,1.0,0.01410501496019682,1.0,0.25,10,0.02406052368188183,1,pt
hg1s,2021-04-14,2021-04-15,train,1.0,0.014669821026956272,1.0,0.25,10,0.021799684832497945,1,pt
hg1s,2021-04-15,2021-04-16,train,1.0,0.01521872257901461,1.0,0.25,10,-0.011971079928839279,0,sl
hg1s,2021-04-16,2021-04-19,train,1.0,0.015485894466952088,1.0,0.25,10,0.016794625282496645,1,pt
hg1s,2021-04-19,2021-04-21,train,-1.0,0.015891169686844033,1.0,0.25,10,-0.00967437454325104,0,sl
hg1s,2021-04-20,2021-04-23,train,1.0,0.015929355999723987,1.0,0.25,10,0.02919534723628825,1,pt
hg1s,2021-04-21,2021-04-23,train,-1.0,0.015813223220393764,1.0,0.25,10,-0.01332086933508414,0,sl
hg1s,2021-04-22,2021-04-23,train,-1.0,0.01577275432058059,1.0,0.25,10,-0.014743738775623738,0,sl
hg1s,2021-04-23,2021-04-26,train,-1.0,0.014934973857456561,1.0,0.25,10,-0.02421586752294469,0,sl
hg1s,2021-04-26,2021-04-27,train,-1.0,0.015037656251728603,1.0,0.25,10,-0.009224886024333134,0,sl
hg1s,2021-04-27,2021-05-03,train,-1.0,0.014768573607376637,1.0,0.25,10,-0.00958644436787659,0,sl
hg1s,2021-04-28,2021-05-03,train,-1.0,0.014080399983565414,1.0,0.25,10,-0.006892718899445427,0,sl
hg1s,2021-04-29,2021-05-03,train,-1.0,0.014205703835098412,1.0,0.25,10,-0.009361417829435226,0,sl
hg1s,2021-04-30,2021-05-06,train,1.0,0.014294792216098116,1.0,0.25,10,0.03010295346362235,1,pt
hg1s,2021-05-03,2021-05-06,train,1.0,0.012532008705804887,1.0,0.25,10,0.016340951634334244,1,pt
hg1s,2021-05-04,2021-05-06,train,1.0,0.01241422553647974,1.0,0.25,10,0.01791440885979978,1,pt
hg1s,2021-05-05,2021-05-06,train,1.0,0.01156085739600107,1.0,0.25,10,0.017351901702410633,1,pt
hg1s,2021-05-06,2021-05-07,train,1.0,0.011823061891093794,1.0,0.25,10,0.031721890305726363,1,pt
hg1s,2021-05-07,2021-05-10,train,1.0,0.01221212004080923,1.0,0.25,10,-0.006844265764023194,0,sl
hg1s,2021-05-10,2021-05-13,train,1.0,0.012304874730169479,1.0,0.25,10,-0.005407125589832362,0,sl
hg1s,2021-05-11,2021-05-12,train,1.0,0.012258887515351485,1.0,0.25,10,-0.005459891195186306,0,sl
hg1s,2021-05-12,2021-05-13,train,1.0,0.012056973694758147,1.0,0.25,10,-0.009607263759948803,0,sl
hg1s,2021-05-13,2021-05-14,train,1.0,0.012068986034804151,1.0,0.25,10,-0.007675087106508882,0,sl
hg1s,2021-05-14,2021-05-17,train,1.0,0.011776994588811245,1.0,0.25,10,0.012246212604766438,1,pt
hg1s,2021-05-17,2021-05-19,train,1.0,0.011594351251283632,1.0,0.25,10,-0.028653295609902152,0,sl
hg1s,2021-05-18,2021-05-19,train,1.0,0.011310483219986178,1.0,0.25,10,-0.03153105546834256,0,sl
hg1s,2021-05-19,2021-05-21,train,1.0,0.01385026367894428,1.0,0.25,10,-0.02086747463135097,0,sl
hg1s,2021-05-20,2021-05-21,train,1.0,0.013858820446773517,1.0,0.25,10,-0.019045533327400554,0,sl
hg1s,2021-05-21,2021-05-27,train,1.0,0.014456633502915378,1.0,0.25,10,0.040615933091639356,1,pt
hg1s,2021-05-24,2021-05-27,train,-1.0,0.01363288592735676,1.0,0.25,10,-0.03038338277713515,0,sl
hg1s,2021-05-25,2021-05-26,train,-1.0,0.01353330319899073,1.0,0.25,10,-0.005103738900607446,0,sl
hg1s,2021-05-26,2021-05-27,train,1.0,0.013567008950905509,1.0,0.25,10,0.029473450137196266,1,pt
hg1s,2021-05-27,2021-06-02,train,-1.0,0.014978999257867219,1.0,0.25,10,0.015333475147124687,1,pt
hg1s,2021-05-28,2021-06-02,train,-1.0,0.014912131425734774,1.0,0.25,10,0.01838589010192071,1,pt
hg1s,2021-06-01,2021-06-02,train,1.0,0.014758656862519126,1.0,0.25,10,-0.013323304600383334,0,sl
hg1s,2021-06-02,2021-06-03,train,1.0,0.015115906969169273,1.0,0.25,10,-0.02798649670464959,0,sl
hg1s,2021-06-03,2021-06-08,train,1.0,0.016462628293528504,1.0,0.25,10,0.020838001599692735,1,pt
hg1s,2021-06-04,2021-06-10,train,1.0,0.01632749841202743,1.0,0.25,10,-0.009715168898607573,0,sl
hg1s,2021-06-07,2021-06-10,train,1.0,0.01448871925070258,1.0,0.25,10,-0.009168232295978962,0,sl
hg1s,2021-06-08,2021-06-09,train,1.0,0.014579409856315149,1.0,0.25,10,-0.005487271005432559,0,sl
hg1s,2021-06-09,2021-06-10,train,1.0,0.014346497562273354,1.0,0.25,10,-0.010152283997205802,0,sl
hg1s,2021-06-10,2021-06-15,train,1.0,0.014437039432139243,1.0,0.25,10,-0.033890746199478516,0,sl
hg1s,2021-06-11,2021-06-15,train,1.0,0.01468198140100242,1.0,0.25,10,-0.04506887008746496,0,sl
hg1s,2021-06-14,2021-06-15,train,1.0,0.014614471060560064,1.0,0.25,10,-0.042853986693367485,0,sl
hg1s,2021-06-15,2021-06-17,train,1.0,0.01703896661207835,1.0,0.25,10,-0.03577198225138645,0,sl
hg1s,2021-06-16,2021-06-17,train,1.0,0.01735200757019376,1.0,0.25,10,-0.04720638416691514,0,sl
hg1s,2021-06-17,2021-06-18,train,1.0,0.019052988864197574,1.0,0.25,10,-0.0050263285139378056,0,sl
hg1s,2021-06-18,2021-06-23,train,1.0,0.019042571670867744,1.0,0.25,10,0.041736828167559414,1,pt
hg1s,2021-06-21,2021-06-23,train,1.0,0.01887803457446648,1.0,0.25,10,0.03501433980739388,1,pt
hg1s,2021-06-22,2021-06-23,train,1.0,0.018918513940262303,1.0,0.25,10,0.023758865014398722,1,pt
hg1s,2021-06-23,2021-06-25,train,1.0,0.01984490690343498,1.0,0.25,10,-0.008087195605554931,0,sl
hg1s,2021-06-24,2021-06-28,train,1.0,0.019780595499920825,1.0,0.25,10,-0.0061556324437590515,0,sl
hg1s,2021-06-25,2021-06-29,train,1.0,0.0183369889620962,1.0,0.25,10,-0.005828183953732857,0,sl
hg1s,2021-06-28,2021-07-01,train,1.0,0.01826332841462315,1.0,0.25,10,-0.009933388488887585,0,sl
hg1s,2021-06-29,2021-07-01,train,1.0,0.018264032622460347,1.0,0.25,10,-0.00668308283376251,0,sl
hg1s,2021-06-30,2021-07-01,train,1.0,0.01826262389790261,1.0,0.25,10,-0.012357193702402292,0,sl
hg1s,2021-07-01,2021-07-07,train,1.0,0.017441002157377285,1.0,0.25,10,0.02042020961866675,1,pt
hg1s,2021-07-02,2021-07-07,val,-1.0,0.017204933312558172,1.0,0.25,10,-0.010874650113082751,0,sl
hg1s,2021-07-06,2021-07-09,val,1.0,0.01720933024279358,1.0,0.25,10,0.022230063971936387,1,pt
hg1s,2021-07-07,2021-07-09,val,-1.0,0.01765222204877928,1.0,0.25,10,-0.005320993502069271,0,sl
hg1s,2021-07-08,2021-07-09,val,1.0,0.017812504308732664,1.0,0.25,10,0.01899401934123901,1,pt
hg1s,2021-07-09,2021-07-19,val,-1.0,0.018364863948216136,1.0,0.25,10,0.03313772925889569,1,pt
hg1s,2021-07-12,2021-07-19,val,-1.0,0.018131558468729464,1.0,0.25,10,0.026529193635185577,1,pt
hg1s,2021-07-13,2021-07-19,val,-1.0,0.01813170815678132,1.0,0.25,10,0.02449500838747032,1,pt
hg1s,2021-07-14,2021-07-15,val,-1.0,0.015424856441074584,1.0,0.25,10,-0.01300527298197518,0,sl
hg1s,2021-07-15,2021-07-19,val,-1.0,0.015469106965879416,1.0,0.25,10,0.02810548368828225,1,pt
hg1s,2021-07-16,2021-07-19,val,-1.0,0.010645933459115284,1.0,0.25,10,0.02810548368828225,1,pt
hg1s,2021-07-19,2021-07-20,val,1.0,0.012558274209055614,1.0,0.25,10,0.014637630459319206,1,pt
hg1s,2021-07-20,2021-07-22,val,-1.0,0.012881645120146959,1.0,0.25,10,-0.017475954873687805,0,sl
hg1s,2021-07-21,2021-07-22,val,-1.0,0.012673078256512366,1.0,0.25,10,-0.015332396322293995,0,sl
hg1s,2021-07-22,2021-07-23,val,-1.0,0.012003514214212368,1.0,0.25,10,-0.014409222003574751,0,sl
hg1s,2021-07-23,2021-07-26,val,-1.0,0.012351300982568952,1.0,0.25,10,-0.04204545514638336,0,sl
hg1s,2021-07-26,2021-07-28,val,-1.0,0.01518948689298591,1.0,0.25,10,0.022464558870789464,1,pt
hg1s,2021-07-27,2021-08-02,val,-1.0,0.015382543907060823,1.0,0.25,10,0.024535151173943337,1,pt
hg1s,2021-07-28,2021-07-29,val,-1.0,0.01578646242907087,1.0,0.25,10,-0.009259260732899843,0,sl
hg1s,2021-07-29,2021-08-02,val,-1.0,0.015843320965687635,1.0,0.25,10,0.020006632156806203,1,pt
hg1s,2021-07-30,2021-08-03,val,-1.0,0.015693149821612722,1.0,0.25,10,0.021528165628267648,1,pt
hg1s,2021-08-02,2021-08-03,val,1.0,0.015909525853656924,1.0,0.25,10,-0.01060230135182405,0,sl
hg1s,2021-08-03,2021-08-04,val,1.0,0.016066501617302265,1.0,0.25,10,-0.012197902830850205,0,sl
hg1s,2021-08-04,2021-08-09,val,1.0,0.01593660501701497,1.0,0.25,10,-0.00992498573203937,0,sl
hg1s,2021-08-05,2021-08-09,val,1.0,0.015622620632035495,1.0,0.25,10,-0.013454461631520198,0,sl
hg1s,2021-08-06,2021-08-09,val,1.0,0.015047303935467438,1.0,0.25,10,-0.013454461631520198,0,sl
hg1s,2021-08-09,2021-08-11,val,1.0,0.015281936143822185,1.0,0.25,10,0.018183937261555982,1,pt
hg1s,2021-08-10,2021-08-13,val,-1.0,0.01564677963812115,1.0,0.25,10,-0.008612769141331578,0,sl
hg1s,2021-08-11,2021-08-13,val,-1.0,0.01548407285620944,1.0,0.25,10,-0.00549513428949111,0,sl
hg1s,2021-08-12,2021-08-13,val,-1.0,0.015242872316151472,1.0,0.25,10,-0.007224769485198346,0,sl
hg1s,2021-08-13,2021-08-17,val,-1.0,0.015317094616820601,1.0,0.25,10,0.042240690472059694,1,pt
hg1s,2021-08-16,2021-08-17,val,-1.0,0.014203269758387375,1.0,0.25,10,0.027963947174710513,1,pt
hg1s,2021-08-17,2021-08-18,val,-1.0,0.015321877272859346,1.0,0.25,10,0.020446980804541215,1,pt
hg1s,2021-08-18,2021-08-19,val,-1.0,0.01593773205962819,1.0,0.25,10,0.019174758096510147,1,pt
hg1s,2021-08-19,2021-08-20,val,-1.0,0.01586868295935218,1.0,0.25,10,-0.023756497026080847,0,sl
hg1s,2021-08-20,2021-08-23,val,-1.0,0.01653035839529252,1.0,0.25,10,-0.024172104696723817,0,sl
hg1s,2021-08-23,2021-08-27,val,1.0,0.01440837894249847,1.0,0.25,10,0.020389114532409103,1,pt
hg1s,2021-08-24,2021-08-27,val,1.0,0.014490770494509014,1.0,0.25,10,0.015356664147405663,1,pt
hg1s,2021-08-25,2021-08-26,val,1.0,0.014317128371935231,1.0,0.25,10,-0.0038587460076003888,0,sl
hg1s,2021-08-26,2021-08-27,val,1.0,0.014052356867706037,1.0,0.25,10,0.017020776212567368,1,pt
hg1s,2021-08-27,2021-08-30,val,-1.0,0.01465662137019375,1.0,0.25,10,-0.010041552310927182,0,sl
hg1s,2021-08-30,2021-09-01,val,-1.0,0.01471130700271899,1.0,0.25,10,0.02228316783065054,1,pt
hg1s,2021-08-31,2021-09-01,val,-1.0,0.014525358656198084,1.0,0.25,10,0.022171427222233975,1,pt
hg1s,2021-09-01,2021-09-02,val,-1.0,0.015132904231222141,1.0,0.25,10,-0.006077606677055369,0,sl
hg1s,2021-09-02,2021-09-03,val,-1.0,0.015180296357401875,1.0,0.25,10,-0.006970259522106392,0,sl
hg1s,2021-09-03,2021-09-08,val,-1.0,0.015274108250221454,1.0,0.25,10,0.023304106631012234,1,pt
hg1s,2021-09-07,2021-09-10,val,-1.0,0.015214832992482387,1.0,0.25,10,-0.03982249308621033,0,sl
hg1s,2021-09-08,2021-09-10,val,1.0,0.014974699952754465,1.0,0.25,10,0.05173635743139027,1,pt
hg1s,2021-09-09,2021-09-10,val,-1.0,0.015263537334263309,1.0,0.25,10,-0.03885194256168689,0,sl
hg1s,2021-09-10,2021-09-13,val,1.0,0.01759263215731083,1.0,0.25,10,-0.01909254426199769,0,sl
hg1s,2021-09-13,2021-09-15,val,-1.0,0.018086441665500882,1.0,0.25,10,-0.009045111172214515,0,sl
hg1s,2021-09-14,2021-09-15,val,1.0,0.017933761785283095,1.0,0.25,10,0.01978708562967957,1,pt
hg1s,2021-09-15,2021-09-16,val,-1.0,0.017154833517776757,1.0,0.25,10,0.02836718428426599,1,pt
hg1s,2021-09-16,2021-09-20,val,-1.0,0.01780850782331324,1.0,0.25,10,0.039005021230686165,1,pt
hg1s,2021-09-17,2021-09-20,val,-1.0,0.017280761165787285,1.0,0.25,10,0.03097032547406786,1,pt
hg1s,2021-09-20,2021-09-22,val,1.0,0.018096778670797554,1.0,0.25,10,0.03341839828020876,1,pt
hg1s,2021-09-21,2021-09-22,val,1.0,0.017201199438825435,1.0,0.25,10,0.03053805206223803,1,pt
hg1s,2021-09-22,2021-09-24,val,-1.0,0.01855618629681381,1.0,0.25,10,-0.00787864599025756,0,sl
hg1s,2021-09-23,2021-09-29,val,1.0,0.01857677821461135,1.0,0.25,10,-0.007563223605507874,0,sl
hg1s,2021-09-24,2021-09-29,val,-1.0,0.0187917186663841,1.0,0.25,10,0.020184343068669897,1,pt
hg1s,2021-09-27,2021-09-29,val,-1.0,0.018385428212215664,1.0,0.25,10,0.021098029593187406,1,pt
hg1s,2021-09-28,2021-09-29,val,1.0,0.01833061233375843,1.0,0.25,10,-0.011185682375930872,0,sl
hg1s,2021-09-29,2021-09-30,val,1.0,0.018455090252248063,1.0,0.25,10,-0.02619671425991965,0,sl
hg1s,2021-09-30,2021-10-01,val,1.0,0.018715908506204606,1.0,0.25,10,0.024333578632618202,1,pt
hg1s,2021-10-01,2021-10-06,val,1.0,0.01954996498271924,1.0,0.25,10,-0.009788708159471082,0,sl
hg1s,2021-10-04,2021-10-05,val,1.0,0.0196904573130203,1.0,0.25,10,-0.010852897260084426,0,sl
hg1s,2021-10-05,2021-10-06,val,1.0,0.019654743526697962,1.0,0.25,10,-0.010733452546718869,0,sl
hg1s,2021-10-06,2021-10-07,val,1.0,0.019638552527697747,1.0,0.25,10,0.02314647518098001,1,pt
hg1s,2021-10-07,2021-10-11,val,1.0,0.0201513091831013,1.0,0.25,10,0.028985506142088724,1,pt
hg1s,2021-10-08,2021-10-11,val,1.0,0.018125375221790457,1.0,0.25,10,0.02128405947291201,1,pt
hg1s,2021-10-11,2021-10-12,val,1.0,0.018347263247766688,1.0,0.25,10,-0.009389670364295055,0,sl
hg1s,2021-10-12,2021-10-13,val,1.0,0.018313973650136702,1.0,0.25,10,0.04404115112439122,1,pt
hg1s,2021-10-13,2021-10-14,val,1.0,0.020282421881438292,1.0,0.25,10,0.025575731283598246,1,pt
hg1s,2021-10-14,2021-10-15,val,1.0,0.019664554531886404,1.0,0.25,10,0.02115945141158826,1,pt
hg1s,2021-10-15,2021-10-19,val,1.0,0.019793046844983866,1.0,0.25,10,-0.00560312924159545,0,sl
hg1s,2021-10-18,2021-10-19,val,1.0,0.01788487035803263,1.0,0.25,10,-0.004761399985541037,0,sl
hg1s,2021-10-19,2021-10-21,val,1.0,0.01805599186720751,1.0,0.25,10,-0.030725069664565008,0,sl
hg1s,2021-10-20,2021-10-21,val,1.0,0.017187848132211844,1.0,0.25,10,-0.03717393669236824,0,sl
hg1s,2021-10-21,2021-10-22,val,1.0,0.01963259372699674,1.0,0.25,10,-0.01327190981716908,0,sl
hg1s,2021-10-22,2021-10-27,val,1.0,0.019866465749686306,1.0,0.25,10,-0.024121831820579476,0,sl
hg1s,2021-10-25,2021-10-26,val,1.0,0.0198850416878303,1.0,0.25,10,-0.009275618582893719,0,sl
hg1s,2021-10-26,2021-10-27,val,1.0,0.019860166088978382,1.0,0.25,10,-0.021511367745158938,0,sl
hg1s,2021-10-27,2021-11-02,val,1.0,0.020381290552086935,1.0,0.25,10,-0.005353685138387854,0,sl
hg1s,2021-10-28,2021-10-29,val,1.0,0.019294380471669117,1.0,0.25,10,-0.015883745112746595,0,sl
hg1s,2021-10-29,2021-11-01,val,-1.0,0.01919403534638159,1.0,0.25,10,-0.005837910821576919,0,sl
hg1s,2021-11-01,2021-11-12,val,-1.0,0.019079355646609956,1.0,0.25,10,-0.012746103776728024,0,sl
hg1s,2021-11-02,2021-11-08,val,-1.0,0.01894458400875353,1.0,0.25,10,-0.007558406864274225,0,sl
hg1s,2021-11-03,2021-11-05,val,-1.0,0.018929471272981856,1.0,0.25,10,-0.005091413385603927,0,sl
hg1s,2021-11-04,2021-11-05,val,-1.0,0.018284842357591907,1.0,0.25,10,-0.005207729573196929,0,sl
hg1s,2021-11-05,2021-11-08,val,-1.0,0.01824801947604845,1.0,0.25,10,-0.012894314283146358,0,sl
hg1s,2021-11-08,2021-11-12,val,-1.0,0.017854564284354522,1.0,0.25,10,-0.011479881570802819,0,sl
hg1s,2021-11-09,2021-11-11,val,-1.0,0.017770243020966536,1.0,0.25,10,-0.006059913046401411,0,sl
hg1s,2021-11-10,2021-11-11,val,1.0,0.014841541431076202,1.0,0.25,10,0.017696044510581377,1,pt
hg1s,2021-11-11,2021-11-12,val,-1.0,0.014176368380040506,1.0,0.25,10,-0.011364927982394857,0,sl
hg1s,2021-11-12,2021-11-16,val,-1.0,0.013482006289887721,1.0,0.25,10,0.02202494645108788,1,pt
hg1s,2021-11-15,2021-11-17,val,-1.0,0.013590837717174915,1.0,0.25,10,0.030454546021510653,1,pt
hg1s,2021-11-16,2021-11-17,val,1.0,0.01369315445884287,1.0,0.25,10,-0.019648398354115915,0,sl
hg1s,2021-11-17,2021-11-19,val,1.0,0.0138992631746897,1.0,0.25,10,0.03316924612171812,1,pt
hg1s,2021-11-18,2021-11-19,val,1.0,0.011909220098158275,1.0,0.25,10,0.023928447014738286,1,pt
hg1s,2021-11-19,2021-11-23,val,-1.0,0.013016407866267891,1.0,0.25,10,-0.0036301757302048543,0,sl
hg1s,2021-11-22,2021-11-23,val,-1.0,0.012893068112445928,1.0,0.25,10,-0.006141248296652968,0,sl
hg1s,2021-11-23,2021-11-24,val,-1.0,0.012860837885199601,1.0,0.25,10,-0.010510849993065952,0,sl
hg1s,2021-11-24,2021-11-26,val,-1.0,0.012079534289905687,1.0,0.25,10,0.04015210882650333,1,pt
hg1s,2021-11-26,2021-11-29,val,-1.0,0.01502203161434153,1.0,0.25,10,-0.011652295920480116,0,sl
hg1s,2021-11-29,2021-12-01,val,-1.0,0.014904817842046518,1.0,0.25,10,0.02153881699932192,1,pt
hg1s,2021-11-30,2021-12-01,val,1.0,0.015139267903581277,1.0,0.25,10,-0.007593458712757628,0,sl
hg1s,2021-12-01,2021-12-06,val,1.0,0.015165414422534914,1.0,0.25,10,0.02118893544219813,1,pt
hg1s,2021-12-02,2021-12-03,val,1.0,0.01529452012692602,1.0,0.25,10,-0.007443591400764338,0,sl
hg1s,2021-12-03,2021-12-06,val,1.0,0.0153790533659899,1.0,0.25,10,0.016522146193631126,1,pt
hg1s,2021-12-06,2021-12-10,val,1.0,0.015799996373675892,1.0,0.25,10,-0.011757925296847271,0,sl
hg1s,2021-12-07,2021-12-10,val,1.0,0.015508730725223635,1.0,0.25,10,-0.012213388492828825,0,sl
hg1s,2021-12-08,2021-12-10,val,-1.0,0.01572139421739285,1.0,0.25,10,0.024354159087237037,1,pt
hg1s,2021-12-09,2021-12-14,val,-1.0,0.01582287984348203,1.0,0.25,10,0.017424417790909752,1,pt
hg1s,2021-12-10,2021-12-14,val,1.0,0.015443818690440862,1.0,0.25,10,-0.006765426780806494,0,sl
hg1s,2021-12-13,2021-12-14,val,1.0,0.015159210280307532,1.0,0.25,10,-0.006185807584524805,0,sl
hg1s,2021-12-14,2021-12-15,val,1.0,0.015039037679214783,1.0,0.25,10,-0.017615971457644597,0,sl
hg1s,2021-12-15,2021-12-16,val,1.0,0.01533137656838833,1.0,0.25,10,0.029169157849138205,1,pt
hg1s,2021-12-16,2021-12-21,val,-1.0,0.016179619382543264,1.0,0.25,10,-0.009641072352490676,0,sl
hg1s,2021-12-17,2021-12-21,val,-1.0,0.01606180440567188,1.0,0.25,10,-0.011874272646893225,0,sl
hg1s,2021-12-20,2021-12-21,val,-1.0,0.0150582106465384,1.0,0.25,10,-0.012227785134512947,0,sl
hg1s,2021-12-21,2021-12-22,val,-1.0,0.015351219896299274,1.0,0.25,10,-0.010469397430196814,0,sl
hg1s,2021-12-22,2021-12-27,val,-1.0,0.015479379258645471,1.0,0.25,10,-0.018330866043231975,0,sl
hg1s,2021-12-23,2021-12-27,val,-1.0,0.015270480301865348,1.0,0.25,10,-0.01809903222730691,0,sl
hg1s,2021-12-27,2021-12-29,val,-1.0,0.012572002912870178,1.0,0.25,10,0.01319320091609344,1,pt
hg1s,2021-12-28,2021-12-31,val,-1.0,0.012584288278363378,1.0,0.25,10,-0.006880215743525042,0,sl
hg1s,2021-12-29,2021-12-31,val,-1.0,0.0121487817049762,1.0,0.25,10,-0.011443461840398905,0,sl
hg1s,2021-12-30,2021-12-31,val,-1.0,0.012048862075106087,1.0,0.25,10,-0.016163916158934866,0,sl
hg1s,2021-12-31,2022-01-06,test,-1.0,0.012260392161076836,1.0,0.25,10,0.024420297134181368,1,pt
hg1s,2022-01-03,2022-01-04,test,-1.0,0.01234767335605973,1.0,0.25,10,-0.012099966797883388,0,sl
hg1s,2022-01-04,2022-01-05,test,-1.0,0.01211243584806339,1.0,0.25,10,0.013743017908834032,1,pt
hg1s,2022-01-05,2022-01-06,test,-1.0,0.012593230879919546,1.0,0.25,10,0.01336807397428963,1,pt
hg1s,2022-01-06,2022-01-07,test,-1.0,0.01267342956214269,1.0,0.25,10,-0.012745434151236301,0,sl
hg1s,2022-01-07,2022-01-10,test,-1.0,0.012582976594096724,1.0,0.25,10,0.013151926376105738,1,pt
hg1s,2022-01-10,2022-01-11,test,-1.0,0.012713792826296064,1.0,0.25,10,-0.017693013966772142,0,sl
hg1s,2022-01-11,2022-01-12,test,-1.0,0.013247682686873105,1.0,0.25,10,-0.033303229448836014,0,sl
hg1s,2022-01-12,2022-01-14,test,-1.0,0.014803380050726815,1.0,0.25,10,0.03408718462778548,1,pt
hg1s,2022-01-13,2022-01-14,test,-1.0,0.014153760771525177,1.0,0.25,10,0.027606688065150875,1,pt
hg1s,2022-01-14,2022-01-19,test,-1.0,0.01464529177111868,1.0,0.25,10,-0.011197827833556273,0,sl
hg1s,2022-01-18,2022-01-19,test,-1.0,0.01479665934321575,1.0,0.25,10,-0.01996577320211479,0,sl
hg1s,2022-01-19,2022-01-20,test,-1.0,0.015372161844848738,1.0,0.25,10,-0.025167786621198784,0,sl
hg1s,2022-01-20,2022-01-24,test,-1.0,0.01606016060190592,1.0,0.25,10,0.0370976554106448,1,pt
hg1s,2022-01-21,2022-01-24,test,-1.0,0.016308634207000062,1.0,0.25,10,0.024646330357535273,1,pt
hg1s,2022-01-24,2022-01-26,test,1.0,0.017349829944604416,1.0,0.25,10,0.023229463078512813,1,pt
hg1s,2022-01-25,2022-01-27,test,1.0,0.01696591802827877,1.0,0.25,10,-0.005955056109298584,0,sl
hg1s,2022-01-26,2022-01-27,test,-1.0,0.01714793634326613,1.0,0.25,10,0.020265782097214413,1,pt
hg1s,2022-01-27,2022-01-28,test,-1.0,0.017773772779808874,1.0,0.25,10,0.0256584145772617,1,pt
hg1s,2022-01-28,2022-02-01,test,1.0,0.018692122375195738,1.0,0.25,10,0.028770301856847924,1,pt
hg1s,2022-01-31,2022-02-01,test,1.0,0.018296698452258436,1.0,0.25,10,0.025320846349490722,1,pt
hg1s,2022-02-01,2022-02-09,test,1.0,0.019120335048790696,1.0,0.25,10,0.038001802990997424,1,pt
hg1s,2022-02-02,2022-02-03,test,1.0,0.019185553144423426,1.0,0.25,10,-0.005560499362777804,0,sl
hg1s,2022-02-03,2022-02-09,test,1.0,0.018954147842806805,1.0,0.25,10,0.029411764537940366,1,pt
hg1s,2022-02-04,2022-02-07,test,1.0,0.018668153620379383,1.0,0.25,10,-0.0055710298958656645,0,sl
hg1s,2022-02-07,2022-02-09,test,1.0,0.018539524445698424,1.0,0.25,10,0.03137254823438673,1,pt
hg1s,2022-02-08,2022-02-09,test,1.0,0.01825522015448534,1.0,0.25,10,0.03171934535400167,1,pt
hg1s,2022-02-09,2022-02-10,test,-1.0,0.0191340025905125,1.0,0.25,10,-0.012384574608238275,0,sl
hg1s,2022-02-10,2022-02-11,test,1.0,0.017906191704213505,1.0,0.25,10,-0.0329434484857426,0,sl
hg1s,2022-02-11,2022-02-23,test,1.0,0.01944177910523698,1.0,0.25,10,-0.005427223559464789,0,sl
hg1s,2022-02-14,2022-02-23,test,1.0,0.0183288397042876,1.0,0.25,10,-0.005758194988750742,0,sl
hg1s,2022-02-15,2022-02-22,test,1.0,0.018208942169373177,1.0,0.25,10,-0.004634227051640183,0,sl
hg1s,2022-02-16,2022-02-22,test,1.0,0.01770389880337947,1.0,0.25,10,-0.005731289722933908,0,sl
hg1s,2022-02-17,2022-02-23,test,1.0,0.016778029254130043,1.0,0.25,10,-0.009165391122783473,0,sl
hg1s,2022-02-18,2022-02-23,test,1.0,0.016531561838512634,1.0,0.25,10,-0.008398066745562316,0,sl
hg1s,2022-02-22,2022-02-23,test,1.0,0.015474420029915753,1.0,0.25,10,-0.00641948119693303,0,sl
hg1s,2022-02-23,2022-02-24,test,1.0,0.015459942408107092,1.0,0.25,10,-0.006126766999184796,0,sl
hg1s,2022-02-24,2022-03-01,test,1.0,0.015151764578429016,1.0,0.25,10,0.03037435415966039,1,pt
hg1s,2022-02-25,2022-02-28,test,1.0,0.01446095198471424,1.0,0.25,10,-0.0068004463641250235,0,sl
hg1s,2022-02-28,2022-03-01,test,1.0,0.013183529500453761,1.0,0.25,10,0.03187787580896417,1,pt
hg1s,2022-03-01,2022-03-02,test,1.0,0.014776271088366677,1.0,0.25,10,0.015011422460861956,1,pt
hg1s,2022-03-02,2022-03-03,test,1.0,0.014142363376944477,1.0,0.25,10,0.024863358638670396,1,pt
hg1s,2022-03-03,2022-03-04,test,1.0,0.01478281368577726,1.0,0.25,10,0.03262574436997645,1,pt
hg1s,2022-03-04,2022-03-07,test,1.0,0.015984519234574127,1.0,0.25,10,-0.04182278425897079,0,sl
hg1s,2022-03-07,2022-03-09,test,-1.0,0.019210649920221035,1.0,0.25,10,0.03350243094309302,1,pt
hg1s,2022-03-08,2022-03-09,test,-1.0,0.019186908725973516,1.0,0.25,10,0.029193206440411124,1,pt
hg1s,2022-03-09,2022-03-14,test,1.0,0.02049772263777424,1.0,0.25,10,-0.010825587867623776,0,sl
hg1s,2022-03-10,2022-03-11,test,1.0,0.019643116663481248,1.0,0.25,10,-0.005803331100983522,0,sl
hg1s,2022-03-11,2022-03-14,test,1.0,0.019485363814062805,1.0,0.25,10,-0.022159767581129586,0,sl
hg1s,2022-03-14,2022-03-17,test,1.0,0.01863447189306053,1.0,0.25,10,0.03957550377049235,1,pt
hg1s,2022-03-15,2022-03-16,test,1.0,0.01864157117820582,1.0,0.25,10,0.019388432894213325,1,pt
hg1s,2022-03-16,2022-03-17,test,1.0,0.019103617843204704,1.0,0.25,10,0.022062820382316772,1,pt
hg1s,2022-03-17,2022-03-31,test,1.0,0.01968097666609615,1.0,0.25,10,0.01042109661199131,1,vert
hg1s,2022-03-18,2022-03-23,test,-1.0,0.019695418136987917,1.0,0.25,10,-0.007806730071141077,0,sl
hg1s,2022-03-21,2022-03-23,test,-1.0,0.01977526172775728,1.0,0.25,10,-0.014011252216786785,0,sl
hg1s,2022-03-22,2022-03-23,test,-1.0,0.019777859874440817,1.0,0.25,10,-0.01627659541170723,0,sl
hg1s,2022-03-23,2022-04-06,test,-1.0,0.019916087573884887,1.0,0.25,10,0.008060295476153279,1,vert
hg1s,2022-03-24,2022-04-04,test,-1.0,0.019941731174940053,1.0,0.25,10,-0.008223510178429816,0,sl
hg1s,2022-03-25,2022-04-05,test,1.0,0.0201219430900759,1.0,0.25,10,0.020538470899218453,1,pt
hg1s,2022-03-28,2022-04-01,test,1.0,0.020017058046848894,1.0,0.25,10,-0.007829858688081726,0,sl
hg1s,2022-03-29,2022-04-01,test,1.0,0.018865733691019064,1.0,0.25,10,-0.008983301848613179,0,sl
hg1s,2022-03-30,2022-04-01,test,1.0,0.018613249194845277,1.0,0.25,10,-0.013051258561308066,0,sl
hg1s,2022-03-31,2022-04-01,test,1.0,0.017761151281364653,1.0,0.25,10,-0.013155125142582658,0,sl
hg1s,2022-04-01,2022-04-04,test,1.0,0.01623270927835655,1.0,0.25,10,0.019835768690840805,1,pt
hg1s,2022-04-04,2022-04-06,test,1.0,0.013946027100258038,1.0,0.25,10,-0.009097563728143299,0,sl
hg1s,2022-04-05,2022-04-06,test,1.0,0.013904072995435194,1.0,0.25,10,-0.011887383559212816,0,sl
hg1s,2022-04-06,2022-04-07,test,1.0,0.012335507332460667,1.0,0.25,10,-0.00812579175870598,0,sl
hg1s,2022-04-07,2022-04-11,test,1.0,0.011953902808979023,1.0,0.25,10,-0.013937652799592914,0,sl
hg1s,2022-04-08,2022-04-11,test,1.0,0.011904956197918426,1.0,0.25,10,-0.019259259603989,0,sl
hg1s,2022-04-11,2022-04-12,test,1.0,0.011612420344208303,1.0,0.25,10,0.016292619457952462,1,pt
hg1s,2022-04-12,2022-04-18,test,-1.0,0.012045912765058401,1.0,0.25,10,-0.019641152104759696,0,sl
hg1s,2022-04-13,2022-04-18,test,-1.0,0.011357017812231893,1.0,0.25,10,-0.019100170137053674,0,sl
hg1s,2022-04-14,2022-04-18,test,-1.0,0.010280254505166543,1.0,0.25,10,-0.016619033959205387,0,sl
hg1s,2022-04-18,2022-04-19,test,-1.0,0.010782580676707046,1.0,0.25,10,0.01749271181010492,1,pt
hg1s,2022-04-19,2022-04-20,test,-1.0,0.011450664965514506,1.0,0.25,10,0.013988979125781897,1,pt
hg1s,2022-04-20,2022-04-21,test,-1.0,0.011875626070404805,1.0,0.25,10,-0.011177988954633067,0,sl
hg1s,2022-04-21,2022-04-22,test,-1.0,0.011553166967203916,1.0,0.25,10,0.026041667402739277,1,pt
hg1s,2022-04-22,2022-04-25,test,1.0,0.012841790465134412,1.0,0.25,10,-0.02892065792395393,0,sl
hg1s,2022-04-25,2022-04-28,test,1.0,0.014176466029647375,1.0,0.25,10,-0.008609124300677395,0,sl
hg1s,2022-04-26,2022-04-28,test,1.0,0.014039381948325439,1.0,0.25,10,-0.006832437345632325,0,sl
hg1s,2022-04-27,2022-04-28,test,1.0,0.01406312548464911,1.0,0.25,10,-0.009273742520289674,0,sl
hg1s,2022-04-28,2022-04-29,test,1.0,0.01402420699285811,1.0,0.25,10,-0.005638885148812833,0,sl
hg1s,2022-04-29,2022-05-02,test,1.0,0.01400084000067096,1.0,0.25,10,-0.031870250736784844,0,sl
hg1s,2022-05-02,2022-05-04,test,1.0,0.015263791390504001,1.0,0.25,10,0.016401124479235252,1,pt
hg1s,2022-05-03,2022-05-06,test,1.0,0.014290715562384919,1.0,0.25,10,-0.0037356989562977727,0,sl
hg1s,2022-05-04,2022-05-05,test,1.0,0.014769734871964105,1.0,0.25,10,-0.010719225199580684,0,sl
hg1s,2022-05-05,2022-05-06,test,1.0,0.014743896642774111,1.0,0.25,10,-0.005708960509967387,0,sl
hg1s,2022-05-06,2022-05-09,test,1.0,0.014728283561171094,1.0,0.25,10,-0.017225215613020928,0,sl
hg1s,2022-05-09,2022-05-10,test,1.0,0.014754901583645142,1.0,0.25,10,-0.009300108669109686,0,sl
hg1s,2022-05-10,2022-05-12,test,1.0,0.014448129219905518,1.0,0.25,10,-0.012997954199729267,0,sl
hg1s,2022-05-11,2022-05-12,test,1.0,0.014213816308201873,1.0,0.25,10,-0.025778095322138816,0,sl
hg1s,2022-05-12,2022-05-13,test,1.0,0.01481775861207816,1.0,0.25,10,0.018168515720002,1,pt
hg1s,2022-05-13,2022-05-19,test,1.0,0.01573182385000964,1.0,0.25,10,0.025868263831846816,1,pt
hg1s,2022-05-16,2022-05-19,test,1.0,0.01500370298178915,1.0,0.25,10,0.021829894076330625,1,pt
hg1s,2022-05-17,2022-05-19,test,-1.0,0.015319317801586178,1.0,0.25,10,-0.01037980617053802,0,sl
hg1s,2022-05-18,2022-05-19,test,1.0,0.015327817918916601,1.0,0.25,10,0.025008973827649106,1,pt
hg1s,2022-05-19,2022-05-25,test,1.0,0.016374080779544147,1.0,0.25,10,-0.006654214703526229,0,sl
hg1s,2022-05-20,2022-05-23,test,1.0,0.01558304331523719,1.0,0.25,10,0.01649122832964056,1,pt
hg1s,2022-05-23,2022-05-25,test,-1.0,0.014966053302741608,1.0,0.25,10,0.02094120529421284,1,pt
hg1s,2022-05-24,2022-06-01,test,-1.0,0.015070965834718786,1.0,0.25,10,-0.005458768961232652,0,sl
hg1s,2022-05-25,2022-06-01,test,1.0,0.015194936344466543,1.0,0.25,10,0.017393349505252953,1,pt
hg1s,2022-05-26,2022-06-01,test,1.0,0.015127850078432946,1.0,0.25,10,0.016318383992778296,1,pt
hg1s,2022-05-27,2022-06-01,test,-1.0,0.01537674711876178,1.0,0.25,10,-0.005108557638086264,0,sl
hg1s,2022-05-31,2022-06-01,test,-1.0,0.013523089749446889,1.0,0.25,10,-0.0075651766887214755,0,sl
hg1s,2022-06-01,2022-06-02,test,-1.0,0.013602733754762963,1.0,0.25,10,-0.05175002835892184,0,sl
hg1s,2022-06-02,2022-06-03,test,-1.0,0.017453267145458837,1.0,0.25,10,0.017682590872747928,1,pt
hg1s,2022-06-03,2022-06-09,test,-1.0,0.017802216476158036,1.0,0.25,10,0.0203488389078339,1,pt
hg1s,2022-06-06,2022-06-10,test,-1.0,0.01787090016149921,1.0,0.25,10,0.0316798197421263,1,pt
hg1s,2022-06-07,2022-06-10,test,-1.0,0.017295116120568155,1.0,0.25,10,0.03178897583798246,1,pt
hg1s,2022-06-08,2022-06-10,test,-1.0,0.017058091320327363,1.0,0.25,10,0.0359187346132922,1,pt
hg1s,2022-06-09,2022-06-10,test,-1.0,0.017469377544291436,1.0,0.25,10,0.019744350568059787,1,pt
hg1s,2022-06-10,2022-06-13,test,1.0,0.01699441456413064,1.0,0.25,10,-0.019327045193454184,0,sl
hg1s,2022-06-13,2022-06-14,test,1.0,0.01724000155643668,1.0,0.25,10,-0.013059481026729047,0,sl
hg1s,2022-06-14,2022-06-16,test,1.0,0.017478791608579364,1.0,0.25,10,-0.011668470522947283,0,sl
hg1s,2022-06-15,2022-06-16,test,1.0,0.017271621718647746,1.0,0.25,10,-0.013330130339042623,0,sl
ho1s,2020-01-21,2020-01-22,train,1.0,0.011935759886079192,0.25,0.25,1,-0.015853924427236987,0,sl
ho1s,2020-01-23,2020-01-24,train,1.0,0.0120774792241683,0.25,0.25,1,-0.03171153507088209,0,sl
ho1s,2020-01-31,2020-02-03,train,1.0,0.015903389688970027,0.25,0.25,1,-0.0310120413022692,0,sl
ho1s,2020-02-03,2020-02-04,train,1.0,0.014957215344831704,0.25,0.25,1,0.0038025237440959536,1,pt
ho1s,2020-02-04,2020-02-05,train,1.0,0.015445764683372058,0.25,0.25,1,0.0388282106793687,1,pt
ho1s,2020-03-09,2020-03-10,train,1.0,0.04528351274939432,0.25,0.25,1,0.07481296208401367,1,pt
ho1s,2020-04-15,2020-04-16,train,-1.0,0.048642862375970014,0.25,0.25,1,-0.035565768910440276,0,sl
ho1s,2020-04-16,2020-04-17,train,-1.0,0.046075507914778685,0.25,0.25,1,-0.010567476886608862,0,vert
ho1s,2020-04-21,2020-04-22,train,1.0,0.06117083527903059,0.25,0.25,1,0.005777966269891355,1,vert
ho1s,2020-05-18,2020-05-19,train,-1.0,0.07383144110045371,0.25,0.25,1,0.032591418407102446,1,pt
ho1s,2020-05-20,2020-05-21,train,-1.0,0.05728717966732587,0.25,0.25,1,0.005207833127495287,1,vert
ho1s,2020-07-01,2020-07-02,train,-1.0,0.030397266362126002,0.25,0.25,1,-0.02625875888232798,0,sl
ho1s,2020-07-10,2020-07-13,train,-1.0,0.018117303564243004,0.25,0.25,1,0.014260392053755844,1,pt
ho1s,2020-09-08,2020-09-09,train,1.0,0.02180175171629834,0.25,0.25,1,0.02721025189920301,1,pt
ho1s,2020-09-21,2020-09-22,train,1.0,0.02608973971135959,0.25,0.25,1,-0.010114698520299448,0,sl
ho1s,2020-09-22,2020-09-23,train,1.0,0.024854785732976177,0.25,0.25,1,0.007935077496961318,1,pt
ho1s,2020-09-23,2020-09-24,train,1.0,0.02484032116096884,0.25,0.25,1,0.0076936843008053035,1,pt
ho1s,2020-09-24,2020-09-25,train,1.0,0.02503403368996348,0.25,0.25,1,0.006125717580040213,1,vert
ho1s,2020-09-25,2020-09-28,train,1.0,0.02477678499142342,0.25,0.25,1,0.011206211722915027,1,pt
ho1s,2020-09-29,2020-09-30,train,1.0,0.025152499201109697,0.25,0.25,1,0.032714882409013546,1,pt
ho1s,2020-09-30,2020-10-01,train,1.0,0.026279618216634215,0.25,0.25,1,-0.02360700572331209,0,sl
ho1s,2020-10-01,2020-10-02,train,1.0,0.02570007033204202,0.25,0.25,1,-0.03555556012245398,0,sl
ho1s,2020-10-02,2020-10-05,train,1.0,0.026564286657778914,0.25,0.25,1,0.044516133338240005,1,pt
ho1s,2020-10-23,2020-10-26,train,1.0,0.02561399913986865,0.25,0.25,1,-0.02632941783564524,0,sl
ho1s,2020-10-26,2020-10-27,train,1.0,0.026196180246008616,0.25,0.25,1,0.027573367140967697,1,pt
ho1s,2020-10-27,2020-10-28,train,1.0,0.026195288627086855,0.25,0.25,1,-0.03943054303520832,0,sl
ho1s,2020-10-29,2020-10-30,train,1.0,0.026742733253709506,0.25,0.25,1,-0.0009200405106353227,0,vert
ho1s,2020-10-30,2020-11-02,train,1.0,0.02550752246720874,0.25,0.25,1,0.024311626724260682,1,pt
ho1s,2020-12-18,2020-12-21,train,-1.0,0.012604764731911296,0.25,0.25,1,0.02352941322790092,1,pt
ho1s,2020-12-21,2020-12-22,train,-1.0,0.014494039191388234,0.25,0.25,1,0.010694466789525015,1,pt
ho1s,2021-01-04,2021-01-05,train,1.0,0.012209891499602183,0.25,0.25,1,0.03891929096391156,1,pt
ho1s,2021-06-17,2021-06-18,train,1.0,0.01178126932259562,0.25,0.25,1,0.012773367913002431,1,pt
ho1s,2021-06-28,2021-06-29,train,1.0,0.010150607602948404,0.25,0.25,1,0.0017446230418403097,1,vert
ho1s,2021-06-29,2021-06-30,train,1.0,0.009581181733826688,0.25,0.25,1,0.0017886577292838268,1,vert
ho1s,2021-07-07,2021-07-08,val,1.0,0.012199503589466946,0.25,0.25,1,0.01498253195660082,1,pt
ho1s,2021-07-08,2021-07-09,val,1.0,0.012706589717828416,0.25,0.25,1,0.016411999515002496,1,pt
ho1s,2021-11-03,2021-11-04,val,1.0,0.012588319336003882,0.25,0.25,1,-0.011460260544940759,0,sl
ho1s,2021-11-04,2021-11-05,val,1.0,0.012721837832298665,0.25,0.25,1,0.020360674755976582,1,pt
ho1s,2021-11-05,2021-11-08,val,1.0,0.013504223812022377,0.25,0.25,1,0.004683174587848171,1,pt
ho1s,2021-11-08,2021-11-09,val,1.0,0.012979168469966081,0.25,0.25,1,0.016618697516170844,1,pt
ho1s,2021-11-12,2021-11-15,val,1.0,0.014160686036710732,0.25,0.25,1,-0.0023297443425147613,0,vert
ho1s,2021-11-15,2021-11-16,val,1.0,0.014083114606323973,0.25,0.25,1,0.013677495399590178,1,pt
ho1s,2021-11-18,2021-11-19,val,1.0,0.015046820915812909,0.25,0.25,1,-0.038003354233924425,0,sl
ho1s,2021-11-22,2021-11-23,val,1.0,0.017335775631327086,0.25,0.25,1,0.0249978493002303,1,pt
ho1s,2021-11-26,2021-11-29,val,1.0,0.0335150880647946,0.25,0.25,1,0.027502751426169425,1,pt
ho1s,2021-11-29,2021-11-30,val,1.0,0.03443643207716194,0.25,0.25,1,-0.04091798265132984,0,sl
ho1s,2021-11-30,2021-12-01,val,1.0,0.035036413813593695,0.25,0.25,1,0.008154156025217185,1,vert
ho1s,2021-12-01,2021-12-02,val,1.0,0.03516898605749781,0.25,0.25,1,0.012661882399897184,1,pt
ho1s,2021-12-02,2021-12-03,val,1.0,0.0351447163966683,0.25,0.25,1,-0.0023771054957967275,0,vert
ho1s,2021-12-03,2021-12-06,val,1.0,0.03514466826951342,0.25,0.25,1,0.0346931026065429,1,pt
ho1s,2021-12-14,2021-12-15,val,1.0,0.036059893947004366,0.25,0.25,1,0.0009015489269603716,1,vert
ho1s,2021-12-15,2021-12-16,val,1.0,0.035849652020725584,0.25,0.25,1,0.020671950184595334,1,pt
ho1s,2021-12-16,2021-12-17,val,1.0,0.03581812998515612,0.25,0.25,1,-0.020473901924927596,0,sl
ho1s,2021-12-17,2021-12-20,val,1.0,0.035966842599521986,0.25,0.25,1,-0.021127076166466696,0,sl
ho1s,2021-12-20,2021-12-21,val,1.0,0.03527177112748683,0.25,0.25,1,0.03902438868675273,1,pt
ho1s,2021-12-21,2021-12-22,val,1.0,0.03622900447394974,0.25,0.25,1,0.021231238874454217,1,pt
ho1s,2021-12-22,2021-12-23,val,1.0,0.036098317793055584,0.25,0.25,1,0.01052539689019305,1,pt
ho1s,2021-12-23,2021-12-27,val,1.0,0.03619986836741838,0.25,0.25,1,0.009253678284332434,1,pt
ho1s,2021-12-27,2021-12-28,val,1.0,0.01997692717572186,0.25,0.25,1,0.0068659657932441664,1,pt
ho1s,2021-12-28,2021-12-29,val,1.0,0.019346105360076173,0.25,0.25,1,0.0026260052214519547,1,vert
ho1s,2021-12-29,2021-12-30,val,1.0,0.01596379809615002,0.25,0.25,1,0.008068607072532208,1,pt
ho1s,2022-05-31,2022-06-01,test,-1.0,0.023117726493321243,0.25,0.25,1,-0.0529351963558633,0,sl
ho1s,2022-06-02,2022-06-03,test,-1.0,0.02452205110779975,0.25,0.25,1,-0.017084876677273986,0,sl
ng1s,2020-05-05,2020-05-06,train,-1.0,0.048476186069350495,0.25,0.25,1,0.08903459136917258,1,pt
ng1s,2020-05-06,2020-05-07,train,-1.0,0.051264698410574905,0.25,0.25,1,0.025723109533882682,1,pt
ng1s,2020-05-07,2020-05-08,train,-1.0,0.05087357033748726,0.25,0.25,1,0.03748567759998922,1,pt
ng1s,2020-05-08,2020-05-11,train,-1.0,0.05120817236422407,0.25,0.25,1,-0.0016443483053949493,0,vert
ng1s,2020-05-11,2020-05-12,train,-1.0,0.05119672105395804,0.25,0.25,1,0.0580496286636516,1,pt
ng1s,2020-05-12,2020-05-13,train,-1.0,0.052032571101681434,0.25,0.25,1,0.060463540720594344,1,pt
ng1s,2020-05-14,2020-05-15,train,-1.0,0.05272478864664498,0.25,0.25,1,0.020821298505588337,1,pt
ng1s,2020-05-15,2020-05-18,train,-1.0,0.05191164341198689,0.25,0.25,1,-0.08322987739188425,0,sl
ng1s,2020-05-18,2020-05-19,train,-1.0,0.05066076529860041,0.25,0.25,1,-0.026359907934493387,0,sl
ng1s,2020-05-19,2020-05-20,train,-1.0,0.04982329242780801,0.25,0.25,1,0.03223975636766341,1,pt
ng1s,2020-05-20,2020-05-21,train,-1.0,0.04776102550471571,0.25,0.25,1,0.02985700867293184,1,pt
ng1s,2020-05-21,2020-05-22,train,-1.0,0.04674232594043795,0.25,0.25,1,-0.01565825105297569,0,sl
ng1s,2020-05-27,2020-05-28,train,-1.0,0.04757229883236254,0.25,0.25,1,0.03128287790894091,1,pt
ng1s,2020-05-28,2020-05-29,train,-1.0,0.04723647756223268,0.25,0.25,1,-0.012041410095454452,0,sl
ng1s,2020-05-29,2020-06-01,train,-1.0,0.04613679120796658,0.25,0.25,1,0.04056295873309679,1,pt
ng1s,2020-06-01,2020-06-02,train,-1.0,0.046493522755691456,0.25,0.25,1,-0.0016931673003217629,0,vert
ng1s,2020-06-02,2020-06-03,train,-1.0,0.04437607367767833,0.25,0.25,1,-0.024760412024729783,0,sl
ng1s,2020-08-03,2020-08-04,train,-1.0,0.04759939904252464,0.25,0.25,1,-0.043790731101466696,0,sl
ng1s,2020-08-06,2020-08-07,train,-1.0,0.047119384875967285,0.25,0.25,1,-0.033716132643572205,0,sl
ng1s,2020-08-10,2020-08-11,train,-1.0,0.04750630542177993,0.25,0.25,1,-0.008361401374501698,0,vert
ng1s,2020-09-24,2020-09-25,train,-1.0,0.04793451104063791,0.25,0.25,1,0.031735598560984846,1,pt
ng1s,2020-10-09,2020-10-12,train,-1.0,0.05149626096765921,0.25,0.25,1,-0.05107699492148732,0,sl
ng1s,2020-10-12,2020-10-13,train,-1.0,0.05281654632640484,0.25,0.25,1,0.009027293932325597,1,vert
ng1s,2020-10-13,2020-10-14,train,-1.0,0.05238623843901515,0.25,0.25,1,0.07670752707893902,1,pt
ng1s,2020-10-14,2020-10-15,train,-1.0,0.054356425687496907,0.25,0.25,1,-0.05273090463630248,0,sl
ng1s,2020-10-26,2020-10-27,train,-1.0,0.04217656184384005,0.25,0.25,1,-0.017832206960642694,0,sl
ng1s,2020-10-27,2020-10-28,train,-1.0,0.03642342564802761,0.25,0.25,1,0.0060422960725075026,1,vert
ng1s,2021-02-16,2021-02-17,train,-1.0,0.041100792469238076,0.25,0.25,1,-0.028765206044534253,0,sl
ng1s,2021-10-05,2021-10-06,val,-1.0,0.04782690874445482,0.25,0.25,1,0.10091825932825105,1,pt
ng1s,2021-10-06,2021-10-07,val,-1.0,0.05304095989686134,0.25,0.25,1,-0.0003529171952818544,0,vert
ng1s,2021-10-07,2021-10-08,val,-1.0,0.0529064875893712,0.25,0.25,1,0.01972901871930166,1,pt
ng1s,2021-10-08,2021-10-11,val,-1.0,0.0529377771286206,0.25,0.25,1,0.039532387269714975,1,pt
ng1s,2021-10-11,2021-10-12,val,-1.0,0.052385095675270214,0.25,0.25,1,-0.02993449104581747,0,sl
ng1s,2021-10-12,2021-10-13,val,-1.0,0.05277738377945507,0.25,0.25,1,-0.015440200976656104,0,sl
ng1s,2021-10-13,2021-10-14,val,-1.0,0.05222370507015786,0.25,0.25,1,-0.017352038200428854,0,sl
ng1s,2021-10-14,2021-10-15,val,-1.0,0.05203436932642459,0.25,0.25,1,0.04870910548174778,1,pt
ng1s,2021-10-15,2021-10-18,val,-1.0,0.052327472643659334,0.25,0.25,1,0.07781642943767153,1,pt
ng1s,2021-10-18,2021-10-19,val,-1.0,0.055313030882925635,0.25,0.25,1,-0.01984378298501155,0,sl
ng1s,2021-10-19,2021-10-20,val,-1.0,0.054800888638463205,0.25,0.25,1,-0.016115185058247494,0,sl
ng1s,2021-10-20,2021-10-21,val,-1.0,0.0548814360332735,0.25,0.25,1,0.01063986107400472,1,vert
ng1s,2021-10-21,2021-10-22,val,-1.0,0.05433145075019792,0.25,0.25,1,-0.021511945830267276,0,sl
ng1s,2021-10-22,2021-10-25,val,-1.0,0.05409936504545039,0.25,0.25,1,-0.1089559094198469,0,sl
ng1s,2021-10-25,2021-10-26,val,-1.0,0.05469785977012968,0.25,0.25,1,0.008751489868891515,1,vert
ng1s,2021-10-26,2021-10-27,val,-1.0,0.054406961003245075,0.25,0.25,1,-0.03248332396449238,0,sl
ng1s,2021-10-27,2021-10-28,val,-1.0,0.05228206058804348,0.25,0.25,1,0.06711813875488026,1,pt
ng1s,2021-10-28,2021-10-29,val,-1.0,0.052402209644744596,0.25,0.25,1,0.061569959053230816,1,pt
ng1s,2021-10-29,2021-11-01,val,-1.0,0.05341314588521371,0.25,0.25,1,0.0442318948544671,1,pt
ng1s,2021-11-01,2021-11-02,val,-1.0,0.05369067338628655,0.25,0.25,1,-0.06864587247901777,0,sl
ng1s,2021-11-02,2021-11-03,val,-1.0,0.05160741128582113,0.25,0.25,1,-0.023095507886271127,0,sl
ng1s,2021-11-03,2021-11-04,val,-1.0,0.046580150265127275,0.25,0.25,1,-0.008112434717019612,0,vert
ng1s,2021-11-04,2021-11-05,val,-1.0,0.04663491000014248,0.25,0.25,1,0.0349888558457877,1,pt
ng1s,2021-11-05,2021-11-08,val,-1.0,0.047084486603879684,0.25,0.25,1,0.016134783675472275,1,pt
ng1s,2021-11-08,2021-11-09,val,-1.0,0.04637282986076781,0.25,0.25,1,0.08254888725589626,1,pt
ng1s,2021-11-09,2021-11-10,val,-1.0,0.04942175785222606,0.25,0.25,1,0.019882790839274134,1,pt
ng1s,2021-11-10,2021-11-11,val,-1.0,0.04920505999913453,0.25,0.25,1,-0.055119420480640224,0,sl
ng1s,2021-11-11,2021-11-12,val,-1.0,0.05087348210294655,0.25,0.25,1,0.06952831213617583,1,pt
ng1s,2021-11-12,2021-11-15,val,-1.0,0.05207868323681587,0.25,0.25,1,-0.047175496613910406,0,sl
ng1s,2021-11-15,2021-11-16,val,-1.0,0.05046720111043868,0.25,0.25,1,-0.031889447995309794,0,sl
ng1s,2021-11-16,2021-11-17,val,-1.0,0.05079865143184618,0.25,0.25,1,0.06973080180836488,1,pt
ng1s,2021-11-17,2021-11-18,val,-1.0,0.053000576997798164,0.25,0.25,1,-0.017857945774194084,0,sl
ng1s,2021-11-18,2021-11-19,val,-1.0,0.05324104764327698,0.25,0.25,1,-0.033248665562304325,0,sl
ng1s,2021-11-19,2021-11-22,val,-1.0,0.05359050501736461,0.25,0.25,1,0.05519769703792898,1,pt
ng1s,2021-11-22,2021-11-23,val,-1.0,0.04845302214420859,0.25,0.25,1,-0.03579711073988734,0,sl
ng1s,2021-11-23,2021-11-24,val,-1.0,0.04957956140884518,0.25,0.25,1,-0.015687231052635475,0,sl
ng1s,2021-11-24,2021-11-26,val,-1.0,0.048988378043162265,0.25,0.25,1,-0.07098436867139091,0,sl
ng1s,2021-11-26,2021-11-29,val,-1.0,0.04994247292067836,0.25,0.25,1,0.11375023009086493,1,pt
ng1s,2021-11-29,2021-11-30,val,-1.0,0.05495038011879019,0.25,0.25,1,0.059126080503914324,1,pt
ng1s,2021-11-30,2021-12-01,val,-1.0,0.05564322566617977,0.25,0.25,1,0.06765803732691145,1,pt
ng1s,2022-01-13,2022-01-14,test,-1.0,0.05748102465967689,0.25,0.25,1,0.0018754063380398422,1,vert
ng1s,2022-01-14,2022-01-18,test,-1.0,0.057388849773919746,0.25,0.25,1,-0.00492697225029004,0,vert
ng1s,2022-01-18,2022-01-19,test,-1.0,0.05701556560271706,0.25,0.25,1,0.058833794530451455,1,pt
ng1s,2022-01-25,2022-01-26,test,-1.0,0.05650546920617988,0.25,0.25,1,-0.036469093329414726,0,sl
ng1s,2022-01-26,2022-01-27,test,-1.0,0.05684193393000688,0.25,0.25,1,-0.06119793838506826,0,sl
ng1s,2022-01-27,2022-01-28,test,-1.0,0.058019134061155025,0.25,0.25,1,-0.08311983276225221,0,sl
ng1s,2022-01-28,2022-01-31,test,-1.0,0.056398373247447245,0.25,0.25,1,-0.0506564698285088,0,sl
ng1s,2022-01-31,2022-02-01,test,-1.0,0.05648873612054481,0.25,0.25,1,0.025237911078576314,1,pt
ng1s,2022-02-01,2022-02-02,test,-1.0,0.05722230652585951,0.25,0.25,1,-0.15786322818328347,0,sl
ng1s,2022-02-02,2022-02-03,test,-1.0,0.06356980766783317,0.25,0.25,1,0.11143337035235379,1,pt
ng1s,2022-02-03,2022-02-04,test,-1.0,0.07063001137237244,0.25,0.25,1,0.06464763321351341,1,pt
ng1s,2022-02-04,2022-02-07,test,-1.0,0.07261739704724826,0.25,0.25,1,0.07436869616432307,1,pt
ng1s,2022-02-08,2022-02-09,test,-1.0,0.07474482505903014,0.25,0.25,1,0.056262083610662206,1,pt
ng1s,2022-02-09,2022-02-10,test,-1.0,0.07549805741678475,0.25,0.25,1,0.012472345481031266,1,vert
ng1s,2022-02-10,2022-02-11,test,-1.0,0.06862043428622878,0.25,0.25,1,0.004544372459997503,1,vert
ng1s,2022-02-11,2022-02-14,test,-1.0,0.0623955060541934,0.25,0.25,1,-0.06444973032066836,0,sl
ng1s,2022-02-14,2022-02-15,test,-1.0,0.06399761835973669,0.25,0.25,1,-0.02645842276507593,0,sl
ng1s,2022-02-15,2022-02-16,test,-1.0,0.06422364648757016,0.25,0.25,1,-0.09544896698898597,0,sl
ng1s,2022-02-16,2022-02-17,test,-1.0,0.0652617199693939,0.25,0.25,1,0.048969761841049064,1,pt
ng1s,2022-02-17,2022-02-18,test,-1.0,0.06482482652939663,0.25,0.25,1,0.011963984243106296,1,vert
ng1s,2022-02-18,2022-02-22,test,-1.0,0.06432813540751767,0.25,0.25,1,-0.019190388857879492,0,sl
ng1s,2022-02-22,2022-02-23,test,-1.0,0.0642682265769572,0.25,0.25,1,-0.029588510329154438,0,sl
ng1s,2022-02-23,2022-02-24,test,-1.0,0.06444187005074072,0.25,0.25,1,-0.01045025094352603,0,vert
ng1s,2022-02-24,2022-02-25,test,-1.0,0.06413255617432737,0.25,0.25,1,0.03684578058693977,1,pt
ng1s,2022-02-25,2022-02-28,test,-1.0,0.06367425892780293,0.25,0.25,1,0.015210666428709607,1,vert
ng1s,2022-02-28,2022-03-01,test,-1.0,0.06111541308441311,0.25,0.25,1,-0.03884620467030375,0,sl
ng1s,2022-03-01,2022-03-02,test,-1.0,0.060665551560223,0.25,0.25,1,-0.04132958270641174,0,sl
ng1s,2022-03-02,2022-03-03,test,-1.0,0.061143706161461864,0.25,0.25,1,0.008400633799376056,1,vert
ng1s,2022-03-03,2022-03-04,test,-1.0,0.05060072579132202,0.25,0.25,1,-0.062262643469813694,0,sl
ng1s,2022-03-04,2022-03-07,test,-1.0,0.04544880181403333,0.25,0.25,1,0.03648333880036714,1,pt
ng1s,2022-03-07,2022-03-08,test,-1.0,0.043530439875414995,0.25,0.25,1,0.06331542857928885,1,pt
ng1s,2022-03-08,2022-03-09,test,-1.0,0.04243970093971884,0.25,0.25,1,0.00022027563824866814,1,vert
ng1s,2022-03-09,2022-03-10,test,-1.0,0.04245020462022555,0.25,0.25,1,-0.023200135132157795,0,sl
ng1s,2022-03-10,2022-03-11,test,-1.0,0.040046296747119396,0.25,0.25,1,-0.020298301775742544,0,sl
ng1s,2022-03-11,2022-03-14,test,-1.0,0.03983620606075367,0.25,0.25,1,0.014182201899402003,1,pt
ng1s,2022-03-14,2022-03-15,test,-1.0,0.04007519025062711,0.25,0.25,1,0.019320792955314303,1,pt
ng1s,2022-03-15,2022-03-16,test,-1.0,0.03847839784600771,0.25,0.25,1,-0.03940288081265253,0,sl
ng1s,2022-03-16,2022-03-17,test,-1.0,0.03894151456155611,0.25,0.25,1,-0.05096908111438192,0,sl
ng1s,2022-03-17,2022-03-18,test,-1.0,0.03505184893127595,0.25,0.25,1,0.025449301234995447,1,pt
ng1s,2022-05-04,2022-05-05,test,-1.0,0.046289500173347556,0.25,0.25,1,-0.04373006154902104,0,sl
ng1s,2022-05-05,2022-05-06,test,-1.0,0.04650617541739296,0.25,0.25,1,0.08425293975734838,1,pt
ng1s,2022-05-06,2022-05-09,test,-1.0,0.051318896277968394,0.25,0.25,1,0.12644603692931333,1,pt
ng1s,2022-05-17,2022-05-18,test,-1.0,0.05501935722802657,0.25,0.25,1,-0.007706443162666776,0,vert
ng1s,2022-05-18,2022-05-19,test,-1.0,0.0542005521867309,0.25,0.25,1,0.007169666450208556,1,vert
ng1s,2022-05-19,2022-05-20,test,-1.0,0.05430117033348376,0.25,0.25,1,0.02708194927507901,1,pt
ng1s,2022-05-25,2022-05-26,test,-1.0,0.053678314944421684,0.25,0.25,1,0.010896563391545877,1,vert
ng1s,2022-06-01,2022-06-02,test,-1.0,0.053511947556901945,0.25,0.25,1,0.02426314900046711,1,pt
ng1s,2022-06-02,2022-06-03,test,-1.0,0.05238311964706122,0.25,0.25,1,-0.004478575983992705,0,vert
ng1s,2022-06-03,2022-06-06,test,-1.0,0.05142054659976975,0.25,0.25,1,-0.0937463867629249,0,sl
ng1s,2022-06-06,2022-06-07,test,-1.0,0.05113668049619762,0.25,0.25,1,0.003110197813773752,1,vert
ng1s,2022-06-07,2022-06-08,test,-1.0,0.038900696701556305,0.25,0.25,1,0.06391983881440033,1,pt
ng1s,2022-06-08,2022-06-09,test,-1.0,0.04171686370144528,0.25,0.25,1,-0.030348259695245572,0,sl
ng1s,2022-06-17,2022-06-21,test,-1.0,0.0599075562064623,0.25,0.25,1,0.01958431263195648,1,pt
ng1s,2022-06-21,2022-06-22,test,-1.0,0.059811319125750495,0.25,0.25,1,-0.007344165045634288,0,vert
ng1s,2022-06-22,2022-06-23,test,-1.0,0.05651620029471235,0.25,0.25,1,0.08571018014792997,1,pt
ng1s,2022-06-29,2022-06-30,test,-1.0,0.05875402166241842,0.25,0.25,1,0.16527986989615684,1,pt
nq1s,2020-01-03,2020-01-06,train,1.0,0.005985000036856686,0.25,0.25,1,0.004256526673233507,1,pt
nq1s,2020-01-06,2020-01-07,train,-1.0,0.005986514388617938,0.25,0.25,1,-0.0006216445320677,0,vert
nq1s,2020-01-07,2020-01-08,train,-1.0,0.005704477967142246,0.25,0.25,1,-0.010335479498652322,0,sl
nq1s,2020-01-08,2020-01-09,train,1.0,0.005655611250599003,0.25,0.25,1,0.007211135334905805,1,pt
nq1s,2020-01-09,2020-01-10,train,-1.0,0.005694576118524352,0.25,0.25,1,0.003413253412691053,1,pt
nq1s,2020-01-10,2020-01-13,train,-1.0,0.0058892737799039144,0.25,0.25,1,-0.012251830812162634,0,sl
nq1s,2020-01-13,2020-01-14,train,1.0,0.00617296646965233,0.25,0.25,1,-0.0028333287486236314,0,sl
nq1s,2020-01-14,2020-01-15,train,1.0,0.006327348719086308,0.25,0.25,1,-0.0002758620687048907,0,vert
nq1s,2020-01-15,2020-01-16,train,1.0,0.006173528986284707,0.25,0.25,1,0.00811258278173943,1,pt
nq1s,2020-01-16,2020-01-17,train,-1.0,0.0062580138749154844,0.25,0.25,1,-0.004488969180115987,0,sl
nq1s,2020-01-17,2020-01-21,train,-1.0,0.00626011946716037,0.25,0.25,1,0.0005177393864342905,1,vert
nq1s,2020-01-21,2020-01-22,train,-1.0,0.00626880007383873,0.25,0.25,1,-0.0028354099069303196,0,sl
nq1s,2020-01-22,2020-01-23,train,-1.0,0.006258867859210951,0.25,0.25,1,-0.005709159122825103,0,sl
nq1s,2020-01-23,2020-01-24,train,-1.0,0.006289622914780651,0.25,0.25,1,0.011218338605528677,1,pt
nq1s,2020-01-24,2020-01-27,train,-1.0,0.0070320271268492236,0.25,0.25,1,0.020777516539325913,1,pt
nq1s,2020-01-27,2020-01-28,train,-1.0,0.008587704549198067,0.25,0.25,1,-0.016835110838294698,0,sl
nq1s,2020-01-28,2020-01-29,train,-1.0,0.009244469804889304,0.25,0.25,1,0.0007413305506475121,1,vert
nq1s,2020-01-29,2020-01-30,train,-1.0,0.009100228148190042,0.25,0.25,1,-0.012941693684668687,0,sl
nq1s,2020-01-30,2020-01-31,train,-1.0,0.009416148295208477,0.25,0.25,1,0.023708124236963446,1,pt
nq1s,2020-01-31,2020-02-03,train,1.0,0.010604515804492124,0.25,0.25,1,0.01294768136529667,1,pt
nq1s,2020-02-03,2020-02-04,train,1.0,0.010677647404611391,0.25,0.25,1,0.026414680307914384,1,pt
nq1s,2020-02-04,2020-02-05,train,-1.0,0.011986874381978424,0.25,0.25,1,-0.0028327097804692336,0,vert
nq1s,2020-02-05,2020-02-06,train,-1.0,0.011976025567888725,0.25,0.25,1,-0.007887864414515056,0,sl
nq1s,2020-02-06,2020-02-07,train,1.0,0.01190941926252869,0.25,0.25,1,-0.0048648934484546436,0,sl
nq1s,2020-02-07,2020-02-10,train,-1.0,0.011979687320639466,0.25,0.25,1,-0.01254051756180874,0,sl
nq1s,2020-02-10,2020-02-11,train,-1.0,0.012114976078884107,0.25,0.25,1,2.623983148009046e-05,1,vert
nq1s,2020-02-11,2020-02-12,train,-1.0,0.011932723129842284,0.25,0.25,1,-0.01033876512168419,0,sl
nq1s,2020-02-12,2020-02-13,train,-1.0,0.01199261953149043,0.25,0.25,1,0.0013245721122282506,1,vert
nq1s,2020-02-13,2020-02-14,train,-1.0,0.012010060715084026,0.25,0.25,1,-0.0020024966189338134,0,vert
nq1s,2020-02-14,2020-02-18,train,-1.0,0.011950507919735266,0.25,0.25,1,-0.00038931713875767215,0,vert
nq1s,2020-02-18,2020-02-19,train,-1.0,0.011952706359822757,0.25,0.25,1,-0.010118306351300843,0,sl
nq1s,2020-02-19,2020-02-20,train,-1.0,0.012048168189754663,0.25,0.25,1,0.011224122875226339,1,pt
nq1s,2020-02-20,2020-02-21,train,-1.0,0.01246399694712556,0.25,0.25,1,0.017274073304712312,1,pt
nq1s,2020-02-21,2020-02-24,train,-1.0,0.013181850386016838,0.25,0.25,1,0.038803129625423205,1,pt
nq1s,2020-02-24,2020-02-25,train,1.0,0.01583446133046376,0.25,0.25,1,-0.026042239578218385,0,sl
nq1s,2020-02-25,2020-02-26,train,1.0,0.016245970527758887,0.25,0.25,1,-0.000451760452989558,0,vert
nq1s,2020-02-26,2020-02-27,train,1.0,0.01573159083230937,0.25,0.25,1,-0.05282336657133668,0,sl
nq1s,2020-02-27,2020-02-28,train,1.0,0.019670326242938397,0.25,0.25,1,0.008499597387406466,1,pt
nq1s,2020-02-28,2020-03-02,train,1.0,0.019494703823611206,0.25,0.25,1,0.03989235864597451,1,pt
nq1s,2020-03-02,2020-03-03,train,1.0,0.021177151082170748,0.25,0.25,1,-0.023745201194683263,0,sl
nq1s,2020-03-04,2020-03-05,train,-1.0,0.02229596233285296,0.25,0.25,1,0.027848030124264622,1,pt
nq1s,2020-03-05,2020-03-06,train,-1.0,0.022976353693858937,0.25,0.25,1,0.016823240352478286,1,pt
nq1s,2020-03-06,2020-03-09,train,-1.0,0.02296884068623187,0.25,0.25,1,0.06488695498793406,1,pt
nq1s,2020-03-09,2020-03-10,train,1.0,0.02680034595731485,0.25,0.25,1,0.04778972520919034,1,pt
nq1s,2020-03-10,2020-03-11,train,1.0,0.029189465229875894,0.25,0.25,1,-0.03936866110536141,0,sl
nq1s,2020-03-11,2020-03-12,train,1.0,0.03007245573695026,0.25,0.25,1,-0.09848816142923755,0,sl
nq1s,2020-03-12,2020-03-13,train,1.0,0.036412296577310904,0.25,0.25,1,0.09708603305411989,1,pt
nq1s,2020-03-13,2020-03-16,train,1.0,0.04355414034098003,0.25,0.25,1,-0.10842308056721739,0,sl
nq1s,2020-03-16,2020-03-17,train,1.0,0.04934251947264462,0.25,0.25,1,0.04996094027483067,1,pt
nq1s,2020-03-17,2020-03-18,train,-1.0,0.051310707378157676,0.25,0.25,1,0.025262944300238344,1,pt
nq1s,2020-03-18,2020-03-19,train,1.0,0.05108108480921942,0.25,0.25,1,0.00943723544473074,1,vert
nq1s,2020-03-19,2020-03-20,train,-1.0,0.05136691467011341,0.25,0.25,1,0.04186430191663415,1,pt
nq1s,2020-03-20,2020-03-23,train,1.0,0.051769867134773925,0.25,0.25,1,0.0022241354555756487,1,vert
nq1s,2020-03-23,2020-03-24,train,1.0,0.05157516799668952,0.25,0.25,1,0.08164507123008335,1,pt
nq1s,2020-03-24,2020-03-25,train,1.0,0.05534217929834114,0.25,0.25,1,-0.011515933683491686,0,vert
nq1s,2020-03-25,2020-03-26,train,1.0,0.05532019441644587,0.25,0.25,1,0.05038331492044734,1,pt
nq1s,2020-03-26,2020-03-27,train,-1.0,0.05563702799289304,0.25,0.25,1,0.03512238653701172,1,pt
nq1s,2020-03-27,2020-03-30,train,1.0,0.056026306139689806,0.25,0.25,1,0.0378212327405012,1,pt
nq1s,2020-03-30,2020-03-31,train,-1.0,0.05594462383748169,0.25,0.25,1,0.008720837709675355,1,vert
nq1s,2020-03-31,2020-04-01,train,-1.0,0.055782519754303136,0.25,0.25,1,0.044629956654980485,1,pt
nq1s,2020-04-01,2020-04-02,train,1.0,0.05563409458727267,0.25,0.25,1,0.025340278944863348,1,pt
nq1s,2020-04-02,2020-04-03,train,1.0,0.05592992947506715,0.25,0.25,1,-0.013700875151297698,0,vert
nq1s,2020-04-03,2020-04-06,train,1.0,0.05590218408388873,0.25,0.25,1,0.0673955667805799,1,pt
nq1s,2020-04-06,2020-04-07,train,-1.0,0.05612154274715794,0.25,0.25,1,0.0022105295935629377,1,vert
nq1s,2020-04-07,2020-04-08,train,-1.0,0.055063915133008116,0.25,0.25,1,-0.022185471792415035,0,sl
nq1s,2020-04-08,2020-04-09,train,-1.0,0.05453727607079043,0.25,0.25,1,-0.004609420313016033,0,vert
nq1s,2020-04-13,2020-04-14,train,-1.0,0.04426850554921978,0.25,0.25,1,-0.043862019273537944,0,sl
nq1s,2020-04-14,2020-04-15,train,-1.0,0.03541177329826381,0.25,0.25,1,0.011331607707838365,1,pt
nq1s,2020-04-16,2020-04-17,train,-1.0,0.0336832267566342,0.25,0.25,1,-0.00855826201437071,0,sl
nq1s,2020-04-17,2020-04-20,train,1.0,0.03368409951091769,0.25,0.25,1,-0.01328187081343879,0,sl
nq1s,2020-04-20,2020-04-21,train,1.0,0.03187259936515257,0.25,0.25,1,-0.029941325357556114,0,sl
nq1s,2020-04-21,2020-04-22,train,1.0,0.033156739096896294,0.25,0.25,1,0.024461114241410842,1,pt
nq1s,2020-04-22,2020-04-23,train,1.0,0.02918883645125903,0.25,0.25,1,-0.004543875897720873,0,vert
nq1s,2020-04-23,2020-04-24,train,1.0,0.02899882725408731,0.25,0.25,1,0.019799389446997884,1,pt
nq1s,2020-04-24,2020-04-27,train,1.0,0.027452279182642644,0.25,0.25,1,0.006300604401587195,1,vert
nq1s,2020-04-27,2020-04-28,train,-1.0,0.025673147434965446,0.25,0.25,1,0.011842366206497368,1,pt
nq1s,2020-04-28,2020-04-29,train,1.0,0.025046680058907592,0.25,0.25,1,0.036325582728848005,1,pt
nq1s,2020-04-29,2020-04-30,train,-1.0,0.025703572408909803,0.25,0.25,1,0.005311791070179428,1,vert
nq1s,2020-04-30,2020-05-01,train,-1.0,0.022728077701602813,0.25,0.25,1,0.030094009012099465,1,pt
nq1s,2020-05-01,2020-05-04,train,1.0,0.024082708261620615,0.25,0.25,1,0.008889653590603341,1,pt
nq1s,2020-05-07,2020-05-08,train,-1.0,0.019214261107199523,0.25,0.25,1,-0.012132524499296471,0,sl
nq1s,2020-05-08,2020-05-11,train,-1.0,0.019272019929945455,0.25,0.25,1,-0.00659018794150712,0,sl
nq1s,2020-05-11,2020-05-12,train,-1.0,0.0192156144368138,0.25,0.25,1,0.021634874447403196,1,pt
nq1s,2020-05-12,2020-05-13,train,1.0,0.0179802774883244,0.25,0.25,1,-0.00947319141932279,0,sl
nq1s,2020-05-13,2020-05-14,train,1.0,0.017910464339655825,0.25,0.25,1,0.009702799634158765,1,pt
nq1s,2020-05-14,2020-05-15,train,1.0,0.017701559706036894,0.25,0.25,1,0.0018723497989134863,1,vert
nq1s,2020-05-15,2020-05-18,train,1.0,0.01763371371500131,0.25,0.25,1,0.025174517671619823,1,pt
nq1s,2020-05-18,2020-05-19,train,-1.0,0.017993433845969804,0.25,0.25,1,0.002654013190445781,1,vert
nq1s,2020-05-19,2020-05-20,train,-1.0,0.016223526460989863,0.25,0.25,1,-0.01986398946368606,0,sl
nq1s,2020-05-20,2020-05-21,train,-1.0,0.0159716975840708,0.25,0.25,1,0.013678772863317645,1,pt
nq1s,2020-05-21,2020-05-22,train,1.0,0.01638002769524872,0.25,0.25,1,0.005397750046184369,1,pt
nq1s,2020-05-22,2020-05-26,train,1.0,0.01598070588597531,0.25,0.25,1,2.6578073255123513e-05,1,vert
nq1s,2020-05-26,2020-05-27,train,1.0,0.015984773788696557,0.25,0.25,1,0.002764046138518106,1,vert
nq1s,2020-05-27,2020-05-28,train,1.0,0.015586636511125872,0.25,0.25,1,0.0029419560031314074,1,vert
nq1s,2020-05-28,2020-05-29,train,-1.0,0.013678745297208347,0.25,0.25,1,-0.010570545175475843,0,sl
nq1s,2020-06-02,2020-06-03,train,-1.0,0.011111414915327003,0.25,0.25,1,-0.003835091083811415,0,sl
nq1s,2020-06-03,2020-06-04,train,-1.0,0.010864106225476813,0.25,0.25,1,0.006040424378990772,1,pt
nq1s,2020-06-04,2020-06-05,train,1.0,0.011098498742907092,0.25,0.25,1,0.018932606155264597,1,pt
nq1s,2020-06-05,2020-06-08,train,-1.0,0.011200458660534263,0.25,0.25,1,-0.007773869602390127,0,sl
nq1s,2020-06-08,2020-06-09,train,-1.0,0.01107188997086662,0.25,0.25,1,-0.006702243354605564,0,sl
nq1s,2020-06-10,2020-06-11,train,-1.0,0.009529616959759426,0.25,0.25,1,0.046643039480306236,1,pt
nq1s,2020-06-11,2020-06-12,train,1.0,0.01494972086776715,0.25,0.25,1,0.0029375828621240885,1,vert
nq1s,2020-06-12,2020-06-15,train,1.0,0.014876037111814849,0.25,0.25,1,0.016122343183911925,1,pt
nq1s,2020-06-15,2020-06-16,train,-1.0,0.015151217154898184,0.25,0.25,1,-0.017673800887814783,0,sl
nq1s,2020-06-16,2020-06-17,train,1.0,0.014694147389690765,0.25,0.25,1,0.0021583094924737534,1,vert
nq1s,2020-06-17,2020-06-18,train,1.0,0.014629677137077158,0.25,0.25,1,0.0,0,vert
nq1s,2020-06-18,2020-06-19,train,1.0,0.014145750911691438,0.25,0.25,1,-0.005960132225520831,0,sl
nq1s,2020-06-19,2020-06-22,train,-1.0,0.013772849784775165,0.25,0.25,1,-0.020280143095350978,0,sl
nq1s,2020-06-22,2020-06-23,train,-1.0,0.014288544786566895,0.25,0.25,1,-0.007037210794816229,0,sl
nq1s,2020-06-23,2020-06-24,train,-1.0,0.014278331279599944,0.25,0.25,1,0.01816888976094233,1,pt
nq1s,2020-06-24,2020-06-25,train,-1.0,0.015135335355148417,0.25,0.25,1,-0.007741677696850857,0,sl
nq1s,2020-06-25,2020-06-26,train,-1.0,0.015171305744641444,0.25,0.25,1,0.02208014274057768,1,pt
nq1s,2020-06-26,2020-06-29,train,1.0,0.016095659652936915,0.25,0.25,1,0.010972581218407829,1,pt
nq1s,2020-06-29,2020-06-30,train,-1.0,0.01622509306488589,0.25,0.25,1,-0.017395663615830115,0,sl
nq1s,2020-06-30,2020-07-01,train,-1.0,0.01656770164556938,0.25,0.25,1,-0.011973687452768722,0,sl
nq1s,2020-07-01,2020-07-02,train,-1.0,0.01669745644921508,0.25,0.25,1,-0.008472306755279213,0,sl
nq1s,2020-07-02,2020-07-06,train,-1.0,0.016598363954629613,0.25,0.25,1,-0.023441083456493317,0,sl
nq1s,2020-07-06,2020-07-07,train,-1.0,0.01683658915925266,0.25,0.25,1,0.006250884559234171,1,pt
nq1s,2020-07-07,2020-07-08,train,-1.0,0.016960872596942782,0.25,0.25,1,-0.012343041610154426,0,sl
nq1s,2020-07-08,2020-07-09,train,-1.0,0.017066317797848965,0.25,0.25,1,-0.006119721447626514,0,sl
nq1s,2020-07-09,2020-07-10,train,-1.0,0.016914773384997226,0.25,0.25,1,-0.010230715451345906,0,sl
nq1s,2020-07-10,2020-07-13,train,-1.0,0.011979257361059814,0.25,0.25,1,0.02189208516913188,1,pt
nq1s,2020-07-13,2020-07-14,train,-1.0,0.013531817781731644,0.25,0.25,1,-0.004363207547093406,0,sl
nq1s,2020-07-14,2020-07-15,train,-1.0,0.013272045381545255,0.25,0.25,1,-0.003475402137091965,0,sl
nq1s,2020-07-15,2020-07-16,train,-1.0,0.012896454245538544,0.25,0.25,1,0.0160531673422869,1,pt
nq1s,2020-07-16,2020-07-17,train,-1.0,0.013628092404003159,0.25,0.25,1,-0.01053582895335703,0,sl
nq1s,2020-07-17,2020-07-20,train,-1.0,0.013724805138353875,0.25,0.25,1,-0.030924923512290148,0,sl
nq1s,2020-07-20,2020-07-21,train,-1.0,0.01482936949690026,0.25,0.25,1,0.009131586157339,1,pt
nq1s,2020-07-21,2020-07-22,train,-1.0,0.014698308387773834,0.25,0.25,1,0.004308358676368695,1,pt
nq1s,2020-07-22,2020-07-23,train,-1.0,0.014772488644398517,0.25,0.25,1,0.023694379526511322,1,pt
nq1s,2020-07-23,2020-07-24,train,1.0,0.015245749466699696,0.25,0.25,1,-0.008461119143406748,0,sl
nq1s,2020-07-24,2020-07-27,train,1.0,0.015390684071746732,0.25,0.25,1,0.020675972846489143,1,pt
nq1s,2020-07-27,2020-07-28,train,-1.0,0.01482332041964069,0.25,0.25,1,0.012669492517553893,1,pt
nq1s,2020-07-28,2020-07-29,train,1.0,0.01517795806100506,0.25,0.25,1,0.012737191651033042,1,pt
nq1s,2020-07-29,2020-07-30,train,-1.0,0.014980853112944129,0.25,0.25,1,-0.011218586785198825,0,sl
nq1s,2020-07-30,2020-07-31,train,-1.0,0.014957189266320479,0.25,0.25,1,-0.008940151937139706,0,sl
nq1s,2020-07-31,2020-08-03,train,-1.0,0.0149672436830579,0.25,0.25,1,-0.014117809098967982,0,sl
nq1s,2020-08-03,2020-08-04,train,-1.0,0.014432963506547606,0.25,0.25,1,-0.0037802476404895646,0,sl
nq1s,2020-08-04,2020-08-05,train,-1.0,0.01430199584666901,0.25,0.25,1,-0.0005186721989474119,0,vert
nq1s,2020-08-05,2020-08-06,train,-1.0,0.014122533769379605,0.25,0.25,1,-0.015281628237577172,0,sl
nq1s,2020-08-06,2020-08-07,train,-1.0,0.014404587668657053,0.25,0.25,1,0.012298812299279205,1,pt
nq1s,2020-08-07,2020-08-10,train,-1.0,0.014646658391802955,0.25,0.25,1,0.004562720549773247,1,pt
nq1s,2020-08-10,2020-08-11,train,-1.0,0.013660974575444372,0.25,0.25,1,0.017476517341366127,1,pt
nq1s,2020-08-11,2020-08-12,train,1.0,0.014344138384504547,0.25,0.25,1,0.022751298433233647,1,pt
nq1s,2020-08-12,2020-08-13,train,-1.0,0.015120947773744174,0.25,0.25,1,-0.0044265683984185955,0,sl
nq1s,2020-08-13,2020-08-14,train,-1.0,0.014503996462186131,0.25,0.25,1,0.0037135634547570406,1,pt
nq1s,2020-08-14,2020-08-17,train,-1.0,0.014469182579387448,0.25,0.25,1,-0.013742000672599675,0,sl
nq1s,2020-08-17,2020-08-18,train,-1.0,0.01318164457601006,0.25,0.25,1,-0.010853434336829837,0,sl
nq1s,2020-08-18,2020-08-19,train,-1.0,0.013085744419080393,0.25,0.25,1,0.006770821920640824,1,pt
nq1s,2020-08-19,2020-08-20,train,-1.0,0.013165199925294494,0.25,0.25,1,-0.012817684433368282,0,sl
nq1s,2020-08-20,2020-08-21,train,-1.0,0.011782710922002945,0.25,0.25,1,-0.007384173038726294,0,sl
nq1s,2020-08-21,2020-08-24,train,-1.0,0.01140948507454969,0.25,0.25,1,-0.006421899325065317,0,sl
nq1s,2020-08-24,2020-08-25,train,-1.0,0.01082546206425871,0.25,0.25,1,-0.007734450531302395,0,sl
nq1s,2020-08-25,2020-08-26,train,-1.0,0.010068639345966728,0.25,0.25,1,-0.022598870056856013,0,sl
nq1s,2020-08-26,2020-08-27,train,-1.0,0.010655696485507675,0.25,0.25,1,0.0032106744498016093,1,pt
nq1s,2020-08-27,2020-08-28,train,-1.0,0.010760786376582577,0.25,0.25,1,-0.0032628474613976,0,sl
nq1s,2020-08-28,2020-08-31,train,-1.0,0.010729788552836276,0.25,0.25,1,-0.010194508724372664,0,sl
nq1s,2020-08-31,2020-09-01,train,-1.0,0.010588896576809429,0.25,0.25,1,-0.016385999670696316,0,sl
nq1s,2020-09-02,2020-09-03,train,-1.0,0.010856964720431874,0.25,0.25,1,0.04922853804923688,1,pt
nq1s,2020-09-03,2020-09-04,train,-1.0,0.01635224306824171,0.25,0.25,1,0.021333841787136598,1,pt
nq1s,2020-09-04,2020-09-08,train,1.0,0.0169071402328911,0.25,0.25,1,-0.04227730273766661,0,sl
nq1s,2020-09-08,2020-09-09,train,1.0,0.019664046765261078,0.25,0.25,1,0.030039329144351257,1,pt
nq1s,2020-09-09,2020-09-10,train,1.0,0.020268372745246063,0.25,0.25,1,-0.01882776327062463,0,sl
nq1s,2020-09-10,2020-09-11,train,1.0,0.020217364766338224,0.25,0.25,1,-0.0104443897751052,0,sl
nq1s,2020-09-11,2020-09-14,train,1.0,0.020329763527279353,0.25,0.25,1,0.019798399855106563,1,pt
nq1s,2020-09-14,2020-09-15,train,1.0,0.020799619401858347,0.25,0.25,1,0.01630941286072507,1,pt
nq1s,2020-09-15,2020-09-16,train,1.0,0.02089027720435328,0.25,0.25,1,-0.017052029431437465,0,sl
nq1s,2020-09-16,2020-09-17,train,1.0,0.021120583505940937,0.25,0.25,1,-0.01597067969775212,0,sl
nq1s,2020-09-17,2020-09-18,train,1.0,0.021364876550599026,0.25,0.25,1,-0.013385702354083873,0,sl
nq1s,2020-09-18,2020-09-21,train,1.0,0.021276281445185875,0.25,0.25,1,0.00567401848597493,1,pt
nq1s,2020-09-21,2020-09-22,train,1.0,0.021238654833917448,0.25,0.25,1,0.01460551460522086,1,pt
nq1s,2020-09-22,2020-09-23,train,1.0,0.021492565159609733,0.25,0.25,1,-0.028745683662107502,0,sl
nq1s,2020-09-23,2020-09-24,train,1.0,0.022179973163667988,0.25,0.25,1,0.005794625541975185,1,pt
nq1s,2020-09-24,2020-09-25,train,1.0,0.02144453033617368,0.25,0.25,1,0.022471136410492365,1,pt
nq1s,2020-09-25,2020-09-28,train,1.0,0.02227827773384665,0.25,0.25,1,0.023189511965112652,1,pt
nq1s,2020-09-28,2020-09-29,train,1.0,0.023013009100439,0.25,0.25,1,-0.00500230369188881,0,vert
nq1s,2020-09-29,2020-09-30,train,1.0,0.022823848636291624,0.25,0.25,1,0.006129964058205983,1,pt
nq1s,2020-09-30,2020-10-01,train,1.0,0.022477786447220795,0.25,0.25,1,0.014683644173520749,1,pt
nq1s,2020-10-01,2020-10-02,train,1.0,0.02270555742351285,0.25,0.25,1,-0.029503876974350862,0,sl
nq1s,2020-10-02,2020-10-05,train,1.0,0.02085473563589132,0.25,0.25,1,0.02100905793130914,1,pt
nq1s,2020-10-05,2020-10-06,train,1.0,0.0209566303239813,0.25,0.25,1,-0.017045578394866867,0,sl
nq1s,2020-10-06,2020-10-07,train,1.0,0.018855336607652533,0.25,0.25,1,0.017407694866679924,1,pt
nq1s,2020-10-07,2020-10-08,train,1.0,0.018055890122185458,0.25,0.25,1,0.006015693112292109,1,pt
nq1s,2020-10-08,2020-10-09,train,1.0,0.017498449511206736,0.25,0.25,1,0.01609758211346457,1,pt
nq1s,2020-10-09,2020-10-12,train,1.0,0.017532100543270937,0.25,0.25,1,0.03185568988674592,1,pt
nq1s,2020-10-12,2020-10-13,train,1.0,0.0182991601722758,0.25,0.25,1,-0.00035129047633442045,0,vert
nq1s,2020-10-13,2020-10-14,train,1.0,0.018071202417061515,0.25,0.25,1,-0.00990160410124874,0,sl
nq1s,2020-10-14,2020-10-15,train,-1.0,0.017719657471214175,0.25,0.25,1,0.008372131865542642,1,pt
nq1s,2020-10-15,2020-10-16,train,-1.0,0.01736090217922691,0.25,0.25,1,0.006400538993846627,1,pt
nq1s,2020-10-19,2020-10-20,train,-1.0,0.01744887970672099,0.25,0.25,1,-0.0009012682127800264,0,vert
nq1s,2020-10-20,2020-10-21,train,-1.0,0.017237636226303508,0.25,0.25,1,-0.0026156122040565943,0,vert
nq1s,2020-10-21,2020-10-22,train,-1.0,0.015574482853319143,0.25,0.25,1,0.0035496632102927084,1,vert
nq1s,2020-10-22,2020-10-23,train,-1.0,0.015652711569214637,0.25,0.25,1,-0.001180282839425617,0,vert
nq1s,2020-10-23,2020-10-26,train,-1.0,0.015012506220020391,0.25,0.25,1,0.014682556694022186,1,pt
nq1s,2020-10-26,2020-10-27,train,1.0,0.014651449885258471,0.25,0.25,1,0.008331701798234281,1,pt
nq1s,2020-10-27,2020-10-28,train,1.0,0.014693583566760636,0.25,0.25,1,-0.03928633068696619,0,sl
nq1s,2020-10-28,2020-10-29,train,1.0,0.017267647719551412,0.25,0.25,1,0.018863263794825613,1,pt
nq1s,2020-10-29,2020-10-30,train,1.0,0.017488595798715412,0.25,0.25,1,-0.02614004540408732,0,sl
nq1s,2020-10-30,2020-11-02,train,1.0,0.017202054268905954,0.25,0.25,1,0.001538983817557238,1,vert
nq1s,2020-11-02,2020-11-03,train,1.0,0.016450129525154893,0.25,0.25,1,0.018303843807847775,1,pt
nq1s,2020-11-04,2020-11-05,train,1.0,0.01888438559583415,0.25,0.25,1,0.02665136444802485,1,pt
nq1s,2020-11-05,2020-11-06,train,1.0,0.019681401596484106,0.25,0.25,1,-0.00012420817253555594,0,vert
nq1s,2020-11-06,2020-11-09,train,1.0,0.019419347232720926,0.25,0.25,1,-0.021076604555713807,0,sl
nq1s,2020-11-09,2020-11-10,train,1.0,0.018710896005708782,0.25,0.25,1,-0.017110105325411684,0,sl
nq1s,2020-11-10,2020-11-11,train,1.0,0.019051201265932866,0.25,0.25,1,0.02304563940376525,1,pt
nq1s,2020-11-11,2020-11-12,train,-1.0,0.019726958667200676,0.25,0.25,1,0.005552751135239675,1,pt
nq1s,2020-11-12,2020-11-13,train,-1.0,0.019676225836316476,0.25,0.25,1,-0.009602368866034938,0,sl
nq1s,2020-11-13,2020-11-16,train,1.0,0.019735806477848335,0.25,0.25,1,0.005991536431016353,1,pt
nq1s,2020-11-16,2020-11-17,train,1.0,0.0195191364489473,0.25,0.25,1,-0.0024989587676358394,0,vert
nq1s,2020-11-17,2020-11-18,train,1.0,0.01953945306091741,0.25,0.25,1,-0.006513569937229513,0,sl
nq1s,2020-11-18,2020-11-19,train,1.0,0.019614758615966784,0.25,0.25,1,0.0075859460366480835,1,pt
nq1s,2020-11-19,2020-11-20,train,1.0,0.019640105823227377,0.25,0.25,1,-0.0067988904871880695,0,sl
nq1s,2020-11-20,2020-11-23,train,1.0,0.019726740721231872,0.25,0.25,1,-4.199651453873354e-05,0,vert
nq1s,2020-11-23,2020-11-24,train,1.0,0.019376816985723792,0.25,0.25,1,0.014342411960928336,1,pt
nq1s,2020-11-24,2020-11-25,train,-1.0,0.019527253675006885,0.25,0.25,1,-0.006314176880410471,0,sl
nq1s,2020-11-25,2020-11-27,train,1.0,0.016826435108485024,0.25,0.25,1,0.00866094756066027,1,pt
nq1s,2020-11-27,2020-11-30,train,1.0,0.01652384402425124,0.25,0.25,1,0.0015908627367942074,1,vert
nq1s,2020-11-30,2020-12-01,train,1.0,0.014923406355540495,0.25,0.25,1,0.014274659933050104,1,pt
nq1s,2020-12-01,2020-12-02,train,1.0,0.015023697071988112,0.25,0.25,1,0.00016061354469054656,1,vert
nq1s,2020-12-02,2020-12-03,train,1.0,0.014789775260376233,0.25,0.25,1,0.0006423510042252722,1,vert
nq1s,2020-12-03,2020-12-04,train,1.0,0.011758791782849115,0.25,0.25,1,0.005115448654938737,1,pt
nq1s,2020-12-04,2020-12-07,train,1.0,0.010415777921604663,0.25,0.25,1,0.005588376177863452,1,pt
nq1s,2020-12-07,2020-12-08,train,1.0,0.010437478985914534,0.25,0.25,1,0.0032946967286484607,1,pt
nq1s,2020-12-08,2020-12-09,train,1.0,0.008863920976038712,0.25,0.25,1,-0.02140454995047658,0,sl
nq1s,2020-12-09,2020-12-10,train,1.0,0.009435185842844,0.25,0.25,1,0.002830112395514117,1,pt
nq1s,2020-12-10,2020-12-11,train,1.0,0.008223951485627856,0.25,0.25,1,-0.002741493306676168,0,sl
nq1s,2020-12-11,2020-12-14,train,1.0,0.008108379075471092,0.25,0.25,1,0.007155562742092281,1,pt
nq1s,2020-12-14,2020-12-15,train,-1.0,0.008011120397528907,0.25,0.25,1,-0.010712136409741557,0,sl
nq1s,2020-12-15,2020-12-16,train,-1.0,0.008195167804137921,0.25,0.25,1,-0.005934423625785001,0,sl
nq1s,2020-12-16,2020-12-17,train,-1.0,0.00814735029040611,0.25,0.25,1,-0.006333484600517414,0,sl
nq1s,2020-12-17,2020-12-18,train,-1.0,0.007874563310843283,0.25,0.25,1,0.0030193710298175302,1,pt
nq1s,2020-12-18,2020-12-21,train,-1.0,0.007938721078434024,0.25,0.25,1,0.002281219272319168,1,pt
nq1s,2020-12-21,2020-12-22,train,-1.0,0.007707300484752949,0.25,0.25,1,-0.002089328655636491,0,sl
nq1s,2020-12-22,2020-12-23,train,-1.0,0.0076756761860083,0.25,0.25,1,0.004622344610754281,1,pt
nq1s,2020-12-23,2020-12-24,train,-1.0,0.007408418055390894,0.25,0.25,1,-0.004209070250324798,0,sl
nq1s,2020-12-24,2020-12-28,train,-1.0,0.007363697963076035,0.25,0.25,1,-0.01009484828145224,0,sl
nq1s,2020-12-28,2020-12-29,train,-1.0,0.007435442512192243,0.25,0.25,1,-0.0006428863652807593,0,vert
nq1s,2020-12-29,2020-12-30,train,-1.0,0.007443007631132111,0.25,0.25,1,-3.893777798369413e-05,0,vert
nq1s,2020-12-30,2020-12-31,train,-1.0,0.006899628433967873,0.25,0.25,1,-0.003426390997893769,0,sl
nq1s,2020-12-31,2021-01-04,train,-1.0,0.006904453695799251,0.25,0.25,1,0.015521322417133221,1,pt
nq1s,2021-01-04,2021-01-05,train,1.0,0.007918804429426026,0.25,0.25,1,0.008513657325571744,1,pt
nq1s,2021-01-05,2021-01-06,train,1.0,0.008048789856122772,0.25,0.25,1,-0.013815609489337577,0,sl
nq1s,2021-01-06,2021-01-07,train,1.0,0.008628638256236523,0.25,0.25,1,0.024669586065814153,1,pt
nq1s,2021-01-07,2021-01-08,train,1.0,0.010190364678833422,0.25,0.25,1,0.013091738861529922,1,pt
nq1s,2021-01-08,2021-01-11,train,1.0,0.008994063228016701,0.25,0.25,1,-0.015289469163601077,0,sl
nq1s,2021-01-11,2021-01-12,train,1.0,0.009876827175501174,0.25,0.25,1,-0.000523377529353386,0,vert
nq1s,2021-01-12,2021-01-13,train,1.0,0.00983384371570216,0.25,0.25,1,0.006361397180571826,1,pt
nq1s,2021-01-13,2021-01-14,train,1.0,0.009813931910168138,0.25,0.25,1,-0.005492493592644698,0,sl
nq1s,2021-01-14,2021-01-15,train,1.0,0.009729189670058152,0.25,0.25,1,-0.007654445391720999,0,sl
nq1s,2021-01-15,2021-01-19,train,1.0,0.009856362295621231,0.25,0.25,1,0.014313890136580243,1,pt
nq1s,2021-01-19,2021-01-20,train,1.0,0.010251230706981002,0.25,0.25,1,0.023776519964595177,1,pt
nq1s,2021-01-20,2021-01-21,train,1.0,0.01136982723164485,0.25,0.25,1,0.007616074618287172,1,pt
nq1s,2021-01-21,2021-01-22,train,1.0,0.011377484192962873,0.25,0.25,1,-0.0025381658012425534,0,vert
nq1s,2021-01-22,2021-01-25,train,1.0,0.011438178808450454,0.25,0.25,1,0.008531976199944946,1,pt
nq1s,2021-01-25,2021-01-26,train,1.0,0.011383905065899745,0.25,0.25,1,0.000742087491792498,1,vert
nq1s,2021-01-26,2021-01-27,train,1.0,0.01139346872872181,0.25,0.25,1,-0.028178413851493223,0,sl
nq1s,2021-01-28,2021-01-29,train,-1.0,0.013302976358941064,0.25,0.25,1,0.020836493250147026,1,pt
nq1s,2021-01-29,2021-02-01,train,1.0,0.014215398031194636,0.25,0.25,1,0.025191209216379518,1,pt
nq1s,2021-02-01,2021-02-02,train,1.0,0.015238623622928701,0.25,0.25,1,0.01605409284911352,1,pt
nq1s,2021-02-02,2021-02-03,train,1.0,0.015019937315456922,0.25,0.25,1,-0.004070934641915769,0,sl
nq1s,2021-02-03,2021-02-04,train,1.0,0.015037929293603373,0.25,0.25,1,0.011441476753145441,1,pt
nq1s,2021-02-04,2021-02-05,train,1.0,0.014662000050703587,0.25,0.25,1,0.003727625022966752,1,pt
nq1s,2021-02-05,2021-02-08,train,1.0,0.013822376346691609,0.25,0.25,1,0.006250919252557496,1,pt
nq1s,2021-02-11,2021-02-12,train,-1.0,0.013048695736043399,0.25,0.25,1,-0.005517517663677474,0,sl
nq1s,2021-02-18,2021-02-19,train,1.0,0.011712546377490878,0.25,0.25,1,-0.0041810313208973104,0,sl
nq1s,2021-02-22,2021-02-23,train,1.0,0.013129867233975674,0.25,0.25,1,-0.0024387016276098405,0,vert
nq1s,2021-02-23,2021-02-24,train,1.0,0.012961448458578939,0.25,0.25,1,0.008338386900544004,1,pt
nq1s,2021-02-24,2021-02-25,train,1.0,0.013126121897006937,0.25,0.25,1,-0.0353518267933528,0,sl
nq1s,2021-02-25,2021-02-26,train,1.0,0.01402841649678523,0.25,0.25,1,0.006176086660130142,1,pt
nq1s,2021-02-26,2021-03-01,train,1.0,0.014029318653599361,0.25,0.25,1,0.02856091704755026,1,pt
nq1s,2021-03-01,2021-03-02,train,-1.0,0.01463929069851395,0.25,0.25,1,0.016905438731512734,1,pt
nq1s,2021-03-02,2021-03-03,train,1.0,0.014093090817963023,0.25,0.25,1,-0.02860918021447556,0,sl
nq1s,2021-03-03,2021-03-04,train,1.0,0.014867034733607261,0.25,0.25,1,-0.01788002444509673,0,sl
nq1s,2021-03-04,2021-03-05,train,1.0,0.015246478981920025,0.25,0.25,1,0.016760337214285048,1,pt
nq1s,2021-03-05,2021-03-08,train,1.0,0.015560156612143515,0.25,0.25,1,-0.02894087454363803,0,sl
nq1s,2021-03-08,2021-03-09,train,1.0,0.01649709502660291,0.25,0.25,1,0.03996828559183574,1,pt
nq1s,2021-03-09,2021-03-10,train,1.0,0.019118807800499432,0.25,0.25,1,-0.003088652134791925,0,vert
nq1s,2021-03-10,2021-03-11,train,1.0,0.019104434003499645,0.25,0.25,1,0.02345235994180861,1,pt
nq1s,2021-03-11,2021-03-12,train,1.0,0.02001793402742767,0.25,0.25,1,-0.00879428275819727,0,sl
nq1s,2021-03-12,2021-03-15,train,1.0,0.019965748189799175,0.25,0.25,1,0.011211195732793833,1,pt
nq1s,2021-03-15,2021-03-16,train,1.0,0.02013130645836183,0.25,0.25,1,0.005509114906540713,1,pt
nq1s,2021-03-16,2021-03-17,train,1.0,0.020214576778185504,0.25,0.25,1,0.0036335964994946846,1,vert
nq1s,2021-03-17,2021-03-18,train,1.0,0.02024619284674042,0.25,0.25,1,-0.031029645917253545,0,sl
nq1s,2021-03-18,2021-03-19,train,1.0,0.021303810460541712,0.25,0.25,1,0.005066609284923196,1,vert
nq1s,2021-03-19,2021-03-22,train,1.0,0.02138124820222416,0.25,0.25,1,0.017692397523637604,1,pt
nq1s,2021-03-22,2021-03-23,train,1.0,0.02108629625029887,0.25,0.25,1,-0.005010805744964708,0,vert
nq1s,2021-03-23,2021-03-24,train,1.0,0.02110641404482813,0.25,0.25,1,-0.016319077366532153,0,sl
nq1s,2021-03-24,2021-03-25,train,1.0,0.02127749219526949,0.25,0.25,1,-0.0018367984997351705,0,vert
nq1s,2021-03-25,2021-03-26,train,1.0,0.01971122783241893,0.25,0.25,1,0.015367448416520046,1,pt
nq1s,2021-03-26,2021-03-29,train,1.0,0.019968871233611775,0.25,0.25,1,-0.0017159272748088483,0,vert
nq1s,2021-03-29,2021-03-30,train,1.0,0.018857694282694116,0.25,0.25,1,-0.005118003786240166,0,sl
nq1s,2021-03-30,2021-03-31,train,1.0,0.01851712828857341,0.25,0.25,1,0.016423038845398308,1,pt
nq1s,2021-03-31,2021-04-01,train,1.0,0.017612185642401836,0.25,0.25,1,0.017284516510317705,1,pt
nq1s,2021-04-01,2021-04-02,train,1.0,0.017299218599347164,0.25,0.25,1,0.0,0,vert
nq1s,2021-04-02,2021-04-05,train,1.0,0.017026591089429905,0.25,0.25,1,0.020238810453378164,1,pt
nq1s,2021-04-05,2021-04-06,train,-1.0,0.015683593221288823,0.25,0.25,1,0.0011409223064789975,1,vert
nq1s,2021-04-06,2021-04-07,train,-1.0,0.013499108757264967,0.25,0.25,1,-0.002560795872841526,0,vert
nq1s,2021-04-07,2021-04-08,train,-1.0,0.013423781446480704,0.25,0.25,1,-0.010511034749621784,0,sl
nq1s,2021-04-08,2021-04-09,train,1.0,0.012713765768357808,0.25,0.25,1,0.005946427596689174,1,pt
nq1s,2021-04-09,2021-04-12,train,1.0,0.012437747378762265,0.25,0.25,1,-0.001500415778000308,0,vert
nq1s,2021-04-12,2021-04-13,train,1.0,0.012343422939726546,0.25,0.25,1,0.01209378111725834,1,pt
nq1s,2021-04-13,2021-04-14,train,1.0,0.012504970497839841,0.25,0.25,1,-0.012664794376210153,0,sl
nq1s,2021-04-14,2021-04-15,train,1.0,0.012993536638153514,0.25,0.25,1,0.015599239061699466,1,pt
nq1s,2021-04-15,2021-04-16,train,1.0,0.010590326394480666,0.25,0.25,1,0.001106036820889278,1,vert
nq1s,2021-04-16,2021-04-19,train,1.0,0.010618377393885886,0.25,0.25,1,-0.009426565451967295,0,sl
nq1s,2021-04-19,2021-04-20,train,1.0,0.010578661237640487,0.25,0.25,1,-0.0074115382536089625,0,sl
nq1s,2021-04-20,2021-04-21,train,1.0,0.010689053035082288,0.25,0.25,1,0.00906174674219229,1,pt
nq1s,2021-04-21,2021-04-22,train,1.0,0.009731176038301773,0.25,0.25,1,-0.012141458771529834,0,sl
nq1s,2021-04-22,2021-04-23,train,1.0,0.010329205719829537,0.25,0.25,1,0.012854311740006175,1,pt
nq1s,2021-04-23,2021-04-26,train,1.0,0.010197324342601703,0.25,0.25,1,0.006067351189018577,1,pt
nq1s,2021-04-26,2021-04-27,train,1.0,0.010132969269743141,0.25,0.25,1,-0.004175141847795438,0,sl
nq1s,2021-04-27,2021-04-28,train,1.0,0.010090361673453207,0.25,0.25,1,-0.004353902386831754,0,sl
nq1s,2021-04-28,2021-04-29,train,1.0,0.009820483469387069,0.25,0.25,1,0.004408933037548968,1,pt
nq1s,2021-04-29,2021-04-30,train,1.0,0.009250196567879036,0.25,0.25,1,-0.007417493818444698,0,sl
nq1s,2021-04-30,2021-05-03,train,1.0,0.009495793237341357,0.25,0.25,1,-0.004332129964077613,0,sl
nq1s,2021-05-03,2021-05-04,train,1.0,0.008573975047800799,0.25,0.25,1,-0.018419144306691337,0,sl
nq1s,2021-05-04,2021-05-05,train,1.0,0.009602391003191393,0.25,0.25,1,-0.0033244680857318354,0,sl
nq1s,2021-05-05,2021-05-06,train,1.0,0.009606056834025451,0.25,0.25,1,0.007912682529099824,1,pt
nq1s,2021-05-06,2021-05-07,train,1.0,0.009468907888052098,0.25,0.25,1,0.00823665680037311,1,pt
nq1s,2021-05-07,2021-05-10,train,1.0,0.009563960453278699,0.25,0.25,1,-0.025748098981022483,0,sl
nq1s,2021-05-10,2021-05-11,train,1.0,0.011155626103605052,0.25,0.25,1,-0.0008048365059941665,0,vert
nq1s,2021-05-11,2021-05-12,train,1.0,0.010686285488211508,0.25,0.25,1,-0.02603776412391101,0,sl
nq1s,2021-05-12,2021-05-13,train,1.0,0.011767840874367939,0.25,0.25,1,0.007827826287126971,1,pt
nq1s,2021-05-13,2021-05-14,train,1.0,0.011247272725271689,0.25,0.25,1,0.02188889525067017,1,pt
nq1s,2021-05-14,2021-05-17,train,1.0,0.012541665739129255,0.25,0.25,1,-0.006237394487791703,0,sl
nq1s,2021-05-17,2021-05-18,train,1.0,0.012465890207627742,0.25,0.25,1,-0.006877889276695526,0,sl
nq1s,2021-05-18,2021-05-19,train,1.0,0.012454537057121674,0.25,0.25,1,0.001627308507634817,1,vert
nq1s,2021-05-19,2021-05-20,train,1.0,0.012212665896108503,0.25,0.25,1,0.019118147126687912,1,pt
nq1s,2021-05-21,2021-05-24,train,-1.0,0.012505797634599353,0.25,0.25,1,-0.017176426706193126,0,sl
nq1s,2021-05-24,2021-05-25,train,1.0,0.013100574807250196,0.25,0.25,1,0.0015401257770994992,1,vert
nq1s,2021-05-25,2021-05-26,train,1.0,0.013098171114854151,0.25,0.25,1,0.0032219679639082788,1,vert
nq1s,2021-05-26,2021-05-27,train,-1.0,0.013107672338542943,0.25,0.25,1,0.0025364500653434208,1,vert
nq1s,2021-05-27,2021-05-28,train,-1.0,0.013057449303141759,0.25,0.25,1,-0.0015367165491342316,0,vert
nq1s,2021-05-28,2021-06-01,train,-1.0,0.012979878891999847,0.25,0.25,1,0.0027581923792470153,1,vert
nq1s,2021-06-01,2021-06-02,train,-1.0,0.012960666302740885,0.25,0.25,1,-0.001831669566398908,0,vert
nq1s,2021-06-02,2021-06-03,train,-1.0,0.012246375365737827,0.25,0.25,1,0.010567693573356185,1,pt
nq1s,2021-06-03,2021-06-04,train,1.0,0.012473138545053889,0.25,0.25,1,0.017554557718017394,1,pt
nq1s,2021-06-04,2021-06-07,train,1.0,0.012956397789310032,0.25,0.25,1,0.0027239544553514516,1,vert
nq1s,2021-06-07,2021-06-08,train,1.0,0.012844981938375697,0.25,0.25,1,0.0005252005720446373,1,vert
nq1s,2021-06-08,2021-06-09,train,1.0,0.01124141994461274,0.25,0.25,1,0.00019910943805978576,1,vert
nq1s,2021-06-09,2021-06-10,train,1.0,0.01123200233463963,0.25,0.25,1,0.010532602204244235,1,pt
nq1s,2021-06-10,2021-06-11,train,1.0,0.009221502143956756,0.25,0.25,1,0.002471390962883291,1,pt
nq1s,2021-06-11,2021-06-14,train,1.0,0.009169685398484555,0.25,0.25,1,0.009325258588781526,1,pt
nq1s,2021-06-14,2021-06-15,train,1.0,0.008236335322381027,0.25,0.25,1,-0.006764773593096796,0,sl
nq1s,2021-06-15,2021-06-16,train,1.0,0.008267454280954007,0.25,0.25,1,-0.003494570934402197,0,sl
nq1s,2021-06-16,2021-06-17,train,1.0,0.008093679111180679,0.25,0.25,1,0.01313270472880701,1,pt
nq1s,2021-06-17,2021-06-18,train,1.0,0.00840163636121114,0.25,0.25,1,-0.00856512141206267,0,sl
nq1s,2021-06-18,2021-06-21,train,1.0,0.007966021267215819,0.25,0.25,1,0.00676879230425409,1,pt
nq1s,2021-06-21,2021-06-22,train,1.0,0.007795145481245964,0.25,0.25,1,0.009076433121075533,1,pt
nq1s,2021-06-22,2021-06-23,train,1.0,0.0072018332660860815,0.25,0.25,1,0.00033314046264454333,1,vert
nq1s,2021-06-23,2021-06-24,train,1.0,0.007213229937409033,0.25,0.25,1,0.006397672298678714,1,pt
nq1s,2021-06-24,2021-06-25,train,1.0,0.0072710626919394354,0.25,0.25,1,-0.0010624031209254259,0,vert
nq1s,2021-06-25,2021-06-28,train,1.0,0.007226067708583437,0.25,0.25,1,0.012099867494668182,1,pt
nq1s,2021-06-28,2021-06-29,train,1.0,0.007531920122555983,0.25,0.25,1,0.003479758828397017,1,pt
nq1s,2021-06-29,2021-06-30,train,1.0,0.007410830153113097,0.25,0.25,1,-0.000961340382891418,0,vert
nq1s,2021-06-30,2021-07-01,train,1.0,0.007465440921284881,0.25,0.25,1,-3.436662338651697e-05,0,vert
nq1s,2021-07-01,2021-07-02,train,1.0,0.006783048109708319,0.25,0.25,1,0.011358559302023785,1,pt
nq1s,2021-07-02,2021-07-06,val,1.0,0.006248094568532367,0.25,0.25,1,0.004196754735738661,1,pt
nq1s,2021-07-06,2021-07-07,val,1.0,0.006248892639403783,0.25,0.25,1,0.0018104294272869303,1,pt
nq1s,2021-07-07,2021-07-08,val,1.0,0.006224067912936877,0.25,0.25,1,-0.0060801567333895745,0,sl
nq1s,2021-07-08,2021-07-09,val,1.0,0.006550119243979335,0.25,0.25,1,0.006678108379573278,1,pt
nq1s,2021-07-09,2021-07-12,val,1.0,0.006379411944057498,0.25,0.25,1,0.003966780324609509,1,pt
nq1s,2021-07-12,2021-07-13,val,1.0,0.0063817715220832105,0.25,0.25,1,-0.0002858247724567553,0,vert
nq1s,2021-07-13,2021-07-14,val,1.0,0.006247937062962042,0.25,0.25,1,0.0017995290953833898,1,pt
nq1s,2021-07-14,2021-07-15,val,1.0,0.005852837396315271,0.25,0.25,1,-0.007000520422249523,0,sl
nq1s,2021-07-15,2021-07-16,val,1.0,0.006106732327288116,0.25,0.25,1,-0.007912087912415156,0,sl
nq1s,2021-07-16,2021-07-19,val,1.0,0.0060626224065755295,0.25,0.25,1,-0.00884427933597609,0,sl
nq1s,2021-07-19,2021-07-20,val,1.0,0.006088286513200632,0.25,0.25,1,0.012516548321212628,1,pt
nq1s,2021-07-20,2021-07-21,val,-1.0,0.006455192563520175,0.25,0.25,1,-0.007131819802473904,0,sl
nq1s,2021-07-21,2021-07-22,val,-1.0,0.006359096057319272,0.25,0.25,1,-0.006794692384147316,0,sl
nq1s,2021-07-22,2021-07-23,val,-1.0,0.0064350176159620595,0.25,0.25,1,-0.011354121311808685,0,sl
nq1s,2021-07-27,2021-07-28,val,1.0,0.006949863662831959,0.25,0.25,1,0.0042648559143898535,1,pt
nq1s,2021-07-28,2021-07-29,val,1.0,0.006963872445293488,0.25,0.25,1,0.0017486593611053536,1,pt
nq1s,2021-07-29,2021-07-30,val,1.0,0.0069394314945710285,0.25,0.25,1,-0.005452943424930967,0,sl
nq1s,2021-07-30,2021-08-02,val,1.0,0.0071131152492124785,0.25,0.25,1,-0.00020059174622677478,0,vert
nq1s,2021-08-02,2021-08-03,val,1.0,0.00672362019103902,0.25,0.25,1,0.006253030379418156,1,pt
nq1s,2021-08-03,2021-08-04,val,-1.0,0.006792981026705755,0.25,0.25,1,-0.0018110824951897975,0,sl
nq1s,2021-08-04,2021-08-05,val,-1.0,0.006792985578382682,0.25,0.25,1,-0.006252695127521246,0,sl
nq1s,2021-08-05,2021-08-06,val,-1.0,0.006682300795081382,0.25,0.25,1,0.004763396021380428,1,pt
nq1s,2021-08-06,2021-08-09,val,-1.0,0.006709095820715137,0.25,0.25,1,-0.0019707859957098783,0,sl
nq1s,2021-08-09,2021-08-10,val,-1.0,0.006676848111738207,0.25,0.25,1,0.0053387547312622186,1,pt
nq1s,2021-08-10,2021-08-11,val,1.0,0.0068170266408774695,0.25,0.25,1,-0.0016617368471358862,0,vert
nq1s,2021-08-11,2021-08-12,val,1.0,0.00682894002532964,0.25,0.25,1,0.0039282266382250075,1,pt
nq1s,2021-08-12,2021-08-13,val,1.0,0.006636152336736563,0.25,0.25,1,0.003133600822799787,1,pt
nq1s,2021-08-13,2021-08-16,val,1.0,0.006306694749691911,0.25,0.25,1,0.000545427499496709,1,vert
nq1s,2021-08-16,2021-08-17,val,1.0,0.005821160637658153,0.25,0.25,1,-0.009019426457068214,0,sl
nq1s,2021-08-17,2021-08-18,val,1.0,0.005776808782021353,0.25,0.25,1,-0.009884980830192291,0,sl
nq1s,2021-08-18,2021-08-19,val,1.0,0.0060664403799478754,0.25,0.25,1,0.005303298146214885,1,pt
nq1s,2021-08-19,2021-08-20,val,1.0,0.005988838920681596,0.25,0.25,1,0.010634378349268392,1,pt
nq1s,2021-08-20,2021-08-23,val,-1.0,0.0059199105014086165,0.25,0.25,1,-0.014433194690971707,0,sl
nq1s,2021-08-23,2021-08-24,val,1.0,0.006735582372796668,0.25,0.25,1,0.0033323532294931013,1,pt
nq1s,2021-08-24,2021-08-25,val,1.0,0.0061408651379833284,0.25,0.25,1,0.0005698284005186682,1,vert
nq1s,2021-08-25,2021-08-26,val,1.0,0.006104131992309698,0.25,0.25,1,-0.005825211123429486,0,sl
nq1s,2021-08-26,2021-08-27,val,1.0,0.006298601469794742,0.25,0.25,1,0.00993469614886111,1,pt
nq1s,2021-08-27,2021-08-30,val,1.0,0.006431045751662685,0.25,0.25,1,0.011084821573333015,1,pt
nq1s,2021-08-30,2021-08-31,val,1.0,0.006752030018663802,0.25,0.25,1,-0.0009616925791536834,0,vert
nq1s,2021-08-31,2021-09-01,val,1.0,0.0067123798988204825,0.25,0.25,1,0.001716669340791288,1,pt
nq1s,2021-09-01,2021-09-02,val,1.0,0.006712369780428745,0.25,0.25,1,-0.000528532761056133,0,vert
nq1s,2021-09-02,2021-09-03,val,1.0,0.006644422645428359,0.25,0.25,1,0.0032369719887903603,1,pt
nq1s,2021-09-03,2021-09-07,val,1.0,0.006491735396449049,0.25,0.25,1,0.0014854806251074493,1,vert
nq1s,2021-09-07,2021-09-08,val,1.0,0.0064920094713961695,0.25,0.25,1,-0.003492878673980071,0,sl
nq1s,2021-09-08,2021-09-09,val,1.0,0.006397273560312667,0.25,0.25,1,-0.003921254801702356,0,sl
nq1s,2021-09-09,2021-09-10,val,1.0,0.006482758744417486,0.25,0.25,1,-0.007535952438342042,0,sl
nq1s,2021-09-10,2021-09-13,val,1.0,0.006783357338687341,0.25,0.25,1,-0.00030761260249989597,0,vert
nq1s,2021-09-13,2021-09-14,val,1.0,0.006775167289998842,0.25,0.25,1,-0.0032566429033130673,0,sl
nq1s,2021-09-14,2021-09-15,val,1.0,0.006842290641493534,0.25,0.25,1,0.007591150700811289,1,pt
nq1s,2021-09-15,2021-09-16,val,1.0,0.006582690186106187,0.25,0.25,1,0.0008388991063126294,1,vert
nq1s,2021-09-16,2021-09-17,val,1.0,0.00599906336507693,0.25,0.25,1,-0.01183145813865416,0,sl
nq1s,2021-09-17,2021-09-20,val,1.0,0.0067208649350239714,0.25,0.25,1,-0.020651180999621266,0,sl
nq1s,2021-09-20,2021-09-21,val,1.0,0.008001492594720524,0.25,0.25,1,0.00096605483208001,1,vert
nq1s,2021-09-21,2021-09-22,val,1.0,0.007243254105995358,0.25,0.25,1,0.009285143769913962,1,pt
nq1s,2021-09-22,2021-09-23,val,1.0,0.00753977667577524,0.25,0.25,1,0.009232696937278018,1,pt
nq1s,2021-09-23,2021-09-24,val,-1.0,0.007850606041623813,0.25,0.25,1,-0.0009965040678707737,0,vert
nq1s,2021-09-24,2021-09-27,val,-1.0,0.007738966803327124,0.25,0.25,1,0.008094655243090387,1,pt
nq1s,2021-09-27,2021-09-28,val,-1.0,0.007595071707385544,0.25,0.25,1,0.02829924809537887,1,pt
nq1s,2021-09-28,2021-09-29,val,1.0,0.00935069704066976,0.25,0.25,1,-0.0016932220319850755,0,vert
nq1s,2021-09-29,2021-09-30,val,1.0,0.009344875885995847,0.25,0.25,1,-0.0038840550218152137,0,sl
nq1s,2021-09-30,2021-10-01,val,1.0,0.009287539418962577,0.25,0.25,1,0.005397582155785896,1,pt
nq1s,2021-10-01,2021-10-04,val,1.0,0.009464019174366983,0.25,0.25,1,-0.02028892238419544,0,sl
nq1s,2021-10-04,2021-10-05,val,1.0,0.01013893684518752,0.25,0.25,1,0.013345088074414146,1,pt
nq1s,2021-10-05,2021-10-06,val,1.0,0.01079056641932335,0.25,0.25,1,0.007079374285878348,1,pt
nq1s,2021-10-06,2021-10-07,val,1.0,0.011037630250803067,0.25,0.25,1,0.008283081509544488,1,pt
nq1s,2021-10-07,2021-10-08,val,1.0,0.011305483154642653,0.25,0.25,1,-0.004905501890394515,0,sl
nq1s,2021-10-08,2021-10-11,val,1.0,0.01125481030687964,0.25,0.25,1,-0.007276349332117182,0,sl
nq1s,2021-10-11,2021-10-12,val,1.0,0.011305680418748312,0.25,0.25,1,-0.0032141763882768126,0,sl
nq1s,2021-10-12,2021-10-13,val,1.0,0.011305517758982496,0.25,0.25,1,0.0075751113228041955,1,pt
nq1s,2021-10-13,2021-10-14,val,1.0,0.01130477855631453,0.25,0.25,1,0.018490610766353832,1,pt
nq1s,2021-10-14,2021-10-15,val,1.0,0.012209768264733219,0.25,0.25,1,0.006467272939043367,1,pt
nq1s,2021-10-15,2021-10-18,val,1.0,0.012079329132824331,0.25,0.25,1,0.010307575407069614,1,pt
nq1s,2021-10-18,2021-10-19,val,1.0,0.011315358626590125,0.25,0.25,1,0.007063209182295527,1,pt
nq1s,2021-10-19,2021-10-20,val,1.0,0.01139761733610033,0.25,0.25,1,-0.001363769198465703,0,vert
nq1s,2021-10-20,2021-10-21,val,1.0,0.0112510595205095,0.25,0.25,1,0.006584295236339077,1,pt
nq1s,2021-10-21,2021-10-22,val,1.0,0.011161693356466813,0.25,0.25,1,-0.008899297423462627,0,sl
nq1s,2021-10-22,2021-10-25,val,1.0,0.01136100900404454,0.25,0.25,1,0.010087347629782917,1,pt
nq1s,2021-10-25,2021-10-26,val,1.0,0.011396961860629606,0.25,0.25,1,0.0031782908220792105,1,pt
nq1s,2021-10-26,2021-10-27,val,1.0,0.00900445521476915,0.25,0.25,1,0.0027179157283054867,1,pt
nq1s,2021-10-27,2021-10-28,val,1.0,0.008948222757480896,0.25,0.25,1,0.011387512230199626,1,pt
nq1s,2021-10-28,2021-10-29,val,1.0,0.008996429734114365,0.25,0.25,1,0.004678158549531242,1,pt
nq1s,2021-10-29,2021-11-01,val,1.0,0.008990200225356588,0.25,0.25,1,0.0035199040309012997,1,pt
nq1s,2021-11-01,2021-11-02,val,1.0,0.006996123879909821,0.25,0.25,1,0.004215360901077103,1,pt
nq1s,2021-11-02,2021-11-03,val,1.0,0.006701430359670429,0.25,0.25,1,0.010556817292091347,1,pt
nq1s,2021-11-03,2021-11-04,val,1.0,0.006820134219925064,0.25,0.25,1,0.012461445466035004,1,pt
nq1s,2021-11-04,2021-11-05,val,1.0,0.007001939967012544,0.25,0.25,1,0.0012859176699975272,1,vert
nq1s,2021-11-05,2021-11-08,val,1.0,0.0066862347802029085,0.25,0.25,1,-0.0014677328109585774,0,vert
nq1s,2021-11-08,2021-11-09,val,1.0,0.006235237956532999,0.25,0.25,1,-0.00704322395910828,0,sl
nq1s,2021-11-09,2021-11-10,val,1.0,0.006561233102392847,0.25,0.25,1,-0.01432514533304563,0,sl
nq1s,2021-11-10,2021-11-11,val,1.0,0.007838122369779061,0.25,0.25,1,0.002643847188541937,1,pt
nq1s,2021-11-11,2021-11-12,val,1.0,0.007072600253760848,0.25,0.25,1,0.010609914028768541,1,pt
nq1s,2021-11-12,2021-11-15,val,1.0,0.007230506954258882,0.25,0.25,1,-0.00030878016474111813,0,vert
nq1s,2021-11-15,2021-11-16,val,1.0,0.00708621786679364,0.25,0.25,1,0.006980587172479291,1,pt
nq1s,2021-11-16,2021-11-17,val,1.0,0.007083689547971311,0.25,0.25,1,0.0006594788582900968,1,vert
nq1s,2021-11-17,2021-11-18,val,1.0,0.0070346407937692335,0.25,0.25,1,0.010406768230998065,1,pt
nq1s,2021-11-18,2021-11-19,val,1.0,0.00718655464738158,0.25,0.25,1,0.005688282139064249,1,pt
nq1s,2021-11-19,2021-11-22,val,1.0,0.0066141080304374525,0.25,0.25,1,-0.011644042232528573,0,sl
nq1s,2021-11-22,2021-11-23,val,1.0,0.007299021401909549,0.25,0.25,1,-0.004272982541261294,0,sl
nq1s,2021-11-23,2021-11-24,val,1.0,0.00746638612939188,0.25,0.25,1,0.0033104462972621818,1,pt
nq1s,2021-11-24,2021-11-26,val,1.0,0.0074688290596144685,0.25,0.25,1,-0.019247219845951458,0,sl
nq1s,2021-11-26,2021-11-29,val,1.0,0.008620768896971179,0.25,0.25,1,0.021166905488191334,1,pt
nq1s,2021-11-29,2021-11-30,val,1.0,0.009696564953529382,0.25,0.25,1,-0.014657657520250944,0,sl
nq1s,2021-11-30,2021-12-01,val,1.0,0.01035699746941269,0.25,0.25,1,-0.017383362743619846,0,sl
nq1s,2021-12-01,2021-12-02,val,1.0,0.011095381441851576,0.25,0.25,1,0.007482789583192373,1,pt
nq1s,2021-12-02,2021-12-03,val,1.0,0.01095954664475749,0.25,0.25,1,-0.016934046345321585,0,sl
nq1s,2021-12-03,2021-12-06,val,1.0,0.011123994153363743,0.25,0.25,1,0.007952792225161653,1,pt
nq1s,2021-12-06,2021-12-07,val,1.0,0.011321626975319176,0.25,0.25,1,0.0299979485882238,1,pt
nq1s,2021-12-07,2021-12-08,val,-1.0,0.013291936300711012,0.25,0.25,1,-0.004550189974444896,0,sl
nq1s,2021-12-08,2021-12-09,val,1.0,0.013221680080189598,0.25,0.25,1,-0.014854580670356166,0,sl
nq1s,2021-12-09,2021-12-10,val,-1.0,0.013254222450497961,0.25,0.25,1,-0.011208297855564098,0,sl
nq1s,2021-12-10,2021-12-13,val,1.0,0.013460564315053292,0.25,0.25,1,-0.015171695831575738,0,sl
nq1s,2021-12-13,2021-12-14,val,-1.0,0.01372768729070833,0.25,0.25,1,0.009902683207421603,1,pt
nq1s,2021-12-14,2021-12-15,val,-1.0,0.013894752169329434,0.25,0.25,1,-0.02286109061221553,0,sl
nq1s,2021-12-15,2021-12-16,val,-1.0,0.01476899439970116,0.25,0.25,1,0.025757924629230877,1,pt
nq1s,2021-12-16,2021-12-17,val,1.0,0.015872503563731783,0.25,0.25,1,-0.004963209226844789,0,sl
nq1s,2021-12-17,2021-12-20,val,1.0,0.015644550126316506,0.25,0.25,1,-0.010561819103601322,0,sl
nq1s,2021-12-20,2021-12-21,val,1.0,0.015640085906422206,0.25,0.25,1,0.022965511722835785,1,pt
nq1s,2021-12-21,2021-12-22,val,1.0,0.016496637896824453,0.25,0.25,1,0.011874217772937845,1,pt
nq1s,2021-12-22,2021-12-23,val,-1.0,0.01673103754912179,0.25,0.25,1,-0.007993320861252595,0,sl
nq1s,2021-12-23,2021-12-27,val,1.0,0.016818016601270233,0.25,0.25,1,0.016013252347009788,1,pt
nq1s,2021-12-27,2021-12-28,val,-1.0,0.016544568213180608,0.25,0.25,1,0.004347826087186313,1,pt
nq1s,2021-12-28,2021-12-29,val,1.0,0.015940751249010232,0.25,0.25,1,0.0001516254244362525,1,vert
nq1s,2021-12-29,2021-12-30,val,1.0,0.015542859663951594,0.25,0.25,1,-0.003653618750076748,0,vert
nq1s,2021-12-30,2021-12-31,val,1.0,0.01496896669605622,0.25,0.25,1,-0.006664536449655034,0,sl
nq1s,2021-12-31,2022-01-03,test,1.0,0.015018579478776753,0.25,0.25,1,0.010094511588246924,1,pt
nq1s,2022-01-03,2022-01-04,test,-1.0,0.014513387282676897,0.25,0.25,1,0.012723302296535954,1,pt
nq1s,2022-01-04,2022-01-05,test,-1.0,0.01483377887862642,0.25,0.25,1,0.03128888069677127,1,pt
nq1s,2022-01-05,2022-01-06,test,-1.0,0.015035299383283567,0.25,0.25,1,0.00047569213169196267,1,vert
nq1s,2022-01-06,2022-01-07,test,-1.0,0.014967110394065775,0.25,0.25,1,0.011295132940274843,1,pt
nq1s,2022-01-07,2022-01-10,test,1.0,0.014823302035545048,0.25,0.25,1,0.0017328797902185222,1,vert
nq1s,2022-01-10,2022-01-11,test,1.0,0.014537688348890104,0.25,0.25,1,0.014287544848677669,1,pt
nq1s,2022-01-11,2022-01-12,test,-1.0,0.01464094272765889,0.25,0.25,1,-0.0035531552012220136,0,vert
nq1s,2022-01-12,2022-01-13,test,-1.0,0.014506632854907529,0.25,0.25,1,0.024988591480375133,1,pt
nq1s,2022-01-13,2022-01-14,test,-1.0,0.014514180448475002,0.25,0.25,1,-0.00681073578590774,0,sl
nq1s,2022-01-14,2022-01-18,test,-1.0,0.013530432665069541,0.25,0.25,1,0.024990782745669793,1,pt
nq1s,2022-01-18,2022-01-19,test,-1.0,0.01457907135638198,0.25,0.25,1,0.01134420623451271,1,pt
nq1s,2022-01-19,2022-01-20,test,-1.0,0.014605080490753108,0.25,0.25,1,0.01280473608941013,1,pt
nq1s,2022-01-20,2022-01-21,test,1.0,0.013579289546591843,0.25,0.25,1,-0.02792938481211016,0,sl
nq1s,2022-01-21,2022-01-24,test,1.0,0.014122288027762234,0.25,0.25,1,0.0051641077185689,1,pt
nq1s,2022-01-24,2022-01-25,test,1.0,0.013992531219468037,0.25,0.25,1,-0.024843114267729893,0,sl
nq1s,2022-01-25,2022-01-26,test,1.0,0.013643107819984637,0.25,0.25,1,0.001255237522092445,1,vert
nq1s,2022-01-26,2022-01-27,test,1.0,0.013776777797987994,0.25,0.25,1,-0.012130522300431879,0,sl
nq1s,2022-01-27,2022-01-28,test,1.0,0.01368687764020951,0.25,0.25,1,0.031905195989065493,1,pt
nq1s,2022-01-28,2022-01-31,test,-1.0,0.016300225868785732,0.25,0.25,1,-0.03270283378316918,0,sl
nq1s,2022-01-31,2022-02-01,test,-1.0,0.01844944650446265,0.25,0.25,1,-0.006021469306114469,0,sl
nq1s,2022-02-01,2022-02-02,test,-1.0,0.018302919708256177,0.25,0.25,1,-0.00798612847817548,0,sl
nq1s,2022-02-02,2022-02-03,test,-1.0,0.018409749272282835,0.25,0.25,1,0.04116907605293274,1,pt
nq1s,2022-02-03,2022-02-04,test,-1.0,0.019351587134663586,0.25,0.25,1,-0.013334713381164542,0,sl
nq1s,2022-02-04,2022-02-07,test,-1.0,0.019730644585151627,0.25,0.25,1,0.00856286813498175,1,pt
nq1s,2022-02-08,2022-02-09,test,-1.0,0.019952529424633773,0.25,0.25,1,-0.020614883436971043,0,sl
nq1s,2022-02-09,2022-02-10,test,-1.0,0.02027828370700643,0.25,0.25,1,0.02242614665973852,1,pt
nq1s,2022-02-10,2022-02-11,test,1.0,0.020705574338493703,0.25,0.25,1,-0.031324399700080496,0,sl
nq1s,2022-02-11,2022-02-14,test,1.0,0.021108045736242153,0.25,0.25,1,0.0008777781672364426,1,vert
nq1s,2022-02-14,2022-02-15,test,1.0,0.020987058528450238,0.25,0.25,1,0.02501227811730633,1,pt
nq1s,2022-02-15,2022-02-16,test,1.0,0.021353770620528633,0.25,0.25,1,-0.0006502618158122919,0,vert
nq1s,2022-02-16,2022-02-17,test,1.0,0.02123949911575795,0.25,0.25,1,-0.029811643836013535,0,sl
nq1s,2022-02-17,2022-02-18,test,1.0,0.022070642823603537,0.25,0.25,1,-0.011913376515520269,0,sl
nq1s,2022-02-18,2022-02-22,test,1.0,0.021348292443093216,0.25,0.25,1,-0.009520577308078204,0,sl
nq1s,2022-02-22,2022-02-23,test,1.0,0.021360081080088862,0.25,0.25,1,-0.025626228562175002,0,sl
nq1s,2022-02-23,2022-02-24,test,1.0,0.021406131249005894,0.25,0.25,1,0.033981121599701236,1,pt
nq1s,2022-02-24,2022-02-25,test,1.0,0.022846109020627815,0.25,0.25,1,0.015322378548267013,1,pt
nq1s,2022-02-25,2022-02-28,test,1.0,0.02294051824464053,0.25,0.25,1,0.003349670322190468,1,vert
nq1s,2022-02-28,2022-03-01,test,1.0,0.021792208874424363,0.25,0.25,1,-0.0156381782403624,0,sl
nq1s,2022-03-01,2022-03-02,test,1.0,0.020586813695642095,0.25,0.25,1,0.016689871836210957,1,pt
nq1s,2022-03-02,2022-03-03,test,-1.0,0.020964319810601734,0.25,0.25,1,0.014660182242353104,1,pt
nq1s,2022-03-03,2022-03-04,test,-1.0,0.02097881475685702,0.25,0.25,1,0.013595381490326464,1,pt
nq1s,2022-03-04,2022-03-07,test,1.0,0.019129588744722776,0.25,0.25,1,-0.03750067739677143,0,sl
nq1s,2022-03-07,2022-03-08,test,1.0,0.020350563976057612,0.25,0.25,1,-0.004035058086496401,0,vert
nq1s,2022-03-08,2022-03-09,test,1.0,0.02033218974243296,0.25,0.25,1,0.0352566518435149,1,pt
nq1s,2022-03-09,2022-03-10,test,1.0,0.02188273584602928,0.25,0.25,1,-0.010830193487323836,0,sl
nq1s,2022-03-10,2022-03-11,test,1.0,0.021190338597738737,0.25,0.25,1,-0.02163992345061405,0,sl
nq1s,2022-03-11,2022-03-14,test,1.0,0.021155922681658022,0.25,0.25,1,-0.018544989468064155,0,sl
nq1s,2022-03-14,2022-03-15,test,1.0,0.020474493480701343,0.25,0.25,1,0.03108708985004438,1,pt
nq1s,2022-03-15,2022-03-16,test,1.0,0.02190618332917998,0.25,0.25,1,0.03719469125261243,1,pt
nq1s,2022-03-16,2022-03-17,test,1.0,0.022829513217136915,0.25,0.25,1,0.011326367855709618,1,pt
nq1s,2022-03-17,2022-03-18,test,1.0,0.02302948946677562,0.25,0.25,1,0.021672484981846374,1,pt
nq1s,2022-03-18,2022-03-21,test,1.0,0.02255239512961334,0.25,0.25,1,-0.0029833142542045055,0,vert
nq1s,2022-03-21,2022-03-22,test,1.0,0.022371357309111394,0.25,0.25,1,0.019727914826204396,1,pt
nq1s,2022-03-22,2022-03-23,test,1.0,0.02257115585437343,0.25,0.25,1,-0.01412583594971617,0,sl
nq1s,2022-03-23,2022-03-24,test,1.0,0.021928102103505674,0.25,0.25,1,0.02192496712130576,1,pt
nq1s,2022-03-24,2022-03-25,test,-1.0,0.021227863301358743,0.25,0.25,1,0.0005418677500219626,1,vert
nq1s,2022-03-25,2022-03-28,test,-1.0,0.021033921898027396,0.25,0.25,1,-0.015553258898711286,0,sl
nq1s,2022-03-28,2022-03-29,test,-1.0,0.021247392945517585,0.25,0.25,1,-0.016849902403929695,0,sl
nq1s,2022-03-29,2022-03-30,test,1.0,0.02100988124991441,0.25,0.25,1,-0.01091040343867744,0,sl
nq1s,2022-03-30,2022-03-31,test,1.0,0.02106105237746339,0.25,0.25,1,-0.013452542879069718,0,sl
nq1s,2022-03-31,2022-04-01,test,1.0,0.02100885166055003,0.25,0.25,1,-0.00033627574632189017,0,vert
nq1s,2022-04-01,2022-04-04,test,1.0,0.02066302375691203,0.25,0.25,1,0.020216970818579982,1,pt
nq1s,2022-04-04,2022-04-05,test,1.0,0.018447649976524285,0.25,0.25,1,-0.02217386286810863,0,sl
nq1s,2022-04-05,2022-04-06,test,1.0,0.019431418728396127,0.25,0.25,1,-0.021766253034609773,0,sl
nq1s,2022-04-06,2022-04-07,test,1.0,0.01909549066750167,0.25,0.25,1,0.002119922096482929,1,vert
nq1s,2022-04-07,2022-04-08,test,1.0,0.018826665634769955,0.25,0.25,1,-0.014378095761737653,0,sl
nq1s,2022-04-08,2022-04-11,test,1.0,0.018371515178750013,0.25,0.25,1,-0.022824038528826196,0,sl
nq1s,2022-04-11,2022-04-12,test,1.0,0.018676292092335102,0.25,0.25,1,-0.003928571428181926,0,vert
nq1s,2022-04-12,2022-04-13,test,1.0,0.01760719822601437,0.25,0.25,1,0.019827895302602316,1,pt
nq1s,2022-04-13,2022-04-14,test,-1.0,0.016204115697629078,0.25,0.25,1,0.023046092184394018,1,pt
nq1s,2022-04-14,2022-04-18,test,-1.0,0.016878204492428186,0.25,0.25,1,-0.001007647323683969,0,vert
nq1s,2022-04-18,2022-04-19,test,-1.0,0.01606203475954284,0.25,0.25,1,-0.02225377936701123,0,sl
nq1s,2022-04-19,2022-04-20,test,-1.0,0.016913617541365927,0.25,0.25,1,0.014946631732586146,1,pt
nq1s,2022-04-20,2022-04-21,test,-1.0,0.01651720613918254,0.25,0.25,1,0.01974330137953162,1,pt
nq1s,2022-04-21,2022-04-22,test,-1.0,0.016782285315893465,0.25,0.25,1,0.027297725493091063,1,pt
nq1s,2022-04-22,2022-04-25,test,1.0,0.016659359168692378,0.25,0.25,1,0.013648107237782092,1,pt
nq1s,2022-04-25,2022-04-26,test,-1.0,0.017149829659741805,0.25,0.25,1,0.038398315571596786,1,pt
nq1s,2022-04-26,2022-04-27,test,1.0,0.018155827464198415,0.25,0.25,1,-0.0005377996313550293,0,vert
nq1s,2022-04-27,2022-04-28,test,1.0,0.017360361180340025,0.25,0.25,1,0.034264739795305754,1,pt
nq1s,2022-04-28,2022-04-29,test,-1.0,0.019664951596380084,0.25,0.25,1,0.04479830543115182,1,pt
nq1s,2022-04-29,2022-05-02,test,1.0,0.021577498746734463,0.25,0.25,1,0.017195767195567813,1,pt
nq1s,2022-05-02,2022-05-03,test,-1.0,0.02221315844529225,0.25,0.25,1,-0.0011091562767846508,0,vert
nq1s,2022-05-03,2022-05-04,test,-1.0,0.021417022162860597,0.25,0.25,1,-0.03390639923579708,0,sl
nq1s,2022-05-04,2022-05-05,test,-1.0,0.02293007652872366,0.25,0.25,1,0.04975519630533409,1,pt
nq1s,2022-05-05,2022-05-06,test,-1.0,0.024923598997925806,0.25,0.25,1,0.01261860320324526,1,pt
nq1s,2022-05-06,2022-05-09,test,-1.0,0.02488893770224031,0.25,0.25,1,0.03954079121008891,1,pt
nq1s,2022-05-09,2022-05-10,test,-1.0,0.02595958529086214,0.25,0.25,1,-0.012731932342288754,0,sl
nq1s,2022-05-10,2022-05-11,test,1.0,0.026100438845162447,0.25,0.25,1,-0.030710988744087397,0,sl
nq1s,2022-05-11,2022-05-12,test,1.0,0.02667715248709105,0.25,0.25,1,-0.001879738507553519,0,vert
nq1s,2022-05-12,2022-05-13,test,1.0,0.025943279565089853,0.25,0.25,1,0.03645190315730629,1,pt
nq1s,2022-05-13,2022-05-16,test,1.0,0.02751237606529981,0.25,0.25,1,-0.011144535744971429,0,sl
nq1s,2022-05-16,2022-05-17,test,1.0,0.0274898861531303,0.25,0.25,1,0.0257661446743096,1,pt
nq1s,2022-05-17,2022-05-18,test,1.0,0.027686238551208896,0.25,0.25,1,-0.04974025198523646,0,sl
nq1s,2022-05-18,2022-05-19,test,1.0,0.029406405157341494,0.25,0.25,1,-0.004796615139814442,0,vert
nq1s,2022-05-19,2022-05-20,test,1.0,0.029277231444703136,0.25,0.25,1,-0.003157030707123476,0,vert
nq1s,2022-05-20,2022-05-23,test,1.0,0.028887019966785187,0.25,0.25,1,0.0164263243459557,1,pt
nq1s,2022-05-23,2022-05-24,test,1.0,0.02899089669234386,0.25,0.25,1,-0.021956336595287507,0,sl
nq1s,2022-05-24,2022-05-25,test,1.0,0.028203741468094633,0.25,0.25,1,0.014548466570462049,1,pt
nq1s,2022-05-25,2022-05-26,test,1.0,0.02852635222311518,0.25,0.25,1,0.028219137935394656,1,pt
nq1s,2022-05-26,2022-05-27,test,1.0,0.028143216576417458,0.25,0.25,1,0.03245312213710161,1,pt
nq1s,2022-05-27,2022-05-31,test,1.0,0.02750762464878,0.25,0.25,1,-0.002464948433770431,0,vert
nq1s,2022-05-31,2022-06-01,test,1.0,0.02718981140748583,0.25,0.25,1,-0.00755149646115294,0,sl
nq1s,2022-06-02,2022-06-03,test,1.0,0.026808554050166907,0.25,0.25,1,-0.02658264663084775,0,sl
nq1s,2022-06-03,2022-06-06,test,1.0,0.0249881809511309,0.25,0.25,1,0.004302446020386208,1,vert
nq1s,2022-06-06,2022-06-07,test,1.0,0.02486550203507927,0.25,0.25,1,0.008449028163017402,1,pt
nq1s,2022-06-07,2022-06-08,test,1.0,0.023063815560008326,0.25,0.25,1,-0.007532549266733191,0,sl
nq1s,2022-06-08,2022-06-09,test,1.0,0.023018966547536227,0.25,0.25,1,-0.027009888432950935,0,sl
nq1s,2022-06-09,2022-06-10,test,1.0,0.022752076083813053,0.25,0.25,1,-0.03543788187316865,0,sl
nq1s,2022-06-10,2022-06-13,test,-1.0,0.024237232159718604,0.25,0.25,1,0.045903716216180834,1,pt
nq1s,2022-06-13,2022-06-14,test,1.0,0.02478356397192843,0.25,0.25,1,0.0016773339218005834,1,vert
nq1s,2022-06-14,2022-06-15,test,1.0,0.02476996032673225,0.25,0.25,1,0.02489754549820833,1,pt
nq1s,2022-06-15,2022-06-16,test,-1.0,0.02471773396200615,0.25,0.25,1,0.04056668673160102,1,pt
nq1s,2022-06-16,2022-06-17,test,1.0,0.023833137919783264,0.25,0.25,1,0.01250308095671726,1,pt
nq1s,2022-06-17,2022-06-21,test,-1.0,0.0240937890231398,0.25,0.25,1,-0.02483015026387725,0,sl
nq1s,2022-06-21,2022-06-22,test,-1.0,0.024846379056468797,0.25,0.25,1,0.0009933274305189421,1,vert
nq1s,2022-06-22,2022-06-23,test,-1.0,0.02450183233047983,0.25,0.25,1,-0.01484988003417187,0,sl
nq1s,2022-06-23,2022-06-24,test,1.0,0.024300474234173468,0.25,0.25,1,0.034334398294962876,1,pt
nq1s,2022-06-24,2022-06-27,test,1.0,0.02528041179544404,0.25,0.25,1,-0.008236893043488402,0,sl
nq1s,2022-06-27,2022-06-28,test,-1.0,0.024517731789690918,0.25,0.25,1,0.030418172003253474,1,pt
nq1s,2022-06-28,2022-06-29,test,1.0,0.024080479521611853,0.25,0.25,1,0.0014347816777893208,1,vert
nq1s,2022-06-29,2022-06-30,test,1.0,0.024111547852517737,0.25,0.25,1,-0.013814044991869667,0,sl
pl1s,2020-01-03,2020-01-06,train,-1.0,0.012529601292548926,0.25,0.25,1,0.02433605977905251,1,pt
pl1s,2020-01-06,2020-01-07,train,1.0,0.014073899832242288,0.25,0.25,1,0.0055889049966650894,1,pt
pl1s,2020-01-07,2020-01-08,train,1.0,0.014031287425438695,0.25,0.25,1,-0.008027995064115001,0,sl
pl1s,2020-01-08,2020-01-09,train,1.0,0.014247163360828232,0.25,0.25,1,0.008507989213278,1,pt
pl1s,2020-01-09,2020-01-10,train,1.0,0.013230359401756021,0.25,0.25,1,0.0144032921816597,1,pt
pl1s,2020-01-10,2020-01-13,train,-1.0,0.013013308802468242,0.25,0.25,1,0.003955375255727311,1,pt
pl1s,2020-01-15,2020-01-16,train,-1.0,0.014623204328882181,0.25,0.25,1,0.023790951634259705,1,pt
pl1s,2020-01-17,2020-01-21,train,-1.0,0.016528585921854348,0.25,0.25,1,0.016881342699533453,1,pt
pl1s,2020-01-21,2020-01-22,train,1.0,0.017182452713748637,0.25,0.25,1,0.013697270467222467,1,pt
pl1s,2020-01-22,2020-01-23,train,-1.0,0.016086098070485076,0.25,0.25,1,0.013708019191870813,1,pt
pl1s,2020-01-23,2020-01-24,train,-1.0,0.015439710608685845,0.25,0.25,1,-0.003276084580435379,0,vert
pl1s,2020-01-24,2020-01-27,train,-1.0,0.015423611272310418,0.25,0.25,1,0.01870176132623913,1,pt
pl1s,2020-01-28,2020-01-29,train,-1.0,0.016041866452380527,0.25,0.25,1,0.019798994969976502,1,pt
pl1s,2020-01-29,2020-01-30,train,1.0,0.016666677152893047,0.25,0.25,1,0.005331692815418121,1,pt
pl1s,2020-01-30,2020-01-31,train,1.0,0.01646047954584375,0.25,0.25,1,-0.01896991331916764,0,sl
pl1s,2020-01-31,2020-02-03,train,1.0,0.01691029419101743,0.25,0.25,1,0.009148560149812246,1,pt
pl1s,2020-02-03,2020-02-04,train,1.0,0.01700699571537889,0.25,0.25,1,-0.004738848252364702,0,sl
pl1s,2020-02-04,2020-02-05,train,1.0,0.016109948945939114,0.25,0.25,1,0.021736880235674994,1,pt
pl1s,2020-02-05,2020-02-06,train,1.0,0.016780179734723583,0.25,0.25,1,-0.01995745112488434,0,sl
pl1s,2020-02-06,2020-02-07,train,1.0,0.017325325596904022,0.25,0.25,1,0.0018606574349759875,1,vert
pl1s,2020-02-07,2020-02-10,train,1.0,0.017221667728117243,0.25,0.25,1,-0.0023730912031983964,0,vert
pl1s,2020-02-10,2020-02-11,train,1.0,0.016885923907747426,0.25,0.25,1,0.00682593856210989,1,pt
pl1s,2020-02-11,2020-02-12,train,1.0,0.016957204138712448,0.25,0.25,1,-0.006368772466671224,0,sl
pl1s,2020-02-12,2020-02-13,train,1.0,0.016950779165257335,0.25,0.25,1,0.0076501602342213815,1,pt
pl1s,2020-02-13,2020-02-14,train,1.0,0.014437187411666082,0.25,0.25,1,-0.0060531445566046616,0,sl
pl1s,2020-02-14,2020-02-18,train,1.0,0.01355835807075973,0.25,0.25,1,0.025908340217662085,1,pt
pl1s,2020-02-18,2020-02-19,train,1.0,0.01378680269457954,0.25,0.25,1,0.010665056847085852,1,pt
pl1s,2020-02-20,2020-02-21,train,1.0,0.014267428169179626,0.25,0.25,1,-0.0029622063313975433,0,vert
pl1s,2020-02-21,2020-02-24,train,1.0,0.01400353144168001,0.25,0.25,1,-0.001946521877903673,0,vert
pl1s,2020-02-24,2020-02-25,train,1.0,0.013957066244969266,0.25,0.25,1,-0.043009648942353707,0,sl
pl1s,2020-02-25,2020-02-26,train,1.0,0.016470017171085802,0.25,0.25,1,-0.018770781929766223,0,sl
pl1s,2020-02-26,2020-02-27,train,1.0,0.016764062444322828,0.25,0.25,1,-0.01016615653648456,0,sl
pl1s,2020-02-27,2020-02-28,train,1.0,0.016418138719058457,0.25,0.25,1,-0.04505797902092268,0,sl
pl1s,2020-02-28,2020-03-02,train,1.0,0.018785284020919342,0.25,0.25,1,-0.006129293390779056,0,sl
pl1s,2020-03-02,2020-03-03,train,1.0,0.01853989298546675,0.25,0.25,1,0.011519664874953595,1,pt
pl1s,2020-03-03,2020-03-04,train,1.0,0.01864522821767825,0.25,0.25,1,0.006787070055582101,1,pt
pl1s,2020-03-04,2020-03-05,train,1.0,0.018846810592863045,0.25,0.25,1,-0.01085466178494876,0,sl
pl1s,2020-03-05,2020-03-06,train,1.0,0.01781875392098611,0.25,0.25,1,0.03546263139042738,1,pt
pl1s,2020-03-06,2020-03-09,train,1.0,0.019750081725221077,0.25,0.25,1,-0.037483266391471703,0,sl
pl1s,2020-03-09,2020-03-10,train,1.0,0.021128298302399883,0.25,0.25,1,0.007649513207797831,1,pt
pl1s,2020-03-10,2020-03-11,train,1.0,0.021331184619436235,0.25,0.25,1,-0.001380262247853703,0,vert
pl1s,2020-03-11,2020-03-12,train,1.0,0.02116434694303841,0.25,0.25,1,-0.09951624049767971,0,sl
pl1s,2020-03-12,2020-03-13,train,1.0,0.03064777871811742,0.25,0.25,1,-0.04847787158487715,0,sl
pl1s,2020-03-13,2020-03-16,train,1.0,0.0315170709972117,0.25,0.25,1,-0.11587578975105362,0,sl
pl1s,2020-03-16,2020-03-17,train,1.0,0.039838325471991225,0.25,0.25,1,0.011555420403585925,1,pt
pl1s,2020-03-17,2020-03-18,train,1.0,0.03911984473813219,0.25,0.25,1,-0.09063580340299393,0,sl
pl1s,2020-03-18,2020-03-19,train,1.0,0.041797700422096316,0.25,0.25,1,-0.013553718997491249,0,sl
pl1s,2020-03-19,2020-03-20,train,1.0,0.04187920519459989,0.25,0.25,1,0.04404622340354858,1,pt
pl1s,2020-03-20,2020-03-23,train,1.0,0.044335295085377334,0.25,0.25,1,0.006737247356411569,1,vert
pl1s,2020-03-23,2020-03-24,train,1.0,0.04458767503349487,0.25,0.25,1,0.1183875079680583,1,pt
pl1s,2020-03-24,2020-03-25,train,-1.0,0.0533142183147888,0.25,0.25,1,-0.06268699244134157,0,sl
pl1s,2020-03-25,2020-03-26,train,-1.0,0.05586316279772507,0.25,0.25,1,0.011797828120191145,1,vert
pl1s,2020-03-26,2020-03-27,train,-1.0,0.05586436120832392,0.25,0.25,1,-0.006105006108870548,0,vert
pl1s,2020-03-27,2020-03-30,train,-1.0,0.055320809301615544,0.25,0.25,1,0.024002157497866272,1,pt
pl1s,2020-03-30,2020-03-31,train,-1.0,0.05544263410470844,0.25,0.25,1,-0.008427742466412091,0,vert
pl1s,2020-03-31,2020-04-01,train,-1.0,0.05538852163563597,0.25,0.25,1,0.016577613377798173,1,pt
pl1s,2020-04-02,2020-04-03,train,-1.0,0.055612719800193604,0.25,0.25,1,0.016301369868307547,1,pt
pl1s,2020-04-03,2020-04-06,train,1.0,0.054680894286461466,0.25,0.25,1,0.019356635565340508,1,pt
pl1s,2020-04-06,2020-04-07,train,1.0,0.05468992623756848,0.25,0.25,1,0.017759562851316524,1,pt
pl1s,2020-04-08,2020-04-09,train,1.0,0.05489164731846965,0.25,0.25,1,0.02044711014532652,1,pt
pl1s,2020-04-09,2020-04-13,train,1.0,0.0502633102285269,0.25,0.25,1,0.00160299224310112,1,vert
pl1s,2020-04-13,2020-04-14,train,1.0,0.04900507706619588,0.25,0.25,1,0.0932248599744534,1,pt
pl1s,2020-04-15,2020-04-16,train,-1.0,0.0440239610844658,0.25,0.25,1,0.014044245590462467,1,pt
pl1s,2020-04-16,2020-04-17,train,-1.0,0.03708956296364731,0.25,0.25,1,0.010084457333640051,1,pt
pl1s,2020-04-17,2020-04-20,train,-1.0,0.03696229438686625,0.25,0.25,1,-0.013625366102631986,0,sl
pl1s,2020-04-21,2020-04-22,train,-1.0,0.0387576653811904,0.25,0.25,1,-0.009098101265225145,0,vert
pl1s,2020-04-22,2020-04-23,train,-1.0,0.030367970039909067,0.25,0.25,1,-0.02966157063178665,0,sl
pl1s,2020-04-23,2020-04-24,train,-1.0,0.028006508343368708,0.25,0.25,1,0.018020304568770684,1,pt
pl1s,2020-04-27,2020-04-28,train,1.0,0.028204853858581427,0.25,0.25,1,0.02393822392847822,1,pt
pl1s,2020-04-29,2020-04-30,train,-1.0,0.027845120006665322,0.25,0.25,1,-0.016758379187066463,0,sl
pl1s,2020-04-30,2020-05-01,train,-1.0,0.027500071724759264,0.25,0.25,1,0.048093480923504184,1,pt
pl1s,2020-05-01,2020-05-04,train,-1.0,0.03001677458929621,0.25,0.25,1,-0.005943920393838953,0,vert
pl1s,2020-05-08,2020-05-11,train,-1.0,0.029744867124860415,0.25,0.25,1,0.010135563160763805,1,pt
pl1s,2020-05-11,2020-05-12,train,-1.0,0.029883162226007648,0.25,0.25,1,0.004991680520663011,1,vert
pl1s,2020-05-12,2020-05-13,train,1.0,0.021754519152578634,0.25,0.25,1,-0.009776177002259079,0,sl
pl1s,2020-05-13,2020-05-14,train,1.0,0.021503181711319982,0.25,0.25,1,0.0067550012919666,1,pt
pl1s,2020-05-14,2020-05-15,train,1.0,0.021399875021583626,0.25,0.25,1,0.054322580644508234,1,pt
pl1s,2020-05-18,2020-05-19,train,1.0,0.027803521258420186,0.25,0.25,1,0.02335212240645057,1,pt
pl1s,2020-05-19,2020-05-20,train,1.0,0.025125068488308193,0.25,0.25,1,0.050472122298897304,1,pt
pl1s,2020-05-22,2020-05-26,train,-1.0,0.03221754026066413,0.25,0.25,1,0.01466771974166281,1,pt
pl1s,2020-05-26,2020-05-27,train,-1.0,0.03257498837184735,0.25,0.25,1,-0.005496392996390709,0,vert
pl1s,2020-05-27,2020-05-28,train,-1.0,0.03230425545362116,0.25,0.25,1,0.011388224573856798,1,pt
pl1s,2020-05-28,2020-05-29,train,-1.0,0.03251128713811268,0.25,0.25,1,-0.007487616632148919,0,vert
pl1s,2020-05-29,2020-06-01,train,-1.0,0.0323900777090124,0.25,0.25,1,-0.030299565509931847,0,sl
pl1s,2020-06-01,2020-06-02,train,-1.0,0.03035209448698916,0.25,0.25,1,0.0359560537030198,1,pt
pl1s,2020-06-02,2020-06-03,train,-1.0,0.031926267418735055,0.25,0.25,1,0.009439392199061425,1,pt
pl1s,2020-06-03,2020-06-04,train,-1.0,0.03209299069072903,0.25,0.25,1,-0.005229517725565236,0,vert
pl1s,2020-06-04,2020-06-05,train,-1.0,0.03133964176624537,0.25,0.25,1,0.03999999999761328,1,pt
pl1s,2020-06-05,2020-06-08,train,1.0,0.032794875035002516,0.25,0.25,1,0.03709055876333256,1,pt
pl1s,2020-06-08,2020-06-09,train,-1.0,0.03362055123230932,0.25,0.25,1,0.0006967022779317267,1,vert
pl1s,2020-06-09,2020-06-10,train,-1.0,0.0334710814920901,0.25,0.25,1,0.016964908205251317,1,pt
pl1s,2020-06-10,2020-06-11,train,-1.0,0.03376652245590647,0.25,0.25,1,0.026004728135329835,1,pt
pl1s,2020-06-11,2020-06-12,train,-1.0,0.03432600125312671,0.25,0.25,1,0.006067961157781632,1,vert
pl1s,2020-06-12,2020-06-15,train,-1.0,0.03438017819168029,0.25,0.25,1,-0.0032967032937394336,0,vert
pl1s,2020-06-15,2020-06-16,train,-1.0,0.03229910755900246,0.25,0.25,1,-0.027017159550985825,0,sl
pl1s,2020-06-16,2020-06-17,train,-1.0,0.029606876522634946,0.25,0.25,1,0.0067543547888860855,1,vert
pl1s,2020-06-17,2020-06-18,train,1.0,0.02905051752726184,0.25,0.25,1,-0.03101884990888293,0,sl
pl1s,2020-06-18,2020-06-19,train,1.0,0.02694677726610495,0.25,0.25,1,0.01802354094812153,1,pt
pl1s,2020-06-19,2020-06-22,train,1.0,0.022102348075643926,0.25,0.25,1,0.022762856803539178,1,pt
pl1s,2020-06-24,2020-06-25,train,1.0,0.024078747622550835,0.25,0.25,1,-0.011371973590259543,0,sl
pl1s,2020-06-25,2020-06-26,train,1.0,0.024078471683856566,0.25,0.25,1,0.013358070501931385,1,pt
pl1s,2020-06-26,2020-06-29,train,1.0,0.02425541938553568,0.25,0.25,1,0.010862931774055395,1,pt
pl1s,2020-06-29,2020-06-30,train,1.0,0.02323045735689204,0.25,0.25,1,0.02777106979025956,1,pt
pl1s,2020-06-30,2020-07-01,train,1.0,0.022969939273282183,0.25,0.25,1,-0.01973684211207305,0,sl
pl1s,2020-07-01,2020-07-02,train,1.0,0.02328436846596776,0.25,0.25,1,-0.0033557046950267733,0,vert
pl1s,2020-07-02,2020-07-06,train,1.0,0.02322825818140883,0.25,0.25,1,0.007335257341230417,1,pt
pl1s,2020-07-06,2020-07-07,train,1.0,0.02143812793338798,0.25,0.25,1,0.030440491820475923,1,pt
pl1s,2020-07-07,2020-07-08,train,1.0,0.02090828069093164,0.25,0.25,1,0.02409638554477289,1,pt
pl1s,2020-07-08,2020-07-09,train,1.0,0.02157843823708428,0.25,0.25,1,-0.0419683258013579,0,sl
pl1s,2020-07-09,2020-07-10,train,1.0,0.02341565645848801,0.25,0.25,1,-0.001180776950193363,0,vert
pl1s,2020-07-10,2020-07-13,train,1.0,0.02259584167932495,0.25,0.25,1,0.02021515546240016,1,pt
pl1s,2020-07-13,2020-07-14,train,1.0,0.022910290619334892,0.25,0.25,1,-0.030359212060034335,0,sl
pl1s,2020-07-14,2020-07-15,train,1.0,0.024081516884366296,0.25,0.25,1,0.007648183562066091,1,pt
pl1s,2020-07-15,2020-07-16,train,1.0,0.02336712570194758,0.25,0.25,1,-0.007352941182255601,0,sl
pl1s,2020-07-16,2020-07-17,train,1.0,0.0233763750440537,0.25,0.25,1,0.015053763452392177,1,pt
pl1s,2020-07-17,2020-07-20,train,1.0,0.02239734267833902,0.25,0.25,1,0.009769303192805667,1,pt
pl1s,2020-07-20,2020-07-21,train,1.0,0.022167473768382382,0.25,0.25,1,0.07110385825623555,1,pt
pl1s,2020-07-22,2020-07-23,train,-1.0,0.027716110291573292,0.25,0.25,1,-0.006684771249548804,0,vert
pl1s,2020-07-23,2020-07-24,train,-1.0,0.024943306931533606,0.25,0.25,1,0.008092965338370006,1,pt
pl1s,2020-07-24,2020-07-27,train,-1.0,0.02481667971574826,0.25,0.25,1,-0.011087866109771083,0,sl
pl1s,2020-07-27,2020-07-28,train,-1.0,0.024798477110593038,0.25,0.25,1,-0.020277260493399618,0,sl
pl1s,2020-07-28,2020-07-29,train,-1.0,0.02493466219114075,0.25,0.25,1,0.028087609000481684,1,pt
pl1s,2020-07-29,2020-07-30,train,-1.0,0.02584763824077982,0.25,0.25,1,0.04788732394445405,1,pt
pl1s,2020-07-30,2020-07-31,train,1.0,0.028105126836965512,0.25,0.25,1,0.006903353051083139,1,vert
pl1s,2020-07-31,2020-08-03,train,1.0,0.02804799285674772,0.25,0.25,1,0.013276743943842373,1,pt
pl1s,2020-08-03,2020-08-04,train,1.0,0.02810433403572953,0.25,0.25,1,0.025883363762503997,1,pt
pl1s,2020-08-04,2020-08-05,train,-1.0,0.027916148768925477,0.25,0.25,1,-0.035489949738866544,0,sl
pl1s,2020-08-05,2020-08-06,train,-1.0,0.02841241598658562,0.25,0.25,1,-0.02507329896801669,0,sl
pl1s,2020-08-06,2020-08-07,train,-1.0,0.026282370645241533,0.25,0.25,1,0.04290363941490438,1,pt
pl1s,2020-08-07,2020-08-10,train,-1.0,0.028766711933660476,0.25,0.25,1,-0.03328524320121584,0,sl
pl1s,2020-08-10,2020-08-11,train,-1.0,0.029210344668670986,0.25,0.25,1,0.03121571756584196,1,pt
pl1s,2020-08-11,2020-08-12,train,1.0,0.029271982616045987,0.25,0.25,1,-0.012559192916986262,0,sl
pl1s,2020-08-12,2020-08-13,train,-1.0,0.029614585816913865,0.25,0.25,1,-0.024812343619309063,0,sl
pl1s,2020-08-13,2020-08-14,train,-1.0,0.029689454545082327,0.25,0.25,1,0.024313326550927106,1,pt
pl1s,2020-08-14,2020-08-17,train,-1.0,0.030511565806111664,0.25,0.25,1,-0.008862475240154932,0,sl
pl1s,2020-08-17,2020-08-18,train,-1.0,0.030506553852629962,0.25,0.25,1,-0.008061182299570646,0,sl
pl1s,2020-08-18,2020-08-19,train,-1.0,0.026729127734782948,0.25,0.25,1,0.019581710061019497,1,pt
pl1s,2020-08-19,2020-08-20,train,1.0,0.02560727871875442,0.25,0.25,1,-0.030743490541634944,0,sl
pl1s,2020-08-20,2020-08-21,train,1.0,0.026470899660808768,0.25,0.25,1,-0.000863092026424872,0,vert
pl1s,2020-08-21,2020-08-24,train,1.0,0.026431531725400043,0.25,0.25,1,-0.0017276751955352943,0,vert
pl1s,2020-08-24,2020-08-25,train,1.0,0.02626446597195767,0.25,0.25,1,0.010275824772256303,1,pt
pl1s,2020-08-25,2020-08-26,train,1.0,0.02591426794344055,0.25,0.25,1,0.0062098501015530605,1,vert
pl1s,2020-08-26,2020-08-27,train,1.0,0.02525091689058208,0.25,0.25,1,-0.0124494573313918,0,sl
pl1s,2020-08-27,2020-08-28,train,1.0,0.02279044619596672,0.25,0.25,1,0.012821894192291738,1,pt
pl1s,2020-08-28,2020-08-31,train,-1.0,0.022909529714170693,0.25,0.25,1,0.0022340425512207274,1,vert
pl1s,2020-08-31,2020-09-01,train,1.0,0.022741394792138058,0.25,0.25,1,0.01577993389197152,1,pt
pl1s,2020-09-01,2020-09-02,train,1.0,0.022267130439539134,0.25,0.25,1,-0.05101291067348723,0,sl
pl1s,2020-09-02,2020-09-03,train,1.0,0.023555817363777397,0.25,0.25,1,-0.016038048885703704,0,sl
pl1s,2020-09-03,2020-09-04,train,1.0,0.02264047166556387,0.25,0.25,1,0.009667266190141355,1,pt
pl1s,2020-09-04,2020-09-08,train,1.0,0.021107800958955453,0.25,0.25,1,0.013471387218451758,1,pt
pl1s,2020-09-08,2020-09-09,train,1.0,0.01974008155391694,0.25,0.25,1,0.01603866856794256,1,pt
pl1s,2020-09-09,2020-09-10,train,1.0,0.019191832468085625,0.25,0.25,1,0.017407287270095217,1,pt
pl1s,2020-09-14,2020-09-15,train,-1.0,0.01843512393870999,0.25,0.25,1,-0.02451236048805283,0,sl
pl1s,2020-09-15,2020-09-16,train,-1.0,0.0191319719612408,0.25,0.25,1,0.008857666465743375,1,pt
pl1s,2020-09-16,2020-09-17,train,1.0,0.019167317451692832,0.25,0.25,1,-0.043759630193578314,0,sl
pl1s,2020-09-17,2020-09-18,train,1.0,0.0212199058428545,0.25,0.25,1,0.00816414222067885,1,pt
pl1s,2020-09-18,2020-09-21,train,1.0,0.020098381957430623,0.25,0.25,1,-0.06489800232193732,0,sl
pl1s,2020-09-21,2020-09-22,train,1.0,0.025172657817895697,0.25,0.25,1,-0.020911043293168063,0,sl
pl1s,2020-09-22,2020-09-23,train,1.0,0.025505397770902462,0.25,0.25,1,-0.017778803968438783,0,sl
pl1s,2020-09-25,2020-09-28,train,1.0,0.025385034640544688,0.25,0.25,1,0.0496938294779421,1,pt
pl1s,2020-09-28,2020-09-29,train,1.0,0.02783030359386422,0.25,0.25,1,0.007067534215226212,1,pt
pl1s,2020-09-30,2020-10-01,train,1.0,0.027828714939510665,0.25,0.25,1,-0.0035195776456355965,0,vert
pl1s,2020-10-01,2020-10-02,train,1.0,0.02527067906237398,0.25,0.25,1,-0.016114790291181902,0,sl
pl1s,2020-10-02,2020-10-05,train,1.0,0.025273262858946183,0.25,0.25,1,0.014920350012526784,1,pt
pl1s,2020-10-05,2020-10-06,train,1.0,0.025406783328852305,0.25,0.25,1,-0.038023654247407834,0,sl
pl1s,2020-10-06,2020-10-07,train,1.0,0.026604174743906146,0.25,0.25,1,-0.004021601747492776,0,vert
pl1s,2020-10-07,2020-10-08,train,1.0,0.02624314666515517,0.25,0.25,1,-0.0032302722641752712,0,vert
pl1s,2020-10-08,2020-10-09,train,1.0,0.025779958423076,0.25,0.25,1,0.0350694444400812,1,pt
pl1s,2020-10-09,2020-10-12,train,1.0,0.02722682993750168,0.25,0.25,1,-0.020127474005262158,0,sl
pl1s,2020-10-12,2020-10-13,train,1.0,0.026929516272225364,0.25,0.25,1,-0.003423485098466572,0,vert
pl1s,2020-10-13,2020-10-14,train,1.0,0.026051689040372507,0.25,0.25,1,-0.011336310548563433,0,sl
pl1s,2020-10-14,2020-10-15,train,1.0,0.026070942291158066,0.25,0.25,1,-0.002432244622162627,0,vert
pl1s,2020-10-15,2020-10-16,train,1.0,0.024463015563108214,0.25,0.25,1,0.009288285161328735,1,pt
pl1s,2020-10-16,2020-10-19,train,1.0,0.024494043132191497,0.25,0.25,1,-0.0066720349715648775,0,sl
pl1s,2020-10-19,2020-10-20,train,1.0,0.019561785335267666,0.25,0.25,1,0.01598147075820444,1,pt
pl1s,2020-10-20,2020-10-21,train,1.0,0.01932642541041974,0.25,0.25,1,0.018921691551684994,1,pt
pl1s,2020-10-21,2020-10-22,train,1.0,0.01921112891295971,0.25,0.25,1,-0.011075064327201622,0,sl
pl1s,2020-10-22,2020-10-23,train,1.0,0.019352891311349874,0.25,0.25,1,0.025678733036905488,1,pt
pl1s,2020-10-23,2020-10-26,train,1.0,0.020030756903958714,0.25,0.25,1,-0.032314988418346124,0,sl
pl1s,2020-10-26,2020-10-27,train,1.0,0.018570509512406304,0.25,0.25,1,0.01071347161268621,1,pt
pl1s,2020-10-27,2020-10-28,train,1.0,0.01866807279854414,0.25,0.25,1,-0.013306269728041387,0,sl
pl1s,2020-10-28,2020-10-29,train,1.0,0.018599394536349217,0.25,0.25,1,-0.029142857146405743,0,sl
pl1s,2020-10-29,2020-10-30,train,1.0,0.019603044130842136,0.25,0.25,1,-0.0012948793396968528,0,vert
pl1s,2020-10-30,2020-11-02,train,1.0,0.01936375333110953,0.25,0.25,1,0.013083451205773367,1,pt
pl1s,2020-11-02,2020-11-03,train,1.0,0.019282726023675596,0.25,0.25,1,0.018033740545910115,1,pt
pl1s,2020-11-03,2020-11-04,train,1.0,0.017787083721324082,0.25,0.25,1,-0.005600000006114381,0,sl
pl1s,2020-11-04,2020-11-05,train,1.0,0.017810778822713338,0.25,0.25,1,0.03424893690121489,1,pt
pl1s,2020-11-05,2020-11-06,train,1.0,0.01928822508495823,0.25,0.25,1,-0.0005556172892887679,0,vert
pl1s,2020-11-06,2020-11-09,train,1.0,0.017714339714853197,0.25,0.25,1,-0.03557927506774394,0,sl
pl1s,2020-11-09,2020-11-10,train,1.0,0.01899803997741407,0.25,0.25,1,0.02916762739167189,1,pt
pl1s,2020-11-10,2020-11-11,train,1.0,0.020070245200252385,0.25,0.25,1,-0.02755685000256547,0,sl
pl1s,2020-11-11,2020-11-12,train,1.0,0.020934745615431523,0.25,0.25,1,0.01831586222328352,1,pt
pl1s,2020-11-12,2020-11-13,train,1.0,0.021297568715586662,0.25,0.25,1,0.013574660631719082,1,pt
pl1s,2020-11-13,2020-11-16,train,1.0,0.021401601797293352,0.25,0.25,1,0.035156249996947775,1,pt
pl1s,2020-11-16,2020-11-17,train,1.0,0.02252688422063244,0.25,0.25,1,0.010350404320384365,1,pt
pl1s,2020-11-17,2020-11-18,train,1.0,0.022401352780316845,0.25,0.25,1,0.014726283213885694,1,pt
pl1s,2020-11-18,2020-11-19,train,1.0,0.02227021677731728,0.25,0.25,1,0.0006309811761939788,1,vert
pl1s,2020-11-19,2020-11-20,train,1.0,0.0220286793417405,0.25,0.25,1,0.005990541249584647,1,pt
pl1s,2020-11-20,2020-11-23,train,1.0,0.02144349273409567,0.25,0.25,1,-0.02664020058834382,0,sl
pl1s,2020-11-23,2020-11-24,train,1.0,0.020967756175850935,0.25,0.25,1,0.028549962436754228,1,pt
pl1s,2020-11-24,2020-11-25,train,1.0,0.02165738633886631,0.25,0.25,1,0.012000417405612307,1,pt
pl1s,2020-12-01,2020-12-02,train,-1.0,0.021077633677379557,0.25,0.25,1,-0.008168144229617536,0,sl
pl1s,2020-12-02,2020-12-03,train,-1.0,0.020943891935812052,0.25,0.25,1,-0.02618318348047377,0,sl
pl1s,2020-12-03,2020-12-04,train,-1.0,0.021105410588544808,0.25,0.25,1,-0.03292894281201986,0,sl
pl1s,2020-12-04,2020-12-07,train,-1.0,0.021028141127652725,0.25,0.25,1,0.02181208053357886,1,pt
pl1s,2020-12-07,2020-12-08,train,-1.0,0.02205521764634328,0.25,0.25,1,0.011816275972607149,1,pt
pl1s,2020-12-08,2020-12-09,train,-1.0,0.0200866487584635,0.25,0.25,1,0.017839922855874435,1,pt
pl1s,2020-12-09,2020-12-10,train,-1.0,0.02037682076734465,0.25,0.25,1,-0.009032891506997487,0,sl
pl1s,2020-12-10,2020-12-11,train,-1.0,0.018685674105233224,0.25,0.25,1,0.005740974985110614,1,pt
pl1s,2020-12-11,2020-12-14,train,-1.0,0.018796094065787312,0.25,0.25,1,0.006067723632852129,1,pt
pl1s,2020-12-14,2020-12-15,train,-1.0,0.01896278227020785,0.25,0.25,1,-0.02333595904092567,0,sl
pl1s,2020-12-15,2020-12-16,train,-1.0,0.01822045327048403,0.25,0.25,1,0.0037525257362363007,1,vert
pl1s,2020-12-16,2020-12-17,train,-1.0,0.018304322134731096,0.25,0.25,1,-0.01419741162372512,0,sl
pl1s,2020-12-17,2020-12-18,train,-1.0,0.018290250502016554,0.25,0.25,1,0.006666031798190475,1,pt
pl1s,2020-12-18,2020-12-21,train,-1.0,0.0184539521991105,0.25,0.25,1,0.02602478551755305,1,pt
pl1s,2020-12-21,2020-12-22,train,-1.0,0.019701798646206494,0.25,0.25,1,0.005774689238919772,1,pt
pl1s,2020-12-22,2020-12-23,train,-1.0,0.018539679171076635,0.25,0.25,1,-0.007974010627871175,0,sl
pl1s,2020-12-23,2020-12-24,train,-1.0,0.01768757215223129,0.25,0.25,1,-0.010840902437693867,0,sl
pl1s,2020-12-24,2020-12-28,train,-1.0,0.017659044875621532,0.25,0.25,1,-0.013623188400953001,0,sl
pl1s,2020-12-28,2020-12-29,train,-1.0,0.01770036626534859,0.25,0.25,1,-0.01286817272284524,0,sl
pl1s,2020-12-29,2020-12-30,train,-1.0,0.01779587247933985,0.25,0.25,1,-0.01496329757300674,0,sl
pl1s,2020-12-30,2020-12-31,train,-1.0,0.016114208860050997,0.25,0.25,1,-0.0006490496016264835,0,vert
pl1s,2020-12-31,2021-01-04,train,-1.0,0.016082951565785583,0.25,0.25,1,0.007134914753032073,1,pt
pl1s,2021-01-04,2021-01-05,train,1.0,0.015280875906239668,0.25,0.25,1,0.04489034065171049,1,pt
pl1s,2021-01-05,2021-01-06,train,1.0,0.016668849668935858,0.25,0.25,1,-0.008395855665997876,0,sl
pl1s,2021-01-07,2021-01-08,train,-1.0,0.015682162920609602,0.25,0.25,1,0.0473946291995494,1,pt
pl1s,2021-01-08,2021-01-11,train,1.0,0.01904295782928489,0.25,0.25,1,-0.024922990754707497,0,sl
pl1s,2021-01-11,2021-01-12,train,1.0,0.019922615719085913,0.25,0.25,1,0.022209458163526596,1,pt
pl1s,2021-01-12,2021-01-13,train,-1.0,0.020420143266654443,0.25,0.25,1,-0.04017606293084053,0,sl
pl1s,2021-01-13,2021-01-14,train,-1.0,0.021955918545720352,0.25,0.25,1,-0.014135230038659907,0,sl
pl1s,2021-01-14,2021-01-15,train,-1.0,0.021637864152483567,0.25,0.25,1,0.03240411932168363,1,pt
pl1s,2021-01-15,2021-01-19,train,-1.0,0.023104473428449734,0.25,0.25,1,-0.0019267822704633897,0,vert
pl1s,2021-01-19,2021-01-20,train,-1.0,0.02293658301180371,0.25,0.25,1,-0.02234432234601802,0,sl
pl1s,2021-01-20,2021-01-21,train,-1.0,0.023284766098021503,0.25,0.25,1,-0.010390541028425293,0,sl
pl1s,2021-01-21,2021-01-22,train,-1.0,0.022262768960893357,0.25,0.25,1,0.01453900709154432,1,pt
pl1s,2021-01-22,2021-01-25,train,-1.0,0.02257346147352682,0.25,0.25,1,0.006207268803749666,1,pt
pl1s,2021-01-25,2021-01-26,train,-1.0,0.022682023837005773,0.25,0.25,1,-0.002444102469992604,0,vert
pl1s,2021-01-26,2021-01-27,train,-1.0,0.02262344350729659,0.25,0.25,1,0.02564565649067352,1,pt
pl1s,2021-01-28,2021-01-29,train,1.0,0.023300089151679283,0.25,0.25,1,0.006340917566602267,1,pt
pl1s,2021-01-29,2021-02-01,train,1.0,0.023099943379951093,0.25,0.25,1,0.05522609340068696,1,pt
pl1s,2021-02-01,2021-02-02,train,-1.0,0.02603971212033182,0.25,0.25,1,0.03758342113973323,1,pt
pl1s,2021-02-02,2021-02-03,train,1.0,0.02754748261656719,0.25,0.25,1,0.01687956203998575,1,pt
pl1s,2021-02-04,2021-02-05,train,1.0,0.025986099521836597,0.25,0.25,1,0.027198549416770357,1,pt
pl1s,2021-02-05,2021-02-08,train,1.0,0.02654060161746528,0.25,0.25,1,0.037246248889309275,1,pt
pl1s,2021-02-08,2021-02-09,train,1.0,0.0250660090342571,0.25,0.25,1,0.01633764465775056,1,pt
pl1s,2021-02-09,2021-02-10,train,-1.0,0.02416380555682065,0.25,0.25,1,-0.04395512391039191,0,sl
pl1s,2021-02-10,2021-02-11,train,-1.0,0.0252956717135996,0.25,0.25,1,-8.019889633525956e-05,0,vert
pl1s,2021-02-11,2021-02-12,train,-1.0,0.024212066350781953,0.25,0.25,1,-0.009623095427786277,0,sl
pl1s,2021-02-12,2021-02-16,train,-1.0,0.024152567501325765,0.25,0.25,1,-0.01636219221840185,0,sl
pl1s,2021-02-16,2021-02-17,train,-1.0,0.022470781988736154,0.25,0.25,1,0.017114723351280836,1,pt
pl1s,2021-02-17,2021-02-18,train,-1.0,0.023144361782094114,0.25,0.25,1,-0.01351673690171884,0,sl
pl1s,2021-02-18,2021-02-19,train,-1.0,0.022928089554516046,0.25,0.25,1,-0.01443476896720175,0,sl
pl1s,2021-02-19,2021-02-22,train,-1.0,0.02297942214696423,0.25,0.25,1,0.008352022275824655,1,pt
pl1s,2021-02-22,2021-02-23,train,-1.0,0.022712643878762116,0.25,0.25,1,0.03322155501567281,1,pt
pl1s,2021-02-23,2021-02-24,train,-1.0,0.024343874451252707,0.25,0.25,1,-0.014680971198512527,0,sl
pl1s,2021-02-24,2021-02-25,train,-1.0,0.02440778523536825,0.25,0.25,1,0.020987359881170065,1,pt
pl1s,2021-02-25,2021-02-26,train,-1.0,0.024096371136634712,0.25,0.25,1,0.037515225333408786,1,pt
pl1s,2021-02-26,2021-03-01,train,-1.0,0.025985160805915505,0.25,0.25,1,-0.005062009617140761,0,vert
pl1s,2021-03-01,2021-03-02,train,-1.0,0.025983326802908345,0.25,0.25,1,-0.019390581712222188,0,sl
pl1s,2021-03-02,2021-03-03,train,-1.0,0.023606995042526065,0.25,0.25,1,0.026844532280491995,1,pt
pl1s,2021-03-03,2021-03-04,train,1.0,0.02269245467274878,0.25,0.25,1,-0.0393467591803649,0,sl
pl1s,2021-03-04,2021-03-05,train,1.0,0.024475688911512444,0.25,0.25,1,-0.006165771157936373,0,sl
pl1s,2021-03-05,2021-03-08,train,1.0,0.024391736672572453,0.25,0.25,1,0.0212709385773715,1,pt
pl1s,2021-03-08,2021-03-09,train,1.0,0.02410340910272922,0.25,0.25,1,0.020046862799952825,1,pt
pl1s,2021-03-09,2021-03-10,train,1.0,0.023066749169482845,0.25,0.25,1,0.02246043899472938,1,pt
pl1s,2021-03-10,2021-03-11,train,1.0,0.023326362502025997,0.25,0.25,1,0.0004160426012520535,1,vert
pl1s,2021-03-11,2021-03-12,train,1.0,0.02105580271953075,0.25,0.25,1,-0.0016634783271579634,0,vert
pl1s,2021-03-12,2021-03-15,train,1.0,0.021051123979013767,0.25,0.25,1,0.007664750475699034,1,pt
pl1s,2021-03-15,2021-03-16,train,1.0,0.020999784411484104,0.25,0.25,1,0.007937164118118512,1,pt
pl1s,2021-03-16,2021-03-17,train,1.0,0.020699697718499967,0.25,0.25,1,-0.016241489626559913,0,sl
pl1s,2021-03-17,2021-03-18,train,1.0,0.02066711375354044,0.25,0.25,1,0.01517551905728709,1,pt
pl1s,2021-03-18,2021-03-19,train,1.0,0.020736048593615237,0.25,0.25,1,-0.014291581113863638,0,sl
pl1s,2021-03-19,2021-03-22,train,1.0,0.020517460494789377,0.25,0.25,1,-0.013287932891646093,0,sl
pl1s,2021-03-22,2021-03-23,train,1.0,0.020607190915067304,0.25,0.25,1,-0.007827623938088557,0,sl
pl1s,2021-03-23,2021-03-24,train,1.0,0.019414561002627992,0.25,0.25,1,0.005089921958457477,1,pt
pl1s,2021-03-24,2021-03-25,train,1.0,0.01908352240672016,0.25,0.25,1,-0.022197839297608102,0,sl
pl1s,2021-03-25,2021-03-26,train,1.0,0.01914701388796641,0.25,0.25,1,0.02002589555115808,1,pt
pl1s,2021-03-26,2021-03-29,train,1.0,0.017921165603961568,0.25,0.25,1,0.0020309723313520767,1,vert
pl1s,2021-03-29,2021-03-30,train,1.0,0.017886244555202,0.25,0.25,1,-0.019846296765868354,0,sl
pl1s,2021-03-30,2021-03-31,train,1.0,0.017766847341097503,0.25,0.25,1,0.026624159912293388,1,pt
pl1s,2021-03-31,2021-04-01,train,1.0,0.017865930927723143,0.25,0.25,1,0.014351657574958265,1,pt
pl1s,2021-04-01,2021-04-05,train,1.0,0.015358943105642607,0.25,0.25,1,0.0009928843262529963,1,vert
pl1s,2021-04-05,2021-04-06,train,1.0,0.015217174353953568,0.25,0.25,1,0.025376095224007633,1,pt
pl1s,2021-04-07,2021-04-08,train,1.0,0.01515618615595539,0.25,0.25,1,0.002841139702244977,1,vert
pl1s,2021-04-08,2021-04-09,train,1.0,0.014409274212571481,0.25,0.25,1,-0.021126760560976177,0,sl
pl1s,2021-04-09,2021-04-12,train,1.0,0.015269143163022065,0.25,0.25,1,-0.028528901012999208,0,sl
pl1s,2021-04-12,2021-04-13,train,1.0,0.016597890738668054,0.25,0.25,1,-0.01506639427888723,0,sl
pl1s,2021-04-13,2021-04-14,train,1.0,0.016739262088103925,0.25,0.25,1,0.017543859644966187,1,pt
pl1s,2021-04-14,2021-04-15,train,1.0,0.017174792059636634,0.25,0.25,1,0.01936470188611894,1,pt
pl1s,2021-04-15,2021-04-16,train,1.0,0.017436482310073134,0.25,0.25,1,0.007082152974106082,1,pt
pl1s,2021-04-16,2021-04-19,train,1.0,0.01715912435083661,0.25,0.25,1,-0.0018201373384575392,0,vert
pl1s,2021-04-20,2021-04-21,train,1.0,0.016680841113040436,0.25,0.25,1,0.015380757342923657,1,pt
pl1s,2021-04-21,2021-04-22,train,1.0,0.016882486374828462,0.25,0.25,1,-0.005104140946381008,0,sl
pl1s,2021-04-22,2021-04-23,train,1.0,0.016922649265848577,0.25,0.25,1,0.020355812996589062,1,pt
pl1s,2021-04-23,2021-04-26,train,1.0,0.01649275440019051,0.25,0.25,1,0.009812667261503316,1,pt
pl1s,2021-04-26,2021-04-27,train,1.0,0.016105157728604273,0.25,0.25,1,0.003453260520793533,1,vert
pl1s,2021-04-27,2021-04-28,train,1.0,0.01610555426724987,0.25,0.25,1,-0.029851940780106667,0,sl
pl1s,2021-04-28,2021-04-29,train,1.0,0.017006095126665895,0.25,0.25,1,-0.012044217121845668,0,sl
pl1s,2021-04-29,2021-04-30,train,1.0,0.01629441706922008,0.25,0.25,1,0.006346025381343434,1,pt
pl1s,2021-04-30,2021-05-03,train,1.0,0.016030439869743684,0.25,0.25,1,0.0206604712912426,1,pt
pl1s,2021-05-03,2021-05-04,train,1.0,0.01668010451253139,0.25,0.25,1,0.0013820014580743223,1,vert
pl1s,2021-05-04,2021-05-05,train,1.0,0.01568034423343827,0.25,0.25,1,-0.002435460295326264,0,vert
pl1s,2021-05-05,2021-05-06,train,1.0,0.015612576598788315,0.25,0.25,1,0.023437499995709654,1,pt
pl1s,2021-05-06,2021-05-07,train,1.0,0.016454752732031168,0.25,0.25,1,-0.0024650127172856084,0,vert
pl1s,2021-05-07,2021-05-10,train,1.0,0.015632434231549197,0.25,0.25,1,0.0087684336344247,1,pt
pl1s,2021-05-10,2021-05-11,train,1.0,0.01390257422893243,0.25,0.25,1,-0.019201896485097958,0,sl
pl1s,2021-05-11,2021-05-12,train,1.0,0.014231565769860417,0.25,0.25,1,-0.012326780530910408,0,sl
pl1s,2021-05-12,2021-05-13,train,1.0,0.014261179388392704,0.25,0.25,1,-0.015825108086286344,0,sl
pl1s,2021-05-13,2021-05-14,train,1.0,0.014199601814667109,0.25,0.25,1,0.013510153335455799,1,pt
pl1s,2021-05-14,2021-05-17,train,1.0,0.01442927315870261,0.25,0.25,1,0.017746156366959642,1,pt
pl1s,2021-05-17,2021-05-18,train,1.0,0.014904302202037796,0.25,0.25,1,-0.015427882683798466,0,sl
pl1s,2021-05-18,2021-05-19,train,1.0,0.015234455883189932,0.25,0.25,1,-0.019342201912546986,0,sl
pl1s,2021-05-19,2021-05-20,train,1.0,0.01552756312155033,0.25,0.25,1,0.0028295605839723237,1,vert
pl1s,2021-05-20,2021-05-21,train,1.0,0.015505949872729316,0.25,0.25,1,-0.029543568465398407,0,sl
pl1s,2021-05-21,2021-05-24,train,1.0,0.01609389910436494,0.25,0.25,1,0.0070121429841292215,1,pt
pl1s,2021-05-24,2021-05-25,train,1.0,0.01599279093065881,0.25,0.25,1,0.016389266305606887,1,pt
pl1s,2021-05-25,2021-05-26,train,1.0,0.016504064300230582,0.25,0.25,1,0.0027571225634610563,1,vert
pl1s,2021-05-26,2021-05-27,train,1.0,0.015134360941696245,0.25,0.25,1,-0.01758040326327337,0,sl
pl1s,2021-05-27,2021-05-28,train,1.0,0.015411073509049116,0.25,0.25,1,0.0027987448021435934,1,vert
pl1s,2021-05-28,2021-06-01,train,1.0,0.01534548611701062,0.25,0.25,1,0.014631258460333418,1,pt
pl1s,2021-06-01,2021-06-02,train,1.0,0.014962949262471971,0.25,0.25,1,-0.005834792038752479,0,sl
pl1s,2021-06-02,2021-06-03,train,1.0,0.014983374963651713,0.25,0.25,1,-0.025320700926136586,0,sl
pl1s,2021-06-03,2021-06-04,train,1.0,0.01592010710936565,0.25,0.25,1,0.001634408599177961,1,vert
pl1s,2021-06-04,2021-06-07,train,1.0,0.014759254611193737,0.25,0.25,1,0.008931638617865723,1,pt
pl1s,2021-06-07,2021-06-08,train,1.0,0.015031320607322892,0.25,0.25,1,-0.010469867214098705,0,sl
pl1s,2021-06-08,2021-06-09,train,1.0,0.014836837801150953,0.25,0.25,1,-0.009204301075713572,0,sl
pl1s,2021-06-09,2021-06-10,train,1.0,0.014460552817358308,0.25,0.25,1,-0.00503559645916174,0,sl
pl1s,2021-06-11,2021-06-14,train,1.0,0.014102760760127878,0.25,0.25,1,0.012336026409265122,1,pt
pl1s,2021-06-14,2021-06-15,train,1.0,0.014036768129266335,0.25,0.25,1,-0.014331073538666472,0,sl
pl1s,2021-06-15,2021-06-16,train,1.0,0.013449695252531849,0.25,0.25,1,-0.005833188233009379,0,sl
pl1s,2021-06-16,2021-06-17,train,1.0,0.013183997026139095,0.25,0.25,1,-0.07592608809820389,0,sl
pl1s,2021-06-17,2021-06-18,train,1.0,0.021226459729925668,0.25,0.25,1,-0.013457164518279163,0,sl
pl1s,2021-06-18,2021-06-21,train,1.0,0.0211636783293743,0.25,0.25,1,0.008515116717961124,1,pt
pl1s,2021-06-21,2021-06-22,train,1.0,0.020738319182751395,0.25,0.25,1,0.017835120011260308,1,pt
pl1s,2021-06-22,2021-06-23,train,1.0,0.02120665335773115,0.25,0.25,1,0.015472085002507185,1,pt
pl1s,2021-06-23,2021-06-24,train,1.0,0.021160256650122965,0.25,0.25,1,0.0060578246932117,1,pt
pl1s,2021-06-29,2021-06-30,train,1.0,0.021282411910887967,0.25,0.25,1,0.0021483280412608607,1,vert
pl1s,2021-06-30,2021-07-01,train,1.0,0.021358248699392787,0.25,0.25,1,0.0074564265124630325,1,pt
pl1s,2021-07-01,2021-07-02,train,1.0,0.020993090620179698,0.25,0.25,1,0.00629105374774408,1,pt
pl1s,2021-07-02,2021-07-06,val,1.0,0.021082168578893175,0.25,0.25,1,-0.0034016732581964026,0,vert
pl1s,2021-07-06,2021-07-07,val,1.0,0.020876726981597878,0.25,0.25,1,-0.001937269370543282,0,vert
pl1s,2021-07-07,2021-07-08,val,1.0,0.020828543831591703,0.25,0.25,1,-0.006839818832884981,0,sl
pl1s,2021-07-08,2021-07-09,val,1.0,0.02080250355596536,0.25,0.25,1,0.019730107017629894,1,pt
pl1s,2021-07-09,2021-07-12,val,1.0,0.02143394270753004,0.25,0.25,1,0.024915579083247374,1,pt
pl1s,2021-07-12,2021-07-13,val,1.0,0.022234541953542915,0.25,0.25,1,-0.01050756900620542,0,sl
pl1s,2021-07-13,2021-07-14,val,1.0,0.02207968595228873,0.25,0.25,1,0.01520878329626174,1,pt
pl1s,2021-07-14,2021-07-15,val,1.0,0.022231888407477352,0.25,0.25,1,0.008509883875450708,1,pt
pl1s,2021-07-15,2021-07-16,val,1.0,0.022301482424681735,0.25,0.25,1,-0.025665816995443458,0,sl
pl1s,2021-07-16,2021-07-19,val,1.0,0.014125779677342997,0.25,0.25,1,-0.033468651334614186,0,sl
pl1s,2021-07-19,2021-07-20,val,1.0,0.015957532691553186,0.25,0.25,1,-0.005786820978744278,0,sl
pl1s,2021-07-20,2021-07-21,val,1.0,0.015935995218233717,0.25,0.25,1,0.009481787450481782,1,pt
pl1s,2021-07-21,2021-07-22,val,1.0,0.015571481101067512,0.25,0.25,1,0.014228587374873758,1,pt
pl1s,2021-07-22,2021-07-23,val,1.0,0.015510648154171617,0.25,0.25,1,-0.026774252701016854,0,sl
pl1s,2021-07-23,2021-07-26,val,1.0,0.016574221007121547,0.25,0.25,1,0.008102506118260688,1,pt
pl1s,2021-07-26,2021-07-27,val,1.0,0.016553515772684633,0.25,0.25,1,-0.019158878499869303,0,sl
pl1s,2021-07-27,2021-07-28,val,1.0,0.017005435179030717,0.25,0.25,1,0.008194378269584135,1,pt
pl1s,2021-07-28,2021-07-29,val,1.0,0.016145768803255484,0.25,0.25,1,0.008978357436503881,1,pt
pl1s,2021-07-29,2021-07-30,val,1.0,0.016277186415963405,0.25,0.25,1,-0.017984263769001307,0,sl
pl1s,2021-07-30,2021-08-02,val,1.0,0.016642963178612732,0.25,0.25,1,0.007535291871667571,1,pt
pl1s,2021-08-02,2021-08-03,val,1.0,0.016675696514126547,0.25,0.25,1,-0.008898987026981442,0,sl
pl1s,2021-08-03,2021-08-04,val,1.0,0.016755292981710156,0.25,0.25,1,-0.024453147387208274,0,sl
pl1s,2021-08-04,2021-08-05,val,1.0,0.01752849563138886,0.25,0.25,1,-0.015274649959622688,0,sl
pl1s,2021-08-09,2021-08-10,val,1.0,0.016696555647568133,0.25,0.25,1,0.016582552278147977,1,pt
pl1s,2021-08-10,2021-08-11,val,1.0,0.01749021461142709,0.25,0.25,1,0.0289766970580827,1,pt
pl1s,2021-08-11,2021-08-12,val,1.0,0.018568426770489546,0.25,0.25,1,0.002067743203687522,1,vert
pl1s,2021-08-16,2021-08-17,val,1.0,0.01650141963665923,0.25,0.25,1,-0.026735873079404504,0,sl
pl1s,2021-08-17,2021-08-18,val,1.0,0.017395213496261868,0.25,0.25,1,0.002616220568161687,1,vert
pl1s,2021-08-18,2021-08-19,val,1.0,0.017194500699851997,0.25,0.25,1,-0.025291047775728215,0,sl
pl1s,2021-08-19,2021-08-20,val,1.0,0.017308492207831386,0.25,0.25,1,0.023682042832797512,1,pt
pl1s,2021-08-20,2021-08-23,val,1.0,0.017713705514277436,0.25,0.25,1,0.02001609334760901,1,pt
pl1s,2021-08-23,2021-08-24,val,1.0,0.018294835673422737,0.25,0.25,1,-0.003944384185586625,0,vert
pl1s,2021-08-24,2021-08-25,val,-1.0,0.017875981891067916,0.25,0.25,1,0.01643401643322695,1,pt
pl1s,2021-08-25,2021-08-26,val,1.0,0.017997410412226706,0.25,0.25,1,-0.018117765476760472,0,sl
pl1s,2021-08-26,2021-08-27,val,1.0,0.0180643518776201,0.25,0.25,1,0.03177857509419768,1,pt
pl1s,2021-08-27,2021-08-30,val,1.0,0.01943035102892914,0.25,0.25,1,-0.004371584698085629,0,vert
pl1s,2021-08-30,2021-08-31,val,1.0,0.019304372571661132,0.25,0.25,1,0.011974852806297731,1,pt
pl1s,2021-08-31,2021-09-01,val,1.0,0.019507595871848433,0.25,0.25,1,-0.01429839266492261,0,sl
pl1s,2021-09-01,2021-09-02,val,1.0,0.0189909588607097,0.25,0.25,1,-0.0054021608689289735,0,sl
pl1s,2021-09-02,2021-09-03,val,1.0,0.018724224087002937,0.25,0.25,1,0.027559847121780168,1,pt
pl1s,2021-09-03,2021-09-07,val,1.0,0.017971555682634904,0.25,0.25,1,-0.0251566170777352,0,sl
pl1s,2021-09-07,2021-09-08,val,1.0,0.01902136133998973,0.25,0.25,1,-0.01988151420746398,0,sl
pl1s,2021-09-08,2021-09-09,val,1.0,0.01923999752733884,0.25,0.25,1,-0.0016391763084679933,0,vert
pl1s,2021-09-09,2021-09-10,val,1.0,0.017977990034355688,0.25,0.25,1,-0.01847101077588209,0,sl
pl1s,2021-09-10,2021-09-13,val,1.0,0.01832065490033178,0.25,0.25,1,0.001045478301471059,1,vert
pl1s,2021-09-13,2021-09-14,val,1.0,0.018160102881658584,0.25,0.25,1,-0.019634464744919256,0,sl
pl1s,2021-09-14,2021-09-15,val,1.0,0.018526007504073592,0.25,0.25,1,-0.008735485254595332,0,sl
pl1s,2021-09-15,2021-09-16,val,1.0,0.017771992777913394,0.25,0.25,1,-0.0077377753810069505,0,sl
pl1s,2021-09-16,2021-09-17,val,1.0,0.01774206519029482,0.25,0.25,1,0.007906422613354946,1,pt
pl1s,2021-09-17,2021-09-20,val,1.0,0.017146064916097,0.25,0.25,1,-0.03374167203984746,0,sl
pl1s,2021-09-20,2021-09-21,val,1.0,0.017476153844587995,0.25,0.25,1,0.057149210588342436,1,pt
pl1s,2021-09-21,2021-09-22,val,1.0,0.021513769212420725,0.25,0.25,1,0.05153554900169799,1,pt
pl1s,2021-09-22,2021-09-23,val,1.0,0.024609862990232864,0.25,0.25,1,-0.004400880170149835,0,vert
pl1s,2021-09-23,2021-09-24,val,1.0,0.024341292891189085,0.25,0.25,1,-0.019188266023561495,0,sl
pl1s,2021-09-27,2021-09-28,val,1.0,0.0232603877520929,0.25,0.25,1,-0.016260994069568158,0,sl
pl1s,2021-09-28,2021-09-29,val,1.0,0.023493806473872527,0.25,0.25,1,-0.015490175693627761,0,sl
pl1s,2021-09-29,2021-09-30,val,1.0,0.023438741153856683,0.25,0.25,1,0.016261879620345754,1,pt
pl1s,2021-09-30,2021-10-01,val,1.0,0.02367989268860036,0.25,0.25,1,0.011637572735177182,1,pt
pl1s,2021-10-01,2021-10-04,val,1.0,0.023851419904182023,0.25,0.25,1,-0.012325390312158513,0,sl
pl1s,2021-10-04,2021-10-05,val,1.0,0.02301196513249975,0.25,0.25,1,-0.0018718801981648658,0,vert
pl1s,2021-10-05,2021-10-06,val,1.0,0.022397552742415835,0.25,0.25,1,0.018128776832315063,1,pt
pl1s,2021-10-08,2021-10-11,val,-1.0,0.023835439454757953,0.25,0.25,1,0.02071581404107481,1,pt
pl1s,2021-10-11,2021-10-12,val,-1.0,0.024458103766466663,0.25,0.25,1,-0.0047671069651353815,0,vert
pl1s,2021-10-12,2021-10-13,val,-1.0,0.0238876973956832,0.25,0.25,1,-0.012355441334519046,0,sl
pl1s,2021-10-13,2021-10-14,val,-1.0,0.02377112689621861,0.25,0.25,1,-0.027436047650091444,0,sl
pl1s,2021-10-14,2021-10-15,val,-1.0,0.024077069455242715,0.25,0.25,1,-0.0062719756739682,0,sl
pl1s,2021-10-15,2021-10-18,val,-1.0,0.02407502381518587,0.25,0.25,1,0.019831901029950916,1,pt
pl1s,2021-10-18,2021-10-19,val,-1.0,0.022988713806231076,0.25,0.25,1,-0.008864052410877399,0,sl
pl1s,2021-10-19,2021-10-20,val,-1.0,0.01998770442304339,0.25,0.25,1,-0.004966096840494316,0,vert
pl1s,2021-10-21,2021-10-22,val,1.0,0.016860058427748268,0.25,0.25,1,0.0022863675351061374,1,vert
pl1s,2021-10-22,2021-10-25,val,1.0,0.016046496056041828,0.25,0.25,1,0.011120615912145748,1,pt
pl1s,2021-10-25,2021-10-26,val,-1.0,0.016118819968589077,0.25,0.25,1,0.029046813313896802,1,pt
pl1s,2021-10-26,2021-10-27,val,1.0,0.017226577836434567,0.25,0.25,1,-0.013166811880561458,0,sl
pl1s,2021-10-27,2021-10-28,val,1.0,0.01709607541374206,0.25,0.25,1,0.0045129010091440325,1,pt
pl1s,2021-10-28,2021-10-29,val,1.0,0.01684620014738778,0.25,0.25,1,-0.003125305204203732,0,vert
pl1s,2021-10-29,2021-11-01,val,1.0,0.01677760901965406,0.25,0.25,1,0.04565494268622916,1,pt
pl1s,2021-11-02,2021-11-03,val,1.0,0.02011245063122349,0.25,0.25,1,-0.016164726258540707,0,sl
pl1s,2021-11-03,2021-11-04,val,1.0,0.020316517955872845,0.25,0.25,1,0.006650366743929714,1,pt
pl1s,2021-11-04,2021-11-05,val,1.0,0.020294526185037156,0.25,0.25,1,0.006314971339228759,1,pt
pl1s,2021-11-05,2021-11-08,val,1.0,0.017978750234694276,0.25,0.25,1,0.023363583702776136,1,pt
pl1s,2021-11-08,2021-11-09,val,1.0,0.017928644636673118,0.25,0.25,1,0.0013207547170284162,1,vert
pl1s,2021-11-09,2021-11-10,val,1.0,0.017923054863879923,0.25,0.25,1,0.01469756925296184,1,pt
pl1s,2021-11-10,2021-11-11,val,1.0,0.01799740731209182,0.25,0.25,1,0.016248839364202627,1,pt
pl1s,2021-11-15,2021-11-16,val,-1.0,0.016682452911582303,0.25,0.25,1,0.020421186982183315,1,pt
pl1s,2021-11-16,2021-11-17,val,1.0,0.017403996311078685,0.25,0.25,1,-0.005025593295158948,0,sl
pl1s,2021-11-17,2021-11-18,val,1.0,0.017436720196689695,0.25,0.25,1,-0.011879150689977802,0,sl
pl1s,2021-11-18,2021-11-19,val,1.0,0.017657492309104014,0.25,0.25,1,-0.019310867093569217,0,sl
pl1s,2021-11-23,2021-11-24,val,1.0,0.020691645540888617,0.25,0.25,1,0.011512134409955799,1,pt
pl1s,2021-11-24,2021-11-26,val,1.0,0.020811920291915885,0.25,0.25,1,-0.02153183635876177,0,sl
pl1s,2021-11-26,2021-11-29,val,1.0,0.021191718186798953,0.25,0.25,1,0.01068846274634283,1,pt
pl1s,2021-11-29,2021-11-30,val,1.0,0.021427152514516455,0.25,0.25,1,-0.038569206841148174,0,sl
pl1s,2021-11-30,2021-12-01,val,1.0,0.019800543315610025,0.25,0.25,1,0.008519357273274908,1,pt
pl1s,2021-12-01,2021-12-02,val,1.0,0.019528646314008705,0.25,0.25,1,-0.0022455089764510383,0,vert
pl1s,2021-12-02,2021-12-03,val,1.0,0.019363375558568676,0.25,0.25,1,-0.007394705828437931,0,sl
pl1s,2021-12-03,2021-12-06,val,1.0,0.019189629287743572,0.25,0.25,1,0.011012740227672735,1,pt
pl1s,2021-12-06,2021-12-07,val,1.0,0.019364912705855563,0.25,0.25,1,0.01452370781935075,1,pt
pl1s,2021-12-07,2021-12-08,val,1.0,0.018790047953656026,0.25,0.25,1,0.006210526323182197,1,pt
pl1s,2021-12-08,2021-12-09,val,1.0,0.018913972127511516,0.25,0.25,1,-0.019039648499354356,0,sl
pl1s,2021-12-09,2021-12-10,val,1.0,0.018556467162628515,0.25,0.25,1,-0.00373253706451826,0,vert
pl1s,2021-12-10,2021-12-13,val,1.0,0.017773335577837935,0.25,0.25,1,-0.010276172121391536,0,sl
pl1s,2021-12-13,2021-12-14,val,1.0,0.017765823075349064,0.25,0.25,1,-0.014817218261093945,0,sl
pl1s,2021-12-14,2021-12-15,val,1.0,0.01745061198741752,0.25,0.25,1,-0.018333516300721553,0,sl
pl1s,2021-12-15,2021-12-16,val,1.0,0.01738415216787627,0.25,0.25,1,0.038805636328512305,1,pt
pl1s,2021-12-16,2021-12-17,val,1.0,0.020345639089228852,0.25,0.25,1,0.006028636021272016,1,pt
pl1s,2021-12-17,2021-12-20,val,1.0,0.02051266761434358,0.25,0.25,1,-0.011040840394509921,0,sl
pl1s,2021-12-20,2021-12-21,val,1.0,0.020309547729716403,0.25,0.25,1,0.0019510080233640092,1,vert
pl1s,2021-12-21,2021-12-22,val,1.0,0.020073062723570234,0.25,0.25,1,0.042514063170656646,1,pt
pl1s,2021-12-22,2021-12-23,val,1.0,0.01941882765359982,0.25,0.25,1,0.008820172254592418,1,pt
pl1s,2021-12-23,2021-12-27,val,1.0,0.01934558990770247,0.25,0.25,1,-0.0012343139324162422,0,vert
pl1s,2021-12-27,2021-12-28,val,1.0,0.018666670366106326,0.25,0.25,1,0.009062821839029844,1,pt
pl1s,2021-12-28,2021-12-29,val,1.0,0.018626167922858244,0.25,0.25,1,-0.010002041237606396,0,sl
pl1s,2021-12-29,2021-12-30,val,1.0,0.016305909235534672,0.25,0.25,1,-0.005567010305694509,0,sl
pl1s,2021-12-30,2021-12-31,val,1.0,0.016330163889710102,0.25,0.25,1,0.0016587186359358075,1,vert
pl1s,2021-12-31,2022-01-03,test,1.0,0.016304638909427138,0.25,0.25,1,-0.012626785338145208,0,sl
pl1s,2022-01-03,2022-01-04,test,1.0,0.016504065183522463,0.25,0.25,1,0.018029350103771824,1,pt
pl1s,2022-01-04,2022-01-05,test,1.0,0.016781259451096493,0.25,0.25,1,0.03161037890809282,1,pt
pl1s,2022-01-05,2022-01-06,test,-1.0,0.01781993880474159,0.25,0.25,1,0.041121868445322285,1,pt
pl1s,2022-01-06,2022-01-07,test,1.0,0.02039976670189028,0.25,0.25,1,-0.004371812222307314,0,vert
pl1s,2022-01-07,2022-01-10,test,1.0,0.01991499240712985,0.25,0.25,1,-0.023941453214287645,0,sl
pl1s,2022-01-10,2022-01-11,test,1.0,0.02068811673268128,0.25,0.25,1,0.04241645244109682,1,pt
pl1s,2022-01-11,2022-01-12,test,1.0,0.02249079736494771,0.25,0.25,1,0.00709001233612816,1,pt
pl1s,2022-01-12,2022-01-13,test,1.0,0.02212087493353938,0.25,0.25,1,-0.008060402004323008,0,sl
pl1s,2022-01-13,2022-01-14,test,1.0,0.021687991379656556,0.25,0.25,1,-0.007817321539350774,0,sl
pl1s,2022-01-14,2022-01-18,test,1.0,0.020307669206455298,0.25,0.25,1,0.015446817330712959,1,pt
pl1s,2022-01-18,2022-01-19,test,1.0,0.020511089653781102,0.25,0.25,1,0.04992343032598856,1,pt
pl1s,2022-01-19,2022-01-20,test,1.0,0.022679688027765026,0.25,0.25,1,0.02178140801240258,1,pt
pl1s,2022-01-20,2022-01-21,test,-1.0,0.022943319981073882,0.25,0.25,1,0.014940997335917805,1,pt
pl1s,2022-01-21,2022-01-24,test,1.0,0.021837325088614946,0.25,0.25,1,-0.014298135445283355,0,sl
pl1s,2022-01-24,2022-01-25,test,1.0,0.02215924840678028,0.25,0.25,1,0.005096540234179603,1,vert
pl1s,2022-01-25,2022-01-26,test,1.0,0.022149517783270914,0.25,0.25,1,0.01989273525306401,1,pt
pl1s,2022-01-26,2022-01-27,test,1.0,0.022435895884008412,0.25,0.25,1,-0.023042355870026898,0,sl
pl1s,2022-01-27,2022-01-28,test,1.0,0.02303794421539321,0.25,0.25,1,-0.01487570953329953,0,sl
pl1s,2022-01-28,2022-01-31,test,1.0,0.023308182412530885,0.25,0.25,1,0.014106894498490119,1,pt
pl1s,2022-01-31,2022-02-01,test,1.0,0.023458109230430343,0.25,0.25,1,0.0023510971783100576,1,vert
pl1s,2022-02-01,2022-02-02,test,1.0,0.023175897100108738,0.25,0.25,1,0.0200351837371342,1,pt
pl1s,2022-02-02,2022-02-03,test,-1.0,0.023244199649977187,0.25,0.25,1,0.012838938391070642,1,pt
pl1s,2022-02-04,2022-02-07,test,1.0,0.020248910598406757,0.25,0.25,1,-0.004100761571940503,0,vert
pl1s,2022-02-07,2022-02-08,test,1.0,0.020243637226177842,0.25,0.25,1,0.015980392154810286,1,pt
pl1s,2022-02-08,2022-02-09,test,1.0,0.019347793766974607,0.25,0.25,1,0.001061468693736023,1,vert
pl1s,2022-02-09,2022-02-10,test,1.0,0.01736355771720597,0.25,0.25,1,0.004916136487926437,1,pt
pl1s,2022-02-11,2022-02-14,test,1.0,0.01815904663152652,0.25,0.25,1,0.009129282413389728,1,pt
pl1s,2022-02-14,2022-02-15,test,1.0,0.018053718904872743,0.25,0.25,1,-0.007392996109497507,0,sl
pl1s,2022-02-15,2022-02-16,test,1.0,0.017964628874100805,0.25,0.25,1,0.04243433947624986,1,pt
pl1s,2022-02-16,2022-02-17,test,1.0,0.01703295110521318,0.25,0.25,1,0.02726332612726079,1,pt
pl1s,2022-02-17,2022-02-18,test,-1.0,0.017399391386361162,0.25,0.25,1,0.014551111930726668,1,pt
pl1s,2022-02-22,2022-02-23,test,-1.0,0.016993781709903604,0.25,0.25,1,-0.005248618784904124,0,sl
pl1s,2022-02-23,2022-02-24,test,-1.0,0.016994735354116344,0.25,0.25,1,0.027113675917155522,1,pt
pl1s,2022-02-24,2022-02-25,test,1.0,0.017828201788240877,0.25,0.25,1,-0.011298371159612852,0,sl
pl1s,2022-02-25,2022-02-28,test,1.0,0.01716668616426955,0.25,0.25,1,-0.01085610893278477,0,sl
pl1s,2022-02-28,2022-03-01,test,1.0,0.01698571681964126,0.25,0.25,1,0.012708192926311535,1,pt
pl1s,2022-03-01,2022-03-02,test,1.0,0.016935249485594918,0.25,0.25,1,0.015305637420220952,1,pt
pl1s,2022-03-02,2022-03-03,test,1.0,0.01721027695565445,0.25,0.25,1,0.011985018727992847,1,pt
pl1s,2022-03-03,2022-03-04,test,-1.0,0.016869343585456737,0.25,0.25,1,-0.0333086602463446,0,sl
pl1s,2022-03-04,2022-03-07,test,-1.0,0.017843755044097208,0.25,0.25,1,0.00017908309058456418,1,vert
pl1s,2022-03-07,2022-03-08,test,-1.0,0.017720454062267656,0.25,0.25,1,-0.03277807630496543,0,sl
pl1s,2022-03-08,2022-03-09,test,-1.0,0.018651113386629427,0.25,0.25,1,0.0395421436032396,1,pt
pl1s,2022-03-09,2022-03-10,test,1.0,0.02117304582251533,0.25,0.25,1,-0.011195377392388184,0,sl
pl1s,2022-03-10,2022-03-11,test,1.0,0.021420196822877983,0.25,0.25,1,-0.006026296568300005,0,sl
pl1s,2022-03-11,2022-03-14,test,1.0,0.021500951224963878,0.25,0.25,1,-0.03334558147923472,0,sl
pl1s,2022-03-14,2022-03-15,test,1.0,0.02229150960360777,0.25,0.25,1,-0.0473249073408577,0,sl
pl1s,2022-03-15,2022-03-16,test,1.0,0.02484719282389843,0.25,0.25,1,0.00558603490477827,1,vert
pl1s,2022-03-16,2022-03-17,test,1.0,0.024847362225237563,0.25,0.25,1,0.023013589925055644,1,pt
pl1s,2022-03-17,2022-03-18,test,1.0,0.023486290575890207,0.25,0.25,1,0.004460389802846354,1,vert
pl1s,2022-03-18,2022-03-21,test,1.0,0.022574048264872183,0.25,0.25,1,0.008495028472874644,1,pt
pl1s,2022-03-24,2022-03-25,test,1.0,0.022036023859858332,0.25,0.25,1,-0.022250169295183087,0,sl
pl1s,2022-03-25,2022-03-28,test,1.0,0.022438584877534244,0.25,0.25,1,-0.01672108440559905,0,sl
pl1s,2022-03-28,2022-03-29,test,1.0,0.0226025784006242,0.25,0.25,1,-0.015093580187464872,0,sl
pl1s,2022-03-29,2022-03-30,test,1.0,0.022495773701606867,0.25,0.25,1,0.022885165499239024,1,pt
pl1s,2022-04-04,2022-04-05,test,1.0,0.020917519785688586,0.25,0.25,1,-0.018062563064471293,0,sl
pl1s,2022-04-05,2022-04-06,test,1.0,0.019018913070384894,0.25,0.25,1,-0.020552872268582156,0,sl
pl1s,2022-04-06,2022-04-07,test,1.0,0.017756558320046942,0.25,0.25,1,0.005141118459702776,1,pt
pl1s,2022-04-07,2022-04-08,test,1.0,0.017952926787499247,0.25,0.25,1,0.018371607512790433,1,pt
pl1s,2022-04-08,2022-04-11,test,1.0,0.018799889919631767,0.25,0.25,1,0.002255022547169583,1,vert
pl1s,2022-04-11,2022-04-12,test,-1.0,0.017626572195982935,0.25,0.25,1,0.005522601751583922,1,pt
pl1s,2022-04-12,2022-04-13,test,-1.0,0.01415894000709484,0.25,0.25,1,-0.017688194156487258,0,sl
pl1s,2022-04-13,2022-04-14,test,-1.0,0.014717394912871048,0.25,0.25,1,-0.00464834276913173,0,sl
pl1s,2022-04-14,2022-04-18,test,1.0,0.013704110480499033,0.25,0.25,1,0.026453429889274904,1,pt
pl1s,2022-04-18,2022-04-19,test,1.0,0.015021553706439693,0.25,0.25,1,-0.031161195491554605,0,sl
pl1s,2022-04-19,2022-04-20,test,1.0,0.01634343682353625,0.25,0.25,1,-0.0017194295516238522,0,vert
pl1s,2022-04-20,2022-04-21,test,1.0,0.015943533391717203,0.25,0.25,1,-0.019452887543667807,0,sl
pl1s,2022-04-21,2022-04-22,test,1.0,0.01642714657328841,0.25,0.25,1,-0.04174416201501918,0,sl
pl1s,2022-04-22,2022-04-25,test,1.0,0.018367349019167416,0.25,0.25,1,-0.02415354755373056,0,sl
pl1s,2022-04-27,2022-04-28,test,1.0,0.018319671517287126,0.25,0.25,1,0.000768892793330922,1,vert
pl1s,2022-04-28,2022-04-29,test,1.0,0.017294591747527437,0.25,0.25,1,0.03128086928284213,1,pt
pl1s,2022-04-29,2022-05-02,test,-1.0,0.019026785487647333,0.25,0.25,1,0.007237122181050215,1,pt
pl1s,2022-05-02,2022-05-03,test,-1.0,0.01902686745647421,0.25,0.25,1,-0.027658662089006913,0,sl
pl1s,2022-05-05,2022-05-06,test,1.0,0.01988105141172132,0.25,0.25,1,-0.017875487977727977,0,sl
pl1s,2022-05-06,2022-05-09,test,1.0,0.020301545229920587,0.25,0.25,1,-0.018305439338824114,0,sl
pl1s,2022-05-09,2022-05-10,test,1.0,0.020217078859716152,0.25,0.25,1,0.00927011189066329,1,pt
pl1s,2022-05-10,2022-05-11,test,1.0,0.020352881372113742,0.25,0.25,1,0.0449746621567253,1,pt
pl1s,2022-05-11,2022-05-12,test,1.0,0.02272265006080977,0.25,0.25,1,-0.05900181855461706,0,sl
pl1s,2022-05-12,2022-05-13,test,1.0,0.026190616713167664,0.25,0.25,1,-0.0007515567952051105,0,vert
pl1s,2022-05-13,2022-05-16,test,1.0,0.026135234604494392,0.25,0.25,1,-0.0058020844447163045,0,vert
pl1s,2022-05-16,2022-05-17,test,1.0,0.025202761418605946,0.25,0.25,1,0.019561223383262938,1,pt
pl1s,2022-05-17,2022-05-18,test,1.0,0.02493259954581418,0.25,0.25,1,-0.020139919435423814,0,sl
pl1s,2022-05-18,2022-05-19,test,1.0,0.025253805643627437,0.25,0.25,1,0.03169623538710131,1,pt
pl1s,2022-05-20,2022-05-23,test,1.0,0.024352384823188064,0.25,0.25,1,0.009775794281230432,1,pt
pl1s,2022-05-24,2022-05-25,test,1.0,0.02375335932837176,0.25,0.25,1,-0.01442358680951783,0,sl
pl1s,2022-05-25,2022-05-26,test,1.0,0.024019572061375373,0.25,0.25,1,0.008716238028199985,1,pt
pl1s,2022-05-26,2022-05-27,test,1.0,0.02408013043734303,0.25,0.25,1,0.005973970560053665,1,vert
pl1s,2022-05-27,2022-05-31,test,1.0,0.02310590956470761,0.25,0.25,1,0.02682926828992005,1,pt
pl1s,2022-05-31,2022-06-01,test,1.0,0.023756305338753458,0.25,0.25,1,0.029019931843691893,1,pt
pl1s,2022-06-01,2022-06-02,test,1.0,0.023832564405650514,0.25,0.25,1,0.03211561621721004,1,pt
pl1s,2022-06-03,2022-06-06,test,1.0,0.024495184403625185,0.25,0.25,1,0.013380558837815304,1,pt
pl1s,2022-06-09,2022-06-10,test,1.0,0.02355952490920928,0.25,0.25,1,-0.0050210062438383884,0,vert
pl1s,2022-06-10,2022-06-13,test,1.0,0.01891292464485426,0.25,0.25,1,-0.03985581874375954,0,sl
pl1s,2022-06-13,2022-06-14,test,1.0,0.021196380295063984,0.25,0.25,1,-0.023168507993483467,0,sl
pl1s,2022-06-14,2022-06-15,test,1.0,0.021812079607944995,0.25,0.25,1,0.015262984519892164,1,pt
pl1s,2022-06-15,2022-06-16,test,1.0,0.021626155834087415,0.25,0.25,1,0.02866104260832425,1,pt
pl1s,2022-06-16,2022-06-17,test,1.0,0.022064995935890345,0.25,0.25,1,-0.021974555781069327,0,sl
pl1s,2022-06-17,2022-06-21,test,1.0,0.02149643249527071,0.25,0.25,1,0.009239363990881877,1,pt
pl1s,2022-06-21,2022-06-22,test,1.0,0.021421041141145597,0.25,0.25,1,-0.014157973169228844,0,sl
pl1s,2022-06-22,2022-06-23,test,1.0,0.021511794325361808,0.25,0.25,1,-0.024187452760202954,0,sl
pl1s,2022-06-23,2022-06-24,test,1.0,0.022091699816111723,0.25,0.25,1,-0.0004426247726181387,0,vert
pl1s,2022-06-24,2022-06-27,test,1.0,0.021900175883843947,0.25,0.25,1,-0.003321155761893957,0,vert
pl1s,2022-06-27,2022-06-28,test,1.0,0.021772073062999688,0.25,0.25,1,0.005886926583393848,1,pt
pl1s,2022-06-28,2022-06-29,test,1.0,0.021770406590367695,0.25,0.25,1,0.0047482332111896675,1,vert
rb1s,2020-01-03,2020-01-07,train,1.0,0.01209338376131281,2.5,0.25,15,-0.015210429450483565,0,sl
rb1s,2020-01-06,2020-01-07,train,1.0,0.012006025808378888,2.5,0.25,15,-0.018353852854562702,0,sl
rb1s,2020-01-07,2020-01-08,train,-1.0,0.012636000436679137,2.5,0.25,15,0.04261990502437574,1,pt
rb1s,2020-01-08,2020-01-15,train,1.0,0.01622963626298399,2.5,0.25,15,-0.007278020413273856,0,sl
rb1s,2020-01-09,2020-01-15,train,1.0,0.016237116181389667,2.5,0.25,15,-0.009620620757341714,0,sl
rb1s,2020-01-10,2020-01-15,train,1.0,0.015808226948490683,2.5,0.25,15,-0.013738249164353289,0,sl
rb1s,2020-01-13,2020-01-15,train,1.0,0.015816682482327954,2.5,0.25,15,-0.012369516591978602,0,sl
rb1s,2020-01-14,2020-01-15,train,1.0,0.015076656663014054,2.5,0.25,15,-0.010638298164952764,0,sl
rb1s,2020-01-15,2020-01-22,train,1.0,0.015254568234158201,2.5,0.25,15,-0.03494623660398066,0,sl
rb1s,2020-01-16,2020-01-17,train,1.0,0.015126133410247619,2.5,0.25,15,-0.008581097026725715,0,sl
rb1s,2020-01-17,2020-01-22,train,1.0,0.015222768727756313,2.5,0.25,15,-0.03718151942738357,0,sl
rb1s,2020-01-21,2020-01-22,train,1.0,0.014813080324841027,2.5,0.25,15,-0.0347693245540911,0,sl
rb1s,2020-01-22,2020-01-23,train,1.0,0.01656137652246091,2.5,0.25,15,-0.012281590399791376,0,sl
rb1s,2020-01-23,2020-01-27,train,-1.0,0.016644737617167726,2.5,0.25,15,0.05085823193474259,1,pt
rb1s,2020-01-24,2020-01-29,train,-1.0,0.01711829473800054,2.5,0.25,15,-0.009764729976837305,0,sl
rb1s,2020-01-27,2020-01-28,train,-1.0,0.01662755811477688,2.5,0.25,15,-0.014266575810225612,0,sl
rb1s,2020-01-28,2020-01-29,train,-1.0,0.017374967705959518,2.5,0.25,15,-0.017499836179939887,0,sl
rb1s,2020-01-29,2020-02-04,train,-1.0,0.01819515684073893,2.5,0.25,15,0.06334371897575852,1,pt
rb1s,2020-01-30,2020-02-07,train,-1.0,0.01835161452013429,2.5,0.25,15,-0.012221852618579554,0,sl
rb1s,2020-01-31,2020-02-07,train,-1.0,0.018091628899635698,2.5,0.25,15,-0.013164018367148866,0,sl
rb1s,2020-02-03,2020-02-05,train,-1.0,0.016616248926976527,2.5,0.25,15,-0.008549907644333388,0,sl
rb1s,2020-02-04,2020-02-07,train,1.0,0.016561874887476794,2.5,0.25,15,0.0559174063840735,1,pt
rb1s,2020-02-05,2020-02-12,train,1.0,0.018630676675495755,2.5,0.25,15,0.06371526653647197,1,pt
rb1s,2020-02-06,2020-02-12,train,1.0,0.01689977574535861,2.5,0.25,15,0.05540720984180014,1,pt
rb1s,2020-02-07,2020-02-11,train,1.0,0.017558360200442713,2.5,0.25,15,-0.006365247274448316,0,sl
rb1s,2020-02-10,2020-02-11,train,1.0,0.01745520333780697,2.5,0.25,15,-0.004667061901950542,0,sl
rb1s,2020-02-11,2020-02-12,train,1.0,0.017437242641346735,2.5,0.25,15,0.044115705259620386,1,pt
rb1s,2020-02-12,2020-02-19,train,1.0,0.02049282252981631,2.5,0.25,15,0.052055661863165126,1,pt
rb1s,2020-02-13,2020-02-19,train,1.0,0.020409492299196023,2.5,0.25,15,0.052588280031440116,1,pt
rb1s,2020-02-14,2020-02-19,train,1.0,0.020203785087532438,2.5,0.25,15,0.05052738073813412,1,pt
rb1s,2020-02-18,2020-02-24,train,1.0,0.020746079463599673,2.5,0.25,15,-0.007315547347437001,0,sl
rb1s,2020-02-19,2020-02-25,train,-1.0,0.021851945169239228,2.5,0.25,15,0.0763700439362136,1,pt
rb1s,2020-02-20,2020-02-25,train,-1.0,0.020165702054518692,2.5,0.25,15,0.07991033923810098,1,pt
rb1s,2020-02-21,2020-02-24,train,1.0,0.02019661599241752,2.5,0.25,15,-0.027254144917222112,0,sl
rb1s,2020-02-24,2020-02-25,train,1.0,0.019968768027148462,2.5,0.25,15,-0.04161802486160582,0,sl
rb1s,2020-02-25,2020-02-26,train,1.0,0.021750752590477825,2.5,0.25,15,-0.04714050813144777,0,sl
rb1s,2020-02-26,2020-02-27,train,1.0,0.024174014137682828,2.5,0.25,15,-0.028060082187768343,0,sl
rb1s,2020-02-27,2020-02-28,train,1.0,0.024443506723371308,2.5,0.25,15,-0.02485860957219077,0,sl
rb1s,2020-02-28,2020-03-06,train,1.0,0.02452991711834141,2.5,0.25,15,-0.06325869951696106,0,sl
rb1s,2020-03-02,2020-03-05,train,1.0,0.026243063511717842,2.5,0.25,15,-0.011561445998357067,0,sl
rb1s,2020-03-03,2020-03-06,train,1.0,0.025905812934124473,2.5,0.25,15,-0.09292757844154631,0,sl
rb1s,2020-03-04,2020-03-05,train,1.0,0.025747430992382855,2.5,0.25,15,-0.021665059658386943,0,sl
rb1s,2020-03-05,2020-03-06,train,1.0,0.025257684333031185,2.5,0.25,15,-0.08726508037281144,0,sl
rb1s,2020-03-06,2020-03-09,train,1.0,0.03201993629762275,2.5,0.25,15,-0.18149747984205244,0,sl
rb1s,2020-03-09,2020-03-11,train,1.0,0.05323539809729644,2.5,0.25,15,-0.023396957389608564,0,sl
rb1s,2020-03-10,2020-03-11,train,1.0,0.05371914694635098,2.5,0.25,15,-0.040445941540671826,0,sl
rb1s,2020-03-11,2020-03-12,train,-1.0,0.05390032931475109,2.5,0.25,15,0.1916599121646031,1,pt
rb1s,2020-03-12,2020-03-16,train,1.0,0.06715656393284007,2.5,0.25,15,-0.23130919096525893,0,sl
rb1s,2020-03-13,2020-03-16,train,1.0,0.0672171916580966,2.5,0.25,15,-0.23276245636581316,0,sl
rb1s,2020-03-16,2020-03-18,train,1.0,0.08449794721131013,2.5,0.25,15,-0.07566313829290883,0,sl
rb1s,2020-03-17,2020-03-23,train,-1.0,0.08497420517794448,2.5,0.25,15,0.4211414130791882,1,pt
rb1s,2020-03-18,2020-03-19,train,-1.0,0.08429168550357037,2.5,0.25,15,-0.07417280867213072,0,sl
rb1s,2020-03-19,2020-03-23,train,-1.0,0.08790359598963492,2.5,0.25,15,0.3988321194941117,1,pt
rb1s,2020-03-20,2020-03-23,train,-1.0,0.08906594092294108,2.5,0.25,15,0.31978857193106447,1,pt
rb1s,2020-03-23,2020-03-24,train,-1.0,0.11558929275180607,2.5,0.25,15,-0.03193854743272939,0,sl
rb1s,2020-03-24,2020-03-25,train,-1.0,0.11772105440781251,2.5,0.25,15,-0.18589618683642373,0,sl
rb1s,2020-03-25,2020-04-02,train,-1.0,0.1292128656663758,2.5,0.25,15,-0.09481334122054985,0,sl
rb1s,2020-03-26,2020-04-02,train,-1.0,0.12944872116694722,2.5,0.25,15,-0.10836120431645857,0,sl
rb1s,2020-03-27,2020-04-02,train,-1.0,0.1305794881494535,2.5,0.25,15,-0.08018252686526672,0,sl
rb1s,2020-03-30,2020-04-02,train,-1.0,0.1295901928941902,2.5,0.25,15,-0.07457846528809275,0,sl
rb1s,2020-03-31,2020-04-02,train,-1.0,0.12912570517858976,2.5,0.25,15,-0.11827230994396887,0,sl
rb1s,2020-04-01,2020-04-02,train,-1.0,0.1280829054856597,2.5,0.25,15,-0.2128087779667407,0,sl
rb1s,2020-04-02,2020-04-03,train,-1.0,0.1400283054835452,2.5,0.25,15,-0.04345202381057467,0,sl
rb1s,2020-04-03,2020-04-14,train,-1.0,0.1411804163714337,2.5,0.25,15,-0.041064201398939515,0,sl
rb1s,2020-04-06,2020-04-28,train,-1.0,0.13676741876588827,2.5,0.25,15,0.0682417314397058,1,vert
rb1s,2020-04-07,2020-04-08,train,-1.0,0.1365829972238691,2.5,0.25,15,-0.045973462441525115,0,sl
rb1s,2020-04-08,2020-04-13,train,-1.0,0.13783400147281144,2.5,0.25,15,-0.03731563358955059,0,sl
rb1s,2020-04-09,2020-04-13,train,-1.0,0.13134540787570034,2.5,0.25,15,-0.03838771583074663,0,sl
rb1s,2020-04-13,2020-04-30,train,-1.0,0.13194803805207603,2.5,0.25,15,-0.03473563354116194,0,sl
rb1s,2020-04-14,2020-05-04,train,-1.0,0.11906673987787732,2.5,0.25,15,-0.05948605924755923,0,sl
rb1s,2020-04-15,2020-05-04,train,-1.0,0.11875450790486888,2.5,0.25,15,-0.05889778323713424,0,sl
rb1s,2020-04-16,2020-04-30,train,-1.0,0.11643048996145731,2.5,0.25,15,-0.03209412952946433,0,sl
rb1s,2020-04-17,2020-05-04,train,-1.0,0.11511500528733894,2.5,0.25,15,-0.07335016906903125,0,sl
rb1s,2020-04-20,2020-04-29,train,-1.0,0.11262862233417753,2.5,0.25,15,-0.04835400913902688,0,sl
rb1s,2020-04-21,2020-04-22,train,1.0,0.09335592148709236,2.5,0.25,15,0.25102880709104936,1,pt
rb1s,2020-04-22,2020-05-05,train,1.0,0.10570879089649052,2.5,0.25,15,0.3109818137511755,1,pt
rb1s,2020-04-23,2020-05-05,train,1.0,0.09886251563138579,2.5,0.25,15,0.32136050115085935,1,pt
rb1s,2020-04-24,2020-05-05,train,1.0,0.09893712106056705,2.5,0.25,15,0.2873875140415474,1,pt
rb1s,2020-04-27,2020-05-05,train,1.0,0.0989646033473202,2.5,0.25,15,0.3159585350770322,1,pt
rb1s,2020-04-28,2020-05-05,train,1.0,0.09913057950781433,2.5,0.25,15,0.2802556797677753,1,pt
rb1s,2020-04-29,2020-05-08,train,1.0,0.09965502299034946,2.5,0.25,15,0.262027834336926,1,pt
rb1s,2020-04-30,2020-05-04,train,-1.0,0.09756105221909321,2.5,0.25,15,-0.0482327427493503,0,sl
rb1s,2020-05-01,2020-05-04,train,-1.0,0.08824986167423765,2.5,0.25,15,-0.07203445428544408,0,sl
rb1s,2020-05-04,2020-05-18,train,1.0,0.0890811260822249,2.5,0.25,15,0.24869141988148535,1,pt
rb1s,2020-05-05,2020-05-07,train,-1.0,0.09121601361752331,2.5,0.25,15,-0.03339620797978626,0,sl
rb1s,2020-05-06,2020-05-07,train,-1.0,0.08930350032527518,2.5,0.25,15,-0.06215075651312296,0,sl
rb1s,2020-05-07,2020-05-15,train,-1.0,0.08967209259923814,2.5,0.25,15,-0.0416577205417894,0,sl
rb1s,2020-05-08,2020-05-18,train,-1.0,0.08964191477092584,2.5,0.25,15,-0.07729468594742772,0,sl
rb1s,2020-05-11,2020-05-15,train,-1.0,0.08994777517084762,2.5,0.25,15,-0.04977278006167607,0,sl
rb1s,2020-05-12,2020-05-15,train,-1.0,0.08995767400418561,2.5,0.25,15,-0.05628742582792112,0,sl
rb1s,2020-05-13,2020-05-21,train,1.0,0.09184331415215911,2.5,0.25,15,0.23071843817180682,1,pt
rb1s,2020-05-14,2020-05-15,train,-1.0,0.09274227676338238,2.5,0.25,15,-0.060907602492178414,0,sl
rb1s,2020-05-15,2020-05-18,train,-1.0,0.09340663902086765,2.5,0.25,15,-0.05730777221348071,0,sl
rb1s,2020-05-18,2020-05-26,train,-1.0,0.09223113487695912,2.5,0.25,15,-0.02592968680035357,0,sl
rb1s,2020-05-19,2020-05-29,train,-1.0,0.06275813372232655,2.5,0.25,15,-0.019842247847299932,0,sl
rb1s,2020-05-20,2020-05-29,train,-1.0,0.04390185345174897,2.5,0.25,15,-0.02121011338229528,0,sl
rb1s,2020-05-21,2020-05-29,train,-1.0,0.043543106302265405,2.5,0.25,15,-0.015728012374188527,0,sl
rb1s,2020-05-22,2020-05-26,train,-1.0,0.04407048641478488,2.5,0.25,15,-0.01235976309673692,0,sl
rb1s,2020-05-26,2020-05-29,train,-1.0,0.043017178243972234,2.5,0.25,15,-0.012866267660647024,0,sl
rb1s,2020-05-27,2020-05-29,train,-1.0,0.04548546777654138,2.5,0.25,15,-0.05974255880213053,0,sl
rb1s,2020-05-28,2020-05-29,train,-1.0,0.04387263263258998,2.5,0.25,15,-0.05116959047255887,0,sl
rb1s,2020-05-29,2020-06-02,train,-1.0,0.044283774350017076,2.5,0.25,15,-0.03690310488509363,0,sl
rb1s,2020-06-01,2020-06-02,train,-1.0,0.043840703213657906,2.5,0.25,15,-0.048373486884494055,0,sl
rb1s,2020-06-02,2020-06-04,train,-1.0,0.042672888200080854,2.5,0.25,15,-0.027452381854894625,0,sl
rb1s,2020-06-03,2020-06-04,train,-1.0,0.03859891661399558,2.5,0.25,15,-0.026534439421672218,0,sl
rb1s,2020-06-04,2020-06-05,train,-1.0,0.03769506193393503,2.5,0.25,15,-0.05622280393424406,0,sl
rb1s,2020-06-05,2020-06-18,train,-1.0,0.037344042467256575,2.5,0.25,15,-0.03633816622893038,0,sl
rb1s,2020-06-08,2020-06-09,train,-1.0,0.03778513458330977,2.5,0.25,15,-0.012803348840501494,0,sl
rb1s,2020-06-09,2020-06-18,train,-1.0,0.036555696962293195,2.5,0.25,15,-0.039163841871105554,0,sl
rb1s,2020-06-10,2020-06-18,train,-1.0,0.036417973579090886,2.5,0.25,15,-0.039507396431310404,0,sl
rb1s,2020-06-11,2020-06-15,train,-1.0,0.03692440375863085,2.5,0.25,15,-0.04191991201117351,0,sl
rb1s,2020-06-12,2020-06-18,train,1.0,0.03442185930335912,2.5,0.25,15,0.11865160525416707,1,pt
rb1s,2020-06-15,2020-06-19,train,1.0,0.03304329879370942,2.5,0.25,15,0.09084670271840234,1,pt
rb1s,2020-06-16,2020-06-26,train,1.0,0.03179145367481448,2.5,0.25,15,-0.04107770115117215,0,sl
rb1s,2020-06-17,2020-06-18,train,-1.0,0.03168255085820601,2.5,0.25,15,-0.03488850432548629,0,sl
rb1s,2020-06-18,2020-06-19,train,-1.0,0.03218949948567405,2.5,0.25,15,-0.011051920342156185,0,sl
rb1s,2020-06-19,2020-06-22,train,-1.0,0.032183186854828315,2.5,0.25,15,-0.015492293918587086,0,sl
rb1s,2020-06-22,2020-06-26,train,-1.0,0.03191067678416298,2.5,0.25,15,0.1034562915413827,1,pt
rb1s,2020-06-23,2020-06-26,train,-1.0,0.031919942375923036,2.5,0.25,15,0.10891165120692625,1,pt
rb1s,2020-06-24,2020-06-26,train,1.0,0.03571656428447521,2.5,0.25,15,-0.035273515435094605,0,sl
rb1s,2020-06-25,2020-06-26,train,1.0,0.035785307828732925,2.5,0.25,15,-0.03366187658582309,0,sl
rb1s,2020-06-26,2020-07-07,train,1.0,0.03551401238344108,2.5,0.25,15,0.10208315199537088,1,pt
rb1s,2020-06-29,2020-07-21,train,1.0,0.03569081558410389,2.5,0.25,15,0.07736992881251248,1,vert
rb1s,2020-06-30,2020-07-22,train,1.0,0.034355675457518296,2.5,0.25,15,0.06766541806460835,1,vert
rb1s,2020-07-01,2020-07-02,train,-1.0,0.03440817102689262,2.5,0.25,15,-0.03476045668789696,0,sl
rb1s,2020-07-02,2020-07-06,train,1.0,0.034721297423402124,2.5,0.25,15,-0.014612453597636743,0,sl
rb1s,2020-07-06,2020-07-17,train,1.0,0.032871482356768976,2.5,0.25,15,-0.013136684637071627,0,sl
rb1s,2020-07-07,2020-07-09,train,1.0,0.03312061989961933,2.5,0.25,15,-0.019215688458927627,0,sl
rb1s,2020-07-08,2020-07-09,train,1.0,0.03311576781501406,2.5,0.25,15,-0.03129599574038633,0,sl
rb1s,2020-07-09,2020-07-16,train,1.0,0.034030070301917285,2.5,0.25,15,-0.013274687196589308,0,sl
rb1s,2020-07-10,2020-07-13,train,1.0,0.028695981746471828,2.5,0.25,15,-0.00755981524118754,0,sl
rb1s,2020-07-13,2020-07-14,train,1.0,0.028876787211292422,2.5,0.25,15,-0.0204177803441028,0,sl
rb1s,2020-07-14,2020-07-16,train,1.0,0.028572484627723126,2.5,0.25,15,-0.010822508225721283,0,sl
rb1s,2020-07-15,2020-07-16,train,1.0,0.027711849508614567,2.5,0.25,15,-0.024199288027591526,0,sl
rb1s,2020-07-16,2020-07-17,train,1.0,0.028326328875456764,2.5,0.25,15,-0.007618122122625803,0,sl
rb1s,2020-07-17,2020-07-30,train,1.0,0.02724772944118002,2.5,0.25,15,-0.00998016689586112,0,sl
rb1s,2020-07-20,2020-07-30,train,1.0,0.02711868270716321,2.5,0.25,15,-0.013203673028471141,0,sl
rb1s,2020-07-21,2020-07-23,train,1.0,0.028522870122479685,2.5,0.25,15,-0.01648824014051431,0,sl
rb1s,2020-07-22,2020-07-23,train,1.0,0.028490426802388228,2.5,0.25,15,-0.01886498322573782,0,sl
rb1s,2020-07-23,2020-07-29,train,1.0,0.022208256542107355,2.5,0.25,15,-0.01868478410618546,0,sl
rb1s,2020-07-24,2020-07-27,train,1.0,0.02238219720225792,2.5,0.25,15,-0.008996815914418033,0,sl
rb1s,2020-07-27,2020-07-28,train,1.0,0.020812226882468386,2.5,0.25,15,-0.007632362465627263,0,sl
rb1s,2020-07-28,2020-07-29,train,1.0,0.02032052285647431,2.5,0.25,15,-0.017810878946085795,0,sl
rb1s,2020-07-29,2020-07-30,train,1.0,0.020725649539688987,2.5,0.25,15,-0.018463567640721212,0,sl
rb1s,2020-07-30,2020-07-31,train,1.0,0.021006111009582027,2.5,0.25,15,-0.016543501356873436,0,sl
rb1s,2020-07-31,2020-08-10,train,1.0,0.019662862391105776,2.5,0.25,15,0.04969686662169015,1,pt
rb1s,2020-08-03,2020-08-11,train,1.0,0.0211747809471617,2.5,0.25,15,-0.007089273561547427,0,sl
rb1s,2020-08-04,2020-08-07,train,1.0,0.020175682377621167,2.5,0.25,15,-0.005517582117323672,0,sl
rb1s,2020-08-05,2020-08-07,train,1.0,0.02001440944199373,2.5,0.25,15,-0.012430490126126403,0,sl
rb1s,2020-08-06,2020-08-07,train,1.0,0.018756916265521877,2.5,0.25,15,-0.01669245377674511,0,sl
rb1s,2020-08-07,2020-08-17,train,1.0,0.018084901206983774,2.5,0.25,15,0.05167274179799031,1,pt
rb1s,2020-08-10,2020-08-11,train,1.0,0.01856735545032367,2.5,0.25,15,-0.02017408221352668,0,sl
rb1s,2020-08-11,2020-08-17,train,1.0,0.018553500248334544,2.5,0.25,15,0.0543794106566966,1,pt
rb1s,2020-08-12,2020-08-13,train,1.0,0.019735666851052516,2.5,0.25,15,-0.007235890312566218,0,sl
rb1s,2020-08-13,2020-08-20,train,1.0,0.0189679236173878,2.5,0.25,15,0.04996760638727693,1,pt
rb1s,2020-08-14,2020-08-24,train,1.0,0.018916492695982987,2.5,0.25,15,0.0715436140807475,1,pt
rb1s,2020-08-17,2020-08-24,train,1.0,0.019363739395841996,2.5,0.25,15,0.05011273910590952,1,pt
rb1s,2020-08-18,2020-08-25,train,1.0,0.017275269030577186,2.5,0.25,15,0.046650922123369964,1,pt
rb1s,2020-08-19,2020-08-21,train,1.0,0.017306568650622627,2.5,0.25,15,-0.004959318159837189,0,sl
rb1s,2020-08-20,2020-08-21,train,1.0,0.016646584725641785,2.5,0.25,15,-0.009564212668256022,0,sl
rb1s,2020-08-21,2020-08-25,train,1.0,0.016537116402047337,2.5,0.25,15,0.045754327628105385,1,pt
rb1s,2020-08-24,2020-08-27,train,1.0,0.018258040671163975,2.5,0.25,15,-0.033021114097637305,0,sl
rb1s,2020-08-25,2020-08-27,train,1.0,0.018080915964689234,2.5,0.25,15,-0.0396531340102374,0,sl
rb1s,2020-08-26,2020-08-27,train,1.0,0.01743936567397198,2.5,0.25,15,-0.03577647758623137,0,sl
rb1s,2020-08-27,2020-09-02,train,1.0,0.019079033072614084,2.5,0.25,15,-0.01329830779504082,0,sl
rb1s,2020-08-28,2020-08-31,train,1.0,0.018877270001833042,2.5,0.25,15,-0.02631367686929731,0,sl
rb1s,2020-08-31,2020-09-02,train,1.0,0.01890065547652919,2.5,0.25,15,-0.009639945268743011,0,sl
rb1s,2020-09-01,2020-09-02,train,1.0,0.018943824532684776,2.5,0.25,15,-0.01853515241290371,0,sl
rb1s,2020-09-02,2020-09-04,train,1.0,0.01954090907555566,2.5,0.25,15,-0.020632278892636635,0,sl
rb1s,2020-09-03,2020-09-04,train,1.0,0.019533557057140674,2.5,0.25,15,-0.022989459330435613,0,sl
rb1s,2020-09-04,2020-09-08,train,1.0,0.019906996044190804,2.5,0.25,15,-0.0632008168583037,0,sl
rb1s,2020-09-08,2020-09-11,train,1.0,0.02448501875187833,2.5,0.25,15,-0.007163582430947946,0,sl
rb1s,2020-09-09,2020-09-10,train,1.0,0.02440431745014427,2.5,0.25,15,-0.0192977736776605,0,sl
rb1s,2020-09-10,2020-09-16,train,1.0,0.023448737639629225,2.5,0.25,15,0.08308280759249032,1,pt
rb1s,2020-09-11,2020-09-16,train,1.0,0.02343154636343142,2.5,0.25,15,0.08585258739377832,1,pt
rb1s,2020-09-14,2020-09-16,train,1.0,0.023512632069418997,2.5,0.25,15,0.07417780979975341,1,pt
rb1s,2020-09-15,2020-09-17,train,1.0,0.023970407672167973,2.5,0.25,15,0.07582813444154146,1,pt
rb1s,2020-09-16,2020-09-21,train,1.0,0.025996576278685353,2.5,0.25,15,-0.009925139138128203,0,sl
rb1s,2020-09-17,2020-09-21,train,1.0,0.02684244099665064,2.5,0.25,15,-0.03863116614552908,0,sl
rb1s,2020-09-18,2020-09-21,train,1.0,0.026913993278750905,2.5,0.25,15,-0.04811580051448372,0,sl
rb1s,2020-09-21,2020-09-22,train,1.0,0.0290749842268946,2.5,0.25,15,-0.010874182948432343,0,sl
rb1s,2020-09-22,2020-10-02,train,1.0,0.027608713513782975,2.5,0.25,15,-0.017747858736612554,0,sl
rb1s,2020-09-23,2020-10-02,train,1.0,0.027742684073943074,2.5,0.25,15,-0.02962515301103963,0,sl
rb1s,2020-09-24,2020-10-01,train,1.0,0.027997920977783832,2.5,0.25,15,-0.017729286955749823,0,sl
rb1s,2020-09-25,2020-09-29,train,1.0,0.027067871887456522,2.5,0.25,15,-0.015716926916476637,0,sl
rb1s,2020-09-28,2020-09-29,train,1.0,0.02692094145049021,2.5,0.25,15,-0.03470161362294355,0,sl
rb1s,2020-09-29,2020-10-01,train,1.0,0.027428841883295488,2.5,0.25,15,-0.015967893125744204,0,sl
rb1s,2020-09-30,2020-10-01,train,1.0,0.027427015256443497,2.5,0.25,15,-0.02471225349585293,0,sl
rb1s,2020-10-01,2020-10-02,train,1.0,0.027677933634878856,2.5,0.25,15,-0.02507810015869416,0,sl
rb1s,2020-10-02,2020-10-06,train,1.0,0.02817995913627088,2.5,0.25,15,0.09933244505016314,1,pt
rb1s,2020-10-05,2020-10-12,train,1.0,0.031073960887386176,2.5,0.25,15,-0.015409097693008578,0,sl
rb1s,2020-10-06,2020-10-07,train,1.0,0.027545159904717214,2.5,0.25,15,-0.02769006629075421,0,sl
rb1s,2020-10-07,2020-10-12,train,1.0,0.028520049845711354,2.5,0.25,15,-0.020984263210364396,0,sl
rb1s,2020-10-08,2020-10-09,train,1.0,0.028300745026801556,2.5,0.25,15,-0.023059434996571815,0,sl
rb1s,2020-10-09,2020-10-12,train,1.0,0.029028022180463527,2.5,0.25,15,-0.022855718270336833,0,sl
rb1s,2020-10-12,2020-10-19,train,1.0,0.029691723791013203,2.5,0.25,15,-0.011397463252355466,0,sl
rb1s,2020-10-13,2020-10-16,train,1.0,0.029159612344739405,2.5,0.25,15,-0.011752769166258559,0,sl
rb1s,2020-10-14,2020-10-15,train,1.0,0.027646744953700675,2.5,0.25,15,-0.014284522910216868,0,sl
rb1s,2020-10-15,2020-10-16,train,1.0,0.027024161507719413,2.5,0.25,15,-0.009491525699171222,0,sl
rb1s,2020-10-16,2020-10-21,train,1.0,0.026962194155285533,2.5,0.25,15,-0.02438398145873666,0,sl
rb1s,2020-10-19,2020-10-21,train,1.0,0.024586004997514368,2.5,0.25,15,-0.018927987057117956,0,sl
rb1s,2020-10-20,2020-10-21,train,1.0,0.024889018679131604,2.5,0.25,15,-0.0400707117043535,0,sl
rb1s,2020-10-21,2020-10-26,train,1.0,0.026511383519820693,2.5,0.25,15,-0.027224478518807604,0,sl
rb1s,2020-10-22,2020-10-23,train,1.0,0.026579323902902057,2.5,0.25,15,-0.015892420352751957,0,sl
rb1s,2020-10-23,2020-10-26,train,1.0,0.026554629813797786,2.5,0.25,15,-0.026708076190998464,0,sl
rb1s,2020-10-26,2020-10-28,train,1.0,0.026599112329398458,2.5,0.25,15,-0.030358281950849553,0,sl
rb1s,2020-10-27,2020-10-28,train,1.0,0.026542524224801578,2.5,0.25,15,-0.057760454167049,0,sl
rb1s,2020-10-28,2020-10-29,train,1.0,0.029412251199681334,2.5,0.25,15,-0.03347123090314574,0,sl
rb1s,2020-10-29,2020-11-04,train,1.0,0.02980685406533316,2.5,0.25,15,0.07791828969200254,1,pt
rb1s,2020-10-30,2020-11-05,train,1.0,0.029479999089019823,2.5,0.25,15,0.081088936552554,1,pt
rb1s,2020-11-02,2020-11-09,train,1.0,0.025917603264945046,2.5,0.25,15,0.10332699266253176,1,pt
rb1s,2020-11-03,2020-11-09,train,1.0,0.025178517053453708,2.5,0.25,15,0.07781595113050499,1,pt
rb1s,2020-11-04,2020-11-06,train,1.0,0.02577724315257075,2.5,0.25,15,-0.021387960545402707,0,sl
rb1s,2020-11-05,2020-11-06,train,1.0,0.025020057787923575,2.5,0.25,15,-0.028228335931817283,0,sl
rb1s,2020-11-06,2020-11-09,train,1.0,0.025258587654255142,2.5,0.25,15,0.07036148706015832,1,pt
rb1s,2020-11-09,2020-11-13,train,1.0,0.029594556384861803,2.5,0.25,15,-0.030412679849450508,0,sl
rb1s,2020-11-10,2020-11-11,train,1.0,0.030252464872481677,2.5,0.25,15,-0.015241604408956944,0,sl
rb1s,2020-11-11,2020-11-12,train,1.0,0.030346991149680213,2.5,0.25,15,-0.01598775372428418,0,sl
rb1s,2020-11-12,2020-11-13,train,1.0,0.030391575819529247,2.5,0.25,15,-0.027396075333643632,0,sl
rb1s,2020-11-13,2020-11-24,train,1.0,0.030948209031659762,2.5,0.25,15,0.11438473282882988,1,pt
rb1s,2020-11-16,2020-11-24,train,1.0,0.03125194851519391,2.5,0.25,15,0.09358962069517318,1,pt
rb1s,2020-11-17,2020-11-24,train,1.0,0.03086180527963086,2.5,0.25,15,0.08752044585324636,1,pt
rb1s,2020-11-18,2020-11-24,train,1.0,0.029436614582823806,2.5,0.25,15,0.07844920507640207,1,pt
rb1s,2020-11-19,2020-11-24,train,1.0,0.029254099545564995,2.5,0.25,15,0.07882028185374645,1,pt
rb1s,2020-11-20,2020-11-25,train,1.0,0.029035740579095838,2.5,0.25,15,0.08604631089095904,1,pt
rb1s,2020-11-23,2020-12-10,train,1.0,0.0285388040566928,2.5,0.25,15,0.0998245747152593,1,pt
rb1s,2020-11-24,2020-11-30,train,1.0,0.029417667190599,2.5,0.25,15,-0.007513989144033895,0,sl
rb1s,2020-11-25,2020-11-30,train,1.0,0.025211814970393164,2.5,0.25,15,-0.02313139135622777,0,sl
rb1s,2020-11-27,2020-11-30,train,1.0,0.02333341542604275,2.5,0.25,15,-0.019273300876129995,0,sl
rb1s,2020-11-30,2020-12-01,train,1.0,0.024251971541311722,2.5,0.25,15,-0.01707474138817744,0,sl
rb1s,2020-12-01,2020-12-10,train,1.0,0.024839582723198892,2.5,0.25,15,0.07882661327232832,1,pt
rb1s,2020-12-02,2020-12-10,train,1.0,0.024642866196847236,2.5,0.25,15,0.061859828849891274,1,pt
rb1s,2020-12-03,2020-12-16,train,1.0,0.024257073037709066,2.5,0.25,15,0.07228342669538579,1,pt
rb1s,2020-12-04,2020-12-07,train,1.0,0.024258423970619357,2.5,0.25,15,-0.010011823612957715,0,sl
rb1s,2020-12-07,2020-12-16,train,1.0,0.023172510906995555,2.5,0.25,15,0.07732122841809486,1,pt
rb1s,2020-12-08,2020-12-10,train,1.0,0.01829842222470372,2.5,0.25,15,0.04833187183839205,1,pt
rb1s,2020-12-09,2020-12-16,train,1.0,0.017623150449451026,2.5,0.25,15,0.06034955642361162,1,pt
rb1s,2020-12-10,2020-12-11,train,1.0,0.018093644642311495,2.5,0.25,15,-0.006759835716608431,0,sl
rb1s,2020-12-11,2020-12-17,train,1.0,0.017613226007219433,2.5,0.25,15,0.06148199015201161,1,pt
rb1s,2020-12-14,2020-12-17,train,1.0,0.015688327677629066,2.5,0.25,15,0.05230839140675303,1,pt
rb1s,2020-12-15,2020-12-17,train,1.0,0.015486654602169652,2.5,0.25,15,0.04620138710432342,1,pt
rb1s,2020-12-16,2020-12-22,train,1.0,0.015710161785378172,2.5,0.25,15,-0.00990464815174763,0,sl
rb1s,2020-12-17,2020-12-21,train,1.0,0.016194877714406163,2.5,0.25,15,-0.019955335042299405,0,sl
rb1s,2020-12-18,2020-12-21,train,1.0,0.016071506455501455,2.5,0.25,15,-0.025222129247583713,0,sl
rb1s,2020-12-21,2020-12-22,train,1.0,0.017857420163134165,2.5,0.25,15,-0.01536312682597274,0,sl
rb1s,2020-12-22,2020-12-30,train,1.0,0.018190627826719815,2.5,0.25,15,0.04926993695819215,1,pt
rb1s,2020-12-23,2020-12-28,train,1.0,0.01685296301418948,2.5,0.25,15,-0.011262896443997805,0,sl
rb1s,2020-12-24,2020-12-28,train,1.0,0.016733794324709648,2.5,0.25,15,-0.00838070309210881,0,sl
rb1s,2020-12-28,2021-01-05,train,1.0,0.016874593041132997,2.5,0.25,15,0.06717130734878651,1,pt
rb1s,2020-12-29,2021-01-05,train,1.0,0.016061942980275103,2.5,0.25,15,0.05354422058690789,1,pt
rb1s,2020-12-30,2021-01-04,train,1.0,0.01531965533493811,2.5,0.25,15,-0.020266895437732857,0,sl
rb1s,2020-12-31,2021-01-04,train,1.0,0.015179446007444523,2.5,0.25,15,-0.02638110769625357,0,sl
rb1s,2021-01-04,2021-01-05,train,1.0,0.016658592659509634,2.5,0.25,15,0.057688104149528296,1,pt
rb1s,2021-01-05,2021-01-08,train,1.0,0.020283888509536493,2.5,0.25,15,0.06211693436412635,1,pt
rb1s,2021-01-06,2021-01-07,train,-1.0,0.019963920986109593,2.5,0.25,15,-0.0052203389437617265,0,sl
rb1s,2021-01-07,2021-01-08,train,-1.0,0.01988701378430686,2.5,0.25,15,-0.04019693862402929,0,sl
rb1s,2021-01-08,2021-01-12,train,-1.0,0.021015038385975723,2.5,0.25,15,-0.006937690341760838,0,sl
rb1s,2021-01-11,2021-01-12,train,-1.0,0.020993795749223824,2.5,0.25,15,-0.021173065231160804,0,sl
rb1s,2021-01-12,2021-01-26,train,-1.0,0.020926417817532197,2.5,0.25,15,-0.014496128365086847,0,sl
rb1s,2021-01-13,2021-01-25,train,-1.0,0.021082644452195765,2.5,0.25,15,-0.006330603040939575,0,sl
rb1s,2021-01-14,2021-01-26,train,-1.0,0.021105135719804918,2.5,0.25,15,-0.013908545058113564,0,sl
rb1s,2021-01-15,2021-01-19,train,-1.0,0.021609576262821322,2.5,0.25,15,-0.0063465077272741865,0,sl
rb1s,2021-01-19,2021-01-21,train,-1.0,0.02112115120056178,2.5,0.25,15,-0.0063714952012106085,0,sl
rb1s,2021-01-20,2021-01-25,train,-1.0,0.021123836719044792,2.5,0.25,15,-0.009524475869143068,0,sl
rb1s,2021-01-21,2021-01-25,train,-1.0,0.01986815913959993,2.5,0.25,15,-0.006915718740731158,0,sl
rb1s,2021-01-22,2021-01-25,train,-1.0,0.01928570298520131,2.5,0.25,15,-0.008349514684450998,0,sl
rb1s,2021-01-25,2021-01-26,train,-1.0,0.01853653427279917,2.5,0.25,15,-0.010847936843114026,0,sl
rb1s,2021-01-26,2021-02-01,train,-1.0,0.01843408493162038,2.5,0.25,15,-0.00971552075425719,0,sl
rb1s,2021-01-27,2021-02-01,train,-1.0,0.01820871605457405,2.5,0.25,15,-0.011771442787215314,0,sl
rb1s,2021-01-28,2021-02-01,train,-1.0,0.018188588631493852,2.5,0.25,15,-0.009330963968805062,0,sl
rb1s,2021-01-29,2021-02-01,train,-1.0,0.018624802646130305,2.5,0.25,15,-0.02408707577153879,0,sl
rb1s,2021-02-01,2021-02-02,train,-1.0,0.01908700620837555,2.5,0.25,15,-0.016288283307050566,0,sl
rb1s,2021-02-02,2021-02-03,train,-1.0,0.017560442197383053,2.5,0.25,15,-0.02017326652361895,0,sl
rb1s,2021-02-03,2021-02-08,train,-1.0,0.013836455799892854,2.5,0.25,15,-0.015892272252411077,0,sl
rb1s,2021-02-04,2021-02-08,train,-1.0,0.013785120443340966,2.5,0.25,15,-0.018239298929412895,0,sl
rb1s,2021-02-05,2021-02-08,train,-1.0,0.013798712591787568,2.5,0.25,15,-0.015461104488828648,0,sl
rb1s,2021-02-08,2021-02-12,train,-1.0,0.011535628416504596,2.5,0.25,15,-0.01056842617333631,0,sl
rb1s,2021-02-09,2021-02-12,train,-1.0,0.01079111067729377,2.5,0.25,15,-0.01129302054293646,0,sl
rb1s,2021-02-10,2021-02-12,train,-1.0,0.010722753280133753,2.5,0.25,15,-0.02364824011982347,0,sl
rb1s,2021-02-11,2021-02-12,train,-1.0,0.010701935660452782,2.5,0.25,15,-0.02563325510778247,0,sl
rb1s,2021-02-12,2021-02-16,train,-1.0,0.01178980723906396,2.5,0.25,15,-0.047503693097366684,0,sl
rb1s,2021-02-16,2021-02-17,train,-1.0,0.014108918729298849,2.5,0.25,15,-0.021208190221606138,0,sl
rb1s,2021-02-17,2021-02-22,train,-1.0,0.014425161595826559,2.5,0.25,15,-0.014000997398332604,0,sl
rb1s,2021-02-18,2021-02-22,train,-1.0,0.014904276949165466,2.5,0.25,15,-0.023155997430647224,0,sl
rb1s,2021-02-19,2021-02-22,train,-1.0,0.014938503889041969,2.5,0.25,15,-0.022235161665918435,0,sl
rb1s,2021-02-22,2021-02-23,train,-1.0,0.015122612544013469,2.5,0.25,15,-0.006007563048996412,0,sl
rb1s,2021-02-23,2021-02-24,train,-1.0,0.015134049620399588,2.5,0.25,15,-0.018120977676492345,0,sl
rb1s,2021-02-24,2021-03-04,train,-1.0,0.015275182386785843,2.5,0.25,15,-0.010213885241099119,0,sl
rb1s,2021-02-25,2021-03-04,train,-1.0,0.015226506388845838,2.5,0.25,15,-0.010878365452781535,0,sl
rb1s,2021-02-26,2021-03-04,train,-1.0,0.0159604315109103,2.5,0.25,15,-0.024301463174838167,0,sl
rb1s,2021-03-01,2021-03-03,train,-1.0,0.01533123760254234,2.5,0.25,15,-0.004580781307575776,0,sl
rb1s,2021-03-02,2021-03-03,train,-1.0,0.015123011080658416,2.5,0.25,15,-0.007952901847343652,0,sl
rb1s,2021-03-03,2021-03-04,train,-1.0,0.014981405935109004,2.5,0.25,15,-0.023619224957912355,0,sl
rb1s,2021-03-04,2021-03-05,train,-1.0,0.015154063550617936,2.5,0.25,15,-0.03343510636348479,0,sl
rb1s,2021-03-05,2021-03-10,train,-1.0,0.01602457049831486,2.5,0.25,15,-0.007168110575011655,0,sl
rb1s,2021-03-08,2021-03-10,train,-1.0,0.016403495601438892,2.5,0.25,15,-0.015033923101308577,0,sl
rb1s,2021-03-09,2021-03-10,train,-1.0,0.01639956361812929,2.5,0.25,15,-0.014291287290239207,0,sl
rb1s,2021-03-10,2021-03-11,train,-1.0,0.01634089143263689,2.5,0.25,15,-0.028131762598984755,0,sl
rb1s,2021-03-11,2021-03-12,train,-1.0,0.016143050826207657,2.5,0.25,15,-0.005612722297200445,0,sl
rb1s,2021-03-12,2021-03-17,train,-1.0,0.01592824717077931,2.5,0.25,15,0.04786046422472201,1,pt
rb1s,2021-03-15,2021-03-18,train,-1.0,0.01705306850584368,2.5,0.25,15,0.07626152169457256,1,pt
rb1s,2021-03-16,2021-03-18,train,-1.0,0.014623160147948342,2.5,0.25,15,0.07476679973656053,1,pt
rb1s,2021-03-17,2021-03-18,train,-1.0,0.01581832837647466,2.5,0.25,15,0.05031507996937923,1,pt
rb1s,2021-03-18,2021-03-23,train,1.0,0.01994212036262247,2.5,0.25,15,-0.02453577616564695,0,sl
rb1s,2021-03-19,2021-03-23,train,1.0,0.019946813497705256,2.5,0.25,15,-0.024033760720521435,0,sl
rb1s,2021-03-22,2021-03-23,train,1.0,0.019437104623477388,2.5,0.25,15,-0.03235023994188613,0,sl
rb1s,2021-03-23,2021-03-24,train,-1.0,0.020782031368803175,2.5,0.25,15,-0.04831478571694481,0,sl
rb1s,2021-03-24,2021-03-25,train,1.0,0.023098481504107295,2.5,0.25,15,-0.0341635222145148,0,sl
rb1s,2021-03-25,2021-04-15,train,1.0,0.02439233994228667,2.5,0.25,15,0.06886851425019169,1,pt
rb1s,2021-03-26,2021-03-29,train,-1.0,0.02498667917019231,2.5,0.25,15,-0.015221472038160044,0,sl
rb1s,2021-03-29,2021-04-01,train,-1.0,0.02516991754491702,2.5,0.25,15,-0.01069518775796241,0,sl
rb1s,2021-03-30,2021-04-01,train,-1.0,0.025159999151248377,2.5,0.25,15,-0.012973353183453495,0,sl
rb1s,2021-03-31,2021-04-01,train,-1.0,0.025500705489710944,2.5,0.25,15,-0.03194366649393765,0,sl
rb1s,2021-04-01,2021-04-14,train,-1.0,0.025947748836569594,2.5,0.25,15,-0.006527221074737577,0,sl
rb1s,2021-04-05,2021-04-13,train,-1.0,0.02568191537947357,2.5,0.25,15,-0.007444803206944517,0,sl
rb1s,2021-04-06,2021-04-14,train,-1.0,0.025676238549291318,2.5,0.25,15,-0.03519300247025425,0,sl
rb1s,2021-04-07,2021-04-12,train,-1.0,0.02569443964425509,2.5,0.25,15,-0.009324726101110903,0,sl
rb1s,2021-04-08,2021-04-13,train,-1.0,0.02544468785464123,2.5,0.25,15,-0.008370338392718057,0,sl
rb1s,2021-04-09,2021-04-13,train,-1.0,0.024433524290620956,2.5,0.25,15,-0.006931350758362376,0,sl
rb1s,2021-04-12,2021-04-14,train,-1.0,0.024402465798987114,2.5,0.25,15,-0.03324873087571101,0,sl
rb1s,2021-04-13,2021-04-14,train,-1.0,0.02411468795498343,2.5,0.25,15,-0.03026775238954782,0,sl
rb1s,2021-04-14,2021-04-15,train,-1.0,0.025218862827645572,2.5,0.25,15,-0.008007860446787696,0,sl
rb1s,2021-04-15,2021-04-28,train,-1.0,0.02461957244858027,2.5,0.25,15,-0.007700027342751881,0,sl
rb1s,2021-04-16,2021-04-28,train,-1.0,0.02148243095610696,2.5,0.25,15,-0.013578565103747442,0,sl
rb1s,2021-04-19,2021-04-28,train,-1.0,0.021471456516032515,2.5,0.25,15,-0.011298076742132013,0,sl
rb1s,2021-04-20,2021-04-28,train,-1.0,0.021706496501849283,2.5,0.25,15,-0.02488297631994585,0,sl
rb1s,2021-04-21,2021-04-23,train,-1.0,0.02064827549915665,2.5,0.25,15,-0.0076749357939212,0,sl
rb1s,2021-04-22,2021-04-23,train,-1.0,0.017760655502645366,2.5,0.25,15,-0.01211448104645596,0,sl
rb1s,2021-04-23,2021-04-27,train,-1.0,0.015978252148822508,2.5,0.25,15,-0.011819859412117717,0,sl
rb1s,2021-04-26,2021-04-27,train,-1.0,0.015026491259498342,2.5,0.25,15,-0.019395035597255417,0,sl
rb1s,2021-04-27,2021-04-28,train,-1.0,0.01526500204490337,2.5,0.25,15,-0.022427051195509584,0,sl
rb1s,2021-04-28,2021-04-29,train,-1.0,0.015990898008479554,2.5,0.25,15,-0.014221663746621926,0,sl
rb1s,2021-04-29,2021-05-04,train,-1.0,0.01546768923840908,2.5,0.25,15,-0.02253065892366357,0,sl
rb1s,2021-04-30,2021-05-03,train,-1.0,0.01438695400729548,2.5,0.25,15,-0.012136974301624859,0,sl
rb1s,2021-05-03,2021-05-20,train,1.0,0.012446568712961088,2.5,0.25,15,-0.025838687513399017,0,sl
rb1s,2021-05-04,2021-05-12,train,-1.0,0.013228140083623942,2.5,0.25,15,-0.004555596938696782,0,sl
rb1s,2021-05-05,2021-05-12,train,-1.0,0.012983000618655594,2.5,0.25,15,-0.004508901290386946,0,sl
rb1s,2021-05-06,2021-05-07,train,-1.0,0.013912758612587114,2.5,0.25,15,-0.006244972572858609,0,sl
rb1s,2021-05-07,2021-05-11,train,-1.0,0.013914138274884654,2.5,0.25,15,-0.006112182522971299,0,sl
rb1s,2021-05-10,2021-05-12,train,-1.0,0.013915278204473884,2.5,0.25,15,-0.01293709495490103,0,sl
rb1s,2021-05-11,2021-05-12,train,-1.0,0.013914780471316059,2.5,0.25,15,-0.009860273805471387,0,sl
rb1s,2021-05-12,2021-05-20,train,-1.0,0.012605677997008579,2.5,0.25,15,0.05266080521532812,1,pt
rb1s,2021-05-13,2021-05-20,train,1.0,0.01460563916861684,2.5,0.25,15,-0.02295614072027241,0,sl
rb1s,2021-05-14,2021-05-19,train,1.0,0.014834626728345074,2.5,0.25,15,-0.0115677603169424,0,sl
rb1s,2021-05-17,2021-05-19,train,1.0,0.015112030729441197,2.5,0.25,15,-0.026085343729751242,0,sl
rb1s,2021-05-18,2021-05-19,train,1.0,0.014649978339595374,2.5,0.25,15,-0.0272571602425421,0,sl
rb1s,2021-05-19,2021-05-20,train,1.0,0.015587851323295676,2.5,0.25,15,-0.026070409940602945,0,sl
rb1s,2021-05-20,2021-05-26,train,1.0,0.016845507682882264,2.5,0.25,15,0.051314631528391,1,pt
rb1s,2021-05-21,2021-06-01,train,1.0,0.01684411933058012,2.5,0.25,15,0.04804674315576096,1,pt
rb1s,2021-05-24,2021-05-26,train,-1.0,0.017424010586032147,2.5,0.25,15,-0.01390394355774971,0,sl
rb1s,2021-05-25,2021-05-26,train,-1.0,0.017017741561481132,2.5,0.25,15,-0.013330821137754745,0,sl
rb1s,2021-05-26,2021-06-01,train,-1.0,0.016579756460333432,2.5,0.25,15,-0.008925252350284074,0,sl
rb1s,2021-05-27,2021-06-01,train,-1.0,0.016326656900536682,2.5,0.25,15,-0.0070527108510858305,0,sl
rb1s,2021-05-28,2021-06-01,train,-1.0,0.016143677599537287,2.5,0.25,15,-0.015676915874861086,0,sl
rb1s,2021-06-01,2021-06-02,train,-1.0,0.016282624429055845,2.5,0.25,15,-0.010919644878864876,0,sl
rb1s,2021-06-02,2021-06-04,train,-1.0,0.015630755137835642,2.5,0.25,15,-0.00793036027110805,0,sl
rb1s,2021-06-03,2021-06-04,train,-1.0,0.015638629945733465,2.5,0.25,15,-0.004405486332122122,0,sl
rb1s,2021-06-04,2021-06-22,train,-1.0,0.015006563142516596,2.5,0.25,15,-0.0057879251624401995,0,sl
rb1s,2021-06-07,2021-06-08,train,-1.0,0.015158498588365729,2.5,0.25,15,-0.011809768071842752,0,sl
rb1s,2021-06-08,2021-06-23,train,-1.0,0.015327167330740155,2.5,0.25,15,-0.020277823413035856,0,sl
rb1s,2021-06-09,2021-06-10,train,-1.0,0.015468632440642751,2.5,0.25,15,-0.004404086179832012,0,sl
rb1s,2021-06-10,2021-06-22,train,-1.0,0.01536185871911268,2.5,0.25,15,-0.005469667137405709,0,sl
rb1s,2021-06-11,2021-06-21,train,-1.0,0.013780011454930704,2.5,0.25,15,-0.004940304801993811,0,sl
rb1s,2021-06-14,2021-06-21,train,-1.0,0.013580752519208818,2.5,0.25,15,-0.011836772984580524,0,sl
rb1s,2021-06-15,2021-06-21,train,-1.0,0.013191224726979107,2.5,0.25,15,-0.012163096223141157,0,sl
rb1s,2021-06-16,2021-06-18,train,-1.0,0.013278668480592327,2.5,0.25,15,-0.005611725114384791,0,sl
rb1s,2021-06-17,2021-06-18,train,-1.0,0.011875280356238568,2.5,0.25,15,-0.015977883968666617,0,sl
rb1s,2021-06-18,2021-06-21,train,-1.0,0.010455985447307322,2.5,0.25,15,-0.013190057374597108,0,sl
rb1s,2021-06-21,2021-06-22,train,-1.0,0.010509386534869157,2.5,0.25,15,-0.012472118172572655,0,sl
rb1s,2021-06-22,2021-06-23,train,-1.0,0.009535937169613613,2.5,0.25,15,-0.017846734910853534,0,sl
rb1s,2021-06-23,2021-06-24,train,-1.0,0.010117241131463294,2.5,0.25,15,-0.004449534662982257,0,sl
rb1s,2021-06-24,2021-06-28,train,-1.0,0.00984598471786912,2.5,0.25,15,0.027324561979529927,1,pt
rb1s,2021-06-25,2021-07-01,train,-1.0,0.010152001633018163,2.5,0.25,15,-0.0028303552963033773,0,sl
rb1s,2021-06-28,2021-06-29,train,-1.0,0.011017597668461996,2.5,0.25,15,-0.01073183880732298,0,sl
rb1s,2021-06-29,2021-07-01,train,-1.0,0.010745855662366695,2.5,0.25,15,-0.011643989891256146,0,sl
rb1s,2021-06-30,2021-07-01,train,-1.0,0.010518387013068564,2.5,0.25,15,-0.011508609828239091,0,sl
rb1s,2021-07-01,2021-07-02,train,-1.0,0.010766907186112605,2.5,0.25,15,-0.014200033887430186,0,sl
rb1s,2021-07-02,2021-07-06,val,-1.0,0.011124494265076723,2.5,0.25,15,0.03113314055613081,1,pt
rb1s,2021-07-06,2021-07-08,val,-1.0,0.013258239531687994,2.5,0.25,15,-0.01211740264318717,0,sl
rb1s,2021-07-07,2021-07-08,val,-1.0,0.013193846300207977,2.5,0.25,15,-0.022302808989347778,0,sl
rb1s,2021-07-08,2021-07-09,val,-1.0,0.013992049290400484,2.5,0.25,15,-0.016317843938838283,0,sl
rb1s,2021-07-09,2021-07-13,val,-1.0,0.01438326500053169,2.5,0.25,15,-0.011474694207998182,0,sl
rb1s,2021-07-12,2021-07-13,val,-1.0,0.014165648640855089,2.5,0.25,15,-0.01804848083248345,0,sl
rb1s,2021-07-13,2021-07-19,val,-1.0,0.014438167616645188,2.5,0.25,15,0.08967778155007722,1,pt
rb1s,2021-07-14,2021-07-19,val,-1.0,0.014755112021223338,2.5,0.25,15,0.07983431551136844,1,pt
rb1s,2021-07-15,2021-07-19,val,-1.0,0.01541001597862963,2.5,0.25,15,0.062169489258899424,1,pt
rb1s,2021-07-16,2021-07-19,val,-1.0,0.015139683774368192,2.5,0.25,15,0.06354277659363217,1,pt
rb1s,2021-07-19,2021-07-22,val,1.0,0.02115624267331453,2.5,0.25,15,0.07714177568418856,1,pt
rb1s,2021-07-20,2021-07-22,val,1.0,0.021053249719420936,2.5,0.25,15,0.06647900553165953,1,pt
rb1s,2021-07-21,2021-07-29,val,1.0,0.022775925583614288,2.5,0.25,15,0.06094283827846203,1,pt
rb1s,2021-07-22,2021-08-12,val,1.0,0.02314529086694888,2.5,0.25,15,0.01245884035767375,1,vert
rb1s,2021-07-23,2021-08-09,val,1.0,0.023165041152076172,2.5,0.25,15,-0.011675216151823431,0,sl
rb1s,2021-07-26,2021-08-04,val,1.0,0.02311444097370416,2.5,0.25,15,-0.011162872835391302,0,sl
rb1s,2021-07-27,2021-08-04,val,1.0,0.022615204730863807,2.5,0.25,15,-0.013720247317172807,0,sl
rb1s,2021-07-28,2021-08-04,val,1.0,0.022524165639964195,2.5,0.25,15,-0.014022787700985528,0,sl
rb1s,2021-07-29,2021-08-02,val,1.0,0.022847057951912518,2.5,0.25,15,-0.021676485714133942,0,sl
rb1s,2021-07-30,2021-08-02,val,1.0,0.02275291020832777,2.5,0.25,15,-0.025699233022419277,0,sl
rb1s,2021-08-02,2021-08-04,val,1.0,0.023393130773472437,2.5,0.25,15,-0.010858576285862398,0,sl
rb1s,2021-08-03,2021-08-04,val,1.0,0.022188294348605985,2.5,0.25,15,-0.009159767487174175,0,sl
rb1s,2021-08-04,2021-08-09,val,1.0,0.022166838152007384,2.5,0.25,15,-0.006755554326690172,0,sl
rb1s,2021-08-05,2021-08-06,val,1.0,0.022043687139843324,2.5,0.25,15,-0.01617262395506447,0,sl
rb1s,2021-08-06,2021-08-09,val,1.0,0.022095656981728527,2.5,0.25,15,-0.009792192164690627,0,sl
rb1s,2021-08-09,2021-08-16,val,1.0,0.022158632043308493,2.5,0.25,15,-0.015169143175183697,0,sl
rb1s,2021-08-10,2021-08-16,val,1.0,0.022031601309664577,2.5,0.25,15,-0.029542749154397474,0,sl
rb1s,2021-08-11,2021-08-12,val,1.0,0.022155099432083564,2.5,0.25,15,-0.011641038808978044,0,sl
rb1s,2021-08-12,2021-08-13,val,1.0,0.021870268903510598,2.5,0.25,15,-0.0056253848190872535,0,sl
rb1s,2021-08-13,2021-08-16,val,1.0,0.021922123785903275,2.5,0.25,15,-0.027269512364309634,0,sl
rb1s,2021-08-16,2021-08-17,val,1.0,0.01694353829348424,2.5,0.25,15,-0.016038893123932252,0,sl
rb1s,2021-08-17,2021-08-18,val,1.0,0.01735453514223321,2.5,0.25,15,-0.008265606952473581,0,sl
rb1s,2021-08-18,2021-08-19,val,1.0,0.014994691061913324,2.5,0.25,15,-0.03082367334526548,0,sl
rb1s,2021-08-19,2021-08-20,val,1.0,0.01512251973088517,2.5,0.25,15,-0.027816478201539874,0,sl
rb1s,2021-08-20,2021-08-23,val,1.0,0.015863357005926615,2.5,0.25,15,0.04921921306617061,1,pt
rb1s,2021-08-23,2021-08-25,val,1.0,0.01977122511350324,2.5,0.25,15,0.07973422035934252,1,pt
rb1s,2021-08-24,2021-09-14,val,1.0,0.02155264264201179,2.5,0.25,15,0.05579315761886794,1,pt
rb1s,2021-08-25,2021-08-26,val,1.0,0.023644885507695765,2.5,0.25,15,-0.02456876507176997,0,sl
rb1s,2021-08-26,2021-09-17,val,1.0,0.02385949924418689,2.5,0.25,15,0.03775749264651829,1,vert
rb1s,2021-08-27,2021-09-09,val,1.0,0.024059016959821426,2.5,0.25,15,-0.00938856424966883,0,sl
rb1s,2021-08-30,2021-09-01,val,1.0,0.023636130041723772,2.5,0.25,15,-0.019918284020088328,0,sl
rb1s,2021-08-31,2021-09-01,val,1.0,0.023671248638641864,2.5,0.25,15,-0.014473131437836462,0,sl
rb1s,2021-09-01,2021-09-23,val,1.0,0.02381616937707902,2.5,0.25,15,0.026632246170311458,1,vert
rb1s,2021-09-02,2021-09-07,val,1.0,0.02406671156883684,2.5,0.25,15,-0.01548416972103761,0,sl
rb1s,2021-09-03,2021-09-07,val,1.0,0.023777387378016133,2.5,0.25,15,-0.011142062526547147,0,sl
rb1s,2021-09-07,2021-09-09,val,1.0,0.023812027123978792,2.5,0.25,15,-0.014225351807449438,0,sl
rb1s,2021-09-08,2021-09-09,val,1.0,0.023590780521173645,2.5,0.25,15,-0.015196286260412029,0,sl
rb1s,2021-09-09,2021-09-30,val,1.0,0.0235657739894743,2.5,0.25,15,0.06507023600300488,1,pt
rb1s,2021-09-10,2021-09-20,val,1.0,0.024161988424404122,2.5,0.25,15,-0.018012999953962883,0,sl
rb1s,2021-09-13,2021-09-20,val,1.0,0.02412294585033504,2.5,0.25,15,-0.0211485954274655,0,sl
rb1s,2021-09-14,2021-09-20,val,1.0,0.023167881808552386,2.5,0.25,15,-0.026330326527984615,0,sl
rb1s,2021-09-15,2021-09-16,val,1.0,0.02289602725987681,2.5,0.25,15,-0.011510922102068388,0,sl
rb1s,2021-09-16,2021-09-20,val,1.0,0.02300216683593831,2.5,0.25,15,-0.030258572820155982,0,sl
rb1s,2021-09-17,2021-09-20,val,1.0,0.021567739714441165,2.5,0.25,15,-0.025837057106898542,0,sl
rb1s,2021-09-20,2021-09-30,val,1.0,0.021404910252373302,2.5,0.25,15,0.05726549471518516,1,pt
rb1s,2021-09-21,2021-09-27,val,1.0,0.019007807994495005,2.5,0.25,15,0.050667373151804806,1,pt
rb1s,2021-09-22,2021-09-29,val,1.0,0.017513257801060965,2.5,0.25,15,0.0438162874081689,1,pt
rb1s,2021-09-23,2021-09-24,val,-1.0,0.015471334066467385,2.5,0.25,15,-0.005455999899613984,0,sl
rb1s,2021-09-24,2021-10-01,val,1.0,0.014293236054311322,2.5,0.25,15,0.05253309616009205,1,pt
rb1s,2021-09-27,2021-09-28,val,1.0,0.014382057749886394,2.5,0.25,15,-0.010368663543730894,0,sl
rb1s,2021-09-28,2021-10-01,val,1.0,0.014253616427806953,2.5,0.25,15,0.04772991846406516,1,pt
rb1s,2021-09-29,2021-10-04,val,1.0,0.014409656222910924,2.5,0.25,15,0.061379310891461314,1,pt
rb1s,2021-09-30,2021-10-04,val,1.0,0.013956638089098276,2.5,0.25,15,0.052187785288958066,1,pt
rb1s,2021-10-01,2021-10-05,val,1.0,0.014005598175745865,2.5,0.25,15,0.047955554391137634,1,pt
rb1s,2021-10-04,2021-10-05,val,-1.0,0.014771782761589998,2.5,0.25,15,-0.02139917627194987,0,sl
rb1s,2021-10-05,2021-10-11,val,-1.0,0.01474360185541249,2.5,0.25,15,-0.008482125104181781,0,sl
rb1s,2021-10-06,2021-10-13,val,1.0,0.015939494034049626,2.5,0.25,15,0.04215405881428458,1,pt
rb1s,2021-10-07,2021-10-08,val,-1.0,0.015257242377786848,2.5,0.25,15,-0.01362234418042041,0,sl
rb1s,2021-10-08,2021-10-11,val,-1.0,0.014684347603943099,2.5,0.25,15,-0.004944637508031757,0,sl
rb1s,2021-10-11,2021-10-15,val,1.0,0.014674203622917738,2.5,0.25,15,0.04562849433724647,1,pt
rb1s,2021-10-12,2021-10-15,val,1.0,0.014696684644424878,2.5,0.25,15,0.043434470116757495,1,pt
rb1s,2021-10-13,2021-10-20,val,1.0,0.014538574545104807,2.5,0.25,15,0.042776969253242036,1,pt
rb1s,2021-10-14,2021-10-28,val,1.0,0.01405213056502371,2.5,0.25,15,-0.006783583378427771,0,sl
rb1s,2021-10-15,2021-10-19,val,1.0,0.014154186029877345,2.5,0.25,15,-0.004383847539745966,0,sl
rb1s,2021-10-18,2021-10-19,val,1.0,0.01187835164620633,2.5,0.25,15,-0.004463927432554304,0,sl
rb1s,2021-10-19,2021-10-27,val,1.0,0.011862306655424391,2.5,0.25,15,-0.014625443211559896,0,sl
rb1s,2021-10-20,2021-10-21,val,1.0,0.011898170815867125,2.5,0.25,15,-0.011282092413741451,0,sl
rb1s,2021-10-21,2021-10-27,val,1.0,0.012454710848482726,2.5,0.25,15,-0.01645307975182697,0,sl
rb1s,2021-10-22,2021-10-27,val,1.0,0.012613203523249319,2.5,0.25,15,-0.015068720426433813,0,sl
rb1s,2021-10-25,2021-10-27,val,1.0,0.012519681176034896,2.5,0.25,15,-0.025995825577020293,0,sl
rb1s,2021-10-26,2021-10-27,val,1.0,0.011897765574937432,2.5,0.25,15,-0.027786859203824732,0,sl
rb1s,2021-10-27,2021-10-28,val,1.0,0.014280184680144407,2.5,0.25,15,-0.008532278619677647,0,sl
rb1s,2021-10-28,2021-11-02,val,1.0,0.0146097167143517,2.5,0.25,15,0.03866208727470899,1,pt
rb1s,2021-10-29,2021-11-03,val,1.0,0.013804641553556297,2.5,0.25,15,-0.01316622351705854,0,sl
rb1s,2021-11-01,2021-11-03,val,1.0,0.013183550801578896,2.5,0.25,15,-0.029386127740321122,0,sl
rb1s,2021-11-02,2021-11-03,val,1.0,0.012905899239131319,2.5,0.25,15,-0.04554916042826007,0,sl
rb1s,2021-11-03,2021-11-04,val,1.0,0.01624224823948634,2.5,0.25,15,-0.019627967593291218,0,sl
rb1s,2021-11-04,2021-11-17,val,1.0,0.0167767841881754,2.5,0.25,15,-0.005365086302322353,0,sl
rb1s,2021-11-05,2021-11-10,val,1.0,0.016726880078089666,2.5,0.25,15,-0.010211555733292244,0,sl
rb1s,2021-11-08,2021-11-10,val,1.0,0.01669141799066524,2.5,0.25,15,-0.010765652492745525,0,sl
rb1s,2021-11-09,2021-11-19,val,-1.0,0.017433816580846848,2.5,0.25,15,0.06875210546807864,1,pt
rb1s,2021-11-10,2021-11-11,val,-1.0,0.01892075819236506,2.5,0.25,15,-0.008967438124838578,0,sl
rb1s,2021-11-11,2021-11-15,val,-1.0,0.018814348493721867,2.5,0.25,15,-0.004745880549600345,0,sl
rb1s,2021-11-12,2021-11-15,val,-1.0,0.018080595815876763,2.5,0.25,15,-0.007527906154587871,0,sl
rb1s,2021-11-15,2021-11-17,val,1.0,0.018209856342763855,2.5,0.25,15,-0.020826176234474802,0,sl
rb1s,2021-11-16,2021-11-17,val,1.0,0.01836137617365076,2.5,0.25,15,-0.02953568525333128,0,sl
rb1s,2021-11-17,2021-11-19,val,1.0,0.019083539383450802,2.5,0.25,15,-0.029996054340700296,0,sl
rb1s,2021-11-18,2021-11-19,val,1.0,0.01910618057688199,2.5,0.25,15,-0.035915095044770196,0,sl
rb1s,2021-11-19,2021-11-23,val,1.0,0.020549954947886178,2.5,0.25,15,0.056284483518787454,1,pt
rb1s,2021-11-22,2021-11-26,val,1.0,0.021071760106265287,2.5,0.25,15,-0.10084872669178435,0,sl
rb1s,2021-11-23,2021-11-26,val,1.0,0.02265303532030765,2.5,0.25,15,-0.1304481418269705,0,sl
rb1s,2021-11-24,2021-11-26,val,1.0,0.021842943946607025,2.5,0.25,15,-0.12568957165430716,0,sl
rb1s,2021-11-26,2021-11-30,val,1.0,0.03695370949365407,2.5,0.25,15,-0.02069557311511394,0,sl
rb1s,2021-11-29,2021-11-30,val,1.0,0.0376194278321572,2.5,0.25,15,-0.04569601520560651,0,sl
rb1s,2021-11-30,2021-12-08,val,1.0,0.0382446061265498,2.5,0.25,15,0.10741714420274184,1,pt
rb1s,2021-12-01,2021-12-08,val,1.0,0.03792020948478835,2.5,0.25,15,0.10117369703128354,1,pt
rb1s,2021-12-02,2021-12-16,val,1.0,0.03712247541626836,2.5,0.25,15,0.10677440705884145,1,pt
rb1s,2021-12-03,2021-12-08,val,1.0,0.03700710049285675,2.5,0.25,15,0.10015873969055966,1,pt
rb1s,2021-12-06,2021-12-28,val,1.0,0.038600240900337056,2.5,0.25,15,0.10299474463824665,1,pt
rb1s,2021-12-07,2021-12-29,val,1.0,0.039267339498739694,2.5,0.25,15,0.08305725444655954,1,vert
rb1s,2021-12-08,2021-12-13,val,1.0,0.039276771288934545,2.5,0.25,15,-0.014894112440907992,0,sl
rb1s,2021-12-09,2021-12-20,val,1.0,0.03868599308599598,2.5,0.25,15,-0.018041721499137853,0,sl
rb1s,2021-12-10,2021-12-13,val,1.0,0.038625824570076996,2.5,0.25,15,-0.009685570121310771,0,sl
rb1s,2021-12-13,2021-12-20,val,1.0,0.0386569305479093,2.5,0.25,15,-0.012520671768490588,0,sl
rb1s,2021-12-14,2021-12-20,val,1.0,0.03857630167927691,2.5,0.25,15,-0.009854084931383289,0,sl
rb1s,2021-12-15,2021-12-20,val,1.0,0.038558913339930105,2.5,0.25,15,-0.017626321701876613,0,sl
rb1s,2021-12-16,2021-12-17,val,1.0,0.03849097108692633,2.5,0.25,15,-0.02575994102458934,0,sl
rb1s,2021-12-17,2021-12-20,val,1.0,0.03884802124315744,2.5,0.25,15,-0.014940850048430598,0,sl
rb1s,2021-12-20,2021-12-30,val,1.0,0.03815066559579302,2.5,0.25,15,0.1001463168400265,1,pt
rb1s,2021-12-21,2022-01-11,val,1.0,0.038445534750993035,2.5,0.25,15,0.09912346238277392,1,pt
rb1s,2021-12-22,2022-01-12,val,1.0,0.03767237192435653,2.5,0.25,15,0.10429561163951528,1,pt
rb1s,2021-12-23,2022-01-14,val,1.0,0.03792346864408343,2.5,0.25,15,0.09789860678183904,1,pt
rb1s,2021-12-27,2022-01-11,val,1.0,0.02142251217584642,2.5,0.25,15,0.056940460035087126,1,pt
rb1s,2021-12-28,2021-12-31,val,1.0,0.020915809824393297,2.5,0.25,15,-0.009528049864633403,0,sl
rb1s,2021-12-29,2021-12-31,val,1.0,0.016975326981804546,2.5,0.25,15,-0.018529956604878883,0,sl
rb1s,2021-12-30,2022-01-06,val,-1.0,0.01697837334025109,2.5,0.25,15,-0.0056297452945359705,0,sl
rb1s,2021-12-31,2022-01-11,test,1.0,0.018964134220913767,2.5,0.25,15,0.059696125237193254,1,pt
rb1s,2022-01-03,2022-01-12,test,1.0,0.018750780061510753,2.5,0.25,15,0.0595169500461985,1,pt
rb1s,2022-01-04,2022-01-12,test,1.0,0.01651551660698565,2.5,0.25,15,0.050300926302654814,1,pt
rb1s,2022-01-05,2022-01-10,test,1.0,0.015708106716833693,2.5,0.25,15,-0.007285895438071344,0,sl
rb1s,2022-01-06,2022-01-10,test,1.0,0.015111989832786861,2.5,0.25,15,-0.01254176911805538,0,sl
rb1s,2022-01-07,2022-01-10,test,1.0,0.014871262082284857,2.5,0.25,15,-0.010222279685932922,0,sl
rb1s,2022-01-10,2022-01-12,test,1.0,0.015210882443683113,2.5,0.25,15,0.050716356907935856,1,pt
rb1s,2022-01-11,2022-01-19,test,1.0,0.016470859443137226,2.5,0.25,15,0.042249935322976384,1,pt
rb1s,2022-01-12,2022-01-26,test,1.0,0.016455039989791528,2.5,0.25,15,0.05361028227481768,1,pt
rb1s,2022-01-13,2022-01-26,test,1.0,0.016577502710342983,2.5,0.25,15,0.05657122644739898,1,pt
rb1s,2022-01-14,2022-01-18,test,-1.0,0.016199994144960244,2.5,0.25,15,-0.005291442232647103,0,sl
rb1s,2022-01-18,2022-01-19,test,-1.0,0.014406760962442984,2.5,0.25,15,-0.010362693929349742,0,sl
rb1s,2022-01-19,2022-01-21,test,1.0,0.013448394402325257,2.5,0.25,15,-0.005942205416437862,0,sl
rb1s,2022-01-20,2022-01-21,test,1.0,0.012551646522605426,2.5,0.25,15,-0.008041588535999789,0,sl
rb1s,2022-01-21,2022-01-25,test,-1.0,0.012970064970228514,2.5,0.25,15,-0.006580830009441652,0,sl
rb1s,2022-01-24,2022-01-26,test,1.0,0.013749873989480181,2.5,0.25,15,0.05041422130750739,1,pt
rb1s,2022-01-25,2022-01-31,test,1.0,0.014411720063284542,2.5,0.25,15,0.03727767343555222,1,pt
rb1s,2022-01-26,2022-02-03,test,1.0,0.015052198352145075,2.5,0.25,15,0.047360493856072994,1,pt
rb1s,2022-01-27,2022-02-03,test,1.0,0.015099550644239275,2.5,0.25,15,0.04827449313183929,1,pt
rb1s,2022-01-28,2022-02-03,test,1.0,0.01504598421628843,2.5,0.25,15,0.04129398341884816,1,pt
rb1s,2022-01-31,2022-02-03,test,1.0,0.012650006890299824,2.5,0.25,15,0.034567804586034256,1,pt
rb1s,2022-02-01,2022-02-04,test,1.0,0.012534778478384755,2.5,0.25,15,0.04011338828491362,1,pt
rb1s,2022-02-02,2022-02-11,test,1.0,0.012592476731063194,2.5,0.25,15,0.050479478472897465,1,pt
rb1s,2022-02-03,2022-02-08,test,1.0,0.012686919752707422,2.5,0.25,15,-0.006659855462358033,0,sl
rb1s,2022-02-04,2022-02-08,test,1.0,0.012759236529448154,2.5,0.25,15,-0.019936531587724238,0,sl
rb1s,2022-02-07,2022-02-08,test,1.0,0.012607966718341005,2.5,0.25,15,-0.02241835200722797,0,sl
rb1s,2022-02-08,2022-02-09,test,-1.0,0.013787158259154867,2.5,0.25,15,-0.010780542754780909,0,sl
rb1s,2022-02-09,2022-02-11,test,1.0,0.012120989132355712,2.5,0.25,15,0.03210974511158926,1,pt
rb1s,2022-02-10,2022-02-14,test,1.0,0.011966505327240294,2.5,0.25,15,0.04277031600920522,1,pt
rb1s,2022-02-11,2022-02-15,test,1.0,0.012736444176478665,2.5,0.25,15,-0.025377930498651002,0,sl
rb1s,2022-02-14,2022-02-15,test,-1.0,0.012744690304036209,2.5,0.25,15,0.0396848246896615,1,pt
rb1s,2022-02-15,2022-02-17,test,1.0,0.01657717835852934,2.5,0.25,15,-0.007680491133694289,0,sl
rb1s,2022-02-16,2022-02-17,test,1.0,0.016524540446504157,2.5,0.25,15,-0.010645847825017651,0,sl
rb1s,2022-02-17,2022-02-24,test,1.0,0.016855155564319484,2.5,0.25,15,0.04309728142778857,1,pt
rb1s,2022-02-18,2022-02-28,test,1.0,0.016634381091650503,2.5,0.25,15,0.04288915006463956,1,pt
rb1s,2022-02-22,2022-03-01,test,1.0,0.01590676480449005,2.5,0.25,15,0.08212171164976123,1,pt
rb1s,2022-02-23,2022-03-01,test,1.0,0.015279587622439715,2.5,0.25,15,0.07395688520768795,1,pt
rb1s,2022-02-24,2022-02-25,test,1.0,0.014760188175873943,2.5,0.25,15,-0.014537973715434638,0,sl
rb1s,2022-02-25,2022-03-01,test,1.0,0.01533577586063349,2.5,0.25,15,0.07466685279311136,1,pt
rb1s,2022-02-28,2022-03-01,test,1.0,0.015754978960722695,2.5,0.25,15,0.053265132418664374,1,pt
rb1s,2022-03-01,2022-03-02,test,1.0,0.01899275906231979,2.5,0.25,15,0.07109787311965987,1,pt
rb1s,2022-03-02,2022-03-04,test,-1.0,0.023507683820188585,2.5,0.25,15,-0.07124505017426741,0,sl
rb1s,2022-03-03,2022-03-04,test,-1.0,0.023803845984371987,2.5,0.25,15,-0.07904031233124886,0,sl
rb1s,2022-03-04,2022-03-07,test,-1.0,0.02816121857766139,2.5,0.25,15,-0.00792889366120475,0,sl
rb1s,2022-03-07,2022-03-08,test,-1.0,0.02817315321193479,2.5,0.25,15,-0.03093418450800045,0,sl
rb1s,2022-03-08,2022-03-09,test,-1.0,0.028387064868164138,2.5,0.25,15,0.10557758130168238,1,pt
rb1s,2022-03-09,2022-03-21,test,-1.0,0.03918725622990226,2.5,0.25,15,-0.023620134670080173,0,sl
rb1s,2022-03-10,2022-03-11,test,-1.0,0.04081263130622217,2.5,0.25,15,-0.04922862556708951,0,sl
rb1s,2022-03-11,2022-03-21,test,-1.0,0.04187791716912841,2.5,0.25,15,-0.01796443291583749,0,sl
rb1s,2022-03-14,2022-03-17,test,-1.0,0.043194355976568864,2.5,0.25,15,-0.015052542593156915,0,sl
rb1s,2022-03-15,2022-03-21,test,1.0,0.04513038229279734,2.5,0.25,15,0.12457889887293039,1,pt
rb1s,2022-03-16,2022-03-21,test,1.0,0.04408308259350364,2.5,0.25,15,0.12856903658441654,1,pt
rb1s,2022-03-17,2022-03-21,test,-1.0,0.04685207248514364,2.5,0.25,15,-0.04818752638765211,0,sl
rb1s,2022-03-18,2022-03-21,test,-1.0,0.04667748445019696,2.5,0.25,15,-0.041002839987163586,0,sl
rb1s,2022-03-21,2022-03-23,test,-1.0,0.04724663340476529,2.5,0.25,15,-0.019901530746123663,0,sl
rb1s,2022-03-22,2022-03-23,test,-1.0,0.04745853104977524,2.5,0.25,15,-0.032425615936811036,0,sl
rb1s,2022-03-23,2022-04-11,test,-1.0,0.047765659780577306,2.5,0.25,15,0.1217721887209069,1,pt
rb1s,2022-03-24,2022-03-25,test,-1.0,0.04804101895116828,2.5,0.25,15,-0.020006530405461298,0,sl
rb1s,2022-03-25,2022-04-11,test,-1.0,0.04782275816848143,2.5,0.25,15,0.1260658268278353,1,pt
rb1s,2022-03-28,2022-03-30,test,-1.0,0.05107896470403429,2.5,0.25,15,-0.028221012080540397,0,sl
rb1s,2022-03-29,2022-03-30,test,-1.0,0.04988421306867049,2.5,0.25,15,-0.03453269079107679,0,sl
rb1s,2022-03-30,2022-04-14,test,-1.0,0.04799782708130421,2.5,0.25,15,-0.02890701161343401,0,sl
rb1s,2022-03-31,2022-04-06,test,1.0,0.04889725610710994,2.5,0.25,15,-0.03322860159398955,0,sl
rb1s,2022-04-01,2022-04-06,test,1.0,0.04535729239705415,2.5,0.25,15,-0.034025685315117626,0,sl
rb1s,2022-04-04,2022-04-06,test,1.0,0.045473924771817026,2.5,0.25,15,-0.047496951430540335,0,sl
rb1s,2022-04-05,2022-04-06,test,1.0,0.044696253264438435,2.5,0.25,15,-0.03750513434503977,0,sl
rb1s,2022-04-06,2022-04-11,test,1.0,0.038230823225622226,2.5,0.25,15,-0.014148775464776442,0,sl
rb1s,2022-04-07,2022-04-11,test,1.0,0.03711912836998689,2.5,0.25,15,-0.012073162848384666,0,sl
rb1s,2022-04-08,2022-04-11,test,1.0,0.036040247578976815,2.5,0.25,15,-0.041033337026806116,0,sl
rb1s,2022-04-11,2022-04-13,test,1.0,0.035903737881881864,2.5,0.25,15,0.09596750000917686,1,pt
rb1s,2022-04-12,2022-04-27,test,1.0,0.03537606729471989,2.5,0.25,15,0.08922904995796577,1,pt
rb1s,2022-04-13,2022-04-19,test,1.0,0.036432896986185175,2.5,0.25,15,-0.01333819497615385,0,sl
rb1s,2022-04-14,2022-04-27,test,-1.0,0.033134572195165406,2.5,0.25,15,-0.01591369755506644,0,sl
rb1s,2022-04-18,2022-04-27,test,-1.0,0.033129968846733145,2.5,0.25,15,-0.016906124476179007,0,sl
rb1s,2022-04-19,2022-04-20,test,-1.0,0.03313395618822531,2.5,0.25,15,-0.011516906180315756,0,sl
rb1s,2022-04-20,2022-04-21,test,-1.0,0.03315755949510213,2.5,0.25,15,-0.016378470602640416,0,sl
rb1s,2022-04-21,2022-04-27,test,-1.0,0.03253292105063923,2.5,0.25,15,-0.028937452395200403,0,sl
rb1s,2022-04-22,2022-04-27,test,-1.0,0.03243585518434647,2.5,0.25,15,-0.03880097335905863,0,sl
rb1s,2022-04-25,2022-05-02,test,1.0,0.032320409186512175,2.5,0.25,15,0.08989008260516851,1,pt
rb1s,2022-04-26,2022-04-27,test,-1.0,0.02851757788369016,2.5,0.25,15,-0.030957413639956632,0,sl
rb1s,2022-04-27,2022-04-28,test,-1.0,0.029131696769621393,2.5,0.25,15,-0.018280358160187582,0,sl
rb1s,2022-04-28,2022-05-02,test,-1.0,0.028480259076211673,2.5,0.25,15,-0.009839178560509643,0,sl
rb1s,2022-04-29,2022-05-02,test,-1.0,0.02663348987927426,2.5,0.25,15,-0.019666512252070945,0,sl
rb1s,2022-05-02,2022-05-04,test,-1.0,0.026815050159873902,2.5,0.25,15,-0.040511665477256376,0,sl
rb1s,2022-05-03,2022-05-04,test,-1.0,0.026798980573934247,2.5,0.25,15,-0.04315663117284485,0,sl
rb1s,2022-05-04,2022-05-06,test,-1.0,0.027789176310455497,2.5,0.25,15,-0.029214468278906613,0,sl
rb1s,2022-05-05,2022-05-06,test,-1.0,0.025686829741465383,2.5,0.25,15,-0.027414109549211085,0,sl
rb1s,2022-05-06,2022-05-12,test,-1.0,0.0258217253783987,2.5,0.25,15,-0.008699121891611483,0,sl
rb1s,2022-05-09,2022-05-11,test,-1.0,0.027085782157781128,2.5,0.25,15,-0.011971773013878195,0,sl
rb1s,2022-05-10,2022-05-12,test,1.0,0.02589051843063839,2.5,0.25,15,0.0706480306789341,1,pt
rb1s,2022-05-11,2022-05-13,test,1.0,0.025213803911170778,2.5,0.25,15,0.07388413992081366,1,pt
rb1s,2022-05-12,2022-05-13,test,-1.0,0.024372146878381337,2.5,0.25,15,-0.04380620782690814,0,sl
rb1s,2022-05-13,2022-05-16,test,-1.0,0.025285315609155035,2.5,0.25,15,-0.01644853282321801,0,sl
rb1s,2022-05-16,2022-05-18,test,-1.0,0.025251098709195,2.5,0.25,15,0.07514479690114928,1,pt
rb1s,2022-05-17,2022-05-27,test,-1.0,0.023631130508568014,2.5,0.25,15,-0.032059937609402844,0,sl
rb1s,2022-05-18,2022-05-19,test,-1.0,0.02805673893054156,2.5,0.25,15,-0.029860775553439467,0,sl
rb1s,2022-05-19,2022-05-25,test,-1.0,0.02844852170098469,2.5,0.25,15,-0.011045025086327431,0,sl
rb1s,2022-05-20,2022-05-25,test,-1.0,0.02821401395277663,2.5,0.25,15,-0.009648481471343118,0,sl
rb1s,2022-05-23,2022-05-25,test,-1.0,0.027568144940437606,2.5,0.25,15,-0.0122547685787191,0,sl
rb1s,2022-05-24,2022-05-25,test,-1.0,0.027224239539682147,2.5,0.25,15,-0.009648481471343118,0,sl
rb1s,2022-05-25,2022-06-01,test,1.0,0.026686133727175272,2.5,0.25,15,0.09295895615852579,1,pt
rb1s,2022-05-26,2022-06-01,test,1.0,0.02668006992853491,2.5,0.25,15,0.0736209257932563,1,pt
rb1s,2022-05-27,2022-06-01,test,-1.0,0.026946758362348798,2.5,0.25,15,-0.04082415196359834,0,sl
rb1s,2022-05-31,2022-06-01,test,-1.0,0.026860600448174374,2.5,0.25,15,-0.03968132381326561,0,sl
rb1s,2022-06-01,2022-06-02,test,-1.0,0.027638849720693488,2.5,0.25,15,-0.02930052055317489,0,sl
rb1s,2022-06-02,2022-06-03,test,-1.0,0.026958339160063533,2.5,0.25,15,-0.014626929985957826,0,sl
rb1s,2022-06-03,2022-06-15,test,-1.0,0.02693293254713197,2.5,0.25,15,0.08419171291892369,1,pt
rb1s,2022-06-06,2022-06-08,test,-1.0,0.02708773302104664,2.5,0.25,15,-0.006892439255386185,0,sl
rb1s,2022-06-07,2022-06-08,test,-1.0,0.025792671261568634,2.5,0.25,15,-0.01544122968243844,0,sl
rb1s,2022-06-08,2022-06-09,test,-1.0,0.024340748787394628,2.5,0.25,15,-0.012861508057777638,0,sl
si1s,2020-01-03,2020-01-07,train,1.0,0.009325507919593854,0.75,0.25,20,0.013332598405175755,1,pt
si1s,2020-01-06,2020-01-07,train,1.0,0.009262095955616513,0.75,0.25,20,0.011771824796491304,1,pt
si1s,2020-01-07,2020-01-08,train,1.0,0.005997638271809596,0.75,0.25,20,-0.01228728315097194,0,sl
si1s,2020-01-08,2020-01-09,train,1.0,0.007155302372795675,0.75,0.25,20,-0.012715363277844283,0,sl
si1s,2020-01-09,2020-01-10,train,1.0,0.008123681055582985,0.75,0.25,20,0.009422391304628075,1,pt
si1s,2020-01-10,2020-01-13,train,1.0,0.008145546389699257,0.75,0.25,20,-0.0060204363862136345,0,sl
si1s,2020-01-13,2020-01-14,train,1.0,0.008400846016531315,0.75,0.25,20,-0.014114248667733142,0,sl
si1s,2020-01-14,2020-01-15,train,1.0,0.009235468376338025,0.75,0.25,20,0.013865405361341399,1,pt
si1s,2020-01-16,2020-01-17,train,-1.0,0.009576331553211208,0.75,0.25,20,-0.007469758627185019,0,sl
si1s,2020-01-17,2020-01-21,train,-1.0,0.009593240009851754,0.75,0.25,20,0.014662755437523045,1,pt
si1s,2020-01-21,2020-01-24,train,1.0,0.010334344602890238,0.75,0.25,20,0.01712713358361362,1,pt
si1s,2020-01-22,2020-01-24,train,1.0,0.010322313544623827,0.75,0.25,20,0.015986089384531166,1,pt
si1s,2020-01-23,2020-01-24,train,1.0,0.009775092442822602,0.75,0.25,20,0.015929103956224155,1,pt
si1s,2020-01-24,2020-01-27,train,1.0,0.009378404661497154,0.75,0.25,20,-0.0031469104277461746,0,sl
si1s,2020-01-27,2020-01-28,train,-1.0,0.009269113462274877,0.75,0.25,20,0.033119186019810676,1,pt
si1s,2020-01-28,2020-01-30,train,-1.0,0.011971548944791605,0.75,0.25,20,-0.030587697058540142,0,sl
si1s,2020-01-29,2020-01-30,train,-1.0,0.011944968636864029,0.75,0.25,20,-0.028878596529007927,0,sl
si1s,2020-01-30,2020-02-03,train,-1.0,0.013655180028034057,0.75,0.25,20,0.01789684285370019,1,pt
si1s,2020-01-31,2020-02-03,train,-1.0,0.013565317309482215,0.75,0.25,20,0.018987341226170074,1,pt
si1s,2020-02-03,2020-02-06,train,-1.0,0.014131483743931136,0.75,0.25,20,-0.008375777055727784,0,sl
si1s,2020-02-04,2020-02-06,train,-1.0,0.01415412262780197,0.75,0.25,20,-0.01463470083332008,0,sl
si1s,2020-02-05,2020-02-06,train,1.0,0.013837627205462512,0.75,0.25,20,0.012271332097580467,1,pt
si1s,2020-02-06,2020-02-07,train,1.0,0.013977093377943953,0.75,0.25,20,-0.007071500876424386,0,sl
si1s,2020-02-07,2020-02-11,train,1.0,0.013779958099839132,0.75,0.25,20,-0.005369658083772322,0,sl
si1s,2020-02-11,2020-02-12,train,1.0,0.01378043241776325,0.75,0.25,20,-0.005682786637193349,0,sl
si1s,2020-02-12,2020-02-13,train,-1.0,0.013482915884986135,0.75,0.25,20,-0.006972624098919633,0,sl
si1s,2020-02-13,2020-02-18,train,1.0,0.013180612017789566,0.75,0.25,20,0.03013791894262119,1,pt
si1s,2020-02-14,2020-02-18,train,1.0,0.013279590336054994,0.75,0.25,20,0.02345776531376731,1,pt
si1s,2020-02-19,2020-02-21,train,-1.0,0.013880058112601944,0.75,0.25,20,-0.01196002289127418,0,sl
si1s,2020-02-20,2020-02-21,train,-1.0,0.01388160742885644,0.75,0.25,20,-0.011518094973952397,0,sl
si1s,2020-02-21,2020-02-24,train,-1.0,0.014058107558143705,0.75,0.25,20,-0.018672424087266215,0,sl
si1s,2020-02-24,2020-02-25,train,-1.0,0.014210300380928487,0.75,0.25,20,0.036497891399924876,1,pt
si1s,2020-02-25,2020-02-26,train,-1.0,0.01668862276474783,0.75,0.25,20,0.019378147150208247,1,pt
si1s,2020-02-26,2020-02-28,train,-1.0,0.015424015002645352,0.75,0.25,20,0.08133303493858979,1,pt
si1s,2020-02-27,2020-02-28,train,-1.0,0.015621056744211182,0.75,0.25,20,0.0720608957263652,1,pt
si1s,2020-02-28,2020-03-02,train,1.0,0.021746973065681723,0.75,0.25,20,0.017135565315580914,1,pt
si1s,2020-03-02,2020-03-03,train,1.0,0.022253533565678833,0.75,0.25,20,0.02682358515793104,1,pt
si1s,2020-03-03,2020-03-09,train,1.0,0.022933542196615496,0.75,0.25,20,-0.0077961367876236976,0,sl
si1s,2020-03-04,2020-03-09,train,1.0,0.022932586963211793,0.75,0.25,20,-0.011133015899544518,0,sl
si1s,2020-03-05,2020-03-06,train,1.0,0.02302258488304083,0.75,0.25,20,-0.007474272164028406,0,sl
si1s,2020-03-06,2020-03-09,train,1.0,0.022857218842300586,0.75,0.25,20,-0.012106817743348541,0,sl
si1s,2020-03-09,2020-03-10,train,1.0,0.022947269439434946,0.75,0.25,20,-0.005805090474907959,0,sl
si1s,2020-03-10,2020-03-11,train,1.0,0.0228953009520658,0.75,0.25,20,-0.010557356119216377,0,sl
si1s,2020-03-11,2020-03-12,train,1.0,0.022895052553523323,0.75,0.25,20,-0.04595851212664148,0,sl
si1s,2020-03-12,2020-03-13,train,1.0,0.02496220539316863,0.75,0.25,20,-0.09403311596851249,0,sl
si1s,2020-03-13,2020-03-16,train,1.0,0.032440423534087263,0.75,0.25,20,-0.1161379307745316,0,sl
si1s,2020-03-16,2020-03-17,train,1.0,0.040884741608969204,0.75,0.25,20,-0.025046816283621265,0,sl
si1s,2020-03-17,2020-03-18,train,1.0,0.039834597812874885,0.75,0.25,20,-0.057863144838245284,0,sl
si1s,2020-03-18,2020-03-19,train,1.0,0.040265087193239665,0.75,0.25,20,0.03075093338113244,1,pt
si1s,2020-03-19,2020-03-23,train,1.0,0.04168103153563711,0.75,0.25,20,0.09287951325194954,1,pt
si1s,2020-03-20,2020-03-23,train,1.0,0.04209544763085839,0.75,0.25,20,0.07073072412258496,1,pt
si1s,2020-03-23,2020-03-24,train,1.0,0.04582738406273789,0.75,0.25,20,0.07510745692707221,1,pt
si1s,2020-03-24,2020-03-25,train,1.0,0.049779962739028114,0.75,0.25,20,0.043206846850016856,1,pt
si1s,2020-03-26,2020-03-30,train,1.0,0.05122020699949495,0.75,0.25,20,-0.03706732029764692,0,sl
si1s,2020-03-27,2020-03-30,train,1.0,0.04886500905786393,0.75,0.25,20,-0.027659281504493483,0,sl
si1s,2020-03-30,2020-04-02,train,-1.0,0.04877713966239508,0.75,0.25,20,-0.03693744665086651,0,sl
si1s,2020-03-31,2020-04-02,train,-1.0,0.04815386072554416,0.75,0.25,20,-0.03517942981919875,0,sl
si1s,2020-04-01,2020-04-02,train,-1.0,0.04805720378043865,0.75,0.25,20,-0.04791189899124548,0,sl
si1s,2020-04-02,2020-04-06,train,-1.0,0.049592252948497714,0.75,0.25,20,-0.03514398872382962,0,sl
si1s,2020-04-03,2020-04-06,train,-1.0,0.04959441416540495,0.75,0.25,20,-0.04657099622905325,0,sl
si1s,2020-04-06,2020-04-07,train,-1.0,0.05104097321696622,0.75,0.25,20,-0.02050233899417364,0,sl
si1s,2020-04-07,2020-04-09,train,-1.0,0.05137490427326817,0.75,0.25,20,-0.037015504142143385,0,sl
si1s,2020-04-08,2020-04-09,train,-1.0,0.05144627495417682,0.75,0.25,20,-0.055771127070654236,0,sl
si1s,2020-04-09,2020-04-17,train,-1.0,0.052063963013329606,0.75,0.25,20,0.04721858726141459,1,pt
si1s,2020-04-13,2020-04-14,train,-1.0,0.047339595459821325,0.75,0.25,20,-0.03816695683729843,0,sl
si1s,2020-04-14,2020-04-15,train,-1.0,0.03723017686601326,0.75,0.25,20,0.03874767464488227,1,pt
si1s,2020-04-15,2020-04-21,train,-1.0,0.03809225874033205,0.75,0.25,20,0.04056755913677601,1,pt
si1s,2020-04-16,2020-04-21,train,-1.0,0.0343351703943615,0.75,0.25,20,0.04775316867570312,1,pt
si1s,2020-04-17,2020-04-20,train,-1.0,0.03498315500620033,0.75,0.25,20,-0.020856489413126234,0,sl
si1s,2020-04-20,2020-04-21,train,-1.0,0.03498541529969372,0.75,0.25,20,0.047265275065782264,1,pt
si1s,2020-04-22,2020-04-27,train,1.0,0.031644694513363145,0.75,0.25,20,-0.01139709684448531,0,sl
si1s,2020-04-23,2020-04-27,train,1.0,0.03030852424857211,0.75,0.25,20,-0.012813342812961537,0,sl
si1s,2020-04-24,2020-04-30,train,-1.0,0.030164288586841788,0.75,0.25,20,0.030560050912159964,1,pt
si1s,2020-04-29,2020-04-30,train,-1.0,0.029293659389138336,0.75,0.25,20,0.022331048331760583,1,pt
si1s,2020-04-30,2020-05-04,train,1.0,0.029672535670779626,0.75,0.25,20,-0.011821279689391173,0,sl
si1s,2020-05-01,2020-05-04,train,1.0,0.027815956145159672,0.75,0.25,20,-0.009505959089852412,0,sl
si1s,2020-05-04,2020-05-05,train,1.0,0.02778713472953469,0.75,0.25,20,0.02122195326345766,1,pt
si1s,2020-05-05,2020-05-07,train,1.0,0.02618840579400174,0.75,0.25,20,0.03176704104818051,1,pt
si1s,2020-05-06,2020-05-07,train,1.0,0.025732866318964702,0.75,0.25,20,0.038295038090829125,1,pt
si1s,2020-05-07,2020-05-08,train,-1.0,0.02690473792255427,0.75,0.25,20,-0.012059012953085535,0,sl
si1s,2020-05-08,2020-05-11,train,1.0,0.023971411861645895,0.75,0.25,20,-0.006211181578816838,0,sl
si1s,2020-05-11,2020-05-14,train,1.0,0.022862762016182255,0.75,0.25,20,0.03035714403812384,1,pt
si1s,2020-05-12,2020-05-14,train,1.0,0.0210998163009474,0.75,0.25,20,0.028455026910929826,1,pt
si1s,2020-05-13,2020-05-14,train,1.0,0.019161755271768253,0.75,0.25,20,0.030948886999242697,1,pt
si1s,2020-05-14,2020-05-15,train,1.0,0.020294127165440035,0.75,0.25,20,0.05657340837334668,1,pt
si1s,2020-05-15,2020-05-18,train,1.0,0.022884291436795556,0.75,0.25,20,0.023315758998002867,1,pt
si1s,2020-05-18,2020-05-19,train,1.0,0.022977555695701576,0.75,0.25,20,0.024788184676262093,1,pt
si1s,2020-05-19,2020-05-21,train,1.0,0.019586825656279682,0.75,0.25,20,-0.02999832445631989,0,sl
si1s,2020-05-20,2020-05-21,train,1.0,0.018907598038708097,0.75,0.25,20,-0.03699184667628608,0,sl
si1s,2020-05-21,2020-05-22,train,1.0,0.021425438930298538,0.75,0.25,20,0.018947247949355317,1,pt
si1s,2020-05-22,2020-05-28,train,-1.0,0.021434227182230665,0.75,0.25,20,-0.01548635044634361,0,sl
si1s,2020-05-26,2020-05-27,train,-1.0,0.021395882665300167,0.75,0.25,20,-0.009207161010969855,0,sl
si1s,2020-05-27,2020-05-28,train,-1.0,0.021323198707471066,0.75,0.25,20,-0.01182632335999445,0,sl
si1s,2020-05-28,2020-05-29,train,-1.0,0.02125414410573933,0.75,0.25,20,-0.02960983961321384,0,sl
si1s,2020-05-29,2020-06-01,train,-1.0,0.02047307473484346,0.75,0.25,20,-0.017730688034021336,0,sl
si1s,2020-06-01,2020-06-02,train,-1.0,0.020295476840013402,0.75,0.25,20,0.030116321914676947,1,pt
si1s,2020-06-02,2020-06-03,train,-1.0,0.02192632818866758,0.75,0.25,20,0.016538883551083794,1,pt
si1s,2020-06-04,2020-06-05,train,-1.0,0.022326827876340872,0.75,0.25,20,0.03222413019934922,1,pt
si1s,2020-06-09,2020-06-12,train,1.0,0.02343429356876426,0.75,0.25,20,-0.017533999631881625,0,sl
si1s,2020-06-10,2020-06-12,train,1.0,0.023454942635046747,0.75,0.25,20,-0.017644413941849235,0,sl
si1s,2020-06-11,2020-06-12,train,-1.0,0.02336857021053003,0.75,0.25,20,0.022751411248846165,1,pt
si1s,2020-06-12,2020-06-16,train,-1.0,0.02355441459733337,0.75,0.25,20,-0.009724287963138067,0,sl
si1s,2020-06-15,2020-06-16,train,-1.0,0.020298450827192394,0.75,0.25,20,-0.014541065703789213,0,sl
si1s,2020-06-16,2020-06-17,train,-1.0,0.01989239534227301,0.75,0.25,20,-0.006968048478360522,0,sl
si1s,2020-06-17,2020-06-18,train,-1.0,0.019153248721755188,0.75,0.25,20,0.015021097598436284,1,pt
si1s,2020-06-18,2020-06-19,train,-1.0,0.01933904993869919,0.75,0.25,20,-0.01936257819338061,0,sl
si1s,2020-06-19,2020-06-23,train,-1.0,0.017857100455548135,0.75,0.25,20,-0.012102874271014752,0,sl
si1s,2020-06-22,2020-06-23,train,-1.0,0.017391078573090378,0.75,0.25,20,-0.008993409246599748,0,sl
si1s,2020-06-23,2020-06-24,train,-1.0,0.017423958306239842,0.75,0.25,20,0.021757184188124667,1,pt
si1s,2020-06-24,2020-06-25,train,-1.0,0.018066292405065826,0.75,0.25,20,-0.01347482022426183,0,sl
si1s,2020-06-25,2020-06-26,train,-1.0,0.018126780039252093,0.75,0.25,20,-0.006481634253362012,0,sl
si1s,2020-06-26,2020-06-29,train,1.0,0.016858586793471964,0.75,0.25,20,-0.005724350448145565,0,sl
si1s,2020-06-29,2020-06-30,train,1.0,0.016280890981827202,0.75,0.25,20,0.031720549969135536,1,pt
si1s,2020-07-01,2020-07-02,train,-1.0,0.016912858072529503,0.75,0.25,20,-0.00570863974759761,0,sl
si1s,2020-07-02,2020-07-06,train,-1.0,0.0169124087327034,0.75,0.25,20,-0.01419059122027555,0,sl
si1s,2020-07-06,2020-07-08,train,1.0,0.015253186977538247,0.75,0.25,20,0.0311591856099398,1,pt
si1s,2020-07-07,2020-07-08,train,1.0,0.014488611958713565,0.75,0.25,20,0.024707202351862856,1,pt
si1s,2020-07-08,2020-07-13,train,-1.0,0.015218324836750405,0.75,0.25,20,-0.03272271854326325,0,sl
si1s,2020-07-09,2020-07-10,train,-1.0,0.015514816263997195,0.75,0.25,20,-0.004799071179031111,0,sl
si1s,2020-07-10,2020-07-13,train,-1.0,0.015511596250143157,0.75,0.25,20,-0.038576602133733484,0,sl
si1s,2020-07-13,2020-07-14,train,-1.0,0.0161475037679065,0.75,0.25,20,0.013038205036225659,1,pt
si1s,2020-07-14,2020-07-15,train,-1.0,0.016538921585095356,0.75,0.25,20,-0.011827957172811043,0,sl
si1s,2020-07-15,2020-07-16,train,1.0,0.016472449105590765,0.75,0.25,20,-0.009513689000796521,0,sl
si1s,2020-07-17,2020-07-20,train,-1.0,0.01617808225177945,0.75,0.25,20,-0.021655535387481217,0,sl
si1s,2020-07-20,2020-07-21,train,-1.0,0.01628432296691724,0.75,0.25,20,-0.06760102997258288,0,sl
si1s,2020-07-21,2020-07-22,train,-1.0,0.021018328875838842,0.75,0.25,20,-0.07361877867407052,0,sl
si1s,2020-07-22,2020-07-27,train,-1.0,0.025196773330893645,0.75,0.25,20,-0.05863290757612183,0,sl
si1s,2020-07-23,2020-07-27,train,-1.0,0.024330426455827593,0.75,0.25,20,-0.06581694915488123,0,sl
si1s,2020-07-24,2020-07-27,train,-1.0,0.024688429308868727,0.75,0.25,20,-0.07225382933408908,0,sl
si1s,2020-07-27,2020-07-30,train,-1.0,0.02782771899872428,0.75,0.25,20,0.04648789926400643,1,pt
si1s,2020-07-28,2020-07-30,train,-1.0,0.027930848067121372,0.75,0.25,20,0.03860082309501556,1,pt
si1s,2020-07-29,2020-07-30,train,-1.0,0.027817491324177768,0.75,0.25,20,0.03943094429845151,1,pt
si1s,2020-07-30,2020-07-31,train,-1.0,0.029248561508580063,0.75,0.25,20,-0.036555090393240786,0,sl
si1s,2020-07-31,2020-08-03,train,-1.0,0.029659229902344958,0.75,0.25,20,-0.00830029688476408,0,sl
si1s,2020-08-03,2020-08-04,train,-1.0,0.029686314225879917,0.75,0.25,20,-0.06597862112852004,0,sl
si1s,2020-08-04,2020-08-05,train,-1.0,0.03166253608025415,0.75,0.25,20,-0.0331181806275187,0,sl
si1s,2020-08-05,2020-08-06,train,-1.0,0.031821864386808583,0.75,0.25,20,-0.05615470471578221,0,sl
si1s,2020-08-06,2020-08-07,train,-1.0,0.032199194975774066,0.75,0.25,20,0.0302816909854543,1,pt
si1s,2020-08-07,2020-08-10,train,-1.0,0.03402320030358167,0.75,0.25,20,-0.06249092319944194,0,sl
si1s,2020-08-10,2020-08-11,train,-1.0,0.0350720907086581,0.75,0.25,20,0.10977068517210398,1,pt
si1s,2020-08-11,2020-08-13,train,1.0,0.04601028672847161,0.75,0.25,20,0.06407155784135088,1,pt
si1s,2020-08-12,2020-08-13,train,1.0,0.04616714719639347,0.75,0.25,20,0.06693868134490266,1,pt
si1s,2020-08-13,2020-08-14,train,-1.0,0.04717993427196992,0.75,0.25,20,0.05877047408832614,1,pt
si1s,2020-08-14,2020-08-17,train,-1.0,0.05029673096757884,0.75,0.25,20,-0.06048526167510526,0,sl
si1s,2020-08-17,2020-08-18,train,-1.0,0.05127325959148275,0.75,0.25,20,-0.014746810711108838,0,sl
si1s,2020-08-18,2020-08-21,train,-1.0,0.04992392510226402,0.75,0.25,20,0.04783615302558897,1,pt
si1s,2020-08-19,2020-08-25,train,-1.0,0.04872849720322029,0.75,0.25,20,0.03902706717329485,1,pt
si1s,2020-08-20,2020-08-28,train,-1.0,0.048733784055724254,0.75,0.25,20,-0.01775897084660838,0,sl
si1s,2020-08-21,2020-08-26,train,-1.0,0.04892387446659623,0.75,0.25,20,-0.026641466142429016,0,sl
si1s,2020-08-25,2020-08-26,train,1.0,0.04682022489379001,0.75,0.25,20,0.04457731109988594,1,pt
si1s,2020-08-27,2020-08-28,train,-1.0,0.04667275595071362,0.75,0.25,20,-0.021766306562022386,0,sl
si1s,2020-08-28,2020-08-31,train,-1.0,0.04631870672628201,0.75,0.25,20,-0.02893127063956591,0,sl
si1s,2020-08-31,2020-09-02,train,-1.0,0.04657791887042403,0.75,0.25,20,0.0419318743034397,1,pt
si1s,2020-09-01,2020-09-02,train,-1.0,0.044658506592222355,0.75,0.25,20,0.04363763349132288,1,pt
si1s,2020-09-02,2020-09-21,train,-1.0,0.045433182180415935,0.75,0.25,20,0.10980105865311152,1,pt
si1s,2020-09-03,2020-09-21,train,1.0,0.04378401836718717,0.75,0.25,20,-0.09257674471463573,0,sl
si1s,2020-09-04,2020-09-21,train,1.0,0.04330751379020368,0.75,0.25,20,-0.08703953318344593,0,sl
si1s,2020-09-08,2020-09-21,train,1.0,0.040885149825239116,0.75,0.25,20,-0.09647660382005607,0,sl
si1s,2020-09-10,2020-09-11,train,1.0,0.03127400683267282,0.75,0.25,20,-0.01590267825606817,0,sl
si1s,2020-09-11,2020-09-15,train,1.0,0.02778359549514753,0.75,0.25,20,0.022601183231134803,1,pt
si1s,2020-09-14,2020-09-17,train,1.0,0.02440776297511917,0.75,0.25,20,-0.009321879630404206,0,sl
si1s,2020-09-15,2020-09-17,train,1.0,0.020473097961294772,0.75,0.25,20,-0.01325371393694963,0,sl
si1s,2020-09-16,2020-09-17,train,1.0,0.020158454819955773,0.75,0.25,20,-0.01368467053925182,0,sl
si1s,2020-09-17,2020-09-21,train,1.0,0.019512168754328017,0.75,0.25,20,-0.10011070101622166,0,sl
si1s,2020-09-18,2020-09-21,train,1.0,0.019457546612357633,0.75,0.25,20,-0.1010726530363395,0,sl
si1s,2020-09-21,2020-09-23,train,-1.0,0.03063811998092253,0.75,0.25,20,0.052568991007836186,1,pt
si1s,2020-09-22,2020-09-23,train,-1.0,0.03072710339880216,0.75,0.25,20,0.05782326702621354,1,pt
si1s,2020-09-24,2020-09-29,train,1.0,0.03104213061403441,0.75,0.25,20,0.05384549119414772,1,pt
si1s,2020-09-28,2020-09-29,train,-1.0,0.031039072235562598,0.75,0.25,20,-0.035629554467695224,0,sl
si1s,2020-09-29,2020-09-30,train,-1.0,0.03147356883049617,0.75,0.25,20,0.038903661850771876,1,pt
si1s,2020-09-30,2020-10-01,train,1.0,0.03216448652172903,0.75,0.25,20,0.03234868481239661,1,pt
si1s,2020-10-02,2020-10-09,train,1.0,0.03223046520558811,0.75,0.25,20,0.04490407387834927,1,pt
si1s,2020-10-05,2020-10-06,train,-1.0,0.032808637689387805,0.75,0.25,20,0.026017915724457108,1,pt
si1s,2020-10-06,2020-10-09,train,1.0,0.032977262527608645,0.75,0.25,20,0.04962167158417241,1,pt
si1s,2020-10-07,2020-10-09,train,1.0,0.0329252017782967,0.75,0.25,20,0.05071978663572896,1,pt
si1s,2020-10-08,2020-10-09,train,1.0,0.03279089058337155,0.75,0.25,20,0.051599933606736315,1,pt
si1s,2020-10-09,2020-10-13,train,-1.0,0.035071978999411946,0.75,0.25,20,0.03899155620147077,1,pt
si1s,2020-10-12,2020-10-13,train,-1.0,0.03478347551426952,0.75,0.25,20,0.04519013877994904,1,pt
si1s,2020-10-14,2020-10-19,train,-1.0,0.03615552843170687,0.75,0.25,20,-0.01242057757517756,0,sl
si1s,2020-10-16,2020-10-19,train,-1.0,0.03620013088705033,0.75,0.25,20,-0.012005736875438933,0,sl
si1s,2020-10-19,2020-10-20,train,-1.0,0.027375772054710402,0.75,0.25,20,-0.011417928505793817,0,sl
si1s,2020-10-20,2020-10-21,train,-1.0,0.027461146229693655,0.75,0.25,20,-0.010448358943988545,0,sl
si1s,2020-10-21,2020-10-22,train,1.0,0.02352453405593148,0.75,0.25,20,-0.021076819239805644,0,sl
si1s,2020-10-22,2020-10-26,train,1.0,0.024218604008188694,0.75,0.25,20,-0.011696143734538422,0,sl
si1s,2020-10-23,2020-10-26,train,1.0,0.02417749451702354,0.75,0.25,20,-0.010334347203457273,0,sl
si1s,2020-10-26,2020-10-28,train,1.0,0.023948556867125066,0.75,0.25,20,-0.043447993234353,0,sl
si1s,2020-10-27,2020-10-28,train,1.0,0.02267089612665665,0.75,0.25,20,-0.049287748990682,0,sl
si1s,2020-10-28,2020-11-02,train,1.0,0.023781006039766416,0.75,0.25,20,0.028853975209918836,1,pt
si1s,2020-10-29,2020-11-02,train,1.0,0.022551421028842007,0.75,0.25,20,0.028809931883931883,1,pt
si1s,2020-10-30,2020-11-03,train,1.0,0.02268966436231885,0.75,0.25,20,0.029095830663620426,1,pt
si1s,2020-11-02,2020-11-04,train,1.0,0.0224273818576141,0.75,0.25,20,-0.005825324179729585,0,sl
si1s,2020-11-03,2020-11-04,train,-1.0,0.02179519629512684,0.75,0.25,20,0.018122791557733553,1,pt
si1s,2020-11-04,2020-11-05,train,1.0,0.02221145523487627,0.75,0.25,20,0.054325535307148565,1,pt
si1s,2020-11-05,2020-11-06,train,-1.0,0.025160277062918367,0.75,0.25,20,-0.01869715315237941,0,sl
si1s,2020-11-06,2020-11-09,train,-1.0,0.022894997868582772,0.75,0.25,20,0.07641649060562894,1,pt
si1s,2020-11-09,2020-11-10,train,1.0,0.029068871555903025,0.75,0.25,20,0.03210834980336763,1,pt
si1s,2020-11-10,2020-11-11,train,1.0,0.028201961809120796,0.75,0.25,20,-0.007971547956259206,0,sl
si1s,2020-11-11,2020-11-16,train,1.0,0.0281570069834282,0.75,0.25,20,0.022046400008222777,1,pt
si1s,2020-11-12,2020-11-19,train,1.0,0.028113897737917264,0.75,0.25,20,-0.010614662295966193,0,sl
si1s,2020-11-13,2020-11-18,train,1.0,0.02839248538820321,0.75,0.25,20,-0.013198789364113561,0,sl
si1s,2020-11-16,2020-11-18,train,1.0,0.028270990758648324,0.75,0.25,20,-0.014273041997681424,0,sl
si1s,2020-11-17,2020-11-19,train,-1.0,0.028178211906056204,0.75,0.25,20,0.024461481714254663,1,pt
si1s,2020-11-18,2020-11-19,train,1.0,0.028101695254327576,0.75,0.25,20,-0.01636125629945684,0,sl
si1s,2020-11-19,2020-11-23,train,1.0,0.027944440017574436,0.75,0.25,20,-0.017257152224809613,0,sl
si1s,2020-11-20,2020-11-23,train,1.0,0.028128531536914653,0.75,0.25,20,-0.029963468989051667,0,sl
si1s,2020-11-23,2020-11-24,train,1.0,0.028841736528083403,0.75,0.25,20,-0.014606222459303542,0,sl
si1s,2020-11-24,2020-11-27,train,1.0,0.02892285424911748,0.75,0.25,20,-0.032934642207152476,0,sl
si1s,2020-11-25,2020-11-27,train,1.0,0.02664117544672693,0.75,0.25,20,-0.03441951659226572,0,sl
si1s,2020-11-27,2020-12-01,train,1.0,0.0277633733899898,0.75,0.25,20,0.06409293698442386,1,pt
si1s,2020-11-30,2020-12-01,train,1.0,0.027567433596781408,0.75,0.25,20,0.06625946157662632,1,pt
si1s,2020-12-03,2020-12-07,train,1.0,0.03072454236998191,0.75,0.25,20,0.027219622191711812,1,pt
si1s,2020-12-04,2020-12-07,train,1.0,0.02816155015760105,0.75,0.25,20,0.02230651980885079,1,pt
si1s,2020-12-07,2020-12-09,train,1.0,0.028308988997132526,0.75,0.25,20,-0.03242720063267457,0,sl
si1s,2020-12-08,2020-12-09,train,1.0,0.021668542214397766,0.75,0.25,20,-0.03015847406494221,0,sl
si1s,2020-12-09,2020-12-15,train,1.0,0.021642723326333962,0.75,0.25,20,0.027261359611086222,1,pt
si1s,2020-12-10,2020-12-15,train,1.0,0.021615384526082693,0.75,0.25,20,0.02282726009376046,1,pt
si1s,2020-12-11,2020-12-15,train,1.0,0.021609532025208808,0.75,0.25,20,0.022912170740567506,1,pt
si1s,2020-12-14,2020-12-15,train,1.0,0.0211002027106751,0.75,0.25,20,0.02482638208413679,1,pt
si1s,2020-12-15,2020-12-16,train,1.0,0.021901756181446554,0.75,0.25,20,0.01655575385924002,1,pt
si1s,2020-12-16,2020-12-17,train,1.0,0.022180115950639887,0.75,0.25,20,0.04506626189769003,1,pt
si1s,2020-12-17,2020-12-22,train,1.0,0.024091698653551593,0.75,0.25,20,-0.02467438207948358,0,sl
si1s,2020-12-18,2020-12-22,train,1.0,0.023745847735472985,0.75,0.25,20,-0.019129565698485562,0,sl
si1s,2020-12-21,2020-12-22,train,1.0,0.023749795909307824,0.75,0.25,20,-0.03199514725659769,0,sl
si1s,2020-12-22,2020-12-28,train,1.0,0.023912468094217525,0.75,0.25,20,0.039318581814860254,1,pt
si1s,2020-12-23,2020-12-28,train,1.0,0.023635704078087464,0.75,0.25,20,0.023841672961918192,1,pt
si1s,2020-12-24,2020-12-28,train,1.0,0.02365623802692277,0.75,0.25,20,0.02435541185295076,1,pt
si1s,2020-12-28,2021-01-04,train,-1.0,0.02202914853030988,0.75,0.25,20,-0.031086326067213843,0,sl
si1s,2020-12-29,2021-01-04,train,1.0,0.022386305477437526,0.75,0.25,20,0.043750238986487666,1,pt
si1s,2020-12-30,2020-12-31,train,1.0,0.018083209312857295,0.75,0.25,20,-0.00605878104291635,0,sl
si1s,2020-12-31,2021-01-04,train,1.0,0.01821472451650199,0.75,0.25,20,0.03604422216715597,1,pt
si1s,2021-01-04,2021-01-05,train,-1.0,0.019455686459586435,0.75,0.25,20,-0.010086244463068272,0,sl
si1s,2021-01-05,2021-01-06,train,-1.0,0.01947000045653024,0.75,0.25,20,0.02163531118723716,1,pt
si1s,2021-01-08,2021-01-11,train,-1.0,0.030242972972962145,0.75,0.25,20,-0.026261315062129587,0,sl
si1s,2021-01-12,2021-01-14,train,-1.0,0.030740933735810532,0.75,0.25,20,-0.014428936521340363,0,sl
si1s,2021-01-13,2021-01-14,train,-1.0,0.030726769038847204,0.75,0.25,20,-0.008994211610529046,0,sl
si1s,2021-01-14,2021-01-15,train,-1.0,0.030349672734975342,0.75,0.25,20,0.03627625717262695,1,pt
si1s,2021-01-15,2021-01-19,train,-1.0,0.03137156160037082,0.75,0.25,20,-0.01825786141709118,0,sl
si1s,2021-01-19,2021-01-20,train,-1.0,0.02993895653559918,0.75,0.25,20,-0.017614534890882938,0,sl
si1s,2021-01-20,2021-01-29,train,-1.0,0.030221840096018103,0.75,0.25,20,-0.044554839929545675,0,sl
si1s,2021-01-21,2021-01-29,train,-1.0,0.03006680176874534,0.75,0.25,20,-0.04099945858713361,0,sl
si1s,2021-01-22,2021-01-28,train,-1.0,0.029265915006283373,0.75,0.25,20,-0.014321490420398764,0,sl
si1s,2021-01-25,2021-01-28,train,-1.0,0.029056948849019274,0.75,0.25,20,-0.0171872548824763,0,sl
si1s,2021-01-26,2021-01-28,train,-1.0,0.029064499339992788,0.75,0.25,20,-0.015036416322360191,0,sl
si1s,2021-01-27,2021-01-28,train,-1.0,0.028485977285332472,0.75,0.25,20,-0.020993343763859418,0,sl
si1s,2021-01-28,2021-01-29,train,-1.0,0.028829727947085406,0.75,0.25,20,-0.038268652211779,0,sl
si1s,2021-02-01,2021-02-02,train,-1.0,0.03577914783678661,0.75,0.25,20,0.10252226483302973,1,pt
si1s,2021-02-03,2021-02-04,train,1.0,0.043252845483701986,0.75,0.25,20,-0.024359403776685218,0,sl
si1s,2021-02-04,2021-02-08,train,1.0,0.04332681261069798,0.75,0.25,20,0.05115498986387301,1,pt
si1s,2021-02-05,2021-02-22,train,1.0,0.04383781482976271,0.75,0.25,20,0.03945371813964926,1,pt
si1s,2021-02-08,2021-02-22,train,-1.0,0.03703174792843896,0.75,0.25,20,-0.018458079743973066,0,sl
si1s,2021-02-09,2021-02-22,train,-1.0,0.03680332730964709,0.75,0.25,20,-0.024925187973751095,0,sl
si1s,2021-02-10,2021-02-22,train,-1.0,0.036970037451870254,0.75,0.25,20,-0.037188861446775245,0,sl
si1s,2021-02-11,2021-02-12,train,-1.0,0.03697795718909772,0.75,0.25,20,-0.010389321517608963,0,sl
si1s,2021-02-12,2021-02-22,train,-1.0,0.036991340485571726,0.75,0.25,20,-0.027700527221095506,0,sl
si1s,2021-02-16,2021-02-22,train,-1.0,0.035802045299418814,0.75,0.25,20,-0.027813358154031853,0,sl
si1s,2021-02-17,2021-02-22,train,-1.0,0.035676726522246266,0.75,0.25,20,-0.028189639881339046,0,sl
si1s,2021-02-18,2021-02-22,train,-1.0,0.03562897727655265,0.75,0.25,20,-0.037188861446775245,0,sl
si1s,2021-02-19,2021-02-22,train,-1.0,0.03563978474062946,0.75,0.25,20,-0.030490936511402333,0,sl
si1s,2021-02-22,2021-02-26,train,-1.0,0.03597896651280382,0.75,0.25,20,0.060111620440495894,1,pt
si1s,2021-02-23,2021-02-26,train,-1.0,0.0361864919056259,0.75,0.25,20,0.04693244938774299,1,pt
si1s,2021-02-24,2021-02-26,train,1.0,0.036187304345815394,0.75,0.25,20,-0.05327986191607048,0,sl
si1s,2021-02-26,2021-03-02,train,-1.0,0.03768131969363845,0.75,0.25,20,-0.016603630711465645,0,sl
si1s,2021-03-01,2021-03-04,train,-1.0,0.03674859811968165,0.75,0.25,20,0.04561811202624799,1,pt
si1s,2021-03-02,2021-03-03,train,1.0,0.03024840775930152,0.75,0.25,20,-0.018304252335016535,0,sl
si1s,2021-03-03,2021-03-04,train,1.0,0.018421335451335265,0.75,0.25,20,-0.03509303832730304,0,sl
si1s,2021-03-04,2021-03-09,train,-1.0,0.019509729888192863,0.75,0.25,20,-0.028357095342718353,0,sl
si1s,2021-03-05,2021-03-09,train,-1.0,0.018855460449895722,0.75,0.25,20,-0.035433226078614766,0,sl
si1s,2021-03-08,2021-03-09,train,-1.0,0.017357975589377996,0.75,0.25,20,-0.03617080278041995,0,sl
si1s,2021-03-09,2021-03-18,train,-1.0,0.018726775247254062,0.75,0.25,20,-0.00641637724495836,0,sl
si1s,2021-03-10,2021-03-15,train,-1.0,0.018707267303451146,0.75,0.25,20,-0.006046689269504579,0,sl
si1s,2021-03-11,2021-03-18,train,-1.0,0.018600640012911323,0.75,0.25,20,-0.006032146799195726,0,sl
si1s,2021-03-12,2021-03-15,train,1.0,0.018709863701121168,0.75,0.25,20,0.014549804931355048,1,pt
si1s,2021-03-15,2021-03-22,train,-1.0,0.01887690235698775,0.75,0.25,20,0.019742848182790818,1,pt
si1s,2021-03-16,2021-03-22,train,1.0,0.018973343578473974,0.75,0.25,20,-0.008998962112390596,0,sl
si1s,2021-03-17,2021-03-22,train,1.0,0.01899652249578473,0.75,0.25,20,-0.011090643450841875,0,sl
si1s,2021-03-18,2021-03-22,train,-1.0,0.019170656966456517,0.75,0.25,20,0.022086448708317108,1,pt
si1s,2021-03-19,2021-03-22,train,-1.0,0.01908045449671578,0.75,0.25,20,0.02097184743020375,1,pt
si1s,2021-03-22,2021-03-23,train,1.0,0.01798574188689739,0.75,0.25,20,-0.021033024631915698,0,sl
si1s,2021-03-23,2021-03-25,train,1.0,0.01826304101029816,0.75,0.25,20,-0.007135211989926615,0,sl
si1s,2021-03-24,2021-03-25,train,1.0,0.018105658804892035,0.75,0.25,20,-0.007292616176614364,0,sl
si1s,2021-03-25,2021-03-29,train,1.0,0.01809332819588892,0.75,0.25,20,-0.01101928306402522,0,sl
si1s,2021-03-26,2021-03-29,train,1.0,0.015353665944866531,0.75,0.25,20,-0.013657719828281234,0,sl
si1s,2021-03-29,2021-03-30,train,1.0,0.015295538845814739,0.75,0.25,20,-0.02559444493810814,0,sl
si1s,2021-03-30,2021-03-31,train,1.0,0.01582331093142208,0.75,0.25,20,0.016364916580378086,1,pt
si1s,2021-03-31,2021-04-01,train,1.0,0.016210112210237076,0.75,0.25,20,0.01695744364582441,1,pt
si1s,2021-04-01,2021-04-05,train,1.0,0.014945727179686437,0.75,0.25,20,-0.006734006947490934,0,sl
si1s,2021-04-05,2021-04-06,train,1.0,0.01494367401394894,0.75,0.25,20,0.018038740005200227,1,pt
si1s,2021-04-06,2021-04-08,train,-1.0,0.015530007056215576,0.75,0.25,20,-0.014191144931886335,0,sl
si1s,2021-04-07,2021-04-08,train,-1.0,0.013087611338729252,0.75,0.25,20,-0.01338772978965963,0,sl
si1s,2021-04-08,2021-04-09,train,1.0,0.013516512671654145,0.75,0.25,20,-0.010162204008865805,0,sl
si1s,2021-04-09,2021-04-12,train,1.0,0.013640469229292877,0.75,0.25,20,-0.018084896695383823,0,sl
si1s,2021-04-12,2021-04-13,train,1.0,0.01399870157652424,0.75,0.25,20,0.022479591073523153,1,pt
si1s,2021-04-13,2021-04-15,train,1.0,0.014577997678487652,0.75,0.25,20,0.021159443323516047,1,pt
si1s,2021-04-14,2021-04-15,train,1.0,0.014458854979865855,0.75,0.25,20,0.017238677833010696,1,pt
si1s,2021-04-16,2021-04-21,train,-1.0,0.014827019893949519,0.75,0.25,20,-0.017812679715965007,0,sl
si1s,2021-04-21,2021-04-22,train,-1.0,0.014558571083650855,0.75,0.25,20,0.014678208481703647,1,pt
si1s,2021-04-26,2021-04-27,train,-1.0,0.014992769937949459,0.75,0.25,20,-0.007734217122047582,0,sl
si1s,2021-04-27,2021-04-28,train,-1.0,0.014557574911131911,0.75,0.25,20,0.01255198517453504,1,pt
si1s,2021-04-28,2021-05-03,train,-1.0,0.013415881647361492,0.75,0.25,20,-0.03223830292504504,0,sl
si1s,2021-04-29,2021-05-03,train,-1.0,0.01313494344403968,0.75,0.25,20,-0.03354418195428677,0,sl
si1s,2021-04-30,2021-05-03,train,1.0,0.012937799555100356,0.75,0.25,20,0.04201290889663967,1,pt
si1s,2021-05-03,2021-05-04,train,-1.0,0.015468325136365025,0.75,0.25,20,0.01491097948650022,1,pt
si1s,2021-05-04,2021-05-06,train,1.0,0.015678870267831536,0.75,0.25,20,0.034603510259195724,1,pt
si1s,2021-05-05,2021-05-06,train,1.0,0.01569852679449903,0.75,0.25,20,0.036007843654937144,1,pt
si1s,2021-05-06,2021-05-11,train,-1.0,0.017209254872229345,0.75,0.25,20,-0.006914873198633487,0,sl
si1s,2021-05-07,2021-05-11,train,-1.0,0.016930310908983726,0.75,0.25,20,-0.006914873198633487,0,sl
si1s,2021-05-10,2021-05-11,train,-1.0,0.016132762964944102,0.75,0.25,20,-0.00636548804728565,0,sl
si1s,2021-05-11,2021-05-12,train,-1.0,0.015619845853192994,0.75,0.25,20,0.01528897156676301,1,pt
si1s,2021-05-12,2021-05-13,train,1.0,0.01622133080679652,0.75,0.25,20,-0.006790486351483271,0,sl
si1s,2021-05-13,2021-05-14,train,-1.0,0.016022446398041384,0.75,0.25,20,-0.011308621405841102,0,sl
si1s,2021-05-14,2021-05-17,train,-1.0,0.01614057356467989,0.75,0.25,20,-0.03321761420308955,0,sl
si1s,2021-05-17,2021-05-21,train,-1.0,0.017202064179430127,0.75,0.25,20,0.02787012822381596,1,pt
si1s,2021-05-18,2021-05-21,train,-1.0,0.01718167623459794,0.75,0.25,20,0.029894469953538616,1,pt
si1s,2021-05-19,2021-05-21,train,-1.0,0.016589064803424723,0.75,0.25,20,0.01923282861467701,1,pt
si1s,2021-05-20,2021-05-21,train,-1.0,0.016083027901554952,0.75,0.25,20,0.020700467498301678,1,pt
si1s,2021-05-21,2021-05-24,train,-1.0,0.016916047049751526,0.75,0.25,20,-0.01524412500215866,0,sl
si1s,2021-05-24,2021-06-03,train,1.0,0.01714219900252887,0.75,0.25,20,-0.015337753005206234,0,sl
si1s,2021-05-25,2021-05-26,train,1.0,0.017117057906390894,0.75,0.25,20,-0.006380096386620404,0,sl
si1s,2021-05-28,2021-06-03,train,1.0,0.01662255855161971,0.75,0.25,20,-0.019168986332570248,0,sl
si1s,2021-06-01,2021-06-02,train,-1.0,0.01413474395962328,0.75,0.25,20,-0.0036296343795065855,0,sl
si1s,2021-06-02,2021-06-03,train,-1.0,0.01355052051919811,0.75,0.25,20,0.025776485056813292,1,pt
si1s,2021-06-03,2021-06-04,train,1.0,0.015021165516581237,0.75,0.25,20,0.015249117043769855,1,pt
si1s,2021-06-08,2021-06-09,train,-1.0,0.01347184420475096,0.75,0.25,20,-0.009772457456260097,0,sl
si1s,2021-06-09,2021-06-11,train,-1.0,0.013570745468920908,0.75,0.25,20,-0.005142489275983708,0,sl
si1s,2021-06-10,2021-06-11,train,-1.0,0.013037446831388421,0.75,0.25,20,-0.0041026000067363455,0,sl
si1s,2021-06-11,2021-06-15,train,-1.0,0.012902162157230883,0.75,0.25,20,0.01609464877786726,1,pt
si1s,2021-06-14,2021-06-15,train,-1.0,0.012770986200188227,0.75,0.25,20,0.012339955332864805,1,pt
si1s,2021-06-15,2021-06-16,train,-1.0,0.010744017556744116,0.75,0.25,20,-0.004297114727498386,0,sl
si1s,2021-06-16,2021-06-17,train,-1.0,0.010788925261876954,0.75,0.25,20,0.07032935471086754,1,pt
si1s,2021-06-17,2021-07-02,train,1.0,0.019334944719822614,0.75,0.25,20,0.023413680457463393,1,pt
si1s,2021-06-18,2021-07-02,train,1.0,0.019388535800442953,0.75,0.25,20,0.01896045743765784,1,pt
si1s,2021-06-21,2021-06-22,train,1.0,0.019004309467864598,0.75,0.25,20,-0.006455331314950796,0,sl
si1s,2021-06-22,2021-07-02,train,1.0,0.018544140452823765,0.75,0.25,20,0.02337410053253719,1,pt
si1s,2021-06-23,2021-06-29,train,1.0,0.01868389242320252,0.75,0.25,20,-0.009525447308519452,0,sl
si1s,2021-06-24,2021-06-29,train,1.0,0.018673833038350726,0.75,0.25,20,-0.007206102274187831,0,sl
si1s,2021-06-25,2021-06-29,train,1.0,0.018661402981916583,0.75,0.25,20,-0.008612110495497372,0,sl
si1s,2021-06-28,2021-06-29,train,1.0,0.01870651166436346,0.75,0.25,20,-0.013445570479366897,0,sl
si1s,2021-06-29,2021-07-02,train,1.0,0.018775076214408885,0.75,0.25,20,0.023165128635443732,1,pt
si1s,2021-06-30,2021-07-08,train,1.0,0.01901717119988685,0.75,0.25,20,-0.007902573257396184,0,sl
si1s,2021-07-01,2021-07-02,train,1.0,0.018276914140493785,0.75,0.25,20,0.015363985241512834,1,pt
si1s,2021-07-02,2021-07-07,val,-1.0,0.018282723226342945,0.75,0.25,20,0.014037206484140086,1,pt
si1s,2021-07-06,2021-07-08,val,1.0,0.018329359920664385,0.75,0.25,20,-0.007144495538003004,0,sl
si1s,2021-07-08,2021-07-15,val,1.0,0.0180165440644224,0.75,0.25,20,0.015661677891282588,1,pt
si1s,2021-07-09,2021-07-15,val,-1.0,0.018232946216100682,0.75,0.25,20,-0.006098955676391515,0,sl
si1s,2021-07-12,2021-07-15,val,-1.0,0.01816942295955151,0.75,0.25,20,-0.0059072373640500775,0,sl
si1s,2021-07-13,2021-07-14,val,-1.0,0.0181694052911277,0.75,0.25,20,-0.0050114765753519475,0,sl
si1s,2021-07-15,2021-07-16,val,-1.0,0.018148960966007925,0.75,0.25,20,0.022694552577578797,1,pt
si1s,2021-07-16,2021-07-19,val,-1.0,0.009209182661447164,0.75,0.25,20,0.025237448858704492,1,pt
si1s,2021-07-19,2021-07-21,val,-1.0,0.01073466568067209,0.75,0.25,20,-0.004414571654910215,0,sl
si1s,2021-07-20,2021-07-21,val,1.0,0.010734794657612286,0.75,0.25,20,0.010402079710912115,1,pt
si1s,2021-07-21,2021-07-27,val,1.0,0.011028506988386547,0.75,0.25,20,-0.023995247487631488,0,sl
si1s,2021-07-22,2021-07-23,val,1.0,0.010826304729335141,0.75,0.25,20,-0.005831134181920383,0,sl
si1s,2021-07-23,2021-07-27,val,1.0,0.01086909654800318,0.75,0.25,20,-0.02314429455620537,0,sl
si1s,2021-07-26,2021-07-27,val,1.0,0.010906807838017476,0.75,0.25,20,-0.02642388767252246,0,sl
si1s,2021-07-27,2021-07-28,val,1.0,0.012147845716079445,0.75,0.25,20,0.009249867652231458,1,pt
si1s,2021-07-28,2021-07-29,val,1.0,0.012189239477809083,0.75,0.25,20,0.03637898450338728,1,pt
si1s,2021-07-29,2021-07-30,val,1.0,0.01458562356165088,0.75,0.25,20,-0.009114886467731842,0,sl
si1s,2021-07-30,2021-08-05,val,1.0,0.014694475069906123,0.75,0.25,20,-0.009981601771954063,0,sl
si1s,2021-08-02,2021-08-04,val,1.0,0.014199756228277646,0.75,0.25,20,-0.004457477173397173,0,sl
si1s,2021-08-03,2021-08-04,val,1.0,0.013981247492675177,0.75,0.25,20,-0.004729887954675216,0,sl
si1s,2021-08-04,2021-08-05,val,1.0,0.014004099986339237,0.75,0.25,20,-0.006637602634595008,0,sl
si1s,2021-08-05,2021-08-06,val,1.0,0.014025596587451365,0.75,0.25,20,-0.0381938963924886,0,sl
si1s,2021-08-06,2021-08-09,val,1.0,0.01608579366659715,0.75,0.25,20,-0.043451450293520044,0,sl
si1s,2021-08-09,2021-08-12,val,1.0,0.018429563367968804,0.75,0.25,20,-0.006575272625075734,0,sl
si1s,2021-08-10,2021-08-12,val,1.0,0.018597503018638085,0.75,0.25,20,-0.011798906690439703,0,sl
si1s,2021-08-11,2021-08-12,val,1.0,0.018571602960555125,0.75,0.25,20,-0.015837875049390937,0,sl
si1s,2021-08-12,2021-08-13,val,1.0,0.018544219633989757,0.75,0.25,20,0.028681433225354214,1,pt
si1s,2021-08-13,2021-08-17,val,1.0,0.019674595513243243,0.75,0.25,20,-0.005046469035828394,0,sl
si1s,2021-08-16,2021-08-17,val,1.0,0.019028679444679893,0.75,0.25,20,-0.005548316764088623,0,sl
si1s,2021-08-17,2021-08-18,val,1.0,0.019025530899961986,0.75,0.25,20,-0.010017330224664889,0,sl
si1s,2021-08-18,2021-08-19,val,1.0,0.01883268025474514,0.75,0.25,20,-0.008197421136364458,0,sl
si1s,2021-08-19,2021-08-20,val,1.0,0.018741271958197084,0.75,0.25,20,-0.005079638601365399,0,sl
si1s,2021-08-20,2021-08-23,val,1.0,0.018739019367651794,0.75,0.25,20,0.023537556207626986,1,pt
si1s,2021-08-23,2021-08-27,val,1.0,0.01967732350366457,0.75,0.25,20,0.017180917560285724,1,pt
si1s,2021-08-24,2021-08-25,val,1.0,0.019086990553064374,0.75,0.25,20,-0.004980330255730525,0,sl
si1s,2021-08-25,2021-08-26,val,1.0,0.01892901725675585,0.75,0.25,20,-0.00948702883332564,0,sl
si1s,2021-08-26,2021-08-27,val,1.0,0.01672428467435002,0.75,0.25,20,0.021783352667720468,1,pt
si1s,2021-08-27,2021-09-01,val,-1.0,0.0176603082298697,0.75,0.25,20,-0.004603899753935714,0,sl
si1s,2021-08-30,2021-09-01,val,-1.0,0.017635825367787492,0.75,0.25,20,-0.008956094743724385,0,sl
si1s,2021-08-31,2021-09-01,val,-1.0,0.017633041760312558,0.75,0.25,20,-0.008956094743724385,0,sl
si1s,2021-09-01,2021-09-03,val,-1.0,0.017836673544740788,0.75,0.25,20,-0.023987448469116046,0,sl
si1s,2021-09-02,2021-09-03,val,-1.0,0.01795665033658758,0.75,0.25,20,-0.036959612668814756,0,sl
si1s,2021-09-03,2021-09-07,val,-1.0,0.01788727191235071,0.75,0.25,20,0.017296991932653216,1,pt
si1s,2021-09-07,2021-09-08,val,-1.0,0.015090570400315164,0.75,0.25,20,0.01300619558705618,1,pt
si1s,2021-09-08,2021-09-09,val,-1.0,0.01544942302215837,0.75,0.25,20,-0.005029929602631933,0,sl
si1s,2021-09-09,2021-09-13,val,-1.0,0.01545957059573706,0.75,0.25,20,0.015758778418053843,1,pt
si1s,2021-09-10,2021-09-13,val,1.0,0.01522797854567851,0.75,0.25,20,-0.0043514639102471,0,sl
si1s,2021-09-13,2021-09-16,val,1.0,0.01390658554867004,0.75,0.25,20,-0.04210791782824974,0,sl
si1s,2021-09-14,2021-09-15,val,1.0,0.013932236080486866,0.75,0.25,20,-0.0035168515510183296,0,sl
si1s,2021-09-15,2021-09-16,val,1.0,0.013896011012915148,0.75,0.25,20,-0.04230914647160633,0,sl
si1s,2021-09-16,2021-09-17,val,1.0,0.016850245177558572,0.75,0.25,20,-0.02004913502178196,0,sl
si1s,2021-09-17,2021-09-20,val,1.0,0.017312661123438076,0.75,0.25,20,-0.00595424649018006,0,sl
si1s,2021-09-20,2021-09-21,val,1.0,0.01732188685301544,0.75,0.25,20,0.018330029834048966,1,pt
si1s,2021-09-21,2021-09-22,val,1.0,0.016962554634500835,0.75,0.25,20,0.013090974340114414,1,pt
si1s,2021-09-22,2021-09-23,val,1.0,0.01709025262526437,0.75,0.25,20,-0.009953289104215224,0,sl
si1s,2021-09-23,2021-09-24,val,1.0,0.017169759760184936,0.75,0.25,20,-0.011199789269978,0,sl
si1s,2021-09-24,2021-09-29,val,1.0,0.01721159727196313,0.75,0.25,20,-0.041917502553637465,0,sl
si1s,2021-09-27,2021-09-28,val,1.0,0.016627057690206858,0.75,0.25,20,-0.010002643753219131,0,sl
si1s,2021-09-28,2021-09-29,val,1.0,0.016699785015511823,0.75,0.25,20,-0.043708550069758156,0,sl
si1s,2021-09-29,2021-09-30,val,1.0,0.019056992460463707,0.75,0.25,20,0.02615778440326544,1,pt
si1s,2021-09-30,2021-10-01,val,1.0,0.020079755244390467,0.75,0.25,20,0.022179887927563646,1,pt
si1s,2021-10-01,2021-10-13,val,1.0,0.0208359585813993,0.75,0.25,20,0.02813276582933022,1,pt
si1s,2021-10-04,2021-10-06,val,1.0,0.018802408155401896,0.75,0.25,20,-0.004946122101205042,0,sl
si1s,2021-10-05,2021-10-13,val,1.0,0.01856275649116428,0.75,0.25,20,0.024858457091191832,1,pt
si1s,2021-10-06,2021-10-13,val,1.0,0.018432329345951917,0.75,0.25,20,0.02831528473843048,1,pt
si1s,2021-10-07,2021-10-13,val,-1.0,0.01844598359202332,0.75,0.25,20,-0.022596875138290784,0,sl
si1s,2021-10-08,2021-10-13,val,-1.0,0.018375207456346094,0.75,0.25,20,-0.020480069794532207,0,sl
si1s,2021-10-11,2021-10-13,val,-1.0,0.01837102248905256,0.75,0.25,20,-0.022281049712721268,0,sl
si1s,2021-10-13,2021-10-14,val,-1.0,0.019652361470159967,0.75,0.25,20,-0.01324989258216891,0,sl
si1s,2021-10-14,2021-10-19,val,-1.0,0.017221486666871014,0.75,0.25,20,-0.017293520724392275,0,sl
si1s,2021-10-15,2021-10-19,val,-1.0,0.016543625126301184,0.75,0.25,20,-0.022870358844351735,0,sl
si1s,2021-10-18,2021-10-19,val,-1.0,0.01649115009122267,0.75,0.25,20,-0.02660763429308788,0,sl
si1s,2021-10-19,2021-10-20,val,-1.0,0.016991972914125828,0.75,0.25,20,-0.023531382072190077,0,sl
si1s,2021-10-20,2021-10-25,val,-1.0,0.01746614835921883,0.75,0.25,20,-0.006013500266718097,0,sl
si1s,2021-10-21,2021-10-22,val,-1.0,0.01752084751275229,0.75,0.25,20,-0.011543236312923977,0,sl
si1s,2021-10-22,2021-10-25,val,-1.0,0.017270058144261982,0.75,0.25,20,-0.005848909891945642,0,sl
si1s,2021-10-25,2021-10-26,val,-1.0,0.017182392702627326,0.75,0.25,20,0.02049446955822054,1,pt
si1s,2021-10-26,2021-11-02,val,-1.0,0.017795759338672872,0.75,0.25,20,0.024119894554653687,1,pt
si1s,2021-10-27,2021-11-02,val,-1.0,0.013720789493476894,0.75,0.25,20,0.028274978765449932,1,pt
si1s,2021-10-28,2021-11-02,val,-1.0,0.013015471526732412,0.75,0.25,20,0.025414594751873576,1,pt
si1s,2021-10-29,2021-11-01,val,-1.0,0.012580039609042713,0.75,0.25,20,-0.005177669471871482,0,sl
si1s,2021-11-01,2021-11-02,val,-1.0,0.012583123030960212,0.75,0.25,20,0.023511818791719707,1,pt
si1s,2021-11-02,2021-11-03,val,1.0,0.013922986565751775,0.75,0.25,20,-0.011741183563066415,0,sl
si1s,2021-11-03,2021-11-04,val,1.0,0.014217584066853518,0.75,0.25,20,0.0292712335368408,1,pt
si1s,2021-11-04,2021-11-08,val,1.0,0.015464299561253498,0.75,0.25,20,0.026389527428746673,1,pt
si1s,2021-11-05,2021-11-08,val,1.0,0.015554569273549044,0.75,0.25,20,0.015937409512908784,1,pt
si1s,2021-11-08,2021-11-10,val,-1.0,0.01576047686803036,0.75,0.25,20,-0.009371688788748722,0,sl
si1s,2021-11-09,2021-11-10,val,-1.0,0.015858434887491245,0.75,0.25,20,-0.018669298237901755,0,sl
si1s,2021-11-10,2021-11-11,val,1.0,0.01516425319952355,0.75,0.25,20,0.02135475521513297,1,pt
si1s,2021-11-11,2021-11-16,val,-1.0,0.015535886786516424,0.75,0.25,20,0.014110113501680455,1,pt
si1s,2021-11-12,2021-11-16,val,-1.0,0.015393701466092622,0.75,0.25,20,0.015860490833780605,1,pt
si1s,2021-11-15,2021-11-19,val,-1.0,0.0156054339489328,0.75,0.25,20,0.012905796065226238,1,pt
si1s,2021-11-16,2021-11-17,val,-1.0,0.01482250661704184,0.75,0.25,20,-0.008940024904435795,0,sl
si1s,2021-11-17,2021-11-18,val,-1.0,0.014076434899151617,0.75,0.25,20,0.010609129961214436,1,pt
si1s,2021-11-18,2021-11-22,val,-1.0,0.014046224884833407,0.75,0.25,20,0.02421686750360419,1,pt
si1s,2021-11-19,2021-11-22,val,-1.0,0.01390764867662609,0.75,0.25,20,0.0195310914397141,1,pt
si1s,2021-11-22,2021-11-23,val,-1.0,0.014567238201688955,0.75,0.25,20,0.03547763112777491,1,pt
si1s,2021-11-23,2021-11-26,val,1.0,0.01602205913213342,0.75,0.25,20,-0.01519666262721675,0,sl
si1s,2021-11-24,2021-11-26,val,-1.0,0.015986582443557506,0.75,0.25,20,0.017037729479681962,1,pt
si1s,2021-11-26,2021-11-29,val,1.0,0.01636717690745844,0.75,0.25,20,-0.012232548489352624,0,sl
si1s,2021-11-29,2021-12-01,val,1.0,0.016489882457292646,0.75,0.25,20,-0.02244880132913807,0,sl
si1s,2021-11-30,2021-12-01,val,1.0,0.016394161074600705,0.75,0.25,20,-0.020863466942192987,0,sl
si1s,2021-12-01,2021-12-09,val,1.0,0.016221953071143658,0.75,0.25,20,-0.014593312344621356,0,sl
si1s,2021-12-02,2021-12-09,val,1.0,0.016080722543496562,0.75,0.25,20,-0.013577702574221417,0,sl
si1s,2021-12-03,2021-12-06,val,1.0,0.014546583100375304,0.75,0.25,20,-0.009697078791988223,0,sl
si1s,2021-12-06,2021-12-07,val,1.0,0.014258179664165071,0.75,0.25,20,0.011678570535693211,1,pt
si1s,2021-12-07,2021-12-08,val,1.0,0.01397595301895018,0.75,0.25,20,-0.004040314248441534,0,sl
si1s,2021-12-08,2021-12-09,val,1.0,0.013931086942784604,0.75,0.25,20,-0.018678674105035764,0,sl
si1s,2021-12-09,2021-12-13,val,1.0,0.013219665891266254,0.75,0.25,20,0.014309726594454064,1,pt
si1s,2021-12-10,2021-12-14,val,1.0,0.012091814329472698,0.75,0.25,20,-0.012209957581505781,0,sl
si1s,2021-12-13,2021-12-14,val,1.0,0.012281092754639998,0.75,0.25,20,-0.018093872883939932,0,sl
si1s,2021-12-14,2021-12-15,val,1.0,0.012547887483070706,0.75,0.25,20,-0.0172869921144847,0,sl
si1s,2021-12-15,2021-12-16,val,1.0,0.012765938971484748,0.75,0.25,20,0.043629612247302774,1,pt
si1s,2021-12-16,2021-12-20,val,1.0,0.016681474516238307,0.75,0.25,20,-0.008627974049797538,0,sl
si1s,2021-12-17,2021-12-20,val,1.0,0.016728616074775618,0.75,0.25,20,-0.010739803816877225,0,sl
si1s,2021-12-20,2021-12-22,val,1.0,0.0167763323192894,0.75,0.25,20,0.023686689761566626,1,pt
si1s,2021-12-21,2021-12-22,val,1.0,0.01678637911347646,0.75,0.25,20,0.012872298030539797,1,pt
si1s,2021-12-22,2021-12-28,val,1.0,0.015345890483304751,0.75,0.25,20,0.01323458534684363,1,pt
si1s,2021-12-23,2021-12-31,val,1.0,0.01540377187242164,0.75,0.25,20,0.017959895123030645,1,pt
si1s,2021-12-28,2021-12-29,val,-1.0,0.014734192947743892,0.75,0.25,20,0.011374939563262743,1,pt
si1s,2021-12-30,2021-12-31,val,-1.0,0.01422071613537525,0.75,0.25,20,-0.012662618682457438,0,sl
si1s,2021-12-31,2022-01-03,test,-1.0,0.014413281837509713,0.75,0.25,20,0.02321000285848529,1,pt
si1s,2022-01-03,2022-01-05,test,1.0,0.01545235670868774,0.75,0.25,20,0.015782551112581533,1,pt
si1s,2022-01-04,2022-01-06,test,1.0,0.015400188993877715,0.75,0.25,20,-0.03756072197386784,0,sl
si1s,2022-01-05,2022-01-06,test,1.0,0.015246759790346195,0.75,0.25,20,-0.042296072407660534,0,sl
si1s,2022-01-06,2022-01-11,test,1.0,0.01821265689769324,0.75,0.25,20,0.028030644046832975,1,pt
si1s,2022-01-07,2022-01-11,test,1.0,0.017819610789421916,0.75,0.25,20,0.017983845142820476,1,pt
si1s,2022-01-10,2022-01-11,test,1.0,0.017740469949508248,0.75,0.25,20,0.015581871869217112,1,pt
si1s,2022-01-11,2022-01-12,test,1.0,0.018016493392720944,0.75,0.25,20,0.017315448720703674,1,pt
si1s,2022-01-12,2022-01-14,test,1.0,0.017755447737211435,0.75,0.25,20,-0.012453140213258274,0,sl
si1s,2022-01-13,2022-01-14,test,1.0,0.017151640456655636,0.75,0.25,20,-0.010534496791654302,0,sl
si1s,2022-01-14,2022-01-18,test,1.0,0.014728310939878534,0.75,0.25,20,0.02504581637138803,1,pt
si1s,2022-01-18,2022-01-19,test,1.0,0.015661318317058703,0.75,0.25,20,0.031457517709785554,1,pt
si1s,2022-01-19,2022-01-20,test,-1.0,0.016609522765685693,0.75,0.25,20,-0.020015681373209304,0,sl
si1s,2022-01-20,2022-01-21,test,-1.0,0.016921841791293253,0.75,0.25,20,0.01602200976751622,1,pt
si1s,2022-01-21,2022-01-24,test,-1.0,0.017417738205877817,0.75,0.25,20,0.021381578980527283,1,pt
si1s,2022-01-24,2022-01-27,test,1.0,0.018264925626285955,0.75,0.25,20,-0.047226891039134244,0,sl
si1s,2022-01-25,2022-01-27,test,1.0,0.018271423177730953,0.75,0.25,20,-0.05105457031487659,0,sl
si1s,2022-01-26,2022-01-27,test,-1.0,0.01829051797865202,0.75,0.25,20,0.04750703573897652,1,pt
si1s,2022-01-27,2022-01-28,test,-1.0,0.02131716400835832,0.75,0.25,20,0.016537307483664887,1,pt
si1s,2022-01-28,2022-02-02,test,1.0,0.021498912985396842,0.75,0.25,20,0.018205462045900456,1,pt
si1s,2022-01-31,2022-02-07,test,1.0,0.021285721963620514,0.75,0.25,20,0.030500602982467928,1,pt
si1s,2022-02-02,2022-02-07,test,-1.0,0.020677211697259754,0.75,0.25,20,-0.016250495400212284,0,sl
si1s,2022-02-03,2022-02-07,test,1.0,0.020858789300387644,0.75,0.25,20,0.031329609810051284,1,pt
si1s,2022-02-04,2022-02-07,test,-1.0,0.018455793550881235,0.75,0.25,20,-0.02674082372758635,0,sl
si1s,2022-02-07,2022-02-08,test,-1.0,0.019244680041047825,0.75,0.25,20,-0.00537354726841599,0,sl
si1s,2022-02-08,2022-02-09,test,-1.0,0.019263679494930568,0.75,0.25,20,-0.006077586906385601,0,sl
si1s,2022-02-09,2022-02-10,test,-1.0,0.01902120984090616,0.75,0.25,20,-0.007754594399924208,0,sl
si1s,2022-02-10,2022-02-14,test,-1.0,0.018717381763568214,0.75,0.25,20,-0.013859365888396313,0,sl
si1s,2022-02-11,2022-02-14,test,-1.0,0.018779070460309508,0.75,0.25,20,-0.020497239523785904,0,sl
si1s,2022-02-14,2022-02-15,test,-1.0,0.019090902978374,0.75,0.25,20,0.021217711531078542,1,pt
si1s,2022-02-15,2022-02-16,test,-1.0,0.018987321194403137,0.75,0.25,20,-0.011267242627233776,0,sl
si1s,2022-02-16,2022-02-17,test,-1.0,0.017746552585572846,0.75,0.25,20,-0.011438254652172297,0,sl
si1s,2022-02-17,2022-02-18,test,-1.0,0.01731259513880656,0.75,0.25,20,-0.004900524178288457,0,sl
si1s,2022-02-18,2022-02-22,test,-1.0,0.01702709382232358,0.75,0.25,20,-0.013296097901171589,0,sl
si1s,2022-02-22,2022-02-23,test,-1.0,0.01654736918575839,0.75,0.25,20,-0.009935950907441482,0,sl
si1s,2022-02-23,2022-02-24,test,-1.0,0.016654176203789606,0.75,0.25,20,-0.004553215622640661,0,sl
si1s,2022-02-24,2022-02-25,test,-1.0,0.0166239108471173,0.75,0.25,20,0.02804532579557939,1,pt
si1s,2022-02-25,2022-02-28,test,1.0,0.01376280669621851,0.75,0.25,20,0.014531373440253681,1,pt
si1s,2022-02-28,2022-03-01,test,-1.0,0.013194148855126661,0.75,0.25,20,-0.048222933902432485,0,sl
si1s,2022-03-01,2022-03-02,test,-1.0,0.016292895461492422,0.75,0.25,20,0.013742609865487032,1,pt
si1s,2022-03-02,2022-03-04,test,-1.0,0.016896655932929824,0.75,0.25,20,-0.023779277334113225,0,sl
si1s,2022-03-03,2022-03-04,test,-1.0,0.01692621731424281,0.75,0.25,20,-0.022885927218533553,0,sl
si1s,2022-03-04,2022-03-08,test,-1.0,0.016677631792384535,0.75,0.25,20,-0.04288650163700747,0,sl
si1s,2022-03-07,2022-03-08,test,-1.0,0.016810895310640294,0.75,0.25,20,-0.04568429269018326,0,sl
si1s,2022-03-09,2022-03-10,test,-1.0,0.021336884440510198,0.75,0.25,20,-0.01704369428361363,0,sl
si1s,2022-03-11,2022-03-14,test,-1.0,0.02159235001974921,0.75,0.25,20,0.03295107028901767,1,pt
si1s,2022-03-15,2022-03-16,test,-1.0,0.022906833926399316,0.75,0.25,20,0.017807456543887268,1,pt
si1s,2022-03-17,2022-03-18,test,-1.0,0.023861180513811368,0.75,0.25,20,0.020651155281507405,1,pt
si1s,2022-03-18,2022-03-21,test,-1.0,0.024419057887580843,0.75,0.25,20,-0.00900864983723082,0,sl
si1s,2022-03-22,2022-03-23,test,-1.0,0.024672380092572777,0.75,0.25,20,-0.011443944814410134,0,sl
si1s,2022-03-23,2022-03-24,test,-1.0,0.024702545078059777,0.75,0.25,20,-0.029020605083179607,0,sl
si1s,2022-03-24,2022-03-28,test,-1.0,0.025449391583724168,0.75,0.25,20,0.027932099796519783,1,pt
si1s,2022-03-25,2022-03-29,test,-1.0,0.024648571285731793,0.75,0.25,20,0.03431582963964963,1,pt
si1s,2022-03-28,2022-04-01,test,-1.0,0.024877322856250796,0.75,0.25,20,0.02151135085895428,1,pt
si1s,2022-03-29,2022-03-30,test,-1.0,0.02280928272857977,0.75,0.25,20,-0.015240944493446928,0,sl
si1s,2022-03-30,2022-04-01,test,-1.0,0.022910723434318006,0.75,0.25,20,0.018277387076973017,1,pt
si1s,2022-03-31,2022-04-01,test,-1.0,0.0229105486298715,0.75,0.25,20,0.019058608923041787,1,pt
si1s,2022-04-01,2022-04-06,test,1.0,0.02263023731087167,0.75,0.25,20,-0.007950027936856063,0,sl
si1s,2022-04-04,2022-04-12,test,1.0,0.022630164746608634,0.75,0.25,20,0.04656364366826482,1,pt
si1s,2022-04-05,2022-04-11,test,1.0,0.019760204667884987,0.75,0.25,20,0.018464171470109036,1,pt
si1s,2022-04-06,2022-04-08,test,1.0,0.01781188930537066,0.75,0.25,20,0.014923541862792433,1,pt
si1s,2022-04-07,2022-04-12,test,1.0,0.017527670288393103,0.75,0.25,20,0.04042854260924922,1,pt
si1s,2022-04-11,2022-04-12,test,-1.0,0.016104045060725946,0.75,0.25,20,-0.029935566425883353,0,sl
si1s,2022-04-12,2022-04-18,test,1.0,0.017394248815756665,0.75,0.25,20,0.016125898317703502,1,pt
si1s,2022-04-13,2022-04-18,test,-1.0,0.01693018878586223,0.75,0.25,20,-0.004610064463760111,0,sl
si1s,2022-04-14,2022-04-18,test,1.0,0.015298783621854531,0.75,0.25,20,0.017509727412642784,1,pt
si1s,2022-04-18,2022-04-19,test,1.0,0.014916060780211036,0.75,0.25,20,-0.0290248565221658,0,sl
si1s,2022-04-19,2022-04-21,test,-1.0,0.016383651764775943,0.75,0.25,20,0.030325705861230845,1,pt
si1s,2022-04-21,2022-04-22,test,-1.0,0.01682907162711967,0.75,0.25,20,0.014702895833653362,1,pt
si1s,2022-04-22,2022-04-25,test,1.0,0.015540865991404229,0.75,0.25,20,-0.024279648084985617,0,sl
si1s,2022-04-25,2022-04-26,test,1.0,0.01615773299980955,0.75,0.25,20,-0.005899705320833948,0,sl
si1s,2022-04-26,2022-04-28,test,1.0,0.015896534506148616,0.75,0.25,20,-0.01733785475390648,0,sl
si1s,2022-04-27,2022-04-28,test,1.0,0.015500731117701871,0.75,0.25,20,-0.01378430011029752,0,sl
si1s,2022-04-28,2022-04-29,test,1.0,0.015098915635340717,0.75,0.25,20,-0.00414132338101425,0,sl
si1s,2022-04-29,2022-05-02,test,1.0,0.015054438980455036,0.75,0.25,20,-0.021702403834885753,0,sl
si1s,2022-05-02,2022-05-04,test,1.0,0.015206035576389767,0.75,0.25,20,-0.008058802841346302,0,sl
si1s,2022-05-03,2022-05-04,test,1.0,0.015309364162805478,0.75,0.25,20,-0.011603794595924977,0,sl
si1s,2022-05-04,2022-05-09,test,1.0,0.015391108236605743,0.75,0.25,20,-0.025979822944882658,0,sl
si1s,2022-05-05,2022-05-09,test,1.0,0.015456929154258885,0.75,0.25,20,-0.02775921190174857,0,sl
si1s,2022-05-06,2022-05-09,test,1.0,0.015015173203311008,0.75,0.25,20,-0.024455671606929852,0,sl
si1s,2022-05-09,2022-05-10,test,1.0,0.015478231647433123,0.75,0.25,20,-0.018148487726878382,0,sl
si1s,2022-05-10,2022-05-12,test,1.0,0.015365105867313145,0.75,0.25,20,-0.030386482458306663,0,sl
si1s,2022-05-11,2022-05-12,test,1.0,0.013155492442648546,0.75,0.25,20,-0.037172653757874485,0,sl
si1s,2022-05-12,2022-05-13,test,1.0,0.013746922025785837,0.75,0.25,20,0.010975785264629057,1,pt
si1s,2022-05-13,2022-05-16,test,1.0,0.014616165182530033,0.75,0.25,20,0.026189229004354386,1,pt
si1s,2022-05-16,2022-05-19,test,1.0,0.015553125681353764,0.75,0.25,20,0.016565357902154743,1,pt
si1s,2022-05-17,2022-05-18,test,1.0,0.015382221424516394,0.75,0.25,20,-0.009471264014657033,0,sl
si1s,2022-05-18,2022-05-19,test,1.0,0.015368180501058114,0.75,0.25,20,0.01689565571005658,1,pt
si1s,2022-05-19,2022-05-20,test,1.0,0.015713642461609164,0.75,0.25,20,-0.010681029751070548,0,sl
si1s,2022-05-20,2022-05-24,test,1.0,0.015619034158216433,0.75,0.25,20,0.017947771173151272,1,pt
si1s,2022-05-23,2022-05-24,test,1.0,0.015059987322161763,0.75,0.25,20,0.01565161432438944,1,pt
si1s,2022-05-24,2022-05-25,test,1.0,0.015697754050880586,0.75,0.25,20,-0.008747677143140953,0,sl
si1s,2022-05-25,2022-05-31,test,1.0,0.01574493359193296,0.75,0.25,20,-0.008321902300929662,0,sl
si1s,2022-05-26,2022-05-31,test,1.0,0.015645778890730336,0.75,0.25,20,-0.0126109716827012,0,sl
si1s,2022-05-27,2022-05-31,test,-1.0,0.015758805351786656,0.75,0.25,20,0.018464880374098103,1,pt
si1s,2022-05-31,2022-06-02,test,1.0,0.015556877062833119,0.75,0.25,20,0.02706565884871659,1,pt
si1s,2022-06-01,2022-06-02,test,-1.0,0.015760097181828078,0.75,0.25,20,-0.016427105587959234,0,sl
