auc_mean,auc_std,logloss_mean,logloss_std,brier_mean,brier_std,n_folds
0.4648734253530885,0.06760983544867558,0.9888749498864068,0.20806170923164935,0.32991239086499874,0.03997936233802277,15
