instrument,auc_mean,auc_std,logloss,brier,n_events
fesx1s,0.4665946180555555,0.06531730648230877,0.9890818357299355,0.32995397095486345,3040
