auc_mean,auc_std,logloss_mean,logloss_std,brier_mean,brier_std,n_folds
0.6372296691929783,0.08788005133842382,0.6773758619019337,0.043829250529225594,0.24175717193844365,0.02043254382729355,15
