date,instrument,y_true,y_score,fold
2020-01-30,rb1s,0,0.5040133595466614,0
2020-01-30,cl1s,1,0.5013102293014526,0
2020-01-31,rb1s,0,0.5088202953338623,0
2020-01-31,ho1s,1,0.5438705086708069,0
2020-01-31,cl1s,0,0.5040133595466614,0
2020-02-03,ho1s,1,0.5438705086708069,0
2020-02-03,rb1s,0,0.5088202953338623,0
2020-02-04,ho1s,1,0.5516580939292908,0
2020-02-04,rb1s,1,0.5481570959091187,0
2020-02-05,rb1s,1,0.5597319006919861,0
2020-02-05,cl1s,1,0.5597319006919861,0
2020-02-06,cl1s,1,0.5597319006919861,0
2020-02-06,rb1s,1,0.5597319006919861,0
2020-02-07,rb1s,1,0.5516580939292908,0
2020-02-07,cl1s,1,0.5516580939292908,0
2020-02-10,rb1s,1,0.5508150458335876,0
2020-02-10,cl1s,1,0.5516580939292908,0
2020-02-11,cl1s,0,0.5597319006919861,0
2020-02-11,rb1s,1,0.5588919520378113,0
2020-02-12,rb1s,0,0.5534979104995728,0
2020-02-12,cl1s,0,0.5569033026695251,0
2020-02-13,cl1s,0,0.5583064556121826,0
2020-02-13,rb1s,0,0.5563309192657471,0
2020-02-14,rb1s,0,0.5509200096130371,0
2020-02-14,cl1s,0,0.5569801330566406,0
2020-02-18,rb1s,0,0.5437325835227966,0
2020-02-18,cl1s,0,0.5478517413139343,0
2020-02-19,rb1s,1,0.5154303312301636,0
2020-02-19,cl1s,0,0.5517351031303406,0
2020-02-20,cl1s,0,0.5478517413139343,0
2020-02-20,rb1s,1,0.5112559199333191,0
2020-02-21,rb1s,0,0.5305052995681763,0
2020-02-21,cl1s,0,0.5385429859161377,0
2020-02-24,cl1s,0,0.5385429859161377,0
2020-02-24,rb1s,0,0.5305052995681763,0
2020-02-25,rb1s,0,0.5305052995681763,0
2020-02-25,cl1s,0,0.5385429859161377,0
2020-02-26,cl1s,0,0.5385429859161377,0
2020-02-26,rb1s,0,0.5385429859161377,0
2020-02-27,cl1s,0,0.5358736515045166,0
2020-02-27,rb1s,0,0.5358736515045166,0
2020-02-28,cl1s,0,0.5358736515045166,0
2020-02-28,rb1s,0,0.5358736515045166,0
2020-03-02,rb1s,0,0.5297685265541077,0
2020-03-03,rb1s,0,0.5297685265541077,0
2020-03-04,rb1s,0,0.5366335511207581,0
2020-03-05,rb1s,0,0.5358736515045166,0
2020-03-06,rb1s,0,0.5358736515045166,0
2020-03-09,rb1s,0,0.5261748433113098,0
2020-03-09,ho1s,0,0.5261748433113098,0
2020-03-10,rb1s,0,0.5261748433113098,0
2020-03-11,rb1s,1,0.49182426929473877,0
2020-03-12,rb1s,0,0.5228633880615234,0
2020-03-13,rb1s,0,0.5261748433113098,0
2020-03-16,rb1s,0,0.5228633880615234,0
2020-03-17,rb1s,1,0.49772611260414124,0
2020-03-18,rb1s,0,0.49440690875053406,0
2020-03-18,cl1s,1,0.5316771268844604,0
2020-03-19,rb1s,1,0.48850613832473755,0
2020-03-20,cl1s,1,0.5228633880615234,0
2020-03-20,rb1s,1,0.48850613832473755,0
2020-03-23,cl1s,0,0.5349817872047424,0
2020-03-23,rb1s,0,0.49772611260414124,0
2020-03-24,cl1s,0,0.5316771268844604,0
2020-03-24,rb1s,0,0.49440690875053406,0
2020-03-25,rb1s,0,0.49772611260414124,0
2020-03-26,rb1s,0,0.49440690875053406,0
2020-03-26,cl1s,1,0.5351499915122986,0
2020-03-27,cl1s,1,0.5475982427597046,0
2020-03-27,rb1s,0,0.49749693274497986,0
2020-03-30,rb1s,0,0.49749693274497986,0
2020-03-30,cl1s,1,0.5443068742752075,0
2020-03-31,rb1s,0,0.466813862323761,0
2020-04-01,rb1s,0,0.46351057291030884,0
2020-04-02,rb1s,0,0.466813862323761,0
2020-04-03,rb1s,1,0.4807872176170349,0
2020-04-06,rb1s,1,0.4807872176170349,0
2020-04-07,rb1s,1,0.4807872176170349,0
2020-04-08,rb1s,1,0.4775939881801605,0
2020-04-09,rb1s,1,0.4807872176170349,0
2020-04-13,rb1s,1,0.4807872176170349,0
2020-04-14,rb1s,1,0.4775939881801605,0
2020-04-15,ho1s,1,0.4807872176170349,0
2020-04-15,rb1s,1,0.4775939881801605,0
2020-04-16,rb1s,0,0.466813862323761,0
2020-04-16,ho1s,1,0.4774736166000366,0
2020-04-17,rb1s,0,0.466813862323761,0
2020-04-20,rb1s,0,0.466813862323761,0
2020-04-21,rb1s,1,0.5418962240219116,0
2020-04-21,ho1s,1,0.5479782819747925,0
2020-04-21,cl1s,1,0.5479782819747925,0
2020-04-22,cl1s,1,0.5405876040458679,0
2020-04-22,rb1s,1,0.5418962240219116,0
2020-04-23,rb1s,1,0.5418962240219116,0
2020-04-23,cl1s,1,0.5438833832740784,0
2020-04-24,cl1s,1,0.5479782819747925,0
2020-04-24,rb1s,1,0.5418962240219116,0
2020-04-27,cl1s,1,0.5479782819747925,0
2020-04-27,rb1s,1,0.5418962240219116,0
2020-04-28,cl1s,1,0.5479782819747925,0
2020-04-28,rb1s,1,0.5418962240219116,0
2020-04-29,cl1s,1,0.5479782819747925,0
2020-04-29,rb1s,1,0.5418962240219116,0
2020-04-30,cl1s,1,0.5479782819747925,0
2020-04-30,rb1s,0,0.49417775869369507,0
2020-05-01,rb1s,0,0.49749693274497986,0
2020-05-01,cl1s,1,0.5433242917060852,0
2020-05-04,cl1s,1,0.5433242917060852,0
2020-05-04,rb1s,1,0.5372325778007507,0
2020-05-05,ng1s,1,0.5190674066543579,0
2020-05-05,rb1s,0,0.5016742944717407,0
2020-05-05,cl1s,1,0.5433242917060852,0
2020-05-06,rb1s,0,0.49835485219955444,0
2020-05-06,ng1s,1,0.5142994523048401,0
2020-05-06,cl1s,1,0.5433242917060852,0
2020-05-07,cl1s,1,0.5433242917060852,0
2020-05-07,rb1s,0,0.5016742944717407,0
2020-05-07,ng1s,1,0.5115980505943298,0
2020-05-08,rb1s,0,0.5058184862136841,0
2020-05-08,ng1s,1,0.5157394409179688,0
2020-05-08,cl1s,1,0.5341646671295166,0
2020-05-11,rb1s,0,0.5058184862136841,0
2020-05-11,ng1s,1,0.5157394409179688,0
2020-05-11,cl1s,1,0.5341646671295166,0
2020-05-12,cl1s,1,0.5341646671295166,0
2020-05-12,ng1s,0,0.5157394409179688,0
2020-05-12,rb1s,0,0.5024993419647217,0
2020-05-13,rb1s,1,0.528056800365448,0
2020-05-13,cl1s,1,0.5341646671295166,0
2020-05-14,rb1s,0,0.5058184862136841,0
2020-05-14,ng1s,0,0.5157394409179688,0
2020-05-14,cl1s,1,0.5341646671295166,0
2020-05-15,rb1s,0,0.5058184862136841,0
2020-05-15,ng1s,1,0.5157394409179688,0
2020-05-18,ng1s,1,0.5157394409179688,0
2020-05-18,ho1s,0,0.5016413927078247,0
2020-05-18,rb1s,0,0.5024993419647217,0
2020-05-19,rb1s,0,0.5058184862136841,0
2020-05-19,ng1s,1,0.5157394409179688,0
2020-05-19,cl1s,1,0.5372325778007507,0
2020-05-20,rb1s,0,0.5058184862136841,0
2020-05-20,ho1s,0,0.4983219504356384,0
2020-05-20,ng1s,1,0.5157394409179688,0
2020-05-21,ng1s,1,0.5157394409179688,0
2020-05-21,rb1s,0,0.5058184862136841,0
2020-05-22,rb1s,0,0.5024993419647217,0
2020-05-26,rb1s,0,0.5011988878250122,0
2020-05-27,rb1s,0,0.4972836375236511,0
2020-05-27,cl1s,1,0.49901002645492554,0
2020-05-27,ng1s,1,0.5144160389900208,0
2020-05-28,cl1s,1,0.49901002645492554,0
2020-05-28,rb1s,0,0.483370840549469,0
2020-05-28,ng1s,1,0.5046784281730652,0
2020-05-29,rb1s,0,0.4800887405872345,0
2020-05-29,ng1s,1,0.503237247467041,0
2020-06-01,rb1s,0,0.4834037721157074,0
2020-06-01,ng1s,1,0.49723881483078003,0
2020-06-02,rb1s,0,0.4834037721157074,0
2020-06-02,ng1s,1,0.49723881483078003,0
2020-06-03,rb1s,0,0.4834037721157074,0
2020-06-04,cl1s,1,0.5043689012527466,0
2020-06-04,rb1s,0,0.4800887405872345,0
2020-06-05,rb1s,0,0.4873155951499939,0
2020-06-05,cl1s,1,0.5043689012527466,0
2020-06-08,cl1s,1,0.5043689012527466,0
2020-06-08,rb1s,0,0.4873155951499939,0
2020-06-09,cl1s,1,0.5084980130195618,0
2020-06-09,rb1s,0,0.4873155951499939,0
2020-06-10,cl1s,0,0.5043689012527466,0
2020-06-10,rb1s,1,0.4834037721157074,0
2020-06-11,rb1s,0,0.47923216223716736,0
2020-06-11,cl1s,1,0.5043689012527466,0
2020-06-12,rb1s,1,0.5043689012527466,0
2020-06-12,cl1s,1,0.5084980130195618,0
2020-06-15,rb1s,1,0.5120787024497986,0
2020-06-16,rb1s,0,0.5043689012527466,0
2020-06-17,rb1s,0,0.4764057695865631,0
2020-06-17,cl1s,1,0.5043689012527466,0
2020-06-18,rb1s,0,0.4803137183189392,0
2020-06-18,cl1s,1,0.5043689012527466,0
2020-06-19,cl1s,1,0.4912988841533661,0
2020-06-19,rb1s,1,0.4844529926776886,0
2020-06-22,cl1s,0,0.4912988841533661,0
2020-06-22,rb1s,1,0.4844529926776886,0
2020-06-23,cl1s,1,0.4912988841533661,0
2020-06-23,rb1s,1,0.4844529926776886,0
2020-06-24,rb1s,1,0.49364998936653137,0
2020-06-24,cl1s,1,0.4912988841533661,0
2020-06-25,rb1s,1,0.48847702145576477,0
2020-06-25,cl1s,1,0.4912988841533661,0
2020-06-26,rb1s,1,0.531371533870697,0
2020-06-26,cl1s,1,0.5300696492195129,0
2020-06-29,rb1s,1,0.5318978428840637,0
2020-06-29,cl1s,1,0.529555082321167,0
2020-06-30,cl1s,1,0.5356605648994446,0
2020-06-30,rb1s,1,0.5338910222053528,0
2020-07-01,ho1s,0,0.4838457405567169,0
2020-07-01,rb1s,0,0.4820696711540222,0
2020-07-01,cl1s,1,0.5252350568771362,0
2020-07-02,cl1s,0,0.49742966890335083,0
2020-07-02,rb1s,0,0.49460676312446594,0
2020-07-06,cl1s,1,0.475735068321228,0
2020-07-06,rb1s,0,0.47396141290664673,0
2020-07-07,cl1s,1,0.475735068321228,0
2020-07-07,rb1s,1,0.4729194939136505,0
2020-07-08,cl1s,1,0.475735068321228,0
2020-07-08,rb1s,0,0.4770389497280121,0
2020-07-09,rb1s,1,0.5142592191696167,0
2020-07-09,cl1s,1,0.5160357356071472,0
2020-07-10,ho1s,0,0.4819469153881073,0
2020-07-10,cl1s,1,0.5077857375144958,0
2020-07-10,rb1s,0,0.5077857375144958,0
2020-07-13,rb1s,0,0.46731969714164734,0
2020-07-13,cl1s,1,0.4632098376750946,0
2020-07-14,rb1s,1,0.4807957708835602,0
2020-07-14,cl1s,1,0.47467637062072754,0
2020-07-15,rb1s,0,0.4626658856868744,0
2020-07-15,cl1s,0,0.4632098376750946,0
2020-07-16,rb1s,0,0.4626658856868744,0
2020-07-16,cl1s,0,0.4565742611885071,0
2020-07-17,rb1s,0,0.5027512311935425,0
2020-07-17,cl1s,0,0.4739376902580261,0
2020-07-20,rb1s,1,0.49856486916542053,0
2020-07-20,cl1s,1,0.47587811946868896,0
2020-07-21,rb1s,0,0.49349722266197205,0
2020-07-21,cl1s,0,0.47587811946868896,0
2020-07-22,rb1s,0,0.49349722266197205,0
2020-07-22,cl1s,1,0.47587811946868896,0
2020-07-23,rb1s,0,0.4873679280281067,0
2020-07-23,cl1s,1,0.4697646498680115,0
2020-07-24,rb1s,0,0.4876713156700134,0
2020-07-24,cl1s,0,0.4735357463359833,0
2020-07-27,cl1s,1,0.4735357463359833,0
2020-07-27,rb1s,0,0.4876713156700134,0
2020-07-28,rb1s,0,0.4876713156700134,0
2020-07-28,cl1s,1,0.4735357463359833,0
2020-07-29,rb1s,1,0.4876713156700134,0
2020-07-29,cl1s,1,0.4735357463359833,0
2020-07-30,rb1s,1,0.4876713156700134,0
2020-07-30,cl1s,1,0.5023480653762817,0
2020-07-31,cl1s,1,0.49892929196357727,0
2020-07-31,rb1s,1,0.4876713156700134,0
2020-08-03,cl1s,1,0.49892929196357727,0
2020-08-03,rb1s,1,0.4943476617336273,0
2020-08-03,ng1s,0,0.4779338538646698,0
2020-08-04,cl1s,1,0.46968746185302734,0
2020-08-04,rb1s,1,0.4943476617336273,0
2020-08-05,rb1s,1,0.48094427585601807,0
2020-08-06,rb1s,1,0.48094427585601807,0
2020-08-06,ng1s,0,0.4779338538646698,0
2020-08-07,rb1s,1,0.46968746185302734,0
2020-08-10,ng1s,0,0.49246931076049805,0
2020-01-30,rb1s,0,0.4657284617424011,1
2020-01-30,cl1s,1,0.41724249720573425,1
2020-01-31,rb1s,0,0.49736830592155457,1
2020-01-31,ho1s,1,0.6747271418571472,1
2020-01-31,cl1s,0,0.41686782240867615,1
2020-02-03,ho1s,1,0.6747271418571472,1
2020-02-03,rb1s,0,0.5232127904891968,1
2020-02-04,ho1s,1,0.6747271418571472,1
2020-02-04,rb1s,1,0.6785878539085388,1
2020-02-05,rb1s,1,0.6623857617378235,1
2020-02-05,cl1s,1,0.649465024471283,1
2020-02-06,cl1s,1,0.600832462310791,1
2020-02-06,rb1s,1,0.6144816875457764,1
2020-02-07,rb1s,1,0.6067954301834106,1
2020-02-07,cl1s,1,0.5869812965393066,1
2020-02-10,rb1s,1,0.6067954301834106,1
2020-02-10,cl1s,1,0.5869812965393066,1
2020-02-11,cl1s,0,0.5869812965393066,1
2020-02-11,rb1s,1,0.6067954301834106,1
2020-02-12,rb1s,0,0.601841151714325,1
2020-02-12,cl1s,0,0.5898476243019104,1
2020-02-13,cl1s,0,0.5953575372695923,1
2020-02-13,rb1s,0,0.6067954301834106,1
2020-02-14,rb1s,0,0.6059076189994812,1
2020-02-14,cl1s,0,0.6003331542015076,1
2020-02-18,rb1s,0,0.5971958637237549,1
2020-02-18,cl1s,0,0.6003331542015076,1
2020-02-19,rb1s,1,0.4640677273273468,1
2020-02-19,cl1s,0,0.6009495854377747,1
2020-02-20,cl1s,0,0.6009495854377747,1
2020-02-20,rb1s,1,0.4872562885284424,1
2020-02-21,rb1s,0,0.6683391332626343,1
2020-02-21,cl1s,0,0.6764262318611145,1
2020-02-24,cl1s,0,0.6511049270629883,1
2020-02-24,rb1s,0,0.6511049270629883,1
2020-02-25,rb1s,0,0.678335428237915,1
2020-02-25,cl1s,0,0.678335428237915,1
2020-02-26,cl1s,0,0.678335428237915,1
2020-02-26,rb1s,0,0.678335428237915,1
2020-02-27,cl1s,0,0.6757475137710571,1
2020-02-27,rb1s,0,0.6757475137710571,1
2020-02-28,cl1s,0,0.6757475137710571,1
2020-02-28,rb1s,0,0.6757475137710571,1
2020-03-02,rb1s,0,0.678335428237915,1
2020-03-03,rb1s,0,0.678335428237915,1
2020-03-04,rb1s,0,0.678335428237915,1
2020-03-05,rb1s,0,0.6742322444915771,1
2020-03-06,rb1s,0,0.6735357046127319,1
2020-03-09,rb1s,0,0.6700615882873535,1
2020-03-09,ho1s,0,0.6732175946235657,1
2020-03-10,rb1s,0,0.6700615882873535,1
2020-03-11,rb1s,1,0.41864651441574097,1
2020-03-12,rb1s,0,0.5937424302101135,1
2020-03-13,rb1s,0,0.5937424302101135,1
2020-03-16,rb1s,0,0.5937424302101135,1
2020-03-17,rb1s,1,0.40830472111701965,1
2020-03-18,rb1s,0,0.40830472111701965,1
2020-03-18,cl1s,1,0.5937424302101135,1
2020-03-19,rb1s,1,0.4307032823562622,1
2020-03-20,cl1s,1,0.5891682505607605,1
2020-03-20,rb1s,1,0.4084272086620331,1
2020-03-23,cl1s,0,0.5891682505607605,1
2020-03-23,rb1s,0,0.40547409653663635,1
2020-03-24,cl1s,0,0.5945863723754883,1
2020-03-24,rb1s,0,0.40547409653663635,1
2020-03-25,rb1s,0,0.40301913022994995,1
2020-03-26,rb1s,0,0.4084272086620331,1
2020-03-26,cl1s,1,0.6637428402900696,1
2020-03-27,cl1s,1,0.661633312702179,1
2020-03-27,rb1s,0,0.4015878140926361,1
2020-03-30,rb1s,0,0.39411234855651855,1
2020-03-30,cl1s,1,0.6639117002487183,1
2020-03-31,rb1s,0,0.36783796548843384,1
2020-04-01,rb1s,0,0.3698914349079132,1
2020-04-02,rb1s,0,0.36783796548843384,1
2020-04-03,rb1s,1,0.4116213619709015,1
2020-04-06,rb1s,1,0.4116213619709015,1
2020-04-07,rb1s,1,0.4116213619709015,1
2020-04-08,rb1s,1,0.39712274074554443,1
2020-04-09,rb1s,1,0.40795260667800903,1
2020-04-13,rb1s,1,0.40795260667800903,1
2020-04-14,rb1s,1,0.41484594345092773,1
2020-04-15,ho1s,1,0.4321930706501007,1
2020-04-15,rb1s,1,0.413912832736969,1
2020-04-16,rb1s,0,0.380010187625885,1
2020-04-16,ho1s,1,0.4429628849029541,1
2020-04-17,rb1s,0,0.38952022790908813,1
2020-04-20,rb1s,0,0.380010187625885,1
2020-04-21,rb1s,1,0.5888232588768005,1
2020-04-21,ho1s,1,0.5998004674911499,1
2020-04-21,cl1s,1,0.6048873662948608,1
2020-04-22,cl1s,1,0.6068795919418335,1
2020-04-22,rb1s,1,0.5908416509628296,1
2020-04-23,rb1s,1,0.5962528586387634,1
2020-04-23,cl1s,1,0.6068795919418335,1
2020-04-24,cl1s,1,0.6047934293746948,1
2020-04-24,rb1s,1,0.5908416509628296,1
2020-04-27,cl1s,1,0.6771156191825867,1
2020-04-27,rb1s,1,0.6623489260673523,1
2020-04-28,cl1s,1,0.6752027273178101,1
2020-04-28,rb1s,1,0.6603924036026001,1
2020-04-29,cl1s,1,0.6729632019996643,1
2020-04-29,rb1s,1,0.6620189547538757,1
2020-04-30,cl1s,1,0.6719223260879517,1
2020-04-30,rb1s,0,0.381550669670105,1
2020-05-01,rb1s,0,0.3726505935192108,1
2020-05-01,cl1s,1,0.6719223260879517,1
2020-05-04,cl1s,1,0.6719223260879517,1
2020-05-04,rb1s,1,0.6570901274681091,1
2020-05-05,ng1s,1,0.5183899402618408,1
2020-05-05,rb1s,0,0.3726505935192108,1
2020-05-05,cl1s,1,0.6719223260879517,1
2020-05-06,rb1s,0,0.3726505935192108,1
2020-05-06,ng1s,1,0.5204681158065796,1
2020-05-06,cl1s,1,0.6012218594551086,1
2020-05-07,cl1s,1,0.6036633253097534,1
2020-05-07,rb1s,0,0.36742204427719116,1
2020-05-07,ng1s,1,0.48541533946990967,1
2020-05-08,rb1s,0,0.36446353793144226,1
2020-05-08,ng1s,1,0.5046663880348206,1
2020-05-08,cl1s,1,0.6027730703353882,1
2020-05-11,rb1s,0,0.3686067461967468,1
2020-05-11,ng1s,1,0.5053966641426086,1
2020-05-11,cl1s,1,0.6048629283905029,1
2020-05-12,cl1s,1,0.668655514717102,1
2020-05-12,ng1s,0,0.49740347266197205,1
2020-08-10,rb1s,1,0.6287370920181274,1
2020-08-11,rb1s,1,0.6376088857650757,1
2020-08-12,rb1s,1,0.613528847694397,1
2020-08-13,rb1s,1,0.6159431338310242,1
2020-08-14,rb1s,1,0.6786648035049438,1
2020-08-17,rb1s,1,0.6686738133430481,1
2020-08-18,rb1s,1,0.6618173718452454,1
2020-08-19,rb1s,0,0.6618173718452454,1
2020-08-20,rb1s,0,0.628454327583313,1
2020-08-21,rb1s,0,0.6101838946342468,1
2020-08-21,cl1s,0,0.6085849404335022,1
2020-08-24,cl1s,0,0.6132388114929199,1
2020-08-24,rb1s,0,0.562379002571106,1
2020-08-25,cl1s,0,0.6021434664726257,1
2020-08-25,rb1s,0,0.562379002571106,1
2020-08-26,rb1s,0,0.6678649187088013,1
2020-08-26,cl1s,0,0.6737605929374695,1
2020-08-27,rb1s,0,0.6861812472343445,1
2020-08-28,rb1s,0,0.6844807267189026,1
2020-08-31,rb1s,0,0.680414617061615,1
2020-09-01,rb1s,0,0.680414617061615,1
2020-09-01,cl1s,0,0.6679927706718445,1
2020-09-02,cl1s,0,0.6741771101951599,1
2020-09-02,rb1s,0,0.6844807267189026,1
2020-09-03,rb1s,0,0.6844807267189026,1
2020-09-04,rb1s,0,0.6050809025764465,1
2020-09-08,ho1s,1,0.606428861618042,1
2020-09-08,rb1s,1,0.6108770370483398,1
2020-09-09,rb1s,1,0.6108770370483398,1
2020-09-10,rb1s,1,0.6566177010536194,1
2020-09-11,rb1s,1,0.6566177010536194,1
2020-09-14,rb1s,1,0.6566177010536194,1
2020-09-15,rb1s,1,0.6795186400413513,1
2020-09-16,rb1s,1,0.6820905804634094,1
2020-09-16,cl1s,0,0.6748954653739929,1
2020-09-17,rb1s,0,0.6820905804634094,1
2020-09-18,rb1s,0,0.6748954653739929,1
2020-09-21,rb1s,1,0.6169281005859375,1
2020-09-21,cl1s,0,0.6091033220291138,1
2020-09-21,ho1s,1,0.6062816977500916,1
2020-09-22,rb1s,1,0.611181378364563,1
2020-09-22,ho1s,1,0.6083651185035706,1
2020-09-22,cl1s,1,0.6091033220291138,1
2020-09-23,rb1s,1,0.6074312329292297,1
2020-09-23,ho1s,1,0.6074312329292297,1
2020-09-23,cl1s,1,0.6053460836410522,1
2020-09-24,cl1s,1,0.6074312329292297,1
2020-09-24,ho1s,1,0.6074312329292297,1
2020-09-24,ng1s,1,0.43083104491233826,1
2020-09-24,rb1s,1,0.6074312329292297,1
2020-09-25,rb1s,1,0.6074312329292297,1
2020-09-25,cl1s,1,0.6074312329292297,1
2020-09-25,ho1s,1,0.6074312329292297,1
2020-09-28,rb1s,0,0.6074312329292297,1
2020-09-28,cl1s,0,0.6074312329292297,1
2020-09-29,ho1s,1,0.6755920052528381,1
2020-09-29,cl1s,1,0.6755920052528381,1
2020-09-29,rb1s,1,0.6755920052528381,1
2020-09-30,rb1s,1,0.6705093383789062,1
2020-09-30,cl1s,1,0.6705093383789062,1
2020-09-30,ho1s,1,0.6685764193534851,1
2020-10-01,cl1s,1,0.6618711352348328,1
2020-10-01,ho1s,1,0.6618711352348328,1
2020-10-01,rb1s,1,0.6618711352348328,1
2020-10-02,ho1s,1,0.6618711352348328,1
2020-10-02,cl1s,1,0.6592172980308533,1
2020-10-02,rb1s,1,0.6592172980308533,1
2020-10-05,rb1s,0,0.6723847389221191,1
2020-10-05,cl1s,1,0.6689428687095642,1
2020-10-06,rb1s,0,0.660011887550354,1
2020-10-07,cl1s,0,0.6723847389221191,1
2020-10-07,rb1s,0,0.6743062734603882,1
2020-10-08,cl1s,0,0.6723117232322693,1
2020-10-08,rb1s,0,0.6688594222068787,1
2020-10-09,ng1s,0,0.4476780295372009,1
2020-10-09,rb1s,0,0.6826761960983276,1
2020-10-09,cl1s,0,0.6807806491851807,1
2020-10-12,rb1s,0,0.6844807267189026,1
2020-10-12,ng1s,0,0.4504489302635193,1
2020-10-12,cl1s,0,0.6844807267189026,1
2020-10-13,cl1s,0,0.6825910210609436,1
2020-10-13,rb1s,0,0.6844807267189026,1
2020-10-13,ng1s,0,0.4240918457508087,1
2020-10-14,cl1s,0,0.6803783178329468,1
2020-10-14,rb1s,0,0.6844807267189026,1
2020-10-14,ng1s,0,0.4240918457508087,1
2020-10-15,cl1s,0,0.6435664892196655,1
2020-10-15,rb1s,0,0.6455679535865784,1
2020-10-16,cl1s,0,0.6180076003074646,1
2020-10-16,rb1s,0,0.6180076003074646,1
2020-10-19,rb1s,0,0.646898090839386,1
2020-10-19,cl1s,0,0.646898090839386,1
2020-10-20,rb1s,0,0.687279999256134,1
2020-10-20,cl1s,0,0.6828098297119141,1
2020-10-21,rb1s,0,0.687279999256134,1
2020-10-21,cl1s,0,0.687279999256134,1
2020-10-22,rb1s,0,0.687279999256134,1
2020-10-22,cl1s,0,0.687279999256134,1
2020-10-23,ho1s,0,0.6768287420272827,1
2020-10-23,cl1s,0,0.6889722943305969,1
2020-10-23,rb1s,0,0.6889722943305969,1
2020-10-26,ng1s,1,0.4237387180328369,1
2020-10-26,ho1s,1,0.6768287420272827,1
2020-10-26,cl1s,1,0.6889722943305969,1
2020-10-26,rb1s,1,0.6864303350448608,1
2020-10-27,rb1s,0,0.6889722943305969,1
2020-10-27,ng1s,1,0.44882309436798096,1
2020-10-27,ho1s,1,0.6837371587753296,1
2020-10-27,cl1s,0,0.6889722943305969,1
2020-10-28,rb1s,1,0.6170746088027954,1
2020-10-28,cl1s,1,0.6198673844337463,1
2020-10-29,cl1s,1,0.6117607951164246,1
2020-10-29,rb1s,1,0.6117607951164246,1
2020-10-29,ho1s,1,0.6198673844337463,1
2020-10-30,ho1s,1,0.6180076003074646,1
2020-10-30,rb1s,1,0.6180076003074646,1
2020-10-30,cl1s,1,0.6180076003074646,1
2020-11-02,cl1s,1,0.6180076003074646,1
2020-11-02,rb1s,1,0.6180076003074646,1
2020-11-03,cl1s,1,0.613528847694397,1
2020-11-03,rb1s,1,0.613528847694397,1
2020-11-04,cl1s,1,0.6831971406936646,1
2020-11-04,rb1s,1,0.6831971406936646,1
2020-11-05,rb1s,1,0.6831971406936646,1
2020-11-05,cl1s,1,0.6831971406936646,1
2020-11-06,cl1s,1,0.6842969655990601,1
2020-01-30,rb1s,0,0.6185272932052612,2
2020-01-30,cl1s,1,0.6249340772628784,2
2020-01-31,rb1s,0,0.6169857978820801,2
2020-01-31,ho1s,1,0.6062914729118347,2
2020-01-31,cl1s,0,0.5632579922676086,2
2020-02-03,ho1s,1,0.510032057762146,2
2020-02-03,rb1s,0,0.5030760169029236,2
2020-02-04,ho1s,1,0.49918046593666077,2
2020-02-04,rb1s,1,0.550044059753418,2
2020-02-05,rb1s,1,0.5493330359458923,2
2020-02-05,cl1s,1,0.6213903427124023,2
2020-02-06,cl1s,1,0.6331247091293335,2
2020-02-06,rb1s,1,0.5399072170257568,2
2020-02-07,rb1s,1,0.5335745215415955,2
2020-02-07,cl1s,1,0.5498250722885132,2
2020-02-10,rb1s,1,0.5167183876037598,2
2020-02-10,cl1s,1,0.5405769348144531,2
2020-02-11,cl1s,0,0.5296858549118042,2
2020-02-11,rb1s,1,0.5173633098602295,2
2020-02-12,rb1s,0,0.43596458435058594,2
2020-02-12,cl1s,0,0.5228462219238281,2
2020-02-13,cl1s,0,0.5172951221466064,2
2020-02-13,rb1s,0,0.4681311547756195,2
2020-02-14,rb1s,0,0.4794602692127228,2
2020-02-14,cl1s,0,0.586245596408844,2
2020-02-18,rb1s,0,0.4490205943584442,2
2020-02-18,cl1s,0,0.6010066270828247,2
2020-02-19,rb1s,1,0.39357849955558777,2
2020-02-19,cl1s,0,0.6258883476257324,2
2020-02-20,cl1s,0,0.6296102404594421,2
2020-02-20,rb1s,1,0.4169217050075531,2
2020-02-21,rb1s,0,0.5000526309013367,2
2020-02-21,cl1s,0,0.6309613585472107,2
2020-02-24,cl1s,0,0.6835912466049194,2
2020-02-24,rb1s,0,0.5966211557388306,2
2020-02-25,rb1s,0,0.6244621276855469,2
2020-02-25,cl1s,0,0.6252012848854065,2
2020-02-26,cl1s,0,0.610127329826355,2
2020-02-26,rb1s,0,0.6492740511894226,2
2020-02-27,cl1s,0,0.6609368920326233,2
2020-02-27,rb1s,0,0.6537730693817139,2
2020-02-28,cl1s,0,0.6692690253257751,2
2020-02-28,rb1s,0,0.6580773591995239,2
2020-03-02,rb1s,0,0.5629717707633972,2
2020-03-03,rb1s,0,0.5790668725967407,2
2020-03-04,rb1s,0,0.5894229412078857,2
2020-03-05,rb1s,0,0.6306737661361694,2
2020-03-06,rb1s,0,0.5577837824821472,2
2020-03-09,rb1s,0,0.6247493028640747,2
2020-03-09,ho1s,0,0.6715828776359558,2
2020-03-10,rb1s,0,0.6283578872680664,2
2020-03-11,rb1s,1,0.6009009480476379,2
2020-03-12,rb1s,0,0.6495097279548645,2
2020-03-13,rb1s,0,0.6559112668037415,2
2020-03-16,rb1s,0,0.6425377130508423,2
2020-03-17,rb1s,1,0.6019864678382874,2
2020-03-18,rb1s,0,0.5963662266731262,2
2020-03-18,cl1s,1,0.6939873099327087,2
2020-03-19,rb1s,1,0.5937790274620056,2
2020-03-20,cl1s,1,0.6994742155075073,2
2020-03-20,rb1s,1,0.5929310917854309,2
2020-03-23,cl1s,0,0.6939495205879211,2
2020-03-23,rb1s,0,0.6020844578742981,2
2020-03-24,cl1s,0,0.6870018839836121,2
2020-03-24,rb1s,0,0.6073578596115112,2
2020-03-25,rb1s,0,0.5899280309677124,2
2020-03-26,rb1s,0,0.43852293491363525,2
2020-03-26,cl1s,1,0.6212130188941956,2
2020-03-27,cl1s,1,0.6171650290489197,2
2020-03-27,rb1s,0,0.4479166567325592,2
2020-03-30,rb1s,0,0.4402502775192261,2
2020-03-30,cl1s,1,0.62708580493927,2
2020-03-31,rb1s,0,0.41769644618034363,2
2020-04-01,rb1s,0,0.41388899087905884,2
2020-04-02,rb1s,0,0.45300084352493286,2
2020-04-03,rb1s,1,0.6356477737426758,2
2020-04-06,rb1s,1,0.665409505367279,2
2020-04-07,rb1s,1,0.46647214889526367,2
2020-04-08,rb1s,1,0.442516565322876,2
2020-04-09,rb1s,1,0.44392362236976624,2
2020-04-13,rb1s,1,0.4517121911048889,2
2020-04-14,rb1s,1,0.5500632524490356,2
2020-04-15,ho1s,1,0.5813907384872437,2
2020-04-15,rb1s,1,0.4994308352470398,2
2020-04-16,rb1s,0,0.554801881313324,2
2020-04-16,ho1s,1,0.5963500738143921,2
2020-04-17,rb1s,0,0.5362246036529541,2
2020-04-20,rb1s,0,0.5421136617660522,2
2020-04-21,rb1s,1,0.6489540934562683,2
2020-04-21,ho1s,1,0.711064875125885,2
2020-04-21,cl1s,1,0.7395257353782654,2
2020-04-22,cl1s,1,0.7034904360771179,2
2020-04-22,rb1s,1,0.5853087902069092,2
2020-04-23,rb1s,1,0.7270792126655579,2
2020-04-23,cl1s,1,0.7945597767829895,2
2020-04-24,cl1s,1,0.7907943725585938,2
2020-04-24,rb1s,1,0.7026947736740112,2
2020-04-27,cl1s,1,0.8223890066146851,2
2020-04-27,rb1s,1,0.7503926157951355,2
2020-04-28,cl1s,1,0.7923319935798645,2
2020-04-28,rb1s,1,0.6238171458244324,2
2020-04-29,cl1s,1,0.775725245475769,2
2020-04-29,rb1s,1,0.5890697836875916,2
2020-04-30,cl1s,1,0.7719109058380127,2
2020-04-30,rb1s,0,0.5147111415863037,2
2020-05-01,rb1s,0,0.5307120680809021,2
2020-05-01,cl1s,1,0.755233108997345,2
2020-05-04,cl1s,1,0.7531329989433289,2
2020-05-04,rb1s,1,0.5610477924346924,2
2020-05-05,ng1s,1,0.4213062524795532,2
2020-05-05,rb1s,0,0.45061299204826355,2
2020-05-05,cl1s,1,0.710195004940033,2
2020-05-06,rb1s,0,0.45006343722343445,2
2020-05-06,ng1s,1,0.5479717254638672,2
2020-05-06,cl1s,1,0.7017948031425476,2
2020-05-07,cl1s,1,0.712569534778595,2
2020-05-07,rb1s,0,0.41166678071022034,2
2020-05-07,ng1s,1,0.6599850654602051,2
2020-05-08,rb1s,0,0.379689484834671,2
2020-05-08,ng1s,1,0.6573607325553894,2
2020-05-08,cl1s,1,0.6735600233078003,2
2020-05-11,rb1s,0,0.3740972876548767,2
2020-05-11,ng1s,1,0.6351444721221924,2
2020-05-11,cl1s,1,0.6681640148162842,2
2020-05-12,cl1s,1,0.6618032455444336,2
2020-05-12,ng1s,0,0.6784858703613281,2
2020-11-06,rb1s,1,0.5410908460617065,2
2020-11-09,cl1s,1,0.28963443636894226,2
2020-11-09,rb1s,1,0.1986132711172104,2
2020-11-10,cl1s,1,0.26344457268714905,2
2020-11-10,rb1s,1,0.17686688899993896,2
2020-11-11,rb1s,1,0.1972825527191162,2
2020-11-11,cl1s,1,0.2881583869457245,2
2020-11-12,rb1s,1,0.21894048154354095,2
2020-11-12,cl1s,1,0.2656520903110504,2
2020-11-13,cl1s,1,0.3325490653514862,2
2020-11-13,rb1s,1,0.3352823257446289,2
2020-11-16,rb1s,1,0.37147602438926697,2
2020-11-16,cl1s,1,0.38019904494285583,2
2020-11-17,rb1s,1,0.3265593647956848,2
2020-11-17,cl1s,1,0.3128702938556671,2
2020-11-18,rb1s,1,0.26171058416366577,2
2020-11-18,cl1s,1,0.28440943360328674,2
2020-11-19,rb1s,1,0.2551625967025757,2
2020-11-19,cl1s,1,0.2633619010448456,2
2020-11-20,rb1s,1,0.24343357980251312,2
2020-11-20,cl1s,1,0.3176809549331665,2
2020-11-23,rb1s,1,0.24983538687229156,2
2020-11-23,cl1s,1,0.2952932119369507,2
2020-11-24,cl1s,1,0.4235844910144806,2
2020-11-24,rb1s,1,0.3008424639701843,2
2020-11-25,rb1s,1,0.34767475724220276,2
2020-11-27,rb1s,1,0.297017365694046,2
2020-11-30,rb1s,1,0.31878218054771423,2
2020-12-01,rb1s,1,0.3319113850593567,2
2020-12-01,cl1s,1,0.3991696238517761,2
2020-12-02,rb1s,1,0.2907097041606903,2
2020-12-02,cl1s,1,0.3479273021221161,2
2020-12-03,rb1s,1,0.3038210868835449,2
2020-12-03,cl1s,1,0.3367512822151184,2
2020-12-04,rb1s,1,0.31440263986587524,2
2020-12-04,cl1s,1,0.361667662858963,2
2020-12-07,rb1s,1,0.2604561746120453,2
2020-12-07,cl1s,1,0.3014208972454071,2
2020-12-08,cl1s,1,0.3034277558326721,2
2020-12-08,rb1s,1,0.2634190022945404,2
2020-12-09,cl1s,1,0.28944769501686096,2
2020-12-09,rb1s,1,0.27552178502082825,2
2020-12-10,rb1s,1,0.29521623253822327,2
2020-12-11,rb1s,1,0.3125927150249481,2
2020-12-11,cl1s,1,0.31335487961769104,2
2020-12-14,rb1s,1,0.32792288064956665,2
2020-12-15,rb1s,1,0.34124597907066345,2
2020-12-16,rb1s,1,0.338063508272171,2
2020-12-17,rb1s,0,0.44127416610717773,2
2020-12-18,rb1s,1,0.3721154034137726,2
2020-12-18,ho1s,0,0.38678526878356934,2
2020-12-21,ho1s,0,0.27999305725097656,2
2020-12-21,rb1s,1,0.28936001658439636,2
2020-12-22,rb1s,1,0.37360864877700806,2
2020-12-23,rb1s,1,0.37313517928123474,2
2020-12-24,rb1s,1,0.4439476430416107,2
2020-12-28,rb1s,1,0.3208882510662079,2
2020-12-29,rb1s,1,0.2815869152545929,2
2020-12-30,rb1s,1,0.27872198820114136,2
2020-12-31,rb1s,1,0.3565768301486969,2
2021-01-04,ho1s,1,0.32954588532447815,2
2021-01-04,rb1s,1,0.32226523756980896,2
2021-01-04,cl1s,1,0.35610008239746094,2
2021-01-05,rb1s,1,0.4308958947658539,2
2021-01-05,cl1s,1,0.4485057592391968,2
2021-01-06,rb1s,0,0.42501553893089294,2
2021-01-06,cl1s,1,0.5087450742721558,2
2021-01-07,rb1s,0,0.3909895122051239,2
2021-01-07,cl1s,1,0.49097487330436707,2
2021-01-08,rb1s,0,0.4278148412704468,2
2021-01-08,cl1s,1,0.5251761078834534,2
2021-01-11,rb1s,0,0.412534236907959,2
2021-01-11,cl1s,1,0.4915996491909027,2
2021-01-12,rb1s,0,0.41203388571739197,2
2021-01-13,rb1s,0,0.3887843191623688,2
2021-01-14,rb1s,1,0.42023608088493347,2
2021-01-15,rb1s,0,0.402239054441452,2
2021-01-15,cl1s,1,0.5150015950202942,2
2021-01-19,cl1s,1,0.3798544108867645,2
2021-01-19,rb1s,0,0.3174215257167816,2
2021-01-20,cl1s,1,0.4999992847442627,2
2021-01-20,rb1s,0,0.397813618183136,2
2021-01-21,cl1s,1,0.47074246406555176,2
2021-01-21,rb1s,0,0.38500940799713135,2
2021-01-22,rb1s,0,0.37025079131126404,2
2021-01-25,rb1s,0,0.3677588999271393,2
2021-01-26,rb1s,0,0.32557499408721924,2
2021-01-27,rb1s,0,0.41791388392448425,2
2021-01-28,rb1s,0,0.34816107153892517,2
2021-01-29,rb1s,0,0.44854626059532166,2
2021-02-01,rb1s,0,0.3968200981616974,2
2021-02-02,rb1s,0,0.3390675187110901,2
2021-02-03,rb1s,0,0.31980183720588684,2
2021-02-04,rb1s,0,0.3230181336402893,2
2021-02-04,cl1s,0,0.3603343963623047,2
2021-02-05,rb1s,0,0.3251950144767761,2
2021-02-05,cl1s,0,0.3590535819530487,2
2021-02-08,rb1s,0,0.3308253586292267,2
2021-02-08,cl1s,0,0.3488578200340271,2
2021-02-09,rb1s,0,0.326006680727005,2
2021-02-09,cl1s,0,0.34738850593566895,2
2021-02-10,cl1s,0,0.3389686644077301,2
2021-02-10,rb1s,0,0.3241007328033447,2
2021-02-11,cl1s,0,0.3625079393386841,2
2021-02-11,rb1s,0,0.3247268795967102,2
2021-02-12,rb1s,0,0.3475860059261322,2
2021-02-12,cl1s,0,0.38671064376831055,2
2021-02-16,cl1s,0,0.5022623538970947,2
2021-02-16,ng1s,1,0.40685275197029114,2
2021-02-16,rb1s,0,0.5099202990531921,2
2021-02-17,rb1s,0,0.5246888399124146,2
2021-02-17,cl1s,0,0.5169042944908142,2
2021-02-18,rb1s,0,0.5286910533905029,2
2021-02-18,cl1s,0,0.4502559006214142,2
2021-02-19,cl1s,0,0.5040019750595093,2
2021-02-19,rb1s,0,0.5369184613227844,2
2021-02-22,cl1s,0,0.4485493302345276,2
2021-02-22,rb1s,0,0.5189891457557678,2
2021-02-23,rb1s,0,0.5576378107070923,2
2021-02-23,cl1s,0,0.45520663261413574,2
2021-02-24,cl1s,0,0.38918372988700867,2
2021-02-24,rb1s,0,0.4054087698459625,2
2021-02-25,cl1s,0,0.386051207780838,2
2021-02-25,rb1s,0,0.393839955329895,2
2021-02-26,rb1s,0,0.45571547746658325,2
2021-03-01,rb1s,0,0.44085952639579773,2
2020-01-30,rb1s,0,0.4914807975292206,3
2020-01-30,cl1s,1,0.4914807975292206,3
2020-01-31,rb1s,0,0.4914807975292206,3
2020-01-31,ho1s,1,0.49899184703826904,3
2020-01-31,cl1s,0,0.4914807975292206,3
2020-02-03,ho1s,1,0.49899184703826904,3
2020-02-03,rb1s,0,0.4914807975292206,3
2020-02-04,ho1s,1,0.49899184703826904,3
2020-02-04,rb1s,1,0.49899184703826904,3
2020-02-05,rb1s,1,0.49899184703826904,3
2020-02-05,cl1s,1,0.49899184703826904,3
2020-02-06,cl1s,1,0.49899184703826904,3
2020-02-06,rb1s,1,0.49899184703826904,3
2020-02-07,rb1s,1,0.49899184703826904,3
2020-02-07,cl1s,1,0.49899184703826904,3
2020-02-10,rb1s,1,0.49899184703826904,3
2020-02-10,cl1s,1,0.49899184703826904,3
2020-02-11,cl1s,0,0.49899184703826904,3
2020-02-11,rb1s,1,0.49899184703826904,3
2020-02-12,rb1s,0,0.49899184703826904,3
2020-02-12,cl1s,0,0.49899184703826904,3
2020-02-13,cl1s,0,0.49899184703826904,3
2020-02-13,rb1s,0,0.49899184703826904,3
2020-02-14,rb1s,0,0.49899184703826904,3
2020-02-14,cl1s,0,0.49899184703826904,3
2020-02-18,rb1s,0,0.49899184703826904,3
2020-02-18,cl1s,0,0.49899184703826904,3
2020-02-19,rb1s,1,0.4939456582069397,3
2020-02-19,cl1s,0,0.49899184703826904,3
2020-02-20,cl1s,0,0.49899184703826904,3
2020-02-20,rb1s,1,0.4939456582069397,3
2020-02-21,rb1s,0,0.4962654411792755,3
2020-02-21,cl1s,0,0.4962654411792755,3
2020-02-24,cl1s,0,0.4962654411792755,3
2020-02-24,rb1s,0,0.4962654411792755,3
2020-02-25,rb1s,0,0.4962654411792755,3
2020-02-25,cl1s,0,0.4962654411792755,3
2020-02-26,cl1s,0,0.4962654411792755,3
2020-02-26,rb1s,0,0.4962654411792755,3
2020-02-27,cl1s,0,0.4962654411792755,3
2020-02-27,rb1s,0,0.4962654411792755,3
2020-02-28,cl1s,0,0.4962654411792755,3
2020-02-28,rb1s,0,0.4962654411792755,3
2020-03-02,rb1s,0,0.4962654411792755,3
2020-03-03,rb1s,0,0.4962654411792755,3
2020-03-04,rb1s,0,0.4962654411792755,3
2020-03-05,rb1s,0,0.4962654411792755,3
2020-03-06,rb1s,0,0.4962654411792755,3
2020-03-09,rb1s,0,0.4962654411792755,3
2020-03-09,ho1s,0,0.4962654411792755,3
2020-03-10,rb1s,0,0.4962654411792755,3
2020-03-11,rb1s,1,0.4939456582069397,3
2020-03-12,rb1s,0,0.4962654411792755,3
2020-03-13,rb1s,0,0.4962654411792755,3
2020-03-16,rb1s,0,0.4962654411792755,3
2020-03-17,rb1s,1,0.4939456582069397,3
2020-03-18,rb1s,0,0.4939456582069397,3
2020-03-18,cl1s,1,0.4962654411792755,3
2020-03-19,rb1s,1,0.4939456582069397,3
2020-03-20,cl1s,1,0.4962654411792755,3
2020-03-20,rb1s,1,0.4939456582069397,3
2020-03-23,cl1s,0,0.4962654411792755,3
2020-03-23,rb1s,0,0.4939456582069397,3
2020-03-24,cl1s,0,0.4962654411792755,3
2020-03-24,rb1s,0,0.4939456582069397,3
2020-03-25,rb1s,0,0.4939456582069397,3
2020-03-26,rb1s,0,0.4939456582069397,3
2020-03-26,cl1s,1,0.4962654411792755,3
2020-03-27,cl1s,1,0.49899184703826904,3
2020-03-27,rb1s,0,0.4914807975292206,3
2020-03-30,rb1s,0,0.4914807975292206,3
2020-03-30,cl1s,1,0.49899184703826904,3
2020-03-31,rb1s,0,0.4914807975292206,3
2020-04-01,rb1s,0,0.4914807975292206,3
2020-04-02,rb1s,0,0.4914807975292206,3
2020-04-03,rb1s,1,0.4914807975292206,3
2020-04-06,rb1s,1,0.4914807975292206,3
2020-04-07,rb1s,1,0.4914807975292206,3
2020-04-08,rb1s,1,0.4914807975292206,3
2020-04-09,rb1s,1,0.4914807975292206,3
2020-04-13,rb1s,1,0.4914807975292206,3
2020-04-14,rb1s,1,0.4914807975292206,3
2020-04-15,ho1s,1,0.4914807975292206,3
2020-04-15,rb1s,1,0.4914807975292206,3
2020-04-16,rb1s,0,0.4914807975292206,3
2020-04-16,ho1s,1,0.4914807975292206,3
2020-04-17,rb1s,0,0.4914807975292206,3
2020-04-20,rb1s,0,0.4914807975292206,3
2020-04-21,rb1s,1,0.49899184703826904,3
2020-04-21,ho1s,1,0.49899184703826904,3
2020-04-21,cl1s,1,0.49899184703826904,3
2020-04-22,cl1s,1,0.49899184703826904,3
2020-04-22,rb1s,1,0.49899184703826904,3
2020-04-23,rb1s,1,0.49899184703826904,3
2020-04-23,cl1s,1,0.49899184703826904,3
2020-04-24,cl1s,1,0.49899184703826904,3
2020-04-24,rb1s,1,0.49899184703826904,3
2020-04-27,cl1s,1,0.49899184703826904,3
2020-04-27,rb1s,1,0.49899184703826904,3
2020-04-28,cl1s,1,0.49899184703826904,3
2020-04-28,rb1s,1,0.49899184703826904,3
2020-04-29,cl1s,1,0.49899184703826904,3
2020-04-29,rb1s,1,0.49899184703826904,3
2020-04-30,cl1s,1,0.49899184703826904,3
2020-04-30,rb1s,0,0.4914807975292206,3
2020-05-01,rb1s,0,0.4914807975292206,3
2020-05-01,cl1s,1,0.49899184703826904,3
2020-05-04,cl1s,1,0.49899184703826904,3
2020-05-04,rb1s,1,0.49899184703826904,3
2020-05-05,ng1s,1,0.4914807975292206,3
2020-05-05,rb1s,0,0.4914807975292206,3
2020-05-05,cl1s,1,0.49899184703826904,3
2020-05-06,rb1s,0,0.4914807975292206,3
2020-05-06,ng1s,1,0.4914807975292206,3
2020-05-06,cl1s,1,0.49899184703826904,3
2020-05-07,cl1s,1,0.49899184703826904,3
2020-05-07,rb1s,0,0.4914807975292206,3
2020-05-07,ng1s,1,0.4914807975292206,3
2020-05-08,rb1s,0,0.4939456582069397,3
2020-05-08,ng1s,1,0.4939456582069397,3
2020-05-08,cl1s,1,0.4962654411792755,3
2020-05-11,rb1s,0,0.4939456582069397,3
2020-05-11,ng1s,1,0.4939456582069397,3
2020-05-11,cl1s,1,0.4962654411792755,3
2020-05-12,cl1s,1,0.4962654411792755,3
2020-05-12,ng1s,0,0.4939456582069397,3
2021-03-02,rb1s,0,0.4939456582069397,3
2021-03-03,rb1s,0,0.4939456582069397,3
2021-03-04,rb1s,0,0.4939456582069397,3
2021-03-05,cl1s,1,0.4939456582069397,3
2021-03-05,rb1s,1,0.4939456582069397,3
2021-03-08,rb1s,1,0.4939456582069397,3
2021-03-08,cl1s,1,0.4939456582069397,3
2021-03-09,rb1s,1,0.4939456582069397,3
2021-03-10,rb1s,1,0.4939456582069397,3
2021-03-11,rb1s,1,0.4939456582069397,3
2021-03-12,rb1s,1,0.4939456582069397,3
2021-03-15,rb1s,1,0.4939456582069397,3
2021-03-16,rb1s,1,0.4939456582069397,3
2021-03-17,rb1s,1,0.4939456582069397,3
2021-03-18,rb1s,1,0.4962654411792755,3
2021-03-19,rb1s,1,0.49899184703826904,3
2021-03-22,rb1s,1,0.49899184703826904,3
2021-03-23,rb1s,0,0.4939456582069397,3
2021-03-24,rb1s,0,0.49899184703826904,3
2021-03-25,rb1s,1,0.49899184703826904,3
2021-03-26,rb1s,1,0.4939456582069397,3
2021-03-29,rb1s,1,0.4939456582069397,3
2021-03-30,rb1s,0,0.4939456582069397,3
2021-03-31,rb1s,0,0.4939456582069397,3
2021-04-01,rb1s,0,0.4939456582069397,3
2021-04-05,rb1s,0,0.4914807975292206,3
2021-04-06,rb1s,0,0.4914807975292206,3
2021-04-07,rb1s,0,0.4914807975292206,3
2021-04-08,rb1s,0,0.4914807975292206,3
2021-04-09,rb1s,0,0.4914807975292206,3
2021-04-12,rb1s,0,0.4914807975292206,3
2021-04-13,rb1s,0,0.4914807975292206,3
2021-04-14,rb1s,0,0.4914807975292206,3
2021-04-15,cl1s,1,0.49899184703826904,3
2021-04-15,rb1s,0,0.4914807975292206,3
2021-04-16,cl1s,1,0.49899184703826904,3
2021-04-16,rb1s,0,0.4914807975292206,3
2021-04-19,cl1s,1,0.49899184703826904,3
2021-04-19,rb1s,0,0.4914807975292206,3
2021-04-20,rb1s,0,0.4914807975292206,3
2021-04-20,cl1s,1,0.49899184703826904,3
2021-04-21,rb1s,0,0.4914807975292206,3
2021-04-21,cl1s,1,0.49899184703826904,3
2021-04-22,rb1s,0,0.4914807975292206,3
2021-04-22,cl1s,1,0.49899184703826904,3
2021-04-23,rb1s,0,0.4914807975292206,3
2021-04-23,cl1s,1,0.49899184703826904,3
2021-04-26,cl1s,1,0.49899184703826904,3
2021-04-26,rb1s,0,0.4914807975292206,3
2021-04-27,cl1s,1,0.49899184703826904,3
2021-04-27,rb1s,0,0.4914807975292206,3
2021-04-28,cl1s,1,0.49899184703826904,3
2021-04-28,rb1s,0,0.4914807975292206,3
2021-04-29,rb1s,1,0.4914807975292206,3
2021-04-29,cl1s,0,0.49899184703826904,3
2021-04-30,cl1s,1,0.49899184703826904,3
2021-04-30,rb1s,0,0.4914807975292206,3
2021-05-03,cl1s,1,0.49899184703826904,3
2021-05-03,rb1s,1,0.49899184703826904,3
2021-05-04,cl1s,0,0.49899184703826904,3
2021-05-04,rb1s,0,0.4914807975292206,3
2021-05-05,rb1s,1,0.4914807975292206,3
2021-05-05,cl1s,0,0.49899184703826904,3
2021-05-06,rb1s,1,0.4914807975292206,3
2021-05-07,rb1s,1,0.4914807975292206,3
2021-05-10,rb1s,1,0.4914807975292206,3
2021-05-11,rb1s,1,0.4914807975292206,3
2021-05-12,rb1s,1,0.4914807975292206,3
2021-05-12,cl1s,1,0.49899184703826904,3
2021-05-13,rb1s,1,0.49899184703826904,3
2021-05-14,rb1s,1,0.4962654411792755,3
2021-05-14,cl1s,1,0.4962654411792755,3
2021-05-17,cl1s,1,0.4962654411792755,3
2021-05-17,rb1s,1,0.4962654411792755,3
2021-05-18,rb1s,1,0.4962654411792755,3
2021-05-19,rb1s,1,0.4962654411792755,3
2021-05-19,cl1s,1,0.4962654411792755,3
2021-05-20,cl1s,1,0.4962654411792755,3
2021-05-20,rb1s,1,0.4962654411792755,3
2021-05-21,cl1s,1,0.4962654411792755,3
2021-05-21,rb1s,1,0.4962654411792755,3
2021-05-24,cl1s,1,0.4962654411792755,3
2021-05-24,rb1s,0,0.4939456582069397,3
2021-05-25,cl1s,1,0.4962654411792755,3
2021-05-25,rb1s,0,0.4939456582069397,3
2021-05-26,rb1s,0,0.4939456582069397,3
2021-05-26,cl1s,1,0.4962654411792755,3
2021-05-27,cl1s,1,0.4962654411792755,3
2021-05-27,rb1s,0,0.4939456582069397,3
2021-05-28,cl1s,1,0.4938684105873108,3
2021-05-28,rb1s,0,0.4914807975292206,3
2021-06-01,cl1s,1,0.4938684105873108,3
2021-06-01,rb1s,0,0.4914807975292206,3
2021-06-02,cl1s,1,0.4938684105873108,3
2021-06-02,rb1s,1,0.4914807975292206,3
2021-06-03,cl1s,1,0.4938684105873108,3
2021-06-03,rb1s,1,0.4914807975292206,3
2021-06-04,rb1s,1,0.4914807975292206,3
2021-06-04,cl1s,1,0.4938684105873108,3
2021-06-07,cl1s,1,0.4938684105873108,3
2021-06-07,rb1s,0,0.4914807975292206,3
2021-06-08,rb1s,0,0.4914807975292206,3
2021-06-08,cl1s,1,0.49899184703826904,3
2021-06-09,rb1s,0,0.4914807975292206,3
2021-06-09,cl1s,1,0.49899184703826904,3
2021-06-10,rb1s,0,0.4914807975292206,3
2021-06-10,cl1s,1,0.49899184703826904,3
2021-06-11,rb1s,0,0.4914807975292206,3
2021-06-14,rb1s,0,0.4914807975292206,3
2021-06-15,rb1s,0,0.4914807975292206,3
2021-06-15,cl1s,1,0.49899184703826904,3
2021-06-16,rb1s,0,0.4914807975292206,3
2021-06-16,cl1s,1,0.49899184703826904,3
2021-06-17,rb1s,0,0.4914807975292206,3
2021-06-17,cl1s,1,0.49899184703826904,3
2021-06-17,ho1s,1,0.49899184703826904,3
2021-06-18,cl1s,1,0.49899184703826904,3
2021-06-18,rb1s,0,0.4914807975292206,3
2021-06-21,rb1s,0,0.4914807975292206,3
2021-06-21,cl1s,1,0.49899184703826904,3
2021-06-22,rb1s,1,0.4914807975292206,3
2021-06-22,cl1s,0,0.49899184703826904,3
2021-06-23,rb1s,1,0.4914807975292206,3
2021-06-24,rb1s,0,0.4914807975292206,3
2021-06-24,cl1s,1,0.49899184703826904,3
2021-06-25,rb1s,0,0.4914807975292206,3
2020-01-30,rb1s,0,0.46794721484184265,4
2020-01-30,cl1s,1,0.4610746204853058,4
2020-01-31,rb1s,0,0.47926807403564453,4
2020-01-31,ho1s,1,0.6431648135185242,4
2020-01-31,cl1s,0,0.47926807403564453,4
2020-02-03,ho1s,1,0.6325407028198242,4
2020-02-03,rb1s,0,0.45089465379714966,4
2020-02-04,ho1s,1,0.6349021792411804,4
2020-02-04,rb1s,1,0.6326058506965637,4
2020-02-05,rb1s,1,0.6388117671012878,4
2020-02-05,cl1s,1,0.6353042721748352,4
2020-02-06,cl1s,1,0.633012592792511,4
2020-02-06,rb1s,1,0.6386317610740662,4
2020-02-07,rb1s,1,0.636591374874115,4
2020-02-07,cl1s,1,0.6309588551521301,4
2020-02-10,rb1s,1,0.6236428618431091,4
2020-02-10,cl1s,1,0.6223843097686768,4
2020-02-11,cl1s,0,0.6353042721748352,4
2020-02-11,rb1s,1,0.6388117671012878,4
2020-02-12,rb1s,0,0.633583128452301,4
2020-02-12,cl1s,0,0.6353042721748352,4
2020-02-13,cl1s,0,0.6244974136352539,4
2020-02-13,rb1s,0,0.6146465539932251,4
2020-02-14,rb1s,0,0.6114027500152588,4
2020-02-14,cl1s,0,0.6288260817527771,4
2020-02-18,rb1s,0,0.6194874048233032,4
2020-02-18,cl1s,0,0.6355417370796204,4
2020-02-19,rb1s,1,0.5070034265518188,4
2020-02-19,cl1s,0,0.6158381700515747,4
2020-02-20,cl1s,0,0.5997536778450012,4
2020-02-20,rb1s,1,0.5085142850875854,4
2020-02-21,rb1s,0,0.5741990208625793,4
2020-02-21,cl1s,0,0.5695015788078308,4
2020-02-24,cl1s,0,0.5820842981338501,4
2020-02-24,rb1s,0,0.5822675824165344,4
2020-02-25,rb1s,0,0.5973718166351318,4
2020-02-25,cl1s,0,0.5915859937667847,4
2020-02-26,cl1s,0,0.5838065147399902,4
2020-02-26,rb1s,0,0.6094526052474976,4
2020-02-27,cl1s,0,0.5838065147399902,4
2020-02-27,rb1s,0,0.6138963103294373,4
2020-02-28,cl1s,0,0.6080611944198608,4
2020-02-28,rb1s,0,0.6138963103294373,4
2020-03-02,rb1s,0,0.5936574935913086,4
2020-03-03,rb1s,0,0.5871785879135132,4
2020-03-04,rb1s,0,0.5727601051330566,4
2020-03-05,rb1s,0,0.5836818218231201,4
2020-03-06,rb1s,0,0.5979127287864685,4
2020-03-09,rb1s,0,0.5889054536819458,4
2020-03-09,ho1s,0,0.5840623378753662,4
2020-03-10,rb1s,0,0.5880903005599976,4
2020-03-11,rb1s,1,0.5026066899299622,4
2020-03-12,rb1s,0,0.5665503740310669,4
2020-03-13,rb1s,0,0.5640504360198975,4
2020-03-16,rb1s,0,0.618892252445221,4
2020-03-17,rb1s,1,0.5598455667495728,4
2020-03-18,rb1s,0,0.5530261397361755,4
2020-03-18,cl1s,1,0.620888352394104,4
2020-03-19,rb1s,1,0.5598455667495728,4
2020-03-20,cl1s,1,0.5687718391418457,4
2020-03-20,rb1s,1,0.49975478649139404,4
2020-03-23,cl1s,0,0.5706847906112671,4
2020-03-23,rb1s,0,0.49975478649139404,4
2020-03-24,cl1s,0,0.637081503868103,4
2020-03-24,rb1s,0,0.547794759273529,4
2020-03-25,rb1s,0,0.5457490086555481,4
2020-03-26,rb1s,0,0.5483428239822388,4
2020-03-26,cl1s,1,0.6342321634292603,4
2020-03-27,cl1s,1,0.6647685766220093,4
2020-03-27,rb1s,0,0.5301697254180908,4
2020-03-30,rb1s,0,0.5301697254180908,4
2020-03-30,cl1s,1,0.664074718952179,4
2020-03-31,rb1s,0,0.5165044069290161,4
2020-04-01,rb1s,0,0.5188738107681274,4
2020-04-02,rb1s,0,0.518811047077179,4
2020-04-03,rb1s,1,0.5230940580368042,4
2020-04-06,rb1s,1,0.5230940580368042,4
2020-04-07,rb1s,1,0.5095389485359192,4
2020-04-08,rb1s,1,0.5095389485359192,4
2020-04-09,rb1s,1,0.5095389485359192,4
2020-04-13,rb1s,1,0.5053594708442688,4
2020-04-14,rb1s,1,0.5053594708442688,4
2020-04-15,ho1s,1,0.5209797620773315,4
2020-04-15,rb1s,1,0.5095329284667969,4
2020-04-16,rb1s,0,0.4960798919200897,4
2020-04-16,ho1s,1,0.5168113112449646,4
2020-04-17,rb1s,0,0.5053594708442688,4
2020-04-20,rb1s,0,0.5123117566108704,4
2020-04-21,rb1s,1,0.6608379483222961,4
2020-04-21,ho1s,1,0.6625852584838867,4
2020-04-21,cl1s,1,0.6586242318153381,4
2020-04-22,cl1s,1,0.6554862856864929,4
2020-04-22,rb1s,1,0.6556800603866577,4
2020-04-23,rb1s,1,0.6470442414283752,4
2020-04-23,cl1s,1,0.6476317048072815,4
2020-04-24,cl1s,1,0.6371188163757324,4
2020-04-24,rb1s,1,0.6467100977897644,4
2020-04-27,cl1s,1,0.645599365234375,4
2020-04-27,rb1s,1,0.6450404524803162,4
2020-04-28,cl1s,1,0.640451967716217,4
2020-04-28,rb1s,1,0.635111927986145,4
2020-04-29,cl1s,1,0.6250211000442505,4
2020-04-29,rb1s,1,0.6174106001853943,4
2020-04-30,cl1s,1,0.6292304396629333,4
2020-04-30,rb1s,0,0.504227340221405,4
2020-05-01,rb1s,0,0.4196277856826782,4
2020-05-01,cl1s,1,0.6263273358345032,4
2020-05-04,cl1s,1,0.628501832485199,4
2020-05-04,rb1s,1,0.6302323937416077,4
2020-05-05,ng1s,1,0.4631587564945221,4
2020-05-05,rb1s,0,0.4196277856826782,4
2020-05-05,cl1s,1,0.6188899874687195,4
2020-05-06,rb1s,0,0.4196277856826782,4
2020-05-06,ng1s,1,0.476095974445343,4
2020-05-06,cl1s,1,0.610396146774292,4
2020-05-07,cl1s,1,0.6118254661560059,4
2020-05-07,rb1s,0,0.39539697766304016,4
2020-05-07,ng1s,1,0.5176281332969666,4
2020-05-08,rb1s,0,0.3867342472076416,4
2020-05-08,ng1s,1,0.4762346148490906,4
2020-05-08,cl1s,1,0.5051892995834351,4
2020-05-11,rb1s,0,0.3867342472076416,4
2020-05-11,ng1s,1,0.473868191242218,4
2020-05-11,cl1s,1,0.5052241683006287,4
2020-05-12,cl1s,1,0.5652253031730652,4
2020-05-12,ng1s,0,0.5386714339256287,4
2021-06-25,cl1s,1,0.55936598777771,4
2021-06-28,rb1s,0,0.3159843385219574,4
2021-06-28,ho1s,1,0.5575396418571472,4
2021-06-28,cl1s,1,0.5743769407272339,4
2021-06-29,rb1s,0,0.3159843385219574,4
2021-06-29,cl1s,1,0.5695645809173584,4
2021-06-29,ho1s,1,0.5573056936264038,4
2021-06-30,cl1s,0,0.5791534781455994,4
2021-06-30,rb1s,0,0.3263563811779022,4
2021-07-01,cl1s,0,0.570968747138977,4
2021-07-01,rb1s,1,0.32581228017807007,4
2021-07-02,rb1s,1,0.3449234366416931,4
2021-07-02,cl1s,0,0.5138405561447144,4
2021-07-06,rb1s,1,0.36296546459198,4
2021-07-06,cl1s,0,0.4942944049835205,4
2021-07-07,rb1s,0,0.3652231693267822,4
2021-07-07,ho1s,0,0.4575689435005188,4
2021-07-07,cl1s,0,0.49823445081710815,4
2021-07-08,rb1s,0,0.4077604115009308,4
2021-07-08,ho1s,0,0.3987857401371002,4
2021-07-08,cl1s,0,0.47878894209861755,4
2021-07-09,cl1s,0,0.5013071894645691,4
2021-07-09,rb1s,1,0.41213423013687134,4
2021-07-12,cl1s,0,0.5066812038421631,4
2021-07-12,rb1s,1,0.41341862082481384,4
2021-07-13,cl1s,0,0.4843745529651642,4
2021-07-13,rb1s,1,0.41017332673072815,4
2021-07-14,rb1s,1,0.4215576946735382,4
2021-07-14,cl1s,0,0.4562194347381592,4
2021-07-15,rb1s,0,0.42473772168159485,4
2021-07-15,cl1s,0,0.4684872329235077,4
2021-07-16,cl1s,0,0.4452827274799347,4
2021-07-16,rb1s,0,0.42717596888542175,4
2021-07-19,rb1s,1,0.428459495306015,4
2021-07-19,cl1s,1,0.515030026435852,4
2021-07-20,rb1s,1,0.4287005662918091,4
2021-07-20,cl1s,1,0.5402354001998901,4
2021-07-21,rb1s,1,0.4316149353981018,4
2021-07-21,cl1s,0,0.5382655262947083,4
2021-07-22,rb1s,1,0.4663335680961609,4
2021-07-22,cl1s,0,0.5070632100105286,4
2021-07-23,cl1s,0,0.46972933411598206,4
2021-07-23,rb1s,0,0.4603891372680664,4
2021-07-26,rb1s,0,0.4551226794719696,4
2021-07-26,cl1s,0,0.45660534501075745,4
2021-07-27,rb1s,0,0.45553886890411377,4
2021-07-27,cl1s,0,0.44651520252227783,4
2021-07-28,cl1s,0,0.45802444219589233,4
2021-07-28,rb1s,1,0.46708449721336365,4
2021-07-29,cl1s,0,0.451511949300766,4
2021-07-29,rb1s,0,0.46041223406791687,4
2021-07-30,cl1s,0,0.4419417679309845,4
2021-07-30,rb1s,0,0.45080846548080444,4
2021-08-02,rb1s,0,0.45080846548080444,4
2021-08-02,cl1s,0,0.4457520544528961,4
2021-08-03,cl1s,0,0.5012929439544678,4
2021-08-03,rb1s,0,0.5045745968818665,4
2021-08-04,cl1s,0,0.5152684450149536,4
2021-08-04,rb1s,0,0.5122067928314209,4
2021-08-05,rb1s,0,0.44338151812553406,4
2021-08-05,cl1s,0,0.45169827342033386,4
2021-08-06,rb1s,0,0.4464651048183441,4
2021-08-06,cl1s,0,0.45800310373306274,4
2021-08-09,cl1s,0,0.4575820863246918,4
2021-08-09,rb1s,0,0.4444643557071686,4
2021-08-10,rb1s,0,0.4824829697608948,4
2021-08-10,cl1s,0,0.506147563457489,4
2021-08-11,cl1s,0,0.5140451192855835,4
2021-08-11,rb1s,0,0.49712949991226196,4
2021-08-12,cl1s,0,0.5153425931930542,4
2021-08-12,rb1s,0,0.5073357224464417,4
2021-08-13,rb1s,0,0.5399265289306641,4
2021-08-13,cl1s,1,0.5772908329963684,4
2021-08-16,rb1s,0,0.48878759145736694,4
2021-08-16,cl1s,1,0.548206090927124,4
2021-08-17,cl1s,1,0.5712940692901611,4
2021-08-17,rb1s,1,0.5369486212730408,4
2021-08-18,cl1s,1,0.5759868621826172,4
2021-08-18,rb1s,1,0.538221538066864,4
2021-08-19,cl1s,1,0.5759868621826172,4
2021-08-19,rb1s,1,0.538221538066864,4
2021-08-20,cl1s,1,0.5634828209877014,4
2021-08-20,rb1s,1,0.5299978852272034,4
2021-08-23,cl1s,1,0.5478507280349731,4
2021-08-23,rb1s,1,0.4947760999202728,4
2021-08-24,rb1s,1,0.44260138273239136,4
2021-08-24,cl1s,1,0.525205671787262,4
2021-08-25,rb1s,0,0.43825218081474304,4
2021-08-25,cl1s,0,0.5152263641357422,4
2021-08-26,cl1s,1,0.5129449963569641,4
2021-08-26,rb1s,1,0.4317967891693115,4
2021-08-27,cl1s,1,0.5605955719947815,4
2021-08-27,rb1s,1,0.4791434705257416,4
2021-08-30,rb1s,1,0.47067493200302124,4
2021-08-30,cl1s,1,0.5478436946868896,4
2021-08-31,cl1s,1,0.500938892364502,4
2021-08-31,rb1s,1,0.4265674352645874,4
2021-09-01,rb1s,1,0.41995394229888916,4
2021-09-01,cl1s,1,0.5012560486793518,4
2021-09-02,rb1s,1,0.42131972312927246,4
2021-09-02,cl1s,1,0.4337460696697235,4
2021-09-03,cl1s,1,0.36883610486984253,4
2021-09-03,rb1s,0,0.3709264397621155,4
2021-09-07,rb1s,0,0.3652820885181427,4
2021-09-07,cl1s,1,0.36191001534461975,4
2021-09-08,rb1s,0,0.36832892894744873,4
2021-09-08,cl1s,1,0.3649448752403259,4
2021-09-09,rb1s,1,0.37076535820961,4
2021-09-09,cl1s,1,0.36737194657325745,4
2021-09-10,rb1s,1,0.37073612213134766,4
2021-09-10,cl1s,1,0.3673427999019623,4
2021-09-13,cl1s,1,0.41582173109054565,4
2021-09-13,rb1s,1,0.4193660318851471,4
2021-09-14,rb1s,1,0.4193660318851471,4
2021-09-14,cl1s,1,0.41582173109054565,4
2021-09-15,rb1s,1,0.4193660318851471,4
2021-09-15,cl1s,1,0.41582173109054565,4
2021-09-16,rb1s,1,0.41617515683174133,4
2021-09-16,cl1s,1,0.41263869404792786,4
2021-09-17,cl1s,1,0.46952685713768005,4
2021-09-17,rb1s,1,0.4731581211090088,4
2021-09-20,cl1s,1,0.4675478935241699,4
2021-09-20,rb1s,1,0.4675478935241699,4
2021-09-21,rb1s,1,0.4731122851371765,4
2021-09-21,cl1s,1,0.47038862109184265,4
2021-09-22,cl1s,1,0.4760024845600128,4
2021-09-22,rb1s,1,0.478729248046875,4
2021-09-23,rb1s,0,0.3489428758621216,4
2021-09-24,rb1s,1,0.5039234161376953,4
2021-09-27,rb1s,1,0.4982934594154358,4
2021-09-28,rb1s,1,0.4933704435825348,4
2020-05-12,rb1s,0,0.4901076555252075,5
2020-05-13,rb1s,1,0.49596327543258667,5
2020-05-13,cl1s,1,0.49596327543258667,5
2020-05-14,rb1s,0,0.4901076555252075,5
2020-05-14,ng1s,0,0.485975056886673,5
2020-05-14,cl1s,1,0.49596327543258667,5
2020-05-15,rb1s,0,0.4901076555252075,5
2020-05-15,ng1s,1,0.485975056886673,5
2020-05-18,ng1s,1,0.485975056886673,5
2020-05-18,ho1s,0,0.4901076555252075,5
2020-05-18,rb1s,0,0.4901076555252075,5
2020-05-19,rb1s,0,0.4827951490879059,5
2020-05-19,ng1s,1,0.48635590076446533,5
2020-05-19,cl1s,1,0.4918365180492401,5
2020-05-20,rb1s,0,0.4827951490879059,5
2020-05-20,ho1s,0,0.48635590076446533,5
2020-05-20,ng1s,1,0.48635590076446533,5
2020-05-21,ng1s,1,0.48635590076446533,5
2020-05-21,rb1s,0,0.4827951490879059,5
2020-05-22,rb1s,0,0.4827951490879059,5
2020-05-26,rb1s,0,0.4827951490879059,5
2020-05-27,rb1s,0,0.4827951490879059,5
2020-05-27,cl1s,1,0.4918365180492401,5
2020-05-27,ng1s,1,0.48635590076446533,5
2020-05-28,cl1s,1,0.4918365180492401,5
2020-05-28,rb1s,0,0.4827951490879059,5
2020-05-28,ng1s,1,0.48635590076446533,5
2020-05-29,rb1s,0,0.4827951490879059,5
2020-05-29,ng1s,1,0.48635590076446533,5
2020-06-01,rb1s,0,0.4827951490879059,5
2020-06-01,ng1s,1,0.4827951490879059,5
2020-06-02,rb1s,0,0.4827951490879059,5
2020-06-02,ng1s,1,0.4827951490879059,5
2020-06-03,rb1s,0,0.4827951490879059,5
2020-06-04,cl1s,1,0.4918365180492401,5
2020-06-04,rb1s,0,0.4827951490879059,5
2020-06-05,rb1s,0,0.4827951490879059,5
2020-06-05,cl1s,1,0.4918365180492401,5
2020-06-08,cl1s,1,0.4918365180492401,5
2020-06-08,rb1s,0,0.4827951490879059,5
2020-06-09,cl1s,1,0.4918365180492401,5
2020-06-09,rb1s,0,0.4827951490879059,5
2020-06-10,cl1s,0,0.4918365180492401,5
2020-06-10,rb1s,1,0.4827951490879059,5
2020-06-11,rb1s,0,0.4827951490879059,5
2020-06-11,cl1s,1,0.4918365180492401,5
2020-06-12,rb1s,1,0.4918365180492401,5
2020-06-12,cl1s,1,0.4918365180492401,5
2020-06-15,rb1s,1,0.4918365180492401,5
2020-06-16,rb1s,0,0.4918365180492401,5
2020-06-17,rb1s,0,0.4827951490879059,5
2020-06-17,cl1s,1,0.4918365180492401,5
2020-06-18,rb1s,0,0.48766985535621643,5
2020-06-18,cl1s,1,0.4918365180492401,5
2020-06-19,cl1s,1,0.4918365180492401,5
2020-06-19,rb1s,1,0.48766985535621643,5
2020-06-22,cl1s,0,0.4918365180492401,5
2020-06-22,rb1s,1,0.48766985535621643,5
2020-06-23,cl1s,1,0.4918365180492401,5
2020-06-23,rb1s,1,0.48766985535621643,5
2020-06-24,rb1s,1,0.4918365180492401,5
2020-06-24,cl1s,1,0.4918365180492401,5
2020-06-25,rb1s,1,0.4918365180492401,5
2020-06-25,cl1s,1,0.4918365180492401,5
2020-06-26,rb1s,1,0.4918365180492401,5
2020-06-26,cl1s,1,0.4918365180492401,5
2020-06-29,rb1s,1,0.4918365180492401,5
2020-06-29,cl1s,1,0.4918365180492401,5
2020-06-30,cl1s,1,0.4918365180492401,5
2020-06-30,rb1s,1,0.4918365180492401,5
2020-07-01,ho1s,0,0.48766985535621643,5
2020-07-01,rb1s,0,0.48766985535621643,5
2020-07-01,cl1s,1,0.4918365180492401,5
2020-07-02,cl1s,0,0.4918365180492401,5
2020-07-02,rb1s,0,0.4918365180492401,5
2020-07-06,cl1s,1,0.4918365180492401,5
2020-07-06,rb1s,0,0.4918365180492401,5
2020-07-07,cl1s,1,0.4918365180492401,5
2020-07-07,rb1s,1,0.4918365180492401,5
2020-07-08,cl1s,1,0.4918365180492401,5
2020-07-08,rb1s,0,0.4918365180492401,5
2020-07-09,rb1s,1,0.49596327543258667,5
2020-07-09,cl1s,1,0.49596327543258667,5
2020-07-10,ho1s,0,0.48766985535621643,5
2020-07-10,cl1s,1,0.49596327543258667,5
2020-07-10,rb1s,0,0.49596327543258667,5
2020-07-13,rb1s,0,0.49596327543258667,5
2020-07-13,cl1s,1,0.49596327543258667,5
2020-07-14,rb1s,1,0.49596327543258667,5
2020-07-14,cl1s,1,0.49596327543258667,5
2020-07-15,rb1s,0,0.49596327543258667,5
2020-07-15,cl1s,0,0.49596327543258667,5
2020-07-16,rb1s,0,0.49596327543258667,5
2020-07-16,cl1s,0,0.49596327543258667,5
2020-07-17,rb1s,0,0.49596327543258667,5
2020-07-17,cl1s,0,0.49596327543258667,5
2020-07-20,rb1s,1,0.49596327543258667,5
2020-07-20,cl1s,1,0.49596327543258667,5
2020-07-21,rb1s,0,0.49596327543258667,5
2020-07-21,cl1s,0,0.49596327543258667,5
2020-07-22,rb1s,0,0.49596327543258667,5
2020-07-22,cl1s,1,0.49596327543258667,5
2020-07-23,rb1s,0,0.49596327543258667,5
2020-07-23,cl1s,1,0.49596327543258667,5
2020-07-24,rb1s,0,0.49596327543258667,5
2020-07-24,cl1s,0,0.49596327543258667,5
2020-07-27,cl1s,1,0.49596327543258667,5
2020-07-27,rb1s,0,0.49596327543258667,5
2020-07-28,rb1s,0,0.49596327543258667,5
2020-07-28,cl1s,1,0.49596327543258667,5
2020-07-29,rb1s,1,0.49596327543258667,5
2020-07-29,cl1s,1,0.49596327543258667,5
2020-07-30,rb1s,1,0.49596327543258667,5
2020-07-30,cl1s,1,0.49596327543258667,5
2020-07-31,cl1s,1,0.49900561571121216,5
2020-07-31,rb1s,1,0.49900561571121216,5
2020-08-03,cl1s,1,0.49900561571121216,5
2020-08-03,rb1s,1,0.49900561571121216,5
2020-08-03,ng1s,0,0.4912324845790863,5
2020-08-04,cl1s,1,0.49900561571121216,5
2020-08-04,rb1s,1,0.49900561571121216,5
2020-08-05,rb1s,1,0.49900561571121216,5
2020-08-06,rb1s,1,0.49900561571121216,5
2020-08-06,ng1s,0,0.4912324845790863,5
2020-08-07,rb1s,1,0.49900561571121216,5
2020-08-10,ng1s,0,0.4912324845790863,5
2020-08-10,rb1s,1,0.49900561571121216,5
2020-08-11,rb1s,1,0.49900561571121216,5
2020-08-12,rb1s,1,0.49900561571121216,5
2020-08-13,rb1s,1,0.49900561571121216,5
2020-08-14,rb1s,1,0.49900561571121216,5
2020-08-17,rb1s,1,0.49900561571121216,5
2020-08-18,rb1s,1,0.49900561571121216,5
2020-08-19,rb1s,0,0.49900561571121216,5
2020-08-20,rb1s,0,0.49900561571121216,5
2020-08-21,rb1s,0,0.49900561571121216,5
2020-08-21,cl1s,0,0.49472731351852417,5
2020-08-24,cl1s,0,0.49472731351852417,5
2020-08-24,rb1s,0,0.49900561571121216,5
2020-08-25,cl1s,0,0.49472731351852417,5
2020-08-25,rb1s,0,0.49900561571121216,5
2020-08-26,rb1s,0,0.49900561571121216,5
2020-08-26,cl1s,0,0.49472731351852417,5
2020-08-27,rb1s,0,0.49900561571121216,5
2020-08-28,rb1s,0,0.49900561571121216,5
2020-08-31,rb1s,0,0.49900561571121216,5
2020-09-01,rb1s,0,0.49900561571121216,5
2020-09-01,cl1s,0,0.49472731351852417,5
2020-09-02,cl1s,0,0.49472731351852417,5
2020-09-02,rb1s,0,0.49900561571121216,5
2020-09-03,rb1s,0,0.49900561571121216,5
2020-09-04,rb1s,0,0.4971989691257477,5
2020-09-08,ho1s,1,0.49472731351852417,5
2020-09-08,rb1s,1,0.49900561571121216,5
2020-09-09,rb1s,1,0.49900561571121216,5
2020-09-10,rb1s,1,0.49472731351852417,5
2020-09-11,rb1s,1,0.49472731351852417,5
2020-09-14,rb1s,1,0.49472731351852417,5
2020-09-15,rb1s,1,0.49472731351852417,5
2020-09-16,rb1s,1,0.49900561571121216,5
2020-09-16,cl1s,0,0.49472731351852417,5
2020-09-17,rb1s,0,0.49900561571121216,5
2020-09-18,rb1s,0,0.4971989691257477,5
2020-09-21,rb1s,1,0.49472731351852417,5
2020-09-21,cl1s,0,0.49472731351852417,5
2020-09-21,ho1s,1,0.49472731351852417,5
2020-09-22,rb1s,1,0.49472731351852417,5
2020-09-22,ho1s,1,0.49472731351852417,5
2020-09-22,cl1s,1,0.49472731351852417,5
2020-09-23,rb1s,1,0.49472731351852417,5
2020-09-23,ho1s,1,0.49472731351852417,5
2020-09-23,cl1s,1,0.49472731351852417,5
2020-09-24,cl1s,1,0.49472731351852417,5
2020-09-24,ho1s,1,0.49472731351852417,5
2020-09-24,ng1s,1,0.4897012710571289,5
2020-09-24,rb1s,1,0.49472731351852417,5
2020-09-25,rb1s,1,0.49472731351852417,5
2020-09-25,cl1s,1,0.49472731351852417,5
2020-09-25,ho1s,1,0.49472731351852417,5
2020-09-28,rb1s,0,0.49472731351852417,5
2020-09-28,cl1s,0,0.49472731351852417,5
2020-09-29,ho1s,1,0.49472731351852417,5
2020-09-29,cl1s,1,0.49472731351852417,5
2020-09-29,rb1s,1,0.49472731351852417,5
2020-09-30,rb1s,1,0.49472731351852417,5
2020-09-30,cl1s,1,0.49472731351852417,5
2020-09-30,ho1s,1,0.49472731351852417,5
2020-10-01,cl1s,1,0.49121278524398804,5
2020-10-01,ho1s,1,0.49121278524398804,5
2020-10-01,rb1s,1,0.49121278524398804,5
2020-10-02,ho1s,1,0.49472731351852417,5
2020-10-02,cl1s,1,0.49472731351852417,5
2020-10-02,rb1s,1,0.49472731351852417,5
2020-10-05,rb1s,0,0.49472731351852417,5
2020-10-05,cl1s,1,0.49472731351852417,5
2020-10-06,rb1s,0,0.49900561571121216,5
2020-10-07,cl1s,0,0.49472731351852417,5
2020-10-07,rb1s,0,0.49900561571121216,5
2020-10-08,cl1s,0,0.49472731351852417,5
2020-10-08,rb1s,0,0.49900561571121216,5
2020-10-09,ng1s,0,0.48635590076446533,5
2020-10-09,rb1s,0,0.49900561571121216,5
2020-10-09,cl1s,0,0.49472731351852417,5
2020-10-12,rb1s,0,0.49900561571121216,5
2020-10-12,ng1s,0,0.48635590076446533,5
2020-10-12,cl1s,0,0.49900561571121216,5
2020-10-13,cl1s,0,0.49900561571121216,5
2020-10-13,rb1s,0,0.49900561571121216,5
2020-10-13,ng1s,0,0.48635590076446533,5
2020-10-14,cl1s,0,0.49900561571121216,5
2020-10-14,rb1s,0,0.49900561571121216,5
2020-10-14,ng1s,0,0.48635590076446533,5
2020-10-15,cl1s,0,0.49900561571121216,5
2020-10-15,rb1s,0,0.49900561571121216,5
2020-10-16,cl1s,0,0.49900561571121216,5
2020-10-16,rb1s,0,0.49900561571121216,5
2020-10-19,rb1s,0,0.4971989691257477,5
2020-10-19,cl1s,0,0.49900561571121216,5
2020-10-20,rb1s,0,0.49900561571121216,5
2020-10-20,cl1s,0,0.49900561571121216,5
2020-10-21,rb1s,0,0.49900561571121216,5
2020-10-21,cl1s,0,0.49900561571121216,5
2020-10-22,rb1s,0,0.49900561571121216,5
2020-10-22,cl1s,0,0.49900561571121216,5
2020-10-23,ho1s,0,0.4971989691257477,5
2020-10-23,cl1s,0,0.49900561571121216,5
2020-10-23,rb1s,0,0.49900561571121216,5
2020-10-26,ng1s,1,0.48635590076446533,5
2020-10-26,ho1s,1,0.4971989691257477,5
2020-10-26,cl1s,1,0.49900561571121216,5
2020-10-26,rb1s,1,0.49900561571121216,5
2020-10-27,rb1s,0,0.49900561571121216,5
2020-10-27,ng1s,1,0.48635590076446533,5
2020-10-27,ho1s,1,0.4971989691257477,5
2020-10-27,cl1s,0,0.49900561571121216,5
2020-10-28,rb1s,1,0.49900561571121216,5
2020-10-28,cl1s,1,0.49900561571121216,5
2020-10-29,cl1s,1,0.49900561571121216,5
2020-10-29,rb1s,1,0.49900561571121216,5
2020-10-29,ho1s,1,0.49472731351852417,5
2020-10-30,ho1s,1,0.49472731351852417,5
2020-10-30,rb1s,1,0.49900561571121216,5
2020-10-30,cl1s,1,0.49900561571121216,5
2020-11-02,cl1s,1,0.49900561571121216,5
2020-11-02,rb1s,1,0.49900561571121216,5
2020-11-03,cl1s,1,0.49900561571121216,5
2020-11-03,rb1s,1,0.49900561571121216,5
2020-11-04,cl1s,1,0.4944455027580261,5
2020-11-04,rb1s,1,0.4944455027580261,5
2020-11-05,rb1s,1,0.4944455027580261,5
2020-11-05,cl1s,1,0.4944455027580261,5
2020-11-06,cl1s,1,0.49900561571121216,5
2020-05-12,rb1s,0,0.5839397311210632,6
2020-05-13,rb1s,1,0.6507185697555542,6
2020-05-13,cl1s,1,0.635387659072876,6
2020-05-14,rb1s,0,0.6290379166603088,6
2020-05-14,ng1s,0,0.62498539686203,6
2020-05-14,cl1s,1,0.635387659072876,6
2020-05-15,rb1s,0,0.6075934171676636,6
2020-05-15,ng1s,1,0.6334235668182373,6
2020-05-18,ng1s,1,0.6127992868423462,6
2020-05-18,ho1s,0,0.5668268799781799,6
2020-05-18,rb1s,0,0.6067548990249634,6
2020-05-19,rb1s,0,0.6228139996528625,6
2020-05-19,ng1s,1,0.5956259965896606,6
2020-05-19,cl1s,1,0.6176972985267639,6
2020-05-20,rb1s,0,0.6128857135772705,6
2020-05-20,ho1s,0,0.5429291129112244,6
2020-05-20,ng1s,1,0.5721176862716675,6
2020-05-21,ng1s,1,0.5880107283592224,6
2020-05-21,rb1s,0,0.6389486789703369,6
2020-05-22,rb1s,0,0.6524983644485474,6
2020-05-26,rb1s,0,0.5774163007736206,6
2020-05-27,rb1s,0,0.5774163007736206,6
2020-05-27,cl1s,1,0.5607873797416687,6
2020-05-27,ng1s,1,0.5294005274772644,6
2020-05-28,cl1s,1,0.5607873797416687,6
2020-05-28,rb1s,0,0.522503674030304,6
2020-05-28,ng1s,1,0.5157479643821716,6
2020-05-29,rb1s,0,0.5400153994560242,6
2020-05-29,ng1s,1,0.5157479643821716,6
2020-06-01,rb1s,0,0.5400153994560242,6
2020-06-01,ng1s,1,0.5294005274772644,6
2020-06-02,rb1s,0,0.5458388924598694,6
2020-06-02,ng1s,1,0.5294005274772644,6
2020-06-03,rb1s,0,0.5568393468856812,6
2020-06-04,cl1s,1,0.5760897994041443,6
2020-06-04,rb1s,0,0.5533156394958496,6
2020-06-05,rb1s,0,0.5533156394958496,6
2020-06-05,cl1s,1,0.5818102359771729,6
2020-06-08,cl1s,1,0.5632634162902832,6
2020-06-08,rb1s,0,0.5299926400184631,6
2020-06-09,cl1s,1,0.5791088342666626,6
2020-06-09,rb1s,0,0.5633704662322998,6
2020-06-10,cl1s,0,0.6075341701507568,6
2020-06-10,rb1s,1,0.5836368799209595,6
2020-06-11,rb1s,0,0.5474959015846252,6
2020-06-11,cl1s,1,0.5891246795654297,6
2020-06-12,rb1s,1,0.560752272605896,6
2020-06-12,cl1s,1,0.5891246795654297,6
2020-06-15,rb1s,1,0.5779232978820801,6
2020-06-16,rb1s,0,0.5363543033599854,6
2020-06-17,rb1s,0,0.5561698079109192,6
2020-06-17,cl1s,1,0.578909158706665,6
2020-06-18,rb1s,0,0.5561698079109192,6
2020-06-18,cl1s,1,0.578909158706665,6
2020-06-19,cl1s,1,0.5616762042045593,6
2020-06-19,rb1s,1,0.5387477278709412,6
2020-06-22,cl1s,0,0.5443652868270874,6
2020-06-22,rb1s,1,0.5387477278709412,6
2020-06-23,cl1s,1,0.5720007419586182,6
2020-06-23,rb1s,1,0.5491787791252136,6
2020-06-24,rb1s,1,0.5433623194694519,6
2020-06-24,cl1s,1,0.5720007419586182,6
2020-06-25,rb1s,1,0.5606805682182312,6
2020-06-25,cl1s,1,0.5720007419586182,6
2020-06-26,rb1s,1,0.5925280451774597,6
2020-06-26,cl1s,1,0.5901111960411072,6
2020-06-29,rb1s,1,0.5511730313301086,6
2020-06-29,cl1s,1,0.562546968460083,6
2020-06-30,cl1s,1,0.5901111960411072,6
2020-06-30,rb1s,1,0.5617562532424927,6
2020-07-01,ho1s,0,0.5734738707542419,6
2020-07-01,rb1s,0,0.5787788033485413,6
2020-07-01,cl1s,1,0.5734738707542419,6
2020-07-02,cl1s,0,0.5286985635757446,6
2020-07-02,rb1s,0,0.5171998143196106,6
2020-07-06,cl1s,1,0.5257152915000916,6
2020-07-06,rb1s,0,0.5142107009887695,6
2020-07-07,cl1s,1,0.5257152915000916,6
2020-07-07,rb1s,1,0.5142107009887695,6
2020-07-08,cl1s,1,0.4777846336364746,6
2020-07-08,rb1s,0,0.4662977159023285,6
2020-07-09,rb1s,1,0.5343096852302551,6
2020-07-09,cl1s,1,0.5318204164505005,6
2020-07-10,ho1s,0,0.5318204164505005,6
2020-07-10,cl1s,1,0.5318204164505005,6
2020-07-10,rb1s,0,0.5343096852302551,6
2020-07-13,rb1s,0,0.4783004820346832,6
2020-07-13,cl1s,1,0.4898117482662201,6
2020-07-14,rb1s,1,0.5050366520881653,6
2020-07-14,cl1s,1,0.5165542960166931,6
2020-07-15,rb1s,0,0.4621843993663788,6
2020-07-15,cl1s,0,0.4736599028110504,6
2020-07-16,rb1s,0,0.4621843993663788,6
2020-07-16,cl1s,0,0.4736599028110504,6
2020-07-17,rb1s,0,0.43449485301971436,6
2020-07-17,cl1s,0,0.4575543701648712,6
2020-07-20,rb1s,1,0.4510185718536377,6
2020-07-20,cl1s,1,0.4477628767490387,6
2020-07-21,rb1s,0,0.4510185718536377,6
2020-07-21,cl1s,0,0.46167057752609253,6
2020-07-22,rb1s,0,0.43777093291282654,6
2020-07-22,cl1s,1,0.4483656883239746,6
2020-07-23,rb1s,0,0.43777093291282654,6
2020-07-23,cl1s,1,0.4483656883239746,6
2020-07-24,rb1s,0,0.4450497329235077,6
2020-07-24,cl1s,0,0.44427016377449036,6
2020-07-27,cl1s,1,0.4345352053642273,6
2020-07-27,rb1s,0,0.449146568775177,6
2020-07-28,rb1s,0,0.47020816802978516,6
2020-07-28,cl1s,1,0.4448947012424469,6
2020-07-29,rb1s,1,0.4500078558921814,6
2020-07-29,cl1s,1,0.43867141008377075,6
2020-07-30,rb1s,1,0.42724600434303284,6
2020-07-30,cl1s,1,0.4283449947834015,6
2020-07-31,cl1s,1,0.4283449947834015,6
2020-07-31,rb1s,1,0.42724600434303284,6
2020-08-03,cl1s,1,0.47246676683425903,6
2020-08-03,rb1s,1,0.47134795784950256,6
2020-08-03,ng1s,0,0.48537275195121765,6
2020-08-04,cl1s,1,0.4799703061580658,6
2020-08-04,rb1s,1,0.4788498282432556,6
2020-08-05,rb1s,1,0.4788498282432556,6
2020-08-06,rb1s,1,0.4632369577884674,6
2020-08-06,ng1s,0,0.5717500448226929,6
2020-08-07,rb1s,1,0.501749575138092,6
2020-08-10,ng1s,0,0.5696766376495361,6
2020-11-06,rb1s,1,0.42257314920425415,6
2020-11-09,cl1s,1,0.4193228781223297,6
2020-11-09,rb1s,1,0.3910200893878937,6
2020-11-10,cl1s,1,0.3970341086387634,6
2020-11-10,rb1s,1,0.3970341086387634,6
2020-11-11,rb1s,1,0.36971986293792725,6
2020-11-11,cl1s,1,0.39748719334602356,6
2020-11-12,rb1s,1,0.44255393743515015,6
2020-11-12,cl1s,1,0.44031646847724915,6
2020-11-13,cl1s,1,0.44255393743515015,6
2020-11-13,rb1s,1,0.44255393743515015,6
2020-11-16,rb1s,1,0.39634081721305847,6
2020-11-16,cl1s,1,0.4247601330280304,6
2020-11-17,rb1s,1,0.39634081721305847,6
2020-11-17,cl1s,1,0.4363439679145813,6
2020-11-18,rb1s,1,0.39634081721305847,6
2020-11-18,cl1s,1,0.4363439679145813,6
2020-11-19,rb1s,1,0.39634081721305847,6
2020-11-19,cl1s,1,0.4363439679145813,6
2020-11-20,rb1s,1,0.40983670949935913,6
2020-11-20,cl1s,1,0.4363439679145813,6
2020-11-23,rb1s,1,0.4509676992893219,6
2020-11-23,cl1s,1,0.4363439679145813,6
2020-11-24,cl1s,1,0.4942260682582855,6
2020-11-24,rb1s,1,0.4621533751487732,6
2020-11-25,rb1s,1,0.4429406225681305,6
2020-11-27,rb1s,1,0.4981306493282318,6
2020-11-30,rb1s,1,0.5356343984603882,6
2020-12-01,rb1s,1,0.509494423866272,6
2020-12-01,cl1s,1,0.49573567509651184,6
2020-12-02,rb1s,1,0.4968940317630768,6
2020-12-02,cl1s,1,0.4583989977836609,6
2020-12-03,rb1s,1,0.515357494354248,6
2020-12-03,cl1s,1,0.47864818572998047,6
2020-12-04,rb1s,1,0.49300938844680786,6
2020-12-04,cl1s,1,0.45754268765449524,6
2020-12-07,rb1s,1,0.4084402918815613,6
2020-12-07,cl1s,1,0.41135838627815247,6
2020-12-08,cl1s,1,0.39956408739089966,6
2020-12-08,rb1s,1,0.4084402918815613,6
2020-12-09,cl1s,1,0.3939475417137146,6
2020-12-09,rb1s,1,0.41412225365638733,6
2020-12-10,rb1s,1,0.4253666400909424,6
2020-12-11,rb1s,1,0.411716103553772,6
2020-12-11,cl1s,1,0.43129560351371765,6
2020-12-14,rb1s,1,0.411716103553772,6
2020-12-15,rb1s,1,0.4716493785381317,6
2020-12-16,rb1s,1,0.4716493785381317,6
2020-12-17,rb1s,0,0.4969252347946167,6
2020-12-18,rb1s,1,0.47192445397377014,6
2020-12-18,ho1s,0,0.47352173924446106,6
2020-12-21,ho1s,0,0.469134658575058,6
2020-12-21,rb1s,1,0.41555115580558777,6
2020-12-22,rb1s,1,0.451930433511734,6
2020-12-23,rb1s,1,0.49853989481925964,6
2020-12-24,rb1s,1,0.49853989481925964,6
2020-12-28,rb1s,1,0.4443558156490326,6
2020-12-29,rb1s,1,0.47043272852897644,6
2020-12-30,rb1s,1,0.411716103553772,6
2020-12-31,rb1s,1,0.411716103553772,6
2021-01-04,ho1s,1,0.38070499897003174,6
2021-01-04,rb1s,1,0.34111014008522034,6
2021-01-04,cl1s,1,0.3864665925502777,6
2021-01-05,rb1s,1,0.40908241271972656,6
2021-01-05,cl1s,1,0.4619608223438263,6
2021-01-06,rb1s,0,0.500421941280365,6
2021-01-06,cl1s,1,0.5075880289077759,6
2021-01-07,rb1s,0,0.5184093117713928,6
2021-01-07,cl1s,1,0.541570246219635,6
2021-01-08,rb1s,0,0.5481985211372375,6
2021-01-08,cl1s,1,0.5621500611305237,6
2021-01-11,rb1s,0,0.5304715633392334,6
2021-01-11,cl1s,1,0.588386058807373,6
2021-01-12,rb1s,0,0.539937436580658,6
2021-01-13,rb1s,0,0.5360861420631409,6
2021-01-14,rb1s,1,0.524090051651001,6
2021-01-15,rb1s,0,0.4954163730144501,6
2021-01-15,cl1s,1,0.551788330078125,6
2021-01-19,cl1s,1,0.452914834022522,6
2021-01-19,rb1s,0,0.4320529103279114,6
2021-01-20,cl1s,1,0.4970758855342865,6
2021-01-20,rb1s,0,0.47316843271255493,6
2021-01-21,cl1s,1,0.5201792120933533,6
2021-01-21,rb1s,0,0.4710861146450043,6
2021-01-22,rb1s,0,0.5282865166664124,6
2021-01-25,rb1s,0,0.5022528171539307,6
2021-01-26,rb1s,0,0.5121396780014038,6
2021-01-27,rb1s,0,0.5315278172492981,6
2021-01-28,rb1s,0,0.47627657651901245,6
2021-01-29,rb1s,0,0.5311259627342224,6
2021-02-01,rb1s,0,0.5332182049751282,6
2021-02-02,rb1s,0,0.4604111313819885,6
2021-02-03,rb1s,0,0.48969772458076477,6
2021-02-04,rb1s,0,0.45087388157844543,6
2021-02-04,cl1s,0,0.5068100690841675,6
2021-02-05,rb1s,0,0.45087388157844543,6
2021-02-05,cl1s,0,0.519402265548706,6
2021-02-08,rb1s,0,0.4384274482727051,6
2021-02-08,cl1s,0,0.4944009780883789,6
2021-02-09,rb1s,0,0.45087388157844543,6
2021-02-09,cl1s,0,0.4662952125072479,6
2021-02-10,cl1s,0,0.4722784459590912,6
2021-02-10,rb1s,0,0.45164352655410767,6
2021-02-11,cl1s,0,0.48765894770622253,6
2021-02-11,rb1s,0,0.46694672107696533,6
2021-02-12,rb1s,0,0.4869585931301117,6
2021-02-12,cl1s,0,0.5120641589164734,6
2021-02-16,cl1s,0,0.5557901859283447,6
2021-02-16,ng1s,1,0.5080392956733704,6
2021-02-16,rb1s,0,0.5258218050003052,6
2021-02-17,rb1s,0,0.5573216080665588,6
2021-02-17,cl1s,0,0.5868633389472961,6
2021-02-18,rb1s,0,0.5573216080665588,6
2021-02-18,cl1s,0,0.5544715523719788,6
2021-02-19,cl1s,0,0.525206446647644,6
2021-02-19,rb1s,0,0.5258218050003052,6
2021-02-22,cl1s,0,0.5249571204185486,6
2021-02-22,rb1s,0,0.5340902209281921,6
2021-02-23,rb1s,0,0.5340902209281921,6
2021-02-23,cl1s,0,0.5006874203681946,6
2021-02-24,cl1s,0,0.48777851462364197,6
2021-02-24,rb1s,0,0.5163179636001587,6
2021-02-25,cl1s,0,0.48777851462364197,6
2021-02-25,rb1s,0,0.5163179636001587,6
2021-02-26,rb1s,0,0.496568888425827,6
2021-03-01,rb1s,0,0.4869585931301117,6
2020-05-12,rb1s,0,0.48833590745925903,7
2020-05-13,rb1s,1,0.49391716718673706,7
2020-05-13,cl1s,1,0.49391716718673706,7
2020-05-14,rb1s,0,0.48833590745925903,7
2020-05-14,ng1s,0,0.48833590745925903,7
2020-05-14,cl1s,1,0.49391716718673706,7
2020-05-15,rb1s,0,0.48833590745925903,7
2020-05-15,ng1s,1,0.48833590745925903,7
2020-05-18,ng1s,1,0.4888661503791809,7
2020-05-18,ho1s,0,0.4888661503791809,7
2020-05-18,rb1s,0,0.4888661503791809,7
2020-05-19,rb1s,0,0.48833590745925903,7
2020-05-19,ng1s,1,0.48833590745925903,7
2020-05-19,cl1s,1,0.49812379479408264,7
2020-05-20,rb1s,0,0.4888661503791809,7
2020-05-20,ho1s,0,0.4888661503791809,7
2020-05-20,ng1s,1,0.4888661503791809,7
2020-05-21,ng1s,1,0.48833590745925903,7
2020-05-21,rb1s,0,0.48833590745925903,7
2020-05-22,rb1s,0,0.48833590745925903,7
2020-05-26,rb1s,0,0.48833590745925903,7
2020-05-27,rb1s,0,0.48833590745925903,7
2020-05-27,cl1s,1,0.49812379479408264,7
2020-05-27,ng1s,1,0.48833590745925903,7
2020-05-28,cl1s,1,0.49812379479408264,7
2020-05-28,rb1s,0,0.48833590745925903,7
2020-05-28,ng1s,1,0.48833590745925903,7
2020-05-29,rb1s,0,0.48833590745925903,7
2020-05-29,ng1s,1,0.48833590745925903,7
2020-06-01,rb1s,0,0.48833590745925903,7
2020-06-01,ng1s,1,0.48833590745925903,7
2020-06-02,rb1s,0,0.4888661503791809,7
2020-06-02,ng1s,1,0.4888661503791809,7
2020-06-03,rb1s,0,0.48783156275749207,7
2020-06-04,cl1s,1,0.48783156275749207,7
2020-06-04,rb1s,0,0.48783156275749207,7
2020-06-05,rb1s,0,0.4888661503791809,7
2020-06-05,cl1s,1,0.48783156275749207,7
2020-06-08,cl1s,1,0.48783156275749207,7
2020-06-08,rb1s,0,0.48783156275749207,7
2020-06-09,cl1s,1,0.48783156275749207,7
2020-06-09,rb1s,0,0.4888661503791809,7
2020-06-10,cl1s,0,0.48783156275749207,7
2020-06-10,rb1s,1,0.4888661503791809,7
2020-06-11,rb1s,0,0.48833590745925903,7
2020-06-11,cl1s,1,0.49274879693984985,7
2020-06-12,rb1s,1,0.49274879693984985,7
2020-06-12,cl1s,1,0.49274879693984985,7
2020-06-15,rb1s,1,0.49812379479408264,7
2020-06-16,rb1s,0,0.49274879693984985,7
2020-06-17,rb1s,0,0.48833590745925903,7
2020-06-17,cl1s,1,0.49274879693984985,7
2020-06-18,rb1s,0,0.48833590745925903,7
2020-06-18,cl1s,1,0.49274879693984985,7
2020-06-19,cl1s,1,0.49274879693984985,7
2020-06-19,rb1s,1,0.4873013496398926,7
2020-06-22,cl1s,0,0.49274879693984985,7
2020-06-22,rb1s,1,0.4873013496398926,7
2020-06-23,cl1s,1,0.49274879693984985,7
2020-06-23,rb1s,1,0.4873013496398926,7
2020-06-24,rb1s,1,0.49812379479408264,7
2020-06-24,cl1s,1,0.49274879693984985,7
2020-06-25,rb1s,1,0.49274879693984985,7
2020-06-25,cl1s,1,0.49274879693984985,7
2020-06-26,rb1s,1,0.49812379479408264,7
2020-06-26,cl1s,1,0.49274879693984985,7
2020-06-29,rb1s,1,0.49274879693984985,7
2020-06-29,cl1s,1,0.49274879693984985,7
2020-06-30,cl1s,1,0.49274879693984985,7
2020-06-30,rb1s,1,0.49274879693984985,7
2020-07-01,ho1s,0,0.48833590745925903,7
2020-07-01,rb1s,0,0.48833590745925903,7
2020-07-01,cl1s,1,0.49274879693984985,7
2020-07-02,cl1s,0,0.49274879693984985,7
2020-07-02,rb1s,0,0.49812379479408264,7
2020-07-06,cl1s,1,0.4885433614253998,7
2020-07-06,rb1s,0,0.4885433614253998,7
2020-07-07,cl1s,1,0.4885433614253998,7
2020-07-07,rb1s,1,0.4885433614253998,7
2020-07-08,cl1s,1,0.4885433614253998,7
2020-07-08,rb1s,0,0.4885433614253998,7
2020-07-09,rb1s,1,0.4885433614253998,7
2020-07-09,cl1s,1,0.4885433614253998,7
2020-07-10,ho1s,0,0.4873013496398926,7
2020-07-10,cl1s,1,0.4885433614253998,7
2020-07-10,rb1s,0,0.4885433614253998,7
2020-07-13,rb1s,0,0.4885433614253998,7
2020-07-13,cl1s,1,0.4885433614253998,7
2020-07-14,rb1s,1,0.4885433614253998,7
2020-07-14,cl1s,1,0.4885433614253998,7
2020-07-15,rb1s,0,0.4885433614253998,7
2020-07-15,cl1s,0,0.4885433614253998,7
2020-07-16,rb1s,0,0.4885433614253998,7
2020-07-16,cl1s,0,0.4885433614253998,7
2020-07-17,rb1s,0,0.4885433614253998,7
2020-07-17,cl1s,0,0.4885433614253998,7
2020-07-20,rb1s,1,0.4885433614253998,7
2020-07-20,cl1s,1,0.4885433614253998,7
2020-07-21,rb1s,0,0.4885433614253998,7
2020-07-21,cl1s,0,0.4885433614253998,7
2020-07-22,rb1s,0,0.4885433614253998,7
2020-07-22,cl1s,1,0.4885433614253998,7
2020-07-23,rb1s,0,0.4885433614253998,7
2020-07-23,cl1s,1,0.4885433614253998,7
2020-07-24,rb1s,0,0.49274879693984985,7
2020-07-24,cl1s,0,0.49274879693984985,7
2020-07-27,cl1s,1,0.49274879693984985,7
2020-07-27,rb1s,0,0.49274879693984985,7
2020-07-28,rb1s,0,0.49274879693984985,7
2020-07-28,cl1s,1,0.49274879693984985,7
2020-07-29,rb1s,1,0.49274879693984985,7
2020-07-29,cl1s,1,0.49274879693984985,7
2020-07-30,rb1s,1,0.49274879693984985,7
2020-07-30,cl1s,1,0.49274879693984985,7
2020-07-31,cl1s,1,0.49274879693984985,7
2020-07-31,rb1s,1,0.49274879693984985,7
2020-08-03,cl1s,1,0.49274879693984985,7
2020-08-03,rb1s,1,0.49274879693984985,7
2020-08-03,ng1s,0,0.48833590745925903,7
2020-08-04,cl1s,1,0.49274879693984985,7
2020-08-04,rb1s,1,0.49274879693984985,7
2020-08-05,rb1s,1,0.49274879693984985,7
2020-08-06,rb1s,1,0.49274879693984985,7
2020-08-06,ng1s,0,0.48833590745925903,7
2020-08-07,rb1s,1,0.49274879693984985,7
2020-08-10,ng1s,0,0.48833590745925903,7
2021-03-02,rb1s,0,0.4823315441608429,7
2021-03-03,rb1s,0,0.4823315441608429,7
2021-03-04,rb1s,0,0.4823315441608429,7
2021-03-05,cl1s,1,0.4878348410129547,7
2021-03-05,rb1s,1,0.4823315441608429,7
2021-03-08,rb1s,1,0.4823315441608429,7
2021-03-08,cl1s,1,0.4878348410129547,7
2021-03-09,rb1s,1,0.4823315441608429,7
2021-03-10,rb1s,1,0.4878348410129547,7
2021-03-11,rb1s,1,0.4878348410129547,7
2021-03-12,rb1s,1,0.4878348410129547,7
2021-03-15,rb1s,1,0.4878348410129547,7
2021-03-16,rb1s,1,0.4878348410129547,7
2021-03-17,rb1s,1,0.4878348410129547,7
2021-03-18,rb1s,1,0.4823315441608429,7
2021-03-19,rb1s,1,0.4823315441608429,7
2021-03-22,rb1s,1,0.4823315441608429,7
2021-03-23,rb1s,0,0.4853695034980774,7
2021-03-24,rb1s,0,0.4853695034980774,7
2021-03-25,rb1s,1,0.4853695034980774,7
2021-03-26,rb1s,1,0.48850420117378235,7
2021-03-29,rb1s,1,0.48850420117378235,7
2021-03-30,rb1s,0,0.48850420117378235,7
2021-03-31,rb1s,0,0.48850420117378235,7
2021-04-01,rb1s,0,0.48850420117378235,7
2021-04-05,rb1s,0,0.48850420117378235,7
2021-04-06,rb1s,0,0.48850420117378235,7
2021-04-07,rb1s,0,0.48850420117378235,7
2021-04-08,rb1s,0,0.48850420117378235,7
2021-04-09,rb1s,0,0.48850420117378235,7
2021-04-12,rb1s,0,0.48850420117378235,7
2021-04-13,rb1s,0,0.48850420117378235,7
2021-04-14,rb1s,0,0.4888661503791809,7
2021-04-15,cl1s,1,0.4932050406932831,7
2021-04-15,rb1s,0,0.4888661503791809,7
2021-04-16,cl1s,1,0.4854651093482971,7
2021-04-16,rb1s,0,0.48850420117378235,7
2021-04-19,cl1s,1,0.4854651093482971,7
2021-04-19,rb1s,0,0.48850420117378235,7
2021-04-20,rb1s,0,0.48850420117378235,7
2021-04-20,cl1s,1,0.4854651093482971,7
2021-04-21,rb1s,0,0.48850420117378235,7
2021-04-21,cl1s,1,0.4854651093482971,7
2021-04-22,rb1s,0,0.4888661503791809,7
2021-04-22,cl1s,1,0.4932050406932831,7
2021-04-23,rb1s,0,0.4857313632965088,7
2021-04-23,cl1s,1,0.49006912112236023,7
2021-04-26,cl1s,1,0.49006912112236023,7
2021-04-26,rb1s,0,0.4857313632965088,7
2021-04-27,cl1s,1,0.49006912112236023,7
2021-04-27,rb1s,0,0.4857313632965088,7
2021-04-28,cl1s,1,0.49006912112236023,7
2021-04-28,rb1s,0,0.4857313632965088,7
2021-04-29,rb1s,1,0.4857313632965088,7
2021-04-29,cl1s,0,0.49006912112236023,7
2021-04-30,cl1s,1,0.49006912112236023,7
2021-04-30,rb1s,0,0.4857313632965088,7
2021-05-03,cl1s,1,0.49006912112236023,7
2021-05-03,rb1s,1,0.49006912112236023,7
2021-05-04,cl1s,0,0.49006912112236023,7
2021-05-04,rb1s,0,0.4857313632965088,7
2021-05-05,rb1s,1,0.4857313632965088,7
2021-05-05,cl1s,0,0.49006912112236023,7
2021-05-06,rb1s,1,0.4857313632965088,7
2021-05-07,rb1s,1,0.4846971035003662,7
2021-05-10,rb1s,1,0.4857313632965088,7
2021-05-11,rb1s,1,0.4846971035003662,7
2021-05-12,rb1s,1,0.4857313632965088,7
2021-05-12,cl1s,1,0.49006912112236023,7
2021-05-13,rb1s,1,0.49006912112236023,7
2021-05-14,rb1s,1,0.49006912112236023,7
2021-05-14,cl1s,1,0.49006912112236023,7
2021-05-17,cl1s,1,0.49006912112236023,7
2021-05-17,rb1s,1,0.49006912112236023,7
2021-05-18,rb1s,1,0.49006912112236023,7
2021-05-19,rb1s,1,0.49006912112236023,7
2021-05-19,cl1s,1,0.49006912112236023,7
2021-05-20,cl1s,1,0.49006912112236023,7
2021-05-20,rb1s,1,0.49006912112236023,7
2021-05-21,cl1s,1,0.49006912112236023,7
2021-05-21,rb1s,1,0.49006912112236023,7
2021-05-24,cl1s,1,0.49006912112236023,7
2021-05-24,rb1s,0,0.4857313632965088,7
2021-05-25,cl1s,1,0.49006912112236023,7
2021-05-25,rb1s,0,0.4857313632965088,7
2021-05-26,rb1s,0,0.4857313632965088,7
2021-05-26,cl1s,1,0.49006912112236023,7
2021-05-27,cl1s,1,0.49006912112236023,7
2021-05-27,rb1s,0,0.4857313632965088,7
2021-05-28,cl1s,1,0.49006912112236023,7
2021-05-28,rb1s,0,0.4857313632965088,7
2021-06-01,cl1s,1,0.49006912112236023,7
2021-06-01,rb1s,0,0.4857313632965088,7
2021-06-02,cl1s,1,0.49006912112236023,7
2021-06-02,rb1s,1,0.4857313632965088,7
2021-06-03,cl1s,1,0.49006912112236023,7
2021-06-03,rb1s,1,0.4857313632965088,7
2021-06-04,rb1s,1,0.4888661503791809,7
2021-06-04,cl1s,1,0.4932050406932831,7
2021-06-07,cl1s,1,0.4932050406932831,7
2021-06-07,rb1s,0,0.4888661503791809,7
2021-06-08,rb1s,0,0.4888661503791809,7
2021-06-08,cl1s,1,0.4932050406932831,7
2021-06-09,rb1s,0,0.4888661503791809,7
2021-06-09,cl1s,1,0.4932050406932831,7
2021-06-10,rb1s,0,0.4888661503791809,7
2021-06-10,cl1s,1,0.4932050406932831,7
2021-06-11,rb1s,0,0.4888661503791809,7
2021-06-14,rb1s,0,0.4888661503791809,7
2021-06-15,rb1s,0,0.4888661503791809,7
2021-06-15,cl1s,1,0.4932050406932831,7
2021-06-16,rb1s,0,0.4888661503791809,7
2021-06-16,cl1s,1,0.48783156275749207,7
2021-06-17,rb1s,0,0.4888661503791809,7
2021-06-17,cl1s,1,0.48783156275749207,7
2021-06-17,ho1s,1,0.4932050406932831,7
2021-06-18,cl1s,1,0.4854651093482971,7
2021-06-18,rb1s,0,0.4854651093482971,7
2021-06-21,rb1s,0,0.4854651093482971,7
2021-06-21,cl1s,1,0.4854651093482971,7
2021-06-22,rb1s,1,0.4854651093482971,7
2021-06-22,cl1s,0,0.4854651093482971,7
2021-06-23,rb1s,1,0.48783156275749207,7
2021-06-24,rb1s,0,0.48783156275749207,7
2021-06-24,cl1s,1,0.48783156275749207,7
2021-06-25,rb1s,0,0.48783156275749207,7
2020-05-12,rb1s,0,0.5018478035926819,8
2020-05-13,rb1s,1,0.511476993560791,8
2020-05-13,cl1s,1,0.511476993560791,8
2020-05-14,rb1s,0,0.5018478035926819,8
2020-05-14,ng1s,0,0.5018478035926819,8
2020-05-14,cl1s,1,0.511476993560791,8
2020-05-15,rb1s,0,0.5055485367774963,8
2020-05-15,ng1s,1,0.5055485367774963,8
2020-05-18,ng1s,1,0.48004117608070374,8
2020-05-18,ho1s,0,0.48004117608070374,8
2020-05-18,rb1s,0,0.48004117608070374,8
2020-05-19,rb1s,0,0.4872966408729553,8
2020-05-19,ng1s,1,0.5055485367774963,8
2020-05-19,cl1s,1,0.5255473852157593,8
2020-05-20,rb1s,0,0.4676482677459717,8
2020-05-20,ho1s,0,0.47219544649124146,8
2020-05-20,ng1s,1,0.47219544649124146,8
2020-05-21,ng1s,1,0.5055485367774963,8
2020-05-21,rb1s,0,0.49486610293388367,8
2020-05-22,rb1s,0,0.4872966408729553,8
2020-05-26,rb1s,0,0.49486610293388367,8
2020-05-27,rb1s,0,0.49094176292419434,8
2020-05-27,cl1s,1,0.5255473852157593,8
2020-05-27,ng1s,1,0.5055485367774963,8
2020-05-28,cl1s,1,0.5179898738861084,8
2020-05-28,rb1s,0,0.49094176292419434,8
2020-05-28,ng1s,1,0.5055485367774963,8
2020-05-29,rb1s,0,0.49094176292419434,8
2020-05-29,ng1s,1,0.5055485367774963,8
2020-06-01,rb1s,0,0.49094176292419434,8
2020-06-01,ng1s,1,0.5055485367774963,8
2020-06-02,rb1s,0,0.4676482677459717,8
2020-06-02,ng1s,1,0.47219544649124146,8
2020-06-03,rb1s,0,0.4668506681919098,8
2020-06-04,cl1s,1,0.47564277052879333,8
2020-06-04,rb1s,0,0.4668506681919098,8
2020-06-05,rb1s,0,0.4743885397911072,8
2020-06-05,cl1s,1,0.48239389061927795,8
2020-06-08,cl1s,1,0.48239389061927795,8
2020-06-08,rb1s,0,0.47358962893486023,8
2020-06-09,cl1s,1,0.48239389061927795,8
2020-06-09,rb1s,0,0.4743885397911072,8
2020-06-10,cl1s,0,0.48239389061927795,8
2020-06-10,rb1s,1,0.4743885397911072,8
2020-06-11,rb1s,0,0.5035105347633362,8
2020-06-11,cl1s,1,0.5124683380126953,8
2020-06-12,rb1s,1,0.5161122679710388,8
2020-06-12,cl1s,1,0.5161122679710388,8
2020-06-15,rb1s,1,0.5216310024261475,8
2020-06-16,rb1s,0,0.5174616575241089,8
2020-06-17,rb1s,0,0.49094176292419434,8
2020-06-17,cl1s,1,0.5161122679710388,8
2020-06-18,rb1s,0,0.49094176292419434,8
2020-06-18,cl1s,1,0.5161122679710388,8
2020-06-19,cl1s,1,0.5161122679710388,8
2020-06-19,rb1s,1,0.49014097452163696,8
2020-06-22,cl1s,0,0.5161122679710388,8
2020-06-22,rb1s,1,0.49014097452163696,8
2020-06-23,cl1s,1,0.5161122679710388,8
2020-06-23,rb1s,1,0.49014097452163696,8
2020-06-24,rb1s,1,0.5216310024261475,8
2020-06-24,cl1s,1,0.5161122679710388,8
2020-06-25,rb1s,1,0.5161122679710388,8
2020-06-25,cl1s,1,0.5161122679710388,8
2020-06-26,rb1s,1,0.5216310024261475,8
2020-06-26,cl1s,1,0.5161122679710388,8
2020-06-29,rb1s,1,0.5161122679710388,8
2020-06-29,cl1s,1,0.513933539390564,8
2020-06-30,cl1s,1,0.513933539390564,8
2020-06-30,rb1s,1,0.5161122679710388,8
2020-07-01,ho1s,0,0.49094176292419434,8
2020-07-01,rb1s,0,0.49094176292419434,8
2020-07-01,cl1s,1,0.513933539390564,8
2020-07-02,cl1s,0,0.513933539390564,8
2020-07-02,rb1s,0,0.5216310024261475,8
2020-07-06,cl1s,1,0.48916542530059814,8
2020-07-06,rb1s,0,0.49134525656700134,8
2020-07-07,cl1s,1,0.48916542530059814,8
2020-07-07,rb1s,1,0.49134525656700134,8
2020-07-08,cl1s,1,0.49134525656700134,8
2020-07-08,rb1s,0,0.49134525656700134,8
2020-07-09,rb1s,1,0.49134525656700134,8
2020-07-09,cl1s,1,0.49134525656700134,8
2020-07-10,ho1s,0,0.4804671108722687,8
2020-07-10,cl1s,1,0.48536697030067444,8
2020-07-10,rb1s,0,0.49134525656700134,8
2020-07-13,rb1s,0,0.49134525656700134,8
2020-07-13,cl1s,1,0.48536697030067444,8
2020-07-14,rb1s,1,0.48536697030067444,8
2020-07-14,cl1s,1,0.48536697030067444,8
2020-07-15,rb1s,0,0.48536697030067444,8
2020-07-15,cl1s,0,0.48536697030067444,8
2020-07-16,rb1s,0,0.48217716813087463,8
2020-07-16,cl1s,0,0.48536697030067444,8
2020-07-17,rb1s,0,0.48217716813087463,8
2020-07-17,cl1s,0,0.48536697030067444,8
2020-07-20,rb1s,1,0.48217716813087463,8
2020-07-20,cl1s,1,0.48536697030067444,8
2020-07-21,rb1s,0,0.48217716813087463,8
2020-07-21,cl1s,0,0.48536697030067444,8
2020-07-22,rb1s,0,0.48217716813087463,8
2020-07-22,cl1s,1,0.48536697030067444,8
2020-07-23,rb1s,0,0.48217716813087463,8
2020-07-23,cl1s,1,0.48536697030067444,8
2020-07-24,rb1s,0,0.5069425702095032,8
2020-07-24,cl1s,0,0.5101348161697388,8
2020-07-27,cl1s,1,0.5040489435195923,8
2020-07-27,rb1s,0,0.5069425702095032,8
2020-07-28,rb1s,0,0.5069425702095032,8
2020-07-28,cl1s,1,0.5101348161697388,8
2020-07-29,rb1s,1,0.5069425702095032,8
2020-07-29,cl1s,1,0.5040489435195923,8
2020-07-30,rb1s,1,0.5101348161697388,8
2020-07-30,cl1s,1,0.5101348161697388,8
2020-07-31,cl1s,1,0.513933539390564,8
2020-07-31,rb1s,1,0.513933539390564,8
2020-08-03,cl1s,1,0.513933539390564,8
2020-08-03,rb1s,1,0.513933539390564,8
2020-08-03,ng1s,0,0.5055485367774963,8
2020-08-04,cl1s,1,0.513933539390564,8
2020-08-04,rb1s,1,0.513933539390564,8
2020-08-05,rb1s,1,0.513933539390564,8
2020-08-06,rb1s,1,0.513933539390564,8
2020-08-06,ng1s,0,0.5055485367774963,8
2020-08-07,rb1s,1,0.513933539390564,8
2020-08-10,ng1s,0,0.5055485367774963,8
2021-06-25,cl1s,1,0.467401921749115,8
2021-06-28,rb1s,0,0.4578622579574585,8
2021-06-28,ho1s,1,0.465835839509964,8
2021-06-28,cl1s,1,0.465835839509964,8
2021-06-29,rb1s,0,0.4578622579574585,8
2021-06-29,cl1s,1,0.465835839509964,8
2021-06-29,ho1s,1,0.4713406562805176,8
2021-06-30,cl1s,0,0.465835839509964,8
2021-06-30,rb1s,0,0.45706698298454285,8
2021-07-01,cl1s,0,0.4634491801261902,8
2021-07-01,rb1s,1,0.4546869993209839,8
2021-07-02,rb1s,1,0.4594244956970215,8
2021-07-02,cl1s,0,0.4729088246822357,8
2021-07-06,rb1s,1,0.4601331353187561,8
2021-07-06,cl1s,0,0.4620547294616699,8
2021-07-07,rb1s,0,0.4569554030895233,8
2021-07-07,ho1s,0,0.46572402119636536,8
2021-07-07,cl1s,0,0.46572402119636536,8
2021-07-08,rb1s,0,0.4569554030895233,8
2021-07-08,ho1s,0,0.46572402119636536,8
2021-07-08,cl1s,0,0.46572402119636536,8
2021-07-09,cl1s,0,0.46950897574424744,8
2021-07-09,rb1s,1,0.46073055267333984,8
2021-07-12,cl1s,0,0.46950897574424744,8
2021-07-12,rb1s,1,0.47022315859794617,8
2021-07-13,cl1s,0,0.46950897574424744,8
2021-07-13,rb1s,1,0.47022315859794617,8
2021-07-14,rb1s,1,0.4664374589920044,8
2021-07-14,cl1s,0,0.46572402119636536,8
2021-07-15,rb1s,0,0.468959778547287,8
2021-07-15,cl1s,0,0.46824586391448975,8
2021-07-16,cl1s,0,0.47115904092788696,8
2021-07-16,rb1s,0,0.47557923197746277,8
2021-07-19,rb1s,1,0.4563142955303192,8
2021-07-19,cl1s,1,0.44686561822891235,8
2021-07-20,rb1s,1,0.4563142955303192,8
2021-07-20,cl1s,1,0.44686561822891235,8
2021-07-21,rb1s,1,0.46801483631134033,8
2021-07-21,cl1s,0,0.4585282802581787,8
2021-07-22,rb1s,1,0.4623054265975952,8
2021-07-22,cl1s,0,0.4623054265975952,8
2021-07-23,cl1s,0,0.4623054265975952,8
2021-07-23,rb1s,0,0.4623054265975952,8
2021-07-26,rb1s,0,0.4506266415119171,8
2021-07-26,cl1s,0,0.4506266415119171,8
2021-07-27,rb1s,0,0.4506266415119171,8
2021-07-27,cl1s,0,0.4506266415119171,8
2021-07-28,cl1s,0,0.4749489426612854,8
2021-07-28,rb1s,1,0.4749489426612854,8
2021-07-29,cl1s,0,0.4749489426612854,8
2021-07-29,rb1s,0,0.4749489426612854,8
2021-07-30,cl1s,0,0.460932195186615,8
2021-07-30,rb1s,0,0.460932195186615,8
2021-08-02,rb1s,0,0.460932195186615,8
2021-08-02,cl1s,0,0.460932195186615,8
2021-08-03,cl1s,0,0.460932195186615,8
2021-08-03,rb1s,0,0.460932195186615,8
2021-08-04,cl1s,0,0.460932195186615,8
2021-08-04,rb1s,0,0.460932195186615,8
2021-08-05,rb1s,0,0.45856136083602905,8
2021-08-05,cl1s,0,0.460932195186615,8
2021-08-06,rb1s,0,0.460932195186615,8
2021-08-06,cl1s,0,0.460932195186615,8
2021-08-09,cl1s,0,0.46310028433799744,8
2021-08-09,rb1s,0,0.460932195186615,8
2021-08-10,rb1s,0,0.460932195186615,8
2021-08-10,cl1s,0,0.460932195186615,8
2021-08-11,cl1s,0,0.460932195186615,8
2021-08-11,rb1s,0,0.460932195186615,8
2021-08-12,cl1s,0,0.4662960469722748,8
2021-08-12,rb1s,0,0.4662960469722748,8
2021-08-13,rb1s,0,0.48150351643562317,8
2021-08-13,cl1s,1,0.48150351643562317,8
2021-08-16,rb1s,0,0.47203320264816284,8
2021-08-16,cl1s,1,0.47203320264816284,8
2021-08-17,cl1s,1,0.47203320264816284,8
2021-08-17,rb1s,1,0.47203320264816284,8
2021-08-18,cl1s,1,0.47958844900131226,8
2021-08-18,rb1s,1,0.47741183638572693,8
2021-08-19,cl1s,1,0.47958844900131226,8
2021-08-19,rb1s,1,0.47741183638572693,8
2021-08-20,cl1s,1,0.4742075800895691,8
2021-08-20,rb1s,1,0.4742075800895691,8
2021-08-23,cl1s,1,0.4742075800895691,8
2021-08-23,rb1s,1,0.4742075800895691,8
2021-08-24,rb1s,1,0.4742075800895691,8
2021-08-24,cl1s,1,0.4742075800895691,8
2021-08-25,rb1s,0,0.4742075800895691,8
2021-08-25,cl1s,0,0.4742075800895691,8
2021-08-26,cl1s,1,0.4742075800895691,8
2021-08-26,rb1s,1,0.4742075800895691,8
2021-08-27,cl1s,1,0.47741183638572693,8
2021-08-27,rb1s,1,0.47958844900131226,8
2021-08-30,rb1s,1,0.47958844900131226,8
2021-08-30,cl1s,1,0.47741183638572693,8
2021-08-31,cl1s,1,0.4736200273036957,8
2021-08-31,rb1s,1,0.47958844900131226,8
2021-09-01,rb1s,1,0.4836815893650055,8
2021-09-01,cl1s,1,0.47770893573760986,8
2021-09-02,rb1s,1,0.4836815893650055,8
2021-09-02,cl1s,1,0.47770893573760986,8
2021-09-03,cl1s,1,0.4633004069328308,8
2021-09-03,rb1s,0,0.4633004069328308,8
2021-09-07,rb1s,0,0.4653281271457672,8
2021-09-07,cl1s,1,0.4653281271457672,8
2021-09-08,rb1s,0,0.4653281271457672,8
2021-09-08,cl1s,1,0.4653281271457672,8
2021-09-09,rb1s,1,0.4653281271457672,8
2021-09-09,cl1s,1,0.4653281271457672,8
2021-09-10,rb1s,1,0.46963757276535034,8
2021-09-10,cl1s,1,0.4636826515197754,8
2021-09-13,cl1s,1,0.4674655795097351,8
2021-09-13,rb1s,1,0.46963757276535034,8
2021-09-14,rb1s,1,0.46963757276535034,8
2021-09-14,cl1s,1,0.4674655795097351,8
2021-09-15,rb1s,1,0.46963757276535034,8
2021-09-15,cl1s,1,0.46963757276535034,8
2021-09-16,rb1s,1,0.46963757276535034,8
2021-09-16,cl1s,1,0.46963757276535034,8
2021-09-17,cl1s,1,0.4836815893650055,8
2021-09-17,rb1s,1,0.47542768716812134,8
2021-09-20,cl1s,1,0.47741183638572693,8
2021-09-20,rb1s,1,0.47741183638572693,8
2021-09-21,rb1s,1,0.47741183638572693,8
2021-09-21,cl1s,1,0.47741183638572693,8
2021-09-22,cl1s,1,0.4789818227291107,8
2021-09-22,rb1s,1,0.48150351643562317,8
2021-09-23,rb1s,0,0.46799173951148987,8
2021-09-24,rb1s,1,0.4729088246822357,8
2021-09-27,rb1s,1,0.4748150706291199,8
2021-09-28,rb1s,1,0.479789674282074,8
2020-08-10,rb1s,1,0.47386905550956726,9
2020-08-11,rb1s,1,0.47386905550956726,9
2020-08-12,rb1s,1,0.4773229956626892,9
2020-08-13,rb1s,1,0.4773229956626892,9
2020-08-14,rb1s,1,0.4815163016319275,9
2020-08-17,rb1s,1,0.48532018065452576,9
2020-08-18,rb1s,1,0.4898625314235687,9
2020-08-19,rb1s,0,0.4895178973674774,9
2020-08-20,rb1s,0,0.48423174023628235,9
2020-08-21,rb1s,0,0.4796924889087677,9
2020-08-21,cl1s,0,0.5126301050186157,9
2020-08-24,cl1s,0,0.5126301050186157,9
2020-08-24,rb1s,0,0.4952057898044586,9
2020-08-25,cl1s,0,0.5096372961997986,9
2020-08-25,rb1s,0,0.4966537058353424,9
2020-08-26,rb1s,0,0.4966537058353424,9
2020-08-26,cl1s,0,0.5096372961997986,9
2020-08-27,rb1s,0,0.4780597388744354,9
2020-08-28,rb1s,0,0.4815163016319275,9
2020-08-31,rb1s,0,0.4895178973674774,9
2020-09-01,rb1s,0,0.4872010350227356,9
2020-09-01,cl1s,0,0.5027814507484436,9
2020-09-02,cl1s,0,0.5126301050186157,9
2020-09-02,rb1s,0,0.4773786962032318,9
2020-09-03,rb1s,0,0.4796924889087677,9
2020-09-04,rb1s,0,0.48314863443374634,9
2020-09-08,ho1s,1,0.5032564401626587,9
2020-09-08,rb1s,1,0.4789542555809021,9
2020-09-09,rb1s,1,0.4789542555809021,9
2020-09-10,rb1s,1,0.4789542555809021,9
2020-09-11,rb1s,1,0.4789542555809021,9
2020-09-14,rb1s,1,0.4789542555809021,9
2020-09-15,rb1s,1,0.47550052404403687,9
2020-09-16,rb1s,1,0.4796924889087677,9
2020-09-16,cl1s,0,0.499795526266098,9
2020-09-17,rb1s,0,0.4796924889087677,9
2020-09-18,rb1s,0,0.4796924889087677,9
2020-09-21,rb1s,1,0.47550052404403687,9
2020-09-21,cl1s,0,0.5126301050186157,9
2020-09-21,ho1s,1,0.499795526266098,9
2020-09-22,rb1s,1,0.47550052404403687,9
2020-09-22,ho1s,1,0.499795526266098,9
2020-09-22,cl1s,1,0.5126301050186157,9
2020-09-23,rb1s,1,0.47550052404403687,9
2020-09-23,ho1s,1,0.499795526266098,9
2020-09-23,cl1s,1,0.5126301050186157,9
2020-09-24,cl1s,1,0.5126301050186157,9
2020-09-24,ho1s,1,0.499795526266098,9
2020-09-24,ng1s,1,0.5126301050186157,9
2020-09-24,rb1s,1,0.47550052404403687,9
2020-09-25,rb1s,1,0.4834642708301544,9
2020-09-25,cl1s,1,0.5126301050186157,9
2020-09-25,ho1s,1,0.499795526266098,9
2020-09-28,rb1s,0,0.4858364760875702,9
2020-09-28,cl1s,0,0.5126301050186157,9
2020-09-29,ho1s,1,0.499795526266098,9
2020-09-29,cl1s,1,0.5126301050186157,9
2020-09-29,rb1s,1,0.4858364760875702,9
2020-09-30,rb1s,1,0.4858364760875702,9
2020-09-30,cl1s,1,0.5126301050186157,9
2020-09-30,ho1s,1,0.499795526266098,9
2020-10-01,cl1s,1,0.5074556469917297,9
2020-10-01,ho1s,1,0.499795526266098,9
2020-10-01,rb1s,1,0.4858364760875702,9
2020-10-02,ho1s,1,0.499795526266098,9
2020-10-02,cl1s,1,0.5126301050186157,9
2020-10-02,rb1s,1,0.4858364760875702,9
2020-10-05,rb1s,0,0.4858364760875702,9
2020-10-05,cl1s,1,0.5126301050186157,9
2020-10-06,rb1s,0,0.4858364760875702,9
2020-10-07,cl1s,0,0.5126301050186157,9
2020-10-07,rb1s,0,0.49003440141677856,9
2020-10-08,cl1s,0,0.5126301050186157,9
2020-10-08,rb1s,0,0.49003440141677856,9
2020-10-09,ng1s,0,0.5126301050186157,9
2020-10-09,rb1s,0,0.46825340390205383,9
2020-10-09,cl1s,0,0.5095569491386414,9
2020-10-12,rb1s,0,0.46825340390205383,9
2020-10-12,ng1s,0,0.5126301050186157,9
2020-10-12,cl1s,0,0.5095569491386414,9
2020-10-13,cl1s,0,0.48346593976020813,9
2020-10-13,rb1s,0,0.46825340390205383,9
2020-10-13,ng1s,0,0.5126301050186157,9
2020-10-14,cl1s,0,0.47829896211624146,9
2020-10-14,rb1s,0,0.46825340390205383,9
2020-10-14,ng1s,0,0.5126301050186157,9
2020-10-15,cl1s,0,0.49493080377578735,9
2020-10-15,rb1s,0,0.4796924889087677,9
2020-10-16,cl1s,0,0.49493080377578735,9
2020-10-16,rb1s,0,0.4796924889087677,9
2020-10-19,rb1s,0,0.48314863443374634,9
2020-10-19,cl1s,0,0.49493080377578735,9
2020-10-20,rb1s,0,0.4796924889087677,9
2020-10-20,cl1s,0,0.49493080377578735,9
2020-10-21,rb1s,0,0.48314863443374634,9
2020-10-21,cl1s,0,0.49493080377578735,9
2020-10-22,rb1s,0,0.49297773838043213,9
2020-10-22,cl1s,0,0.5006605982780457,9
2020-10-23,ho1s,0,0.5039958953857422,9
2020-10-23,cl1s,0,0.49493080377578735,9
2020-10-23,rb1s,0,0.48314863443374634,9
2020-10-26,ng1s,1,0.5126301050186157,9
2020-10-26,ho1s,1,0.5074563026428223,9
2020-10-26,cl1s,1,0.49493080377578735,9
2020-10-26,rb1s,1,0.48314863443374634,9
2020-10-27,rb1s,0,0.4796924889087677,9
2020-10-27,ng1s,1,0.5126301050186157,9
2020-10-27,ho1s,1,0.5039958953857422,9
2020-10-27,cl1s,0,0.49493080377578735,9
2020-10-28,rb1s,1,0.4675169587135315,9
2020-10-28,cl1s,1,0.48346593976020813,9
2020-10-29,cl1s,1,0.4719879627227783,9
2020-10-29,rb1s,1,0.4675169587135315,9
2020-10-29,ho1s,1,0.49782252311706543,9
2020-10-30,ho1s,1,0.5005269050598145,9
2020-10-30,rb1s,1,0.4675169587135315,9
2020-10-30,cl1s,1,0.4719879627227783,9
2020-11-02,cl1s,1,0.4719879627227783,9
2020-11-02,rb1s,1,0.4675169587135315,9
2020-11-03,cl1s,1,0.49493080377578735,9
2020-11-03,rb1s,1,0.47550052404403687,9
2020-11-04,cl1s,1,0.49493080377578735,9
2020-11-04,rb1s,1,0.47550052404403687,9
2020-11-05,rb1s,1,0.4675182104110718,9
2020-11-05,cl1s,1,0.48346593976020813,9
2020-11-06,cl1s,1,0.48346593976020813,9
2020-11-06,rb1s,1,0.46407219767570496,9
2020-11-09,cl1s,1,0.4869251251220703,9
2020-11-09,rb1s,1,0.47170311212539673,9
2020-11-10,cl1s,1,0.4869251251220703,9
2020-11-10,rb1s,1,0.47170311212539673,9
2020-11-11,rb1s,1,0.47170311212539673,9
2020-11-11,cl1s,1,0.4869251251220703,9
2020-11-12,rb1s,1,0.47170311212539673,9
2020-11-12,cl1s,1,0.4869251251220703,9
2020-11-13,cl1s,1,0.4869251251220703,9
2020-11-13,rb1s,1,0.47170311212539673,9
2020-11-16,rb1s,1,0.47170311212539673,9
2020-11-16,cl1s,1,0.4869251251220703,9
2020-11-17,rb1s,1,0.47170311212539673,9
2020-11-17,cl1s,1,0.4869251251220703,9
2020-11-18,rb1s,1,0.47170311212539673,9
2020-11-18,cl1s,1,0.4869251251220703,9
2020-11-19,rb1s,1,0.47170311212539673,9
2020-11-19,cl1s,1,0.4869251251220703,9
2020-11-20,rb1s,1,0.47170311212539673,9
2020-11-20,cl1s,1,0.4869251251220703,9
2020-11-23,rb1s,1,0.47170311212539673,9
2020-11-23,cl1s,1,0.4869251251220703,9
2020-11-24,cl1s,1,0.5011476874351501,9
2020-11-24,rb1s,1,0.49044474959373474,9
2020-11-25,rb1s,1,0.4966537058353424,9
2020-11-27,rb1s,1,0.48682165145874023,9
2020-11-30,rb1s,1,0.4966537058353424,9
2020-12-01,rb1s,1,0.4780597388744354,9
2020-12-01,cl1s,1,0.5122913122177124,9
2020-12-02,rb1s,1,0.4780597388744354,9
2020-12-02,cl1s,1,0.5122913122177124,9
2020-12-03,rb1s,1,0.4966537058353424,9
2020-12-03,cl1s,1,0.5122913122177124,9
2020-12-04,rb1s,1,0.4931918680667877,9
2020-12-04,cl1s,1,0.5122913122177124,9
2020-12-07,rb1s,1,0.4780597388744354,9
2020-12-07,cl1s,1,0.5122913122177124,9
2020-12-08,cl1s,1,0.5054365992546082,9
2020-12-08,rb1s,1,0.4780597388744354,9
2020-12-09,cl1s,1,0.5054365992546082,9
2020-12-09,rb1s,1,0.4931918680667877,9
2020-12-10,rb1s,1,0.4966537058353424,9
2020-12-11,rb1s,1,0.4966537058353424,9
2020-12-11,cl1s,1,0.5054365992546082,9
2020-12-14,rb1s,1,0.4931918680667877,9
2020-12-15,rb1s,1,0.4931918680667877,9
2020-12-16,rb1s,1,0.4966537058353424,9
2020-12-17,rb1s,0,0.4966537058353424,9
2020-12-18,rb1s,1,0.4966537058353424,9
2020-12-18,ho1s,0,0.49469685554504395,9
2020-12-21,ho1s,0,0.49049732089042664,9
2020-12-21,rb1s,1,0.48754557967185974,9
2020-12-22,rb1s,1,0.4773217439651489,9
2020-12-23,rb1s,1,0.4889928102493286,9
2020-12-24,rb1s,1,0.4889928102493286,9
2020-12-28,rb1s,1,0.47386905550956726,9
2020-12-29,rb1s,1,0.4889928102493286,9
2020-12-30,rb1s,1,0.4889928102493286,9
2020-12-31,rb1s,1,0.4889928102493286,9
2021-01-04,ho1s,1,0.4894134998321533,9
2021-01-04,rb1s,1,0.492118239402771,9
2021-01-04,cl1s,1,0.4927113652229309,9
2021-01-05,rb1s,1,0.49783846735954285,9
2021-01-05,cl1s,1,0.4927113652229309,9
2021-01-06,rb1s,0,0.49245381355285645,9
2021-01-06,cl1s,1,0.5123404264450073,9
2021-01-07,rb1s,0,0.49245381355285645,9
2021-01-07,cl1s,1,0.5123404264450073,9
2021-01-08,rb1s,0,0.4966537058353424,9
2021-01-08,cl1s,1,0.5123404264450073,9
2021-01-11,rb1s,0,0.4966537058353424,9
2021-01-11,cl1s,1,0.5123404264450073,9
2021-01-12,rb1s,0,0.49245381355285645,9
2021-01-13,rb1s,0,0.4966537058353424,9
2021-01-14,rb1s,1,0.4966537058353424,9
2021-01-15,rb1s,0,0.4912760853767395,9
2021-01-15,cl1s,1,0.5123404264450073,9
2021-01-19,cl1s,1,0.5123404264450073,9
2021-01-19,rb1s,0,0.4889928102493286,9
2021-01-20,cl1s,1,0.5123404264450073,9
2021-01-20,rb1s,0,0.4889928102493286,9
2021-01-21,cl1s,1,0.5054857134819031,9
2021-01-21,rb1s,0,0.4889928102493286,9
2021-01-22,rb1s,0,0.48278775811195374,9
2021-01-25,rb1s,0,0.4909028112888336,9
2021-01-26,rb1s,0,0.4909028112888336,9
2021-01-27,rb1s,0,0.48389631509780884,9
2021-01-28,rb1s,0,0.4805598258972168,9
2021-01-29,rb1s,0,0.47947731614112854,9
2021-02-01,rb1s,0,0.4805598258972168,9
2021-02-02,rb1s,0,0.4805598258972168,9
2021-02-03,rb1s,0,0.4867631793022156,9
2021-02-04,rb1s,0,0.48278775811195374,9
2021-02-04,cl1s,0,0.5153324007987976,9
2021-02-05,rb1s,0,0.4889928102493286,9
2021-02-05,cl1s,0,0.5123404264450073,9
2021-02-08,rb1s,0,0.4889928102493286,9
2021-02-08,cl1s,0,0.5123404264450073,9
2021-02-09,rb1s,0,0.4889928102493286,9
2021-02-09,cl1s,0,0.5153324007987976,9
2021-02-10,cl1s,0,0.5153324007987976,9
2021-02-10,rb1s,0,0.48278775811195374,9
2021-02-11,cl1s,0,0.5153324007987976,9
2021-02-11,rb1s,0,0.48278775811195374,9
2021-02-12,rb1s,0,0.49245381355285645,9
2021-02-12,cl1s,0,0.5123404264450073,9
2021-02-16,cl1s,0,0.5123404264450073,9
2021-02-16,ng1s,1,0.5123404264450073,9
2021-02-16,rb1s,0,0.49245381355285645,9
2021-02-17,rb1s,0,0.48624661564826965,9
2021-02-17,cl1s,0,0.5153324007987976,9
2021-02-18,rb1s,0,0.48624661564826965,9
2021-02-18,cl1s,0,0.5153324007987976,9
2021-02-19,cl1s,0,0.5153324007987976,9
2021-02-19,rb1s,0,0.48624661564826965,9
2021-02-22,cl1s,0,0.5153324007987976,9
2021-02-22,rb1s,0,0.48624661564826965,9
2021-02-23,rb1s,0,0.48624661564826965,9
2021-02-23,cl1s,0,0.5153324007987976,9
2021-02-24,cl1s,0,0.5153324007987976,9
2021-02-24,rb1s,0,0.48624661564826965,9
2021-02-25,cl1s,0,0.5131800174713135,9
2021-02-25,rb1s,0,0.4909028112888336,9
2021-02-26,rb1s,0,0.4938030540943146,9
2021-03-01,rb1s,0,0.4856858253479004,9
2020-08-10,rb1s,1,0.6290570497512817,10
2020-08-11,rb1s,1,0.6887082457542419,10
2020-08-12,rb1s,1,0.678279459476471,10
2020-08-13,rb1s,1,0.6840436458587646,10
2020-08-14,rb1s,1,0.5358709096908569,10
2020-08-17,rb1s,1,0.5328256487846375,10
2020-08-18,rb1s,1,0.535170316696167,10
2020-08-19,rb1s,0,0.5398983359336853,10
2020-08-20,rb1s,0,0.5226778388023376,10
2020-08-21,rb1s,0,0.5305077433586121,10
2020-08-21,cl1s,0,0.5445717573165894,10
2020-08-24,cl1s,0,0.5545141696929932,10
2020-08-24,rb1s,0,0.5222291350364685,10
2020-08-25,cl1s,0,0.549471378326416,10
2020-08-25,rb1s,0,0.5146356821060181,10
2020-08-26,rb1s,0,0.5352339148521423,10
2020-08-26,cl1s,0,0.5500771403312683,10
2020-08-27,rb1s,0,0.5435962080955505,10
2020-08-28,rb1s,0,0.53800368309021,10
2020-08-31,rb1s,0,0.5413742065429688,10
2020-09-01,rb1s,0,0.5415232181549072,10
2020-09-01,cl1s,0,0.5519067049026489,10
2020-09-02,cl1s,0,0.5457831025123596,10
2020-09-02,rb1s,0,0.5437451004981995,10
2020-09-03,rb1s,0,0.5437451004981995,10
2020-09-04,rb1s,0,0.5330443382263184,10
2020-09-08,ho1s,1,0.38080790638923645,10
2020-09-08,rb1s,1,0.37795883417129517,10
2020-09-09,rb1s,1,0.3701178729534149,10
2020-09-10,rb1s,1,0.5412159562110901,10
2020-09-11,rb1s,1,0.5412159562110901,10
2020-09-14,rb1s,1,0.5412159562110901,10
2020-09-15,rb1s,1,0.5412159562110901,10
2020-09-16,rb1s,1,0.547402560710907,10
2020-09-16,cl1s,0,0.5314802527427673,10
2020-09-17,rb1s,0,0.5406342148780823,10
2020-09-18,rb1s,0,0.5454193353652954,10
2020-09-21,rb1s,1,0.550574541091919,10
2020-09-21,cl1s,0,0.5436928272247314,10
2020-09-21,ho1s,1,0.536353588104248,10
2020-09-22,rb1s,1,0.5350804924964905,10
2020-09-22,ho1s,1,0.5294849872589111,10
2020-09-22,cl1s,1,0.5505301356315613,10
2020-09-23,rb1s,1,0.5382728576660156,10
2020-09-23,ho1s,1,0.5343568921089172,10
2020-09-23,cl1s,1,0.5440844297409058,10
2020-09-24,cl1s,1,0.5405058860778809,10
2020-09-24,ho1s,1,0.5311610698699951,10
2020-09-24,ng1s,1,0.6261858940124512,10
2020-09-24,rb1s,1,0.5382728576660156,10
2020-09-25,rb1s,1,0.5441761612892151,10
2020-09-25,cl1s,1,0.5405058860778809,10
2020-09-25,ho1s,1,0.5365250110626221,10
2020-09-28,rb1s,0,0.5411690473556519,10
2020-09-28,cl1s,0,0.5427283644676208,10
2020-09-29,ho1s,1,0.5365250110626221,10
2020-09-29,cl1s,1,0.5509207248687744,10
2020-09-29,rb1s,1,0.5440434217453003,10
2020-09-30,rb1s,1,0.5838727951049805,10
2020-09-30,cl1s,1,0.5886493921279907,10
2020-09-30,ho1s,1,0.5805624127388,10
2020-10-01,cl1s,1,0.5964558124542236,10
2020-10-01,ho1s,1,0.579491138458252,10
2020-10-01,rb1s,1,0.5860201716423035,10
2020-10-02,ho1s,1,0.5883176326751709,10
2020-10-02,cl1s,1,0.5974171757698059,10
2020-10-02,rb1s,1,0.5890573859214783,10
2020-10-05,rb1s,0,0.5963723659515381,10
2020-10-05,cl1s,1,0.5960291028022766,10
2020-10-06,rb1s,0,0.3981449604034424,10
2020-10-07,cl1s,0,0.3879828453063965,10
2020-10-07,rb1s,0,0.40744027495384216,10
2020-10-08,cl1s,0,0.3879828453063965,10
2020-10-08,rb1s,0,0.40015584230422974,10
2020-10-09,ng1s,0,0.5278497934341431,10
2020-10-09,rb1s,0,0.41629916429519653,10
2020-10-09,cl1s,0,0.4013448655605316,10
2020-10-12,rb1s,0,0.4295594096183777,10
2020-10-12,ng1s,0,0.539465606212616,10
2020-10-12,cl1s,0,0.40126869082450867,10
2020-10-13,cl1s,0,0.4125696122646332,10
2020-10-13,rb1s,0,0.43282511830329895,10
2020-10-13,ng1s,0,0.5323451161384583,10
2020-10-14,cl1s,0,0.40049445629119873,10
2020-10-14,rb1s,0,0.4302547574043274,10
2020-10-14,ng1s,0,0.5406613945960999,10
2020-10-15,cl1s,0,0.41773369908332825,10
2020-10-15,rb1s,0,0.4271741211414337,10
2020-10-16,cl1s,0,0.5903996229171753,10
2020-10-16,rb1s,0,0.5908269882202148,10
2020-10-19,rb1s,0,0.6119711399078369,10
2020-10-19,cl1s,0,0.6090708374977112,10
2020-10-20,rb1s,0,0.6168558597564697,10
2020-10-20,cl1s,0,0.60228431224823,10
2020-10-21,rb1s,0,0.6187349557876587,10
2020-10-21,cl1s,0,0.6134596467018127,10
2020-10-22,rb1s,0,0.6168558597564697,10
2020-10-22,cl1s,0,0.6109836101531982,10
2020-10-23,ho1s,0,0.578066885471344,10
2020-10-23,cl1s,0,0.6134596467018127,10
2020-10-23,rb1s,0,0.6192244291305542,10
2020-10-26,ng1s,1,0.4640914499759674,10
2020-10-26,ho1s,1,0.5730702877044678,10
2020-10-26,cl1s,1,0.605757474899292,10
2020-10-26,rb1s,1,0.609552800655365,10
2020-10-27,rb1s,0,0.5895181894302368,10
2020-10-27,ng1s,1,0.46354910731315613,10
2020-10-27,ho1s,1,0.5630648136138916,10
2020-10-27,cl1s,0,0.5835448503494263,10
2020-10-28,rb1s,1,0.574478030204773,10
2020-10-28,cl1s,1,0.5666602849960327,10
2020-10-29,cl1s,1,0.5831835269927979,10
2020-10-29,rb1s,1,0.5860974788665771,10
2020-10-29,ho1s,1,0.579049289226532,10
2020-10-30,ho1s,1,0.5821670293807983,10
2020-10-30,rb1s,1,0.5941390991210938,10
2020-10-30,cl1s,1,0.5892868638038635,10
2020-11-02,cl1s,1,0.5978676676750183,10
2020-11-02,rb1s,1,0.5954218506813049,10
2020-11-03,cl1s,1,0.5861068964004517,10
2020-11-03,rb1s,1,0.5949363708496094,10
2020-11-04,cl1s,1,0.7661004662513733,10
2020-11-04,rb1s,1,0.7633508443832397,10
2020-11-05,rb1s,1,0.7678619623184204,10
2020-11-05,cl1s,1,0.7705749869346619,10
2020-11-06,cl1s,1,0.6136008501052856,10
2021-03-02,rb1s,0,0.24774762988090515,10
2021-03-03,rb1s,0,0.24649356305599213,10
2021-03-04,rb1s,0,0.25669315457344055,10
2021-03-05,cl1s,1,0.29099199175834656,10
2021-03-05,rb1s,1,0.2567315399646759,10
2021-03-08,rb1s,1,0.2614806890487671,10
2021-03-08,cl1s,1,0.2823370695114136,10
2021-03-09,rb1s,1,0.2681552469730377,10
2021-03-10,rb1s,1,0.2894171476364136,10
2021-03-11,rb1s,1,0.2795836329460144,10
2021-03-12,rb1s,1,0.268117755651474,10
2021-03-15,rb1s,1,0.2955387830734253,10
2021-03-16,rb1s,1,0.29727402329444885,10
2021-03-17,rb1s,1,0.2911219596862793,10
2021-03-18,rb1s,1,0.24513663351535797,10
2021-03-19,rb1s,1,0.3888947069644928,10
2021-03-22,rb1s,1,0.42047393321990967,10
2021-03-23,rb1s,0,0.32110312581062317,10
2021-03-24,rb1s,0,0.37333422899246216,10
2021-03-25,rb1s,1,0.38909852504730225,10
2021-03-26,rb1s,1,0.2863331437110901,10
2021-03-29,rb1s,1,0.28994837403297424,10
2021-03-30,rb1s,0,0.28117385506629944,10
2021-03-31,rb1s,0,0.2897084057331085,10
2021-04-01,rb1s,0,0.2696557641029358,10
2021-04-05,rb1s,0,0.28827357292175293,10
2021-04-06,rb1s,0,0.28569045662879944,10
2021-04-07,rb1s,0,0.3627980053424835,10
2021-04-08,rb1s,0,0.3277614414691925,10
2021-04-09,rb1s,0,0.3529822528362274,10
2021-04-12,rb1s,0,0.36441725492477417,10
2021-04-13,rb1s,0,0.44272106885910034,10
2021-04-14,rb1s,0,0.4830610454082489,10
2021-04-15,cl1s,1,0.7354528903961182,10
2021-04-15,rb1s,0,0.48379796743392944,10
2021-04-16,cl1s,1,0.5527670979499817,10
2021-04-16,rb1s,0,0.40395644307136536,10
2021-04-19,cl1s,1,0.557224690914154,10
2021-04-19,rb1s,0,0.39269620180130005,10
2021-04-20,rb1s,0,0.29902350902557373,10
2021-04-20,cl1s,1,0.5552794933319092,10
2021-04-21,rb1s,0,0.39299875497817993,10
2021-04-21,cl1s,1,0.7214088439941406,10
2021-04-22,rb1s,0,0.38076648116111755,10
2021-04-22,cl1s,1,0.7550197243690491,10
2021-04-23,rb1s,0,0.5500707626342773,10
2021-04-23,cl1s,1,0.7460054159164429,10
2021-04-26,cl1s,1,0.7550598978996277,10
2021-04-26,rb1s,0,0.37397846579551697,10
2021-04-27,cl1s,1,0.7553038001060486,10
2021-04-27,rb1s,0,0.48618850111961365,10
2021-04-28,cl1s,1,0.7461745142936707,10
2021-04-28,rb1s,0,0.4913477897644043,10
2021-04-29,rb1s,1,0.44120362401008606,10
2021-04-29,cl1s,0,0.7481779456138611,10
2021-04-30,cl1s,1,0.6857004165649414,10
2021-04-30,rb1s,0,0.521294355392456,10
2021-05-03,cl1s,1,0.7031469941139221,10
2021-05-03,rb1s,1,0.6452749371528625,10
2021-05-04,cl1s,0,0.6736268401145935,10
2021-05-04,rb1s,0,0.4257613718509674,10
2021-05-05,rb1s,1,0.4692924916744232,10
2021-05-05,cl1s,0,0.6720142960548401,10
2021-05-06,rb1s,1,0.4499720335006714,10
2021-05-07,rb1s,1,0.4631502628326416,10
2021-05-10,rb1s,1,0.4308262765407562,10
2021-05-11,rb1s,1,0.3429395854473114,10
2021-05-12,rb1s,1,0.49031540751457214,10
2021-05-12,cl1s,1,0.696074366569519,10
2021-05-13,rb1s,1,0.667962908744812,10
2021-05-14,rb1s,1,0.47798389196395874,10
2021-05-14,cl1s,1,0.5092900991439819,10
2021-05-17,cl1s,1,0.5226628184318542,10
2021-05-17,rb1s,1,0.4780876338481903,10
2021-05-18,rb1s,1,0.47496137022972107,10
2021-05-19,rb1s,1,0.49726569652557373,10
2021-05-19,cl1s,1,0.5184258222579956,10
2021-05-20,cl1s,1,0.507953941822052,10
2021-05-20,rb1s,1,0.49092382192611694,10
2021-05-21,cl1s,1,0.5123025178909302,10
2021-05-21,rb1s,1,0.5031097531318665,10
2021-05-24,cl1s,1,0.5232530832290649,10
2021-05-24,rb1s,0,0.3861318528652191,10
2021-05-25,cl1s,1,0.5210193395614624,10
2021-05-25,rb1s,0,0.46883177757263184,10
2021-05-26,rb1s,0,0.5197109580039978,10
2021-05-26,cl1s,1,0.5187036991119385,10
2021-05-27,cl1s,1,0.5209462642669678,10
2021-05-27,rb1s,0,0.5255064964294434,10
2021-05-28,cl1s,1,0.7083789110183716,10
2021-05-28,rb1s,0,0.49630802869796753,10
2021-06-01,cl1s,1,0.6958629488945007,10
2021-06-01,rb1s,0,0.5293884873390198,10
2021-06-02,cl1s,1,0.6918445825576782,10
2021-06-02,rb1s,1,0.54255211353302,10
2021-06-03,cl1s,1,0.676050066947937,10
2021-06-03,rb1s,1,0.54255211353302,10
2021-06-04,rb1s,1,0.538673460483551,10
2021-06-04,cl1s,1,0.6955668926239014,10
2021-06-07,cl1s,1,0.7045387029647827,10
2021-06-07,rb1s,0,0.5214090943336487,10
2021-06-08,rb1s,0,0.509981095790863,10
2021-06-08,cl1s,1,0.6933164596557617,10
2021-06-09,rb1s,0,0.5027850270271301,10
2021-06-09,cl1s,1,0.6739595532417297,10
2021-06-10,rb1s,0,0.5268352627754211,10
2021-06-10,cl1s,1,0.686342179775238,10
2021-06-11,rb1s,0,0.3172528147697449,10
2021-06-14,rb1s,0,0.37281733751296997,10
2021-06-15,rb1s,0,0.37480345368385315,10
2021-06-15,cl1s,1,0.6722635626792908,10
2021-06-16,rb1s,0,0.37970051169395447,10
2021-06-16,cl1s,1,0.6472070217132568,10
2021-06-17,rb1s,0,0.37721070647239685,10
2021-06-17,cl1s,1,0.6402465105056763,10
2021-06-17,ho1s,1,0.6092590093612671,10
2021-06-18,cl1s,1,0.43688592314720154,10
2021-06-18,rb1s,0,0.3218834400177002,10
2021-06-21,rb1s,0,0.3068326711654663,10
2021-06-21,cl1s,1,0.3623947501182556,10
2021-06-22,rb1s,1,0.5120992660522461,10
2021-06-22,cl1s,0,0.5862007737159729,10
2021-06-23,rb1s,1,0.48553571105003357,10
2021-06-24,rb1s,0,0.47897908091545105,10
2021-06-24,cl1s,1,0.6008275747299194,10
2021-06-25,rb1s,0,0.5296779274940491,10
2020-08-10,rb1s,1,0.6880618333816528,11
2020-08-11,rb1s,1,0.6966504454612732,11
2020-08-12,rb1s,1,0.6626376509666443,11
2020-08-13,rb1s,1,0.6930704116821289,11
2020-08-14,rb1s,1,0.47688692808151245,11
2020-08-17,rb1s,1,0.4793418049812317,11
2020-08-18,rb1s,1,0.4788733422756195,11
2020-08-19,rb1s,0,0.5143059492111206,11
2020-08-20,rb1s,0,0.5167542099952698,11
2020-08-21,rb1s,0,0.5082225799560547,11
2020-08-21,cl1s,0,0.516838014125824,11
2020-08-24,cl1s,0,0.5187219977378845,11
2020-08-24,rb1s,0,0.5197899341583252,11
2020-08-25,cl1s,0,0.5178861618041992,11
2020-08-25,rb1s,0,0.520526111125946,11
2020-08-26,rb1s,0,0.5449528694152832,11
2020-08-26,cl1s,0,0.5046459436416626,11
2020-08-27,rb1s,0,0.5408743023872375,11
2020-08-28,rb1s,0,0.5416484475135803,11
2020-08-31,rb1s,0,0.5280300974845886,11
2020-09-01,rb1s,0,0.5286424160003662,11
2020-09-01,cl1s,0,0.505754292011261,11
2020-09-02,cl1s,0,0.4736035466194153,11
2020-09-02,rb1s,0,0.5309615135192871,11
2020-09-03,rb1s,0,0.528249979019165,11
2020-09-04,rb1s,0,0.5340293645858765,11
2020-09-08,ho1s,1,0.4938700497150421,11
2020-09-08,rb1s,1,0.444241464138031,11
2020-09-09,rb1s,1,0.44133490324020386,11
2020-09-10,rb1s,1,0.49707984924316406,11
2020-09-11,rb1s,1,0.5060815215110779,11
2020-09-14,rb1s,1,0.5011874437332153,11
2020-09-15,rb1s,1,0.5045871734619141,11
2020-09-16,rb1s,1,0.5378189086914062,11
2020-09-16,cl1s,0,0.5218634009361267,11
2020-09-17,rb1s,0,0.5531266927719116,11
2020-09-18,rb1s,0,0.5592836737632751,11
2020-09-21,rb1s,1,0.505039632320404,11
2020-09-21,cl1s,0,0.5509170293807983,11
2020-09-21,ho1s,1,0.5058427453041077,11
2020-09-22,rb1s,1,0.4908994734287262,11
2020-09-22,ho1s,1,0.5022516250610352,11
2020-09-22,cl1s,1,0.5182157158851624,11
2020-09-23,rb1s,1,0.49527645111083984,11
2020-09-23,ho1s,1,0.5229387879371643,11
2020-09-23,cl1s,1,0.5198726058006287,11
2020-09-24,cl1s,1,0.5142917633056641,11
2020-09-24,ho1s,1,0.5163198113441467,11
2020-09-24,ng1s,1,0.5914958715438843,11
2020-09-24,rb1s,1,0.5012193918228149,11
2020-09-25,rb1s,1,0.4991624057292938,11
2020-09-25,cl1s,1,0.5112331509590149,11
2020-09-25,ho1s,1,0.5055603384971619,11
2020-09-28,rb1s,0,0.49873897433280945,11
2020-09-28,cl1s,0,0.5017425417900085,11
2020-09-29,ho1s,1,0.5105262994766235,11
2020-09-29,cl1s,1,0.5126596689224243,11
2020-09-29,rb1s,1,0.49481135606765747,11
2020-09-30,rb1s,1,0.5398483276367188,11
2020-09-30,cl1s,1,0.552799642086029,11
2020-09-30,ho1s,1,0.5538440346717834,11
2020-10-01,cl1s,1,0.5738369226455688,11
2020-10-01,ho1s,1,0.5533835887908936,11
2020-10-01,rb1s,1,0.5368101000785828,11
2020-10-02,ho1s,1,0.5882789492607117,11
2020-10-02,cl1s,1,0.5834251642227173,11
2020-10-02,rb1s,1,0.5478847026824951,11
2020-10-05,rb1s,0,0.5846078395843506,11
2020-10-05,cl1s,1,0.61809903383255,11
2020-10-06,rb1s,0,0.5112082958221436,11
2020-10-07,cl1s,0,0.5116187930107117,11
2020-10-07,rb1s,0,0.5586703419685364,11
2020-10-08,cl1s,0,0.5134201645851135,11
2020-10-08,rb1s,0,0.5455711483955383,11
2020-10-09,ng1s,0,0.562282383441925,11
2020-10-09,rb1s,0,0.5619031190872192,11
2020-10-09,cl1s,0,0.5126075744628906,11
2020-10-12,rb1s,0,0.5555497407913208,11
2020-10-12,ng1s,0,0.6521363854408264,11
2020-10-12,cl1s,0,0.5100508332252502,11
2020-10-13,cl1s,0,0.5601545572280884,11
2020-10-13,rb1s,0,0.5697789192199707,11
2020-10-13,ng1s,0,0.6532122492790222,11
2020-10-14,cl1s,0,0.5702483057975769,11
2020-10-14,rb1s,0,0.5782140493392944,11
2020-10-14,ng1s,0,0.6640969514846802,11
2020-10-15,cl1s,0,0.5738809108734131,11
2020-10-15,rb1s,0,0.5697789192199707,11
2020-10-16,cl1s,0,0.762865424156189,11
2020-10-16,rb1s,0,0.7410305142402649,11
2020-10-19,rb1s,0,0.7406681180000305,11
2020-10-19,cl1s,0,0.7614473700523376,11
2020-10-20,rb1s,0,0.7580044865608215,11
2020-10-20,cl1s,0,0.7540198564529419,11
2020-10-21,rb1s,0,0.7479732036590576,11
2020-10-21,cl1s,0,0.7728360891342163,11
2020-10-22,rb1s,0,0.7479732036590576,11
2020-10-22,cl1s,0,0.7738508582115173,11
2020-10-23,ho1s,0,0.7670687437057495,11
2020-10-23,cl1s,0,0.7789947390556335,11
2020-10-23,rb1s,0,0.7757390141487122,11
2020-10-26,ng1s,1,0.3351728916168213,11
2020-10-26,ho1s,1,0.7657384872436523,11
2020-10-26,cl1s,1,0.7642396688461304,11
2020-10-26,rb1s,1,0.7728176116943359,11
2020-10-27,rb1s,0,0.7763411402702332,11
2020-10-27,ng1s,1,0.3310267925262451,11
2020-10-27,ho1s,1,0.7805755138397217,11
2020-10-27,cl1s,0,0.7718539834022522,11
2020-10-28,rb1s,1,0.728935182094574,11
2020-10-28,cl1s,1,0.7313293218612671,11
2020-10-29,cl1s,1,0.7520633339881897,11
2020-10-29,rb1s,1,0.7252947688102722,11
2020-10-29,ho1s,1,0.7408161759376526,11
2020-10-30,ho1s,1,0.7321632504463196,11
2020-10-30,rb1s,1,0.7206345200538635,11
2020-10-30,cl1s,1,0.7299712896347046,11
2020-11-02,cl1s,1,0.7479367256164551,11
2020-11-02,rb1s,1,0.7285239696502686,11
2020-11-03,cl1s,1,0.7449050545692444,11
2020-11-03,rb1s,1,0.7160474061965942,11
2020-11-04,cl1s,1,0.8096628189086914,11
2020-11-04,rb1s,1,0.7797760963439941,11
2020-11-05,rb1s,1,0.7756047248840332,11
2020-11-05,cl1s,1,0.7965632081031799,11
2020-11-06,cl1s,1,0.6161467432975769,11
2021-06-25,cl1s,1,0.6584023237228394,11
2021-06-28,rb1s,0,0.2626625597476959,11
2021-06-28,ho1s,1,0.6841893792152405,11
2021-06-28,cl1s,1,0.7079702615737915,11
2021-06-29,rb1s,0,0.31059229373931885,11
2021-06-29,cl1s,1,0.6867834329605103,11
2021-06-29,ho1s,1,0.6830388903617859,11
2021-06-30,cl1s,0,0.6700328588485718,11
2021-06-30,rb1s,0,0.30307474732398987,11
2021-07-01,cl1s,0,0.5884690880775452,11
2021-07-01,rb1s,1,0.26610106229782104,11
2021-07-02,rb1s,1,0.2512986361980438,11
2021-07-02,cl1s,0,0.41329291462898254,11
2021-07-06,rb1s,1,0.23078326880931854,11
2021-07-06,cl1s,0,0.4233261048793793,11
2021-07-07,rb1s,0,0.22748129069805145,11
2021-07-07,ho1s,0,0.37823227047920227,11
2021-07-07,cl1s,0,0.3813701272010803,11
2021-07-08,rb1s,0,0.43304377794265747,11
2021-07-08,ho1s,0,0.39005932211875916,11
2021-07-08,cl1s,0,0.39079803228378296,11
2021-07-09,cl1s,0,0.39915019273757935,11
2021-07-09,rb1s,1,0.5296658873558044,11
2021-07-12,cl1s,0,0.4010549485683441,11
2021-07-12,rb1s,1,0.5555588603019714,11
2021-07-13,cl1s,0,0.39413371682167053,11
2021-07-13,rb1s,1,0.5560770034790039,11
2021-07-14,rb1s,1,0.5497360229492188,11
2021-07-14,cl1s,0,0.4072911739349365,11
2021-07-15,rb1s,0,0.5262961387634277,11
2021-07-15,cl1s,0,0.42181700468063354,11
2021-07-16,cl1s,0,0.6226882934570312,11
2021-07-16,rb1s,0,0.5052090287208557,11
2021-07-19,rb1s,1,0.5505265593528748,11
2021-07-19,cl1s,1,0.6176537275314331,11
2021-07-20,rb1s,1,0.591097354888916,11
2021-07-20,cl1s,1,0.6368586421012878,11
2021-07-21,rb1s,1,0.5883159637451172,11
2021-07-21,cl1s,0,0.6606636643409729,11
2021-07-22,rb1s,1,0.593494176864624,11
2021-07-22,cl1s,0,0.6605325937271118,11
2021-07-23,cl1s,0,0.4421638250350952,11
2021-07-23,rb1s,0,0.38899344205856323,11
2021-07-26,rb1s,0,0.3886640965938568,11
2021-07-26,cl1s,0,0.4277970492839813,11
2021-07-27,rb1s,0,0.38312312960624695,11
2021-07-27,cl1s,0,0.4278625547885895,11
2021-07-28,cl1s,0,0.43960243463516235,11
2021-07-28,rb1s,1,0.3992782533168793,11
2021-07-29,cl1s,0,0.4228608012199402,11
2021-07-29,rb1s,0,0.38160163164138794,11
2021-07-30,cl1s,0,0.42587006092071533,11
2021-07-30,rb1s,0,0.38805484771728516,11
2021-08-02,rb1s,0,0.3891904950141907,11
2021-08-02,cl1s,0,0.44960135221481323,11
2021-08-03,cl1s,0,0.4520519971847534,11
2021-08-03,rb1s,0,0.3987405598163605,11
2021-08-04,cl1s,0,0.44557279348373413,11
2021-08-04,rb1s,0,0.3971879184246063,11
2021-08-05,rb1s,0,0.410968154668808,11
2021-08-05,cl1s,0,0.42870238423347473,11
2021-08-06,rb1s,0,0.419029176235199,11
2021-08-06,cl1s,0,0.4528290927410126,11
2021-08-09,cl1s,0,0.44794198870658875,11
2021-08-09,rb1s,0,0.4073883295059204,11
2021-08-10,rb1s,0,0.41334545612335205,11
2021-08-10,cl1s,0,0.45616063475608826,11
2021-08-11,cl1s,0,0.4623430371284485,11
2021-08-11,rb1s,0,0.41500791907310486,11
2021-08-12,cl1s,0,0.5153068900108337,11
2021-08-12,rb1s,0,0.4646662175655365,11
2021-08-13,rb1s,0,0.4588564336299896,11
2021-08-13,cl1s,1,0.5011774301528931,11
2021-08-16,rb1s,0,0.4478408396244049,11
2021-08-16,cl1s,1,0.4653019607067108,11
2021-08-17,cl1s,1,0.46474745869636536,11
2021-08-17,rb1s,1,0.44647881388664246,11
2021-08-18,cl1s,1,0.4560289978981018,11
2021-08-18,rb1s,1,0.4430643320083618,11
2021-08-19,cl1s,1,0.4536314904689789,11
2021-08-19,rb1s,1,0.43324264883995056,11
2021-08-20,cl1s,1,0.4616425335407257,11
2021-08-20,rb1s,1,0.4117892384529114,11
2021-08-23,cl1s,1,0.4442722797393799,11
2021-08-23,rb1s,1,0.4019838869571686,11
2021-08-24,rb1s,1,0.4024749994277954,11
2021-08-24,cl1s,1,0.44628801941871643,11
2021-08-25,rb1s,0,0.4169436991214752,11
2021-08-25,cl1s,0,0.45129531621932983,11
2021-08-26,cl1s,1,0.4391527473926544,11
2021-08-26,rb1s,1,0.4094536602497101,11
2021-08-27,cl1s,1,0.6960286498069763,11
2021-08-27,rb1s,1,0.6874542236328125,11
2021-08-30,rb1s,1,0.6477961540222168,11
2021-08-30,cl1s,1,0.6772730946540833,11
2021-08-31,cl1s,1,0.7177953124046326,11
2021-08-31,rb1s,1,0.6643173098564148,11
2021-09-01,rb1s,1,0.6640396118164062,11
2021-09-01,cl1s,1,0.7007854580879211,11
2021-09-02,rb1s,1,0.6958821415901184,11
2021-09-02,cl1s,1,0.7042436599731445,11
2021-09-03,cl1s,1,0.49211153388023376,11
2021-09-03,rb1s,0,0.44880610704421997,11
2021-09-07,rb1s,0,0.4572301208972931,11
2021-09-07,cl1s,1,0.47896847128868103,11
2021-09-08,rb1s,0,0.4431646168231964,11
2021-09-08,cl1s,1,0.4610748589038849,11
2021-09-09,rb1s,1,0.44373294711112976,11
2021-09-09,cl1s,1,0.4648891091346741,11
2021-09-10,rb1s,1,0.45271724462509155,11
2021-09-10,cl1s,1,0.4623797833919525,11
2021-09-13,cl1s,1,0.4708458185195923,11
2021-09-13,rb1s,1,0.46412694454193115,11
2021-09-14,rb1s,1,0.4605642259120941,11
2021-09-14,cl1s,1,0.47025036811828613,11
2021-09-15,rb1s,1,0.46148180961608887,11
2021-09-15,cl1s,1,0.4750778377056122,11
2021-09-16,rb1s,1,0.45436015725135803,11
2021-09-16,cl1s,1,0.47966131567955017,11
2021-09-17,cl1s,1,0.6844874024391174,11
2021-09-17,rb1s,1,0.6539439558982849,11
2021-09-20,cl1s,1,0.6797122955322266,11
2021-09-20,rb1s,1,0.6101410388946533,11
2021-09-21,rb1s,1,0.6334866881370544,11
2021-09-21,cl1s,1,0.6768153309822083,11
2021-09-22,cl1s,1,0.6198115944862366,11
2021-09-22,rb1s,1,0.5981285572052002,11
2021-09-23,rb1s,0,0.32118794322013855,11
2021-09-24,rb1s,1,0.6709582209587097,11
2021-09-27,rb1s,1,0.6559237241744995,11
2021-09-28,rb1s,1,0.6094951033592224,11
2020-11-06,rb1s,1,0.5002452731132507,12
2020-11-09,cl1s,1,0.4897698760032654,12
2020-11-09,rb1s,1,0.4775877296924591,12
2020-11-10,cl1s,1,0.4728330075740814,12
2020-11-10,rb1s,1,0.46807897090911865,12
2020-11-11,rb1s,1,0.46807897090911865,12
2020-11-11,cl1s,1,0.4728330075740814,12
2020-11-12,rb1s,1,0.4843069911003113,12
2020-11-12,cl1s,1,0.48687195777893066,12
2020-11-13,cl1s,1,0.5002452731132507,12
2020-11-13,rb1s,1,0.5002452731132507,12
2020-11-16,rb1s,1,0.4973852336406708,12
2020-11-16,cl1s,1,0.4838651716709137,12
2020-11-17,rb1s,1,0.49057886004447937,12
2020-11-17,cl1s,1,0.4838651716709137,12
2020-11-18,rb1s,1,0.47454598546028137,12
2020-11-18,cl1s,1,0.48382577300071716,12
2020-11-19,rb1s,1,0.47458526492118835,12
2020-11-19,cl1s,1,0.4838651716709137,12
2020-11-20,rb1s,1,0.473088800907135,12
2020-11-20,cl1s,1,0.48382577300071716,12
2020-11-23,rb1s,1,0.4744148850440979,12
2020-11-23,cl1s,1,0.4838651716709137,12
2020-11-24,cl1s,1,0.4838651716709137,12
2020-11-24,rb1s,1,0.4744148850440979,12
2020-11-25,rb1s,1,0.4744148850440979,12
2020-11-27,rb1s,1,0.47166386246681213,12
2020-11-30,rb1s,1,0.47166386246681213,12
2020-12-01,rb1s,1,0.4880325496196747,12
2020-12-01,cl1s,1,0.4838651716709137,12
2020-12-02,rb1s,1,0.47153618931770325,12
2020-12-02,cl1s,1,0.47848230600357056,12
2020-12-03,rb1s,1,0.47206372022628784,12
2020-12-03,cl1s,1,0.4838651716709137,12
2020-12-04,rb1s,1,0.47153618931770325,12
2020-12-04,cl1s,1,0.47848230600357056,12
2020-12-07,rb1s,1,0.4691389501094818,12
2020-12-07,cl1s,1,0.4661545753479004,12
2020-12-08,cl1s,1,0.4661545753479004,12
2020-12-08,rb1s,1,0.4691389501094818,12
2020-12-09,cl1s,1,0.4661545753479004,12
2020-12-09,rb1s,1,0.4691389501094818,12
2020-12-10,rb1s,1,0.4691389501094818,12
2020-12-11,rb1s,1,0.4691389501094818,12
2020-12-11,cl1s,1,0.4661545753479004,12
2020-12-14,rb1s,1,0.4691389501094818,12
2020-12-15,rb1s,1,0.4691389501094818,12
2020-12-16,rb1s,1,0.4691389501094818,12
2020-12-17,rb1s,0,0.47166386246681213,12
2020-12-18,rb1s,1,0.47166386246681213,12
2020-12-18,ho1s,0,0.47166386246681213,12
2020-12-21,ho1s,0,0.4736533761024475,12
2020-12-21,rb1s,1,0.4690997004508972,12
2020-12-22,rb1s,1,0.4939393699169159,12
2020-12-23,rb1s,1,0.4746645390987396,12
2020-12-24,rb1s,1,0.47166386246681213,12
2020-12-28,rb1s,1,0.4693140685558319,12
2020-12-29,rb1s,1,0.4718249440193176,12
2020-12-30,rb1s,1,0.4661545753479004,12
2020-12-31,rb1s,1,0.4661545753479004,12
2021-01-04,ho1s,1,0.47654563188552856,12
2021-01-04,rb1s,1,0.4690026044845581,12
2021-01-04,cl1s,1,0.4690026044845581,12
2021-01-05,rb1s,1,0.4661545753479004,12
2021-01-05,cl1s,1,0.47061553597450256,12
2021-01-06,rb1s,0,0.4746645390987396,12
2021-01-06,cl1s,1,0.48687195777893066,12
2021-01-07,rb1s,0,0.4786449074745178,12
2021-01-07,cl1s,1,0.48600029945373535,12
2021-01-08,rb1s,0,0.47166386246681213,12
2021-01-08,cl1s,1,0.4838651716709137,12
2021-01-11,rb1s,0,0.47625279426574707,12
2021-01-11,cl1s,1,0.4732635021209717,12
2021-01-12,rb1s,0,0.47625279426574707,12
2021-01-13,rb1s,0,0.47625279426574707,12
2021-01-14,rb1s,1,0.47625279426574707,12
2021-01-15,rb1s,0,0.47475579380989075,12
2021-01-15,cl1s,1,0.4732242226600647,12
2021-01-19,cl1s,1,0.4732635021209717,12
2021-01-19,rb1s,0,0.47933337092399597,12
2021-01-20,cl1s,1,0.4869113564491272,12
2021-01-20,rb1s,0,0.4723524749279022,12
2021-01-21,cl1s,1,0.4869113564491272,12
2021-01-21,rb1s,0,0.4723524749279022,12
2021-01-22,rb1s,0,0.47753655910491943,12
2021-01-25,rb1s,0,0.47085675597190857,12
2021-01-26,rb1s,0,0.4723524749279022,12
2021-01-27,rb1s,0,0.47219645977020264,12
2021-01-28,rb1s,0,0.47219645977020264,12
2021-01-29,rb1s,0,0.47219645977020264,12
2021-02-01,rb1s,0,0.4748453199863434,12
2021-02-02,rb1s,0,0.4748453199863434,12
2021-02-03,rb1s,0,0.4763423502445221,12
2021-02-04,rb1s,0,0.4763423502445221,12
2021-02-04,cl1s,0,0.4732635021209717,12
2021-02-05,rb1s,0,0.4763423502445221,12
2021-02-05,cl1s,0,0.4763423502445221,12
2021-02-08,rb1s,0,0.47668221592903137,12
2021-02-08,cl1s,0,0.4736926555633545,12
2021-02-09,rb1s,0,0.47668221592903137,12
2021-02-09,cl1s,0,0.4736926555633545,12
2021-02-10,cl1s,0,0.4736926555633545,12
2021-02-10,rb1s,0,0.47668221592903137,12
2021-02-11,cl1s,0,0.4736926555633545,12
2021-02-11,rb1s,0,0.47668221592903137,12
2021-02-12,rb1s,0,0.47668221592903137,12
2021-02-12,cl1s,0,0.4736926555633545,12
2021-02-16,cl1s,0,0.4736926555633545,12
2021-02-16,ng1s,1,0.4725809097290039,12
2021-02-16,rb1s,0,0.47668221592903137,12
2021-02-17,rb1s,0,0.47933337092399597,12
2021-02-17,cl1s,0,0.4763423502445221,12
2021-02-18,rb1s,0,0.47668221592903137,12
2021-02-18,cl1s,0,0.4736926555633545,12
2021-02-19,cl1s,0,0.4736926555633545,12
2021-02-19,rb1s,0,0.4736926555633545,12
2021-02-22,cl1s,0,0.4736926555633545,12
2021-02-22,rb1s,0,0.4736926555633545,12
2021-02-23,rb1s,0,0.4736926555633545,12
2021-02-23,cl1s,0,0.4736926555633545,12
2021-02-24,cl1s,0,0.4736926555633545,12
2021-02-24,rb1s,0,0.4736926555633545,12
2021-02-25,cl1s,0,0.4736926555633545,12
2021-02-25,rb1s,0,0.4736926555633545,12
2021-02-26,rb1s,0,0.4743097424507141,12
2021-03-01,rb1s,0,0.4743097424507141,12
2021-03-02,rb1s,0,0.4743097424507141,12
2021-03-03,rb1s,0,0.4743097424507141,12
2021-03-04,rb1s,0,0.4714745283126831,12
2021-03-05,cl1s,1,0.4714745283126831,12
2021-03-05,rb1s,1,0.4714745283126831,12
2021-03-08,rb1s,1,0.47729963064193726,12
2021-03-08,cl1s,1,0.4714745283126831,12
2021-03-09,rb1s,1,0.47729963064193726,12
2021-03-10,rb1s,1,0.47729963064193726,12
2021-03-11,rb1s,1,0.47464945912361145,12
2021-03-12,rb1s,1,0.47464945912361145,12
2021-03-15,rb1s,1,0.47464945912361145,12
2021-03-16,rb1s,1,0.47464945912361145,12
2021-03-17,rb1s,1,0.47464945912361145,12
2021-03-18,rb1s,1,0.4744626581668854,12
2021-03-19,rb1s,1,0.47181403636932373,12
2021-03-22,rb1s,1,0.47181403636932373,12
2021-03-23,rb1s,0,0.4744626581668854,12
2021-03-24,rb1s,0,0.4714745283126831,12
2021-03-25,rb1s,1,0.4743097424507141,12
2021-03-26,rb1s,1,0.4743097424507141,12
2021-03-29,rb1s,1,0.4743097424507141,12
2021-03-30,rb1s,0,0.4743097424507141,12
2021-03-31,rb1s,0,0.4743097424507141,12
2021-04-01,rb1s,0,0.47054991126060486,12
2021-04-05,rb1s,0,0.4725809097290039,12
2021-04-06,rb1s,0,0.4725809097290039,12
2021-04-07,rb1s,0,0.4725809097290039,12
2021-04-08,rb1s,0,0.4725809097290039,12
2021-04-09,rb1s,0,0.4755697548389435,12
2021-04-12,rb1s,0,0.4755697548389435,12
2021-04-13,rb1s,0,0.4755697548389435,12
2021-04-14,rb1s,0,0.4755697548389435,12
2021-04-15,cl1s,1,0.4725809097290039,12
2021-04-15,rb1s,0,0.4755697548389435,12
2021-04-16,cl1s,1,0.4725809097290039,12
2021-04-16,rb1s,0,0.4755697548389435,12
2021-04-19,cl1s,1,0.4725809097290039,12
2021-04-19,rb1s,0,0.4755697548389435,12
2021-04-20,rb1s,0,0.4755697548389435,12
2021-04-20,cl1s,1,0.4661545753479004,12
2021-04-21,rb1s,0,0.4755697548389435,12
2021-04-21,cl1s,1,0.4661545753479004,12
2021-04-22,rb1s,0,0.4755697548389435,12
2021-04-22,cl1s,1,0.4661545753479004,12
2021-04-23,rb1s,0,0.4725809097290039,12
2021-04-23,cl1s,1,0.4661545753479004,12
2021-04-26,cl1s,1,0.4661545753479004,12
2021-04-26,rb1s,0,0.4725809097290039,12
2021-04-27,cl1s,1,0.4661545753479004,12
2021-04-27,rb1s,0,0.4725809097290039,12
2021-04-28,cl1s,1,0.4661545753479004,12
2021-04-28,rb1s,0,0.4725809097290039,12
2021-04-29,rb1s,1,0.47724294662475586,12
2021-04-29,cl1s,0,0.47848230600357056,12
2021-04-30,cl1s,1,0.4869113564491272,12
2021-04-30,rb1s,0,0.4799807369709015,12
2021-05-03,cl1s,1,0.4869113564491272,12
2021-05-03,rb1s,1,0.477456659078598,12
2021-05-04,cl1s,0,0.4869113564491272,12
2021-05-04,rb1s,0,0.477456659078598,12
2021-05-05,rb1s,1,0.477456659078598,12
2021-05-05,cl1s,0,0.4869113564491272,12
2021-05-06,rb1s,1,0.477456659078598,12
2021-05-07,rb1s,1,0.4744148850440979,12
2021-05-10,rb1s,1,0.477456659078598,12
2021-05-11,rb1s,1,0.477456659078598,12
2021-05-12,rb1s,1,0.4751039743423462,12
2021-05-12,cl1s,1,0.4869113564491272,12
2021-05-13,rb1s,1,0.4910799562931061,12
2021-05-14,rb1s,1,0.4755939543247223,12
2021-05-14,cl1s,1,0.48203492164611816,12
2021-05-17,cl1s,1,0.4848710298538208,12
2021-05-17,rb1s,1,0.4703216552734375,12
2021-05-18,rb1s,1,0.4703216552734375,12
2021-05-19,rb1s,1,0.48283782601356506,12
2021-05-19,cl1s,1,0.4799982011318207,12
2021-05-20,cl1s,1,0.48382288217544556,12
2021-05-20,rb1s,1,0.4866639971733093,12
2021-05-21,cl1s,1,0.4824712574481964,12
2021-05-21,rb1s,1,0.4856742322444916,12
2021-05-24,cl1s,1,0.48203492164611816,12
2021-05-24,rb1s,0,0.48283782601356506,12
2021-05-25,cl1s,1,0.48203492164611816,12
2021-05-25,rb1s,0,0.48283782601356506,12
2021-05-26,rb1s,0,0.4725533425807953,12
2021-05-26,cl1s,1,0.4789907932281494,12
2021-05-27,cl1s,1,0.4789907932281494,12
2021-05-27,rb1s,0,0.46980342268943787,12
2021-05-28,cl1s,1,0.4789907932281494,12
2021-05-28,rb1s,0,0.4725533425807953,12
2021-06-01,cl1s,1,0.48203492164611816,12
2021-06-01,rb1s,0,0.47284218668937683,12
2021-06-02,cl1s,1,0.48203492164611816,12
2021-06-02,rb1s,1,0.47284218668937683,12
2021-06-03,cl1s,1,0.4848753809928894,12
2021-06-03,rb1s,1,0.47284218668937683,12
2021-06-04,rb1s,1,0.4693140685558319,12
2021-06-04,cl1s,1,0.4838651716709137,12
2021-06-07,cl1s,1,0.4838651716709137,12
2021-06-07,rb1s,0,0.47183409333229065,12
2021-06-08,rb1s,0,0.47183409333229065,12
2021-06-08,cl1s,1,0.4838651716709137,12
2021-06-09,rb1s,0,0.4748741388320923,12
2021-06-09,cl1s,1,0.4869113564491272,12
2021-06-10,rb1s,0,0.4769376218318939,12
2021-06-10,cl1s,1,0.4838651716709137,12
2021-06-11,rb1s,0,0.4744148850440979,12
2021-06-14,rb1s,0,0.4880325496196747,12
2021-06-15,rb1s,0,0.4910799562931061,12
2021-06-15,cl1s,1,0.4869113564491272,12
2021-06-16,rb1s,0,0.4910799562931061,12
2021-06-16,cl1s,1,0.4869113564491272,12
2021-06-17,rb1s,0,0.4973852336406708,12
2021-06-17,cl1s,1,0.4869113564491272,12
2021-06-17,ho1s,1,0.4910799562931061,12
2021-06-18,cl1s,1,0.4687997102737427,12
2021-06-18,rb1s,0,0.4782204329967499,12
2021-06-21,rb1s,0,0.4782204329967499,12
2021-06-21,cl1s,1,0.4687997102737427,12
2021-06-22,rb1s,1,0.4782204329967499,12
2021-06-22,cl1s,0,0.4687997102737427,12
2021-06-23,rb1s,1,0.4780122935771942,12
2021-06-24,rb1s,0,0.4693140685558319,12
2021-06-24,cl1s,1,0.4838651716709137,12
2021-06-25,rb1s,0,0.4748903810977936,12
2020-11-06,rb1s,1,0.49175843596458435,13
2020-11-09,cl1s,1,0.48960933089256287,13
2020-11-09,rb1s,1,0.4852812588214874,13
2020-11-10,cl1s,1,0.48439347743988037,13
2020-11-10,rb1s,1,0.48439347743988037,13
2020-11-11,rb1s,1,0.48439347743988037,13
2020-11-11,cl1s,1,0.48439347743988037,13
2020-11-12,rb1s,1,0.4852812588214874,13
2020-11-12,cl1s,1,0.48960933089256287,13
2020-11-13,cl1s,1,0.49175843596458435,13
2020-11-13,rb1s,1,0.49175843596458435,13
2020-11-16,rb1s,1,0.49175843596458435,13
2020-11-16,cl1s,1,0.48960933089256287,13
2020-11-17,rb1s,1,0.49175843596458435,13
2020-11-17,cl1s,1,0.48960933089256287,13
2020-11-18,rb1s,1,0.48829662799835205,13
2020-11-18,cl1s,1,0.4926258325576782,13
2020-11-19,rb1s,1,0.48829662799835205,13
2020-11-19,cl1s,1,0.4926258325576782,13
2020-11-20,rb1s,1,0.48829662799835205,13
2020-11-20,cl1s,1,0.4926258325576782,13
2020-11-23,rb1s,1,0.48829662799835205,13
2020-11-23,cl1s,1,0.4926258325576782,13
2020-11-24,cl1s,1,0.4926258325576782,13
2020-11-24,rb1s,1,0.48829662799835205,13
2020-11-25,rb1s,1,0.48829662799835205,13
2020-11-27,rb1s,1,0.48829662799835205,13
2020-11-30,rb1s,1,0.48829662799835205,13
2020-12-01,rb1s,1,0.4922643005847931,13
2020-12-01,cl1s,1,0.4926258325576782,13
2020-12-02,rb1s,1,0.48829662799835205,13
2020-12-02,cl1s,1,0.4926258325576782,13
2020-12-03,rb1s,1,0.48829662799835205,13
2020-12-03,cl1s,1,0.4926258325576782,13
2020-12-04,rb1s,1,0.48829662799835205,13
2020-12-04,cl1s,1,0.4926258325576782,13
2020-12-07,rb1s,1,0.48439347743988037,13
2020-12-07,cl1s,1,0.48439347743988037,13
2020-12-08,cl1s,1,0.48439347743988037,13
2020-12-08,rb1s,1,0.48439347743988037,13
2020-12-09,cl1s,1,0.48439347743988037,13
2020-12-09,rb1s,1,0.48439347743988037,13
2020-12-10,rb1s,1,0.48740848898887634,13
2020-12-11,rb1s,1,0.48740848898887634,13
2020-12-11,cl1s,1,0.48740848898887634,13
2020-12-14,rb1s,1,0.48740848898887634,13
2020-12-15,rb1s,1,0.48740848898887634,13
2020-12-16,rb1s,1,0.48740848898887634,13
2020-12-17,rb1s,0,0.48829662799835205,13
2020-12-18,rb1s,1,0.48829662799835205,13
2020-12-18,ho1s,0,0.48829662799835205,13
2020-12-21,ho1s,0,0.4919264316558838,13
2020-12-21,rb1s,1,0.48740848898887634,13
2020-12-22,rb1s,1,0.4922643005847931,13
2020-12-23,rb1s,1,0.48829662799835205,13
2020-12-24,rb1s,1,0.48829662799835205,13
2020-12-28,rb1s,1,0.48829662799835205,13
2020-12-29,rb1s,1,0.48829662799835205,13
2020-12-30,rb1s,1,0.48740848898887634,13
2020-12-31,rb1s,1,0.48740848898887634,13
2021-01-04,ho1s,1,0.4919264316558838,13
2021-01-04,rb1s,1,0.48740848898887634,13
2021-01-04,cl1s,1,0.48740848898887634,13
2021-01-05,rb1s,1,0.48740848898887634,13
2021-01-05,cl1s,1,0.4919264316558838,13
2021-01-06,rb1s,0,0.48829662799835205,13
2021-01-06,cl1s,1,0.4926258325576782,13
2021-01-07,rb1s,0,0.48829662799835205,13
2021-01-07,cl1s,1,0.4926258325576782,13
2021-01-08,rb1s,0,0.48829662799835205,13
2021-01-08,cl1s,1,0.4926258325576782,13
2021-01-11,rb1s,0,0.4919264316558838,13
2021-01-11,cl1s,1,0.4919264316558838,13
2021-01-12,rb1s,0,0.4919264316558838,13
2021-01-13,rb1s,0,0.4919264316558838,13
2021-01-14,rb1s,1,0.4919264316558838,13
2021-01-15,rb1s,0,0.4919264316558838,13
2021-01-15,cl1s,1,0.4919264316558838,13
2021-01-19,cl1s,1,0.48891010880470276,13
2021-01-19,rb1s,0,0.48891010880470276,13
2021-01-20,cl1s,1,0.4926258325576782,13
2021-01-20,rb1s,0,0.48829662799835205,13
2021-01-21,cl1s,1,0.4926258325576782,13
2021-01-21,rb1s,0,0.48829662799835205,13
2021-01-22,rb1s,0,0.48829662799835205,13
2021-01-25,rb1s,0,0.48829662799835205,13
2021-01-26,rb1s,0,0.4852812588214874,13
2021-01-27,rb1s,0,0.4961499571800232,13
2021-01-28,rb1s,0,0.48891010880470276,13
2021-01-29,rb1s,0,0.4961499571800232,13
2021-02-01,rb1s,0,0.4961499571800232,13
2021-02-02,rb1s,0,0.48891010880470276,13
2021-02-03,rb1s,0,0.48891010880470276,13
2021-02-04,rb1s,0,0.48891010880470276,13
2021-02-04,cl1s,0,0.48891010880470276,13
2021-02-05,rb1s,0,0.48891010880470276,13
2021-02-05,cl1s,0,0.48891010880470276,13
2021-02-08,rb1s,0,0.48891010880470276,13
2021-02-08,cl1s,0,0.48891010880470276,13
2021-02-09,rb1s,0,0.48891010880470276,13
2021-02-09,cl1s,0,0.48891010880470276,13
2021-02-10,cl1s,0,0.4919264316558838,13
2021-02-10,rb1s,0,0.4919264316558838,13
2021-02-11,cl1s,0,0.4919264316558838,13
2021-02-11,rb1s,0,0.4919264316558838,13
2021-02-12,rb1s,0,0.4919264316558838,13
2021-02-12,cl1s,0,0.4919264316558838,13
2021-02-16,cl1s,0,0.4919264316558838,13
2021-02-16,ng1s,1,0.48740848898887634,13
2021-02-16,rb1s,0,0.4919264316558838,13
2021-02-17,rb1s,0,0.4919264316558838,13
2021-02-17,cl1s,0,0.4919264316558838,13
2021-02-18,rb1s,0,0.4919264316558838,13
2021-02-18,cl1s,0,0.4919264316558838,13
2021-02-19,cl1s,0,0.4919264316558838,13
2021-02-19,rb1s,0,0.4919264316558838,13
2021-02-22,cl1s,0,0.4919264316558838,13
2021-02-22,rb1s,0,0.4919264316558838,13
2021-02-23,rb1s,0,0.4919264316558838,13
2021-02-23,cl1s,0,0.4919264316558838,13
2021-02-24,cl1s,0,0.48891010880470276,13
2021-02-24,rb1s,0,0.48891010880470276,13
2021-02-25,cl1s,0,0.48891010880470276,13
2021-02-25,rb1s,0,0.48891010880470276,13
2021-02-26,rb1s,0,0.4919264316558838,13
2021-03-01,rb1s,0,0.48891010880470276,13
2021-06-25,cl1s,1,0.4926258325576782,13
2021-06-28,rb1s,0,0.48740848898887634,13
2021-06-28,ho1s,1,0.48740848898887634,13
2021-06-28,cl1s,1,0.48740848898887634,13
2021-06-29,rb1s,0,0.48740848898887634,13
2021-06-29,cl1s,1,0.48740848898887634,13
2021-06-29,ho1s,1,0.48740848898887634,13
2021-06-30,cl1s,0,0.48740848898887634,13
2021-06-30,rb1s,0,0.48740848898887634,13
2021-07-01,cl1s,0,0.48740848898887634,13
2021-07-01,rb1s,1,0.48740848898887634,13
2021-07-02,rb1s,1,0.48829662799835205,13
2021-07-02,cl1s,0,0.4926258325576782,13
2021-07-06,rb1s,1,0.48439347743988037,13
2021-07-06,cl1s,0,0.48439347743988037,13
2021-07-07,rb1s,0,0.48439347743988037,13
2021-07-07,ho1s,0,0.48439347743988037,13
2021-07-07,cl1s,0,0.48439347743988037,13
2021-07-08,rb1s,0,0.49163082242012024,13
2021-07-08,ho1s,0,0.49163082242012024,13
2021-07-08,cl1s,0,0.48685917258262634,13
2021-07-09,cl1s,0,0.48685917258262634,13
2021-07-09,rb1s,1,0.49163082242012024,13
2021-07-12,cl1s,0,0.48685917258262634,13
2021-07-12,rb1s,1,0.49163082242012024,13
2021-07-13,cl1s,0,0.48685917258262634,13
2021-07-13,rb1s,1,0.49163082242012024,13
2021-07-14,rb1s,1,0.49163082242012024,13
2021-07-14,cl1s,0,0.48685917258262634,13
2021-07-15,rb1s,0,0.49163082242012024,13
2021-07-15,cl1s,0,0.48685917258262634,13
2021-07-16,cl1s,0,0.48685917258262634,13
2021-07-16,rb1s,0,0.49163082242012024,13
2021-07-19,rb1s,1,0.49163082242012024,13
2021-07-19,cl1s,1,0.48685917258262634,13
2021-07-20,rb1s,1,0.49163082242012024,13
2021-07-20,cl1s,1,0.48685917258262634,13
2021-07-21,rb1s,1,0.49163082242012024,13
2021-07-21,cl1s,0,0.48685917258262634,13
2021-07-22,rb1s,1,0.49163082242012024,13
2021-07-22,cl1s,0,0.48685917258262634,13
2021-07-23,cl1s,0,0.48685917258262634,13
2021-07-23,rb1s,0,0.49163082242012024,13
2021-07-26,rb1s,0,0.49163082242012024,13
2021-07-26,cl1s,0,0.48685917258262634,13
2021-07-27,rb1s,0,0.49163082242012024,13
2021-07-27,cl1s,0,0.48685917258262634,13
2021-07-28,cl1s,0,0.48685917258262634,13
2021-07-28,rb1s,1,0.49163082242012024,13
2021-07-29,cl1s,0,0.48685917258262634,13
2021-07-29,rb1s,0,0.49163082242012024,13
2021-07-30,cl1s,0,0.48685917258262634,13
2021-07-30,rb1s,0,0.49163082242012024,13
2021-08-02,rb1s,0,0.49163082242012024,13
2021-08-02,cl1s,0,0.48685917258262634,13
2021-08-03,cl1s,0,0.48685917258262634,13
2021-08-03,rb1s,0,0.49163082242012024,13
2021-08-04,cl1s,0,0.48685917258262634,13
2021-08-04,rb1s,0,0.49163082242012024,13
2021-08-05,rb1s,0,0.49163082242012024,13
2021-08-05,cl1s,0,0.48685917258262634,13
2021-08-06,rb1s,0,0.49163082242012024,13
2021-08-06,cl1s,0,0.48685917258262634,13
2021-08-09,cl1s,0,0.48685917258262634,13
2021-08-09,rb1s,0,0.49163082242012024,13
2021-08-10,rb1s,0,0.49163082242012024,13
2021-08-10,cl1s,0,0.48685917258262634,13
2021-08-11,cl1s,0,0.48685917258262634,13
2021-08-11,rb1s,0,0.49163082242012024,13
2021-08-12,cl1s,0,0.48685917258262634,13
2021-08-12,rb1s,0,0.49163082242012024,13
2021-08-13,rb1s,0,0.49648791551589966,13
2021-08-13,cl1s,1,0.49422574043273926,13
2021-08-16,rb1s,0,0.49163082242012024,13
2021-08-16,cl1s,1,0.48685917258262634,13
2021-08-17,cl1s,1,0.48685917258262634,13
2021-08-17,rb1s,1,0.49163082242012024,13
2021-08-18,cl1s,1,0.48685917258262634,13
2021-08-18,rb1s,1,0.49163082242012024,13
2021-08-19,cl1s,1,0.48685917258262634,13
2021-08-19,rb1s,1,0.49163082242012024,13
2021-08-20,cl1s,1,0.48685917258262634,13
2021-08-20,rb1s,1,0.49163082242012024,13
2021-08-23,cl1s,1,0.48685917258262634,13
2021-08-23,rb1s,1,0.49163082242012024,13
2021-08-24,rb1s,1,0.48685917258262634,13
2021-08-24,cl1s,1,0.48685917258262634,13
2021-08-25,rb1s,0,0.48685917258262634,13
2021-08-25,cl1s,0,0.48685917258262634,13
2021-08-26,cl1s,1,0.48685917258262634,13
2021-08-26,rb1s,1,0.48685917258262634,13
2021-08-27,cl1s,1,0.48685917258262634,13
2021-08-27,rb1s,1,0.49163082242012024,13
2021-08-30,rb1s,1,0.48685917258262634,13
2021-08-30,cl1s,1,0.48685917258262634,13
2021-08-31,cl1s,1,0.48685917258262634,13
2021-08-31,rb1s,1,0.49163082242012024,13
2021-09-01,rb1s,1,0.49251922965049744,13
2021-09-01,cl1s,1,0.49207624793052673,13
2021-09-02,rb1s,1,0.4877471923828125,13
2021-09-02,cl1s,1,0.49207624793052673,13
2021-09-03,cl1s,1,0.49207624793052673,13
2021-09-03,rb1s,0,0.49251922965049744,13
2021-09-07,rb1s,0,0.49251922965049744,13
2021-09-07,cl1s,1,0.49207624793052673,13
2021-09-08,rb1s,0,0.49251922965049744,13
2021-09-08,cl1s,1,0.49207624793052673,13
2021-09-09,rb1s,1,0.49251922965049744,13
2021-09-09,cl1s,1,0.49207624793052673,13
2021-09-10,rb1s,1,0.49251922965049744,13
2021-09-10,cl1s,1,0.49207624793052673,13
2021-09-13,cl1s,1,0.49207624793052673,13
2021-09-13,rb1s,1,0.49251922965049744,13
2021-09-14,rb1s,1,0.49251922965049744,13
2021-09-14,cl1s,1,0.49207624793052673,13
2021-09-15,rb1s,1,0.49251922965049744,13
2021-09-15,cl1s,1,0.49207624793052673,13
2021-09-16,rb1s,1,0.49251922965049744,13
2021-09-16,cl1s,1,0.49207624793052673,13
2021-09-17,cl1s,1,0.49207624793052673,13
2021-09-17,rb1s,1,0.49251922965049744,13
2021-09-20,cl1s,1,0.48685917258262634,13
2021-09-20,rb1s,1,0.49163082242012024,13
2021-09-21,rb1s,1,0.49163082242012024,13
2021-09-21,cl1s,1,0.48685917258262634,13
2021-09-22,cl1s,1,0.49207624793052673,13
2021-09-22,rb1s,1,0.49648791551589966,13
2021-09-23,rb1s,0,0.4922643005847931,13
2021-09-24,rb1s,1,0.48740848898887634,13
2021-09-27,rb1s,1,0.48740848898887634,13
2021-09-28,rb1s,1,0.48740848898887634,13
2021-03-02,rb1s,0,0.47006767988204956,14
2021-03-03,rb1s,0,0.47006767988204956,14
2021-03-04,rb1s,0,0.47006767988204956,14
2021-03-05,cl1s,1,0.47006767988204956,14
2021-03-05,rb1s,1,0.47006767988204956,14
2021-03-08,rb1s,1,0.47006767988204956,14
2021-03-08,cl1s,1,0.47006767988204956,14
2021-03-09,rb1s,1,0.47006767988204956,14
2021-03-10,rb1s,1,0.47006767988204956,14
2021-03-11,rb1s,1,0.47006767988204956,14
2021-03-12,rb1s,1,0.47006767988204956,14
2021-03-15,rb1s,1,0.47006767988204956,14
2021-03-16,rb1s,1,0.47006767988204956,14
2021-03-17,rb1s,1,0.47006767988204956,14
2021-03-18,rb1s,1,0.47006767988204956,14
2021-03-19,rb1s,1,0.47006767988204956,14
2021-03-22,rb1s,1,0.47006767988204956,14
2021-03-23,rb1s,0,0.47006767988204956,14
2021-03-24,rb1s,0,0.47006767988204956,14
2021-03-25,rb1s,1,0.47006767988204956,14
2021-03-26,rb1s,1,0.47006767988204956,14
2021-03-29,rb1s,1,0.47006767988204956,14
2021-03-30,rb1s,0,0.47006767988204956,14
2021-03-31,rb1s,0,0.47006767988204956,14
2021-04-01,rb1s,0,0.47006767988204956,14
2021-04-05,rb1s,0,0.47006767988204956,14
2021-04-06,rb1s,0,0.47006767988204956,14
2021-04-07,rb1s,0,0.47006767988204956,14
2021-04-08,rb1s,0,0.47006767988204956,14
2021-04-09,rb1s,0,0.47006767988204956,14
2021-04-12,rb1s,0,0.47006767988204956,14
2021-04-13,rb1s,0,0.47006767988204956,14
2021-04-14,rb1s,0,0.47006767988204956,14
2021-04-15,cl1s,1,0.47006767988204956,14
2021-04-15,rb1s,0,0.47006767988204956,14
2021-04-16,cl1s,1,0.47006767988204956,14
2021-04-16,rb1s,0,0.47006767988204956,14
2021-04-19,cl1s,1,0.47006767988204956,14
2021-04-19,rb1s,0,0.47006767988204956,14
2021-04-20,rb1s,0,0.47006767988204956,14
2021-04-20,cl1s,1,0.47006767988204956,14
2021-04-21,rb1s,0,0.47006767988204956,14
2021-04-21,cl1s,1,0.47006767988204956,14
2021-04-22,rb1s,0,0.47006767988204956,14
2021-04-22,cl1s,1,0.47006767988204956,14
2021-04-23,rb1s,0,0.47006767988204956,14
2021-04-23,cl1s,1,0.47006767988204956,14
2021-04-26,cl1s,1,0.47006767988204956,14
2021-04-26,rb1s,0,0.47006767988204956,14
2021-04-27,cl1s,1,0.47006767988204956,14
2021-04-27,rb1s,0,0.47006767988204956,14
2021-04-28,cl1s,1,0.47006767988204956,14
2021-04-28,rb1s,0,0.47006767988204956,14
2021-04-29,rb1s,1,0.47006767988204956,14
2021-04-29,cl1s,0,0.47006767988204956,14
2021-04-30,cl1s,1,0.47006767988204956,14
2021-04-30,rb1s,0,0.47006767988204956,14
2021-05-03,cl1s,1,0.47006767988204956,14
2021-05-03,rb1s,1,0.47006767988204956,14
2021-05-04,cl1s,0,0.47006767988204956,14
2021-05-04,rb1s,0,0.47006767988204956,14
2021-05-05,rb1s,1,0.47006767988204956,14
2021-05-05,cl1s,0,0.47006767988204956,14
2021-05-06,rb1s,1,0.47006767988204956,14
2021-05-07,rb1s,1,0.47006767988204956,14
2021-05-10,rb1s,1,0.47006767988204956,14
2021-05-11,rb1s,1,0.47006767988204956,14
2021-05-12,rb1s,1,0.47006767988204956,14
2021-05-12,cl1s,1,0.47006767988204956,14
2021-05-13,rb1s,1,0.47006767988204956,14
2021-05-14,rb1s,1,0.47006767988204956,14
2021-05-14,cl1s,1,0.47006767988204956,14
2021-05-17,cl1s,1,0.47006767988204956,14
2021-05-17,rb1s,1,0.47006767988204956,14
2021-05-18,rb1s,1,0.47006767988204956,14
2021-05-19,rb1s,1,0.47006767988204956,14
2021-05-19,cl1s,1,0.47006767988204956,14
2021-05-20,cl1s,1,0.47006767988204956,14
2021-05-20,rb1s,1,0.47006767988204956,14
2021-05-21,cl1s,1,0.47006767988204956,14
2021-05-21,rb1s,1,0.47006767988204956,14
2021-05-24,cl1s,1,0.47006767988204956,14
2021-05-24,rb1s,0,0.47006767988204956,14
2021-05-25,cl1s,1,0.47006767988204956,14
2021-05-25,rb1s,0,0.47006767988204956,14
2021-05-26,rb1s,0,0.47006767988204956,14
2021-05-26,cl1s,1,0.47006767988204956,14
2021-05-27,cl1s,1,0.47006767988204956,14
2021-05-27,rb1s,0,0.47006767988204956,14
2021-05-28,cl1s,1,0.47006767988204956,14
2021-05-28,rb1s,0,0.47006767988204956,14
2021-06-01,cl1s,1,0.47006767988204956,14
2021-06-01,rb1s,0,0.47006767988204956,14
2021-06-02,cl1s,1,0.47006767988204956,14
2021-06-02,rb1s,1,0.47006767988204956,14
2021-06-03,cl1s,1,0.47006767988204956,14
2021-06-03,rb1s,1,0.47006767988204956,14
2021-06-04,rb1s,1,0.47006767988204956,14
2021-06-04,cl1s,1,0.47006767988204956,14
2021-06-07,cl1s,1,0.47006767988204956,14
2021-06-07,rb1s,0,0.47006767988204956,14
2021-06-08,rb1s,0,0.47006767988204956,14
2021-06-08,cl1s,1,0.47006767988204956,14
2021-06-09,rb1s,0,0.47006767988204956,14
2021-06-09,cl1s,1,0.47006767988204956,14
2021-06-10,rb1s,0,0.47006767988204956,14
2021-06-10,cl1s,1,0.47006767988204956,14
2021-06-11,rb1s,0,0.47006767988204956,14
2021-06-14,rb1s,0,0.47006767988204956,14
2021-06-15,rb1s,0,0.47006767988204956,14
2021-06-15,cl1s,1,0.47006767988204956,14
2021-06-16,rb1s,0,0.47006767988204956,14
2021-06-16,cl1s,1,0.47006767988204956,14
2021-06-17,rb1s,0,0.47006767988204956,14
2021-06-17,cl1s,1,0.47006767988204956,14
2021-06-17,ho1s,1,0.47006767988204956,14
2021-06-18,cl1s,1,0.47006767988204956,14
2021-06-18,rb1s,0,0.47006767988204956,14
2021-06-21,rb1s,0,0.47006767988204956,14
2021-06-21,cl1s,1,0.47006767988204956,14
2021-06-22,rb1s,1,0.47006767988204956,14
2021-06-22,cl1s,0,0.47006767988204956,14
2021-06-23,rb1s,1,0.47006767988204956,14
2021-06-24,rb1s,0,0.47006767988204956,14
2021-06-24,cl1s,1,0.47006767988204956,14
2021-06-25,rb1s,0,0.47006767988204956,14
2021-06-25,cl1s,1,0.47006767988204956,14
2021-06-28,rb1s,0,0.47006767988204956,14
2021-06-28,ho1s,1,0.47006767988204956,14
2021-06-28,cl1s,1,0.47006767988204956,14
2021-06-29,rb1s,0,0.47006767988204956,14
2021-06-29,cl1s,1,0.47006767988204956,14
2021-06-29,ho1s,1,0.47006767988204956,14
2021-06-30,cl1s,0,0.47006767988204956,14
2021-06-30,rb1s,0,0.47006767988204956,14
2021-07-01,cl1s,0,0.47006767988204956,14
2021-07-01,rb1s,1,0.47006767988204956,14
2021-07-02,rb1s,1,0.47006767988204956,14
2021-07-02,cl1s,0,0.47006767988204956,14
2021-07-06,rb1s,1,0.47006767988204956,14
2021-07-06,cl1s,0,0.47006767988204956,14
2021-07-07,rb1s,0,0.47006767988204956,14
2021-07-07,ho1s,0,0.47006767988204956,14
2021-07-07,cl1s,0,0.47006767988204956,14
2021-07-08,rb1s,0,0.47006767988204956,14
2021-07-08,ho1s,0,0.47006767988204956,14
2021-07-08,cl1s,0,0.47006767988204956,14
2021-07-09,cl1s,0,0.47006767988204956,14
2021-07-09,rb1s,1,0.47006767988204956,14
2021-07-12,cl1s,0,0.47006767988204956,14
2021-07-12,rb1s,1,0.47006767988204956,14
2021-07-13,cl1s,0,0.47006767988204956,14
2021-07-13,rb1s,1,0.47006767988204956,14
2021-07-14,rb1s,1,0.47006767988204956,14
2021-07-14,cl1s,0,0.47006767988204956,14
2021-07-15,rb1s,0,0.47006767988204956,14
2021-07-15,cl1s,0,0.47006767988204956,14
2021-07-16,cl1s,0,0.47006767988204956,14
2021-07-16,rb1s,0,0.47006767988204956,14
2021-07-19,rb1s,1,0.47006767988204956,14
2021-07-19,cl1s,1,0.47006767988204956,14
2021-07-20,rb1s,1,0.47006767988204956,14
2021-07-20,cl1s,1,0.47006767988204956,14
2021-07-21,rb1s,1,0.47006767988204956,14
2021-07-21,cl1s,0,0.47006767988204956,14
2021-07-22,rb1s,1,0.47006767988204956,14
2021-07-22,cl1s,0,0.47006767988204956,14
2021-07-23,cl1s,0,0.47006767988204956,14
2021-07-23,rb1s,0,0.47006767988204956,14
2021-07-26,rb1s,0,0.47006767988204956,14
2021-07-26,cl1s,0,0.47006767988204956,14
2021-07-27,rb1s,0,0.47006767988204956,14
2021-07-27,cl1s,0,0.47006767988204956,14
2021-07-28,cl1s,0,0.47006767988204956,14
2021-07-28,rb1s,1,0.47006767988204956,14
2021-07-29,cl1s,0,0.47006767988204956,14
2021-07-29,rb1s,0,0.47006767988204956,14
2021-07-30,cl1s,0,0.47006767988204956,14
2021-07-30,rb1s,0,0.47006767988204956,14
2021-08-02,rb1s,0,0.47006767988204956,14
2021-08-02,cl1s,0,0.47006767988204956,14
2021-08-03,cl1s,0,0.47006767988204956,14
2021-08-03,rb1s,0,0.47006767988204956,14
2021-08-04,cl1s,0,0.47006767988204956,14
2021-08-04,rb1s,0,0.47006767988204956,14
2021-08-05,rb1s,0,0.47006767988204956,14
2021-08-05,cl1s,0,0.47006767988204956,14
2021-08-06,rb1s,0,0.47006767988204956,14
2021-08-06,cl1s,0,0.47006767988204956,14
2021-08-09,cl1s,0,0.47006767988204956,14
2021-08-09,rb1s,0,0.47006767988204956,14
2021-08-10,rb1s,0,0.47006767988204956,14
2021-08-10,cl1s,0,0.47006767988204956,14
2021-08-11,cl1s,0,0.47006767988204956,14
2021-08-11,rb1s,0,0.47006767988204956,14
2021-08-12,cl1s,0,0.47006767988204956,14
2021-08-12,rb1s,0,0.47006767988204956,14
2021-08-13,rb1s,0,0.47006767988204956,14
2021-08-13,cl1s,1,0.47006767988204956,14
2021-08-16,rb1s,0,0.47006767988204956,14
2021-08-16,cl1s,1,0.47006767988204956,14
2021-08-17,cl1s,1,0.47006767988204956,14
2021-08-17,rb1s,1,0.47006767988204956,14
2021-08-18,cl1s,1,0.47006767988204956,14
2021-08-18,rb1s,1,0.47006767988204956,14
2021-08-19,cl1s,1,0.47006767988204956,14
2021-08-19,rb1s,1,0.47006767988204956,14
2021-08-20,cl1s,1,0.47006767988204956,14
2021-08-20,rb1s,1,0.47006767988204956,14
2021-08-23,cl1s,1,0.47006767988204956,14
2021-08-23,rb1s,1,0.47006767988204956,14
2021-08-24,rb1s,1,0.47006767988204956,14
2021-08-24,cl1s,1,0.47006767988204956,14
2021-08-25,rb1s,0,0.47006767988204956,14
2021-08-25,cl1s,0,0.47006767988204956,14
2021-08-26,cl1s,1,0.47006767988204956,14
2021-08-26,rb1s,1,0.47006767988204956,14
2021-08-27,cl1s,1,0.47006767988204956,14
2021-08-27,rb1s,1,0.47006767988204956,14
2021-08-30,rb1s,1,0.47006767988204956,14
2021-08-30,cl1s,1,0.47006767988204956,14
2021-08-31,cl1s,1,0.47006767988204956,14
2021-08-31,rb1s,1,0.47006767988204956,14
2021-09-01,rb1s,1,0.47006767988204956,14
2021-09-01,cl1s,1,0.47006767988204956,14
2021-09-02,rb1s,1,0.47006767988204956,14
2021-09-02,cl1s,1,0.47006767988204956,14
2021-09-03,cl1s,1,0.47006767988204956,14
2021-09-03,rb1s,0,0.47006767988204956,14
2021-09-07,rb1s,0,0.47006767988204956,14
2021-09-07,cl1s,1,0.47006767988204956,14
2021-09-08,rb1s,0,0.47006767988204956,14
2021-09-08,cl1s,1,0.47006767988204956,14
2021-09-09,rb1s,1,0.47006767988204956,14
2021-09-09,cl1s,1,0.47006767988204956,14
2021-09-10,rb1s,1,0.47006767988204956,14
2021-09-10,cl1s,1,0.47006767988204956,14
2021-09-13,cl1s,1,0.47006767988204956,14
2021-09-13,rb1s,1,0.47006767988204956,14
2021-09-14,rb1s,1,0.47006767988204956,14
2021-09-14,cl1s,1,0.47006767988204956,14
2021-09-15,rb1s,1,0.47006767988204956,14
2021-09-15,cl1s,1,0.47006767988204956,14
2021-09-16,rb1s,1,0.47006767988204956,14
2021-09-16,cl1s,1,0.47006767988204956,14
2021-09-17,cl1s,1,0.47006767988204956,14
2021-09-17,rb1s,1,0.47006767988204956,14
2021-09-20,cl1s,1,0.47006767988204956,14
2021-09-20,rb1s,1,0.47006767988204956,14
2021-09-21,rb1s,1,0.47006767988204956,14
2021-09-21,cl1s,1,0.47006767988204956,14
2021-09-22,cl1s,1,0.47006767988204956,14
2021-09-22,rb1s,1,0.47006767988204956,14
2021-09-23,rb1s,0,0.47006767988204956,14
2021-09-24,rb1s,1,0.47006767988204956,14
2021-09-27,rb1s,1,0.47006767988204956,14
2021-09-28,rb1s,1,0.47006767988204956,14
