auc_mean,auc_std,logloss_mean,logloss_std,brier_mean,brier_std,n_folds
0.6047196592074535,0.07147798241605018,0.6860245019579226,0.02743391817157304,0.2461852333730156,0.012954370314002645,15
