instrument,auc_mean,auc_std,logloss,brier,n_events
es1s,0.5726006217056359,0.06905429148323247,0.6860262977786499,0.246185902649405,2735
