auc_mean,auc_std,logloss_mean,logloss_std,brier_mean,brier_std,n_folds
0.49529993661663424,0.031221410332092303,1.1728158030218572,0.575731422636838,0.3387267144831027,0.05052715320628693,15
