date,instrument,y_true,y_score,fold
2020-01-30,pl1s,0,0.21569369254528223,0
2020-01-30,si1s,1,0.2552727903740366,0
2020-01-31,si1s,1,0.18863143343728936,0
2020-01-31,pl1s,1,0.21250033760089618,0
2020-02-03,si1s,0,0.33275716943022693,0
2020-02-03,pl1s,1,0.22685825437523913,0
2020-02-04,si1s,0,0.34141588146610335,0
2020-02-04,pl1s,1,0.20249030826695183,0
2020-02-05,si1s,1,0.49704410352298234,0
2020-02-05,pl1s,0,0.4812460057718211,0
2020-02-06,si1s,1,0.38786507296145756,0
2020-02-06,pl1s,1,0.514935316772474,0
2020-02-07,si1s,1,0.24566801379077552,0
2020-02-07,pl1s,1,0.5226685547918578,0
2020-02-10,pl1s,0,0.5261397694255843,0
2020-02-11,pl1s,0,0.5051782688809595,0
2020-02-11,si1s,1,0.17485179595922878,0
2020-02-12,pl1s,0,0.6325511031475061,0
2020-02-12,si1s,0,0.0989399035743941,0
2020-02-13,si1s,1,0.09462103800527945,0
2020-02-13,pl1s,0,0.4522410209312881,0
2020-02-14,si1s,1,0.08413159731385254,0
2020-02-14,pl1s,0,0.4085248381171083,0
2020-02-18,pl1s,0,0.45069363944618523,0
2020-02-19,si1s,1,0.19360039346113858,0
2020-02-20,si1s,1,0.16957070773966473,0
2020-02-20,pl1s,0,0.5064137304926607,0
2020-02-21,pl1s,0,0.3135161748280978,0
2020-02-21,si1s,1,0.17525364208892366,0
2020-02-24,pl1s,0,0.34323758444526903,0
2020-02-24,si1s,1,0.2657617766430601,0
2020-02-25,pl1s,0,0.49592457794027567,0
2020-02-25,si1s,1,0.3808409610448137,0
2020-02-26,si1s,1,0.27475431958493507,0
2020-02-26,pl1s,0,0.4200133056947074,0
2020-02-27,si1s,1,0.21644873751536584,0
2020-02-27,pl1s,0,0.3213805135098681,0
2020-02-28,si1s,0,0.6332264442744425,0
2020-02-28,pl1s,0,0.513874219618753,0
2020-03-02,pl1s,0,0.9361541869711063,0
2020-03-02,si1s,0,0.9493009076763755,0
2020-03-03,si1s,0,0.8233900316926097,0
2020-03-03,pl1s,0,0.782465253043501,0
2020-03-04,pl1s,0,0.7099220267996147,0
2020-03-04,si1s,0,0.7455482979756687,0
2020-03-05,si1s,0,0.6699450468574645,0
2020-03-05,pl1s,0,0.690289185921644,0
2020-03-06,si1s,0,0.6662631992303304,0
2020-03-06,pl1s,0,0.7710842077861653,0
2020-03-09,pl1s,0,0.8432962247480836,0
2020-03-09,si1s,0,0.7887610509236804,0
2020-03-10,pl1s,0,0.9354190333465253,0
2020-03-10,si1s,0,0.9263484626498952,0
2020-03-11,pl1s,0,0.8478105544090007,0
2020-03-11,si1s,0,0.9051246555037438,0
2020-03-12,pl1s,0,0.97635570321615,0
2020-03-12,si1s,0,0.9702822935965024,0
2020-03-13,pl1s,0,0.9871778422270122,0
2020-03-13,si1s,0,0.9908432243817632,0
2020-03-16,si1s,0,0.994399190725959,0
2020-03-16,gc1s,1,0.9758456353567915,0
2020-03-16,pl1s,0,0.9936099208585101,0
2020-03-17,pl1s,0,0.9936782556848028,0
2020-03-17,si1s,0,0.99394469799177,0
2020-03-18,pl1s,1,0.9812445619472637,0
2020-03-18,si1s,1,0.9899130061042,0
2020-03-18,gc1s,1,0.9307354526991014,0
2020-03-19,pl1s,1,0.9838773225159028,0
2020-03-19,si1s,1,0.9905651135924696,0
2020-03-19,gc1s,1,0.9767102142923086,0
2020-03-20,pl1s,1,0.9085812905032387,0
2020-03-20,gc1s,1,0.8211820527755291,0
2020-03-20,si1s,1,0.9131550037498597,0
2020-03-23,si1s,1,0.9697723293980911,0
2020-03-23,pl1s,1,0.966027208021172,0
2020-03-24,pl1s,0,0.8685997027244161,0
2020-03-24,si1s,1,0.9081575304506522,0
2020-03-25,pl1s,1,0.5804563938730339,0
2020-03-25,gc1s,0,0.4467587776732233,0
2020-03-26,pl1s,0,0.5840394056457245,0
2020-03-26,gc1s,0,0.3833068964498484,0
2020-03-26,si1s,1,0.728833011946299,0
2020-03-27,si1s,1,0.8324976029043264,0
2020-03-27,pl1s,0,0.7456291675357525,0
2020-03-27,gc1s,0,0.707105364000517,0
2020-03-30,pl1s,0,0.8670957396326321,0
2020-03-30,gc1s,0,0.7847058951402137,0
2020-03-30,si1s,0,0.9444874007245987,0
2020-03-31,si1s,0,0.36411176426416036,0
2020-03-31,gc1s,0,0.3071804899902453,0
2020-03-31,pl1s,0,0.45115506907400654,0
2020-04-01,gc1s,0,0.28621089007636996,0
2020-04-01,si1s,0,0.40785607235362703,0
2020-04-02,gc1s,0,0.3251689529256412,0
2020-04-02,pl1s,0,0.6667144993157377,0
2020-04-02,si1s,0,0.7018910590926691,0
2020-04-03,pl1s,1,0.8014319414140048,0
2020-04-03,si1s,0,0.7806979519988009,0
2020-04-03,gc1s,0,0.5297060052186374,0
2020-04-06,si1s,1,0.8087154397071803,0
2020-04-06,pl1s,1,0.7778023910837276,0
2020-04-07,si1s,1,0.8124985332745545,0
2020-04-08,pl1s,1,0.8769799751093222,0
2020-04-08,si1s,0,0.8426299157174104,0
2020-04-09,si1s,1,0.7065741680440728,0
2020-04-09,pl1s,1,0.70438044346789,0
2020-04-13,pl1s,1,0.5811710537215887,0
2020-04-13,gc1s,1,0.35608875380138305,0
2020-04-13,si1s,1,0.6211736559191168,0
2020-04-14,si1s,1,0.46580820094380987,0
2020-04-15,pl1s,1,0.4601391744016081,0
2020-04-15,si1s,1,0.3322786061232996,0
2020-04-15,gc1s,1,0.27821596739967974,0
2020-04-16,si1s,1,0.47206910746605885,0
2020-04-16,gc1s,1,0.4111742120287572,0
2020-04-16,pl1s,0,0.6813922355561984,0
2020-04-17,si1s,1,0.41457483210344137,0
2020-04-17,pl1s,1,0.7270423719293017,0
2020-04-17,gc1s,0,0.37930531622790636,0
2020-04-20,si1s,1,0.2991837249847457,0
2020-04-20,gc1s,0,0.36454488338698743,0
2020-04-21,pl1s,0,0.5127625507433375,0
2020-04-22,si1s,0,0.44058441720761965,0
2020-04-22,pl1s,0,0.36668434908026976,0
2020-04-23,pl1s,1,0.4699625437635225,0
2020-04-23,si1s,1,0.45909149318142184,0
2020-04-24,si1s,0,0.6086753699287517,0
2020-04-27,pl1s,1,0.5467372461659431,0
2020-04-27,gc1s,0,0.38018140670293654,0
2020-04-28,gc1s,0,0.28075214836266327,0
2020-04-29,si1s,0,0.4668232918610017,0
2020-04-29,pl1s,1,0.2963725344300242,0
2020-04-30,si1s,1,0.580223541727132,0
2020-04-30,pl1s,1,0.5001868439381683,0
2020-05-01,si1s,1,0.4272240596966994,0
2020-05-01,pl1s,0,0.469831303043758,0
2020-05-04,si1s,1,0.448435073503795,0
2020-05-05,si1s,1,0.47756865132956666,0
2020-05-06,gc1s,1,0.49805775435159255,0
2020-05-06,si1s,1,0.583278416022506,0
2020-05-07,si1s,0,0.49334418347026177,0
2020-05-07,gc1s,0,0.5275780746636429,0
2020-05-08,si1s,1,0.44339824735368855,0
2020-05-08,pl1s,0,0.6006935858159097,0
2020-05-11,si1s,1,0.5837374996782172,0
2020-05-11,pl1s,0,0.6204489877472655,0
2020-05-12,pl1s,1,0.53037337466147,0
2020-05-12,si1s,1,0.5502859993595276,0
2020-05-13,si1s,1,0.3955091737437043,0
2020-05-13,pl1s,1,0.4247628475406585,0
2020-05-14,si1s,1,0.6146185922536794,0
2020-05-14,pl1s,1,0.5657370100364273,0
2020-05-15,si1s,1,0.6911640568446082,0
2020-05-18,si1s,1,0.6771825859050956,0
2020-05-18,pl1s,0,0.7297685731651976,0
2020-05-19,pl1s,0,0.6927266732298353,0
2020-05-19,si1s,1,0.6786856162690956,0
2020-05-20,gc1s,1,0.28213472224037195,0
2020-05-20,si1s,1,0.6801260487236104,0
2020-05-21,gc1s,1,0.4469636473441479,0
2020-05-21,si1s,1,0.7136574886271297,0
2020-05-22,gc1s,1,0.13556356173913223,0
2020-05-22,pl1s,1,0.7447997581453236,0
2020-05-22,si1s,0,0.6625225381231925,0
2020-05-26,pl1s,1,0.6762786230226139,0
2020-05-26,gc1s,1,0.3610217299714346,0
2020-05-26,si1s,0,0.7563814945663161,0
2020-05-27,pl1s,1,0.6072761421059442,0
2020-05-27,si1s,0,0.7310416446758102,0
2020-05-27,gc1s,1,0.35998016451161985,0
2020-05-28,gc1s,0,0.39387486197167565,0
2020-05-28,pl1s,1,0.7004185481022144,0
2020-05-28,si1s,1,0.7366134801508318,0
2020-05-29,pl1s,1,0.6197776090958316,0
2020-05-29,si1s,1,0.7090919990421068,0
2020-06-01,si1s,1,0.6547212908501897,0
2020-06-01,pl1s,1,0.6249596907778613,0
2020-06-02,si1s,1,0.6421649115110439,0
2020-06-02,gc1s,0,0.42375529416632385,0
2020-06-02,pl1s,1,0.6823495425630786,0
2020-06-03,pl1s,1,0.4471801552182306,0
2020-06-04,si1s,1,0.6001121304258688,0
2020-06-04,pl1s,1,0.4682406503003447,0
2020-06-05,pl1s,0,0.5795117211842096,0
2020-06-08,pl1s,1,0.43608453030443894,0
2020-06-09,si1s,1,0.4447368284018333,0
2020-06-09,pl1s,1,0.47042812692055136,0
2020-06-10,pl1s,1,0.4016552519059686,0
2020-06-10,si1s,0,0.44560359960832174,0
2020-06-11,pl1s,1,0.39635291344318063,0
2020-06-11,si1s,0,0.4677023658521605,0
2020-06-12,pl1s,1,0.4445520625957512,0
2020-06-12,si1s,0,0.5330881504748022,0
2020-06-15,si1s,0,0.3991389972623272,0
2020-06-15,pl1s,0,0.4536261584527459,0
2020-06-16,pl1s,0,0.4705773535418303,0
2020-06-16,si1s,0,0.3054769544543101,0
2020-06-17,si1s,0,0.30762168557391206,0
2020-06-17,pl1s,0,0.5403988009105964,0
2020-06-18,si1s,0,0.3213458268491514,0
2020-06-18,pl1s,1,0.5441170674089291,0
2020-06-19,si1s,0,0.194819440868316,0
2020-06-19,pl1s,1,0.4400052889491291,0
2020-06-19,gc1s,1,0.22164578561081094,0
2020-06-22,gc1s,1,0.28926875878556507,0
2020-06-22,si1s,0,0.24169427715966743,0
2020-06-23,gc1s,1,0.3071208714597952,0
2020-06-23,si1s,0,0.267793795248983,0
2020-06-24,pl1s,1,0.5719358828568328,0
2020-06-24,si1s,0,0.44972025547990807,0
2020-06-25,gc1s,1,0.25458284433605477,0
2020-06-25,si1s,0,0.34408853597044753,0
2020-06-25,pl1s,1,0.45409622386481957,0
2020-06-26,pl1s,1,0.4553517924251306,0
2020-06-26,gc1s,1,0.35505617289156866,0
2020-06-26,si1s,1,0.28576771083736896,0
2020-06-29,gc1s,1,0.3567699753047048,0
2020-06-29,pl1s,1,0.47812390668622096,0
2020-06-29,si1s,1,0.25334631167327265,0
2020-06-30,pl1s,0,0.5510749429194646,0
2020-07-01,si1s,0,0.47547329452945913,0
2020-07-01,pl1s,1,0.592753907445477,0
2020-07-02,si1s,0,0.5180346151906465,0
2020-07-02,gc1s,1,0.26694797888663446,0
2020-07-02,pl1s,1,0.5214318129736809,0
2020-07-06,si1s,1,0.4021254549739594,0
2020-07-06,gc1s,1,0.249857146573248,0
2020-07-06,pl1s,1,0.42912234009928163,0
2020-07-07,si1s,1,0.4389463806945289,0
2020-07-07,pl1s,1,0.47450926192241216,0
2020-07-07,gc1s,1,0.3026795656784408,0
2020-07-08,si1s,0,0.5597081381630097,0
2020-07-08,pl1s,1,0.431854056721554,0
2020-07-08,gc1s,1,0.3792624293098796,0
2020-07-09,pl1s,1,0.5371223364153761,0
2020-07-09,si1s,0,0.43464243904128025,0
2020-07-09,gc1s,1,0.23233213188141408,0
2020-07-10,gc1s,1,0.26358902594370026,0
2020-07-10,pl1s,1,0.42119938346792307,0
2020-07-10,si1s,0,0.3673886988425479,0
2020-07-13,gc1s,1,0.31109606593408257,0
2020-07-13,si1s,0,0.47637601663981693,0
2020-07-13,pl1s,1,0.3915982094342218,0
2020-07-14,gc1s,1,0.33146315834802825,0
2020-07-14,pl1s,1,0.5118443248032711,0
2020-07-14,si1s,0,0.4969786533570677,0
2020-07-15,pl1s,1,0.4393919437805282,0
2020-07-15,gc1s,1,0.24109837249845179,0
2020-07-15,si1s,1,0.41731673118596435,0
2020-07-16,pl1s,1,0.41770235456926685,0
2020-07-16,gc1s,1,0.1641005831624995,0
2020-07-17,pl1s,1,0.3498667236971291,0
2020-07-17,si1s,0,0.27890129619124526,0
2020-07-20,pl1s,1,0.35208398804158275,0
2020-07-20,si1s,0,0.481005726247137,0
2020-07-21,si1s,0,0.688217974983099,0
2020-07-22,pl1s,0,0.66420076483415,0
2020-07-22,si1s,0,0.7509602265539473,0
2020-07-23,pl1s,0,0.521092662591007,0
2020-07-23,si1s,0,0.7376455600270376,0
2020-07-24,pl1s,0,0.43104419395747096,0
2020-07-24,si1s,0,0.6461102393189798,0
2020-07-27,si1s,0,0.8370083807658364,0
2020-07-27,pl1s,0,0.5562375838979969,0
2020-07-28,si1s,0,0.8073461076848281,0
2020-07-28,pl1s,1,0.5791006156518501,0
2020-07-29,pl1s,0,0.4847998569665865,0
2020-07-29,si1s,0,0.7506273053306254,0
2020-07-30,pl1s,1,0.4370359114949532,0
2020-07-30,si1s,0,0.6920171031825234,0
2020-07-31,si1s,0,0.7127855539691407,0
2020-07-31,pl1s,1,0.32449031385521443,0
2020-08-03,pl1s,1,0.41832329542750535,0
2020-08-03,si1s,0,0.6294070905051476,0
2020-08-04,pl1s,0,0.4562611369667482,0
2020-08-04,si1s,0,0.7313390323810386,0
2020-08-05,si1s,0,0.7530014677446201,0
2020-08-05,pl1s,1,0.4832960523739862,0
2020-08-06,pl1s,1,0.42889982239400093,0
2020-08-06,si1s,1,0.8041138864384357,0
2020-08-07,si1s,1,0.7729893697523321,0
2020-08-07,pl1s,1,0.4184694715788886,0
2020-08-10,si1s,1,0.8228622856111569,0
2020-08-10,pl1s,1,0.4172997528317523,0
2020-08-11,pl1s,0,0.5650382031486986,0
2020-08-11,si1s,1,0.8544544439508812,0
2020-08-12,pl1s,1,0.4020788675003584,0
2020-08-12,si1s,1,0.7587020899851407,0
2020-08-13,pl1s,1,0.34628409683807515,0
2020-08-13,si1s,1,0.7056694894100122,0
2020-08-14,pl1s,1,0.27724783521991636,0
2020-08-14,si1s,0,0.6710268793148588,0
2020-08-17,pl1s,1,0.33651771194323143,0
2020-08-17,si1s,0,0.7277208371421705,0
2020-01-30,pl1s,0,0.5020358428580516,1
2020-01-30,si1s,1,0.317262828753508,1
2020-01-31,si1s,1,0.28045613504728245,1
2020-01-31,pl1s,1,0.3980951339650962,1
2020-02-03,si1s,0,0.2161922999531158,1
2020-02-03,pl1s,1,0.6818262804892,1
2020-02-04,si1s,0,0.4137481046437302,1
2020-02-04,pl1s,1,0.35114746620000525,1
2020-02-05,si1s,1,0.7350164153116671,1
2020-02-05,pl1s,0,0.6888370717533918,1
2020-02-06,si1s,1,0.668276780004553,1
2020-02-06,pl1s,1,0.725303926320781,1
2020-02-07,si1s,1,0.43669991090252375,1
2020-02-07,pl1s,1,0.6496159772469227,1
2020-02-10,pl1s,0,0.5876827814178573,1
2020-02-11,pl1s,0,0.3668105909020968,1
2020-02-11,si1s,1,0.9100284392734848,1
2020-02-12,pl1s,0,0.3710604205504499,1
2020-02-12,si1s,0,0.8394798663080553,1
2020-02-13,si1s,1,0.9065196719543276,1
2020-02-13,pl1s,0,0.5780088793235802,1
2020-02-14,si1s,1,0.8819010581021605,1
2020-02-14,pl1s,0,0.5632186680776682,1
2020-02-18,pl1s,0,0.40725931277974314,1
2020-02-19,si1s,1,0.9124873486711721,1
2020-02-20,si1s,1,0.9469910941788294,1
2020-02-20,pl1s,0,0.38624948864327696,1
2020-02-21,pl1s,0,0.5471793510930799,1
2020-02-21,si1s,1,0.9474820722145497,1
2020-02-24,pl1s,0,0.6164771353390783,1
2020-02-24,si1s,1,0.9793546906636926,1
2020-02-25,pl1s,0,0.9398512269049781,1
2020-02-25,si1s,1,0.5277477425946175,1
2020-02-26,si1s,1,0.7481250625018873,1
2020-02-26,pl1s,0,0.9804082409775082,1
2020-02-27,si1s,1,0.5768587639816565,1
2020-02-27,pl1s,0,0.993945926493506,1
2020-02-28,si1s,0,0.7778647417551711,1
2020-02-28,pl1s,0,0.9947580648168033,1
2020-03-02,pl1s,0,0.8577212745919858,1
2020-03-02,si1s,0,0.424731142346804,1
2020-03-03,si1s,0,0.21055590717970668,1
2020-03-03,pl1s,0,0.7981638631309761,1
2020-03-04,pl1s,0,0.7840925383292651,1
2020-03-04,si1s,0,0.13836798277685283,1
2020-03-05,si1s,0,0.10144854157624869,1
2020-03-05,pl1s,0,0.7993527490252433,1
2020-03-06,si1s,0,0.14787834667615912,1
2020-03-06,pl1s,0,0.7400598669843925,1
2020-03-09,pl1s,0,0.7893412011363585,1
2020-03-09,si1s,0,0.451450317044876,1
2020-03-10,pl1s,0,0.8878615117317977,1
2020-03-10,si1s,0,0.7427944002922638,1
2020-03-11,pl1s,0,0.9487425839362426,1
2020-03-11,si1s,0,0.8504421661338328,1
2020-03-12,pl1s,0,0.9757856883935594,1
2020-03-12,si1s,0,0.9225711278373995,1
2020-03-13,pl1s,0,0.997919049316994,1
2020-03-13,si1s,0,0.9818015264749627,1
2020-03-16,si1s,0,0.9810829881817092,1
2020-03-16,gc1s,1,0.9995094878569788,1
2020-03-16,pl1s,0,0.9976661281156077,1
2020-03-17,pl1s,0,0.9999728816250262,1
2020-03-17,si1s,0,0.9999275576625146,1
2020-03-18,pl1s,1,0.9999987271740274,1
2020-03-18,si1s,1,0.9999732055720216,1
2020-03-18,gc1s,1,0.9999340329000229,1
2020-03-19,pl1s,1,0.9999996098328371,1
2020-03-19,si1s,1,0.9999956509322647,1
2020-03-19,gc1s,1,0.9999587350927367,1
2020-03-20,pl1s,1,0.9999859092740766,1
2020-03-20,gc1s,1,0.9997345821493138,1
2020-03-20,si1s,1,0.9987796220048819,1
2020-03-23,si1s,1,0.9911534718537067,1
2020-03-23,pl1s,1,0.9996984251162663,1
2020-03-24,pl1s,0,0.9887799676375939,1
2020-03-24,si1s,1,0.6018296998593615,1
2020-03-25,pl1s,1,0.8001071604108353,1
2020-03-25,gc1s,0,0.6614421168712264,1
2020-03-26,pl1s,0,0.4868627508092436,1
2020-03-26,gc1s,0,0.13656611366187954,1
2020-03-26,si1s,1,0.23190206722941317,1
2020-03-27,si1s,1,0.268546198060899,1
2020-03-27,pl1s,0,0.41689711082826325,1
2020-03-27,gc1s,0,0.2016764104499189,1
2020-03-30,pl1s,0,0.3663316735592416,1
2020-03-30,gc1s,0,0.09175726099229607,1
2020-03-30,si1s,0,0.3798696219083641,1
2020-03-31,si1s,0,0.999128264802416,1
2020-03-31,gc1s,0,0.9838488000450677,1
2020-03-31,pl1s,0,0.9979884020111023,1
2020-04-01,gc1s,0,0.9911821199924048,1
2020-04-01,si1s,0,0.9993166192276105,1
2020-04-02,gc1s,0,0.9916249931710044,1
2020-04-02,pl1s,0,0.9993303500142605,1
2020-04-02,si1s,0,0.9987944724308125,1
2020-04-03,pl1s,1,0.9993919225025045,1
2020-04-03,si1s,0,0.9989431218028599,1
2020-04-03,gc1s,0,0.9751528343395344,1
2020-04-06,si1s,1,0.9976312226218716,1
2020-04-06,pl1s,1,0.9977352139475599,1
2020-04-07,si1s,1,0.998143547243095,1
2020-04-08,pl1s,1,0.9997638022893728,1
2020-04-08,si1s,0,0.9995132081824144,1
2020-04-09,si1s,1,0.9965906506336839,1
2020-04-09,pl1s,1,0.9992341776083855,1
2020-04-13,pl1s,1,0.9816722428756969,1
2020-04-13,gc1s,1,0.8593526981476234,1
2020-04-13,si1s,1,0.9862371240694477,1
2020-04-14,si1s,1,0.78787047903855,1
2020-04-15,pl1s,1,0.44557422962889276,1
2020-04-15,si1s,1,0.5616102500469757,1
2020-04-15,gc1s,1,0.6796636884906073,1
2020-04-16,si1s,1,0.41816444248228957,1
2020-04-16,gc1s,1,0.7711286201978081,1
2020-04-16,pl1s,0,0.7191900321328475,1
2020-04-17,si1s,1,0.6072283386182159,1
2020-04-17,pl1s,1,0.6155621179005897,1
2020-04-17,gc1s,0,0.801571568846537,1
2020-04-20,si1s,1,0.6122347485260065,1
2020-04-20,gc1s,0,0.7273955505371069,1
2020-04-21,pl1s,0,0.6502568134659603,1
2020-04-22,si1s,0,0.9492675084579986,1
2020-04-22,pl1s,0,0.9026335531161588,1
2020-04-23,pl1s,1,0.8455606175334281,1
2020-04-23,si1s,1,0.895190322942276,1
2020-04-24,si1s,0,0.5547373608129901,1
2020-04-27,pl1s,1,0.6409069860024728,1
2020-04-27,gc1s,0,0.7782760067722965,1
2020-04-28,gc1s,0,0.8387978724850023,1
2020-04-29,si1s,0,0.3552688894497602,1
2020-04-29,pl1s,1,0.5429848745489415,1
2020-04-30,si1s,1,0.4323122969259426,1
2020-04-30,pl1s,1,0.5602087985238302,1
2020-05-01,si1s,1,0.7738735460151256,1
2020-05-01,pl1s,0,0.7773921871481159,1
2020-05-04,si1s,1,0.6398203154426265,1
2020-05-05,si1s,1,0.7614780806238199,1
2020-05-06,gc1s,1,0.8435541815035202,1
2020-05-06,si1s,1,0.8245297886749212,1
2020-05-07,si1s,0,0.6843809915447195,1
2020-05-07,gc1s,0,0.9194014833280926,1
2020-05-08,si1s,1,0.9310133425407151,1
2020-05-08,pl1s,0,0.7375563625252459,1
2020-05-11,si1s,1,0.9033367707825714,1
2020-05-11,pl1s,0,0.6221433266538675,1
2020-05-12,pl1s,1,0.8641601185605619,1
2020-08-18,si1s,0,0.021112320016354498,1
2020-08-18,pl1s,1,0.3320645719263533,1
2020-08-18,gc1s,1,0.6633540831309007,1
2020-08-19,gc1s,1,0.6469631802932053,1
2020-08-19,si1s,1,0.025274477474251513,1
2020-08-19,pl1s,0,0.6150712527842235,1
2020-08-20,pl1s,0,0.9550310145463587,1
2020-08-20,gc1s,1,0.8895026200358671,1
2020-08-20,si1s,1,0.11143306645638106,1
2020-08-21,pl1s,0,0.7255772854407783,1
2020-08-21,gc1s,1,0.7706501241818784,1
2020-08-21,si1s,1,0.023923808200379697,1
2020-08-24,pl1s,0,0.8303057696816403,1
2020-08-24,gc1s,0,0.7923996051452137,1
2020-08-25,pl1s,0,0.49911479797815217,1
2020-08-25,si1s,1,0.3467669258949745,1
2020-08-26,pl1s,1,0.7577233276602499,1
2020-08-27,pl1s,1,0.5213646492228992,1
2020-08-27,si1s,1,0.1529879881442784,1
2020-08-28,pl1s,0,0.3038488067863855,1
2020-08-28,si1s,1,0.20689127609787614,1
2020-08-31,pl1s,1,0.1522498797994606,1
2020-08-31,si1s,1,0.04800787353809686,1
2020-09-01,si1s,1,0.06615709020686879,1
2020-09-01,pl1s,1,0.2898736283987023,1
2020-09-02,pl1s,1,0.3169298820662778,1
2020-09-02,si1s,1,0.15226855890358074,1
2020-09-03,pl1s,1,0.8967896575353238,1
2020-09-03,si1s,1,0.8331999970199754,1
2020-09-04,pl1s,0,0.7986023233669562,1
2020-09-04,si1s,0,0.8674752866765342,1
2020-09-08,pl1s,0,0.8375002036043309,1
2020-09-08,si1s,0,0.8807242556442104,1
2020-09-09,pl1s,0,0.7805660319774465,1
2020-09-10,si1s,0,0.6220635260056578,1
2020-09-11,si1s,0,0.6806699369648689,1
2020-09-14,si1s,0,0.24774388778237402,1
2020-09-14,pl1s,1,0.7023613736353094,1
2020-09-15,si1s,0,0.3758721832739148,1
2020-09-15,pl1s,1,0.5772681377105098,1
2020-09-16,si1s,0,0.5298486622440384,1
2020-09-16,pl1s,0,0.542100089519479,1
2020-09-17,pl1s,0,0.5729369395795884,1
2020-09-17,si1s,0,0.520566507768736,1
2020-09-18,si1s,0,0.6747531193395306,1
2020-09-18,pl1s,0,0.8504835428385972,1
2020-09-21,pl1s,1,0.9315333557631963,1
2020-09-21,si1s,0,0.5077408786156395,1
2020-09-22,pl1s,1,0.996222567492007,1
2020-09-22,si1s,1,0.975156882207038,1
2020-09-23,gc1s,1,0.970434271197421,1
2020-09-24,gc1s,1,0.982938279445106,1
2020-09-24,si1s,1,0.993248690640914,1
2020-09-25,gc1s,1,0.9764023356377989,1
2020-09-25,pl1s,1,0.997014345742713,1
2020-09-28,si1s,0,0.9783069241985898,1
2020-09-28,gc1s,1,0.9497629485051868,1
2020-09-28,pl1s,0,0.9945130895187518,1
2020-09-29,gc1s,0,0.8788085194895118,1
2020-09-29,si1s,1,0.9124936183360737,1
2020-09-30,gc1s,1,0.7960036316914293,1
2020-09-30,si1s,1,0.986340017869591,1
2020-09-30,pl1s,0,0.9725106933208262,1
2020-10-01,pl1s,0,0.9214033200853817,1
2020-10-02,pl1s,0,0.9750980818972174,1
2020-10-02,si1s,1,0.9931523870450959,1
2020-10-05,si1s,0,0.9701127767424862,1
2020-10-05,pl1s,0,0.8753922751519068,1
2020-10-06,pl1s,1,0.9804565029473773,1
2020-10-06,si1s,1,0.9809672203992397,1
2020-10-07,si1s,1,0.9932653945148826,1
2020-10-07,pl1s,1,0.9933942336207127,1
2020-10-08,pl1s,1,0.9848714980217722,1
2020-10-08,si1s,1,0.9917003949383415,1
2020-10-09,si1s,1,0.9885385788859148,1
2020-10-09,pl1s,1,0.9057752635786562,1
2020-10-12,pl1s,1,0.8907804971540256,1
2020-10-12,si1s,1,0.9671525093713415,1
2020-10-13,pl1s,1,0.86566202587129,1
2020-10-14,pl1s,1,0.9355510147851099,1
2020-10-14,si1s,1,0.9884687769922743,1
2020-10-15,pl1s,0,0.8291297235231743,1
2020-10-16,pl1s,0,0.8381201856014076,1
2020-10-16,si1s,1,0.9876280965366037,1
2020-10-19,gc1s,0,0.34106101396537236,1
2020-10-19,pl1s,0,0.3755665654876072,1
2020-10-19,si1s,1,0.9413612404674432,1
2020-10-20,si1s,1,0.9174873828278503,1
2020-10-20,pl1s,0,0.24304826999251128,1
2020-10-20,gc1s,0,0.40468435876198905,1
2020-10-21,gc1s,0,0.49221023044390194,1
2020-10-21,pl1s,0,0.228154005719712,1
2020-10-21,si1s,0,0.9146250074320337,1
2020-10-22,si1s,1,0.8034604404023127,1
2020-10-22,gc1s,1,0.2552988765068943,1
2020-10-22,pl1s,1,0.5145143144496995,1
2020-10-23,pl1s,0,0.6963894360356022,1
2020-10-23,si1s,1,0.8059159037833394,1
2020-10-23,gc1s,1,0.27172541995621136,1
2020-10-26,gc1s,0,0.46826760384701893,1
2020-10-26,pl1s,0,0.3879274647036997,1
2020-10-26,si1s,0,0.7268825951786717,1
2020-10-27,si1s,0,0.7681291388590563,1
2020-10-27,gc1s,0,0.48607668809144955,1
2020-10-27,pl1s,1,0.38993785081942456,1
2020-10-28,si1s,1,0.43328151128029935,1
2020-10-28,gc1s,0,0.3205601948676216,1
2020-10-28,pl1s,0,0.2629583005948387,1
2020-10-29,si1s,1,0.8282185133148644,1
2020-10-29,pl1s,1,0.719158275798404,1
2020-10-29,gc1s,1,0.3815014639535911,1
2020-10-30,gc1s,1,0.48741855246277105,1
2020-10-30,pl1s,1,0.6934026649511837,1
2020-10-30,si1s,1,0.8020413801841012,1
2020-11-02,si1s,1,0.695035761575362,1
2020-11-02,pl1s,1,0.3222370535387675,1
2020-11-03,gc1s,0,0.5211229883018068,1
2020-11-03,si1s,0,0.7945964788095802,1
2020-11-03,pl1s,1,0.1543896052786465,1
2020-11-04,gc1s,0,0.7040001006146791,1
2020-11-04,si1s,1,0.4952401038769688,1
2020-11-04,pl1s,1,0.5000680533232619,1
2020-11-05,si1s,1,0.9693287689639881,1
2020-11-05,pl1s,1,0.541298347186195,1
2020-11-06,si1s,1,0.9755578111710884,1
2020-11-06,pl1s,1,0.7300076154923643,1
2020-11-09,pl1s,1,0.4871715776002178,1
2020-11-09,si1s,0,0.7086780049040479,1
2020-11-10,gc1s,0,0.6801637034189703,1
2020-11-10,si1s,0,0.8281051603849487,1
2020-11-10,pl1s,1,0.6263343869700227,1
2020-11-11,si1s,0,0.8445291029606699,1
2020-11-11,pl1s,1,0.6621448154576806,1
2020-11-12,gc1s,0,0.7234050046867854,1
2020-11-12,si1s,0,0.8078226698857898,1
2020-11-12,pl1s,1,0.5264185826831345,1
2020-11-13,pl1s,1,0.398121055049616,1
2020-11-13,si1s,0,0.8003086794024193,1
2020-11-16,si1s,0,0.5834672321232959,1
2020-11-16,pl1s,1,0.15606600414649513,1
2020-11-17,pl1s,1,0.0556829043069347,1
2020-11-17,si1s,1,0.5191627305068087,1
2020-11-18,pl1s,1,0.12283588861264287,1
2020-11-18,si1s,0,0.5519077940683667,1
2020-11-19,gc1s,0,0.7387346953989963,1
2020-11-19,pl1s,1,0.2295800205168196,1
2020-11-19,si1s,1,0.753334915124087,1
2020-01-30,pl1s,0,0.48314207849149216,2
2020-01-30,si1s,1,0.1801515320814797,2
2020-01-31,si1s,1,0.12377130162998576,2
2020-01-31,pl1s,1,0.3412720380794999,2
2020-02-03,si1s,0,0.20152490093086545,2
2020-02-03,pl1s,1,0.4981529317476459,2
2020-02-04,si1s,0,0.31855230608110024,2
2020-02-04,pl1s,1,0.9223532830040678,2
2020-02-05,si1s,1,0.425397238212112,2
2020-02-05,pl1s,0,0.4030638763529066,2
2020-02-06,si1s,1,0.43385610019055637,2
2020-02-06,pl1s,1,0.44957075983811656,2
2020-02-07,si1s,1,0.06754912696459799,2
2020-02-07,pl1s,1,0.4439040283781498,2
2020-02-10,pl1s,0,0.4036468909469661,2
2020-02-11,pl1s,0,0.15003276653736358,2
2020-02-11,si1s,1,0.12380122352539522,2
2020-02-12,pl1s,0,0.14065463779982718,2
2020-02-12,si1s,0,0.039022427953943034,2
2020-02-13,si1s,1,0.05278213016345473,2
2020-02-13,pl1s,0,0.19625861891386973,2
2020-02-14,si1s,1,0.0870124220137054,2
2020-02-14,pl1s,0,0.3958376384741241,2
2020-02-18,pl1s,0,0.11202576262401558,2
2020-02-19,si1s,1,0.2425512848632462,2
2020-02-20,si1s,1,0.1873881410540035,2
2020-02-20,pl1s,0,0.08589145977975014,2
2020-02-21,pl1s,0,0.29630752464103594,2
2020-02-21,si1s,1,0.1421781320306275,2
2020-02-24,pl1s,0,0.16736712549272148,2
2020-02-24,si1s,1,0.23385771629661695,2
2020-02-25,pl1s,0,0.9700625263545876,2
2020-02-25,si1s,1,0.018824488239334834,2
2020-02-26,si1s,1,0.06767734236418986,2
2020-02-26,pl1s,0,0.9901820981532121,2
2020-02-27,si1s,1,0.3507923167074892,2
2020-02-27,pl1s,0,0.9890928263347846,2
2020-02-28,si1s,0,0.9611942973495085,2
2020-02-28,pl1s,0,0.9872105004372819,2
2020-03-02,pl1s,0,0.9087541067658831,2
2020-03-02,si1s,0,0.8528178206722942,2
2020-03-03,si1s,0,0.8646855188993466,2
2020-03-03,pl1s,0,0.8668101447645266,2
2020-03-04,pl1s,0,0.8371395315270327,2
2020-03-04,si1s,0,0.5450561860434051,2
2020-03-05,si1s,0,0.3516269038177352,2
2020-03-05,pl1s,0,0.7941903879931731,2
2020-03-06,si1s,0,0.11280560424843447,2
2020-03-06,pl1s,0,0.2556008930316326,2
2020-03-09,pl1s,0,0.424437510330439,2
2020-03-09,si1s,0,0.43073181619361706,2
2020-03-10,pl1s,0,0.6922853658849162,2
2020-03-10,si1s,0,0.6417409174402023,2
2020-03-11,pl1s,0,0.8355827144312066,2
2020-03-11,si1s,0,0.8707630353507265,2
2020-03-12,pl1s,0,0.9913781458310975,2
2020-03-12,si1s,0,0.9529091841119519,2
2020-03-13,pl1s,0,0.9974596717542881,2
2020-03-13,si1s,0,0.9982543944217416,2
2020-03-16,si1s,0,0.999990245651463,2
2020-03-16,gc1s,1,0.9999325873228999,2
2020-03-16,pl1s,0,0.9999764103126879,2
2020-03-17,pl1s,0,0.9999944549017452,2
2020-03-17,si1s,0,0.9999977702338082,2
2020-03-18,pl1s,1,0.9999963243831901,2
2020-03-18,si1s,1,0.9999982615627955,2
2020-03-18,gc1s,1,0.9999698087226717,2
2020-03-19,pl1s,1,0.999993286563314,2
2020-03-19,si1s,1,0.999998363167893,2
2020-03-19,gc1s,1,0.9999654271747047,2
2020-03-20,pl1s,1,0.999952172578628,2
2020-03-20,gc1s,1,0.999591665571264,2
2020-03-20,si1s,1,0.9997771542880445,2
2020-03-23,si1s,1,0.996852712665547,2
2020-03-23,pl1s,1,0.9985657697150488,2
2020-03-24,pl1s,0,0.9794473221056139,2
2020-03-24,si1s,1,0.9465568471570706,2
2020-03-25,pl1s,1,0.8707681797780104,2
2020-03-25,gc1s,0,0.8600944530041418,2
2020-03-26,pl1s,0,0.8360396951035054,2
2020-03-26,gc1s,0,0.5261032670544477,2
2020-03-26,si1s,1,0.8918473147817203,2
2020-03-27,si1s,1,0.8634478425570122,2
2020-03-27,pl1s,0,0.8427406803312739,2
2020-03-27,gc1s,0,0.31668742674125966,2
2020-03-30,pl1s,0,0.7812553723997753,2
2020-03-30,gc1s,0,0.27040169766664623,2
2020-03-30,si1s,0,0.9470716739800321,2
2020-03-31,si1s,0,0.9999666419596774,2
2020-03-31,gc1s,0,0.9994756261854972,2
2020-03-31,pl1s,0,0.9997879750707624,2
2020-04-01,gc1s,0,0.9990414010604096,2
2020-04-01,si1s,0,0.9999911285493636,2
2020-04-02,gc1s,0,0.9985540149561748,2
2020-04-02,pl1s,0,0.9994738799884236,2
2020-04-02,si1s,0,0.9999074524996726,2
2020-04-03,pl1s,1,0.9953993475467801,2
2020-04-03,si1s,0,0.9995188823172666,2
2020-04-03,gc1s,0,0.9872303000480401,2
2020-04-06,si1s,1,0.9998291284104309,2
2020-04-06,pl1s,1,0.9839666885485526,2
2020-04-07,si1s,1,0.9997673785301514,2
2020-04-08,pl1s,1,0.9988039488116088,2
2020-04-08,si1s,0,0.9998960115523213,2
2020-04-09,si1s,1,0.9995787036757838,2
2020-04-09,pl1s,1,0.9977521069907851,2
2020-04-13,pl1s,1,0.9872822088953714,2
2020-04-13,gc1s,1,0.9384442598876994,2
2020-04-13,si1s,1,0.996425331785377,2
2020-04-14,si1s,1,0.9559257558176536,2
2020-04-15,pl1s,1,0.6262344973249071,2
2020-04-15,si1s,1,0.9650859044905131,2
2020-04-15,gc1s,1,0.906320460230167,2
2020-04-16,si1s,1,0.8910878195095514,2
2020-04-16,gc1s,1,0.9309416210245213,2
2020-04-16,pl1s,0,0.8814361411436151,2
2020-04-17,si1s,1,0.9701680865406126,2
2020-04-17,pl1s,1,0.8947403734898028,2
2020-04-17,gc1s,0,0.9816318725838624,2
2020-04-20,si1s,1,0.9732279427512482,2
2020-04-20,gc1s,0,0.9749102431480429,2
2020-04-21,pl1s,0,0.9864419182097663,2
2020-04-22,si1s,0,0.9809479970851863,2
2020-04-22,pl1s,0,0.9781808879198591,2
2020-04-23,pl1s,1,0.8726983369696986,2
2020-04-23,si1s,1,0.9179600313593537,2
2020-04-24,si1s,0,0.7552204799110128,2
2020-04-27,pl1s,1,0.48023913824540015,2
2020-04-27,gc1s,0,0.7349897043043561,2
2020-04-28,gc1s,0,0.817573046903338,2
2020-04-29,si1s,0,0.6535928581634085,2
2020-04-29,pl1s,1,0.6560258163996917,2
2020-04-30,si1s,1,0.667756131494,2
2020-04-30,pl1s,1,0.42423858092332667,2
2020-05-01,si1s,1,0.8815810782178601,2
2020-05-01,pl1s,0,0.8267243426526913,2
2020-05-04,si1s,1,0.7852137732318205,2
2020-05-05,si1s,1,0.7363068305391434,2
2020-05-06,gc1s,1,0.7159105792183712,2
2020-05-06,si1s,1,0.8214786409182795,2
2020-05-07,si1s,0,0.7839819384902076,2
2020-05-07,gc1s,0,0.7987925740879361,2
2020-05-08,si1s,1,0.6391555831097058,2
2020-05-08,pl1s,0,0.6173202513857123,2
2020-05-11,si1s,1,0.8480073010598596,2
2020-05-11,pl1s,0,0.7495520443049468,2
2020-05-12,pl1s,1,0.9409635623071162,2
2020-11-20,si1s,1,0.6942484209774971,2
2020-11-20,pl1s,1,0.41220857379314413,2
2020-11-23,gc1s,1,0.8622953672397845,2
2020-11-23,pl1s,1,0.7275542407118174,2
2020-11-23,si1s,1,0.7748652832874339,2
2020-11-24,gc1s,1,0.88480768756723,2
2020-11-24,si1s,1,0.8254477024848602,2
2020-11-24,pl1s,1,0.7294080560939644,2
2020-11-25,si1s,1,0.45858587006297424,2
2020-11-25,gc1s,1,0.816722903469977,2
2020-11-27,si1s,1,0.7674615573333091,2
2020-11-27,gc1s,1,0.9245218527277457,2
2020-11-30,si1s,1,0.858848060024708,2
2020-11-30,gc1s,1,0.9111303552215556,2
2020-12-01,gc1s,1,0.65078962979366,2
2020-12-01,pl1s,0,0.42806912200719327,2
2020-12-02,gc1s,1,0.6025044587718469,2
2020-12-02,pl1s,0,0.38252813253429474,2
2020-12-03,pl1s,0,0.48975434499889764,2
2020-12-03,si1s,1,0.7568472908559054,2
2020-12-04,pl1s,1,0.12327527455468909,2
2020-12-04,si1s,1,0.5465586922690117,2
2020-12-07,pl1s,1,0.20568086839727714,2
2020-12-07,si1s,1,0.2541239730740734,2
2020-12-08,pl1s,1,0.14524901766700324,2
2020-12-08,si1s,1,0.17150187819670992,2
2020-12-09,si1s,1,0.35507117163787155,2
2020-12-09,pl1s,1,0.5723550070957308,2
2020-12-10,si1s,1,0.44172154986336304,2
2020-12-10,pl1s,0,0.6379308209345614,2
2020-12-11,pl1s,0,0.8673975738853147,2
2020-12-11,si1s,1,0.4592904247471097,2
2020-12-14,gc1s,1,0.6300891535072792,2
2020-12-14,si1s,1,0.701676515099234,2
2020-12-14,pl1s,0,0.9336223850025975,2
2020-12-15,si1s,1,0.5710178282196348,2
2020-12-15,pl1s,0,0.8667286719330206,2
2020-12-15,gc1s,1,0.5793330886692125,2
2020-12-16,si1s,1,0.6943181418740882,2
2020-12-16,pl1s,0,0.8881048747340077,2
2020-12-16,gc1s,1,0.4598868162351403,2
2020-12-17,si1s,1,0.6603050411658781,2
2020-12-17,pl1s,0,0.9367857530976349,2
2020-12-18,si1s,1,0.8178362477680537,2
2020-12-18,pl1s,0,0.9434900507507867,2
2020-12-21,pl1s,0,0.960133737071353,2
2020-12-21,si1s,1,0.8341438196819196,2
2020-12-22,si1s,1,0.8654996156906286,2
2020-12-22,pl1s,0,0.9715938115743403,2
2020-12-23,pl1s,0,0.9189305204765789,2
2020-12-23,si1s,0,0.8441527908472647,2
2020-12-24,si1s,0,0.8370172717562016,2
2020-12-24,gc1s,0,0.6040975004689068,2
2020-12-24,pl1s,0,0.7394624049812566,2
2020-12-28,si1s,1,0.49930122795292237,2
2020-12-28,pl1s,0,0.829642534441813,2
2020-12-28,gc1s,0,0.8469511315458925,2
2020-12-29,gc1s,0,0.7618916608627095,2
2020-12-29,si1s,0,0.8514502771768053,2
2020-12-29,pl1s,0,0.8214534421903864,2
2020-12-30,si1s,0,0.714812962087825,2
2020-12-30,pl1s,0,0.8314437409862676,2
2020-12-30,gc1s,0,0.6285833149913496,2
2020-12-31,si1s,0,0.6995496416034392,2
2020-12-31,pl1s,0,0.8479891498670932,2
2020-12-31,gc1s,0,0.8271263271801574,2
2021-01-04,si1s,1,0.32298924867363316,2
2021-01-04,gc1s,0,0.6506286922759591,2
2021-01-04,pl1s,1,0.9665632032880062,2
2021-01-05,si1s,1,0.34859073516500383,2
2021-01-05,pl1s,0,0.9377035993277474,2
2021-01-07,pl1s,1,0.8730578740405043,2
2021-01-08,pl1s,1,0.9820825358832627,2
2021-01-08,si1s,0,0.9943824006336567,2
2021-01-11,pl1s,1,0.993452844311249,2
2021-01-12,pl1s,0,0.9878144361494903,2
2021-01-12,si1s,1,0.9837671376688174,2
2021-01-13,si1s,0,0.9762131376978505,2
2021-01-13,pl1s,1,0.8807925650382474,2
2021-01-14,pl1s,1,0.8954940462945199,2
2021-01-14,si1s,0,0.9938160923109767,2
2021-01-15,pl1s,0,0.9721539115860339,2
2021-01-15,si1s,0,0.9848300379608841,2
2021-01-19,pl1s,0,0.9715650553154753,2
2021-01-19,si1s,0,0.9924663806745447,2
2021-01-20,pl1s,1,0.7274628600356549,2
2021-01-20,gc1s,1,0.9502250348613187,2
2021-01-20,si1s,0,0.9718045148974493,2
2021-01-21,si1s,0,0.9006113642902592,2
2021-01-21,gc1s,1,0.9385806306494073,2
2021-01-21,pl1s,1,0.924288528426319,2
2021-01-22,si1s,0,0.9270784366335847,2
2021-01-22,pl1s,0,0.9623769970319196,2
2021-01-25,si1s,0,0.9173360649760978,2
2021-01-25,pl1s,0,0.957754064300202,2
2021-01-26,si1s,0,0.9109402015931002,2
2021-01-26,pl1s,0,0.9561018465775498,2
2021-01-27,si1s,0,0.9766676588328284,2
2021-01-28,si1s,0,0.9905225856484814,2
2021-01-28,pl1s,1,0.9637854636995689,2
2021-01-29,pl1s,1,0.8930907751097078,2
2021-02-01,si1s,1,0.32790177653263325,2
2021-02-01,pl1s,0,0.6040384349798158,2
2021-02-02,pl1s,1,0.7453964689935553,2
2021-02-03,si1s,1,0.9886371185959978,2
2021-02-04,si1s,1,0.9855529341999828,2
2021-02-04,pl1s,1,0.7425570208384085,2
2021-02-04,gc1s,0,0.9748617001355502,2
2021-02-05,si1s,1,0.9681786142393022,2
2021-02-05,pl1s,1,0.8744866557388743,2
2021-02-08,pl1s,1,0.8296881310041027,2
2021-02-08,si1s,0,0.7733144229871886,2
2021-02-09,si1s,0,0.7236703939753,2
2021-02-09,pl1s,0,0.31918146004015613,2
2021-02-10,pl1s,1,0.4627084384368052,2
2021-02-10,si1s,0,0.8445037410834869,2
2021-02-11,pl1s,1,0.43708135088421496,2
2021-02-11,si1s,1,0.8158184040127184,2
2021-02-12,pl1s,1,0.7197060051086384,2
2021-02-12,si1s,1,0.5014789547064975,2
2021-02-16,si1s,1,0.8087952062142895,2
2021-02-16,pl1s,1,0.44717381480239565,2
2021-02-17,si1s,1,0.9238954158987083,2
2021-02-17,pl1s,1,0.7308933923500512,2
2021-02-18,pl1s,1,0.8478189112446642,2
2021-02-18,si1s,1,0.9181703333761818,2
2021-02-19,gc1s,0,0.9609543307727634,2
2021-02-19,pl1s,1,0.8942289318398764,2
2021-02-19,si1s,1,0.9845608205224763,2
2021-02-22,si1s,1,0.7537842022824129,2
2021-02-22,pl1s,1,0.7428381911086587,2
2021-02-23,si1s,1,0.7623145075962389,2
2021-02-23,pl1s,1,0.9721067863738243,2
2021-02-24,si1s,0,0.7755065651257653,2
2021-02-24,pl1s,1,0.9066378471488132,2
2021-02-25,pl1s,1,0.9632112421711414,2
2021-02-26,gc1s,0,0.9949057321632465,2
2021-02-26,pl1s,0,0.9900986433891439,2
2021-02-26,si1s,1,0.9813851302457576,2
2021-03-01,pl1s,0,0.8781715591826599,2
2021-03-01,si1s,1,0.9639276045531862,2
2021-03-01,gc1s,1,0.9863204168728176,2
2021-03-02,gc1s,0,0.9167853974916504,2
2021-03-02,si1s,0,0.8628418743845104,2
2021-03-02,pl1s,0,0.7318134630166705,2
2021-03-03,gc1s,1,0.9695797809670582,2
2021-03-03,si1s,0,0.8588360677465363,2
2020-01-30,pl1s,0,0.7656609094351448,3
2020-01-30,si1s,1,0.4918947569105419,3
2020-01-31,si1s,1,0.4096714725298884,3
2020-01-31,pl1s,1,0.618737209372312,3
2020-02-03,si1s,0,0.43226121520058514,3
2020-02-03,pl1s,1,0.7735368833917217,3
2020-02-04,si1s,0,0.6252934086947908,3
2020-02-04,pl1s,1,0.9691416035014306,3
2020-02-05,si1s,1,0.589761623242012,3
2020-02-05,pl1s,0,0.6641410640465057,3
2020-02-06,si1s,1,0.36942739147545084,3
2020-02-06,pl1s,1,0.6792828070257938,3
2020-02-07,si1s,1,0.11090906226364786,3
2020-02-07,pl1s,1,0.724799852013413,3
2020-02-10,pl1s,0,0.5873862453593384,3
2020-02-11,pl1s,0,0.3294676390175095,3
2020-02-11,si1s,1,0.035817191354479895,3
2020-02-12,pl1s,0,0.38168591018497433,3
2020-02-12,si1s,0,0.008721350307773261,3
2020-02-13,si1s,1,0.010799884603801001,3
2020-02-13,pl1s,0,0.5466825526126882,3
2020-02-14,si1s,1,0.007241041593792351,3
2020-02-14,pl1s,0,0.6045628270917451,3
2020-02-18,pl1s,0,0.39006837046478726,3
2020-02-19,si1s,1,0.012478933603360543,3
2020-02-20,si1s,1,0.009950919852568291,3
2020-02-20,pl1s,0,0.4729445487409535,3
2020-02-21,pl1s,0,0.5504206160193414,3
2020-02-21,si1s,1,0.00729796027790796,3
2020-02-24,pl1s,0,0.5389510205260175,3
2020-02-24,si1s,1,0.01979382518057575,3
2020-02-25,pl1s,0,0.9004883228341747,3
2020-02-25,si1s,1,0.06342736631176447,3
2020-02-26,si1s,1,0.3567621983370966,3
2020-02-26,pl1s,0,0.9505110522998006,3
2020-02-27,si1s,1,0.3640498918411006,3
2020-02-27,pl1s,0,0.9547293274084457,3
2020-02-28,si1s,0,0.8926312699312123,3
2020-02-28,pl1s,0,0.9685639193964489,3
2020-03-02,pl1s,0,0.9999257783898533,3
2020-03-02,si1s,0,0.9995228952500951,3
2020-03-03,si1s,0,0.9985947895493082,3
2020-03-03,pl1s,0,0.9998165692041554,3
2020-03-04,pl1s,0,0.999822701254331,3
2020-03-04,si1s,0,0.997329248903925,3
2020-03-05,si1s,0,0.9955630257319592,3
2020-03-05,pl1s,0,0.9998702029070855,3
2020-03-06,si1s,0,0.995800521572826,3
2020-03-06,pl1s,0,0.9997561840993373,3
2020-03-09,pl1s,0,0.9993352605161931,3
2020-03-09,si1s,0,0.9943182445125442,3
2020-03-10,pl1s,0,0.9997674449743096,3
2020-03-10,si1s,0,0.9984043720709044,3
2020-03-11,pl1s,0,0.9997775409337658,3
2020-03-11,si1s,0,0.9979974529657938,3
2020-03-12,pl1s,0,0.9998454789725303,3
2020-03-12,si1s,0,0.9994066550810491,3
2020-03-13,pl1s,0,0.9999920505409584,3
2020-03-13,si1s,0,0.9999686421883485,3
2020-03-16,si1s,0,0.9999881822235962,3
2020-03-16,gc1s,1,0.9999953755193373,3
2020-03-16,pl1s,0,0.9999931432363829,3
2020-03-17,pl1s,0,0.9999991788442046,3
2020-03-17,si1s,0,0.9999970595612484,3
2020-03-18,pl1s,1,0.9999997600437177,3
2020-03-18,si1s,1,0.9999987951554757,3
2020-03-18,gc1s,1,0.9999976237286398,3
2020-03-19,pl1s,1,0.9999998745831427,3
2020-03-19,si1s,1,0.9999996176760891,3
2020-03-19,gc1s,1,0.9999991208889066,3
2020-03-20,pl1s,1,0.9999990777687745,3
2020-03-20,gc1s,1,0.9999964170961355,3
2020-03-20,si1s,1,0.9999783145094903,3
2020-03-23,si1s,1,0.9997882858713661,3
2020-03-23,pl1s,1,0.9999874555990732,3
2020-03-24,pl1s,0,0.9997749598779834,3
2020-03-24,si1s,1,0.9965215068956981,3
2020-03-25,pl1s,1,0.9985687797682061,3
2020-03-25,gc1s,0,0.9983764869687946,3
2020-03-26,pl1s,0,0.9995909170829157,3
2020-03-26,gc1s,0,0.9999498547114678,3
2020-03-26,si1s,1,0.9979369257725392,3
2020-03-27,si1s,1,0.9991713343158842,3
2020-03-27,pl1s,0,0.999737672934809,3
2020-03-27,gc1s,0,0.9995504015217447,3
2020-03-30,pl1s,0,0.9999173133842694,3
2020-03-30,gc1s,0,0.9993920194428537,3
2020-03-30,si1s,0,0.9997134462855941,3
2020-03-31,si1s,0,0.9990082186565435,3
2020-03-31,gc1s,0,0.9912133326453324,3
2020-03-31,pl1s,0,0.9989839986751975,3
2020-04-01,gc1s,0,0.9548427154831682,3
2020-04-01,si1s,0,0.9984586877703452,3
2020-04-02,gc1s,0,0.9535612964784901,3
2020-04-02,pl1s,0,0.9956334545681056,3
2020-04-02,si1s,0,0.9905724383335928,3
2020-04-03,pl1s,1,0.9951442364428283,3
2020-04-03,si1s,0,0.9909984764111776,3
2020-04-03,gc1s,0,0.9206813381064777,3
2020-04-06,si1s,1,0.9935857812573358,3
2020-04-06,pl1s,1,0.9837975917680248,3
2020-04-07,si1s,1,0.9947168009033401,3
2020-04-08,pl1s,1,0.998754663545398,3
2020-04-08,si1s,0,0.9989115630384732,3
2020-04-09,si1s,1,0.9970105263385681,3
2020-04-09,pl1s,1,0.9986158538660596,3
2020-04-13,pl1s,1,0.9838174536305634,3
2020-04-13,gc1s,1,0.8279113538539314,3
2020-04-13,si1s,1,0.9666986681004236,3
2020-04-14,si1s,1,0.7791130659549778,3
2020-04-15,pl1s,1,0.5196170693717753,3
2020-04-15,si1s,1,0.6182518712341591,3
2020-04-15,gc1s,1,0.6310995944128535,3
2020-04-16,si1s,1,0.3112657161859277,3
2020-04-16,gc1s,1,0.6218818703959933,3
2020-04-16,pl1s,0,0.3826150935276142,3
2020-04-17,si1s,1,0.5703371321999201,3
2020-04-17,pl1s,1,0.3331504461157692,3
2020-04-17,gc1s,0,0.6723246564008846,3
2020-04-20,si1s,1,0.5886970109105503,3
2020-04-20,gc1s,0,0.5299151425177471,3
2020-04-21,pl1s,0,0.5973182619586869,3
2020-04-22,si1s,0,0.829784704602328,3
2020-04-22,pl1s,0,0.769025892550023,3
2020-04-23,pl1s,1,0.697639366718324,3
2020-04-23,si1s,1,0.6503544615249065,3
2020-04-24,si1s,0,0.24927786283905082,3
2020-04-27,pl1s,1,0.26698090361722326,3
2020-04-27,gc1s,0,0.4254340689023123,3
2020-04-28,gc1s,0,0.5518850617553358,3
2020-04-29,si1s,0,0.20685525354452888,3
2020-04-29,pl1s,1,0.3100580018053376,3
2020-04-30,si1s,1,0.6053368418503705,3
2020-04-30,pl1s,1,0.5100107219878758,3
2020-05-01,si1s,1,0.8501704906170668,3
2020-05-01,pl1s,0,0.6877669124402532,3
2020-05-04,si1s,1,0.7297036197719324,3
2020-05-05,si1s,1,0.6638132999348811,3
2020-05-06,gc1s,1,0.6088985520130223,3
2020-05-06,si1s,1,0.5873706188813399,3
2020-05-07,si1s,0,0.3974382772989732,3
2020-05-07,gc1s,0,0.7122834674230093,3
2020-05-08,si1s,1,0.4449677382910221,3
2020-05-08,pl1s,0,0.45026128828272105,3
2020-05-11,si1s,1,0.5650975536921949,3
2020-05-11,pl1s,0,0.3565211031702585,3
2020-05-12,pl1s,1,0.7511073581282172,3
2021-03-03,pl1s,1,0.35870903864005405,3
2021-03-04,gc1s,1,0.9252720298030985,3
2021-03-04,si1s,0,0.29763800834272913,3
2021-03-04,pl1s,1,0.5539239256010094,3
2021-03-05,pl1s,1,0.5520923038339408,3
2021-03-05,si1s,0,0.4650233125730893,3
2021-03-05,gc1s,1,0.9428464886657236,3
2021-03-08,gc1s,1,0.9194581548837276,3
2021-03-08,si1s,0,0.13555777451620693,3
2021-03-08,pl1s,1,0.18517885587564056,3
2021-03-09,pl1s,0,0.8775238532047949,3
2021-03-09,gc1s,1,0.89109534779019,3
2021-03-09,si1s,1,0.12497543564062824,3
2021-03-10,gc1s,1,0.6903608020300145,3
2021-03-10,si1s,1,0.03756000803668387,3
2021-03-10,pl1s,0,0.12338271138794386,3
2021-03-11,pl1s,0,0.2478139399338303,3
2021-03-11,gc1s,1,0.653834505134211,3
2021-03-11,si1s,1,0.0715396764792435,3
2021-03-12,si1s,0,0.22491374065718936,3
2021-03-12,gc1s,1,0.8039438134968637,3
2021-03-12,pl1s,0,0.41567632551185824,3
2021-03-15,gc1s,0,0.7650090717057842,3
2021-03-15,pl1s,0,0.2931931950990758,3
2021-03-15,si1s,1,0.10891864344089579,3
2021-03-16,gc1s,0,0.6759867539600094,3
2021-03-16,pl1s,0,0.16619035290128625,3
2021-03-16,si1s,0,0.11118103493940644,3
2021-03-17,gc1s,0,0.8357151285060284,3
2021-03-17,pl1s,0,0.4958867469912883,3
2021-03-17,si1s,0,0.4351398825860631,3
2021-03-18,gc1s,0,0.8818908700370611,3
2021-03-18,pl1s,0,0.6462348538252861,3
2021-03-18,si1s,1,0.5794801024816041,3
2021-03-19,si1s,1,0.6583785279285509,3
2021-03-19,gc1s,0,0.9216497950530963,3
2021-03-19,pl1s,1,0.7761873188933361,3
2021-03-22,pl1s,1,0.528292321435171,3
2021-03-22,si1s,0,0.4320454441117895,3
2021-03-23,pl1s,1,0.5743110685160442,3
2021-03-23,si1s,1,0.5295955071774122,3
2021-03-24,pl1s,1,0.34599253207317976,3
2021-03-24,si1s,1,0.2559619745472677,3
2021-03-25,si1s,1,0.49396507264715256,3
2021-03-25,pl1s,1,0.7159820168871749,3
2021-03-26,si1s,0,0.06518479635468424,3
2021-03-26,pl1s,0,0.4626285035573641,3
2021-03-29,pl1s,0,0.3885188725267469,3
2021-03-29,si1s,1,0.23805253554339284,3
2021-03-30,si1s,1,0.37983173430956113,3
2021-03-30,pl1s,1,0.5561928636352561,3
2021-03-31,si1s,1,0.372490938754964,3
2021-03-31,pl1s,1,0.446746998892269,3
2021-04-01,si1s,1,0.053388164557443454,3
2021-04-01,pl1s,1,0.3529450556727657,3
2021-04-05,si1s,1,0.021373208467397372,3
2021-04-05,pl1s,0,0.11704801204703771,3
2021-04-06,si1s,0,0.07898281070703726,3
2021-04-06,gc1s,0,0.1946354088477451,3
2021-04-07,gc1s,0,0.5910486906690865,3
2021-04-07,si1s,0,0.20380484326278261,3
2021-04-07,pl1s,0,0.3391537142438777,3
2021-04-08,pl1s,0,0.12051412588426325,3
2021-04-08,si1s,1,0.1294358794392818,3
2021-04-09,pl1s,1,0.592541372836254,3
2021-04-09,gc1s,0,0.7501542424202842,3
2021-04-09,si1s,1,0.2242905314772864,3
2021-04-12,pl1s,1,0.553285164399159,3
2021-04-12,si1s,1,0.06914074381902686,3
2021-04-13,pl1s,1,0.7534690454622321,3
2021-04-13,si1s,1,0.30109172827494235,3
2021-04-14,si1s,1,0.1266495186017325,3
2021-04-14,pl1s,1,0.5603820898980779,3
2021-04-15,pl1s,0,0.5971230009134356,3
2021-04-16,pl1s,0,0.3239946559568367,3
2021-04-16,si1s,1,0.11657101906895262,3
2021-04-20,pl1s,1,0.29590581866466054,3
2021-04-21,si1s,1,0.4173545578829263,3
2021-04-21,pl1s,1,0.5035582814707642,3
2021-04-22,pl1s,1,0.18891439904405175,3
2021-04-23,pl1s,1,0.6038763729670465,3
2021-04-26,pl1s,1,0.2565637943562728,3
2021-04-26,si1s,0,0.2255712374213311,3
2021-04-27,si1s,0,0.28803743747440297,3
2021-04-27,pl1s,0,0.5185462333543519,3
2021-04-28,pl1s,1,0.30672300118874785,3
2021-04-28,si1s,0,0.08884202958452143,3
2021-04-29,pl1s,1,0.3911454148275603,3
2021-04-29,si1s,0,0.4359405509674697,3
2021-04-30,pl1s,1,0.6816903035712705,3
2021-04-30,si1s,1,0.3503832112092114,3
2021-05-03,pl1s,1,0.5119856391457757,3
2021-05-03,si1s,0,0.6409365531596267,3
2021-05-04,pl1s,0,0.5275160185661568,3
2021-05-04,si1s,1,0.1203963687515108,3
2021-05-05,pl1s,0,0.5662346269329288,3
2021-05-05,si1s,1,0.1861416849239668,3
2021-05-06,pl1s,0,0.4832910814766782,3
2021-05-06,si1s,0,0.5220430512689991,3
2021-05-07,pl1s,0,0.6366864867787742,3
2021-05-07,si1s,0,0.23136919915428733,3
2021-05-07,gc1s,1,0.37305375984783046,3
2021-05-10,pl1s,0,0.5684135264682175,3
2021-05-10,si1s,0,0.1482250454873882,3
2021-05-11,pl1s,0,0.4839944196807297,3
2021-05-11,si1s,0,0.3474011569531039,3
2021-05-12,gc1s,1,0.1476658812153319,3
2021-05-12,si1s,1,0.27079971231005023,3
2021-05-12,pl1s,0,0.6381307072694818,3
2021-05-13,pl1s,0,0.5577384895323231,3
2021-05-13,gc1s,1,0.5321668549167453,3
2021-05-13,si1s,0,0.3429687931549525,3
2021-05-14,pl1s,0,0.4321368394898584,3
2021-05-14,si1s,0,0.1645735585920443,3
2021-05-17,si1s,1,0.25493377505487536,3
2021-05-17,gc1s,1,0.2866125725974142,3
2021-05-17,pl1s,0,0.2254477666832068,3
2021-05-18,si1s,1,0.14879368760605965,3
2021-05-18,pl1s,0,0.29691138795409855,3
2021-05-18,gc1s,1,0.13533820574781424,3
2021-05-19,pl1s,0,0.28223543939430884,3
2021-05-19,si1s,1,0.29080699581126335,3
2021-05-19,gc1s,0,0.24043556325248816,3
2021-05-20,pl1s,0,0.5478240989747943,3
2021-05-20,si1s,1,0.23806356502500695,3
2021-05-20,gc1s,1,0.08812479468003549,3
2021-05-21,si1s,0,0.2453209414464737,3
2021-05-21,pl1s,1,0.811309264958949,3
2021-05-24,si1s,0,0.5758660311514368,3
2021-05-24,pl1s,0,0.6580568488976375,3
2021-05-25,pl1s,0,0.21376422013919114,3
2021-05-25,si1s,0,0.33289113588425395,3
2021-05-26,pl1s,0,0.10652241014011388,3
2021-05-27,pl1s,0,0.11822401464896451,3
2021-05-28,gc1s,0,0.35864768359870375,3
2021-05-28,si1s,1,0.42996254859424665,3
2021-05-28,pl1s,0,0.13121601772801192,3
2021-06-01,gc1s,0,0.6886155441064186,3
2021-06-01,si1s,1,0.2599423663879058,3
2021-06-01,pl1s,0,0.12720865815621496,3
2021-06-02,si1s,1,0.4206192583521325,3
2021-06-02,pl1s,0,0.13334657924163945,3
2021-06-03,si1s,0,0.4993632118057925,3
2021-06-03,pl1s,0,0.4084478468623591,3
2021-06-04,pl1s,0,0.624280440680091,3
2021-06-07,pl1s,0,0.1666421402757632,3
2021-06-08,pl1s,0,0.3165422869821449,3
2020-01-30,pl1s,0,0.8746225307409896,4
2020-01-30,si1s,1,0.018803432915490425,4
2020-01-31,si1s,1,0.0054235057585422216,4
2020-01-31,pl1s,1,0.6617820136940493,4
2020-02-03,si1s,0,0.0231439451112794,4
2020-02-03,pl1s,1,0.8618261368649786,4
2020-02-04,si1s,0,0.05498323049053321,4
2020-02-04,pl1s,1,0.697004522303667,4
2020-02-05,si1s,1,0.25987062498384195,4
2020-02-05,pl1s,0,0.7886168136805793,4
2020-02-06,si1s,1,0.06404035372960036,4
2020-02-06,pl1s,1,0.7478241982408804,4
2020-02-07,si1s,1,0.005346831822826874,4
2020-02-07,pl1s,1,0.9293917336781212,4
2020-02-10,pl1s,0,0.9161437688750029,4
2020-02-11,pl1s,0,0.8110377354378947,4
2020-02-11,si1s,1,9.80196818047634e-11,4
2020-02-12,pl1s,0,0.8414592118823112,4
2020-02-12,si1s,0,3.9651588492339076e-13,4
2020-02-13,si1s,1,6.400451942301892e-13,4
2020-02-13,pl1s,0,0.7733296604754283,4
2020-02-14,si1s,1,2.0131236901734777e-13,4
2020-02-14,pl1s,0,0.894635612220699,4
2020-02-18,pl1s,0,0.5599335974107971,4
2020-02-19,si1s,1,6.002893664149713e-13,4
2020-02-20,si1s,1,1.4357260135214366e-13,4
2020-02-20,pl1s,0,0.8822928997414943,4
2020-02-21,pl1s,0,0.9174063450281353,4
2020-02-21,si1s,1,1.026435345989577e-13,4
2020-02-24,pl1s,0,0.7835643957549512,4
2020-02-24,si1s,1,4.431492676637577e-13,4
2020-02-25,pl1s,0,0.9483523657325819,4
2020-02-25,si1s,1,7.824659379975576e-08,4
2020-02-26,si1s,1,0.0006388330323261769,4
2020-02-26,pl1s,0,0.9816067897998708,4
2020-02-27,si1s,1,0.03695128952837726,4
2020-02-27,pl1s,0,0.9493336597485725,4
2020-02-28,si1s,0,0.6892337055547052,4
2020-02-28,pl1s,0,0.9448794434798462,4
2020-03-02,pl1s,0,0.44285642589876656,4
2020-03-02,si1s,0,0.14699792020147742,4
2020-03-03,si1s,0,0.11692897815002168,4
2020-03-03,pl1s,0,0.6648752765228306,4
2020-03-04,pl1s,0,0.7901580189780215,4
2020-03-04,si1s,0,0.2609788780275146,4
2020-03-05,si1s,0,0.1645379538899833,4
2020-03-05,pl1s,0,0.8528372768430916,4
2020-03-06,si1s,0,0.1677820465805542,4
2020-03-06,pl1s,0,0.33473238946695466,4
2020-03-09,pl1s,0,0.1038910712448443,4
2020-03-09,si1s,0,0.006781849339561927,4
2020-03-10,pl1s,0,0.09674824875907197,4
2020-03-10,si1s,0,0.01899545386332257,4
2020-03-11,pl1s,0,0.06821715039786973,4
2020-03-11,si1s,0,0.007146255845601519,4
2020-03-12,pl1s,0,0.03712555925797746,4
2020-03-12,si1s,0,0.0018995414663691042,4
2020-03-13,pl1s,0,0.5242649833978229,4
2020-03-13,si1s,0,0.02020099369114164,4
2020-03-16,si1s,0,0.10037846282971027,4
2020-03-16,gc1s,1,0.18208664954318043,4
2020-03-16,pl1s,0,0.4583465524939311,4
2020-03-17,pl1s,0,0.7122965193879726,4
2020-03-17,si1s,0,0.15574720563736802,4
2020-03-18,pl1s,1,0.983971830255535,4
2020-03-18,si1s,1,0.555422488762553,4
2020-03-18,gc1s,1,0.9454324938474739,4
2020-03-19,pl1s,1,0.9975779090266579,4
2020-03-19,si1s,1,0.9592570997373419,4
2020-03-19,gc1s,1,0.9870251738038655,4
2020-03-20,pl1s,1,0.9978166432327683,4
2020-03-20,gc1s,1,0.9961973880482832,4
2020-03-20,si1s,1,0.8884532491030506,4
2020-03-23,si1s,1,0.9095050132782663,4
2020-03-23,pl1s,1,0.9948016319041006,4
2020-03-24,pl1s,0,0.9510247861103218,4
2020-03-24,si1s,1,0.6780095766691481,4
2020-03-25,pl1s,1,0.6561862277230516,4
2020-03-25,gc1s,0,0.37588651010221336,4
2020-03-26,pl1s,0,0.3466615822389208,4
2020-03-26,gc1s,0,0.0921915091305617,4
2020-03-26,si1s,1,0.04899328805372481,4
2020-03-27,si1s,1,0.010036850493169922,4
2020-03-27,pl1s,0,0.038291738512700964,4
2020-03-27,gc1s,0,0.0055966510434947185,4
2020-03-30,pl1s,0,0.03138386774419356,4
2020-03-30,gc1s,0,0.0018917847208134208,4
2020-03-30,si1s,0,0.0027147828971700637,4
2020-03-31,si1s,0,0.9861407449916887,4
2020-03-31,gc1s,0,0.8144944550895191,4
2020-03-31,pl1s,0,0.9727417367413962,4
2020-04-01,gc1s,0,0.7176723898963691,4
2020-04-01,si1s,0,0.9967180658139991,4
2020-04-02,gc1s,0,0.862722906389685,4
2020-04-02,pl1s,0,0.9961084781271301,4
2020-04-02,si1s,0,0.9941176734364318,4
2020-04-03,pl1s,1,0.9984190205867522,4
2020-04-03,si1s,0,0.9946623168041053,4
2020-04-03,gc1s,0,0.854096675008842,4
2020-04-06,si1s,1,0.9934811555279335,4
2020-04-06,pl1s,1,0.9927826463139254,4
2020-04-07,si1s,1,0.9963646080602085,4
2020-04-08,pl1s,1,0.9984654126844069,4
2020-04-08,si1s,0,0.99908962586223,4
2020-04-09,si1s,1,0.9928379720825118,4
2020-04-09,pl1s,1,0.9969592415247648,4
2020-04-13,pl1s,1,0.9833598817854035,4
2020-04-13,gc1s,1,0.6740416698626872,4
2020-04-13,si1s,1,0.9536699746655651,4
2020-04-14,si1s,1,0.8324811358859022,4
2020-04-15,pl1s,1,0.7147042133741873,4
2020-04-15,si1s,1,0.8438466189850263,4
2020-04-15,gc1s,1,0.4212222367794925,4
2020-04-16,si1s,1,0.6441873724261676,4
2020-04-16,gc1s,1,0.6172564675678791,4
2020-04-16,pl1s,0,0.6138424772994753,4
2020-04-17,si1s,1,0.6772811860710131,4
2020-04-17,pl1s,1,0.5652025782070668,4
2020-04-17,gc1s,0,0.43839444356831225,4
2020-04-20,si1s,1,0.5219040640316983,4
2020-04-20,gc1s,0,0.1655803394293052,4
2020-04-21,pl1s,0,0.5795356445946349,4
2020-04-22,si1s,0,0.8664422071518214,4
2020-04-22,pl1s,0,0.8107310914244925,4
2020-04-23,pl1s,1,0.7175537404829212,4
2020-04-23,si1s,1,0.8460478819590594,4
2020-04-24,si1s,0,0.5257961938730893,4
2020-04-27,pl1s,1,0.7970199999941133,4
2020-04-27,gc1s,0,0.7938940302854353,4
2020-04-28,gc1s,0,0.8607352444675505,4
2020-04-29,si1s,0,0.37305442231793595,4
2020-04-29,pl1s,1,0.6172579979758096,4
2020-04-30,si1s,1,0.4822254798037866,4
2020-04-30,pl1s,1,0.2899601844447615,4
2020-05-01,si1s,1,0.8321787745740975,4
2020-05-01,pl1s,0,0.4338160433679195,4
2020-05-04,si1s,1,0.7197038010096338,4
2020-05-05,si1s,1,0.6450294422279655,4
2020-05-06,gc1s,1,0.7934929516358459,4
2020-05-06,si1s,1,0.7545342436353062,4
2020-05-07,si1s,0,0.6676370410927883,4
2020-05-07,gc1s,0,0.8884580184497599,4
2020-05-08,si1s,1,0.8677575399499758,4
2020-05-08,pl1s,0,0.7759259660005353,4
2020-05-11,si1s,1,0.8697353257546645,4
2020-05-11,pl1s,0,0.6735130537239726,4
2020-05-12,pl1s,1,0.9539220821721778,4
2021-06-08,si1s,1,0.11158082720382595,4
2021-06-09,pl1s,0,0.659182132111749,4
2021-06-09,si1s,1,0.1135483640253987,4
2021-06-10,si1s,1,0.08750588722071062,4
2021-06-11,pl1s,0,0.5384085760203947,4
2021-06-11,si1s,1,0.10272806669223654,4
2021-06-14,pl1s,0,0.8573143549011605,4
2021-06-14,si1s,1,0.23887116047135223,4
2021-06-15,si1s,1,0.26840003620680714,4
2021-06-15,pl1s,0,0.8487987181835678,4
2021-06-16,pl1s,0,0.9846037454280676,4
2021-06-16,si1s,1,0.5486634738963733,4
2021-06-17,si1s,1,0.9983693685563273,4
2021-06-17,pl1s,1,0.9996274962814777,4
2021-06-18,si1s,1,0.9969534513942002,4
2021-06-18,pl1s,1,0.9996127483765834,4
2021-06-21,si1s,1,0.9673072930491472,4
2021-06-21,pl1s,1,0.9925308063371615,4
2021-06-22,si1s,1,0.8897723370347947,4
2021-06-22,pl1s,1,0.9865831294490129,4
2021-06-23,si1s,0,0.9357360848659703,4
2021-06-23,pl1s,0,0.9671114392693366,4
2021-06-24,si1s,1,0.7796223455914876,4
2021-06-25,si1s,1,0.6996272935157956,4
2021-06-28,si1s,0,0.6966707671054614,4
2021-06-29,si1s,1,0.9180189790418567,4
2021-06-29,pl1s,1,0.984519149732431,4
2021-06-30,si1s,1,0.8569966730929847,4
2021-06-30,pl1s,1,0.9654136804963651,4
2021-07-01,pl1s,1,0.8092637883469791,4
2021-07-01,si1s,0,0.7271811588243341,4
2021-07-02,si1s,1,0.19302812887545662,4
2021-07-02,pl1s,0,0.6865938476871013,4
2021-07-06,pl1s,0,0.6619452535446522,4
2021-07-06,si1s,0,0.6040081310312863,4
2021-07-07,pl1s,0,0.8767610311246719,4
2021-07-08,pl1s,1,0.5822697605817697,4
2021-07-08,si1s,0,0.2344948987269211,4
2021-07-09,si1s,1,0.3019653236540711,4
2021-07-09,pl1s,0,0.7094656242576289,4
2021-07-12,pl1s,0,0.3281327002247023,4
2021-07-12,si1s,1,0.19893714605161056,4
2021-07-13,si1s,1,0.512549264288165,4
2021-07-13,pl1s,0,0.6652204035122717,4
2021-07-14,pl1s,0,0.2408593605152626,4
2021-07-15,pl1s,0,0.3038268036377211,4
2021-07-15,si1s,1,0.006856888884646856,4
2021-07-16,si1s,1,0.021865994889590706,4
2021-07-16,pl1s,0,0.2970082259158524,4
2021-07-19,pl1s,0,0.8981708828941894,4
2021-07-19,si1s,0,0.5641339522046196,4
2021-07-20,pl1s,0,0.9020434326578193,4
2021-07-20,si1s,1,0.7406307080535767,4
2021-07-21,pl1s,0,0.9457182928468996,4
2021-07-21,si1s,1,0.9291072312939305,4
2021-07-22,si1s,0,0.736306373697534,4
2021-07-22,pl1s,0,0.7930378237238233,4
2021-07-23,pl1s,0,0.9516685532549913,4
2021-07-23,si1s,0,0.866483615989387,4
2021-07-26,si1s,0,0.6702548833522397,4
2021-07-26,pl1s,0,0.9567684160569127,4
2021-07-27,si1s,0,0.959776217946312,4
2021-07-27,pl1s,0,0.9582130903540264,4
2021-07-28,pl1s,0,0.895763224272785,4
2021-07-28,si1s,0,0.8704834716527873,4
2021-07-29,si1s,0,0.8961177831033194,4
2021-07-29,pl1s,0,0.6705324098627771,4
2021-07-30,si1s,0,0.21027227128312567,4
2021-07-30,pl1s,0,0.7320643047981288,4
2021-08-02,si1s,0,0.03979749647582676,4
2021-08-02,pl1s,0,0.43686512494509544,4
2021-08-03,pl1s,0,0.5055377598175449,4
2021-08-03,si1s,0,0.04994550074727567,4
2021-08-03,gc1s,1,0.01131073337360227,4
2021-08-04,si1s,0,0.6312946360582071,4
2021-08-04,gc1s,1,0.09198245375911757,4
2021-08-04,pl1s,0,0.8845254752037961,4
2021-08-05,si1s,0,0.7537552545943746,4
2021-08-06,si1s,0,0.9795500848881404,4
2021-08-09,si1s,1,0.9962229342689691,4
2021-08-09,pl1s,1,0.9803710525496433,4
2021-08-09,gc1s,1,0.9802432837261622,4
2021-08-10,gc1s,1,0.9862656892095998,4
2021-08-10,pl1s,1,0.9413152024297106,4
2021-08-10,si1s,1,0.997123292811608,4
2021-08-11,gc1s,1,0.9079183053385409,4
2021-08-11,pl1s,0,0.43226291823153,4
2021-08-11,si1s,1,0.9669341565410093,4
2021-08-12,gc1s,1,0.8614442180278763,4
2021-08-12,si1s,1,0.9847681254823021,4
2021-08-13,si1s,1,0.8639642922412608,4
2021-08-16,si1s,1,0.8685575655008358,4
2021-08-16,pl1s,0,0.17972675957561743,4
2021-08-17,si1s,1,0.8404124577367188,4
2021-08-17,pl1s,1,0.5691640694522191,4
2021-08-18,pl1s,1,0.4169408402444989,4
2021-08-18,si1s,1,0.8345892663754019,4
2021-08-19,pl1s,1,0.7116527980195236,4
2021-08-19,si1s,1,0.8180358991001841,4
2021-08-20,pl1s,1,0.5853231085317274,4
2021-08-20,si1s,1,0.9429432184826285,4
2021-08-23,pl1s,0,0.2741700370334254,4
2021-08-23,si1s,1,0.9332458483742514,4
2021-08-24,pl1s,1,0.2670069378480584,4
2021-08-24,si1s,1,0.9485539584475935,4
2021-08-25,pl1s,0,0.7812709526077419,4
2021-08-25,si1s,1,0.9761193359492526,4
2021-08-26,si1s,1,0.9287338982814912,4
2021-08-26,pl1s,0,0.8730321390218426,4
2021-08-27,si1s,1,0.5192447169665952,4
2021-08-27,pl1s,0,0.5929630429695443,4
2021-08-30,si1s,1,0.28242927252336364,4
2021-08-30,pl1s,0,0.7122849197740712,4
2021-08-31,pl1s,0,0.780280102384765,4
2021-08-31,si1s,1,0.5231515029668745,4
2021-09-01,si1s,1,0.2590743525106173,4
2021-09-01,pl1s,0,0.7450634898043342,4
2021-09-02,pl1s,0,0.7286968369616121,4
2021-09-02,si1s,1,0.10506925011047931,4
2021-09-03,pl1s,0,0.0359957443046132,4
2021-09-03,si1s,1,0.055381382422562526,4
2021-09-07,pl1s,0,0.0524525781608932,4
2021-09-07,si1s,1,0.08739360288628047,4
2021-09-08,si1s,1,0.23547837857342924,4
2021-09-08,pl1s,0,0.7552828859876425,4
2021-09-09,si1s,1,0.12643150546786674,4
2021-09-09,pl1s,0,0.6573453173864577,4
2021-09-10,si1s,0,0.4399688677724058,4
2021-09-10,pl1s,0,0.48685967747263553,4
2021-09-13,pl1s,0,0.8012666370331147,4
2021-09-13,si1s,0,0.4756450861959454,4
2021-09-14,pl1s,1,0.7209493105031505,4
2021-09-14,si1s,0,0.4357028027248555,4
2021-09-15,si1s,0,0.2826380824965898,4
2021-09-15,pl1s,1,0.8853764384946373,4
2021-09-16,si1s,0,0.7356895512925311,4
2021-09-16,pl1s,1,0.8914741720106097,4
2021-09-17,si1s,1,0.8693014642522586,4
2021-09-17,pl1s,1,0.702077421561275,4
2021-09-20,si1s,1,0.650151836113025,4
2021-09-20,pl1s,1,0.8506662139692471,4
2021-09-20,gc1s,1,0.4292727488482937,4
2021-09-21,pl1s,1,0.5659493394376877,4
2021-09-21,gc1s,0,0.47751646632657563,4
2021-09-21,si1s,0,0.38338396854888435,4
2021-09-22,si1s,0,0.3058545633998609,4
2021-09-22,gc1s,0,0.554255245590504,4
2020-05-12,si1s,1,0.9627167577546429,5
2020-05-13,si1s,1,0.9706226335929197,5
2020-05-13,pl1s,1,0.7701756606431944,5
2020-05-14,si1s,1,0.9732771596595434,5
2020-05-14,pl1s,1,0.86327320907406,5
2020-05-15,si1s,1,0.9851120505930004,5
2020-05-18,si1s,1,0.9763706142963321,5
2020-05-18,pl1s,0,0.9524587054333754,5
2020-05-19,pl1s,0,0.9335722705019097,5
2020-05-19,si1s,1,0.9016091354238427,5
2020-05-20,gc1s,1,0.6505723970295605,5
2020-05-20,si1s,1,0.79938725532901,5
2020-05-21,gc1s,1,0.6129180108536476,5
2020-05-21,si1s,1,0.8642568214951223,5
2020-05-22,gc1s,1,0.8121740804474116,5
2020-05-22,pl1s,1,0.5412497430150381,5
2020-05-22,si1s,0,0.9193065640647943,5
2020-05-26,pl1s,1,0.4012262506469461,5
2020-05-26,gc1s,1,0.13215636755579324,5
2020-05-26,si1s,0,0.9504122676352234,5
2020-05-27,pl1s,1,0.5842696170671561,5
2020-05-27,si1s,0,0.9418622876986172,5
2020-05-27,gc1s,1,0.5209743132104,5
2020-05-28,gc1s,0,0.5133394407547177,5
2020-05-28,pl1s,1,0.6819432146056376,5
2020-05-28,si1s,1,0.9001469377542067,5
2020-05-29,pl1s,1,0.4843639483729689,5
2020-05-29,si1s,1,0.9152151511313651,5
2020-06-01,si1s,1,0.7992260107147874,5
2020-06-01,pl1s,1,0.34570666399278177,5
2020-06-02,si1s,1,0.7607468085044289,5
2020-06-02,gc1s,0,0.20066930852482195,5
2020-06-02,pl1s,1,0.15660304739543926,5
2020-06-03,pl1s,1,0.15016672388168478,5
2020-06-04,si1s,1,0.4692237581050993,5
2020-06-04,pl1s,1,0.3101191506589188,5
2020-06-05,pl1s,0,0.6842221210811574,5
2020-06-08,pl1s,1,0.2991620453313763,5
2020-06-09,si1s,1,0.41295770336892657,5
2020-06-09,pl1s,1,0.29281905714433776,5
2020-06-10,pl1s,1,0.12717146885519462,5
2020-06-10,si1s,0,0.46673385631146824,5
2020-06-11,pl1s,1,0.14488471997997054,5
2020-06-11,si1s,0,0.5417581188859043,5
2020-06-12,pl1s,1,0.073159756166631,5
2020-06-12,si1s,0,0.09978903226467573,5
2020-06-15,si1s,0,0.06770887879301109,5
2020-06-15,pl1s,0,0.03809836922267423,5
2020-06-16,pl1s,0,0.0711006564933712,5
2020-06-16,si1s,0,0.30666449799029916,5
2020-06-17,si1s,0,0.39209739389636783,5
2020-06-17,pl1s,0,0.44667161324620386,5
2020-06-18,si1s,0,0.3707463773975388,5
2020-06-18,pl1s,1,0.448753994527348,5
2020-06-19,si1s,0,0.829367906737456,5
2020-06-19,pl1s,1,0.5122793551678422,5
2020-06-19,gc1s,1,0.741145808219402,5
2020-06-22,gc1s,1,0.47964348312783234,5
2020-06-22,si1s,0,0.5844699349317333,5
2020-06-23,gc1s,1,0.2734888800811104,5
2020-06-23,si1s,0,0.2867026858873117,5
2020-06-24,pl1s,1,0.29277456635200955,5
2020-06-24,si1s,0,0.11894016847186342,5
2020-06-25,gc1s,1,0.2177586266032428,5
2020-06-25,si1s,0,0.06781134607229111,5
2020-06-25,pl1s,1,0.35760915960891315,5
2020-06-26,pl1s,1,0.3512996701378814,5
2020-06-26,gc1s,1,0.21813582866981104,5
2020-06-26,si1s,1,0.40201127167327066,5
2020-06-29,gc1s,1,0.05842149109683587,5
2020-06-29,pl1s,1,0.11677459026597228,5
2020-06-29,si1s,1,0.29047873599663226,5
2020-06-30,pl1s,0,0.07962967785691831,5
2020-07-01,si1s,0,0.16478099383474815,5
2020-07-01,pl1s,1,0.1938155551838671,5
2020-07-02,si1s,0,0.09125650230877463,5
2020-07-02,gc1s,1,0.09540546304851892,5
2020-07-02,pl1s,1,0.07160392904587541,5
2020-07-06,si1s,1,0.047006606423339974,5
2020-07-06,gc1s,1,0.04555403684456787,5
2020-07-06,pl1s,1,0.05180534948535093,5
2020-07-07,si1s,1,0.08532499030897926,5
2020-07-07,pl1s,1,0.11949022982665707,5
2020-07-07,gc1s,1,0.11168468140945272,5
2020-07-08,si1s,0,0.13357625354931696,5
2020-07-08,pl1s,1,0.0495249121448161,5
2020-07-08,gc1s,1,0.11180828756693474,5
2020-07-09,pl1s,1,0.07877060452951248,5
2020-07-09,si1s,0,0.38005827785844337,5
2020-07-09,gc1s,1,0.10966844459016135,5
2020-07-10,gc1s,1,0.0751815944693282,5
2020-07-10,pl1s,1,0.019705173595161562,5
2020-07-10,si1s,0,0.19185986834211732,5
2020-07-13,gc1s,1,0.0735656753841015,5
2020-07-13,si1s,0,0.4308674789581237,5
2020-07-13,pl1s,1,0.02293560522447669,5
2020-07-14,gc1s,1,0.07501590856735751,5
2020-07-14,pl1s,1,0.02424165954224696,5
2020-07-14,si1s,0,0.44697357052914005,5
2020-07-15,pl1s,1,0.03492747112604701,5
2020-07-15,gc1s,1,0.0696172969670603,5
2020-07-15,si1s,1,0.44798023346184507,5
2020-07-16,pl1s,1,0.03291782887293779,5
2020-07-16,gc1s,1,0.046394966990613275,5
2020-07-17,pl1s,1,0.015894784892317198,5
2020-07-17,si1s,0,0.37101028234009004,5
2020-07-20,pl1s,1,0.004869320580161885,5
2020-07-20,si1s,0,0.16622632009161817,5
2020-07-21,si1s,0,0.3423353491901707,5
2020-07-22,pl1s,0,0.08905270826956092,5
2020-07-22,si1s,0,0.5647791227648625,5
2020-07-23,pl1s,0,0.07059390613387077,5
2020-07-23,si1s,0,0.6048067383897932,5
2020-07-24,pl1s,0,0.028421476074546866,5
2020-07-24,si1s,0,0.25235887326564,5
2020-07-27,si1s,0,0.3498204843971022,5
2020-07-27,pl1s,0,0.02769830523093166,5
2020-07-28,si1s,0,0.24439178909568848,5
2020-07-28,pl1s,1,0.03261081480165241,5
2020-07-29,pl1s,0,0.031265137938491935,5
2020-07-29,si1s,0,0.7932860771669232,5
2020-07-30,pl1s,1,0.08756634337386604,5
2020-07-30,si1s,0,0.6024507091075696,5
2020-07-31,si1s,0,0.8633606610034137,5
2020-07-31,pl1s,1,0.08236544940858319,5
2020-08-03,pl1s,1,0.030711203596914115,5
2020-08-03,si1s,0,0.6114682420648363,5
2020-08-04,pl1s,0,0.04391798471931842,5
2020-08-04,si1s,0,0.6805779327357662,5
2020-08-05,si1s,0,0.8765745666333973,5
2020-08-05,pl1s,1,0.12388923344319144,5
2020-08-06,pl1s,1,0.20575035241756626,5
2020-08-06,si1s,1,0.9647450488871103,5
2020-08-07,si1s,1,0.7228864770071314,5
2020-08-07,pl1s,1,0.01244062262694824,5
2020-08-10,si1s,1,0.8483996048284618,5
2020-08-10,pl1s,1,0.04567609331806276,5
2020-08-11,pl1s,0,0.18698154302454112,5
2020-08-11,si1s,1,0.3278439288470775,5
2020-08-12,pl1s,1,0.09004436269861563,5
2020-08-12,si1s,1,0.5289951411785903,5
2020-08-13,pl1s,1,0.038023693566592305,5
2020-08-13,si1s,1,0.14579665808862227,5
2020-08-14,pl1s,1,0.012851695491455236,5
2020-08-14,si1s,0,0.05745566630197343,5
2020-08-17,pl1s,1,0.0032491712555284785,5
2020-08-17,si1s,0,0.012004934851214106,5
2020-08-18,si1s,0,0.024253391172180915,5
2020-08-18,pl1s,1,0.00563706347843327,5
2020-08-18,gc1s,1,0.08974067646473811,5
2020-08-19,gc1s,1,0.19700833998486172,5
2020-08-19,si1s,1,0.02475785911485299,5
2020-08-19,pl1s,0,0.04962164802000426,5
2020-08-20,pl1s,0,0.1403915444434052,5
2020-08-20,gc1s,1,0.27907451973694514,5
2020-08-20,si1s,1,0.03441738010135171,5
2020-08-21,pl1s,0,0.03622556604921511,5
2020-08-21,gc1s,1,0.24313415403908284,5
2020-08-21,si1s,1,0.03829500676708222,5
2020-08-24,pl1s,0,0.12810390165939042,5
2020-08-24,gc1s,0,0.3017536202945814,5
2020-08-25,pl1s,0,0.02643853756915987,5
2020-08-25,si1s,1,0.16989397365949074,5
2020-08-26,pl1s,1,0.0807859437966088,5
2020-08-27,pl1s,1,0.09825759979965641,5
2020-08-27,si1s,1,0.16488551995838457,5
2020-08-28,pl1s,0,0.014902417780380846,5
2020-08-28,si1s,1,0.1412735153606141,5
2020-08-31,pl1s,1,0.010858915189761441,5
2020-08-31,si1s,1,0.036707320039124344,5
2020-09-01,si1s,1,0.12116127321706346,5
2020-09-01,pl1s,1,0.026030175239049845,5
2020-09-02,pl1s,1,0.027111316442289635,5
2020-09-02,si1s,1,0.11862634784796969,5
2020-09-03,pl1s,1,0.07829468406154512,5
2020-09-03,si1s,1,0.6067852947283987,5
2020-09-04,pl1s,0,0.10834698141059346,5
2020-09-04,si1s,0,0.7885820540853412,5
2020-09-08,pl1s,0,0.34976672415319066,5
2020-09-08,si1s,0,0.8653609022774488,5
2020-09-09,pl1s,0,0.09552618970424168,5
2020-09-10,si1s,0,0.6325778298094921,5
2020-09-11,si1s,0,0.5005693949805301,5
2020-09-14,si1s,0,0.29167065012997445,5
2020-09-14,pl1s,1,0.11686797843336567,5
2020-09-15,si1s,0,0.4367518495000698,5
2020-09-15,pl1s,1,0.07774992797879504,5
2020-09-16,si1s,0,0.7760793254045234,5
2020-09-16,pl1s,0,0.04231773171619812,5
2020-09-17,pl1s,0,0.030264538405050265,5
2020-09-17,si1s,0,0.7076579093611818,5
2020-09-18,si1s,0,0.7229553385954612,5
2020-09-18,pl1s,0,0.057759705522367207,5
2020-09-21,pl1s,1,0.3365305754505548,5
2020-09-21,si1s,0,0.49024573274049427,5
2020-09-22,pl1s,1,0.8653498221070657,5
2020-09-22,si1s,1,0.856079533260026,5
2020-09-23,gc1s,1,0.9334741956311469,5
2020-09-24,gc1s,1,0.8936229929364126,5
2020-09-24,si1s,1,0.8384765429913295,5
2020-09-25,gc1s,1,0.8709732936607165,5
2020-09-25,pl1s,1,0.879949379465096,5
2020-09-28,si1s,0,0.7054988817935695,5
2020-09-28,gc1s,1,0.7293275833877493,5
2020-09-28,pl1s,0,0.8702323183192184,5
2020-09-29,gc1s,0,0.4847297101296979,5
2020-09-29,si1s,1,0.6656799346598897,5
2020-09-30,gc1s,1,0.3669718976164073,5
2020-09-30,si1s,1,0.9021616316201303,5
2020-09-30,pl1s,0,0.5539385136582154,5
2020-10-01,pl1s,0,0.5223369938531196,5
2020-10-02,pl1s,0,0.7818149199509216,5
2020-10-02,si1s,1,0.9457050880294379,5
2020-10-05,si1s,0,0.8772035229271189,5
2020-10-05,pl1s,0,0.29783673799071947,5
2020-10-06,pl1s,1,0.9355887981901663,5
2020-10-06,si1s,1,0.9615505889913756,5
2020-10-07,si1s,1,0.9747492498738948,5
2020-10-07,pl1s,1,0.9639347096127014,5
2020-10-08,pl1s,1,0.8703974560924109,5
2020-10-08,si1s,1,0.9394640158564461,5
2020-10-09,si1s,1,0.8968084166076146,5
2020-10-09,pl1s,1,0.2858387802907655,5
2020-10-12,pl1s,1,0.16479628860788628,5
2020-10-12,si1s,1,0.885200633599182,5
2020-10-13,pl1s,1,0.11804581934420134,5
2020-10-14,pl1s,1,0.12481077328610951,5
2020-10-14,si1s,1,0.6771973838731328,5
2020-10-15,pl1s,0,0.09892473378323992,5
2020-10-16,pl1s,0,0.20377084726342756,5
2020-10-16,si1s,1,0.8287967717039711,5
2020-10-19,gc1s,0,0.1860699901504019,5
2020-10-19,pl1s,0,0.18077299817485443,5
2020-10-19,si1s,1,0.9074752159031383,5
2020-10-20,si1s,1,0.900545622622058,5
2020-10-20,pl1s,0,0.07597858699640245,5
2020-10-20,gc1s,0,0.12631099087593375,5
2020-10-21,gc1s,0,0.22316171361012602,5
2020-10-21,pl1s,0,0.08101638081330323,5
2020-10-21,si1s,0,0.9145727801635067,5
2020-10-22,si1s,1,0.76595770940139,5
2020-10-22,gc1s,1,0.12579823971706142,5
2020-10-22,pl1s,1,0.21871816853635967,5
2020-10-23,pl1s,0,0.4903264891846412,5
2020-10-23,si1s,1,0.6685996360651104,5
2020-10-23,gc1s,1,0.07500171057692591,5
2020-10-26,gc1s,0,0.1964692596295818,5
2020-10-26,pl1s,0,0.3828656655456205,5
2020-10-26,si1s,0,0.8564615912374083,5
2020-10-27,si1s,0,0.7860646099646125,5
2020-10-27,gc1s,0,0.3793733237689079,5
2020-10-27,pl1s,1,0.15974495626405014,5
2020-10-28,si1s,1,0.40657288500937727,5
2020-10-28,gc1s,0,0.14808933237771785,5
2020-10-28,pl1s,0,0.12937656869192096,5
2020-10-29,si1s,1,0.5659976629465936,5
2020-10-29,pl1s,1,0.2319765954129923,5
2020-10-29,gc1s,1,0.2015619269595712,5
2020-10-30,gc1s,1,0.3288425520070652,5
2020-10-30,pl1s,1,0.3606211604774539,5
2020-10-30,si1s,1,0.7461709064735454,5
2020-11-02,si1s,1,0.804607198428583,5
2020-11-02,pl1s,1,0.2162478544304221,5
2020-11-03,gc1s,0,0.4813527535305837,5
2020-11-03,si1s,0,0.8551889099612449,5
2020-11-03,pl1s,1,0.20268421766656836,5
2020-11-04,gc1s,0,0.5332770123163473,5
2020-11-04,si1s,1,0.9337560491874176,5
2020-11-04,pl1s,1,0.1929167496752126,5
2020-11-05,si1s,1,0.9574994419763649,5
2020-11-05,pl1s,1,0.07776028745761174,5
2020-11-06,si1s,1,0.9504420876537085,5
2020-11-06,pl1s,1,0.08139943068131615,5
2020-11-09,pl1s,1,0.07031679258575517,5
2020-11-09,si1s,0,0.6553138757968185,5
2020-11-10,gc1s,0,0.543595021337637,5
2020-11-10,si1s,0,0.6509630300421397,5
2020-11-10,pl1s,1,0.0773753794489724,5
2020-11-11,si1s,0,0.7966349776683579,5
2020-11-11,pl1s,1,0.4149544402607121,5
2020-11-12,gc1s,0,0.5627819012751023,5
2020-11-12,si1s,0,0.5529168039836156,5
2020-11-12,pl1s,1,0.08258409334770375,5
2020-11-13,pl1s,1,0.08888043522990295,5
2020-11-13,si1s,0,0.5173332234275554,5
2020-11-16,si1s,0,0.5084170435671634,5
2020-11-16,pl1s,1,0.06135465693527837,5
2020-11-17,pl1s,1,0.017757332137630803,5
2020-11-17,si1s,1,0.27330376232415116,5
2020-11-18,pl1s,1,0.10939890306166326,5
2020-11-18,si1s,0,0.25398248249626776,5
2020-11-19,gc1s,0,0.45461832755476506,5
2020-11-19,pl1s,1,0.11074135999136363,5
2020-11-19,si1s,1,0.5261906258516448,5
2020-05-12,si1s,1,0.38067998351720306,6
2020-05-13,si1s,1,0.3122125441751068,6
2020-05-13,pl1s,1,0.6713398550270834,6
2020-05-14,si1s,1,0.3174595005471569,6
2020-05-14,pl1s,1,0.6668120196841741,6
2020-05-15,si1s,1,0.42050236843491123,6
2020-05-18,si1s,1,0.38895241191869756,6
2020-05-18,pl1s,0,0.49523128408163575,6
2020-05-19,pl1s,0,0.668084582576137,6
2020-05-19,si1s,1,0.4529346197338306,6
2020-05-20,gc1s,1,0.5993993832140336,6
2020-05-20,si1s,1,0.5652078200213342,6
2020-05-21,gc1s,1,0.7267293930970746,6
2020-05-21,si1s,1,0.6183336196015896,6
2020-05-22,gc1s,1,0.7342555495937481,6
2020-05-22,pl1s,1,0.6548928154981413,6
2020-05-22,si1s,0,0.5528373868117654,6
2020-05-26,pl1s,1,0.7549879935284177,6
2020-05-26,gc1s,1,0.2911053406276279,6
2020-05-26,si1s,0,0.6073389819286537,6
2020-05-27,pl1s,1,0.7304479748631683,6
2020-05-27,si1s,0,0.622408973676666,6
2020-05-27,gc1s,1,0.6106797526438552,6
2020-05-28,gc1s,0,0.5430479051741464,6
2020-05-28,pl1s,1,0.8595922382505027,6
2020-05-28,si1s,1,0.6708579593833969,6
2020-05-29,pl1s,1,0.8629771046887242,6
2020-05-29,si1s,1,0.7992559819934352,6
2020-06-01,si1s,1,0.792678898893151,6
2020-06-01,pl1s,1,0.8539640197080172,6
2020-06-02,si1s,1,0.6913654892525822,6
2020-06-02,gc1s,0,0.3223485748241686,6
2020-06-02,pl1s,1,0.8357945941910516,6
2020-06-03,pl1s,1,0.8609292518789459,6
2020-06-04,si1s,1,0.7037376225512405,6
2020-06-04,pl1s,1,0.9118841015978034,6
2020-06-05,pl1s,0,0.9200189305512764,6
2020-06-08,pl1s,1,0.8254010821348682,6
2020-06-09,si1s,1,0.5301498418492138,6
2020-06-09,pl1s,1,0.9175235548437086,6
2020-06-10,pl1s,1,0.7758732878216416,6
2020-06-10,si1s,0,0.44004380277597666,6
2020-06-11,pl1s,1,0.7861889575540574,6
2020-06-11,si1s,0,0.643446991252266,6
2020-06-12,pl1s,1,0.7190836612045794,6
2020-06-12,si1s,0,0.38020509773194,6
2020-06-15,si1s,0,0.26129618265527055,6
2020-06-15,pl1s,0,0.49109170260226703,6
2020-06-16,pl1s,0,0.6093037777327581,6
2020-06-16,si1s,0,0.4899067007565092,6
2020-06-17,si1s,0,0.541263717919133,6
2020-06-17,pl1s,0,0.6956915664219533,6
2020-06-18,si1s,0,0.554100209319924,6
2020-06-18,pl1s,1,0.7536941773378503,6
2020-06-19,si1s,0,0.8183480051975388,6
2020-06-19,pl1s,1,0.6532078437990623,6
2020-06-19,gc1s,1,0.669337155887074,6
2020-06-22,gc1s,1,0.3770776173851436,6
2020-06-22,si1s,0,0.6914048252996078,6
2020-06-23,gc1s,1,0.3219407329020896,6
2020-06-23,si1s,0,0.5421925091039183,6
2020-06-24,pl1s,1,0.539066293161603,6
2020-06-24,si1s,0,0.3143464768341179,6
2020-06-25,gc1s,1,0.21619302010519373,6
2020-06-25,si1s,0,0.3471869902438703,6
2020-06-25,pl1s,1,0.6056704575153917,6
2020-06-26,pl1s,1,0.5049378111844249,6
2020-06-26,gc1s,1,0.2984804406538359,6
2020-06-26,si1s,1,0.2302036246474703,6
2020-06-29,gc1s,1,0.10510464554672848,6
2020-06-29,pl1s,1,0.22535259578000638,6
2020-06-29,si1s,1,0.19105735577862426,6
2020-06-30,pl1s,0,0.35133836525950307,6
2020-07-01,si1s,0,0.36562889194833054,6
2020-07-01,pl1s,1,0.641608758072861,6
2020-07-02,si1s,0,0.3183315077141541,6
2020-07-02,gc1s,1,0.2346190553653511,6
2020-07-02,pl1s,1,0.4374127224128975,6
2020-07-06,si1s,1,0.21118539134237838,6
2020-07-06,gc1s,1,0.26674240249642206,6
2020-07-06,pl1s,1,0.3802565398472344,6
2020-07-07,si1s,1,0.29462190292574925,6
2020-07-07,pl1s,1,0.4981004495458173,6
2020-07-07,gc1s,1,0.37020763640521015,6
2020-07-08,si1s,0,0.4816371784114702,6
2020-07-08,pl1s,1,0.3398761171189942,6
2020-07-08,gc1s,1,0.3624343050373175,6
2020-07-09,pl1s,1,0.6398647415015336,6
2020-07-09,si1s,0,0.5793025500161799,6
2020-07-09,gc1s,1,0.4294000487646147,6
2020-07-10,gc1s,1,0.4730738365904455,6
2020-07-10,pl1s,1,0.359201162953883,6
2020-07-10,si1s,0,0.5550804517824142,6
2020-07-13,gc1s,1,0.5342275557184413,6
2020-07-13,si1s,0,0.7472593239671712,6
2020-07-13,pl1s,1,0.4296218171295083,6
2020-07-14,gc1s,1,0.562543239684856,6
2020-07-14,pl1s,1,0.5313640839162671,6
2020-07-14,si1s,0,0.7594746195457885,6
2020-07-15,pl1s,1,0.4859089953835943,6
2020-07-15,gc1s,1,0.6610781426242338,6
2020-07-15,si1s,1,0.7580712133756398,6
2020-07-16,pl1s,1,0.4385913434347426,6
2020-07-16,gc1s,1,0.5987280014194525,6
2020-07-17,pl1s,1,0.2543133756494237,6
2020-07-17,si1s,0,0.8193251678035146,6
2020-07-20,pl1s,1,0.22636291130788377,6
2020-07-20,si1s,0,0.7043039444463186,6
2020-07-21,si1s,0,0.8303577385662861,6
2020-07-22,pl1s,0,0.6339712686038076,6
2020-07-22,si1s,0,0.8289737732773599,6
2020-07-23,pl1s,0,0.5949991866883938,6
2020-07-23,si1s,0,0.9118744151133061,6
2020-07-24,pl1s,0,0.5758926555924352,6
2020-07-24,si1s,0,0.8505348461430298,6
2020-07-27,si1s,0,0.8929385144860782,6
2020-07-27,pl1s,0,0.5989202884820638,6
2020-07-28,si1s,0,0.9036144496369392,6
2020-07-28,pl1s,1,0.5799565222201253,6
2020-07-29,pl1s,0,0.48616569048695374,6
2020-07-29,si1s,0,0.9339799958005527,6
2020-07-30,pl1s,1,0.42304123088697804,6
2020-07-30,si1s,0,0.8957958543278672,6
2020-07-31,si1s,0,0.9403855116565761,6
2020-07-31,pl1s,1,0.617441636376021,6
2020-08-03,pl1s,1,0.37790912530974485,6
2020-08-03,si1s,0,0.945590864960378,6
2020-08-04,pl1s,0,0.5766351159972216,6
2020-08-04,si1s,0,0.9174060892144573,6
2020-08-05,si1s,0,0.9749907229461456,6
2020-08-05,pl1s,1,0.6355882411931068,6
2020-08-06,pl1s,1,0.7818494754912269,6
2020-08-06,si1s,1,0.9804072092276928,6
2020-08-07,si1s,1,0.9719813456038199,6
2020-08-07,pl1s,1,0.47206287865372554,6
2020-08-10,si1s,1,0.9592727461106578,6
2020-08-10,pl1s,1,0.5902998447105404,6
2020-08-11,pl1s,0,0.6446019736188024,6
2020-08-11,si1s,1,0.9179563501106992,6
2020-08-12,pl1s,1,0.7417429073616117,6
2020-08-12,si1s,1,0.9229816268611897,6
2020-08-13,pl1s,1,0.6640763856714352,6
2020-08-13,si1s,1,0.9677518580768619,6
2020-08-14,pl1s,1,0.6789858030031619,6
2020-08-14,si1s,0,0.9733141424717121,6
2020-08-17,pl1s,1,0.5032287174744048,6
2020-08-17,si1s,0,0.9159546237445616,6
2020-11-20,si1s,1,0.5122487801154908,6
2020-11-20,pl1s,1,0.8295963372030817,6
2020-11-23,gc1s,1,0.7450327565582675,6
2020-11-23,pl1s,1,0.8885784950640941,6
2020-11-23,si1s,1,0.658579618200043,6
2020-11-24,gc1s,1,0.9179216138536803,6
2020-11-24,si1s,1,0.7403216426679626,6
2020-11-24,pl1s,1,0.8806787803885694,6
2020-11-25,si1s,1,0.4758167205969005,6
2020-11-25,gc1s,1,0.8169061645226796,6
2020-11-27,si1s,1,0.6864476358336743,6
2020-11-27,gc1s,1,0.8845134549453515,6
2020-11-30,si1s,1,0.7079476796108776,6
2020-11-30,gc1s,1,0.8083057339936587,6
2020-12-01,gc1s,1,0.5438695542054022,6
2020-12-01,pl1s,0,0.815492854868808,6
2020-12-02,gc1s,1,0.5606329990683285,6
2020-12-02,pl1s,0,0.8515879048062286,6
2020-12-03,pl1s,0,0.8321569454584509,6
2020-12-03,si1s,1,0.5144359326563835,6
2020-12-04,pl1s,1,0.8262836935524908,6
2020-12-04,si1s,1,0.5807332349217734,6
2020-12-07,pl1s,1,0.8074898926430343,6
2020-12-07,si1s,1,0.45133128268444517,6
2020-12-08,pl1s,1,0.588809461842661,6
2020-12-08,si1s,1,0.235459577620003,6
2020-12-09,si1s,1,0.34895066966546534,6
2020-12-09,pl1s,1,0.7212963400633875,6
2020-12-10,si1s,1,0.37818530639912246,6
2020-12-10,pl1s,0,0.770108089118624,6
2020-12-11,pl1s,0,0.8898280132472514,6
2020-12-11,si1s,1,0.31219147621375143,6
2020-12-14,gc1s,1,0.48182779536707776,6
2020-12-14,si1s,1,0.2908917560136986,6
2020-12-14,pl1s,0,0.7859808399346224,6
2020-12-15,si1s,1,0.2988934837464259,6
2020-12-15,pl1s,0,0.8330968565531157,6
2020-12-15,gc1s,1,0.4046596539498414,6
2020-12-16,si1s,1,0.4517422644323755,6
2020-12-16,pl1s,0,0.8734181665375316,6
2020-12-16,gc1s,1,0.3426775448721748,6
2020-12-17,si1s,1,0.5643823884616995,6
2020-12-17,pl1s,0,0.9027792722240883,6
2020-12-18,si1s,1,0.48032399872706494,6
2020-12-18,pl1s,0,0.9042304488658202,6
2020-12-21,pl1s,0,0.595251348722792,6
2020-12-21,si1s,1,0.6432350440978115,6
2020-12-22,si1s,1,0.5667300192319326,6
2020-12-22,pl1s,0,0.6707530225304127,6
2020-12-23,pl1s,0,0.5479185279466966,6
2020-12-23,si1s,0,0.4032146302916963,6
2020-12-24,si1s,0,0.41930827187713743,6
2020-12-24,gc1s,0,0.1685310475646877,6
2020-12-24,pl1s,0,0.36486763625050234,6
2020-12-28,si1s,1,0.5805733799927869,6
2020-12-28,pl1s,0,0.48318190071743683,6
2020-12-28,gc1s,0,0.34185269086228465,6
2020-12-29,gc1s,0,0.25894165764890364,6
2020-12-29,si1s,0,0.486447014876853,6
2020-12-29,pl1s,0,0.5831097180475898,6
2020-12-30,si1s,0,0.27048874935081396,6
2020-12-30,pl1s,0,0.5143055359620127,6
2020-12-30,gc1s,0,0.2292388114167654,6
2020-12-31,si1s,0,0.31818448819113276,6
2020-12-31,pl1s,0,0.5916647514030651,6
2020-12-31,gc1s,0,0.4484460534822347,6
2021-01-04,si1s,1,0.7395395568282341,6
2021-01-04,gc1s,0,0.8043218368542345,6
2021-01-04,pl1s,1,0.7589314127764845,6
2021-01-05,si1s,1,0.7672239742183785,6
2021-01-05,pl1s,0,0.7915778903187539,6
2021-01-07,pl1s,1,0.8703459528519991,6
2021-01-08,pl1s,1,0.9242812010387067,6
2021-01-08,si1s,0,0.8904531904172129,6
2021-01-11,pl1s,1,0.9043154693343911,6
2021-01-12,pl1s,0,0.8842562468774396,6
2021-01-12,si1s,1,0.9114356334852991,6
2021-01-13,si1s,0,0.9261246150917829,6
2021-01-13,pl1s,1,0.8940483042009989,6
2021-01-14,pl1s,1,0.9198837754430653,6
2021-01-14,si1s,0,0.9475793219733895,6
2021-01-15,pl1s,0,0.8634088693055584,6
2021-01-15,si1s,0,0.9574898766291989,6
2021-01-19,pl1s,0,0.7546853251502371,6
2021-01-19,si1s,0,0.8761974352051235,6
2021-01-20,pl1s,1,0.7427162445270906,6
2021-01-20,gc1s,1,0.8655051264951378,6
2021-01-20,si1s,0,0.9275646154114593,6
2021-01-21,si1s,0,0.8511688615225421,6
2021-01-21,gc1s,1,0.8073119934225951,6
2021-01-21,pl1s,1,0.8934792553727788,6
2021-01-22,si1s,0,0.9562280708989995,6
2021-01-22,pl1s,0,0.8032880817975964,6
2021-01-25,si1s,0,0.7367337282422672,6
2021-01-25,pl1s,0,0.6651141824857192,6
2021-01-26,si1s,0,0.7013018681572993,6
2021-01-26,pl1s,0,0.6416934374693232,6
2021-01-27,si1s,0,0.8427283592654146,6
2021-01-28,si1s,0,0.9278057399913995,6
2021-01-28,pl1s,1,0.6951474373982319,6
2021-01-29,pl1s,1,0.7476495019796481,6
2021-02-01,si1s,1,0.9396110722230492,6
2021-02-01,pl1s,0,0.5735150142829661,6
2021-02-02,pl1s,1,0.6672391403232498,6
2021-02-03,si1s,1,0.8982064528417996,6
2021-02-04,si1s,1,0.9615241799227074,6
2021-02-04,pl1s,1,0.6179891048586997,6
2021-02-04,gc1s,0,0.97161579177117,6
2021-02-05,si1s,1,0.9354404278086781,6
2021-02-05,pl1s,1,0.44804531141874904,6
2021-02-08,pl1s,1,0.6938619824500409,6
2021-02-08,si1s,0,0.9407223563926578,6
2021-02-09,si1s,0,0.8778909225483877,6
2021-02-09,pl1s,0,0.5236264697281072,6
2021-02-10,pl1s,1,0.6603321618290241,6
2021-02-10,si1s,0,0.8639895156105832,6
2021-02-11,pl1s,1,0.7000815992399093,6
2021-02-11,si1s,1,0.8258936237932355,6
2021-02-12,pl1s,1,0.6188769091703914,6
2021-02-12,si1s,1,0.7120898227020672,6
2021-02-16,si1s,1,0.8004639379673141,6
2021-02-16,pl1s,1,0.5553704927030026,6
2021-02-17,si1s,1,0.880675275471086,6
2021-02-17,pl1s,1,0.7191081692004397,6
2021-02-18,pl1s,1,0.7658752990499047,6
2021-02-18,si1s,1,0.8595902216278429,6
2021-02-19,gc1s,0,0.9734704792391528,6
2021-02-19,pl1s,1,0.8916339676934609,6
2021-02-19,si1s,1,0.9532457854956748,6
2021-02-22,si1s,1,0.8517652030619038,6
2021-02-22,pl1s,1,0.7137069642627524,6
2021-02-23,si1s,1,0.8245297138589375,6
2021-02-23,pl1s,1,0.6969436709847274,6
2021-02-24,si1s,0,0.5998046838975197,6
2021-02-24,pl1s,1,0.7444720394565097,6
2021-02-25,pl1s,1,0.8715700889004011,6
2021-02-26,gc1s,0,0.9841694914598202,6
2021-02-26,pl1s,0,0.7376029728817045,6
2021-02-26,si1s,1,0.7825014354329346,6
2021-03-01,pl1s,0,0.5811327718419838,6
2021-03-01,si1s,1,0.696422128649691,6
2021-03-01,gc1s,1,0.9571188668327371,6
2021-03-02,gc1s,0,0.8352195216642411,6
2021-03-02,si1s,0,0.4293321656582447,6
2021-03-02,pl1s,0,0.5763712007941075,6
2021-03-03,gc1s,1,0.9563330187345604,6
2021-03-03,si1s,0,0.6669681935168591,6
2020-05-12,si1s,1,0.7232466368339159,7
2020-05-13,si1s,1,0.7088125777493708,7
2020-05-13,pl1s,1,0.8376881084217026,7
2020-05-14,si1s,1,0.7067291664145824,7
2020-05-14,pl1s,1,0.8950380911541089,7
2020-05-15,si1s,1,0.6624995659859898,7
2020-05-18,si1s,1,0.7099444041556071,7
2020-05-18,pl1s,0,0.567422990751818,7
2020-05-19,pl1s,0,0.6806144533510656,7
2020-05-19,si1s,1,0.4809863813554048,7
2020-05-20,gc1s,1,0.44240261605001574,7
2020-05-20,si1s,1,0.5561928033180327,7
2020-05-21,gc1s,1,0.47984732294721133,7
2020-05-21,si1s,1,0.73085888810704,7
2020-05-22,gc1s,1,0.9167504911626795,7
2020-05-22,pl1s,1,0.4851623976248027,7
2020-05-22,si1s,0,0.842896887195986,7
2020-05-26,pl1s,1,0.624017677592556,7
2020-05-26,gc1s,1,0.7089920512666444,7
2020-05-26,si1s,0,0.8584288031787489,7
2020-05-27,pl1s,1,0.7335862835530625,7
2020-05-27,si1s,0,0.8429521336228599,7
2020-05-27,gc1s,1,0.6941251617046177,7
2020-05-28,gc1s,0,0.5908690859587256,7
2020-05-28,pl1s,1,0.8533986902640807,7
2020-05-28,si1s,1,0.8582613430595449,7
2020-05-29,pl1s,1,0.6853235047865831,7
2020-05-29,si1s,1,0.8536030350136062,7
2020-06-01,si1s,1,0.7695634179051578,7
2020-06-01,pl1s,1,0.686731277480495,7
2020-06-02,si1s,1,0.6663777773395716,7
2020-06-02,gc1s,0,0.41026304378006856,7
2020-06-02,pl1s,1,0.4743819114397613,7
2020-06-03,pl1s,1,0.4236023732909845,7
2020-06-04,si1s,1,0.6490968475688628,7
2020-06-04,pl1s,1,0.675097308907389,7
2020-06-05,pl1s,0,0.8536511119342686,7
2020-06-08,pl1s,1,0.5540245601556152,7
2020-06-09,si1s,1,0.5196957760650486,7
2020-06-09,pl1s,1,0.6837613790888718,7
2020-06-10,pl1s,1,0.4646148787907754,7
2020-06-10,si1s,0,0.4015539034168417,7
2020-06-11,pl1s,1,0.5046808531575112,7
2020-06-11,si1s,0,0.38677538815635704,7
2020-06-12,pl1s,1,0.46741269111322264,7
2020-06-12,si1s,0,0.2548496811744048,7
2020-06-15,si1s,0,0.18680411063168384,7
2020-06-15,pl1s,0,0.24481765742893222,7
2020-06-16,pl1s,0,0.3191777022947165,7
2020-06-16,si1s,0,0.31692534771332365,7
2020-06-17,si1s,0,0.4655712668889779,7
2020-06-17,pl1s,0,0.7508548591359595,7
2020-06-18,si1s,0,0.6076106837283733,7
2020-06-18,pl1s,1,0.8057700795971539,7
2020-06-19,si1s,0,0.5639777523056945,7
2020-06-19,pl1s,1,0.7560710393355922,7
2020-06-19,gc1s,1,0.5664742900859736,7
2020-06-22,gc1s,1,0.3889248283461382,7
2020-06-22,si1s,0,0.45453453348297523,7
2020-06-23,gc1s,1,0.30563353631135237,7
2020-06-23,si1s,0,0.23167149648280463,7
2020-06-24,pl1s,1,0.6711036031804601,7
2020-06-24,si1s,0,0.18794570123009122,7
2020-06-25,gc1s,1,0.15563721877162034,7
2020-06-25,si1s,0,0.5181896113399695,7
2020-06-25,pl1s,1,0.6747090048399298,7
2020-06-26,pl1s,1,0.7030429068879277,7
2020-06-26,gc1s,1,0.20088761658036314,7
2020-06-26,si1s,1,0.5114416527586247,7
2020-06-29,gc1s,1,0.08220294447319786,7
2020-06-29,pl1s,1,0.2806329014907501,7
2020-06-29,si1s,1,0.34187879675426397,7
2020-06-30,pl1s,0,0.26482562129591186,7
2020-07-01,si1s,0,0.42548411647417106,7
2020-07-01,pl1s,1,0.4999249910076913,7
2020-07-02,si1s,0,0.4336299031448102,7
2020-07-02,gc1s,1,0.11002765487427947,7
2020-07-02,pl1s,1,0.3754331868909228,7
2020-07-06,si1s,1,0.09838810534844365,7
2020-07-06,gc1s,1,0.04730033032013032,7
2020-07-06,pl1s,1,0.1993623709359093,7
2020-07-07,si1s,1,0.1224556918735343,7
2020-07-07,pl1s,1,0.24008773821283963,7
2020-07-07,gc1s,1,0.09397831113868065,7
2020-07-08,si1s,0,0.48159826093779673,7
2020-07-08,pl1s,1,0.19474184331378663,7
2020-07-08,gc1s,1,0.08050429830595864,7
2020-07-09,pl1s,1,0.3250196090860853,7
2020-07-09,si1s,0,0.3727341828156641,7
2020-07-09,gc1s,1,0.05274819025177835,7
2020-07-10,gc1s,1,0.06948047852383131,7
2020-07-10,pl1s,1,0.1604084634413872,7
2020-07-10,si1s,0,0.2840524757256258,7
2020-07-13,gc1s,1,0.030223168052924694,7
2020-07-13,si1s,0,0.3748397528389582,7
2020-07-13,pl1s,1,0.14109613032148186,7
2020-07-14,gc1s,1,0.09399914234213862,7
2020-07-14,pl1s,1,0.2043041610160255,7
2020-07-14,si1s,0,0.5409783084392492,7
2020-07-15,pl1s,1,0.35774289706218976,7
2020-07-15,gc1s,1,0.17618589470204124,7
2020-07-15,si1s,1,0.35661601200117987,7
2020-07-16,pl1s,1,0.28058649693219645,7
2020-07-16,gc1s,1,0.14691629166668727,7
2020-07-17,pl1s,1,0.12719162919923327,7
2020-07-17,si1s,0,0.5409989036794058,7
2020-07-20,pl1s,1,0.1503020532774873,7
2020-07-20,si1s,0,0.5079631498835581,7
2020-07-21,si1s,0,0.5283463601238741,7
2020-07-22,pl1s,0,0.6118416493727826,7
2020-07-22,si1s,0,0.5660456118314501,7
2020-07-23,pl1s,0,0.5579317152167528,7
2020-07-23,si1s,0,0.6724522150226382,7
2020-07-24,pl1s,0,0.4623573497252337,7
2020-07-24,si1s,0,0.4674977511229821,7
2020-07-27,si1s,0,0.671599503300149,7
2020-07-27,pl1s,0,0.5790149088803912,7
2020-07-28,si1s,0,0.28142413972742397,7
2020-07-28,pl1s,1,0.4164011064056001,7
2020-07-29,pl1s,0,0.5726543222840961,7
2020-07-29,si1s,0,0.7024218775614556,7
2020-07-30,pl1s,1,0.533687375416254,7
2020-07-30,si1s,0,0.661349530920264,7
2020-07-31,si1s,0,0.8652048199023316,7
2020-07-31,pl1s,1,0.7030219896731279,7
2020-08-03,pl1s,1,0.5114520417904271,7
2020-08-03,si1s,0,0.8078606494550747,7
2020-08-04,pl1s,0,0.6237745575847795,7
2020-08-04,si1s,0,0.8267910241357873,7
2020-08-05,si1s,0,0.8546988086661318,7
2020-08-05,pl1s,1,0.6693415903857899,7
2020-08-06,pl1s,1,0.7695573173557462,7
2020-08-06,si1s,1,0.8937632847419315,7
2020-08-07,si1s,1,0.6517021786028264,7
2020-08-07,pl1s,1,0.2039667704917395,7
2020-08-10,si1s,1,0.8076859404209932,7
2020-08-10,pl1s,1,0.42914930913097843,7
2020-08-11,pl1s,0,0.6773748757678074,7
2020-08-11,si1s,1,0.5425776180476242,7
2020-08-12,pl1s,1,0.5035719022969827,7
2020-08-12,si1s,1,0.8149781262933049,7
2020-08-13,pl1s,1,0.27778604541968344,7
2020-08-13,si1s,1,0.5374677809705706,7
2020-08-14,pl1s,1,0.4507001120918131,7
2020-08-14,si1s,0,0.7638424643459225,7
2020-08-17,pl1s,1,0.16064677885396775,7
2020-08-17,si1s,0,0.5132859798435825,7
2021-03-03,pl1s,1,0.44938909214413997,7
2021-03-04,gc1s,1,0.8514351022499294,7
2021-03-04,si1s,0,0.16421282525594147,7
2021-03-04,pl1s,1,0.4724063583795372,7
2021-03-05,pl1s,1,0.5958948125846817,7
2021-03-05,si1s,0,0.3006571594606659,7
2021-03-05,gc1s,1,0.8675714480479322,7
2021-03-08,gc1s,1,0.7784361382422903,7
2021-03-08,si1s,0,0.0817545315651703,7
2021-03-08,pl1s,1,0.24186459099168892,7
2021-03-09,pl1s,0,0.9370579183239993,7
2021-03-09,gc1s,1,0.6809498921167468,7
2021-03-09,si1s,1,0.17055301004226026,7
2021-03-10,gc1s,1,0.4448892640289659,7
2021-03-10,si1s,1,0.09813295110346384,7
2021-03-10,pl1s,0,0.22880884031475876,7
2021-03-11,pl1s,0,0.3209298694371829,7
2021-03-11,gc1s,1,0.3040998909286999,7
2021-03-11,si1s,1,0.13870878247818016,7
2021-03-12,si1s,0,0.3564573287333311,7
2021-03-12,gc1s,1,0.518206639789435,7
2021-03-12,pl1s,0,0.3442116088822736,7
2021-03-15,gc1s,0,0.5164269820874094,7
2021-03-15,pl1s,0,0.26085298078919555,7
2021-03-15,si1s,1,0.1159452373637725,7
2021-03-16,gc1s,0,0.37402166874913456,7
2021-03-16,pl1s,0,0.22544941602122961,7
2021-03-16,si1s,0,0.17685048230476982,7
2021-03-17,gc1s,0,0.3662043280904021,7
2021-03-17,pl1s,0,0.3562879148500493,7
2021-03-17,si1s,0,0.31712381862109096,7
2021-03-18,gc1s,0,0.4450501508379656,7
2021-03-18,pl1s,0,0.31537673219040424,7
2021-03-18,si1s,1,0.3873311268997847,7
2021-03-19,si1s,1,0.5064437617354234,7
2021-03-19,gc1s,0,0.6345040022273328,7
2021-03-19,pl1s,1,0.5817505381169064,7
2021-03-22,pl1s,1,0.1568313688241967,7
2021-03-22,si1s,0,0.16731877444003565,7
2021-03-23,pl1s,1,0.31687542337080143,7
2021-03-23,si1s,1,0.18606888274558045,7
2021-03-24,pl1s,1,0.08653317973772519,7
2021-03-24,si1s,1,0.20317338250878716,7
2021-03-25,si1s,1,0.17500858708707862,7
2021-03-25,pl1s,1,0.3443221579855721,7
2021-03-26,si1s,0,0.0568941642839566,7
2021-03-26,pl1s,0,0.07632921957914388,7
2021-03-29,pl1s,0,0.10265806917236912,7
2021-03-29,si1s,1,0.14832220272434474,7
2021-03-30,si1s,1,0.12050265109925361,7
2021-03-30,pl1s,1,0.16190511238641617,7
2021-03-31,si1s,1,0.1416518238937787,7
2021-03-31,pl1s,1,0.1930550285192223,7
2021-04-01,si1s,1,0.03700198542363892,7
2021-04-01,pl1s,1,0.20209604287664343,7
2021-04-05,si1s,1,0.05076510324234688,7
2021-04-05,pl1s,0,0.1438366682648867,7
2021-04-06,si1s,0,0.20057870167103994,7
2021-04-06,gc1s,0,0.4329705925869884,7
2021-04-07,gc1s,0,0.5901948340964246,7
2021-04-07,si1s,0,0.3587057835300564,7
2021-04-07,pl1s,0,0.3089945665583624,7
2021-04-08,pl1s,0,0.11168595449916402,7
2021-04-08,si1s,1,0.07748735656334134,7
2021-04-09,pl1s,1,0.27674752347745435,7
2021-04-09,gc1s,0,0.4613912354894126,7
2021-04-09,si1s,1,0.07214159764569422,7
2021-04-12,pl1s,1,0.46077191756789593,7
2021-04-12,si1s,1,0.03391212732396361,7
2021-04-13,pl1s,1,0.408129849272477,7
2021-04-13,si1s,1,0.10512981137941312,7
2021-04-14,si1s,1,0.09062474138744078,7
2021-04-14,pl1s,1,0.4557563257621027,7
2021-04-15,pl1s,0,0.4114946382454433,7
2021-04-16,pl1s,0,0.17347979725570573,7
2021-04-16,si1s,1,0.24018544329881242,7
2021-04-20,pl1s,1,0.12218311335506378,7
2021-04-21,si1s,1,0.4781720589706141,7
2021-04-21,pl1s,1,0.28623910040207867,7
2021-04-22,pl1s,1,0.15638018315587296,7
2021-04-23,pl1s,1,0.4058591068785515,7
2021-04-26,pl1s,1,0.3019335018579684,7
2021-04-26,si1s,0,0.18183653235327354,7
2021-04-27,si1s,0,0.7601537495266523,7
2021-04-27,pl1s,0,0.4393980841850814,7
2021-04-28,pl1s,1,0.21266119835153643,7
2021-04-28,si1s,0,0.14300801242307407,7
2021-04-29,pl1s,1,0.3287444117609175,7
2021-04-29,si1s,0,0.5882410377406294,7
2021-04-30,pl1s,1,0.6354223764501217,7
2021-04-30,si1s,1,0.452300125911163,7
2021-05-03,pl1s,1,0.45298836192071806,7
2021-05-03,si1s,0,0.7763917604957498,7
2021-05-04,pl1s,0,0.32588575814087006,7
2021-05-04,si1s,1,0.1270394520817371,7
2021-05-05,pl1s,0,0.3332002167352,7
2021-05-05,si1s,1,0.4677523425895921,7
2021-05-06,pl1s,0,0.45226969764268493,7
2021-05-06,si1s,0,0.7258001745618734,7
2021-05-07,pl1s,0,0.4402173122202906,7
2021-05-07,si1s,0,0.7012523768539495,7
2021-05-07,gc1s,1,0.1974715727655731,7
2021-05-10,pl1s,0,0.3375714224617444,7
2021-05-10,si1s,0,0.5191347570484756,7
2021-05-11,pl1s,0,0.1447470865845968,7
2021-05-11,si1s,0,0.6406121955179344,7
2021-05-12,gc1s,1,0.06357804808490206,7
2021-05-12,si1s,1,0.4273082695696479,7
2021-05-12,pl1s,0,0.48764281105029184,7
2021-05-13,pl1s,0,0.5655722296891277,7
2021-05-13,gc1s,1,0.2437673783370484,7
2021-05-13,si1s,0,0.3713624461800531,7
2021-05-14,pl1s,0,0.3592497236304778,7
2021-05-14,si1s,0,0.3585684682127438,7
2021-05-17,si1s,1,0.5858949989214636,7
2021-05-17,gc1s,1,0.06530252949632859,7
2021-05-17,pl1s,0,0.1782326575038625,7
2021-05-18,si1s,1,0.5491166493309975,7
2021-05-18,pl1s,0,0.2217946505382097,7
2021-05-18,gc1s,1,0.06936378528726861,7
2021-05-19,pl1s,0,0.21407861951740664,7
2021-05-19,si1s,1,0.3764079317399451,7
2021-05-19,gc1s,0,0.07886561477436488,7
2021-05-20,pl1s,0,0.4326454218654551,7
2021-05-20,si1s,1,0.49767446280116234,7
2021-05-20,gc1s,1,0.06811306446433799,7
2021-05-21,si1s,0,0.25525006052909605,7
2021-05-21,pl1s,1,0.5759017019610855,7
2021-05-24,si1s,0,0.6080257235224302,7
2021-05-24,pl1s,0,0.38831317690374306,7
2021-05-25,pl1s,0,0.3078412570207276,7
2021-05-25,si1s,0,0.47701383982160656,7
2021-05-26,pl1s,0,0.20659153675821984,7
2021-05-27,pl1s,0,0.2657530172162549,7
2021-05-28,gc1s,0,0.4789515449490998,7
2021-05-28,si1s,1,0.8149744992889512,7
2021-05-28,pl1s,0,0.23193508213656713,7
2021-06-01,gc1s,0,0.5099645813576872,7
2021-06-01,si1s,1,0.3097119840239224,7
2021-06-01,pl1s,0,0.23956196294592097,7
2021-06-02,si1s,1,0.4973903433753163,7
2021-06-02,pl1s,0,0.3280165992698896,7
2021-06-03,si1s,0,0.4844579781203259,7
2021-06-03,pl1s,0,0.33292487275102384,7
2021-06-04,pl1s,0,0.5957817718148446,7
2021-06-07,pl1s,0,0.39332389261370876,7
2021-06-08,pl1s,0,0.5562263360951504,7
2020-05-12,si1s,1,0.7771149384283289,8
2020-05-13,si1s,1,0.6547628443773799,8
2020-05-13,pl1s,1,0.7301482008638469,8
2020-05-14,si1s,1,0.842388112251904,8
2020-05-14,pl1s,1,0.7823612989362342,8
2020-05-15,si1s,1,0.8446600123068304,8
2020-05-18,si1s,1,0.9196967436583035,8
2020-05-18,pl1s,0,0.9455065477438854,8
2020-05-19,pl1s,0,0.9216959032591325,8
2020-05-19,si1s,1,0.8618395282914516,8
2020-05-20,gc1s,1,0.345765356273936,8
2020-05-20,si1s,1,0.7452935995658966,8
2020-05-21,gc1s,1,0.3390272408524897,8
2020-05-21,si1s,1,0.657389345679916,8
2020-05-22,gc1s,1,0.5057055561594846,8
2020-05-22,pl1s,1,0.5374267477986169,8
2020-05-22,si1s,0,0.43951472943947945,8
2020-05-26,pl1s,1,0.6711258338997141,8
2020-05-26,gc1s,1,0.20550314042730303,8
2020-05-26,si1s,0,0.5824344809561225,8
2020-05-27,pl1s,1,0.5832351371975474,8
2020-05-27,si1s,0,0.48433348442538526,8
2020-05-27,gc1s,1,0.1133871401918261,8
2020-05-28,gc1s,0,0.13387260389083502,8
2020-05-28,pl1s,1,0.7109029291714932,8
2020-05-28,si1s,1,0.5303569330754301,8
2020-05-29,pl1s,1,0.6829844368602147,8
2020-05-29,si1s,1,0.7053881296219002,8
2020-06-01,si1s,1,0.7846747793264229,8
2020-06-01,pl1s,1,0.7720059430387717,8
2020-06-02,si1s,1,0.6025830361672972,8
2020-06-02,gc1s,0,0.17937532104310858,8
2020-06-02,pl1s,1,0.6889268055575541,8
2020-06-03,pl1s,1,0.42149853777090623,8
2020-06-04,si1s,1,0.49747683509995877,8
2020-06-04,pl1s,1,0.4556229289713573,8
2020-06-05,pl1s,0,0.7614125157846282,8
2020-06-08,pl1s,1,0.31438222196115095,8
2020-06-09,si1s,1,0.37531812728467656,8
2020-06-09,pl1s,1,0.3372474834153534,8
2020-06-10,pl1s,1,0.13257143477992617,8
2020-06-10,si1s,0,0.42230766127724567,8
2020-06-11,pl1s,1,0.12968634989114525,8
2020-06-11,si1s,0,0.20542668880099557,8
2020-06-12,pl1s,1,0.12986068903766698,8
2020-06-12,si1s,0,0.07989641388713928,8
2020-06-15,si1s,0,0.07864097195602994,8
2020-06-15,pl1s,0,0.1842139811578839,8
2020-06-16,pl1s,0,0.12908807769624175,8
2020-06-16,si1s,0,0.07473394713461234,8
2020-06-17,si1s,0,0.07785973104404564,8
2020-06-17,pl1s,0,0.3608536897036519,8
2020-06-18,si1s,0,0.0820305505420353,8
2020-06-18,pl1s,1,0.47343633899128906,8
2020-06-19,si1s,0,0.07230741718982114,8
2020-06-19,pl1s,1,0.23670863078771603,8
2020-06-19,gc1s,1,0.16052056742327422,8
2020-06-22,gc1s,1,0.2670505580151047,8
2020-06-22,si1s,0,0.08818924508186766,8
2020-06-23,gc1s,1,0.20465092031803775,8
2020-06-23,si1s,0,0.08050039535423853,8
2020-06-24,pl1s,1,0.24058128757422123,8
2020-06-24,si1s,0,0.07931682113658675,8
2020-06-25,gc1s,1,0.12935212429443582,8
2020-06-25,si1s,0,0.04507027850218985,8
2020-06-25,pl1s,1,0.3153312980464206,8
2020-06-26,pl1s,1,0.25316125073100054,8
2020-06-26,gc1s,1,0.1662385215641791,8
2020-06-26,si1s,1,0.07596037545845245,8
2020-06-29,gc1s,1,0.09523613621419838,8
2020-06-29,pl1s,1,0.129656374093853,8
2020-06-29,si1s,1,0.06127300505173484,8
2020-06-30,pl1s,0,0.3181533436007905,8
2020-07-01,si1s,0,0.20439266545638873,8
2020-07-01,pl1s,1,0.3327953031247062,8
2020-07-02,si1s,0,0.19551101814508767,8
2020-07-02,gc1s,1,0.11691620415151491,8
2020-07-02,pl1s,1,0.42778874395183736,8
2020-07-06,si1s,1,0.2547935291213991,8
2020-07-06,gc1s,1,0.11803611252254916,8
2020-07-06,pl1s,1,0.34142605749838345,8
2020-07-07,si1s,1,0.21407787280579516,8
2020-07-07,pl1s,1,0.41548199877504005,8
2020-07-07,gc1s,1,0.15439171879650243,8
2020-07-08,si1s,0,0.3511242128868596,8
2020-07-08,pl1s,1,0.36231164992528164,8
2020-07-08,gc1s,1,0.23879474651428534,8
2020-07-09,pl1s,1,0.38689013127628763,8
2020-07-09,si1s,0,0.17442297826944633,8
2020-07-09,gc1s,1,0.061353675056591735,8
2020-07-10,gc1s,1,0.08527304592681022,8
2020-07-10,pl1s,1,0.2721805035445778,8
2020-07-10,si1s,0,0.06316743900060773,8
2020-07-13,gc1s,1,0.1035806077211163,8
2020-07-13,si1s,0,0.11192072588235283,8
2020-07-13,pl1s,1,0.12253290315183737,8
2020-07-14,gc1s,1,0.13813499210566293,8
2020-07-14,pl1s,1,0.16947609194282834,8
2020-07-14,si1s,0,0.1150221673086159,8
2020-07-15,pl1s,1,0.32302083584659785,8
2020-07-15,gc1s,1,0.0464120834986152,8
2020-07-15,si1s,1,0.07069811084244142,8
2020-07-16,pl1s,1,0.2676693421112335,8
2020-07-16,gc1s,1,0.020054257615776144,8
2020-07-17,pl1s,1,0.19295666634117395,8
2020-07-17,si1s,0,0.039858375748480446,8
2020-07-20,pl1s,1,0.2536633073172883,8
2020-07-20,si1s,0,0.19387862884444146,8
2020-07-21,si1s,0,0.7688687966262285,8
2020-07-22,pl1s,0,0.6697910051458319,8
2020-07-22,si1s,0,0.8958193667298596,8
2020-07-23,pl1s,0,0.46211743495490537,8
2020-07-23,si1s,0,0.8258959849219359,8
2020-07-24,pl1s,0,0.443996852265576,8
2020-07-24,si1s,0,0.653539792718495,8
2020-07-27,si1s,0,0.8965341121592251,8
2020-07-27,pl1s,0,0.5948595518424391,8
2020-07-28,si1s,0,0.8864134330265133,8
2020-07-28,pl1s,1,0.4726410975829493,8
2020-07-29,pl1s,0,0.22508745681471323,8
2020-07-29,si1s,0,0.6326300198963395,8
2020-07-30,pl1s,1,0.4601842539205262,8
2020-07-30,si1s,0,0.6011337379222953,8
2020-07-31,si1s,0,0.616778270252133,8
2020-07-31,pl1s,1,0.29467675017130635,8
2020-08-03,pl1s,1,0.3844972641993079,8
2020-08-03,si1s,0,0.5900887699525691,8
2020-08-04,pl1s,0,0.2884477714204405,8
2020-08-04,si1s,0,0.743979357935063,8
2020-08-05,si1s,0,0.8357799598350234,8
2020-08-05,pl1s,1,0.42896875423002867,8
2020-08-06,pl1s,1,0.4038286801157107,8
2020-08-06,si1s,1,0.9022416625050264,8
2020-08-07,si1s,1,0.8941448072214745,8
2020-08-07,pl1s,1,0.21249783363567673,8
2020-08-10,si1s,1,0.9189963122192414,8
2020-08-10,pl1s,1,0.392538508717992,8
2020-08-11,pl1s,0,0.6562969844168337,8
2020-08-11,si1s,1,0.8518184589805031,8
2020-08-12,pl1s,1,0.3035974086428628,8
2020-08-12,si1s,1,0.5088090682901187,8
2020-08-13,pl1s,1,0.21908640700973292,8
2020-08-13,si1s,1,0.6918396943723246,8
2020-08-14,pl1s,1,0.23201216591213758,8
2020-08-14,si1s,0,0.7051252332917233,8
2020-08-17,pl1s,1,0.17217223670507434,8
2020-08-17,si1s,0,0.7289665974964851,8
2021-06-08,si1s,1,0.2541625934638384,8
2021-06-09,pl1s,0,0.3984341387410812,8
2021-06-09,si1s,1,0.22356154754979435,8
2021-06-10,si1s,1,0.25827678550915245,8
2021-06-11,pl1s,0,0.645885580342269,8
2021-06-11,si1s,1,0.34948643953065534,8
2021-06-14,pl1s,0,0.524030249414321,8
2021-06-14,si1s,1,0.25764854410562915,8
2021-06-15,si1s,1,0.17798713065777513,8
2021-06-15,pl1s,0,0.499858260850804,8
2021-06-16,pl1s,0,0.7055491267487711,8
2021-06-16,si1s,1,0.6796005538224378,8
2021-06-17,si1s,1,0.9531873865798041,8
2021-06-17,pl1s,1,0.9658326175056804,8
2021-06-18,si1s,1,0.9549295290017685,8
2021-06-18,pl1s,1,0.9750046743321543,8
2021-06-21,si1s,1,0.9203825805264836,8
2021-06-21,pl1s,1,0.8654509684382805,8
2021-06-22,si1s,1,0.8832488344566221,8
2021-06-22,pl1s,1,0.6952839079880714,8
2021-06-23,si1s,0,0.8361824407217697,8
2021-06-23,pl1s,0,0.7385840651705482,8
2021-06-24,si1s,1,0.8443731418064159,8
2021-06-25,si1s,1,0.9239795842661027,8
2021-06-28,si1s,0,0.7907555833561906,8
2021-06-29,si1s,1,0.8420490107588527,8
2021-06-29,pl1s,1,0.820140335261931,8
2021-06-30,si1s,1,0.6062937750027639,8
2021-06-30,pl1s,1,0.7386277925525476,8
2021-07-01,pl1s,1,0.6431060971705241,8
2021-07-01,si1s,0,0.7916865538932566,8
2021-07-02,si1s,1,0.6477868663707457,8
2021-07-02,pl1s,0,0.6557857582613679,8
2021-07-06,pl1s,0,0.579374292247061,8
2021-07-06,si1s,0,0.6056888055534375,8
2021-07-07,pl1s,0,0.5113335493987955,8
2021-07-08,pl1s,1,0.5037840652857446,8
2021-07-08,si1s,0,0.5904659769867057,8
2021-07-09,si1s,1,0.7184660024450082,8
2021-07-09,pl1s,0,0.7555206255351536,8
2021-07-12,pl1s,0,0.7927023426229249,8
2021-07-12,si1s,1,0.6578947180906511,8
2021-07-13,si1s,1,0.7538789265982185,8
2021-07-13,pl1s,0,0.818768468756982,8
2021-07-14,pl1s,0,0.6611075467454263,8
2021-07-15,pl1s,0,0.8086856005538486,8
2021-07-15,si1s,1,0.686947946752211,8
2021-07-16,si1s,1,0.6870485319514397,8
2021-07-16,pl1s,0,0.3408031009763706,8
2021-07-19,pl1s,0,0.4467210312094817,8
2021-07-19,si1s,0,0.3259448080524258,8
2021-07-20,pl1s,0,0.38012401654157096,8
2021-07-20,si1s,1,0.6179800501234897,8
2021-07-21,pl1s,0,0.598126668773496,8
2021-07-21,si1s,1,0.6467614504705519,8
2021-07-22,si1s,0,0.6635843253941518,8
2021-07-22,pl1s,0,0.7159110107192365,8
2021-07-23,pl1s,0,0.8533416960756879,8
2021-07-23,si1s,0,0.7554220910126185,8
2021-07-26,si1s,0,0.7529453318053303,8
2021-07-26,pl1s,0,0.59838133853545,8
2021-07-27,si1s,0,0.8865272392688123,8
2021-07-27,pl1s,0,0.655389900535593,8
2021-07-28,pl1s,0,0.6439181784330849,8
2021-07-28,si1s,0,0.7543945640623325,8
2021-07-29,si1s,0,0.7080217250970345,8
2021-07-29,pl1s,0,0.5475513158924281,8
2021-07-30,si1s,0,0.5825652712041234,8
2021-07-30,pl1s,0,0.6495726559040608,8
2021-08-02,si1s,0,0.37947890493817715,8
2021-08-02,pl1s,0,0.29131950528719847,8
2021-08-03,pl1s,0,0.48411306377401303,8
2021-08-03,si1s,0,0.3194500801563817,8
2021-08-03,gc1s,1,0.47672196839732445,8
2021-08-04,si1s,0,0.5199250750222096,8
2021-08-04,gc1s,1,0.5464713797038246,8
2021-08-04,pl1s,0,0.6593805440982564,8
2021-08-05,si1s,0,0.5303438002899378,8
2021-08-06,si1s,0,0.9421298694174173,8
2021-08-09,si1s,1,0.9158591390231495,8
2021-08-09,pl1s,1,0.9157809544235327,8
2021-08-09,gc1s,1,0.9265783548374251,8
2021-08-10,gc1s,1,0.9132128770772717,8
2021-08-10,pl1s,1,0.8219297328230846,8
2021-08-10,si1s,1,0.8914842214407117,8
2021-08-11,gc1s,1,0.8810152177822957,8
2021-08-11,pl1s,0,0.5869643947382785,8
2021-08-11,si1s,1,0.8816216557800727,8
2021-08-12,gc1s,1,0.9448339949199436,8
2021-08-12,si1s,1,0.9281987035214317,8
2021-08-13,si1s,1,0.822318588093927,8
2021-08-16,si1s,1,0.6217108823959469,8
2021-08-16,pl1s,0,0.5285203075155088,8
2021-08-17,si1s,1,0.5458132744922216,8
2021-08-17,pl1s,1,0.548710269677963,8
2021-08-18,pl1s,1,0.4801735366735097,8
2021-08-18,si1s,1,0.740605735628513,8
2021-08-19,pl1s,1,0.8817346328640738,8
2021-08-19,si1s,1,0.8467925612020308,8
2021-08-20,pl1s,1,0.6807826961185444,8
2021-08-20,si1s,1,0.8998420099388591,8
2021-08-23,pl1s,0,0.4459049792113389,8
2021-08-23,si1s,1,0.5534199619942579,8
2021-08-24,pl1s,1,0.47204386813069454,8
2021-08-24,si1s,1,0.5815974765486579,8
2021-08-25,pl1s,0,0.6402819582273968,8
2021-08-25,si1s,1,0.5901714008311065,8
2021-08-26,si1s,1,0.7021104298948306,8
2021-08-26,pl1s,0,0.7966184668328801,8
2021-08-27,si1s,1,0.6130520450998349,8
2021-08-27,pl1s,0,0.6312668448660553,8
2021-08-30,si1s,1,0.7060765478773291,8
2021-08-30,pl1s,0,0.6489754400598765,8
2021-08-31,pl1s,0,0.5265198369973845,8
2021-08-31,si1s,1,0.7911958818838011,8
2021-09-01,si1s,1,0.7115148961234364,8
2021-09-01,pl1s,0,0.7887288030297217,8
2021-09-02,pl1s,0,0.7525719647575383,8
2021-09-02,si1s,1,0.7661717529935294,8
2021-09-03,pl1s,0,0.6955146993202698,8
2021-09-03,si1s,1,0.7859622336513356,8
2021-09-07,pl1s,0,0.542232935749113,8
2021-09-07,si1s,1,0.6456350838936546,8
2021-09-08,si1s,1,0.5050539561410026,8
2021-09-08,pl1s,0,0.6795807512670793,8
2021-09-09,si1s,1,0.2502142664957553,8
2021-09-09,pl1s,0,0.6078727893775445,8
2021-09-10,si1s,0,0.4605712528570075,8
2021-09-10,pl1s,0,0.8912951674416997,8
2021-09-13,pl1s,0,0.9488936501182077,8
2021-09-13,si1s,0,0.48845414435242734,8
2021-09-14,pl1s,1,0.9593086498290085,8
2021-09-14,si1s,0,0.46771281781653706,8
2021-09-15,si1s,0,0.29553404084403606,8
2021-09-15,pl1s,1,0.9256446694169835,8
2021-09-16,si1s,0,0.9533998262769068,8
2021-09-16,pl1s,1,0.9484458474700466,8
2021-09-17,si1s,1,0.9485215039902027,8
2021-09-17,pl1s,1,0.9664633075208177,8
2021-09-20,si1s,1,0.894629389609829,8
2021-09-20,pl1s,1,0.9847011037607932,8
2021-09-20,gc1s,1,0.8678647009835541,8
2021-09-21,pl1s,1,0.7653906011703868,8
2021-09-21,gc1s,0,0.8448063127389839,8
2021-09-21,si1s,0,0.8523883038271979,8
2021-09-22,si1s,0,0.8941932599767235,8
2021-09-22,gc1s,0,0.8958813585204184,8
2020-08-18,si1s,0,0.3549251489310538,9
2020-08-18,pl1s,1,0.5298567602378916,9
2020-08-18,gc1s,1,0.6741241976971494,9
2020-08-19,gc1s,1,0.7274906213885955,9
2020-08-19,si1s,1,0.4813279512647223,9
2020-08-19,pl1s,0,0.6616574000621949,9
2020-08-20,pl1s,0,0.8819314514289839,9
2020-08-20,gc1s,1,0.8443875391835847,9
2020-08-20,si1s,1,0.5123466913629496,9
2020-08-21,pl1s,0,0.7345294764930704,9
2020-08-21,gc1s,1,0.7945865639052176,9
2020-08-21,si1s,1,0.4825302036724986,9
2020-08-24,pl1s,0,0.7976773702799398,9
2020-08-24,gc1s,0,0.8104966877581302,9
2020-08-25,pl1s,0,0.43392675683725024,9
2020-08-25,si1s,1,0.6128140412821426,9
2020-08-26,pl1s,1,0.5805102194386572,9
2020-08-27,pl1s,1,0.6710039468665416,9
2020-08-27,si1s,1,0.377535163694541,9
2020-08-28,pl1s,0,0.4913974634916076,9
2020-08-28,si1s,1,0.2690949283462534,9
2020-08-31,pl1s,1,0.32510470550132586,9
2020-08-31,si1s,1,0.16040239256999522,9
2020-09-01,si1s,1,0.26591474791687736,9
2020-09-01,pl1s,1,0.388015236783049,9
2020-09-02,pl1s,1,0.42630936461450847,9
2020-09-02,si1s,1,0.34461010577047363,9
2020-09-03,pl1s,1,0.6750519285831004,9
2020-09-03,si1s,1,0.7029561627816096,9
2020-09-04,pl1s,0,0.6027751755093878,9
2020-09-04,si1s,0,0.7340652793121255,9
2020-09-08,pl1s,0,0.6911623959516229,9
2020-09-08,si1s,0,0.711146392678023,9
2020-09-09,pl1s,0,0.6507433384904797,9
2020-09-10,si1s,0,0.6270165973811532,9
2020-09-11,si1s,0,0.72125183627761,9
2020-09-14,si1s,0,0.4617048297413957,9
2020-09-14,pl1s,1,0.676372637500585,9
2020-09-15,si1s,0,0.5544490051687637,9
2020-09-15,pl1s,1,0.543592376415078,9
2020-09-16,si1s,0,0.6673793239038712,9
2020-09-16,pl1s,0,0.7020057544421219,9
2020-09-17,pl1s,0,0.705151937383587,9
2020-09-17,si1s,0,0.7471786811527696,9
2020-09-18,si1s,0,0.7409828830225162,9
2020-09-18,pl1s,0,0.8491995896822336,9
2020-09-21,pl1s,1,0.7428781590986404,9
2020-09-21,si1s,0,0.7047325836035405,9
2020-09-22,pl1s,1,0.8727696377642175,9
2020-09-22,si1s,1,0.8531980747386028,9
2020-09-23,gc1s,1,0.9585470102457594,9
2020-09-24,gc1s,1,0.9607339576935553,9
2020-09-24,si1s,1,0.9093737398092722,9
2020-09-25,gc1s,1,0.9397887045126642,9
2020-09-25,pl1s,1,0.9253570184452866,9
2020-09-28,si1s,0,0.8030830439179165,9
2020-09-28,gc1s,1,0.8794672535203815,9
2020-09-28,pl1s,0,0.881541878653218,9
2020-09-29,gc1s,0,0.8007513140697733,9
2020-09-29,si1s,1,0.7085580635729506,9
2020-09-30,gc1s,1,0.7756266100490693,9
2020-09-30,si1s,1,0.8582347977618761,9
2020-09-30,pl1s,0,0.818679341044183,9
2020-10-01,pl1s,0,0.844720656786546,9
2020-10-02,pl1s,0,0.8933773282756857,9
2020-10-02,si1s,1,0.9135907808721727,9
2020-10-05,si1s,0,0.7705437813569199,9
2020-10-05,pl1s,0,0.7928986786052844,9
2020-10-06,pl1s,1,0.8195813469049112,9
2020-10-06,si1s,1,0.8102378148654108,9
2020-10-07,si1s,1,0.801008740190026,9
2020-10-07,pl1s,1,0.838802664682712,9
2020-10-08,pl1s,1,0.8650113596287891,9
2020-10-08,si1s,1,0.8929993207157735,9
2020-10-09,si1s,1,0.7090595202534147,9
2020-10-09,pl1s,1,0.6028420605353614,9
2020-10-12,pl1s,1,0.6292554325320285,9
2020-10-12,si1s,1,0.6465630704342403,9
2020-10-13,pl1s,1,0.5860084208034193,9
2020-10-14,pl1s,1,0.6185668521494003,9
2020-10-14,si1s,1,0.7519021719151887,9
2020-10-15,pl1s,0,0.6270046585925348,9
2020-10-16,pl1s,0,0.7215206860714484,9
2020-10-16,si1s,1,0.845838608840722,9
2020-10-19,gc1s,0,0.848290354050298,9
2020-10-19,pl1s,0,0.5951357176607017,9
2020-10-19,si1s,1,0.8404872204224565,9
2020-10-20,si1s,1,0.8131400766751089,9
2020-10-20,pl1s,0,0.4120949842981877,9
2020-10-20,gc1s,0,0.7921775644842732,9
2020-10-21,gc1s,0,0.8511080262432137,9
2020-10-21,pl1s,0,0.4602225743017408,9
2020-10-21,si1s,0,0.8904869436575199,9
2020-10-22,si1s,1,0.8544455986930883,9
2020-10-22,gc1s,1,0.747579991895688,9
2020-10-22,pl1s,1,0.5502008746684767,9
2020-10-23,pl1s,0,0.49649080295382597,9
2020-10-23,si1s,1,0.8149627678692437,9
2020-10-23,gc1s,1,0.777679475835156,9
2020-10-26,gc1s,0,0.7834370893323954,9
2020-10-26,pl1s,0,0.5164719940531483,9
2020-10-26,si1s,0,0.7918548523012009,9
2020-10-27,si1s,0,0.7826928190694201,9
2020-10-27,gc1s,0,0.7863115644248324,9
2020-10-27,pl1s,1,0.43921758052303617,9
2020-10-28,si1s,1,0.5761015143202016,9
2020-10-28,gc1s,0,0.6146097691962118,9
2020-10-28,pl1s,0,0.4936845249153428,9
2020-10-29,si1s,1,0.795353239471133,9
2020-10-29,pl1s,1,0.6479307972715173,9
2020-10-29,gc1s,1,0.6993310327217039,9
2020-10-30,gc1s,1,0.8192950373647284,9
2020-10-30,pl1s,1,0.7303705845556708,9
2020-10-30,si1s,1,0.9036215044867317,9
2020-11-02,si1s,1,0.8146842636684567,9
2020-11-02,pl1s,1,0.5262322635200274,9
2020-11-03,gc1s,0,0.8981820473963744,9
2020-11-03,si1s,0,0.8603508931287853,9
2020-11-03,pl1s,1,0.5997810946316865,9
2020-11-04,gc1s,0,0.8064409143141801,9
2020-11-04,si1s,1,0.8899787652018952,9
2020-11-04,pl1s,1,0.6101657377934376,9
2020-11-05,si1s,1,0.8795457685493865,9
2020-11-05,pl1s,1,0.4918889986820327,9
2020-11-06,si1s,1,0.8356370196527592,9
2020-11-06,pl1s,1,0.6182015168925243,9
2020-11-09,pl1s,1,0.36650141508101963,9
2020-11-09,si1s,0,0.7522881892347366,9
2020-11-10,gc1s,0,0.7923629743520502,9
2020-11-10,si1s,0,0.8500340168192353,9
2020-11-10,pl1s,1,0.5009457810495713,9
2020-11-11,si1s,0,0.789386866941053,9
2020-11-11,pl1s,1,0.5432459368521529,9
2020-11-12,gc1s,0,0.7664679001784187,9
2020-11-12,si1s,0,0.7512178707424966,9
2020-11-12,pl1s,1,0.5038726775697103,9
2020-11-13,pl1s,1,0.5158792326790446,9
2020-11-13,si1s,0,0.7396778864520304,9
2020-11-16,si1s,0,0.7167536953316211,9
2020-11-16,pl1s,1,0.2155539536316663,9
2020-11-17,pl1s,1,0.2309130141685981,9
2020-11-17,si1s,1,0.48662155243406785,9
2020-11-18,pl1s,1,0.23815424350371947,9
2020-11-18,si1s,0,0.6077606699743935,9
2020-11-19,gc1s,0,0.7977611208750764,9
2020-11-19,pl1s,1,0.39095773879044926,9
2020-11-19,si1s,1,0.6811414665624184,9
2020-11-20,si1s,1,0.7223332980849864,9
2020-11-20,pl1s,1,0.45747891332455193,9
2020-11-23,gc1s,1,0.8281925358600289,9
2020-11-23,pl1s,1,0.4455180572787711,9
2020-11-23,si1s,1,0.7009723578815413,9
2020-11-24,gc1s,1,0.8791667311497348,9
2020-11-24,si1s,1,0.7369367031714622,9
2020-11-24,pl1s,1,0.32537881134862084,9
2020-11-25,si1s,1,0.6691187780218069,9
2020-11-25,gc1s,1,0.8842779415283355,9
2020-11-27,si1s,1,0.8218278521757386,9
2020-11-27,gc1s,1,0.9041046278990352,9
2020-11-30,si1s,1,0.8627222408172693,9
2020-11-30,gc1s,1,0.9024476945689339,9
2020-12-01,gc1s,1,0.7935687717961271,9
2020-12-01,pl1s,0,0.5017200703698124,9
2020-12-02,gc1s,1,0.757902033571677,9
2020-12-02,pl1s,0,0.5222248214158276,9
2020-12-03,pl1s,0,0.4271367894083663,9
2020-12-03,si1s,1,0.7580634498274257,9
2020-12-04,pl1s,1,0.38079396691971573,9
2020-12-04,si1s,1,0.8528199571864776,9
2020-12-07,pl1s,1,0.4043877589232076,9
2020-12-07,si1s,1,0.7549572745170128,9
2020-12-08,pl1s,1,0.40340367595452076,9
2020-12-08,si1s,1,0.6348002201177988,9
2020-12-09,si1s,1,0.7239392904214818,9
2020-12-09,pl1s,1,0.5259397843845306,9
2020-12-10,si1s,1,0.8098176028670264,9
2020-12-10,pl1s,0,0.6340621001237605,9
2020-12-11,pl1s,0,0.7899039838410009,9
2020-12-11,si1s,1,0.8092840292856466,9
2020-12-14,gc1s,1,0.884498469810558,9
2020-12-14,si1s,1,0.7251163492157655,9
2020-12-14,pl1s,0,0.7126666368246959,9
2020-12-15,si1s,1,0.7107900681861894,9
2020-12-15,pl1s,0,0.5969134555327694,9
2020-12-15,gc1s,1,0.8620108438236174,9
2020-12-16,si1s,1,0.7378343023929514,9
2020-12-16,pl1s,0,0.5857887408395352,9
2020-12-16,gc1s,1,0.8002164446716236,9
2020-12-17,si1s,1,0.6766342062638719,9
2020-12-17,pl1s,0,0.6383875311443328,9
2020-12-18,si1s,1,0.6203073598111771,9
2020-12-18,pl1s,0,0.5895801981444525,9
2020-12-21,pl1s,0,0.26082740891982126,9
2020-12-21,si1s,1,0.5689147182718366,9
2020-12-22,si1s,1,0.6207187355245284,9
2020-12-22,pl1s,0,0.5481765517768324,9
2020-12-23,pl1s,0,0.4929828668571323,9
2020-12-23,si1s,0,0.593879941702631,9
2020-12-24,si1s,0,0.5915086830696131,9
2020-12-24,gc1s,0,0.810076284182357,9
2020-12-24,pl1s,0,0.3152143460971857,9
2020-12-28,si1s,1,0.4650656067035644,9
2020-12-28,pl1s,0,0.27010241171190086,9
2020-12-28,gc1s,0,0.8758540156631183,9
2020-12-29,gc1s,0,0.8656542938575462,9
2020-12-29,si1s,0,0.7049680030904801,9
2020-12-29,pl1s,0,0.3061881086078825,9
2020-12-30,si1s,0,0.7026497528618049,9
2020-12-30,pl1s,0,0.3375066242811564,9
2020-12-30,gc1s,0,0.8696223276292913,9
2020-12-31,si1s,0,0.5975543321410608,9
2020-12-31,pl1s,0,0.25812260312036495,9
2020-12-31,gc1s,0,0.8791040198529647,9
2021-01-04,si1s,1,0.5604480880019861,9
2021-01-04,gc1s,0,0.9098771978768707,9
2021-01-04,pl1s,1,0.5571250659805136,9
2021-01-05,si1s,1,0.5889977618573766,9
2021-01-05,pl1s,0,0.5997320715584792,9
2021-01-07,pl1s,1,0.6059117436734617,9
2021-01-08,pl1s,1,0.7770637596466948,9
2021-01-08,si1s,0,0.7594072707232598,9
2021-01-11,pl1s,1,0.8169301033320356,9
2021-01-12,pl1s,0,0.7491703617561384,9
2021-01-12,si1s,1,0.8401017782105082,9
2021-01-13,si1s,0,0.8381642063699204,9
2021-01-13,pl1s,1,0.7430255677261963,9
2021-01-14,pl1s,1,0.7589127039550408,9
2021-01-14,si1s,0,0.8423392887945339,9
2021-01-15,pl1s,0,0.7463213043140116,9
2021-01-15,si1s,0,0.825474674318666,9
2021-01-19,pl1s,0,0.605406471977832,9
2021-01-19,si1s,0,0.6924577744230881,9
2021-01-20,pl1s,1,0.4619168404583915,9
2021-01-20,gc1s,1,0.8304881897320572,9
2021-01-20,si1s,0,0.7113760309007058,9
2021-01-21,si1s,0,0.5605565948274939,9
2021-01-21,gc1s,1,0.8147334679459972,9
2021-01-21,pl1s,1,0.4602855913391163,9
2021-01-22,si1s,0,0.8183332641666385,9
2021-01-22,pl1s,0,0.5526902470347977,9
2021-01-25,si1s,0,0.5145700632683816,9
2021-01-25,pl1s,0,0.545238299316857,9
2021-01-26,si1s,0,0.47558962325478776,9
2021-01-26,pl1s,0,0.5256592190966567,9
2021-01-27,si1s,0,0.612380512254037,9
2021-01-28,si1s,0,0.5860863478862337,9
2021-01-28,pl1s,1,0.5582797175984514,9
2021-01-29,pl1s,1,0.6713659881597748,9
2021-02-01,si1s,1,0.39443316630754627,9
2021-02-01,pl1s,0,0.26992857599184666,9
2021-02-02,pl1s,1,0.26800025787559306,9
2021-02-03,si1s,1,0.8698503591242753,9
2021-02-04,si1s,1,0.8813600587176875,9
2021-02-04,pl1s,1,0.7345016229664968,9
2021-02-04,gc1s,0,0.9502130538080481,9
2021-02-05,si1s,1,0.8124091325530672,9
2021-02-05,pl1s,1,0.5072370670391975,9
2021-02-08,pl1s,1,0.46978822854875807,9
2021-02-08,si1s,0,0.7126436846336643,9
2021-02-09,si1s,0,0.5980470126277826,9
2021-02-09,pl1s,0,0.28923568627216895,9
2021-02-10,pl1s,1,0.2207653493403437,9
2021-02-10,si1s,0,0.6113630737819352,9
2021-02-11,pl1s,1,0.290076195184196,9
2021-02-11,si1s,1,0.6094262793078852,9
2021-02-12,pl1s,1,0.25528269486547917,9
2021-02-12,si1s,1,0.4891920939660295,9
2021-02-16,si1s,1,0.4696214767030229,9
2021-02-16,pl1s,1,0.19357309989404026,9
2021-02-17,si1s,1,0.6208841508548945,9
2021-02-17,pl1s,1,0.44867553350813555,9
2021-02-18,pl1s,1,0.5206602784595087,9
2021-02-18,si1s,1,0.6907637728787663,9
2021-02-19,gc1s,0,0.9089394293354764,9
2021-02-19,pl1s,1,0.48760177037870556,9
2021-02-19,si1s,1,0.7142627341041823,9
2021-02-22,si1s,1,0.47330463605741935,9
2021-02-22,pl1s,1,0.43395797397035907,9
2021-02-23,si1s,1,0.5885671432760465,9
2021-02-23,pl1s,1,0.49781457858709016,9
2021-02-24,si1s,0,0.5243176965328025,9
2021-02-24,pl1s,1,0.5021518514332259,9
2021-02-25,pl1s,1,0.6543169960589927,9
2021-02-26,gc1s,0,0.8680752134065298,9
2021-02-26,pl1s,0,0.6030851646600187,9
2021-02-26,si1s,1,0.5906476892265081,9
2021-03-01,pl1s,0,0.44532088328930747,9
2021-03-01,si1s,1,0.51705914166777,9
2021-03-01,gc1s,1,0.8049797037078631,9
2021-03-02,gc1s,0,0.7539447096603322,9
2021-03-02,si1s,0,0.471926292414369,9
2021-03-02,pl1s,0,0.3937210982899183,9
2021-03-03,gc1s,1,0.7833590790689782,9
2021-03-03,si1s,0,0.6572283574275368,9
2020-08-18,si1s,0,0.07394725562067028,10
2020-08-18,pl1s,1,0.3230467431802865,10
2020-08-18,gc1s,1,0.5128508708851226,10
2020-08-19,gc1s,1,0.5325907870141485,10
2020-08-19,si1s,1,0.06895017141706841,10
2020-08-19,pl1s,0,0.5701009395104861,10
2020-08-20,pl1s,0,0.8438627906906094,10
2020-08-20,gc1s,1,0.7081144074108487,10
2020-08-20,si1s,1,0.08997447128802528,10
2020-08-21,pl1s,0,0.7205406181451176,10
2020-08-21,gc1s,1,0.6495183377760354,10
2020-08-21,si1s,1,0.06814697943461885,10
2020-08-24,pl1s,0,0.7953327947624643,10
2020-08-24,gc1s,0,0.6749340547890701,10
2020-08-25,pl1s,0,0.4522070700047958,10
2020-08-25,si1s,1,0.2914969426586031,10
2020-08-26,pl1s,1,0.6476696606248289,10
2020-08-27,pl1s,1,0.6820673469494651,10
2020-08-27,si1s,1,0.14779828364130138,10
2020-08-28,pl1s,0,0.3851127214148214,10
2020-08-28,si1s,1,0.13902633659101662,10
2020-08-31,pl1s,1,0.39383143697606654,10
2020-08-31,si1s,1,0.07423469806068668,10
2020-09-01,si1s,1,0.07722738249877291,10
2020-09-01,pl1s,1,0.46408655478199196,10
2020-09-02,pl1s,1,0.44941798664507454,10
2020-09-02,si1s,1,0.07619072615270493,10
2020-09-03,pl1s,1,0.6802272460178383,10
2020-09-03,si1s,1,0.43049179371056345,10
2020-09-04,pl1s,0,0.7027834039169194,10
2020-09-04,si1s,0,0.5474278208388501,10
2020-09-08,pl1s,0,0.7825376383713947,10
2020-09-08,si1s,0,0.6004314811098863,10
2020-09-09,pl1s,0,0.6474252334480669,10
2020-09-10,si1s,0,0.5281427167337649,10
2020-09-11,si1s,0,0.6337959381807675,10
2020-09-14,si1s,0,0.46644623970610205,10
2020-09-14,pl1s,1,0.7729216811550197,10
2020-09-15,si1s,0,0.5260131458886744,10
2020-09-15,pl1s,1,0.4728228527221684,10
2020-09-16,si1s,0,0.6607965687695253,10
2020-09-16,pl1s,0,0.5686555182305963,10
2020-09-17,pl1s,0,0.5600448360589146,10
2020-09-17,si1s,0,0.6727251058071635,10
2020-09-18,si1s,0,0.7357264929276927,10
2020-09-18,pl1s,0,0.7033051655810272,10
2020-09-21,pl1s,1,0.769448496644542,10
2020-09-21,si1s,0,0.32884433201815766,10
2020-09-22,pl1s,1,0.8822324144337428,10
2020-09-22,si1s,1,0.6111591466037392,10
2020-09-23,gc1s,1,0.9384657904920822,10
2020-09-24,gc1s,1,0.9426804441276708,10
2020-09-24,si1s,1,0.7826233068158511,10
2020-09-25,gc1s,1,0.9553261672150114,10
2020-09-25,pl1s,1,0.9348749453828065,10
2020-09-28,si1s,0,0.5811654889348474,10
2020-09-28,gc1s,1,0.9207182174008307,10
2020-09-28,pl1s,0,0.8581244402990639,10
2020-09-29,gc1s,0,0.8359083325306335,10
2020-09-29,si1s,1,0.4191339148949785,10
2020-09-30,gc1s,1,0.8052431007965305,10
2020-09-30,si1s,1,0.7644711322999979,10
2020-09-30,pl1s,0,0.7058170867403182,10
2020-10-01,pl1s,0,0.7211840848495616,10
2020-10-02,pl1s,0,0.905104304775754,10
2020-10-02,si1s,1,0.8893141256637102,10
2020-10-05,si1s,0,0.7626690353946235,10
2020-10-05,pl1s,0,0.7716122787412011,10
2020-10-06,pl1s,1,0.8110091883060456,10
2020-10-06,si1s,1,0.7192759094218373,10
2020-10-07,si1s,1,0.7322280698211049,10
2020-10-07,pl1s,1,0.8520071149462352,10
2020-10-08,pl1s,1,0.8886601376359311,10
2020-10-08,si1s,1,0.8639287793550158,10
2020-10-09,si1s,1,0.8122302651018364,10
2020-10-09,pl1s,1,0.6479518157027904,10
2020-10-12,pl1s,1,0.6049506710157109,10
2020-10-12,si1s,1,0.7439984995105355,10
2020-10-13,pl1s,1,0.43337150747203285,10
2020-10-14,pl1s,1,0.454958672259676,10
2020-10-14,si1s,1,0.588243886952806,10
2020-10-15,pl1s,0,0.4887546646951519,10
2020-10-16,pl1s,0,0.685847173436701,10
2020-10-16,si1s,1,0.7853312096715134,10
2020-10-19,gc1s,0,0.874123715292634,10
2020-10-19,pl1s,0,0.5540357993778405,10
2020-10-19,si1s,1,0.8045401422283074,10
2020-10-20,si1s,1,0.8060933700225773,10
2020-10-20,pl1s,0,0.46399765327096126,10
2020-10-20,gc1s,0,0.7584738946171036,10
2020-10-21,gc1s,0,0.7901812179165443,10
2020-10-21,pl1s,0,0.6061057837390049,10
2020-10-21,si1s,0,0.8003397027604916,10
2020-10-22,si1s,1,0.7194009790674836,10
2020-10-22,gc1s,1,0.6487066800143169,10
2020-10-22,pl1s,1,0.7035732796663158,10
2020-10-23,pl1s,0,0.6971508460236117,10
2020-10-23,si1s,1,0.7400689965090955,10
2020-10-23,gc1s,1,0.7130783406568157,10
2020-10-26,gc1s,0,0.69065074717756,10
2020-10-26,pl1s,0,0.5986735946322782,10
2020-10-26,si1s,0,0.6921144720572726,10
2020-10-27,si1s,0,0.6287030243987353,10
2020-10-27,gc1s,0,0.6043721212044972,10
2020-10-27,pl1s,1,0.4199418030718987,10
2020-10-28,si1s,1,0.38990567259779196,10
2020-10-28,gc1s,0,0.4731674055657438,10
2020-10-28,pl1s,0,0.417798257833961,10
2020-10-29,si1s,1,0.6552449474836439,10
2020-10-29,pl1s,1,0.6163157105405536,10
2020-10-29,gc1s,1,0.7011127147253966,10
2020-10-30,gc1s,1,0.8579326186773343,10
2020-10-30,pl1s,1,0.7703919430959868,10
2020-10-30,si1s,1,0.8573055632308729,10
2020-11-02,si1s,1,0.7457829864274279,10
2020-11-02,pl1s,1,0.5161444939531759,10
2020-11-03,gc1s,0,0.8415025937519303,10
2020-11-03,si1s,0,0.8106274269658044,10
2020-11-03,pl1s,1,0.5076280251662194,10
2020-11-04,gc1s,0,0.682383826545853,10
2020-11-04,si1s,1,0.899945166212089,10
2020-11-04,pl1s,1,0.45718052472728177,10
2020-11-05,si1s,1,0.8069690380380975,10
2020-11-05,pl1s,1,0.42435267950786204,10
2020-11-06,si1s,1,0.8037204622796235,10
2020-11-06,pl1s,1,0.6554666300328104,10
2020-11-09,pl1s,1,0.5332199812881843,10
2020-11-09,si1s,0,0.709399567986258,10
2020-11-10,gc1s,0,0.7770689986974616,10
2020-11-10,si1s,0,0.7316283628129863,10
2020-11-10,pl1s,1,0.4970983187732891,10
2020-11-11,si1s,0,0.8122992527855781,10
2020-11-11,pl1s,1,0.6505892388585287,10
2020-11-12,gc1s,0,0.8008403943806509,10
2020-11-12,si1s,0,0.7125468748281638,10
2020-11-12,pl1s,1,0.4700078274733422,10
2020-11-13,pl1s,1,0.5357341800390549,10
2020-11-13,si1s,0,0.6734708387119853,10
2020-11-16,si1s,0,0.569766954926864,10
2020-11-16,pl1s,1,0.350248449408349,10
2020-11-17,pl1s,1,0.22557064884787803,10
2020-11-17,si1s,1,0.382344324214792,10
2020-11-18,pl1s,1,0.2181590436653177,10
2020-11-18,si1s,0,0.3448083396409012,10
2020-11-19,gc1s,0,0.8270326353548786,10
2020-11-19,pl1s,1,0.39737893916455796,10
2020-11-19,si1s,1,0.5741293557177116,10
2021-03-03,pl1s,1,0.5759787703718086,10
2021-03-04,gc1s,1,0.8367808739998147,10
2021-03-04,si1s,0,0.3681800479961438,10
2021-03-04,pl1s,1,0.5593815959471683,10
2021-03-05,pl1s,1,0.7538568099364237,10
2021-03-05,si1s,0,0.584450992473477,10
2021-03-05,gc1s,1,0.9113645914243066,10
2021-03-08,gc1s,1,0.8854305384234155,10
2021-03-08,si1s,0,0.4082509465189092,10
2021-03-08,pl1s,1,0.584605244592308,10
2021-03-09,pl1s,0,0.9222985464253904,10
2021-03-09,gc1s,1,0.821887478702926,10
2021-03-09,si1s,1,0.45579654452330065,10
2021-03-10,gc1s,1,0.6259675003673719,10
2021-03-10,si1s,1,0.28065777058422803,10
2021-03-10,pl1s,0,0.3813169591186453,10
2021-03-11,pl1s,0,0.41593056502792636,10
2021-03-11,gc1s,1,0.5501292835814263,10
2021-03-11,si1s,1,0.33751576205564776,10
2021-03-12,si1s,0,0.6823576825468695,10
2021-03-12,gc1s,1,0.6609884190386349,10
2021-03-12,pl1s,0,0.5160891073477364,10
2021-03-15,gc1s,0,0.6129109770266792,10
2021-03-15,pl1s,0,0.359203868945517,10
2021-03-15,si1s,1,0.42142108823208074,10
2021-03-16,gc1s,0,0.5337734594426259,10
2021-03-16,pl1s,0,0.24503839946253256,10
2021-03-16,si1s,0,0.5516072874022876,10
2021-03-17,gc1s,0,0.5521026592028737,10
2021-03-17,pl1s,0,0.437002465189472,10
2021-03-17,si1s,0,0.7289535454922921,10
2021-03-18,gc1s,0,0.5913271472521163,10
2021-03-18,pl1s,0,0.43256515454792227,10
2021-03-18,si1s,1,0.7427125656168562,10
2021-03-19,si1s,1,0.800751871995593,10
2021-03-19,gc1s,0,0.6838973105020724,10
2021-03-19,pl1s,1,0.599947509041942,10
2021-03-22,pl1s,1,0.21635027526866152,10
2021-03-22,si1s,0,0.5665864318868091,10
2021-03-23,pl1s,1,0.31426387216596996,10
2021-03-23,si1s,1,0.5089431319786359,10
2021-03-24,pl1s,1,0.13201439309858065,10
2021-03-24,si1s,1,0.39278362690055824,10
2021-03-25,si1s,1,0.5094885756881855,10
2021-03-25,pl1s,1,0.34910130145451784,10
2021-03-26,si1s,0,0.35541007320745793,10
2021-03-26,pl1s,0,0.199419689863834,10
2021-03-29,pl1s,0,0.25270681249775595,10
2021-03-29,si1s,1,0.5342361959673424,10
2021-03-30,si1s,1,0.41969144118168045,10
2021-03-30,pl1s,1,0.31076344307586695,10
2021-03-31,si1s,1,0.5936112788812143,10
2021-03-31,pl1s,1,0.28241845699264917,10
2021-04-01,si1s,1,0.4351664073860471,10
2021-04-01,pl1s,1,0.3563741512906094,10
2021-04-05,si1s,1,0.5805169551157178,10
2021-04-05,pl1s,0,0.4549876051743503,10
2021-04-06,si1s,0,0.46662288430880966,10
2021-04-06,gc1s,0,0.4292541711457234,10
2021-04-07,gc1s,0,0.6064066853978619,10
2021-04-07,si1s,0,0.5710893596305823,10
2021-04-07,pl1s,0,0.44857527554231436,10
2021-04-08,pl1s,0,0.3273778124746573,10
2021-04-08,si1s,1,0.5113000461126532,10
2021-04-09,pl1s,1,0.4839473340464467,10
2021-04-09,gc1s,0,0.5634884188346457,10
2021-04-09,si1s,1,0.5590652186353169,10
2021-04-12,pl1s,1,0.5801767557600156,10
2021-04-12,si1s,1,0.4259976723418081,10
2021-04-13,pl1s,1,0.638306080839251,10
2021-04-13,si1s,1,0.5707178980010881,10
2021-04-14,si1s,1,0.5076393948895177,10
2021-04-14,pl1s,1,0.5646817564680627,10
2021-04-15,pl1s,0,0.5660018750710458,10
2021-04-16,pl1s,0,0.4449753882906696,10
2021-04-16,si1s,1,0.4367954685628896,10
2021-04-20,pl1s,1,0.43364411998971997,10
2021-04-21,si1s,1,0.4495843214886604,10
2021-04-21,pl1s,1,0.518002540679277,10
2021-04-22,pl1s,1,0.3823189994790431,10
2021-04-23,pl1s,1,0.5054019398366649,10
2021-04-26,pl1s,1,0.294790115581535,10
2021-04-26,si1s,0,0.2537964308686667,10
2021-04-27,si1s,0,0.6378352616125793,10
2021-04-27,pl1s,0,0.3979332759780151,10
2021-04-28,pl1s,1,0.3610199827960831,10
2021-04-28,si1s,0,0.26309978373734144,10
2021-04-29,pl1s,1,0.4850170912172277,10
2021-04-29,si1s,0,0.34680737561656083,10
2021-04-30,pl1s,1,0.6793920960037481,10
2021-04-30,si1s,1,0.46578409939259907,10
2021-05-03,pl1s,1,0.4861395136527224,10
2021-05-03,si1s,0,0.5092296073157428,10
2021-05-04,pl1s,0,0.3977987133098901,10
2021-05-04,si1s,1,0.24056571483151074,10
2021-05-05,pl1s,0,0.37942775223546765,10
2021-05-05,si1s,1,0.3412834496155125,10
2021-05-06,pl1s,0,0.32155579031556386,10
2021-05-06,si1s,0,0.34176609146989917,10
2021-05-07,pl1s,0,0.37924503361098366,10
2021-05-07,si1s,0,0.19046263496125745,10
2021-05-07,gc1s,1,0.2858678093638281,10
2021-05-10,pl1s,0,0.48118984091646394,10
2021-05-10,si1s,0,0.21000383299509262,10
2021-05-11,pl1s,0,0.37175059600683213,10
2021-05-11,si1s,0,0.2869054538232598,10
2021-05-12,gc1s,1,0.21598036737849105,10
2021-05-12,si1s,1,0.4062388788962706,10
2021-05-12,pl1s,0,0.5243272678733303,10
2021-05-13,pl1s,0,0.4669947645185694,10
2021-05-13,gc1s,1,0.3884781011277141,10
2021-05-13,si1s,0,0.2446386612365678,10
2021-05-14,pl1s,0,0.38495455311257937,10
2021-05-14,si1s,0,0.1671616808851356,10
2021-05-17,si1s,1,0.2615221734510919,10
2021-05-17,gc1s,1,0.27237778103295973,10
2021-05-17,pl1s,0,0.17319844484431599,10
2021-05-18,si1s,1,0.17697529773605725,10
2021-05-18,pl1s,0,0.20899018334121477,10
2021-05-18,gc1s,1,0.16855843382415353,10
2021-05-19,pl1s,0,0.19462283133924402,10
2021-05-19,si1s,1,0.17113543925445923,10
2021-05-19,gc1s,0,0.18596462923083507,10
2021-05-20,pl1s,0,0.3337877169144581,10
2021-05-20,si1s,1,0.1742352959588953,10
2021-05-20,gc1s,1,0.10834960132702919,10
2021-05-21,si1s,0,0.12317303285539917,10
2021-05-21,pl1s,1,0.5960383250442938,10
2021-05-24,si1s,0,0.46513141242740313,10
2021-05-24,pl1s,0,0.3424526476833648,10
2021-05-25,pl1s,0,0.14953967014749253,10
2021-05-25,si1s,0,0.31203100835275993,10
2021-05-26,pl1s,0,0.12244953819147004,10
2021-05-27,pl1s,0,0.13770081445983287,10
2021-05-28,gc1s,0,0.3463155307835205,10
2021-05-28,si1s,1,0.34936857319802495,10
2021-05-28,pl1s,0,0.11557746916063318,10
2021-06-01,gc1s,0,0.46863022342689076,10
2021-06-01,si1s,1,0.18898820692396145,10
2021-06-01,pl1s,0,0.4142736239773097,10
2021-06-02,si1s,1,0.20096688899354023,10
2021-06-02,pl1s,0,0.36133481791747657,10
2021-06-03,si1s,0,0.2542330513405654,10
2021-06-03,pl1s,0,0.458312597652501,10
2021-06-04,pl1s,0,0.5828569436870679,10
2021-06-07,pl1s,0,0.331904855382409,10
2021-06-08,pl1s,0,0.3787314535472587,10
2020-08-18,si1s,0,0.1205072191567581,11
2020-08-18,pl1s,1,0.30222501771073484,11
2020-08-18,gc1s,1,0.41812888596332975,11
2020-08-19,gc1s,1,0.5447595401713244,11
2020-08-19,si1s,1,0.17633905625017599,11
2020-08-19,pl1s,0,0.6092248413858589,11
2020-08-20,pl1s,0,0.835453821367551,11
2020-08-20,gc1s,1,0.5885389663468817,11
2020-08-20,si1s,1,0.1244141472902869,11
2020-08-21,pl1s,0,0.7222286441789345,11
2020-08-21,gc1s,1,0.48712650983656774,11
2020-08-21,si1s,1,0.1106444250077178,11
2020-08-24,pl1s,0,0.7590994345267834,11
2020-08-24,gc1s,0,0.5772694178196354,11
2020-08-25,pl1s,0,0.5983833035014919,11
2020-08-25,si1s,1,0.3600181800747961,11
2020-08-26,pl1s,1,0.6470873789758701,11
2020-08-27,pl1s,1,0.7892721011556897,11
2020-08-27,si1s,1,0.14171811217240396,11
2020-08-28,pl1s,0,0.3548914825446455,11
2020-08-28,si1s,1,0.08410482230730187,11
2020-08-31,pl1s,1,0.5214545633879427,11
2020-08-31,si1s,1,0.045671972365448156,11
2020-09-01,si1s,1,0.05754812612811055,11
2020-09-01,pl1s,1,0.4181508815149578,11
2020-09-02,pl1s,1,0.7256263487608778,11
2020-09-02,si1s,1,0.11079986220123714,11
2020-09-03,pl1s,1,0.7521022474736333,11
2020-09-03,si1s,1,0.36357163139383475,11
2020-09-04,pl1s,0,0.7756443022414876,11
2020-09-04,si1s,0,0.563861011233281,11
2020-09-08,pl1s,0,0.859153924493599,11
2020-09-08,si1s,0,0.6195204865180556,11
2020-09-09,pl1s,0,0.7756836524723276,11
2020-09-10,si1s,0,0.44443728457784043,11
2020-09-11,si1s,0,0.5321240834553387,11
2020-09-14,si1s,0,0.3348029780161334,11
2020-09-14,pl1s,1,0.6679389421151694,11
2020-09-15,si1s,0,0.4575598880056197,11
2020-09-15,pl1s,1,0.6517352436373242,11
2020-09-16,si1s,0,0.5355559094717319,11
2020-09-16,pl1s,0,0.7399937879989623,11
2020-09-17,pl1s,0,0.8337575134622752,11
2020-09-17,si1s,0,0.6269283104431446,11
2020-09-18,si1s,0,0.6073782481541328,11
2020-09-18,pl1s,0,0.8465240071401642,11
2020-09-21,pl1s,1,0.8234400965166151,11
2020-09-21,si1s,0,0.5082294001965034,11
2020-09-22,pl1s,1,0.9014124968991093,11
2020-09-22,si1s,1,0.6752104249721456,11
2020-09-23,gc1s,1,0.8981872224737649,11
2020-09-24,gc1s,1,0.8564723182171942,11
2020-09-24,si1s,1,0.7456868280371175,11
2020-09-25,gc1s,1,0.8012201353566367,11
2020-09-25,pl1s,1,0.8785301447997002,11
2020-09-28,si1s,0,0.44562677151858165,11
2020-09-28,gc1s,1,0.765807385230448,11
2020-09-28,pl1s,0,0.8251646751208547,11
2020-09-29,gc1s,0,0.6646098612140154,11
2020-09-29,si1s,1,0.45878651844959156,11
2020-09-30,gc1s,1,0.6675949446850542,11
2020-09-30,si1s,1,0.737575796201978,11
2020-09-30,pl1s,0,0.7708934690244968,11
2020-10-01,pl1s,0,0.7506889288608337,11
2020-10-02,pl1s,0,0.8217377959948262,11
2020-10-02,si1s,1,0.7105080389402441,11
2020-10-05,si1s,0,0.47112568967794693,11
2020-10-05,pl1s,0,0.6879511103723528,11
2020-10-06,pl1s,1,0.8342816419470428,11
2020-10-06,si1s,1,0.6940277583422326,11
2020-10-07,si1s,1,0.7601631610032132,11
2020-10-07,pl1s,1,0.8792789979115169,11
2020-10-08,pl1s,1,0.9128741440214696,11
2020-10-08,si1s,1,0.8560942767471311,11
2020-10-09,si1s,1,0.7045154631631181,11
2020-10-09,pl1s,1,0.8216107393945014,11
2020-10-12,pl1s,1,0.8212519436832992,11
2020-10-12,si1s,1,0.647991059339954,11
2020-10-13,pl1s,1,0.8209484308368995,11
2020-10-14,pl1s,1,0.8001008172630258,11
2020-10-14,si1s,1,0.6353796012939845,11
2020-10-15,pl1s,0,0.8697639301772104,11
2020-10-16,pl1s,0,0.8555154844496846,11
2020-10-16,si1s,1,0.75344945033869,11
2020-10-19,gc1s,0,0.7951090668857251,11
2020-10-19,pl1s,0,0.7771304262113393,11
2020-10-19,si1s,1,0.7717748657760143,11
2020-10-20,si1s,1,0.7822783742132531,11
2020-10-20,pl1s,0,0.6321490143781293,11
2020-10-20,gc1s,0,0.7240153539327598,11
2020-10-21,gc1s,0,0.7428499544339836,11
2020-10-21,pl1s,0,0.6924158964298847,11
2020-10-21,si1s,0,0.907528224141479,11
2020-10-22,si1s,1,0.8770719274450226,11
2020-10-22,gc1s,1,0.7004812681899385,11
2020-10-22,pl1s,1,0.7352148455324945,11
2020-10-23,pl1s,0,0.7706497612863198,11
2020-10-23,si1s,1,0.7777927544769818,11
2020-10-23,gc1s,1,0.6095988408217046,11
2020-10-26,gc1s,0,0.6505336008781872,11
2020-10-26,pl1s,0,0.7598788990462285,11
2020-10-26,si1s,0,0.8436805352671619,11
2020-10-27,si1s,0,0.7738536456524892,11
2020-10-27,gc1s,0,0.6371953823276604,11
2020-10-27,pl1s,1,0.6425388061785257,11
2020-10-28,si1s,1,0.685189028126926,11
2020-10-28,gc1s,0,0.4586317705486009,11
2020-10-28,pl1s,0,0.6184702683836809,11
2020-10-29,si1s,1,0.7505954107227795,11
2020-10-29,pl1s,1,0.7553684030804331,11
2020-10-29,gc1s,1,0.5197961736074173,11
2020-10-30,gc1s,1,0.7030369712869942,11
2020-10-30,pl1s,1,0.775781388677604,11
2020-10-30,si1s,1,0.8586641593275537,11
2020-11-02,si1s,1,0.7556120865337068,11
2020-11-02,pl1s,1,0.5325733352290467,11
2020-11-03,gc1s,0,0.7594790064965563,11
2020-11-03,si1s,0,0.7305426865019322,11
2020-11-03,pl1s,1,0.6042614179230008,11
2020-11-04,gc1s,0,0.7862646609142587,11
2020-11-04,si1s,1,0.8238408600673087,11
2020-11-04,pl1s,1,0.6252963600618993,11
2020-11-05,si1s,1,0.8272823865818759,11
2020-11-05,pl1s,1,0.45817781302438476,11
2020-11-06,si1s,1,0.8167256713469813,11
2020-11-06,pl1s,1,0.5619663870768102,11
2020-11-09,pl1s,1,0.6012687704174876,11
2020-11-09,si1s,0,0.8309548485860162,11
2020-11-10,gc1s,0,0.8068342812788701,11
2020-11-10,si1s,0,0.8578601427172472,11
2020-11-10,pl1s,1,0.4967716867288596,11
2020-11-11,si1s,0,0.8384364910772942,11
2020-11-11,pl1s,1,0.6388321917297413,11
2020-11-12,gc1s,0,0.8175793767469544,11
2020-11-12,si1s,0,0.7911819394451143,11
2020-11-12,pl1s,1,0.4981382238786259,11
2020-11-13,pl1s,1,0.48704711189686545,11
2020-11-13,si1s,0,0.7450077207827628,11
2020-11-16,si1s,0,0.7131620802458235,11
2020-11-16,pl1s,1,0.30316834449884866,11
2020-11-17,pl1s,1,0.2441457898255488,11
2020-11-17,si1s,1,0.4062978915867824,11
2020-11-18,pl1s,1,0.2042373642309322,11
2020-11-18,si1s,0,0.6387467207332314,11
2020-11-19,gc1s,0,0.7586721465947928,11
2020-11-19,pl1s,1,0.2518362384630715,11
2020-11-19,si1s,1,0.7252258545721145,11
2021-06-08,si1s,1,0.28230700676863996,11
2021-06-09,pl1s,0,0.7253759960710479,11
2021-06-09,si1s,1,0.3767773929040053,11
2021-06-10,si1s,1,0.19212471576303405,11
2021-06-11,pl1s,0,0.732715568799612,11
2021-06-11,si1s,1,0.2537254425548651,11
2021-06-14,pl1s,0,0.7587891278732223,11
2021-06-14,si1s,1,0.28143580643157007,11
2021-06-15,si1s,1,0.278686054402462,11
2021-06-15,pl1s,0,0.8206094204540518,11
2021-06-16,pl1s,0,0.9040543616970702,11
2021-06-16,si1s,1,0.47247140850012503,11
2021-06-17,si1s,1,0.8662465271888382,11
2021-06-17,pl1s,1,0.9381617574863703,11
2021-06-18,si1s,1,0.8739605924343178,11
2021-06-18,pl1s,1,0.938152106476309,11
2021-06-21,si1s,1,0.807430063496284,11
2021-06-21,pl1s,1,0.9013993654966835,11
2021-06-22,si1s,1,0.7637924310137719,11
2021-06-22,pl1s,1,0.8810078339302884,11
2021-06-23,si1s,0,0.7555887695065346,11
2021-06-23,pl1s,0,0.8088667165412451,11
2021-06-24,si1s,1,0.7446819272994608,11
2021-06-25,si1s,1,0.6908895647853511,11
2021-06-28,si1s,0,0.708380248627724,11
2021-06-29,si1s,1,0.8201652686764469,11
2021-06-29,pl1s,1,0.8971630259528232,11
2021-06-30,si1s,1,0.7640329583921766,11
2021-06-30,pl1s,1,0.8681683360691549,11
2021-07-01,pl1s,1,0.8469423741069688,11
2021-07-01,si1s,0,0.7072569776512974,11
2021-07-02,si1s,1,0.3340002812351832,11
2021-07-02,pl1s,0,0.7807492977751869,11
2021-07-06,pl1s,0,0.8823131108893255,11
2021-07-06,si1s,0,0.6404812670115906,11
2021-07-07,pl1s,0,0.9000138862372228,11
2021-07-08,pl1s,1,0.8853059363632259,11
2021-07-08,si1s,0,0.7662163994938063,11
2021-07-09,si1s,1,0.5640971667106541,11
2021-07-09,pl1s,0,0.82492760449381,11
2021-07-12,pl1s,0,0.8278754420421413,11
2021-07-12,si1s,1,0.6628814336773589,11
2021-07-13,si1s,1,0.7420238161418877,11
2021-07-13,pl1s,0,0.8672044128499701,11
2021-07-14,pl1s,0,0.8334487883165947,11
2021-07-15,pl1s,0,0.7918828684037966,11
2021-07-15,si1s,1,0.6705165436962564,11
2021-07-16,si1s,1,0.5968452705674709,11
2021-07-16,pl1s,0,0.7036103005339207,11
2021-07-19,pl1s,0,0.5962121518751617,11
2021-07-19,si1s,0,0.3824741667780899,11
2021-07-20,pl1s,0,0.6610417182294449,11
2021-07-20,si1s,1,0.690816261785212,11
2021-07-21,pl1s,0,0.6791984953979756,11
2021-07-21,si1s,1,0.6983597726454449,11
2021-07-22,si1s,0,0.6643277092666929,11
2021-07-22,pl1s,0,0.5544564196252465,11
2021-07-23,pl1s,0,0.8125584207366531,11
2021-07-23,si1s,0,0.6545265394126364,11
2021-07-26,si1s,0,0.7413838770833348,11
2021-07-26,pl1s,0,0.795061192758021,11
2021-07-27,si1s,0,0.6229454337462051,11
2021-07-27,pl1s,0,0.8245837523297855,11
2021-07-28,pl1s,0,0.7319881567120763,11
2021-07-28,si1s,0,0.5180167541857972,11
2021-07-29,si1s,0,0.5918828485650452,11
2021-07-29,pl1s,0,0.67798032382758,11
2021-07-30,si1s,0,0.4325860408096392,11
2021-07-30,pl1s,0,0.6035390153297983,11
2021-08-02,si1s,0,0.460408330043972,11
2021-08-02,pl1s,0,0.4222570843275143,11
2021-08-03,pl1s,0,0.5797794530180688,11
2021-08-03,si1s,0,0.548873983048179,11
2021-08-03,gc1s,1,0.2223098148264536,11
2021-08-04,si1s,0,0.562214167476955,11
2021-08-04,gc1s,1,0.35602604729913306,11
2021-08-04,pl1s,0,0.732243214294035,11
2021-08-05,si1s,0,0.5684012817072184,11
2021-08-06,si1s,0,0.696972019902124,11
2021-08-09,si1s,1,0.6683356632090316,11
2021-08-09,pl1s,1,0.9237851145749529,11
2021-08-09,gc1s,1,0.871744652319728,11
2021-08-10,gc1s,1,0.908514233169817,11
2021-08-10,pl1s,1,0.9168784495980445,11
2021-08-10,si1s,1,0.7774688786452933,11
2021-08-11,gc1s,1,0.8445989638337081,11
2021-08-11,pl1s,0,0.8209227489644749,11
2021-08-11,si1s,1,0.7732597115722916,11
2021-08-12,gc1s,1,0.761648449809935,11
2021-08-12,si1s,1,0.8024170158389466,11
2021-08-13,si1s,1,0.5413978354175244,11
2021-08-16,si1s,1,0.6218973464228146,11
2021-08-16,pl1s,0,0.684520864961007,11
2021-08-17,si1s,1,0.6792779295933511,11
2021-08-17,pl1s,1,0.7921901222576799,11
2021-08-18,pl1s,1,0.7726488551854432,11
2021-08-18,si1s,1,0.6249515654155001,11
2021-08-19,pl1s,1,0.7471173365791719,11
2021-08-19,si1s,1,0.6226797582312033,11
2021-08-20,pl1s,1,0.8082634987370704,11
2021-08-20,si1s,1,0.7582683714619942,11
2021-08-23,pl1s,0,0.6956609044559591,11
2021-08-23,si1s,1,0.6575988437918003,11
2021-08-24,pl1s,1,0.6163633056045257,11
2021-08-24,si1s,1,0.6853695036799116,11
2021-08-25,pl1s,0,0.8510132940513004,11
2021-08-25,si1s,1,0.758413422605319,11
2021-08-26,si1s,1,0.8987410524453098,11
2021-08-26,pl1s,0,0.8408875207133787,11
2021-08-27,si1s,1,0.62365914800534,11
2021-08-27,pl1s,0,0.5104930366619549,11
2021-08-30,si1s,1,0.6602150057164574,11
2021-08-30,pl1s,0,0.4934767035470272,11
2021-08-31,pl1s,0,0.5172825160539178,11
2021-08-31,si1s,1,0.6423827138875808,11
2021-09-01,si1s,1,0.5067478632360852,11
2021-09-01,pl1s,0,0.4927983606477847,11
2021-09-02,pl1s,0,0.46689992182433726,11
2021-09-02,si1s,1,0.4337342083207481,11
2021-09-03,pl1s,0,0.4003810437591513,11
2021-09-03,si1s,1,0.23103842540116704,11
2021-09-07,pl1s,0,0.73866227449655,11
2021-09-07,si1s,1,0.5496123564094406,11
2021-09-08,si1s,1,0.49776983915591533,11
2021-09-08,pl1s,0,0.7827560436840877,11
2021-09-09,si1s,1,0.41883009513510394,11
2021-09-09,pl1s,0,0.8032337767637205,11
2021-09-10,si1s,0,0.6707161160385713,11
2021-09-10,pl1s,0,0.8171553170408948,11
2021-09-13,pl1s,0,0.7893002029366266,11
2021-09-13,si1s,0,0.7225140717507376,11
2021-09-14,pl1s,1,0.7485141004039432,11
2021-09-14,si1s,0,0.6231309713995189,11
2021-09-15,si1s,0,0.6326600083480196,11
2021-09-15,pl1s,1,0.8253328034447789,11
2021-09-16,si1s,0,0.8188958865448613,11
2021-09-16,pl1s,1,0.8934926806169287,11
2021-09-17,si1s,1,0.8531569220367666,11
2021-09-17,pl1s,1,0.8780045936483085,11
2021-09-20,si1s,1,0.7589914824893333,11
2021-09-20,pl1s,1,0.6865552137617441,11
2021-09-20,gc1s,1,0.7339181972033407,11
2021-09-21,pl1s,1,0.5552539664337668,11
2021-09-21,gc1s,0,0.772743235064483,11
2021-09-21,si1s,0,0.7726365617481296,11
2021-09-22,si1s,0,0.7557324092216428,11
2021-09-22,gc1s,0,0.7231043295058807,11
2020-11-20,si1s,1,0.5649416277301589,12
2020-11-20,pl1s,1,0.8852082400975485,12
2020-11-23,gc1s,1,0.826809992267737,12
2020-11-23,pl1s,1,0.8896744159697975,12
2020-11-23,si1s,1,0.6934842451388182,12
2020-11-24,gc1s,1,0.9637756846992674,12
2020-11-24,si1s,1,0.8044397192344492,12
2020-11-24,pl1s,1,0.8592477307824011,12
2020-11-25,si1s,1,0.6745028205689652,12
2020-11-25,gc1s,1,0.9250454017090811,12
2020-11-27,si1s,1,0.76583017397918,12
2020-11-27,gc1s,1,0.959339000849259,12
2020-11-30,si1s,1,0.8045169898338448,12
2020-11-30,gc1s,1,0.9445095221813605,12
2020-12-01,gc1s,1,0.833167004567914,12
2020-12-01,pl1s,0,0.663197214722258,12
2020-12-02,gc1s,1,0.8759770486692153,12
2020-12-02,pl1s,0,0.7310141158131064,12
2020-12-03,pl1s,0,0.7339251896833646,12
2020-12-03,si1s,1,0.835492430923704,12
2020-12-04,pl1s,1,0.7303864736569842,12
2020-12-04,si1s,1,0.8477338885364306,12
2020-12-07,pl1s,1,0.6252757510355204,12
2020-12-07,si1s,1,0.7600041937137891,12
2020-12-08,pl1s,1,0.5168817504371874,12
2020-12-08,si1s,1,0.6331786428304892,12
2020-12-09,si1s,1,0.5984868198551486,12
2020-12-09,pl1s,1,0.6815259927080309,12
2020-12-10,si1s,1,0.7141510607077436,12
2020-12-10,pl1s,0,0.7220887469467087,12
2020-12-11,pl1s,0,0.8700757580479147,12
2020-12-11,si1s,1,0.7305757822444611,12
2020-12-14,gc1s,1,0.8297284415545669,12
2020-12-14,si1s,1,0.6466048906191766,12
2020-12-14,pl1s,0,0.7764053981837241,12
2020-12-15,si1s,1,0.6847454018397681,12
2020-12-15,pl1s,0,0.7301345409643138,12
2020-12-15,gc1s,1,0.8079017567649417,12
2020-12-16,si1s,1,0.8695466608649404,12
2020-12-16,pl1s,0,0.7997927079337327,12
2020-12-16,gc1s,1,0.7861952028731884,12
2020-12-17,si1s,1,0.871157943000273,12
2020-12-17,pl1s,0,0.8384947809656845,12
2020-12-18,si1s,1,0.8802013194779104,12
2020-12-18,pl1s,0,0.8365410388074007,12
2020-12-21,pl1s,0,0.46735114574999936,12
2020-12-21,si1s,1,0.7797959478806475,12
2020-12-22,si1s,1,0.796041110061963,12
2020-12-22,pl1s,0,0.6708868086845862,12
2020-12-23,pl1s,0,0.6454943593281817,12
2020-12-23,si1s,0,0.7756090724542757,12
2020-12-24,si1s,0,0.8365909440708857,12
2020-12-24,gc1s,0,0.7699597198376247,12
2020-12-24,pl1s,0,0.41324637107720513,12
2020-12-28,si1s,1,0.7324475146005812,12
2020-12-28,pl1s,0,0.5433992026118375,12
2020-12-28,gc1s,0,0.8465656757554054,12
2020-12-29,gc1s,0,0.7535668723141242,12
2020-12-29,si1s,0,0.8098731424473175,12
2020-12-29,pl1s,0,0.5133035052074678,12
2020-12-30,si1s,0,0.6997027922796064,12
2020-12-30,pl1s,0,0.45369689402378854,12
2020-12-30,gc1s,0,0.7498495434275284,12
2020-12-31,si1s,0,0.6415514066803505,12
2020-12-31,pl1s,0,0.38922611181252864,12
2020-12-31,gc1s,0,0.8483082658625513,12
2021-01-04,si1s,1,0.6090017377959834,12
2021-01-04,gc1s,0,0.8180591300379005,12
2021-01-04,pl1s,1,0.6923930965922158,12
2021-01-05,si1s,1,0.6781279802752889,12
2021-01-05,pl1s,0,0.603831180670493,12
2021-01-07,pl1s,1,0.6801546099420379,12
2021-01-08,pl1s,1,0.910845407098844,12
2021-01-08,si1s,0,0.9112333177133032,12
2021-01-11,pl1s,1,0.8212360884100117,12
2021-01-12,pl1s,0,0.7839947691770799,12
2021-01-12,si1s,1,0.9153102095728305,12
2021-01-13,si1s,0,0.9152383884338383,12
2021-01-13,pl1s,1,0.8114111899221296,12
2021-01-14,pl1s,1,0.8411058791150511,12
2021-01-14,si1s,0,0.9117368227967306,12
2021-01-15,pl1s,0,0.7823294893001516,12
2021-01-15,si1s,0,0.8992932833169516,12
2021-01-19,pl1s,0,0.6113103931206871,12
2021-01-19,si1s,0,0.7358388721383943,12
2021-01-20,pl1s,1,0.6116459213377585,12
2021-01-20,gc1s,1,0.8777596255168912,12
2021-01-20,si1s,0,0.859858180490516,12
2021-01-21,si1s,0,0.730569562208779,12
2021-01-21,gc1s,1,0.8572618184525937,12
2021-01-21,pl1s,1,0.7660885677226998,12
2021-01-22,si1s,0,0.8765128054912849,12
2021-01-22,pl1s,0,0.760981538789963,12
2021-01-25,si1s,0,0.5548520692947281,12
2021-01-25,pl1s,0,0.5715852278057233,12
2021-01-26,si1s,0,0.4986881553937342,12
2021-01-26,pl1s,0,0.5460202978579568,12
2021-01-27,si1s,0,0.4731947949034314,12
2021-01-28,si1s,0,0.6750494339935077,12
2021-01-28,pl1s,1,0.46684153518664534,12
2021-01-29,pl1s,1,0.5721119105697361,12
2021-02-01,si1s,1,0.4137898947553189,12
2021-02-01,pl1s,0,0.17024652916062447,12
2021-02-02,pl1s,1,0.28122196726190835,12
2021-02-03,si1s,1,0.892712889179621,12
2021-02-04,si1s,1,0.9265941083314089,12
2021-02-04,pl1s,1,0.5239330535025556,12
2021-02-04,gc1s,0,0.959851474755199,12
2021-02-05,si1s,1,0.8880353562760095,12
2021-02-05,pl1s,1,0.5022278874940984,12
2021-02-08,pl1s,1,0.5705609554436887,12
2021-02-08,si1s,0,0.8470878075622366,12
2021-02-09,si1s,0,0.7456263374953724,12
2021-02-09,pl1s,0,0.3183274980866104,12
2021-02-10,pl1s,1,0.27458491194276236,12
2021-02-10,si1s,0,0.7414374503217334,12
2021-02-11,pl1s,1,0.3972034143199397,12
2021-02-11,si1s,1,0.6827518151248443,12
2021-02-12,pl1s,1,0.46804542406326644,12
2021-02-12,si1s,1,0.5315612974557172,12
2021-02-16,si1s,1,0.6066304213594178,12
2021-02-16,pl1s,1,0.17360263228264658,12
2021-02-17,si1s,1,0.8002388858838823,12
2021-02-17,pl1s,1,0.5527959811448713,12
2021-02-18,pl1s,1,0.6193957906875157,12
2021-02-18,si1s,1,0.6684273164192698,12
2021-02-19,gc1s,0,0.9195844425472016,12
2021-02-19,pl1s,1,0.706272312085375,12
2021-02-19,si1s,1,0.7683152874757383,12
2021-02-22,si1s,1,0.5806260522801235,12
2021-02-22,pl1s,1,0.4696707342936359,12
2021-02-23,si1s,1,0.6364790353406169,12
2021-02-23,pl1s,1,0.4602206166001192,12
2021-02-24,si1s,0,0.553837486121484,12
2021-02-24,pl1s,1,0.5974067196637917,12
2021-02-25,pl1s,1,0.7222277207210864,12
2021-02-26,gc1s,0,0.9127024549422516,12
2021-02-26,pl1s,0,0.4596314391815208,12
2021-02-26,si1s,1,0.41048017229821676,12
2021-03-01,pl1s,0,0.2733760537830964,12
2021-03-01,si1s,1,0.4603738216133624,12
2021-03-01,gc1s,1,0.8238953411883669,12
2021-03-02,gc1s,0,0.6628853997376207,12
2021-03-02,si1s,0,0.30809708061184604,12
2021-03-02,pl1s,0,0.21255213877959941,12
2021-03-03,gc1s,1,0.8365250741203701,12
2021-03-03,si1s,0,0.30025576771650625,12
2021-03-03,pl1s,1,0.3444992375407311,12
2021-03-04,gc1s,1,0.8515959018311619,12
2021-03-04,si1s,0,0.32716837982259245,12
2021-03-04,pl1s,1,0.3215876499337715,12
2021-03-05,pl1s,1,0.40296001020333233,12
2021-03-05,si1s,0,0.5210144306452478,12
2021-03-05,gc1s,1,0.8718064023003772,12
2021-03-08,gc1s,1,0.7382823146026006,12
2021-03-08,si1s,0,0.17798432617733823,12
2021-03-08,pl1s,1,0.177543585261223,12
2021-03-09,pl1s,0,0.7942978022405686,12
2021-03-09,gc1s,1,0.6065051237657226,12
2021-03-09,si1s,1,0.2164405628894842,12
2021-03-10,gc1s,1,0.39592978399091433,12
2021-03-10,si1s,1,0.1524651832558214,12
2021-03-10,pl1s,0,0.12328327696278195,12
2021-03-11,pl1s,0,0.19977225290493714,12
2021-03-11,gc1s,1,0.3631991691627191,12
2021-03-11,si1s,1,0.23131388192820168,12
2021-03-12,si1s,0,0.3218102416002124,12
2021-03-12,gc1s,1,0.4954247469507147,12
2021-03-12,pl1s,0,0.20736716890602125,12
2021-03-15,gc1s,0,0.3966201164136824,12
2021-03-15,pl1s,0,0.1431227182506924,12
2021-03-15,si1s,1,0.20013899969974472,12
2021-03-16,gc1s,0,0.3152899177664419,12
2021-03-16,pl1s,0,0.12170971201160613,12
2021-03-16,si1s,0,0.16687646150037141,12
2021-03-17,gc1s,0,0.37728804847696246,12
2021-03-17,pl1s,0,0.27325749805860966,12
2021-03-17,si1s,0,0.38261638122777714,12
2021-03-18,gc1s,0,0.6222456266683271,12
2021-03-18,pl1s,0,0.33969241221096763,12
2021-03-18,si1s,1,0.5001110310838264,12
2021-03-19,si1s,1,0.4817494017543731,12
2021-03-19,gc1s,0,0.7233563129760422,12
2021-03-19,pl1s,1,0.5293513456957615,12
2021-03-22,pl1s,1,0.2860504023371524,12
2021-03-22,si1s,0,0.296629551672947,12
2021-03-23,pl1s,1,0.2712068044102936,12
2021-03-23,si1s,1,0.30574013148122614,12
2021-03-24,pl1s,1,0.12559328895182328,12
2021-03-24,si1s,1,0.22165574674300775,12
2021-03-25,si1s,1,0.26440192822467334,12
2021-03-25,pl1s,1,0.23786067017873166,12
2021-03-26,si1s,0,0.16734236317720325,12
2021-03-26,pl1s,0,0.14307863510097907,12
2021-03-29,pl1s,0,0.16409847139030082,12
2021-03-29,si1s,1,0.2740275237138423,12
2021-03-30,si1s,1,0.2619571097092983,12
2021-03-30,pl1s,1,0.13391716687983196,12
2021-03-31,si1s,1,0.33871659847887203,12
2021-03-31,pl1s,1,0.1915994176988427,12
2021-04-01,si1s,1,0.14277800626540887,12
2021-04-01,pl1s,1,0.21126712993338093,12
2021-04-05,si1s,1,0.1905664933070142,12
2021-04-05,pl1s,0,0.18121027604428838,12
2021-04-06,si1s,0,0.24417589640975496,12
2021-04-06,gc1s,0,0.3691628554911284,12
2021-04-07,gc1s,0,0.5527128216914092,12
2021-04-07,si1s,0,0.33336211119604325,12
2021-04-07,pl1s,0,0.2243227652413049,12
2021-04-08,pl1s,0,0.1279774105709871,12
2021-04-08,si1s,1,0.19342322056814973,12
2021-04-09,pl1s,1,0.3660306452071927,12
2021-04-09,gc1s,0,0.5294555618790353,12
2021-04-09,si1s,1,0.29254483580648105,12
2021-04-12,pl1s,1,0.4780941338836762,12
2021-04-12,si1s,1,0.17640925908794217,12
2021-04-13,pl1s,1,0.5970886013903899,12
2021-04-13,si1s,1,0.36333480862197787,12
2021-04-14,si1s,1,0.39314244554003525,12
2021-04-14,pl1s,1,0.4975207934487857,12
2021-04-15,pl1s,0,0.6123822926362402,12
2021-04-16,pl1s,0,0.35380315653304306,12
2021-04-16,si1s,1,0.37765397083943075,12
2021-04-20,pl1s,1,0.2886854192291964,12
2021-04-21,si1s,1,0.39105974541533234,12
2021-04-21,pl1s,1,0.4127380689132543,12
2021-04-22,pl1s,1,0.28058882913349475,12
2021-04-23,pl1s,1,0.40990189803923316,12
2021-04-26,pl1s,1,0.26240076087394376,12
2021-04-26,si1s,0,0.28507274300539825,12
2021-04-27,si1s,0,0.6128493581188887,12
2021-04-27,pl1s,0,0.40613762367894074,12
2021-04-28,pl1s,1,0.27101434029562843,12
2021-04-28,si1s,0,0.4385374951909695,12
2021-04-29,pl1s,1,0.41866322756330376,12
2021-04-29,si1s,0,0.46270153468916475,12
2021-04-30,pl1s,1,0.7144352825937199,12
2021-04-30,si1s,1,0.4609871980897386,12
2021-05-03,pl1s,1,0.585455839912574,12
2021-05-03,si1s,0,0.47985839269799646,12
2021-05-04,pl1s,0,0.417386956297,12
2021-05-04,si1s,1,0.12851373307351063,12
2021-05-05,pl1s,0,0.576566133179751,12
2021-05-05,si1s,1,0.33244504098625377,12
2021-05-06,pl1s,0,0.5360592584662828,12
2021-05-06,si1s,0,0.4028273450101924,12
2021-05-07,pl1s,0,0.6616407064687149,12
2021-05-07,si1s,0,0.41451722247807227,12
2021-05-07,gc1s,1,0.4139304030653658,12
2021-05-10,pl1s,0,0.5918357439913773,12
2021-05-10,si1s,0,0.3057951543271776,12
2021-05-11,pl1s,0,0.4623694774588005,12
2021-05-11,si1s,0,0.41214419693747834,12
2021-05-12,gc1s,1,0.14621323735939779,12
2021-05-12,si1s,1,0.2177305963501541,12
2021-05-12,pl1s,0,0.5488195123356243,12
2021-05-13,pl1s,0,0.5059724817094943,12
2021-05-13,gc1s,1,0.33856309867267215,12
2021-05-13,si1s,0,0.21437687889989662,12
2021-05-14,pl1s,0,0.3626670457626318,12
2021-05-14,si1s,0,0.27459343987517504,12
2021-05-17,si1s,1,0.28393019415355497,12
2021-05-17,gc1s,1,0.26013544957982176,12
2021-05-17,pl1s,0,0.2532800329682643,12
2021-05-18,si1s,1,0.2674440298791836,12
2021-05-18,pl1s,0,0.24384524232129007,12
2021-05-18,gc1s,1,0.24654509565022364,12
2021-05-19,pl1s,0,0.18184315894376213,12
2021-05-19,si1s,1,0.19860993615091063,12
2021-05-19,gc1s,0,0.18595931747693564,12
2021-05-20,pl1s,0,0.23947050607794856,12
2021-05-20,si1s,1,0.20681730939729887,12
2021-05-20,gc1s,1,0.1441335866664176,12
2021-05-21,si1s,0,0.14487738700761277,12
2021-05-21,pl1s,1,0.34935031358399576,12
2021-05-24,si1s,0,0.4495505356977179,12
2021-05-24,pl1s,0,0.4013022300870409,12
2021-05-25,pl1s,0,0.30320771581967737,12
2021-05-25,si1s,0,0.27726979051163364,12
2021-05-26,pl1s,0,0.2867274566930416,12
2021-05-27,pl1s,0,0.3065988813021174,12
2021-05-28,gc1s,0,0.6537965066471237,12
2021-05-28,si1s,1,0.6142784333675865,12
2021-05-28,pl1s,0,0.3033127885092372,12
2021-06-01,gc1s,0,0.5412878928484194,12
2021-06-01,si1s,1,0.2575944034250669,12
2021-06-01,pl1s,0,0.2682946953334068,12
2021-06-02,si1s,1,0.47788007907255714,12
2021-06-02,pl1s,0,0.257435020771459,12
2021-06-03,si1s,0,0.26833846252461574,12
2021-06-03,pl1s,0,0.38457077914109167,12
2021-06-04,pl1s,0,0.6469684942097316,12
2021-06-07,pl1s,0,0.30199189592938336,12
2021-06-08,pl1s,0,0.4041518542472885,12
2020-11-20,si1s,1,0.5957581239168126,13
2020-11-20,pl1s,1,0.7400968151249303,13
2020-11-23,gc1s,1,0.8204335623035433,13
2020-11-23,pl1s,1,0.7740750501432876,13
2020-11-23,si1s,1,0.6792402438790829,13
2020-11-24,gc1s,1,0.8080346150914599,13
2020-11-24,si1s,1,0.6656432274477537,13
2020-11-24,pl1s,1,0.6882426084593637,13
2020-11-25,si1s,1,0.511172015176457,13
2020-11-25,gc1s,1,0.7845597565389363,13
2020-11-27,si1s,1,0.6454232387125969,13
2020-11-27,gc1s,1,0.9042032644245577,13
2020-11-30,si1s,1,0.6292411392859446,13
2020-11-30,gc1s,1,0.8307701320745856,13
2020-12-01,gc1s,1,0.5601687369750065,13
2020-12-01,pl1s,0,0.46008581508381385,13
2020-12-02,gc1s,1,0.6375085416632893,13
2020-12-02,pl1s,0,0.4989038491148089,13
2020-12-03,pl1s,0,0.4451588139196921,13
2020-12-03,si1s,1,0.6813936275584189,13
2020-12-04,pl1s,1,0.5100435806949154,13
2020-12-04,si1s,1,0.7465116849512887,13
2020-12-07,pl1s,1,0.4888378059742139,13
2020-12-07,si1s,1,0.5440414342125003,13
2020-12-08,pl1s,1,0.4639451339570409,13
2020-12-08,si1s,1,0.4882667153678912,13
2020-12-09,si1s,1,0.47116421570810724,13
2020-12-09,pl1s,1,0.5520444649882659,13
2020-12-10,si1s,1,0.6243986715602471,13
2020-12-10,pl1s,0,0.5961602658839477,13
2020-12-11,pl1s,0,0.7822607620712079,13
2020-12-11,si1s,1,0.6891315347727359,13
2020-12-14,gc1s,1,0.7096703830275757,13
2020-12-14,si1s,1,0.5627846803232109,13
2020-12-14,pl1s,0,0.7046202784755053,13
2020-12-15,si1s,1,0.5688807543754321,13
2020-12-15,pl1s,0,0.6014759806871666,13
2020-12-15,gc1s,1,0.721096414621455,13
2020-12-16,si1s,1,0.6975865205424063,13
2020-12-16,pl1s,0,0.631090904033038,13
2020-12-16,gc1s,1,0.6953753369926992,13
2020-12-17,si1s,1,0.8151012641282701,13
2020-12-17,pl1s,0,0.7233000254563431,13
2020-12-18,si1s,1,0.8371188183169282,13
2020-12-18,pl1s,0,0.7522795431591501,13
2020-12-21,pl1s,0,0.2942755393499861,13
2020-12-21,si1s,1,0.6654605521157037,13
2020-12-22,si1s,1,0.6631377669438809,13
2020-12-22,pl1s,0,0.6742052028869412,13
2020-12-23,pl1s,0,0.6496035475146671,13
2020-12-23,si1s,0,0.7120957494964035,13
2020-12-24,si1s,0,0.8348147453614527,13
2020-12-24,gc1s,0,0.771081610767883,13
2020-12-24,pl1s,0,0.4277712786908156,13
2020-12-28,si1s,1,0.5384237842334739,13
2020-12-28,pl1s,0,0.49971932582897904,13
2020-12-28,gc1s,0,0.8743122769507714,13
2020-12-29,gc1s,0,0.7732828873322368,13
2020-12-29,si1s,0,0.7332432682610694,13
2020-12-29,pl1s,0,0.4517191071242032,13
2020-12-30,si1s,0,0.6453755816978698,13
2020-12-30,pl1s,0,0.4274302194838365,13
2020-12-30,gc1s,0,0.7133001006992272,13
2020-12-31,si1s,0,0.6443431972859248,13
2020-12-31,pl1s,0,0.4943524411128749,13
2020-12-31,gc1s,0,0.8269971098602871,13
2021-01-04,si1s,1,0.44189702969489236,13
2021-01-04,gc1s,0,0.8784869025269136,13
2021-01-04,pl1s,1,0.4360319488003392,13
2021-01-05,si1s,1,0.5004517163852307,13
2021-01-05,pl1s,0,0.5498386602973163,13
2021-01-07,pl1s,1,0.6012602930039308,13
2021-01-08,pl1s,1,0.8960849625040214,13
2021-01-08,si1s,0,0.8797921368778368,13
2021-01-11,pl1s,1,0.8411763713322311,13
2021-01-12,pl1s,0,0.793102302262905,13
2021-01-12,si1s,1,0.8149076466436366,13
2021-01-13,si1s,0,0.8698309063071327,13
2021-01-13,pl1s,1,0.6911238387869904,13
2021-01-14,pl1s,1,0.7677338150212213,13
2021-01-14,si1s,0,0.8819680403367706,13
2021-01-15,pl1s,0,0.75977062098007,13
2021-01-15,si1s,0,0.9066420995621038,13
2021-01-19,pl1s,0,0.5308925437464037,13
2021-01-19,si1s,0,0.682809362445505,13
2021-01-20,pl1s,1,0.5315464221754198,13
2021-01-20,gc1s,1,0.8545139914171903,13
2021-01-20,si1s,0,0.8091722193628166,13
2021-01-21,si1s,0,0.740230459015092,13
2021-01-21,gc1s,1,0.8798943091956192,13
2021-01-21,pl1s,1,0.6614997310611793,13
2021-01-22,si1s,0,0.8445550595113521,13
2021-01-22,pl1s,0,0.6994796632205427,13
2021-01-25,si1s,0,0.510253983926609,13
2021-01-25,pl1s,0,0.5050390829642999,13
2021-01-26,si1s,0,0.503531481991118,13
2021-01-26,pl1s,0,0.5760800881476035,13
2021-01-27,si1s,0,0.43395752013881217,13
2021-01-28,si1s,0,0.5627638245511337,13
2021-01-28,pl1s,1,0.4015240156142625,13
2021-01-29,pl1s,1,0.40696324750689,13
2021-02-01,si1s,1,0.5304639769387732,13
2021-02-01,pl1s,0,0.17028099630513155,13
2021-02-02,pl1s,1,0.3134899709051788,13
2021-02-03,si1s,1,0.9663368222158834,13
2021-02-04,si1s,1,0.9788019800902696,13
2021-02-04,pl1s,1,0.6625258374056032,13
2021-02-04,gc1s,0,0.962073177323292,13
2021-02-05,si1s,1,0.9734338905224945,13
2021-02-05,pl1s,1,0.6972550310495487,13
2021-02-08,pl1s,1,0.6993405310302463,13
2021-02-08,si1s,0,0.8751070460627246,13
2021-02-09,si1s,0,0.7690341560065154,13
2021-02-09,pl1s,0,0.374673515968443,13
2021-02-10,pl1s,1,0.33339986691753176,13
2021-02-10,si1s,0,0.7933281206306622,13
2021-02-11,pl1s,1,0.47370626085655915,13
2021-02-11,si1s,1,0.7427969482229246,13
2021-02-12,pl1s,1,0.5147069774588033,13
2021-02-12,si1s,1,0.6856738078541175,13
2021-02-16,si1s,1,0.7441904669492851,13
2021-02-16,pl1s,1,0.31917238167855105,13
2021-02-17,si1s,1,0.8617417754737124,13
2021-02-17,pl1s,1,0.6581611933812965,13
2021-02-18,pl1s,1,0.7331491030303101,13
2021-02-18,si1s,1,0.8688733106285462,13
2021-02-19,gc1s,0,0.9352894655608801,13
2021-02-19,pl1s,1,0.8175266573647444,13
2021-02-19,si1s,1,0.9261557314870349,13
2021-02-22,si1s,1,0.7356612815669997,13
2021-02-22,pl1s,1,0.6889212829412162,13
2021-02-23,si1s,1,0.7237473672022923,13
2021-02-23,pl1s,1,0.6807615941832367,13
2021-02-24,si1s,0,0.7053842675288906,13
2021-02-24,pl1s,1,0.7820498999782421,13
2021-02-25,pl1s,1,0.876825921746275,13
2021-02-26,gc1s,0,0.9612779444639658,13
2021-02-26,pl1s,0,0.7606347809855272,13
2021-02-26,si1s,1,0.7385466646679922,13
2021-03-01,pl1s,0,0.5874305967459719,13
2021-03-01,si1s,1,0.7967242385754455,13
2021-03-01,gc1s,1,0.8800996185541459,13
2021-03-02,gc1s,0,0.7929193876552971,13
2021-03-02,si1s,0,0.5444933622872404,13
2021-03-02,pl1s,0,0.44406035600994687,13
2021-03-03,gc1s,1,0.9296307457474379,13
2021-03-03,si1s,0,0.6839540461857364,13
2021-06-08,si1s,1,0.27003566467714424,13
2021-06-09,pl1s,0,0.48657403674138566,13
2021-06-09,si1s,1,0.4162826704717572,13
2021-06-10,si1s,1,0.35478313864835337,13
2021-06-11,pl1s,0,0.5990614774780784,13
2021-06-11,si1s,1,0.5172344952958478,13
2021-06-14,pl1s,0,0.6334932902902415,13
2021-06-14,si1s,1,0.4926709546196104,13
2021-06-15,si1s,1,0.42193131312495713,13
2021-06-15,pl1s,0,0.6980295890609717,13
2021-06-16,pl1s,0,0.9356430784731408,13
2021-06-16,si1s,1,0.5211559191028972,13
2021-06-17,si1s,1,0.9920474900867233,13
2021-06-17,pl1s,1,0.9941213301084088,13
2021-06-18,si1s,1,0.9939682700907968,13
2021-06-18,pl1s,1,0.994154481541961,13
2021-06-21,si1s,1,0.9570006505122947,13
2021-06-21,pl1s,1,0.9713084702111698,13
2021-06-22,si1s,1,0.9217003028390783,13
2021-06-22,pl1s,1,0.9466806600895314,13
2021-06-23,si1s,0,0.9165369193664904,13
2021-06-23,pl1s,0,0.91658174382543,13
2021-06-24,si1s,1,0.9378580040434031,13
2021-06-25,si1s,1,0.9256508391377966,13
2021-06-28,si1s,0,0.8754319562731522,13
2021-06-29,si1s,1,0.9105660775633435,13
2021-06-29,pl1s,1,0.911110213256953,13
2021-06-30,si1s,1,0.9147578491426397,13
2021-06-30,pl1s,1,0.9192572004614609,13
2021-07-01,pl1s,1,0.8709394949626448,13
2021-07-01,si1s,0,0.8967023410465194,13
2021-07-02,si1s,1,0.5576621527938934,13
2021-07-02,pl1s,0,0.8457024214261466,13
2021-07-06,pl1s,0,0.7927135431490491,13
2021-07-06,si1s,0,0.7172944072028875,13
2021-07-07,pl1s,0,0.885007546842145,13
2021-07-08,pl1s,1,0.7877345452725915,13
2021-07-08,si1s,0,0.8561792190937256,13
2021-07-09,si1s,1,0.7777938236887056,13
2021-07-09,pl1s,0,0.8264117162031561,13
2021-07-12,pl1s,0,0.8125436087027974,13
2021-07-12,si1s,1,0.7184634377939155,13
2021-07-13,si1s,1,0.7761320232162485,13
2021-07-13,pl1s,0,0.8790687184816077,13
2021-07-14,pl1s,0,0.8322620627984623,13
2021-07-15,pl1s,0,0.8808753260818344,13
2021-07-15,si1s,1,0.7325923471404814,13
2021-07-16,si1s,1,0.6310136161044745,13
2021-07-16,pl1s,0,0.7390298366961296,13
2021-07-19,pl1s,0,0.5343073431943643,13
2021-07-19,si1s,0,0.2989566371388869,13
2021-07-20,pl1s,0,0.5232214808927561,13
2021-07-20,si1s,1,0.508147671371622,13
2021-07-21,pl1s,0,0.6646742436274925,13
2021-07-21,si1s,1,0.6185134228995244,13
2021-07-22,si1s,0,0.6474311298501881,13
2021-07-22,pl1s,0,0.607480953963708,13
2021-07-23,pl1s,0,0.8148348381295837,13
2021-07-23,si1s,0,0.7462057709386944,13
2021-07-26,si1s,0,0.6146235815272799,13
2021-07-26,pl1s,0,0.5487261219299243,13
2021-07-27,si1s,0,0.7094818908422312,13
2021-07-27,pl1s,0,0.6000569929008754,13
2021-07-28,pl1s,0,0.6031759402423336,13
2021-07-28,si1s,0,0.6157936170487749,13
2021-07-29,si1s,0,0.7158972582507842,13
2021-07-29,pl1s,0,0.4064497133641612,13
2021-07-30,si1s,0,0.6840599441100813,13
2021-07-30,pl1s,0,0.3151151800824013,13
2021-08-02,si1s,0,0.5688800892130187,13
2021-08-02,pl1s,0,0.12308485599099873,13
2021-08-03,pl1s,0,0.26116795947598037,13
2021-08-03,si1s,0,0.6178480196431927,13
2021-08-03,gc1s,1,0.6192582581582904,13
2021-08-04,si1s,0,0.6040933036453661,13
2021-08-04,gc1s,1,0.7441758624217063,13
2021-08-04,pl1s,0,0.47536096957719076,13
2021-08-05,si1s,0,0.6987516612064788,13
2021-08-06,si1s,0,0.8559921540112946,13
2021-08-09,si1s,1,0.8747507388457876,13
2021-08-09,pl1s,1,0.7246680164244769,13
2021-08-09,gc1s,1,0.9714773934648961,13
2021-08-10,gc1s,1,0.9726345773173518,13
2021-08-10,pl1s,1,0.5421092659938885,13
2021-08-10,si1s,1,0.883390205817111,13
2021-08-11,gc1s,1,0.9402981349721639,13
2021-08-11,pl1s,0,0.1858282736190757,13
2021-08-11,si1s,1,0.7838221053586524,13
2021-08-12,gc1s,1,0.9306841081992939,13
2021-08-12,si1s,1,0.8900526795275976,13
2021-08-13,si1s,1,0.7197052164646641,13
2021-08-16,si1s,1,0.73050671747137,13
2021-08-16,pl1s,0,0.3010820501410341,13
2021-08-17,si1s,1,0.7225174390035484,13
2021-08-17,pl1s,1,0.3111765927463846,13
2021-08-18,pl1s,1,0.36427850413585633,13
2021-08-18,si1s,1,0.7151643060673732,13
2021-08-19,pl1s,1,0.6133343388679541,13
2021-08-19,si1s,1,0.8163332159807906,13
2021-08-20,pl1s,1,0.6316797303950462,13
2021-08-20,si1s,1,0.9379945708197641,13
2021-08-23,pl1s,0,0.4018554033726688,13
2021-08-23,si1s,1,0.8173945510802535,13
2021-08-24,pl1s,1,0.2650745238047784,13
2021-08-24,si1s,1,0.8672154832081306,13
2021-08-25,pl1s,0,0.8247149199674891,13
2021-08-25,si1s,1,0.9162685423101978,13
2021-08-26,si1s,1,0.9610998717940633,13
2021-08-26,pl1s,0,0.8237971895369177,13
2021-08-27,si1s,1,0.49032684021240747,13
2021-08-27,pl1s,0,0.4938814367573946,13
2021-08-30,si1s,1,0.36446547671770607,13
2021-08-30,pl1s,0,0.4135954197517336,13
2021-08-31,pl1s,0,0.36265554241976317,13
2021-08-31,si1s,1,0.3776821250012726,13
2021-09-01,si1s,1,0.2041875054009746,13
2021-09-01,pl1s,0,0.4204240109035232,13
2021-09-02,pl1s,0,0.49411590402050015,13
2021-09-02,si1s,1,0.2725638803997154,13
2021-09-03,pl1s,0,0.29217915859030114,13
2021-09-03,si1s,1,0.16881512133799373,13
2021-09-07,pl1s,0,0.46446755455552413,13
2021-09-07,si1s,1,0.2961538669620696,13
2021-09-08,si1s,1,0.38561977977096046,13
2021-09-08,pl1s,0,0.6951355014885222,13
2021-09-09,si1s,1,0.27724289946623654,13
2021-09-09,pl1s,0,0.6778142448903637,13
2021-09-10,si1s,0,0.6478752863246195,13
2021-09-10,pl1s,0,0.7684929388163092,13
2021-09-13,pl1s,0,0.671520629972381,13
2021-09-13,si1s,0,0.4714107978411591,13
2021-09-14,pl1s,1,0.6754671678087362,13
2021-09-14,si1s,0,0.4115417704651495,13
2021-09-15,si1s,0,0.48532157427929756,13
2021-09-15,pl1s,1,0.8800282665843002,13
2021-09-16,si1s,0,0.8196379465927514,13
2021-09-16,pl1s,1,0.9162928755564915,13
2021-09-17,si1s,1,0.8645297881346489,13
2021-09-17,pl1s,1,0.8698268846828943,13
2021-09-20,si1s,1,0.4051174586155937,13
2021-09-20,pl1s,1,0.598072075539985,13
2021-09-20,gc1s,1,0.6751028889040072,13
2021-09-21,pl1s,1,0.27853386867728674,13
2021-09-21,gc1s,0,0.6440498007091852,13
2021-09-21,si1s,0,0.41840031721176524,13
2021-09-22,si1s,0,0.45320346680579726,13
2021-09-22,gc1s,0,0.7298120474018861,13
2021-03-03,pl1s,1,0.5515344602338654,14
2021-03-04,gc1s,1,0.8557484812457995,14
2021-03-04,si1s,0,0.5439368791907985,14
2021-03-04,pl1s,1,0.565809022971886,14
2021-03-05,pl1s,1,0.653446880191374,14
2021-03-05,si1s,0,0.6254266269634151,14
2021-03-05,gc1s,1,0.8669536632303592,14
2021-03-08,gc1s,1,0.7455691492742458,14
2021-03-08,si1s,0,0.310288112756909,14
2021-03-08,pl1s,1,0.39470526429726915,14
2021-03-09,pl1s,0,0.7501092949171856,14
2021-03-09,gc1s,1,0.6196286983825358,14
2021-03-09,si1s,1,0.3508024151138423,14
2021-03-10,gc1s,1,0.5757004750022123,14
2021-03-10,si1s,1,0.28018648866476314,14
2021-03-10,pl1s,0,0.3842147499519373,14
2021-03-11,pl1s,0,0.4168295048592966,14
2021-03-11,gc1s,1,0.5728830920714659,14
2021-03-11,si1s,1,0.33749381453599225,14
2021-03-12,si1s,0,0.5041201264054893,14
2021-03-12,gc1s,1,0.6427919799820913,14
2021-03-12,pl1s,0,0.3974219941536786,14
2021-03-15,gc1s,0,0.5289498799558827,14
2021-03-15,pl1s,0,0.27960179616361375,14
2021-03-15,si1s,1,0.2389089599995378,14
2021-03-16,gc1s,0,0.5498385556489539,14
2021-03-16,pl1s,0,0.31562085821909597,14
2021-03-16,si1s,0,0.34891365674156866,14
2021-03-17,gc1s,0,0.6220584499266946,14
2021-03-17,pl1s,0,0.42085294748398383,14
2021-03-17,si1s,0,0.4750857624576423,14
2021-03-18,gc1s,0,0.6954922216108228,14
2021-03-18,pl1s,0,0.5280169370083958,14
2021-03-18,si1s,1,0.5573176981843373,14
2021-03-19,si1s,1,0.35219660833678723,14
2021-03-19,gc1s,0,0.7198464398286931,14
2021-03-19,pl1s,1,0.5594305087825375,14
2021-03-22,pl1s,1,0.3083656411581534,14
2021-03-22,si1s,0,0.3778101972213091,14
2021-03-23,pl1s,1,0.30033837384005646,14
2021-03-23,si1s,1,0.3479903862970781,14
2021-03-24,pl1s,1,0.25554904090989006,14
2021-03-24,si1s,1,0.2871227689848913,14
2021-03-25,si1s,1,0.38339209264609886,14
2021-03-25,pl1s,1,0.3737686838582656,14
2021-03-26,si1s,0,0.2031167029207643,14
2021-03-26,pl1s,0,0.26572431295545734,14
2021-03-29,pl1s,0,0.35985174109913637,14
2021-03-29,si1s,1,0.2907304655653777,14
2021-03-30,si1s,1,0.39514058840291133,14
2021-03-30,pl1s,1,0.3544204120365075,14
2021-03-31,si1s,1,0.4695566101699686,14
2021-03-31,pl1s,1,0.41329210176599807,14
2021-04-01,si1s,1,0.4149383987645011,14
2021-04-01,pl1s,1,0.5132336127482922,14
2021-04-05,si1s,1,0.2255588156762939,14
2021-04-05,pl1s,0,0.3730707102822324,14
2021-04-06,si1s,0,0.1435326218402157,14
2021-04-06,gc1s,0,0.17005817618173102,14
2021-04-07,gc1s,0,0.22549113530011078,14
2021-04-07,si1s,0,0.1696243027374989,14
2021-04-07,pl1s,0,0.5557560046913339,14
2021-04-08,pl1s,0,0.4295633107284803,14
2021-04-08,si1s,1,0.25394189935412126,14
2021-04-09,pl1s,1,0.5557393188918988,14
2021-04-09,gc1s,0,0.20685455802803415,14
2021-04-09,si1s,1,0.24274045300757754,14
2021-04-12,pl1s,1,0.5360050201471054,14
2021-04-12,si1s,1,0.19382352189752627,14
2021-04-13,pl1s,1,0.6194271488835552,14
2021-04-13,si1s,1,0.27441777498199094,14
2021-04-14,si1s,1,0.2726698882992451,14
2021-04-14,pl1s,1,0.5752008282730395,14
2021-04-15,pl1s,0,0.7121217187398438,14
2021-04-16,pl1s,0,0.5762994183782119,14
2021-04-16,si1s,1,0.12045839917500513,14
2021-04-20,pl1s,1,0.49573550405594546,14
2021-04-21,si1s,1,0.1426357135072422,14
2021-04-21,pl1s,1,0.5908188425669451,14
2021-04-22,pl1s,1,0.5101643887059717,14
2021-04-23,pl1s,1,0.6260490030728446,14
2021-04-26,pl1s,1,0.5367150405823627,14
2021-04-26,si1s,0,0.09506449143704952,14
2021-04-27,si1s,0,0.3080994288991401,14
2021-04-27,pl1s,0,0.6195315016333806,14
2021-04-28,pl1s,1,0.5993065197641362,14
2021-04-28,si1s,0,0.15851058764760112,14
2021-04-29,pl1s,1,0.6260995110730626,14
2021-04-29,si1s,0,0.3370264343093846,14
2021-04-30,pl1s,1,0.7443015107303143,14
2021-04-30,si1s,1,0.3932865458128567,14
2021-05-03,pl1s,1,0.6102792059736464,14
2021-05-03,si1s,0,0.25229198101023437,14
2021-05-04,pl1s,0,0.6129668625489715,14
2021-05-04,si1s,1,0.25037057690299774,14
2021-05-05,pl1s,0,0.6554251179068225,14
2021-05-05,si1s,1,0.24930118347126792,14
2021-05-06,pl1s,0,0.6376015563380864,14
2021-05-06,si1s,0,0.3969228555943164,14
2021-05-07,pl1s,0,0.6246945478347793,14
2021-05-07,si1s,0,0.2125845094584789,14
2021-05-07,gc1s,1,0.31545588235175326,14
2021-05-10,pl1s,0,0.614601762292765,14
2021-05-10,si1s,0,0.17665434526317683,14
2021-05-11,pl1s,0,0.5871063829869583,14
2021-05-11,si1s,0,0.20190860904844668,14
2021-05-12,gc1s,1,0.1784947947024057,14
2021-05-12,si1s,1,0.2421584810965356,14
2021-05-12,pl1s,0,0.6535610732679997,14
2021-05-13,pl1s,0,0.6699673732957636,14
2021-05-13,gc1s,1,0.21243645728174188,14
2021-05-13,si1s,0,0.14498602585539616,14
2021-05-14,pl1s,0,0.5725528769719518,14
2021-05-14,si1s,0,0.14906557382162444,14
2021-05-17,si1s,1,0.16870133593967557,14
2021-05-17,gc1s,1,0.20047645796507876,14
2021-05-17,pl1s,0,0.48558377979897244,14
2021-05-18,si1s,1,0.1301748514125782,14
2021-05-18,pl1s,0,0.5183204638399368,14
2021-05-18,gc1s,1,0.14924667733998984,14
2021-05-19,pl1s,0,0.5230035348710982,14
2021-05-19,si1s,1,0.14187048435422805,14
2021-05-19,gc1s,0,0.14147918770888818,14
2021-05-20,pl1s,0,0.47843378495348166,14
2021-05-20,si1s,1,0.09377583123121515,14
2021-05-20,gc1s,1,0.08137652648673882,14
2021-05-21,si1s,0,0.14042834159876388,14
2021-05-21,pl1s,1,0.7114687898159201,14
2021-05-24,si1s,0,0.23489024832312685,14
2021-05-24,pl1s,0,0.4879085254186977,14
2021-05-25,pl1s,0,0.47589541175639,14
2021-05-25,si1s,0,0.18601476955642698,14
2021-05-26,pl1s,0,0.46443310636853896,14
2021-05-27,pl1s,0,0.4994248815966733,14
2021-05-28,gc1s,0,0.2050858736795528,14
2021-05-28,si1s,1,0.21335326785174924,14
2021-05-28,pl1s,0,0.37650340945652844,14
2021-06-01,gc1s,0,0.23120856508287632,14
2021-06-01,si1s,1,0.10835465596105769,14
2021-06-01,pl1s,0,0.5212845861461857,14
2021-06-02,si1s,1,0.10145332112562665,14
2021-06-02,pl1s,0,0.49780864408831904,14
2021-06-03,si1s,0,0.2627112539661287,14
2021-06-03,pl1s,0,0.6679897392067622,14
2021-06-04,pl1s,0,0.6394645666104878,14
2021-06-07,pl1s,0,0.3885293889719588,14
2021-06-08,pl1s,0,0.42027491048690996,14
2021-06-08,si1s,1,0.058132229057374564,14
2021-06-09,pl1s,0,0.3616432687110248,14
2021-06-09,si1s,1,0.07223974928352,14
2021-06-10,si1s,1,0.06420456464448214,14
2021-06-11,pl1s,0,0.40374506162216045,14
2021-06-11,si1s,1,0.09983755754599506,14
2021-06-14,pl1s,0,0.5775049952013472,14
2021-06-14,si1s,1,0.14780755419898023,14
2021-06-15,si1s,1,0.12314328747606144,14
2021-06-15,pl1s,0,0.5481788287765497,14
2021-06-16,pl1s,0,0.8424740025457387,14
2021-06-16,si1s,1,0.3039649631712913,14
2021-06-17,si1s,1,0.8788089988579055,14
2021-06-17,pl1s,1,0.940981560369645,14
2021-06-18,si1s,1,0.8861325421911611,14
2021-06-18,pl1s,1,0.917489673336947,14
2021-06-21,si1s,1,0.6842309338711655,14
2021-06-21,pl1s,1,0.8183764944633295,14
2021-06-22,si1s,1,0.5493119121829148,14
2021-06-22,pl1s,1,0.8166860904473947,14
2021-06-23,si1s,0,0.44566871081286463,14
2021-06-23,pl1s,0,0.7533278871419953,14
2021-06-24,si1s,1,0.5126110266478197,14
2021-06-25,si1s,1,0.7652233277554993,14
2021-06-28,si1s,0,0.5417325643318008,14
2021-06-29,si1s,1,0.6707164140725749,14
2021-06-29,pl1s,1,0.840109613457881,14
2021-06-30,si1s,1,0.6817566985877614,14
2021-06-30,pl1s,1,0.8231898582733234,14
2021-07-01,pl1s,1,0.7791463360230068,14
2021-07-01,si1s,0,0.5950068149281728,14
2021-07-02,si1s,1,0.24710163676885263,14
2021-07-02,pl1s,0,0.726975081887932,14
2021-07-06,pl1s,0,0.740426717895194,14
2021-07-06,si1s,0,0.2810756954380089,14
2021-07-07,pl1s,0,0.7942989431784535,14
2021-07-08,pl1s,1,0.715993393295922,14
2021-07-08,si1s,0,0.38098962297671696,14
2021-07-09,si1s,1,0.31079059902146977,14
2021-07-09,pl1s,0,0.7429620264383281,14
2021-07-12,pl1s,0,0.810026920258388,14
2021-07-12,si1s,1,0.34110700502477104,14
2021-07-13,si1s,1,0.4543486402001201,14
2021-07-13,pl1s,0,0.8529734126239232,14
2021-07-14,pl1s,0,0.8338185469243218,14
2021-07-15,pl1s,0,0.8234125860045283,14
2021-07-15,si1s,1,0.39054192423927514,14
2021-07-16,si1s,1,0.24028142222500415,14
2021-07-16,pl1s,0,0.6188806149476179,14
2021-07-19,pl1s,0,0.4119324829710709,14
2021-07-19,si1s,0,0.12528964670407378,14
2021-07-20,pl1s,0,0.48351735911502236,14
2021-07-20,si1s,1,0.27764059123049634,14
2021-07-21,pl1s,0,0.5916404109024956,14
2021-07-21,si1s,1,0.3748252663821856,14
2021-07-22,si1s,0,0.3736026185055981,14
2021-07-22,pl1s,0,0.5284756357920969,14
2021-07-23,pl1s,0,0.8335595811189378,14
2021-07-23,si1s,0,0.4549348860349481,14
2021-07-26,si1s,0,0.39390896503367934,14
2021-07-26,pl1s,0,0.7014379369290716,14
2021-07-27,si1s,0,0.4329337142314718,14
2021-07-27,pl1s,0,0.7690368694331466,14
2021-07-28,pl1s,0,0.6605153208357231,14
2021-07-28,si1s,0,0.310025970560063,14
2021-07-29,si1s,0,0.3316918775351352,14
2021-07-29,pl1s,0,0.6751800010510216,14
2021-07-30,si1s,0,0.24010578063491525,14
2021-07-30,pl1s,0,0.5323770595844848,14
2021-08-02,si1s,0,0.18852100612149578,14
2021-08-02,pl1s,0,0.338906454445471,14
2021-08-03,pl1s,0,0.4824339490047053,14
2021-08-03,si1s,0,0.2803328051395741,14
2021-08-03,gc1s,1,0.19816661507522237,14
2021-08-04,si1s,0,0.267811043681373,14
2021-08-04,gc1s,1,0.2883566885602599,14
2021-08-04,pl1s,0,0.6675378714214176,14
2021-08-05,si1s,0,0.34108634970174506,14
2021-08-06,si1s,0,0.5452381710707617,14
2021-08-09,si1s,1,0.6677388872509021,14
2021-08-09,pl1s,1,0.7468920324681697,14
2021-08-09,gc1s,1,0.9202480444329635,14
2021-08-10,gc1s,1,0.9365990001333696,14
2021-08-10,pl1s,1,0.6977332188406834,14
2021-08-10,si1s,1,0.7167294747806994,14
2021-08-11,gc1s,1,0.9112998215305561,14
2021-08-11,pl1s,0,0.5583886364341094,14
2021-08-11,si1s,1,0.6197026996398519,14
2021-08-12,gc1s,1,0.8852207124629584,14
2021-08-12,si1s,1,0.7458874156197705,14
2021-08-13,si1s,1,0.5209719013584072,14
2021-08-16,si1s,1,0.531280707640462,14
2021-08-16,pl1s,0,0.41272220638303364,14
2021-08-17,si1s,1,0.4895809806832177,14
2021-08-17,pl1s,1,0.43552874455654017,14
2021-08-18,pl1s,1,0.4527715680433303,14
2021-08-18,si1s,1,0.48319008923070067,14
2021-08-19,pl1s,1,0.5558489880255324,14
2021-08-19,si1s,1,0.5034586434370827,14
2021-08-20,pl1s,1,0.5856664531105412,14
2021-08-20,si1s,1,0.6857455953119329,14
2021-08-23,pl1s,0,0.5713237630899305,14
2021-08-23,si1s,1,0.6738027057454009,14
2021-08-24,pl1s,1,0.47839272024674134,14
2021-08-24,si1s,1,0.7521447180387084,14
2021-08-25,pl1s,0,0.7447072276637688,14
2021-08-25,si1s,1,0.8321968595867828,14
2021-08-26,si1s,1,0.9171422475485309,14
2021-08-26,pl1s,0,0.6965236506306647,14
2021-08-27,si1s,1,0.49219292761121863,14
2021-08-27,pl1s,0,0.4293367315696842,14
2021-08-30,si1s,1,0.44788412212190243,14
2021-08-30,pl1s,0,0.39053561673013987,14
2021-08-31,pl1s,0,0.3934741332541166,14
2021-08-31,si1s,1,0.4095456836937148,14
2021-09-01,si1s,1,0.21983455777230593,14
2021-09-01,pl1s,0,0.3386310299711463,14
2021-09-02,pl1s,0,0.32370669612952885,14
2021-09-02,si1s,1,0.23651728986972884,14
2021-09-03,pl1s,0,0.3421670391012921,14
2021-09-03,si1s,1,0.14741959008634786,14
2021-09-07,pl1s,0,0.4320804635282603,14
2021-09-07,si1s,1,0.17914674325291582,14
2021-09-08,si1s,1,0.240056513992478,14
2021-09-08,pl1s,0,0.5690496373408207,14
2021-09-09,si1s,1,0.17130551822304632,14
2021-09-09,pl1s,0,0.5153327716187962,14
2021-09-10,si1s,0,0.35394657997394624,14
2021-09-10,pl1s,0,0.6025280551459331,14
2021-09-13,pl1s,0,0.5011772319706636,14
2021-09-13,si1s,0,0.29935432650262894,14
2021-09-14,pl1s,1,0.5222453903164168,14
2021-09-14,si1s,0,0.21629054206537607,14
2021-09-15,si1s,0,0.34621596149752515,14
2021-09-15,pl1s,1,0.7046945259432725,14
2021-09-16,si1s,0,0.6976532148776895,14
2021-09-16,pl1s,1,0.7791383316969995,14
2021-09-17,si1s,1,0.6634869585249031,14
2021-09-17,pl1s,1,0.718694501789328,14
2021-09-20,si1s,1,0.283501859153878,14
2021-09-20,pl1s,1,0.3932292631963409,14
2021-09-20,gc1s,1,0.34510469030027857,14
2021-09-21,pl1s,1,0.32120762645442164,14
2021-09-21,gc1s,0,0.39608832428226626,14
2021-09-21,si1s,0,0.3154266372807543,14
2021-09-22,si1s,0,0.36049030332982945,14
2021-09-22,gc1s,0,0.5230946605942904,14
