instrument,auc_mean,auc_std,logloss,brier,n_events
gc1s,0.47090561224489796,0.08386233735837352,1.1827831320231004,0.3532603433981329,810
pl1s,0.507446447359192,0.059938434643736827,1.0873677808743354,0.32710969325741446,2670
si1s,0.4851214862941982,0.05595946329811173,1.2509037756317534,0.3454972680911691,2755
