date,instrument,y_true,y_score,fold
2020-01-30,pl1s,0,0.5146635241915752,0
2020-01-30,si1s,1,0.4803050972452736,0
2020-01-31,pl1s,1,0.5297505034069525,0
2020-01-31,si1s,1,0.4356683275295836,0
2020-02-03,si1s,0,0.521959126127624,0
2020-02-03,pl1s,0,0.5850920820499657,0
2020-02-04,pl1s,1,0.4109759222266056,0
2020-02-04,si1s,0,0.5682858535189045,0
2020-02-05,pl1s,0,0.6984074495468651,0
2020-02-05,si1s,1,0.6702435418864433,0
2020-02-06,pl1s,1,0.7766728798203234,0
2020-02-06,si1s,0,0.7569072973369245,0
2020-02-07,pl1s,0,0.7393635916457449,0
2020-02-07,si1s,0,0.7571713781057291,0
2020-02-10,pl1s,1,0.7036225646272668,0
2020-02-11,pl1s,0,0.7049009760753376,0
2020-02-11,si1s,0,0.663737117204406,0
2020-02-12,pl1s,1,0.7518073685537172,0
2020-02-12,si1s,0,0.5864212402981838,0
2020-02-13,si1s,1,0.46636041144872187,0
2020-02-13,pl1s,0,0.7036941425846177,0
2020-02-14,pl1s,1,0.6511106083759529,0
2020-02-14,si1s,1,0.44576135509109754,0
2020-02-18,pl1s,1,0.5636508566924097,0
2020-02-19,si1s,0,0.4675944794102168,0
2020-02-20,pl1s,0,0.5023602322671358,0
2020-02-20,si1s,0,0.47773907042143804,0
2020-02-21,pl1s,0,0.452206224110691,0
2020-02-21,si1s,0,0.43318496046223204,0
2020-02-24,pl1s,0,0.35944393949574643,0
2020-02-24,si1s,1,0.6927361136184671,0
2020-02-25,pl1s,0,0.2587074852474319,0
2020-02-25,si1s,1,0.40440683870636784,0
2020-02-26,pl1s,0,0.2978050307987377,0
2020-02-26,si1s,1,0.2885883309915804,0
2020-02-27,si1s,1,0.05807870413235968,0
2020-02-27,pl1s,0,0.24520859137247547,0
2020-02-28,pl1s,0,0.19309918932660233,0
2020-02-28,si1s,1,0.031808549836779776,0
2020-03-02,pl1s,1,0.07559084513271896,0
2020-03-02,si1s,1,0.025836626769709818,0
2020-03-03,si1s,0,0.018721567516527895,0
2020-03-03,pl1s,1,0.07383378202269983,0
2020-03-04,si1s,0,0.022149154060836822,0
2020-03-04,pl1s,0,0.10094753370632219,0
2020-03-05,si1s,0,0.016593487462780124,0
2020-03-05,pl1s,1,0.11488935057261603,0
2020-03-06,si1s,0,0.021792682961611413,0
2020-03-06,pl1s,0,0.10273430643769677,0
2020-03-09,pl1s,1,0.02346449697856877,0
2020-03-09,si1s,0,0.00626555974393951,0
2020-03-10,si1s,0,0.017649052266148036,0
2020-03-10,pl1s,0,0.04090960135623937,0
2020-03-11,pl1s,0,0.045675186666690494,0
2020-03-11,si1s,0,0.015668665472537806,0
2020-03-12,si1s,0,0.008731908950620527,0
2020-03-12,pl1s,0,0.0051573889008941195,0
2020-03-13,si1s,0,0.02494728225032923,0
2020-03-13,pl1s,0,0.05130806932978609,0
2020-03-16,si1s,0,0.0025493798380596196,0
2020-03-16,pl1s,1,0.005162230245108171,0
2020-03-16,gc1s,1,0.06815503784807048,0
2020-03-17,si1s,0,0.02173080726553566,0
2020-03-17,pl1s,0,0.02369057736565156,0
2020-03-18,gc1s,1,0.2812995782574514,0
2020-03-18,si1s,1,0.017278838418528123,0
2020-03-18,pl1s,0,0.04371294913885638,0
2020-03-19,si1s,1,0.044100953894456965,0
2020-03-19,pl1s,1,0.10413823312434212,0
2020-03-19,gc1s,1,0.32105949701252623,0
2020-03-20,si1s,1,0.007623223961571694,0
2020-03-20,pl1s,1,0.04178547037416785,0
2020-03-20,gc1s,1,0.2443575729780817,0
2020-03-23,pl1s,1,0.07634214573027953,0
2020-03-23,si1s,1,0.023205485896082092,0
2020-03-24,si1s,1,0.005403230400724414,0
2020-03-24,pl1s,0,0.010844060784732214,0
2020-03-25,pl1s,1,0.0057699252156274425,0
2020-03-25,gc1s,0,0.0822185799690491,0
2020-03-26,gc1s,1,0.17960431102671975,0
2020-03-26,si1s,0,0.0029881125983621994,0
2020-03-26,pl1s,0,0.0041145886450333746,0
2020-03-27,gc1s,1,0.015961548787587092,0
2020-03-27,si1s,0,0.002268692744818937,0
2020-03-27,pl1s,1,0.003009055927081147,0
2020-03-30,gc1s,1,0.02041471355243726,0
2020-03-30,si1s,0,0.0036102998699968493,0
2020-03-30,pl1s,0,0.0035269426864983715,0
2020-03-31,pl1s,1,0.12381781219467101,0
2020-03-31,gc1s,0,0.456030062510051,0
2020-03-31,si1s,0,0.14686085631593537,0
2020-04-01,gc1s,0,0.5074582122897723,0
2020-04-01,si1s,0,0.087284581779695,0
2020-04-02,pl1s,1,0.09814917758926854,0
2020-04-02,gc1s,0,0.4020979095899626,0
2020-04-02,si1s,0,0.11954846706785333,0
2020-04-03,pl1s,1,0.04673862323674019,0
2020-04-03,gc1s,0,0.3099622283828987,0
2020-04-03,si1s,0,0.10492508826080969,0
2020-04-06,pl1s,1,0.04409240746953284,0
2020-04-06,si1s,0,0.11386024451345846,0
2020-04-07,si1s,0,0.14456416787228885,0
2020-04-08,si1s,0,0.20806996714268286,0
2020-04-08,pl1s,1,0.23065684922254617,0
2020-04-09,pl1s,1,0.2571694931497743,0
2020-04-09,si1s,1,0.29269647753581063,0
2020-04-13,pl1s,1,0.07745129940980648,0
2020-04-13,si1s,0,0.155642046097142,0
2020-04-13,gc1s,1,0.42573322080906467,0
2020-04-14,si1s,1,0.13390647763807578,0
2020-04-15,pl1s,1,0.11910356784531775,0
2020-04-15,gc1s,1,0.42389650336084106,0
2020-04-15,si1s,1,0.10752277927061756,0
2020-04-16,pl1s,1,0.07587172440480948,0
2020-04-16,gc1s,1,0.4529868748869587,0
2020-04-16,si1s,1,0.13708208619421677,0
2020-04-17,si1s,0,0.15200818660324272,0
2020-04-17,gc1s,0,0.6421417399263588,0
2020-04-17,pl1s,0,0.09025655278999692,0
2020-04-20,gc1s,0,0.4754361013053304,0
2020-04-20,si1s,1,0.0858053935635198,0
2020-04-21,pl1s,0,0.13294385761517036,0
2020-04-22,pl1s,0,0.17796794844895739,0
2020-04-22,si1s,0,0.22957629061924456,0
2020-04-23,si1s,0,0.2125143228440898,0
2020-04-23,pl1s,1,0.2253527578430279,0
2020-04-24,si1s,1,0.09581104606690011,0
2020-04-27,pl1s,1,0.1067052900197618,0
2020-04-27,gc1s,0,0.40175418877849783,0
2020-04-28,gc1s,0,0.440250040821342,0
2020-04-29,pl1s,0,0.18631557824999043,0
2020-04-29,si1s,1,0.1311170390117681,0
2020-04-30,pl1s,1,0.28777126120880814,0
2020-04-30,si1s,0,0.23219658805195614,0
2020-05-01,pl1s,0,0.2307236159962463,0
2020-05-01,si1s,0,0.18624598568860556,0
2020-05-04,si1s,1,0.23409584360984517,0
2020-05-05,si1s,1,0.34712886810410376,0
2020-05-06,gc1s,1,0.7556656960468484,0
2020-05-06,si1s,1,0.279612505800888,0
2020-05-07,gc1s,0,0.7743103184123963,0
2020-05-07,si1s,0,0.28919849893691296,0
2020-05-08,si1s,0,0.4200284705910067,0
2020-05-08,pl1s,1,0.24223379547099128,0
2020-05-11,si1s,1,0.37135946723534796,0
2020-05-11,pl1s,1,0.2314672042035531,0
2020-05-12,si1s,1,0.275093299974233,0
2020-05-12,pl1s,0,0.33514488588712094,0
2020-05-13,si1s,1,0.2950367056325526,0
2020-05-13,pl1s,1,0.4569400380348864,0
2020-05-14,si1s,1,0.4682649600746074,0
2020-05-14,pl1s,1,0.5407467921059588,0
2020-05-15,si1s,1,0.38663674929475156,0
2020-05-18,pl1s,1,0.22842143003217044,0
2020-05-18,si1s,1,0.2433929621326293,0
2020-05-19,si1s,0,0.2943485807380176,0
2020-05-19,pl1s,1,0.3325876842055628,0
2020-05-20,si1s,0,0.4110514049553798,0
2020-05-20,gc1s,1,0.530020236278043,0
2020-05-21,si1s,1,0.3433770262648189,0
2020-05-21,gc1s,0,0.6223696651744705,0
2020-05-22,gc1s,1,0.16896698441691052,0
2020-05-22,si1s,0,0.23560050085830006,0
2020-05-22,pl1s,1,0.1883339433578828,0
2020-05-26,gc1s,0,0.8501158875089833,0
2020-05-26,pl1s,0,0.33862227507508486,0
2020-05-26,si1s,0,0.3478211809067117,0
2020-05-27,gc1s,0,0.7639342929318733,0
2020-05-27,si1s,0,0.45960141819981004,0
2020-05-27,pl1s,1,0.34243291834019257,0
2020-05-28,gc1s,0,0.7474920239970826,0
2020-05-28,pl1s,0,0.39459514999827583,0
2020-05-28,si1s,0,0.3827056968271636,0
2020-05-29,si1s,0,0.18968358020121812,0
2020-05-29,pl1s,0,0.2091511312438583,0
2020-06-01,pl1s,1,0.18841968239033013,0
2020-06-01,si1s,1,0.17177962188056486,0
2020-06-02,pl1s,1,0.26498859107682565,0
2020-06-02,gc1s,1,0.37040999599218394,0
2020-06-02,si1s,1,0.2277809930152483,0
2020-06-03,pl1s,0,0.32830653117668296,0
2020-06-04,pl1s,1,0.3515548104975108,0
2020-06-04,si1s,1,0.21231298181702254,0
2020-06-05,pl1s,1,0.4060223093009961,0
2020-06-08,pl1s,1,0.4558436831185863,0
2020-06-09,si1s,0,0.27447200360272117,0
2020-06-09,pl1s,1,0.5999457653214378,0
2020-06-10,si1s,0,0.19755530964606718,0
2020-06-10,pl1s,1,0.44811517913071885,0
2020-06-11,si1s,1,0.31149256611409887,0
2020-06-11,pl1s,1,0.42543205252466193,0
2020-06-12,pl1s,0,0.36467174701089106,0
2020-06-12,si1s,0,0.2081172059873266,0
2020-06-15,si1s,0,0.2343178770297386,0
2020-06-15,pl1s,0,0.35203810930479335,0
2020-06-16,si1s,0,0.554667739267414,0
2020-06-16,pl1s,1,0.6350570742654104,0
2020-06-17,si1s,1,0.6537141493876462,0
2020-06-17,pl1s,0,0.7003541751737279,0
2020-06-18,si1s,0,0.6294278149418172,0
2020-06-18,pl1s,1,0.6543154708538295,0
2020-06-19,si1s,0,0.6950991017605179,0
2020-06-19,gc1s,1,0.7493217418074088,0
2020-06-19,pl1s,1,0.5853354325421665,0
2020-06-22,gc1s,1,0.7169906987316853,0
2020-06-22,si1s,0,0.6605276082176244,0
2020-06-23,si1s,1,0.5212215098904159,0
2020-06-23,gc1s,0,0.614101955189685,0
2020-06-24,pl1s,0,0.6889279291047474,0
2020-06-24,si1s,0,0.47682732248978815,0
2020-06-25,pl1s,1,0.5567044602199468,0
2020-06-25,gc1s,1,0.43211147930515903,0
2020-06-25,si1s,0,0.5461155133789154,0
2020-06-26,pl1s,1,0.5158033057586258,0
2020-06-26,gc1s,1,0.5102549049660945,0
2020-06-26,si1s,0,0.4103386398086226,0
2020-06-29,pl1s,1,0.4916989516227158,0
2020-06-29,gc1s,1,0.4082578003364803,0
2020-06-29,si1s,1,0.37892144704595426,0
2020-06-30,pl1s,0,0.2887664488737149,0
2020-07-01,pl1s,0,0.37699772745772714,0
2020-07-01,si1s,0,0.23097040561353016,0
2020-07-02,gc1s,1,0.3227535483226303,0
2020-07-02,si1s,0,0.14012332146637296,0
2020-07-02,pl1s,1,0.1937913147116241,0
2020-07-06,pl1s,1,0.32705452454989736,0
2020-07-06,gc1s,1,0.45040882021018586,0
2020-07-06,si1s,1,0.22147055225849588,0
2020-07-07,pl1s,1,0.42294672556711715,0
2020-07-07,gc1s,0,0.4540660241501614,0
2020-07-07,si1s,1,0.2624808467418087,0
2020-07-08,gc1s,0,0.36752015740957344,0
2020-07-08,si1s,0,0.17153073102025365,0
2020-07-08,pl1s,0,0.3045000879512238,0
2020-07-09,gc1s,0,0.5052263092135489,0
2020-07-09,si1s,0,0.2325887251522285,0
2020-07-09,pl1s,0,0.37381654621204874,0
2020-07-10,si1s,0,0.24079963793793197,0
2020-07-10,gc1s,1,0.3563367588670863,0
2020-07-10,pl1s,1,0.28062942987504325,0
2020-07-13,si1s,1,0.40197409133917694,0
2020-07-13,gc1s,0,0.3300150917402912,0
2020-07-13,pl1s,0,0.3533532105133938,0
2020-07-14,pl1s,1,0.3620478977040824,0
2020-07-14,si1s,0,0.28638416059393157,0
2020-07-14,gc1s,0,0.2596440759295899,0
2020-07-15,pl1s,0,0.24683602544576716,0
2020-07-15,gc1s,0,0.33255522546174027,0
2020-07-15,si1s,0,0.2922932293188246,0
2020-07-16,gc1s,1,0.35077578395093373,0
2020-07-16,pl1s,1,0.30511663176927395,0
2020-07-17,si1s,0,0.20659264507745656,0
2020-07-17,pl1s,1,0.18643351813806305,0
2020-07-20,si1s,0,0.18108481343957672,0
2020-07-20,pl1s,1,0.1652392646666794,0
2020-07-21,si1s,0,0.23221488165784593,0
2020-07-22,si1s,0,0.21466979710699402,0
2020-07-22,pl1s,0,0.19412117635364176,0
2020-07-23,si1s,0,0.34344123989710096,0
2020-07-23,pl1s,1,0.17509580301371758,0
2020-07-24,pl1s,0,0.12187038688606572,0
2020-07-24,si1s,0,0.17250809567695677,0
2020-07-27,pl1s,0,0.11593496249359725,0
2020-07-27,si1s,1,0.17385708486217813,0
2020-07-28,pl1s,1,0.17312955924535794,0
2020-07-28,si1s,1,0.2022016759077865,0
2020-07-29,si1s,1,0.4984851487483705,0
2020-07-29,pl1s,1,0.3549623923168791,0
2020-07-30,si1s,0,0.49316940632676015,0
2020-07-30,pl1s,1,0.4393848730837979,0
2020-07-31,si1s,0,0.5357711629099785,0
2020-07-31,pl1s,1,0.31890735689037814,0
2020-08-03,si1s,0,0.5986616693876269,0
2020-08-03,pl1s,1,0.31508702673145456,0
2020-08-04,si1s,0,0.4186801270540499,0
2020-08-04,pl1s,0,0.4051615126454146,0
2020-08-05,pl1s,0,0.3973496278616268,0
2020-08-05,si1s,0,0.4423104246639765,0
2020-08-06,si1s,1,0.4106402620765958,0
2020-08-06,pl1s,1,0.23347451039410694,0
2020-08-07,pl1s,0,0.2256893485412406,0
2020-08-07,si1s,0,0.36730730713139886,0
2020-08-10,si1s,1,0.37840788466667075,0
2020-08-10,pl1s,1,0.2093173882485501,0
2020-08-11,pl1s,0,0.35542446999453053,0
2020-08-11,si1s,1,0.37389518373605435,0
2020-08-12,si1s,1,0.6659674356616735,0
2020-08-12,pl1s,0,0.28868293714420573,0
2020-08-13,si1s,1,0.3537849481967052,0
2020-08-13,pl1s,1,0.27427672085084065,0
2020-08-14,si1s,0,0.361891264712987,0
2020-08-14,pl1s,0,0.3199390949798441,0
2020-08-17,pl1s,0,0.27348456247723113,0
2020-08-17,si1s,0,0.19204529192983802,0
2020-08-18,si1s,1,0.2794119604890625,0
2020-08-18,pl1s,1,0.5078995924409951,0
2020-08-18,gc1s,1,0.35035468512603557,0
2020-08-19,pl1s,0,0.3912654845744763,0
2020-08-19,si1s,1,0.4721456491736617,0
2020-08-19,gc1s,1,0.4974083617621822,0
2020-01-30,pl1s,0,0.20872809965167458,1
2020-01-30,si1s,1,0.19997759725705638,1
2020-01-31,pl1s,1,0.29608962417442514,1
2020-01-31,si1s,1,0.13335103561153877,1
2020-02-03,si1s,0,0.1534436674819574,1
2020-02-03,pl1s,0,0.26131662006137263,1
2020-02-04,pl1s,1,0.7480741596078689,1
2020-02-04,si1s,0,0.15034621521868557,1
2020-02-05,pl1s,0,0.5594387264692375,1
2020-02-05,si1s,1,0.2938175072633228,1
2020-02-06,pl1s,1,0.5782326340761594,1
2020-02-06,si1s,0,0.3700621008854985,1
2020-02-07,pl1s,0,0.5360538829324202,1
2020-02-07,si1s,0,0.33881708726743565,1
2020-02-10,pl1s,1,0.4401802265692183,1
2020-02-11,pl1s,0,0.4053647573538459,1
2020-02-11,si1s,0,0.7313562441184637,1
2020-02-12,pl1s,1,0.4934481268377035,1
2020-02-12,si1s,0,0.7234812285632611,1
2020-02-13,si1s,1,0.7303605416496469,1
2020-02-13,pl1s,0,0.2895770603350909,1
2020-02-14,pl1s,1,0.2500245013453668,1
2020-02-14,si1s,1,0.6603173245078419,1
2020-02-18,pl1s,1,0.3249472067354481,1
2020-02-19,si1s,0,0.6592762884753247,1
2020-02-20,pl1s,0,0.30926112018214297,1
2020-02-20,si1s,0,0.695457599470175,1
2020-02-21,pl1s,0,0.3266696637938897,1
2020-02-21,si1s,0,0.6949769028409165,1
2020-02-24,pl1s,0,0.2632854941114612,1
2020-02-24,si1s,1,0.7942832170301966,1
2020-02-25,pl1s,0,0.24244938145230513,1
2020-02-25,si1s,1,0.4149967814452879,1
2020-02-26,pl1s,0,0.3327731630156747,1
2020-02-26,si1s,1,0.18529161445967063,1
2020-02-27,si1s,1,0.2060065624868465,1
2020-02-27,pl1s,0,0.20945989867249706,1
2020-02-28,pl1s,0,0.3048035644155726,1
2020-02-28,si1s,1,0.24795194505266693,1
2020-03-02,pl1s,1,0.1389254889893397,1
2020-03-02,si1s,1,0.10765152911981829,1
2020-03-03,si1s,0,0.042044145001293734,1
2020-03-03,pl1s,1,0.05764318256775847,1
2020-03-04,si1s,0,0.025322865374351328,1
2020-03-04,pl1s,0,0.054061548312340224,1
2020-03-05,si1s,0,0.024850651123384866,1
2020-03-05,pl1s,1,0.03305214461677812,1
2020-03-06,si1s,0,0.025533302512426557,1
2020-03-06,pl1s,0,0.03666089903000558,1
2020-03-09,pl1s,1,0.054604680600053974,1
2020-03-09,si1s,0,0.06345626870538941,1
2020-03-10,si1s,0,0.06401817774174663,1
2020-03-10,pl1s,0,0.0880977585119216,1
2020-03-11,pl1s,0,0.07874276661365086,1
2020-03-11,si1s,0,0.06590797369795892,1
2020-03-12,si1s,0,0.05099800681580148,1
2020-03-12,pl1s,0,0.03832443543888015,1
2020-03-13,si1s,0,0.059941673197550685,1
2020-03-13,pl1s,0,0.1142105214485079,1
2020-03-16,si1s,0,0.042192965264027674,1
2020-03-16,pl1s,1,0.12720847035030783,1
2020-03-16,gc1s,1,0.10084340694806067,1
2020-03-17,si1s,0,0.1444519606409214,1
2020-03-17,pl1s,0,0.3712324450387282,1
2020-03-18,gc1s,1,0.1891284154757102,1
2020-03-18,si1s,1,0.20966648304669586,1
2020-03-18,pl1s,0,0.4174646701098251,1
2020-03-19,si1s,1,0.18077963491891208,1
2020-03-19,pl1s,1,0.5380150633802174,1
2020-03-19,gc1s,1,0.5727169176417758,1
2020-03-20,si1s,1,0.035058964743339104,1
2020-03-20,pl1s,1,0.13110528952783104,1
2020-03-20,gc1s,1,0.11671258785812932,1
2020-03-23,pl1s,1,0.47810400377004614,1
2020-03-23,si1s,1,0.11294487260474036,1
2020-03-24,si1s,1,0.04088207412758729,1
2020-03-24,pl1s,0,0.14926521432228126,1
2020-03-25,pl1s,1,0.030220902072739225,1
2020-03-25,gc1s,0,0.06507338185154377,1
2020-03-26,gc1s,1,0.004313004597843593,1
2020-03-26,si1s,0,0.03735909792409122,1
2020-03-26,pl1s,0,0.02913021733432389,1
2020-03-27,gc1s,1,0.052558958586683295,1
2020-03-27,si1s,0,0.07618713198708003,1
2020-03-27,pl1s,1,0.04564307676690832,1
2020-03-30,gc1s,1,0.0605602912762489,1
2020-03-30,si1s,0,0.05613681151059736,1
2020-03-30,pl1s,0,0.06467335927659211,1
2020-03-31,pl1s,1,0.055335078515602695,1
2020-03-31,gc1s,0,0.14599205433099366,1
2020-03-31,si1s,0,0.01730347964099671,1
2020-04-01,gc1s,0,0.15081864042142734,1
2020-04-01,si1s,0,0.01411990004235035,1
2020-04-02,pl1s,1,0.19643520716802634,1
2020-04-02,gc1s,0,0.21641858486786836,1
2020-04-02,si1s,0,0.08694869967505549,1
2020-04-03,pl1s,1,0.33729493429521923,1
2020-04-03,gc1s,0,0.4457259730496849,1
2020-04-03,si1s,0,0.1823741336269079,1
2020-04-06,pl1s,1,0.4633910599692005,1
2020-04-06,si1s,0,0.3707343151788069,1
2020-04-07,si1s,0,0.4255968305788474,1
2020-04-08,si1s,0,0.38095221269258206,1
2020-04-08,pl1s,1,0.6624014318824368,1
2020-04-09,pl1s,1,0.310237638080056,1
2020-04-09,si1s,1,0.2975870983141882,1
2020-04-13,pl1s,1,0.271319393547559,1
2020-04-13,si1s,0,0.15836620060907364,1
2020-04-13,gc1s,1,0.4221753162136484,1
2020-04-14,si1s,1,0.16471932326271008,1
2020-04-15,pl1s,1,0.17610104949454788,1
2020-04-15,gc1s,1,0.24328710133240403,1
2020-04-15,si1s,1,0.10820567465125726,1
2020-04-16,pl1s,1,0.4205936404379338,1
2020-04-16,gc1s,1,0.3319733717337072,1
2020-04-16,si1s,1,0.17964865624805643,1
2020-04-17,si1s,0,0.13732364477248615,1
2020-04-17,gc1s,0,0.37556962525301246,1
2020-04-17,pl1s,0,0.4431256767119165,1
2020-04-20,gc1s,0,0.3281859483748664,1
2020-04-20,si1s,1,0.07822139653606296,1
2020-04-21,pl1s,0,0.2342025394058218,1
2020-04-22,pl1s,0,0.39150276575446713,1
2020-04-22,si1s,0,0.3433380849219432,1
2020-04-23,si1s,0,0.36984058916905677,1
2020-04-23,pl1s,1,0.4858760456207496,1
2020-04-24,si1s,1,0.4437167587971473,1
2020-04-27,pl1s,1,0.7779930822588018,1
2020-04-27,gc1s,0,0.6333857886131402,1
2020-04-28,gc1s,0,0.525446429519178,1
2020-04-29,pl1s,0,0.36698811485819727,1
2020-04-29,si1s,1,0.35584299057258023,1
2020-04-30,pl1s,1,0.46812645205053155,1
2020-04-30,si1s,0,0.3999692291968461,1
2020-05-01,pl1s,0,0.5506076622213993,1
2020-05-01,si1s,0,0.3725182871200971,1
2020-05-04,si1s,1,0.37215973215486875,1
2020-05-05,si1s,1,0.273901068554892,1
2020-05-06,gc1s,1,0.5897451053210532,1
2020-05-06,si1s,1,0.33231987878984465,1
2020-05-07,gc1s,0,0.6345553895187022,1
2020-05-07,si1s,0,0.2535657315462186,1
2020-05-08,si1s,0,0.22820363843077127,1
2020-05-08,pl1s,1,0.5906396022691008,1
2020-05-11,si1s,1,0.4482763189625346,1
2020-05-11,pl1s,1,0.6679406280265868,1
2020-05-12,si1s,1,0.40405459137906674,1
2020-05-12,pl1s,0,0.7962657333657168,1
2020-05-13,si1s,1,0.3705220789515613,1
2020-05-13,pl1s,1,0.6815149448580924,1
2020-08-20,si1s,0,0.2946512223078789,1
2020-08-20,gc1s,0,0.6613636858220352,1
2020-08-20,pl1s,0,0.6953035949929612,1
2020-08-21,pl1s,0,0.7225463328064349,1
2020-08-21,gc1s,0,0.6769991364326235,1
2020-08-21,si1s,0,0.22194451809709356,1
2020-08-24,pl1s,1,0.6775941496947637,1
2020-08-24,gc1s,0,0.6707231107827207,1
2020-08-25,pl1s,1,0.5692636831716267,1
2020-08-25,si1s,1,0.4577531531243205,1
2020-08-26,pl1s,0,0.4307322723369906,1
2020-08-27,pl1s,1,0.7550049292740537,1
2020-08-27,si1s,0,0.19968567999559705,1
2020-08-28,pl1s,1,0.48364035880642825,1
2020-08-28,si1s,0,0.3080985195723688,1
2020-08-31,pl1s,1,0.6768921550473127,1
2020-08-31,si1s,1,0.20773337540024767,1
2020-09-01,si1s,1,0.22019574432925357,1
2020-09-01,pl1s,0,0.36710739725978525,1
2020-09-02,si1s,1,0.24264385177502062,1
2020-09-02,pl1s,0,0.5949759800375143,1
2020-09-03,si1s,0,0.5086130916972296,1
2020-09-03,pl1s,1,0.7403084841871842,1
2020-09-04,si1s,0,0.4850233751891044,1
2020-09-04,pl1s,1,0.7977638731555847,1
2020-09-08,si1s,0,0.5312812472385033,1
2020-09-08,pl1s,1,0.6307420360598479,1
2020-09-09,pl1s,1,0.4871671288200495,1
2020-09-10,si1s,0,0.4579209159922503,1
2020-09-11,si1s,1,0.43955096839759766,1
2020-09-14,si1s,0,0.5194319143211705,1
2020-09-14,pl1s,0,0.2932297708968314,1
2020-09-15,pl1s,1,0.12308005217356784,1
2020-09-15,si1s,0,0.40886313322344486,1
2020-09-16,pl1s,0,0.11732830718098934,1
2020-09-16,si1s,0,0.375501167893192,1
2020-09-17,pl1s,1,0.3445632047306183,1
2020-09-17,si1s,0,0.43375586572257235,1
2020-09-18,pl1s,0,0.6324279877171087,1
2020-09-18,si1s,0,0.49377385115739436,1
2020-09-21,si1s,1,0.28561105002700704,1
2020-09-21,pl1s,0,0.7375471562045003,1
2020-09-22,si1s,1,0.4756699940452702,1
2020-09-22,pl1s,0,0.8306043811531534,1
2020-09-23,gc1s,1,0.7120845050333087,1
2020-09-24,si1s,1,0.29409942063235733,1
2020-09-24,gc1s,0,0.7782520248744514,1
2020-09-25,pl1s,1,0.7823420258842406,1
2020-09-25,gc1s,1,0.6627992282339178,1
2020-09-28,gc1s,1,0.6617914057406868,1
2020-09-28,si1s,0,0.224865171995424,1
2020-09-28,pl1s,1,0.7392486390670584,1
2020-09-29,gc1s,0,0.5280538975101208,1
2020-09-29,si1s,1,0.2739010297720354,1
2020-09-30,pl1s,0,0.47968257778897955,1
2020-09-30,gc1s,1,0.5967690336835164,1
2020-09-30,si1s,1,0.24556807310843032,1
2020-10-01,pl1s,0,0.478496320590363,1
2020-10-02,si1s,1,0.3228638497388188,1
2020-10-02,pl1s,1,0.6948927776620605,1
2020-10-05,pl1s,0,0.7552800597038657,1
2020-10-05,si1s,1,0.5261258514501417,1
2020-10-06,pl1s,0,0.5380662752830945,1
2020-10-06,si1s,1,0.4590257392050848,1
2020-10-07,pl1s,0,0.7200130598048176,1
2020-10-07,si1s,1,0.620198205005029,1
2020-10-08,pl1s,1,0.7328268135211352,1
2020-10-08,si1s,1,0.37559912629723424,1
2020-10-09,si1s,1,0.545526943799811,1
2020-10-09,pl1s,0,0.5163173956004804,1
2020-10-12,pl1s,0,0.4448329721500698,1
2020-10-12,si1s,1,0.4559157299944406,1
2020-10-13,pl1s,0,0.4795541614064469,1
2020-10-14,si1s,0,0.4562435918067332,1
2020-10-14,pl1s,0,0.3737760157298781,1
2020-10-15,pl1s,1,0.3530118044825096,1
2020-10-16,si1s,0,0.3495995724812175,1
2020-10-16,pl1s,0,0.3730861623962444,1
2020-10-19,gc1s,0,0.22537052092763163,1
2020-10-19,si1s,0,0.35791677054649484,1
2020-10-19,pl1s,1,0.30512802686143264,1
2020-10-20,pl1s,1,0.2753551752047851,1
2020-10-20,si1s,0,0.4589659564477743,1
2020-10-20,gc1s,0,0.16702333086890905,1
2020-10-21,gc1s,0,0.2528504849214338,1
2020-10-21,si1s,0,0.415415400336417,1
2020-10-21,pl1s,0,0.1695082555258776,1
2020-10-22,gc1s,0,0.31273904139565634,1
2020-10-22,pl1s,1,0.2235919218674078,1
2020-10-22,si1s,0,0.3715373265158167,1
2020-10-23,pl1s,0,0.22517823599187403,1
2020-10-23,gc1s,0,0.4189552342482755,1
2020-10-23,si1s,0,0.4104209223167542,1
2020-10-26,gc1s,0,0.19525489756897813,1
2020-10-26,pl1s,1,0.14578163332626107,1
2020-10-26,si1s,0,0.3022468006945871,1
2020-10-27,gc1s,0,0.16550942981292607,1
2020-10-27,pl1s,0,0.34757796692610576,1
2020-10-27,si1s,0,0.36622097783778157,1
2020-10-28,si1s,1,0.22160149237898463,1
2020-10-28,pl1s,0,0.13193088132914602,1
2020-10-28,gc1s,0,0.1130344264356564,1
2020-10-29,si1s,1,0.1981456944096119,1
2020-10-29,pl1s,0,0.2559428921154682,1
2020-10-29,gc1s,1,0.13288888167807372,1
2020-10-30,gc1s,1,0.19612619423061886,1
2020-10-30,pl1s,1,0.3408275848565261,1
2020-10-30,si1s,1,0.23314415103162897,1
2020-11-02,pl1s,1,0.23002823294967192,1
2020-11-02,si1s,0,0.2270680595368671,1
2020-11-03,gc1s,0,0.1930561467895775,1
2020-11-03,si1s,1,0.3519067162013948,1
2020-11-03,pl1s,0,0.14909174324512062,1
2020-11-04,si1s,1,0.7054572930634662,1
2020-11-04,pl1s,1,0.15925333203599118,1
2020-11-04,gc1s,1,0.06515510217866266,1
2020-11-05,pl1s,0,0.09147593679064804,1
2020-11-05,si1s,0,0.2667048199148214,1
2020-11-06,si1s,1,0.24065992390372912,1
2020-11-06,pl1s,0,0.08704309425575558,1
2020-11-09,si1s,1,0.23266014552824604,1
2020-11-09,pl1s,1,0.1544525372871676,1
2020-11-10,si1s,0,0.45544058147488853,1
2020-11-10,pl1s,0,0.19920548315534037,1
2020-11-10,gc1s,0,0.2735447594048395,1
2020-11-11,si1s,1,0.49181113194659093,1
2020-11-11,pl1s,1,0.3803014018175145,1
2020-11-12,si1s,0,0.30692969824448035,1
2020-11-12,pl1s,1,0.3090687392318361,1
2020-11-12,gc1s,0,0.40090442547489585,1
2020-11-13,si1s,0,0.30238638123966904,1
2020-11-13,pl1s,1,0.28248418345004217,1
2020-11-16,pl1s,1,0.3075834691448772,1
2020-11-16,si1s,0,0.5609940372543591,1
2020-11-17,pl1s,1,0.1349506403677782,1
2020-11-17,si1s,1,0.200179347307199,1
2020-11-18,pl1s,1,0.2522956129479131,1
2020-11-18,si1s,0,0.33787620703102356,1
2020-11-19,si1s,0,0.22220725579946055,1
2020-11-19,pl1s,1,0.22056771898535302,1
2020-11-19,gc1s,0,0.34773134414902723,1
2020-11-20,pl1s,0,0.24467331620020047,1
2020-11-20,si1s,0,0.22978207379394722,1
2020-11-23,gc1s,0,0.3750906483945487,1
2020-11-23,pl1s,1,0.29365821265056713,1
2020-11-23,si1s,0,0.1989245691217254,1
2020-11-24,gc1s,0,0.901680903154718,1
2020-11-24,pl1s,1,0.40394465545770764,1
2020-11-24,si1s,0,0.4433840226183854,1
2020-11-25,gc1s,0,0.7404580484444782,1
2020-01-30,pl1s,0,0.0701187530228394,2
2020-01-30,si1s,1,0.02236896195738515,2
2020-01-31,pl1s,1,0.10574518138386119,2
2020-01-31,si1s,1,0.0069839716952194405,2
2020-02-03,si1s,0,0.015226573725597445,2
2020-02-03,pl1s,0,0.060886729098478816,2
2020-02-04,pl1s,1,0.6322653602311786,2
2020-02-04,si1s,0,0.01206297494479586,2
2020-02-05,pl1s,0,0.35687606544361095,2
2020-02-05,si1s,1,0.049644051093124884,2
2020-02-06,pl1s,1,0.4671714678457725,2
2020-02-06,si1s,0,0.1265467529959892,2
2020-02-07,pl1s,0,0.5445455704537784,2
2020-02-07,si1s,0,0.13616683348867822,2
2020-02-10,pl1s,1,0.5356739557292489,2
2020-02-11,pl1s,0,0.32560749649552306,2
2020-02-11,si1s,0,0.9909898031827472,2
2020-02-12,pl1s,1,0.4122002672913728,2
2020-02-12,si1s,0,0.9935188928333529,2
2020-02-13,si1s,1,0.9953896330707652,2
2020-02-13,pl1s,0,0.1264840691364082,2
2020-02-14,pl1s,1,0.15850587917573078,2
2020-02-14,si1s,1,0.9965948413603608,2
2020-02-18,pl1s,1,0.2191919427907173,2
2020-02-19,si1s,0,0.9980740428216277,2
2020-02-20,pl1s,0,0.22386379361473455,2
2020-02-20,si1s,0,0.9985974434552397,2
2020-02-21,pl1s,0,0.1350196616981984,2
2020-02-21,si1s,0,0.9985072457170154,2
2020-02-24,pl1s,0,0.051800561358527564,2
2020-02-24,si1s,1,0.999082995909809,2
2020-02-25,pl1s,0,0.45148479679511144,2
2020-02-25,si1s,1,0.9512295250896132,2
2020-02-26,pl1s,0,0.6316031272052112,2
2020-02-26,si1s,1,0.450716490273224,2
2020-02-27,si1s,1,0.2501335304603315,2
2020-02-27,pl1s,0,0.6726057797739046,2
2020-02-28,pl1s,0,0.9494747864294552,2
2020-02-28,si1s,1,0.7764457142346884,2
2020-03-02,pl1s,1,0.09967637603233541,2
2020-03-02,si1s,1,0.04140112066667109,2
2020-03-03,si1s,0,0.010033359511611412,2
2020-03-03,pl1s,1,0.01024576865109368,2
2020-03-04,si1s,0,0.010055576904935472,2
2020-03-04,pl1s,0,0.005903251997637577,2
2020-03-05,si1s,0,0.008188231772119465,2
2020-03-05,pl1s,1,0.0063019403578933745,2
2020-03-06,si1s,0,0.006470322723126005,2
2020-03-06,pl1s,0,0.007143498995494794,2
2020-03-09,pl1s,1,0.0011524892235038533,2
2020-03-09,si1s,0,0.001772543083451615,2
2020-03-10,si1s,0,0.007818440099452843,2
2020-03-10,pl1s,0,0.018811617947013966,2
2020-03-11,pl1s,0,0.021176937506450295,2
2020-03-11,si1s,0,0.010509673076029584,2
2020-03-12,si1s,0,0.061412486932545106,2
2020-03-12,pl1s,0,0.08793424200155768,2
2020-03-13,si1s,0,0.08524602314197237,2
2020-03-13,pl1s,0,0.8143490727310658,2
2020-03-16,si1s,0,0.46541284370655384,2
2020-03-16,pl1s,1,0.9902735456151949,2
2020-03-16,gc1s,1,0.7465553701805929,2
2020-03-17,si1s,0,0.8907436316177811,2
2020-03-17,pl1s,0,0.9988931145637212,2
2020-03-18,gc1s,1,0.9277168970978371,2
2020-03-18,si1s,1,0.9494596424178247,2
2020-03-18,pl1s,0,0.9989055321282019,2
2020-03-19,si1s,1,0.8275913948293268,2
2020-03-19,pl1s,1,0.9985729721596955,2
2020-03-19,gc1s,1,0.984143520863114,2
2020-03-20,si1s,1,0.013171063421895255,2
2020-03-20,pl1s,1,0.8649845981389664,2
2020-03-20,gc1s,1,0.4474289999053887,2
2020-03-23,pl1s,1,0.9591091597998672,2
2020-03-23,si1s,1,0.05345756301193846,2
2020-03-24,si1s,1,0.018180879838973152,2
2020-03-24,pl1s,0,0.3709175893752294,2
2020-03-25,pl1s,1,0.011501463506376874,2
2020-03-25,gc1s,0,0.02715127196399792,2
2020-03-26,gc1s,1,0.02365773524959903,2
2020-03-26,si1s,0,0.0012770644646408803,2
2020-03-26,pl1s,0,0.01778994369132389,2
2020-03-27,gc1s,1,0.014224411825426183,2
2020-03-27,si1s,0,0.0010668388035621511,2
2020-03-27,pl1s,1,0.005573332618645517,2
2020-03-30,gc1s,1,0.039252673756526864,2
2020-03-30,si1s,0,0.005994440173536921,2
2020-03-30,pl1s,0,0.014038085668623704,2
2020-03-31,pl1s,1,0.006671449257490943,2
2020-03-31,gc1s,0,0.005651294300647199,2
2020-03-31,si1s,0,0.003218293947583131,2
2020-04-01,gc1s,0,0.0036411166631970704,2
2020-04-01,si1s,0,0.0033268946907586746,2
2020-04-02,pl1s,1,0.04820030273581,2
2020-04-02,gc1s,0,0.09687344157655754,2
2020-04-02,si1s,0,0.045831506410280796,2
2020-04-03,pl1s,1,0.2335049903314486,2
2020-04-03,gc1s,0,0.39627270817196053,2
2020-04-03,si1s,0,0.5036286339405927,2
2020-04-06,pl1s,1,0.6680706334996264,2
2020-04-06,si1s,0,0.9175432564167707,2
2020-04-07,si1s,0,0.9692906222297142,2
2020-04-08,si1s,0,0.9798332108508337,2
2020-04-08,pl1s,1,0.9818812910787486,2
2020-04-09,pl1s,1,0.6299346325176884,2
2020-04-09,si1s,1,0.9532661398022028,2
2020-04-13,pl1s,1,0.6954661551184852,2
2020-04-13,si1s,0,0.8553097905826997,2
2020-04-13,gc1s,1,0.6027686912356368,2
2020-04-14,si1s,1,0.5536094964998214,2
2020-04-15,pl1s,1,0.15405837471462472,2
2020-04-15,gc1s,1,0.06967118467221921,2
2020-04-15,si1s,1,0.0664077076515551,2
2020-04-16,pl1s,1,0.08214644851821258,2
2020-04-16,gc1s,1,0.08540755367162219,2
2020-04-16,si1s,1,0.03591468519340796,2
2020-04-17,si1s,0,0.03832038101803541,2
2020-04-17,gc1s,0,0.03007338988327263,2
2020-04-17,pl1s,0,0.17219842558485102,2
2020-04-20,gc1s,0,0.06645548449625076,2
2020-04-20,si1s,1,0.018433246716966778,2
2020-04-21,pl1s,0,0.3230872453687092,2
2020-04-22,pl1s,0,0.31189668057903464,2
2020-04-22,si1s,0,0.3183101254595531,2
2020-04-23,si1s,0,0.2016575240498312,2
2020-04-23,pl1s,1,0.3026893382906627,2
2020-04-24,si1s,1,0.2588610065723179,2
2020-04-27,pl1s,1,0.89866016861515,2
2020-04-27,gc1s,0,0.7933788995754538,2
2020-04-28,gc1s,0,0.6347044164141248,2
2020-04-29,pl1s,0,0.41959152280227563,2
2020-04-29,si1s,1,0.4645057011237208,2
2020-04-30,pl1s,1,0.5871173361044105,2
2020-04-30,si1s,0,0.6164238637663254,2
2020-05-01,pl1s,0,0.47059734001240244,2
2020-05-01,si1s,0,0.13043188608719825,2
2020-05-04,si1s,1,0.2828716969321568,2
2020-05-05,si1s,1,0.4121124750587036,2
2020-05-06,gc1s,1,0.6471777942415412,2
2020-05-06,si1s,1,0.6340933185904696,2
2020-05-07,gc1s,0,0.8134165713094641,2
2020-05-07,si1s,0,0.30789511545819076,2
2020-05-08,si1s,0,0.29194624819792925,2
2020-05-08,pl1s,1,0.6376121644342371,2
2020-05-11,si1s,1,0.7383515767955824,2
2020-05-11,pl1s,1,0.9025528682673583,2
2020-05-12,si1s,1,0.4875416652114845,2
2020-05-12,pl1s,0,0.9089044292542323,2
2020-05-13,si1s,1,0.19898542104439887,2
2020-05-13,pl1s,1,0.7612456970468495,2
2020-11-25,si1s,0,0.16865488122369734,2
2020-11-27,gc1s,0,0.2907685071902527,2
2020-11-27,si1s,1,0.2162173453733562,2
2020-11-30,gc1s,1,0.2093352191022059,2
2020-11-30,si1s,1,0.3613215993485898,2
2020-12-01,gc1s,1,0.24116937611327094,2
2020-12-01,pl1s,0,0.5776135494553675,2
2020-12-02,pl1s,0,0.7057511214246434,2
2020-12-02,gc1s,1,0.21405976232426585,2
2020-12-03,pl1s,0,0.7801386726876076,2
2020-12-03,si1s,1,0.45518340875588764,2
2020-12-04,si1s,1,0.006443777261161648,2
2020-12-04,pl1s,1,0.6796859394589497,2
2020-12-07,pl1s,1,0.4882941961923805,2
2020-12-07,si1s,0,0.06311594556558757,2
2020-12-08,si1s,0,0.06350674882311931,2
2020-12-08,pl1s,1,0.03864372453508427,2
2020-12-09,pl1s,0,0.07164869982928401,2
2020-12-09,si1s,1,0.027697726414782405,2
2020-12-10,pl1s,1,0.04455001284786299,2
2020-12-10,si1s,1,0.008112049525239242,2
2020-12-11,si1s,1,0.018628136339208633,2
2020-12-11,pl1s,1,0.0778221090757204,2
2020-12-14,si1s,1,0.0325125998766713,2
2020-12-14,pl1s,0,0.06469343440576975,2
2020-12-14,gc1s,1,0.004338607957862516,2
2020-12-15,si1s,1,0.06676007609507727,2
2020-12-15,gc1s,1,0.008796813884988926,2
2020-12-15,pl1s,1,0.19315416776462305,2
2020-12-16,pl1s,0,0.3507404919255465,2
2020-12-16,gc1s,1,0.014529306414558848,2
2020-12-16,si1s,1,0.3238175617539347,2
2020-12-17,si1s,0,0.4686644479255725,2
2020-12-17,pl1s,1,0.36814658744854656,2
2020-12-18,pl1s,1,0.36222445431802147,2
2020-12-18,si1s,0,0.2715938384617766,2
2020-12-21,pl1s,1,0.891313094336789,2
2020-12-21,si1s,0,0.8206455550587038,2
2020-12-22,pl1s,0,0.8148039637605312,2
2020-12-22,si1s,1,0.8305835239019929,2
2020-12-23,pl1s,0,0.766902627313146,2
2020-12-23,si1s,1,0.4720860198098498,2
2020-12-24,si1s,1,0.3330395899411394,2
2020-12-24,gc1s,1,0.11426273825531234,2
2020-12-24,pl1s,0,0.5878940377743148,2
2020-12-28,pl1s,0,0.7395089959213833,2
2020-12-28,gc1s,1,0.08330635867969328,2
2020-12-28,si1s,0,0.703001688306678,2
2020-12-29,si1s,1,0.46360694186131707,2
2020-12-29,pl1s,0,0.7820474180396043,2
2020-12-29,gc1s,1,0.05603034500871276,2
2020-12-30,pl1s,0,0.5070117433087102,2
2020-12-30,gc1s,1,0.034447991888037995,2
2020-12-30,si1s,0,0.2962538297000782,2
2020-12-31,si1s,1,0.3528822586980991,2
2020-12-31,pl1s,1,0.5694701600034727,2
2020-12-31,gc1s,1,0.03372426033121721,2
2021-01-04,si1s,0,0.4562824656165289,2
2021-01-04,pl1s,1,0.8430102256372436,2
2021-01-04,gc1s,0,0.03346500342133401,2
2021-01-05,si1s,1,0.6919855020191912,2
2021-01-05,pl1s,0,0.5983059768029378,2
2021-01-07,pl1s,1,0.5087072687323642,2
2021-01-08,pl1s,0,0.9259685302462299,2
2021-01-08,si1s,0,0.9656480137899283,2
2021-01-11,pl1s,1,0.9708203753101914,2
2021-01-12,pl1s,0,0.8932078487425066,2
2021-01-12,si1s,0,0.5270901031225659,2
2021-01-13,pl1s,0,0.6853564730055614,2
2021-01-13,si1s,0,0.5192447310491988,2
2021-01-14,pl1s,1,0.47821948394251423,2
2021-01-14,si1s,1,0.2141629203591978,2
2021-01-15,pl1s,0,0.623303735672024,2
2021-01-15,si1s,0,0.18292158604100614,2
2021-01-19,si1s,0,0.577785147534289,2
2021-01-19,pl1s,0,0.7783400127522977,2
2021-01-20,si1s,0,0.5181540797636293,2
2021-01-20,pl1s,0,0.7249114485752777,2
2021-01-20,gc1s,1,0.1001443316338173,2
2021-01-21,pl1s,1,0.7656910878829511,2
2021-01-21,gc1s,1,0.22040999142420434,2
2021-01-21,si1s,0,0.2127172842009247,2
2021-01-22,pl1s,1,0.620590437250549,2
2021-01-22,si1s,0,0.14040767971115356,2
2021-01-25,pl1s,0,0.7141534105344393,2
2021-01-25,si1s,0,0.19673451350491677,2
2021-01-26,si1s,0,0.26543211625795976,2
2021-01-26,pl1s,1,0.6959020656911324,2
2021-01-27,si1s,0,0.34078683196082094,2
2021-01-28,si1s,0,0.8286481094295933,2
2021-01-28,pl1s,1,0.8349563183613099,2
2021-01-29,pl1s,1,0.9204773818926816,2
2021-02-01,pl1s,1,0.7756238111798192,2
2021-02-01,si1s,1,0.3733596510103261,2
2021-02-02,pl1s,1,0.7322824431737481,2
2021-02-03,si1s,0,0.23423421288221874,2
2021-02-04,pl1s,1,0.8284940887224346,2
2021-02-04,si1s,1,0.14115798204529567,2
2021-02-04,gc1s,1,0.601689020382393,2
2021-02-05,pl1s,1,0.6315964697549199,2
2021-02-05,si1s,1,0.05335943739536102,2
2021-02-08,si1s,0,0.16150440715516715,2
2021-02-08,pl1s,1,0.6436320606389468,2
2021-02-09,pl1s,0,0.513923661420505,2
2021-02-09,si1s,0,0.20848511560404276,2
2021-02-10,pl1s,0,0.6745610302638203,2
2021-02-10,si1s,0,0.1185784620290275,2
2021-02-11,pl1s,0,0.5364546750469478,2
2021-02-11,si1s,0,0.04801840816422212,2
2021-02-12,pl1s,0,0.6950932920117615,2
2021-02-12,si1s,0,0.017147942088240428,2
2021-02-16,pl1s,1,0.6153659840030623,2
2021-02-16,si1s,0,0.27258873138094303,2
2021-02-17,si1s,0,0.19370601783017144,2
2021-02-17,pl1s,0,0.5548081380841807,2
2021-02-18,pl1s,0,0.31701746431064387,2
2021-02-18,si1s,0,0.03299748637455938,2
2021-02-19,pl1s,1,0.34900252424769196,2
2021-02-19,gc1s,1,0.06465410705425798,2
2021-02-19,si1s,0,0.050769371020576284,2
2021-02-22,pl1s,1,0.11998815973557056,2
2021-02-22,si1s,1,0.18312209734103937,2
2021-02-23,si1s,1,0.23843063046332824,2
2021-02-23,pl1s,0,0.27748178986540295,2
2021-02-24,si1s,0,0.11491116765043541,2
2021-02-24,pl1s,1,0.29226776986865854,2
2021-02-25,pl1s,1,0.27827275251922473,2
2021-02-26,pl1s,0,0.38015155836838554,2
2021-02-26,gc1s,0,0.21262340116469944,2
2021-02-26,si1s,0,0.10421127428247261,2
2021-03-01,pl1s,0,0.2432267776881292,2
2021-03-01,si1s,1,0.10109744519028983,2
2021-03-01,gc1s,0,0.0405483090546361,2
2021-03-02,gc1s,0,0.03513290433367131,2
2021-03-02,si1s,0,0.17357931867258541,2
2021-03-02,pl1s,1,0.30675736797018655,2
2021-03-03,gc1s,0,0.11130018987847576,2
2021-03-03,si1s,0,0.4159163291729975,2
2021-03-03,pl1s,0,0.605650845404277,2
2021-03-04,si1s,0,0.533946948021719,2
2021-03-04,gc1s,0,0.16810654458412438,2
2021-03-04,pl1s,0,0.929569523063254,2
2021-03-05,pl1s,1,0.9118786849780595,2
2021-03-05,si1s,0,0.2855496493821217,2
2021-03-05,gc1s,0,0.5127868339382088,2
2021-03-08,gc1s,1,0.6194982044487838,2
2021-03-08,si1s,0,0.3536737447666181,2
2021-03-08,pl1s,1,0.9370971974656701,2
2021-03-09,pl1s,1,0.976207448242272,2
2021-03-09,gc1s,1,0.1883779470591241,2
2020-01-30,pl1s,0,0.3253516977115426,3
2020-01-30,si1s,1,0.18413187836379116,3
2020-01-31,pl1s,1,0.3401125199726732,3
2020-01-31,si1s,1,0.15313078270552016,3
2020-02-03,si1s,0,0.12056042545632192,3
2020-02-03,pl1s,0,0.32001974203441397,3
2020-02-04,pl1s,1,0.34838544592156545,3
2020-02-04,si1s,0,0.16439970955808433,3
2020-02-05,pl1s,0,0.4730815096247192,3
2020-02-05,si1s,1,0.28986956660633945,3
2020-02-06,pl1s,1,0.5547559205285209,3
2020-02-06,si1s,0,0.4047531379479884,3
2020-02-07,pl1s,0,0.4711812050082242,3
2020-02-07,si1s,0,0.3740133232391557,3
2020-02-10,pl1s,1,0.38909917927803317,3
2020-02-11,pl1s,0,0.3237121444513109,3
2020-02-11,si1s,0,0.8809671606838719,3
2020-02-12,pl1s,1,0.36164089485153467,3
2020-02-12,si1s,0,0.8734775704231478,3
2020-02-13,si1s,1,0.9165545962320061,3
2020-02-13,pl1s,0,0.3974542566390562,3
2020-02-14,pl1s,1,0.38296911563275693,3
2020-02-14,si1s,1,0.9498429691469863,3
2020-02-18,pl1s,1,0.329568963620225,3
2020-02-19,si1s,0,0.8593494758050706,3
2020-02-20,pl1s,0,0.2936152644934958,3
2020-02-20,si1s,0,0.8836471693454829,3
2020-02-21,pl1s,0,0.3197205021092195,3
2020-02-21,si1s,0,0.8699905298540163,3
2020-02-24,pl1s,0,0.198047896981129,3
2020-02-24,si1s,1,0.909810031029929,3
2020-02-25,pl1s,0,0.27296547279798944,3
2020-02-25,si1s,1,0.12302190396836886,3
2020-02-26,pl1s,0,0.32920626014996257,3
2020-02-26,si1s,1,0.20695037421681925,3
2020-02-27,si1s,1,0.05716863242763828,3
2020-02-27,pl1s,0,0.30957517855492045,3
2020-02-28,pl1s,0,0.2065539985128684,3
2020-02-28,si1s,1,0.07021984412660154,3
2020-03-02,pl1s,1,0.016391965884376605,3
2020-03-02,si1s,1,0.005899260610285273,3
2020-03-03,si1s,0,0.0033436736898041163,3
2020-03-03,pl1s,1,0.012233968130330296,3
2020-03-04,si1s,0,0.0019908163430783087,3
2020-03-04,pl1s,0,0.018374012599177876,3
2020-03-05,si1s,0,0.0012752294023864329,3
2020-03-05,pl1s,1,0.02067015678559717,3
2020-03-06,si1s,0,0.002565681954975422,3
2020-03-06,pl1s,0,0.04361961344076498,3
2020-03-09,pl1s,1,0.004115007023073437,3
2020-03-09,si1s,0,0.0013536422569454967,3
2020-03-10,si1s,0,0.0022755424344911793,3
2020-03-10,pl1s,0,0.0068548947133869696,3
2020-03-11,pl1s,0,0.010044630390638491,3
2020-03-11,si1s,0,0.0019263132358748312,3
2020-03-12,si1s,0,0.001629145537997428,3
2020-03-12,pl1s,0,0.0032824056374984455,3
2020-03-13,si1s,0,0.012132222285409215,3
2020-03-13,pl1s,0,0.05238665002602302,3
2020-03-16,si1s,0,0.011899432291408355,3
2020-03-16,pl1s,1,0.08206407417363434,3
2020-03-16,gc1s,1,0.027198565139593033,3
2020-03-17,si1s,0,0.023238245918042296,3
2020-03-17,pl1s,0,0.09258814067167902,3
2020-03-18,gc1s,1,0.17114031169852464,3
2020-03-18,si1s,1,0.04016082861674892,3
2020-03-18,pl1s,0,0.19570991841660684,3
2020-03-19,si1s,1,0.07575084181672588,3
2020-03-19,pl1s,1,0.4383995701702187,3
2020-03-19,gc1s,1,0.20532237543371964,3
2020-03-20,si1s,1,0.01752129619623896,3
2020-03-20,pl1s,1,0.17587440152066497,3
2020-03-20,gc1s,1,0.18664870299522116,3
2020-03-23,pl1s,1,0.3129722552076214,3
2020-03-23,si1s,1,0.05322413399930709,3
2020-03-24,si1s,1,0.02014232218225921,3
2020-03-24,pl1s,0,0.08372767427830487,3
2020-03-25,pl1s,1,0.029810409476829745,3
2020-03-25,gc1s,0,0.052845988857862534,3
2020-03-26,gc1s,1,0.009620307362426576,3
2020-03-26,si1s,0,0.0035455450421916085,3
2020-03-26,pl1s,0,0.024800543299604506,3
2020-03-27,gc1s,1,0.009789175897782732,3
2020-03-27,si1s,0,0.0023346855787957136,3
2020-03-27,pl1s,1,0.011507713234211398,3
2020-03-30,gc1s,1,0.013432632432912093,3
2020-03-30,si1s,0,0.004634715566418215,3
2020-03-30,pl1s,0,0.012996113733902883,3
2020-03-31,pl1s,1,0.44428751876729633,3
2020-03-31,gc1s,0,0.46391466879055604,3
2020-03-31,si1s,0,0.31676217411450647,3
2020-04-01,gc1s,0,0.4291261014853894,3
2020-04-01,si1s,0,0.14401950183266604,3
2020-04-02,pl1s,1,0.25584759935552365,3
2020-04-02,gc1s,0,0.41197860194198455,3
2020-04-02,si1s,0,0.23323674951028595,3
2020-04-03,pl1s,1,0.2726210519602906,3
2020-04-03,gc1s,0,0.3546569696131885,3
2020-04-03,si1s,0,0.24075567721123403,3
2020-04-06,pl1s,1,0.277591614812388,3
2020-04-06,si1s,0,0.42729430499900306,3
2020-04-07,si1s,0,0.44746934220792545,3
2020-04-08,si1s,0,0.5432096370439048,3
2020-04-08,pl1s,1,0.7655283903621342,3
2020-04-09,pl1s,1,0.7540581964626126,3
2020-04-09,si1s,1,0.6912285506114295,3
2020-04-13,pl1s,1,0.39562226075068896,3
2020-04-13,si1s,0,0.42786464880158953,3
2020-04-13,gc1s,1,0.6116425335499011,3
2020-04-14,si1s,1,0.2493662935862852,3
2020-04-15,pl1s,1,0.25617552631424123,3
2020-04-15,gc1s,1,0.5125674639038592,3
2020-04-15,si1s,1,0.09984187240903426,3
2020-04-16,pl1s,1,0.24954693962211819,3
2020-04-16,gc1s,1,0.3894244970775196,3
2020-04-16,si1s,1,0.1455051217022851,3
2020-04-17,si1s,0,0.16107805095682967,3
2020-04-17,gc1s,0,0.455614525885373,3
2020-04-17,pl1s,0,0.22284358367735047,3
2020-04-20,gc1s,0,0.3641244182853522,3
2020-04-20,si1s,1,0.057195235998362674,3
2020-04-21,pl1s,0,0.2491342467722435,3
2020-04-22,pl1s,0,0.28693330443080484,3
2020-04-22,si1s,0,0.43276658432470416,3
2020-04-23,si1s,0,0.4126007363684223,3
2020-04-23,pl1s,1,0.49023139714517155,3
2020-04-24,si1s,1,0.16137625646070988,3
2020-04-27,pl1s,1,0.266412184456988,3
2020-04-27,gc1s,0,0.4491636038059243,3
2020-04-28,gc1s,0,0.5031917005170792,3
2020-04-29,pl1s,0,0.3432200840054766,3
2020-04-29,si1s,1,0.16081246863560675,3
2020-04-30,pl1s,1,0.43176770939586945,3
2020-04-30,si1s,0,0.46156647551404284,3
2020-05-01,pl1s,0,0.43906696867797546,3
2020-05-01,si1s,0,0.26336776090419806,3
2020-05-04,si1s,1,0.29475546837615335,3
2020-05-05,si1s,1,0.434895323718426,3
2020-05-06,gc1s,1,0.7230984704742358,3
2020-05-06,si1s,1,0.44607242346495524,3
2020-05-07,gc1s,0,0.833063839435543,3
2020-05-07,si1s,0,0.3895881457826454,3
2020-05-08,si1s,0,0.559989356258275,3
2020-05-08,pl1s,1,0.40224010194471943,3
2020-05-11,si1s,1,0.4497344798123844,3
2020-05-11,pl1s,1,0.34859979945285124,3
2020-05-12,si1s,1,0.35507844540818684,3
2020-05-12,pl1s,0,0.5519724763603765,3
2020-05-13,si1s,1,0.3349867643674467,3
2020-05-13,pl1s,1,0.5938868179921936,3
2021-03-09,si1s,0,0.32251147021090576,3
2021-03-10,gc1s,1,0.22877446203732205,3
2021-03-10,si1s,0,0.19403806289687667,3
2021-03-10,pl1s,1,0.3681738776535742,3
2021-03-11,si1s,0,0.21382082428068505,3
2021-03-11,pl1s,0,0.4122518037800198,3
2021-03-11,gc1s,0,0.21378211300047656,3
2021-03-12,pl1s,1,0.3881629866967806,3
2021-03-12,gc1s,1,0.2861487843235823,3
2021-03-12,si1s,1,0.38593425108535423,3
2021-03-15,gc1s,0,0.15152436312552608,3
2021-03-15,si1s,1,0.1546650094151195,3
2021-03-15,pl1s,1,0.2022430116080748,3
2021-03-16,pl1s,0,0.2546973548330689,3
2021-03-16,si1s,0,0.19903143104017984,3
2021-03-16,gc1s,0,0.21651912656594102,3
2021-03-17,pl1s,1,0.37947438112682874,3
2021-03-17,si1s,0,0.27036401282737793,3
2021-03-17,gc1s,0,0.27303735250081473,3
2021-03-18,pl1s,0,0.4381290779466381,3
2021-03-18,gc1s,0,0.33931342530852127,3
2021-03-18,si1s,1,0.3853054261389902,3
2021-03-19,gc1s,0,0.27117756893239414,3
2021-03-19,si1s,1,0.2769025315794192,3
2021-03-19,pl1s,0,0.38144698974921676,3
2021-03-22,pl1s,0,0.22208981316106452,3
2021-03-22,si1s,0,0.16337605116993897,3
2021-03-23,si1s,0,0.1643062369431542,3
2021-03-23,pl1s,1,0.19930173077852487,3
2021-03-24,si1s,0,0.22421966977262667,3
2021-03-24,pl1s,0,0.2036813754330755,3
2021-03-25,si1s,0,0.25518550284739827,3
2021-03-25,pl1s,1,0.25346921842455944,3
2021-03-26,si1s,0,0.1513520694849927,3
2021-03-26,pl1s,1,0.2465380648202874,3
2021-03-29,pl1s,0,0.28428311756147007,3
2021-03-29,si1s,0,0.1949621611052044,3
2021-03-30,pl1s,1,0.31650044298476937,3
2021-03-30,si1s,1,0.24108556776196124,3
2021-03-31,pl1s,1,0.29813250522120033,3
2021-03-31,si1s,1,0.23784488722848596,3
2021-04-01,pl1s,1,0.455003796085866,3
2021-04-01,si1s,0,0.21557565849089416,3
2021-04-05,pl1s,1,0.2786081279254459,3
2021-04-05,si1s,1,0.10340473194632148,3
2021-04-06,si1s,0,0.14358038030395312,3
2021-04-06,gc1s,0,0.2013878331603689,3
2021-04-07,pl1s,1,0.3120687774478823,3
2021-04-07,gc1s,0,0.17788233543159856,3
2021-04-07,si1s,0,0.15855347764575434,3
2021-04-08,si1s,0,0.2384281442201633,3
2021-04-08,pl1s,0,0.33378834934121565,3
2021-04-09,pl1s,0,0.2886876669096318,3
2021-04-09,gc1s,0,0.10857477788755637,3
2021-04-09,si1s,0,0.10659721768984906,3
2021-04-12,pl1s,0,0.21247120422188098,3
2021-04-12,si1s,1,0.09897031480223908,3
2021-04-13,si1s,1,0.15710596674101693,3
2021-04-13,pl1s,1,0.32982545869349555,3
2021-04-14,si1s,1,0.17879458575679186,3
2021-04-14,pl1s,1,0.32992937472634687,3
2021-04-15,pl1s,1,0.2980682806564004,3
2021-04-16,si1s,0,0.15801352411272768,3
2021-04-16,pl1s,0,0.22326461441266104,3
2021-04-20,pl1s,1,0.24570680072146403,3
2021-04-21,pl1s,0,0.3070280371091673,3
2021-04-21,si1s,1,0.15128926724447275,3
2021-04-22,pl1s,1,0.27160716542304886,3
2021-04-23,pl1s,1,0.40823452206356864,3
2021-04-26,pl1s,1,0.3214301812822496,3
2021-04-26,si1s,0,0.1503853248990274,3
2021-04-27,pl1s,0,0.38416193424288025,3
2021-04-27,si1s,1,0.22489200061250214,3
2021-04-28,si1s,0,0.2859281124069408,3
2021-04-28,pl1s,0,0.327255510126995,3
2021-04-29,pl1s,1,0.3846428607720816,3
2021-04-29,si1s,0,0.2507041202161767,3
2021-04-30,si1s,1,0.2941238044660753,3
2021-04-30,pl1s,1,0.54519459025013,3
2021-05-03,si1s,1,0.3341240781059345,3
2021-05-03,pl1s,1,0.43004144039806474,3
2021-05-04,pl1s,0,0.40367097018966336,3
2021-05-04,si1s,1,0.16613994589041026,3
2021-05-05,pl1s,1,0.4959700477076211,3
2021-05-05,si1s,1,0.2614821165248139,3
2021-05-06,si1s,0,0.3377830502247184,3
2021-05-06,pl1s,0,0.4296004678880174,3
2021-05-07,gc1s,0,0.19001025897284562,3
2021-05-07,si1s,0,0.18726813562177808,3
2021-05-07,pl1s,1,0.39742965302170863,3
2021-05-10,si1s,0,0.2432474275403594,3
2021-05-10,pl1s,0,0.4259447020782209,3
2021-05-11,pl1s,0,0.5081164965985135,3
2021-05-11,si1s,1,0.27134096222830284,3
2021-05-12,si1s,0,0.23190743745102596,3
2021-05-12,pl1s,0,0.6318099470682812,3
2021-05-12,gc1s,1,0.17381548174298708,3
2021-05-13,si1s,0,0.18679048684716038,3
2021-05-13,pl1s,1,0.6054691098746166,3
2021-05-13,gc1s,1,0.2957150385262853,3
2021-05-14,pl1s,1,0.6672230937814314,3
2021-05-14,si1s,0,0.17705257845573683,3
2021-05-17,pl1s,0,0.5302097443958084,3
2021-05-17,gc1s,1,0.25693402074116667,3
2021-05-17,si1s,1,0.20916672098366704,3
2021-05-18,pl1s,0,0.5383018410915623,3
2021-05-18,si1s,1,0.1988706529808367,3
2021-05-18,gc1s,1,0.2095296389268908,3
2021-05-19,pl1s,1,0.4939373767785884,3
2021-05-19,gc1s,0,0.128272493303199,3
2021-05-19,si1s,1,0.16502966053168297,3
2021-05-20,si1s,1,0.12496992788347142,3
2021-05-20,pl1s,0,0.4350500557189418,3
2021-05-20,gc1s,0,0.12737753410953195,3
2021-05-21,pl1s,1,0.6621398411847544,3
2021-05-21,si1s,0,0.12606882415166012,3
2021-05-24,si1s,0,0.1913333927932163,3
2021-05-24,pl1s,1,0.34812442497824003,3
2021-05-25,si1s,0,0.22020327638795667,3
2021-05-25,pl1s,1,0.33603607239644445,3
2021-05-26,pl1s,0,0.3726785254145222,3
2021-05-27,pl1s,1,0.382011995034489,3
2021-05-28,gc1s,0,0.27086069048651334,3
2021-05-28,pl1s,1,0.31478476130075794,3
2021-05-28,si1s,0,0.24500437777788875,3
2021-06-01,gc1s,0,0.4113521047170442,3
2021-06-01,si1s,0,0.29317546098044955,3
2021-06-01,pl1s,0,0.5590892406190079,3
2021-06-02,si1s,1,0.2939093659224348,3
2021-06-02,pl1s,0,0.47496441721106186,3
2021-06-03,pl1s,1,0.5550226699595284,3
2021-06-03,si1s,1,0.219468951431206,3
2021-06-04,pl1s,1,0.5818474791625929,3
2021-06-07,pl1s,0,0.34138967920369984,3
2021-06-08,pl1s,0,0.2127507248130659,3
2021-06-08,si1s,0,0.10546793294818564,3
2021-06-09,pl1s,0,0.30966394552607834,3
2021-06-09,si1s,0,0.1856518653316422,3
2021-06-10,si1s,0,0.11216244057870947,3
2021-06-11,pl1s,1,0.3369734655817463,3
2021-06-11,si1s,1,0.19741196211896378,3
2021-06-14,si1s,1,0.24001922206409554,3
2021-06-14,pl1s,0,0.29031323776993245,3
2021-06-15,si1s,0,0.21031042624024962,3
2021-06-15,pl1s,0,0.37818613724914013,3
2021-06-16,si1s,1,0.29034106702318463,3
2021-06-16,pl1s,0,0.6684542268340375,3
2021-06-17,si1s,1,0.696491106251319,3
2021-06-17,pl1s,0,0.8670227557799927,3
2021-06-18,pl1s,1,0.8296169187310983,3
2020-01-30,pl1s,0,0.3234732757716265,4
2020-01-30,si1s,1,0.2686709901206156,4
2020-01-31,pl1s,1,0.3422929702586717,4
2020-01-31,si1s,1,0.1500506887965292,4
2020-02-03,si1s,0,0.11392325230998794,4
2020-02-03,pl1s,0,0.4180569236912373,4
2020-02-04,pl1s,1,0.35571741770766313,4
2020-02-04,si1s,0,0.1486865529825282,4
2020-02-05,pl1s,0,0.47360813985472555,4
2020-02-05,si1s,1,0.40275386730648244,4
2020-02-06,pl1s,1,0.5765880033783524,4
2020-02-06,si1s,0,0.5734602979851731,4
2020-02-07,pl1s,0,0.4805161599257883,4
2020-02-07,si1s,0,0.706154140298038,4
2020-02-10,pl1s,1,0.4045757326404218,4
2020-02-11,pl1s,0,0.30274772896643154,4
2020-02-11,si1s,0,0.9994174426222966,4
2020-02-12,pl1s,1,0.30047514035455447,4
2020-02-12,si1s,0,0.9996883411678845,4
2020-02-13,si1s,1,0.9998528889635176,4
2020-02-13,pl1s,0,0.4409643318439724,4
2020-02-14,pl1s,1,0.49580171236352294,4
2020-02-14,si1s,1,0.9999337603206997,4
2020-02-18,pl1s,1,0.38440973496174297,4
2020-02-19,si1s,0,0.9997730298408497,4
2020-02-20,pl1s,0,0.35097526987035393,4
2020-02-20,si1s,0,0.9998786537047538,4
2020-02-21,pl1s,0,0.2903653728991261,4
2020-02-21,si1s,0,0.9998930424346881,4
2020-02-24,pl1s,0,0.24110174757020544,4
2020-02-24,si1s,1,0.9998193610057156,4
2020-02-25,pl1s,0,0.3872847454771693,4
2020-02-25,si1s,1,0.4818443906091795,4
2020-02-26,pl1s,0,0.4516775547056566,4
2020-02-26,si1s,1,0.1349145046389047,4
2020-02-27,si1s,1,0.018629544927715843,4
2020-02-27,pl1s,0,0.34731021996641925,4
2020-02-28,pl1s,0,0.3653098187115331,4
2020-02-28,si1s,1,0.03789889810636353,4
2020-03-02,pl1s,1,0.026563455280182013,4
2020-03-02,si1s,1,0.001800199780630633,4
2020-03-03,si1s,0,0.0011489049265711387,4
2020-03-03,pl1s,1,0.013687422248748285,4
2020-03-04,si1s,0,0.000690247617005747,4
2020-03-04,pl1s,0,0.015019158487075312,4
2020-03-05,si1s,0,0.00019836280449143286,4
2020-03-05,pl1s,1,0.007925794233645646,4
2020-03-06,si1s,0,0.0007471686293547875,4
2020-03-06,pl1s,0,0.03518986393942293,4
2020-03-09,pl1s,1,0.004065202597254576,4
2020-03-09,si1s,0,0.0004913998272282417,4
2020-03-10,si1s,0,0.00044437644360069016,4
2020-03-10,pl1s,0,0.005813504616618847,4
2020-03-11,pl1s,0,0.005574224557532184,4
2020-03-11,si1s,0,0.00020309310515168342,4
2020-03-12,si1s,0,0.0001959018456862445,4
2020-03-12,pl1s,0,0.0007790343897268785,4
2020-03-13,si1s,0,0.0019437029449865502,4
2020-03-13,pl1s,0,0.01297848627912126,4
2020-03-16,si1s,0,0.0013649721809579887,4
2020-03-16,pl1s,1,0.02271585850127324,4
2020-03-16,gc1s,1,0.0036887064349870897,4
2020-03-17,si1s,0,0.0026091690771419544,4
2020-03-17,pl1s,0,0.020965139226541415,4
2020-03-18,gc1s,1,0.11590262311562562,4
2020-03-18,si1s,1,0.015231818453142256,4
2020-03-18,pl1s,0,0.16894295757060196,4
2020-03-19,si1s,1,0.050066735726423464,4
2020-03-19,pl1s,1,0.44744462110734085,4
2020-03-19,gc1s,1,0.09595092142706262,4
2020-03-20,si1s,1,0.015037649725948562,4
2020-03-20,pl1s,1,0.19080033172606026,4
2020-03-20,gc1s,1,0.0917756096741475,4
2020-03-23,pl1s,1,0.36213042285050284,4
2020-03-23,si1s,1,0.06066242207823659,4
2020-03-24,si1s,1,0.015766638337456115,4
2020-03-24,pl1s,0,0.06055030851105682,4
2020-03-25,pl1s,1,0.01367657406811529,4
2020-03-25,gc1s,0,0.051992482699875005,4
2020-03-26,gc1s,1,0.0022680207184075977,4
2020-03-26,si1s,0,0.0026047016070889486,4
2020-03-26,pl1s,0,0.010514848721538782,4
2020-03-27,gc1s,1,0.003288944300172938,4
2020-03-27,si1s,0,0.002033597944893859,4
2020-03-27,pl1s,1,0.0030104200413550606,4
2020-03-30,gc1s,1,0.00806966664470505,4
2020-03-30,si1s,0,0.003123177647982096,4
2020-03-30,pl1s,0,0.0065076796604009455,4
2020-03-31,pl1s,1,0.281268326461648,4
2020-03-31,gc1s,0,0.38578299718831477,4
2020-03-31,si1s,0,0.30296142399973963,4
2020-04-01,gc1s,0,0.2772533077882072,4
2020-04-01,si1s,0,0.0767081447114528,4
2020-04-02,pl1s,1,0.07710540576607283,4
2020-04-02,gc1s,0,0.2612770003631329,4
2020-04-02,si1s,0,0.17500869092091648,4
2020-04-03,pl1s,1,0.14447550226512612,4
2020-04-03,gc1s,0,0.3594870076257938,4
2020-04-03,si1s,0,0.1778076139605764,4
2020-04-06,pl1s,1,0.17296250361089552,4
2020-04-06,si1s,0,0.36182548132422954,4
2020-04-07,si1s,0,0.4241396955111494,4
2020-04-08,si1s,0,0.48716121619574676,4
2020-04-08,pl1s,1,0.6547106427063671,4
2020-04-09,pl1s,1,0.6677166020921534,4
2020-04-09,si1s,1,0.691106525367447,4
2020-04-13,pl1s,1,0.2869671443266746,4
2020-04-13,si1s,0,0.5326419449382557,4
2020-04-13,gc1s,1,0.6211231011628702,4
2020-04-14,si1s,1,0.3313405690094976,4
2020-04-15,pl1s,1,0.15513509999731082,4
2020-04-15,gc1s,1,0.3753047927901087,4
2020-04-15,si1s,1,0.09462975694734713,4
2020-04-16,pl1s,1,0.2541167445659017,4
2020-04-16,gc1s,1,0.41491595015179134,4
2020-04-16,si1s,1,0.15640524245468657,4
2020-04-17,si1s,0,0.1838540177976014,4
2020-04-17,gc1s,0,0.4374933923116035,4
2020-04-17,pl1s,0,0.2580423077901194,4
2020-04-20,gc1s,0,0.3397987239984663,4
2020-04-20,si1s,1,0.07039696787894295,4
2020-04-21,pl1s,0,0.3016380175057661,4
2020-04-22,pl1s,0,0.26832929975904396,4
2020-04-22,si1s,0,0.4182154351338896,4
2020-04-23,si1s,0,0.47422021939992626,4
2020-04-23,pl1s,1,0.5242809379311841,4
2020-04-24,si1s,1,0.2326528637774087,4
2020-04-27,pl1s,1,0.41116285287607096,4
2020-04-27,gc1s,0,0.5292054532331247,4
2020-04-28,gc1s,0,0.6153200258468667,4
2020-04-29,pl1s,0,0.3791994967169803,4
2020-04-29,si1s,1,0.14083417661487413,4
2020-04-30,pl1s,1,0.41535438940244,4
2020-04-30,si1s,0,0.48974784675776634,4
2020-05-01,pl1s,0,0.40708296292242657,4
2020-05-01,si1s,0,0.2844325210753578,4
2020-05-04,si1s,1,0.36603326663686214,4
2020-05-05,si1s,1,0.39365769540463763,4
2020-05-06,gc1s,1,0.7489959143375684,4
2020-05-06,si1s,1,0.41531181074038287,4
2020-05-07,gc1s,0,0.8799257477892384,4
2020-05-07,si1s,0,0.37165634402719033,4
2020-05-08,si1s,0,0.6602733734742671,4
2020-05-08,pl1s,1,0.48261280464966494,4
2020-05-11,si1s,1,0.555975619534003,4
2020-05-11,pl1s,1,0.4357626749026262,4
2020-05-12,si1s,1,0.3746181175275765,4
2020-05-12,pl1s,0,0.6495861952125428,4
2020-05-13,si1s,1,0.33270171852903346,4
2020-05-13,pl1s,1,0.6565367147488517,4
2021-06-18,si1s,1,0.6512683420116282,4
2021-06-21,si1s,0,0.430586830697393,4
2021-06-21,pl1s,1,0.5646606955348746,4
2021-06-22,si1s,1,0.32033417581304974,4
2021-06-22,pl1s,1,0.4753390929292966,4
2021-06-23,pl1s,1,0.36796069665991715,4
2021-06-23,si1s,0,0.3152699343269104,4
2021-06-24,si1s,0,0.3658708192979237,4
2021-06-25,si1s,0,0.21647577776442628,4
2021-06-28,si1s,0,0.44731516263363036,4
2021-06-29,pl1s,1,0.3813988207109443,4
2021-06-29,si1s,1,0.42007573228209305,4
2021-06-30,si1s,0,0.5391452982549385,4
2021-06-30,pl1s,1,0.3522613425570674,4
2021-07-01,si1s,1,0.37551510931301363,4
2021-07-01,pl1s,1,0.48167417196881096,4
2021-07-02,pl1s,0,0.31667749868882655,4
2021-07-02,si1s,1,0.19770671561563385,4
2021-07-06,pl1s,0,0.38472921279237887,4
2021-07-06,si1s,0,0.25466842791605965,4
2021-07-07,pl1s,0,0.2750801171102638,4
2021-07-08,si1s,1,0.17558316714604502,4
2021-07-08,pl1s,1,0.24309606145065404,4
2021-07-09,si1s,0,0.3032656403985325,4
2021-07-09,pl1s,1,0.4582514649033924,4
2021-07-12,si1s,0,0.29890823003800765,4
2021-07-12,pl1s,0,0.4563618311400383,4
2021-07-13,si1s,0,0.4554775306103626,4
2021-07-13,pl1s,1,0.392710723278233,4
2021-07-14,pl1s,1,0.4478644411294098,4
2021-07-15,si1s,1,0.8281917895549878,4
2021-07-15,pl1s,0,0.2795349220996302,4
2021-07-16,si1s,1,0.2678386142452584,4
2021-07-16,pl1s,0,0.48662817980850803,4
2021-07-19,si1s,0,0.3331089853506343,4
2021-07-19,pl1s,0,0.4347891335181515,4
2021-07-20,si1s,1,0.3849367286056164,4
2021-07-20,pl1s,1,0.5518630901902049,4
2021-07-21,pl1s,1,0.48691315327517753,4
2021-07-21,si1s,0,0.460775883995843,4
2021-07-22,pl1s,0,0.20765512052861335,4
2021-07-22,si1s,0,0.41737416981047154,4
2021-07-23,si1s,0,0.5962388783216799,4
2021-07-23,pl1s,1,0.8134408021062719,4
2021-07-26,pl1s,0,0.7062588032405382,4
2021-07-26,si1s,0,0.8487315910274505,4
2021-07-27,si1s,1,0.7028796732898579,4
2021-07-27,pl1s,1,0.6253023570898327,4
2021-07-28,si1s,1,0.46822351113746613,4
2021-07-28,pl1s,1,0.47213568460206895,4
2021-07-29,pl1s,0,0.6011415791606527,4
2021-07-29,si1s,0,0.4982802813495403,4
2021-07-30,si1s,0,0.653917480398878,4
2021-07-30,pl1s,1,0.72611440076049,4
2021-08-02,pl1s,0,0.3438786083435985,4
2021-08-02,si1s,0,0.7904689664532685,4
2021-08-03,gc1s,1,0.26834922223638485,4
2021-08-03,si1s,0,0.7942416916515744,4
2021-08-03,pl1s,0,0.2827206347603273,4
2021-08-04,gc1s,1,0.3655808162982795,4
2021-08-04,si1s,0,0.48935155072681163,4
2021-08-04,pl1s,0,0.6190144168420436,4
2021-08-05,si1s,0,0.44771955436549016,4
2021-08-06,si1s,0,0.6711311451863488,4
2021-08-09,gc1s,1,0.8475194334387377,4
2021-08-09,si1s,0,0.788754149516472,4
2021-08-09,pl1s,1,0.8283799400093642,4
2021-08-10,pl1s,1,0.7728909469221685,4
2021-08-10,si1s,0,0.5440324559616356,4
2021-08-10,gc1s,1,0.7489186009622831,4
2021-08-11,si1s,0,0.45912412089206495,4
2021-08-11,gc1s,1,0.6887635979750057,4
2021-08-11,pl1s,1,0.6365634064149955,4
2021-08-12,si1s,1,0.6047209767736756,4
2021-08-12,gc1s,1,0.5185900229518375,4
2021-08-13,si1s,0,0.33023409922129826,4
2021-08-16,si1s,0,0.42648671349788914,4
2021-08-16,pl1s,0,0.27901238992625843,4
2021-08-17,si1s,0,0.4978209754999859,4
2021-08-17,pl1s,1,0.4063136487031376,4
2021-08-18,pl1s,0,0.3103319556890469,4
2021-08-18,si1s,0,0.3514368417754541,4
2021-08-19,pl1s,1,0.4380903779041618,4
2021-08-19,si1s,0,0.3736858878261687,4
2021-08-20,si1s,1,0.6399960093878125,4
2021-08-20,pl1s,1,0.5543192754950341,4
2021-08-23,si1s,1,0.6660013527687029,4
2021-08-23,pl1s,0,0.39124049788297643,4
2021-08-24,si1s,0,0.71885121972472,4
2021-08-24,pl1s,1,0.24845145044199093,4
2021-08-25,pl1s,0,0.33762764477169876,4
2021-08-25,si1s,0,0.8657285564307612,4
2021-08-26,pl1s,1,0.27303686492733015,4
2021-08-26,si1s,1,0.6809112820415064,4
2021-08-27,pl1s,0,0.3331747857272167,4
2021-08-27,si1s,0,0.5854399058247495,4
2021-08-30,si1s,0,0.6632076560792387,4
2021-08-30,pl1s,1,0.21106992993510493,4
2021-08-31,si1s,0,0.4164338294631292,4
2021-08-31,pl1s,0,0.20078829501486684,4
2021-09-01,si1s,0,0.2619672754460724,4
2021-09-01,pl1s,0,0.17510367759603265,4
2021-09-02,si1s,0,0.11446186312452765,4
2021-09-02,pl1s,1,0.12347088409892162,4
2021-09-03,si1s,1,0.11987851631505606,4
2021-09-03,pl1s,0,0.19112921917975756,4
2021-09-07,pl1s,0,0.19679552821849272,4
2021-09-07,si1s,1,0.13464781881865992,4
2021-09-08,si1s,0,0.11242653848172653,4
2021-09-08,pl1s,0,0.312859589960544,4
2021-09-09,pl1s,0,0.37996782390818357,4
2021-09-09,si1s,1,0.11002893032415328,4
2021-09-10,pl1s,1,0.49954838588201983,4
2021-09-10,si1s,0,0.1439400145229792,4
2021-09-13,pl1s,0,0.28774150523325964,4
2021-09-13,si1s,0,0.23270654052674977,4
2021-09-14,si1s,0,0.1769810473782266,4
2021-09-14,pl1s,0,0.31911039640405536,4
2021-09-15,pl1s,0,0.4925414293172919,4
2021-09-15,si1s,0,0.5069565586299044,4
2021-09-16,si1s,0,0.30865210283829814,4
2021-09-16,pl1s,1,0.6429568111469313,4
2021-09-17,si1s,0,0.28921760440701316,4
2021-09-17,pl1s,0,0.698794194446376,4
2021-09-20,si1s,1,0.28190640120534816,4
2021-09-20,gc1s,0,0.3157268327429852,4
2021-09-20,pl1s,1,0.533955088183917,4
2021-09-21,si1s,1,0.31833250503848964,4
2021-09-21,gc1s,0,0.2762970974055261,4
2021-09-21,pl1s,1,0.45536574756609355,4
2021-09-22,si1s,0,0.3479171485437347,4
2021-09-22,pl1s,0,0.43148757356416784,4
2021-09-22,gc1s,0,0.22548903442108378,4
2021-09-23,pl1s,0,0.5351011353980627,4
2021-09-23,gc1s,0,0.44667593613945,4
2021-09-23,si1s,0,0.3474592466793026,4
2021-09-24,gc1s,0,0.283264031796417,4
2021-09-24,si1s,0,0.3232369471220492,4
2021-09-27,si1s,0,0.581628835111507,4
2021-09-27,gc1s,0,0.17009002616646257,4
2021-09-27,pl1s,0,0.3733154624231496,4
2021-09-28,si1s,0,0.4656341454925613,4
2021-09-28,pl1s,0,0.34081552309617924,4
2021-09-28,gc1s,0,0.23235095597643393,4
2021-09-29,si1s,1,0.3918688212553272,4
2021-09-29,pl1s,1,0.3803111199015195,4
2021-09-29,gc1s,1,0.21063684455584752,4
2021-09-30,si1s,1,0.43213871377386176,4
2021-09-30,pl1s,1,0.3573092784874992,4
2021-10-01,pl1s,0,0.3224345872653203,4
2021-10-04,pl1s,0,0.28146756614675034,4
2020-05-14,si1s,1,0.4361001741756383,5
2020-05-14,pl1s,1,0.6305627876172603,5
2020-05-15,si1s,1,0.3490760412485794,5
2020-05-18,pl1s,1,0.532315804938268,5
2020-05-18,si1s,1,0.31785829245467523,5
2020-05-19,si1s,0,0.38765280226341525,5
2020-05-19,pl1s,1,0.5643461658485404,5
2020-05-20,si1s,0,0.3879178142220856,5
2020-05-20,gc1s,1,0.5034668182173001,5
2020-05-21,si1s,1,0.31008974774302345,5
2020-05-21,gc1s,0,0.41439338147109567,5
2020-05-22,gc1s,1,0.34420405705112667,5
2020-05-22,si1s,0,0.35149143576470004,5
2020-05-22,pl1s,1,0.2903762501377269,5
2020-05-26,gc1s,0,0.7576980969867493,5
2020-05-26,pl1s,0,0.41203468228044354,5
2020-05-26,si1s,0,0.450990559955144,5
2020-05-27,gc1s,0,0.5646301689576476,5
2020-05-27,si1s,0,0.5102926671396201,5
2020-05-27,pl1s,1,0.48464603892435,5
2020-05-28,gc1s,0,0.618759363043148,5
2020-05-28,pl1s,0,0.6210276721465009,5
2020-05-28,si1s,0,0.5032208671430021,5
2020-05-29,si1s,0,0.3942967605761297,5
2020-05-29,pl1s,0,0.46447502627757303,5
2020-06-01,pl1s,1,0.42186300991551495,5
2020-06-01,si1s,1,0.28053058334645764,5
2020-06-02,pl1s,1,0.3707509531724233,5
2020-06-02,gc1s,1,0.24668339903843087,5
2020-06-02,si1s,1,0.2863003960123457,5
2020-06-03,pl1s,0,0.35328164190341166,5
2020-06-04,pl1s,1,0.5043071161107268,5
2020-06-04,si1s,1,0.31058430270062937,5
2020-06-05,pl1s,1,0.6802411372133773,5
2020-06-08,pl1s,1,0.6105035047932452,5
2020-06-09,si1s,0,0.3515266148422707,5
2020-06-09,pl1s,1,0.6862058350508118,5
2020-06-10,si1s,0,0.20279601367049338,5
2020-06-10,pl1s,1,0.45197288041190786,5
2020-06-11,si1s,1,0.20654319806074986,5
2020-06-11,pl1s,1,0.3605605744143896,5
2020-06-12,pl1s,0,0.23313753736423198,5
2020-06-12,si1s,0,0.11130710286280698,5
2020-06-15,si1s,0,0.13870159667529736,5
2020-06-15,pl1s,0,0.29013589454378086,5
2020-06-16,si1s,0,0.3328338374649683,5
2020-06-16,pl1s,1,0.3453009429796711,5
2020-06-17,si1s,1,0.25851854787190964,5
2020-06-17,pl1s,0,0.4213934591966007,5
2020-06-18,si1s,0,0.20716193415525352,5
2020-06-18,pl1s,1,0.35640735221274683,5
2020-06-19,si1s,0,0.4343402444654065,5
2020-06-19,gc1s,1,0.6104060453740645,5
2020-06-19,pl1s,1,0.43538521902800303,5
2020-06-22,gc1s,1,0.5012972412979728,5
2020-06-22,si1s,0,0.43837271407398554,5
2020-06-23,si1s,1,0.3379541484599645,5
2020-06-23,gc1s,0,0.543051313901327,5
2020-06-24,pl1s,0,0.5673857537090077,5
2020-06-24,si1s,0,0.23200708821310956,5
2020-06-25,pl1s,1,0.5644124561636864,5
2020-06-25,gc1s,1,0.4308079765203672,5
2020-06-25,si1s,0,0.3722248669580884,5
2020-06-26,pl1s,1,0.6538544377308994,5
2020-06-26,gc1s,1,0.39464295632637825,5
2020-06-26,si1s,0,0.3687583073127601,5
2020-06-29,pl1s,1,0.5474561424808498,5
2020-06-29,gc1s,1,0.4093428890694966,5
2020-06-29,si1s,1,0.4062421215222003,5
2020-06-30,pl1s,0,0.44085689089433305,5
2020-07-01,pl1s,0,0.5468092087455939,5
2020-07-01,si1s,0,0.2586278778532921,5
2020-07-02,gc1s,1,0.41371139016513114,5
2020-07-02,si1s,0,0.16327429485368933,5
2020-07-02,pl1s,1,0.3776331488638754,5
2020-07-06,pl1s,1,0.3920982572685554,5
2020-07-06,gc1s,1,0.5206697699899492,5
2020-07-06,si1s,1,0.25226779337086896,5
2020-07-07,pl1s,1,0.5371917962629612,5
2020-07-07,gc1s,0,0.5489742558123154,5
2020-07-07,si1s,1,0.265714169480143,5
2020-07-08,gc1s,0,0.3730184813776294,5
2020-07-08,si1s,0,0.2254548303125735,5
2020-07-08,pl1s,0,0.3407171273648147,5
2020-07-09,gc1s,0,0.3995482457921869,5
2020-07-09,si1s,0,0.2464887707377924,5
2020-07-09,pl1s,0,0.45083063641472576,5
2020-07-10,si1s,0,0.2125085244149962,5
2020-07-10,gc1s,1,0.3637034102436572,5
2020-07-10,pl1s,1,0.2551012716637933,5
2020-07-13,si1s,1,0.46308206347516057,5
2020-07-13,gc1s,0,0.454799420903866,5
2020-07-13,pl1s,0,0.3528517157935384,5
2020-07-14,pl1s,1,0.36406084521624976,5
2020-07-14,si1s,0,0.40575021168507835,5
2020-07-14,gc1s,0,0.3893735044808604,5
2020-07-15,pl1s,0,0.3939905985677142,5
2020-07-15,gc1s,0,0.42679243413238044,5
2020-07-15,si1s,0,0.392399510557166,5
2020-07-16,gc1s,1,0.3936686911551513,5
2020-07-16,pl1s,1,0.4633183997458606,5
2020-07-17,si1s,0,0.3069536458452415,5
2020-07-17,pl1s,1,0.32700357279023207,5
2020-07-20,si1s,0,0.24348338243604653,5
2020-07-20,pl1s,1,0.2879627388843245,5
2020-07-21,si1s,0,0.32341317605042236,5
2020-07-22,si1s,0,0.21873177550193953,5
2020-07-22,pl1s,0,0.19728047512350388,5
2020-07-23,si1s,0,0.3764536477576607,5
2020-07-23,pl1s,1,0.28991219673185664,5
2020-07-24,pl1s,0,0.21156740529437978,5
2020-07-24,si1s,0,0.2359223407908898,5
2020-07-27,pl1s,0,0.24296707364328765,5
2020-07-27,si1s,1,0.4078922097947827,5
2020-07-28,pl1s,1,0.252907995095979,5
2020-07-28,si1s,1,0.31000642986870836,5
2020-07-29,si1s,1,0.5887778295352281,5
2020-07-29,pl1s,1,0.29779537971049236,5
2020-07-30,si1s,0,0.39986206210326986,5
2020-07-30,pl1s,1,0.2984739567776268,5
2020-07-31,si1s,0,0.5060288475076733,5
2020-07-31,pl1s,1,0.3110489759693248,5
2020-08-03,si1s,0,0.5346363158243062,5
2020-08-03,pl1s,1,0.3042134711442572,5
2020-08-04,si1s,0,0.3439570352846064,5
2020-08-04,pl1s,0,0.30974646851500737,5
2020-08-05,pl1s,0,0.2359897826941644,5
2020-08-05,si1s,0,0.3906805420797596,5
2020-08-06,si1s,1,0.5285767217352405,5
2020-08-06,pl1s,1,0.22832602658602824,5
2020-08-07,pl1s,0,0.13513334637412158,5
2020-08-07,si1s,0,0.3138989429643553,5
2020-08-10,si1s,1,0.4018547293643168,5
2020-08-10,pl1s,1,0.18000755438156762,5
2020-08-11,pl1s,0,0.3097760118777127,5
2020-08-11,si1s,1,0.17380340616534548,5
2020-08-12,si1s,1,0.24013925717908766,5
2020-08-12,pl1s,0,0.23017112741994417,5
2020-08-13,si1s,1,0.14153375542934635,5
2020-08-13,pl1s,1,0.23018878303484305,5
2020-08-14,si1s,0,0.13350315796877874,5
2020-08-14,pl1s,0,0.2595813937736307,5
2020-08-17,pl1s,0,0.16466070539107672,5
2020-08-17,si1s,0,0.06086576393804794,5
2020-08-18,si1s,1,0.09558662413726142,5
2020-08-18,pl1s,1,0.2345522067383365,5
2020-08-18,gc1s,1,0.29517501955022374,5
2020-08-19,pl1s,0,0.2752969460091347,5
2020-08-19,si1s,1,0.07471334421593992,5
2020-08-19,gc1s,1,0.32714329926302965,5
2020-08-20,si1s,0,0.04676908812121646,5
2020-08-20,gc1s,0,0.3358565699905301,5
2020-08-20,pl1s,0,0.3927185745049264,5
2020-08-21,pl1s,0,0.3213244790974182,5
2020-08-21,gc1s,0,0.3542892053497602,5
2020-08-21,si1s,0,0.06922050656619949,5
2020-08-24,pl1s,1,0.4371402565979719,5
2020-08-24,gc1s,0,0.5221686144825628,5
2020-08-25,pl1s,1,0.25115833837068297,5
2020-08-25,si1s,1,0.09735941208710615,5
2020-08-26,pl1s,0,0.38681942982355605,5
2020-08-27,pl1s,1,0.5651415625866287,5
2020-08-27,si1s,0,0.10962577274020839,5
2020-08-28,pl1s,1,0.33014947474183437,5
2020-08-28,si1s,0,0.0887875361171814,5
2020-08-31,pl1s,1,0.3086339950273508,5
2020-08-31,si1s,1,0.07578533926658598,5
2020-09-01,si1s,1,0.09607336375532062,5
2020-09-01,pl1s,0,0.2510683441335816,5
2020-09-02,si1s,1,0.054772761037188776,5
2020-09-02,pl1s,0,0.23941333594991782,5
2020-09-03,si1s,0,0.10380010129825212,5
2020-09-03,pl1s,1,0.2606338824967681,5
2020-09-04,si1s,0,0.18604909303390715,5
2020-09-04,pl1s,1,0.35498087250274124,5
2020-09-08,si1s,0,0.3029272767474071,5
2020-09-08,pl1s,1,0.4797142210557691,5
2020-09-09,pl1s,1,0.3430946790809595,5
2020-09-10,si1s,0,0.18156558046516139,5
2020-09-11,si1s,1,0.20373184698808502,5
2020-09-14,si1s,0,0.1317372696929633,5
2020-09-14,pl1s,0,0.3256933771727207,5
2020-09-15,pl1s,1,0.2776745496381356,5
2020-09-15,si1s,0,0.18182915378477774,5
2020-09-16,pl1s,0,0.19589571162011227,5
2020-09-16,si1s,0,0.2811029836415671,5
2020-09-17,pl1s,1,0.2243170899443844,5
2020-09-17,si1s,0,0.3095980141674353,5
2020-09-18,pl1s,0,0.3284586945177166,5
2020-09-18,si1s,0,0.3536082474489806,5
2020-09-21,si1s,1,0.1707996535399269,5
2020-09-21,pl1s,0,0.41475563645486097,5
2020-09-22,si1s,1,0.21095106383812573,5
2020-09-22,pl1s,0,0.512028258777108,5
2020-09-23,gc1s,1,0.724899542815917,5
2020-09-24,si1s,1,0.2336389397673939,5
2020-09-24,gc1s,0,0.6759980284164793,5
2020-09-25,pl1s,1,0.579070478600575,5
2020-09-25,gc1s,1,0.590118966723339,5
2020-09-28,gc1s,1,0.5277176908457311,5
2020-09-28,si1s,0,0.1201369471921945,5
2020-09-28,pl1s,1,0.5238992681357207,5
2020-09-29,gc1s,0,0.4339456800113888,5
2020-09-29,si1s,1,0.14651053014076482,5
2020-09-30,pl1s,0,0.3693331697889093,5
2020-09-30,gc1s,1,0.32398413104790486,5
2020-09-30,si1s,1,0.2051258077775545,5
2020-10-01,pl1s,0,0.38796676541132596,5
2020-10-02,si1s,1,0.25110978818101426,5
2020-10-02,pl1s,1,0.5794267964668278,5
2020-10-05,pl1s,0,0.4706015969969565,5
2020-10-05,si1s,1,0.24165732213501998,5
2020-10-06,pl1s,0,0.6622470469990627,5
2020-10-06,si1s,1,0.3163279096827943,5
2020-10-07,pl1s,0,0.6107521211188097,5
2020-10-07,si1s,1,0.1954918639385475,5
2020-10-08,pl1s,1,0.7184076141299348,5
2020-10-08,si1s,1,0.33382769595680967,5
2020-10-09,si1s,1,0.355714007046346,5
2020-10-09,pl1s,0,0.5748894603646291,5
2020-10-12,pl1s,0,0.5792900279385048,5
2020-10-12,si1s,1,0.3664786040505918,5
2020-10-13,pl1s,0,0.441802429349384,5
2020-10-14,si1s,0,0.21359416660095362,5
2020-10-14,pl1s,0,0.3663101508398224,5
2020-10-15,pl1s,1,0.46769186595138507,5
2020-10-16,si1s,0,0.29521191011579595,5
2020-10-16,pl1s,0,0.5832412860493389,5
2020-10-19,gc1s,0,0.5281895338901382,5
2020-10-19,si1s,0,0.4958906560305729,5
2020-10-19,pl1s,1,0.5332683047379119,5
2020-10-20,pl1s,1,0.3973594187462673,5
2020-10-20,si1s,0,0.6333084813320412,5
2020-10-20,gc1s,0,0.5244104005113489,5
2020-10-21,gc1s,0,0.6498538067366704,5
2020-10-21,si1s,0,0.7335014458195763,5
2020-10-21,pl1s,0,0.48653275936416107,5
2020-10-22,gc1s,0,0.3537545695056124,5
2020-10-22,pl1s,1,0.46512001381423773,5
2020-10-22,si1s,0,0.5884015465994138,5
2020-10-23,pl1s,0,0.41336756589003604,5
2020-10-23,gc1s,0,0.3219098413538473,5
2020-10-23,si1s,0,0.4176818607878395,5
2020-10-26,gc1s,0,0.3061535585495969,5
2020-10-26,pl1s,1,0.557695233925978,5
2020-10-26,si1s,0,0.4510129683424615,5
2020-10-27,gc1s,0,0.3526513662102387,5
2020-10-27,pl1s,0,0.4384761057885219,5
2020-10-27,si1s,0,0.4054082148631029,5
2020-10-28,si1s,1,0.2702420444667157,5
2020-10-28,pl1s,0,0.33668642237068525,5
2020-10-28,gc1s,0,0.1837139692826171,5
2020-10-29,si1s,1,0.2501992031156108,5
2020-10-29,pl1s,0,0.4563714397538207,5
2020-10-29,gc1s,1,0.17770722791667115,5
2020-10-30,gc1s,1,0.31474345662525555,5
2020-10-30,pl1s,1,0.5065978358166073,5
2020-10-30,si1s,1,0.4084866435697677,5
2020-11-02,pl1s,1,0.3975509539745601,5
2020-11-02,si1s,0,0.409027751699121,5
2020-11-03,gc1s,0,0.44649348238068187,5
2020-11-03,si1s,1,0.5460786421238542,5
2020-11-03,pl1s,0,0.5176114306548374,5
2020-11-04,si1s,1,0.38638898471484495,5
2020-11-04,pl1s,1,0.4771910152321435,5
2020-11-04,gc1s,1,0.33893587888419663,5
2020-11-05,pl1s,0,0.29949035978294475,5
2020-11-05,si1s,0,0.5722375318306943,5
2020-11-06,si1s,1,0.41930930926688303,5
2020-11-06,pl1s,0,0.379299690533664,5
2020-11-09,si1s,1,0.21347791497517518,5
2020-11-09,pl1s,1,0.36810524114444193,5
2020-11-10,si1s,0,0.34906523924601607,5
2020-11-10,pl1s,0,0.3764592361848038,5
2020-11-10,gc1s,0,0.23166172782489416,5
2020-11-11,si1s,1,0.3661412142269994,5
2020-11-11,pl1s,1,0.5899526648498543,5
2020-11-12,si1s,0,0.2875410579833402,5
2020-11-12,pl1s,1,0.4293646344440626,5
2020-11-12,gc1s,0,0.3321628671417817,5
2020-11-13,si1s,0,0.27617259519287657,5
2020-11-13,pl1s,1,0.46932512960414285,5
2020-11-16,pl1s,1,0.27991282771625187,5
2020-11-16,si1s,0,0.23522914261106995,5
2020-11-17,pl1s,1,0.2243861348319611,5
2020-11-17,si1s,1,0.13882611755243868,5
2020-11-18,pl1s,1,0.24875332171187417,5
2020-11-18,si1s,0,0.12419252349892412,5
2020-11-19,si1s,0,0.2172636500425423,5
2020-11-19,pl1s,1,0.3014770084527794,5
2020-11-19,gc1s,0,0.29332119298452847,5
2020-11-20,pl1s,0,0.33262004859865135,5
2020-11-20,si1s,0,0.19098840769248124,5
2020-11-23,gc1s,0,0.2715688461906407,5
2020-11-23,pl1s,1,0.32492781462714915,5
2020-11-23,si1s,0,0.2077080946142437,5
2020-11-24,gc1s,0,0.8879867180949106,5
2020-11-24,pl1s,1,0.29295984672375913,5
2020-11-24,si1s,0,0.43292047383659216,5
2020-11-25,gc1s,0,0.6336857587693239,5
2020-05-14,si1s,1,0.3635143365863986,6
2020-05-14,pl1s,1,0.6892501676295225,6
2020-05-15,si1s,1,0.3193267001318203,6
2020-05-18,pl1s,1,0.4026863876155703,6
2020-05-18,si1s,1,0.2887026281448341,6
2020-05-19,si1s,0,0.3611756250115054,6
2020-05-19,pl1s,1,0.5342824414102255,6
2020-05-20,si1s,0,0.43409415252849953,6
2020-05-20,gc1s,1,0.4220286577010922,6
2020-05-21,si1s,1,0.4126708725971002,6
2020-05-21,gc1s,0,0.5385302631682014,6
2020-05-22,gc1s,1,0.13066691848410453,6
2020-05-22,si1s,0,0.3352757732289442,6
2020-05-22,pl1s,1,0.43818580812564856,6
2020-05-26,gc1s,0,0.7678683907353802,6
2020-05-26,pl1s,0,0.6352340405190975,6
2020-05-26,si1s,0,0.4850578511304915,6
2020-05-27,gc1s,0,0.594226270995094,6
2020-05-27,si1s,0,0.5369061778953709,6
2020-05-27,pl1s,1,0.6550841480584393,6
2020-05-28,gc1s,0,0.5122777157250313,6
2020-05-28,pl1s,0,0.7587100375943042,6
2020-05-28,si1s,0,0.4635620701912579,6
2020-05-29,si1s,0,0.35458890127307624,6
2020-05-29,pl1s,0,0.4997638325670596,6
2020-06-01,pl1s,1,0.46377206029739276,6
2020-06-01,si1s,1,0.27984226024652903,6
2020-06-02,pl1s,1,0.510476118018828,6
2020-06-02,gc1s,1,0.23506781306185803,6
2020-06-02,si1s,1,0.3540546528124521,6
2020-06-03,pl1s,0,0.45853286528898046,6
2020-06-04,pl1s,1,0.5633357542556044,6
2020-06-04,si1s,1,0.29188759647103857,6
2020-06-05,pl1s,1,0.6380126061571166,6
2020-06-08,pl1s,1,0.6277052344767553,6
2020-06-09,si1s,0,0.27445720018215697,6
2020-06-09,pl1s,1,0.7287002304759238,6
2020-06-10,si1s,0,0.28613320265900166,6
2020-06-10,pl1s,1,0.6547724655050147,6
2020-06-11,si1s,1,0.44469316285705046,6
2020-06-11,pl1s,1,0.7251854580310402,6
2020-06-12,pl1s,0,0.6580127477572977,6
2020-06-12,si1s,0,0.3316188005722539,6
2020-06-15,si1s,0,0.40424550487399263,6
2020-06-15,pl1s,0,0.6314291763230597,6
2020-06-16,si1s,0,0.550375356311236,6
2020-06-16,pl1s,1,0.6911672719431109,6
2020-06-17,si1s,1,0.4680794105109985,6
2020-06-17,pl1s,0,0.7144036278897664,6
2020-06-18,si1s,0,0.4745162026976294,6
2020-06-18,pl1s,1,0.6992542793862413,6
2020-06-19,si1s,0,0.5863302785777789,6
2020-06-19,gc1s,1,0.5085046895171562,6
2020-06-19,pl1s,1,0.6420810536981637,6
2020-06-22,gc1s,1,0.4902528142004953,6
2020-06-22,si1s,0,0.5928791519557207,6
2020-06-23,si1s,1,0.4640003483772056,6
2020-06-23,gc1s,0,0.46479570978074036,6
2020-06-24,pl1s,0,0.7687872363986232,6
2020-06-24,si1s,0,0.4728989708257468,6
2020-06-25,pl1s,1,0.7201165176659867,6
2020-06-25,gc1s,1,0.2662273982909179,6
2020-06-25,si1s,0,0.4276137604415281,6
2020-06-26,pl1s,1,0.799825498887197,6
2020-06-26,gc1s,1,0.34483405344487494,6
2020-06-26,si1s,0,0.3121657598832739,6
2020-06-29,pl1s,1,0.6381904386242394,6
2020-06-29,gc1s,1,0.2574988546094654,6
2020-06-29,si1s,1,0.3487501921847908,6
2020-06-30,pl1s,0,0.481294248305941,6
2020-07-01,pl1s,0,0.6150893229023761,6
2020-07-01,si1s,0,0.3382417608218415,6
2020-07-02,gc1s,1,0.22216132290513965,6
2020-07-02,si1s,0,0.1712282413256916,6
2020-07-02,pl1s,1,0.40225677494825507,6
2020-07-06,pl1s,1,0.42912896241536697,6
2020-07-06,gc1s,1,0.26813884919460246,6
2020-07-06,si1s,1,0.19088586629166573,6
2020-07-07,pl1s,1,0.497267498034178,6
2020-07-07,gc1s,0,0.3233714824859182,6
2020-07-07,si1s,1,0.23345238967866025,6
2020-07-08,gc1s,0,0.23472552582847864,6
2020-07-08,si1s,0,0.2687300966012826,6
2020-07-08,pl1s,0,0.39796963511853334,6
2020-07-09,gc1s,0,0.3157955976346926,6
2020-07-09,si1s,0,0.28946027558949194,6
2020-07-09,pl1s,0,0.5360674286418833,6
2020-07-10,si1s,0,0.19261868188866965,6
2020-07-10,gc1s,1,0.247890555954746,6
2020-07-10,pl1s,1,0.29515055562878084,6
2020-07-13,si1s,1,0.42305871445381377,6
2020-07-13,gc1s,0,0.2564377053579048,6
2020-07-13,pl1s,0,0.41005146558106104,6
2020-07-14,pl1s,1,0.45666882632436123,6
2020-07-14,si1s,0,0.42036361278784706,6
2020-07-14,gc1s,0,0.27499875269097596,6
2020-07-15,pl1s,0,0.343088063057787,6
2020-07-15,gc1s,0,0.28360481545145866,6
2020-07-15,si1s,0,0.2905483474870733,6
2020-07-16,gc1s,1,0.2995940546303229,6
2020-07-16,pl1s,1,0.409226396005171,6
2020-07-17,si1s,0,0.22882074175761477,6
2020-07-17,pl1s,1,0.26148563689647086,6
2020-07-20,si1s,0,0.25850052066130935,6
2020-07-20,pl1s,1,0.28170165438033834,6
2020-07-21,si1s,0,0.41324429344709557,6
2020-07-22,si1s,0,0.4506005573674777,6
2020-07-22,pl1s,0,0.4354951835444235,6
2020-07-23,si1s,0,0.6201785214604716,6
2020-07-23,pl1s,1,0.4024223052206152,6
2020-07-24,pl1s,0,0.26040013381863863,6
2020-07-24,si1s,0,0.3621123968771152,6
2020-07-27,pl1s,0,0.3526863426746883,6
2020-07-27,si1s,1,0.49113736451719686,6
2020-07-28,pl1s,1,0.5167687356259733,6
2020-07-28,si1s,1,0.6049322040228687,6
2020-07-29,si1s,1,0.7120781851831355,6
2020-07-29,pl1s,1,0.5931855063180109,6
2020-07-30,si1s,0,0.6772936436132729,6
2020-07-30,pl1s,1,0.543077898825459,6
2020-07-31,si1s,0,0.6863173901833114,6
2020-07-31,pl1s,1,0.42157561227238294,6
2020-08-03,si1s,0,0.7611216610867778,6
2020-08-03,pl1s,1,0.45559270146919406,6
2020-08-04,si1s,0,0.7089088021805104,6
2020-08-04,pl1s,0,0.6023999120610619,6
2020-08-05,pl1s,0,0.6055002373683659,6
2020-08-05,si1s,0,0.7511783892619793,6
2020-08-06,si1s,1,0.7538056297241891,6
2020-08-06,pl1s,1,0.5365224857344181,6
2020-08-07,pl1s,0,0.42296997342901915,6
2020-08-07,si1s,0,0.6880037384038621,6
2020-08-10,si1s,1,0.6207621647444569,6
2020-08-10,pl1s,1,0.48305568229004725,6
2020-08-11,pl1s,0,0.6486446556908746,6
2020-08-11,si1s,1,0.5800668360206507,6
2020-08-12,si1s,1,0.7582636523156084,6
2020-08-12,pl1s,0,0.5416703899636836,6
2020-08-13,si1s,1,0.5948273448839374,6
2020-08-13,pl1s,1,0.5017429957483459,6
2020-08-14,si1s,0,0.5800503769068545,6
2020-08-14,pl1s,0,0.48897121601004845,6
2020-08-17,pl1s,0,0.3941357112062432,6
2020-08-17,si1s,0,0.46500055189535383,6
2020-08-18,si1s,1,0.5414053848741435,6
2020-08-18,pl1s,1,0.6000629347196514,6
2020-08-18,gc1s,1,0.3385395636652211,6
2020-08-19,pl1s,0,0.5115322494650925,6
2020-08-19,si1s,1,0.6522482048778734,6
2020-08-19,gc1s,1,0.4750319327425579,6
2020-11-25,si1s,0,0.18884430961072918,6
2020-11-27,gc1s,0,0.3930543274772956,6
2020-11-27,si1s,1,0.2998528528264986,6
2020-11-30,gc1s,1,0.34184783712120825,6
2020-11-30,si1s,1,0.3157832746352702,6
2020-12-01,gc1s,1,0.3490427594117378,6
2020-12-01,pl1s,0,0.5894328787455609,6
2020-12-02,pl1s,0,0.689765849195429,6
2020-12-02,gc1s,1,0.33885091997028316,6
2020-12-03,pl1s,0,0.6412310628274905,6
2020-12-03,si1s,1,0.3702211464156182,6
2020-12-04,si1s,1,0.40638261449040725,6
2020-12-04,pl1s,1,0.6087488207645464,6
2020-12-07,pl1s,1,0.6259380914971164,6
2020-12-07,si1s,0,0.4182179055449644,6
2020-12-08,si1s,0,0.34946011559827916,6
2020-12-08,pl1s,1,0.48629774986256546,6
2020-12-09,pl1s,0,0.590321759627266,6
2020-12-09,si1s,1,0.4360398662834041,6
2020-12-10,pl1s,1,0.6388931841972456,6
2020-12-10,si1s,1,0.38413859200567724,6
2020-12-11,si1s,1,0.3344451053795886,6
2020-12-11,pl1s,1,0.7882518798376518,6
2020-12-14,si1s,1,0.261606096225197,6
2020-12-14,pl1s,0,0.6929908464947275,6
2020-12-14,gc1s,1,0.36006584512923895,6
2020-12-15,si1s,1,0.3234140707761817,6
2020-12-15,gc1s,1,0.40865184339511834,6
2020-12-15,pl1s,1,0.7216146875226885,6
2020-12-16,pl1s,0,0.7810994516053813,6
2020-12-16,gc1s,1,0.3359374534067643,6
2020-12-16,si1s,1,0.4716510734063683,6
2020-12-17,si1s,0,0.5048340078206676,6
2020-12-17,pl1s,1,0.7602169553743743,6
2020-12-18,pl1s,1,0.7909646819661542,6
2020-12-18,si1s,0,0.35552648177708684,6
2020-12-21,pl1s,1,0.6997837865499823,6
2020-12-21,si1s,0,0.5976650279319743,6
2020-12-22,pl1s,0,0.7229543353143998,6
2020-12-22,si1s,1,0.5538046168593429,6
2020-12-23,pl1s,0,0.7451811477750817,6
2020-12-23,si1s,1,0.454934828728921,6
2020-12-24,si1s,1,0.3746639658030695,6
2020-12-24,gc1s,1,0.18051810942869906,6
2020-12-24,pl1s,0,0.663883612496019,6
2020-12-28,pl1s,0,0.7272217848560073,6
2020-12-28,gc1s,1,0.34214279882219994,6
2020-12-28,si1s,0,0.4949113707045136,6
2020-12-29,si1s,1,0.44326406529562673,6
2020-12-29,pl1s,0,0.791282052899285,6
2020-12-29,gc1s,1,0.3203937491817802,6
2020-12-30,pl1s,0,0.7582790080021329,6
2020-12-30,gc1s,1,0.307859962966165,6
2020-12-30,si1s,0,0.3244344251782787,6
2020-12-31,si1s,1,0.1962317290815967,6
2020-12-31,pl1s,1,0.6500695217698823,6
2020-12-31,gc1s,1,0.2285518677551736,6
2021-01-04,si1s,0,0.5332346981564905,6
2021-01-04,pl1s,1,0.747991557421932,6
2021-01-04,gc1s,0,0.5239893329906119,6
2021-01-05,si1s,1,0.559429634247643,6
2021-01-05,pl1s,0,0.7367787872657704,6
2021-01-07,pl1s,1,0.7089559667810614,6
2021-01-08,pl1s,0,0.7538100159573655,6
2021-01-08,si1s,0,0.5055061715304122,6
2021-01-11,pl1s,1,0.7409197484647276,6
2021-01-12,pl1s,0,0.7428631296147007,6
2021-01-12,si1s,0,0.4396209310159608,6
2021-01-13,pl1s,0,0.8276701079069995,6
2021-01-13,si1s,0,0.45460960098060144,6
2021-01-14,pl1s,1,0.7846075252186367,6
2021-01-14,si1s,1,0.5175145894018202,6
2021-01-15,pl1s,0,0.8318184215437807,6
2021-01-15,si1s,0,0.5865713509150047,6
2021-01-19,si1s,0,0.45365298962489903,6
2021-01-19,pl1s,0,0.6500689680834127,6
2021-01-20,si1s,0,0.5400472263404893,6
2021-01-20,pl1s,0,0.6800032807505881,6
2021-01-20,gc1s,1,0.5604206569496247,6
2021-01-21,pl1s,1,0.7495100307136132,6
2021-01-21,gc1s,1,0.47001816874965985,6
2021-01-21,si1s,0,0.37009744641145553,6
2021-01-22,pl1s,1,0.7148037930651047,6
2021-01-22,si1s,0,0.52802357145382,6
2021-01-25,pl1s,0,0.6581656859851898,6
2021-01-25,si1s,0,0.3943302889672151,6
2021-01-26,si1s,0,0.27777674828626037,6
2021-01-26,pl1s,1,0.6355086842940283,6
2021-01-27,si1s,0,0.43103268478443746,6
2021-01-28,si1s,0,0.7205386686742128,6
2021-01-28,pl1s,1,0.7377720038481915,6
2021-01-29,pl1s,1,0.7904870913040407,6
2021-02-01,pl1s,1,0.6958555765222383,6
2021-02-01,si1s,1,0.6924499358515104,6
2021-02-02,pl1s,1,0.5753562836034984,6
2021-02-03,si1s,0,0.6741644945056783,6
2021-02-04,pl1s,1,0.8286514665851679,6
2021-02-04,si1s,1,0.6551229213079736,6
2021-02-04,gc1s,1,0.7192729024775436,6
2021-02-05,pl1s,1,0.7010008565571034,6
2021-02-05,si1s,1,0.558071229733876,6
2021-02-08,si1s,0,0.6279541136310358,6
2021-02-08,pl1s,1,0.7747216235359092,6
2021-02-09,pl1s,0,0.7637449119743237,6
2021-02-09,si1s,0,0.5394333075672967,6
2021-02-10,pl1s,0,0.7408298922178399,6
2021-02-10,si1s,0,0.49963350871578677,6
2021-02-11,pl1s,0,0.7222668904375438,6
2021-02-11,si1s,0,0.4132090267722128,6
2021-02-12,pl1s,0,0.6106506156010975,6
2021-02-12,si1s,0,0.3655180212591708,6
2021-02-16,pl1s,1,0.6706385369332316,6
2021-02-16,si1s,0,0.5065374081604078,6
2021-02-17,si1s,0,0.567816977390449,6
2021-02-17,pl1s,0,0.7701407989350489,6
2021-02-18,pl1s,0,0.7414615611029245,6
2021-02-18,si1s,0,0.5000783222605003,6
2021-02-19,pl1s,1,0.7297630934793832,6
2021-02-19,gc1s,1,0.6314179557531758,6
2021-02-19,si1s,0,0.5792353526864767,6
2021-02-22,pl1s,1,0.6927778841278466,6
2021-02-22,si1s,1,0.5371670861182176,6
2021-02-23,si1s,1,0.7132307042842198,6
2021-02-23,pl1s,0,0.6693770105442594,6
2021-02-24,si1s,0,0.5301426551090154,6
2021-02-24,pl1s,1,0.7404731651731498,6
2021-02-25,pl1s,1,0.7630395763574559,6
2021-02-26,pl1s,0,0.7487144267289375,6
2021-02-26,gc1s,0,0.7666637051079145,6
2021-02-26,si1s,0,0.6038387868987302,6
2021-03-01,pl1s,0,0.6526075346481174,6
2021-03-01,si1s,1,0.4113560181305991,6
2021-03-01,gc1s,0,0.5898575028958521,6
2021-03-02,gc1s,0,0.5858641191973525,6
2021-03-02,si1s,0,0.4205979177121886,6
2021-03-02,pl1s,1,0.6817932780409129,6
2021-03-03,gc1s,0,0.6130340137962501,6
2021-03-03,si1s,0,0.5811320279886951,6
2021-03-03,pl1s,0,0.7704486303357868,6
2021-03-04,si1s,0,0.725719382894341,6
2021-03-04,gc1s,0,0.6838173152288839,6
2021-03-04,pl1s,0,0.8339480920964778,6
2021-03-05,pl1s,1,0.8737733477749869,6
2021-03-05,si1s,0,0.7377305714319569,6
2021-03-05,gc1s,0,0.7223177001498069,6
2021-03-08,gc1s,1,0.6245910520983745,6
2021-03-08,si1s,0,0.5856826064100144,6
2021-03-08,pl1s,1,0.763499182889391,6
2021-03-09,pl1s,1,0.7600984051377814,6
2021-03-09,gc1s,1,0.4419963000370426,6
2020-05-14,si1s,1,0.39038948374669585,7
2020-05-14,pl1s,1,0.7193730395535445,7
2020-05-15,si1s,1,0.3370397766156709,7
2020-05-18,pl1s,1,0.39784427104475756,7
2020-05-18,si1s,1,0.25516918096156377,7
2020-05-19,si1s,0,0.2832520647752881,7
2020-05-19,pl1s,1,0.5010661744587228,7
2020-05-20,si1s,0,0.3623445114702524,7
2020-05-20,gc1s,1,0.4834318251726636,7
2020-05-21,si1s,1,0.37294419812885143,7
2020-05-21,gc1s,0,0.5786253922740487,7
2020-05-22,gc1s,1,0.13361384634754866,7
2020-05-22,si1s,0,0.34923156249752624,7
2020-05-22,pl1s,1,0.3975898713313499,7
2020-05-26,gc1s,0,0.7018157681752162,7
2020-05-26,pl1s,0,0.5712841620582573,7
2020-05-26,si1s,0,0.4762027072620358,7
2020-05-27,gc1s,0,0.6640819981618351,7
2020-05-27,si1s,0,0.5237949473297061,7
2020-05-27,pl1s,1,0.6106026413743985,7
2020-05-28,gc1s,0,0.6288074509831807,7
2020-05-28,pl1s,0,0.7119296169098898,7
2020-05-28,si1s,0,0.4703881374491212,7
2020-05-29,si1s,0,0.34341110072541325,7
2020-05-29,pl1s,0,0.5063531463757398,7
2020-06-01,pl1s,1,0.4284310342780742,7
2020-06-01,si1s,1,0.22707602794631712,7
2020-06-02,pl1s,1,0.4868525884089442,7
2020-06-02,gc1s,1,0.3226057573563939,7
2020-06-02,si1s,1,0.3126727832682656,7
2020-06-03,pl1s,0,0.40435278587086154,7
2020-06-04,pl1s,1,0.5169723156198697,7
2020-06-04,si1s,1,0.265057636981111,7
2020-06-05,pl1s,1,0.5907287361252694,7
2020-06-08,pl1s,1,0.5674836650154254,7
2020-06-09,si1s,0,0.2398206714919984,7
2020-06-09,pl1s,1,0.686550384187275,7
2020-06-10,si1s,0,0.2405806133121801,7
2020-06-10,pl1s,1,0.5988353111550869,7
2020-06-11,si1s,1,0.397921979588943,7
2020-06-11,pl1s,1,0.6527348894568791,7
2020-06-12,pl1s,0,0.6024443847060077,7
2020-06-12,si1s,0,0.33197206219946984,7
2020-06-15,si1s,0,0.3744330118391509,7
2020-06-15,pl1s,0,0.540715786708349,7
2020-06-16,si1s,0,0.5321656440629096,7
2020-06-16,pl1s,1,0.5696885338902111,7
2020-06-17,si1s,1,0.4206239083120994,7
2020-06-17,pl1s,0,0.600750915507291,7
2020-06-18,si1s,0,0.4533841044279036,7
2020-06-18,pl1s,1,0.6290246622412435,7
2020-06-19,si1s,0,0.5005842917357506,7
2020-06-19,gc1s,1,0.566572575541547,7
2020-06-19,pl1s,1,0.5964212442321516,7
2020-06-22,gc1s,1,0.4967519462549755,7
2020-06-22,si1s,0,0.485502540919043,7
2020-06-23,si1s,1,0.3169114301208174,7
2020-06-23,gc1s,0,0.4647503337722065,7
2020-06-24,pl1s,0,0.7325042426609667,7
2020-06-24,si1s,0,0.3577441105487759,7
2020-06-25,pl1s,1,0.700441976931883,7
2020-06-25,gc1s,1,0.34073152075450946,7
2020-06-25,si1s,0,0.327668631641073,7
2020-06-26,pl1s,1,0.7723086671864146,7
2020-06-26,gc1s,1,0.41291663874499324,7
2020-06-26,si1s,0,0.3464224808585055,7
2020-06-29,pl1s,1,0.6338479012438514,7
2020-06-29,gc1s,1,0.3562052816386336,7
2020-06-29,si1s,1,0.3548255563865504,7
2020-06-30,pl1s,0,0.43729526517303624,7
2020-07-01,pl1s,0,0.5958710672112908,7
2020-07-01,si1s,0,0.2516379884002328,7
2020-07-02,gc1s,1,0.2920933298675905,7
2020-07-02,si1s,0,0.13415230111361848,7
2020-07-02,pl1s,1,0.37605624528876747,7
2020-07-06,pl1s,1,0.38116130884698085,7
2020-07-06,gc1s,1,0.3516363057245891,7
2020-07-06,si1s,1,0.16154392204257903,7
2020-07-07,pl1s,1,0.46433856362973663,7
2020-07-07,gc1s,0,0.4373460383812538,7
2020-07-07,si1s,1,0.2134380485955948,7
2020-07-08,gc1s,0,0.33066118451737375,7
2020-07-08,si1s,0,0.1758013887190228,7
2020-07-08,pl1s,0,0.35408850164486094,7
2020-07-09,gc1s,0,0.3993641660578761,7
2020-07-09,si1s,0,0.21303972147202993,7
2020-07-09,pl1s,0,0.5111814314944001,7
2020-07-10,si1s,0,0.14962166020015932,7
2020-07-10,gc1s,1,0.2907426137871753,7
2020-07-10,pl1s,1,0.27943558564480925,7
2020-07-13,si1s,1,0.252481191471485,7
2020-07-13,gc1s,0,0.28933487512717837,7
2020-07-13,pl1s,0,0.37680623286071846,7
2020-07-14,pl1s,1,0.455736139808938,7
2020-07-14,si1s,0,0.2742585973755606,7
2020-07-14,gc1s,0,0.25945632785822537,7
2020-07-15,pl1s,0,0.41218744238082733,7
2020-07-15,gc1s,0,0.3078769429307379,7
2020-07-15,si1s,0,0.27702043072826543,7
2020-07-16,gc1s,1,0.32133599112824207,7
2020-07-16,pl1s,1,0.45938760845039184,7
2020-07-17,si1s,0,0.19128575283232013,7
2020-07-17,pl1s,1,0.29060768053565195,7
2020-07-20,si1s,0,0.1614858998884355,7
2020-07-20,pl1s,1,0.28867190117129515,7
2020-07-21,si1s,0,0.15618728412999333,7
2020-07-22,si1s,0,0.20247982606485995,7
2020-07-22,pl1s,0,0.23750683208044374,7
2020-07-23,si1s,0,0.3725786168497683,7
2020-07-23,pl1s,1,0.2479221692749445,7
2020-07-24,pl1s,0,0.2012549502863613,7
2020-07-24,si1s,0,0.23999341893078696,7
2020-07-27,pl1s,0,0.22660542515420723,7
2020-07-27,si1s,1,0.24261047918993198,7
2020-07-28,pl1s,1,0.2739896113130495,7
2020-07-28,si1s,1,0.29662145222661074,7
2020-07-29,si1s,1,0.5732658078300022,7
2020-07-29,pl1s,1,0.3935276710993182,7
2020-07-30,si1s,0,0.5286612915783336,7
2020-07-30,pl1s,1,0.4209327343291981,7
2020-07-31,si1s,0,0.5870950960858724,7
2020-07-31,pl1s,1,0.39587494941249773,7
2020-08-03,si1s,0,0.6998180488277128,7
2020-08-03,pl1s,1,0.4010922566656406,7
2020-08-04,si1s,0,0.4982021096307644,7
2020-08-04,pl1s,0,0.45373002199908563,7
2020-08-05,pl1s,0,0.40576188179609823,7
2020-08-05,si1s,0,0.49618845987384186,7
2020-08-06,si1s,1,0.47480776301946126,7
2020-08-06,pl1s,1,0.32390200529769153,7
2020-08-07,pl1s,0,0.25152182769079967,7
2020-08-07,si1s,0,0.42183221052103553,7
2020-08-10,si1s,1,0.4100657262183549,7
2020-08-10,pl1s,1,0.24383558744183997,7
2020-08-11,pl1s,0,0.45738851969963645,7
2020-08-11,si1s,1,0.3839429141679688,7
2020-08-12,si1s,1,0.6578669605493569,7
2020-08-12,pl1s,0,0.35889632610982214,7
2020-08-13,si1s,1,0.3306739536906575,7
2020-08-13,pl1s,1,0.3305040193640043,7
2020-08-14,si1s,0,0.404995665268899,7
2020-08-14,pl1s,0,0.3943414410418258,7
2020-08-17,pl1s,0,0.30027723574762405,7
2020-08-17,si1s,0,0.2513059475756619,7
2020-08-18,si1s,1,0.3437673239503459,7
2020-08-18,pl1s,1,0.4301610985407665,7
2020-08-18,gc1s,1,0.3687223984666469,7
2020-08-19,pl1s,0,0.4501534106400658,7
2020-08-19,si1s,1,0.4414663118070342,7
2020-08-19,gc1s,1,0.473516888211061,7
2021-03-09,si1s,0,0.37284794862679527,7
2021-03-10,gc1s,1,0.3493613112965063,7
2021-03-10,si1s,0,0.3625973856928647,7
2021-03-10,pl1s,1,0.44095522002070187,7
2021-03-11,si1s,0,0.33803557902735015,7
2021-03-11,pl1s,0,0.42636080913262686,7
2021-03-11,gc1s,0,0.2786192000561115,7
2021-03-12,pl1s,1,0.3272778366201447,7
2021-03-12,gc1s,1,0.332856118472424,7
2021-03-12,si1s,1,0.3816720357047819,7
2021-03-15,gc1s,0,0.24876681056248626,7
2021-03-15,si1s,1,0.22765626271594683,7
2021-03-15,pl1s,1,0.23356055051347044,7
2021-03-16,pl1s,0,0.23958950645545002,7
2021-03-16,si1s,0,0.259460522663144,7
2021-03-16,gc1s,0,0.2487084568493019,7
2021-03-17,pl1s,1,0.3699943791247556,7
2021-03-17,si1s,0,0.34587981678815155,7
2021-03-17,gc1s,0,0.2913681244872156,7
2021-03-18,pl1s,0,0.3528647806941743,7
2021-03-18,gc1s,0,0.29748318458517653,7
2021-03-18,si1s,1,0.3889477016344565,7
2021-03-19,gc1s,0,0.27644989536827547,7
2021-03-19,si1s,1,0.3190565152213903,7
2021-03-19,pl1s,0,0.40719067469467657,7
2021-03-22,pl1s,0,0.1864336015147411,7
2021-03-22,si1s,0,0.21361304566142136,7
2021-03-23,si1s,0,0.2847621951581184,7
2021-03-23,pl1s,1,0.23641057719769032,7
2021-03-24,si1s,0,0.22215927678574382,7
2021-03-24,pl1s,0,0.2186603655569057,7
2021-03-25,si1s,0,0.3115764436028069,7
2021-03-25,pl1s,1,0.3181361990377032,7
2021-03-26,si1s,0,0.14475033433891765,7
2021-03-26,pl1s,1,0.1932021398077702,7
2021-03-29,pl1s,0,0.27180052500557045,7
2021-03-29,si1s,0,0.2179295085958581,7
2021-03-30,pl1s,1,0.2760655503760318,7
2021-03-30,si1s,1,0.26570010678170136,7
2021-03-31,pl1s,1,0.20832700058305173,7
2021-03-31,si1s,1,0.24937463964650217,7
2021-04-01,pl1s,1,0.3223761066049943,7
2021-04-01,si1s,0,0.20320662943761084,7
2021-04-05,pl1s,1,0.24528322538744884,7
2021-04-05,si1s,1,0.1586622917818559,7
2021-04-06,si1s,0,0.12493523499954445,7
2021-04-06,gc1s,0,0.14486947644036383,7
2021-04-07,pl1s,1,0.28224700868943847,7
2021-04-07,gc1s,0,0.16076997377342211,7
2021-04-07,si1s,0,0.1466422347706773,7
2021-04-08,si1s,0,0.15138786047296401,7
2021-04-08,pl1s,0,0.21125628560125176,7
2021-04-09,pl1s,0,0.27127469612974225,7
2021-04-09,gc1s,0,0.08331884789430284,7
2021-04-09,si1s,0,0.08148969479687403,7
2021-04-12,pl1s,0,0.28531898422502316,7
2021-04-12,si1s,1,0.08728342423252022,7
2021-04-13,si1s,1,0.12578665909305198,7
2021-04-13,pl1s,1,0.4048725374499031,7
2021-04-14,si1s,1,0.11500489458017728,7
2021-04-14,pl1s,1,0.3633297036707068,7
2021-04-15,pl1s,1,0.36669958305258127,7
2021-04-16,si1s,0,0.06508576969903036,7
2021-04-16,pl1s,0,0.255662155666786,7
2021-04-20,pl1s,1,0.340259923033042,7
2021-04-21,pl1s,0,0.348787690572614,7
2021-04-21,si1s,1,0.1022694922072129,7
2021-04-22,pl1s,1,0.32615599018808766,7
2021-04-23,pl1s,1,0.27540233634478023,7
2021-04-26,pl1s,1,0.2377524686988446,7
2021-04-26,si1s,0,0.06514797927026802,7
2021-04-27,pl1s,0,0.2930437887580913,7
2021-04-27,si1s,1,0.23392455327795866,7
2021-04-28,si1s,0,0.14357718114664195,7
2021-04-28,pl1s,0,0.26912722658314725,7
2021-04-29,pl1s,1,0.36844105083959666,7
2021-04-29,si1s,0,0.20756153199872596,7
2021-04-30,si1s,1,0.18444193360931116,7
2021-04-30,pl1s,1,0.4409390420741356,7
2021-05-03,si1s,1,0.19965033539332588,7
2021-05-03,pl1s,1,0.3994759293584963,7
2021-05-04,pl1s,0,0.40232128774986387,7
2021-05-04,si1s,1,0.17701064623581933,7
2021-05-05,pl1s,1,0.44067751255910026,7
2021-05-05,si1s,1,0.23142253960060957,7
2021-05-06,si1s,0,0.21661437367925973,7
2021-05-06,pl1s,0,0.3338642867617729,7
2021-05-07,gc1s,0,0.15155968756288782,7
2021-05-07,si1s,0,0.15890274483091302,7
2021-05-07,pl1s,1,0.33513781742020265,7
2021-05-10,si1s,0,0.24134285312849632,7
2021-05-10,pl1s,0,0.4191743741047167,7
2021-05-11,pl1s,0,0.4946564460834746,7
2021-05-11,si1s,1,0.2810611470595551,7
2021-05-12,si1s,0,0.2999346912958057,7
2021-05-12,pl1s,0,0.5829610095364455,7
2021-05-12,gc1s,1,0.20873329748160352,7
2021-05-13,si1s,0,0.259968790874116,7
2021-05-13,pl1s,1,0.6035917478008289,7
2021-05-13,gc1s,1,0.2523367906052704,7
2021-05-14,pl1s,1,0.47950171916770323,7
2021-05-14,si1s,0,0.18370077424243392,7
2021-05-17,pl1s,0,0.3102650155301042,7
2021-05-17,gc1s,1,0.17618479838075385,7
2021-05-17,si1s,1,0.1632123751723965,7
2021-05-18,pl1s,0,0.4324204899123381,7
2021-05-18,si1s,1,0.18538726342454678,7
2021-05-18,gc1s,1,0.14738446053723633,7
2021-05-19,pl1s,1,0.4502624858287146,7
2021-05-19,gc1s,0,0.12428344002538509,7
2021-05-19,si1s,1,0.16544702144600876,7
2021-05-20,si1s,1,0.16578332938695775,7
2021-05-20,pl1s,0,0.47426868970454206,7
2021-05-20,gc1s,0,0.10781519396838588,7
2021-05-21,pl1s,1,0.6433697694973971,7
2021-05-21,si1s,0,0.17358147890542008,7
2021-05-24,si1s,0,0.2206702818628455,7
2021-05-24,pl1s,1,0.4165156166639006,7
2021-05-25,si1s,0,0.2620023386302985,7
2021-05-25,pl1s,1,0.4330079546697346,7
2021-05-26,pl1s,0,0.4060005771781919,7
2021-05-27,pl1s,1,0.3832502057775245,7
2021-05-28,gc1s,0,0.24328348696876356,7
2021-05-28,pl1s,1,0.31354047170957344,7
2021-05-28,si1s,0,0.277157272794713,7
2021-06-01,gc1s,0,0.271450690759268,7
2021-06-01,si1s,0,0.22415139813588733,7
2021-06-01,pl1s,0,0.49170969172294965,7
2021-06-02,si1s,1,0.2564852175981482,7
2021-06-02,pl1s,0,0.4589320616683146,7
2021-06-03,pl1s,1,0.5235382791190414,7
2021-06-03,si1s,1,0.29569237627141914,7
2021-06-04,pl1s,1,0.5538958035295768,7
2021-06-07,pl1s,0,0.3558833385829986,7
2021-06-08,pl1s,0,0.35884154849071526,7
2021-06-08,si1s,0,0.23460409509132613,7
2021-06-09,pl1s,0,0.38919864114982455,7
2021-06-09,si1s,0,0.27741785779756073,7
2021-06-10,si1s,0,0.22482403076202528,7
2021-06-11,pl1s,1,0.3575784999419163,7
2021-06-11,si1s,1,0.19307958683413637,7
2021-06-14,si1s,1,0.2914941859573271,7
2021-06-14,pl1s,0,0.3638112371595511,7
2021-06-15,si1s,0,0.24255882543244922,7
2021-06-15,pl1s,0,0.4258498583024025,7
2021-06-16,si1s,1,0.3031591415438904,7
2021-06-16,pl1s,0,0.7366306150151366,7
2021-06-17,si1s,1,0.6630272931958424,7
2021-06-17,pl1s,0,0.8049639498992521,7
2021-06-18,pl1s,1,0.8277573939672291,7
2020-05-14,si1s,1,0.21485140977272416,8
2020-05-14,pl1s,1,0.5592607419451374,8
2020-05-15,si1s,1,0.19298274013431505,8
2020-05-18,pl1s,1,0.49345393033493185,8
2020-05-18,si1s,1,0.3714194906538715,8
2020-05-19,si1s,0,0.3295182539006566,8
2020-05-19,pl1s,1,0.5669309234054779,8
2020-05-20,si1s,0,0.33595388441726726,8
2020-05-20,gc1s,1,0.27986779553772406,8
2020-05-21,si1s,1,0.23029348706430058,8
2020-05-21,gc1s,0,0.2245514838059075,8
2020-05-22,gc1s,1,0.5395360803024336,8
2020-05-22,si1s,0,0.24785623091522938,8
2020-05-22,pl1s,1,0.2154275376442666,8
2020-05-26,gc1s,0,0.3635527046926484,8
2020-05-26,pl1s,0,0.5197944607641705,8
2020-05-26,si1s,0,0.4392687182555878,8
2020-05-27,gc1s,0,0.25829676185648065,8
2020-05-27,si1s,0,0.44276451238326436,8
2020-05-27,pl1s,1,0.5032809484140491,8
2020-05-28,gc1s,0,0.3620349553208812,8
2020-05-28,pl1s,0,0.6237513626714688,8
2020-05-28,si1s,0,0.44854093304423776,8
2020-05-29,si1s,0,0.35427677245291217,8
2020-05-29,pl1s,0,0.4709330978888922,8
2020-06-01,pl1s,1,0.6009272968427574,8
2020-06-01,si1s,1,0.49081166812803284,8
2020-06-02,pl1s,1,0.5647144411056543,8
2020-06-02,gc1s,1,0.16332093111900411,8
2020-06-02,si1s,1,0.3950474668682785,8
2020-06-03,pl1s,0,0.46961882517969,8
2020-06-04,pl1s,1,0.5216368011850806,8
2020-06-04,si1s,1,0.222781703137728,8
2020-06-05,pl1s,1,0.7027011291539643,8
2020-06-08,pl1s,1,0.6072395178129966,8
2020-06-09,si1s,0,0.2824970760191682,8
2020-06-09,pl1s,1,0.7764982677965112,8
2020-06-10,si1s,0,0.1603499279044253,8
2020-06-10,pl1s,1,0.5576451393540406,8
2020-06-11,si1s,1,0.17002146259882814,8
2020-06-11,pl1s,1,0.49289331941660974,8
2020-06-12,pl1s,0,0.4128732719642831,8
2020-06-12,si1s,0,0.13061400611128512,8
2020-06-15,si1s,0,0.18509498056158646,8
2020-06-15,pl1s,0,0.49210885517528175,8
2020-06-16,si1s,0,0.3619738133296482,8
2020-06-16,pl1s,1,0.4395640742183888,8
2020-06-17,si1s,1,0.25588117143331407,8
2020-06-17,pl1s,0,0.39004579270427436,8
2020-06-18,si1s,0,0.27754370988351046,8
2020-06-18,pl1s,1,0.5185081810900173,8
2020-06-19,si1s,0,0.5086962988915292,8
2020-06-19,gc1s,1,0.33468396048859084,8
2020-06-19,pl1s,1,0.44401633185303546,8
2020-06-22,gc1s,1,0.3192783455234424,8
2020-06-22,si1s,0,0.597251468847041,8
2020-06-23,si1s,1,0.28777229522388853,8
2020-06-23,gc1s,0,0.3377542476786351,8
2020-06-24,pl1s,0,0.5701950040883207,8
2020-06-24,si1s,0,0.2370934994848172,8
2020-06-25,pl1s,1,0.5544467291259133,8
2020-06-25,gc1s,1,0.16252251316213043,8
2020-06-25,si1s,0,0.20276491035439856,8
2020-06-26,pl1s,1,0.6831219080227987,8
2020-06-26,gc1s,1,0.13915234335552515,8
2020-06-26,si1s,0,0.20431618415764394,8
2020-06-29,pl1s,1,0.4565488422689981,8
2020-06-29,gc1s,1,0.2477836328563819,8
2020-06-29,si1s,1,0.26984488412517404,8
2020-06-30,pl1s,0,0.4349615421132605,8
2020-07-01,pl1s,0,0.659451810372434,8
2020-07-01,si1s,0,0.1875088680257928,8
2020-07-02,gc1s,1,0.17424711953613478,8
2020-07-02,si1s,0,0.09114886356621238,8
2020-07-02,pl1s,1,0.42087008019271976,8
2020-07-06,pl1s,1,0.43107579835905807,8
2020-07-06,gc1s,1,0.3387130284943453,8
2020-07-06,si1s,1,0.15084825855350162,8
2020-07-07,pl1s,1,0.4305039832599611,8
2020-07-07,gc1s,0,0.32165060351267644,8
2020-07-07,si1s,1,0.18210080355824335,8
2020-07-08,gc1s,0,0.18116009169424221,8
2020-07-08,si1s,0,0.14527155849898413,8
2020-07-08,pl1s,0,0.2771427060445891,8
2020-07-09,gc1s,0,0.20901545338385086,8
2020-07-09,si1s,0,0.13096176226938516,8
2020-07-09,pl1s,0,0.3988429433576296,8
2020-07-10,si1s,0,0.08335718806563458,8
2020-07-10,gc1s,1,0.1855931513988582,8
2020-07-10,pl1s,1,0.20188384682341012,8
2020-07-13,si1s,1,0.23961512977759583,8
2020-07-13,gc1s,0,0.26739584705303115,8
2020-07-13,pl1s,0,0.25434899343208867,8
2020-07-14,pl1s,1,0.29903383290389196,8
2020-07-14,si1s,0,0.27674900506918876,8
2020-07-14,gc1s,0,0.27503248238941863,8
2020-07-15,pl1s,0,0.35052107411022826,8
2020-07-15,gc1s,0,0.2832237630299681,8
2020-07-15,si1s,0,0.30225144261843034,8
2020-07-16,gc1s,1,0.34726185064158843,8
2020-07-16,pl1s,1,0.4177579892229453,8
2020-07-17,si1s,0,0.21038279213598324,8
2020-07-17,pl1s,1,0.2763617382893485,8
2020-07-20,si1s,0,0.1681501157388706,8
2020-07-20,pl1s,1,0.3996958445528697,8
2020-07-21,si1s,0,0.2147529798522238,8
2020-07-22,si1s,0,0.17932160547738862,8
2020-07-22,pl1s,0,0.21424200500425694,8
2020-07-23,si1s,0,0.2971693858072794,8
2020-07-23,pl1s,1,0.23864380632005638,8
2020-07-24,pl1s,0,0.17661084575390645,8
2020-07-24,si1s,0,0.22794405068388932,8
2020-07-27,pl1s,0,0.23447141101860075,8
2020-07-27,si1s,1,0.3731718264470943,8
2020-07-28,pl1s,1,0.17805388818083018,8
2020-07-28,si1s,1,0.284340900572103,8
2020-07-29,si1s,1,0.7000109889508964,8
2020-07-29,pl1s,1,0.25482356129443595,8
2020-07-30,si1s,0,0.5548195093861468,8
2020-07-30,pl1s,1,0.23621996999578776,8
2020-07-31,si1s,0,0.7018500593860217,8
2020-07-31,pl1s,1,0.3973542372468349,8
2020-08-03,si1s,0,0.8561271554967671,8
2020-08-03,pl1s,1,0.4682463151404251,8
2020-08-04,si1s,0,0.6258720518081508,8
2020-08-04,pl1s,0,0.44053938636651085,8
2020-08-05,pl1s,0,0.2948916263650973,8
2020-08-05,si1s,0,0.7182614008986289,8
2020-08-06,si1s,1,0.6938315058740978,8
2020-08-06,pl1s,1,0.3661481864160084,8
2020-08-07,pl1s,0,0.18692090734710126,8
2020-08-07,si1s,0,0.5366705695747177,8
2020-08-10,si1s,1,0.738579664968227,8
2020-08-10,pl1s,1,0.22689600882037111,8
2020-08-11,pl1s,0,0.4004930599171851,8
2020-08-11,si1s,1,0.2776250482556129,8
2020-08-12,si1s,1,0.5059604001464565,8
2020-08-12,pl1s,0,0.2856363366537027,8
2020-08-13,si1s,1,0.3213666423395763,8
2020-08-13,pl1s,1,0.2847120869806791,8
2020-08-14,si1s,0,0.610873023952852,8
2020-08-14,pl1s,0,0.4709745143062262,8
2020-08-17,pl1s,0,0.3885831307451655,8
2020-08-17,si1s,0,0.39866119408848444,8
2020-08-18,si1s,1,0.5842515036630845,8
2020-08-18,pl1s,1,0.41552017290417187,8
2020-08-18,gc1s,1,0.33555139125500355,8
2020-08-19,pl1s,0,0.4142233116456865,8
2020-08-19,si1s,1,0.35395589444150294,8
2020-08-19,gc1s,1,0.2592932108861305,8
2021-06-18,si1s,1,0.7951565673504484,8
2021-06-21,si1s,0,0.5981309036126479,8
2021-06-21,pl1s,1,0.7831267618125439,8
2021-06-22,si1s,1,0.5162844195101687,8
2021-06-22,pl1s,1,0.764874089261384,8
2021-06-23,pl1s,1,0.4998355460804687,8
2021-06-23,si1s,0,0.42481537765967087,8
2021-06-24,si1s,0,0.4492813837816955,8
2021-06-25,si1s,0,0.726811150347467,8
2021-06-28,si1s,0,0.6083743113118819,8
2021-06-29,pl1s,1,0.5694258105310496,8
2021-06-29,si1s,1,0.6733447028170596,8
2021-06-30,si1s,0,0.6381675682663941,8
2021-06-30,pl1s,1,0.3448966635042797,8
2021-07-01,si1s,1,0.625423447969482,8
2021-07-01,pl1s,1,0.47928720373413297,8
2021-07-02,pl1s,0,0.35946290264358766,8
2021-07-02,si1s,1,0.3778941037935295,8
2021-07-06,pl1s,0,0.4684121942661333,8
2021-07-06,si1s,0,0.3477479560359733,8
2021-07-07,pl1s,0,0.49955459000565555,8
2021-07-08,si1s,1,0.39415977273483543,8
2021-07-08,pl1s,1,0.4934763323998546,8
2021-07-09,si1s,0,0.5769250071923165,8
2021-07-09,pl1s,1,0.6210031349373213,8
2021-07-12,si1s,0,0.6058431354277275,8
2021-07-12,pl1s,0,0.7043451221622093,8
2021-07-13,si1s,0,0.616735005773468,8
2021-07-13,pl1s,1,0.6768239914011712,8
2021-07-14,pl1s,1,0.6195570425262787,8
2021-07-15,si1s,1,0.551051623619738,8
2021-07-15,pl1s,0,0.612599463594621,8
2021-07-16,si1s,1,0.7133745525315136,8
2021-07-16,pl1s,0,0.5803922704306468,8
2021-07-19,si1s,0,0.7042733763521217,8
2021-07-19,pl1s,0,0.6369959164140084,8
2021-07-20,si1s,1,0.7174655061369525,8
2021-07-20,pl1s,1,0.712914873190852,8
2021-07-21,pl1s,1,0.694737473555101,8
2021-07-21,si1s,0,0.7013990907052862,8
2021-07-22,pl1s,0,0.4168348742596806,8
2021-07-22,si1s,0,0.568412336574193,8
2021-07-23,si1s,0,0.7796927478827692,8
2021-07-23,pl1s,1,0.9327995183108224,8
2021-07-26,pl1s,0,0.7894395408181872,8
2021-07-26,si1s,0,0.7448071945820507,8
2021-07-27,si1s,1,0.7649280221507083,8
2021-07-27,pl1s,1,0.8617098463954503,8
2021-07-28,si1s,1,0.5692621372958151,8
2021-07-28,pl1s,1,0.7557328020202474,8
2021-07-29,pl1s,0,0.8161515958129008,8
2021-07-29,si1s,0,0.506354784674052,8
2021-07-30,si1s,0,0.38341224928366197,8
2021-07-30,pl1s,1,0.8560979392758202,8
2021-08-02,pl1s,0,0.7280009873247393,8
2021-08-02,si1s,0,0.4788192856858874,8
2021-08-03,gc1s,1,0.6771599299529958,8
2021-08-03,si1s,0,0.5596642161053351,8
2021-08-03,pl1s,0,0.763207536555646,8
2021-08-04,gc1s,1,0.7645121155160315,8
2021-08-04,si1s,0,0.5755563306922904,8
2021-08-04,pl1s,0,0.8608876809449295,8
2021-08-05,si1s,0,0.5112074420578793,8
2021-08-06,si1s,0,0.9037538898779413,8
2021-08-09,gc1s,1,0.9399065530247884,8
2021-08-09,si1s,0,0.8404306621805155,8
2021-08-09,pl1s,1,0.9000797130822868,8
2021-08-10,pl1s,1,0.7922233970002863,8
2021-08-10,si1s,0,0.7038857594004212,8
2021-08-10,gc1s,1,0.9169294631105736,8
2021-08-11,si1s,0,0.5567007147688605,8
2021-08-11,gc1s,1,0.8842072555667079,8
2021-08-11,pl1s,1,0.6149679844985693,8
2021-08-12,si1s,1,0.7730036908829707,8
2021-08-12,gc1s,1,0.8592705095238607,8
2021-08-13,si1s,0,0.5774206306837563,8
2021-08-16,si1s,0,0.8086767193700535,8
2021-08-16,pl1s,0,0.4605722843902236,8
2021-08-17,si1s,0,0.7866659771399084,8
2021-08-17,pl1s,1,0.6038862617705296,8
2021-08-18,pl1s,0,0.35966638111553856,8
2021-08-18,si1s,0,0.720400960732824,8
2021-08-19,pl1s,1,0.6597646045220467,8
2021-08-19,si1s,0,0.7725633052783052,8
2021-08-20,si1s,1,0.9051686674577482,8
2021-08-20,pl1s,1,0.5684932567366844,8
2021-08-23,si1s,1,0.8269009937547795,8
2021-08-23,pl1s,0,0.46471353994886255,8
2021-08-24,si1s,0,0.8706690993136452,8
2021-08-24,pl1s,1,0.43076369062119413,8
2021-08-25,pl1s,0,0.4236633639472095,8
2021-08-25,si1s,0,0.8742635499350021,8
2021-08-26,pl1s,1,0.409752358125018,8
2021-08-26,si1s,1,0.9567848874472308,8
2021-08-27,pl1s,0,0.24864194915499996,8
2021-08-27,si1s,0,0.7351610042310923,8
2021-08-30,si1s,0,0.7372727091460133,8
2021-08-30,pl1s,1,0.2088493917044548,8
2021-08-31,si1s,0,0.605653163083561,8
2021-08-31,pl1s,0,0.17868828966937866,8
2021-09-01,si1s,0,0.5125530521100512,8
2021-09-01,pl1s,0,0.17424881147258076,8
2021-09-02,si1s,0,0.3204746626207415,8
2021-09-02,pl1s,1,0.19893852284386712,8
2021-09-03,si1s,1,0.1765947976835043,8
2021-09-03,pl1s,0,0.2163176835878456,8
2021-09-07,pl1s,0,0.3017743842197317,8
2021-09-07,si1s,1,0.45684923072059375,8
2021-09-08,si1s,0,0.3296683333687929,8
2021-09-08,pl1s,0,0.5019168726279024,8
2021-09-09,pl1s,0,0.430760897319449,8
2021-09-09,si1s,1,0.2721639622512064,8
2021-09-10,pl1s,1,0.567334207807644,8
2021-09-10,si1s,0,0.3467688160400063,8
2021-09-13,pl1s,0,0.36024369726728306,8
2021-09-13,si1s,0,0.47339435112308964,8
2021-09-14,si1s,0,0.30378028521170947,8
2021-09-14,pl1s,0,0.4411198360193497,8
2021-09-15,pl1s,0,0.6593201272861688,8
2021-09-15,si1s,0,0.32004218369905746,8
2021-09-16,si1s,0,0.6998354098751214,8
2021-09-16,pl1s,1,0.8087454547594367,8
2021-09-17,si1s,0,0.5876484332361357,8
2021-09-17,pl1s,0,0.7754843685435254,8
2021-09-20,si1s,1,0.4397673218223231,8
2021-09-20,gc1s,0,0.4083213762660923,8
2021-09-20,pl1s,1,0.6381901565606521,8
2021-09-21,si1s,1,0.46120187511691524,8
2021-09-21,gc1s,0,0.38632310228032696,8
2021-09-21,pl1s,1,0.3228143813590482,8
2021-09-22,si1s,0,0.4869234822825803,8
2021-09-22,pl1s,0,0.5084301797413024,8
2021-09-22,gc1s,0,0.39342432738394856,8
2021-09-23,pl1s,0,0.7833317410809602,8
2021-09-23,gc1s,0,0.6514638246648513,8
2021-09-23,si1s,0,0.569012157449758,8
2021-09-24,gc1s,0,0.5034002423826883,8
2021-09-24,si1s,0,0.5734310252664425,8
2021-09-27,si1s,0,0.7829371835667311,8
2021-09-27,gc1s,0,0.42159596584021936,8
2021-09-27,pl1s,0,0.4987899771863991,8
2021-09-28,si1s,0,0.7590215325642705,8
2021-09-28,pl1s,0,0.341145565863256,8
2021-09-28,gc1s,0,0.6050909665510967,8
2021-09-29,si1s,1,0.7223353088005188,8
2021-09-29,pl1s,1,0.38001535940892617,8
2021-09-29,gc1s,1,0.4892644911500607,8
2021-09-30,si1s,1,0.6385480744259335,8
2021-09-30,pl1s,1,0.3928917069837903,8
2021-10-01,pl1s,0,0.4740369499990941,8
2021-10-04,pl1s,0,0.3297014396035311,8
2020-08-20,si1s,0,0.11379471588005652,9
2020-08-20,gc1s,0,0.517596081840587,9
2020-08-20,pl1s,0,0.5280018714855027,9
2020-08-21,pl1s,0,0.44999425504718343,9
2020-08-21,gc1s,0,0.418540146629264,9
2020-08-21,si1s,0,0.0776694355479015,9
2020-08-24,pl1s,1,0.5194311397833447,9
2020-08-24,gc1s,0,0.5417727208064935,9
2020-08-25,pl1s,1,0.28197661750647557,9
2020-08-25,si1s,1,0.10673453941686056,9
2020-08-26,pl1s,0,0.41152154816798125,9
2020-08-27,pl1s,1,0.6397876817584128,9
2020-08-27,si1s,0,0.09265049339035548,9
2020-08-28,pl1s,1,0.4156630985757101,9
2020-08-28,si1s,0,0.15590467300205998,9
2020-08-31,pl1s,1,0.3977356683037374,9
2020-08-31,si1s,1,0.13637197146219326,9
2020-09-01,si1s,1,0.18526733152874456,9
2020-09-01,pl1s,0,0.33377151612524547,9
2020-09-02,si1s,1,0.0932121284544345,9
2020-09-02,pl1s,0,0.38974928687674676,9
2020-09-03,si1s,0,0.16666158876566467,9
2020-09-03,pl1s,1,0.4420151460097057,9
2020-09-04,si1s,0,0.23898295246837364,9
2020-09-04,pl1s,1,0.5339791551588421,9
2020-09-08,si1s,0,0.35738332872978806,9
2020-09-08,pl1s,1,0.5189958069863593,9
2020-09-09,pl1s,1,0.43575206157107765,9
2020-09-10,si1s,0,0.20321335070022786,9
2020-09-11,si1s,1,0.16181760312355814,9
2020-09-14,si1s,0,0.116667355651481,9
2020-09-14,pl1s,0,0.43876013637544353,9
2020-09-15,pl1s,1,0.2394970248192959,9
2020-09-15,si1s,0,0.15440799919092135,9
2020-09-16,pl1s,0,0.19848646416408045,9
2020-09-16,si1s,0,0.24517634671745625,9
2020-09-17,pl1s,1,0.28822110906637943,9
2020-09-17,si1s,0,0.3374347658458708,9
2020-09-18,pl1s,0,0.4333607892215344,9
2020-09-18,si1s,0,0.35335086919058656,9
2020-09-21,si1s,1,0.26028584702521296,9
2020-09-21,pl1s,0,0.3564931915368374,9
2020-09-22,si1s,1,0.31896176900673984,9
2020-09-22,pl1s,0,0.5218705959989776,9
2020-09-23,gc1s,1,0.8110279619888471,9
2020-09-24,si1s,1,0.39552746176381753,9
2020-09-24,gc1s,0,0.7615315137109727,9
2020-09-25,pl1s,1,0.6689179086466992,9
2020-09-25,gc1s,1,0.7046021696827484,9
2020-09-28,gc1s,1,0.7192894400226281,9
2020-09-28,si1s,0,0.1486218580774218,9
2020-09-28,pl1s,1,0.7031909349090146,9
2020-09-29,gc1s,0,0.6068065246607286,9
2020-09-29,si1s,1,0.1428035182922539,9
2020-09-30,pl1s,0,0.4891210340592146,9
2020-09-30,gc1s,1,0.45106438570347335,9
2020-09-30,si1s,1,0.21283244493811102,9
2020-10-01,pl1s,0,0.5227570421717438,9
2020-10-02,si1s,1,0.32610340702911167,9
2020-10-02,pl1s,1,0.6956815617807919,9
2020-10-05,pl1s,0,0.5733010628712417,9
2020-10-05,si1s,1,0.30168629999514324,9
2020-10-06,pl1s,0,0.6498720919126189,9
2020-10-06,si1s,1,0.35978601047748077,9
2020-10-07,pl1s,0,0.6312346315635584,9
2020-10-07,si1s,1,0.27968722881314406,9
2020-10-08,pl1s,1,0.752446379003819,9
2020-10-08,si1s,1,0.3607507373947401,9
2020-10-09,si1s,1,0.5168458879838962,9
2020-10-09,pl1s,0,0.6412216101790066,9
2020-10-12,pl1s,0,0.5232313339483646,9
2020-10-12,si1s,1,0.4040692706009873,9
2020-10-13,pl1s,0,0.41087009353970183,9
2020-10-14,si1s,0,0.28575718294451824,9
2020-10-14,pl1s,0,0.3950915109058108,9
2020-10-15,pl1s,1,0.5619458287420152,9
2020-10-16,si1s,0,0.32909543312741035,9
2020-10-16,pl1s,0,0.6625936219605626,9
2020-10-19,gc1s,0,0.5964106911359471,9
2020-10-19,si1s,0,0.5855370056771655,9
2020-10-19,pl1s,1,0.6043404192102889,9
2020-10-20,pl1s,1,0.3865649992844727,9
2020-10-20,si1s,0,0.6227557371814065,9
2020-10-20,gc1s,0,0.5051158315964729,9
2020-10-21,gc1s,0,0.6343184315581947,9
2020-10-21,si1s,0,0.732002460801263,9
2020-10-21,pl1s,0,0.4137314352727066,9
2020-10-22,gc1s,0,0.3118448591015233,9
2020-10-22,pl1s,1,0.46233339733479795,9
2020-10-22,si1s,0,0.5569827098619136,9
2020-10-23,pl1s,0,0.4163741298346386,9
2020-10-23,gc1s,0,0.2661016151403534,9
2020-10-23,si1s,0,0.34934530773550204,9
2020-10-26,gc1s,0,0.3393510731237477,9
2020-10-26,pl1s,1,0.47200762270175056,9
2020-10-26,si1s,0,0.4275743004052318,9
2020-10-27,gc1s,0,0.393089850384306,9
2020-10-27,pl1s,0,0.3274267584083919,9
2020-10-27,si1s,0,0.3908315791497165,9
2020-10-28,si1s,1,0.24021002450653056,9
2020-10-28,pl1s,0,0.24263888120618587,9
2020-10-28,gc1s,0,0.15133634513528188,9
2020-10-29,si1s,1,0.3402911253531134,9
2020-10-29,pl1s,0,0.48099915166611523,9
2020-10-29,gc1s,1,0.18800871339174163,9
2020-10-30,gc1s,1,0.42939878794036884,9
2020-10-30,pl1s,1,0.6189883299154916,9
2020-10-30,si1s,1,0.5171401202976473,9
2020-11-02,pl1s,1,0.3974833714237557,9
2020-11-02,si1s,0,0.476030180870487,9
2020-11-03,gc1s,0,0.4665450099534357,9
2020-11-03,si1s,1,0.5351992727958195,9
2020-11-03,pl1s,0,0.41216224079467045,9
2020-11-04,si1s,1,0.6503249691175784,9
2020-11-04,pl1s,1,0.3340369128263623,9
2020-11-04,gc1s,1,0.21907320232560665,9
2020-11-05,pl1s,0,0.2759599575021312,9
2020-11-05,si1s,0,0.6363816889268061,9
2020-11-06,si1s,1,0.4250159394981045,9
2020-11-06,pl1s,0,0.3304604213694683,9
2020-11-09,si1s,1,0.28462489434624366,9
2020-11-09,pl1s,1,0.30842782536247054,9
2020-11-10,si1s,0,0.33916957219778765,9
2020-11-10,pl1s,0,0.2327316518015854,9
2020-11-10,gc1s,0,0.21607754103306648,9
2020-11-11,si1s,1,0.3165348525085131,9
2020-11-11,pl1s,1,0.48431004913779824,9
2020-11-12,si1s,0,0.23841517686926209,9
2020-11-12,pl1s,1,0.32649439736035235,9
2020-11-12,gc1s,0,0.32000007031503563,9
2020-11-13,si1s,0,0.2571921041561949,9
2020-11-13,pl1s,1,0.37725856070204217,9
2020-11-16,pl1s,1,0.23056592458977676,9
2020-11-16,si1s,0,0.23431741633293102,9
2020-11-17,pl1s,1,0.15907709783026147,9
2020-11-17,si1s,1,0.11151356403169557,9
2020-11-18,pl1s,1,0.18166740100072845,9
2020-11-18,si1s,0,0.09883820935650942,9
2020-11-19,si1s,0,0.15732672375559115,9
2020-11-19,pl1s,1,0.2455166980955142,9
2020-11-19,gc1s,0,0.23111099635474885,9
2020-11-20,pl1s,0,0.2615565109926888,9
2020-11-20,si1s,0,0.13707074130802097,9
2020-11-23,gc1s,0,0.29295814643658574,9
2020-11-23,pl1s,1,0.21699159884266153,9
2020-11-23,si1s,0,0.14899933030561585,9
2020-11-24,gc1s,0,0.518547538395147,9
2020-11-24,pl1s,1,0.20564358604244126,9
2020-11-24,si1s,0,0.1574106651256999,9
2020-11-25,gc1s,0,0.4040703619877515,9
2020-11-25,si1s,0,0.1328779334862561,9
2020-11-27,gc1s,0,0.6681184485980599,9
2020-11-27,si1s,1,0.27258029886033086,9
2020-11-30,gc1s,1,0.6798717416947134,9
2020-11-30,si1s,1,0.33244345977300516,9
2020-12-01,gc1s,1,0.6297014531255255,9
2020-12-01,pl1s,0,0.4854883047331434,9
2020-12-02,pl1s,0,0.5063919020866706,9
2020-12-02,gc1s,1,0.6086520744915209,9
2020-12-03,pl1s,0,0.5597362372805786,9
2020-12-03,si1s,1,0.47428023250351115,9
2020-12-04,si1s,1,0.5457641843519995,9
2020-12-04,pl1s,1,0.5297636391990401,9
2020-12-07,pl1s,1,0.524866133700682,9
2020-12-07,si1s,0,0.5489110448318303,9
2020-12-08,si1s,0,0.3999830970892879,9
2020-12-08,pl1s,1,0.27787682621207505,9
2020-12-09,pl1s,0,0.27974581036146706,9
2020-12-09,si1s,1,0.378639079526328,9
2020-12-10,pl1s,1,0.37838886874246536,9
2020-12-10,si1s,1,0.4050517346387563,9
2020-12-11,si1s,1,0.40840858192813634,9
2020-12-11,pl1s,1,0.5158212992925012,9
2020-12-14,si1s,1,0.36241164137282394,9
2020-12-14,pl1s,0,0.44261014278998007,9
2020-12-14,gc1s,1,0.6312921165976862,9
2020-12-15,si1s,1,0.4247497158323917,9
2020-12-15,gc1s,1,0.6549420870878331,9
2020-12-15,pl1s,1,0.4113510823424116,9
2020-12-16,pl1s,0,0.3732460542132152,9
2020-12-16,gc1s,1,0.5060035141023073,9
2020-12-16,si1s,1,0.4493978292377927,9
2020-12-17,si1s,0,0.502107135367711,9
2020-12-17,pl1s,1,0.4267313687364649,9
2020-12-18,pl1s,1,0.540771518603909,9
2020-12-18,si1s,0,0.41944368963895157,9
2020-12-21,pl1s,1,0.43883999604210455,9
2020-12-21,si1s,0,0.6091283045173448,9
2020-12-22,pl1s,0,0.4041101877563072,9
2020-12-22,si1s,1,0.46586301751477477,9
2020-12-23,pl1s,0,0.4275612962560577,9
2020-12-23,si1s,1,0.4512665308642839,9
2020-12-24,si1s,1,0.3220840386477181,9
2020-12-24,gc1s,1,0.41565485596207485,9
2020-12-24,pl1s,0,0.3121844253145847,9
2020-12-28,pl1s,0,0.4392178246601879,9
2020-12-28,gc1s,1,0.5594845826096855,9
2020-12-28,si1s,0,0.4550936644316909,9
2020-12-29,si1s,1,0.46686941435954166,9
2020-12-29,pl1s,0,0.5202693245369625,9
2020-12-29,gc1s,1,0.5681456004518052,9
2020-12-30,pl1s,0,0.4595766063210453,9
2020-12-30,gc1s,1,0.5436816360581824,9
2020-12-30,si1s,0,0.36453008592068786,9
2020-12-31,si1s,1,0.20329354555876006,9
2020-12-31,pl1s,1,0.35845622942416017,9
2020-12-31,gc1s,1,0.47997147516849803,9
2021-01-04,si1s,0,0.5625228953700651,9
2021-01-04,pl1s,1,0.7433339095013114,9
2021-01-04,gc1s,0,0.7793206974056758,9
2021-01-05,si1s,1,0.5257620275720141,9
2021-01-05,pl1s,0,0.6206906177587801,9
2021-01-07,pl1s,1,0.569458314901246,9
2021-01-08,pl1s,0,0.7148445387259569,9
2021-01-08,si1s,0,0.39982528554637853,9
2021-01-11,pl1s,1,0.6162064986337863,9
2021-01-12,pl1s,0,0.5355067100077545,9
2021-01-12,si1s,0,0.256612318219675,9
2021-01-13,pl1s,0,0.5979712272582991,9
2021-01-13,si1s,0,0.21321265884258792,9
2021-01-14,pl1s,1,0.5568972079138597,9
2021-01-14,si1s,1,0.33409891565469124,9
2021-01-15,pl1s,0,0.6246320260346043,9
2021-01-15,si1s,0,0.29015374243111347,9
2021-01-19,si1s,0,0.2187170887193027,9
2021-01-19,pl1s,0,0.42083465949427795,9
2021-01-20,si1s,0,0.23415617509917572,9
2021-01-20,pl1s,0,0.3640692085484986,9
2021-01-20,gc1s,1,0.44072353451330093,9
2021-01-21,pl1s,1,0.4807733714958685,9
2021-01-21,gc1s,1,0.462483135565422,9
2021-01-21,si1s,0,0.17314494169532205,9
2021-01-22,pl1s,1,0.5020180132345525,9
2021-01-22,si1s,0,0.41832478904844,9
2021-01-25,pl1s,0,0.5032540778081847,9
2021-01-25,si1s,0,0.22851734715372285,9
2021-01-26,si1s,0,0.16792418798084396,9
2021-01-26,pl1s,1,0.38532641603702755,9
2021-01-27,si1s,0,0.23959942909450574,9
2021-01-28,si1s,0,0.608144708342314,9
2021-01-28,pl1s,1,0.5832544390385204,9
2021-01-29,pl1s,1,0.8436493777760342,9
2021-02-01,pl1s,1,0.5583571533988368,9
2021-02-01,si1s,1,0.8025374450106472,9
2021-02-02,pl1s,1,0.4705562949483667,9
2021-02-03,si1s,0,0.624001235962517,9
2021-02-04,pl1s,1,0.7788668045900569,9
2021-02-04,si1s,1,0.5048125015794469,9
2021-02-04,gc1s,1,0.8270584967991608,9
2021-02-05,pl1s,1,0.6894640900670755,9
2021-02-05,si1s,1,0.5332983714921463,9
2021-02-08,si1s,0,0.613300453470719,9
2021-02-08,pl1s,1,0.7432747894109106,9
2021-02-09,pl1s,0,0.5716170145382985,9
2021-02-09,si1s,0,0.4468454247657037,9
2021-02-10,pl1s,0,0.5162211265654709,9
2021-02-10,si1s,0,0.3607237726704194,9
2021-02-11,pl1s,0,0.47795791317439107,9
2021-02-11,si1s,0,0.3336294184939935,9
2021-02-12,pl1s,0,0.48536898376249304,9
2021-02-12,si1s,0,0.25484126096704407,9
2021-02-16,pl1s,1,0.5415923560813368,9
2021-02-16,si1s,0,0.38437621223654805,9
2021-02-17,si1s,0,0.3801097020787055,9
2021-02-17,pl1s,0,0.5211838814853125,9
2021-02-18,pl1s,0,0.4910534991880801,9
2021-02-18,si1s,0,0.3198358170190225,9
2021-02-19,pl1s,1,0.5517164663822428,9
2021-02-19,gc1s,1,0.733850618486055,9
2021-02-19,si1s,0,0.4700073370180734,9
2021-02-22,pl1s,1,0.4543729288188093,9
2021-02-22,si1s,1,0.48118462907815157,9
2021-02-23,si1s,1,0.5420636507932419,9
2021-02-23,pl1s,0,0.3868457159164035,9
2021-02-24,si1s,0,0.4427133360333591,9
2021-02-24,pl1s,1,0.49130961697764947,9
2021-02-25,pl1s,1,0.5458047426481697,9
2021-02-26,pl1s,0,0.5115970119131544,9
2021-02-26,gc1s,0,0.6514396841587546,9
2021-02-26,si1s,0,0.3056034647833558,9
2021-03-01,pl1s,0,0.4120832683144237,9
2021-03-01,si1s,1,0.19368289373203743,9
2021-03-01,gc1s,0,0.55481829360812,9
2021-03-02,gc1s,0,0.545451336706677,9
2021-03-02,si1s,0,0.22158123701089244,9
2021-03-02,pl1s,1,0.37073297131049965,9
2021-03-03,gc1s,0,0.4691902375634747,9
2021-03-03,si1s,0,0.4084856192398779,9
2021-03-03,pl1s,0,0.5572876613914342,9
2021-03-04,si1s,0,0.35040229574542636,9
2021-03-04,gc1s,0,0.49998860828926195,9
2021-03-04,pl1s,0,0.6066395117602066,9
2021-03-05,pl1s,1,0.7531160109704607,9
2021-03-05,si1s,0,0.4687297164092414,9
2021-03-05,gc1s,0,0.706393788755568,9
2021-03-08,gc1s,1,0.6341935223883503,9
2021-03-08,si1s,0,0.3390039414869778,9
2021-03-08,pl1s,1,0.5981166151819846,9
2021-03-09,pl1s,1,0.9102933235839175,9
2021-03-09,gc1s,1,0.40051850579116255,9
2020-08-20,si1s,0,0.039053534304275855,10
2020-08-20,gc1s,0,0.41736845513194953,10
2020-08-20,pl1s,0,0.47891840998925667,10
2020-08-21,pl1s,0,0.41154849080242395,10
2020-08-21,gc1s,0,0.3791329084586003,10
2020-08-21,si1s,0,0.02788494770972561,10
2020-08-24,pl1s,1,0.48977157267860544,10
2020-08-24,gc1s,0,0.3728429456860623,10
2020-08-25,pl1s,1,0.23972342452864925,10
2020-08-25,si1s,1,0.12824038554391354,10
2020-08-26,pl1s,0,0.2915350306445923,10
2020-08-27,pl1s,1,0.5921214718766986,10
2020-08-27,si1s,0,0.0673940395413512,10
2020-08-28,pl1s,1,0.3042778526335206,10
2020-08-28,si1s,0,0.13862440408862184,10
2020-08-31,pl1s,1,0.43268479436801344,10
2020-08-31,si1s,1,0.09183244184912595,10
2020-09-01,si1s,1,0.11982825740118935,10
2020-09-01,pl1s,0,0.25588096430779944,10
2020-09-02,si1s,1,0.06330534514559452,10
2020-09-02,pl1s,0,0.35569295566736864,10
2020-09-03,si1s,0,0.32475214006154096,10
2020-09-03,pl1s,1,0.5251569288364127,10
2020-09-04,si1s,0,0.5217294774924605,10
2020-09-04,pl1s,1,0.6448282659627967,10
2020-09-08,si1s,0,0.6448463215094192,10
2020-09-08,pl1s,1,0.5298533429406052,10
2020-09-09,pl1s,1,0.3455779220581187,10
2020-09-10,si1s,0,0.3736514998565744,10
2020-09-11,si1s,1,0.42627985606907665,10
2020-09-14,si1s,0,0.16581501322825826,10
2020-09-14,pl1s,0,0.39082763706339185,10
2020-09-15,pl1s,1,0.11851382609187296,10
2020-09-15,si1s,0,0.1897059739897372,10
2020-09-16,pl1s,0,0.1395511812614295,10
2020-09-16,si1s,0,0.3219212782581554,10
2020-09-17,pl1s,1,0.37808735079555317,10
2020-09-17,si1s,0,0.512842510056406,10
2020-09-18,pl1s,0,0.6625427314435948,10
2020-09-18,si1s,0,0.5666722875326425,10
2020-09-21,si1s,1,0.3937856340008776,10
2020-09-21,pl1s,0,0.6948203357458078,10
2020-09-22,si1s,1,0.6278113690063207,10
2020-09-22,pl1s,0,0.872570577348457,10
2020-09-23,gc1s,1,0.9631331606832434,10
2020-09-24,si1s,1,0.6288781357451271,10
2020-09-24,gc1s,0,0.903148846884157,10
2020-09-25,pl1s,1,0.8923395547357234,10
2020-09-25,gc1s,1,0.8271176791315967,10
2020-09-28,gc1s,1,0.8198300165346516,10
2020-09-28,si1s,0,0.19772947396853746,10
2020-09-28,pl1s,1,0.7448580570736024,10
2020-09-29,gc1s,0,0.6426727588196917,10
2020-09-29,si1s,1,0.09836906140061119,10
2020-09-30,pl1s,0,0.3598003453728938,10
2020-09-30,gc1s,1,0.3986228372583877,10
2020-09-30,si1s,1,0.21622140075981858,10
2020-10-01,pl1s,0,0.5409582923613824,10
2020-10-02,si1s,1,0.37790588022059596,10
2020-10-02,pl1s,1,0.8003986456349312,10
2020-10-05,pl1s,0,0.7562154750138046,10
2020-10-05,si1s,1,0.2727440082981613,10
2020-10-06,pl1s,0,0.7888515045809099,10
2020-10-06,si1s,1,0.5372086510369449,10
2020-10-07,pl1s,0,0.8726465312028422,10
2020-10-07,si1s,1,0.513908095241156,10
2020-10-08,pl1s,1,0.8442723288823955,10
2020-10-08,si1s,1,0.5139032520099373,10
2020-10-09,si1s,1,0.3818206111757524,10
2020-10-09,pl1s,0,0.721152691848966,10
2020-10-12,pl1s,0,0.6560417899803528,10
2020-10-12,si1s,1,0.2804522076611051,10
2020-10-13,pl1s,0,0.4335829972065168,10
2020-10-14,si1s,0,0.11672530581258671,10
2020-10-14,pl1s,0,0.338865293861423,10
2020-10-15,pl1s,1,0.4017808956999302,10
2020-10-16,si1s,0,0.26949727587828926,10
2020-10-16,pl1s,0,0.737842429870777,10
2020-10-19,gc1s,0,0.7940885094121759,10
2020-10-19,si1s,0,0.4463257026568669,10
2020-10-19,pl1s,1,0.5818329549559492,10
2020-10-20,pl1s,1,0.24624967834676353,10
2020-10-20,si1s,0,0.603157749107195,10
2020-10-20,gc1s,0,0.6773062492403189,10
2020-10-21,gc1s,0,0.7903258472889556,10
2020-10-21,si1s,0,0.7248261582168162,10
2020-10-21,pl1s,0,0.37738142038218275,10
2020-10-22,gc1s,0,0.4511780054606223,10
2020-10-22,pl1s,1,0.4372525979254839,10
2020-10-22,si1s,0,0.5622028910194838,10
2020-10-23,pl1s,0,0.3328407238033458,10
2020-10-23,gc1s,0,0.3925554906961187,10
2020-10-23,si1s,0,0.4896923641759942,10
2020-10-26,gc1s,0,0.492842930008737,10
2020-10-26,pl1s,1,0.6277514714672894,10
2020-10-26,si1s,0,0.6921668171701856,10
2020-10-27,gc1s,0,0.6394725525665816,10
2020-10-27,pl1s,0,0.4853583085301532,10
2020-10-27,si1s,0,0.7688898916097355,10
2020-10-28,si1s,1,0.1726124207545631,10
2020-10-28,pl1s,0,0.17550527221199397,10
2020-10-28,gc1s,0,0.14637664670139777,10
2020-10-29,si1s,1,0.207435375661795,10
2020-10-29,pl1s,0,0.4511439477671299,10
2020-10-29,gc1s,1,0.15926342257120238,10
2020-10-30,gc1s,1,0.543618590453045,10
2020-10-30,pl1s,1,0.7478366634220883,10
2020-10-30,si1s,1,0.535045316405095,10
2020-11-02,pl1s,1,0.4158046094028709,10
2020-11-02,si1s,0,0.517416773478434,10
2020-11-03,gc1s,0,0.4758033820714399,10
2020-11-03,si1s,1,0.5061259735595871,10
2020-11-03,pl1s,0,0.4005794253957896,10
2020-11-04,si1s,1,0.9304805756929249,10
2020-11-04,pl1s,1,0.28603221449807564,10
2020-11-04,gc1s,1,0.1476123458433951,10
2020-11-05,pl1s,0,0.15496483488059978,10
2020-11-05,si1s,0,0.42622450944480117,10
2020-11-06,si1s,1,0.2255896597590606,10
2020-11-06,pl1s,0,0.32548421283047485,10
2020-11-09,si1s,1,0.10962688848153468,10
2020-11-09,pl1s,1,0.15040324997847124,10
2020-11-10,si1s,0,0.13336145124917667,10
2020-11-10,pl1s,0,0.09435053567378843,10
2020-11-10,gc1s,0,0.1561046558146082,10
2020-11-11,si1s,1,0.14874824110571508,10
2020-11-11,pl1s,1,0.3106982433827867,10
2020-11-12,si1s,0,0.1526006052826884,10
2020-11-12,pl1s,1,0.3701950933680226,10
2020-11-12,gc1s,0,0.43638711384287654,10
2020-11-13,si1s,0,0.22116306205944433,10
2020-11-13,pl1s,1,0.5957052258565313,10
2020-11-16,pl1s,1,0.1346083339441801,10
2020-11-16,si1s,0,0.11952696099182712,10
2020-11-17,pl1s,1,0.10060952415074675,10
2020-11-17,si1s,1,0.021948361120900834,10
2020-11-18,pl1s,1,0.13987086057874099,10
2020-11-18,si1s,0,0.045139319992079575,10
2020-11-19,si1s,0,0.09795616096508382,10
2020-11-19,pl1s,1,0.38609578972632913,10
2020-11-19,gc1s,0,0.33802452438374697,10
2020-11-20,pl1s,0,0.6155770391568532,10
2020-11-20,si1s,0,0.1763465829218876,10
2020-11-23,gc1s,0,0.5118797483794004,10
2020-11-23,pl1s,1,0.272878276082877,10
2020-11-23,si1s,0,0.16653148203455334,10
2020-11-24,gc1s,0,0.9518791644890727,10
2020-11-24,pl1s,1,0.2315728935124877,10
2020-11-24,si1s,0,0.5353669102738671,10
2020-11-25,gc1s,0,0.9085241528207326,10
2021-03-09,si1s,0,0.09024713278892631,10
2021-03-10,gc1s,1,0.03294200881750902,10
2021-03-10,si1s,0,0.044665605150818716,10
2021-03-10,pl1s,1,0.07682152478536612,10
2021-03-11,si1s,0,0.07006729227548365,10
2021-03-11,pl1s,0,0.11483098868930242,10
2021-03-11,gc1s,0,0.04743320762345432,10
2021-03-12,pl1s,1,0.17670806818740206,10
2021-03-12,gc1s,1,0.14321372308159813,10
2021-03-12,si1s,1,0.22139586433229214,10
2021-03-15,gc1s,0,0.06655453011762888,10
2021-03-15,si1s,1,0.06965781234261925,10
2021-03-15,pl1s,1,0.06997673762591052,10
2021-03-16,pl1s,0,0.05122312951335388,10
2021-03-16,si1s,0,0.12354335867375234,10
2021-03-16,gc1s,0,0.078312587702289,10
2021-03-17,pl1s,1,0.08670168694835928,10
2021-03-17,si1s,0,0.1301001668585865,10
2021-03-17,gc1s,0,0.0819347417458793,10
2021-03-18,pl1s,0,0.13636988831849042,10
2021-03-18,gc1s,0,0.11050997181043487,10
2021-03-18,si1s,1,0.14980174298602164,10
2021-03-19,gc1s,0,0.11975679815502431,10
2021-03-19,si1s,1,0.1629779280185317,10
2021-03-19,pl1s,0,0.2060451456503538,10
2021-03-22,pl1s,0,0.05135891538940217,10
2021-03-22,si1s,0,0.06535410300720734,10
2021-03-23,si1s,0,0.07576357594805674,10
2021-03-23,pl1s,1,0.07746501947376015,10
2021-03-24,si1s,0,0.1048590391797236,10
2021-03-24,pl1s,0,0.048218044919550396,10
2021-03-25,si1s,0,0.08980310823519543,10
2021-03-25,pl1s,1,0.12171371029123063,10
2021-03-26,si1s,0,0.0526353615190035,10
2021-03-26,pl1s,1,0.08315511008859214,10
2021-03-29,pl1s,0,0.08722284474514383,10
2021-03-29,si1s,0,0.08454858163340019,10
2021-03-30,pl1s,1,0.14668983971441715,10
2021-03-30,si1s,1,0.08376200881937641,10
2021-03-31,pl1s,1,0.06295133486512193,10
2021-03-31,si1s,1,0.07290430676740202,10
2021-04-01,pl1s,1,0.09519575405463758,10
2021-04-01,si1s,0,0.08000503807182513,10
2021-04-05,pl1s,1,0.08367518843700462,10
2021-04-05,si1s,1,0.05635799960040816,10
2021-04-06,si1s,0,0.03015396007693273,10
2021-04-06,gc1s,0,0.12016986244166826,10
2021-04-07,pl1s,1,0.06634481762251702,10
2021-04-07,gc1s,0,0.09370079047853774,10
2021-04-07,si1s,0,0.033208091767937584,10
2021-04-08,si1s,0,0.060881095618966874,10
2021-04-08,pl1s,0,0.09747921286392087,10
2021-04-09,pl1s,0,0.27083423792933065,10
2021-04-09,gc1s,0,0.047602458076596195,10
2021-04-09,si1s,0,0.045138994324740625,10
2021-04-12,pl1s,0,0.28613117538887683,10
2021-04-12,si1s,1,0.039872145014113895,10
2021-04-13,si1s,1,0.03877149882674815,10
2021-04-13,pl1s,1,0.3811929374393353,10
2021-04-14,si1s,1,0.052336264647870154,10
2021-04-14,pl1s,1,0.2731008428262353,10
2021-04-15,pl1s,1,0.24113865500851064,10
2021-04-16,si1s,0,0.044995995842843944,10
2021-04-16,pl1s,0,0.21976358468379467,10
2021-04-20,pl1s,1,0.11020741031129085,10
2021-04-21,pl1s,0,0.05393757061183623,10
2021-04-21,si1s,1,0.051938393953067014,10
2021-04-22,pl1s,1,0.10978849614550087,10
2021-04-23,pl1s,1,0.1412545273235923,10
2021-04-26,pl1s,1,0.07473039990892197,10
2021-04-26,si1s,0,0.044805858984315584,10
2021-04-27,pl1s,0,0.11916905821927602,10
2021-04-27,si1s,1,0.2730174414093774,10
2021-04-28,si1s,0,0.19665104771739336,10
2021-04-28,pl1s,0,0.21936036310852067,10
2021-04-29,pl1s,1,0.3093450439014897,10
2021-04-29,si1s,0,0.13999560594617647,10
2021-04-30,si1s,1,0.1425286505423857,10
2021-04-30,pl1s,1,0.5634738192409487,10
2021-05-03,si1s,1,0.22031229680341188,10
2021-05-03,pl1s,1,0.24779941867366648,10
2021-05-04,pl1s,0,0.09248873468037584,10
2021-05-04,si1s,1,0.08986186532559017,10
2021-05-05,pl1s,1,0.23056914655055225,10
2021-05-05,si1s,1,0.18398871166578543,10
2021-05-06,si1s,0,0.13099718225549073,10
2021-05-06,pl1s,0,0.22229670683038052,10
2021-05-07,gc1s,0,0.13151245610766046,10
2021-05-07,si1s,0,0.06793766107044498,10
2021-05-07,pl1s,1,0.5135180676225958,10
2021-05-10,si1s,0,0.1630098300779322,10
2021-05-10,pl1s,0,0.5096494463746443,10
2021-05-11,pl1s,0,0.5232569285644424,10
2021-05-11,si1s,1,0.2945949732700151,10
2021-05-12,si1s,0,0.4247629771523337,10
2021-05-12,pl1s,0,0.75553351975312,10
2021-05-12,gc1s,1,0.22907642717056165,10
2021-05-13,si1s,0,0.1997472263718453,10
2021-05-13,pl1s,1,0.7889656619959163,10
2021-05-13,gc1s,1,0.317357652673536,10
2021-05-14,pl1s,1,0.5120174986228344,10
2021-05-14,si1s,0,0.09155865398883928,10
2021-05-17,pl1s,0,0.19092149158530036,10
2021-05-17,gc1s,1,0.18093340759520307,10
2021-05-17,si1s,1,0.17335246486119205,10
2021-05-18,pl1s,0,0.2740781081554899,10
2021-05-18,si1s,1,0.1409750404047987,10
2021-05-18,gc1s,1,0.12620911282332561,10
2021-05-19,pl1s,1,0.2898353466476048,10
2021-05-19,gc1s,0,0.06786031200518827,10
2021-05-19,si1s,1,0.11803580199398793,10
2021-05-20,si1s,1,0.06970636931930378,10
2021-05-20,pl1s,0,0.42618847646460534,10
2021-05-20,gc1s,0,0.11575350091952673,10
2021-05-21,pl1s,1,0.7254130784755214,10
2021-05-21,si1s,0,0.05035331731185972,10
2021-05-24,si1s,0,0.1000953991171727,10
2021-05-24,pl1s,1,0.1765521711388042,10
2021-05-25,si1s,0,0.08221725188995314,10
2021-05-25,pl1s,1,0.05601305113216173,10
2021-05-26,pl1s,0,0.03334242358997279,10
2021-05-27,pl1s,1,0.057657556267057763,10
2021-05-28,gc1s,0,0.19915216430705265,10
2021-05-28,pl1s,1,0.13808883578995546,10
2021-05-28,si1s,0,0.08153170799377255,10
2021-06-01,gc1s,0,0.4181871475201936,10
2021-06-01,si1s,0,0.13303269421381575,10
2021-06-01,pl1s,0,0.20388749955178512,10
2021-06-02,si1s,1,0.10165332498240867,10
2021-06-02,pl1s,0,0.21697093806990475,10
2021-06-03,pl1s,1,0.40484065173975275,10
2021-06-03,si1s,1,0.12953351890684559,10
2021-06-04,pl1s,1,0.7367218517210848,10
2021-06-07,pl1s,0,0.2848683203150298,10
2021-06-08,pl1s,0,0.1814728641171425,10
2021-06-08,si1s,0,0.04271393610689465,10
2021-06-09,pl1s,0,0.4311056139737726,10
2021-06-09,si1s,0,0.08140250249039246,10
2021-06-10,si1s,0,0.038333149503585004,10
2021-06-11,pl1s,1,0.37348364355960245,10
2021-06-11,si1s,1,0.03817153520450229,10
2021-06-14,si1s,1,0.08319323856846085,10
2021-06-14,pl1s,0,0.07565728948878918,10
2021-06-15,si1s,0,0.05005400885680854,10
2021-06-15,pl1s,0,0.2190670213521238,10
2021-06-16,si1s,1,0.05532538467495128,10
2021-06-16,pl1s,0,0.4189203477306627,10
2021-06-17,si1s,1,0.7534919581290409,10
2021-06-17,pl1s,0,0.8994074702931262,10
2021-06-18,pl1s,1,0.9382958495094101,10
2020-08-20,si1s,0,0.04631535806110978,11
2020-08-20,gc1s,0,0.6053385598344795,11
2020-08-20,pl1s,0,0.642510571890315,11
2020-08-21,pl1s,0,0.6323194613572564,11
2020-08-21,gc1s,0,0.5774855911609438,11
2020-08-21,si1s,0,0.03448362030509945,11
2020-08-24,pl1s,1,0.615396065618531,11
2020-08-24,gc1s,0,0.6792107567436576,11
2020-08-25,pl1s,1,0.3364052282080028,11
2020-08-25,si1s,1,0.12081565270914353,11
2020-08-26,pl1s,0,0.5227451566392811,11
2020-08-27,pl1s,1,0.8544544174971298,11
2020-08-27,si1s,0,0.09422402171757069,11
2020-08-28,pl1s,1,0.5095351686213487,11
2020-08-28,si1s,0,0.1966436436212358,11
2020-08-31,pl1s,1,0.5411602821291551,11
2020-08-31,si1s,1,0.10406541361559107,11
2020-09-01,si1s,1,0.15689501736552267,11
2020-09-01,pl1s,0,0.3477786006264466,11
2020-09-02,si1s,1,0.062141435201008344,11
2020-09-02,pl1s,0,0.49623925084140524,11
2020-09-03,si1s,0,0.2245553890556173,11
2020-09-03,pl1s,1,0.5172145406337785,11
2020-09-04,si1s,0,0.38076002507281476,11
2020-09-04,pl1s,1,0.6534130620469956,11
2020-09-08,si1s,0,0.46028867070586726,11
2020-09-08,pl1s,1,0.5657305665882134,11
2020-09-09,pl1s,1,0.5034939282686156,11
2020-09-10,si1s,0,0.3798251423823269,11
2020-09-11,si1s,1,0.46366955238446356,11
2020-09-14,si1s,0,0.26726953215576044,11
2020-09-14,pl1s,0,0.6345817605689149,11
2020-09-15,pl1s,1,0.37488572400455367,11
2020-09-15,si1s,0,0.40952250949678454,11
2020-09-16,pl1s,0,0.32112227300460283,11
2020-09-16,si1s,0,0.5619335912693256,11
2020-09-17,pl1s,1,0.48154113458694203,11
2020-09-17,si1s,0,0.6683780677424477,11
2020-09-18,pl1s,0,0.7985664553111368,11
2020-09-18,si1s,0,0.6988563818640907,11
2020-09-21,si1s,1,0.5975651545678415,11
2020-09-21,pl1s,0,0.8012354888373507,11
2020-09-22,si1s,1,0.7755290794127283,11
2020-09-22,pl1s,0,0.9366389881330601,11
2020-09-23,gc1s,1,0.9831608672077117,11
2020-09-24,si1s,1,0.6010155094651922,11
2020-09-24,gc1s,0,0.9404500130677953,11
2020-09-25,pl1s,1,0.8522678169521407,11
2020-09-25,gc1s,1,0.8990013618823897,11
2020-09-28,gc1s,1,0.9016241976698277,11
2020-09-28,si1s,0,0.19760529529055598,11
2020-09-28,pl1s,1,0.9009280174214427,11
2020-09-29,gc1s,0,0.8218515761678494,11
2020-09-29,si1s,1,0.13505681838247874,11
2020-09-30,pl1s,0,0.7765647487019308,11
2020-09-30,gc1s,1,0.723433950529581,11
2020-09-30,si1s,1,0.314917950170148,11
2020-10-01,pl1s,0,0.8614877847166582,11
2020-10-02,si1s,1,0.5298659568799247,11
2020-10-02,pl1s,1,0.9354525992392053,11
2020-10-05,pl1s,0,0.9170927300393122,11
2020-10-05,si1s,1,0.39910901627643114,11
2020-10-06,pl1s,0,0.947094688378799,11
2020-10-06,si1s,1,0.6820339912454465,11
2020-10-07,pl1s,0,0.9768927546504467,11
2020-10-07,si1s,1,0.8169809544653517,11
2020-10-08,pl1s,1,0.9377540298528086,11
2020-10-08,si1s,1,0.6108961892048743,11
2020-10-09,si1s,1,0.5923084177708011,11
2020-10-09,pl1s,0,0.9178887212766581,11
2020-10-12,pl1s,0,0.8457364898205494,11
2020-10-12,si1s,1,0.5403075616061951,11
2020-10-13,pl1s,0,0.7913833752149021,11
2020-10-14,si1s,0,0.16920810806474812,11
2020-10-14,pl1s,0,0.7462513061837267,11
2020-10-15,pl1s,1,0.8084606402224966,11
2020-10-16,si1s,0,0.23242681808305896,11
2020-10-16,pl1s,0,0.8862395579226918,11
2020-10-19,gc1s,0,0.8688261494940311,11
2020-10-19,si1s,0,0.5877294140896375,11
2020-10-19,pl1s,1,0.8154270580388957,11
2020-10-20,pl1s,1,0.5616133258873753,11
2020-10-20,si1s,0,0.6886251664194439,11
2020-10-20,gc1s,0,0.7309564678695967,11
2020-10-21,gc1s,0,0.7823799998369931,11
2020-10-21,si1s,0,0.8431461682233999,11
2020-10-21,pl1s,0,0.6392821742017957,11
2020-10-22,gc1s,0,0.586755363387931,11
2020-10-22,pl1s,1,0.6779824303847097,11
2020-10-22,si1s,0,0.7429189887052653,11
2020-10-23,pl1s,0,0.628248759033357,11
2020-10-23,gc1s,0,0.5699990619735316,11
2020-10-23,si1s,0,0.7193319546460173,11
2020-10-26,gc1s,0,0.7396738114559696,11
2020-10-26,pl1s,1,0.9054837794511291,11
2020-10-26,si1s,0,0.8993928573081243,11
2020-10-27,gc1s,0,0.8222788914121877,11
2020-10-27,pl1s,0,0.9034882624124396,11
2020-10-27,si1s,0,0.8880844908802035,11
2020-10-28,si1s,1,0.3812453496257518,11
2020-10-28,pl1s,0,0.2394591295663464,11
2020-10-28,gc1s,0,0.22991351116585002,11
2020-10-29,si1s,1,0.32937164188607604,11
2020-10-29,pl1s,0,0.6081607257588775,11
2020-10-29,gc1s,1,0.24437271194249596,11
2020-10-30,gc1s,1,0.5310924272872646,11
2020-10-30,pl1s,1,0.66839884152616,11
2020-10-30,si1s,1,0.5209356105995233,11
2020-11-02,pl1s,1,0.4719489325063482,11
2020-11-02,si1s,0,0.4710750129222357,11
2020-11-03,gc1s,0,0.6776100516756169,11
2020-11-03,si1s,1,0.4865434553879846,11
2020-11-03,pl1s,0,0.6798956301524566,11
2020-11-04,si1s,1,0.9749603459985697,11
2020-11-04,pl1s,1,0.8947381992349437,11
2020-11-04,gc1s,1,0.6913465821135744,11
2020-11-05,pl1s,0,0.5188314016416611,11
2020-11-05,si1s,0,0.7083115583115241,11
2020-11-06,si1s,1,0.4637452913893588,11
2020-11-06,pl1s,0,0.7775146380802199,11
2020-11-09,si1s,1,0.38825339960115957,11
2020-11-09,pl1s,1,0.6163801811482319,11
2020-11-10,si1s,0,0.518977138344233,11
2020-11-10,pl1s,0,0.6071368206124463,11
2020-11-10,gc1s,0,0.41471886386809315,11
2020-11-11,si1s,1,0.3694761509474401,11
2020-11-11,pl1s,1,0.8665176248872555,11
2020-11-12,si1s,0,0.3758188750078498,11
2020-11-12,pl1s,1,0.8034953064289004,11
2020-11-12,gc1s,0,0.5918541880273744,11
2020-11-13,si1s,0,0.43347422570281047,11
2020-11-13,pl1s,1,0.8306917919792742,11
2020-11-16,pl1s,1,0.34397713648551853,11
2020-11-16,si1s,0,0.33743451431262816,11
2020-11-17,pl1s,1,0.30248374538134265,11
2020-11-17,si1s,1,0.0635764939620917,11
2020-11-18,pl1s,1,0.3134948227234749,11
2020-11-18,si1s,0,0.12616488451536736,11
2020-11-19,si1s,0,0.29105223938056846,11
2020-11-19,pl1s,1,0.5587418105888708,11
2020-11-19,gc1s,0,0.5543008020935144,11
2020-11-20,pl1s,0,0.6432653551488907,11
2020-11-20,si1s,0,0.3200674741641758,11
2020-11-23,gc1s,0,0.5584448757406821,11
2020-11-23,pl1s,1,0.5314630360605377,11
2020-11-23,si1s,0,0.31623942571163177,11
2020-11-24,gc1s,0,0.9470405600499915,11
2020-11-24,pl1s,1,0.44855485801155903,11
2020-11-24,si1s,0,0.6017183065609872,11
2020-11-25,gc1s,0,0.9009167024600079,11
2021-06-18,si1s,1,0.8046820027763172,11
2021-06-21,si1s,0,0.6508143378178818,11
2021-06-21,pl1s,1,0.929178758509449,11
2021-06-22,si1s,1,0.5265476378735908,11
2021-06-22,pl1s,1,0.9049692059055282,11
2021-06-23,pl1s,1,0.829668933966585,11
2021-06-23,si1s,0,0.5164654113186976,11
2021-06-24,si1s,0,0.49732832327628246,11
2021-06-25,si1s,0,0.7690972558750421,11
2021-06-28,si1s,0,0.6200802459968406,11
2021-06-29,pl1s,1,0.8432661298930791,11
2021-06-29,si1s,1,0.7417887220006226,11
2021-06-30,si1s,0,0.6036826873481212,11
2021-06-30,pl1s,1,0.8337015974387593,11
2021-07-01,si1s,1,0.7202813203711259,11
2021-07-01,pl1s,1,0.8919513894489502,11
2021-07-02,pl1s,0,0.8407958414833994,11
2021-07-02,si1s,1,0.33027634073493267,11
2021-07-06,pl1s,0,0.9093327815654818,11
2021-07-06,si1s,0,0.5686875102628809,11
2021-07-07,pl1s,0,0.9412293132519743,11
2021-07-08,si1s,1,0.7045742786236081,11
2021-07-08,pl1s,1,0.9418596459126645,11
2021-07-09,si1s,0,0.667864684006723,11
2021-07-09,pl1s,1,0.9564344725976434,11
2021-07-12,si1s,0,0.6869339290082653,11
2021-07-12,pl1s,0,0.9057128616683116,11
2021-07-13,si1s,0,0.7160496483520687,11
2021-07-13,pl1s,1,0.9179086759694227,11
2021-07-14,pl1s,1,0.9089275144120961,11
2021-07-15,si1s,1,0.7504071023473168,11
2021-07-15,pl1s,0,0.9176585460107785,11
2021-07-16,si1s,1,0.7210569080823948,11
2021-07-16,pl1s,0,0.805267870331094,11
2021-07-19,si1s,0,0.645175559094181,11
2021-07-19,pl1s,0,0.8235845623408009,11
2021-07-20,si1s,1,0.7905327620024191,11
2021-07-20,pl1s,1,0.8561105843351038,11
2021-07-21,pl1s,1,0.8955809591525762,11
2021-07-21,si1s,0,0.7680985290839026,11
2021-07-22,pl1s,0,0.8444088360464134,11
2021-07-22,si1s,0,0.7631666192156153,11
2021-07-23,si1s,0,0.7611305634982901,11
2021-07-23,pl1s,1,0.9830780165737074,11
2021-07-26,pl1s,0,0.9751872851329413,11
2021-07-26,si1s,0,0.867610520026088,11
2021-07-27,si1s,1,0.7285871809604324,11
2021-07-27,pl1s,1,0.9650756181833139,11
2021-07-28,si1s,1,0.5878830515888002,11
2021-07-28,pl1s,1,0.9512940514243317,11
2021-07-29,pl1s,0,0.9520802935986417,11
2021-07-29,si1s,0,0.6246449970291239,11
2021-07-30,si1s,0,0.4664214940326688,11
2021-07-30,pl1s,1,0.9713303935013872,11
2021-08-02,pl1s,0,0.9366811433081299,11
2021-08-02,si1s,0,0.6408741842142051,11
2021-08-03,gc1s,1,0.8670268934297772,11
2021-08-03,si1s,0,0.7254232642842867,11
2021-08-03,pl1s,0,0.9388199081772368,11
2021-08-04,gc1s,1,0.9104393721376076,11
2021-08-04,si1s,0,0.6698493443129881,11
2021-08-04,pl1s,0,0.9698026570455498,11
2021-08-05,si1s,0,0.667898755557368,11
2021-08-06,si1s,0,0.9032360511646703,11
2021-08-09,gc1s,1,0.9910557600792939,11
2021-08-09,si1s,0,0.894745291940744,11
2021-08-09,pl1s,1,0.9745684445363009,11
2021-08-10,pl1s,1,0.9555818946676768,11
2021-08-10,si1s,0,0.8006340085233808,11
2021-08-10,gc1s,1,0.9896126353048639,11
2021-08-11,si1s,0,0.7606709493573497,11
2021-08-11,gc1s,1,0.983242485829025,11
2021-08-11,pl1s,1,0.9321287020881316,11
2021-08-12,si1s,1,0.8490605081492965,11
2021-08-12,gc1s,1,0.976675359443161,11
2021-08-13,si1s,0,0.676500064597969,11
2021-08-16,si1s,0,0.80471887371134,11
2021-08-16,pl1s,0,0.8486621395328648,11
2021-08-17,si1s,0,0.7991534465956596,11
2021-08-17,pl1s,1,0.8918852898900244,11
2021-08-18,pl1s,0,0.8360011948147595,11
2021-08-18,si1s,0,0.7244962087095704,11
2021-08-19,pl1s,1,0.8549852670837783,11
2021-08-19,si1s,0,0.7541255939543512,11
2021-08-20,si1s,1,0.8932399663467856,11
2021-08-20,pl1s,1,0.9188980962683924,11
2021-08-23,si1s,1,0.8572708292293807,11
2021-08-23,pl1s,0,0.8153517280053558,11
2021-08-24,si1s,0,0.8574808841920494,11
2021-08-24,pl1s,1,0.6240324481336351,11
2021-08-25,pl1s,0,0.8842282928671698,11
2021-08-25,si1s,0,0.8765780577132057,11
2021-08-26,pl1s,1,0.8917571207697278,11
2021-08-26,si1s,1,0.990167296948424,11
2021-08-27,pl1s,0,0.6901543731143308,11
2021-08-27,si1s,0,0.7748639305572481,11
2021-08-30,si1s,0,0.8318912818362003,11
2021-08-30,pl1s,1,0.73044156525944,11
2021-08-31,si1s,0,0.8496037990623959,11
2021-08-31,pl1s,0,0.7782315818280258,11
2021-09-01,si1s,0,0.8564685388536235,11
2021-09-01,pl1s,0,0.8564357210462122,11
2021-09-02,si1s,0,0.8213900811673178,11
2021-09-02,pl1s,1,0.9013700799223807,11
2021-09-03,si1s,1,0.36384292408189567,11
2021-09-03,pl1s,0,0.7356105366145033,11
2021-09-07,pl1s,0,0.7115152610380548,11
2021-09-07,si1s,1,0.4552391208478401,11
2021-09-08,si1s,0,0.47971214514935795,11
2021-09-08,pl1s,0,0.8129990550606278,11
2021-09-09,pl1s,0,0.793087538877181,11
2021-09-09,si1s,1,0.3776353612823555,11
2021-09-10,pl1s,1,0.8349876438412709,11
2021-09-10,si1s,0,0.6883690377188398,11
2021-09-13,pl1s,0,0.5446249015103014,11
2021-09-13,si1s,0,0.7232622297517303,11
2021-09-14,si1s,0,0.44848475001958327,11
2021-09-14,pl1s,0,0.5712637931437061,11
2021-09-15,pl1s,0,0.6811280826503595,11
2021-09-15,si1s,0,0.35463502716926526,11
2021-09-16,si1s,0,0.696601506706159,11
2021-09-16,pl1s,1,0.8296671126597778,11
2021-09-17,si1s,0,0.7560778315116387,11
2021-09-17,pl1s,0,0.8423550116162731,11
2021-09-20,si1s,1,0.6169737091565608,11
2021-09-20,gc1s,0,0.6387748718971537,11
2021-09-20,pl1s,1,0.7028987125398323,11
2021-09-21,si1s,1,0.5832257235780008,11
2021-09-21,gc1s,0,0.664842034419339,11
2021-09-21,pl1s,1,0.6140578132475827,11
2021-09-22,si1s,0,0.6202354283905441,11
2021-09-22,pl1s,0,0.7390810442414667,11
2021-09-22,gc1s,0,0.6410309185441683,11
2021-09-23,pl1s,0,0.9593223466322817,11
2021-09-23,gc1s,0,0.920608531393324,11
2021-09-23,si1s,0,0.8446701255661458,11
2021-09-24,gc1s,0,0.8526931723778999,11
2021-09-24,si1s,0,0.7254396363024492,11
2021-09-27,si1s,0,0.8309343684215643,11
2021-09-27,gc1s,0,0.7372179336247772,11
2021-09-27,pl1s,0,0.7687837708181338,11
2021-09-28,si1s,0,0.7984401532190742,11
2021-09-28,pl1s,0,0.8597481177929006,11
2021-09-28,gc1s,0,0.7956033600603936,11
2021-09-29,si1s,1,0.861760851921715,11
2021-09-29,pl1s,1,0.8178924213319798,11
2021-09-29,gc1s,1,0.8230880836787683,11
2021-09-30,si1s,1,0.8851379360749226,11
2021-09-30,pl1s,1,0.9535455108572422,11
2021-10-01,pl1s,0,0.8753139967019624,11
2021-10-04,pl1s,0,0.6586392387015059,11
2020-11-25,si1s,0,0.07796693895759765,12
2020-11-27,gc1s,0,0.6103707388386801,12
2020-11-27,si1s,1,0.31588232604487065,12
2020-11-30,gc1s,1,0.5059961111559941,12
2020-11-30,si1s,1,0.3132870566840931,12
2020-12-01,gc1s,1,0.3850176398274814,12
2020-12-01,pl1s,0,0.4376214905510738,12
2020-12-02,pl1s,0,0.5332034124803647,12
2020-12-02,gc1s,1,0.350569235597498,12
2020-12-03,pl1s,0,0.5373012767700738,12
2020-12-03,si1s,1,0.3221410782766604,12
2020-12-04,si1s,1,0.21198031241616558,12
2020-12-04,pl1s,1,0.5128793601593379,12
2020-12-07,pl1s,1,0.6175966578170412,12
2020-12-07,si1s,0,0.3292741248745148,12
2020-12-08,si1s,0,0.18292032606851943,12
2020-12-08,pl1s,1,0.27376926776702104,12
2020-12-09,pl1s,0,0.21927009734523797,12
2020-12-09,si1s,1,0.2546630752761053,12
2020-12-10,pl1s,1,0.19862469932671592,12
2020-12-10,si1s,1,0.12497826414714028,12
2020-12-11,si1s,1,0.18615968250487355,12
2020-12-11,pl1s,1,0.3217695231224643,12
2020-12-14,si1s,1,0.12917488125431772,12
2020-12-14,pl1s,0,0.3070514930705722,12
2020-12-14,gc1s,1,0.2735514186886306,12
2020-12-15,si1s,1,0.16647687340955117,12
2020-12-15,gc1s,1,0.3313161430081276,12
2020-12-15,pl1s,1,0.34139260966301005,12
2020-12-16,pl1s,0,0.40674770550461903,12
2020-12-16,gc1s,1,0.25064942547053654,12
2020-12-16,si1s,1,0.3596612029237415,12
2020-12-17,si1s,0,0.4097997444072344,12
2020-12-17,pl1s,1,0.3923260614477481,12
2020-12-18,pl1s,1,0.4111842580840129,12
2020-12-18,si1s,0,0.2679070503526652,12
2020-12-21,pl1s,1,0.41271380258572266,12
2020-12-21,si1s,0,0.688046426226591,12
2020-12-22,pl1s,0,0.3537969034377113,12
2020-12-22,si1s,1,0.5003783866358057,12
2020-12-23,pl1s,0,0.3313839820910648,12
2020-12-23,si1s,1,0.35632690386650284,12
2020-12-24,si1s,1,0.1751661571834291,12
2020-12-24,gc1s,1,0.12775292024692492,12
2020-12-24,pl1s,0,0.14037388560548908,12
2020-12-28,pl1s,0,0.4081457489449836,12
2020-12-28,gc1s,1,0.31565110638480665,12
2020-12-28,si1s,0,0.346757474484396,12
2020-12-29,si1s,1,0.31646577713058077,12
2020-12-29,pl1s,0,0.5578578510526208,12
2020-12-29,gc1s,1,0.2563574201304012,12
2020-12-30,pl1s,0,0.4190506853042655,12
2020-12-30,gc1s,1,0.25445700414288563,12
2020-12-30,si1s,0,0.17050345687689758,12
2020-12-31,si1s,1,0.06445852438374639,12
2020-12-31,pl1s,1,0.2750382564526107,12
2020-12-31,gc1s,1,0.1858195435569816,12
2021-01-04,si1s,0,0.39299629245947065,12
2021-01-04,pl1s,1,0.7348673618315353,12
2021-01-04,gc1s,0,0.4887525488054061,12
2021-01-05,si1s,1,0.3448608983203785,12
2021-01-05,pl1s,0,0.570205097005904,12
2021-01-07,pl1s,1,0.3898628550103999,12
2021-01-08,pl1s,0,0.7161550962349563,12
2021-01-08,si1s,0,0.7614435098578097,12
2021-01-11,pl1s,1,0.6525953641413557,12
2021-01-12,pl1s,0,0.4173629958356599,12
2021-01-12,si1s,0,0.3346952478405142,12
2021-01-13,pl1s,0,0.48528229197967737,12
2021-01-13,si1s,0,0.17993751218921814,12
2021-01-14,pl1s,1,0.3359090151911871,12
2021-01-14,si1s,1,0.28339109277835,12
2021-01-15,pl1s,0,0.4686752667769993,12
2021-01-15,si1s,0,0.4380702552052384,12
2021-01-19,si1s,0,0.35089051446588365,12
2021-01-19,pl1s,0,0.2476847973697238,12
2021-01-20,si1s,0,0.31775316095382883,12
2021-01-20,pl1s,0,0.3185783211625123,12
2021-01-20,gc1s,1,0.3899678146516875,12
2021-01-21,pl1s,1,0.32294341737560106,12
2021-01-21,gc1s,1,0.37977747307693077,12
2021-01-21,si1s,0,0.17940970502343828,12
2021-01-22,pl1s,1,0.4037828271016965,12
2021-01-22,si1s,0,0.3496771863174354,12
2021-01-25,pl1s,0,0.42283069250700483,12
2021-01-25,si1s,0,0.3748592629680305,12
2021-01-26,si1s,0,0.14322512769847542,12
2021-01-26,pl1s,1,0.3072029592797769,12
2021-01-27,si1s,0,0.509334257441726,12
2021-01-28,si1s,0,0.7991181740890038,12
2021-01-28,pl1s,1,0.7287910566870219,12
2021-01-29,pl1s,1,0.9087235758639001,12
2021-02-01,pl1s,1,0.4592867174051579,12
2021-02-01,si1s,1,0.747610931297925,12
2021-02-02,pl1s,1,0.45718153370317177,12
2021-02-03,si1s,0,0.5183046420519646,12
2021-02-04,pl1s,1,0.5564010477665693,12
2021-02-04,si1s,1,0.52574264491771,12
2021-02-04,gc1s,1,0.8684039948505264,12
2021-02-05,pl1s,1,0.4230154117988319,12
2021-02-05,si1s,1,0.4316677928248604,12
2021-02-08,si1s,0,0.4369665313841748,12
2021-02-08,pl1s,1,0.5678484039320488,12
2021-02-09,pl1s,0,0.5172682820887906,12
2021-02-09,si1s,0,0.31762316878169605,12
2021-02-10,pl1s,0,0.4436532685036537,12
2021-02-10,si1s,0,0.11782177179427097,12
2021-02-11,pl1s,0,0.46083504027651934,12
2021-02-11,si1s,0,0.11078851707906862,12
2021-02-12,pl1s,0,0.3881522371273181,12
2021-02-12,si1s,0,0.04076418075301124,12
2021-02-16,pl1s,1,0.5605276870840324,12
2021-02-16,si1s,0,0.33547458936672936,12
2021-02-17,si1s,0,0.26324986136055645,12
2021-02-17,pl1s,0,0.5039072232980161,12
2021-02-18,pl1s,0,0.4152770047477818,12
2021-02-18,si1s,0,0.16421192965954234,12
2021-02-19,pl1s,1,0.45505126976939453,12
2021-02-19,gc1s,1,0.6026307922515047,12
2021-02-19,si1s,0,0.2677453772792749,12
2021-02-22,pl1s,1,0.4866514732874902,12
2021-02-22,si1s,1,0.49945495321667016,12
2021-02-23,si1s,1,0.3282421780997147,12
2021-02-23,pl1s,0,0.3543669021851287,12
2021-02-24,si1s,0,0.45158332798277523,12
2021-02-24,pl1s,1,0.42801976911423495,12
2021-02-25,pl1s,1,0.5077325281797979,12
2021-02-26,pl1s,0,0.271475270050941,12
2021-02-26,gc1s,0,0.7562409059424997,12
2021-02-26,si1s,0,0.23766540274931208,12
2021-03-01,pl1s,0,0.1633506284576919,12
2021-03-01,si1s,1,0.14436354827776757,12
2021-03-01,gc1s,0,0.5130397621500983,12
2021-03-02,gc1s,0,0.44172214984867175,12
2021-03-02,si1s,0,0.3211984960611789,12
2021-03-02,pl1s,1,0.16660104103950468,12
2021-03-03,gc1s,0,0.5481797971209242,12
2021-03-03,si1s,0,0.5558013771275233,12
2021-03-03,pl1s,0,0.3178872334272302,12
2021-03-04,si1s,0,0.6768709433793775,12
2021-03-04,gc1s,0,0.6032345035309541,12
2021-03-04,pl1s,0,0.33064818825457165,12
2021-03-05,pl1s,1,0.46333323799533066,12
2021-03-05,si1s,0,0.6295241888041533,12
2021-03-05,gc1s,0,0.7493166964935074,12
2021-03-08,gc1s,1,0.7659051569986706,12
2021-03-08,si1s,0,0.5956428024769744,12
2021-03-08,pl1s,1,0.40033450911605684,12
2021-03-09,pl1s,1,0.7898346608693602,12
2021-03-09,gc1s,1,0.33651773701985976,12
2021-03-09,si1s,0,0.42292138933340434,12
2021-03-10,gc1s,1,0.17506644246725162,12
2021-03-10,si1s,0,0.3615366320003405,12
2021-03-10,pl1s,1,0.2599499088487064,12
2021-03-11,si1s,0,0.300933186237037,12
2021-03-11,pl1s,0,0.49102614486555546,12
2021-03-11,gc1s,0,0.13125061116719206,12
2021-03-12,pl1s,1,0.4278589259014118,12
2021-03-12,gc1s,1,0.35281679065711535,12
2021-03-12,si1s,1,0.5500105864149996,12
2021-03-15,gc1s,0,0.10493730765899988,12
2021-03-15,si1s,1,0.14688798106122572,12
2021-03-15,pl1s,1,0.24032917461743253,12
2021-03-16,pl1s,0,0.2497627724864764,12
2021-03-16,si1s,0,0.18167249816043557,12
2021-03-16,gc1s,0,0.0903448743411755,12
2021-03-17,pl1s,1,0.313785868608227,12
2021-03-17,si1s,0,0.1556899749708262,12
2021-03-17,gc1s,0,0.09022970215464156,12
2021-03-18,pl1s,0,0.3151529277226976,12
2021-03-18,gc1s,0,0.19498458216529313,12
2021-03-18,si1s,1,0.45725322964049836,12
2021-03-19,gc1s,0,0.11116034498898872,12
2021-03-19,si1s,1,0.1777990257276704,12
2021-03-19,pl1s,0,0.32173616440074726,12
2021-03-22,pl1s,0,0.11013813084449935,12
2021-03-22,si1s,0,0.07608144756339627,12
2021-03-23,si1s,0,0.0836587601514299,12
2021-03-23,pl1s,1,0.11140206136782675,12
2021-03-24,si1s,0,0.11347856822309116,12
2021-03-24,pl1s,0,0.0752037874646534,12
2021-03-25,si1s,0,0.2662260430189416,12
2021-03-25,pl1s,1,0.2393000891907211,12
2021-03-26,si1s,0,0.10758902594756525,12
2021-03-26,pl1s,1,0.17313474966135595,12
2021-03-29,pl1s,0,0.379046175269164,12
2021-03-29,si1s,0,0.27631767138478774,12
2021-03-30,pl1s,1,0.29499901809699836,12
2021-03-30,si1s,1,0.3328113636191743,12
2021-03-31,pl1s,1,0.1465375626653558,12
2021-03-31,si1s,1,0.19970763076562326,12
2021-04-01,pl1s,1,0.358088691605266,12
2021-04-01,si1s,0,0.2634542119234624,12
2021-04-05,pl1s,1,0.1937580165974985,12
2021-04-05,si1s,1,0.10642877861167051,12
2021-04-06,si1s,0,0.1221885693382566,12
2021-04-06,gc1s,0,0.10999820286545264,12
2021-04-07,pl1s,1,0.10439235521305198,12
2021-04-07,gc1s,0,0.06797171474752003,12
2021-04-07,si1s,0,0.0753013386465349,12
2021-04-08,si1s,0,0.11373969348772793,12
2021-04-08,pl1s,0,0.09573204771432137,12
2021-04-09,pl1s,0,0.27821792121027256,12
2021-04-09,gc1s,0,0.05644018188979793,12
2021-04-09,si1s,0,0.09795502647909389,12
2021-04-12,pl1s,0,0.23990287061175858,12
2021-04-12,si1s,1,0.12015040059555347,12
2021-04-13,si1s,1,0.06932189490036926,12
2021-04-13,pl1s,1,0.3550293338248534,12
2021-04-14,si1s,1,0.12436755838780625,12
2021-04-14,pl1s,1,0.2514667050126608,12
2021-04-15,pl1s,1,0.18493364824832603,12
2021-04-16,si1s,0,0.15701306464578227,12
2021-04-16,pl1s,0,0.11483345559264019,12
2021-04-20,pl1s,1,0.1060303150052877,12
2021-04-21,pl1s,0,0.07307808316452584,12
2021-04-21,si1s,1,0.07246619704849193,12
2021-04-22,pl1s,1,0.11344681401349262,12
2021-04-23,pl1s,1,0.23902220014180364,12
2021-04-26,pl1s,1,0.1950767017401235,12
2021-04-26,si1s,0,0.046924826253475146,12
2021-04-27,pl1s,0,0.21393804687368,12
2021-04-27,si1s,1,0.25180667735680534,12
2021-04-28,si1s,0,0.2416765193358784,12
2021-04-28,pl1s,0,0.15118479097716772,12
2021-04-29,pl1s,1,0.29315002577714705,12
2021-04-29,si1s,0,0.15022914220191574,12
2021-04-30,si1s,1,0.1354608528366482,12
2021-04-30,pl1s,1,0.5595622310226558,12
2021-05-03,si1s,1,0.3036724462128252,12
2021-05-03,pl1s,1,0.3461939561843862,12
2021-05-04,pl1s,0,0.27216299792904847,12
2021-05-04,si1s,1,0.09941611410423762,12
2021-05-05,pl1s,1,0.3415555163364924,12
2021-05-05,si1s,1,0.11148986947896428,12
2021-05-06,si1s,0,0.17134245353723007,12
2021-05-06,pl1s,0,0.20467099354272594,12
2021-05-07,gc1s,0,0.040329263448156856,12
2021-05-07,si1s,0,0.11520581844711608,12
2021-05-07,pl1s,1,0.3908292197023642,12
2021-05-10,si1s,0,0.23044699408238903,12
2021-05-10,pl1s,0,0.4793983114647336,12
2021-05-11,pl1s,0,0.5648820313573899,12
2021-05-11,si1s,1,0.33644334319619085,12
2021-05-12,si1s,0,0.2897128259833008,12
2021-05-12,pl1s,0,0.7034685829001246,12
2021-05-12,gc1s,1,0.06133596025079984,12
2021-05-13,si1s,0,0.13002395813384365,12
2021-05-13,pl1s,1,0.6261738836034443,12
2021-05-13,gc1s,1,0.07677230065034217,12
2021-05-14,pl1s,1,0.5360787671424444,12
2021-05-14,si1s,0,0.07227174801515654,12
2021-05-17,pl1s,0,0.4629281722040419,12
2021-05-17,gc1s,1,0.09005430484115681,12
2021-05-17,si1s,1,0.25159055514539136,12
2021-05-18,pl1s,0,0.5763378610875671,12
2021-05-18,si1s,1,0.21077294120375958,12
2021-05-18,gc1s,1,0.06741806582538531,12
2021-05-19,pl1s,1,0.4414557884398787,12
2021-05-19,gc1s,0,0.0334344269230722,12
2021-05-19,si1s,1,0.14589672131287448,12
2021-05-20,si1s,1,0.12360695789462783,12
2021-05-20,pl1s,0,0.394125581937243,12
2021-05-20,gc1s,0,0.04498086571152694,12
2021-05-21,pl1s,1,0.6239414611460234,12
2021-05-21,si1s,0,0.0945304779668962,12
2021-05-24,si1s,0,0.1381913289731096,12
2021-05-24,pl1s,1,0.32747211154454875,12
2021-05-25,si1s,0,0.13726279537163924,12
2021-05-25,pl1s,1,0.31640119203155603,12
2021-05-26,pl1s,0,0.43816059213411873,12
2021-05-27,pl1s,1,0.4345605619311297,12
2021-05-28,gc1s,0,0.03986328904123014,12
2021-05-28,pl1s,1,0.4430476171088806,12
2021-05-28,si1s,0,0.06589289403274094,12
2021-06-01,gc1s,0,0.18577422970117413,12
2021-06-01,si1s,0,0.23402990101681356,12
2021-06-01,pl1s,0,0.5756025612874404,12
2021-06-02,si1s,1,0.1781653844082337,12
2021-06-02,pl1s,0,0.4764663061176092,12
2021-06-03,pl1s,1,0.7135271851113193,12
2021-06-03,si1s,1,0.21065222840149705,12
2021-06-04,pl1s,1,0.778697023105324,12
2021-06-07,pl1s,0,0.43561128657401155,12
2021-06-08,pl1s,0,0.23055205613646398,12
2021-06-08,si1s,0,0.04475452904925282,12
2021-06-09,pl1s,0,0.44829533363830015,12
2021-06-09,si1s,0,0.07970337912750149,12
2021-06-10,si1s,0,0.03535456314786516,12
2021-06-11,pl1s,1,0.4059434906364737,12
2021-06-11,si1s,1,0.06419777355375275,12
2021-06-14,si1s,1,0.10094786794792501,12
2021-06-14,pl1s,0,0.12944036405857934,12
2021-06-15,si1s,0,0.14259628839085708,12
2021-06-15,pl1s,0,0.38003352176238936,12
2021-06-16,si1s,1,0.10093269057665365,12
2021-06-16,pl1s,0,0.603837136665101,12
2021-06-17,si1s,1,0.857761380770229,12
2021-06-17,pl1s,0,0.9521917578022442,12
2021-06-18,pl1s,1,0.9578913986814177,12
2020-11-25,si1s,0,0.0882418153582314,13
2020-11-27,gc1s,0,0.43177249616033175,13
2020-11-27,si1s,1,0.2674141688778295,13
2020-11-30,gc1s,1,0.27377432490775716,13
2020-11-30,si1s,1,0.24421706409514324,13
2020-12-01,gc1s,1,0.20424941405327016,13
2020-12-01,pl1s,0,0.5118629482495699,13
2020-12-02,pl1s,0,0.5669010293657523,13
2020-12-02,gc1s,1,0.18167082966137182,13
2020-12-03,pl1s,0,0.5763999370798795,13
2020-12-03,si1s,1,0.27756395158687763,13
2020-12-04,si1s,1,0.2851108548113204,13
2020-12-04,pl1s,1,0.5917178135183129,13
2020-12-07,pl1s,1,0.5720723794068795,13
2020-12-07,si1s,0,0.35245331040297173,13
2020-12-08,si1s,0,0.24368351767286575,13
2020-12-08,pl1s,1,0.31271466141306253,13
2020-12-09,pl1s,0,0.2732579625540365,13
2020-12-09,si1s,1,0.23218800111140125,13
2020-12-10,pl1s,1,0.3429775677959949,13
2020-12-10,si1s,1,0.19639315168264765,13
2020-12-11,si1s,1,0.2294550780036116,13
2020-12-11,pl1s,1,0.4414507952339548,13
2020-12-14,si1s,1,0.1511106042488441,13
2020-12-14,pl1s,0,0.38682274293880986,13
2020-12-14,gc1s,1,0.15793166698858696,13
2020-12-15,si1s,1,0.2928563089585962,13
2020-12-15,gc1s,1,0.2324135316169961,13
2020-12-15,pl1s,1,0.4363813325388543,13
2020-12-16,pl1s,0,0.4675223893813207,13
2020-12-16,gc1s,1,0.2004067507517924,13
2020-12-16,si1s,1,0.46391149173500024,13
2020-12-17,si1s,0,0.5251362290986036,13
2020-12-17,pl1s,1,0.48871413093084676,13
2020-12-18,pl1s,1,0.5459446049985615,13
2020-12-18,si1s,0,0.38060293822927593,13
2020-12-21,pl1s,1,0.4658423523905404,13
2020-12-21,si1s,0,0.6862050868882028,13
2020-12-22,pl1s,0,0.4125509019877434,13
2020-12-22,si1s,1,0.5153314357618581,13
2020-12-23,pl1s,0,0.406256854339319,13
2020-12-23,si1s,1,0.4486610495622045,13
2020-12-24,si1s,1,0.31172477033488755,13
2020-12-24,gc1s,1,0.08495351995049898,13
2020-12-24,pl1s,0,0.23218113498345852,13
2020-12-28,pl1s,0,0.520180768815117,13
2020-12-28,gc1s,1,0.2757630992748205,13
2020-12-28,si1s,0,0.4563804544316205,13
2020-12-29,si1s,1,0.39417189486860466,13
2020-12-29,pl1s,0,0.6626945758884458,13
2020-12-29,gc1s,1,0.2142386158941762,13
2020-12-30,pl1s,0,0.5415097421713994,13
2020-12-30,gc1s,1,0.2040770406091274,13
2020-12-30,si1s,0,0.28684662006562034,13
2020-12-31,si1s,1,0.13770037463714424,13
2020-12-31,pl1s,1,0.38559482098680753,13
2020-12-31,gc1s,1,0.1353853032995469,13
2021-01-04,si1s,0,0.5309568755818483,13
2021-01-04,pl1s,1,0.7923851979226275,13
2021-01-04,gc1s,0,0.5440404343484079,13
2021-01-05,si1s,1,0.47304992355674047,13
2021-01-05,pl1s,0,0.708668744072931,13
2021-01-07,pl1s,1,0.6389951816073999,13
2021-01-08,pl1s,0,0.7741231174347573,13
2021-01-08,si1s,0,0.6665767198245096,13
2021-01-11,pl1s,1,0.6921882186597819,13
2021-01-12,pl1s,0,0.5282730475472611,13
2021-01-12,si1s,0,0.27792633127780586,13
2021-01-13,pl1s,0,0.6804465379294723,13
2021-01-13,si1s,0,0.24388555963526076,13
2021-01-14,pl1s,1,0.6452069537846125,13
2021-01-14,si1s,1,0.3293029914920905,13
2021-01-15,pl1s,0,0.6086404770364594,13
2021-01-15,si1s,0,0.4512101175712145,13
2021-01-19,si1s,0,0.3112911993534864,13
2021-01-19,pl1s,0,0.4040953923476469,13
2021-01-20,si1s,0,0.2969392816986553,13
2021-01-20,pl1s,0,0.4969300508550423,13
2021-01-20,gc1s,1,0.32876304356699343,13
2021-01-21,pl1s,1,0.5933255319303444,13
2021-01-21,gc1s,1,0.23818948253396705,13
2021-01-21,si1s,0,0.1854833752865267,13
2021-01-22,pl1s,1,0.5340421933952166,13
2021-01-22,si1s,0,0.43417656941108745,13
2021-01-25,pl1s,0,0.5111585350429874,13
2021-01-25,si1s,0,0.22808340820769665,13
2021-01-26,si1s,0,0.11030235940512678,13
2021-01-26,pl1s,1,0.3521473310737112,13
2021-01-27,si1s,0,0.1541009049778632,13
2021-01-28,si1s,0,0.7397522423580815,13
2021-01-28,pl1s,1,0.46884700537152246,13
2021-01-29,pl1s,1,0.6890094701814748,13
2021-02-01,pl1s,1,0.532352667555052,13
2021-02-01,si1s,1,0.856305449331446,13
2021-02-02,pl1s,1,0.44358410630920764,13
2021-02-03,si1s,0,0.6750928473549629,13
2021-02-04,pl1s,1,0.7724917180245612,13
2021-02-04,si1s,1,0.6039125516074553,13
2021-02-04,gc1s,1,0.6623802113487394,13
2021-02-05,pl1s,1,0.6875583164211527,13
2021-02-05,si1s,1,0.5677546459627382,13
2021-02-08,si1s,0,0.5709488386063822,13
2021-02-08,pl1s,1,0.7676964192179219,13
2021-02-09,pl1s,0,0.6473615152616033,13
2021-02-09,si1s,0,0.37797910075608676,13
2021-02-10,pl1s,0,0.6318720632269196,13
2021-02-10,si1s,0,0.24914668656623953,13
2021-02-11,pl1s,0,0.6148127911661707,13
2021-02-11,si1s,0,0.22182223568523973,13
2021-02-12,pl1s,0,0.5509963179239062,13
2021-02-12,si1s,0,0.2029613244005403,13
2021-02-16,pl1s,1,0.6886806193716152,13
2021-02-16,si1s,0,0.4750681198813545,13
2021-02-17,si1s,0,0.4440995471112438,13
2021-02-17,pl1s,0,0.6911650469076013,13
2021-02-18,pl1s,0,0.60500913138428,13
2021-02-18,si1s,0,0.3016615088141812,13
2021-02-19,pl1s,1,0.6473221287123132,13
2021-02-19,gc1s,1,0.6361015978868935,13
2021-02-19,si1s,0,0.48018955285130044,13
2021-02-22,pl1s,1,0.508157217029612,13
2021-02-22,si1s,1,0.5463528060236668,13
2021-02-23,si1s,1,0.6477250077253168,13
2021-02-23,pl1s,0,0.46865944615442034,13
2021-02-24,si1s,0,0.5047636965981441,13
2021-02-24,pl1s,1,0.5636079790671294,13
2021-02-25,pl1s,1,0.6290887503917333,13
2021-02-26,pl1s,0,0.6065184306839596,13
2021-02-26,gc1s,0,0.8236803998053464,13
2021-02-26,si1s,0,0.3250848735912153,13
2021-03-01,pl1s,0,0.4657662566464814,13
2021-03-01,si1s,1,0.2787586930636474,13
2021-03-01,gc1s,0,0.5854003366201602,13
2021-03-02,gc1s,0,0.47741395643751744,13
2021-03-02,si1s,0,0.2705749670217125,13
2021-03-02,pl1s,1,0.3991518342983517,13
2021-03-03,gc1s,0,0.5415713238020117,13
2021-03-03,si1s,0,0.4736494069963993,13
2021-03-03,pl1s,0,0.5985272755526118,13
2021-03-04,si1s,0,0.564960295452682,13
2021-03-04,gc1s,0,0.6478650456667824,13
2021-03-04,pl1s,0,0.7119742487725838,13
2021-03-05,pl1s,1,0.822552967582118,13
2021-03-05,si1s,0,0.6508312202079628,13
2021-03-05,gc1s,0,0.8194086263637085,13
2021-03-08,gc1s,1,0.7949924770017497,13
2021-03-08,si1s,0,0.5180499433729369,13
2021-03-08,pl1s,1,0.7071596202788144,13
2021-03-09,pl1s,1,0.8786575748302067,13
2021-03-09,gc1s,1,0.506742497527273,13
2021-06-18,si1s,1,0.8199409345152918,13
2021-06-21,si1s,0,0.6213165189271398,13
2021-06-21,pl1s,1,0.8132210899527408,13
2021-06-22,si1s,1,0.40771810584181284,13
2021-06-22,pl1s,1,0.7393057245368411,13
2021-06-23,pl1s,1,0.5442203789578296,13
2021-06-23,si1s,0,0.39125909932686803,13
2021-06-24,si1s,0,0.3563874884786272,13
2021-06-25,si1s,0,0.6087321791532022,13
2021-06-28,si1s,0,0.4638579055285213,13
2021-06-29,pl1s,1,0.6155145239170221,13
2021-06-29,si1s,1,0.651594937486544,13
2021-06-30,si1s,0,0.5248507133052667,13
2021-06-30,pl1s,1,0.5418760203309031,13
2021-07-01,si1s,1,0.5882479961488913,13
2021-07-01,pl1s,1,0.6992780773887082,13
2021-07-02,pl1s,0,0.5471064141566189,13
2021-07-02,si1s,1,0.2847037306146008,13
2021-07-06,pl1s,0,0.6546512995292412,13
2021-07-06,si1s,0,0.35430008631934573,13
2021-07-07,pl1s,0,0.5914142636304237,13
2021-07-08,si1s,1,0.32834057842746833,13
2021-07-08,pl1s,1,0.6702977393939561,13
2021-07-09,si1s,0,0.3089628529071177,13
2021-07-09,pl1s,1,0.6727216547342968,13
2021-07-12,si1s,0,0.4059863122611805,13
2021-07-12,pl1s,0,0.7210056343983988,13
2021-07-13,si1s,0,0.43886531096845843,13
2021-07-13,pl1s,1,0.6601656512357057,13
2021-07-14,pl1s,1,0.7098842454781651,13
2021-07-15,si1s,1,0.284319051741805,13
2021-07-15,pl1s,0,0.5937991470959667,13
2021-07-16,si1s,1,0.6559783692726643,13
2021-07-16,pl1s,0,0.6826349440359035,13
2021-07-19,si1s,0,0.5248812536525133,13
2021-07-19,pl1s,0,0.6802294164571803,13
2021-07-20,si1s,1,0.611439852903904,13
2021-07-20,pl1s,1,0.754611859042609,13
2021-07-21,pl1s,1,0.6673968586336662,13
2021-07-21,si1s,0,0.5404175784889722,13
2021-07-22,pl1s,0,0.4801285043226537,13
2021-07-22,si1s,0,0.5469610482012796,13
2021-07-23,si1s,0,0.6553417689624147,13
2021-07-23,pl1s,1,0.9301605756742705,13
2021-07-26,pl1s,0,0.8256620219110873,13
2021-07-26,si1s,0,0.6841442487255481,13
2021-07-27,si1s,1,0.7785674359940827,13
2021-07-27,pl1s,1,0.8218161625852192,13
2021-07-28,si1s,1,0.4997004916063805,13
2021-07-28,pl1s,1,0.6740988412225344,13
2021-07-29,pl1s,0,0.7878918719587443,13
2021-07-29,si1s,0,0.5012051469491059,13
2021-07-30,si1s,0,0.30809228332238386,13
2021-07-30,pl1s,1,0.9036966324773715,13
2021-08-02,pl1s,0,0.636985151118513,13
2021-08-02,si1s,0,0.3178565844785836,13
2021-08-03,gc1s,1,0.2193723068670509,13
2021-08-03,si1s,0,0.41093556835975054,13
2021-08-03,pl1s,0,0.649921067660591,13
2021-08-04,gc1s,1,0.5989179630179163,13
2021-08-04,si1s,0,0.5191780392908732,13
2021-08-04,pl1s,0,0.8702212364023106,13
2021-08-05,si1s,0,0.4561072301606081,13
2021-08-06,si1s,0,0.8764559512999012,13
2021-08-09,gc1s,1,0.918689931832588,13
2021-08-09,si1s,0,0.8849034388107321,13
2021-08-09,pl1s,1,0.8803760725457482,13
2021-08-10,pl1s,1,0.8404961207691077,13
2021-08-10,si1s,0,0.7063124067561747,13
2021-08-10,gc1s,1,0.8479319814629179,13
2021-08-11,si1s,0,0.6009503265209942,13
2021-08-11,gc1s,1,0.7893238498293399,13
2021-08-11,pl1s,1,0.7285278902879923,13
2021-08-12,si1s,1,0.7115747879966329,13
2021-08-12,gc1s,1,0.6241676320748819,13
2021-08-13,si1s,0,0.47281697206420265,13
2021-08-16,si1s,0,0.6369652784972415,13
2021-08-16,pl1s,0,0.4886440576751374,13
2021-08-17,si1s,0,0.6535804336744753,13
2021-08-17,pl1s,1,0.6336967398957644,13
2021-08-18,pl1s,0,0.4889031892457863,13
2021-08-18,si1s,0,0.6103917899703791,13
2021-08-19,pl1s,1,0.7067481260672795,13
2021-08-19,si1s,0,0.6540429004468676,13
2021-08-20,si1s,1,0.8505482600505773,13
2021-08-20,pl1s,1,0.7078225433196214,13
2021-08-23,si1s,1,0.7684798073439234,13
2021-08-23,pl1s,0,0.5508949249763769,13
2021-08-24,si1s,0,0.7704325935883262,13
2021-08-24,pl1s,1,0.44182205443606354,13
2021-08-25,pl1s,0,0.5545118158993341,13
2021-08-25,si1s,0,0.773248358567574,13
2021-08-26,pl1s,1,0.5545865643949284,13
2021-08-26,si1s,1,0.9257953462045387,13
2021-08-27,pl1s,0,0.47923346695755065,13
2021-08-27,si1s,0,0.6351622796649093,13
2021-08-30,si1s,0,0.5301605722966317,13
2021-08-30,pl1s,1,0.3629009522624576,13
2021-08-31,si1s,0,0.41333277048055417,13
2021-08-31,pl1s,0,0.32197147348715394,13
2021-09-01,si1s,0,0.3558305725814156,13
2021-09-01,pl1s,0,0.28757380630436796,13
2021-09-02,si1s,0,0.1850468914373717,13
2021-09-02,pl1s,1,0.30171971439061834,13
2021-09-03,si1s,1,0.19922393132066363,13
2021-09-03,pl1s,0,0.3856703089221288,13
2021-09-07,pl1s,0,0.5067992870131725,13
2021-09-07,si1s,1,0.24850698101634744,13
2021-09-08,si1s,0,0.2617658104198059,13
2021-09-08,pl1s,0,0.7012743534837674,13
2021-09-09,pl1s,0,0.729406091757789,13
2021-09-09,si1s,1,0.21270198137450008,13
2021-09-10,pl1s,1,0.8167490856950669,13
2021-09-10,si1s,0,0.23016735608200573,13
2021-09-13,pl1s,0,0.5891180164617308,13
2021-09-13,si1s,0,0.36709762257295936,13
2021-09-14,si1s,0,0.30384936487578756,13
2021-09-14,pl1s,0,0.6457814827560968,13
2021-09-15,pl1s,0,0.7270264382701322,13
2021-09-15,si1s,0,0.27952687996419623,13
2021-09-16,si1s,0,0.7067327754146858,13
2021-09-16,pl1s,1,0.8494000611952673,13
2021-09-17,si1s,0,0.675796494396778,13
2021-09-17,pl1s,0,0.8951126704813313,13
2021-09-20,si1s,1,0.4817898412767603,13
2021-09-20,gc1s,0,0.49609350216400405,13
2021-09-20,pl1s,1,0.799889424341436,13
2021-09-21,si1s,1,0.45156702629235945,13
2021-09-21,gc1s,0,0.46362104895346495,13
2021-09-21,pl1s,1,0.47057131176506556,13
2021-09-22,si1s,0,0.5179630581862039,13
2021-09-22,pl1s,0,0.590087295923346,13
2021-09-22,gc1s,0,0.44708281123882704,13
2021-09-23,pl1s,0,0.6769320659227096,13
2021-09-23,gc1s,0,0.7764816560997078,13
2021-09-23,si1s,0,0.5761076504070456,13
2021-09-24,gc1s,0,0.6445722920256942,13
2021-09-24,si1s,0,0.665355488379674,13
2021-09-27,si1s,0,0.7216084848953653,13
2021-09-27,gc1s,0,0.5358520801662152,13
2021-09-27,pl1s,0,0.5283868052730271,13
2021-09-28,si1s,0,0.7520222059241647,13
2021-09-28,pl1s,0,0.4844252356305322,13
2021-09-28,gc1s,0,0.6230052066089525,13
2021-09-29,si1s,1,0.8061838211994418,13
2021-09-29,pl1s,1,0.5117597235100927,13
2021-09-29,gc1s,1,0.6985462339314703,13
2021-09-30,si1s,1,0.7744998482643956,13
2021-09-30,pl1s,1,0.5705642219067725,13
2021-10-01,pl1s,0,0.49454300666294077,13
2021-10-04,pl1s,0,0.43917159871815226,13
2021-03-09,si1s,0,0.2481220340754326,14
2021-03-10,gc1s,1,0.43486992749099923,14
2021-03-10,si1s,0,0.22128773659077078,14
2021-03-10,pl1s,1,0.5064943665291146,14
2021-03-11,si1s,0,0.21622347470877787,14
2021-03-11,pl1s,0,0.5554651419594532,14
2021-03-11,gc1s,0,0.4464161613350382,14
2021-03-12,pl1s,1,0.545669254983151,14
2021-03-12,gc1s,1,0.5716700211926674,14
2021-03-12,si1s,1,0.39400605222372037,14
2021-03-15,gc1s,0,0.40402755891279774,14
2021-03-15,si1s,1,0.1403726329801828,14
2021-03-15,pl1s,1,0.4298771332538296,14
2021-03-16,pl1s,0,0.3781838580672947,14
2021-03-16,si1s,0,0.2227917630336687,14
2021-03-16,gc1s,0,0.4394525663415211,14
2021-03-17,pl1s,1,0.4474036888319253,14
2021-03-17,si1s,0,0.22297036019476596,14
2021-03-17,gc1s,0,0.42605242900006757,14
2021-03-18,pl1s,0,0.4963249272094866,14
2021-03-18,gc1s,0,0.4675896349705527,14
2021-03-18,si1s,1,0.31911983415473855,14
2021-03-19,gc1s,0,0.4471011924772052,14
2021-03-19,si1s,1,0.19431733100334456,14
2021-03-19,pl1s,0,0.4433646795657353,14
2021-03-22,pl1s,0,0.24648738590737526,14
2021-03-22,si1s,0,0.13318116932522295,14
2021-03-23,si1s,0,0.10770086415882926,14
2021-03-23,pl1s,1,0.2765014002231081,14
2021-03-24,si1s,0,0.09652761801531054,14
2021-03-24,pl1s,0,0.25070710385667583,14
2021-03-25,si1s,0,0.21809439454652624,14
2021-03-25,pl1s,1,0.47554351626610314,14
2021-03-26,si1s,0,0.15128996767033756,14
2021-03-26,pl1s,1,0.3398958018668803,14
2021-03-29,pl1s,0,0.47862213915573276,14
2021-03-29,si1s,0,0.2387113761405941,14
2021-03-30,pl1s,1,0.5095925954876215,14
2021-03-30,si1s,1,0.301030763563725,14
2021-03-31,pl1s,1,0.25883715097502064,14
2021-03-31,si1s,1,0.22936678405508243,14
2021-04-01,pl1s,1,0.45400051701132216,14
2021-04-01,si1s,0,0.2974790256797222,14
2021-04-05,pl1s,1,0.3251118510107087,14
2021-04-05,si1s,1,0.1471419579782789,14
2021-04-06,si1s,0,0.1202971670927096,14
2021-04-06,gc1s,0,0.19146772796473552,14
2021-04-07,pl1s,1,0.2903778259238567,14
2021-04-07,gc1s,0,0.17746531552691372,14
2021-04-07,si1s,0,0.11001270385717914,14
2021-04-08,si1s,0,0.16559257803221364,14
2021-04-08,pl1s,0,0.27887441016237036,14
2021-04-09,pl1s,0,0.39714998517186884,14
2021-04-09,gc1s,0,0.10895818481635973,14
2021-04-09,si1s,0,0.13696580193785066,14
2021-04-12,pl1s,0,0.4305173308861273,14
2021-04-12,si1s,1,0.11572940468264513,14
2021-04-13,si1s,1,0.15961621628998338,14
2021-04-13,pl1s,1,0.566847051954506,14
2021-04-14,si1s,1,0.16799430835720996,14
2021-04-14,pl1s,1,0.4735488420225705,14
2021-04-15,pl1s,1,0.4819459535453785,14
2021-04-16,si1s,0,0.08242966721580972,14
2021-04-16,pl1s,0,0.4346473727584879,14
2021-04-20,pl1s,1,0.3068066808832112,14
2021-04-21,pl1s,0,0.2602239893090176,14
2021-04-21,si1s,1,0.07959461068867063,14
2021-04-22,pl1s,1,0.3531950499881141,14
2021-04-23,pl1s,1,0.36803907293591676,14
2021-04-26,pl1s,1,0.3501994813493289,14
2021-04-26,si1s,0,0.053873391534156316,14
2021-04-27,pl1s,0,0.3664802860225841,14
2021-04-27,si1s,1,0.15064790460979732,14
2021-04-28,si1s,0,0.07036796985757586,14
2021-04-28,pl1s,0,0.39325502493213155,14
2021-04-29,pl1s,1,0.6001843924076243,14
2021-04-29,si1s,0,0.13432116421804155,14
2021-04-30,si1s,1,0.1612859909079667,14
2021-04-30,pl1s,1,0.7023580004467997,14
2021-05-03,si1s,1,0.20562625314922087,14
2021-05-03,pl1s,1,0.6379233986600338,14
2021-05-04,pl1s,0,0.510407174458826,14
2021-05-04,si1s,1,0.18177124243032833,14
2021-05-05,pl1s,1,0.605204003069049,14
2021-05-05,si1s,1,0.21601569810481652,14
2021-05-06,si1s,0,0.2547901789915946,14
2021-05-06,pl1s,0,0.5597792167876328,14
2021-05-07,gc1s,0,0.2680205246744611,14
2021-05-07,si1s,0,0.15022872000954485,14
2021-05-07,pl1s,1,0.6805677501511199,14
2021-05-10,si1s,0,0.2307344175098017,14
2021-05-10,pl1s,0,0.7075236562022612,14
2021-05-11,pl1s,0,0.6942955808826751,14
2021-05-11,si1s,1,0.29038123936027005,14
2021-05-12,si1s,0,0.2940070259347295,14
2021-05-12,pl1s,0,0.7050331602754295,14
2021-05-12,gc1s,1,0.33623071470177435,14
2021-05-13,si1s,0,0.14608656051277794,14
2021-05-13,pl1s,1,0.7545182729090978,14
2021-05-13,gc1s,1,0.36215255555154535,14
2021-05-14,pl1s,1,0.7578685688453404,14
2021-05-14,si1s,0,0.117886308099859,14
2021-05-17,pl1s,0,0.6401108263539771,14
2021-05-17,gc1s,1,0.2553923917594464,14
2021-05-17,si1s,1,0.1959125646855946,14
2021-05-18,pl1s,0,0.7154604923021682,14
2021-05-18,si1s,1,0.18575565807823136,14
2021-05-18,gc1s,1,0.22417343496112888,14
2021-05-19,pl1s,1,0.7119331816710656,14
2021-05-19,gc1s,0,0.1745637580478552,14
2021-05-19,si1s,1,0.15705378937935144,14
2021-05-20,si1s,1,0.13190786668301097,14
2021-05-20,pl1s,0,0.7043409066128941,14
2021-05-20,gc1s,0,0.17660572479935008,14
2021-05-21,pl1s,1,0.8929829491121628,14
2021-05-21,si1s,0,0.13572389154960512,14
2021-05-24,si1s,0,0.24801721078799016,14
2021-05-24,pl1s,1,0.6759451369130027,14
2021-05-25,si1s,0,0.2004779932644449,14
2021-05-25,pl1s,1,0.6563688593683107,14
2021-05-26,pl1s,0,0.6421669038528577,14
2021-05-27,pl1s,1,0.6738748069269888,14
2021-05-28,gc1s,0,0.1551900585328088,14
2021-05-28,pl1s,1,0.6369492293477358,14
2021-05-28,si1s,0,0.1332150235574688,14
2021-06-01,gc1s,0,0.29580040866751883,14
2021-06-01,si1s,0,0.18837727925693618,14
2021-06-01,pl1s,0,0.7520955187452802,14
2021-06-02,si1s,1,0.17408089969900004,14
2021-06-02,pl1s,0,0.6886747637532468,14
2021-06-03,pl1s,1,0.8133104174737085,14
2021-06-03,si1s,1,0.268178516407519,14
2021-06-04,pl1s,1,0.8281958395186181,14
2021-06-07,pl1s,0,0.6637845730374123,14
2021-06-08,pl1s,0,0.5132627881978034,14
2021-06-08,si1s,0,0.1003797882413845,14
2021-06-09,pl1s,0,0.5157378676294461,14
2021-06-09,si1s,0,0.1449830022503895,14
2021-06-10,si1s,0,0.1032598505785634,14
2021-06-11,pl1s,1,0.49964610943001925,14
2021-06-11,si1s,1,0.13054727340323158,14
2021-06-14,si1s,1,0.194119558550926,14
2021-06-14,pl1s,0,0.4422888391665038,14
2021-06-15,si1s,0,0.1367230540135958,14
2021-06-15,pl1s,0,0.528955707526589,14
2021-06-16,si1s,1,0.19209927166952384,14
2021-06-16,pl1s,0,0.6920643167666,14
2021-06-17,si1s,1,0.666186163265058,14
2021-06-17,pl1s,0,0.8563345099405768,14
2021-06-18,pl1s,1,0.808070655342413,14
2021-06-18,si1s,1,0.6096437817113853,14
2021-06-21,si1s,0,0.47777781992522506,14
2021-06-21,pl1s,1,0.7371940920564093,14
2021-06-22,si1s,1,0.344597600792606,14
2021-06-22,pl1s,1,0.7630432421782503,14
2021-06-23,pl1s,1,0.5837781215666816,14
2021-06-23,si1s,0,0.2914534400115853,14
2021-06-24,si1s,0,0.26969566375089193,14
2021-06-25,si1s,0,0.4173408721671353,14
2021-06-28,si1s,0,0.3367186464931649,14
2021-06-29,pl1s,1,0.5734169737427657,14
2021-06-29,si1s,1,0.44579911633605757,14
2021-06-30,si1s,0,0.4061545268072182,14
2021-06-30,pl1s,1,0.5795746193896509,14
2021-07-01,si1s,1,0.5237946990235209,14
2021-07-01,pl1s,1,0.76216676230585,14
2021-07-02,pl1s,0,0.7543265394127351,14
2021-07-02,si1s,1,0.2303057287353634,14
2021-07-06,pl1s,0,0.7423483445628667,14
2021-07-06,si1s,0,0.3792925329085063,14
2021-07-07,pl1s,0,0.7429274474408238,14
2021-07-08,si1s,1,0.3459506442375853,14
2021-07-08,pl1s,1,0.7955122878234256,14
2021-07-09,si1s,0,0.30611647218104526,14
2021-07-09,pl1s,1,0.8507851110678408,14
2021-07-12,si1s,0,0.43272613726616627,14
2021-07-12,pl1s,0,0.8590373359325432,14
2021-07-13,si1s,0,0.4023959874868393,14
2021-07-13,pl1s,1,0.8289001328672239,14
2021-07-14,pl1s,1,0.873133720391897,14
2021-07-15,si1s,1,0.41470901479196476,14
2021-07-15,pl1s,0,0.870982876165436,14
2021-07-16,si1s,1,0.4692425659436546,14
2021-07-16,pl1s,0,0.825753724112513,14
2021-07-19,si1s,0,0.3900704085373033,14
2021-07-19,pl1s,0,0.6614619012912324,14
2021-07-20,si1s,1,0.5466905198374874,14
2021-07-20,pl1s,1,0.7277632914949096,14
2021-07-21,pl1s,1,0.7259634912288119,14
2021-07-21,si1s,0,0.48712434542034877,14
2021-07-22,pl1s,0,0.6292697893809563,14
2021-07-22,si1s,0,0.5053252396392296,14
2021-07-23,si1s,0,0.5379988592666889,14
2021-07-23,pl1s,1,0.8856223547028332,14
2021-07-26,pl1s,0,0.86502042233567,14
2021-07-26,si1s,0,0.6065835154602844,14
2021-07-27,si1s,1,0.5384557616842843,14
2021-07-27,pl1s,1,0.8739789720442959,14
2021-07-28,si1s,1,0.343447580376139,14
2021-07-28,pl1s,1,0.7599153051716554,14
2021-07-29,pl1s,0,0.8544507931008132,14
2021-07-29,si1s,0,0.3942312243659101,14
2021-07-30,si1s,0,0.29722770330261084,14
2021-07-30,pl1s,1,0.8884510140608112,14
2021-08-02,pl1s,0,0.8144609189471456,14
2021-08-02,si1s,0,0.33145771392993395,14
2021-08-03,gc1s,1,0.4881232502223921,14
2021-08-03,si1s,0,0.4176145263352132,14
2021-08-03,pl1s,0,0.8179025754257522,14
2021-08-04,gc1s,1,0.6698975892796756,14
2021-08-04,si1s,0,0.4288162500745501,14
2021-08-04,pl1s,0,0.8546988275653326,14
2021-08-05,si1s,0,0.40450897004841185,14
2021-08-06,si1s,0,0.700718033436364,14
2021-08-09,gc1s,1,0.9251327516721851,14
2021-08-09,si1s,0,0.708767812113196,14
2021-08-09,pl1s,1,0.8806979605775421,14
2021-08-10,pl1s,1,0.8800103789814198,14
2021-08-10,si1s,0,0.5570115903646085,14
2021-08-10,gc1s,1,0.9254409075553902,14
2021-08-11,si1s,0,0.5303485047574278,14
2021-08-11,gc1s,1,0.9265863057381254,14
2021-08-11,pl1s,1,0.8495536995095962,14
2021-08-12,si1s,1,0.6839399817048035,14
2021-08-12,gc1s,1,0.9000354139556233,14
2021-08-13,si1s,0,0.4171628503719391,14
2021-08-16,si1s,0,0.6211453824692746,14
2021-08-16,pl1s,0,0.6958052705737409,14
2021-08-17,si1s,0,0.5932824526512476,14
2021-08-17,pl1s,1,0.6985859183284494,14
2021-08-18,pl1s,0,0.6021850038177586,14
2021-08-18,si1s,0,0.49964884666109144,14
2021-08-19,pl1s,1,0.6686293848117572,14
2021-08-19,si1s,0,0.530550457626885,14
2021-08-20,si1s,1,0.7326536145135971,14
2021-08-20,pl1s,1,0.7413583215549705,14
2021-08-23,si1s,1,0.7481237129588554,14
2021-08-23,pl1s,0,0.6302275234935085,14
2021-08-24,si1s,0,0.7425818339664051,14
2021-08-24,pl1s,1,0.5113102179927631,14
2021-08-25,pl1s,0,0.6798545420877725,14
2021-08-25,si1s,0,0.7601842153409936,14
2021-08-26,pl1s,1,0.6599325408650337,14
2021-08-26,si1s,1,0.8855987468628874,14
2021-08-27,pl1s,0,0.5948240051542132,14
2021-08-27,si1s,0,0.6072163857890774,14
2021-08-30,si1s,0,0.53781188361515,14
2021-08-30,pl1s,1,0.5784365135393792,14
2021-08-31,si1s,0,0.4464496718048261,14
2021-08-31,pl1s,0,0.48890090694393223,14
2021-09-01,si1s,0,0.40508307838584034,14
2021-09-01,pl1s,0,0.4692880499861957,14
2021-09-02,si1s,0,0.31717571599688016,14
2021-09-02,pl1s,1,0.5248127294362733,14
2021-09-03,si1s,1,0.1333695999196231,14
2021-09-03,pl1s,0,0.5223240772738287,14
2021-09-07,pl1s,0,0.5031795660263748,14
2021-09-07,si1s,1,0.1642044564701938,14
2021-09-08,si1s,0,0.18315132220219163,14
2021-09-08,pl1s,0,0.5954725610706181,14
2021-09-09,pl1s,0,0.6466577040404924,14
2021-09-09,si1s,1,0.1513800504655316,14
2021-09-10,pl1s,1,0.7180527718371426,14
2021-09-10,si1s,0,0.2216551016166612,14
2021-09-13,pl1s,0,0.4239793112814201,14
2021-09-13,si1s,0,0.2043924193265174,14
2021-09-14,si1s,0,0.12063275684408256,14
2021-09-14,pl1s,0,0.5069986739512299,14
2021-09-15,pl1s,0,0.5476347668046743,14
2021-09-15,si1s,0,0.1333629079643719,14
2021-09-16,si1s,0,0.3295545308860076,14
2021-09-16,pl1s,1,0.735050872417813,14
2021-09-17,si1s,0,0.3238917851844886,14
2021-09-17,pl1s,0,0.7655202681111635,14
2021-09-20,si1s,1,0.3430916319023007,14
2021-09-20,gc1s,0,0.34603952915518665,14
2021-09-20,pl1s,1,0.7486757712944944,14
2021-09-21,si1s,1,0.33280826791476226,14
2021-09-21,gc1s,0,0.3914486515191709,14
2021-09-21,pl1s,1,0.46112922543339757,14
2021-09-22,si1s,0,0.35456911624090215,14
2021-09-22,pl1s,0,0.5325793737779397,14
2021-09-22,gc1s,0,0.3258385555376778,14
2021-09-23,pl1s,0,0.6886298672399119,14
2021-09-23,gc1s,0,0.6295204367666595,14
2021-09-23,si1s,0,0.37706045496192403,14
2021-09-24,gc1s,0,0.47104154164280887,14
2021-09-24,si1s,0,0.4812725385447983,14
2021-09-27,si1s,0,0.6169036870441206,14
2021-09-27,gc1s,0,0.41752810866668966,14
2021-09-27,pl1s,0,0.39093224205861726,14
2021-09-28,si1s,0,0.5748806411180098,14
2021-09-28,pl1s,0,0.36771472435297964,14
2021-09-28,gc1s,0,0.44814890639340565,14
2021-09-29,si1s,1,0.5907505286447678,14
2021-09-29,pl1s,1,0.37774583379870885,14
2021-09-29,gc1s,1,0.5134396801094548,14
2021-09-30,si1s,1,0.6170790173073333,14
2021-09-30,pl1s,1,0.5247261796504243,14
2021-10-01,pl1s,0,0.3790643740586373,14
2021-10-04,pl1s,0,0.3311687134505106,14
