auc_mean,auc_std,logloss_mean,logloss_std,brier_mean,brier_std,n_folds
0.5007853426975093,0.10914085637717492,0.7323470690315672,0.04417132917320209,0.26732211752219565,0.018787853455599943,15
