instrument,auc_mean,auc_std,logloss,brier,n_events
rb1s,0.4740690697364327,0.10544008454422626,0.7323470690315673,0.26732211752219565,3000
