auc_mean,auc_std,logloss_mean,logloss_std,brier_mean,brier_std,n_folds
0.480287687669165,0.06730520001308546,0.7159360878883755,0.02549721751810994,0.26082188016083374,0.012035270333049106,15
