instrument,auc_mean,auc_std,logloss,brier,n_events
si1s,0.45946143313555454,0.06502300069115037,0.7159634161752678,0.26083520863121745,2755
