auc_mean,auc_std,logloss_mean,logloss_std,brier_mean,brier_std,n_folds
0.4933986908201317,0.0671738716916082,1.0378298774309234,0.18889635246950556,0.3324148607619055,0.044082340607381545,15
