instrument,auc_mean,auc_std,logloss,brier,n_events
nq1s,0.48979749947233153,0.0648961254788856,1.0378298774309231,0.3324148607619055,2880
