auc_mean,auc_std,logloss_mean,logloss_std,brier_mean,brier_std,n_folds
0.5419899889897979,0.1120485208052733,0.6958642771206651,0.01698630064878785,0.2513553330251275,0.008321621149106345,15
