instrument,auc_mean,auc_std,logloss,brier,n_events
nq1s,0.5126099102342848,0.10824915525616408,0.6958642771206652,0.2513553330251275,2880
