auc_mean,auc_std,logloss_mean,logloss_std,brier_mean,brier_std,n_folds
0.5794022908840024,0.13062033302481635,1.1606687408064664,1.0627858629529257,0.2936002169864932,0.0978422276786032,15
