instrument,auc_mean,auc_std,logloss,brier,n_events
ng1s,0.5741459276018099,0.12619123043835626,1.1606687408064664,0.2936002169864932,600
