auc_mean,auc_std,logloss_mean,logloss_std,brier_mean,brier_std,n_folds
0.5572430398134931,0.10108182466513695,0.7101339815140081,0.0332340366905139,0.25705830605201824,0.014201130177423802,15
