instrument,auc_mean,auc_std,logloss,brier,n_events
rb1s,0.5365280679141295,0.0976543202276509,0.7101339815140079,0.25705830605201824,3000
