auc_mean,auc_std,logloss_mean,logloss_std,brier_mean,brier_std,n_folds
0.562974125767158,0.068647762703246,1.3061769058420916,0.8469697295872598,0.3346655415958702,0.059357558396674254,15
