instrument,auc_mean,auc_std,logloss,brier,n_events
es1s,0.5456780646033248,0.06632003947438331,1.3071025377442094,0.3347285552044494,2735
