auc_mean,auc_std,logloss_mean,logloss_std,brier_mean,brier_std,n_folds
0.6079175494493694,0.1026565437351796,0.7878535603420403,0.23471605158888964,0.24509129820242068,0.034210105022536304,15
