auc_mean,auc_std,logloss_mean,logloss_std,brier_mean,brier_std,n_folds
0.6171532876873483,0.09141566449644978,0.7906651929378223,0.26386731175689376,0.2634173106126939,0.04094281958498947,15
