instrument,auc_mean,auc_std,logloss,brier,n_events
rb1s,0.6062822792124094,0.08831592231475385,0.7906651929378223,0.26341731061269386,3000
