auc_mean,auc_std,logloss_mean,logloss_std,brier_mean,brier_std,n_folds
0.6419402140014222,0.10774003927641422,1.0056668652668779,0.5594097038210492,0.27087623428018875,0.07837588141190704,15
