instrument,auc_mean,auc_std,logloss,brier,n_events
cl1s,0.5970679999999999,0.10408676665358439,1.0032664204183903,0.27064629033462323,2025
